Date,TTE.PA,SGO.PA,ORA.PA,DSY.PA,GLE.PA,ENGI.PA,SU.PA,MC.PA,EL.PA,AI.PA,ACA.PA,RI.PA,CS.PA,SAF.PA,PUB.PA,SAN.PA,DG.PA,CAP.PA,AIR.PA,BNP.PA,STMPA.PA,KER.PA,OR.PA,LR.PA,BN.PA,STLAP.PA,ML.PA,VIE.PA,RMS.PA,HO.PA
2014-01-02,43.75,38.94,8.727,9.011,41.52,16.715,62.26,131.25,74.692,61.053,8.902,81.34,19.715,50.29,67.12,74.811,47.375,48.62,56.55,55.54,5.74,142.995,125.6,39.76,51.46,6.527,19.02,11.146,261.8,46.915
2014-01-03,43.88,39.13,8.839,9.025,41.325,16.745,62.31,131.0,75.22,61.416,8.828,81.72,19.79,51.2,66.6,75.846,47.67,49.105,56.4,55.68,5.786,142.391,126.55,39.64,51.68,6.413,19.005,11.208,262.85,47.665
2014-01-06,43.5,38.945,8.874,8.998,41.71,16.545,62.59,128.55,75.964,60.176,8.956,80.43,19.75,51.59,65.15,75.945,47.745,49.85,55.43,55.77,5.758,140.811,125.4,39.475,51.18,6.479,18.885,11.281,257.65,47.325
2014-01-07,43.97,39.14,9.124,8.956,43.39,16.75,61.9,127.65,76.424,59.239,9.5,79.77,20.25,51.36,65.56,75.856,48.2,49.785,55.91,57.37,5.672,140.346,126.1,38.91,51.82,6.413,18.875,11.411,253.95,47.21
2014-01-08,43.545,39.08,9.14,8.957,44.68,16.85,61.57,125.8,79.526,59.735,9.607,80.01,20.39,51.13,65.02,74.921,48.735,50.74,55.35,58.19,5.594,138.673,123.75,38.935,51.17,6.261,19.225,11.464,251.15,46.97
2014-01-09,43.345,39.165,9.183,8.739,44.57,16.72,61.71,122.95,80.524,59.402,9.54,80.06,20.18,51.1,65.86,74.036,47.965,49.8,54.71,57.22,5.443,133.143,122.15,38.9,50.8,6.413,19.375,11.372,252.55,47.145
2014-01-10,43.585,40.365,9.469,8.741,44.0,16.775,62.89,125.8,80.69,59.838,9.574,79.66,20.225,51.5,66.16,73.608,48.055,50.91,55.28,57.36,5.585,135.327,123.45,38.445,51.27,6.384,19.462,11.478,249.5,47.725
2014-01-13,43.055,41.13,9.526,8.631,44.945,16.77,63.25,126.35,79.653,59.614,9.822,81.51,20.15,51.53,65.13,72.802,48.2,51.55,55.78,57.95,5.763,135.095,122.85,38.55,51.32,6.489,19.692,11.845,247.25,47.195
2014-01-14,43.67,41.07,9.533,8.672,44.61,16.885,63.13,126.25,79.536,59.305,9.875,81.12,20.095,52.46,65.75,73.737,47.605,51.49,56.1,57.74,5.827,135.838,122.45,38.32,51.61,6.441,19.782,11.97,245.05,47.6
2014-01-15,43.905,41.5,9.685,8.707,46.23,17.15,64.04,128.7,80.191,59.523,10.207,80.76,20.5,53.61,67.69,74.513,48.81,51.71,56.64,59.56,5.93,139.463,122.6,39.025,51.72,6.584,20.042,11.97,245.85,48.45
2014-01-16,43.7,41.12,9.625,8.691,45.19,17.01,65.0,126.65,79.546,59.511,10.121,82.54,20.15,53.25,67.49,74.612,49.125,50.78,56.99,58.5,5.896,140.625,125.75,40.91,51.12,6.802,20.028,11.753,242.85,48.41
2014-01-17,44.105,41.02,9.671,8.716,44.85,17.345,65.35,126.7,77.677,59.735,9.957,82.2,20.14,53.39,67.55,75.11,48.745,51.77,57.03,57.72,5.732,141.461,125.15,41.15,50.69,7.02,20.3,11.753,244.0,48.95
2014-01-20,44.385,40.895,9.696,8.79,44.4,17.435,65.61,127.5,77.579,59.62,9.88,81.28,19.885,53.45,67.09,75.07,49.005,51.5,57.01,57.61,5.767,141.601,124.3,41.15,51.06,6.878,20.222,11.724,247.15,48.93
2014-01-21,44.155,40.77,9.481,8.775,44.55,17.055,65.21,129.0,78.489,59.704,9.817,84.25,19.93,53.73,67.44,75.239,48.71,52.1,57.0,58.7,5.76,141.787,125.65,40.6,52.11,7.134,20.36,11.695,246.15,49.225
2014-01-22,44.295,40.565,9.361,8.825,44.63,17.0,64.12,127.95,78.782,59.559,9.764,84.56,19.88,54.18,67.0,75.488,48.71,53.1,57.1,58.78,5.871,142.437,127.75,39.99,52.98,7.001,20.045,11.922,245.65,49.08
2014-01-23,43.92,40.0,9.42,8.86,44.48,16.95,62.6,125.45,77.921,59.13,9.813,84.45,19.46,53.54,66.1,74.772,48.405,52.62,54.9,58.48,5.767,140.532,127.1,39.465,52.22,7.21,19.8,11.864,244.45,48.8
2014-01-24,42.88,39.09,9.178,8.67,42.8,16.575,60.71,124.2,75.945,57.467,9.63,84.5,18.73,52.25,64.81,71.639,47.775,51.08,52.78,56.67,5.633,138.487,124.9,39.605,50.81,7.058,19.405,11.57,240.75,47.62
2014-01-27,42.375,38.805,9.07,8.687,42.815,16.38,60.17,123.25,75.064,57.176,9.607,82.84,18.72,52.28,64.41,71.838,48.2,51.04,52.76,57.0,5.651,135.095,123.1,39.465,50.86,6.916,19.375,11.353,233.6,47.615
2014-01-28,42.745,39.38,9.035,8.646,43.425,16.375,60.8,124.1,75.455,56.953,9.827,82.2,19.465,53.6,65.67,71.818,49.355,51.3,54.83,58.22,5.812,136.21,123.3,39.585,50.26,7.115,19.675,11.368,235.05,47.85
2014-01-29,42.36,38.895,9.037,8.83,43.235,16.255,60.25,123.35,74.702,56.759,9.683,82.94,19.13,52.99,65.41,71.012,48.76,51.3,53.56,58.0,5.855,136.303,121.7,39.34,49.66,6.83,19.675,11.266,234.0,47.78
2014-01-30,42.885,38.87,9.173,8.893,42.93,16.515,60.16,122.5,73.821,56.59,9.745,79.5,19.65,52.93,66.29,72.981,48.955,51.36,53.2,58.28,6.105,134.63,121.1,39.375,49.435,7.049,19.708,11.435,226.9,48.35
2014-01-31,42.34,38.965,9.176,8.791,42.08,16.385,59.89,132.15,72.931,56.366,9.617,79.64,19.5,52.76,65.78,72.404,48.565,50.57,52.61,57.45,6.087,137.604,122.0,39.385,49.005,6.944,19.58,11.242,236.25,48.325
2014-02-03,41.765,37.97,8.94,8.755,40.98,16.345,58.9,129.6,73.704,56.179,9.335,79.7,18.73,52.78,65.04,71.977,47.475,50.58,51.98,55.75,5.936,137.0,121.8,39.16,49.325,6.811,19.407,11.286,237.45,47.99
2014-02-04,41.635,38.58,8.885,8.806,42.225,16.33,59.07,130.15,73.048,56.366,9.581,79.36,18.94,52.14,64.51,71.161,48.205,50.78,52.16,56.81,5.987,135.699,120.75,38.855,48.7,6.84,19.395,11.31,235.5,47.425
2014-02-05,41.88,38.37,8.86,8.707,42.62,16.525,59.16,130.35,73.665,56.554,9.697,79.87,18.755,52.25,65.07,70.913,47.97,50.64,51.12,57.4,5.967,135.466,120.85,38.575,48.825,6.773,19.288,11.397,235.45,46.68
2014-02-06,42.685,39.515,9.046,8.072,43.56,16.775,60.4,133.7,73.831,57.261,9.88,81.58,19.175,52.9,66.22,69.023,50.6,52.06,52.2,58.73,6.038,137.418,123.5,39.01,49.825,6.735,19.75,11.474,239.75,47.845
2014-02-07,43.175,40.36,9.155,8.034,43.895,16.985,60.83,134.2,74.516,58.362,9.952,81.91,19.405,53.72,66.88,70.346,51.06,52.2,52.51,59.51,6.038,137.093,123.5,39.72,49.6,6.735,19.972,11.464,241.0,48.465
2014-02-10,42.945,39.74,9.037,8.007,43.925,16.95,60.8,133.5,75.123,59.112,9.899,82.88,19.395,53.27,66.81,71.599,50.74,52.67,52.45,59.01,6.151,138.673,129.0,39.99,50.03,6.84,20.25,11.56,241.0,48.08
2014-02-11,43.585,40.33,9.11,8.193,44.265,17.005,62.31,134.5,75.387,59.632,10.0,83.03,19.72,53.95,67.55,71.649,51.97,53.32,53.6,60.34,6.17,144.993,124.8,40.675,50.3,6.859,20.917,11.715,242.55,48.455
2014-02-12,44.0,40.995,9.121,8.284,46.35,17.06,62.59,133.85,74.369,59.65,10.164,83.22,19.82,53.66,65.74,72.186,51.99,53.74,53.24,60.85,6.163,143.227,123.05,40.69,50.04,6.925,21.78,11.7,240.65,49.04
2014-02-13,44.0,41.01,9.192,8.308,46.77,17.175,62.79,133.4,75.191,60.188,10.198,84.87,19.95,53.59,66.8,71.937,52.23,54.25,52.13,59.3,6.122,141.787,123.45,42.525,50.44,6.935,21.77,11.618,241.4,48.745
2014-02-14,44.44,40.87,9.231,8.397,47.2,17.43,63.05,134.8,75.445,60.479,10.318,84.12,20.09,54.41,68.17,72.822,52.58,54.1,53.2,58.75,6.225,141.554,122.95,42.33,50.36,7.134,21.74,11.7,241.05,48.69
2014-02-17,44.29,40.7,9.226,8.418,47.155,17.425,63.0,135.2,75.543,60.073,10.395,84.77,20.01,54.27,68.32,72.613,52.44,54.33,52.7,58.45,6.251,142.948,122.3,43.125,50.47,7.115,21.8,11.869,240.45,47.845
2014-02-18,44.44,40.815,9.303,8.376,47.08,17.38,63.51,135.75,75.25,59.336,10.39,84.74,19.95,53.81,68.4,72.812,52.72,53.81,52.98,58.38,6.245,142.205,121.9,43.355,50.38,7.067,21.558,11.859,238.15,47.2
2014-02-19,44.43,41.225,9.34,8.376,46.8,17.735,63.61,136.25,76.101,59.717,10.602,85.89,19.79,53.51,68.66,73.081,52.3,53.9,52.84,58.38,6.142,141.554,122.1,43.41,50.96,7.039,21.57,11.864,237.3,46.92
2014-02-20,44.89,41.225,9.384,8.379,46.72,17.885,65.39,137.15,75.191,59.62,10.761,85.56,19.55,52.43,67.83,73.17,52.12,56.31,52.57,58.52,6.06,144.064,122.55,43.245,51.7,7.2,21.875,12.235,236.45,47.655
2014-02-21,45.6,42.78,9.434,8.475,47.29,18.005,65.89,137.45,75.367,59.674,10.679,85.85,19.615,52.0,67.62,73.598,53.01,56.06,52.38,58.63,6.092,140.764,122.05,43.86,50.95,7.115,22.228,12.428,238.7,47.75
2014-02-24,46.235,43.675,9.613,8.513,47.95,18.025,65.72,138.75,76.904,60.019,10.833,86.59,19.635,50.93,68.87,74.244,53.66,56.68,53.07,59.34,6.155,142.902,123.25,44.47,50.94,7.143,22.188,12.496,240.0,48.495
2014-02-25,46.405,43.45,9.63,8.454,47.535,17.775,65.51,137.35,77.432,60.092,10.829,86.46,19.375,50.7,69.06,74.115,53.95,57.32,53.11,59.5,6.195,142.112,125.2,44.465,51.38,7.181,22.185,12.476,235.75,48.75
2014-02-26,46.555,42.91,9.305,8.348,47.86,17.555,64.03,135.15,77.168,59.946,10.848,86.62,19.075,49.54,68.62,74.951,53.51,56.51,53.97,59.04,6.494,139.045,123.55,44.46,51.43,7.295,22.208,12.293,235.3,48.75
2014-02-27,46.34,43.165,9.2,8.265,48.2,18.615,64.68,135.6,74.692,60.019,11.04,85.46,18.91,49.865,68.02,74.921,54.19,56.22,53.78,59.15,6.491,137.837,122.6,44.855,51.32,7.2,21.927,13.306,232.15,48.615
2014-02-28,47.03,43.5,9.069,8.328,48.375,18.59,64.75,134.85,74.036,60.333,11.093,85.29,18.94,51.01,68.8,74.921,54.13,56.73,53.39,59.46,6.569,138.115,122.75,44.93,51.18,7.2,22.142,13.219,233.5,48.1
2014-03-03,46.22,41.47,8.853,8.247,45.75,18.225,63.86,131.05,71.502,58.852,10.674,83.7,18.35,50.51,67.05,72.991,52.43,55.08,51.7,57.27,6.425,135.745,120.7,43.995,49.89,7.115,21.81,12.925,230.7,47.555
2014-03-04,47.02,42.74,9.087,8.379,47.3,18.71,65.57,133.15,72.265,60.539,11.036,84.5,18.89,51.13,67.71,75.388,53.66,55.83,53.36,59.09,6.6,138.441,123.2,44.54,51.25,7.333,22.545,13.277,231.85,48.37
2014-03-05,46.925,42.83,9.165,8.331,47.68,18.88,65.45,132.25,71.61,60.273,11.223,83.34,18.86,50.0,67.31,74.851,54.16,56.44,52.75,59.36,6.649,135.606,121.5,44.235,50.71,7.589,22.52,13.455,230.9,47.945
2014-03-06,47.06,43.175,10.13,8.408,47.505,19.04,65.01,131.65,72.128,59.753,11.349,84.18,18.91,49.74,67.89,75.199,53.96,56.95,52.96,59.5,6.66,135.745,121.5,44.1,50.71,7.732,23.335,13.494,232.3,47.0
2014-03-07,46.14,42.4,10.235,8.41,46.91,18.745,64.4,131.65,71.668,59.584,11.036,84.15,18.65,49.2,68.0,74.493,53.26,56.16,51.31,58.47,6.725,134.723,120.5,43.99,50.53,7.589,22.675,13.744,230.15,46.5
2014-03-10,46.5,42.905,10.675,8.409,47.025,18.915,64.75,131.35,71.668,59.692,11.141,84.2,18.645,48.205,66.31,74.682,53.58,55.85,50.49,58.71,6.757,134.398,120.1,43.75,50.4,7.608,22.343,13.788,231.35,46.385
2014-03-11,46.385,42.29,10.595,8.401,46.45,19.28,64.0,130.9,71.502,59.571,11.214,83.95,18.515,48.235,65.77,73.638,53.64,55.68,50.36,58.05,6.716,132.678,120.3,43.63,50.33,7.257,22.09,13.768,235.85,46.9
2014-03-12,46.24,42.03,10.555,8.336,46.005,19.235,62.47,129.0,70.308,58.912,11.084,81.92,18.355,47.38,65.29,72.404,53.73,55.35,50.1,57.46,6.666,131.47,118.65,43.475,49.575,7.333,21.892,13.735,234.05,46.35
2014-03-13,45.715,41.42,10.3,8.312,44.985,18.965,61.6,128.25,69.809,58.059,10.906,81.59,18.045,47.0,64.82,71.35,53.05,54.55,50.11,56.44,6.605,129.332,116.5,43.585,49.485,7.532,21.69,13.566,233.15,47.0
2014-03-14,46.0,41.1,10.115,8.356,44.0,18.87,61.19,126.75,69.584,57.533,10.655,81.54,17.73,46.835,64.06,70.913,52.37,53.65,49.96,55.26,6.534,127.659,116.8,43.335,49.38,7.305,21.802,13.426,231.45,46.92
2014-03-17,46.475,41.585,10.18,8.36,44.34,19.18,63.26,128.0,70.044,57.812,10.915,81.16,18.1,47.955,64.74,71.947,53.13,54.48,50.36,56.62,6.717,129.193,116.95,43.86,49.75,7.475,22.205,13.662,232.75,47.595
2014-03-18,47.325,42.215,10.205,8.444,45.045,19.7,63.07,129.1,70.797,58.338,11.04,81.56,18.33,48.325,65.11,72.245,53.65,55.7,50.55,57.66,6.729,130.076,116.7,43.99,49.88,7.475,22.642,13.629,234.6,47.35
2014-03-19,47.29,42.135,10.145,8.384,44.89,19.71,63.0,128.3,71.365,57.957,11.247,80.8,18.315,49.085,64.39,72.802,53.3,55.11,51.33,56.65,6.727,129.75,116.75,44.325,49.96,7.513,22.64,13.653,237.5,47.11
2014-03-20,47.24,42.24,10.22,8.41,45.275,19.63,63.54,129.3,72.265,58.12,11.166,80.39,19.035,49.965,64.3,72.842,53.7,55.02,52.5,56.88,6.852,130.68,116.35,44.405,49.435,7.494,22.433,13.73,236.9,47.47
2014-03-21,47.565,41.99,10.225,8.425,44.705,19.515,64.46,128.95,72.314,59.027,10.8,80.93,18.89,50.37,64.75,74.105,53.06,54.01,51.9,56.98,6.865,130.494,115.4,44.385,49.42,7.589,22.375,13.72,239.0,47.24
2014-03-24,46.33,42.0,10.03,8.382,43.42,19.385,63.16,128.45,71.199,58.338,10.814,81.1,18.515,50.2,63.94,73.17,52.42,53.15,51.18,55.94,6.699,130.355,115.2,44.0,49.785,7.637,22.21,13.821,238.6,46.425
2014-03-25,46.8,42.8,10.225,8.427,43.74,19.73,64.74,131.3,71.208,59.19,10.949,81.7,18.865,50.73,64.25,74.821,53.5,54.79,52.01,56.87,6.725,134.072,116.9,44.69,51.6,7.542,22.29,14.005,239.95,46.995
2014-03-26,47.5,43.555,10.27,8.486,44.275,19.705,65.34,132.55,71.385,59.571,10.934,83.51,19.215,50.33,65.79,75.209,53.71,56.22,52.86,56.48,6.816,138.58,118.2,45.5,52.27,7.494,22.763,14.048,241.1,48.0
2014-03-27,47.89,43.42,10.435,8.483,43.965,19.705,64.63,132.9,71.659,59.559,10.906,84.03,19.16,50.31,65.26,74.702,54.04,55.91,52.2,55.68,6.776,136.768,118.7,45.38,51.91,7.637,22.647,13.802,241.05,47.795
2014-03-28,48.03,43.65,10.71,8.566,44.555,19.96,64.45,133.75,72.461,59.904,10.973,84.96,19.105,50.19,65.57,75.388,54.29,55.18,52.6,56.1,6.73,137.465,119.95,45.03,52.15,7.684,22.843,14.019,242.15,48.045
2014-03-31,47.6,43.85,10.72,8.504,44.705,19.86,64.35,131.95,71.629,59.463,11.021,84.5,18.865,50.29,65.58,75.269,53.91,54.95,51.99,55.99,6.724,137.604,119.7,45.095,51.33,8.035,22.695,13.846,241.6,48.13
2014-04-01,47.885,45.36,10.75,8.51,46.67,19.83,64.46,134.3,71.844,59.275,11.474,84.38,19.03,50.53,64.57,74.662,54.52,53.66,52.87,57.5,6.729,137.604,119.25,45.16,51.06,8.301,23.073,14.072,242.55,49.21
2014-04-02,47.84,44.94,10.755,8.527,46.85,19.735,65.04,134.2,72.021,59.287,11.358,84.16,19.32,49.965,64.31,74.583,54.04,53.36,52.49,57.97,6.787,137.929,119.55,45.58,51.25,8.121,22.907,14.125,243.25,49.22
2014-04-03,48.0,45.765,10.815,8.508,47.39,19.71,65.08,133.55,72.05,59.299,11.45,83.16,19.48,51.16,65.26,75.378,54.23,53.25,53.12,58.62,6.777,138.069,119.1,45.655,51.31,8.187,22.87,13.874,243.6,49.315
2014-04-04,48.685,46.0,10.835,8.518,47.645,19.605,65.85,133.65,72.412,59.965,11.531,84.21,19.52,51.59,64.84,75.438,54.75,54.03,54.0,59.38,6.704,137.093,119.55,46.08,51.59,8.187,23.038,13.879,242.3,49.86
2014-04-07,47.91,45.375,10.66,8.466,46.32,19.805,64.15,133.45,72.216,59.571,11.3,84.45,19.04,50.05,63.32,74.622,53.95,53.19,53.32,58.25,6.67,135.374,118.7,45.52,51.73,8.329,22.942,14.091,243.05,49.02
2014-04-08,48.3,44.0,10.71,8.516,45.525,19.96,64.76,135.05,72.422,59.94,11.016,84.03,18.7,48.34,62.25,75.706,53.91,52.4,51.35,57.62,6.56,134.305,118.4,44.81,52.96,8.168,22.495,13.952,243.85,48.025
2014-04-09,48.64,44.0,10.88,8.511,45.09,19.93,65.68,136.45,72.314,59.541,11.18,85.23,18.69,48.815,63.33,76.035,54.4,52.81,51.02,56.9,6.673,139.37,118.35,45.22,52.94,8.434,22.757,14.009,244.6,49.3
2014-04-10,47.89,43.79,10.795,8.551,44.375,19.915,65.5,140.85,71.59,59.62,10.997,84.82,18.405,49.21,63.04,75.12,53.88,52.35,50.07,56.13,6.574,139.091,118.1,45.53,52.65,8.472,22.583,13.927,246.8,47.86
2014-04-11,47.725,43.65,10.72,8.318,43.76,19.625,64.22,141.2,70.602,59.021,10.809,84.34,18.135,48.45,60.83,73.986,53.77,51.19,49.815,55.02,6.41,136.349,117.45,44.81,52.69,8.253,22.345,13.744,248.5,46.085
2014-04-14,49.1,42.52,10.84,8.45,43.055,19.79,64.27,142.15,71.042,59.257,10.65,86.7,18.325,47.765,61.0,74.622,53.07,51.27,49.005,54.7,6.208,139.463,120.7,44.585,53.47,8.064,22.085,13.489,250.8,45.045
2014-04-15,48.99,42.065,10.65,8.542,42.03,19.655,62.95,142.0,70.543,59.015,10.477,87.24,17.94,47.48,61.2,73.618,52.61,51.26,49.06,53.55,6.262,138.72,122.0,44.705,53.27,7.921,21.847,13.291,254.15,44.095
2014-04-16,49.0,43.39,10.81,8.559,42.655,19.97,65.33,142.95,70.788,59.65,10.751,88.06,18.27,49.0,63.05,74.364,54.0,51.86,50.59,54.27,6.318,138.673,122.1,45.045,53.28,8.187,22.47,13.86,253.2,45.355
2014-04-17,49.28,44.1,10.935,8.647,43.195,19.94,65.78,142.7,70.563,59.717,10.954,85.65,18.475,49.66,63.89,75.07,54.1,51.55,51.33,54.49,6.446,139.091,121.35,45.49,52.71,8.158,22.85,13.831,255.65,45.825
2014-04-18,49.28,44.1,10.935,8.647,43.195,19.94,65.78,142.7,70.563,59.717,10.954,85.65,18.475,49.66,63.89,75.07,54.1,51.55,51.33,54.49,6.446,139.091,121.35,45.49,52.71,8.158,22.85,13.831,255.65,45.825
2014-04-21,49.28,44.1,10.935,8.647,43.195,19.94,65.78,142.7,70.563,59.717,10.954,85.65,18.475,49.66,63.89,75.07,54.1,51.55,51.33,54.49,6.446,139.091,121.35,45.49,52.71,8.158,22.85,13.831,255.65,45.825
2014-04-22,49.745,44.43,11.125,8.845,44.025,19.995,66.0,143.1,72.246,60.902,11.132,85.94,18.91,49.78,63.44,76.711,54.65,52.59,51.37,55.67,6.626,139.138,122.2,46.225,52.52,8.566,23.42,13.966,254.35,45.845
2014-04-23,49.175,43.97,10.955,8.885,43.845,19.565,65.09,142.3,72.774,60.63,11.04,85.67,18.78,47.96,61.75,76.631,54.0,52.67,50.94,54.96,6.671,140.578,122.05,45.985,52.22,8.405,23.188,13.682,251.45,45.055
2014-04-24,49.945,43.98,11.025,8.738,44.05,19.365,68.38,142.65,73.077,62.112,11.122,85.7,18.89,48.045,62.11,76.184,54.13,52.93,50.88,55.78,6.7,142.577,121.85,46.825,52.2,8.348,22.208,13.778,251.85,44.705
2014-04-25,49.635,43.51,10.8,8.689,43.2,19.07,67.2,141.95,73.606,62.263,10.934,85.15,18.65,47.92,61.8,75.746,53.73,52.75,50.4,55.08,6.7,147.782,122.15,46.8,52.08,8.177,22.077,13.633,252.05,45.02
2014-04-28,50.3,43.78,10.84,8.695,43.2,19.0,67.81,141.65,74.565,62.535,10.877,85.81,18.735,47.8,60.39,76.731,54.15,52.18,50.4,55.07,6.769,147.317,123.25,46.585,52.6,8.177,22.073,13.653,254.65,44.72
2014-04-29,51.49,44.15,11.2,8.743,45.1,18.96,67.68,140.3,75.71,62.505,11.04,86.07,19.16,47.49,60.27,76.761,55.03,51.34,50.09,55.9,6.869,147.363,122.0,46.745,53.08,8.282,22.07,13.725,255.15,44.72
2014-04-30,51.48,44.02,11.675,8.863,44.8,18.175,67.55,141.75,75.436,62.353,10.934,86.51,18.775,48.445,61.4,77.596,54.34,50.91,49.49,54.11,6.896,148.153,124.0,46.5,53.16,8.139,22.0,12.958,253.15,45.85
2014-05-01,51.48,44.02,11.675,8.863,44.8,18.175,67.55,141.75,75.436,62.353,10.934,86.51,18.775,48.445,61.4,77.596,54.34,50.91,49.49,54.11,6.896,148.153,124.0,46.5,53.16,8.139,22.0,12.958,253.15,45.85
2014-05-02,50.85,44.135,11.805,8.873,44.935,18.545,67.34,140.8,74.809,62.474,10.954,86.61,18.18,48.075,61.08,77.208,54.09,50.98,49.25,52.48,6.86,147.317,124.1,46.36,52.35,8.405,22.215,12.896,252.95,45.58
2014-05-05,51.14,44.14,12.07,8.886,44.435,18.67,67.71,140.65,74.78,62.353,10.829,86.12,17.965,47.9,61.21,78.024,54.33,51.17,49.135,52.46,6.794,147.085,123.9,46.42,52.48,8.348,22.138,12.925,252.45,45.56
2014-05-06,50.72,43.665,12.02,8.963,43.875,18.67,66.92,140.0,74.31,61.96,10.694,85.63,17.58,47.5,60.72,77.566,54.11,51.11,48.845,51.8,6.875,145.319,123.65,45.895,52.25,8.225,22.085,12.857,251.75,45.52
2014-05-07,51.7,42.22,12.05,8.91,43.515,18.77,67.27,140.1,75.71,62.686,11.421,86.3,17.54,47.01,60.3,78.133,54.13,49.985,48.555,52.52,6.816,145.04,124.3,46.05,51.08,7.352,21.837,12.52,252.15,45.44
2014-05-08,53.08,42.7,12.2,8.975,44.845,19.08,68.51,142.7,76.737,63.351,11.599,86.42,17.59,47.23,60.69,78.64,54.6,50.21,48.595,53.53,7.011,142.995,126.05,46.54,51.88,7.124,22.18,12.78,254.5,45.435
2014-05-09,52.26,42.685,12.065,9.0,44.15,19.31,68.41,141.85,76.639,63.442,11.392,86.08,17.44,47.635,60.2,77.954,54.46,50.62,48.66,52.98,6.95,144.993,126.55,46.62,52.28,7.124,21.972,12.616,256.5,45.145
2014-05-12,52.36,42.86,12.18,9.053,44.32,19.465,69.9,143.25,77.647,63.956,11.459,86.47,17.45,47.99,60.51,76.432,54.74,51.36,49.49,53.29,7.109,144.761,126.75,46.775,52.56,7.21,22.14,12.896,255.85,45.14
2014-05-13,51.77,42.9,12.24,9.04,43.91,19.585,69.68,142.95,77.285,63.684,11.445,86.68,17.715,48.64,60.85,76.343,54.48,51.73,52.54,53.06,7.168,146.387,126.5,46.975,54.3,6.992,22.165,13.016,255.2,45.11
2014-05-14,51.91,42.85,12.28,9.043,43.19,19.51,68.01,142.4,77.725,64.138,11.204,86.76,17.56,48.7,60.25,76.87,54.37,51.32,51.97,52.88,7.174,146.666,126.9,47.645,54.68,7.03,22.522,13.06,254.3,44.96
2014-05-15,51.09,42.22,12.27,8.98,42.01,19.345,66.03,143.55,76.346,64.319,10.737,87.44,17.05,47.805,59.16,76.333,53.12,50.69,50.85,52.17,6.876,150.57,127.5,46.7,54.74,6.679,22.34,12.823,255.95,44.705
2014-05-16,52.01,41.445,12.455,8.99,41.655,19.425,66.48,143.75,76.63,63.835,10.857,88.94,16.98,47.155,59.33,76.82,53.3,48.785,50.37,52.49,6.842,151.035,129.0,46.405,55.05,6.679,21.917,12.891,254.2,43.585
2014-05-19,52.15,41.6,12.565,9.014,40.96,19.685,67.36,142.35,76.649,63.926,10.684,89.0,17.125,47.46,59.74,76.87,53.69,49.165,51.32,52.2,6.962,150.477,129.1,46.965,55.22,6.707,22.15,12.872,259.85,44.285
2014-05-20,51.44,41.62,12.52,9.042,41.435,19.79,66.64,142.75,76.121,63.714,10.602,88.37,17.33,47.315,60.91,76.582,53.51,50.6,50.6,51.68,6.927,150.338,128.1,46.955,54.31,6.982,21.735,12.968,258.6,44.12
2014-05-21,52.13,41.9,12.175,9.059,42.265,19.99,66.5,143.95,76.326,63.896,10.824,88.25,17.47,47.72,61.6,77.059,53.42,51.37,50.38,51.0,6.95,149.315,128.45,46.96,54.4,6.963,21.765,13.06,258.0,44.16
2014-05-22,52.05,41.68,12.285,9.049,42.13,20.305,66.74,143.55,75.054,64.289,10.843,89.32,17.495,47.445,62.3,76.989,53.66,52.09,51.05,51.66,6.84,149.408,128.45,47.365,54.18,7.096,21.962,13.19,258.25,44.09
2014-05-23,52.29,42.065,12.085,9.122,42.375,20.29,67.56,143.15,75.152,64.107,11.132,89.22,17.605,48.19,62.59,77.188,53.86,52.47,51.59,52.22,6.893,148.153,128.1,46.295,53.93,7.096,22.288,13.33,258.15,44.5
2014-05-26,52.65,42.215,12.145,9.087,43.13,20.415,68.38,144.25,75.749,64.531,11.238,89.24,17.79,48.73,62.63,77.626,54.24,53.49,51.75,52.49,7.156,150.198,128.45,46.75,54.2,7.21,22.58,13.32,257.6,44.895
2014-05-27,52.18,42.255,12.155,9.292,42.42,20.4,69.06,144.65,75.896,64.531,11.324,89.19,17.93,49.38,62.96,77.725,54.33,53.9,52.74,52.59,7.21,149.176,128.6,47.12,54.0,7.4,22.39,13.296,258.75,44.255
2014-05-28,51.8,41.955,12.17,9.346,43.035,20.39,69.57,144.2,75.768,64.44,11.507,88.57,18.05,49.67,63.43,77.576,54.52,53.68,53.12,53.06,7.265,148.618,127.5,47.205,54.1,7.2,22.378,13.378,258.7,44.34
2014-05-29,51.72,42.05,12.375,9.374,43.2,20.375,68.68,144.5,76.17,64.44,11.45,89.3,18.0,49.505,63.14,77.477,54.43,53.24,52.65,52.65,7.36,148.665,129.05,46.28,54.75,7.2,22.552,13.498,259.5,44.265
2014-05-30,51.48,41.795,12.265,9.304,42.265,20.485,69.08,145.95,75.406,64.621,11.021,89.95,18.11,49.785,63.28,78.014,54.3,53.34,52.61,51.37,7.34,150.663,128.0,46.435,54.63,7.21,22.6,13.518,260.0,43.91
2014-06-02,51.47,41.935,12.03,9.29,42.11,20.49,69.44,144.7,75.436,64.69,10.963,89.55,18.015,50.0,63.26,77.765,54.45,53.96,53.29,51.08,7.164,150.616,127.25,46.595,54.61,7.21,22.8,13.6,258.9,45.3
2014-06-03,51.26,41.975,12.04,9.305,41.96,20.575,69.39,145.05,74.986,64.644,10.968,89.46,17.99,49.765,61.49,77.556,54.42,54.23,52.68,50.91,7.09,150.105,127.85,46.625,54.49,7.124,22.775,13.484,259.3,45.125
2014-06-04,50.58,42.06,11.945,9.296,41.965,20.525,69.16,145.25,74.761,64.73,11.122,88.6,18.055,49.635,60.94,77.954,54.6,53.71,52.55,51.5,7.084,149.362,127.95,46.675,54.33,6.992,22.76,13.542,260.0,44.96
2014-06-05,51.43,43.195,12.315,9.331,43.005,20.86,69.86,145.75,75.24,65.003,11.223,88.95,18.38,50.58,60.68,78.422,55.37,54.36,53.48,51.48,7.095,149.594,127.85,47.095,54.64,6.992,23.05,13.503,257.75,45.64
2014-06-06,51.93,44.665,12.59,9.403,44.38,20.97,70.72,143.25,74.79,65.455,11.474,87.66,18.75,51.26,61.0,78.71,56.38,54.44,53.69,51.91,7.089,148.432,127.05,46.995,54.19,6.992,23.112,13.624,255.2,46.99
2014-06-09,52.04,44.625,12.81,9.377,44.615,20.95,70.75,143.45,75.054,65.888,11.507,87.96,18.685,50.63,61.82,78.611,56.63,54.37,53.22,52.32,7.125,148.943,127.6,47.035,54.56,6.992,22.96,13.764,255.4,46.475
2014-06-10,51.92,44.855,12.63,9.407,44.315,21.09,70.24,144.6,75.612,65.775,11.44,88.01,18.58,50.68,63.05,79.287,56.71,53.97,53.87,52.15,7.24,152.243,129.05,46.155,54.94,7.523,22.843,13.86,257.05,46.49
2014-06-11,51.72,42.77,12.215,9.408,43.155,20.795,70.11,144.9,76.365,65.894,11.252,88.42,18.485,49.79,63.85,78.949,56.27,53.3,52.21,51.34,7.141,153.544,128.6,45.665,54.51,7.523,23.052,13.846,257.45,45.83
2014-06-12,52.39,42.745,12.375,9.471,42.635,20.525,69.52,144.75,76.189,65.562,11.286,88.49,18.29,49.88,63.11,78.939,56.46,53.5,51.84,51.46,7.11,152.986,128.15,45.415,53.95,7.314,23.225,14.029,256.9,45.995
2014-06-13,52.86,42.37,12.375,9.259,42.185,20.71,69.09,144.4,76.219,65.469,11.281,88.53,18.075,49.12,62.35,79.227,56.19,53.57,51.28,51.5,7.11,150.849,128.2,45.15,53.17,7.418,23.07,14.048,256.0,45.78
2014-06-16,52.42,41.83,12.16,9.312,41.65,20.585,68.47,144.35,76.101,64.956,11.031,88.38,17.87,48.88,61.97,78.571,55.69,53.0,50.54,51.58,7.041,150.57,127.0,45.195,52.93,7.181,23.025,13.894,255.45,45.12
2014-06-17,52.47,42.225,12.22,9.455,41.8,20.645,69.4,145.4,78.117,65.728,10.983,88.68,17.925,49.495,62.08,79.108,55.78,53.6,50.74,52.21,7.156,151.685,127.6,45.615,53.4,7.181,23.21,13.942,257.0,45.225
2014-06-18,52.85,42.515,12.26,9.502,41.45,20.815,69.72,144.85,77.363,65.595,10.906,88.1,17.855,49.345,61.33,78.69,55.75,53.83,50.12,51.99,7.035,153.265,127.45,45.625,53.51,7.276,22.913,14.005,256.1,44.885
2014-06-19,53.68,44.15,12.215,9.495,41.87,20.88,71.37,145.7,77.706,65.894,10.93,88.33,18.155,49.32,61.97,79.108,56.85,54.09,50.6,52.19,7.01,152.336,128.2,45.975,53.99,7.153,22.91,14.019,257.9,45.915
2014-06-20,53.95,43.37,11.84,9.54,40.87,20.59,71.0,145.7,77.315,65.682,10.732,88.51,17.97,49.135,62.22,79.685,56.25,54.32,50.19,51.19,6.913,151.871,129.35,45.805,54.02,7.305,22.583,14.13,258.0,45.37
2014-06-23,54.23,42.515,11.745,9.575,40.7,20.55,70.24,145.5,78.127,65.096,10.617,88.17,17.85,48.135,61.75,79.078,55.9,53.36,49.355,50.96,6.847,150.245,127.5,44.86,53.63,7.067,22.208,14.168,260.0,44.465
2014-06-24,54.52,42.425,11.78,9.466,40.33,20.81,70.57,145.85,78.704,65.549,10.516,88.52,17.77,47.6,61.66,78.969,55.23,53.2,49.0,50.6,6.844,149.966,127.9,44.595,54.21,7.21,22.372,14.154,262.65,43.59
2014-06-25,53.47,41.615,11.68,9.376,39.88,20.325,69.67,143.7,76.532,65.096,10.313,87.58,17.67,47.415,61.48,78.044,55.1,52.14,49.05,49.73,6.774,148.432,126.85,43.85,53.56,7.067,22.272,14.14,262.55,43.495
2014-06-26,52.93,41.695,11.715,9.334,39.35,20.255,69.63,141.25,76.845,64.571,10.203,87.45,17.59,47.56,61.8,77.268,55.1,52.3,48.535,49.135,6.64,147.782,125.8,44.065,54.68,7.02,22.022,13.995,263.2,44.3
2014-06-27,52.72,41.325,11.57,9.405,38.985,20.255,69.09,140.35,76.199,64.817,10.207,87.55,17.51,48.505,62.01,77.318,55.04,52.48,49.29,49.41,6.615,148.386,125.9,44.955,54.5,6.982,22.003,13.735,265.0,44.385
2014-06-30,52.78,41.205,11.525,9.396,38.255,20.105,68.75,140.8,75.788,65.595,9.919,87.7,17.455,47.815,61.94,77.158,54.6,52.1,48.94,49.545,6.552,148.85,125.85,44.685,54.24,6.792,21.815,13.416,269.5,44.175
2014-07-01,53.29,41.3,11.795,9.577,39.315,20.16,68.68,141.0,76.395,66.314,10.212,88.08,17.575,47.85,62.0,77.407,54.44,52.65,47.945,51.33,6.841,148.386,125.9,44.89,55.09,6.973,22.073,13.619,270.0,44.36
2014-07-02,53.0,41.53,11.38,9.529,39.225,20.135,68.0,139.95,75.612,66.26,10.169,88.38,17.59,46.91,61.22,77.119,54.37,52.88,47.29,51.01,6.818,147.503,125.6,44.76,54.88,6.773,22.15,13.224,270.0,43.955
2014-07-03,53.06,42.385,11.54,9.655,40.18,20.21,69.43,141.85,75.964,67.258,10.309,87.86,18.15,47.33,61.07,77.785,54.21,55.74,47.765,51.25,6.903,148.572,127.25,45.415,55.72,7.257,22.265,13.209,271.6,44.3
2014-07-04,53.08,42.04,11.45,9.692,39.205,20.115,69.31,140.85,75.582,67.591,10.246,88.46,18.105,47.5,61.37,77.357,54.09,54.76,47.975,50.2,6.833,146.713,127.0,45.71,55.45,7.238,22.065,13.185,270.1,44.32
2014-07-07,52.03,40.775,11.305,9.65,38.825,19.945,67.84,139.65,74.183,66.759,10.049,87.75,17.79,46.54,60.9,76.413,53.0,53.71,47.255,49.615,6.7,145.086,125.4,44.95,54.88,7.115,21.755,13.002,270.2,43.415
2014-07-08,51.42,39.39,11.185,9.503,37.86,19.755,66.1,138.45,74.036,66.041,9.793,86.59,17.535,46.175,59.72,75.796,51.7,52.9,46.855,48.56,6.512,143.878,124.65,43.97,54.47,7.086,21.49,12.616,266.5,42.92
2014-07-09,51.54,39.635,11.35,9.522,37.5,19.865,67.3,139.5,74.281,66.726,9.832,86.74,17.69,45.315,60.46,75.965,51.95,53.41,47.005,48.365,6.611,144.203,126.25,43.93,54.9,7.115,21.532,12.592,263.85,43.57
2014-07-10,50.59,38.305,11.245,9.455,36.695,19.5,65.61,139.35,72.98,65.495,9.63,85.81,17.505,46.0,59.3,75.289,51.53,51.81,46.815,47.69,6.424,145.272,125.3,43.17,53.9,6.935,21.25,12.404,261.8,44.055
2014-07-11,50.77,37.485,11.285,9.422,36.82,19.605,66.58,139.35,72.177,65.761,9.531,85.74,17.62,46.87,59.01,75.398,51.83,51.22,47.11,48.36,6.46,147.131,125.9,43.245,54.58,6.935,21.192,12.414,265.2,44.535
2014-07-14,51.11,37.93,11.415,9.451,37.305,19.725,66.96,140.35,71.874,66.207,9.649,86.1,17.765,46.945,59.22,76.055,52.03,52.42,47.135,48.775,6.532,148.99,126.85,43.16,54.71,7.162,21.452,12.515,269.25,44.31
2014-07-15,50.06,37.87,11.285,9.293,36.925,19.815,65.98,138.7,71.101,65.362,9.548,85.97,17.47,46.445,58.68,75.06,51.62,50.75,46.505,48.225,6.461,146.248,125.35,43.1,55.2,7.162,21.478,12.529,265.75,44.28
2014-07-16,50.89,38.535,11.545,9.292,38.035,19.96,67.29,140.0,72.999,66.327,10.005,85.85,17.81,46.425,59.73,76.045,52.61,51.63,45.36,49.185,6.795,148.618,126.9,43.805,56.86,7.162,21.62,12.669,268.45,44.7
2014-07-17,49.73,38.08,11.35,9.425,37.73,19.665,66.3,138.55,72.158,65.249,9.793,85.61,17.54,46.125,59.53,75.199,51.85,50.49,44.98,48.61,6.691,146.852,125.85,43.505,56.19,7.286,21.562,12.447,267.75,44.73
2014-07-18,50.25,38.105,11.475,9.364,38.01,19.775,67.18,138.4,72.872,65.495,9.894,85.86,17.46,46.055,59.46,75.657,52.54,50.36,44.48,48.925,6.72,147.224,127.1,43.625,56.2,7.343,21.353,12.775,264.85,44.365
2014-07-21,49.79,37.2,11.405,9.336,37.495,19.99,66.21,138.45,72.422,65.269,9.711,85.44,17.36,45.99,58.87,75.398,51.93,50.94,43.29,48.65,6.727,144.807,127.0,42.97,55.88,7.276,21.147,12.717,266.0,43.965
2014-07-22,51.35,37.95,11.625,9.338,37.85,20.225,67.77,139.25,72.96,66.021,9.822,85.61,17.65,45.795,56.11,76.572,53.44,52.21,44.405,48.755,6.96,144.621,128.25,43.785,56.95,7.2,21.278,12.92,266.05,44.03
2014-07-23,51.41,37.72,11.61,9.405,38.025,20.185,67.73,139.8,72.383,65.429,9.914,86.04,17.735,46.015,58.0,76.512,53.44,52.17,44.925,49.005,6.56,145.969,128.65,43.82,56.6,7.2,21.282,12.958,267.15,43.88
2014-07-24,51.92,37.6,11.745,9.892,39.1,20.395,68.93,141.25,72.647,66.127,10.318,86.23,17.905,46.26,58.32,76.9,53.91,52.36,45.36,49.8,6.524,148.107,129.1,44.58,55.98,7.257,21.247,13.079,265.0,43.62
2014-07-25,51.1,37.13,11.635,9.717,38.645,19.795,67.54,131.65,71.893,64.943,10.284,84.93,17.67,45.645,57.55,75.567,52.94,52.0,44.5,49.58,6.404,140.811,126.9,43.71,55.06,7.466,20.635,12.833,258.95,43.145
2014-07-28,51.78,36.935,11.805,9.728,38.535,19.685,67.93,131.55,71.991,65.429,10.342,85.0,17.69,45.3,55.82,75.915,52.86,52.49,44.02,49.645,6.42,142.251,127.65,44.0,55.53,7.4,20.718,12.877,259.75,42.825
2014-07-29,52.22,37.295,12.02,9.945,39.06,19.855,67.4,131.7,72.197,66.087,10.289,85.98,17.735,44.995,54.76,76.403,53.13,53.19,43.685,50.04,6.278,144.482,128.25,44.16,55.73,7.067,21.085,12.896,262.8,43.445
2014-07-30,49.645,37.0,11.96,9.92,38.535,19.575,64.52,130.25,72.51,65.655,10.179,85.09,17.54,44.89,55.11,76.472,52.73,52.91,45.0,49.88,6.357,141.554,128.05,43.425,55.03,7.105,20.968,12.92,260.95,43.145
2014-07-31,48.09,36.425,11.75,10.028,37.555,19.25,63.22,128.6,71.404,63.213,9.745,83.7,17.19,43.895,54.35,78.193,51.62,54.23,43.36,49.5,6.225,148.665,126.4,41.405,54.09,6.887,20.515,12.756,258.05,42.52
2014-08-01,48.03,35.635,11.45,9.906,36.84,18.845,61.95,128.25,70.846,62.275,9.711,83.19,17.365,43.92,53.61,78.481,48.355,53.91,42.675,49.76,6.039,147.549,124.1,40.795,53.99,6.783,20.323,12.332,257.35,41.7
2014-08-04,48.47,36.0,11.49,9.792,36.955,18.815,61.79,127.45,70.338,61.989,9.904,83.63,17.785,44.095,53.66,79.048,48.125,53.52,42.59,50.19,5.939,149.036,124.15,40.515,53.93,6.669,20.308,12.279,255.9,41.855
2014-08-05,48.56,36.06,11.49,9.805,36.455,18.945,62.5,129.75,71.805,62.848,10.121,85.06,17.865,44.585,53.83,79.068,47.9,53.35,42.45,49.47,5.924,149.036,127.1,41.21,54.27,6.432,20.128,12.337,258.75,41.92
2014-08-06,48.695,36.04,11.31,9.8,35.78,18.845,61.67,129.45,71.893,62.927,10.188,85.22,17.605,44.505,54.13,78.054,47.505,52.21,42.985,48.925,5.852,148.99,126.45,40.44,54.16,6.166,20.015,12.187,260.4,41.71
2014-08-07,48.29,35.685,10.99,9.667,35.41,18.475,60.94,126.95,70.191,61.89,9.976,84.6,17.465,44.17,53.76,76.81,46.365,52.35,42.56,48.17,5.849,147.828,125.55,40.195,53.74,6.252,19.493,11.965,257.5,41.56
2014-08-08,48.33,35.47,10.82,9.661,35.59,18.445,61.11,126.65,69.966,61.949,10.049,83.75,17.59,44.22,54.16,77.228,46.78,51.62,42.215,47.97,5.8,146.852,124.5,39.535,53.14,6.479,19.745,11.917,255.95,41.12
2014-08-11,48.89,36.545,11.055,9.794,35.675,18.705,62.82,127.65,70.572,62.748,10.063,84.2,17.94,45.495,55.0,77.556,47.955,52.34,43.345,48.025,5.907,147.038,125.1,40.78,53.31,6.479,20.11,12.076,259.2,41.7
2014-08-12,47.8,35.84,10.97,9.872,35.575,18.63,61.54,127.9,69.956,62.362,10.044,84.25,17.96,45.39,54.61,77.019,47.32,51.54,43.055,47.9,5.857,146.666,123.9,41.455,53.07,6.688,19.772,12.096,260.9,40.88
2014-08-13,48.055,36.395,11.115,9.821,36.16,18.895,62.21,128.5,70.7,63.307,10.174,84.64,18.14,46.15,54.48,77.775,47.5,51.31,43.095,48.735,5.925,146.062,124.85,41.45,53.01,6.66,19.972,12.303,258.0,41.12
2014-08-14,47.885,36.15,11.12,9.862,35.915,19.0,62.55,128.2,70.993,63.127,10.212,85.25,18.23,46.765,54.38,78.103,47.37,51.9,43.605,48.56,6.009,144.436,125.6,41.445,53.24,6.451,20.265,12.312,258.85,41.58
2014-08-15,47.33,35.865,11.05,9.82,35.785,18.94,62.35,127.2,70.739,62.615,10.082,85.32,18.05,46.32,54.26,77.576,46.865,51.83,43.47,48.325,6.017,144.529,124.35,41.295,52.91,6.451,19.955,12.264,259.15,41.47
2014-08-18,47.81,36.69,11.175,9.938,36.255,19.04,63.3,128.5,72.236,63.28,10.26,86.88,18.185,47.26,54.62,79.177,47.405,52.27,44.13,48.665,6.084,145.969,125.35,41.845,53.3,6.954,20.288,12.351,262.2,41.97
2014-08-19,48.25,37.435,11.19,9.982,36.665,19.06,63.37,129.65,72.353,63.619,10.318,87.65,18.27,47.325,54.91,79.317,47.6,53.5,44.655,48.81,6.167,146.155,125.4,42.035,53.18,6.745,20.535,12.293,264.05,41.97
2014-08-20,48.35,37.35,11.155,9.954,36.525,18.63,63.18,129.85,72.852,63.473,10.294,87.73,18.125,46.995,55.46,78.849,47.6,53.45,44.5,48.57,6.124,145.086,125.0,41.93,52.99,6.698,20.495,12.279,262.8,41.99
2014-08-21,48.97,38.16,11.365,10.018,37.51,18.7,64.67,130.65,73.312,63.925,10.41,86.75,18.47,47.43,55.25,80.152,48.48,54.66,44.685,49.39,6.241,145.923,125.65,42.045,53.41,6.698,20.753,12.819,262.3,42.295
2014-08-22,47.915,37.765,11.24,9.954,37.54,18.555,63.58,129.5,72.813,63.3,10.405,86.32,18.43,47.58,55.47,78.998,47.885,53.63,44.73,49.07,6.292,143.32,124.8,41.69,52.72,6.878,20.62,12.833,260.6,42.145
2014-08-25,49.26,38.83,11.48,10.036,38.65,18.96,65.0,131.85,74.986,64.877,10.583,87.44,18.765,49.185,56.14,80.848,48.855,54.61,45.945,50.23,6.339,145.133,127.4,42.48,53.85,7.011,20.808,13.021,261.55,43.16
2014-08-26,50.03,39.115,11.455,10.052,39.315,18.815,65.27,133.15,74.966,65.415,10.732,87.7,18.95,49.295,57.59,82.489,49.18,55.2,46.545,51.3,6.376,147.642,128.6,42.445,54.15,7.039,21.13,13.31,260.35,43.18
2014-08-27,49.74,38.955,11.615,10.122,39.37,18.68,65.15,132.7,74.604,65.149,10.944,88.06,18.895,49.455,57.47,82.937,49.265,55.03,46.765,51.76,6.326,148.711,127.5,42.47,53.87,7.124,21.14,13.368,261.45,43.17
2014-08-28,49.58,38.57,11.505,10.034,38.545,18.62,64.33,131.8,77.774,64.69,10.776,88.75,18.68,49.5,57.05,82.022,49.23,54.16,46.6,51.47,6.279,148.897,126.65,41.885,53.34,7.124,21.01,13.262,261.7,42.6
2014-08-29,50.19,38.63,11.52,10.08,38.555,18.745,64.32,132.05,78.988,64.69,10.867,89.74,18.85,49.885,56.7,83.046,49.75,54.11,46.805,51.38,6.374,149.873,126.0,42.07,53.14,7.257,21.038,13.474,261.85,42.495
2014-09-01,50.54,38.41,11.215,10.084,38.315,18.965,63.73,132.9,80.152,64.591,10.79,89.55,18.83,49.875,57.22,83.086,49.36,54.32,46.8,51.38,6.447,150.988,126.8,42.09,53.55,7.257,20.897,13.556,261.4,42.825
2014-09-02,49.87,38.54,11.09,10.116,38.375,18.94,64.21,133.05,79.36,64.484,10.877,89.7,18.865,49.82,57.32,83.305,49.03,54.17,47.0,51.67,6.474,150.523,128.05,43.645,53.73,7.257,20.88,13.6,262.75,42.93
2014-09-03,50.45,38.52,11.095,10.132,39.365,18.95,64.58,136.9,79.252,65.123,11.055,90.0,19.165,49.98,57.37,84.399,49.675,55.07,47.335,52.78,6.471,151.267,127.85,43.62,54.21,7.257,21.188,13.72,253.75,43.18
2014-09-04,51.77,39.38,11.21,10.234,41.0,19.27,65.5,137.6,81.209,66.134,11.315,91.12,19.545,50.85,58.31,85.284,48.79,55.47,48.875,54.3,6.562,153.73,130.0,44.375,55.31,7.172,21.27,13.773,249.15,43.055
2014-09-05,51.41,38.99,11.355,10.292,41.41,19.67,65.67,136.65,81.307,65.635,11.517,90.06,19.425,51.7,58.1,84.966,47.88,55.84,49.19,54.07,6.525,153.358,128.5,44.37,54.95,7.115,21.218,13.908,243.2,43.02
2014-09-08,50.84,38.93,11.46,10.274,41.495,19.57,65.75,136.25,82.168,65.582,11.488,90.42,19.325,51.2,57.55,85.304,47.58,55.45,48.89,54.0,6.585,151.685,127.2,44.15,54.76,7.191,21.042,13.846,243.7,42.905
2014-09-09,50.5,38.465,11.415,10.254,41.05,19.395,65.02,135.95,81.131,65.329,11.493,91.72,19.2,51.17,57.6,85.632,47.22,55.14,48.59,53.33,6.379,153.544,125.5,43.865,54.5,7.191,20.917,13.701,245.0,42.855
2014-09-10,50.29,38.3,11.465,10.28,41.3,19.42,64.5,135.9,80.377,64.83,11.551,92.09,19.33,51.22,57.5,85.931,47.03,55.35,48.4,53.85,6.27,152.708,125.9,43.415,54.37,7.504,20.805,13.711,244.05,42.035
2014-09-11,50.17,37.52,11.715,10.356,41.575,19.4,64.34,136.8,81.914,64.956,11.464,91.06,19.36,51.11,57.04,85.523,46.255,55.52,48.205,53.71,6.25,151.221,125.05,43.74,54.49,7.418,20.225,13.711,242.25,42.67
2014-09-12,50.03,37.365,11.67,10.416,41.655,19.365,64.26,136.2,82.207,65.116,11.503,90.49,19.495,51.5,56.8,86.418,45.87,57.32,48.5,53.97,6.36,151.871,125.75,44.065,54.17,7.456,19.845,13.73,242.35,42.73
2014-09-15,49.445,36.925,11.445,10.546,41.295,19.505,63.94,136.8,83.176,65.123,11.397,90.94,19.615,51.8,56.39,86.706,45.15,58.02,48.92,53.54,6.179,155.589,125.4,44.04,53.99,7.352,19.665,13.672,243.6,42.42
2014-09-16,49.865,36.75,11.29,10.432,40.8,19.505,62.96,135.65,82.765,64.511,11.373,90.28,19.47,50.92,56.62,86.03,45.04,56.94,49.07,53.37,6.149,155.31,124.9,43.55,53.63,7.333,19.69,13.465,244.5,42.425
2014-09-17,49.945,37.24,11.415,10.364,40.965,19.52,62.93,134.65,82.941,64.803,11.531,91.21,19.615,51.04,56.91,87.054,46.06,57.87,48.8,53.82,6.23,153.172,125.0,43.775,53.47,7.589,19.737,13.46,243.7,42.765
2014-09-18,49.995,37.635,11.515,10.55,41.54,19.625,63.1,135.65,84.409,65.894,11.676,90.97,19.86,51.46,57.71,87.979,46.195,58.5,49.55,54.3,6.421,153.823,124.95,43.805,53.67,7.466,19.905,13.373,244.55,43.3
2014-09-19,50.04,37.545,11.6,10.464,41.39,19.795,62.82,134.45,85.397,65.914,11.56,91.12,19.895,50.87,56.95,88.278,46.135,57.94,49.38,54.0,6.153,151.778,125.65,43.58,53.62,7.589,19.933,13.677,245.6,43.355
2014-09-22,50.13,37.01,11.565,10.514,40.855,19.71,62.11,132.45,85.583,65.748,11.498,90.87,19.98,50.65,55.0,88.387,46.435,58.06,49.165,53.65,5.905,149.036,126.05,43.325,53.42,7.532,19.46,13.6,246.45,43.165
2014-09-23,48.76,35.865,11.425,10.402,40.19,19.215,60.87,130.75,84.859,64.458,11.329,89.28,19.7,50.0,54.0,86.935,45.53,56.18,47.5,52.71,5.912,147.038,123.9,42.125,52.77,7.532,18.765,13.248,243.9,41.86
2014-09-24,50.17,36.5,11.62,10.426,40.93,19.43,61.51,132.7,85.603,65.183,11.435,89.51,19.8,49.955,53.7,88.437,46.37,55.43,47.54,53.25,5.944,149.129,125.75,42.485,53.52,7.589,18.942,13.257,245.5,40.76
2014-09-25,49.57,35.585,11.52,10.242,40.485,19.305,60.42,130.8,84.693,63.673,11.324,88.17,19.595,49.72,53.92,86.617,45.81,55.46,48.58,52.66,5.896,146.899,123.9,40.66,52.03,7.513,18.583,13.089,240.1,40.235
2014-09-26,50.73,36.0,11.56,10.288,40.675,19.54,60.68,130.85,84.145,63.633,11.454,89.18,19.815,50.52,53.95,87.93,46.39,56.08,49.34,52.83,5.972,149.036,124.85,41.12,52.28,7.618,18.647,13.098,237.4,40.73
2014-09-29,50.31,35.835,11.585,10.348,40.0,19.445,59.9,128.85,83.567,63.373,11.324,88.23,19.425,50.25,54.01,87.134,45.39,56.27,48.555,52.08,5.999,148.758,124.4,40.805,52.2,7.542,18.683,13.137,236.15,40.955
2014-09-30,51.45,36.235,11.905,10.172,40.42,19.86,60.8,128.7,85.074,64.245,11.503,89.64,19.51,51.38,54.37,89.073,46.005,56.83,49.82,52.52,6.12,148.386,125.7,41.195,53.0,7.248,18.67,13.479,236.75,42.175
2014-10-01,50.71,36.21,11.415,10.27,40.665,19.715,60.24,127.35,84.497,63.433,11.353,89.41,19.37,50.76,54.18,88.367,45.62,55.88,49.09,52.35,6.058,143.692,124.65,40.735,52.21,6.982,18.497,13.45,235.15,42.15
2014-10-02,48.185,34.535,11.135,10.178,38.61,19.225,58.77,125.9,82.892,62.122,10.973,87.45,18.885,49.34,53.56,85.602,44.725,54.89,47.87,50.53,5.999,140.207,122.55,39.91,51.59,6.963,18.062,12.958,236.65,41.3
2014-10-03,48.51,33.805,11.315,10.196,39.55,19.455,59.59,127.85,83.264,62.435,11.271,86.86,19.125,49.98,53.28,86.428,45.345,54.57,49.58,50.94,6.135,140.811,123.25,40.185,52.0,7.124,18.122,13.127,237.65,41.5
2014-10-06,48.35,34.175,11.29,10.176,39.975,19.4,58.85,128.2,83.548,62.927,11.161,87.49,19.06,49.76,54.7,86.338,45.3,54.79,49.925,51.16,6.145,141.229,123.95,40.04,51.82,7.124,18.2,13.272,239.8,41.915
2014-10-07,47.22,33.215,11.06,10.026,38.92,19.015,58.06,125.75,81.786,62.801,10.978,86.12,18.79,48.505,53.7,84.797,44.515,52.95,48.61,50.1,6.001,140.253,121.7,39.215,51.04,6.935,17.997,13.045,237.7,41.42
2014-10-08,46.735,32.545,11.045,9.945,38.495,19.0,57.11,126.35,81.953,62.036,10.833,86.6,18.64,48.09,52.84,83.693,43.45,52.42,47.58,49.41,5.908,141.88,122.4,39.015,51.16,6.963,17.522,12.804,235.95,40.62
2014-10-09,46.29,32.4,10.9,10.006,37.655,18.79,57.08,127.1,82.648,62.641,10.578,86.6,18.36,47.66,52.72,83.573,43.27,52.17,45.65,48.85,5.912,140.021,123.5,38.755,51.03,6.735,17.438,12.703,235.95,39.26
2014-10-10,44.6,31.65,10.805,9.857,36.79,18.505,55.37,125.0,81.561,61.351,10.67,85.05,18.265,47.36,51.68,82.619,42.085,52.05,45.44,48.515,5.578,137.418,123.0,38.385,50.79,6.536,17.192,12.616,233.25,38.845
2014-10-13,45.16,31.935,10.85,9.71,37.015,18.085,55.98,125.6,80.221,61.105,10.684,84.59,18.28,47.115,51.28,82.629,42.9,51.84,45.455,48.515,5.319,137.279,122.5,38.515,50.7,6.536,17.31,12.635,231.65,38.685
2014-10-14,44.77,32.545,11.18,9.782,37.06,18.085,56.96,125.1,79.477,61.75,10.684,84.22,18.23,46.92,51.44,82.549,43.645,51.74,45.905,48.695,5.425,135.374,121.75,39.105,50.49,6.536,17.61,12.549,230.9,38.86
2014-10-15,42.755,31.145,10.725,9.546,35.145,17.105,54.73,124.9,77.579,59.801,10.101,83.52,17.27,45.475,50.44,79.068,41.405,50.0,43.7,46.455,5.192,134.119,119.25,37.85,50.31,6.536,17.087,12.1,232.35,37.495
2014-10-16,42.555,31.395,10.52,9.564,34.385,16.935,55.36,123.75,77.315,59.661,9.991,83.2,16.94,44.545,51.39,78.372,42.32,49.62,42.75,45.45,5.169,133.515,118.35,38.5,50.47,6.536,17.423,11.898,232.4,37.5
2014-10-17,44.155,32.865,10.65,9.799,36.195,17.835,57.6,125.2,80.7,61.204,10.496,84.46,17.545,45.5,53.21,80.809,43.8,51.13,43.96,47.0,5.294,137.186,119.35,39.485,50.91,6.536,17.827,12.356,235.25,38.44
2014-10-20,42.94,32.335,10.8,9.74,36.17,17.59,56.13,124.95,79.135,60.306,10.467,84.86,17.285,45.06,51.76,79.993,44.025,49.36,43.67,47.065,5.242,137.047,119.5,39.48,50.11,6.536,17.5,12.332,230.95,37.935
2014-10-21,44.425,33.25,10.915,9.753,37.505,17.93,57.63,126.55,80.661,61.737,10.877,86.66,17.705,46.265,53.28,81.037,44.685,50.44,44.865,48.29,5.362,139.37,120.85,40.51,50.93,6.536,17.622,12.621,235.15,38.105
2014-10-22,44.59,33.395,10.915,9.77,37.76,17.995,58.49,127.05,81.19,61.431,10.978,86.47,17.695,46.53,53.55,82.977,44.62,51.83,45.21,48.475,5.495,138.998,120.9,40.71,50.6,6.536,17.625,12.751,236.85,37.73
2014-10-23,45.81,33.59,11.42,9.384,38.605,18.235,58.53,128.55,82.696,62.375,11.166,88.41,17.965,48.845,52.0,84.439,44.785,51.86,45.535,49.205,5.506,142.716,120.75,40.835,51.03,6.536,16.76,12.852,235.25,37.885
2014-10-24,44.855,33.4,11.58,9.673,38.835,18.175,57.89,128.25,82.295,61.643,11.286,87.84,17.915,48.015,51.34,84.14,44.085,51.21,45.29,49.505,5.505,135.42,119.7,40.17,50.6,6.536,16.692,12.684,232.55,38.0
2014-10-27,44.435,32.68,11.62,9.711,37.765,18.09,57.35,128.45,82.608,62.202,11.175,88.01,17.75,47.67,51.57,82.947,43.525,50.8,44.76,48.885,5.426,136.024,120.05,40.025,50.75,6.536,16.532,12.611,238.3,37.955
2014-10-28,45.495,33.54,12.035,9.875,38.43,18.65,58.87,129.9,84.066,62.681,11.291,89.02,18.02,48.9,52.58,74.125,43.715,51.49,45.415,49.525,5.56,138.766,122.1,40.7,51.59,6.536,16.862,12.823,238.2,37.985
2014-10-29,46.395,33.46,12.215,9.991,37.285,18.87,60.28,131.45,84.047,63.333,10.983,89.72,17.89,49.615,53.41,70.763,43.62,51.66,45.8,48.47,5.004,140.95,122.35,41.805,52.21,6.536,17.04,12.626,241.15,38.62
2014-10-30,46.995,33.265,12.37,9.96,37.17,18.93,60.7,132.7,84.595,63.28,11.166,89.81,17.875,49.91,54.04,71.519,43.92,51.57,45.905,48.465,5.061,142.205,122.2,42.15,52.7,6.536,17.108,12.626,243.95,38.6
2014-10-31,47.42,34.245,12.715,10.114,38.415,19.355,62.88,135.35,86.209,64.032,11.358,90.83,18.41,50.5,55.27,73.26,45.475,52.46,47.6,50.14,5.319,143.088,125.1,42.94,54.22,6.536,17.298,12.857,247.1,39.59
2014-11-03,46.75,34.065,12.46,10.078,38.505,18.77,62.2,134.8,85.143,63.353,11.305,90.34,18.17,50.27,54.02,72.395,45.685,52.36,47.55,49.365,5.42,144.575,124.1,42.415,53.46,6.536,17.245,12.819,246.55,39.765
2014-11-04,44.995,33.665,12.31,10.002,37.655,18.635,61.38,131.95,84.428,62.828,11.079,89.69,17.96,49.735,54.59,71.38,44.975,51.25,46.88,48.735,5.354,142.995,122.55,41.8,53.21,6.536,17.09,12.775,241.35,39.24
2014-11-05,46.285,34.375,12.705,10.046,38.005,18.775,62.7,134.0,85.906,64.151,11.233,90.62,18.245,50.4,55.12,72.912,45.79,52.19,47.82,49.665,5.475,145.597,125.4,42.075,54.31,6.536,17.175,13.146,247.85,39.89
2014-11-06,46.515,34.855,12.57,10.026,37.07,18.855,63.11,135.3,85.896,64.484,10.583,91.11,18.325,51.31,55.74,73.2,46.23,54.28,48.405,49.62,5.558,146.806,127.35,40.9,54.6,6.536,17.667,13.542,248.9,40.555
2014-11-07,46.53,34.465,12.365,9.998,36.18,18.625,61.75,133.9,84.115,63.646,10.275,90.73,18.26,51.07,56.16,72.574,45.865,54.47,48.24,48.67,5.495,146.294,126.7,40.2,53.5,6.536,17.605,13.576,252.4,40.4
2014-11-10,47.105,35.015,12.47,10.144,36.115,18.85,62.12,135.75,85.524,64.205,10.116,91.2,18.495,51.48,56.85,73.916,46.305,55.0,48.375,48.16,5.533,147.596,128.05,40.155,54.0,6.536,17.743,13.6,257.0,41.025
2014-11-11,46.71,34.92,12.99,10.214,36.32,18.95,62.77,136.75,86.298,64.75,10.063,92.06,18.59,51.93,56.98,74.752,45.55,55.08,48.65,48.07,5.553,148.711,130.0,40.825,54.41,6.536,17.78,13.561,257.0,41.22
2014-11-12,45.905,34.13,12.745,10.15,35.175,18.45,61.1,136.15,85.368,64.171,9.668,91.58,18.265,51.38,55.97,73.906,44.76,54.09,48.05,46.905,5.511,147.642,128.95,40.33,53.73,6.536,17.562,13.344,256.5,40.67
2014-11-13,45.5,33.96,12.735,10.208,35.53,18.395,61.43,137.75,85.084,64.644,9.894,91.3,18.38,51.57,56.6,74.284,43.65,54.36,47.7,47.045,5.431,148.525,131.8,40.505,54.09,6.536,17.675,13.315,259.15,40.21
2014-11-14,45.575,33.895,12.75,10.264,35.895,18.465,61.74,137.75,84.399,64.597,9.962,90.78,18.49,52.0,57.07,74.036,43.385,55.02,48.455,47.55,5.579,148.618,131.65,40.27,54.33,6.536,17.97,13.233,258.05,40.905
2014-11-17,46.04,34.11,12.92,10.268,36.41,18.445,61.91,138.35,84.83,64.79,10.015,90.7,18.61,51.91,57.19,75.398,43.735,55.34,47.945,47.85,5.678,148.246,131.35,40.225,54.33,6.536,17.938,13.58,259.15,40.79
2014-11-18,46.53,34.88,13.04,10.386,36.98,18.665,62.78,139.45,85.192,65.462,10.106,91.86,18.83,51.9,57.3,76.492,44.08,56.29,46.74,48.365,5.783,148.014,132.15,40.675,54.64,6.536,17.792,13.633,259.35,41.83
2014-11-19,46.505,35.025,13.03,10.406,36.99,18.75,62.86,140.35,85.642,65.522,10.174,91.43,18.785,51.15,56.95,76.413,44.31,56.5,47.0,48.64,5.904,148.246,132.6,40.785,54.68,6.536,17.8,13.807,259.5,41.995
2014-11-20,46.655,34.41,13.05,10.406,36.445,18.49,62.19,139.9,85.182,65.07,9.991,91.27,18.465,50.91,57.07,74.612,43.7,56.66,46.86,47.82,5.893,145.923,133.15,40.71,54.78,6.536,17.753,13.629,259.0,41.94
2014-11-21,48.535,36.22,13.705,10.552,38.005,18.82,64.56,144.95,86.415,66.626,10.284,92.83,18.915,51.71,57.9,75.498,43.7,57.26,48.275,49.67,5.881,149.873,135.45,41.365,56.0,6.536,18.12,13.735,261.45,42.395
2014-11-24,48.45,36.39,13.83,10.576,38.8,18.965,65.39,144.3,86.992,66.892,10.453,93.4,19.13,51.68,58.14,75.309,43.7,58.74,49.005,50.2,5.878,150.709,135.45,41.9,56.11,6.536,18.2,13.744,265.0,42.575
2014-11-25,47.685,36.995,13.83,10.446,39.495,19.285,66.0,143.8,86.894,66.826,10.713,93.39,19.12,52.56,58.35,75.786,43.695,58.5,49.575,51.12,5.975,151.313,134.8,42.55,56.13,6.536,18.675,13.841,262.3,43.1
2014-11-26,47.835,36.465,13.63,10.462,39.305,19.455,65.79,142.95,85.505,66.759,10.612,93.2,19.165,51.96,57.89,76.015,43.5,58.77,49.385,50.68,5.971,151.825,134.75,42.0,55.61,6.536,18.68,13.894,262.75,43.13
2014-11-27,45.9,36.69,13.985,10.476,39.68,19.9,65.62,143.0,87.442,67.158,10.819,94.53,19.28,51.91,58.43,76.81,43.7,58.4,49.79,51.28,5.992,152.336,136.3,42.065,56.17,6.536,18.552,13.976,265.65,42.62
2014-11-28,44.99,36.94,14.165,10.514,39.89,19.815,65.6,144.5,88.362,67.325,10.886,95.31,19.415,52.03,59.06,77.437,43.475,58.93,48.995,51.56,6.027,154.381,137.2,42.165,56.75,6.536,18.487,14.14,269.25,42.67
2014-12-01,44.635,36.815,14.17,10.558,39.195,19.935,65.37,143.75,88.137,67.624,10.679,95.23,19.18,52.34,58.9,77.954,43.585,59.1,48.745,50.69,5.984,153.219,137.25,43.3,56.45,6.536,18.642,14.058,270.75,42.55
2014-12-02,46.155,36.685,14.16,10.14,39.005,19.975,64.72,142.3,87.951,67.258,10.655,95.89,19.2,52.42,59.34,77.178,43.7,59.15,48.67,51.03,5.994,152.894,138.05,43.685,56.59,6.536,18.825,13.966,273.05,43.8
2014-12-03,45.925,36.55,14.135,10.12,39.115,19.99,65.04,142.55,88.568,67.724,10.93,95.07,19.255,52.68,59.38,77.447,43.725,59.39,48.425,51.06,6.115,153.498,137.9,43.975,56.18,6.536,18.85,14.019,272.65,43.495
2014-12-04,44.505,35.87,14.28,10.196,38.015,19.755,63.41,142.4,88.666,66.826,10.67,94.53,19.2,52.84,59.7,75.09,43.12,59.99,48.17,49.865,6.061,152.522,135.6,43.53,55.65,6.536,18.69,13.865,284.65,43.385
2014-12-05,45.185,37.235,14.715,10.06,39.28,20.52,63.54,145.75,90.574,68.057,10.992,95.49,19.72,53.54,60.42,75.726,45.33,61.66,49.83,51.92,6.255,153.823,139.1,43.98,57.0,6.536,19.135,14.183,291.0,44.43
2014-12-08,44.335,34.91,14.58,10.074,38.645,20.265,63.2,144.9,90.544,67.358,10.848,94.37,19.6,53.23,60.31,75.478,44.555,60.73,49.185,51.75,6.291,152.289,138.3,43.885,56.6,6.536,18.897,14.26,294.05,44.36
2014-12-09,43.23,33.66,13.845,9.953,37.23,19.61,61.95,142.0,87.648,66.393,10.4,92.66,19.08,52.09,59.19,73.568,43.26,58.01,48.195,49.98,6.096,149.176,135.9,42.955,55.85,6.536,18.542,13.884,301.8,43.515
2014-12-10,42.545,33.53,13.7,9.847,36.79,19.53,61.06,141.1,87.423,66.393,10.395,93.2,18.975,51.35,59.1,73.658,44.435,57.78,43.175,49.455,6.089,148.85,136.1,42.775,55.86,6.536,18.465,13.99,294.95,42.84
2014-12-11,42.57,32.96,13.985,9.841,36.515,19.445,61.59,141.0,87.335,65.841,10.318,93.1,19.07,50.52,59.18,74.772,44.24,58.0,41.32,49.45,6.045,147.642,135.4,42.44,55.41,6.536,18.35,13.884,293.35,43.15
2014-12-12,41.135,32.485,13.545,9.794,35.35,18.94,59.06,137.6,84.751,64.404,10.058,90.84,18.505,49.095,57.14,72.206,42.495,56.6,40.71,48.195,5.883,144.668,133.1,40.985,53.84,6.536,17.85,13.527,275.25,42.2
2014-12-15,39.37,32.05,13.25,9.57,34.365,18.275,57.57,134.8,82.305,62.828,9.798,89.61,18.04,48.835,56.31,70.714,41.25,55.41,40.545,46.45,5.635,141.183,130.1,40.195,52.83,6.536,17.4,13.238,272.85,41.46
2014-12-16,40.43,33.51,13.74,9.645,34.185,18.77,59.35,136.8,85.094,65.469,10.121,90.06,18.325,49.025,57.86,73.081,42.1,56.47,40.965,47.745,5.909,142.67,132.1,40.595,53.25,6.536,17.772,13.677,277.0,42.69
2014-12-17,41.845,33.575,13.52,9.665,33.885,18.77,58.41,125.85,85.211,65.881,9.962,89.01,18.23,48.895,57.35,73.697,43.135,56.32,40.95,47.48,5.904,141.694,133.5,41.045,52.89,6.536,17.983,13.614,304.7,42.47
2014-12-18,42.83,35.145,14.045,9.855,35.22,19.59,60.53,130.25,88.587,67.524,10.207,91.26,19.235,49.685,58.39,75.756,45.725,59.96,41.85,49.24,6.211,143.924,137.45,43.0,54.02,6.536,18.528,14.168,295.5,43.47
2014-12-19,42.86,34.855,14.245,9.936,34.46,19.495,59.99,129.95,88.852,67.325,10.203,91.74,19.305,49.975,59.23,74.97,45.41,59.96,41.69,48.445,6.162,144.668,137.65,43.0,54.12,6.536,18.5,14.236,305.0,45.1
2014-12-22,42.84,34.78,14.34,10.004,34.805,19.405,59.96,131.05,89.096,67.99,10.27,92.27,19.375,50.32,59.86,74.811,45.465,60.33,41.47,48.705,6.206,145.783,138.35,43.125,54.37,6.536,18.645,14.255,295.8,44.625
2014-12-23,43.745,35.585,14.565,10.04,35.475,19.83,61.26,132.5,90.094,68.921,10.458,93.03,19.585,50.81,60.46,75.229,46.39,60.34,41.74,49.6,6.192,147.317,139.85,43.7,54.52,6.536,18.972,14.366,294.85,45.175
2014-12-24,43.615,35.53,14.495,10.104,35.455,19.65,60.9,131.9,89.39,68.356,10.414,92.63,19.53,50.91,59.9,74.583,45.985,60.39,41.53,49.585,6.19,148.804,138.35,43.71,54.32,6.536,18.892,14.376,294.1,45.135
2014-12-25,43.615,35.53,14.495,10.104,35.455,19.65,60.9,131.9,89.39,68.356,10.414,92.63,19.53,50.91,59.9,74.583,45.985,60.39,41.53,49.585,6.19,148.804,138.35,43.71,54.32,6.536,18.892,14.376,294.1,45.135
2014-12-26,43.615,35.53,14.495,10.104,35.455,19.65,60.9,131.9,89.39,68.356,10.414,92.63,19.53,50.91,59.9,74.583,45.985,60.39,41.53,49.585,6.19,148.804,138.35,43.71,54.32,6.536,18.892,14.376,294.1,45.135
2014-12-29,43.745,35.65,14.435,10.066,35.26,19.95,61.39,132.5,90.026,68.755,10.4,93.39,19.39,50.97,60.71,75.488,46.165,60.28,41.525,50.1,6.21,148.711,140.15,43.81,54.87,6.536,18.948,14.438,287.1,45.085
2014-12-30,42.535,34.97,14.13,10.04,34.815,19.385,59.65,131.15,88.803,67.857,10.342,91.14,19.125,50.42,59.71,74.592,45.26,59.73,40.94,48.83,6.187,146.945,138.15,43.16,54.0,6.536,18.715,14.173,293.35,44.48
2014-12-31,42.52,35.23,14.15,10.108,34.99,19.43,60.61,132.25,90.691,68.422,10.361,92.26,19.205,51.25,59.64,75.249,45.51,59.48,41.35,49.26,6.2,148.246,139.3,43.545,54.45,6.536,18.817,14.226,294.8,44.995
2015-01-02,42.525,35.165,14.06,10.194,35.36,19.31,59.95,130.85,89.047,67.458,10.496,91.09,19.1,51.05,59.26,75.03,45.425,60.12,41.525,49.43,6.225,146.62,137.4,43.46,53.86,6.536,18.59,14.159,299.65,45.03
2015-01-05,39.98,33.65,13.52,10.132,33.78,18.49,57.34,127.05,87.922,65.369,10.015,89.11,18.39,50.95,58.08,72.872,43.88,59.32,41.65,47.03,6.132,143.274,134.15,42.06,52.48,6.536,18.165,13.807,290.0,44.535
2015-01-06,39.92,33.115,13.37,9.842,33.18,18.305,57.42,125.6,86.816,64.823,9.822,88.52,18.19,51.3,57.9,73.111,43.4,57.03,42.615,45.8,6.066,141.926,134.15,41.28,52.32,6.536,17.958,13.614,280.95,44.665
2015-01-07,40.825,33.025,13.59,9.781,32.825,18.135,57.78,125.7,88.069,65.116,9.683,90.32,18.385,52.16,58.32,73.886,45.0,57.27,43.725,45.035,6.193,144.296,134.9,40.98,52.93,6.536,18.042,13.72,287.35,45.2
2015-01-08,42.4,34.36,14.205,10.008,33.78,18.79,60.16,129.65,91.366,67.857,9.919,95.07,19.145,53.72,59.2,76.999,46.575,58.9,45.215,46.495,6.4,148.758,139.8,41.91,54.46,6.536,18.76,13.976,288.85,46.045
2015-01-09,41.065,33.83,13.97,9.906,33.4,18.22,58.8,127.7,89.488,66.334,9.692,94.16,18.715,53.97,58.96,74.473,46.565,59.26,44.55,44.935,6.366,147.735,137.8,41.71,53.22,6.536,18.575,14.173,282.8,46.77
2015-01-12,41.28,33.99,14.39,10.008,33.445,18.28,59.56,131.95,91.699,67.491,9.625,96.75,18.74,54.01,59.73,75.517,47.635,59.96,44.95,45.295,6.451,150.709,140.9,41.68,54.21,6.536,18.94,14.082,285.0,46.215
2015-01-13,41.7,34.51,14.63,9.979,33.865,18.63,61.46,132.95,92.374,68.156,9.976,98.03,19.165,54.21,60.14,76.413,48.27,59.31,45.565,46.345,6.527,154.102,142.65,41.475,54.47,6.536,19.308,14.665,289.75,47.735
2015-01-14,40.815,33.545,14.395,9.972,33.485,18.01,60.27,132.7,91.405,67.258,9.923,97.28,18.8,53.95,60.08,75.319,47.465,58.69,45.14,44.935,6.489,151.035,141.6,41.04,53.61,6.536,18.858,14.675,285.15,47.08
2015-01-15,41.95,33.385,14.595,10.182,33.985,18.26,62.19,135.05,94.889,68.722,10.135,99.8,19.49,54.85,61.15,77.417,48.2,60.89,46.27,46.085,6.583,154.985,146.1,42.445,54.75,6.536,19.21,14.887,285.8,48.065
2015-01-16,43.3,33.435,14.71,10.202,34.11,18.445,62.87,134.2,95.545,69.287,10.333,102.05,19.905,55.2,62.74,79.496,47.795,60.82,46.395,45.99,6.662,154.381,146.65,42.31,55.62,6.536,19.5,15.046,283.65,47.835
2015-01-19,43.055,33.975,14.69,10.312,34.865,18.63,63.58,134.2,95.584,69.786,10.323,102.75,20.035,56.17,62.68,79.287,48.47,61.25,46.65,46.615,6.682,155.264,146.75,42.825,55.72,6.536,19.78,15.224,287.05,48.05
2015-01-20,43.57,35.0,14.905,10.364,36.35,18.815,64.88,136.5,96.484,70.518,10.477,103.4,20.16,55.74,63.99,79.933,48.18,61.13,47.08,47.74,6.804,155.403,148.7,43.675,56.38,6.536,19.93,15.277,285.05,48.03
2015-01-21,44.45,36.13,14.92,10.318,36.71,18.705,66.67,137.4,97.228,70.684,10.641,103.1,20.25,55.48,64.17,80.172,48.825,60.81,46.82,48.27,6.896,160.561,149.8,44.1,56.84,6.536,20.188,15.292,282.95,47.91
2015-01-22,45.065,37.975,15.28,10.462,38.075,19.28,67.53,137.85,94.703,71.915,11.007,102.25,20.64,56.69,65.83,80.729,48.73,62.65,47.33,49.4,7.008,160.004,150.25,45.25,57.72,6.536,20.843,15.668,281.95,49.545
2015-01-23,45.945,38.535,15.565,10.722,37.81,19.505,68.24,141.85,97.208,73.079,10.833,106.7,20.695,59.44,67.42,83.126,49.29,63.9,49.28,49.0,7.273,165.162,155.65,46.435,60.0,6.536,21.185,15.673,292.75,47.615
2015-01-26,46.685,38.315,15.83,10.82,38.1,19.68,68.7,144.65,96.993,74.41,10.737,107.65,20.76,59.27,67.75,82.499,49.525,65.2,50.14,49.33,7.553,166.138,158.65,46.895,60.16,6.536,21.337,15.711,297.2,48.095
2015-01-27,46.39,37.725,15.83,10.854,37.225,19.465,67.27,145.1,95.838,73.844,10.578,105.9,20.85,59.09,67.04,81.435,47.775,63.64,49.07,48.845,7.358,165.209,156.3,45.67,60.07,6.536,20.882,15.562,297.75,47.91
2015-01-28,45.565,38.005,15.84,10.914,36.2,19.765,66.98,145.2,96.23,73.545,10.386,106.95,20.93,59.29,66.5,81.545,46.99,63.5,48.955,47.5,7.147,166.696,157.0,45.965,59.88,6.536,21.1,15.629,297.6,48.32
2015-01-29,44.91,38.175,16.095,10.994,36.26,19.995,67.35,144.7,96.993,74.676,10.361,108.15,21.155,59.74,66.42,81.813,47.345,64.26,48.275,47.65,7.392,167.3,160.2,46.955,60.16,6.536,21.538,15.865,298.85,47.53
2015-01-30,45.5,37.93,15.62,10.984,35.835,19.725,67.0,143.5,96.944,74.51,10.174,106.6,20.855,59.19,66.43,81.554,46.84,64.57,47.2,46.775,7.4,166.742,159.05,47.7,59.57,6.536,21.683,15.673,300.45,46.8
2015-02-02,47.0,37.64,15.6,10.818,36.0,19.835,67.2,143.3,95.466,75.241,10.256,107.7,20.815,58.93,66.37,81.624,47.305,64.19,46.87,47.195,7.392,165.58,157.7,47.53,59.34,6.536,22.058,15.509,292.4,46.945
2015-02-03,48.28,38.785,15.965,10.92,37.655,19.7,68.7,144.5,95.114,75.241,10.588,105.55,21.095,59.08,67.07,81.067,48.2,64.27,47.245,48.405,7.426,165.255,155.75,48.685,59.32,6.536,22.05,15.837,288.3,47.18
2015-02-04,47.75,38.755,16.03,10.954,37.16,19.605,68.3,156.25,94.41,75.774,10.429,108.05,21.01,59.91,68.08,81.147,48.325,65.22,47.635,48.805,7.66,168.973,157.95,48.765,59.0,6.536,22.058,15.89,297.1,48.115
2015-02-05,48.08,38.985,15.85,11.828,36.82,19.145,68.33,153.5,94.136,75.807,10.458,107.8,20.72,60.57,67.94,84.071,49.62,65.45,48.41,47.005,7.609,168.229,158.0,48.275,59.12,6.536,22.272,15.894,297.5,48.145
2015-02-06,47.68,38.55,15.97,11.606,37.22,19.01,68.0,152.8,93.911,74.643,10.569,105.75,20.86,60.36,67.59,84.538,49.405,65.38,48.345,47.17,7.677,169.949,157.6,46.94,58.89,6.536,22.05,15.697,293.35,48.92
2015-02-09,47.95,38.25,15.6,11.534,36.435,18.685,67.24,150.6,93.059,74.676,10.443,105.8,20.43,59.18,66.79,84.359,50.48,64.96,48.235,45.7,7.525,167.765,155.95,46.84,58.5,6.536,21.585,15.465,287.75,49.005
2015-02-10,47.35,38.815,16.075,11.65,36.55,18.96,67.7,156.15,93.715,75.574,10.593,107.15,20.855,60.53,67.25,84.807,51.34,65.9,49.735,46.17,7.75,170.46,157.55,47.375,58.67,6.536,21.032,15.668,293.4,50.83
2015-02-11,46.95,38.34,15.97,11.662,36.31,18.775,68.2,156.55,93.108,75.508,10.434,107.6,20.655,60.3,67.05,84.538,51.15,64.98,49.42,46.065,7.81,170.135,158.4,47.05,58.67,6.536,21.0,15.711,294.25,50.5
2015-02-12,47.35,39.18,16.105,11.612,36.905,18.8,68.59,159.15,94.136,77.038,10.915,103.2,20.845,60.77,69.56,84.459,51.41,65.69,49.775,47.25,7.959,169.809,157.9,46.65,58.14,6.536,21.07,15.692,292.75,50.74
2015-02-13,47.375,39.79,16.195,11.578,38.4,18.72,69.46,158.5,94.096,77.137,11.522,103.7,20.84,60.46,69.94,86.259,51.71,65.65,49.75,48.41,7.79,169.995,156.05,47.01,57.92,6.536,21.04,15.841,294.25,50.38
2015-02-16,47.115,40.27,16.345,11.678,38.62,18.6,69.09,156.95,93.353,76.472,11.474,103.3,20.535,60.81,70.6,85.254,52.74,66.14,50.45,49.175,7.781,168.369,154.5,46.34,57.2,6.536,20.97,15.774,290.1,50.23
2015-02-17,47.28,40.265,16.07,11.596,38.5,18.74,69.15,157.6,93.03,75.907,11.531,103.6,20.605,60.51,69.62,85.065,52.49,64.63,50.67,49.52,7.732,165.952,155.4,46.95,57.85,6.536,20.878,15.745,287.65,50.31
2015-02-18,47.265,40.81,15.435,11.74,40.045,18.68,70.01,158.75,94.263,76.439,12.408,102.35,21.005,61.2,71.08,86.239,52.48,64.84,51.39,50.91,7.804,166.138,155.45,47.885,58.22,6.536,21.237,15.803,290.4,51.51
2015-02-19,45.98,41.26,15.86,12.008,40.18,18.68,71.42,160.8,98.343,76.838,12.307,103.9,21.25,61.2,71.65,87.363,52.68,67.99,51.99,51.43,7.706,166.278,157.1,48.155,59.15,6.536,21.285,15.928,289.3,51.56
2015-02-20,46.035,41.505,15.695,12.06,40.455,18.59,71.38,161.0,97.179,77.071,12.417,103.2,21.15,61.63,71.28,86.915,52.72,68.04,52.46,51.29,7.82,166.928,157.6,48.4,60.0,6.536,21.392,15.996,286.35,51.8
2015-02-23,46.29,41.64,15.9,12.304,40.45,18.805,71.33,161.25,99.322,77.104,12.297,104.65,21.295,61.69,72.03,88.566,52.82,69.23,52.84,51.76,7.86,166.463,158.75,49.07,59.73,6.536,21.5,16.049,285.15,52.19
2015-02-24,47.185,41.615,16.13,12.27,40.81,19.24,70.94,161.2,100.447,77.537,12.336,104.4,21.435,60.92,72.29,88.268,53.16,70.49,51.85,51.98,7.91,167.579,159.3,48.91,60.49,6.536,21.565,16.458,283.45,51.78
2015-02-25,47.35,41.145,16.18,12.396,40.195,19.29,71.26,161.6,100.496,77.67,12.076,103.85,22.0,63.03,71.85,88.616,52.89,70.15,51.4,51.0,7.903,166.417,159.45,48.895,60.47,6.536,21.135,16.237,284.45,51.55
2015-02-26,47.25,40.3,16.45,12.5,40.97,19.475,71.61,161.95,101.426,78.202,12.143,105.95,22.47,62.52,72.76,87.064,53.47,71.7,51.63,51.61,7.998,168.834,161.2,49.265,61.85,6.536,21.042,16.372,283.2,50.53
2015-02-27,48.235,40.235,16.3,12.506,41.315,19.875,71.98,163.9,102.209,78.568,12.104,105.95,22.69,62.9,72.87,87.223,53.02,72.27,55.33,52.09,7.98,169.159,162.25,49.4,62.33,6.536,21.495,16.777,288.35,51.41
2015-03-02,47.19,39.875,16.26,12.494,41.485,19.44,70.93,164.75,102.258,78.335,12.273,105.25,22.465,63.76,72.9,85.931,53.05,72.54,56.09,52.54,8.195,168.741,162.1,48.28,61.8,6.536,21.31,16.81,287.45,50.98
2015-03-03,47.125,39.22,15.865,12.39,40.55,18.99,70.95,162.4,100.643,77.636,12.119,105.2,22.225,63.0,72.23,85.692,52.04,72.68,55.4,50.91,8.258,167.765,161.1,48.94,61.5,6.536,20.897,16.314,287.95,50.32
2015-03-04,47.435,39.465,16.05,12.24,41.005,19.0,71.0,165.1,102.111,78.401,12.311,106.3,22.53,63.77,72.32,86.975,52.74,72.77,56.52,51.92,8.333,169.066,163.3,49.2,61.37,6.536,20.885,16.391,292.1,51.16
2015-03-05,47.47,39.985,16.165,12.254,41.34,19.1,71.83,167.7,104.508,79.067,12.331,106.4,22.68,65.67,73.46,87.363,53.65,73.23,59.21,52.14,8.481,169.159,164.75,49.57,62.4,6.536,20.99,16.468,295.05,51.61
2015-03-06,47.005,40.23,15.955,12.362,41.805,18.895,71.95,168.9,102.942,78.9,12.567,106.65,22.79,65.63,73.92,87.174,54.15,73.06,59.42,52.08,8.514,170.228,165.6,49.29,62.42,6.536,21.128,16.41,297.05,52.48
2015-03-09,46.685,40.18,15.04,12.206,41.575,18.8,70.86,167.8,102.355,79.0,12.47,105.8,22.835,65.84,72.67,87.124,54.15,72.9,58.88,51.96,8.497,170.181,165.3,48.93,61.79,6.536,21.372,16.396,295.1,52.29
2015-03-10,45.18,39.82,15.315,12.184,40.95,18.44,70.18,166.25,102.453,78.202,12.249,105.25,22.395,66.08,72.52,85.911,53.86,72.66,58.88,51.04,8.632,171.297,164.8,48.725,60.85,6.536,21.138,16.372,290.05,52.19
2015-03-11,45.465,40.7,15.7,12.43,42.15,18.54,72.35,171.5,104.361,80.564,12.605,107.8,22.82,67.75,73.99,88.785,54.69,74.61,61.43,52.01,8.923,176.734,169.7,50.07,61.97,6.536,21.735,16.473,297.7,53.58
2015-03-12,45.44,40.225,15.495,12.476,42.18,18.23,71.83,170.6,104.459,80.297,12.576,106.55,23.11,66.8,74.52,89.014,54.29,74.85,62.08,51.6,8.625,177.57,169.05,49.56,61.63,6.536,21.763,16.68,299.95,53.42
2015-03-13,44.645,40.57,15.41,12.5,42.29,18.23,73.51,171.25,105.193,80.264,12.615,107.3,23.405,66.57,76.26,89.342,54.27,75.65,63.56,51.68,8.787,176.455,171.75,50.06,62.19,6.536,22.638,16.68,300.55,53.73
2015-03-16,44.57,41.15,15.37,12.69,42.79,18.485,74.46,174.7,106.514,81.428,12.793,108.7,23.76,68.05,76.47,91.57,54.91,76.42,63.86,52.44,9.162,181.102,173.3,50.54,62.66,6.536,22.997,16.772,313.75,53.68
2015-03-17,45.21,41.0,15.02,12.594,42.445,18.69,73.69,172.7,104.9,81.362,12.74,108.8,23.475,66.6,75.03,91.739,54.82,75.62,60.98,52.28,9.222,182.357,172.5,50.29,62.24,6.536,22.9,16.699,313.2,52.88
2015-03-18,46.0,41.175,14.805,12.646,42.01,18.85,73.61,170.75,105.095,81.395,12.591,109.2,23.325,66.2,74.81,92.554,54.53,75.44,61.19,52.25,9.142,183.1,170.95,49.29,62.88,6.536,22.765,16.767,312.3,52.62
2015-03-19,46.475,40.845,14.815,12.668,42.57,18.83,72.95,168.3,104.753,80.83,12.74,109.15,23.325,66.18,74.75,92.475,54.4,76.37,61.08,52.96,9.026,180.545,170.25,49.685,62.63,6.536,22.847,16.815,311.85,52.75
2015-03-20,47.635,41.56,14.89,12.712,43.155,19.0,74.18,169.25,106.025,81.029,12.918,109.15,23.825,65.54,74.68,93.121,55.47,76.02,61.4,53.98,9.198,179.662,172.1,50.45,62.75,6.536,22.812,16.883,312.4,53.26
2015-03-23,46.95,40.555,14.78,12.706,43.735,18.895,73.5,164.5,105.291,80.364,13.014,108.55,23.425,65.14,74.22,92.992,54.95,76.25,60.0,54.54,9.008,176.362,171.15,49.71,62.66,6.536,22.388,16.94,307.0,52.51
2015-03-24,46.885,41.515,15.17,12.698,44.83,18.97,73.53,166.45,105.829,81.029,13.231,107.85,23.67,65.39,74.42,93.529,55.29,76.77,60.31,55.8,8.994,174.782,171.4,50.36,62.98,6.536,22.77,16.95,311.2,52.49
2015-03-25,46.505,40.96,15.175,12.4,44.835,18.87,71.9,163.6,103.04,80.098,13.164,106.55,23.555,64.38,72.81,91.639,54.37,73.99,58.89,54.85,8.6,171.947,168.95,49.26,62.16,6.536,22.7,17.061,312.2,51.69
2015-03-26,46.59,40.565,14.935,12.4,44.29,18.645,71.71,162.35,102.355,79.665,12.961,107.9,23.25,64.26,70.81,90.884,54.09,75.11,60.14,55.12,8.278,171.947,169.0,49.44,62.23,6.536,22.96,16.907,312.1,51.53
2015-03-27,46.595,40.95,15.045,12.466,44.655,18.77,72.13,162.25,104.019,79.932,13.106,110.45,23.53,64.15,71.02,91.192,54.24,76.63,60.41,56.19,8.424,171.204,172.15,49.995,62.92,6.536,22.935,17.423,316.5,51.91
2015-03-30,47.0,40.965,15.14,12.662,45.63,18.705,72.34,164.5,105.046,80.763,13.38,111.15,23.75,64.96,72.31,92.196,54.14,78.12,61.19,57.26,8.731,171.808,172.55,50.7,62.69,6.536,23.29,17.331,314.85,51.91
2015-03-31,46.275,40.895,14.965,12.628,44.97,18.405,72.35,164.15,104.508,79.699,13.169,110.15,23.455,65.0,71.83,91.431,53.23,76.37,60.44,56.57,8.696,168.973,171.35,50.34,62.62,6.536,23.153,16.984,328.4,51.7
2015-04-01,46.37,41.505,14.965,12.344,45.655,18.54,73.11,163.3,104.948,79.965,13.578,110.2,23.8,65.65,71.48,92.425,54.13,76.75,60.91,57.03,8.576,167.997,171.3,51.34,62.84,6.536,23.185,17.003,331.45,52.32
2015-04-02,45.845,41.805,15.085,12.338,45.92,18.505,73.89,163.55,106.563,79.699,13.583,111.25,23.915,65.95,72.26,93.221,54.26,76.9,60.76,57.24,8.612,162.839,172.7,51.54,63.4,6.536,23.31,16.989,333.75,52.32
2015-04-03,45.845,41.805,15.085,12.338,45.92,18.505,73.89,163.55,106.563,79.699,13.583,111.25,23.915,65.95,72.26,93.221,54.26,76.9,60.76,57.24,8.612,162.839,172.7,51.54,63.4,6.536,23.31,16.989,333.75,52.32
2015-04-06,45.845,41.805,15.085,12.338,45.92,18.505,73.89,163.55,106.563,79.699,13.583,111.25,23.915,65.95,72.26,93.221,54.26,76.9,60.76,57.24,8.612,162.839,172.7,51.54,63.4,6.536,23.31,16.989,333.75,52.32
2015-04-07,47.595,42.225,15.33,12.57,46.445,19.4,74.99,165.55,108.129,80.697,13.602,112.75,24.17,66.21,73.25,95.26,54.56,78.52,60.4,57.18,8.621,164.14,175.15,52.31,64.18,6.536,23.23,17.317,337.45,53.13
2015-04-08,47.05,42.525,15.19,12.402,46.49,19.245,72.62,167.5,107.786,80.098,13.611,112.45,24.095,66.22,73.1,95.081,54.51,77.84,60.04,57.67,8.507,163.861,174.05,52.25,64.3,6.536,23.375,17.432,340.95,53.53
2015-04-09,47.965,43.06,15.5,12.698,46.565,19.275,73.37,170.8,109.058,81.462,13.722,113.8,24.355,66.88,74.63,96.632,55.27,79.2,61.27,57.93,8.654,166.649,175.95,52.72,64.96,6.536,23.882,17.924,342.3,53.97
2015-04-10,48.52,42.02,15.45,12.746,46.185,19.265,73.62,172.4,110.624,81.561,13.66,113.95,24.475,68.15,75.48,98.213,55.04,79.5,61.91,57.25,8.904,164.047,178.95,52.67,64.95,6.536,24.03,18.151,345.35,54.66
2015-04-13,48.76,42.335,15.955,12.778,46.625,19.245,73.28,172.55,110.722,81.329,13.626,113.4,24.415,68.27,74.84,98.442,56.56,79.62,62.79,57.62,9.037,163.396,178.65,52.88,65.11,6.536,23.968,18.155,341.5,54.95
2015-04-14,48.73,41.7,15.87,12.78,45.73,19.145,72.11,168.25,110.428,81.096,13.462,113.3,24.16,67.64,73.72,97.388,56.45,79.56,61.13,56.8,8.873,162.142,177.6,52.48,64.82,6.536,23.625,18.02,339.7,54.38
2015-04-15,49.74,41.75,15.825,12.678,46.045,19.365,72.48,171.2,110.33,81.528,13.689,115.0,24.27,68.24,73.9,97.726,56.67,78.82,62.73,57.14,8.833,162.42,178.1,52.77,66.31,6.536,24.105,18.319,338.65,54.4
2015-04-16,49.31,41.225,15.835,12.56,45.6,19.47,70.97,169.05,109.694,80.83,13.279,114.75,23.995,67.89,73.55,96.493,56.7,79.3,63.97,56.33,8.835,163.536,178.75,51.91,66.8,6.536,24.173,18.314,339.25,53.87
2015-04-17,48.87,40.61,15.405,12.47,44.83,19.315,69.62,165.45,106.906,79.732,12.904,112.5,23.435,67.21,72.81,95.13,55.8,77.09,62.18,55.11,8.509,162.978,176.3,50.88,66.08,6.536,23.968,18.31,335.1,53.73
2015-04-20,49.38,41.225,15.535,12.746,45.93,19.385,70.18,165.0,108.863,80.497,13.063,112.8,23.77,67.56,72.34,95.638,56.27,78.29,63.11,56.07,8.64,164.372,177.2,51.49,66.09,6.536,24.115,18.396,340.1,54.48
2015-04-21,48.695,41.365,15.325,13.356,45.24,19.3,70.47,164.1,109.303,81.961,12.928,113.0,23.5,68.98,76.81,95.389,57.09,78.77,64.54,55.59,8.977,165.441,178.15,52.7,66.22,6.536,23.94,18.488,345.15,54.64
2015-04-22,48.425,41.27,15.53,13.128,45.75,19.095,70.68,160.85,111.162,81.695,13.183,113.6,23.485,70.0,78.3,95.966,56.77,80.14,65.8,58.01,9.274,159.028,177.1,52.21,66.8,6.536,23.948,18.387,338.95,54.89
2015-04-23,48.415,40.415,15.35,13.814,45.105,18.92,69.39,159.3,110.526,80.564,13.188,116.3,23.11,69.11,77.61,94.832,56.27,78.73,65.64,58.01,8.855,157.076,175.0,51.26,66.79,6.536,25.5,18.334,337.75,55.09
2015-04-24,48.005,41.07,15.49,13.866,45.835,19.29,69.4,161.05,111.554,79.366,13.592,117.25,22.87,68.83,77.86,95.339,56.69,78.37,65.14,58.99,8.705,156.054,175.75,52.36,66.98,6.536,25.462,18.864,338.3,55.05
2015-04-27,49.17,41.675,15.62,14.222,46.755,19.51,70.65,162.65,112.434,80.73,13.809,116.9,23.325,68.28,78.13,96.801,56.27,84.54,65.75,59.17,8.839,158.61,179.25,53.51,67.48,6.536,25.625,18.922,337.65,55.83
2015-04-28,49.68,40.495,14.89,13.89,46.215,19.315,69.17,158.85,109.45,79.366,13.698,114.75,22.5,68.03,76.21,93.638,56.22,81.49,62.9,58.61,8.512,157.866,174.0,52.13,66.37,6.536,25.138,18.845,335.95,54.72
2015-04-29,48.435,40.0,14.495,13.516,45.21,18.735,66.88,155.75,105.731,77.171,13.491,110.4,22.245,65.23,73.95,91.063,54.77,78.38,60.58,57.35,8.211,157.541,169.2,51.17,64.38,6.536,24.545,18.223,339.65,53.06
2015-04-30,48.485,40.7,14.74,13.76,44.705,18.205,66.84,156.6,106.416,77.703,13.39,111.0,22.615,65.25,74.86,90.704,54.82,79.5,62.0,56.44,7.12,153.405,170.45,51.64,64.51,6.536,24.917,18.242,337.05,54.24
2015-05-01,48.485,40.7,14.74,13.76,44.705,18.205,66.84,156.6,106.416,77.703,13.39,111.0,22.615,65.25,74.86,90.704,54.82,79.5,62.0,56.44,7.12,153.405,170.45,51.64,64.51,6.536,24.917,18.242,337.05,54.24
2015-05-04,48.13,41.14,14.9,13.828,45.325,18.035,67.38,159.5,107.933,78.9,13.448,114.0,22.735,65.15,75.5,91.789,54.6,79.99,61.6,56.75,7.004,156.565,173.35,51.98,64.97,6.536,24.96,18.85,346.4,54.43
2015-05-05,47.675,40.395,14.205,13.636,44.765,17.775,67.0,154.65,104.655,77.204,13.043,110.85,22.275,63.98,73.08,89.551,53.76,78.11,59.9,55.04,6.792,153.869,166.7,50.77,63.68,6.536,24.785,17.529,335.2,54.1
2015-05-06,47.845,40.405,14.43,13.49,43.75,17.985,67.64,154.25,104.997,77.67,13.116,109.9,22.54,63.91,72.3,89.949,53.3,77.52,60.28,56.03,6.888,149.966,167.75,50.75,63.93,6.536,24.915,17.398,331.0,53.33
2015-05-07,46.765,40.135,14.47,13.58,43.3,17.945,66.91,155.9,104.508,77.37,13.178,109.55,23.18,65.09,72.83,89.402,52.75,78.9,60.36,56.35,6.94,150.105,168.6,49.835,62.14,6.536,25.062,17.558,331.95,53.5
2015-05-08,48.0,41.415,14.77,13.8,44.075,18.525,68.49,160.8,109.156,80.231,13.409,111.3,23.445,67.25,74.74,91.192,53.67,80.71,63.4,57.41,7.0,152.382,173.45,50.73,63.89,6.536,25.525,17.871,337.45,54.7
2015-05-11,47.515,41.25,14.49,13.822,44.145,18.4,68.0,158.35,107.395,79.067,13.39,110.45,22.325,66.55,75.03,88.447,53.1,80.5,62.09,56.86,7.042,152.522,170.15,50.27,62.91,6.536,25.175,17.991,337.1,54.32
2015-05-12,46.98,41.11,14.305,13.804,43.805,18.25,67.61,155.9,105.34,77.936,13.284,109.0,22.165,65.0,73.49,88.208,52.67,79.77,60.71,56.11,7.214,153.312,168.25,50.24,62.17,6.536,24.728,17.823,331.2,53.51
2015-05-13,47.03,41.085,14.33,13.748,44.135,17.795,68.08,154.4,104.019,77.603,13.539,108.25,22.47,63.77,73.57,87.711,52.66,80.33,60.2,55.99,7.12,153.312,166.25,49.965,62.01,6.536,24.823,18.059,333.1,54.02
2015-05-14,47.335,40.845,14.46,13.996,44.93,17.875,69.32,158.85,106.563,78.734,13.78,109.25,22.76,64.25,74.46,88.775,53.72,81.69,60.87,56.9,7.206,155.542,170.15,50.58,62.81,6.536,25.312,18.343,338.85,54.32
2015-05-15,46.47,40.665,14.21,13.866,44.65,17.825,68.41,158.75,106.514,78.036,13.698,108.55,22.785,63.72,74.86,87.601,53.6,80.85,60.86,56.74,7.112,154.892,168.4,50.09,62.51,6.536,25.025,18.29,340.15,55.09
2015-05-18,46.67,41.09,14.74,13.99,44.025,17.8,68.44,160.15,106.563,77.171,13.279,109.45,22.825,64.15,74.92,88.745,53.4,81.06,61.5,56.65,7.216,156.518,169.8,50.57,62.76,6.536,25.375,18.237,344.4,55.55
2015-05-19,47.305,42.02,14.865,14.23,44.65,18.275,69.88,165.95,108.471,78.867,13.404,111.5,23.66,65.12,76.79,90.854,55.04,82.34,62.81,57.41,7.307,158.284,174.8,51.96,63.58,6.536,25.763,18.531,349.95,56.92
2015-05-20,47.4,42.525,14.835,14.354,45.03,18.64,70.02,166.0,108.961,78.801,13.592,112.4,23.85,65.59,77.13,91.072,55.29,83.51,63.34,56.85,7.446,157.262,175.0,51.88,63.6,6.536,25.612,18.647,349.65,57.03
2015-05-21,47.82,43.225,14.83,14.456,44.975,18.66,70.41,165.6,109.058,78.967,13.544,112.1,23.93,65.94,76.71,91.878,55.46,83.7,63.94,56.47,7.429,154.659,174.9,52.03,63.28,6.536,25.812,18.594,348.9,57.3
2015-05-22,47.73,43.315,14.6,14.424,44.75,18.725,70.11,166.4,110.918,78.867,13.636,111.95,23.935,66.05,76.06,91.799,55.47,82.36,63.73,57.01,7.431,151.499,174.8,51.68,63.61,6.536,25.65,18.551,350.75,57.61
2015-05-25,47.545,43.06,14.47,14.33,44.535,18.5,69.56,165.9,110.282,78.734,13.486,112.1,23.805,65.96,76.48,90.834,55.15,81.65,63.36,56.23,7.325,152.336,174.2,51.81,63.62,6.536,25.638,18.435,348.05,57.26
2015-05-26,46.825,43.13,14.505,14.372,43.29,18.42,69.09,165.0,109.645,77.936,13.409,111.0,23.78,66.03,75.39,90.148,55.03,81.18,63.49,55.57,7.393,150.942,173.6,51.38,63.52,6.536,25.188,18.276,347.15,57.45
2015-05-27,47.4,43.79,14.735,14.418,44.195,18.875,71.28,167.85,111.358,79.932,13.799,112.55,24.165,67.21,75.74,93.022,56.33,81.4,65.26,56.47,7.579,150.942,177.65,52.93,64.32,6.536,25.6,18.671,351.95,57.95
2015-05-28,46.925,43.565,14.685,14.384,43.545,18.83,71.06,166.55,111.26,79.865,13.419,113.25,23.745,66.73,75.07,91.769,55.39,81.59,64.64,56.15,7.851,150.942,176.5,52.38,64.17,6.536,24.972,18.483,350.5,57.6
2015-05-29,45.975,42.43,14.36,14.234,42.525,18.375,68.78,162.15,108.765,78.036,13.091,112.55,22.915,64.41,72.81,88.666,54.08,79.02,62.0,54.93,7.774,148.665,171.95,51.24,62.53,6.536,24.392,18.237,355.65,56.64
2015-06-01,46.0,42.315,14.55,14.28,42.205,18.24,68.77,163.2,108.961,78.135,13.01,114.4,22.93,64.92,73.02,89.571,54.79,79.29,61.82,54.85,7.702,148.479,173.6,51.61,63.22,6.536,24.628,18.367,361.8,56.84
2015-06-02,46.155,42.095,14.635,14.26,42.755,18.085,67.24,165.1,108.031,77.204,13.318,108.85,22.94,64.4,71.98,89.153,54.76,78.88,61.51,55.53,7.761,148.2,169.65,50.86,62.58,6.536,24.4,18.276,363.35,56.5
2015-06-03,46.375,42.41,14.6,14.134,43.31,18.11,68.03,165.55,109.156,77.969,13.342,107.85,22.98,63.65,71.73,90.625,54.29,79.52,61.43,56.77,7.684,150.152,170.55,51.49,63.05,6.536,24.587,18.541,362.3,56.67
2015-06-04,45.5,42.445,14.505,14.014,43.02,17.835,67.29,163.45,108.618,77.137,13.149,107.05,22.755,63.12,69.53,90.655,53.77,78.76,60.77,56.34,7.665,148.711,170.0,51.04,62.38,6.536,24.29,18.237,350.45,56.25
2015-06-05,45.555,42.59,14.26,13.81,42.3,17.635,67.09,160.3,106.416,75.84,12.899,105.0,22.405,61.72,68.84,88.656,53.3,77.68,59.66,55.3,7.64,145.83,166.65,50.95,61.17,6.536,24.14,17.905,346.6,55.44
2015-06-08,44.185,42.53,13.63,13.58,42.015,17.39,66.0,160.25,105.34,75.075,12.663,104.9,22.12,61.23,68.45,87.611,52.63,76.93,59.15,54.63,7.619,144.761,165.85,50.61,60.79,6.536,23.903,17.64,344.35,55.23
2015-06-09,44.08,41.925,13.555,13.654,42.195,17.265,66.02,155.15,103.97,75.308,12.74,105.45,22.155,61.05,68.77,87.373,52.25,77.73,58.95,54.39,7.496,143.041,164.7,50.6,60.47,6.536,24.45,17.538,345.85,55.25
2015-06-10,45.025,41.545,13.825,13.64,42.985,17.53,65.96,161.55,106.465,76.938,12.986,106.8,22.53,61.86,68.84,88.755,52.81,77.69,60.53,55.56,7.498,149.036,167.8,51.48,61.32,6.536,25.35,17.799,354.7,56.02
2015-06-11,45.4,41.78,14.09,13.766,43.425,17.52,65.0,165.5,107.248,77.969,12.966,106.75,22.775,62.04,70.13,89.959,53.02,78.98,61.45,56.02,7.487,147.828,168.75,52.02,61.58,6.536,25.237,18.126,360.6,55.4
2015-06-12,44.56,41.025,13.9,13.664,42.895,17.16,63.77,162.35,105.585,76.439,12.899,105.0,22.51,61.63,68.82,88.715,52.3,78.14,60.44,55.3,7.448,148.618,165.65,51.88,60.68,6.536,24.8,17.842,358.6,55.22
2015-06-15,43.885,40.485,13.55,13.37,41.91,16.89,63.59,159.85,102.845,75.009,12.562,104.5,22.085,60.91,67.46,86.627,51.12,76.97,59.29,53.96,7.202,146.806,163.2,51.03,60.34,6.536,24.535,17.317,352.55,54.19
2015-06-16,43.905,40.67,13.665,13.532,41.925,16.91,63.63,160.3,104.068,75.375,12.581,105.05,22.52,61.21,67.97,87.104,51.65,78.11,59.37,53.67,7.391,144.436,164.95,51.06,60.84,6.536,24.535,17.519,352.5,54.37
2015-06-17,44.39,40.235,13.435,13.376,41.645,16.915,63.04,159.2,102.649,75.175,12.494,104.45,22.365,60.65,67.19,85.573,50.99,77.83,57.96,53.14,7.209,142.716,162.35,50.07,60.01,6.536,24.192,17.249,347.95,53.77
2015-06-18,44.3,40.45,13.685,13.316,42.055,17.06,63.27,159.9,103.627,75.674,12.581,105.0,22.535,61.12,67.47,85.901,51.6,78.57,57.69,53.08,7.116,143.227,163.75,50.42,59.52,6.536,24.112,17.456,346.95,54.03
2015-06-19,44.125,40.625,13.81,13.416,42.405,17.07,63.06,159.95,103.97,75.341,12.687,104.8,22.42,62.24,67.36,85.95,52.2,79.12,58.94,53.61,7.052,143.785,161.8,50.75,59.11,6.536,24.458,17.495,344.4,54.43
2015-06-22,45.42,42.74,14.845,13.592,43.75,17.655,65.51,168.0,107.835,78.934,13.342,105.6,23.3,63.21,68.53,90.307,54.34,81.09,60.64,56.32,7.354,148.432,168.2,52.2,60.61,6.536,24.837,18.271,356.25,55.52
2015-06-23,46.045,43.245,14.95,13.686,44.335,17.785,65.87,170.35,109.352,79.599,13.549,106.55,23.375,64.03,69.5,91.57,54.8,82.54,61.99,57.36,7.57,149.687,169.7,52.69,60.96,6.536,24.978,18.507,359.25,56.25
2015-06-24,46.51,42.79,14.455,13.686,44.03,17.73,66.02,170.85,109.645,79.333,13.53,108.0,23.455,63.57,68.71,92.097,54.82,81.27,61.69,56.86,7.462,150.756,169.0,52.52,60.47,6.536,24.65,18.507,357.55,56.83
2015-06-25,46.445,42.945,14.545,13.79,44.135,17.605,65.82,170.9,109.597,79.532,13.549,107.6,23.53,63.49,69.67,91.848,54.95,82.57,61.83,57.03,7.608,150.57,167.45,52.93,60.57,6.536,24.743,18.541,356.85,56.52
2015-06-26,46.42,42.825,14.67,13.64,44.455,17.49,65.59,171.2,110.526,79.799,13.611,108.2,23.855,63.51,69.57,92.455,55.05,82.75,61.51,57.63,7.717,151.778,168.65,53.15,60.66,6.536,24.642,18.498,357.65,56.27
2015-06-29,44.64,41.15,14.055,13.244,42.09,16.85,62.96,163.6,106.416,76.971,12.928,105.9,22.6,61.63,67.23,89.044,52.83,80.23,59.3,54.81,7.469,151.035,161.95,51.34,59.07,6.536,23.872,17.982,352.0,54.85
2015-06-30,43.57,40.27,13.81,13.044,41.87,16.64,61.93,157.15,104.704,75.474,12.846,103.6,22.63,60.79,66.32,87.761,51.88,79.37,58.2,54.15,7.355,148.85,160.0,50.36,57.99,6.536,23.497,17.635,334.6,54.16
2015-07-01,43.89,41.545,14.08,13.372,42.97,16.73,62.87,161.65,106.906,77.004,13.169,105.7,23.005,62.13,67.95,89.213,53.3,81.93,60.37,55.37,7.375,153.358,160.85,51.0,59.2,6.536,23.927,17.789,338.15,55.46
2015-07-02,43.905,40.925,14.16,13.2,42.315,16.97,62.08,158.9,104.997,76.04,12.981,105.05,22.6,61.0,66.65,88.596,53.1,81.07,59.52,54.71,7.251,151.174,159.35,50.3,59.14,6.536,23.618,17.967,334.95,54.44
2015-07-03,43.785,40.57,14.085,13.198,41.98,16.72,61.87,157.65,104.851,75.907,12.875,104.0,22.545,61.0,66.36,87.701,53.3,80.72,59.21,54.27,7.261,150.012,158.35,50.12,58.7,6.536,23.5,17.895,334.5,53.9
2015-07-06,42.9,39.745,13.655,13.174,40.395,16.32,60.53,153.25,102.796,74.543,12.519,103.25,21.81,60.3,65.62,86.686,52.1,80.42,58.38,51.97,7.376,149.269,155.9,49.31,58.09,6.536,23.22,17.432,329.45,53.43
2015-07-07,42.005,38.245,13.25,12.902,39.275,16.11,59.08,147.95,101.279,72.614,12.181,102.6,21.14,58.95,65.0,85.563,51.45,79.33,56.62,50.5,7.025,143.739,153.95,48.355,57.5,6.536,22.888,17.172,320.5,52.34
2015-07-08,42.245,38.875,13.365,12.784,39.5,16.3,60.01,149.35,102.306,73.013,12.206,101.95,21.455,60.12,66.12,86.547,51.64,79.41,57.16,50.93,6.982,144.575,155.6,48.93,57.93,6.536,22.68,17.268,325.0,53.81
2015-07-09,43.305,39.79,13.655,13.078,40.955,16.73,61.11,153.4,105.78,75.275,12.711,103.4,22.095,60.88,68.32,88.894,52.85,82.5,58.6,52.38,7.064,147.735,159.75,49.845,59.4,6.536,23.355,17.659,330.85,54.45
2015-07-10,44.345,41.22,14.325,13.412,42.45,17.25,63.1,158.75,109.205,77.57,13.106,106.25,23.015,62.74,69.35,91.968,54.35,84.74,60.4,54.49,7.181,151.499,164.65,50.92,60.94,6.536,23.538,18.387,337.0,55.53
2015-07-13,44.675,42.05,14.64,13.626,43.555,17.475,63.99,162.0,111.211,79.033,13.501,108.2,23.665,63.6,71.31,94.504,55.32,86.98,62.28,55.77,7.169,153.219,166.6,51.42,61.63,6.536,23.885,18.647,339.2,56.72
2015-07-14,45.1,41.99,14.78,13.552,43.78,17.575,64.02,162.7,113.07,79.067,13.597,109.6,23.81,64.9,71.33,96.095,55.74,86.74,62.88,56.36,7.223,153.73,168.9,51.83,62.15,6.536,24.003,18.748,334.15,56.65
2015-07-15,45.25,41.86,14.915,13.706,44.195,17.625,62.65,161.5,114.538,79.599,13.669,109.35,23.895,65.56,71.46,96.871,56.09,87.4,63.69,56.29,7.382,152.289,169.6,51.44,61.73,6.536,23.862,18.994,334.0,57.4
2015-07-16,45.74,42.895,15.43,13.706,44.875,17.835,63.74,162.3,116.74,80.198,13.775,110.5,24.495,66.07,72.94,98.253,56.67,88.28,65.12,57.55,7.356,155.31,171.05,52.16,62.69,6.536,24.25,19.182,338.5,57.82
2015-07-17,45.64,43.14,15.59,13.65,44.845,17.66,63.89,166.95,116.593,80.331,13.689,110.5,24.485,66.0,73.25,98.522,56.59,87.99,64.65,57.31,7.45,155.31,170.35,52.14,62.53,6.536,24.325,19.144,340.25,57.99
2015-07-20,45.665,43.23,15.525,14.07,45.315,17.705,64.24,169.15,117.327,80.497,13.857,111.3,24.63,65.78,72.97,97.955,56.52,89.37,64.74,57.45,7.44,157.866,172.45,52.62,62.88,6.536,24.612,19.163,341.0,58.38
2015-07-21,45.435,43.07,15.325,13.934,45.125,17.575,63.91,168.35,116.593,79.965,13.799,110.7,24.35,64.73,72.08,96.871,56.5,89.16,64.08,57.05,7.309,157.587,170.15,52.25,62.39,6.536,24.702,18.96,339.95,57.27
2015-07-22,44.63,42.92,15.37,14.048,45.33,17.48,63.42,167.5,116.397,79.133,13.761,110.0,24.41,63.27,72.12,96.921,56.82,88.79,63.36,56.85,6.805,156.518,168.9,51.98,62.52,6.536,24.612,19.148,342.05,56.93
2015-07-23,44.63,42.545,15.3,14.008,45.65,17.46,64.01,167.2,116.691,78.801,13.852,110.2,24.605,62.84,70.21,97.716,56.33,89.83,63.04,57.09,7.332,156.983,169.05,51.92,62.16,6.536,24.683,19.766,347.8,56.77
2015-07-24,44.245,41.945,15.31,14.258,45.265,17.37,63.86,166.05,116.104,78.202,13.78,109.75,24.115,62.6,68.95,97.637,55.96,90.15,63.06,57.21,7.154,155.542,169.4,52.22,61.84,6.536,24.163,19.698,348.7,61.0
2015-07-27,42.98,41.09,14.95,13.796,43.885,16.87,62.01,160.95,113.511,76.406,13.554,106.8,23.7,59.94,67.44,95.578,54.96,86.9,60.3,55.71,6.958,151.871,166.15,50.52,60.37,6.536,23.625,19.365,342.2,59.57
2015-07-28,43.215,41.92,15.09,13.776,44.475,16.54,62.66,165.8,114.734,77.337,13.766,107.85,24.015,60.98,67.76,96.354,55.55,86.95,61.23,56.76,6.95,160.329,167.75,51.05,60.85,6.536,22.19,19.505,343.9,60.71
2015-07-29,44.315,41.98,15.4,13.782,44.12,16.89,62.74,169.0,117.18,76.838,13.664,108.0,23.995,61.35,67.89,97.468,56.21,87.47,62.12,56.23,7.028,160.84,169.9,52.07,61.36,6.536,22.03,19.476,348.65,61.51
2015-07-30,44.96,42.685,15.0,13.828,44.58,17.56,62.56,168.6,115.37,77.869,13.708,108.8,24.15,67.51,67.83,97.239,56.08,87.0,62.41,57.66,7.126,162.653,170.35,55.8,61.57,6.536,22.325,19.524,349.1,60.8
2015-07-31,45.075,43.165,14.935,13.754,44.8,17.485,63.59,170.7,114.098,78.867,13.814,109.05,24.0,68.86,68.94,97.438,58.4,87.05,64.6,59.31,7.113,163.21,170.35,56.05,61.69,6.536,22.3,19.597,354.45,61.63
2015-08-03,44.95,43.295,15.215,13.942,45.0,17.645,63.89,171.15,115.957,79.665,13.871,109.75,24.255,69.75,68.32,98.104,59.45,86.99,65.73,59.55,7.09,163.396,174.6,56.22,62.93,6.536,22.478,19.317,353.8,62.25
2015-08-04,44.65,43.185,15.215,13.974,44.645,17.545,64.16,171.1,116.055,80.031,12.461,109.75,24.22,69.95,68.91,97.637,59.3,87.05,64.89,59.76,6.925,163.582,175.45,57.25,62.94,6.536,22.625,19.939,354.55,62.37
2015-08-05,45.465,44.055,15.26,14.0,48.17,17.82,64.74,175.6,116.202,81.129,12.547,110.3,24.61,69.95,69.15,100.103,59.31,87.88,66.73,60.45,7.12,165.859,178.0,56.92,63.16,6.536,23.165,20.296,352.95,62.75
2015-08-06,45.295,44.475,15.265,13.844,48.095,17.75,64.88,175.35,114.832,80.896,12.716,110.95,24.875,70.46,68.24,99.755,59.45,86.75,67.18,60.68,6.953,168.648,178.15,56.45,63.27,6.536,22.872,20.363,351.6,62.27
2015-08-07,45.795,43.56,14.985,13.662,47.875,17.91,64.2,173.45,113.413,80.198,12.562,110.25,24.725,70.0,67.15,97.706,59.2,85.68,66.5,60.25,7.028,167.439,176.95,56.26,62.55,6.536,22.905,20.002,350.5,61.66
2015-08-10,45.89,44.185,15.245,13.846,48.33,17.94,64.98,174.3,114.881,81.063,12.519,110.1,25.195,70.62,66.94,99.208,60.33,86.83,66.13,60.45,7.118,167.161,178.05,56.82,62.78,6.536,22.907,20.272,352.65,62.42
2015-08-11,45.505,43.535,15.15,13.724,47.91,17.675,63.3,164.85,112.826,78.767,12.475,106.65,24.76,69.62,65.9,97.885,59.75,86.11,64.28,59.64,7.012,160.654,173.65,56.81,61.88,6.536,22.315,20.132,338.8,62.07
2015-08-12,44.535,41.665,14.725,13.29,46.23,17.29,60.73,155.85,109.009,76.306,12.167,102.8,23.79,67.95,64.31,93.877,57.95,82.88,60.95,57.93,6.712,156.611,164.6,54.88,59.9,6.536,22.255,19.467,325.55,60.16
2015-08-13,44.38,42.435,14.885,13.444,46.985,17.43,60.62,160.4,110.82,77.071,12.278,105.5,24.155,69.24,64.51,95.23,58.6,85.91,62.45,58.69,6.693,158.842,167.9,55.92,60.45,6.536,22.608,19.794,328.7,61.28
2015-08-14,44.0,42.39,14.86,13.516,46.7,17.22,60.5,159.6,111.162,76.871,12.148,105.05,23.9,70.88,64.02,93.549,58.23,85.57,62.4,58.15,6.61,158.005,166.25,55.69,60.32,6.536,22.583,19.703,330.1,62.59
2015-08-17,44.485,42.53,14.81,13.446,47.3,17.36,60.43,160.3,111.749,76.772,12.403,104.7,24.105,70.35,63.66,94.474,58.3,85.88,63.01,59.12,6.682,157.587,166.6,55.2,60.33,6.536,22.515,19.833,330.1,62.36
2015-08-18,43.75,42.36,14.75,13.512,47.215,17.17,59.76,158.9,111.603,76.539,12.422,103.75,24.155,71.07,63.58,94.772,58.31,86.39,62.96,59.34,6.679,157.262,165.5,55.14,60.13,6.536,22.26,20.175,329.0,62.93
2015-08-19,42.965,41.515,14.48,13.366,46.795,16.93,58.51,154.1,109.058,74.776,12.268,102.5,23.67,69.9,63.45,92.883,57.8,84.67,61.86,58.94,6.555,155.496,162.15,54.39,59.1,6.536,21.897,19.915,325.7,62.69
2015-08-20,42.55,40.535,14.055,12.994,45.475,16.81,57.25,148.05,107.003,73.279,11.796,101.3,22.945,68.08,62.44,91.421,57.0,82.4,60.1,57.82,6.367,151.313,158.7,52.97,58.12,6.536,21.64,19.129,315.0,62.6
2015-08-21,41.08,39.665,13.68,12.656,43.54,16.21,55.97,145.7,102.062,71.183,11.498,98.83,22.07,65.78,61.81,87.78,56.18,79.99,57.39,55.58,6.289,148.107,154.2,51.14,56.6,6.536,21.298,18.517,313.35,60.25
2015-08-24,37.835,37.46,12.86,12.102,40.635,15.06,53.99,139.3,98.245,67.691,11.026,91.34,21.09,63.33,60.08,83.186,52.9,76.46,54.7,52.85,6.014,135.931,146.35,48.975,53.54,6.536,20.798,17.509,305.0,58.17
2015-08-25,39.095,39.4,13.63,12.61,42.99,15.73,55.33,147.55,102.502,70.817,11.522,94.28,22.095,65.0,62.19,86.179,54.29,78.36,56.2,55.49,6.36,142.437,152.8,50.13,54.93,6.536,21.433,18.507,317.1,60.35
2015-08-26,37.705,39.495,13.625,12.25,42.36,15.445,54.12,145.85,100.888,68.755,11.435,93.81,21.88,64.58,61.79,84.538,54.96,78.0,55.92,55.07,6.253,140.578,148.45,49.975,54.15,6.536,21.305,18.184,312.65,59.37
2015-08-27,40.18,40.63,14.11,12.372,43.78,16.02,55.67,151.15,104.41,71.05,11.734,92.2,22.39,67.26,62.75,88.079,57.12,80.28,57.91,56.55,6.501,145.133,152.8,51.0,55.36,6.536,21.927,18.903,321.95,60.63
2015-08-28,41.18,40.75,14.145,12.42,43.675,16.21,56.46,150.95,104.557,71.616,11.758,92.83,22.495,67.15,63.38,87.959,57.34,80.12,58.28,56.65,6.57,145.04,152.8,51.41,55.25,6.536,21.67,18.97,317.5,61.04
2015-08-31,40.805,40.965,14.09,12.378,43.455,15.985,56.33,148.65,104.117,71.084,11.637,93.52,22.475,69.62,63.52,87.691,57.41,80.12,58.09,56.27,6.473,141.973,152.7,51.43,55.39,6.536,21.573,18.85,316.65,61.41
2015-09-01,40.41,39.755,13.66,12.184,41.975,15.55,55.15,144.2,102.013,70.052,11.31,91.05,21.595,68.0,61.99,85.533,56.3,78.18,56.51,54.61,6.445,134.072,149.75,50.59,54.36,6.536,21.185,18.353,309.15,60.42
2015-09-02,40.06,40.15,13.745,12.058,42.095,15.555,55.19,147.15,102.502,70.518,11.363,91.49,21.785,66.86,62.11,86.766,56.43,77.3,55.76,54.88,6.397,137.511,150.65,50.5,54.16,6.536,21.142,18.363,310.75,60.69
2015-09-03,41.44,41.0,14.005,12.27,43.27,15.485,56.21,150.15,105.438,71.948,11.56,93.61,22.34,68.29,63.29,89.024,57.2,78.95,57.44,56.12,6.624,140.346,150.9,51.15,55.02,6.536,21.688,18.878,320.05,61.62
2015-09-04,39.96,39.95,13.85,11.984,41.62,15.035,54.67,145.95,105.144,69.72,11.296,91.25,21.725,66.64,62.33,86.696,56.94,76.64,55.32,54.49,6.494,131.702,145.75,49.8,53.52,6.536,21.025,18.536,307.65,60.29
2015-09-07,39.97,40.33,14.17,12.124,41.81,15.22,54.98,146.6,104.753,70.518,11.267,91.3,21.91,66.5,62.69,87.741,56.92,77.42,55.33,54.5,6.572,132.353,147.2,49.79,53.54,6.536,21.275,18.657,311.5,60.47
2015-09-08,40.365,41.09,14.325,12.238,42.67,15.42,55.5,147.8,106.367,70.884,11.276,91.65,22.305,66.69,62.77,88.218,57.74,78.0,55.89,55.55,6.683,135.188,146.9,50.08,53.66,6.536,21.38,19.091,312.5,60.85
2015-09-09,40.71,41.65,14.44,12.438,43.2,15.72,56.43,149.75,108.129,71.749,11.421,92.16,22.795,67.39,63.44,89.451,58.99,79.52,57.32,56.45,6.427,137.372,148.6,50.89,54.58,6.536,21.525,19.336,314.6,61.29
2015-09-10,39.945,41.295,14.255,12.462,42.72,15.28,55.49,149.25,106.416,70.418,11.247,90.31,22.525,66.95,63.07,87.999,58.96,79.18,56.5,55.59,6.326,133.654,145.85,50.73,53.91,6.536,21.075,19.336,318.6,61.13
2015-09-11,39.69,40.815,13.795,12.404,42.36,15.27,55.3,148.15,104.997,69.786,11.103,89.64,22.235,66.88,61.94,87.542,58.0,78.0,55.57,55.24,6.194,132.539,145.3,50.2,53.32,6.536,20.772,19.134,312.9,61.36
2015-09-14,39.765,40.39,13.785,12.402,41.64,15.13,54.84,147.7,103.872,69.587,10.776,88.71,22.01,66.85,61.3,87.154,57.32,78.06,54.51,54.57,6.146,132.213,143.95,49.44,53.1,6.536,20.5,19.312,313.3,60.65
2015-09-15,40.985,41.08,13.825,12.63,42.03,15.05,55.63,149.9,105.144,70.086,10.91,88.99,22.4,68.37,61.58,87.512,58.0,79.18,55.06,55.08,6.291,133.468,146.75,50.08,53.87,6.536,20.757,19.471,313.3,61.41
2015-09-16,42.13,41.72,14.23,12.654,42.195,15.35,56.65,155.55,106.074,70.518,10.939,91.28,22.45,69.29,61.94,89.063,58.68,80.59,55.69,55.25,6.376,140.95,150.6,50.46,55.01,6.536,21.147,19.722,325.15,61.75
2015-09-17,41.99,41.845,14.305,12.734,42.19,15.465,55.36,155.6,105.633,70.219,10.872,92.6,22.61,70.26,61.8,88.735,59.24,81.4,56.32,55.65,6.377,144.064,150.5,50.42,55.48,6.536,21.28,19.944,327.7,62.52
2015-09-18,40.775,40.85,13.975,12.694,40.435,14.97,52.86,150.65,103.97,68.722,10.597,91.37,21.54,69.6,60.39,87.403,58.15,79.99,54.42,52.98,6.248,141.694,146.75,49.395,54.63,6.536,21.025,19.698,321.4,61.78
2015-09-21,40.82,41.255,14.135,12.862,41.025,15.085,53.55,152.15,107.395,70.086,10.684,92.66,21.94,69.63,61.35,88.944,59.03,81.11,55.0,53.69,6.19,142.298,150.2,49.76,56.09,6.536,20.775,19.712,324.5,63.45
2015-09-22,39.76,39.635,13.65,12.822,39.38,14.61,51.45,147.4,104.508,67.89,10.337,90.51,21.225,68.13,59.43,85.026,57.52,78.41,53.1,51.87,5.933,136.257,145.55,48.265,54.53,6.536,20.03,19.283,317.9,62.25
2015-09-23,40.625,39.22,13.715,12.81,38.65,14.535,51.44,147.6,104.704,67.89,10.068,90.9,21.285,68.09,59.99,85.234,57.46,78.8,53.29,51.15,5.964,135.606,145.45,48.155,55.13,6.536,20.22,19.322,316.35,62.78
2015-09-24,39.605,37.595,13.525,12.728,38.65,14.275,49.99,144.05,102.698,66.892,9.962,89.5,21.04,65.95,58.5,83.941,55.82,77.34,51.87,50.92,5.762,129.239,143.9,47.28,53.79,6.536,19.815,19.086,309.05,60.75
2015-09-25,40.385,38.905,14.135,13.256,39.705,14.58,50.97,151.15,106.612,69.154,10.111,90.99,21.72,67.98,60.26,86.537,57.71,79.67,54.16,52.55,5.964,137.232,151.9,48.21,55.38,6.536,20.295,19.78,319.3,63.0
2015-09-28,38.765,38.185,13.715,13.086,38.095,14.15,49.48,147.15,104.166,67.624,9.764,89.71,21.275,67.51,59.24,83.981,57.02,78.51,52.49,50.52,5.72,129.843,149.75,47.325,54.51,6.536,19.805,19.389,312.25,62.0
2015-09-29,39.185,38.005,13.425,12.84,38.735,14.17,48.965,145.55,103.236,68.522,9.731,88.29,21.08,66.79,59.13,82.639,56.18,77.54,52.26,50.9,5.803,130.355,148.8,46.6,54.18,6.536,19.845,19.062,311.1,60.46
2015-09-30,40.2,38.71,13.52,13.2,39.85,14.44,50.01,152.2,106.563,70.285,9.875,90.18,21.635,67.3,60.98,84.429,56.71,79.62,52.91,52.46,6.081,135.699,155.05,47.435,56.42,6.536,20.355,19.698,325.0,62.17
2015-10-01,40.375,38.19,13.195,13.2,39.635,13.95,49.375,149.75,104.9,69.52,9.88,90.51,21.535,68.35,60.44,84.15,56.47,79.02,53.55,51.72,6.0,132.353,152.75,46.9,55.89,6.536,20.323,19.631,319.6,62.15
2015-10-02,41.25,38.645,13.19,13.296,39.625,14.03,49.365,149.2,104.9,70.285,9.933,91.8,21.62,69.16,60.93,84.518,56.45,78.39,54.68,51.92,6.036,134.491,155.55,47.15,56.12,6.536,20.47,19.679,320.85,62.62
2015-10-05,42.975,40.29,13.62,13.582,41.095,14.5,51.43,156.55,108.422,72.314,10.159,95.06,22.5,71.18,62.38,87.144,58.77,80.92,56.61,54.01,6.226,141.461,160.3,48.605,58.33,6.536,20.91,19.761,330.0,64.39
2015-10-06,44.405,40.52,13.88,13.668,41.31,14.715,51.93,159.25,108.178,72.813,10.573,96.34,22.745,71.75,62.75,86.826,58.2,80.41,56.96,54.08,6.346,143.088,160.7,48.71,58.56,6.536,21.005,19.727,336.7,64.69
2015-10-07,45.4,40.71,13.76,13.4,41.87,14.945,52.22,161.0,105.046,72.68,10.79,95.17,22.735,71.26,62.79,84.837,58.01,79.38,56.9,54.05,6.367,146.062,160.95,47.66,57.39,6.536,21.372,19.79,337.45,62.42
2015-10-08,45.34,40.305,13.64,13.402,41.325,15.055,51.63,162.35,105.487,72.78,10.79,96.23,22.725,71.0,64.25,85.632,57.92,79.15,57.09,53.45,6.451,148.014,162.05,48.005,57.82,6.536,21.67,19.52,339.25,61.85
2015-10-09,45.25,39.635,14.045,13.282,41.895,15.175,53.25,165.75,105.095,73.479,10.925,96.97,22.67,71.0,64.9,85.563,56.94,76.25,57.61,53.81,6.522,150.756,164.0,47.435,57.95,6.536,21.497,19.25,341.2,61.51
2015-10-12,45.15,39.175,13.945,13.364,41.5,15.245,52.67,166.5,104.851,73.279,10.829,97.77,22.79,67.4,63.76,86.706,56.36,74.81,56.2,53.97,6.381,151.313,165.15,47.29,58.59,6.536,21.615,18.903,345.15,60.11
2015-10-13,44.91,39.075,13.835,13.502,41.035,14.685,51.81,161.25,104.655,72.381,10.597,97.7,22.355,68.31,63.48,85.682,57.28,76.3,56.59,53.38,6.302,146.713,164.1,47.355,57.76,6.536,21.28,18.994,336.95,61.28
2015-10-14,44.635,38.585,13.645,13.452,40.86,15.03,50.64,159.25,103.579,71.383,10.53,97.88,22.02,67.23,62.26,84.488,57.32,76.68,56.12,53.12,6.201,144.807,164.15,46.57,57.6,6.536,21.017,19.004,335.5,61.28
2015-10-15,45.115,39.04,14.0,13.938,41.255,14.94,51.41,160.4,106.465,73.113,10.554,99.14,22.41,67.98,62.71,87.572,57.85,77.86,54.53,53.97,6.46,143.413,166.9,47.445,58.75,6.536,21.46,19.259,335.25,61.5
2015-10-16,45.6,38.57,14.09,13.97,42.055,15.145,50.25,158.65,107.737,73.412,10.684,98.92,22.81,69.09,63.18,88.228,58.24,77.98,55.53,54.99,6.524,139.417,166.05,46.95,58.27,6.536,21.415,19.727,332.55,62.69
2015-10-19,44.965,38.355,14.275,13.982,41.845,15.11,49.99,158.9,108.961,73.479,10.747,99.02,22.89,69.23,63.75,88.626,57.69,78.66,55.41,55.09,6.572,140.207,168.4,47.03,59.41,6.536,21.555,19.727,334.35,62.28
2015-10-20,44.55,37.08,14.315,14.02,41.435,15.26,50.08,158.3,108.324,72.514,10.641,98.89,22.915,69.14,64.53,86.816,57.95,78.41,55.03,54.3,6.592,139.417,167.55,46.89,59.0,6.536,21.243,19.929,326.0,62.09
2015-10-21,44.91,37.54,14.39,14.054,41.38,15.465,50.98,158.05,108.373,72.946,10.593,98.51,23.095,69.44,62.44,86.527,58.27,78.45,56.28,54.4,6.737,140.857,165.65,47.605,60.02,6.536,21.413,20.344,327.55,64.48
2015-10-22,45.365,38.035,15.475,13.792,42.415,15.81,52.69,165.15,110.428,75.408,10.742,103.65,23.82,69.01,58.05,88.745,58.78,79.79,57.52,55.01,6.923,145.179,171.0,48.505,61.95,6.536,21.772,20.363,334.9,65.0
2015-10-23,45.5,39.575,15.93,14.036,43.3,16.24,54.85,170.65,113.951,77.104,11.036,106.45,24.05,70.34,59.91,91.948,60.12,82.45,60.17,55.91,7.124,160.561,173.6,50.45,63.15,6.536,22.7,20.595,344.3,66.85
2015-10-26,44.615,39.14,16.03,13.908,43.325,16.1,55.22,169.15,113.902,77.437,11.161,105.5,24.155,69.49,60.0,91.351,60.38,82.27,59.95,55.85,6.774,158.005,171.0,50.2,63.17,6.536,22.567,20.657,342.6,66.16
2015-10-27,43.64,38.56,15.655,13.85,43.05,15.815,53.61,168.5,114.342,78.002,11.069,105.0,23.825,68.65,58.34,91.033,59.96,80.8,59.12,55.47,6.569,156.658,171.1,49.6,62.81,6.536,22.362,20.556,342.55,65.45
2015-10-28,44.01,39.43,15.81,14.032,43.575,16.09,53.96,167.7,116.544,78.867,11.137,106.0,24.22,68.11,58.12,92.793,60.53,80.44,59.62,55.81,6.475,155.961,171.7,50.35,63.24,6.536,22.52,20.6,348.45,65.4
2015-10-29,44.33,37.5,15.97,14.43,41.985,15.87,54.57,169.05,117.718,78.734,10.963,107.8,24.36,68.67,58.13,90.496,61.08,82.92,60.69,54.3,6.236,156.379,174.0,50.0,64.2,6.536,22.43,20.45,351.6,65.9
2015-10-30,44.145,38.18,16.035,14.368,42.31,15.955,55.08,169.6,117.033,78.435,11.093,107.2,24.325,69.11,59.06,91.351,61.38,81.03,63.36,55.26,6.297,156.658,166.05,49.94,63.41,6.536,22.65,20.416,350.35,65.93
2015-11-02,44.62,38.935,15.905,14.382,42.725,16.225,55.27,167.9,116.789,79.466,11.262,106.15,24.45,69.55,59.43,91.331,61.48,81.87,63.59,55.35,6.375,155.31,165.15,50.12,63.0,6.536,22.997,20.585,346.85,66.31
2015-11-03,46.24,39.15,15.915,14.558,42.51,16.15,55.35,169.75,116.544,80.264,11.305,106.95,24.535,67.79,59.0,91.301,61.31,81.36,63.23,55.31,6.46,154.102,165.6,50.02,63.73,6.536,23.025,20.46,344.75,65.87
2015-11-04,46.295,38.89,16.0,14.584,42.46,16.15,56.35,172.75,116.202,80.464,11.334,107.5,24.255,67.87,59.27,91.301,60.04,81.22,64.01,55.64,6.456,156.24,166.1,50.46,64.12,6.536,22.925,20.421,351.25,66.47
2015-11-05,46.13,39.215,16.065,14.804,44.145,16.235,56.78,173.5,118.355,80.863,10.395,108.9,24.365,67.74,58.97,92.773,60.83,81.92,64.6,55.87,6.493,160.004,168.9,52.55,64.81,6.536,22.985,21.757,355.6,66.52
2015-11-06,46.235,40.59,16.43,14.734,45.405,16.195,58.15,168.75,119.186,81.628,10.593,107.5,24.74,70.54,59.79,86.428,62.22,82.2,66.1,57.61,6.645,159.725,167.0,53.61,64.29,6.536,23.372,21.347,351.5,67.19
2015-11-09,45.92,39.83,16.105,14.604,44.95,15.905,56.8,167.3,117.425,80.73,10.593,106.1,24.48,69.42,59.37,83.683,61.83,80.98,65.4,57.05,6.652,157.262,164.7,52.92,63.46,6.536,23.05,20.947,343.35,66.51
2015-11-10,46.015,39.29,16.4,14.474,44.82,15.875,56.6,168.4,118.355,80.63,10.554,106.75,24.59,69.75,59.31,83.444,60.61,80.06,66.02,56.85,6.637,158.888,165.15,52.9,63.55,6.536,23.205,21.221,347.05,66.82
2015-11-11,46.04,39.61,16.58,14.686,44.95,15.875,57.14,171.9,120.507,81.794,10.949,107.8,25.155,70.43,59.62,83.723,61.07,81.64,66.55,57.27,6.628,161.212,169.85,52.96,64.61,6.536,23.337,20.942,350.35,67.34
2015-11-12,44.935,38.855,16.27,14.686,44.05,16.115,55.8,166.95,118.355,80.63,10.819,106.65,24.675,68.0,58.24,80.918,59.93,81.66,64.06,56.5,6.566,157.587,167.8,52.24,63.75,6.536,23.103,20.841,347.3,66.12
2015-11-13,44.435,38.78,16.245,14.64,43.86,16.05,55.86,162.4,117.033,79.599,10.776,105.95,24.41,66.31,57.12,80.232,59.91,81.2,63.53,56.14,6.468,153.637,165.9,52.0,63.01,6.536,22.985,20.677,332.55,65.54
2015-11-16,44.775,39.08,16.36,14.5,43.41,16.065,56.44,160.15,117.523,80.231,10.583,105.1,24.495,66.35,56.84,79.675,59.53,80.98,63.46,55.5,6.459,152.568,166.15,52.38,63.24,6.536,23.243,20.98,328.05,67.7
2015-11-17,46.455,40.345,16.85,14.834,44.23,16.47,57.91,165.4,120.263,82.26,10.795,108.1,24.92,68.22,58.5,82.191,61.83,83.99,66.17,56.51,6.579,155.403,170.8,53.83,64.68,6.536,23.745,21.429,332.65,70.11
2015-11-18,46.66,40.31,16.825,14.742,44.345,16.445,57.74,163.6,118.893,76.173,10.93,107.5,24.905,67.57,57.95,82.629,61.75,83.22,65.78,56.19,6.636,155.914,167.95,53.34,63.75,6.536,23.358,21.111,334.8,69.03
2015-11-19,46.6,40.905,16.835,14.85,44.785,16.58,58.35,162.4,118.11,76.472,11.089,107.85,24.74,66.87,58.63,81.972,62.06,84.37,65.87,56.47,6.66,155.171,167.5,53.45,64.45,6.536,23.67,21.467,332.15,68.57
2015-11-20,46.255,41.01,16.54,14.868,44.025,16.62,58.31,162.25,119.333,77.337,10.881,107.9,24.825,67.23,57.74,82.639,61.49,83.74,66.42,55.44,6.707,155.589,168.75,53.6,64.99,6.536,23.485,21.525,331.3,69.35
2015-11-23,45.765,40.675,16.34,14.924,43.99,16.405,58.05,161.9,119.627,77.237,10.881,107.2,24.925,68.0,57.02,82.519,61.22,84.03,66.53,55.36,6.75,154.241,168.45,53.51,64.62,6.536,23.46,21.419,332.65,69.72
2015-11-24,46.085,40.15,16.16,14.674,43.495,16.195,57.53,154.95,116.691,75.94,10.79,106.1,24.485,67.3,55.88,81.336,60.5,82.2,65.59,54.96,6.548,149.594,164.9,53.17,64.04,6.536,23.1,20.927,324.35,69.23
2015-11-25,46.35,40.64,16.415,14.882,43.56,16.175,58.2,158.0,120.018,77.37,10.795,108.45,25.39,68.04,58.44,82.887,61.2,84.33,67.05,55.07,6.639,151.221,168.55,54.57,65.32,6.536,23.355,21.077,330.35,70.0
2015-11-26,47.03,41.575,16.66,15.002,44.53,16.415,58.79,159.1,120.899,77.636,10.978,107.5,25.585,68.86,59.81,83.554,61.91,84.38,68.15,55.89,7.0,152.754,169.05,54.59,65.23,6.536,23.618,21.949,330.85,70.0
2015-11-27,46.62,41.295,16.62,15.008,44.81,16.29,58.94,155.95,120.703,77.171,10.973,107.8,25.545,68.89,59.54,83.375,62.11,85.06,67.95,56.02,6.865,150.431,168.75,54.79,65.02,6.536,23.712,22.07,331.1,70.06
2015-11-30,47.0,41.83,16.36,15.066,45.18,16.49,60.0,158.75,120.899,76.838,10.997,107.7,25.61,69.88,59.72,83.922,61.56,87.32,68.44,56.11,6.878,152.011,167.6,55.68,66.33,6.536,23.725,21.877,333.25,70.47
2015-12-01,46.79,41.125,16.07,15.208,45.305,16.55,57.52,157.4,120.752,73.013,10.992,108.0,25.63,68.17,60.6,83.196,60.86,87.14,67.25,56.28,6.889,150.709,167.05,55.08,65.45,6.536,23.545,21.675,335.5,70.1
2015-12-02,46.65,41.325,16.185,15.22,45.125,16.445,57.39,158.45,120.263,71.849,10.886,108.85,25.485,68.0,61.24,82.629,60.99,87.31,67.2,55.94,6.95,149.315,168.55,54.9,65.88,6.536,23.46,21.694,337.25,69.69
2015-12-03,44.465,39.67,15.7,14.936,43.94,15.95,55.15,151.2,114.979,70.219,10.737,104.7,24.46,65.85,60.26,79.396,58.94,85.84,63.66,54.33,6.753,148.943,161.3,53.48,62.51,6.536,22.54,21.284,330.0,69.88
2015-12-04,43.455,39.81,15.45,14.962,43.71,15.97,55.49,152.25,113.755,70.152,10.684,104.1,25.25,64.98,59.7,78.829,59.04,86.4,64.01,53.87,6.738,149.176,159.25,53.78,62.75,6.536,22.725,21.101,329.35,69.94
2015-12-07,42.84,40.39,15.495,15.176,43.39,15.96,56.1,154.45,116.985,71.383,10.559,105.25,25.805,65.15,60.42,79.744,60.21,87.37,65.89,54.02,6.63,149.269,163.2,54.31,63.71,6.536,22.92,21.265,335.2,70.6
2015-12-08,42.43,39.595,15.395,14.972,42.035,15.725,55.49,150.5,114.538,70.385,10.265,104.2,25.52,64.35,59.1,78.233,59.71,86.39,64.71,52.98,6.42,147.503,159.85,54.06,63.69,6.536,22.79,20.855,328.5,69.97
2015-12-09,42.825,38.835,15.16,14.742,41.8,15.76,54.8,148.85,113.706,69.686,10.183,102.5,25.265,62.67,58.48,76.85,59.41,85.46,63.49,52.18,6.413,146.62,157.45,53.64,62.92,6.536,22.403,20.855,327.15,69.0
2015-12-10,43.08,38.715,15.12,14.6,41.69,16.025,55.0,148.0,112.973,69.454,10.053,102.95,25.235,63.17,58.96,76.343,58.6,85.69,64.18,52.27,6.34,146.713,156.4,53.65,62.37,6.536,22.355,20.812,323.4,69.03
2015-12-11,41.8,38.545,14.915,14.494,40.685,15.835,53.25,144.95,111.407,68.489,9.851,102.0,24.65,61.98,57.69,76.005,57.63,84.16,62.28,51.29,6.183,144.482,154.45,52.68,61.39,6.536,21.71,20.368,314.6,67.88
2015-12-14,40.58,38.08,14.745,14.328,40.145,15.51,52.42,142.2,109.401,67.89,9.745,100.45,24.125,60.89,57.93,74.324,57.16,83.64,61.3,50.28,5.901,142.437,152.0,51.83,60.95,6.536,21.235,20.985,310.5,67.23
2015-12-15,42.285,39.285,15.3,14.796,41.555,15.89,53.0,147.95,112.434,69.653,10.049,102.45,24.685,63.32,59.47,78.292,57.68,86.15,63.14,52.45,6.147,144.993,158.4,52.28,62.12,6.536,21.763,21.086,317.7,69.15
2015-12-16,42.075,39.305,15.29,14.788,42.19,16.02,53.06,148.65,112.434,69.553,10.087,103.8,24.565,64.3,60.0,78.292,57.94,85.21,64.39,52.48,6.031,144.807,157.95,52.3,62.34,6.536,21.895,21.091,318.55,69.86
2015-12-17,41.9,39.7,15.65,14.948,43.19,16.28,53.46,148.9,113.902,70.485,10.256,105.95,25.115,64.57,60.36,78.969,59.16,86.42,65.13,53.28,6.174,147.177,160.85,52.55,63.12,6.536,22.01,21.299,319.15,70.95
2015-12-18,42.01,39.39,15.385,14.592,42.915,15.99,52.13,145.0,112.581,69.686,10.179,104.15,24.975,63.49,60.05,78.322,58.4,85.48,63.26,53.19,6.068,144.993,157.75,51.65,61.93,6.536,21.875,20.773,310.45,69.36
2015-12-21,40.725,39.0,15.06,14.504,42.67,15.96,51.79,142.7,110.477,67.657,9.991,102.7,24.935,62.59,60.0,77.367,57.9,84.05,61.92,52.59,6.079,144.11,155.1,51.5,61.2,6.536,21.625,20.643,306.35,68.45
2015-12-22,40.815,39.0,15.11,14.4,42.585,15.925,51.96,143.8,109.694,67.857,10.231,102.35,24.755,62.28,60.01,77.387,58.03,83.62,61.9,52.7,6.113,146.202,153.95,51.58,60.94,6.536,21.653,20.223,311.6,68.02
2015-12-23,42.115,39.965,15.45,14.708,43.35,16.505,53.84,146.45,112.092,69.387,10.443,104.45,25.1,62.93,61.13,79.526,59.03,84.46,62.58,53.71,6.248,149.594,157.1,52.24,62.38,6.536,22.192,20.532,310.65,68.02
2015-12-24,42.105,39.865,15.355,14.654,43.265,16.475,53.57,146.05,112.043,69.188,10.487,105.0,25.09,62.96,61.18,78.66,59.28,84.03,62.15,53.3,6.163,149.501,156.7,52.05,62.47,6.536,22.112,20.614,309.05,68.64
2015-12-25,42.105,39.865,15.355,14.654,43.265,16.475,53.57,146.05,112.043,69.188,10.487,105.0,25.09,62.96,61.18,78.66,59.28,84.03,62.15,53.3,6.163,149.501,156.7,52.05,62.47,6.536,22.112,20.614,309.05,68.64
2015-12-28,41.38,39.49,15.32,14.648,42.745,16.3,53.1,144.1,111.798,69.021,10.284,104.0,24.93,62.6,60.88,78.113,58.46,84.14,61.71,52.36,6.15,146.852,154.8,52.2,62.27,6.536,21.868,20.6,310.0,67.9
2015-12-29,42.14,40.21,15.64,14.798,43.375,16.535,54.31,147.75,114.0,70.252,10.458,106.2,25.49,63.79,61.7,79.665,59.5,86.13,63.05,53.1,6.272,149.687,158.15,53.12,63.14,6.536,22.202,21.274,316.2,69.43
2015-12-30,41.565,40.185,15.58,14.798,42.785,16.43,53.68,147.15,113.755,69.853,10.491,106.05,25.295,63.75,61.81,79.277,59.48,86.01,62.58,52.59,6.272,149.129,157.35,52.62,63.04,6.536,22.118,21.274,314.5,69.29
2015-12-31,41.565,40.185,15.58,14.798,42.785,16.43,53.68,147.15,113.755,69.853,10.491,106.05,25.295,63.75,61.81,79.277,59.48,86.01,62.58,52.59,6.272,149.129,157.35,52.62,63.04,6.536,22.118,21.274,314.5,69.29
2016-01-04,40.525,38.81,15.2,14.308,41.395,15.72,51.2,139.2,109.401,67.092,10.227,102.0,24.335,62.27,59.55,77.149,57.73,82.85,60.86,51.22,6.054,141.09,150.9,51.0,60.81,6.536,21.397,20.788,311.15,68.04
2016-01-05,40.155,38.835,15.31,14.332,41.73,15.75,51.43,139.45,110.428,66.693,10.27,102.0,24.345,61.94,59.74,78.064,58.05,83.42,62.09,51.49,6.065,140.253,151.5,50.99,61.19,6.536,21.24,20.744,304.1,68.79
2016-01-06,39.77,38.095,15.54,14.158,40.925,15.645,50.52,136.7,109.743,65.761,10.024,101.5,24.255,61.5,57.14,77.009,57.71,82.8,61.27,50.5,5.927,139.649,151.3,50.25,60.7,6.536,20.67,20.643,301.0,68.45
2016-01-07,38.805,36.455,15.495,14.066,39.935,15.44,49.48,136.6,109.45,64.245,9.779,99.98,23.69,60.3,55.2,76.174,57.05,81.32,60.04,49.39,5.83,134.723,150.85,49.72,59.75,6.536,20.41,20.46,300.5,68.69
2016-01-08,37.35,36.12,15.3,13.882,38.905,15.05,49.655,135.35,108.569,63.267,9.644,99.16,23.245,59.61,55.2,74.264,56.86,79.85,58.76,48.0,5.58,132.864,149.6,49.46,59.73,6.536,20.36,20.397,301.45,69.25
2016-01-11,37.35,36.145,15.19,13.754,38.865,15.055,48.705,135.2,106.025,62.508,9.683,99.21,23.365,58.61,54.41,73.25,58.09,80.68,58.11,47.9,5.73,132.306,148.5,48.915,58.74,6.536,20.315,20.546,300.0,71.78
2016-01-12,37.25,36.76,15.82,14.066,39.245,15.12,49.01,139.45,109.401,64.271,9.793,100.15,23.69,59.33,54.92,73.946,59.04,82.8,59.0,48.945,5.731,134.583,150.2,50.18,60.27,6.536,20.71,20.874,304.7,72.47
2016-01-13,37.85,36.62,15.755,13.802,39.565,15.27,49.085,137.75,109.597,64.577,9.798,100.55,23.925,59.62,53.56,74.274,59.48,82.2,59.49,48.855,5.658,133.329,151.0,50.32,60.96,6.536,20.73,20.956,302.2,72.14
2016-01-14,38.83,35.92,15.485,13.55,38.2,14.91,48.06,137.0,107.15,63.786,9.673,98.64,23.395,57.96,52.49,72.902,58.09,81.41,58.01,47.095,5.536,131.516,147.85,49.665,59.57,6.536,20.397,20.33,295.6,70.04
2016-01-15,37.655,35.46,15.365,12.898,35.98,14.295,46.38,137.4,105.438,62.754,9.341,97.09,22.77,55.38,51.7,71.112,57.4,78.65,56.15,45.38,5.255,131.191,145.8,48.55,58.96,6.536,19.76,19.852,296.35,68.41
2016-01-18,38.08,35.625,15.12,13.046,34.905,13.955,46.205,136.75,107.101,62.216,8.723,96.51,22.39,55.29,51.24,71.877,57.34,78.33,55.85,44.33,5.343,132.399,146.3,48.565,58.68,6.536,19.95,19.79,293.95,67.7
2016-01-19,38.62,36.705,15.405,13.356,35.84,14.265,47.85,140.0,108.765,62.315,8.938,98.73,22.9,56.23,51.99,74.384,59.05,80.28,56.72,44.18,5.549,139.881,149.2,49.255,59.71,6.536,20.183,20.267,301.25,69.14
2016-01-20,36.52,35.5,14.81,13.16,34.26,13.765,45.93,134.65,104.997,61.564,8.509,96.95,21.795,54.33,50.45,72.792,57.21,78.51,54.36,42.845,5.494,135.699,144.3,47.49,58.17,6.536,19.577,19.862,291.6,66.83
2016-01-21,37.61,36.09,15.16,13.378,34.25,13.995,47.595,139.2,106.172,62.435,8.708,100.25,22.065,56.33,51.34,74.045,58.25,80.76,55.53,43.385,5.632,136.628,146.15,47.27,58.44,6.536,20.005,20.016,292.9,67.63
2016-01-22,39.26,37.39,15.835,13.682,35.885,14.42,49.175,143.15,108.863,64.118,8.936,103.2,22.45,58.64,52.8,75.786,60.22,83.04,56.95,44.45,5.818,142.391,150.5,48.79,59.61,6.536,20.442,20.489,303.85,69.94
2016-01-25,38.525,36.595,15.8,14.046,34.91,14.175,47.09,143.9,110.379,63.593,8.706,102.7,22.45,59.26,52.44,75.975,61.63,84.35,57.32,43.175,5.86,140.857,152.1,48.345,60.18,6.536,20.27,20.604,306.1,70.99
2016-01-26,39.65,36.915,15.86,13.946,35.75,14.38,48.525,144.9,110.037,63.679,8.92,103.8,22.445,58.94,52.22,76.462,61.37,84.49,57.42,44.045,6.015,142.112,152.55,48.995,60.39,6.536,21.155,20.735,305.15,69.22
2016-01-27,40.15,37.32,16.3,14.098,35.365,14.6,48.94,146.1,111.407,63.253,8.846,104.0,22.53,58.0,53.88,76.741,62.61,84.08,55.46,44.16,6.276,143.041,154.25,49.395,61.44,6.536,21.312,20.99,311.65,69.33
2016-01-28,40.215,37.1,15.905,13.802,34.19,14.555,48.385,143.7,108.863,62.954,8.597,103.65,22.155,57.35,54.0,74.622,61.84,81.23,55.02,42.915,6.096,140.671,152.8,48.975,61.28,6.536,20.87,20.821,307.05,67.85
2016-01-29,40.92,37.935,16.33,14.238,35.18,14.695,49.11,148.2,111.896,63.347,8.855,107.95,22.77,59.66,55.27,76.134,62.42,84.08,57.82,43.725,6.016,144.11,157.55,50.72,63.45,6.536,21.015,21.4,313.55,70.17
2016-02-01,40.0,37.45,16.345,14.236,34.785,14.685,49.3,147.75,113.119,63.107,8.768,108.7,22.515,58.3,55.14,76.333,63.64,85.08,57.85,43.33,5.821,145.876,157.45,50.75,63.35,6.536,21.055,21.858,312.8,70.23
2016-02-02,38.205,36.3,16.275,14.004,32.575,14.32,48.38,145.2,112.924,62.548,8.333,107.05,21.97,55.84,54.49,74.861,62.84,83.41,55.35,40.875,5.484,142.391,156.4,49.855,63.22,6.536,20.737,21.559,309.25,68.75
2016-02-03,38.42,35.65,16.015,13.962,31.6,14.075,47.525,151.75,109.254,62.914,8.046,105.95,20.89,55.21,53.36,73.081,61.08,82.6,53.9,39.55,5.319,142.205,154.1,49.875,62.17,6.536,20.58,21.289,317.7,67.93
2016-02-04,39.235,35.73,15.675,13.732,31.98,14.155,49.35,152.8,107.493,63.426,8.291,103.9,20.905,54.75,53.89,71.997,60.29,81.91,53.81,40.965,5.349,141.74,154.0,49.635,61.75,6.536,20.562,21.077,317.55,65.95
2016-02-05,38.905,35.515,15.205,13.394,32.11,14.035,50.9,152.7,105.438,63.42,8.324,101.1,20.33,54.31,53.17,71.31,60.75,79.1,54.06,41.575,5.159,143.971,153.2,49.275,60.76,6.536,20.605,20.624,314.65,63.43
2016-02-08,38.17,33.195,14.81,12.874,30.145,13.905,49.11,151.7,103.334,61.47,7.908,100.3,19.585,51.14,51.46,69.53,59.36,73.59,51.13,39.3,4.824,140.532,150.05,46.93,60.25,6.536,20.17,19.968,307.9,61.85
2016-02-09,36.805,32.435,14.75,13.074,28.825,13.875,48.765,147.75,102.306,61.969,7.549,98.26,19.035,51.04,52.04,68.565,59.23,73.35,51.22,37.9,4.742,138.208,147.95,46.205,59.58,6.536,20.112,19.751,297.95,61.38
2016-02-10,36.52,33.225,14.965,13.346,31.415,13.96,48.5,148.2,104.557,62.974,7.905,99.58,20.3,51.1,52.72,68.337,59.84,73.6,52.37,39.755,4.789,139.231,151.0,46.03,59.33,6.536,20.295,19.958,302.3,62.24
2016-02-11,35.325,32.07,14.64,12.874,27.465,13.145,46.255,142.55,100.79,61.524,7.383,92.89,18.885,49.145,53.65,66.905,58.21,68.97,49.96,37.36,4.675,133.515,146.7,43.085,58.14,6.536,19.608,19.23,295.35,60.24
2016-02-12,38.0,33.01,14.895,13.152,28.4,13.35,46.03,146.0,101.866,62.435,7.697,93.31,19.35,50.51,55.62,68.426,58.63,69.21,51.31,39.57,4.737,135.42,150.15,42.34,58.6,6.536,19.802,19.486,299.0,61.27
2016-02-15,38.625,33.845,15.36,13.592,29.525,13.76,47.615,151.45,105.682,64.198,8.045,95.49,20.15,52.16,57.05,69.411,60.36,72.06,53.38,40.61,4.852,143.506,153.65,43.825,60.03,6.536,20.423,20.021,310.5,63.3
2016-02-16,38.775,33.86,15.38,13.56,29.5,13.91,48.03,149.35,106.27,61.091,8.073,93.98,20.02,52.3,57.67,69.073,61.39,71.32,53.78,40.3,4.798,143.227,154.35,43.8,59.96,6.536,21.108,20.031,309.65,63.98
2016-02-17,39.345,35.37,15.71,13.866,31.44,14.1,52.45,155.5,108.031,62.322,9.196,96.8,20.83,53.63,57.33,70.475,63.18,72.65,55.05,41.765,4.975,147.828,155.05,44.95,60.75,6.536,21.233,20.32,320.4,65.2
2016-02-18,39.55,35.31,15.99,13.886,30.9,14.05,52.72,153.6,109.401,62.641,8.975,96.61,20.805,54.5,57.4,70.704,63.66,75.87,55.85,40.96,5.243,148.943,153.55,44.455,60.44,6.536,21.265,20.537,320.35,65.63
2016-02-19,39.74,35.34,15.94,13.95,30.43,14.02,52.36,154.5,107.003,63.293,8.86,96.8,20.4,53.95,57.25,69.968,62.89,75.78,55.25,40.51,5.2,148.107,154.65,44.645,60.35,6.536,21.323,20.551,320.45,66.13
2016-02-22,40.83,36.095,16.33,14.028,31.545,14.49,53.45,155.65,107.052,64.318,9.017,98.53,20.77,54.95,56.91,70.793,63.06,76.74,56.15,41.76,5.414,151.313,157.1,45.075,60.91,6.536,21.47,20.937,326.4,66.71
2016-02-23,39.82,35.445,15.985,13.92,30.365,13.865,52.95,152.0,106.123,62.828,8.855,98.89,20.27,55.4,56.8,70.117,63.06,75.13,55.41,40.68,5.289,147.456,156.6,44.76,63.37,6.536,21.183,20.903,320.25,70.9
2016-02-24,39.135,34.755,15.555,13.528,29.92,13.485,51.48,148.5,103.138,61.763,8.592,97.07,19.5,54.76,55.6,68.923,62.37,73.77,54.95,39.92,5.02,144.157,154.25,44.13,62.64,6.536,20.708,20.421,313.0,71.31
2016-02-25,39.87,35.535,15.91,13.796,30.92,14.07,51.71,150.35,105.34,62.522,8.751,98.28,19.735,54.13,55.94,71.698,63.64,75.34,57.37,41.505,5.11,147.782,156.85,44.885,64.07,6.536,20.673,20.653,312.7,72.09
2016-02-26,40.835,35.305,15.81,13.894,32.02,14.305,53.59,153.2,106.661,63.819,9.079,98.34,20.31,56.04,56.39,73.3,63.41,76.19,57.51,42.45,5.244,150.477,156.65,45.19,63.54,6.536,20.722,19.944,316.3,72.14
2016-02-29,41.375,35.77,16.015,13.978,32.425,14.285,54.77,153.8,107.297,63.985,9.231,98.11,20.295,57.31,57.16,72.792,63.82,76.7,59.78,43.0,5.296,149.362,156.0,45.915,64.23,6.536,20.85,20.142,314.5,73.41
2016-03-01,41.55,36.48,16.16,14.35,32.995,14.295,54.88,154.7,107.982,64.71,9.321,100.4,20.82,58.99,58.26,73.111,64.0,77.8,60.8,44.01,5.4,149.548,158.95,46.595,64.53,6.536,21.3,19.949,319.2,74.04
2016-03-02,42.21,36.8,16.035,14.058,34.38,14.2,54.95,155.0,107.786,64.418,9.571,98.25,21.435,58.33,58.14,73.25,62.96,78.61,60.54,45.48,5.408,150.477,155.75,46.265,63.33,6.536,21.605,19.929,318.9,71.98
2016-03-03,42.2,37.245,15.95,13.75,34.46,14.185,55.77,153.7,106.416,64.504,9.607,97.81,21.585,58.25,58.33,71.44,63.01,76.93,60.77,45.735,5.43,150.105,153.2,46.275,63.04,6.536,21.653,19.722,317.9,72.03
2016-03-04,42.675,37.65,15.9,13.7,35.1,14.21,56.0,153.35,107.15,64.91,9.697,99.26,21.35,58.8,58.31,72.036,63.96,77.35,62.1,46.485,5.366,152.104,155.7,46.5,63.76,6.536,21.712,19.823,320.2,72.5
2016-03-07,42.81,37.245,15.765,13.628,34.485,14.01,56.71,154.65,108.52,65.615,9.497,98.81,21.055,58.85,58.42,71.967,63.7,76.71,61.48,45.63,5.359,151.267,153.9,46.555,63.68,6.536,21.845,19.925,321.15,71.85
2016-03-08,42.04,37.175,15.72,13.5,34.555,13.78,56.01,154.8,108.814,65.595,9.441,98.64,20.7,59.0,57.7,72.066,63.27,75.57,60.61,45.66,5.25,150.802,154.8,47.05,63.27,6.536,21.653,19.621,322.6,71.63
2016-03-09,42.105,37.145,15.955,13.604,35.0,13.59,55.86,155.55,109.499,66.201,9.553,100.0,20.785,59.11,58.82,72.663,63.89,76.39,60.64,45.71,5.261,151.546,157.05,47.24,63.62,6.536,21.733,19.491,324.3,71.82
2016-03-10,40.805,36.465,15.74,13.626,34.795,13.585,53.96,154.35,108.129,64.704,9.537,99.13,20.37,57.31,58.0,72.166,63.6,76.41,58.24,46.15,5.168,149.036,153.5,46.475,62.23,6.536,20.94,19.606,322.7,70.42
2016-03-11,42.35,37.895,16.445,13.812,36.79,14.03,55.42,157.45,109.499,66.074,10.275,101.15,21.63,59.23,59.47,73.558,65.35,78.21,60.13,48.7,5.339,154.474,156.25,47.885,63.87,6.536,21.593,19.973,326.8,71.96
2016-03-14,42.08,38.035,16.445,14.078,36.58,14.12,55.69,159.5,110.624,66.194,10.207,102.45,21.615,55.52,60.25,74.553,64.6,79.24,60.41,47.75,5.335,155.542,157.9,48.255,63.88,6.536,21.747,20.079,328.5,72.01
2016-03-15,41.495,37.985,16.3,14.068,35.9,13.8,55.05,155.85,109.939,65.382,9.947,102.75,21.73,57.59,60.63,73.787,65.16,78.77,60.29,47.015,5.239,152.522,157.65,47.915,63.66,6.536,21.86,19.852,323.55,72.95
2016-03-16,41.875,37.655,16.295,14.054,35.4,13.745,55.11,155.05,107.639,65.289,9.856,102.15,21.885,59.15,60.97,72.623,65.29,78.27,60.78,46.05,5.248,151.267,155.5,48.215,63.0,6.536,22.483,19.751,323.45,73.26
2016-03-17,42.855,37.6,15.825,13.94,34.74,13.835,55.64,151.65,106.955,64.697,9.803,101.75,21.545,58.74,60.95,71.241,65.38,77.98,59.53,44.99,5.137,148.339,155.45,48.62,62.78,6.536,22.375,20.064,317.75,73.87
2016-03-18,42.89,37.875,15.53,13.938,35.79,13.94,56.0,152.35,106.514,65.209,9.817,102.05,21.59,60.85,61.46,70.346,64.77,79.15,60.6,45.62,5.087,151.685,159.05,48.825,62.86,6.536,22.368,20.007,316.1,74.84
2016-03-21,41.33,37.69,15.51,13.904,35.375,13.74,55.52,150.55,105.682,65.442,9.736,101.7,21.705,60.79,61.07,70.445,64.94,78.85,60.88,45.195,4.986,148.339,156.4,48.64,62.75,6.536,22.247,19.934,314.25,74.95
2016-03-22,41.38,37.965,15.615,14.02,35.18,13.7,55.77,148.75,105.144,65.861,9.697,101.55,21.29,61.85,61.29,70.773,65.07,79.77,61.25,45.115,4.904,147.085,154.55,48.815,62.41,6.536,22.548,19.756,311.35,75.46
2016-03-23,40.855,37.685,15.705,14.168,34.24,13.73,55.21,150.15,106.221,66.46,9.524,104.0,21.15,61.71,61.84,70.296,65.44,81.16,61.33,44.385,4.952,146.852,158.0,48.715,63.1,6.536,22.54,19.862,320.0,76.72
2016-03-24,40.16,36.82,15.415,13.778,32.875,13.43,53.56,147.2,103.285,65.276,9.314,99.98,20.64,61.06,60.61,68.645,65.0,80.61,59.77,43.42,4.904,142.809,156.7,47.665,62.01,6.536,22.135,19.621,315.95,77.01
2016-03-25,40.16,36.82,15.415,13.778,32.875,13.43,53.56,147.2,103.285,65.276,9.314,99.98,20.64,61.06,60.61,68.645,65.0,80.61,59.77,43.42,4.904,142.809,156.7,47.665,62.01,6.536,22.135,19.621,315.95,77.01
2016-03-28,40.16,36.82,15.415,13.778,32.875,13.43,53.56,147.2,103.285,65.276,9.314,99.98,20.64,61.06,60.61,68.645,65.0,80.61,59.77,43.42,4.904,142.809,156.7,47.665,62.01,6.536,22.135,19.621,315.95,77.01
2016-03-29,40.045,37.36,15.595,13.974,32.675,13.5,54.3,150.8,105.389,65.715,9.201,99.35,20.73,61.88,61.3,70.097,65.2,82.06,60.05,43.71,4.9,144.993,157.6,48.33,62.53,6.536,22.233,20.17,313.95,77.22
2016-03-30,40.98,38.735,15.59,14.14,32.795,13.835,56.12,154.5,106.465,67.158,9.22,100.25,20.65,62.12,62.66,70.883,66.29,84.05,59.96,44.45,4.9,149.873,160.7,49.815,63.55,6.536,22.833,20.532,316.25,77.45
2016-03-31,40.06,38.73,15.395,13.946,32.48,13.64,55.54,150.5,106.221,65.788,9.165,98.0,20.69,61.48,61.71,70.475,65.47,82.58,58.35,44.23,4.878,146.016,157.45,49.245,62.51,6.536,22.483,20.412,309.45,77.0
2016-04-01,38.785,38.375,15.395,13.84,32.415,13.425,54.03,148.8,104.459,64.524,9.099,96.09,20.335,59.22,61.44,70.366,65.28,82.55,56.98,44.005,4.805,142.902,154.7,48.545,61.32,6.536,22.122,19.978,306.65,76.13
2016-04-04,39.175,38.56,14.445,14.152,32.48,13.485,54.21,149.2,105.095,64.571,9.08,97.49,20.295,60.41,62.81,73.439,65.45,82.77,57.32,43.86,4.92,144.621,155.6,48.995,61.74,6.536,21.995,19.973,307.0,76.62
2016-04-05,38.345,37.52,14.105,14.074,31.085,13.08,52.36,145.35,103.97,62.788,8.736,97.0,19.61,58.91,61.65,71.867,64.74,81.14,56.43,42.95,4.625,140.997,154.2,47.75,61.23,6.536,21.483,19.727,301.25,76.01
2016-04-06,38.88,37.525,14.19,14.258,31.15,13.12,52.91,146.1,105.438,63.26,8.766,96.94,19.84,58.68,62.34,74.354,65.1,80.6,56.46,43.0,4.608,142.484,156.15,47.72,61.58,6.536,21.715,19.823,300.1,76.54
2016-04-07,38.58,37.71,14.19,14.008,30.075,13.095,52.22,145.15,104.508,62.149,8.566,96.41,19.465,57.88,62.44,74.294,64.85,79.93,56.74,41.35,4.8,139.649,155.15,47.295,61.16,6.536,21.583,19.857,298.55,76.17
2016-04-08,40.01,38.695,14.23,14.052,30.885,13.33,53.12,145.65,105.144,62.788,8.764,96.94,19.92,58.94,62.95,74.165,65.02,80.19,57.51,41.935,4.894,140.393,154.7,48.43,61.26,6.536,22.073,20.214,297.95,76.5
2016-04-11,40.19,38.63,14.395,14.0,31.2,13.48,53.56,146.05,103.725,63.466,8.851,96.63,20.18,59.06,62.63,73.807,64.58,80.37,56.35,42.315,4.973,139.51,153.95,48.985,60.93,6.536,22.147,20.363,294.7,75.97
2016-04-12,40.93,38.73,14.8,13.968,31.36,13.43,53.69,148.3,104.312,65.096,8.895,97.32,20.715,59.03,62.3,73.847,64.75,79.81,56.07,42.56,4.806,140.067,154.5,49.405,60.95,6.536,22.675,20.354,299.4,76.09
2016-04-13,42.565,40.08,15.05,14.218,33.815,13.805,55.92,154.55,107.639,67.325,9.381,99.03,22.055,60.98,63.06,75.587,64.9,81.74,57.61,45.265,5.003,144.529,157.65,50.81,61.93,6.536,23.153,20.513,312.3,75.75
2016-04-14,42.815,40.3,15.09,14.244,34.075,13.845,56.59,153.5,108.178,67.391,9.462,99.8,22.025,61.04,63.04,76.88,65.84,81.7,56.87,45.66,4.899,143.599,159.6,50.11,62.67,6.536,23.195,20.522,310.55,75.88
2016-04-15,42.545,39.97,15.14,14.194,33.84,13.875,56.38,152.4,106.074,67.624,9.353,100.05,22.145,60.36,62.1,77.029,65.95,80.3,56.58,45.16,5.131,143.785,158.65,49.995,62.16,6.536,23.025,20.725,308.25,76.17
2016-04-18,42.245,40.32,15.06,14.258,34.26,13.97,55.87,152.25,106.318,68.223,9.371,100.5,22.095,60.98,62.22,76.97,66.05,80.28,56.84,45.73,5.043,144.993,160.45,50.0,62.32,6.536,23.25,20.783,308.15,76.15
2016-04-19,42.885,40.37,15.23,14.39,34.23,14.25,55.8,153.45,108.765,69.853,9.388,102.3,22.4,61.33,66.38,77.288,66.18,81.55,57.38,45.63,5.223,150.477,168.5,50.05,64.52,6.536,23.585,20.72,315.15,76.87
2016-04-20,43.345,40.675,15.175,14.592,35.11,14.385,56.47,154.5,109.352,70.618,9.594,103.7,22.715,61.76,65.83,77.556,65.56,79.88,57.46,46.815,5.145,150.012,168.1,50.2,64.63,6.536,23.545,20.571,314.0,75.64
2016-04-21,43.65,40.7,14.98,13.986,35.525,14.315,59.1,152.1,112.19,70.518,9.644,98.65,22.73,62.68,64.91,78.193,64.24,79.3,58.18,47.64,5.169,148.804,165.15,50.35,63.87,6.536,23.878,20.18,311.7,75.66
2016-04-22,43.825,40.71,14.945,14.022,35.815,14.255,59.45,149.75,113.021,69.786,9.716,96.5,22.865,60.79,64.91,78.083,65.01,79.02,58.17,47.79,5.171,140.811,163.45,50.5,63.13,6.536,24.075,20.305,307.45,75.74
2016-04-25,43.62,40.545,14.785,14.036,34.9,14.035,58.66,148.8,112.777,70.352,9.496,96.64,22.655,62.35,64.72,78.243,65.48,78.7,58.64,46.645,5.074,140.253,163.5,48.67,62.95,6.536,24.055,20.334,308.3,76.23
2016-04-26,43.735,40.47,14.98,14.03,35.41,14.3,58.39,147.55,111.554,66.959,9.673,95.85,22.84,62.94,65.19,77.109,65.13,78.58,58.23,47.48,5.205,138.812,162.85,49.385,62.48,6.536,23.997,20.344,304.85,76.45
2016-04-27,44.965,41.06,14.96,14.072,35.245,14.59,58.99,147.2,111.749,66.493,9.56,95.96,22.725,63.23,65.71,76.582,65.8,83.63,58.46,47.88,5.704,138.952,164.8,50.14,62.9,6.536,24.382,20.493,307.15,77.12
2016-04-28,45.12,40.695,14.85,13.948,35.665,14.415,58.77,149.4,112.532,66.793,9.63,95.35,22.83,62.31,65.64,75.776,66.0,82.82,55.77,48.245,5.631,140.16,165.85,49.965,62.63,6.536,23.895,20.889,316.6,76.73
2016-04-29,43.93,39.995,14.48,13.66,34.25,14.4,56.84,145.1,110.624,65.861,9.301,94.28,22.015,60.17,64.63,71.718,65.24,81.53,54.61,46.24,5.364,139.091,158.45,49.74,61.17,6.536,22.788,20.686,311.0,75.5
2016-05-02,43.93,40.18,14.795,13.79,34.12,14.315,56.71,147.25,111.749,66.054,9.242,95.37,22.32,60.29,64.74,71.639,64.94,81.65,54.25,45.965,5.259,141.415,158.6,49.955,61.64,6.536,23.017,20.151,317.6,75.29
2016-05-03,42.725,39.495,14.82,13.686,32.83,14.065,55.5,144.7,110.575,64.903,8.841,93.75,22.05,58.71,63.48,71.261,65.5,80.97,53.56,45.5,5.029,139.138,157.8,48.57,60.97,6.536,22.7,20.137,314.0,75.9
2016-05-04,42.15,38.435,14.275,13.658,33.38,13.81,54.91,143.65,109.205,63.393,8.833,93.48,21.905,58.46,63.08,69.749,64.47,79.83,53.25,45.31,4.852,135.745,157.3,49.72,60.49,6.536,22.507,19.327,317.0,76.08
2016-05-05,42.545,38.49,14.355,13.714,32.6,13.39,53.7,144.4,109.988,63.366,8.638,94.47,21.645,58.42,63.8,70.763,64.31,79.44,54.02,44.71,4.889,135.838,158.65,49.085,59.56,6.536,22.545,19.052,317.3,75.25
2016-05-06,42.94,38.275,14.21,13.598,32.86,13.375,53.78,143.7,109.841,63.506,8.696,95.31,20.43,58.33,63.56,70.017,63.75,78.89,54.03,44.265,4.832,134.398,157.75,48.645,59.8,6.536,22.587,19.312,316.5,75.48
2016-05-09,42.08,38.36,14.555,13.804,32.93,13.3,53.84,145.55,112.532,63.386,8.679,96.6,20.67,58.68,63.9,71.42,63.92,81.13,54.38,44.15,4.707,135.234,160.35,49.01,61.05,6.536,22.58,19.409,318.45,76.19
2016-05-10,42.665,38.58,14.625,13.846,33.47,13.275,54.73,148.85,112.239,63.653,8.782,96.81,20.895,59.42,63.55,70.017,64.09,81.45,55.55,44.575,4.776,136.164,160.8,49.15,61.01,6.536,22.895,19.308,322.6,76.54
2016-05-11,42.885,38.5,14.7,13.824,33.0,13.135,54.95,146.45,111.652,63.406,8.764,95.67,20.84,59.86,62.9,69.112,64.56,81.66,55.49,44.13,4.73,134.165,159.2,48.69,60.6,6.536,22.763,19.134,319.3,76.76
2016-05-12,42.765,38.3,14.86,13.646,32.695,13.22,54.6,144.75,109.792,63.074,8.333,95.29,20.69,59.2,63.05,68.735,64.62,80.86,55.23,43.455,4.645,132.074,158.3,48.895,60.39,6.536,22.64,19.177,316.5,76.7
2016-05-13,42.82,38.485,15.095,13.662,33.395,13.35,54.76,145.35,110.575,64.005,8.325,95.89,20.725,59.55,63.15,69.6,65.09,81.5,55.14,44.02,4.664,132.771,159.55,48.58,60.64,6.536,22.712,19.269,317.1,76.8
2016-05-16,43.15,38.465,15.03,13.7,33.28,13.365,54.85,145.05,110.722,63.912,8.285,96.23,20.575,59.66,63.09,69.282,65.52,80.66,54.87,43.9,4.726,133.189,159.05,48.48,60.61,6.536,22.51,19.385,317.8,77.43
2016-05-17,43.07,38.24,15.06,13.728,33.55,13.385,55.21,143.95,109.156,63.859,8.316,94.95,20.63,59.34,63.65,69.371,65.13,80.95,54.18,44.325,4.743,132.539,157.95,48.02,59.91,6.536,21.728,19.148,317.5,76.59
2016-05-18,43.16,38.335,15.15,13.718,34.02,13.42,55.87,144.8,110.282,64.198,8.45,94.6,20.705,59.16,63.84,69.729,65.36,81.24,53.21,44.98,5.029,133.375,159.85,48.43,59.98,6.536,21.702,18.748,320.65,76.24
2016-05-19,42.13,38.265,14.95,13.54,34.465,13.19,55.47,142.2,109.841,63.692,8.419,93.85,20.855,58.57,63.51,68.625,65.15,80.21,53.33,45.305,5.01,131.935,158.2,48.11,59.5,6.536,21.595,18.724,318.05,76.18
2016-05-20,43.005,38.78,15.205,13.82,34.675,13.3,56.25,144.2,112.092,64.644,8.515,94.82,21.24,59.98,64.77,70.793,66.01,81.73,54.41,45.715,5.139,133.793,160.65,49.25,60.35,6.536,22.095,18.917,318.9,77.28
2016-05-23,42.39,38.64,15.03,13.9,34.785,13.25,56.19,142.4,112.092,62.635,8.468,94.5,21.085,59.87,64.38,69.819,66.35,82.89,54.54,45.93,5.171,132.492,160.1,49.205,60.31,6.536,21.952,18.84,316.2,77.03
2016-05-24,43.115,39.37,15.21,14.118,36.665,13.52,57.15,144.7,113.609,64.211,8.755,96.45,22.05,61.53,65.22,71.41,67.74,85.0,56.0,47.63,5.315,134.165,164.2,49.77,61.75,6.536,22.435,19.148,322.15,77.77
2016-05-25,44.07,39.56,15.34,14.104,36.71,13.78,58.02,143.5,114.391,64.63,9.171,97.37,22.36,62.46,64.57,73.22,67.41,84.82,56.07,48.97,5.355,135.234,164.8,49.3,62.3,6.536,22.665,19.028,321.15,77.42
2016-05-26,44.03,39.94,15.59,14.21,36.985,13.865,58.07,143.8,114.832,65.309,9.278,98.63,22.57,62.84,64.69,73.071,67.92,86.05,56.0,50.0,5.412,134.723,165.75,49.82,62.92,6.536,22.942,19.312,321.95,77.88
2016-05-27,43.9,40.055,15.465,14.224,36.95,13.885,58.3,145.05,115.712,65.016,8.755,98.24,22.705,62.96,64.57,73.399,68.18,86.04,56.02,49.765,5.429,136.164,166.9,50.38,63.13,6.536,22.817,19.467,324.5,77.73
2016-05-30,43.765,40.02,15.58,14.262,37.31,13.98,58.19,145.4,115.712,65.595,8.76,99.19,22.7,63.36,64.92,73.508,68.15,85.7,56.3,50.28,5.444,136.442,167.45,50.66,63.56,6.536,22.945,19.317,324.25,77.54
2016-05-31,43.675,40.12,15.615,14.312,36.99,13.845,58.11,144.05,114.832,64.218,8.691,97.91,22.58,63.0,65.06,73.29,67.59,85.7,56.02,49.765,5.377,134.909,168.9,49.435,63.08,6.536,22.835,19.457,324.95,77.86
2016-06-01,43.03,39.955,15.5,14.308,36.16,13.55,57.73,144.4,115.712,64.418,8.51,97.82,22.39,62.34,65.07,73.071,67.2,85.02,55.94,48.86,5.34,135.885,168.25,50.12,62.88,6.536,23.15,19.659,324.1,77.47
2016-06-02,42.34,39.92,15.5,14.18,36.225,13.495,58.0,145.35,115.615,64.531,8.546,97.8,22.315,62.73,65.63,72.981,66.79,87.82,55.3,47.51,5.338,138.115,167.75,50.52,62.91,6.536,23.458,19.592,323.5,77.5
2016-06-03,42.295,39.825,15.37,13.96,35.61,13.505,57.01,145.25,115.125,63.353,8.326,98.01,21.755,61.74,62.04,72.096,66.69,87.35,53.35,46.32,5.322,137.604,168.1,49.985,62.87,6.536,23.177,19.587,324.3,76.43
2016-06-06,42.465,39.105,15.37,13.95,35.365,13.65,56.84,145.25,116.3,63.174,8.351,98.51,21.82,61.41,61.77,72.007,66.83,86.59,53.03,46.385,5.394,140.671,168.1,50.06,62.82,6.536,23.208,19.645,324.15,76.62
2016-06-07,43.765,39.55,15.5,13.95,35.72,13.95,57.01,149.4,116.446,63.333,8.474,98.39,21.91,61.5,61.65,72.683,66.9,87.72,53.51,47.065,5.539,145.504,168.8,50.36,63.33,6.536,23.462,19.843,335.0,76.06
2016-06-08,43.37,39.375,15.52,13.754,34.94,14.31,56.73,147.55,115.566,63.06,8.331,97.68,21.56,61.35,61.8,72.255,66.15,87.06,53.61,46.405,5.383,143.739,168.6,49.85,63.13,6.536,23.35,19.828,332.9,76.15
2016-06-09,42.845,39.17,15.215,13.704,34.205,14.31,56.11,145.75,115.859,62.608,8.138,96.78,21.205,61.0,62.37,71.957,65.79,87.63,53.4,45.875,5.316,143.274,166.85,49.595,62.79,6.536,23.032,19.746,331.1,75.11
2016-06-10,42.05,38.13,14.74,13.394,32.675,14.115,55.23,142.7,113.609,62.009,7.891,94.9,20.31,60.68,60.77,70.057,64.67,85.75,52.66,44.295,5.079,140.764,163.4,48.095,61.43,6.536,22.733,19.274,326.55,73.88
2016-06-13,41.48,37.46,14.6,13.314,31.59,13.855,53.99,140.5,110.869,61.231,7.627,93.4,19.595,58.62,59.81,69.112,63.65,84.23,51.27,43.01,4.969,139.417,161.4,47.105,60.47,6.536,22.12,19.033,327.0,72.34
2016-06-14,40.055,36.705,14.175,13.194,30.75,13.61,52.71,137.1,108.373,60.047,7.475,92.04,19.295,57.02,59.04,66.934,62.18,82.65,50.98,42.04,4.929,136.21,158.7,46.335,60.0,6.536,21.812,18.575,322.0,71.55
2016-06-15,40.415,36.89,14.16,13.31,31.33,13.84,53.84,139.2,108.52,60.732,7.521,92.61,19.27,57.5,59.89,67.74,62.6,83.13,51.67,42.415,5.056,138.58,160.7,46.575,60.5,6.536,21.638,18.618,323.9,72.14
2016-06-16,40.48,36.515,14.39,13.156,30.845,13.85,53.68,137.6,107.835,60.579,7.396,92.51,19.44,56.9,60.22,67.402,62.33,81.78,50.49,41.85,4.926,135.42,161.15,45.96,60.3,6.536,21.425,18.589,321.5,72.1
2016-06-17,41.26,36.985,14.29,13.112,32.87,14.12,54.75,137.5,107.982,60.745,7.749,91.58,19.68,56.93,60.56,67.461,62.9,82.52,50.83,43.45,5.043,136.257,161.35,46.535,59.9,6.536,21.558,18.613,327.35,72.26
2016-06-20,42.72,38.56,14.67,13.71,33.8,14.48,56.84,143.9,112.092,62.236,8.045,94.56,20.51,59.25,62.46,69.122,64.8,86.72,53.31,45.58,5.162,141.647,165.25,48.435,61.82,6.536,22.358,19.235,335.9,74.44
2016-06-21,43.02,38.905,14.435,13.824,34.165,14.515,57.34,143.2,113.511,62.688,8.157,95.59,20.77,60.42,62.73,69.65,64.73,86.99,54.36,46.07,5.2,140.764,167.4,48.51,62.81,6.536,22.17,19.447,336.95,74.86
2016-06-22,43.03,39.17,14.24,13.83,34.485,14.585,57.37,142.75,114.44,63.007,8.233,95.61,20.905,61.03,63.27,70.783,64.42,86.97,54.45,46.365,5.278,140.997,168.5,48.745,62.78,6.536,22.05,19.404,339.2,74.97
2016-06-23,43.69,39.99,14.775,14.05,36.26,14.685,58.39,144.6,115.761,63.992,8.567,96.64,21.51,62.19,63.79,71.609,64.65,89.01,55.53,47.7,5.435,142.67,170.65,50.02,63.88,6.536,22.485,19.042,341.4,75.9
2016-06-24,40.62,35.58,13.665,13.612,28.8,13.475,52.12,135.15,112.532,60.453,7.368,95.17,18.18,58.28,60.66,68.993,59.99,80.1,52.11,39.4,5.125,132.12,164.3,45.725,60.83,6.536,21.43,17.799,325.2,72.29
2016-06-27,40.325,32.51,13.585,12.956,26.385,13.18,49.725,131.4,110.673,59.016,6.928,94.42,16.405,56.02,58.17,70.037,58.57,74.4,49.92,36.91,4.988,128.821,162.8,43.295,60.46,6.536,20.6,17.413,321.15,70.33
2016-06-28,41.39,33.51,14.075,13.2,26.95,13.515,50.87,134.65,113.658,59.927,7.218,95.12,17.2,57.82,59.07,72.424,60.36,76.5,51.11,38.35,5.105,131.098,165.35,44.5,60.91,6.536,20.933,17.895,329.2,73.5
2016-06-29,42.95,34.38,14.62,13.404,27.91,14.035,51.82,135.75,116.397,61.89,7.269,98.19,17.84,59.3,60.2,73.896,62.52,78.52,51.93,39.51,5.107,134.723,170.0,45.54,61.36,6.536,21.05,18.459,336.35,74.95
2016-06-30,43.38,34.355,14.655,13.656,28.21,14.51,53.06,136.0,116.3,62.575,7.28,100.1,17.805,60.92,60.53,74.513,63.69,78.2,51.73,39.755,5.246,135.188,172.0,46.31,63.41,6.536,21.302,18.772,336.95,75.01
2016-07-01,43.755,34.97,14.585,13.712,28.38,14.42,53.73,136.15,116.985,62.987,7.364,101.0,17.86,61.07,61.44,74.612,64.35,77.85,51.48,39.91,5.28,137.744,172.45,46.92,64.2,6.536,21.958,18.686,340.8,75.97
2016-07-04,43.38,34.12,14.405,13.556,27.795,14.545,53.05,136.9,116.838,62.848,7.238,100.0,17.55,60.15,60.32,74.642,63.56,75.91,51.29,39.225,5.158,137.093,173.4,45.97,63.93,6.536,21.618,18.777,342.5,75.11
2016-07-05,42.685,33.275,14.135,13.436,26.79,14.27,51.68,134.55,116.202,62.202,6.982,99.68,16.965,58.64,59.44,74.185,62.67,74.65,49.77,39.12,4.994,134.026,173.35,46.705,63.83,6.536,20.923,18.425,340.55,74.07
2016-07-06,41.765,32.545,13.705,13.238,26.4,14.095,50.48,132.5,114.783,59.608,6.832,97.79,16.305,57.47,58.67,73.31,62.21,73.4,48.47,38.36,4.837,133.515,171.05,45.7,63.31,6.536,20.7,18.088,337.55,73.19
2016-07-07,42.05,33.0,13.895,13.352,26.595,14.225,50.38,133.3,115.566,59.847,6.876,98.77,16.385,58.87,59.38,73.638,63.13,74.11,49.05,38.5,4.9,135.048,172.35,45.96,64.5,6.536,20.833,18.097,337.45,75.09
2016-07-08,42.65,34.08,14.155,13.576,28.0,14.54,52.1,134.4,116.055,59.787,7.262,99.17,17.075,59.86,60.24,73.787,63.6,75.39,49.03,39.815,5.162,136.721,172.8,46.76,64.04,6.536,21.35,18.416,337.45,75.6
2016-07-11,43.35,35.085,14.235,13.964,28.505,14.715,54.0,137.5,118.306,61.317,7.336,99.73,17.295,61.59,62.37,74.394,65.45,76.51,50.2,40.265,5.345,140.346,174.1,47.995,64.36,6.536,21.45,18.536,344.5,76.76
2016-07-12,43.935,35.685,14.535,14.02,29.785,14.73,54.64,139.7,118.501,62.116,7.643,99.43,18.165,62.21,62.63,74.185,65.76,77.0,52.21,42.34,5.405,142.763,173.45,48.31,64.81,6.536,22.122,18.348,350.1,77.4
2016-07-13,43.5,35.835,14.395,14.07,29.275,14.895,54.84,139.25,118.746,62.269,7.525,99.47,17.91,61.94,63.35,75.517,66.09,78.28,53.12,41.5,5.388,142.809,173.7,47.91,64.72,6.536,21.96,18.618,349.8,77.61
2016-07-14,44.2,36.455,14.59,14.11,30.325,14.94,55.68,141.0,118.599,63.074,7.689,99.59,18.335,63.07,63.02,75.219,66.31,80.19,53.38,42.895,5.412,143.599,174.0,48.435,65.97,6.536,22.37,18.681,351.5,77.73
2016-07-15,43.93,36.28,14.635,14.082,30.345,15.025,55.4,140.0,119.137,63.792,7.553,99.81,18.15,62.6,63.49,75.219,66.27,78.72,52.61,42.78,5.391,142.344,174.4,48.085,65.74,6.536,22.108,18.657,348.3,77.18
2016-07-18,43.485,36.295,14.45,14.142,30.29,14.905,55.29,140.35,118.893,63.779,7.572,99.5,18.17,62.2,63.48,74.762,65.9,79.0,52.2,42.455,5.53,144.668,173.85,48.205,65.28,6.536,22.177,18.633,349.65,77.3
2016-07-19,43.54,36.145,14.265,14.104,30.075,14.815,55.08,139.35,118.257,63.287,7.516,99.01,17.89,61.75,62.65,74.344,65.94,78.79,52.27,42.38,5.552,142.67,171.95,48.485,64.71,6.536,21.907,18.594,348.65,77.25
2016-07-20,43.575,36.245,14.255,14.48,30.32,14.92,56.2,142.15,119.773,63.273,7.617,100.35,18.135,61.96,64.22,75.587,66.38,82.65,52.92,42.775,5.664,143.692,174.5,49.57,65.35,6.536,22.267,18.864,354.1,77.7
2016-07-21,43.4,36.22,14.175,14.036,30.395,15.08,56.09,142.5,119.382,63.247,7.581,100.4,17.98,61.54,65.98,75.806,65.97,81.58,52.01,43.02,5.714,144.621,173.35,49.485,65.21,6.536,22.103,18.71,370.25,76.22
2016-07-22,43.085,36.285,14.465,14.168,30.235,15.06,56.28,142.3,119.529,63.626,7.607,101.25,17.83,60.85,65.26,76.184,66.55,82.05,51.4,43.4,5.713,144.017,174.55,49.5,65.4,6.536,22.038,18.695,376.4,78.84
2016-07-25,42.25,36.73,14.355,14.378,30.15,15.015,56.76,144.45,120.214,63.679,7.557,101.35,17.93,61.41,66.24,76.094,67.21,83.54,51.08,43.185,5.815,145.272,175.2,49.825,65.79,6.536,22.185,18.792,378.7,80.0
2016-07-26,42.44,36.935,13.82,14.4,29.88,15.04,56.83,143.7,120.801,63.959,7.514,102.35,17.88,62.79,66.08,76.154,67.38,83.32,51.7,42.89,5.889,144.668,175.8,49.485,65.96,6.536,22.51,18.907,379.85,81.39
2016-07-27,42.685,37.485,13.825,14.702,30.35,15.015,57.36,154.45,120.214,64.398,7.622,101.05,18.195,63.66,66.36,76.283,67.61,82.65,54.0,43.5,6.514,148.107,176.2,49.6,65.7,6.536,23.003,18.874,383.4,81.75
2016-07-28,42.485,37.28,13.685,14.754,29.85,14.855,58.52,153.35,118.991,63.327,7.46,101.9,17.765,64.25,66.24,75.875,67.08,85.11,53.57,42.855,6.443,148.711,174.95,49.555,67.93,6.536,22.728,19.115,380.7,81.99
2016-07-29,42.76,37.9,13.69,14.774,30.555,14.725,58.52,153.4,112.092,63.46,7.627,102.2,18.23,60.8,66.6,75.736,67.89,85.95,52.63,44.355,6.527,157.913,170.25,49.35,68.88,6.536,22.86,19.148,384.8,81.49
2016-08-01,42.095,37.725,13.755,14.754,29.435,14.4,58.36,152.9,111.847,61.923,7.518,101.75,17.97,62.03,65.84,75.856,67.22,85.37,52.25,43.695,6.505,160.097,170.25,51.22,68.55,6.536,22.878,19.177,386.45,81.49
2016-08-02,41.465,37.18,13.505,14.68,28.515,14.25,57.97,149.5,110.869,61.045,7.313,100.9,17.395,61.22,64.98,73.508,67.37,83.74,51.26,41.805,6.243,157.401,170.25,50.62,67.79,6.536,22.685,19.144,384.25,81.49
2016-08-03,41.6,37.23,13.59,14.572,29.415,14.295,57.6,149.85,110.184,61.251,7.319,100.4,17.05,60.75,64.78,73.021,67.09,83.43,50.46,42.035,6.312,157.541,169.35,50.66,67.81,6.536,22.708,19.038,382.45,80.62
2016-08-04,42.225,37.565,13.655,14.704,29.945,14.425,58.22,149.85,110.624,60.958,7.511,101.55,17.3,60.36,65.01,72.355,67.23,84.58,50.6,42.56,6.537,157.123,170.6,51.05,68.22,6.536,22.913,19.042,382.55,81.02
2016-08-05,42.945,37.9,13.84,14.836,30.94,14.62,59.0,153.4,111.554,62.016,7.672,103.05,17.65,60.51,66.13,72.136,67.04,85.58,51.0,43.845,6.66,160.329,171.95,51.5,69.64,6.536,23.44,19.283,388.0,81.25
2016-08-08,42.995,38.34,13.75,14.734,31.31,14.635,59.3,152.0,111.554,62.196,7.84,102.15,18.115,60.92,66.13,71.857,67.27,85.55,50.34,44.39,6.659,158.098,171.1,51.65,68.15,6.536,23.567,19.336,386.8,81.27
2016-08-09,43.395,39.05,13.925,14.926,31.86,14.65,60.16,153.6,112.826,63.719,7.909,103.7,18.27,61.68,66.99,72.653,67.68,86.21,51.1,44.815,6.647,159.586,174.1,52.54,68.82,6.536,23.808,19.255,388.1,81.94
2016-08-10,43.05,38.79,13.825,14.918,31.88,14.56,60.58,153.05,112.532,63.912,7.977,103.7,18.5,61.75,67.1,70.823,67.71,86.39,51.2,44.63,6.577,160.143,173.0,52.81,68.75,6.536,23.805,19.144,389.3,82.52
2016-08-11,43.52,39.345,14.125,14.992,32.195,14.705,61.59,156.2,112.924,64.63,7.987,106.1,18.62,62.52,67.29,71.589,69.68,86.05,51.84,45.0,6.67,161.351,175.6,53.5,69.85,6.536,24.135,19.23,394.3,83.24
2016-08-12,43.35,39.47,14.125,14.992,32.045,14.82,61.4,158.6,112.777,64.544,7.942,106.1,18.525,62.53,67.47,71.31,68.9,85.79,52.03,44.675,6.674,164.326,175.75,53.36,69.9,6.536,23.95,19.298,397.9,82.6
2016-08-15,43.415,39.34,13.97,15.026,31.82,14.835,61.09,158.7,113.266,64.517,7.933,106.25,18.485,62.55,67.39,71.4,68.7,86.28,52.28,44.615,6.828,162.932,175.7,53.2,69.75,6.536,24.003,19.298,398.45,82.37
2016-08-16,43.51,39.035,13.785,14.94,31.395,14.675,60.29,157.15,111.896,66.034,7.865,105.8,18.21,61.39,66.69,70.485,67.6,85.28,51.49,44.02,6.64,161.816,174.55,52.89,69.25,6.536,23.663,18.98,394.0,81.49
2016-08-17,43.345,38.725,13.61,14.94,30.785,14.36,60.01,156.05,111.064,65.482,7.769,104.95,17.915,61.31,65.97,69.669,66.99,84.31,50.69,43.405,6.553,160.98,173.8,53.1,68.53,6.536,23.608,18.657,393.55,80.92
2016-08-18,43.65,39.1,13.68,14.99,30.745,14.47,60.87,157.4,110.673,65.728,7.762,104.45,17.995,61.72,66.55,69.789,67.72,85.21,50.0,43.38,6.762,163.21,172.7,53.53,68.53,6.536,23.795,18.724,395.35,81.81
2016-08-19,43.065,38.825,13.505,14.962,30.06,14.32,60.91,157.05,109.743,65.435,7.623,105.35,17.505,61.4,66.03,69.331,67.02,84.3,49.86,42.58,6.733,162.281,171.7,53.31,68.62,6.536,23.772,18.454,398.6,81.38
2016-08-22,42.455,38.85,13.625,14.996,30.15,14.245,60.43,156.15,109.743,64.797,7.643,104.95,17.55,61.0,65.98,69.182,66.9,84.92,49.975,43.015,6.718,160.422,170.95,53.3,68.27,6.536,23.608,18.594,394.2,81.28
2016-08-23,42.775,39.405,13.675,15.046,31.005,14.37,61.37,156.9,109.988,65.129,7.801,104.45,17.95,61.85,66.44,68.486,67.15,86.16,50.6,43.905,6.88,160.561,170.65,53.97,68.46,6.536,23.827,18.676,394.5,81.36
2016-08-24,42.735,39.81,13.53,15.102,31.805,14.295,61.78,157.3,110.086,65.163,7.93,102.85,18.05,62.81,67.43,68.715,67.02,86.49,51.21,44.655,6.809,160.004,170.65,54.18,68.22,6.536,23.96,18.565,389.95,80.32
2016-08-25,42.58,39.09,13.6,15.04,31.725,14.25,61.13,155.6,110.135,64.604,7.878,102.8,17.865,61.91,67.14,68.197,66.94,85.57,50.55,44.43,6.764,158.145,170.65,53.82,68.14,6.536,23.677,18.56,387.6,79.73
2016-08-26,43.42,39.29,13.66,15.196,31.92,14.33,61.85,155.9,110.526,65.828,7.891,102.95,17.995,62.27,67.43,68.973,67.44,87.88,51.04,44.83,6.789,158.517,171.3,54.1,68.31,6.536,23.808,18.652,385.85,79.6
2016-08-29,43.015,39.065,13.525,15.092,31.615,14.25,61.25,155.5,111.113,65.475,7.851,102.8,17.995,62.23,67.67,69.053,67.26,87.55,51.3,44.485,6.748,156.89,171.5,53.75,68.64,6.536,23.782,18.502,386.4,79.4
2016-08-30,43.495,39.375,13.525,15.244,32.185,14.3,61.99,154.75,112.288,65.628,7.986,103.5,18.335,62.64,67.2,69.311,68.03,88.37,51.44,45.35,6.834,156.797,171.15,53.92,68.98,6.536,23.837,18.628,385.0,79.18
2016-08-31,42.75,39.32,13.69,15.104,32.645,14.29,61.09,151.7,111.407,65.415,8.176,102.9,18.82,62.68,66.55,68.695,67.99,87.34,52.29,45.605,6.703,157.959,169.35,53.71,68.11,6.536,23.825,18.382,378.6,77.63
2016-09-01,42.55,39.43,13.415,15.222,32.62,14.22,61.2,152.6,109.939,64.99,8.201,105.3,19.015,62.81,67.19,67.999,68.25,88.19,51.85,46.83,6.69,158.935,168.65,53.62,67.93,6.536,23.705,18.512,380.8,77.88
2016-09-02,43.985,39.865,13.7,15.578,33.16,14.615,62.83,156.2,113.951,65.821,8.366,106.95,19.3,64.06,67.87,69.868,69.32,89.14,53.19,47.82,6.503,163.443,174.55,54.19,70.25,6.536,24.0,19.418,385.2,79.47
2016-09-05,44.27,39.735,13.66,15.404,32.8,14.72,62.64,155.45,114.098,65.662,8.361,106.85,19.325,64.6,67.5,69.61,68.82,88.73,53.86,47.38,6.509,162.56,173.75,54.14,70.05,6.536,23.942,19.756,387.15,80.37
2016-09-06,44.095,39.5,13.595,15.408,32.16,14.76,62.03,156.15,114.489,65.595,8.221,106.9,19.18,64.61,68.94,69.699,69.03,88.21,54.4,46.72,6.619,162.049,173.75,53.83,69.26,6.536,23.972,19.896,389.9,80.33
2016-09-07,44.605,39.705,13.605,15.454,32.405,14.67,62.28,156.45,114.245,65.668,8.302,107.15,19.365,64.51,68.85,70.017,69.32,88.45,54.75,46.975,6.81,163.815,173.5,54.04,69.78,6.536,24.555,20.031,392.6,80.32
2016-09-08,44.445,39.28,13.72,15.298,33.065,14.68,60.84,154.1,113.853,64.637,8.456,105.7,19.615,64.63,68.26,70.783,68.74,87.79,55.5,47.825,6.759,165.023,170.45,53.38,68.25,6.536,24.385,20.002,386.75,79.58
2016-09-09,43.855,38.5,13.62,15.194,33.34,14.595,59.4,152.2,113.364,63.613,8.461,104.1,19.825,64.69,67.81,69.968,67.28,86.94,55.63,47.93,6.77,163.117,167.15,53.21,66.58,6.536,24.255,19.872,383.25,78.51
2016-09-12,43.435,38.065,13.39,15.26,32.725,14.355,59.5,152.0,112.924,62.967,8.327,104.0,19.265,63.79,66.94,69.57,66.98,85.73,54.5,46.875,6.684,162.56,167.25,52.28,66.24,6.536,23.782,19.679,383.9,79.63
2016-09-13,42.0,37.545,13.175,15.248,32.14,14.05,59.38,150.8,111.749,65.994,8.181,102.85,18.66,63.87,66.7,68.923,66.39,85.43,53.82,46.015,6.778,162.095,165.5,52.01,64.91,6.536,23.67,19.496,387.05,80.45
2016-09-14,41.49,37.495,13.1,15.218,31.89,13.88,59.11,147.4,111.994,66.867,8.231,102.1,18.51,63.78,66.92,69.441,66.35,85.84,53.06,45.945,6.743,160.329,164.9,52.24,64.74,6.536,23.587,19.38,353.0,80.0
2016-09-15,41.51,37.69,13.1,15.29,32.005,13.735,59.61,147.65,112.092,66.252,8.383,103.15,18.97,63.39,66.61,68.595,66.76,85.24,52.81,45.685,6.886,161.398,166.0,52.37,64.67,6.536,23.833,19.389,355.0,80.3
2016-09-16,40.605,37.565,13.365,15.25,31.13,13.58,59.49,146.65,111.015,65.747,8.32,102.2,18.57,63.04,65.67,68.635,66.11,85.29,52.58,44.64,6.852,162.374,164.6,51.97,63.92,6.536,23.583,19.245,355.0,80.81
2016-09-19,41.685,38.18,13.425,15.458,31.26,13.75,60.47,149.05,112.581,66.198,8.29,103.65,18.86,64.01,66.94,69.252,67.38,87.28,52.82,44.93,7.027,164.372,166.6,52.64,64.7,6.536,23.85,19.592,357.55,81.02
2016-09-20,41.46,38.065,13.45,15.496,31.065,13.66,60.27,150.05,113.021,65.59,8.271,104.2,18.75,63.65,67.1,69.451,67.07,86.87,52.47,44.955,7.131,164.883,166.35,52.99,65.02,6.536,23.935,19.524,363.85,80.97
2016-09-21,41.525,38.32,13.59,15.638,31.665,13.55,61.0,150.2,113.413,65.351,8.514,104.7,19.26,64.32,67.23,68.317,67.02,86.94,52.65,46.24,7.196,164.233,166.1,53.47,65.29,6.536,24.022,19.524,365.15,80.72
2016-09-22,43.055,39.17,13.74,15.762,32.385,13.9,63.13,154.2,115.908,66.56,8.621,106.35,19.77,65.6,68.36,68.555,68.8,87.77,53.72,47.3,7.263,170.507,169.7,54.29,66.55,6.536,24.308,19.881,372.5,81.49
2016-09-23,42.535,39.07,13.74,15.604,31.89,13.855,62.96,153.75,115.859,65.842,8.548,106.35,19.77,65.04,68.05,68.078,68.69,87.64,53.81,46.955,7.186,169.391,169.0,54.05,66.08,6.536,24.365,19.573,370.4,81.26
2016-09-26,41.73,38.0,13.525,15.422,30.95,13.625,62.29,151.75,113.951,64.504,8.314,105.8,18.89,63.39,66.4,67.223,67.7,87.16,52.49,45.42,7.145,167.207,166.65,53.14,65.55,6.536,24.073,19.496,365.65,80.2
2016-09-27,40.77,37.99,13.76,15.402,30.625,13.54,61.98,151.85,114.049,64.395,8.227,105.65,18.64,63.1,66.35,67.571,67.69,87.14,52.14,45.185,7.145,166.324,167.55,52.63,65.98,6.536,24.347,19.524,362.15,79.79
2016-09-28,40.97,38.45,13.935,15.52,30.97,13.71,62.33,152.4,114.245,65.405,8.38,105.35,18.785,63.83,68.08,67.949,67.97,87.79,52.71,45.615,7.237,166.835,168.45,52.9,65.94,6.536,24.808,19.737,365.8,80.5
2016-09-29,42.67,38.395,13.95,15.414,30.815,13.89,61.83,150.7,112.092,65.118,8.373,105.1,18.72,63.74,67.27,67.66,67.76,87.48,53.3,45.405,6.99,164.883,167.65,52.69,65.84,6.536,24.52,19.751,359.8,81.91
2016-09-30,42.17,38.47,13.93,15.446,30.78,13.79,62.06,151.8,112.336,65.194,8.453,105.35,18.94,64.0,67.32,67.272,68.12,87.18,53.84,45.77,7.266,166.882,168.1,52.48,66.05,6.536,24.615,19.766,362.25,81.99
2016-10-03,42.325,38.625,13.8,15.446,30.465,13.68,61.86,152.0,112.777,66.0,8.454,106.45,18.735,64.42,67.3,67.869,68.06,88.91,53.74,45.615,7.201,168.043,168.25,52.46,67.16,6.536,24.573,19.669,361.25,82.39
2016-10-04,43.11,38.765,14.045,15.432,30.91,13.595,62.08,156.6,112.288,66.314,8.558,107.7,18.97,66.48,67.4,68.615,68.43,88.69,54.85,46.03,7.248,173.388,170.35,52.45,67.38,6.536,24.753,19.549,365.6,82.0
2016-10-05,43.07,38.88,13.85,15.294,31.895,13.37,62.1,156.25,111.162,65.726,8.744,105.85,19.6,65.9,66.57,68.367,67.29,87.11,55.08,47.6,7.232,172.784,166.2,52.15,66.45,6.536,24.702,19.187,362.5,81.57
2016-10-06,43.055,38.905,13.67,15.254,32.595,13.34,63.14,155.0,109.988,64.319,8.776,105.35,20.07,66.5,65.84,68.406,67.02,87.15,54.43,48.55,7.335,174.085,164.75,51.59,65.75,6.536,24.645,19.086,360.1,82.07
2016-10-07,42.93,37.97,13.6,15.006,32.87,13.075,62.14,155.4,109.107,63.52,8.768,103.35,20.16,65.7,64.73,68.426,66.35,84.12,53.83,49.31,7.425,172.784,163.25,50.6,64.55,6.536,24.48,18.84,358.7,81.69
2016-10-10,43.775,38.535,13.84,15.11,33.075,13.235,62.79,157.05,110.771,63.793,8.849,105.2,20.465,65.69,66.0,69.252,66.48,83.8,54.33,49.1,7.51,174.782,164.7,51.23,65.15,6.536,24.673,18.864,362.4,83.4
2016-10-11,43.34,38.13,13.85,15.09,33.04,13.255,62.0,164.1,109.401,63.431,8.912,105.2,20.515,63.83,65.39,68.904,65.17,82.95,53.03,48.55,7.299,177.477,164.05,51.16,64.87,6.536,24.415,18.864,367.45,82.17
2016-10-12,43.7,38.085,13.72,15.028,33.25,12.925,61.68,164.35,108.178,63.213,9.004,103.75,20.76,63.22,65.51,68.108,65.2,82.63,52.48,48.335,7.096,177.106,163.55,50.74,64.1,6.536,24.41,18.758,365.55,81.91
2016-10-13,43.4,37.8,13.68,15.002,32.24,12.915,60.81,163.0,107.982,63.076,8.714,103.35,20.04,62.15,64.76,67.79,65.6,82.45,52.42,46.935,7.127,174.782,162.75,50.81,63.59,6.536,24.17,18.801,369.4,81.09
2016-10-14,44.13,38.425,13.905,15.182,32.85,13.16,62.11,166.8,108.814,63.636,8.869,104.4,20.345,62.74,65.5,68.128,67.04,81.11,52.6,48.195,7.239,178.872,167.9,51.91,64.2,6.536,24.215,18.96,373.6,82.9
2016-10-17,43.6,38.37,13.925,15.116,32.955,13.13,61.89,165.4,107.542,62.885,8.921,104.6,20.195,62.97,65.55,67.511,66.88,80.55,52.71,48.5,7.349,176.594,166.35,51.67,63.81,6.536,24.093,18.956,369.6,82.67
2016-10-18,44.03,38.805,14.13,15.314,33.995,13.335,62.57,166.3,109.254,63.589,9.061,106.4,20.66,63.4,65.96,68.486,67.44,83.6,53.63,49.315,7.473,176.78,168.5,52.13,63.69,6.536,24.09,19.226,370.85,83.65
2016-10-19,44.155,38.855,14.015,15.368,34.215,13.315,62.84,167.35,108.863,63.418,9.039,108.45,20.465,64.68,67.03,68.148,67.23,83.2,54.13,50.0,7.506,176.687,168.3,52.1,63.38,6.536,24.067,19.148,370.7,85.45
2016-10-20,44.46,38.825,14.015,15.34,34.81,13.375,63.0,168.1,108.716,63.595,9.174,109.75,20.505,64.57,63.2,69.023,67.17,82.77,54.27,51.06,7.329,176.223,167.55,51.8,63.59,6.536,24.28,19.226,372.7,85.05
2016-10-21,44.32,38.945,14.08,15.33,34.7,13.295,62.73,167.15,102.649,63.705,9.187,110.25,20.545,64.38,62.4,68.824,67.38,83.4,54.26,51.64,7.403,176.408,167.2,51.7,63.47,6.536,24.397,19.173,367.4,85.02
2016-10-24,44.35,39.225,14.085,15.32,35.715,13.19,63.13,168.0,101.426,63.404,9.494,109.2,20.835,64.07,62.21,68.824,67.73,83.67,54.83,52.69,7.422,177.245,166.35,51.66,62.77,6.536,24.698,19.163,370.4,85.23
2016-10-25,44.46,39.3,14.665,14.256,35.82,13.215,62.4,166.9,99.762,64.196,9.531,107.75,20.76,62.75,61.16,68.148,67.48,82.64,53.39,52.82,7.246,175.107,165.65,51.86,62.94,6.536,24.733,19.091,368.35,84.92
2016-10-26,44.015,38.84,14.69,14.482,35.89,13.285,62.07,168.05,101.279,62.844,9.557,107.6,20.71,63.3,61.6,67.74,66.65,76.62,55.4,52.91,7.224,188.677,165.35,51.6,62.5,6.536,24.733,19.144,371.2,84.93
2016-10-27,44.565,38.64,14.595,14.508,36.465,13.235,60.21,168.0,101.524,63.22,9.577,108.6,20.825,63.7,61.51,68.486,65.79,75.45,55.45,53.5,7.984,188.677,165.8,51.15,63.5,6.536,24.487,19.018,375.55,84.7
2016-10-28,44.4,40.81,14.505,14.528,36.105,13.32,61.15,167.95,100.839,63.875,9.569,108.5,20.7,63.15,62.42,71.042,65.71,75.54,55.0,53.97,8.434,189.607,166.0,51.48,63.51,6.536,24.61,19.187,374.1,85.43
2016-10-31,43.72,40.445,14.35,14.428,35.56,13.135,61.14,165.55,100.203,63.302,9.468,108.35,20.535,62.63,62.5,70.574,65.98,75.48,54.15,52.84,8.687,187.794,163.05,51.49,63.08,6.536,24.657,19.168,369.1,85.77
2016-11-01,43.275,39.55,14.15,14.29,35.015,12.935,60.32,165.15,100.154,62.803,9.331,107.8,20.55,62.19,61.74,70.664,65.02,74.92,53.32,52.74,8.383,186.446,163.1,51.06,62.56,6.536,24.395,19.009,367.5,85.26
2016-11-02,42.4,39.21,14.11,14.196,34.185,12.7,60.11,162.75,99.42,62.496,9.152,106.45,19.78,60.98,61.22,71.46,64.82,74.85,52.59,50.76,8.188,183.658,161.6,50.97,61.94,6.536,24.155,18.623,366.95,84.67
2016-11-03,42.32,39.25,14.015,14.166,36.07,12.65,59.57,162.9,99.42,61.888,9.309,105.25,19.975,60.28,61.16,71.897,63.64,75.0,52.08,51.51,8.11,183.983,161.6,50.29,61.53,6.536,23.903,17.442,368.4,84.41
2016-11-04,42.125,38.88,13.8,14.078,35.58,12.745,59.26,161.7,98.833,62.093,9.166,104.55,19.39,60.06,60.25,71.171,62.85,74.17,51.92,50.64,8.105,180.916,165.1,49.765,61.22,6.536,23.715,17.042,365.75,84.16
2016-11-07,42.885,39.59,13.98,14.132,36.82,12.97,60.7,164.25,100.643,63.172,9.371,105.3,20.145,61.41,60.72,71.877,63.68,74.59,53.15,52.53,8.443,183.891,165.45,50.59,61.49,6.536,24.112,17.042,369.8,85.32
2016-11-08,43.205,39.61,13.97,14.19,37.39,13.005,60.66,166.15,99.713,63.397,9.899,106.1,20.345,61.52,60.36,72.494,63.58,74.06,52.82,53.12,8.462,184.681,166.7,50.71,61.26,6.536,23.98,16.921,376.5,85.28
2016-11-09,43.495,40.93,14.06,14.17,38.875,12.75,61.7,165.6,101.475,63.793,10.275,105.05,21.28,62.52,59.19,76.731,64.22,74.01,54.26,54.8,8.6,185.564,163.9,51.57,60.74,6.536,24.067,16.593,374.65,89.49
2016-11-10,43.59,41.605,13.685,13.982,40.205,11.775,64.05,162.55,98.099,65.071,10.198,101.0,22.2,63.81,59.68,76.562,61.23,72.54,55.35,55.41,8.311,180.312,158.95,53.88,58.0,6.536,23.65,15.981,365.6,91.63
2016-11-11,42.45,40.985,13.545,14.04,39.79,11.72,62.93,162.0,98.343,64.859,10.289,100.45,22.15,62.84,59.25,75.657,60.7,72.43,54.76,54.75,8.265,181.799,157.15,53.36,58.75,6.536,23.64,16.391,366.3,91.12
2016-11-14,42.16,41.215,13.425,13.816,40.465,11.59,63.88,162.7,99.028,65.228,10.448,100.35,22.71,63.1,59.19,76.761,60.03,71.59,56.37,55.66,8.468,181.799,157.0,52.86,58.2,6.536,23.75,15.658,364.65,90.55
2016-11-15,43.515,41.14,13.625,13.876,40.475,11.61,63.82,165.8,99.958,64.183,10.482,101.7,22.56,62.58,59.47,76.94,60.85,73.0,56.47,55.49,8.555,184.402,157.9,53.13,59.07,6.536,24.21,15.803,375.8,90.29
2016-11-16,43.37,40.85,13.54,13.928,40.0,11.53,61.95,162.5,99.322,63.78,10.39,102.2,22.22,61.88,60.7,77.168,60.89,74.41,54.82,54.18,8.585,181.613,157.3,52.35,58.6,6.536,24.19,15.875,369.45,90.13
2016-11-17,43.68,41.45,13.74,14.08,40.205,11.53,62.09,165.55,99.86,64.743,10.39,102.75,22.17,62.16,61.41,76.81,61.35,75.65,55.53,54.6,8.706,183.333,157.55,52.0,58.7,6.536,24.458,16.092,376.25,89.77
2016-11-18,43.12,41.34,13.66,14.27,40.22,11.255,62.01,165.25,99.762,64.101,10.41,102.7,21.9,62.46,60.47,75.637,61.09,76.59,55.24,54.39,8.883,185.099,159.4,51.88,58.82,6.536,24.657,15.812,376.65,89.25
2016-11-21,44.0,41.44,13.715,14.378,40.245,11.52,62.32,168.3,99.615,64.278,10.376,101.8,21.82,63.85,60.61,75.289,61.1,76.2,57.68,54.5,8.981,186.4,159.35,52.47,58.91,6.536,24.888,15.914,381.0,91.38
2016-11-22,44.16,41.525,13.815,14.396,40.55,11.62,62.08,168.1,93.578,64.483,10.588,101.35,22.63,64.26,59.72,74.583,58.8,76.02,58.4,55.77,9.276,187.283,159.9,53.12,58.89,6.536,25.15,16.053,379.4,90.74
2016-11-23,44.055,41.06,13.725,14.324,40.155,11.49,61.75,167.25,94.204,64.217,10.511,100.1,22.27,64.02,60.52,73.767,59.31,74.88,59.78,55.65,9.375,185.331,159.7,51.99,58.6,6.536,25.188,15.837,376.8,90.38
2016-11-24,44.095,41.04,13.71,14.414,40.045,11.42,62.0,168.25,96.425,64.606,10.477,98.0,22.27,63.87,61.22,74.175,60.11,75.49,60.04,55.29,9.349,186.539,160.2,52.2,58.96,6.536,25.35,15.75,379.4,91.29
2016-11-25,44.1,40.85,13.77,14.532,39.92,11.545,62.1,169.0,96.885,64.709,10.434,98.88,22.14,63.78,60.7,74.851,60.31,75.56,60.31,54.94,9.26,186.261,161.85,52.4,60.04,6.536,25.325,15.711,381.85,91.99
2016-11-28,44.035,40.185,13.6,14.428,39.075,11.56,61.39,167.5,96.523,64.094,10.207,97.95,21.76,63.3,60.61,74.732,60.19,75.45,60.05,53.5,9.218,185.331,160.0,51.83,59.72,6.536,25.175,15.798,379.6,91.93
2016-11-29,43.92,40.605,13.77,14.512,39.9,11.63,62.15,170.75,97.903,64.784,10.256,98.05,22.0,64.1,61.23,75.905,61.37,75.79,60.43,54.39,9.311,189.932,161.15,51.75,59.88,6.536,25.35,15.735,383.65,92.31
2016-11-30,44.955,40.925,13.755,14.404,40.585,11.65,62.82,171.7,97.952,65.624,10.256,99.0,22.23,64.77,61.23,75.696,61.23,74.5,60.27,54.78,9.624,190.536,161.05,52.75,59.36,6.536,25.25,15.721,389.4,92.13
2016-12-01,45.06,40.68,13.63,14.248,40.97,11.585,62.76,170.55,96.856,65.549,10.352,96.56,22.41,65.2,60.69,74.752,60.57,72.98,60.05,55.9,9.391,187.841,158.6,52.42,58.5,6.536,25.2,15.171,388.35,91.97
2016-12-02,44.905,40.23,13.4,13.98,40.21,11.535,62.56,169.15,95.868,65.098,10.207,97.2,22.22,64.91,60.25,74.891,60.34,72.65,58.99,54.59,9.299,187.701,158.85,52.03,58.39,6.536,25.25,15.065,387.0,91.67
2016-12-05,44.95,40.79,13.24,14.072,40.9,11.52,63.65,171.1,96.876,65.788,10.453,97.32,22.775,65.48,60.69,75.647,60.52,73.44,59.88,55.3,9.564,190.35,159.1,52.2,58.61,6.536,25.312,14.916,389.25,92.45
2016-12-06,45.085,41.325,13.425,13.944,43.255,11.855,64.08,173.1,98.001,67.058,10.857,97.62,23.44,66.1,61.61,75.14,61.51,73.58,59.4,58.15,9.671,190.35,160.8,52.07,58.75,6.536,25.438,15.258,388.4,92.11
2016-12-07,45.75,42.48,13.49,13.65,44.865,11.92,64.76,175.7,98.197,68.984,10.959,97.92,24.38,66.58,60.24,74.692,61.85,75.43,58.58,59.46,9.671,193.882,162.15,52.65,58.9,6.536,26.2,15.007,392.9,90.95
2016-12-08,45.915,42.835,13.735,13.684,46.86,11.945,64.93,176.55,98.294,70.18,11.185,98.39,24.365,66.47,61.08,74.672,62.33,76.09,59.32,60.61,10.13,197.925,162.6,52.3,59.99,6.536,26.212,15.089,394.7,91.09
2016-12-09,46.425,42.695,13.5,13.984,46.36,11.935,65.06,176.1,101.475,71.033,11.069,100.95,23.945,66.54,63.74,75.915,62.38,76.8,59.58,60.0,9.981,197.553,167.2,52.29,61.32,6.536,26.388,15.316,396.0,90.4
2016-12-12,46.99,42.49,13.515,13.824,46.055,11.975,64.79,176.15,100.936,70.863,11.137,101.55,23.99,67.09,63.39,75.985,62.96,76.53,60.45,59.21,9.871,196.996,166.25,52.9,61.02,6.536,26.212,15.407,389.6,90.44
2016-12-13,47.43,42.985,13.77,14.024,46.55,12.2,65.0,177.9,102.355,71.033,11.093,101.55,23.95,67.51,64.5,77.049,64.04,76.39,62.85,59.73,10.095,196.484,168.05,53.36,61.83,6.536,25.9,15.465,395.8,90.52
2016-12-14,47.11,43.345,13.86,13.958,45.93,12.03,64.87,176.5,101.279,70.931,11.113,101.1,23.67,67.39,64.51,75.04,63.34,76.5,62.4,58.59,10.07,193.65,168.25,53.27,61.58,6.536,26.2,15.041,389.95,89.62
2016-12-15,47.495,43.695,13.715,14.098,47.5,11.99,65.26,177.75,101.328,71.99,11.531,101.35,23.98,68.85,64.8,75.587,63.8,78.01,64.1,61.7,10.215,194.254,167.85,53.15,61.31,6.536,26.275,15.109,386.7,91.92
2016-12-16,48.21,43.425,14.0,14.09,46.955,12.125,65.72,179.2,102.991,72.434,11.459,102.55,23.99,68.61,64.23,73.986,64.27,78.61,64.18,60.96,10.43,196.949,169.1,53.2,61.24,6.536,26.275,15.046,387.3,91.88
2016-12-19,47.895,43.5,14.21,14.07,46.43,12.245,65.45,179.2,102.796,72.399,11.3,103.0,23.75,67.81,64.07,74.453,64.56,79.22,63.25,60.5,10.475,197.879,170.0,53.16,60.4,6.536,26.175,15.176,389.45,91.22
2016-12-20,48.27,43.63,14.215,14.324,46.985,12.335,65.56,179.0,103.383,71.785,11.503,103.15,24.07,68.01,64.77,75.259,64.32,79.54,63.84,61.47,10.645,196.577,170.9,53.77,59.71,6.536,26.562,15.499,387.85,91.3
2016-12-21,47.595,43.645,14.19,14.346,46.84,12.26,65.46,179.6,103.089,71.887,11.522,102.45,23.995,68.06,65.48,74.791,64.22,79.67,63.0,61.21,10.72,196.949,170.55,53.63,59.0,6.536,26.513,15.47,386.0,91.52
2016-12-22,48.19,43.64,14.135,14.338,46.885,12.135,65.22,179.75,102.845,71.751,11.565,102.25,24.065,68.07,65.13,75.667,64.28,78.98,62.72,61.58,10.615,198.065,171.5,53.89,59.08,6.536,26.462,15.335,386.5,91.8
2016-12-23,48.36,43.695,14.29,14.372,46.81,12.045,65.15,179.3,103.187,71.853,11.464,102.05,24.05,67.98,65.46,75.448,64.48,80.36,62.9,61.17,10.745,197.089,172.55,54.02,58.87,6.536,26.612,15.374,388.1,91.96
2016-12-26,48.36,43.695,14.29,14.372,46.81,12.045,65.15,179.3,103.187,71.853,11.464,102.05,24.05,67.98,65.46,75.448,64.48,80.36,62.9,61.17,10.745,197.089,172.55,54.02,58.87,6.536,26.612,15.374,388.1,91.96
2016-12-27,48.375,43.705,14.275,14.4,46.81,12.07,65.42,179.95,103.579,71.99,11.44,102.55,24.165,68.0,65.71,75.806,64.53,80.45,62.92,60.68,10.84,198.111,172.7,54.12,59.31,6.536,26.562,15.499,389.7,92.25
2016-12-28,48.72,43.795,14.22,14.486,46.74,12.11,65.61,180.85,103.579,72.058,11.44,102.35,23.995,68.28,65.57,75.736,64.19,80.08,62.72,60.65,10.795,199.226,172.4,54.0,59.25,6.536,26.587,15.446,390.9,92.56
2016-12-29,48.635,43.965,14.375,14.462,46.355,12.14,65.3,179.4,103.872,72.058,11.3,102.7,23.82,68.15,65.73,75.796,64.39,80.71,62.36,59.85,10.7,198.39,172.6,53.95,59.53,6.536,26.35,15.518,389.15,92.05
2016-12-30,48.72,44.255,14.435,14.478,46.745,12.12,66.11,181.4,105.046,72.16,11.344,102.95,23.985,68.42,65.55,76.482,64.7,80.15,62.84,60.55,10.775,198.25,173.4,53.95,60.2,6.536,26.425,15.595,390.0,92.13
2017-01-02,48.8,44.325,14.57,14.584,46.905,12.23,66.1,181.8,104.997,71.99,11.421,103.35,24.14,68.53,66.14,77.417,64.65,80.66,62.82,60.35,10.805,201.364,173.45,54.24,60.24,6.536,26.725,15.764,394.15,91.82
2017-01-03,48.93,44.835,14.59,14.466,48.665,12.19,65.63,179.7,104.019,72.16,11.791,103.2,24.43,68.7,66.44,77.875,65.35,80.0,63.5,61.92,10.54,199.04,170.15,54.48,60.04,6.536,26.612,15.576,392.45,90.65
2017-01-04,48.905,44.7,14.705,14.556,48.235,12.195,65.84,178.1,103.138,72.092,11.844,103.4,24.715,68.51,66.01,77.875,64.91,80.2,63.4,62.8,10.415,196.392,169.85,54.3,60.56,6.536,26.0,15.523,389.3,90.28
2017-01-05,48.93,44.58,14.795,14.578,47.1,12.175,66.04,176.95,103.138,72.126,11.873,103.8,24.705,67.76,66.35,77.845,65.14,80.47,64.6,62.22,10.395,194.811,170.3,53.75,61.15,6.536,26.163,15.229,388.0,89.89
2017-01-06,48.77,44.835,14.79,14.576,47.34,12.16,66.44,179.25,103.53,72.434,11.878,104.7,25.0,67.7,67.05,76.273,65.73,80.16,65.14,62.49,10.21,197.925,170.25,53.85,61.06,6.536,26.188,15.075,390.7,89.53
2017-01-09,48.085,44.875,14.78,14.672,46.205,12.05,66.44,180.95,102.991,71.512,11.676,105.05,24.615,67.61,67.0,77.099,66.0,80.77,65.28,61.19,10.505,201.085,171.35,53.78,61.49,6.536,26.438,15.118,391.35,90.0
2017-01-10,48.23,44.99,14.61,14.58,46.39,11.93,67.31,181.1,102.796,71.341,11.637,104.8,24.285,67.33,66.14,77.885,65.91,81.38,65.2,60.85,10.715,201.364,171.05,53.41,61.2,6.536,26.125,14.646,396.2,90.03
2017-01-11,48.5,44.84,14.65,14.622,46.395,11.575,66.97,183.25,102.258,72.024,11.618,104.8,24.34,67.63,65.97,76.9,65.57,80.12,65.46,60.62,10.815,207.266,171.85,53.61,60.8,6.536,26.487,14.742,400.45,89.92
2017-01-12,48.695,45.19,14.78,14.564,45.88,11.74,67.3,186.55,99.615,71.17,11.671,104.15,23.92,67.21,64.39,76.124,65.51,80.12,64.69,60.55,10.67,210.473,170.4,53.73,60.79,6.536,26.125,14.761,403.5,89.28
2017-01-13,48.845,45.6,14.99,14.722,47.475,11.67,67.85,188.95,99.909,71.682,12.124,106.2,24.345,67.65,65.6,77.646,65.72,80.58,65.64,62.16,10.97,212.61,171.45,54.32,60.53,6.536,26.475,14.805,406.55,89.41
2017-01-16,48.46,45.265,14.915,14.556,46.26,11.66,67.37,187.55,111.749,70.282,11.989,105.9,23.75,67.2,65.97,76.393,65.47,79.38,65.18,61.21,10.78,210.287,170.8,54.06,60.31,6.536,26.013,14.737,408.25,89.07
2017-01-17,48.195,45.25,14.96,14.512,45.825,11.79,67.34,186.85,112.385,70.009,11.979,105.25,23.605,67.12,64.99,75.706,64.99,78.67,65.35,60.56,10.705,209.032,169.6,53.83,59.94,6.536,26.062,14.998,403.9,88.98
2017-01-18,48.255,45.63,14.97,14.486,45.515,11.79,67.41,188.1,111.064,69.941,11.893,106.8,23.15,67.27,64.43,76.084,65.16,77.53,64.84,59.69,10.82,210.38,169.55,53.77,59.96,6.536,25.9,14.906,405.4,88.67
2017-01-19,47.615,45.535,14.865,14.468,45.7,11.67,67.55,190.0,107.542,70.521,11.926,108.45,23.26,63.62,65.07,75.358,65.18,77.94,65.48,59.76,10.88,213.865,170.5,53.66,59.69,6.536,25.788,14.94,408.15,88.62
2017-01-20,48.115,46.505,14.865,14.298,45.84,11.635,67.55,190.95,107.884,70.385,11.931,107.6,23.1,64.45,64.9,75.209,65.84,76.87,65.34,60.06,10.85,212.75,170.05,53.74,59.25,6.536,25.513,14.921,407.1,89.02
2017-01-23,47.485,46.195,14.725,14.264,44.835,11.665,67.12,190.35,105.438,70.111,11.609,108.8,22.805,65.53,64.91,74.433,66.9,76.09,65.45,59.18,10.77,211.03,171.15,53.7,59.05,6.536,25.237,15.2,405.9,88.85
2017-01-24,47.64,46.815,14.63,14.274,45.8,11.605,67.7,189.05,103.676,70.18,11.787,109.55,22.72,64.9,65.23,73.489,66.56,75.9,65.56,59.9,11.03,211.077,171.3,53.51,58.93,6.536,25.288,15.219,406.7,88.55
2017-01-25,48.015,47.725,14.53,14.294,47.78,11.49,68.72,191.4,105.389,70.794,12.042,108.95,23.335,64.92,65.13,73.837,66.65,76.54,65.39,62.39,11.2,214.051,171.55,54.38,58.95,6.536,25.6,15.306,410.0,87.3
2017-01-26,47.8,47.0,14.555,14.264,47.545,11.4,68.39,190.45,106.123,70.658,12.08,110.75,23.4,64.48,64.66,74.215,65.85,75.61,64.91,61.64,12.055,212.424,171.3,54.34,58.91,6.536,25.413,15.345,411.55,86.93
2017-01-27,47.225,46.86,14.45,14.442,47.37,11.235,68.22,186.85,106.906,69.838,12.013,110.45,23.255,63.63,65.16,74.085,65.56,75.58,64.67,61.45,12.5,210.287,171.3,54.3,58.6,6.536,25.425,15.393,407.55,87.42
2017-01-30,46.705,45.845,14.37,14.334,46.67,11.03,67.3,184.35,106.906,69.155,11.83,109.15,22.91,62.81,64.82,74.384,64.94,75.2,63.29,60.28,12.495,208.614,171.0,53.89,58.29,6.536,25.0,15.244,403.35,86.13
2017-01-31,46.66,45.5,14.325,14.336,45.255,11.065,66.22,186.6,106.074,68.301,11.811,108.35,22.72,62.7,63.56,74.085,64.9,75.37,62.76,59.18,12.195,204.664,168.35,53.78,57.99,6.536,24.845,15.181,402.45,86.78
2017-02-01,46.72,46.195,14.265,14.358,46.025,10.885,68.38,188.0,104.117,68.506,11.873,107.55,23.16,62.73,63.5,75.368,65.28,76.03,63.1,60.63,12.615,206.011,168.9,54.17,58.46,6.536,25.612,14.93,399.9,87.99
2017-02-02,46.495,46.085,14.28,15.214,45.675,11.01,68.13,187.5,105.731,68.609,11.7,108.4,22.745,63.14,62.73,74.573,66.19,77.5,62.84,60.26,13.235,206.987,170.6,54.29,58.36,6.536,25.538,15.056,403.35,88.6
2017-02-03,47.15,46.005,14.365,15.246,45.865,11.08,67.83,188.95,106.221,68.916,11.82,109.4,23.16,63.51,62.59,75.209,66.54,77.15,63.06,61.14,13.275,207.405,171.05,53.97,59.1,6.536,25.85,15.147,404.25,88.36
2017-02-06,47.105,45.42,14.28,15.17,44.755,10.99,67.07,185.15,104.851,67.926,11.527,108.9,22.725,63.05,61.5,75.229,65.82,75.93,63.11,60.01,13.19,206.151,170.2,53.32,58.98,6.536,25.55,15.007,401.65,88.3
2017-02-07,46.625,45.275,14.15,15.138,43.635,11.025,67.26,184.45,105.536,68.438,11.247,108.9,22.42,63.34,61.97,75.488,65.22,76.34,62.88,57.15,13.39,205.965,171.5,53.25,59.24,6.536,25.337,14.988,402.15,89.27
2017-02-08,46.83,45.355,14.28,15.222,42.73,11.24,67.05,182.35,105.34,68.404,10.992,108.45,22.15,63.47,63.08,76.234,68.27,76.37,62.77,56.06,13.015,204.338,173.35,53.0,60.65,6.536,25.025,15.528,395.0,89.21
2017-02-09,47.425,45.365,14.45,15.266,43.71,11.31,67.34,185.5,106.857,69.223,11.036,107.05,22.66,63.68,62.14,79.754,68.81,76.94,64.0,56.69,12.85,208.567,174.0,53.05,60.45,6.536,25.375,15.692,398.9,89.28
2017-02-10,47.925,45.695,14.405,15.282,42.385,11.17,67.48,185.1,106.221,69.394,10.978,107.9,22.605,63.88,62.46,79.715,68.76,77.38,64.39,55.7,12.72,214.051,170.1,53.75,60.05,6.536,25.375,15.706,400.95,89.33
2017-02-13,48.075,46.425,14.405,15.362,42.765,11.31,68.62,189.8,107.101,70.521,11.151,108.95,23.005,64.32,63.62,79.943,69.36,78.09,65.85,56.35,12.915,215.631,173.7,54.09,60.65,6.536,26.0,15.668,404.1,89.9
2017-02-14,47.945,46.64,14.495,15.332,43.185,11.235,68.4,190.15,107.884,70.111,11.32,107.3,23.095,64.2,63.61,80.063,68.82,78.62,66.21,56.78,12.97,215.863,172.55,54.0,60.03,6.536,26.438,15.663,403.25,88.85
2017-02-15,47.955,46.635,14.595,15.304,43.745,11.18,68.87,188.7,107.639,72.263,11.859,107.75,23.1,66.05,63.53,80.759,69.4,79.08,66.32,57.49,13.13,213.354,173.8,54.88,59.94,6.536,26.587,15.764,404.1,88.61
2017-02-16,47.82,45.98,14.655,15.338,43.52,11.195,66.0,189.7,106.221,71.648,11.695,108.05,22.87,64.9,63.21,81.186,68.9,81.49,65.77,57.02,13.345,212.796,171.85,55.38,59.15,6.536,26.475,15.595,407.25,88.05
2017-02-17,47.44,45.46,14.395,15.204,42.4,11.08,65.06,186.85,105.438,71.58,11.382,108.2,22.465,64.38,63.47,81.047,68.21,82.02,65.4,55.75,13.315,209.776,176.1,55.23,61.0,6.536,26.337,15.427,407.5,89.1
2017-02-20,47.575,45.8,14.35,15.246,41.805,11.09,65.15,188.1,105.536,71.648,11.175,107.95,22.355,65.24,62.97,80.112,68.53,82.6,66.53,55.63,13.585,211.541,172.65,55.21,60.95,6.536,26.337,15.436,406.55,90.15
2017-02-21,48.4,45.925,14.455,15.35,41.79,11.24,66.02,190.0,105.193,71.409,11.146,108.3,22.495,65.17,63.52,80.092,68.31,81.96,67.24,55.79,13.755,212.285,173.45,55.33,60.89,6.536,26.737,15.446,408.1,89.8
2017-02-22,48.305,45.445,14.54,15.39,41.845,11.3,65.48,192.5,105.878,70.453,11.19,108.4,22.825,64.73,63.07,79.834,68.49,81.76,66.7,55.8,14.165,214.748,176.5,54.56,62.33,6.536,26.888,15.586,412.2,89.22
2017-02-23,48.29,45.27,14.61,15.384,41.945,11.265,64.79,192.2,105.536,70.111,10.968,109.0,22.6,65.99,62.92,79.695,68.17,80.91,69.05,55.62,14.27,214.19,176.9,54.13,62.79,6.536,26.938,14.684,414.9,88.99
2017-02-24,47.735,44.37,14.42,15.292,41.43,11.225,64.03,190.7,106.416,69.77,10.8,107.95,22.195,65.5,62.93,80.142,67.49,80.95,68.35,54.68,14.16,213.447,175.55,53.36,62.65,6.536,26.638,14.583,414.05,89.11
2017-02-27,47.24,45.08,14.265,15.33,41.535,11.505,64.16,189.85,105.927,69.975,10.872,108.4,22.07,65.77,63.22,79.993,67.44,80.86,68.35,54.74,14.49,214.702,175.3,53.42,62.71,6.536,26.525,14.882,412.8,89.72
2017-02-28,47.05,45.23,14.265,15.246,41.91,11.54,63.89,189.45,105.829,69.599,10.973,107.9,22.27,67.16,63.63,80.888,68.01,80.69,69.32,55.13,14.4,213.54,175.55,53.22,62.56,6.536,26.513,14.896,411.9,93.0
2017-03-01,47.75,46.1,14.4,15.406,43.97,11.645,65.27,195.3,107.15,70.726,11.373,109.0,23.04,67.93,64.59,82.37,69.73,82.24,71.12,57.59,14.67,217.955,176.6,54.23,62.86,6.536,26.825,15.215,418.15,92.0
2017-03-02,47.795,45.595,14.37,15.356,44.115,12.605,65.12,194.1,106.172,70.18,11.421,108.8,23.2,68.77,64.21,82.191,69.92,83.37,71.7,57.67,14.715,215.631,176.05,53.61,62.73,6.536,26.75,15.61,419.8,91.72
2017-03-03,48.075,46.17,14.375,15.254,46.13,12.795,65.3,194.35,106.563,70.214,11.743,108.4,23.605,68.6,63.09,83.136,70.0,84.02,71.17,59.31,14.73,216.189,176.45,53.32,62.53,6.536,26.625,15.677,418.1,91.72
2017-03-06,48.03,45.52,14.4,15.282,45.205,12.75,65.18,193.75,106.074,70.214,11.647,108.45,23.57,69.0,62.4,82.002,69.99,83.23,71.05,58.7,14.44,217.258,176.3,53.24,62.5,6.536,26.513,15.687,418.6,91.63
2017-03-07,47.705,45.75,14.345,15.338,45.15,12.665,65.27,193.75,105.682,69.736,11.618,107.55,23.58,68.8,62.5,81.356,70.06,83.61,70.19,58.84,14.575,216.421,175.5,53.0,61.87,6.536,26.675,15.446,418.7,91.31
2017-03-08,47.165,45.82,14.385,15.298,45.805,12.595,65.22,194.8,106.906,69.838,11.618,107.7,23.725,69.3,62.69,81.704,70.32,83.65,70.47,59.35,14.775,217.258,175.1,53.1,61.83,6.536,26.663,15.417,423.3,91.65
2017-03-09,46.79,46.22,14.635,15.362,46.755,12.72,64.51,195.65,109.401,69.872,11.936,108.1,24.01,69.14,62.94,81.873,70.74,83.21,70.06,60.79,14.395,220.139,176.4,52.98,62.45,6.536,26.263,15.571,423.05,89.72
2017-03-10,47.265,46.125,14.765,15.284,47.75,12.56,65.26,196.4,109.45,69.872,12.177,108.0,23.92,69.05,62.31,81.793,70.34,82.85,70.06,61.86,14.19,218.791,177.35,52.92,62.84,6.536,26.538,15.48,429.05,88.93
2017-03-13,47.1,46.23,14.695,15.362,47.65,12.625,65.12,198.25,109.058,70.658,12.051,108.5,23.93,68.72,61.98,81.594,69.91,82.4,69.95,61.18,14.235,222.137,176.45,53.18,62.98,6.536,26.875,15.586,429.15,88.59
2017-03-14,46.3,45.87,14.595,15.268,46.945,12.455,65.16,198.35,108.422,70.726,11.878,108.8,23.73,68.4,62.64,81.763,69.77,83.1,70.2,59.85,14.29,221.951,177.55,53.37,62.66,6.536,26.862,15.432,429.85,88.84
2017-03-15,46.98,46.365,14.52,15.34,46.96,12.505,66.06,197.8,107.982,71.033,11.912,108.35,23.83,67.84,62.07,81.873,69.45,83.19,70.43,60.09,14.435,222.091,177.3,53.53,62.62,6.536,26.837,15.504,430.4,88.55
2017-03-16,47.13,46.795,14.73,15.418,47.12,12.5,66.44,198.75,108.129,71.512,11.893,108.65,23.925,67.8,62.1,82.569,70.37,84.36,70.36,60.69,14.445,225.669,177.75,53.87,62.79,6.536,26.987,15.586,434.7,89.38
2017-03-17,47.36,46.745,14.855,15.476,47.11,12.48,67.2,201.5,110.037,72.058,11.849,110.0,23.865,68.11,63.0,82.161,71.7,84.32,70.01,60.28,14.525,223.206,177.45,54.15,63.21,6.536,27.125,15.62,436.05,89.25
2017-03-20,46.05,46.63,14.78,15.546,46.725,12.48,67.67,200.0,110.135,72.16,11.791,110.05,23.84,68.2,62.77,82.29,71.69,84.72,70.6,59.65,14.335,220.046,176.9,54.16,64.0,6.536,27.25,15.74,433.25,89.55
2017-03-21,46.32,46.22,14.695,15.446,47.49,12.48,67.09,198.7,110.086,72.195,11.825,110.0,23.925,68.15,62.12,82.271,72.19,83.34,69.61,60.26,13.735,219.023,177.4,54.1,63.79,6.536,27.138,16.116,428.45,89.4
2017-03-22,46.24,46.205,14.825,15.466,46.765,12.47,66.4,199.6,109.352,72.399,11.748,110.65,23.485,69.19,61.86,82.32,72.19,84.1,68.9,60.29,13.95,218.884,178.3,54.03,63.97,6.536,27.188,16.01,432.2,89.09
2017-03-23,46.5,46.66,14.8,15.718,47.475,12.55,67.19,201.95,110.33,72.775,11.897,108.45,23.64,69.86,61.7,82.847,73.73,83.79,69.85,61.1,14.18,221.672,178.5,54.94,63.97,6.536,27.675,16.169,432.95,89.6
2017-03-24,46.21,46.64,14.65,15.886,47.315,12.58,67.31,201.1,111.113,72.536,11.825,108.05,23.55,69.6,62.06,82.42,74.36,84.66,70.02,60.46,14.785,220.789,177.85,55.03,63.61,6.536,27.962,16.188,435.3,89.9
2017-03-27,46.125,46.0,14.78,15.8,47.13,12.6,66.34,201.55,110.967,72.707,11.791,107.85,23.705,69.65,62.53,83.016,74.35,84.81,69.33,60.36,14.405,220.092,179.5,54.83,64.2,6.536,27.763,16.362,437.45,89.1
2017-03-28,46.415,46.67,14.685,15.954,47.575,12.725,66.73,201.45,111.407,72.536,12.239,108.8,23.875,69.76,63.0,83.484,73.93,84.85,70.83,61.92,14.455,221.719,178.7,54.92,63.31,6.536,27.925,16.439,436.75,90.15
2017-03-29,46.615,46.63,14.6,15.948,47.2,13.1,67.6,202.6,110.575,73.117,12.172,109.55,24.045,69.86,63.47,84.051,73.75,84.3,71.62,62.04,14.45,222.462,179.8,55.13,63.31,6.536,27.763,16.429,438.75,89.15
2017-03-30,47.075,47.625,14.625,16.172,47.07,13.0,68.38,202.9,110.575,72.946,12.172,109.8,24.215,70.04,64.75,83.782,74.16,85.68,71.64,61.8,14.365,224.275,179.05,56.06,63.55,6.536,28.075,16.68,438.75,90.47
2017-03-31,47.415,48.135,14.565,16.228,47.55,13.28,68.63,205.85,111.456,73.151,12.23,110.9,24.255,70.03,65.51,84.16,74.3,86.56,71.33,62.43,14.33,225.344,180.15,56.52,63.76,6.536,28.462,16.931,444.1,90.66
2017-04-03,46.965,47.68,14.55,16.164,46.315,13.17,68.32,204.05,110.379,73.048,12.027,111.0,23.925,70.69,64.64,84.021,74.46,85.89,71.36,61.22,14.29,225.623,179.5,56.48,63.5,6.536,28.212,16.719,443.85,89.41
2017-04-04,47.75,47.55,14.46,16.232,45.7,13.145,68.63,206.2,110.771,73.014,11.984,111.65,23.855,70.56,64.98,84.837,73.8,85.85,71.82,60.71,14.215,226.738,180.3,56.22,63.92,6.536,28.312,16.613,445.6,90.41
2017-04-05,48.0,47.365,14.385,16.282,45.65,13.29,68.49,204.75,109.499,73.151,12.09,111.7,23.7,70.82,64.82,84.966,73.97,87.41,71.57,60.1,14.345,224.461,178.85,56.71,63.6,6.536,28.112,16.646,444.45,90.3
2017-04-06,48.53,47.46,14.355,16.388,46.13,13.405,69.16,207.25,110.673,73.731,12.056,111.8,23.83,71.93,64.36,84.747,74.63,87.98,72.52,60.75,14.295,229.015,179.35,56.96,63.75,6.536,28.212,16.743,447.55,91.03
2017-04-07,49.0,47.69,14.305,16.41,46.52,13.45,69.35,209.25,110.037,74.619,12.104,111.75,23.68,72.83,64.59,84.19,74.54,88.06,72.5,60.9,14.675,233.476,180.7,56.91,64.17,6.536,28.212,16.772,453.65,91.99
2017-04-10,48.63,46.97,14.29,16.364,45.86,13.315,68.98,207.45,109.988,74.039,11.926,112.4,23.65,72.85,64.57,84.15,73.71,87.82,71.09,60.0,14.575,231.896,180.9,57.01,64.08,6.536,27.913,16.593,455.65,91.53
2017-04-11,48.73,47.035,14.34,16.324,45.295,13.27,68.96,208.6,110.624,73.117,11.787,112.85,23.63,73.07,64.53,84.349,74.98,87.22,71.3,59.39,14.045,231.85,181.0,56.85,64.0,6.536,28.1,16.444,450.65,92.12
2017-04-12,48.64,46.62,14.36,16.36,44.65,13.315,68.74,208.85,113.266,73.39,11.661,113.8,23.58,73.07,65.06,84.777,73.69,87.47,71.93,59.1,13.93,231.85,181.95,56.74,64.24,6.536,27.975,16.536,456.75,91.97
2017-04-13,48.03,46.205,14.15,16.456,43.505,13.165,68.38,208.6,112.385,73.424,11.464,114.3,23.25,72.8,64.76,84.866,73.85,86.45,71.33,58.3,13.865,233.058,181.05,56.59,64.27,6.536,27.987,16.478,459.3,92.19
2017-04-14,48.03,46.205,14.15,16.456,43.505,13.165,68.38,208.6,112.385,73.424,11.464,114.3,23.25,72.8,64.76,84.866,73.85,86.45,71.33,58.3,13.865,233.058,181.05,56.59,64.27,6.536,27.987,16.478,459.3,92.19
2017-04-17,48.03,46.205,14.15,16.456,43.505,13.165,68.38,208.6,112.385,73.424,11.464,114.3,23.25,72.8,64.76,84.866,73.85,86.45,71.33,58.3,13.865,233.058,181.05,56.59,64.27,6.536,27.987,16.478,459.3,92.19
2017-04-18,47.115,45.39,13.965,16.192,43.015,12.81,67.54,206.6,111.603,72.912,11.252,113.15,22.79,72.73,63.62,82.828,72.56,84.9,69.53,57.32,13.5,231.664,180.1,56.22,63.86,6.536,27.525,16.401,455.55,91.18
2017-04-19,46.855,45.785,14.03,16.22,44.255,12.805,68.0,204.8,111.211,72.399,11.551,113.3,22.845,72.65,63.89,82.281,72.22,87.93,69.94,58.34,13.625,232.593,181.4,55.83,63.35,6.536,27.85,16.444,453.2,91.52
2017-04-20,47.07,46.715,14.05,16.43,45.495,12.82,70.02,207.4,112.043,73.048,11.83,114.5,23.29,73.66,65.66,82.867,73.99,88.49,72.27,60.65,13.725,233.29,181.75,57.01,63.71,6.536,28.312,16.54,456.65,92.06
2017-04-21,46.48,46.195,14.01,16.472,46.285,12.785,70.6,206.9,110.33,72.229,11.97,115.0,23.495,73.73,65.0,81.913,73.33,87.2,71.57,62.0,13.65,229.991,180.8,57.23,62.15,6.536,29.025,17.022,457.75,92.84
2017-04-24,47.825,49.295,14.715,16.804,50.85,13.425,74.2,214.7,115.223,75.644,13.27,116.45,25.03,75.84,66.64,84.379,78.5,90.91,73.96,66.66,14.105,237.984,185.55,59.34,63.65,6.536,29.6,16.825,461.55,95.08
2017-04-25,47.825,49.565,14.64,16.93,50.91,13.23,73.92,223.15,116.251,75.78,13.289,115.0,25.0,75.77,66.61,84.628,77.72,91.4,74.1,66.95,14.755,240.865,184.65,59.53,63.77,6.536,29.5,16.868,440.75,94.37
2017-04-26,47.845,49.815,14.725,15.94,50.6,13.095,73.45,224.85,116.3,76.634,13.25,115.45,24.74,76.0,67.2,85.185,77.21,92.75,74.09,65.8,14.505,264.334,185.35,59.66,63.56,6.536,29.7,16.82,432.7,96.31
2017-04-27,47.285,49.9,14.54,16.186,49.78,13.0,73.14,225.9,116.691,75.814,13.072,114.75,24.42,76.75,66.88,85.503,77.55,92.95,75.0,64.99,14.32,264.009,185.8,59.84,63.9,6.536,29.625,16.834,438.55,96.3
2017-04-28,47.17,49.55,14.2,16.386,50.21,12.95,72.5,226.5,116.397,75.541,13.144,114.85,24.51,76.02,66.27,86.139,78.1,91.9,74.23,64.78,14.85,264.473,182.85,59.43,64.18,6.536,29.987,16.815,439.2,96.52
2017-05-01,47.17,49.55,14.2,16.386,50.21,12.95,72.5,226.5,116.397,75.541,13.144,114.85,24.51,76.02,66.27,86.139,78.1,91.9,74.23,64.78,14.85,264.473,182.85,59.43,64.18,6.536,29.987,16.815,439.2,96.52
2017-05-02,46.845,50.62,14.32,16.506,50.5,13.18,72.3,228.05,115.761,76.737,13.284,115.7,24.915,77.34,65.42,87.104,78.05,93.7,74.65,65.77,15.11,264.892,184.45,60.63,64.37,6.536,29.913,16.974,444.2,97.55
2017-05-03,46.765,50.22,14.385,16.6,51.4,13.325,72.05,230.85,116.153,77.146,13.433,116.1,25.165,76.96,65.16,87.074,77.07,92.26,73.92,66.15,14.845,264.613,184.55,60.5,64.19,6.536,29.625,16.902,447.95,97.65
2017-05-04,47.045,51.03,14.6,16.72,51.72,13.86,72.81,234.4,117.18,77.385,13.607,118.6,25.8,77.83,65.22,88.914,79.33,93.84,75.03,66.37,14.795,270.003,186.75,60.54,65.5,6.536,29.925,17.938,453.6,98.04
2017-05-05,48.0,52.28,15.0,16.68,51.88,13.83,74.5,238.1,117.67,78.649,13.944,119.3,25.0,78.13,65.29,89.203,79.5,96.22,75.88,67.88,15.05,272.652,188.55,61.74,65.01,6.536,30.188,18.107,448.95,98.76
2017-05-08,47.81,50.96,15.045,16.69,50.57,13.815,70.82,233.65,117.278,77.522,13.852,119.0,24.645,77.9,65.04,88.894,78.99,96.44,75.41,66.84,15.04,269.492,187.9,60.99,65.2,6.536,30.3,17.963,443.6,98.83
2017-05-09,47.825,51.03,15.05,16.71,49.58,14.0,71.18,233.65,118.991,78.137,13.713,120.2,24.51,77.71,65.86,89.491,79.0,96.03,75.5,66.66,15.15,268.795,189.5,61.33,66.13,6.536,30.225,18.011,447.35,98.48
2017-05-10,48.165,50.91,14.91,16.774,49.73,14.025,70.58,232.35,118.208,77.795,13.78,120.35,24.47,77.49,66.39,90.197,78.32,95.4,75.24,66.78,15.395,270.003,188.95,61.02,66.23,6.536,30.562,18.319,444.55,98.62
2017-05-11,47.89,50.41,14.835,16.638,49.3,13.82,70.56,233.3,116.74,77.42,13.655,120.5,24.275,75.82,65.87,90.903,77.78,95.47,74.0,66.41,15.06,273.489,189.15,61.65,66.73,6.536,30.375,18.175,443.9,98.19
2017-05-12,47.98,50.27,15.325,16.714,49.695,13.8,70.1,231.5,117.572,78.068,13.756,121.4,24.235,77.03,67.22,92.246,78.53,96.35,74.46,66.56,15.17,270.747,190.05,61.67,67.12,6.536,30.487,18.416,443.05,98.21
2017-05-15,48.35,50.7,15.265,16.64,50.15,13.92,70.58,231.2,117.865,76.429,13.867,120.25,24.4,77.0,67.53,92.465,78.37,95.2,74.27,67.07,15.315,272.699,189.9,61.87,67.09,6.536,30.175,18.507,445.4,97.82
2017-05-16,48.7,50.92,15.44,16.618,50.26,13.73,70.61,232.1,118.355,75.814,13.828,121.75,24.23,76.91,67.65,90.257,77.69,94.82,74.19,67.21,15.395,271.305,189.95,62.21,67.55,6.536,29.987,18.406,439.45,98.42
2017-05-17,48.45,49.64,15.245,16.532,48.87,13.48,68.97,228.0,115.957,74.824,13.534,120.2,23.825,75.37,65.57,89.083,76.95,92.76,72.73,65.11,14.7,266.425,188.15,60.87,66.87,6.536,29.7,18.266,432.6,96.84
2017-05-18,48.25,50.14,15.215,16.328,48.805,13.395,68.26,229.0,115.957,74.858,13.655,118.3,23.565,76.35,65.93,87.87,76.9,93.19,73.22,64.36,14.485,268.563,185.6,61.31,65.0,6.536,29.35,18.286,432.9,97.15
2017-05-19,48.4,50.43,15.29,16.43,50.02,13.48,68.5,229.1,116.202,75.678,13.785,119.2,23.79,76.36,66.04,87.9,76.65,93.7,73.76,65.67,14.675,269.864,187.1,61.1,65.85,6.536,29.7,18.647,438.2,97.86
2017-05-22,48.385,50.04,15.6,16.328,49.555,13.465,68.36,228.25,116.544,75.541,13.838,119.8,23.815,75.95,66.04,87.273,76.5,92.32,72.63,65.46,14.365,270.05,187.5,61.01,66.19,6.536,29.4,18.859,439.15,97.8
2017-05-23,48.2,50.05,15.58,16.342,50.0,13.5,69.38,227.3,116.74,76.088,14.083,120.3,24.03,76.17,65.83,87.343,76.83,92.09,72.41,66.18,14.42,271.769,188.7,61.15,66.85,6.536,29.337,19.081,437.55,97.93
2017-05-24,48.145,50.08,15.7,16.502,50.25,13.3,69.31,227.1,116.642,75.507,13.982,120.3,23.985,76.11,66.34,87.124,76.53,92.25,72.42,66.84,14.54,272.838,188.25,61.31,66.65,6.536,28.737,19.153,437.65,98.48
2017-05-25,47.73,50.05,15.69,16.548,50.17,13.22,69.09,229.2,117.082,75.644,14.021,120.35,23.845,78.47,66.29,86.836,76.89,92.69,73.1,66.56,14.735,274.651,188.7,60.91,67.02,6.536,28.95,19.187,439.0,98.48
2017-05-26,47.435,50.05,15.73,16.46,49.345,13.24,68.96,227.4,117.425,75.78,13.963,120.2,23.705,79.57,66.97,87.263,77.0,92.67,73.9,66.39,14.715,274.0,189.1,61.19,66.55,6.536,28.85,19.139,440.3,99.22
2017-05-29,47.54,50.02,15.735,16.434,49.725,13.255,68.85,227.0,116.74,75.61,13.39,119.95,23.885,79.59,66.95,87.144,76.9,92.98,73.72,66.35,14.5,273.814,189.4,60.95,66.65,6.536,28.625,19.255,440.0,99.11
2017-05-30,47.555,50.05,15.65,16.37,49.015,13.37,68.83,226.7,116.202,74.38,13.27,120.1,23.715,79.15,68.84,87.084,76.54,93.18,73.27,63.6,14.805,274.093,189.6,61.1,66.23,6.536,28.775,19.235,441.25,98.9
2017-05-31,47.27,49.775,15.64,16.428,46.67,13.585,68.56,227.15,115.81,74.107,13.135,120.9,23.74,78.8,68.15,87.691,77.73,92.16,73.07,62.82,14.685,273.628,190.45,61.03,66.08,6.536,28.0,18.888,439.95,98.32
2017-06-01,47.175,50.47,15.53,16.672,47.14,13.525,68.86,229.0,116.153,75.029,13.202,121.75,23.845,79.91,68.3,87.403,77.56,93.46,75.23,62.99,14.555,275.813,190.95,61.49,66.87,6.536,28.55,18.994,446.25,99.49
2017-06-02,46.8,50.0,15.55,16.738,47.3,13.5,69.62,231.45,116.642,75.883,13.279,122.5,23.885,79.78,68.31,88.387,78.09,93.86,75.6,63.4,14.73,278.694,192.9,60.75,67.32,6.536,29.138,18.671,449.45,99.15
2017-06-05,45.815,50.02,15.46,16.674,47.03,13.46,68.43,230.25,116.153,75.439,13.207,122.05,23.845,80.07,68.0,88.208,77.8,92.94,74.76,63.1,14.75,277.625,191.2,60.25,67.14,6.536,28.763,18.787,449.1,98.06
2017-06-06,45.745,49.24,15.42,16.616,46.35,13.6,67.77,226.25,115.615,74.756,13.197,122.2,23.585,79.66,65.73,87.353,76.77,92.32,74.7,62.45,14.51,274.976,191.25,60.08,66.8,6.536,28.938,18.932,446.25,98.18
2017-06-07,45.325,49.215,15.315,16.694,47.105,13.73,68.14,228.05,115.125,74.141,13.457,121.95,23.525,79.23,65.51,85.612,76.7,92.97,73.47,63.48,15.045,277.811,190.25,60.28,67.23,6.536,29.038,18.604,446.8,97.86
2017-06-08,45.535,49.27,15.245,16.6,47.8,13.985,68.23,227.0,114.979,74.005,13.607,120.45,23.755,78.7,65.11,85.513,77.06,93.23,73.75,63.72,15.22,274.093,188.3,60.41,66.64,6.536,29.0,18.637,437.9,98.1
2017-06-09,45.695,49.97,15.27,16.656,48.0,13.93,68.92,227.9,115.712,74.995,13.722,121.0,24.025,79.2,65.43,85.672,78.01,92.93,75.41,64.51,15.32,274.837,190.05,60.97,66.91,6.536,29.5,18.575,439.55,98.22
2017-06-12,45.485,48.665,15.065,16.204,46.975,13.655,67.44,224.1,114.294,74.551,13.496,120.5,24.07,78.06,65.27,84.389,77.6,91.22,74.27,63.39,13.96,270.375,187.5,59.89,66.31,6.536,29.575,18.387,434.85,96.6
2017-06-13,45.47,48.935,14.88,16.352,47.065,13.57,67.55,227.65,117.278,75.234,13.587,120.2,24.1,78.29,67.02,84.876,77.69,92.24,74.6,63.35,14.1,276.881,187.35,59.97,66.7,6.536,29.587,18.449,434.0,96.99
2017-06-14,44.755,48.85,14.855,16.44,46.35,13.84,66.92,227.9,117.474,74.175,13.38,121.35,24.045,78.02,67.1,84.399,78.55,92.34,75.13,62.4,13.9,278.88,188.1,60.42,66.6,6.536,30.125,18.811,439.45,96.77
2017-06-15,44.49,47.98,14.64,16.478,46.47,13.93,66.8,226.4,117.082,73.39,13.371,120.8,23.925,77.86,67.0,85.016,78.46,90.64,73.28,61.85,13.545,273.861,188.3,60.35,66.69,6.536,29.9,18.753,435.4,97.05
2017-06-16,44.81,48.14,14.735,16.432,46.49,14.015,67.55,230.7,118.159,74.995,13.337,123.15,24.225,80.21,67.29,84.598,79.59,92.0,74.93,62.05,13.55,278.322,191.0,61.51,67.43,6.536,30.225,18.551,439.35,99.43
2017-06-19,45.15,48.665,14.56,16.67,47.14,14.0,69.2,232.8,118.11,76.839,13.539,124.0,24.295,80.83,67.59,86.229,79.8,92.11,76.4,63.06,13.975,282.969,190.9,61.86,67.57,6.536,30.225,18.377,443.6,99.5
2017-06-20,44.555,48.34,14.415,16.716,46.85,13.92,68.87,232.4,117.474,77.01,13.429,123.75,24.27,81.14,67.84,86.348,79.91,92.72,75.95,62.55,13.635,286.176,191.25,61.99,68.54,6.536,29.85,18.353,446.8,99.22
2017-06-21,44.4,48.365,14.51,16.744,46.47,13.82,68.98,231.9,116.055,76.907,13.409,123.2,24.045,81.48,67.67,86.09,79.5,92.39,75.25,62.14,13.755,285.479,190.0,62.2,68.31,6.536,29.925,18.392,443.05,99.08
2017-06-22,44.35,48.17,14.4,16.68,46.38,13.785,70.46,231.85,116.397,76.429,13.351,122.4,24.02,81.92,67.4,88.168,79.0,93.11,75.04,61.93,13.42,285.2,189.6,61.78,67.65,6.536,30.062,18.392,440.65,97.88
2017-06-23,44.11,48.205,14.37,16.588,46.085,13.915,70.16,231.65,115.712,76.156,13.323,121.8,23.92,81.82,67.23,87.393,78.97,93.63,75.7,61.5,13.41,285.665,188.1,61.86,67.48,6.536,29.788,18.411,438.2,98.33
2017-06-26,44.105,48.07,14.39,16.434,46.58,13.985,70.07,230.85,115.908,76.156,13.409,123.15,23.99,82.01,67.65,88.218,79.51,94.15,75.95,61.6,12.94,287.012,195.35,62.12,69.44,6.536,30.225,18.662,443.4,98.48
2017-06-27,44.4,47.56,14.25,16.14,47.3,13.675,69.17,229.8,113.951,75.849,13.573,121.4,23.885,81.37,66.99,87.154,77.7,93.01,74.48,62.65,12.82,287.291,191.2,62.37,67.93,6.536,29.837,18.266,442.2,96.8
2017-06-28,44.435,47.52,14.19,16.04,48.465,13.655,69.0,226.65,111.847,75.439,13.785,120.2,24.17,80.91,66.5,86.229,77.36,91.8,73.8,64.33,12.815,284.27,190.2,62.99,67.59,6.536,29.85,18.276,439.9,95.69
2017-06-29,43.9,46.7,14.035,15.612,48.52,13.4,67.77,218.25,109.45,73.936,13.775,117.6,24.165,79.84,65.65,84.081,74.89,89.77,72.22,63.97,12.51,278.183,183.45,61.32,66.38,6.536,29.312,17.919,432.5,94.31
2017-06-30,43.285,46.78,13.89,15.698,47.11,13.215,67.27,218.3,109.009,73.902,13.563,117.25,23.95,80.24,65.31,83.305,74.73,90.48,72.0,63.06,12.57,277.16,182.4,61.25,65.81,6.536,29.1,17.837,432.65,94.24
2017-07-03,44.155,47.43,14.08,15.494,48.365,13.44,68.16,220.95,110.477,75.166,13.934,118.0,24.565,80.99,65.25,83.743,75.05,90.43,73.1,64.94,12.675,279.949,182.95,62.18,66.68,6.536,29.638,18.069,432.5,94.23
2017-07-04,43.98,47.205,14.065,15.522,48.575,13.355,67.51,220.05,109.792,74.551,14.074,117.9,24.525,80.89,65.31,83.404,74.79,89.91,73.1,64.68,12.51,280.692,181.35,61.39,66.41,6.536,29.312,18.011,437.8,93.47
2017-07-05,43.325,47.655,14.08,15.712,49.0,13.285,67.92,221.8,110.869,74.209,14.103,117.0,24.63,81.89,65.23,83.762,75.34,90.48,73.91,64.47,12.875,282.086,181.5,61.85,66.43,6.536,29.475,17.914,442.1,94.98
2017-07-06,43.1,47.195,14.03,15.536,49.855,13.1,67.38,219.2,109.645,73.629,14.184,116.1,24.81,81.05,66.4,82.519,73.45,90.16,74.13,65.34,12.99,279.716,178.55,61.11,65.43,6.536,29.612,17.924,438.0,94.32
2017-07-07,42.46,47.115,14.005,15.588,49.425,13.095,67.4,216.4,109.988,73.356,14.151,115.85,25.0,81.97,63.46,83.205,73.89,90.67,74.1,65.52,13.155,279.066,179.35,61.27,65.58,6.536,29.75,18.228,443.9,94.25
2017-07-10,42.765,47.33,14.045,15.64,49.185,13.16,67.64,216.8,109.597,73.731,14.117,116.0,25.175,82.0,63.0,83.444,74.85,92.26,74.36,65.56,13.425,280.692,180.05,61.35,65.75,6.536,29.812,18.488,442.4,94.86
2017-07-11,42.67,46.795,13.925,15.472,48.775,13.045,67.79,214.5,109.009,73.082,14.16,115.15,25.03,81.51,62.53,82.907,75.12,91.87,74.44,65.26,13.39,276.324,179.1,61.13,64.6,6.536,29.788,18.339,437.2,95.0
2017-07-12,43.075,47.95,14.13,15.632,49.13,13.325,69.03,216.35,111.015,74.585,14.199,116.55,25.125,83.19,62.87,85.493,77.07,93.03,74.64,65.99,13.82,282.876,182.0,62.26,65.68,6.536,30.3,18.666,446.9,96.15
2017-07-13,43.11,48.03,14.36,15.606,49.6,13.33,69.23,216.4,111.358,74.312,14.348,116.55,25.33,83.1,62.82,84.757,77.96,93.54,75.0,66.92,13.84,282.319,183.1,62.15,66.08,6.536,30.575,18.705,447.45,95.67
2017-07-14,43.335,47.75,14.295,15.722,48.98,13.315,68.68,219.75,112.239,74.722,14.107,117.65,25.215,83.43,63.0,84.12,77.89,93.16,74.56,66.3,13.86,284.503,184.15,62.24,65.94,6.536,30.663,18.705,451.95,95.85
2017-07-17,43.27,47.435,14.375,15.73,48.75,13.285,68.22,222.35,111.652,74.858,14.117,117.7,25.15,83.05,63.43,83.345,77.76,93.05,73.64,65.86,13.865,287.524,184.25,62.09,65.83,6.536,30.675,18.57,451.05,95.26
2017-07-18,42.915,47.405,14.25,15.676,47.95,13.29,68.03,219.0,110.477,74.107,13.997,116.85,24.79,81.65,63.3,82.141,77.15,93.31,72.46,64.76,13.67,283.387,183.5,61.25,65.3,6.536,29.95,18.435,443.75,95.16
2017-07-19,43.385,47.415,14.35,15.706,48.13,13.6,68.44,222.25,111.749,74.619,14.035,117.5,24.965,82.76,63.89,81.793,78.38,93.47,73.69,64.84,14.01,288.639,185.25,61.51,65.97,6.536,30.288,18.541,442.9,95.02
2017-07-20,43.345,47.56,14.375,15.71,48.095,13.45,67.58,222.3,112.532,74.073,13.992,116.85,24.885,81.5,66.83,82.32,77.95,94.09,72.36,64.29,14.165,289.429,184.6,61.0,65.93,6.536,29.75,18.541,440.0,94.24
2017-07-21,42.715,46.625,14.225,15.632,47.6,13.57,65.49,219.25,111.652,72.434,13.857,115.55,24.56,81.05,65.02,81.077,76.12,92.61,71.37,63.64,14.065,284.968,180.9,60.3,64.65,6.536,29.337,18.435,435.85,93.76
2017-07-24,42.655,47.0,14.19,15.44,48.165,13.52,65.4,219.15,111.896,72.673,13.968,114.7,24.635,81.03,65.95,81.465,76.79,93.17,71.63,64.23,14.25,285.943,179.7,59.91,64.05,6.536,29.125,18.416,433.65,93.09
2017-07-25,42.97,46.715,14.23,16.0,49.415,13.625,65.66,218.85,113.706,72.741,14.295,116.1,24.995,81.67,65.15,82.221,77.14,93.19,72.63,65.17,14.34,284.735,180.2,60.5,64.35,6.536,29.1,18.396,432.3,93.68
2017-07-26,43.22,47.395,14.33,16.542,50.0,13.7,66.1,218.0,113.755,73.287,14.444,118.0,25.15,82.26,64.94,81.883,77.2,95.0,74.65,65.9,14.625,286.594,180.8,60.8,64.4,6.536,28.987,18.44,430.5,96.11
2017-07-27,43.0,46.735,14.48,16.602,50.29,13.745,68.6,216.05,113.902,72.946,14.517,118.15,25.28,81.47,65.19,81.763,77.26,94.98,72.27,66.0,14.615,283.573,181.05,61.04,64.75,6.536,28.875,18.131,430.5,96.49
2017-07-28,42.99,47.41,14.325,16.612,49.955,13.64,66.96,213.15,109.205,71.716,14.391,117.9,25.145,80.16,64.59,81.147,75.33,92.52,72.38,66.1,14.24,272.745,176.05,61.14,63.65,6.536,28.7,18.006,428.7,94.5
2017-07-31,42.96,46.89,14.22,16.578,49.6,13.605,66.35,212.7,104.802,70.828,14.3,117.25,24.96,79.93,63.91,80.281,75.74,92.0,70.6,65.57,14.43,274.651,175.1,58.4,63.09,6.536,28.587,18.372,428.0,93.59
2017-08-01,43.445,47.485,14.26,16.84,50.16,13.73,66.91,215.9,104.459,71.102,14.295,116.85,25.12,80.74,63.75,79.257,75.45,93.33,72.03,66.79,14.37,274.744,175.9,59.32,63.13,6.536,28.663,18.416,431.9,94.18
2017-08-02,43.64,47.33,14.235,16.766,48.15,13.645,67.39,215.05,103.921,70.828,14.252,117.15,25.3,79.31,63.06,79.585,74.68,91.78,71.01,66.56,14.505,277.346,174.95,59.11,63.45,6.536,28.675,18.334,432.85,93.69
2017-08-03,43.57,47.65,14.3,16.788,48.725,13.65,67.37,219.0,103.187,71.204,14.266,117.3,25.205,79.6,63.65,79.983,75.56,91.55,71.28,67.22,14.67,279.391,175.1,59.11,64.68,6.536,29.0,18.319,440.7,94.12
2017-08-04,43.92,48.25,14.455,16.828,49.83,13.845,68.8,221.9,104.704,72.365,14.416,119.85,25.47,81.77,63.41,81.167,77.05,92.1,73.32,68.12,14.56,283.341,176.55,59.98,67.05,6.536,29.175,18.377,440.65,95.07
2017-08-07,43.84,48.405,14.51,16.772,50.27,13.775,69.14,222.5,104.361,71.99,14.685,119.05,25.51,81.75,63.57,81.236,77.35,91.53,72.43,68.55,14.67,285.572,176.05,59.73,67.56,6.536,29.337,18.319,444.95,95.0
2017-08-08,43.915,48.165,14.47,16.75,49.955,13.835,70.2,222.75,104.361,72.092,15.094,119.4,25.67,81.63,63.27,81.733,77.31,91.98,72.11,68.89,14.83,287.012,176.5,60.03,67.2,6.536,29.663,18.382,443.05,94.99
2017-08-09,43.45,47.35,14.325,16.638,48.44,13.68,68.04,217.15,103.432,71.136,14.781,117.75,25.34,81.42,62.46,80.401,76.92,90.2,71.49,67.27,14.59,284.131,175.6,59.4,66.63,6.536,29.413,18.319,436.35,94.95
2017-08-10,43.54,46.79,14.285,16.462,47.89,13.74,67.04,215.15,102.991,70.453,14.642,117.35,24.97,81.25,62.29,80.361,76.61,89.83,71.0,66.69,14.36,282.133,173.7,59.19,65.49,6.536,29.425,18.363,435.45,94.22
2017-08-11,42.75,46.02,14.065,16.34,47.215,13.56,66.44,214.45,102.747,70.248,14.526,116.0,24.565,80.24,61.87,80.162,75.64,89.14,70.75,65.69,13.97,279.205,173.6,58.78,64.92,6.536,29.025,18.223,432.65,94.08
2017-08-14,42.86,46.765,14.285,16.52,48.32,13.81,67.22,216.6,103.774,71.033,14.647,117.05,24.76,81.85,62.39,80.729,76.79,90.7,71.72,66.69,14.29,283.992,175.15,59.76,66.42,6.536,29.288,18.43,438.65,94.87
2017-08-15,42.745,46.87,14.33,16.508,48.645,14.1,67.68,217.05,104.264,71.238,14.806,118.0,24.88,82.09,62.41,81.326,76.95,91.73,72.34,67.19,14.44,284.131,175.3,59.63,67.11,6.536,29.188,18.671,439.35,94.91
2017-08-16,43.045,47.245,14.33,16.676,48.96,14.08,68.44,219.1,103.725,71.614,14.892,119.05,25.04,83.27,62.5,82.131,77.71,92.9,72.88,67.24,14.56,286.176,176.4,60.41,67.11,6.536,29.438,18.806,441.6,95.51
2017-08-17,42.76,46.68,14.245,16.724,47.825,14.2,67.83,219.6,103.334,71.341,14.599,118.65,24.805,83.65,62.31,82.31,77.17,92.29,72.19,66.2,14.4,288.546,176.3,60.23,66.57,6.536,29.2,18.994,442.0,94.99
2017-08-18,42.65,46.31,14.225,16.552,48.02,14.15,67.62,217.7,102.355,70.385,14.767,117.25,24.78,82.99,61.53,81.813,76.57,92.16,71.5,65.99,14.18,285.851,175.4,59.5,66.19,6.536,28.65,18.782,439.2,93.35
2017-08-21,42.78,46.0,14.155,16.542,47.165,14.06,67.07,217.0,102.013,70.009,14.546,117.4,24.57,82.78,61.27,81.455,76.14,91.97,70.84,64.68,14.09,285.525,175.0,59.22,66.5,6.536,28.462,18.724,439.45,93.61
2017-08-22,43.42,46.455,14.245,16.578,46.995,14.19,68.08,218.95,102.306,70.931,14.685,117.0,24.71,83.74,61.57,81.793,76.65,94.21,71.25,65.12,14.46,289.197,177.15,59.99,66.83,6.536,28.95,18.782,442.0,94.04
2017-08-23,43.675,46.135,14.25,16.646,46.965,14.315,67.72,216.95,102.796,70.828,14.531,116.55,24.625,83.43,59.63,81.356,76.1,93.11,70.81,64.17,14.4,288.685,178.25,59.92,66.77,6.536,29.013,18.748,441.5,93.59
2017-08-24,43.445,46.03,14.215,16.492,47.105,14.5,67.33,218.0,103.774,70.453,14.517,116.6,24.855,83.35,58.94,81.793,75.73,92.62,70.37,64.39,14.345,291.288,179.9,59.78,66.5,6.536,29.062,18.811,440.5,93.39
2017-08-25,43.325,45.95,14.15,16.488,46.925,14.33,67.5,217.0,102.796,70.419,14.363,116.7,24.79,83.45,58.66,81.654,76.5,92.51,70.86,64.22,14.435,290.823,178.05,59.39,66.7,6.536,28.75,18.825,440.45,93.21
2017-08-28,43.135,45.83,14.15,16.466,46.75,14.275,66.81,215.85,102.453,69.975,14.396,116.15,24.58,82.3,58.52,81.385,76.0,92.19,70.17,63.95,14.395,290.312,177.3,59.04,66.19,6.536,29.225,18.845,438.9,92.52
2017-08-29,42.955,45.25,14.11,16.25,46.225,14.025,66.17,216.2,101.915,69.599,14.069,115.6,24.255,80.45,57.16,80.978,75.48,90.96,68.72,63.23,14.1,287.198,176.5,58.43,66.1,6.536,28.7,18.618,439.95,92.25
2017-08-30,43.235,45.66,14.21,16.35,46.5,13.965,66.52,218.85,101.964,69.975,13.977,117.05,24.255,81.52,57.27,80.311,76.32,91.75,69.81,63.16,14.195,290.126,176.25,58.76,66.2,6.536,28.65,18.71,443.95,93.05
2017-08-31,43.445,46.075,14.275,16.55,47.03,14.02,67.73,220.25,103.774,70.043,14.261,114.8,24.375,81.59,56.7,81.216,77.35,93.13,70.61,63.91,14.555,293.054,177.35,58.88,66.15,6.536,28.625,19.004,444.3,93.0
2017-09-01,43.805,46.675,14.255,16.772,47.39,14.1,68.56,221.75,104.215,70.316,14.334,113.3,24.495,82.24,56.24,82.261,78.36,93.45,71.3,64.35,14.735,297.236,177.95,58.54,65.82,6.536,28.888,19.052,447.9,92.92
2017-09-04,43.72,46.53,14.235,16.64,46.86,14.05,68.89,220.95,103.334,70.145,14.29,113.2,24.35,81.63,56.38,81.604,78.65,92.75,71.09,63.88,14.915,295.749,177.3,58.53,65.52,6.536,28.95,18.927,447.45,93.5
2017-09-05,43.89,46.575,13.95,16.774,46.27,13.975,69.07,217.8,102.991,69.906,14.04,114.2,24.075,81.58,56.89,81.495,78.5,92.78,71.24,62.68,15.015,294.308,176.85,58.26,66.12,6.536,29.225,18.999,443.0,93.89
2017-09-06,44.03,46.47,13.89,16.668,46.18,14.41,69.2,217.9,103.676,70.35,14.045,114.85,23.96,81.25,56.6,81.932,79.46,93.25,71.41,62.59,15.08,293.24,177.7,58.21,66.88,6.536,29.112,19.047,442.65,93.01
2017-09-07,44.335,47.03,13.93,16.848,45.9,14.795,69.37,220.0,105.682,70.828,13.968,114.0,23.855,81.95,56.06,81.485,79.64,94.76,70.43,62.52,15.47,299.699,178.35,58.51,66.81,6.536,29.038,19.129,449.15,92.52
2017-09-08,43.99,46.915,13.81,16.952,46.32,14.75,69.57,219.95,107.248,70.555,14.112,115.45,23.955,81.36,55.95,81.763,79.04,95.03,70.5,62.99,15.57,300.303,178.6,58.29,67.45,6.536,29.212,19.25,437.25,92.94
2017-09-11,44.37,47.865,13.95,17.068,47.335,14.925,71.29,225.3,107.444,72.195,14.469,116.7,24.35,83.08,55.89,80.958,80.26,96.5,70.82,64.3,15.775,304.161,180.7,59.13,68.4,6.536,29.538,19.283,441.05,93.44
2017-09-12,44.51,48.68,13.94,17.168,48.58,14.825,71.6,228.15,106.955,73.151,14.685,115.75,24.64,83.65,56.39,81.594,79.3,98.03,70.67,65.84,15.73,304.021,179.9,59.26,68.05,6.536,29.9,19.177,439.0,94.29
2017-09-13,44.74,48.765,13.975,17.168,48.52,14.61,72.83,230.25,104.459,72.229,14.772,116.75,24.775,83.7,56.49,81.256,80.19,99.41,70.95,66.4,15.755,306.717,180.2,59.51,67.92,6.536,29.288,18.994,432.5,93.01
2017-09-14,44.96,49.24,13.92,17.174,48.745,14.48,72.25,229.55,104.312,73.014,14.719,116.15,24.805,85.01,57.58,81.614,80.27,99.52,71.08,66.54,16.08,304.161,179.4,59.3,68.0,6.536,29.138,19.004,423.15,93.48
2017-09-15,44.925,49.115,13.895,17.034,48.265,14.4,71.5,230.0,103.823,72.331,14.651,115.1,24.55,85.0,57.42,80.928,80.25,99.7,72.0,65.99,16.07,306.995,178.9,59.13,67.22,6.536,30.0,19.023,417.85,94.87
2017-09-18,44.945,49.365,14.01,16.98,48.505,14.275,72.22,229.25,103.725,72.638,14.478,115.55,24.665,85.7,57.02,81.077,80.49,100.45,73.6,66.21,16.435,306.577,179.0,60.17,67.08,6.536,29.812,18.835,417.85,95.17
2017-09-19,45.18,49.305,14.085,17.056,47.925,14.335,72.23,229.3,103.285,73.356,14.358,115.0,24.73,85.38,56.93,81.803,80.51,102.0,74.0,66.17,16.58,307.135,177.5,59.94,66.61,6.536,30.212,18.811,423.7,94.46
2017-09-20,45.675,49.385,14.085,17.108,47.735,14.44,72.3,230.0,102.991,73.8,14.358,113.4,24.685,84.83,57.45,81.853,80.4,100.0,74.59,66.05,16.27,307.646,178.3,59.78,66.43,6.536,30.3,18.734,421.2,93.9
2017-09-21,45.885,49.69,13.77,16.928,48.765,14.285,72.81,229.85,101.132,74.653,14.599,114.7,24.865,85.0,57.78,83.414,80.53,99.0,77.56,66.72,16.32,307.832,176.6,59.93,66.42,6.536,30.938,18.435,420.75,92.46
2017-09-22,45.935,49.75,13.78,17.138,48.905,14.39,72.2,230.4,101.621,74.961,14.603,115.35,24.955,84.98,58.07,83.663,80.18,99.0,77.34,67.3,16.37,311.317,180.95,59.84,66.7,6.536,31.038,18.686,424.2,93.35
2017-09-25,45.63,49.61,13.825,17.096,48.14,14.4,72.23,230.75,102.649,75.063,14.406,116.05,24.765,85.09,58.34,84.18,80.0,98.63,77.84,66.33,15.745,310.434,181.85,59.48,66.67,6.536,31.112,18.657,424.05,94.33
2017-09-26,45.255,49.56,13.84,17.008,47.96,14.32,72.15,231.35,101.034,76.156,14.425,117.35,24.655,85.11,58.91,84.101,80.14,97.78,78.78,66.15,15.785,308.575,181.05,60.01,66.49,6.536,31.337,18.768,423.35,94.4
2017-09-27,45.11,49.49,13.89,17.042,48.705,14.25,72.36,230.85,100.594,75.712,14.748,116.4,25.08,85.08,58.65,84.081,80.5,99.03,80.37,67.45,16.185,311.271,178.0,60.3,65.78,6.536,31.038,18.801,426.0,94.66
2017-09-28,45.215,50.14,13.82,17.06,48.885,14.24,73.13,230.8,101.132,76.19,14.772,116.65,25.31,85.79,58.84,83.563,80.76,99.67,80.0,67.67,16.22,310.899,177.9,61.05,65.8,6.536,30.625,18.811,428.65,95.94
2017-09-29,45.445,50.42,13.86,17.118,49.535,14.37,73.63,233.45,102.502,77.078,14.81,117.05,25.59,86.44,59.09,83.554,80.4,99.16,80.41,68.25,16.37,313.269,179.9,61.08,66.37,6.536,30.875,18.85,426.55,95.78
2017-10-02,45.235,50.28,13.775,17.388,49.835,14.44,73.74,233.25,103.236,77.611,14.825,118.7,25.63,87.04,58.57,84.658,81.11,100.4,80.6,68.45,16.925,314.152,181.25,61.54,66.73,6.536,30.625,18.922,429.55,95.77
2017-10-03,45.62,50.31,13.81,17.528,49.555,14.32,74.21,234.9,103.187,78.588,14.921,118.8,25.6,87.19,58.6,84.18,81.13,101.0,81.64,68.51,17.02,318.799,181.9,61.45,66.94,6.536,30.487,18.927,430.0,95.9
2017-10-04,45.37,50.19,13.73,17.496,49.01,14.25,74.25,234.85,104.41,78.85,14.859,119.55,25.55,87.04,60.41,84.538,80.54,100.2,82.14,67.3,16.915,317.591,181.25,61.56,68.13,6.536,30.638,18.878,425.0,95.21
2017-10-05,45.735,49.97,13.81,17.49,49.23,14.35,73.82,234.2,103.236,78.775,14.955,119.95,25.865,87.18,60.25,85.214,80.12,100.7,81.8,68.53,16.775,316.476,182.75,61.37,68.5,6.536,30.587,18.932,425.8,94.47
2017-10-06,45.555,49.22,13.835,17.446,48.91,14.31,74.19,230.4,102.747,78.325,14.94,119.35,25.94,86.93,59.72,85.791,79.9,99.6,81.27,68.4,16.81,313.827,180.75,61.41,68.32,6.536,30.45,18.999,424.2,95.16
2017-10-09,45.545,49.2,13.79,17.528,48.695,14.48,74.29,232.2,102.013,78.625,14.767,120.8,26.005,86.65,60.16,85.582,80.46,100.45,79.44,67.96,16.82,320.054,182.2,61.72,69.11,6.536,30.475,19.144,425.95,95.28
2017-10-10,45.55,49.545,13.83,17.442,48.62,14.405,74.26,237.4,102.453,78.325,14.7,122.0,25.935,86.51,60.4,84.27,80.2,99.65,78.84,67.4,16.665,327.164,184.4,61.76,68.83,6.536,30.675,19.086,430.4,95.25
2017-10-11,45.85,49.44,13.92,17.626,48.59,14.435,74.01,239.4,101.23,78.137,14.493,121.75,25.825,85.62,60.2,83.961,80.37,99.5,77.99,67.37,16.84,332.323,185.5,61.64,69.1,6.536,30.663,19.148,431.95,95.69
2017-10-12,45.665,50.06,13.83,17.782,48.385,14.48,73.65,241.0,99.322,78.099,14.396,121.75,25.6,85.96,60.37,83.743,80.66,100.3,78.16,66.61,16.875,331.812,187.8,61.54,69.24,6.536,30.575,19.163,431.3,95.71
2017-10-13,45.78,50.2,13.83,17.8,47.32,14.43,73.15,241.8,99.713,78.437,14.233,121.7,25.31,85.83,60.19,83.146,80.59,100.75,77.2,66.05,16.92,332.137,188.5,61.48,68.89,6.536,30.575,19.148,431.6,95.71
2017-10-16,46.095,50.3,13.9,17.572,47.465,14.31,73.24,240.45,99.762,78.588,14.209,121.5,25.365,85.59,60.99,84.081,80.47,100.8,77.07,66.2,17.03,331.812,189.3,62.0,69.35,6.536,30.325,19.293,431.9,95.84
2017-10-17,45.9,50.44,13.865,17.5,47.405,14.29,73.2,239.3,98.833,78.024,14.213,121.3,25.31,85.71,61.7,83.434,80.44,100.0,80.79,66.28,17.15,330.417,188.2,61.83,70.7,6.536,30.325,19.288,431.0,96.0
2017-10-18,45.805,50.17,13.795,17.526,48.035,14.235,73.35,240.9,99.028,78.137,14.406,122.2,25.295,86.1,62.19,84.051,80.61,101.0,81.14,67.43,16.79,332.694,189.5,62.81,71.06,6.536,30.462,19.38,434.35,97.21
2017-10-19,45.845,50.38,13.65,17.366,47.975,14.43,73.1,239.95,99.322,78.062,14.358,126.3,25.315,85.51,58.1,83.802,80.9,100.5,80.72,67.32,16.705,332.555,186.9,62.15,70.5,6.536,29.987,19.389,431.45,94.1
2017-10-20,45.96,50.56,13.65,17.316,48.62,14.32,73.24,237.65,98.882,78.85,14.599,127.95,25.475,86.34,57.79,83.355,81.08,99.34,80.72,68.05,16.875,333.856,185.55,61.66,70.29,6.536,30.275,19.356,428.6,92.8
2017-10-23,46.1,50.86,13.655,17.534,48.255,14.62,73.08,241.05,98.833,79.301,14.565,128.1,25.29,87.11,57.4,83.931,80.46,101.05,81.29,67.9,17.605,335.762,185.35,61.39,70.32,6.536,30.475,19.399,433.05,93.03
2017-10-24,46.355,50.89,13.655,17.366,48.86,14.555,73.02,240.8,102.747,78.55,14.781,128.15,25.6,87.34,55.65,83.156,80.51,99.29,83.25,68.08,17.825,337.202,184.3,61.35,69.6,6.536,30.663,19.375,435.2,89.77
2017-10-25,45.9,50.52,13.565,18.02,48.32,14.24,73.08,243.95,101.279,80.503,14.695,126.0,25.54,87.73,55.13,80.978,80.49,102.2,83.47,67.48,17.72,366.852,182.9,61.1,68.66,6.536,30.888,19.158,439.0,88.4
2017-10-26,46.575,51.37,13.74,18.054,48.655,14.45,73.54,248.95,102.111,81.255,14.753,126.6,25.82,89.84,55.32,81.554,82.96,102.85,85.81,68.32,19.79,364.946,187.9,62.25,69.64,6.536,31.475,19.293,441.1,89.25
2017-10-27,47.27,50.85,13.95,18.044,48.62,14.5,74.71,253.95,104.997,82.044,14.68,128.05,25.755,91.22,54.86,81.833,82.95,103.1,86.56,68.5,19.92,367.456,190.2,62.65,70.0,6.536,31.675,19.544,442.45,90.13
2017-10-30,47.77,50.75,14.17,17.91,48.45,14.355,74.76,254.95,106.465,81.893,14.651,128.75,25.72,88.75,55.0,81.177,83.8,103.45,84.71,68.88,20.335,368.525,190.0,63.31,69.46,6.536,31.175,19.534,443.05,89.64
2017-10-31,47.87,50.36,14.085,18.234,47.8,14.51,75.45,256.1,106.367,82.119,14.425,128.75,25.93,90.43,55.96,80.848,84.05,104.35,87.75,67.04,20.2,365.736,191.05,63.77,70.14,6.536,31.05,19.611,445.55,89.48
2017-11-01,48.28,50.33,14.185,18.396,47.8,14.505,75.25,255.25,105.34,83.02,14.396,128.95,26.245,90.25,55.32,80.092,84.2,105.05,87.38,65.95,20.6,368.71,193.6,63.76,70.26,6.536,31.413,19.664,446.35,89.05
2017-11-02,48.46,49.995,14.29,18.228,47.65,14.61,74.32,254.95,105.487,83.246,14.454,128.6,26.2,90.3,55.47,79.108,84.8,104.1,86.41,66.18,20.425,368.06,192.45,63.99,69.98,6.536,31.725,19.688,446.15,89.11
2017-11-03,48.475,49.825,14.29,18.248,45.7,14.635,74.94,258.15,105.682,83.734,14.252,129.05,25.475,91.34,55.2,78.591,85.83,103.7,87.17,65.76,20.98,375.821,192.6,64.2,70.53,6.536,31.8,19.741,446.25,89.94
2017-11-06,48.615,49.345,14.27,18.328,44.03,14.74,74.25,259.55,106.123,83.321,14.103,129.45,25.365,90.56,55.13,79.168,85.7,104.35,86.62,64.96,21.225,377.308,192.1,63.92,70.4,6.536,31.65,19.79,444.9,89.65
2017-11-07,48.89,49.075,14.25,18.222,44.245,14.725,74.0,256.6,105.144,82.645,14.18,128.3,25.32,90.0,54.36,78.243,85.15,103.8,86.4,64.75,20.97,373.637,189.55,62.99,69.62,6.536,31.513,19.939,442.2,89.53
2017-11-08,48.925,49.405,14.335,18.164,44.145,14.785,73.76,254.65,105.095,81.931,13.732,129.1,25.39,88.56,54.43,78.432,85.51,103.5,85.46,64.82,21.175,372.661,189.7,62.75,69.44,6.536,30.962,20.257,445.25,89.93
2017-11-09,48.565,48.58,14.295,17.958,43.9,14.88,71.8,249.9,103.334,80.165,13.65,128.35,25.295,86.91,54.6,77.367,85.13,100.35,84.07,64.62,19.98,361.647,188.1,62.42,69.47,6.536,30.562,20.262,448.5,89.75
2017-11-10,48.05,48.58,14.265,17.92,43.735,14.735,71.45,248.5,103.138,80.128,13.664,127.6,25.215,87.0,54.64,77.009,84.32,100.2,83.72,64.76,20.475,360.531,186.2,61.76,68.96,6.536,30.0,20.281,444.8,89.5
2017-11-13,47.58,48.35,14.1,17.786,43.625,14.575,70.92,245.95,103.774,79.339,13.64,126.6,25.07,86.65,54.0,76.015,83.67,99.69,83.25,64.23,20.375,358.254,185.4,61.5,69.23,6.536,29.75,20.199,442.85,89.0
2017-11-14,46.935,48.1,14.01,17.796,43.405,14.505,70.91,245.95,103.921,79.189,13.568,126.25,24.85,87.84,53.56,75.199,83.8,100.5,83.54,63.45,20.205,357.789,184.1,61.54,68.79,6.536,29.663,20.161,441.5,88.8
2017-11-15,46.305,47.855,13.99,17.7,43.5,14.49,70.77,244.8,103.725,78.888,13.655,126.4,24.83,87.98,52.56,75.169,83.83,100.3,85.5,63.83,20.12,356.024,184.25,61.62,68.68,6.536,29.45,20.146,440.45,89.14
2017-11-16,46.3,48.32,14.07,17.846,43.38,14.49,71.49,246.95,104.704,79.189,13.578,127.7,25.105,87.95,53.08,75.557,85.6,101.5,85.49,63.79,20.475,358.44,186.15,62.55,69.23,6.536,29.587,20.291,440.9,88.64
2017-11-17,46.285,47.825,14.11,17.918,43.285,14.305,70.81,246.6,104.312,78.963,13.53,128.15,25.14,87.21,54.01,75.02,84.86,99.75,84.88,63.15,20.35,358.626,185.4,62.16,68.92,6.536,29.362,20.214,442.5,88.0
2017-11-20,46.48,48.565,14.14,18.176,43.045,14.36,71.2,249.25,104.41,79.752,13.477,127.95,24.97,86.9,54.1,75.338,85.35,100.5,85.2,62.85,20.575,364.435,186.7,62.32,69.11,6.536,29.575,20.17,443.45,88.0
2017-11-21,46.925,48.39,14.145,18.374,42.955,14.38,70.8,251.7,104.459,80.541,13.481,128.7,25.39,87.12,54.19,76.025,85.62,100.15,86.02,62.78,20.97,368.06,187.0,62.28,69.25,6.536,29.575,20.098,443.55,87.34
2017-11-22,47.27,48.375,14.175,18.136,42.765,14.42,70.84,247.05,104.117,79.564,13.395,128.85,25.2,86.93,54.56,76.293,86.56,99.68,85.33,62.95,20.44,362.948,186.0,61.97,69.49,6.536,29.175,20.127,442.9,87.9
2017-11-23,47.4,49.115,14.255,18.148,42.86,14.51,71.8,248.8,105.585,79.752,13.409,129.1,25.15,87.0,54.61,77.119,86.85,100.0,85.89,62.97,20.575,363.366,186.7,62.36,70.25,6.536,29.388,20.296,444.35,88.71
2017-11-24,47.35,48.68,14.265,18.28,43.515,14.455,71.75,249.6,105.878,79.865,13.602,129.65,25.35,86.8,54.57,77.029,86.65,101.35,85.8,63.64,20.59,363.877,187.2,62.27,70.79,6.536,29.462,20.286,443.6,87.88
2017-11-27,47.265,48.295,14.315,18.28,42.9,14.43,71.31,247.5,104.802,79.076,13.51,129.3,25.095,86.99,54.66,76.492,86.15,100.85,85.69,63.16,20.205,357.046,185.85,62.3,70.49,6.536,29.45,20.214,440.5,86.67
2017-11-28,47.51,48.485,14.41,18.39,43.03,14.51,71.63,246.95,105.046,79.189,13.525,130.25,25.325,88.91,55.49,76.93,86.93,101.3,86.83,63.44,20.28,348.681,187.1,62.53,71.38,6.536,30.337,20.368,438.95,84.69
2017-11-29,47.705,48.515,14.46,17.818,42.895,14.8,72.49,245.1,104.41,79.189,13.655,130.6,25.52,90.43,56.0,76.562,86.9,97.4,87.29,64.29,18.845,349.378,186.95,62.61,71.43,6.536,30.575,20.542,436.8,84.0
2017-11-30,47.405,47.865,14.48,18.062,42.31,14.705,72.21,244.5,105.731,79.001,13.631,131.05,25.35,89.53,55.8,76.184,85.84,96.88,87.29,63.58,19.04,346.45,185.8,62.96,70.92,6.536,30.462,20.493,442.85,84.92
2017-12-01,47.395,46.81,14.45,17.96,41.96,14.69,70.99,243.3,105.389,77.536,13.51,129.0,25.23,87.75,55.17,74.413,84.92,96.66,85.31,62.85,18.375,347.612,184.6,62.14,69.79,6.536,30.325,20.325,436.45,85.04
2017-12-04,47.82,47.375,14.51,17.99,42.95,14.775,71.56,246.95,110.379,79.489,13.713,129.95,25.6,89.13,56.11,74.692,86.51,96.98,87.87,64.06,18.51,347.194,187.25,63.04,69.62,6.536,31.0,20.46,437.45,85.28
2017-12-05,47.435,47.51,14.24,17.928,42.73,14.83,71.2,245.9,110.379,80.128,13.559,131.05,25.34,88.95,55.95,73.568,87.1,96.5,88.57,63.51,18.765,351.655,188.5,62.84,70.12,6.536,30.812,20.46,437.0,84.25
2017-12-06,47.365,47.86,14.24,17.896,42.415,14.89,70.61,248.7,110.82,80.766,13.351,132.4,25.345,88.8,56.56,72.852,87.97,95.58,88.86,62.86,18.08,353.607,187.9,62.79,70.81,6.536,31.013,20.585,442.05,85.02
2017-12-07,47.46,47.91,14.57,17.928,42.95,14.915,71.31,246.9,112.092,80.654,13.602,132.2,25.38,89.52,56.66,72.812,88.21,96.44,88.02,63.14,18.075,355.141,188.8,63.22,70.83,6.536,31.15,20.653,441.0,85.09
2017-12-08,47.025,47.72,14.64,17.91,43.915,14.815,71.17,247.4,111.896,81.029,14.127,132.0,25.27,89.07,56.91,72.782,87.76,97.96,87.77,65.04,18.3,358.533,188.4,63.07,70.94,6.536,31.163,20.566,440.0,85.65
2017-12-11,47.09,47.89,14.64,17.73,43.945,14.755,71.08,246.2,110.33,80.654,14.069,131.25,25.425,87.9,57.41,73.18,86.45,96.7,85.93,64.46,18.335,359.695,188.35,63.0,70.83,6.536,30.612,20.363,440.5,86.4
2017-12-12,47.775,47.185,14.825,17.874,44.53,14.855,71.86,246.45,109.89,81.217,14.131,129.55,25.545,88.15,57.77,74.622,86.95,99.1,87.23,64.83,18.65,362.251,189.65,63.75,71.54,6.536,30.65,20.426,441.5,86.3
2017-12-13,47.37,47.33,14.655,17.914,44.54,14.7,70.62,247.0,109.743,81.067,13.977,129.35,25.43,87.61,57.64,74.254,86.23,99.13,86.25,64.36,18.84,359.834,188.1,63.41,71.11,6.536,30.55,20.175,442.55,86.09
2017-12-14,47.205,46.86,14.575,17.9,44.025,14.47,70.66,244.35,110.086,80.428,13.804,129.05,25.25,85.83,57.42,73.369,86.45,98.96,85.34,63.49,18.57,361.228,186.45,62.91,70.73,6.536,30.2,20.098,442.45,87.0
2017-12-15,46.51,47.0,14.66,17.814,43.195,14.54,71.21,245.15,110.037,81.443,13.621,129.1,25.275,86.11,57.56,73.15,87.03,97.05,85.25,62.92,18.305,361.414,187.25,63.32,71.2,6.536,30.15,20.175,439.8,86.28
2017-12-18,47.355,47.65,14.725,18.09,43.32,14.7,72.34,254.05,111.407,81.668,13.741,131.1,25.695,88.08,56.88,73.797,87.84,98.72,86.53,63.36,18.555,369.686,190.4,64.15,71.82,6.536,30.55,20.373,445.25,93.31
2017-12-19,46.15,47.05,14.685,18.03,43.7,14.515,71.52,252.6,111.652,80.992,13.741,130.7,25.48,88.1,56.63,72.802,87.21,98.61,85.67,63.06,18.695,367.735,188.85,64.05,70.92,6.536,30.587,20.465,445.45,92.32
2017-12-20,46.22,46.405,14.64,17.828,43.37,14.495,71.44,250.45,111.309,80.316,13.631,129.7,25.255,87.84,56.34,72.544,86.24,98.16,84.8,62.83,18.395,361.879,186.85,63.64,70.17,6.536,30.6,20.508,445.55,91.23
2017-12-21,46.615,46.675,14.755,17.826,43.8,14.53,72.24,252.45,111.994,80.391,13.578,130.75,25.29,88.5,56.5,72.484,86.24,98.64,84.92,63.29,18.52,368.617,188.1,64.3,70.61,6.536,30.562,20.657,447.95,90.0
2017-12-22,46.47,46.45,14.64,17.828,43.455,14.565,72.32,249.5,112.777,80.053,13.481,130.8,25.175,88.05,56.79,72.156,85.93,99.52,84.55,62.95,18.59,363.691,186.8,64.35,70.6,6.536,30.462,20.715,448.4,89.69
2017-12-25,46.47,46.45,14.64,17.828,43.455,14.565,72.32,249.5,112.777,80.053,13.481,130.8,25.175,88.05,56.79,72.156,85.93,99.52,84.55,62.95,18.59,363.691,186.8,64.35,70.6,6.536,30.462,20.715,448.4,89.69
2017-12-26,46.47,46.45,14.64,17.828,43.455,14.565,72.32,249.5,112.777,80.053,13.481,130.8,25.175,88.05,56.79,72.156,85.93,99.52,84.55,62.95,18.59,363.691,186.8,64.35,70.6,6.536,30.462,20.715,448.4,89.69
2017-12-27,46.535,46.42,14.55,17.84,43.27,14.495,71.92,251.35,113.706,80.165,13.385,131.9,25.065,87.83,56.62,72.126,85.75,98.75,85.24,62.72,18.52,366.154,187.6,64.72,70.75,6.536,30.425,20.677,448.85,89.76
2017-12-28,46.335,46.4,14.505,17.746,43.09,14.395,71.36,247.8,112.581,79.527,13.356,131.65,24.975,86.54,56.53,71.758,85.62,98.88,83.9,62.6,18.475,365.876,185.75,64.46,70.14,6.536,30.25,20.546,447.25,89.62
2017-12-29,46.045,45.98,14.475,17.718,43.05,14.335,70.86,245.4,112.483,78.926,13.289,131.95,24.735,85.91,56.65,71.46,85.15,98.89,83.0,62.25,18.205,365.272,184.95,64.19,69.95,6.536,29.888,20.513,446.25,89.88
2018-01-01,46.045,45.98,14.475,17.718,43.05,14.335,70.86,245.4,112.483,78.926,13.289,131.95,24.735,85.91,56.65,71.46,85.15,98.89,83.0,62.25,18.205,365.272,184.95,64.19,69.95,6.536,29.888,20.513,446.25,89.88
2018-01-02,46.06,45.59,14.52,17.66,43.165,14.23,70.02,241.3,110.233,78.512,13.453,130.25,24.76,85.2,55.0,71.37,84.92,99.0,82.75,62.09,18.455,356.628,182.15,64.1,68.97,6.536,30.013,20.412,441.0,91.16
2018-01-03,46.56,46.365,14.49,17.876,43.37,14.29,70.96,242.75,110.575,79.113,13.534,131.2,24.73,85.62,53.78,71.678,84.56,101.0,84.12,62.64,19.02,360.81,182.85,64.42,69.43,6.536,30.35,20.595,443.0,90.5
2018-01-04,47.48,47.35,14.495,17.924,44.435,14.515,72.24,245.6,110.379,80.917,14.146,131.25,25.24,88.68,54.08,72.603,86.68,101.35,85.82,63.77,19.28,370.29,184.5,64.96,70.46,6.536,30.862,20.874,443.8,91.14
2018-01-05,47.825,47.765,14.62,18.108,45.075,14.595,73.24,249.5,111.896,81.593,14.122,131.95,25.505,89.2,55.6,73.956,88.24,102.5,85.6,63.89,19.43,373.451,186.9,65.64,71.75,6.536,31.487,21.106,447.5,91.3
2018-01-08,48.035,47.915,14.7,18.132,45.135,14.69,73.36,245.5,112.434,82.494,14.276,132.3,25.815,89.04,55.76,73.946,88.4,102.4,86.62,64.5,19.32,369.175,186.75,65.56,71.27,6.536,31.825,21.279,447.9,91.12
2018-01-09,48.3,48.54,14.715,18.28,45.175,14.68,74.48,246.1,111.847,82.569,14.339,133.4,26.035,89.7,56.98,73.837,88.56,104.4,86.88,65.43,19.71,374.938,188.3,66.04,71.17,6.536,32.45,21.144,448.9,91.16
2018-01-10,48.15,48.18,14.43,18.152,46.13,14.65,73.76,242.0,109.352,81.555,14.599,131.85,26.385,89.58,55.76,72.942,87.58,104.15,90.27,66.43,19.59,383.396,186.9,65.68,69.04,6.536,32.213,20.199,449.7,90.86
2018-01-11,48.145,47.675,14.31,18.244,46.57,14.67,73.66,239.0,108.373,80.466,14.671,131.75,26.575,90.0,55.8,72.504,85.32,105.35,90.02,67.0,20.0,379.585,184.65,65.4,69.44,6.536,32.112,19.978,445.6,89.9
2018-01-12,48.61,48.095,14.465,18.54,46.46,14.56,74.82,242.15,109.792,80.992,14.656,130.95,26.86,90.48,56.84,73.27,85.2,106.35,90.4,67.46,19.99,380.05,184.05,65.84,69.59,6.536,32.213,19.852,445.9,89.6
2018-01-15,48.575,47.935,14.475,18.6,46.36,14.485,74.58,242.75,109.548,81.217,14.719,130.6,26.795,89.9,58.2,72.802,84.58,106.3,90.0,67.53,19.8,373.172,184.45,66.36,69.17,6.536,32.0,19.843,446.2,89.36
2018-01-16,48.14,47.94,14.6,18.56,46.085,14.66,74.8,243.0,109.694,81.443,14.695,130.45,26.74,90.64,58.48,73.001,87.54,106.3,89.97,67.01,19.695,374.845,184.05,66.04,68.75,6.536,32.537,20.17,447.0,89.66
2018-01-17,47.88,47.885,14.545,18.448,45.285,14.55,74.62,242.35,109.156,81.818,14.632,131.0,26.71,90.1,57.14,72.474,87.42,106.05,89.74,66.38,19.635,374.008,184.4,66.2,69.12,6.536,32.425,20.334,448.0,89.88
2018-01-18,47.585,47.85,14.46,18.612,45.13,14.435,75.2,238.75,107.737,82.494,14.704,130.95,27.255,91.18,57.68,71.977,87.4,106.55,90.4,66.63,20.38,372.521,183.4,66.48,69.42,6.536,31.975,20.142,441.7,90.9
2018-01-19,47.29,48.105,14.45,18.824,45.33,14.42,75.64,240.95,109.645,81.893,14.642,130.0,27.335,91.26,58.1,72.554,87.76,108.45,92.79,66.95,20.43,383.024,185.8,66.76,70.39,6.536,32.375,20.305,445.1,91.26
2018-01-22,47.905,48.085,14.765,18.796,46.0,14.45,75.78,243.0,110.673,82.044,14.868,130.1,27.44,90.8,57.92,70.445,88.0,107.45,93.25,67.55,20.24,380.421,185.55,66.52,70.59,6.536,32.138,20.479,445.6,90.96
2018-01-23,47.45,47.985,14.74,18.9,46.11,14.41,76.28,244.6,110.918,81.593,14.757,131.35,27.26,90.5,57.24,70.793,87.66,107.65,92.1,67.58,20.05,381.909,186.25,66.62,71.0,6.536,31.8,20.585,446.7,90.34
2018-01-24,47.55,47.15,14.675,18.628,46.0,14.175,75.66,241.2,110.379,80.804,14.733,128.4,27.075,90.02,56.7,71.609,86.96,107.05,90.5,67.18,18.79,377.54,184.1,66.52,70.22,6.536,31.65,19.794,444.0,88.86
2018-01-25,47.54,47.56,14.725,18.62,46.465,14.07,74.78,240.15,111.064,81.555,14.883,128.15,26.98,89.5,56.2,71.857,87.2,105.7,88.0,68.0,18.925,373.172,181.8,65.92,69.5,6.536,31.663,19.746,439.7,87.68
2018-01-26,47.52,47.93,14.845,18.624,46.7,13.995,75.4,251.9,111.554,81.781,14.849,130.1,26.92,90.04,55.88,73.081,88.08,106.45,89.56,68.28,19.065,383.024,182.6,66.1,69.86,6.536,32.375,19.727,448.1,90.12
2018-01-29,47.295,47.825,14.7,18.56,47.2,14.03,75.74,252.6,110.722,81.968,14.839,128.1,27.175,90.24,55.44,72.504,87.56,106.3,90.42,68.35,19.52,376.425,182.4,65.9,69.16,6.536,32.312,19.486,443.0,90.2
2018-01-30,46.5,46.92,14.54,18.4,46.765,13.895,74.78,251.45,111.603,81.255,14.613,129.05,26.635,89.78,55.56,71.917,86.74,106.0,89.8,67.23,19.49,376.611,182.2,65.96,68.97,6.536,32.138,19.438,444.0,89.58
2018-01-31,46.635,46.815,14.545,18.576,46.855,13.98,75.48,252.6,111.945,81.555,14.613,128.3,26.495,90.94,55.68,70.734,87.0,106.95,92.5,66.6,19.23,379.027,183.1,67.02,69.46,6.536,32.2,19.563,445.2,90.36
2018-02-01,47.06,46.325,14.455,19.8,46.645,13.84,74.38,252.15,109.939,80.353,14.656,128.6,26.42,89.4,56.0,69.978,86.1,108.1,91.17,66.63,19.085,379.585,181.3,66.42,69.34,6.536,31.975,19.611,445.8,89.74
2018-02-02,46.135,45.635,14.16,19.724,45.925,13.575,72.38,247.9,108.667,78.475,14.478,126.9,26.565,86.74,55.44,69.57,84.88,105.35,87.97,66.0,18.5,368.525,180.65,65.38,68.5,6.536,31.375,19.216,443.0,88.94
2018-02-05,45.36,44.82,13.94,19.7,45.32,13.37,71.82,242.45,105.976,77.536,14.271,125.25,26.355,85.26,54.5,68.645,83.42,103.3,86.6,65.38,18.65,361.461,177.0,64.34,67.24,6.536,30.825,18.859,436.1,88.3
2018-02-06,43.87,43.985,13.615,19.2,43.91,13.03,70.42,236.15,104.117,76.071,13.804,122.65,25.56,85.34,54.1,67.153,82.76,100.55,85.01,63.25,18.1,347.798,171.95,63.06,65.63,6.536,30.862,18.474,426.7,86.28
2018-02-07,44.76,44.36,13.855,19.44,44.265,13.175,71.4,245.0,106.465,77.348,14.04,124.65,25.845,86.88,55.74,66.348,83.62,102.8,88.4,64.55,18.34,361.089,175.6,64.16,67.16,6.536,31.638,18.854,432.1,87.5
2018-02-08,45.075,42.91,13.545,19.224,45.13,12.845,69.52,237.45,104.166,75.011,13.819,127.3,25.325,84.1,57.94,64.736,80.58,98.94,85.51,64.42,17.295,346.032,171.8,61.6,65.12,6.536,30.875,18.965,422.6,88.02
2018-02-09,44.705,42.525,13.4,19.0,44.135,12.635,69.34,234.9,103.97,73.584,13.481,127.4,24.91,83.1,56.66,63.046,77.88,98.1,83.54,63.2,17.225,341.013,172.35,61.2,63.79,6.536,30.513,18.502,422.9,88.3
2018-02-12,45.245,42.845,13.565,19.484,44.525,12.655,69.6,241.85,104.753,74.215,13.486,129.1,25.07,84.1,57.32,63.941,79.92,100.1,82.52,63.37,17.435,353.189,176.4,61.56,64.36,6.536,31.325,18.686,433.6,87.16
2018-02-13,45.34,42.59,13.43,19.684,44.55,12.495,68.74,237.35,104.166,73.629,13.448,128.95,24.8,84.5,59.48,63.225,79.94,100.6,83.15,63.0,17.345,339.247,175.0,61.14,63.88,6.536,30.675,18.584,434.0,87.12
2018-02-14,45.33,43.24,13.45,19.984,45.6,12.615,69.24,240.9,105.536,74.08,13.067,131.45,24.85,86.3,62.34,63.543,81.12,102.0,84.17,63.58,17.865,357.464,175.3,61.6,64.26,6.536,31.062,18.96,434.7,87.5
2018-02-15,45.165,43.79,13.49,20.51,46.225,12.525,71.6,244.3,106.416,75.883,13.091,131.35,25.2,87.82,62.4,63.155,82.0,104.35,92.82,63.9,18.065,364.807,174.7,62.1,64.12,6.536,30.788,18.676,443.0,88.48
2018-02-16,45.9,43.62,13.645,20.77,46.52,12.65,72.16,248.5,108.618,76.634,13.12,134.6,25.22,89.1,62.66,64.15,83.02,104.6,95.53,64.65,18.04,364.9,176.8,62.88,65.49,6.536,31.55,18.898,445.1,89.68
2018-02-19,45.89,42.99,13.545,20.8,46.46,12.585,71.9,245.2,107.052,76.484,13.164,133.55,25.315,89.12,61.4,63.951,82.2,104.95,94.89,64.61,18.0,362.018,175.5,62.38,64.47,6.536,31.138,18.584,441.6,90.36
2018-02-20,46.6,44.26,13.675,20.7,46.255,12.615,72.52,245.1,106.808,76.709,13.351,133.0,25.4,89.86,61.5,64.199,82.78,103.6,96.99,65.08,18.455,362.669,175.6,63.5,64.51,6.536,31.575,18.662,439.1,92.12
2018-02-21,46.82,44.37,13.695,20.65,46.405,12.7,72.34,246.7,107.542,76.634,13.477,134.3,25.445,90.3,60.88,64.348,82.9,102.55,97.66,64.95,18.785,367.502,174.4,63.9,64.71,6.536,31.913,18.85,444.5,92.22
2018-02-22,46.875,44.095,13.81,20.67,46.68,12.815,72.08,245.05,107.444,77.348,13.525,134.3,25.605,90.1,60.76,64.537,82.54,101.75,97.7,65.1,18.41,366.294,175.45,63.94,65.29,6.536,31.487,19.25,443.1,92.22
2018-02-23,47.07,45.375,14.015,20.95,46.535,12.975,72.0,246.75,107.493,77.273,13.433,134.6,25.48,90.3,60.92,64.697,82.9,101.65,98.3,64.89,18.64,364.156,178.7,64.4,65.82,6.536,31.325,19.399,447.0,92.16
2018-02-26,47.37,45.87,14.04,21.1,46.375,12.96,72.06,249.3,108.569,77.573,13.453,135.55,25.65,89.9,61.44,65.164,82.64,102.4,98.94,64.87,18.67,368.339,180.5,64.88,67.31,6.536,31.587,19.409,446.3,91.94
2018-02-27,47.3,46.75,13.97,21.11,46.875,13.07,72.14,246.95,105.242,77.648,13.65,135.15,25.915,91.36,61.26,65.224,82.68,102.45,98.71,65.52,18.885,364.9,177.5,64.88,66.6,6.536,31.6,19.341,441.4,91.72
2018-02-28,46.97,46.745,13.94,21.25,47.12,12.875,71.58,246.5,105.536,77.498,13.611,135.0,25.86,90.9,62.04,64.677,81.32,102.95,98.34,65.37,18.82,360.624,177.05,64.54,65.75,6.536,31.675,19.255,442.1,91.54
2018-03-01,46.41,46.37,13.935,20.96,46.58,12.74,70.68,244.1,110.673,76.371,13.515,133.15,25.79,88.96,59.92,64.299,79.98,101.35,97.1,64.71,18.1,357.371,173.3,63.44,65.24,6.536,31.062,18.956,441.6,91.06
2018-03-02,45.5,44.845,13.74,20.5,45.19,12.27,68.44,238.75,110.086,74.846,13.193,130.45,25.05,84.84,58.8,63.056,78.86,99.3,93.95,62.88,17.69,348.727,171.1,61.76,63.77,6.536,30.513,18.334,440.8,89.5
2018-03-05,45.95,45.0,13.885,20.89,45.09,12.6,69.9,240.75,110.722,75.695,13.048,131.1,22.62,85.34,58.96,64.15,80.0,100.95,95.75,62.06,18.225,355.698,174.95,62.74,64.86,6.536,30.663,18.392,440.0,89.72
2018-03-06,46.045,44.855,13.925,21.14,45.72,12.625,69.7,241.35,108.765,75.319,13.226,130.9,22.825,85.32,58.34,63.354,79.64,102.9,96.12,62.44,18.6,355.884,174.2,62.68,64.58,6.536,30.525,18.522,442.7,95.34
2018-03-07,46.11,45.405,14.005,21.4,45.93,12.645,69.9,241.2,109.009,76.258,13.116,132.0,22.41,86.18,57.24,63.732,79.92,103.5,95.72,62.49,18.825,352.91,175.55,63.0,65.23,6.536,30.638,18.719,441.1,94.7
2018-03-08,46.425,45.745,14.12,21.71,46.15,13.13,70.64,245.6,109.743,77.686,13.154,133.5,22.655,88.08,57.26,64.557,81.14,104.8,97.09,62.95,19.665,355.698,180.4,63.74,66.57,6.536,31.413,18.951,443.8,96.02
2018-03-09,46.46,45.95,14.22,21.84,45.97,13.175,71.18,245.95,110.428,77.611,13.125,133.7,22.49,88.76,57.26,65.224,81.2,105.7,98.33,62.93,19.785,360.624,181.65,63.86,67.5,6.536,31.212,19.071,447.8,96.62
2018-03-12,46.59,46.35,14.215,22.2,46.06,13.19,70.8,246.8,109.597,77.16,13.212,135.0,22.605,88.64,57.5,65.423,81.04,105.55,95.87,62.88,20.0,359.602,181.8,64.38,67.74,6.536,31.312,19.197,448.1,97.06
2018-03-13,46.88,45.82,13.985,22.27,45.645,13.13,70.72,243.5,108.569,76.334,13.14,134.65,22.535,88.5,56.88,65.005,80.62,104.8,95.66,62.58,19.46,355.512,179.85,64.14,67.14,6.536,31.425,18.666,446.8,97.46
2018-03-14,47.03,45.94,13.975,22.29,45.065,13.31,70.94,242.9,108.912,75.883,12.99,134.45,22.43,87.72,57.56,64.886,80.92,105.2,95.25,61.63,19.395,355.605,179.9,64.12,66.8,6.536,31.538,18.671,444.7,97.0
2018-03-15,46.9,46.345,13.95,22.3,44.765,13.45,71.52,247.35,109.45,76.409,13.053,135.4,22.565,88.6,57.56,65.87,81.36,105.5,96.84,61.81,19.79,359.23,179.75,64.44,67.36,6.536,31.763,18.623,449.9,97.4
2018-03-16,47.78,45.99,14.035,22.34,45.185,13.54,72.3,247.5,109.107,76.371,13.197,133.4,22.795,87.98,57.9,65.81,82.08,105.05,96.0,62.45,19.875,354.955,180.05,64.46,67.28,6.536,31.775,18.787,451.7,97.1
2018-03-19,46.195,45.815,13.95,22.1,45.58,13.445,71.46,246.0,107.737,75.319,13.111,131.95,22.33,86.7,59.1,65.81,80.64,104.3,94.43,61.73,19.5,351.33,181.1,64.58,66.24,6.536,31.225,18.531,451.7,97.1
2018-03-20,46.235,45.81,13.905,22.2,45.46,13.46,72.72,251.55,108.178,75.657,13.173,133.5,22.46,87.8,56.72,65.442,80.82,104.4,96.43,61.6,19.905,360.16,181.65,64.92,66.68,6.536,31.587,18.237,453.0,96.96
2018-03-21,46.555,45.0,13.805,22.33,45.095,13.565,72.3,252.65,107.737,75.507,13.082,133.25,22.32,86.38,56.48,64.677,80.36,103.8,95.51,61.23,20.34,366.945,180.35,64.5,65.74,6.536,31.587,18.372,464.0,97.0
2018-03-22,46.255,43.89,13.63,22.05,44.105,13.47,70.2,249.3,106.221,74.846,12.884,133.6,21.795,84.96,55.38,64.279,79.26,102.95,94.63,60.11,19.41,358.301,179.55,63.64,65.05,6.536,30.763,18.151,466.7,96.76
2018-03-23,45.805,42.72,13.555,21.88,43.55,13.255,68.96,242.9,105.389,74.56,12.677,133.35,21.31,82.96,55.68,63.364,78.48,103.15,92.92,59.24,18.665,357.743,175.95,62.78,64.16,6.536,29.775,18.131,466.3,96.2
2018-03-26,45.9,42.35,13.47,21.95,43.26,13.26,68.84,243.8,103.627,73.854,12.653,132.0,21.14,82.0,55.14,62.867,78.14,101.85,92.88,58.88,18.615,355.234,174.7,62.3,63.96,6.536,29.525,17.991,466.2,96.34
2018-03-27,46.09,42.685,13.625,22.2,43.86,13.2,70.28,245.2,104.9,74.756,12.74,132.4,21.34,84.14,55.7,63.573,79.98,103.25,95.1,59.53,19.085,355.884,175.45,63.38,64.05,6.536,29.575,18.213,473.4,97.6
2018-03-28,45.835,42.725,13.73,22.02,43.94,13.545,70.34,243.9,105.487,75.026,12.764,134.0,21.43,84.54,56.38,64.398,79.96,100.7,93.98,60.02,18.05,357.185,182.05,64.0,65.36,6.536,29.337,18.56,478.1,99.3
2018-03-29,46.13,42.86,13.785,22.08,44.16,13.555,71.34,250.2,107.248,74.741,12.716,135.25,21.6,85.98,56.58,64.975,79.9,101.2,93.8,60.17,17.985,361.368,183.35,63.7,65.73,6.536,29.975,18.555,481.5,98.94
2018-03-30,46.13,42.86,13.785,22.08,44.16,13.555,71.34,250.2,107.248,74.741,12.716,135.25,21.6,85.98,56.58,64.975,79.9,101.2,93.8,60.17,17.985,361.368,183.35,63.7,65.73,6.536,29.975,18.555,481.5,98.94
2018-04-02,46.13,42.86,13.785,22.08,44.16,13.555,71.34,250.2,107.248,74.741,12.716,135.25,21.6,85.98,56.58,64.975,79.9,101.2,93.8,60.17,17.985,361.368,183.35,63.7,65.73,6.536,29.975,18.555,481.5,98.94
2018-04-03,46.705,42.64,13.715,22.03,43.74,13.665,69.86,256.0,107.346,74.29,12.735,135.9,21.59,85.6,55.28,64.02,78.98,100.25,93.6,59.69,17.425,373.172,183.4,62.72,64.77,6.536,29.575,18.454,484.2,99.66
2018-04-04,47.28,42.44,13.72,21.71,43.425,13.795,68.98,255.85,107.737,74.05,12.653,137.7,21.51,83.6,55.28,64.1,78.32,98.84,92.81,59.44,17.035,372.521,186.75,62.44,64.61,6.536,29.6,18.377,491.0,98.92
2018-04-05,48.56,43.565,13.975,22.05,44.63,14.0,69.82,264.5,109.792,76.709,12.909,139.4,21.88,87.44,57.0,65.751,80.7,102.35,94.87,61.1,17.48,389.158,190.5,63.0,65.98,6.536,29.825,18.474,496.0,99.0
2018-04-06,48.475,43.445,13.97,22.09,44.52,14.05,69.4,262.6,109.988,76.071,12.745,139.75,22.0,87.7,57.14,65.741,80.22,102.5,94.4,60.57,17.335,388.136,190.25,62.1,65.46,6.536,29.85,18.637,498.5,100.2
2018-04-09,48.32,43.65,14.11,22.2,44.25,13.92,70.12,262.25,110.722,76.258,12.697,139.95,22.065,88.84,56.84,66.089,80.78,103.7,94.4,60.86,17.425,386.649,190.25,62.5,65.58,6.536,29.763,18.69,503.6,101.3
2018-04-10,48.81,43.27,14.16,22.29,44.205,13.83,70.76,275.15,110.575,75.995,12.769,139.6,22.22,88.62,56.7,66.636,81.1,104.4,95.42,61.31,17.885,399.01,191.6,62.4,64.99,6.536,30.413,18.565,504.0,101.55
2018-04-11,48.86,43.075,14.12,22.07,43.93,13.8,69.78,278.25,109.009,75.207,12.721,139.4,22.22,88.0,56.2,65.82,80.5,103.9,92.43,60.92,17.66,404.773,190.65,62.16,64.8,6.536,30.0,18.102,509.8,101.65
2018-04-12,48.895,43.565,14.2,22.07,44.215,13.95,70.62,281.0,109.792,75.883,12.841,138.5,22.57,88.38,55.52,65.94,80.62,104.8,92.96,61.23,18.5,408.862,190.7,62.38,64.91,6.536,30.138,18.334,511.6,101.2
2018-04-13,48.6,43.24,14.16,22.06,44.24,13.975,70.74,281.85,110.967,76.071,12.889,139.75,22.7,88.66,55.86,65.631,82.62,104.7,91.5,61.45,18.26,405.423,191.15,62.2,65.26,6.536,29.9,18.454,516.6,101.4
2018-04-16,48.645,42.985,14.38,22.0,44.43,13.885,70.34,282.7,110.771,75.883,12.909,140.35,22.875,88.34,55.14,65.691,82.72,104.7,90.38,61.54,18.435,406.632,191.55,62.8,65.29,6.536,29.612,18.469,520.8,101.7
2018-04-17,48.915,43.165,14.485,21.96,44.66,13.97,71.6,279.25,110.918,77.198,12.918,140.0,23.125,89.5,56.22,66.049,82.96,105.0,93.08,61.93,18.76,405.423,193.75,63.34,66.06,6.536,30.1,18.527,524.2,102.75
2018-04-18,49.7,43.55,14.53,22.17,44.97,14.0,72.86,282.8,111.015,77.385,12.952,139.4,23.36,89.94,56.14,65.452,83.32,104.8,94.6,62.24,18.435,403.936,191.55,63.88,67.08,6.536,29.288,18.662,521.8,103.6
2018-04-19,50.3,43.675,14.51,21.84,45.265,14.09,74.18,277.2,110.918,77.874,13.0,138.7,23.455,90.18,60.28,65.244,83.74,105.15,94.24,62.59,17.83,398.732,190.1,64.84,66.46,6.536,29.575,18.724,516.0,103.0
2018-04-20,50.64,44.005,14.76,21.67,45.595,14.135,75.36,279.25,111.994,78.663,13.082,139.0,23.415,90.08,59.4,64.925,84.5,105.0,94.17,63.21,17.585,400.59,191.4,65.2,66.38,6.536,29.312,18.613,517.6,103.4
2018-04-23,51.16,44.57,14.88,21.59,46.0,14.165,76.08,281.05,111.015,78.888,13.207,136.45,23.555,89.94,59.08,65.353,84.62,106.1,96.16,63.9,17.765,405.516,191.15,64.48,65.92,6.536,29.575,18.584,517.6,103.75
2018-04-24,51.84,44.025,14.81,21.74,45.805,14.15,75.92,281.75,111.211,79.639,13.236,135.9,23.49,90.48,58.82,65.065,83.56,106.15,96.71,64.0,17.655,407.282,192.35,64.36,65.92,6.536,30.038,18.609,517.8,104.35
2018-04-25,51.15,43.425,14.77,20.92,45.745,14.18,73.94,280.65,110.967,78.888,13.116,135.9,23.415,90.52,59.02,65.512,82.5,104.6,94.97,63.5,18.175,426.057,190.3,63.84,66.21,6.536,28.888,18.493,520.2,102.2
2018-04-26,51.91,42.805,15.025,21.25,45.54,14.33,74.48,281.1,110.575,79.527,13.12,136.05,23.455,94.74,59.66,65.95,82.98,106.75,95.5,63.24,18.345,430.333,192.55,63.96,66.87,6.536,28.862,18.893,524.0,103.2
2018-04-27,52.1,43.705,15.035,21.67,45.34,14.435,74.62,284.4,109.89,80.616,13.169,137.9,23.54,95.24,60.74,64.806,82.76,113.85,96.93,63.57,18.135,443.066,196.9,64.24,67.0,6.536,29.0,18.989,534.2,104.25
2018-04-30,52.33,43.495,15.115,21.45,45.455,14.55,75.28,289.3,110.624,81.18,13.13,137.55,23.72,97.46,62.0,65.433,83.1,114.0,97.4,63.98,18.12,445.761,198.85,64.5,67.09,6.536,29.138,18.951,535.8,105.0
2018-05-01,52.33,43.495,15.115,21.45,45.455,14.55,75.28,289.3,110.624,81.18,13.13,137.55,23.72,97.46,62.0,65.433,83.1,114.0,97.4,63.98,18.12,445.761,198.85,64.5,67.09,6.536,29.138,18.951,535.8,105.0
2018-05-02,51.65,43.875,15.14,21.59,45.415,14.555,73.36,292.75,111.407,81.367,13.116,137.4,23.845,97.56,62.04,65.502,84.34,115.05,98.07,64.35,18.945,451.71,195.5,64.26,66.64,6.536,29.538,18.999,542.0,105.25
2018-05-03,51.78,43.68,15.095,21.55,44.9,14.57,73.9,291.25,111.358,81.104,12.884,138.2,22.405,97.82,62.38,64.846,83.98,114.1,98.06,63.4,19.0,450.13,195.9,64.3,66.78,6.536,29.375,19.496,549.4,109.3
2018-05-04,52.27,44.36,15.16,21.78,42.58,14.7,74.8,291.8,111.358,81.63,12.933,137.9,22.555,97.5,62.12,65.144,84.7,114.65,98.69,62.67,19.24,449.386,199.0,65.14,65.08,6.536,29.438,19.631,548.0,108.65
2018-05-07,52.71,44.075,15.08,21.86,42.27,14.7,75.06,290.95,112.141,81.518,12.947,138.1,22.65,98.28,62.0,65.482,85.1,114.65,100.42,62.37,19.915,444.274,198.15,65.62,65.19,6.536,29.15,20.026,551.4,110.1
2018-05-08,51.81,44.225,15.145,21.9,42.18,14.72,75.4,291.65,112.581,81.518,12.909,138.15,22.525,98.2,62.82,65.552,84.76,115.35,100.24,61.96,19.595,451.245,200.0,65.88,65.37,6.536,29.325,19.881,565.4,110.1
2018-05-09,52.78,44.43,15.225,22.0,42.33,14.6,75.22,292.05,112.875,81.292,12.942,137.8,22.34,98.9,62.32,65.9,85.16,115.4,99.16,62.65,19.885,446.691,201.1,66.14,64.72,6.536,29.413,19.833,572.0,111.0
2018-05-10,52.71,44.075,15.145,22.27,42.545,14.6,76.42,292.35,112.532,81.593,12.928,138.7,22.37,99.74,62.36,65.771,85.58,115.65,99.63,62.75,19.955,453.662,201.4,66.66,65.22,6.536,29.688,19.92,580.2,110.95
2018-05-11,53.33,45.245,15.19,22.22,42.73,14.64,75.64,293.6,112.288,81.217,12.971,138.35,22.495,99.42,62.04,63.394,85.54,115.85,99.45,62.77,20.2,458.867,200.3,66.46,64.73,6.536,29.775,19.968,584.0,110.65
2018-05-14,53.7,44.81,15.01,22.02,42.735,14.69,75.26,294.75,112.483,81.067,12.913,139.05,22.565,98.86,61.32,64.05,85.78,115.95,97.08,62.88,20.37,458.6,201.7,66.18,64.78,6.536,29.625,19.023,586.8,110.85
2018-05-15,53.9,44.94,14.53,22.0,42.655,14.77,75.6,298.45,113.462,81.367,13.063,139.1,22.68,99.18,61.3,64.289,85.12,115.55,96.25,63.19,20.41,466.7,202.5,66.16,64.86,6.536,29.8,18.922,585.4,110.65
2018-05-16,53.54,45.095,14.52,22.0,42.02,14.25,76.2,307.0,113.951,82.87,12.995,139.75,22.64,99.92,61.24,64.786,85.4,116.6,96.39,62.27,20.16,477.8,202.7,66.54,64.61,6.536,29.938,18.715,589.8,111.05
2018-05-17,54.5,45.685,14.63,22.32,41.745,14.545,77.18,308.6,115.517,84.11,13.12,139.75,23.04,101.4,62.32,65.761,85.7,115.3,97.98,62.18,20.43,477.6,203.4,66.92,65.2,6.536,30.487,18.975,591.2,110.6
2018-05-18,54.48,45.58,14.39,22.2,41.535,14.615,77.64,309.0,116.055,84.147,12.937,139.0,22.995,101.3,61.6,66.079,86.94,115.3,97.84,61.58,20.04,478.8,204.7,66.7,64.88,6.536,30.188,19.235,595.8,110.0
2018-05-21,54.5,45.645,14.295,22.29,41.4,14.6,78.1,311.7,116.348,84.748,13.034,141.3,22.96,102.35,62.46,65.82,86.92,115.15,100.82,61.63,20.24,486.1,205.8,66.96,65.91,6.536,29.975,19.279,604.2,110.15
2018-05-22,54.12,45.57,14.875,22.45,41.72,14.28,78.04,309.0,115.957,84.748,13.26,140.95,22.95,101.95,61.82,66.009,87.26,114.6,100.66,62.7,20.17,486.3,205.3,67.22,65.63,6.536,29.2,19.351,605.0,109.25
2018-05-23,52.44,44.865,14.945,22.4,41.23,14.28,76.3,303.9,115.566,83.772,13.095,141.7,22.575,100.6,60.72,65.87,85.84,114.4,98.96,61.79,19.865,480.0,206.8,66.48,65.59,6.536,29.2,19.274,605.0,109.0
2018-05-24,51.81,44.78,14.99,22.92,41.03,14.155,76.68,305.05,115.859,83.396,12.785,143.2,22.505,100.5,60.1,65.423,85.7,115.2,98.35,61.24,20.2,487.1,206.2,66.76,66.4,6.536,29.013,19.168,607.8,107.65
2018-05-25,51.06,44.11,14.935,23.41,40.64,13.95,76.42,305.85,117.278,83.696,12.66,145.6,22.445,101.5,60.66,65.423,85.7,116.0,98.21,60.54,20.52,487.5,207.1,66.8,67.19,6.536,29.025,19.197,608.0,109.35
2018-05-28,50.76,43.6,14.875,23.2,40.335,13.81,76.16,303.5,115.223,80.503,12.45,145.85,22.29,101.25,60.72,65.164,85.72,116.1,97.2,59.89,20.53,489.2,208.0,66.6,67.48,6.536,28.875,19.139,610.0,108.95
2018-05-29,51.01,43.115,14.725,22.89,39.18,13.735,74.28,297.8,114.881,79.94,12.04,145.6,21.53,100.4,59.06,65.423,84.06,114.4,97.32,57.22,20.27,487.2,207.1,64.86,66.84,6.536,27.938,18.898,612.4,108.3
2018-05-30,51.9,43.305,14.755,22.92,37.475,13.72,73.68,299.55,114.44,80.278,11.885,144.45,21.35,100.75,60.0,65.741,84.1,113.35,96.73,54.24,20.44,487.7,207.3,64.8,66.74,6.536,28.275,18.787,609.8,107.5
2018-05-31,52.05,42.875,14.725,24.03,36.855,13.535,73.78,297.05,114.391,79.189,11.74,143.7,21.325,102.15,59.54,65.273,83.72,112.65,97.31,53.06,20.36,489.7,205.6,64.54,65.39,6.536,27.675,18.724,608.8,108.9
2018-06-01,52.73,43.53,14.79,24.24,37.53,13.56,75.98,301.9,114.832,81.067,12.055,142.7,21.83,103.7,59.9,66.029,84.98,115.15,99.39,53.89,20.36,491.8,206.8,64.54,65.94,6.536,28.013,18.719,607.6,108.3
2018-06-04,52.64,43.6,15.02,24.34,37.805,13.715,75.6,304.5,115.859,81.067,12.155,143.6,21.975,102.35,60.04,66.039,85.34,113.2,99.56,54.09,20.31,496.5,208.5,64.4,65.18,6.536,28.438,18.898,599.2,107.95
2018-06-05,52.3,43.375,14.62,24.32,37.29,13.58,73.8,309.6,116.006,81.593,11.905,144.0,21.73,101.75,59.06,65.81,84.92,114.8,98.98,53.12,21.16,500.6,209.2,64.22,64.77,6.536,28.987,18.686,593.0,108.7
2018-06-06,52.72,44.1,14.655,24.28,37.205,13.49,73.94,306.25,115.321,82.419,11.91,141.45,21.63,102.05,57.0,65.194,84.96,114.7,100.0,53.69,21.46,499.4,204.0,64.12,63.86,6.536,29.275,18.512,596.2,108.4
2018-06-07,53.38,44.205,14.67,24.16,37.47,13.66,74.2,296.15,115.272,82.269,11.985,140.5,21.8,102.0,56.96,65.711,84.62,113.45,99.65,54.11,21.24,478.7,204.1,63.96,63.71,6.536,29.275,18.531,561.0,108.05
2018-06-08,53.1,42.5,14.675,23.85,37.23,13.5,73.6,300.35,114.734,82.269,11.89,141.1,21.8,102.55,56.74,66.069,84.32,113.2,100.9,53.7,21.04,505.4,206.1,63.84,64.31,6.536,29.112,18.406,563.2,110.35
2018-06-11,52.78,41.53,14.805,23.81,37.82,13.625,74.24,301.15,116.202,83.246,12.08,141.9,21.985,102.85,57.46,66.487,84.46,113.6,100.9,54.68,21.35,507.0,208.0,63.86,64.91,6.536,28.862,18.478,564.0,109.6
2018-06-12,52.32,41.315,14.715,23.8,38.0,13.68,74.12,295.3,117.327,82.72,12.105,144.5,21.9,102.4,57.86,65.83,84.08,115.05,100.48,54.66,21.28,502.8,207.0,64.06,65.43,6.536,28.038,18.551,553.6,109.6
2018-06-13,52.07,41.205,14.525,24.5,37.525,13.565,74.54,295.5,117.131,83.02,12.035,144.85,21.76,102.7,58.16,65.81,84.0,116.25,100.18,54.51,22.22,505.4,209.8,64.08,65.43,6.536,27.5,18.57,557.6,109.45
2018-06-14,52.86,41.505,14.64,24.79,37.46,13.895,75.7,302.55,118.55,84.222,12.05,144.9,21.835,104.15,59.38,66.964,85.8,118.0,104.56,54.84,22.64,514.6,211.1,64.96,64.99,6.536,27.625,18.811,551.4,110.7
2018-06-15,52.35,40.9,14.635,24.94,36.915,13.92,75.1,301.45,118.697,83.133,11.825,147.25,21.6,103.4,59.14,68.307,85.04,117.85,103.6,54.14,22.46,512.0,212.3,64.14,64.91,6.536,28.237,18.859,548.6,110.8
2018-06-18,52.23,40.63,14.495,25.13,36.555,13.25,74.2,296.7,116.838,82.569,11.785,144.4,21.58,101.8,58.62,67.879,83.98,117.4,101.9,53.95,22.14,508.8,208.8,63.78,64.19,6.536,27.75,18.686,548.0,110.95
2018-06-19,51.79,39.785,14.45,24.99,36.485,13.2,72.8,289.55,116.593,81.255,11.775,142.6,21.495,99.54,59.5,67.302,84.5,115.0,100.34,53.75,21.23,493.7,207.7,63.08,63.96,6.536,27.6,18.666,538.0,109.0
2018-06-20,51.25,39.725,14.36,25.07,36.33,13.25,72.2,286.55,117.082,81.142,11.695,141.55,21.445,100.05,60.48,67.939,83.96,114.45,99.88,53.7,21.01,481.4,209.2,63.08,63.77,6.536,27.275,18.69,529.2,108.75
2018-06-21,50.8,38.91,14.255,24.56,35.94,13.15,71.32,285.2,116.348,80.804,11.635,139.85,21.265,98.98,60.32,67.342,82.48,112.7,98.59,53.2,20.5,480.0,207.0,62.74,63.66,6.536,26.9,18.02,526.2,108.5
2018-06-22,52.48,39.26,14.495,24.29,36.22,13.235,71.74,287.4,117.718,81.781,11.76,141.2,21.42,99.7,60.64,68.635,83.22,113.4,100.64,53.92,20.16,486.0,209.6,63.32,64.75,6.536,27.087,17.794,529.0,108.4
2018-06-25,51.67,38.51,14.425,23.93,35.83,13.025,69.7,278.9,115.957,80.165,11.62,139.5,21.16,97.08,59.58,68.844,82.16,112.2,96.86,52.87,19.235,468.7,205.7,62.12,63.34,6.536,26.737,17.533,521.2,106.55
2018-06-26,51.48,38.095,14.325,24.04,35.8,13.095,69.9,281.1,116.397,79.639,11.53,139.15,21.03,97.64,59.02,68.794,82.6,112.8,96.48,52.74,19.6,475.3,207.2,61.86,63.05,6.536,26.65,17.591,520.6,107.5
2018-06-27,52.49,38.87,14.455,24.42,35.92,13.27,71.08,283.45,118.159,80.053,11.5,139.6,20.95,100.05,59.26,68.794,82.56,113.5,99.1,52.85,19.815,485.0,208.4,62.98,63.26,6.536,26.263,17.606,521.6,108.25
2018-06-28,52.17,38.175,14.31,24.08,35.905,13.135,69.82,280.0,117.963,79.564,11.4,139.35,20.825,100.15,58.96,68.098,81.72,113.0,98.12,52.71,18.81,476.6,208.0,61.94,63.02,6.536,26.0,17.625,518.0,108.35
2018-06-29,52.21,38.27,14.345,24.0,36.115,13.13,71.42,285.2,118.306,80.917,11.435,139.9,21.015,104.05,58.94,68.277,82.36,115.2,100.26,53.19,19.11,483.6,211.5,62.9,62.87,6.536,26.075,17.673,523.8,110.35
2018-07-02,52.21,37.81,14.245,23.76,36.045,13.15,70.14,281.45,116.202,80.353,11.38,139.15,20.825,102.3,58.14,68.426,81.42,114.05,97.71,52.94,18.735,472.5,209.1,62.06,63.65,6.536,25.875,17.64,516.6,108.95
2018-07-03,52.73,38.175,14.41,23.95,36.255,13.37,70.68,285.3,116.789,80.691,11.42,138.5,20.885,102.65,58.78,69.63,83.0,114.1,97.76,53.19,18.96,471.9,211.7,62.62,64.1,6.536,25.862,17.953,523.0,109.35
2018-07-04,52.96,37.96,14.73,23.79,36.335,13.4,69.76,284.3,117.376,79.94,11.39,137.6,21.005,102.6,59.02,70.565,83.42,111.65,98.0,53.21,18.43,472.0,211.0,62.56,64.83,6.536,25.712,17.856,520.8,109.15
2018-07-05,53.72,38.235,14.82,24.08,36.805,13.525,69.24,283.25,117.425,81.255,11.535,137.2,21.125,103.0,59.02,72.046,84.5,113.25,97.74,54.14,18.92,471.7,206.7,62.32,65.55,6.536,26.45,18.107,519.4,109.55
2018-07-06,53.31,38.01,14.86,24.17,36.72,13.585,69.54,287.6,118.501,82.081,11.51,137.95,21.13,102.85,59.56,72.106,84.76,113.5,98.5,53.86,19.005,476.5,205.8,62.42,65.76,6.536,26.038,18.531,525.2,109.45
2018-07-09,54.0,38.125,14.895,24.33,36.89,13.51,70.62,290.2,118.746,82.194,11.61,137.85,21.29,102.95,60.64,71.171,85.24,113.95,99.4,53.91,19.16,486.0,206.2,63.38,64.44,6.536,25.725,18.392,526.4,110.5
2018-07-10,54.62,38.0,14.765,24.92,36.59,13.5,70.82,293.2,119.822,83.058,11.56,138.1,21.105,104.0,60.86,71.241,85.8,114.8,103.34,53.41,19.555,493.8,207.9,63.78,64.44,6.536,25.775,18.324,539.0,111.8
2018-07-11,53.16,37.12,14.725,24.95,36.105,13.41,69.18,286.0,119.48,81.856,11.36,136.9,20.77,103.55,59.58,70.763,85.28,114.85,103.14,52.59,19.125,475.0,207.9,62.8,63.63,6.536,25.5,18.339,524.2,113.55
2018-07-12,53.27,36.895,14.715,25.57,36.015,13.515,69.5,289.35,121.094,82.382,11.3,138.35,20.735,106.5,60.26,71.838,86.22,115.9,105.14,52.4,19.4,488.4,211.0,63.28,64.79,6.536,26.025,18.618,532.4,116.0
2018-07-13,53.33,36.9,14.6,25.62,36.17,13.525,69.98,295.95,120.899,82.307,11.425,138.05,20.74,107.4,60.76,71.519,85.66,116.25,107.4,52.38,19.495,492.5,210.8,63.52,65.18,6.536,26.7,18.609,537.0,114.6
2018-07-16,52.79,36.98,14.57,25.75,36.365,13.4,70.12,292.95,120.556,81.856,11.47,137.6,20.75,106.9,60.14,71.271,86.1,117.0,106.94,52.53,19.495,490.2,209.7,63.72,65.2,6.536,26.538,18.555,536.0,114.4
2018-07-17,52.75,36.985,14.2,26.04,36.325,13.395,70.6,295.85,120.507,82.307,11.465,137.7,20.84,107.95,58.76,71.45,86.24,118.25,107.66,52.14,19.665,497.3,210.7,64.12,65.08,6.536,26.788,18.502,541.0,114.35
2018-07-18,52.9,37.465,14.16,26.16,36.485,13.445,71.62,298.8,119.773,83.283,11.445,137.7,20.95,107.8,58.3,72.116,85.5,117.95,107.2,52.07,20.27,503.6,210.1,63.84,65.58,6.536,27.038,18.599,543.0,114.3
2018-07-19,52.88,37.49,14.055,26.1,36.27,13.34,71.22,295.45,119.822,82.419,11.435,137.5,20.93,107.3,53.18,71.718,84.58,116.45,107.08,51.82,20.22,495.5,211.8,62.42,65.82,6.536,27.138,18.589,542.0,113.15
2018-07-20,52.6,37.46,14.095,25.78,36.005,13.375,69.82,296.25,121.339,81.63,11.43,138.7,20.75,107.65,53.76,71.967,84.34,115.85,105.76,51.7,20.27,486.8,211.9,62.14,66.34,6.536,27.038,18.633,544.6,113.45
2018-07-23,52.6,37.0,14.115,25.45,36.195,13.55,69.32,293.05,120.997,81.142,11.5,137.25,20.78,106.85,53.96,72.086,84.1,115.15,105.42,52.12,19.8,483.9,208.5,62.0,65.84,6.536,26.875,18.613,544.6,113.85
2018-07-24,52.87,37.175,14.05,25.56,36.755,13.455,70.18,301.1,120.801,81.893,11.63,137.15,21.065,107.05,53.04,72.434,84.9,115.15,105.98,53.53,20.58,490.9,209.3,62.6,65.55,6.536,27.462,18.242,548.4,112.4
2018-07-25,52.8,36.9,13.98,24.93,36.695,13.505,69.98,306.55,121.29,82.156,11.57,137.9,20.94,107.1,52.48,73.011,84.06,115.75,104.9,53.17,18.81,503.6,208.0,62.64,65.3,6.536,26.888,18.459,555.0,112.8
2018-07-26,54.0,37.16,14.3,25.82,36.845,13.81,68.74,306.0,124.275,83.171,11.635,137.7,21.04,107.7,53.12,73.648,84.54,117.2,109.62,53.84,19.065,502.8,209.5,63.1,65.64,6.536,27.45,18.609,546.8,113.4
2018-07-27,55.0,37.735,14.63,25.93,37.24,14.15,69.28,301.15,123.394,83.772,11.78,137.65,21.225,107.35,54.1,74.165,87.36,113.0,109.2,54.8,19.175,464.0,206.0,63.66,67.59,6.536,27.625,18.893,541.0,112.35
2018-07-30,55.15,37.615,14.6,25.53,37.42,13.8,68.7,298.65,123.198,81.668,11.9,137.0,21.38,107.15,54.18,73.548,86.12,110.5,107.08,55.1,18.67,463.5,207.2,64.08,67.19,6.536,27.75,18.695,540.6,112.15
2018-07-31,55.86,38.075,14.615,25.56,38.11,13.815,68.84,298.85,123.492,82.269,12.015,137.95,21.6,106.05,54.66,73.966,86.0,109.8,106.0,55.67,18.605,456.0,209.5,62.84,67.21,6.536,27.525,18.835,541.6,112.45
2018-08-01,55.48,37.575,14.585,25.5,37.97,13.54,68.5,298.45,123.296,82.457,11.98,138.6,21.685,106.0,54.36,75.189,84.54,107.3,106.6,55.41,18.62,458.6,210.0,63.08,67.28,6.536,27.25,18.218,543.2,112.55
2018-08-02,54.95,37.015,14.485,25.87,37.115,13.44,67.36,294.2,123.003,81.893,11.95,140.45,21.91,105.0,53.66,74.095,83.52,109.05,106.48,54.62,18.765,455.4,210.1,63.2,68.14,6.536,27.388,18.165,543.8,114.2
2018-08-03,54.78,36.94,14.615,25.71,37.335,13.45,68.34,295.3,123.492,81.255,12.225,140.6,22.05,105.5,54.04,73.697,84.44,109.55,107.76,54.42,19.01,459.5,212.1,63.24,68.2,6.536,27.4,18.281,543.8,114.8
2018-08-06,54.95,37.075,14.585,25.72,37.295,13.405,68.2,298.15,123.149,81.18,12.335,139.9,22.055,106.6,54.0,73.319,84.12,108.65,107.82,54.03,19.04,457.7,212.5,63.24,68.03,6.536,27.587,18.165,544.0,114.0
2018-08-07,55.96,37.395,14.685,25.32,37.515,13.49,69.4,303.3,123.247,82.194,12.49,139.7,22.05,107.8,55.0,73.558,84.86,109.75,109.0,54.54,19.055,466.7,213.6,62.84,68.14,6.536,27.575,18.16,546.6,114.0
2018-08-08,55.5,37.275,14.485,25.62,37.5,13.33,69.4,299.4,123.296,81.555,12.44,140.0,22.18,107.0,55.58,73.548,84.62,109.8,107.9,54.4,19.2,464.5,212.4,63.36,68.58,6.536,27.913,18.136,544.0,114.8
2018-08-09,55.26,36.89,14.475,25.85,37.155,13.385,69.28,303.0,122.709,81.405,12.43,140.1,22.265,107.85,55.0,72.762,84.5,109.8,108.66,54.18,18.96,472.9,211.0,63.06,68.22,6.536,27.987,18.059,553.0,115.0
2018-08-10,53.95,36.495,14.23,25.86,36.225,13.08,67.98,295.55,120.752,79.94,12.175,138.75,21.86,106.8,55.04,73.31,83.16,110.05,107.52,52.56,18.03,464.6,205.5,62.52,67.52,6.536,27.775,17.673,546.0,115.2
2018-08-13,54.09,36.185,14.24,26.17,35.855,13.16,67.88,297.5,121.094,80.203,12.03,139.05,21.665,107.4,55.16,73.091,83.12,110.5,108.1,52.01,18.06,466.3,206.5,62.52,67.6,6.536,27.625,17.654,548.6,115.1
2018-08-14,53.55,36.13,14.235,26.71,35.545,13.18,68.24,300.05,121.486,80.278,11.83,139.8,21.53,107.55,54.34,72.454,83.18,110.75,108.0,51.86,17.89,464.2,208.2,62.8,68.05,6.536,27.712,17.625,554.8,115.2
2018-08-15,52.07,35.5,14.135,26.37,35.315,13.025,66.96,291.15,119.627,79.113,11.732,138.1,21.4,106.7,54.78,71.768,81.44,110.25,105.22,51.4,17.055,451.5,203.4,62.18,66.97,6.536,26.95,17.379,541.8,114.85
2018-08-16,52.36,35.695,14.215,26.5,35.47,13.14,67.22,297.8,120.312,79.752,11.838,139.2,21.59,106.85,56.04,72.265,81.22,111.4,107.56,51.4,17.325,453.0,204.6,62.38,67.67,6.536,27.25,17.505,546.8,115.25
2018-08-17,52.4,35.5,14.145,26.43,35.235,13.075,67.86,296.9,120.214,79.527,11.796,138.95,21.525,106.8,56.06,72.902,81.92,111.05,107.72,50.99,16.95,453.1,203.4,62.54,67.69,6.536,27.0,17.432,544.6,115.15
2018-08-20,52.9,35.575,14.19,26.98,35.25,13.13,68.58,299.25,120.997,80.128,11.82,139.45,21.515,107.7,55.66,73.031,82.0,112.8,107.88,51.18,16.95,463.0,205.3,62.82,68.04,6.536,27.075,17.403,549.2,116.35
2018-08-21,53.21,36.375,14.245,26.76,35.705,13.16,68.86,298.85,120.703,80.466,11.91,139.15,21.725,108.25,55.68,73.966,83.0,112.3,107.46,51.78,17.175,461.8,205.8,62.98,68.45,6.536,27.237,17.678,549.6,116.3
2018-08-22,53.73,36.72,14.36,26.91,36.04,13.065,69.36,300.25,121.779,80.879,12.102,138.65,21.785,107.95,55.64,74.413,83.24,110.95,107.32,52.07,17.035,458.7,206.0,63.2,68.3,6.536,26.163,17.495,552.2,117.75
2018-08-23,54.17,36.65,14.325,27.25,35.94,13.115,69.28,299.5,121.779,81.067,12.024,138.35,21.73,109.0,55.7,74.314,83.24,111.15,107.74,52.0,16.985,456.4,207.3,63.22,68.35,6.536,25.575,17.519,554.6,118.15
2018-08-24,54.87,36.62,14.315,27.32,36.08,13.06,69.4,299.35,121.682,80.879,11.976,138.4,21.755,109.9,55.5,74.294,83.1,112.0,107.5,51.97,17.425,457.2,206.6,63.34,68.4,6.536,25.688,17.447,554.0,117.8
2018-08-27,55.42,36.905,14.375,27.87,36.285,13.025,70.9,302.6,121.584,82.044,12.054,138.3,21.935,111.85,55.64,74.215,83.6,112.5,108.0,52.46,17.71,470.9,207.8,64.24,68.84,6.536,25.975,17.538,560.8,117.55
2018-08-28,54.8,36.555,14.29,27.6,35.97,12.975,71.18,308.25,121.633,81.968,12.004,138.45,22.065,112.0,55.62,73.936,83.1,111.65,108.96,51.99,17.665,478.2,208.7,64.66,68.89,6.536,26.087,17.702,568.0,117.65
2018-08-29,54.85,36.245,14.28,27.66,36.0,13.03,71.0,309.5,122.709,82.457,11.98,138.45,22.1,113.2,55.34,74.533,83.6,112.65,110.06,52.0,17.825,481.7,209.1,64.86,69.05,6.536,25.9,17.683,568.6,121.6
2018-08-30,54.65,36.35,14.06,27.91,35.605,12.985,70.7,310.1,122.562,82.645,11.892,135.6,21.93,112.9,55.3,74.175,83.66,111.95,108.98,51.3,17.67,482.4,210.0,65.08,68.5,6.536,26.062,17.615,571.4,122.25
2018-08-31,53.87,37.065,13.99,27.92,35.24,12.63,70.24,302.15,121.437,81.518,11.784,136.0,21.745,112.3,55.28,73.588,82.56,110.5,106.26,50.61,17.705,468.0,206.7,64.82,67.82,6.536,25.487,17.509,560.2,121.35
2018-09-03,54.14,36.51,13.95,27.98,35.37,12.6,70.1,302.3,121.633,81.818,11.884,136.25,22.12,112.45,54.98,74.095,82.12,110.8,107.5,50.66,17.715,462.2,207.0,64.64,67.87,6.536,25.325,17.432,562.4,121.85
2018-09-04,53.63,36.185,13.84,27.18,35.7,12.59,68.88,291.7,121.241,80.053,12.08,136.25,22.03,110.15,53.24,72.753,81.1,109.9,105.16,50.88,17.265,451.9,203.1,64.1,66.62,6.536,25.138,17.389,547.6,118.4
2018-09-05,52.53,36.38,13.64,26.02,36.135,12.345,67.92,281.25,118.452,79.339,12.274,134.7,22.0,109.1,51.62,72.156,79.46,106.25,103.0,51.11,16.49,439.2,199.45,63.28,65.45,6.536,24.885,17.206,530.4,117.3
2018-09-06,52.03,35.86,13.5,25.7,35.9,12.28,67.84,280.65,116.348,78.963,12.268,132.75,21.965,116.05,50.98,71.877,80.4,105.05,104.28,50.99,16.24,430.1,197.25,63.04,65.42,6.536,24.905,17.235,528.8,117.8
2018-09-07,51.99,35.365,13.625,25.69,35.4,12.255,64.5,284.15,116.936,79.452,12.072,133.9,21.79,117.4,51.66,72.574,80.24,105.2,104.84,50.45,16.2,447.2,199.2,62.0,65.19,6.536,25.05,17.095,530.4,118.85
2018-09-10,51.88,35.595,13.68,25.82,35.625,12.495,65.6,284.8,118.012,79.339,12.186,134.3,21.98,115.7,51.9,73.091,80.9,106.0,104.8,50.61,16.2,448.5,200.1,62.0,65.28,6.536,24.995,17.09,534.0,119.25
2018-09-11,52.98,35.795,13.69,25.74,35.56,12.47,67.26,283.95,117.816,79.339,12.154,134.3,21.85,117.5,51.78,72.872,80.96,107.0,106.76,50.63,15.865,440.2,202.1,62.34,64.83,6.536,24.83,17.283,533.8,120.3
2018-09-12,53.88,36.01,13.69,26.01,35.165,12.45,68.4,290.75,118.991,79.452,12.092,134.8,21.925,117.8,51.64,74.205,80.76,108.25,106.7,50.6,15.255,455.3,203.5,62.7,64.83,6.536,24.75,17.167,554.8,120.3
2018-09-13,53.53,36.05,13.605,25.81,35.515,12.4,67.7,290.2,118.306,79.527,12.29,134.2,22.04,117.85,50.26,75.269,80.5,107.45,105.64,51.29,15.59,446.6,203.4,62.48,65.29,6.536,25.65,17.186,542.8,121.55
2018-09-14,53.86,36.125,13.64,26.25,35.81,12.4,68.56,292.35,118.159,80.053,12.358,134.8,22.145,118.05,51.18,75.219,80.72,108.2,106.2,51.54,15.905,447.2,201.9,63.34,65.4,6.536,25.775,16.974,541.6,122.0
2018-09-17,53.71,36.45,13.57,26.11,36.305,12.445,69.12,288.15,118.746,80.316,12.488,134.4,22.23,117.8,51.42,74.692,80.58,107.5,106.3,51.83,15.58,441.0,201.5,63.8,64.79,6.536,25.975,17.018,543.6,122.55
2018-09-18,53.98,36.765,13.67,26.4,36.36,12.43,68.68,288.1,119.676,80.165,12.504,134.35,22.405,117.65,51.16,74.493,81.8,109.65,104.94,51.89,15.645,441.3,200.8,63.76,64.88,6.536,25.925,16.854,550.2,122.55
2018-09-19,54.05,37.125,13.585,25.98,37.16,12.17,69.18,290.25,119.578,81.104,12.69,133.55,22.795,119.55,51.1,74.712,80.82,108.6,106.36,52.96,15.695,443.0,199.85,63.48,64.32,6.536,26.163,16.608,543.0,122.55
2018-09-20,54.74,38.26,13.635,25.28,37.865,12.405,69.94,296.0,119.431,81.668,12.924,134.3,23.015,121.0,50.78,74.264,81.86,108.3,106.46,54.31,16.23,449.3,202.4,63.58,65.99,6.536,26.675,16.719,550.4,122.0
2018-09-21,54.9,38.55,13.765,25.5,37.85,12.62,70.44,305.85,120.361,82.87,12.986,136.5,23.345,120.15,51.56,74.095,83.0,110.25,106.8,54.53,16.255,454.7,206.1,64.0,66.75,6.536,26.85,16.878,560.0,121.7
2018-09-24,55.53,37.81,13.7,25.54,37.85,12.46,69.68,305.7,120.312,82.757,12.798,136.1,23.315,119.5,51.52,73.459,81.56,110.15,105.98,54.58,16.165,456.5,203.7,63.78,65.78,6.536,26.413,16.762,560.2,119.6
2018-09-25,55.59,37.295,13.685,25.77,38.07,12.25,69.46,303.9,121.584,82.569,12.886,137.0,23.475,120.5,51.22,74.205,82.16,111.1,105.08,54.68,16.44,460.4,203.8,63.4,66.25,6.536,25.975,16.502,559.0,119.55
2018-09-26,55.43,37.3,13.76,25.76,38.16,12.405,69.62,305.95,123.785,84.448,12.946,138.45,23.695,120.95,51.16,75.08,82.2,111.6,108.48,54.63,16.185,458.9,205.5,63.12,66.92,6.536,25.812,16.593,560.2,121.75
2018-09-27,56.02,37.105,13.875,25.69,38.04,12.56,70.16,307.65,126.232,85.274,12.948,140.85,23.585,121.5,51.84,76.492,82.4,109.9,108.9,54.47,15.895,464.0,208.0,63.36,67.13,6.536,25.775,16.719,565.8,122.6
2018-09-28,55.84,37.145,13.735,25.75,36.97,12.665,69.3,304.6,124.715,85.124,12.386,141.3,23.15,120.7,51.48,76.144,82.02,108.4,108.18,52.71,15.67,461.7,207.7,62.78,66.7,6.536,25.737,16.574,570.6,122.35
2018-10-01,56.37,36.475,13.62,25.89,36.595,12.635,68.98,306.9,125.987,85.387,12.138,141.3,23.06,120.4,52.34,77.119,82.0,111.95,107.4,51.99,16.02,468.4,208.3,63.0,68.11,6.536,25.888,16.627,571.0,122.4
2018-10-02,56.2,36.265,13.61,25.88,36.54,12.77,67.7,300.35,125.253,85.8,12.214,140.25,23.12,118.5,52.26,76.512,81.24,111.5,105.68,51.98,16.31,459.9,207.5,62.32,67.63,6.536,25.55,16.82,564.2,120.5
2018-10-03,56.3,36.57,13.75,25.77,36.755,12.795,67.98,302.75,124.128,86.514,12.398,141.8,23.235,119.0,52.16,76.92,81.5,112.5,107.06,52.14,16.395,462.6,208.0,62.52,67.72,6.536,26.175,16.666,557.4,120.8
2018-10-04,56.07,36.095,13.73,25.53,37.0,12.705,67.5,287.95,121.877,84.974,12.67,138.05,23.675,116.05,52.52,75.935,80.96,113.35,105.26,52.3,15.98,437.8,200.6,62.08,66.25,6.536,25.65,16.502,540.0,118.05
2018-10-05,55.13,35.42,13.655,24.6,36.81,12.675,66.18,286.2,120.458,83.997,12.602,137.75,23.71,116.3,53.14,75.617,80.84,111.7,104.0,51.85,15.195,429.1,201.4,60.8,65.48,6.536,25.95,16.55,535.0,117.55
2018-10-08,54.05,35.195,13.605,23.89,36.295,12.655,65.44,281.85,119.578,83.884,12.376,135.95,23.51,114.0,52.46,75.12,80.2,109.3,103.62,51.15,14.97,420.2,199.2,60.26,65.45,6.536,25.837,16.434,529.0,117.7
2018-10-09,54.83,34.42,13.595,23.96,36.25,12.81,65.44,285.7,119.676,84.523,12.47,137.8,23.51,111.95,52.82,75.179,79.54,110.9,102.5,51.23,15.0,421.9,199.6,59.84,65.64,6.536,25.888,16.767,532.4,116.85
2018-10-10,55.1,34.015,13.845,22.8,36.65,12.175,62.7,265.3,115.419,81.818,12.508,132.2,23.445,109.35,51.04,76.224,78.9,104.55,98.99,51.47,14.13,381.3,191.3,58.46,65.33,6.536,24.815,16.651,505.4,111.85
2018-10-11,53.21,33.305,13.7,22.64,36.07,11.86,61.82,261.95,112.777,80.053,12.244,130.1,22.62,106.5,51.16,75.01,77.56,101.95,97.33,50.19,14.405,372.3,187.6,57.74,63.93,6.536,24.735,16.106,498.4,110.15
2018-10-12,52.93,33.35,13.465,22.79,35.66,11.68,61.88,262.5,112.581,78.963,12.156,130.7,22.47,108.8,51.6,73.379,77.04,103.4,100.26,49.915,14.375,379.7,184.0,57.26,63.87,6.536,24.555,15.996,492.0,109.8
2018-10-15,53.55,33.295,13.635,22.35,35.34,11.75,62.34,260.45,111.994,79.113,12.112,129.35,22.58,107.5,51.82,74.881,77.14,103.5,97.81,49.5,14.405,370.9,184.0,57.38,64.38,6.536,24.63,16.02,487.5,108.0
2018-10-16,53.82,33.86,13.7,23.25,35.41,11.83,63.04,264.25,114.147,80.691,12.132,130.65,22.515,111.95,53.26,75.995,78.72,106.05,101.72,49.72,14.81,381.9,186.3,58.84,65.04,6.536,25.237,16.333,499.2,112.35
2018-10-17,53.46,33.555,13.795,23.25,35.145,11.75,62.96,264.15,113.168,80.165,12.16,129.9,22.515,109.95,52.24,76.79,78.44,105.95,100.86,49.6,14.93,378.3,187.75,58.88,62.22,6.536,24.57,16.28,499.3,114.7
2018-10-18,52.8,32.36,13.95,23.13,34.895,11.68,61.78,260.9,113.413,79.827,12.116,130.8,22.56,108.75,54.2,77.377,78.04,106.3,99.31,49.225,14.17,365.9,186.7,57.48,62.82,6.536,24.725,16.179,492.9,116.45
2018-10-19,52.83,32.115,14.05,23.14,34.45,11.735,60.04,263.25,114.685,79.414,11.892,132.2,22.37,107.5,54.2,77.377,77.64,103.9,97.95,48.725,13.94,360.2,191.3,56.48,63.8,6.536,21.935,16.251,490.8,116.25
2018-10-22,52.08,32.145,13.885,23.0,34.09,11.695,59.86,263.25,113.755,79.79,11.76,132.65,22.485,108.15,53.98,76.88,76.72,102.75,96.31,48.305,13.99,367.0,191.0,56.38,63.14,6.536,22.11,16.333,491.1,115.35
2018-10-23,51.06,31.76,13.705,21.72,33.6,11.62,59.2,258.05,116.936,78.85,11.546,129.5,22.15,105.2,53.86,76.602,74.46,96.74,94.14,47.56,13.52,353.1,189.75,55.44,62.87,6.536,21.81,16.266,485.6,112.95
2018-10-24,50.64,31.025,13.805,22.07,32.705,11.585,57.74,259.65,118.159,79.113,11.3,130.4,21.96,109.4,53.72,75.706,77.22,97.04,95.31,46.46,12.165,370.0,189.8,55.58,63.11,6.536,21.375,16.102,489.8,115.7
2018-10-25,51.41,31.55,13.85,22.66,32.885,11.645,62.06,265.45,118.159,80.917,11.362,132.6,22.075,110.95,51.04,75.239,78.34,103.45,97.94,47.155,12.1,381.1,192.5,57.1,63.34,6.536,21.785,16.536,503.2,118.4
2018-10-26,50.63,32.01,13.685,21.9,32.37,11.475,61.42,262.45,117.865,80.128,11.172,133.4,21.805,109.7,50.22,74.055,77.44,102.7,96.15,46.88,12.22,377.4,189.1,56.64,62.6,6.536,21.865,16.439,499.9,114.9
2018-10-29,50.98,32.915,13.71,21.23,32.63,11.47,62.18,261.95,117.474,79.376,11.32,131.4,21.98,107.85,50.64,74.026,77.88,104.75,95.83,47.475,12.85,381.4,188.1,56.92,61.74,6.536,22.9,16.444,498.0,111.05
2018-10-30,50.74,32.83,13.7,21.22,32.11,11.44,62.5,259.95,117.082,79.076,11.138,132.7,21.97,108.65,51.0,75.159,78.54,106.6,93.9,46.145,12.875,376.1,186.4,56.92,62.28,6.536,22.775,17.143,499.5,109.5
2018-10-31,51.96,33.24,13.82,22.17,32.48,11.775,63.96,268.8,118.159,80.391,11.328,134.8,22.14,114.05,51.24,78.412,78.88,108.0,97.71,46.13,13.42,393.6,198.9,57.74,62.58,6.536,22.685,16.989,505.0,113.0
2018-11-01,50.64,33.355,14.045,21.89,32.68,11.97,63.86,269.8,119.382,79.602,11.468,136.2,22.18,113.1,51.78,78.581,78.68,108.1,96.5,46.255,13.83,399.0,199.8,57.52,62.78,6.536,22.645,16.979,504.0,113.0
2018-11-02,50.25,32.905,13.955,21.81,33.13,11.91,64.84,279.05,117.963,79.452,11.588,136.95,22.235,112.8,52.26,77.328,77.94,110.95,95.61,46.605,13.785,421.0,201.1,57.12,62.94,6.536,22.92,16.936,507.4,114.3
2018-11-05,51.4,32.47,14.16,21.4,33.215,12.055,64.04,277.7,118.208,80.053,11.556,137.95,22.06,111.1,51.98,78.213,78.34,106.4,95.38,46.47,13.28,410.0,201.7,56.98,63.33,6.536,22.4,17.225,502.0,112.8
2018-11-06,50.88,32.25,14.09,21.43,33.065,12.02,63.9,273.0,117.425,79.151,11.508,138.3,22.005,110.5,52.94,77.178,77.44,106.2,95.85,46.43,13.425,409.9,202.6,57.1,62.92,6.536,22.425,17.307,502.8,114.7
2018-11-07,51.73,32.65,14.495,22.15,33.16,12.445,64.82,276.25,118.257,80.466,11.412,140.85,22.235,113.4,52.86,78.253,79.32,109.0,96.09,46.745,13.26,411.5,203.7,58.02,63.02,6.536,22.75,17.794,501.0,114.35
2018-11-08,51.43,32.31,14.63,22.21,33.87,12.275,64.6,271.0,117.474,80.503,11.498,141.2,22.32,114.35,52.34,78.879,78.56,110.0,95.65,46.8,13.1,407.4,204.2,55.6,63.35,6.536,22.75,17.832,496.4,114.2
2018-11-09,50.49,31.89,14.63,22.36,33.69,12.575,63.88,266.0,117.621,80.128,11.358,142.4,22.305,112.45,52.34,79.764,78.84,109.6,94.68,46.365,12.995,393.2,205.6,55.18,65.61,6.536,22.415,18.213,495.2,113.6
2018-11-12,50.22,31.1,14.51,21.77,33.205,12.545,62.78,263.45,116.104,80.278,11.152,143.05,22.055,111.6,52.62,79.158,78.02,106.7,94.39,45.595,12.125,388.7,205.3,53.78,65.98,6.536,21.845,17.909,489.2,113.6
2018-11-13,49.51,31.585,14.63,21.8,33.66,12.545,63.76,269.7,116.691,80.541,11.274,145.0,22.225,112.9,52.48,79.774,78.2,107.15,96.42,46.225,12.535,400.8,208.9,54.64,66.53,6.536,22.165,17.977,501.6,114.75
2018-11-14,49.66,31.705,14.705,21.38,33.475,12.5,63.54,268.1,117.082,79.527,11.144,139.2,22.02,111.2,52.28,79.048,78.22,105.65,95.53,46.045,12.445,397.6,207.4,53.0,65.26,6.536,22.56,17.914,497.5,112.65
2018-11-15,50.11,31.6,14.625,21.5,33.235,12.16,64.36,265.4,115.125,80.015,10.99,138.95,21.82,109.25,52.2,77.805,77.38,103.5,93.86,45.495,12.34,392.9,207.4,52.88,65.2,6.536,22.425,17.731,490.0,111.55
2018-11-16,49.995,31.445,14.66,21.78,33.095,12.2,63.96,264.25,115.125,79.226,10.908,140.4,21.605,108.7,52.98,78.8,77.1,102.8,92.89,45.195,12.195,389.6,207.6,53.14,65.1,6.536,22.265,17.832,491.0,111.65
2018-11-19,49.55,31.255,14.67,21.07,33.03,12.195,63.4,259.25,112.532,78.85,10.882,139.85,21.685,107.95,52.82,78.123,76.8,102.15,92.57,45.285,12.21,382.6,205.4,53.04,64.71,6.536,22.235,17.808,482.8,110.05
2018-11-20,48.865,30.93,14.535,20.64,32.325,12.16,62.88,253.85,108.912,77.273,10.632,140.05,21.155,106.9,52.42,78.511,76.38,99.92,91.07,44.305,11.975,374.2,204.8,53.14,64.98,6.536,22.25,17.881,482.6,108.65
2018-11-21,49.41,31.155,14.675,20.61,32.745,12.32,63.48,260.65,107.395,77.874,10.778,140.5,21.15,107.55,52.5,78.064,77.02,99.76,93.17,44.79,12.545,383.0,206.4,53.58,65.42,6.536,22.785,18.112,491.1,110.25
2018-11-22,49.06,31.145,14.645,20.35,32.47,12.145,62.24,258.5,106.759,77.122,10.67,140.05,20.86,106.45,51.7,77.865,76.62,99.84,92.33,44.285,12.375,388.0,205.1,53.2,65.28,6.536,22.745,17.75,491.9,109.05
2018-11-23,47.585,31.77,14.635,20.28,32.54,12.09,62.46,258.45,107.199,77.573,10.722,141.0,20.91,108.85,51.8,79.048,76.86,101.05,93.41,44.36,12.43,390.3,206.4,53.28,65.87,6.536,22.94,17.943,493.6,108.2
2018-11-26,48.3,33.06,14.89,20.56,33.24,12.44,63.62,256.6,107.933,79.226,11.12,140.5,21.215,108.2,52.46,78.471,78.54,103.5,93.58,45.34,12.775,389.6,205.0,53.72,65.82,6.536,23.67,18.097,485.4,109.55
2018-11-27,48.03,33.195,15.0,20.52,33.01,12.67,63.0,254.2,106.318,78.4,11.086,141.75,21.265,108.25,52.98,78.113,78.16,102.55,93.7,45.085,12.745,387.4,208.0,53.7,66.41,6.536,22.75,18.281,476.6,108.3
2018-11-28,48.245,32.935,14.955,21.22,32.91,12.565,63.42,256.55,105.487,77.986,10.998,140.5,21.42,106.15,53.0,78.849,77.96,103.8,93.5,44.755,12.675,387.9,207.4,53.98,65.42,6.536,22.805,18.314,484.7,107.55
2018-11-29,48.44,32.88,15.02,21.48,32.83,12.49,64.34,256.5,109.254,78.249,11.052,140.35,21.535,111.5,52.7,78.441,77.58,102.85,94.86,44.775,12.97,388.7,208.4,54.04,65.54,6.536,22.985,18.069,485.1,107.25
2018-11-30,49.165,32.735,15.16,21.2,32.46,12.42,64.28,252.55,109.743,80.203,10.968,141.2,21.515,110.35,52.36,79.376,77.1,103.05,94.62,44.375,12.93,384.0,207.9,54.1,66.06,6.536,23.105,18.102,477.7,108.3
2018-12-03,49.815,32.32,14.975,22.33,32.85,12.55,65.44,265.25,111.064,80.391,11.084,141.0,21.58,112.15,52.34,77.795,75.4,106.05,95.7,44.845,13.71,413.5,212.2,53.06,65.42,6.536,23.14,18.117,493.7,109.7
2018-12-04,49.495,32.005,14.73,21.48,32.165,12.35,64.4,261.85,110.428,80.541,10.838,142.3,21.24,111.75,50.8,78.66,76.66,104.35,94.27,43.86,13.325,405.4,212.5,52.2,65.53,6.536,22.735,18.088,495.8,106.7
2018-12-05,48.805,31.05,14.79,21.21,31.775,12.365,63.52,259.5,109.694,79.715,10.73,142.0,20.65,109.1,49.26,77.646,74.66,103.25,92.31,43.42,12.88,403.2,209.2,52.0,64.59,6.536,22.59,17.876,487.5,106.0
2018-12-06,47.385,29.805,14.535,20.94,30.555,12.08,60.72,247.9,107.884,78.212,10.212,137.95,19.972,106.0,48.64,75.209,70.98,96.62,88.64,41.785,12.11,390.9,202.9,50.56,63.43,6.536,21.725,17.365,478.1,103.85
2018-12-07,48.165,29.94,14.66,20.95,30.455,12.125,61.36,249.5,107.542,79.226,10.192,138.0,19.72,105.65,48.45,76.134,72.68,96.48,89.07,41.595,11.965,395.3,206.0,50.48,63.8,6.536,21.55,17.36,482.1,104.1
2018-12-10,47.34,29.55,14.495,20.69,29.525,11.99,61.06,243.25,106.955,79.151,9.89,137.45,19.36,102.55,48.26,76.492,71.66,94.0,87.49,40.4,11.645,389.3,206.5,49.75,62.97,6.536,21.29,16.965,472.3,102.1
2018-12-11,47.765,30.325,14.595,21.72,29.59,12.26,61.74,249.25,107.248,79.715,9.886,140.5,19.192,105.3,48.89,77.666,73.7,96.8,88.6,40.68,11.995,399.4,207.7,50.22,62.81,6.536,21.59,17.398,479.0,104.65
2018-12-12,48.47,30.605,14.775,22.22,30.41,12.65,63.18,254.35,108.667,80.616,10.232,148.8,19.354,108.65,49.7,79.356,74.78,98.46,91.48,41.905,12.24,409.7,209.5,51.08,64.13,6.536,22.27,17.741,481.3,107.9
2018-12-13,48.94,30.325,14.595,21.92,30.485,12.775,62.84,255.85,108.373,80.691,10.242,148.2,19.316,108.6,49.66,78.173,74.5,95.78,89.97,42.19,12.235,411.4,207.0,49.92,64.32,6.536,22.13,17.934,490.5,105.65
2018-12-14,49.1,29.595,14.54,21.02,29.85,12.905,61.0,251.95,107.688,80.541,10.136,148.4,19.198,108.2,49.98,77.815,73.52,94.22,88.67,41.595,12.23,404.4,204.3,49.69,64.08,6.536,21.775,17.852,485.8,103.95
2018-12-17,48.615,29.0,14.435,20.54,29.025,12.865,60.36,250.1,107.15,79.902,9.911,146.65,19.02,107.6,50.1,76.999,72.36,92.02,87.65,40.58,12.095,403.1,203.3,49.33,63.23,6.536,21.465,17.895,476.8,102.8
2018-12-18,46.755,28.785,14.225,20.36,28.805,12.67,60.48,252.0,106.661,79.076,9.85,144.85,18.97,107.2,49.47,75.796,71.34,90.04,88.65,40.555,12.11,402.5,202.5,49.21,62.69,6.536,21.535,17.543,474.1,103.5
2018-12-19,46.83,28.885,14.355,20.86,28.9,12.795,60.22,252.4,107.542,80.879,9.872,145.6,18.952,106.35,50.58,76.393,71.6,91.18,87.2,40.88,12.03,407.7,203.1,48.94,62.82,6.536,21.635,17.731,477.3,102.8
2018-12-20,45.895,28.485,14.265,20.16,27.93,12.465,59.1,250.1,107.591,80.24,9.477,144.0,18.688,104.1,49.71,75.736,71.42,87.3,83.33,39.4,11.68,399.9,201.6,48.7,62.26,6.536,21.205,17.615,473.3,102.1
2018-12-21,46.045,28.6,14.175,20.03,28.09,12.51,58.06,253.45,107.982,80.841,9.435,142.3,18.796,102.65,49.96,75.269,71.42,86.0,83.1,39.5,12.03,396.1,200.7,48.53,62.23,6.536,21.125,17.447,475.4,101.0
2018-12-24,45.23,28.38,14.105,19.94,27.61,12.28,57.98,245.15,107.297,80.24,9.288,141.65,18.768,101.6,48.64,73.837,70.5,84.18,81.63,38.79,11.85,387.0,197.65,48.43,61.62,6.536,21.345,17.345,463.5,99.14
2018-12-25,45.23,28.38,14.105,19.94,27.61,12.28,57.98,245.15,107.297,80.24,9.288,141.65,18.768,101.6,48.64,73.837,70.5,84.18,81.63,38.79,11.85,387.0,197.65,48.43,61.62,6.536,21.345,17.345,463.5,99.14
2018-12-26,45.23,28.38,14.105,19.94,27.61,12.28,57.98,245.15,107.297,80.24,9.288,141.65,18.768,101.6,48.64,73.837,70.5,84.18,81.63,38.79,11.85,387.0,197.65,48.43,61.62,6.536,21.345,17.345,463.5,99.14
2018-12-27,45.35,28.155,13.95,20.12,27.215,12.02,58.22,247.15,106.465,78.775,9.173,139.85,18.54,100.7,48.08,73.359,70.64,84.7,82.1,38.545,11.87,385.5,195.6,48.09,60.28,6.536,20.805,16.868,469.3,99.22
2018-12-28,46.085,29.0,14.08,20.37,27.795,12.275,59.32,252.75,107.395,79.827,9.406,141.4,18.78,103.1,49.25,74.811,71.96,85.92,83.76,39.375,12.235,397.5,198.1,49.28,60.67,6.536,21.155,17.133,476.8,100.8
2018-12-31,46.18,29.165,14.155,20.74,27.82,12.525,59.72,258.2,108.08,81.48,9.43,143.3,18.858,105.4,50.08,75.249,72.02,86.8,83.96,39.475,12.485,411.6,201.2,49.3,61.51,6.536,21.675,17.312,484.8,102.0
2019-01-02,46.655,28.78,14.095,20.57,27.425,12.54,59.22,253.3,108.324,79.715,9.313,141.2,18.806,103.45,49.54,74.99,71.44,84.26,84.17,39.085,12.145,402.8,199.6,48.94,61.04,6.536,21.395,17.162,477.6,101.7
2019-01-03,46.255,28.53,14.18,19.256,27.44,12.54,57.58,243.65,107.297,78.249,9.283,138.95,18.65,101.1,48.7,74.254,71.2,79.8,81.21,38.855,10.735,380.7,197.2,48.07,61.09,6.536,21.05,17.042,464.0,99.22
2019-01-04,47.41,29.37,14.28,20.01,28.37,12.715,59.72,251.15,108.422,80.428,9.764,141.1,19.236,105.2,49.67,74.931,72.58,82.66,85.12,40.74,10.905,397.4,200.0,49.35,61.98,6.536,21.84,17.235,477.8,102.2
2019-01-07,47.3,29.14,14.2,20.4,28.415,13.02,59.46,250.7,108.227,79.977,9.748,138.65,19.15,103.45,50.9,73.439,72.22,84.3,83.56,40.68,11.35,396.4,197.45,49.49,60.84,6.536,21.735,17.133,472.2,100.0
2019-01-08,47.2,29.675,13.78,20.7,28.615,13.16,59.92,258.55,108.814,80.09,9.811,138.7,19.222,106.45,51.62,74.016,73.14,87.48,86.65,40.885,11.37,410.5,198.65,50.2,61.32,6.536,21.985,17.321,479.9,101.5
2019-01-09,47.83,29.84,13.73,21.23,28.505,13.235,60.16,261.55,109.303,79.001,9.799,138.25,19.346,107.95,53.02,73.727,72.9,90.8,89.68,40.775,12.01,420.1,197.05,51.18,61.56,6.536,22.545,17.452,491.2,103.4
2019-01-10,47.6,29.6,13.57,21.49,28.78,13.465,59.92,259.15,109.694,78.137,9.882,138.5,19.508,105.6,52.78,73.777,73.08,90.9,89.61,41.215,12.17,405.4,198.15,51.14,61.76,6.536,22.305,17.596,489.9,103.6
2019-01-11,46.785,28.89,13.77,21.39,28.855,13.325,58.9,258.3,109.841,77.573,9.886,138.45,19.556,105.55,52.9,73.727,72.98,90.1,88.38,41.37,12.285,405.9,197.95,51.02,62.08,6.536,21.695,17.085,496.4,102.55
2019-01-14,47.05,28.77,13.555,21.21,29.03,13.36,58.56,251.7,109.645,76.935,9.958,136.55,19.678,105.8,52.58,72.504,73.04,87.7,89.91,41.62,12.155,397.7,195.9,50.26,61.73,6.536,22.235,17.08,488.7,101.1
2019-01-15,46.985,28.81,13.46,21.4,29.005,13.605,58.2,250.8,109.548,77.799,9.956,138.3,19.738,108.0,52.42,73.787,73.46,91.0,92.31,41.695,12.31,394.3,196.9,50.22,62.26,6.536,22.145,17.167,494.0,100.75
2019-01-16,47.05,29.0,13.4,21.53,30.21,13.5,58.54,248.95,109.548,78.099,10.346,137.2,20.05,108.35,52.56,73.906,73.82,93.66,92.54,43.08,12.55,397.0,195.25,50.58,61.47,6.536,22.18,17.341,488.9,99.1
2019-01-17,46.915,29.295,13.445,21.72,28.5,13.6,58.48,246.55,109.694,78.099,10.154,138.25,20.1,108.2,52.38,73.31,74.38,93.86,91.76,41.42,12.32,397.5,196.75,50.3,61.9,6.536,22.36,17.345,495.7,98.62
2019-01-18,47.785,29.91,13.57,22.34,28.605,13.835,60.26,253.4,109.645,79.301,10.324,139.6,20.56,110.05,53.04,72.524,75.42,96.38,93.66,42.47,12.86,410.0,199.8,51.08,62.35,6.536,23.25,17.678,500.4,99.82
2019-01-21,47.385,29.73,13.45,22.32,28.275,13.73,60.38,257.25,109.89,79.001,10.228,138.7,20.485,110.1,52.88,72.693,74.74,95.64,94.5,42.3,12.92,412.9,198.85,51.12,62.94,6.536,23.3,17.519,501.4,100.95
2019-01-22,47.01,30.12,13.36,22.04,27.82,13.695,60.16,257.1,109.694,78.813,10.07,140.0,20.395,109.2,53.24,72.762,74.64,96.0,94.75,41.515,12.48,410.0,198.7,51.1,62.81,6.536,23.25,17.437,498.8,100.95
2019-01-23,46.605,29.71,13.38,22.1,27.565,13.805,59.18,257.35,109.352,78.926,10.108,142.0,20.27,109.75,53.14,72.593,74.84,95.52,93.81,41.575,12.5,412.7,200.5,50.58,62.68,6.536,23.285,17.452,499.8,98.12
2019-01-24,47.01,30.19,13.365,22.13,27.72,13.755,60.18,257.85,109.45,79.113,10.132,142.2,20.38,109.25,53.78,72.574,75.6,97.2,95.92,41.38,13.765,414.7,199.5,51.18,62.8,6.536,23.61,17.524,500.6,96.0
2019-01-25,47.45,30.96,13.48,22.31,28.62,13.925,61.18,261.1,108.765,79.038,10.378,141.5,20.41,110.5,54.36,72.882,76.84,97.36,96.51,42.99,14.37,421.2,200.6,52.26,62.45,6.536,23.825,17.418,504.4,96.08
2019-01-28,46.685,30.89,13.485,21.73,28.145,13.875,60.82,258.65,108.129,78.475,10.14,141.0,20.3,110.95,54.04,72.922,76.4,95.54,95.42,42.455,14.07,418.3,201.2,51.64,61.96,6.536,23.535,17.365,504.0,96.42
2019-01-29,47.24,30.615,13.49,21.93,28.135,14.045,61.56,259.75,108.031,79.113,10.118,142.85,20.36,113.75,53.6,74.205,76.88,96.36,96.05,42.38,13.835,418.4,205.9,52.08,62.52,6.536,23.535,17.582,503.0,95.9
2019-01-30,47.02,30.525,13.51,21.99,28.19,13.895,61.84,277.6,107.933,79.677,10.162,142.9,20.33,114.1,53.5,74.254,76.98,97.22,99.0,42.32,13.885,432.3,208.2,52.22,63.15,6.536,23.92,17.505,518.4,97.78
2019-01-31,47.98,30.12,13.57,21.91,27.14,13.985,62.08,279.75,108.276,79.602,9.959,145.0,20.245,114.5,53.3,75.408,76.88,96.48,100.22,40.965,13.865,437.5,210.1,51.76,63.5,6.536,23.71,17.76,524.4,96.66
2019-02-01,48.21,30.18,13.595,21.94,26.485,14.09,62.86,284.65,109.205,80.015,9.911,146.35,20.355,114.9,54.3,74.99,77.24,95.38,101.12,40.885,13.905,446.2,211.8,52.36,64.09,6.536,23.725,17.967,525.0,98.78
2019-02-04,48.09,29.795,13.465,22.4,25.75,13.935,62.54,282.6,108.373,79.752,9.713,145.5,20.39,115.25,54.1,75.647,76.76,96.06,101.4,40.11,13.95,442.1,211.8,52.08,64.26,6.536,23.495,17.654,520.0,99.42
2019-02-05,48.9,31.68,13.63,23.34,26.06,14.1,63.58,291.15,109.254,80.391,9.96,148.8,20.515,116.45,55.3,76.423,78.02,97.14,102.0,41.135,13.825,451.2,219.9,53.58,64.89,6.536,23.7,17.991,534.0,102.05
2019-02-06,48.78,31.925,13.565,25.7,26.5,13.965,64.14,288.1,108.618,79.527,10.17,147.65,20.57,114.7,55.0,75.627,77.52,98.66,102.08,41.865,14.49,444.7,217.2,53.22,64.8,6.536,23.95,17.741,529.6,102.2
2019-02-07,48.045,31.38,13.43,25.62,24.705,13.81,62.74,283.4,106.563,78.963,9.862,149.45,20.285,113.15,46.84,74.423,76.84,95.56,99.83,40.79,13.845,440.4,216.1,52.64,64.39,6.536,22.985,18.146,520.4,99.66
2019-02-08,48.43,30.88,13.27,25.39,24.02,13.74,62.1,283.55,104.117,78.437,9.551,150.55,20.11,112.25,47.28,74.851,76.2,94.86,99.94,39.85,13.535,440.9,218.8,51.7,64.41,6.536,22.42,17.9,528.0,100.15
2019-02-11,48.72,30.995,13.305,25.57,24.15,13.905,62.94,288.3,106.025,78.926,9.636,149.8,20.27,113.55,48.78,74.931,76.84,97.38,102.0,40.505,13.905,451.0,221.2,52.26,64.8,6.536,22.69,18.141,533.8,100.6
2019-02-12,48.795,30.865,13.215,25.18,24.51,13.925,63.2,294.8,105.927,79.639,9.802,147.9,20.355,113.6,48.13,75.12,78.12,96.46,102.78,40.995,14.65,465.8,224.5,53.48,64.8,6.536,25.65,18.175,541.0,100.25
2019-02-13,48.91,31.095,13.24,25.53,24.28,13.95,63.78,294.65,107.15,79.977,9.885,147.95,20.505,114.85,47.91,73.479,78.84,99.2,104.38,41.39,14.64,480.0,222.8,52.38,65.13,6.536,25.737,18.228,546.0,101.4
2019-02-14,48.985,31.595,13.195,25.36,23.785,14.04,66.14,290.85,103.823,79.639,9.8,149.0,20.37,114.2,47.81,72.991,79.1,102.35,107.18,40.415,14.59,468.2,220.5,56.12,65.26,6.536,25.225,18.175,541.4,104.2
2019-02-15,49.695,32.67,13.425,25.67,24.545,14.12,68.16,294.2,103.53,80.278,10.196,150.55,20.745,115.15,47.67,74.831,80.52,102.55,110.98,42.11,14.695,473.5,221.8,57.42,65.69,6.536,25.35,18.406,540.8,106.85
2019-02-18,49.51,32.735,13.595,25.69,25.175,14.075,68.08,295.1,104.508,80.391,10.446,150.0,20.78,115.55,48.83,74.98,80.46,102.3,111.26,42.425,14.63,475.4,224.7,57.72,65.91,6.536,25.562,18.469,544.0,107.15
2019-02-19,49.51,32.785,13.655,25.47,25.04,14.085,67.88,297.25,103.627,80.24,10.456,149.45,20.79,115.8,48.64,74.264,80.28,102.0,111.14,42.24,14.48,475.2,223.1,57.42,66.39,6.536,25.325,18.609,545.4,106.95
2019-02-20,49.63,33.17,13.645,25.72,25.32,14.11,69.4,296.6,104.997,81.292,10.59,151.0,21.16,117.5,48.98,73.797,81.04,103.3,111.12,42.565,14.675,474.5,224.4,58.12,66.88,6.536,25.75,18.724,549.0,107.25
2019-02-21,49.735,32.95,13.645,25.49,24.98,14.13,70.0,296.95,104.851,81.781,10.492,152.95,21.39,118.25,48.13,72.703,82.06,102.05,111.36,41.595,14.65,476.4,225.5,58.14,67.8,6.536,25.85,19.047,551.4,107.0
2019-02-22,49.955,32.41,13.665,25.84,25.335,14.06,69.38,299.75,105.34,82.269,10.562,151.9,21.635,120.0,48.13,72.176,82.36,102.85,113.7,41.925,14.82,480.0,225.1,58.56,67.48,6.536,25.775,18.903,553.8,107.65
2019-02-25,49.51,32.565,13.53,25.6,26.05,14.07,69.18,302.9,106.367,82.194,10.754,150.7,21.8,119.8,48.29,72.345,82.16,104.95,113.34,42.86,15.25,483.6,224.1,58.7,67.37,6.536,26.475,19.091,556.6,109.0
2019-02-26,49.7,32.55,13.405,25.78,25.765,14.13,69.0,304.25,106.074,83.095,10.81,151.2,21.825,120.3,47.97,72.345,82.96,104.45,113.12,43.155,15.02,486.5,224.1,58.84,67.64,6.536,26.462,19.197,556.2,107.9
2019-02-27,50.02,31.9,13.305,25.52,26.56,13.9,68.32,302.4,104.459,82.269,11.1,150.0,22.105,120.0,47.95,72.335,82.74,105.15,113.46,44.2,14.68,481.4,220.3,57.96,66.42,6.536,26.288,18.695,558.2,107.15
2019-02-28,49.99,31.66,13.44,25.73,27.0,13.25,68.42,302.0,104.166,82.382,11.232,151.4,22.295,119.9,48.73,73.101,83.92,105.2,113.6,45.055,14.37,480.1,221.9,58.0,66.33,6.536,26.375,18.609,556.8,108.25
2019-03-01,49.875,31.335,13.33,25.99,27.04,13.34,69.06,306.6,104.41,82.983,11.138,153.15,22.525,120.0,49.76,73.598,83.16,107.1,113.9,44.895,14.695,495.5,223.4,58.2,65.88,6.536,26.35,18.666,562.4,107.15
2019-03-04,50.37,31.825,13.315,25.74,27.215,13.2,69.98,308.0,105.78,82.569,11.11,154.0,22.455,120.45,50.2,74.622,83.52,106.75,114.02,44.94,14.845,494.5,223.2,58.82,66.72,6.536,26.3,18.743,565.6,107.6
2019-03-05,50.85,31.715,13.36,26.31,27.025,13.175,69.56,309.0,106.71,83.283,11.07,153.85,22.285,120.9,49.86,76.015,83.78,106.9,113.24,44.515,14.79,493.4,226.2,58.82,66.93,6.536,25.962,18.768,567.2,109.3
2019-03-06,51.02,31.405,13.26,25.6,27.11,13.115,69.66,306.9,106.416,83.997,11.006,154.0,22.355,120.7,50.36,76.164,83.68,107.5,113.72,44.69,14.245,489.0,224.0,58.58,67.36,6.536,25.75,18.821,562.8,108.1
2019-03-07,51.02,31.135,13.425,25.8,25.94,13.28,69.26,306.05,106.318,83.171,10.658,156.05,22.225,120.15,50.24,76.224,84.02,105.85,112.74,43.18,13.945,487.0,228.1,58.5,68.02,6.536,25.55,18.989,564.6,106.45
2019-03-08,50.33,31.165,13.565,25.89,25.3,13.24,67.6,305.8,99.615,83.283,10.6,155.55,21.985,119.55,49.81,76.363,84.36,105.1,111.52,42.345,13.93,486.8,229.1,58.0,67.91,6.536,25.175,18.985,566.2,108.05
2019-03-11,50.76,31.38,13.595,25.9,26.355,13.28,68.76,306.4,101.426,83.734,10.886,155.2,22.17,117.55,50.22,76.542,84.82,106.25,112.96,43.33,14.15,487.5,227.3,58.58,67.93,6.536,25.388,19.1,567.8,107.5
2019-03-12,50.66,31.92,13.525,25.88,26.3,13.335,69.1,308.6,101.621,83.659,10.878,154.95,22.15,117.0,49.87,76.979,84.04,105.55,114.58,43.045,14.085,487.6,228.3,58.86,67.61,6.536,25.175,19.216,569.0,106.65
2019-03-13,51.21,32.185,13.59,26.35,26.73,13.335,69.4,310.5,100.252,83.884,11.002,155.35,22.31,117.25,50.38,77.377,84.0,106.9,116.88,43.555,13.97,490.5,228.9,59.98,67.95,6.536,25.737,19.216,569.2,107.15
2019-03-14,51.45,32.7,13.785,26.16,27.0,13.3,69.82,315.6,103.579,84.485,10.952,157.5,22.465,117.4,50.5,77.924,85.82,106.25,117.0,43.84,13.925,494.6,232.6,60.18,68.71,6.536,26.0,19.322,575.0,109.4
2019-03-15,51.7,33.105,14.155,26.51,27.295,13.515,70.72,318.6,104.117,85.462,11.042,158.8,22.795,118.8,50.36,79.118,86.28,107.9,117.68,44.285,14.62,496.3,236.1,60.28,69.05,6.536,26.425,19.332,584.0,110.35
2019-03-18,52.27,32.945,14.27,25.99,27.97,13.5,70.34,317.15,102.942,84.523,11.326,157.9,22.8,119.85,50.46,78.79,86.76,107.35,118.0,45.1,14.25,496.0,235.2,59.94,69.13,6.536,26.212,19.399,582.0,110.5
2019-03-19,51.54,32.665,14.36,26.2,27.975,13.44,71.14,320.3,103.236,84.035,11.31,157.05,22.845,121.25,50.82,79.118,85.88,106.75,119.0,45.11,14.4,509.4,234.7,60.38,68.78,6.536,26.462,19.553,590.2,110.05
2019-03-20,50.36,32.565,14.355,26.13,27.24,13.475,70.26,318.2,102.747,84.636,11.112,157.9,22.675,120.9,50.24,78.969,85.84,106.35,117.86,44.19,14.225,502.8,235.2,59.88,68.96,6.536,25.913,19.269,596.6,108.2
2019-03-21,50.48,32.365,14.545,26.19,26.575,13.45,70.18,317.8,96.014,84.861,10.922,160.1,22.605,120.95,49.85,79.307,86.08,106.7,118.56,43.04,14.85,500.0,237.3,60.18,69.41,6.536,26.112,19.438,592.2,108.2
2019-03-22,49.43,31.13,14.41,25.98,25.525,13.245,67.74,313.45,95.858,83.133,10.51,157.5,22.33,118.1,48.7,77.885,84.84,103.75,114.6,41.625,14.53,492.2,234.7,58.62,67.7,6.536,25.737,19.25,583.2,105.7
2019-03-25,49.25,30.73,14.325,25.84,25.4,13.3,68.3,317.7,94.918,84.222,10.47,158.6,22.295,117.85,47.83,77.536,84.88,101.65,114.04,41.525,13.97,497.4,234.8,58.82,67.13,6.536,25.8,19.047,588.6,105.3
2019-03-26,49.585,31.08,14.4,26.49,25.475,13.23,68.72,322.8,96.699,84.861,10.492,159.9,22.37,118.1,47.66,77.904,86.04,105.0,116.34,41.425,14.13,504.2,238.3,58.94,67.78,6.536,25.975,19.139,590.0,106.05
2019-03-27,49.36,32.04,14.4,25.71,25.97,13.295,68.98,322.9,96.484,84.636,10.866,159.35,22.48,116.9,47.91,77.268,86.24,102.7,115.48,42.325,13.195,502.0,238.4,59.06,67.54,6.536,26.175,19.182,590.0,104.9
2019-03-28,49.295,31.785,14.36,26.14,25.47,13.24,68.68,324.1,93.94,84.823,10.66,160.0,22.255,118.65,47.53,78.282,85.56,106.6,116.26,41.985,12.73,503.4,238.6,58.66,68.12,6.536,25.962,19.1,589.8,105.1
2019-03-29,49.52,32.31,14.5,26.55,25.775,13.28,69.94,327.9,95.29,85.162,10.77,160.0,22.43,122.25,47.73,78.312,86.72,108.1,117.9,42.61,13.165,511.2,239.8,59.66,68.69,6.536,26.35,19.216,588.2,106.75
2019-04-01,50.0,33.275,14.585,26.68,26.525,13.315,70.74,333.25,95.114,85.65,11.085,158.5,22.705,123.2,46.01,78.422,87.5,109.85,117.76,43.48,13.73,522.1,240.4,60.14,68.34,6.536,27.325,19.303,597.4,109.15
2019-04-02,49.98,33.535,14.605,26.66,26.615,13.35,71.68,334.5,94.762,85.725,11.165,160.8,22.965,122.35,46.86,78.809,88.0,108.6,117.22,43.905,14.105,526.4,238.6,60.48,68.5,6.536,27.438,19.312,600.0,108.15
2019-04-03,50.0,34.48,14.83,27.06,26.845,13.47,73.06,334.0,95.173,86.814,11.375,160.4,23.34,125.05,47.1,78.282,89.36,109.9,118.54,44.515,14.905,524.2,240.2,61.38,68.92,6.536,27.812,19.659,600.6,107.85
2019-04-04,49.87,34.81,14.85,26.66,26.98,13.47,73.02,333.55,95.153,86.927,11.47,160.0,23.37,124.0,46.94,78.143,88.86,108.5,117.82,44.875,15.135,522.5,241.3,61.4,68.4,6.536,27.975,19.659,597.6,108.3
2019-04-05,50.29,35.1,14.86,26.63,26.65,13.44,72.84,336.05,94.038,87.566,11.34,160.2,23.25,125.45,46.53,78.064,89.3,108.9,118.68,44.505,15.56,530.1,240.0,61.54,67.9,6.536,27.875,19.717,597.4,108.25
2019-04-08,50.6,34.93,14.815,26.9,26.52,13.545,72.68,332.0,94.331,87.678,11.315,160.4,23.245,123.0,45.83,78.064,88.82,109.4,120.74,44.45,15.645,526.6,240.3,61.74,68.54,6.536,27.85,19.573,597.4,107.9
2019-04-09,50.23,34.645,14.86,26.74,26.595,13.58,72.6,327.3,94.977,87.077,11.355,159.85,23.16,121.35,46.2,77.825,88.0,108.65,118.5,44.58,15.505,517.8,240.0,61.2,68.54,6.536,27.6,19.602,589.0,105.5
2019-04-10,50.37,35.0,14.68,26.59,26.26,13.605,73.22,329.75,94.781,87.566,11.38,160.0,23.175,120.9,46.53,77.536,89.44,109.35,116.5,44.2,15.6,523.6,242.5,61.44,69.0,6.536,28.025,19.794,588.6,104.55
2019-04-11,50.08,35.555,14.61,26.58,26.93,13.375,73.3,344.95,96.621,86.89,11.58,160.15,23.28,120.45,46.79,76.721,89.5,111.0,117.5,44.805,15.7,535.3,240.2,61.96,69.14,6.536,28.513,19.814,592.0,106.1
2019-04-12,49.99,35.88,14.56,26.81,28.0,13.2,73.64,342.9,98.833,86.89,11.94,158.8,23.34,122.0,47.19,74.99,89.66,111.4,118.6,46.315,16.055,530.4,240.3,62.0,69.4,6.536,29.087,19.727,599.4,106.3
2019-04-15,50.07,36.12,14.64,26.88,27.985,13.315,73.88,342.95,99.42,87.115,12.2,158.95,23.45,121.25,47.75,74.592,89.3,112.25,117.24,46.85,15.865,531.6,238.5,62.24,69.98,6.536,28.987,19.929,600.0,107.1
2019-04-16,49.555,36.76,14.58,26.82,28.54,13.295,74.08,346.3,101.524,87.603,12.37,156.1,23.545,121.65,49.52,74.692,89.8,111.8,117.92,47.66,16.205,532.9,240.3,62.76,69.68,6.536,29.375,20.315,604.6,107.45
2019-04-17,50.09,36.915,14.57,26.83,29.0,13.3,74.96,350.85,104.802,88.017,12.315,156.35,23.7,122.9,50.8,72.663,89.68,111.5,119.04,48.44,16.485,537.5,242.7,63.5,69.6,6.536,29.5,20.489,606.8,106.15
2019-04-18,50.3,36.87,14.625,27.09,29.015,13.335,77.0,352.3,105.829,88.881,12.47,154.7,23.735,123.75,51.58,72.474,89.36,111.35,120.24,48.985,16.605,510.4,243.2,64.46,70.4,6.536,29.362,20.296,610.0,107.75
2019-04-19,50.3,36.87,14.625,27.09,29.015,13.335,77.0,352.3,105.829,88.881,12.47,154.7,23.735,123.75,51.58,72.474,89.36,111.35,120.24,48.985,16.605,510.4,243.2,64.46,70.4,6.536,29.362,20.296,610.0,107.75
2019-04-22,50.3,36.87,14.625,27.09,29.015,13.335,77.0,352.3,105.829,88.881,12.47,154.7,23.735,123.75,51.58,72.474,89.36,111.35,120.24,48.985,16.605,510.4,243.2,64.46,70.4,6.536,29.362,20.296,610.0,107.75
2019-04-23,51.22,36.485,14.485,27.3,28.275,13.265,76.12,349.1,106.955,88.618,12.165,155.5,23.72,125.2,51.76,73.767,88.3,112.0,122.8,48.11,16.02,531.6,243.1,64.74,71.08,6.536,28.962,20.46,613.0,107.7
2019-04-24,50.04,36.185,14.245,28.45,27.52,13.025,76.42,350.95,104.802,88.505,12.045,156.75,23.645,125.8,52.0,73.936,89.9,114.0,122.2,47.15,16.84,533.1,245.0,64.36,71.1,6.536,28.625,20.363,619.0,110.25
2019-04-25,49.905,35.725,14.315,28.48,27.54,13.0,76.46,347.85,105.242,89.406,12.015,156.35,23.7,125.15,51.34,73.22,88.7,114.0,121.9,46.765,16.56,529.3,243.7,64.1,71.46,6.536,28.837,20.44,617.8,110.75
2019-04-26,49.345,36.14,14.365,27.96,27.7,13.12,76.34,346.45,105.536,89.219,12.125,155.75,23.65,129.35,53.24,75.786,89.32,108.25,121.86,46.9,16.215,529.4,241.9,64.58,71.56,6.536,29.038,20.46,620.0,111.9
2019-04-29,48.595,36.44,14.385,27.72,28.43,13.025,76.76,345.35,106.318,88.655,12.39,156.45,23.68,129.1,53.54,77.069,89.2,109.85,123.02,47.665,16.155,525.0,242.9,65.32,71.62,6.536,29.1,20.402,621.2,112.3
2019-04-30,49.545,36.44,13.965,28.21,28.22,13.205,75.46,349.05,106.172,89.068,12.23,155.35,23.745,129.9,52.88,77.069,90.02,108.1,121.88,47.45,16.375,527.0,245.1,65.52,72.08,6.536,28.788,20.305,627.2,106.45
2019-05-01,49.545,36.44,13.965,28.21,28.22,13.205,75.46,349.05,106.172,89.068,12.23,155.35,23.745,129.9,52.88,77.069,90.02,108.1,121.88,47.45,16.375,527.0,245.1,65.52,72.08,6.536,28.788,20.305,627.2,106.45
2019-05-02,49.38,36.33,14.105,27.34,28.38,13.21,73.96,351.0,104.606,89.031,12.34,154.35,22.63,126.9,53.38,76.611,89.18,107.4,119.98,48.0,16.395,520.2,238.7,62.16,71.82,6.536,28.612,20.508,618.0,105.15
2019-05-03,49.17,36.12,13.93,27.08,28.7,13.255,74.5,355.05,104.215,89.068,12.38,155.2,23.07,126.95,52.86,77.198,88.38,107.3,119.56,48.255,16.425,526.0,241.3,62.38,72.46,6.536,28.475,20.672,621.4,105.5
2019-05-06,47.99,35.485,13.88,27.24,28.18,13.165,73.54,344.4,104.997,88.505,12.255,155.0,22.815,127.05,52.54,76.293,87.54,104.15,119.7,47.885,15.615,513.0,240.4,61.36,72.44,6.536,28.0,20.45,618.0,104.45
2019-05-07,46.705,34.7,13.91,26.85,27.085,13.155,72.54,335.05,103.53,86.927,12.085,154.9,22.505,124.55,52.76,75.816,86.62,104.15,117.54,46.875,15.335,507.2,236.1,61.4,69.86,6.536,27.688,20.826,611.6,102.4
2019-05-08,46.98,34.875,13.95,27.23,26.9,13.135,72.82,339.6,104.655,86.702,12.115,157.05,22.345,124.25,52.28,75.915,86.64,104.7,118.8,46.82,15.56,515.7,238.3,61.02,70.02,6.536,27.65,20.315,618.8,102.05
2019-05-09,46.605,33.965,13.885,27.03,26.285,12.995,71.28,331.85,103.725,84.974,11.565,154.4,22.11,122.4,51.22,72.981,85.22,102.3,116.8,45.42,14.78,501.6,235.8,60.0,69.46,6.536,26.85,19.929,607.8,100.65
2019-05-10,46.87,34.015,13.73,27.16,26.09,13.12,71.3,333.55,107.835,85.312,11.555,153.6,22.1,123.05,51.0,72.325,85.84,104.4,117.5,45.49,14.915,507.1,235.0,60.1,69.82,6.536,27.487,19.958,608.6,100.5
2019-05-13,46.865,33.39,13.52,26.54,25.51,13.195,70.02,323.75,107.982,85.124,11.26,152.95,21.955,120.2,49.66,72.564,85.08,103.65,115.52,44.78,14.17,491.0,235.7,59.48,69.68,6.536,26.6,20.074,598.6,98.96
2019-05-14,47.4,33.835,13.66,27.02,25.795,13.44,71.92,334.3,106.661,86.551,11.365,154.4,22.15,121.4,50.12,73.001,87.0,106.4,119.0,45.48,15.09,508.5,237.3,60.6,69.94,6.536,27.312,19.264,607.0,98.74
2019-05-15,47.73,34.045,13.65,26.83,25.63,13.61,72.16,337.15,106.221,86.401,11.07,155.5,22.245,124.3,50.72,73.419,88.38,104.35,120.88,45.255,15.635,516.6,239.7,60.9,70.06,6.536,28.1,19.38,612.6,100.2
2019-05-16,48.605,34.49,13.78,27.73,25.995,13.82,73.26,341.2,107.591,88.805,11.32,158.9,22.61,126.15,50.72,74.632,89.2,107.05,122.5,45.95,15.765,521.9,244.5,61.7,71.16,6.536,27.837,19.409,615.0,102.2
2019-05-17,49.17,34.1,13.825,28.26,25.715,13.58,72.68,340.85,107.591,88.73,11.2,160.55,22.605,125.75,50.5,74.821,89.48,106.25,121.0,45.375,15.585,522.0,243.6,61.62,71.2,6.536,27.5,19.37,620.0,101.9
2019-05-20,49.225,33.975,13.96,27.5,25.085,13.555,72.22,330.05,106.123,85.011,11.07,158.8,22.415,124.8,50.32,73.936,88.92,103.8,119.08,44.625,14.17,503.2,241.2,60.82,70.54,6.536,27.0,19.303,603.4,101.5
2019-05-21,49.765,33.84,13.885,27.84,25.24,12.835,73.18,335.15,104.851,85.162,11.205,160.8,22.58,123.15,50.54,73.548,89.4,104.85,118.26,44.995,14.76,510.1,241.3,61.52,71.2,6.536,26.462,19.534,615.2,101.65
2019-05-22,49.005,33.65,13.87,28.05,25.025,12.82,73.12,336.3,104.508,86.176,10.98,161.9,22.435,123.5,50.84,74.493,89.42,106.7,118.22,44.51,14.555,508.5,243.1,62.1,71.02,6.536,26.462,19.621,617.6,101.15
2019-05-23,47.39,33.125,13.78,27.42,24.6,12.55,71.9,334.0,103.627,84.523,10.675,161.75,22.155,119.35,49.65,74.493,88.42,102.65,114.88,43.65,13.73,491.2,242.1,61.18,70.8,6.536,25.888,19.37,605.0,99.16
2019-05-24,47.555,33.2,13.95,27.35,24.655,12.62,73.9,336.5,103.823,85.424,10.185,162.8,22.305,121.9,49.39,74.752,90.04,103.4,116.54,43.905,13.66,482.7,243.2,61.44,71.8,6.536,26.375,19.659,603.0,99.12
2019-05-27,47.85,33.225,14.02,27.2,23.045,12.75,73.84,338.65,103.921,85.988,10.35,163.05,22.38,121.8,49.57,75.159,90.44,103.55,116.84,44.2,13.705,485.95,244.5,61.58,71.96,6.536,26.475,19.939,606.0,98.8
2019-05-28,47.52,33.11,14.03,26.72,22.595,12.7,73.68,342.6,101.768,84.899,10.31,162.5,22.195,119.25,50.12,73.837,89.6,102.1,116.32,44.285,13.54,479.25,243.5,61.96,72.26,6.536,26.725,20.016,605.2,98.68
2019-05-29,46.835,32.42,13.935,26.45,22.55,12.52,71.24,338.2,100.985,84.11,10.22,160.75,22.06,117.15,49.0,72.862,88.08,100.3,114.38,41.325,13.495,461.1,240.3,60.64,71.4,6.536,25.788,19.804,595.4,97.4
2019-05-30,46.84,32.775,14.045,26.6,22.565,12.5,71.62,341.65,101.426,84.861,10.32,161.8,22.17,118.1,49.52,72.792,88.82,100.8,115.24,41.35,13.585,474.55,241.9,60.98,71.84,6.536,25.9,19.785,598.6,98.68
2019-05-31,46.64,32.415,14.04,26.57,22.46,12.45,70.8,338.6,100.936,83.772,10.23,157.8,22.08,117.7,48.9,71.847,88.46,100.1,114.86,40.875,13.695,465.95,240.4,60.14,71.4,6.536,25.737,19.968,594.8,98.56
2019-06-03,46.71,32.675,14.15,26.7,22.395,12.515,71.86,340.5,102.747,84.786,10.17,159.0,21.8,119.05,49.18,73.349,88.94,98.76,117.16,40.815,13.745,466.55,241.5,59.46,72.96,6.536,25.462,20.19,597.6,99.42
2019-06-04,47.22,32.995,13.81,25.92,22.72,12.655,72.06,342.1,101.328,85.875,10.52,156.3,22.29,120.35,49.53,73.28,89.24,97.8,118.48,41.995,14.13,468.45,239.8,59.96,71.82,6.536,26.013,19.91,595.6,98.28
2019-06-05,46.875,33.375,13.9,26.48,22.42,12.945,72.3,349.5,103.627,85.8,10.415,159.0,22.2,120.75,49.25,73.31,89.32,98.08,118.7,41.73,13.995,471.4,242.2,60.5,71.7,6.536,26.188,20.238,606.0,99.28
2019-06-06,47.24,33.11,13.625,26.37,22.305,12.99,71.94,350.35,103.432,85.8,10.24,157.4,22.17,119.95,49.0,74.612,89.14,97.08,117.96,41.005,13.805,470.95,242.1,60.38,71.58,6.536,26.0,20.286,607.2,100.05
2019-06-07,47.795,33.565,13.725,27.07,22.105,13.215,73.16,357.05,104.704,87.829,10.29,160.2,22.4,122.35,49.58,77.894,90.28,99.36,120.92,40.815,14.125,479.6,245.1,61.94,72.26,6.536,26.013,20.575,611.4,102.8
2019-06-10,48.25,32.605,13.765,27.11,22.27,13.1,74.02,358.2,104.508,87.228,10.495,159.4,22.42,123.3,49.64,76.88,90.54,100.05,121.06,41.48,14.475,481.75,245.2,62.16,72.6,6.536,26.288,20.527,610.6,103.3
2019-06-11,48.27,33.48,13.85,27.29,22.3,13.07,74.32,359.6,104.459,88.054,10.5,159.2,22.655,124.75,50.44,75.687,90.66,100.9,123.4,41.555,14.795,490.6,245.6,62.96,72.38,6.536,26.962,20.354,618.0,103.95
2019-06-12,46.95,33.49,13.86,26.99,21.845,13.005,74.44,356.8,103.236,88.881,10.375,159.1,22.6,124.15,50.18,76.154,90.16,99.48,122.28,41.14,14.545,487.15,247.2,62.92,72.4,6.536,26.837,20.392,613.8,105.0
2019-06-13,46.98,33.775,13.89,27.55,21.48,12.81,75.08,355.25,102.404,88.805,10.385,158.95,22.685,123.25,50.26,75.567,89.58,99.86,122.66,41.1,14.61,485.0,247.4,62.94,72.66,6.536,27.562,20.392,611.2,106.5
2019-06-14,47.25,33.265,13.82,27.4,21.235,12.955,75.06,354.0,104.117,89.219,10.295,157.85,22.61,122.9,50.0,75.567,89.58,97.16,122.42,40.86,14.14,486.45,248.0,62.54,72.52,6.536,27.475,20.489,612.2,105.45
2019-06-17,47.15,33.18,13.785,27.57,21.13,12.825,75.04,358.3,104.459,88.918,10.37,160.1,22.925,124.9,50.18,75.06,89.9,98.34,125.0,40.755,14.065,494.25,249.3,62.84,72.84,6.536,27.875,20.498,611.6,108.0
2019-06-18,48.19,34.395,14.11,28.38,21.57,13.43,77.44,368.8,107.639,90.984,10.51,162.95,23.12,129.0,50.22,77.049,91.6,101.9,125.46,41.495,14.495,514.2,252.9,63.94,74.1,6.536,28.087,20.807,632.4,108.3
2019-06-19,48.315,34.59,14.0,28.26,22.05,13.5,77.26,366.0,109.205,90.759,10.75,162.35,23.18,131.7,50.72,77.457,92.68,101.5,123.0,42.225,14.815,508.2,254.2,63.4,74.3,6.536,28.513,20.653,628.8,107.0
2019-06-20,48.69,34.365,13.975,28.42,21.725,13.445,78.3,370.0,110.184,90.721,10.435,163.75,23.115,132.45,49.46,77.904,92.68,103.0,123.46,41.42,15.17,513.0,255.6,63.8,74.88,6.536,28.462,20.681,634.0,107.0
2019-06-21,49.115,34.02,13.925,27.72,22.05,13.5,78.9,368.3,108.814,91.923,10.37,162.8,23.255,131.85,47.96,77.258,91.04,103.2,122.78,41.05,14.98,516.2,255.3,64.42,74.8,6.536,28.3,20.749,630.0,106.7
2019-06-24,49.0,34.175,13.915,27.78,21.565,13.435,78.28,371.25,108.031,91.623,10.335,163.5,23.3,131.45,47.35,76.701,91.7,103.7,123.26,40.76,14.985,518.0,255.4,64.2,75.2,6.536,28.325,20.874,630.0,107.5
2019-06-25,48.945,33.9,13.88,28.1,21.425,13.365,78.06,371.7,107.444,91.585,10.22,163.0,23.12,131.55,45.48,76.631,92.06,112.45,125.18,40.46,14.875,510.6,254.1,63.82,75.28,6.536,27.562,20.826,628.0,107.7
2019-06-26,49.52,33.895,13.875,27.9,21.765,13.25,78.64,367.6,106.808,90.684,10.37,162.25,23.155,130.8,45.22,75.507,90.38,109.35,125.54,41.165,15.15,510.2,250.0,63.3,74.7,6.536,27.75,20.672,626.0,107.5
2019-06-27,49.125,33.96,13.83,27.8,21.99,13.15,78.98,368.35,111.162,91.473,10.49,161.4,23.0,128.35,45.11,75.269,89.74,108.7,123.88,41.445,15.39,515.6,248.0,63.58,74.7,6.536,27.688,20.498,627.4,106.75
2019-06-28,49.275,34.275,13.865,28.06,22.22,13.34,79.76,374.3,112.288,92.449,10.545,162.05,23.1,128.85,46.43,75.498,90.06,109.35,124.68,41.765,15.6,520.1,250.5,64.3,74.5,6.536,27.888,20.653,634.2,108.65
2019-07-01,49.775,34.835,13.855,28.67,22.23,13.44,80.74,374.6,111.162,92.149,10.785,162.85,23.24,129.15,46.68,76.413,90.46,111.6,124.3,42.085,16.24,525.1,249.3,64.98,74.24,6.536,28.025,20.788,634.8,107.9
2019-07-02,49.59,34.14,13.845,28.9,22.14,13.67,80.34,377.5,111.7,92.374,10.75,161.4,23.51,130.05,46.33,76.671,90.48,110.0,123.96,41.865,16.11,526.6,254.0,65.1,74.9,6.536,27.513,21.221,640.0,107.25
2019-07-03,49.115,34.56,13.84,29.28,22.335,13.895,80.68,380.0,112.239,92.9,10.925,165.0,23.68,131.45,46.74,77.815,92.38,111.6,125.64,42.57,16.0,526.7,256.9,65.8,75.64,6.536,27.862,21.53,644.8,108.95
2019-07-04,49.455,34.545,13.985,28.71,22.415,13.83,81.0,381.35,111.945,92.224,11.12,163.55,23.73,131.2,46.9,77.546,92.02,113.8,125.38,43.045,16.115,527.1,255.3,65.22,75.68,6.536,27.8,21.462,640.6,108.5
2019-07-05,49.415,34.05,13.96,28.2,22.81,13.765,77.7,380.8,111.749,92.036,11.13,161.5,23.79,130.75,47.85,77.377,91.24,115.0,124.58,43.405,15.72,522.2,252.7,63.98,74.94,6.536,27.575,21.385,637.2,106.15
2019-07-08,49.7,33.97,13.915,28.07,22.555,13.8,78.02,383.0,112.19,92.224,10.975,161.65,23.795,129.65,47.43,76.552,90.8,113.8,123.92,42.97,15.645,523.7,254.6,63.94,75.24,6.536,27.737,21.405,640.4,104.45
2019-07-09,49.51,33.385,13.855,27.95,22.25,13.925,76.94,383.0,112.728,91.961,10.935,162.45,23.745,128.95,47.56,77.069,90.84,113.7,124.1,42.575,15.52,522.1,253.7,62.92,75.12,6.536,27.125,21.626,642.8,102.8
2019-07-10,49.76,33.69,13.73,27.94,22.475,13.83,77.02,381.0,113.511,92.449,10.97,158.25,23.705,128.7,47.22,76.134,90.34,114.15,125.84,42.695,15.71,516.8,253.8,62.58,75.1,6.536,27.062,21.646,641.0,103.65
2019-07-11,49.86,33.3,13.51,28.06,22.485,13.82,76.54,383.1,113.804,91.585,10.97,157.25,23.575,127.7,47.62,74.692,89.72,113.65,125.98,42.57,15.66,517.7,251.4,62.4,75.74,6.536,27.087,21.713,642.8,103.45
2019-07-12,49.87,33.69,13.405,27.86,22.73,13.885,76.96,384.0,115.468,92.412,10.995,157.3,23.655,129.3,48.06,73.101,91.32,113.2,127.68,42.53,15.825,522.2,251.5,62.96,75.84,6.536,27.538,21.781,645.4,103.65
2019-07-15,50.09,33.885,13.305,27.86,22.815,13.87,77.02,380.05,115.419,92.524,11.01,157.3,23.685,128.75,48.27,73.389,91.8,113.85,129.2,42.84,15.735,519.9,250.5,63.28,75.86,6.536,27.888,21.771,632.2,104.4
2019-07-16,49.965,34.67,13.33,27.67,23.1,13.765,77.98,385.3,115.712,92.449,11.12,157.05,23.88,130.2,48.28,73.916,94.3,114.6,131.14,43.205,15.885,530.6,251.3,63.68,75.68,6.536,27.5,21.781,634.0,105.2
2019-07-17,48.59,34.37,13.305,27.62,22.825,13.8,77.18,382.7,114.049,92.036,10.965,157.05,23.795,129.55,47.66,73.847,93.52,113.35,131.96,42.52,15.91,524.6,251.6,64.02,75.5,6.536,26.413,21.877,645.0,103.7
2019-07-18,48.03,34.15,13.26,27.08,22.715,13.825,76.1,382.85,116.251,91.923,10.79,157.0,23.635,129.95,47.27,73.598,93.14,112.25,132.1,42.37,15.955,519.6,250.6,63.56,75.74,6.536,26.438,21.983,639.8,103.0
2019-07-19,48.2,34.14,13.225,27.18,22.37,13.75,76.3,382.3,116.544,91.585,10.79,157.25,23.58,133.3,44.2,74.165,93.0,112.95,131.5,41.995,16.315,522.7,248.0,63.94,75.3,6.536,26.413,22.08,640.8,103.6
2019-07-22,48.195,34.165,13.155,26.96,22.33,13.82,76.5,384.8,116.495,92.412,10.81,157.6,23.525,133.25,44.45,75.0,92.98,112.2,130.76,41.995,16.665,527.2,250.3,64.02,75.4,6.536,26.663,22.128,644.2,102.65
2019-07-23,48.86,34.635,13.22,26.93,23.03,13.965,77.9,383.3,116.74,93.501,11.02,160.3,23.675,136.45,44.0,75.448,93.3,112.9,132.62,42.925,16.995,524.0,250.3,64.78,75.52,6.536,27.15,21.954,643.0,103.7
2019-07-24,48.45,35.165,13.155,28.19,23.165,14.035,77.54,380.3,116.593,93.313,11.04,158.4,23.54,135.95,44.23,75.319,92.8,114.15,131.96,42.93,17.6,519.5,247.1,64.84,75.32,6.536,27.5,21.646,643.8,103.25
2019-07-25,47.92,35.28,13.39,27.29,22.99,13.95,79.0,376.15,116.446,92.186,11.05,157.4,23.54,132.95,45.3,74.99,91.5,113.0,130.5,42.99,17.08,508.9,248.0,64.4,77.2,6.536,26.8,21.79,641.2,102.3
2019-07-26,48.03,36.6,13.52,27.81,23.08,14.05,79.24,385.6,116.544,93.125,11.0,158.75,23.465,135.0,45.74,75.537,91.96,114.15,131.0,42.935,17.41,473.25,249.1,65.12,78.4,6.536,26.087,22.157,645.6,104.5
2019-07-29,48.06,36.255,13.615,27.74,22.905,14.315,79.26,378.75,116.789,93.351,10.955,158.35,23.5,132.55,46.3,76.681,92.2,112.7,130.08,42.655,17.1,479.1,251.1,64.92,78.74,6.536,25.612,22.311,642.6,104.25
2019-07-30,47.235,34.965,13.46,27.4,22.055,14.04,77.38,374.5,116.006,94.065,10.645,157.6,23.0,131.1,45.06,75.169,90.0,115.6,127.72,41.52,16.695,471.35,247.4,63.26,78.22,6.536,25.0,21.79,632.2,103.05
2019-07-31,47.035,34.755,13.425,27.6,22.205,13.92,78.08,375.3,120.018,93.914,10.78,159.05,22.9,129.85,44.71,75.05,93.24,115.25,128.06,42.18,16.715,469.5,242.0,63.86,78.4,6.536,25.112,22.031,636.6,102.05
2019-08-01,46.55,34.88,13.52,27.89,23.5,13.85,78.74,379.1,124.96,94.853,10.87,162.25,23.165,130.55,44.51,75.08,94.16,116.45,129.42,42.845,16.92,469.45,245.2,65.5,79.14,6.536,24.985,21.472,644.6,102.3
2019-08-02,44.73,33.285,13.4,26.95,22.42,13.665,74.42,358.4,120.507,91.172,10.34,156.05,22.3,126.65,43.45,73.817,91.28,112.0,123.34,41.15,15.81,450.9,237.6,63.5,77.04,6.536,24.345,21.414,622.0,99.94
2019-08-05,44.135,32.26,13.28,25.78,22.4,13.35,72.74,343.25,117.914,90.721,10.26,153.5,21.82,123.65,42.44,71.957,89.2,107.65,120.7,40.415,15.13,442.35,230.3,61.94,76.22,6.536,23.81,20.836,603.2,99.18
2019-08-06,43.545,32.59,13.27,25.62,22.305,13.26,72.8,350.45,118.501,90.533,10.215,152.35,21.615,121.65,41.72,71.847,90.0,108.75,119.92,40.27,15.02,446.7,228.6,61.5,75.94,6.536,23.88,20.942,600.8,97.32
2019-08-07,43.18,32.685,13.285,25.89,22.1,13.325,72.96,357.65,122.318,90.984,10.11,154.4,21.425,122.9,41.51,72.295,91.4,109.3,122.0,39.955,15.09,447.0,233.0,61.84,76.14,6.536,23.885,21.009,611.2,98.82
2019-08-08,43.91,33.495,13.335,26.42,22.765,13.43,74.3,368.25,125.4,93.464,10.33,156.65,21.86,127.55,42.21,74.205,93.88,112.0,127.16,40.745,15.705,456.1,238.0,62.7,77.94,6.536,24.185,21.289,623.8,101.15
2019-08-09,43.49,32.805,13.21,25.97,22.275,13.28,72.94,364.35,126.574,92.036,10.175,156.05,21.655,126.65,42.34,73.349,94.0,109.25,125.12,40.205,15.7,454.6,232.7,62.38,77.66,6.536,23.65,21.125,618.2,99.86
2019-08-12,43.23,32.75,13.255,25.68,21.79,13.305,73.06,356.55,125.742,92.675,9.99,156.7,21.6,127.15,42.0,73.419,94.0,109.25,125.2,39.665,15.72,448.8,234.5,62.26,77.78,6.536,23.75,21.058,615.4,101.0
2019-08-13,44.22,32.88,13.46,26.01,22.38,13.48,74.3,359.55,128.287,93.914,10.13,155.8,21.625,127.9,42.12,74.99,94.96,108.7,126.58,40.37,16.19,439.95,233.5,62.36,77.86,6.536,23.86,21.299,615.8,101.6
2019-08-14,43.64,31.91,13.265,25.21,21.465,13.32,72.12,348.15,125.498,91.285,9.932,154.55,21.305,124.0,41.48,75.02,92.92,105.3,121.84,39.32,15.475,428.45,230.1,60.88,78.8,6.536,23.325,20.836,602.8,100.7
2019-08-15,43.3,31.435,13.27,25.0,21.375,13.33,71.5,345.7,124.03,91.285,9.91,156.85,21.24,125.3,41.47,74.423,93.48,103.55,122.4,39.6,15.53,427.6,230.3,60.64,78.76,6.536,23.1,21.058,605.6,99.52
2019-08-16,43.235,31.905,13.46,25.5,22.07,13.465,72.64,348.45,124.519,92.562,10.23,159.1,21.525,126.3,42.31,75.577,95.48,105.3,123.02,40.61,15.81,432.3,233.3,61.36,80.1,6.536,23.21,21.144,605.8,101.7
2019-08-19,44.15,32.345,13.595,25.65,22.38,13.63,73.06,356.85,125.791,92.75,10.28,158.1,21.72,126.95,42.69,76.82,97.46,106.45,124.78,40.795,16.285,437.95,237.6,62.22,80.54,6.536,23.375,21.25,613.2,103.1
2019-08-20,43.665,32.015,13.5,25.75,22.105,13.49,72.96,355.7,126.281,92.186,10.13,158.3,21.485,126.5,41.88,76.641,97.22,105.2,126.2,40.53,16.285,434.8,236.4,61.9,79.94,6.536,22.995,20.913,610.6,103.2
2019-08-21,44.385,32.13,13.525,26.47,22.12,13.55,74.36,369.1,128.433,93.877,10.17,165.95,21.58,130.1,42.86,77.507,98.52,109.4,128.0,40.605,16.47,439.05,241.1,62.82,80.6,6.536,23.215,21.048,628.4,105.8
2019-08-22,44.395,32.06,13.47,25.52,22.58,13.445,74.16,361.1,127.7,93.313,10.255,163.15,21.58,128.4,43.39,76.602,97.12,106.9,124.42,40.94,16.36,430.8,239.0,62.66,79.68,6.536,23.3,20.826,618.0,104.95
2019-08-23,43.58,31.685,13.4,25.42,22.335,13.42,73.3,355.5,128.14,91.848,10.085,162.45,21.25,129.2,42.91,76.313,95.54,106.1,122.62,40.065,15.6,426.0,236.1,61.98,78.86,6.536,22.93,20.788,613.8,105.25
2019-08-26,43.84,31.68,13.435,25.59,22.54,13.5,73.8,353.6,128.678,92.938,10.14,164.25,21.295,128.0,42.86,76.532,96.8,106.95,122.84,40.55,15.77,425.05,238.6,62.52,79.7,6.536,23.005,20.778,609.0,105.8
2019-08-27,43.965,31.8,13.52,25.7,22.425,13.66,73.62,359.85,129.999,92.938,10.08,166.0,21.255,128.25,43.1,77.447,97.82,107.45,122.56,40.325,15.78,430.05,244.1,62.6,80.6,6.536,23.1,20.788,618.0,106.1
2019-08-28,44.315,31.36,13.58,25.23,22.405,13.65,73.26,355.85,130.146,93.013,10.1,166.65,20.78,127.0,43.08,77.059,97.18,106.4,121.6,40.2,15.62,429.7,246.3,62.26,80.54,6.536,22.93,20.845,614.4,103.0
2019-08-29,45.0,31.94,13.715,25.29,22.855,13.795,74.72,361.35,131.369,94.778,10.27,171.8,20.88,131.0,43.47,77.596,98.42,107.55,125.28,40.825,16.12,435.35,249.3,63.52,81.44,6.536,23.49,20.778,613.2,104.0
2019-08-30,45.39,32.82,13.8,25.63,23.055,13.825,76.16,362.4,131.369,95.154,10.39,173.7,20.87,132.15,43.62,77.696,99.5,109.15,125.34,41.035,16.125,440.4,248.6,64.22,81.46,6.536,23.9,20.971,621.0,105.15
2019-09-02,45.28,32.615,13.83,25.52,23.05,13.865,75.64,362.9,130.586,95.718,10.355,177.2,20.99,131.9,43.42,79.098,99.84,108.25,126.0,41.045,16.055,440.85,251.2,64.34,81.56,6.536,23.675,21.135,624.2,105.6
2019-09-03,44.775,32.465,13.82,25.6,22.975,13.84,74.52,355.65,130.978,94.177,10.295,177.25,20.81,129.9,43.45,80.61,99.98,108.25,124.62,40.845,15.835,433.4,252.9,64.14,81.78,6.536,23.77,21.212,622.8,104.35
2019-09-04,45.405,32.84,13.785,25.86,23.36,13.855,74.74,368.5,132.543,94.591,10.38,176.55,21.02,131.3,43.59,80.659,100.7,108.0,126.2,41.255,16.31,446.25,254.8,64.34,82.0,6.536,24.24,21.925,635.4,110.0
2019-09-05,46.225,33.4,13.71,25.77,24.175,13.755,76.14,376.4,131.907,93.388,10.67,174.6,21.405,138.0,43.55,80.749,100.9,113.7,127.32,42.46,17.325,455.4,250.7,65.52,81.8,6.536,24.985,21.626,646.0,109.95
2019-09-06,45.78,33.49,13.69,25.88,24.15,13.655,77.16,379.9,132.299,94.14,10.715,174.75,21.56,142.95,43.75,81.147,99.86,113.6,126.6,42.45,17.42,453.75,251.2,65.54,81.72,6.536,24.975,21.472,655.2,109.7
2019-09-09,46.325,33.95,13.455,25.24,25.14,13.385,78.02,378.95,129.608,92.825,11.01,168.65,21.965,142.45,44.42,78.829,97.88,111.85,126.84,43.71,17.645,449.2,249.3,66.0,80.0,6.536,25.688,21.202,645.0,109.45
2019-09-10,47.375,35.345,13.515,25.12,25.545,13.545,79.16,373.15,127.504,93.614,11.255,168.15,22.3,139.35,45.49,78.332,97.68,110.1,122.3,44.55,17.425,450.45,248.1,65.66,79.5,6.536,25.763,21.144,640.0,108.6
2019-09-11,47.145,35.265,13.625,25.41,25.665,13.595,79.88,378.15,127.161,94.365,11.13,169.25,22.455,139.25,46.1,78.73,97.56,109.55,123.5,44.3,18.08,467.5,247.8,65.36,80.26,6.536,25.775,20.739,636.2,107.7
2019-09-12,46.58,35.13,13.865,25.91,25.56,13.94,80.5,379.7,126.623,96.206,11.155,168.6,22.425,142.0,45.76,79.337,98.92,108.85,124.82,44.235,18.185,472.15,249.8,66.4,80.84,6.536,25.8,21.009,645.0,107.75
2019-09-13,46.65,35.98,13.87,26.22,25.99,13.67,82.04,382.0,127.553,95.267,11.485,164.45,22.735,143.8,45.98,79.098,98.28,108.0,125.5,45.355,18.26,468.6,244.4,66.78,79.5,6.536,26.087,20.874,643.0,107.55
2019-09-16,47.815,35.47,13.91,25.74,25.72,13.615,80.56,367.1,127.797,94.703,11.36,162.3,22.59,140.2,45.63,78.66,97.08,107.4,121.24,44.59,18.025,463.25,242.1,66.0,79.54,6.536,25.75,21.096,625.0,106.65
2019-09-17,47.855,34.535,13.79,26.32,25.255,13.95,80.26,367.2,128.189,96.131,11.07,166.4,22.55,142.1,45.05,79.565,98.12,109.8,121.96,43.875,17.8,461.15,246.2,65.82,80.5,6.536,25.462,21.27,630.6,106.4
2019-09-18,48.02,34.695,13.96,26.42,25.31,14.16,80.54,364.7,127.602,96.319,11.035,165.7,22.635,141.85,45.67,79.784,98.5,108.0,122.82,43.805,18.095,462.35,247.0,65.6,80.18,6.536,25.612,21.559,621.4,105.45
2019-09-19,48.165,35.25,14.035,25.99,25.995,14.27,81.2,367.3,128.091,97.671,11.25,164.8,22.905,142.45,46.38,80.978,98.7,106.95,124.08,44.75,18.155,462.65,247.3,66.16,80.18,6.536,25.913,21.781,629.4,106.7
2019-09-20,49.48,35.385,14.25,26.14,26.22,14.45,80.52,370.05,129.265,98.272,11.28,164.4,23.39,142.3,46.57,82.867,98.64,106.5,120.1,45.295,17.73,468.95,249.0,65.66,80.44,6.536,25.612,21.752,627.4,105.05
2019-09-23,48.665,34.665,14.3,25.32,25.43,14.34,78.82,366.45,129.608,97.746,11.13,164.25,23.155,141.1,45.68,83.235,97.7,105.6,119.8,44.01,17.635,454.25,246.3,65.1,80.5,6.536,25.3,21.665,626.0,103.85
2019-09-24,47.745,34.385,14.25,25.21,25.01,14.57,78.36,370.05,129.755,97.708,10.97,165.6,22.97,141.55,45.13,84.628,98.7,106.3,118.8,43.735,17.55,458.3,248.8,64.8,80.9,6.536,25.062,21.887,625.0,104.5
2019-09-25,47.19,34.21,14.175,25.02,24.915,14.5,77.62,361.2,126.036,96.92,11.015,162.0,22.985,142.3,44.7,84.409,97.2,105.4,120.96,43.51,17.5,458.9,246.3,63.92,78.8,6.536,24.955,21.723,621.0,104.15
2019-09-26,47.38,34.38,14.295,26.19,24.93,14.77,78.66,360.9,127.993,97.408,11.07,162.85,23.055,143.55,45.05,84.787,97.42,108.05,119.54,43.845,17.53,463.95,251.1,64.3,79.88,6.536,25.087,22.157,630.0,104.7
2019-09-27,47.59,35.235,14.395,26.4,24.94,14.625,79.54,360.15,127.7,97.22,11.115,162.45,23.15,145.0,44.89,84.598,97.02,109.95,119.0,44.19,17.775,464.75,253.4,64.88,80.38,6.536,25.35,22.176,630.8,104.6
2019-09-30,47.885,36.0,14.395,26.15,25.14,14.98,80.5,364.65,129.412,98.122,11.14,163.4,23.43,144.45,45.12,84.598,98.82,108.1,119.2,44.67,17.73,467.55,256.9,65.48,80.82,6.536,25.6,22.427,634.0,105.5
2019-10-01,47.34,36.375,14.36,25.82,24.63,15.065,78.62,357.1,126.379,96.92,10.985,163.15,23.065,142.85,45.31,83.106,97.72,107.65,116.74,44.04,17.695,453.65,250.1,65.26,79.42,6.536,25.562,22.292,620.0,105.45
2019-10-02,45.455,34.95,14.025,25.38,23.63,14.6,75.8,344.0,123.785,93.952,10.62,162.45,22.48,138.95,43.55,80.232,94.76,104.55,114.36,42.5,17.22,436.1,240.6,63.92,77.46,6.536,24.665,21.53,600.0,101.85
2019-10-03,44.91,34.305,14.02,25.89,23.33,14.545,75.38,346.8,124.275,93.952,10.525,169.35,22.46,138.65,42.93,80.759,95.4,105.3,119.22,42.115,17.335,437.85,242.6,64.38,77.76,6.536,24.385,21.434,605.0,98.48
2019-10-04,45.0,34.81,14.285,26.32,23.395,14.77,76.86,349.6,126.085,95.417,10.575,172.0,22.58,140.4,43.54,81.753,96.96,105.85,117.78,42.285,17.88,441.9,246.0,65.86,78.2,6.536,24.375,21.597,612.2,98.46
2019-10-07,45.215,34.73,14.45,26.6,23.515,14.84,77.34,353.8,126.868,96.694,10.65,174.0,22.74,141.4,42.56,81.853,97.32,106.65,117.22,42.615,17.905,445.3,248.0,66.98,78.82,6.536,24.47,21.906,616.6,98.54
2019-10-08,44.47,33.585,14.325,26.61,23.11,14.655,75.12,351.05,125.791,95.083,10.485,171.9,22.515,139.35,42.03,81.694,95.64,104.25,117.7,42.325,17.405,438.7,245.4,65.12,78.1,6.536,24.05,21.713,613.8,98.98
2019-10-09,44.88,33.835,14.37,26.96,23.22,14.535,77.14,357.0,129.461,96.033,10.49,172.35,22.45,140.45,42.21,81.405,96.68,105.25,117.38,42.49,17.64,443.95,247.6,65.52,78.96,6.536,24.19,21.838,623.6,97.96
2019-10-10,45.295,35.24,14.49,27.01,23.99,14.675,78.28,376.85,129.657,97.149,10.735,170.4,22.755,140.7,42.52,81.465,97.12,107.35,117.92,43.69,17.92,462.6,245.3,65.66,78.62,6.536,24.645,22.07,631.6,97.02
2019-10-11,46.415,36.895,14.805,27.66,25.255,15.03,80.76,378.2,131.418,98.595,11.22,170.25,23.64,142.1,36.35,81.604,100.2,110.1,118.88,45.75,19.185,471.85,243.2,67.66,79.22,6.536,25.3,22.359,639.4,96.78
2019-10-14,45.84,36.76,14.7,27.54,25.215,15.1,80.32,379.25,131.467,97.934,11.245,168.65,23.495,141.45,37.26,80.968,99.16,108.3,118.3,45.39,19.03,471.7,243.8,67.38,79.52,6.536,25.737,22.456,634.2,96.72
2019-10-15,46.455,37.91,14.84,27.85,25.75,15.095,81.36,380.5,133.13,98.099,11.415,167.7,23.905,141.75,37.9,82.002,98.84,109.95,119.44,47.04,19.465,485.9,244.2,69.08,80.3,6.536,26.188,22.619,638.0,96.4
2019-10-16,46.405,37.8,14.88,27.94,25.98,15.005,81.78,378.1,133.571,97.934,11.64,166.6,23.76,140.4,37.63,82.231,98.8,109.75,119.32,47.25,19.42,482.05,245.4,69.04,79.08,6.536,26.362,22.562,630.6,96.38
2019-10-17,46.215,37.8,14.87,27.55,26.03,14.88,82.2,374.75,131.565,96.736,11.545,159.65,23.835,140.4,37.0,83.265,97.22,108.65,119.84,46.98,19.025,477.65,244.3,69.36,78.58,6.536,26.125,22.234,635.0,95.16
2019-10-18,46.335,37.685,14.925,27.22,26.03,14.95,81.78,375.05,131.907,97.107,11.545,161.0,23.93,140.85,37.76,82.35,96.54,109.0,120.4,46.99,19.0,469.65,240.7,69.06,71.96,6.536,25.612,22.253,632.4,89.98
2019-10-21,46.48,38.17,14.875,27.15,26.545,14.77,83.28,374.6,130.342,96.322,11.79,159.1,24.11,138.0,37.89,82.35,97.16,108.3,122.0,47.81,19.225,475.85,237.8,68.84,72.12,6.536,25.9,22.108,629.6,90.5
2019-10-22,47.185,37.835,14.935,26.7,26.455,14.96,83.92,376.65,129.901,95.95,11.82,156.95,24.09,139.05,38.62,81.624,96.8,106.6,121.86,47.82,19.02,478.05,239.2,69.5,72.88,6.536,26.3,22.147,633.2,88.1
2019-10-23,47.32,37.71,14.915,26.69,26.49,14.97,84.16,375.0,129.559,96.694,11.82,157.5,24.135,138.1,38.79,81.525,96.68,105.1,120.16,47.955,18.48,480.35,239.1,69.3,73.4,6.536,25.8,22.08,625.6,86.96
2019-10-24,47.5,37.45,14.73,26.54,26.185,15.115,83.8,377.05,130.586,96.281,11.815,159.75,24.37,139.2,38.7,83.066,98.32,106.95,122.26,47.825,20.07,472.7,241.9,69.6,74.02,6.536,25.3,22.243,637.8,86.68
2019-10-25,47.695,37.04,14.68,26.83,26.205,14.925,83.86,383.95,131.663,96.529,11.98,159.3,24.305,139.3,38.79,82.947,100.65,101.5,123.52,47.69,20.21,514.0,243.3,69.82,73.96,6.536,26.825,22.186,653.2,87.04
2019-10-28,47.85,36.86,14.545,27.2,26.35,14.86,85.0,382.1,131.565,96.942,12.005,159.1,24.26,139.6,38.52,82.927,99.26,101.65,124.68,48.03,20.68,510.0,243.0,70.04,73.7,6.536,28.112,22.08,649.8,87.84
2019-10-29,47.67,37.55,14.17,27.03,26.33,14.8,85.0,380.25,130.782,96.942,11.95,160.2,24.15,142.4,38.91,83.713,100.4,103.0,125.76,48.0,20.97,510.5,244.6,70.14,74.36,6.536,28.05,22.157,646.6,86.94
2019-10-30,47.665,37.18,14.325,27.37,25.68,14.83,83.92,384.45,132.152,96.86,11.695,163.65,23.83,142.8,38.6,84.518,99.78,101.65,129.98,46.93,20.67,510.9,263.1,70.04,74.82,6.536,27.075,22.349,650.4,88.02
2019-10-31,47.135,36.47,14.44,27.21,25.45,14.995,83.26,382.5,133.864,98.43,11.685,165.5,23.685,141.85,38.55,82.171,100.6,100.95,128.42,46.81,20.34,510.2,261.8,69.98,74.36,6.536,27.275,22.726,645.0,87.64
2019-11-01,47.75,36.975,14.395,27.14,25.86,14.85,84.12,389.25,133.13,97.893,11.77,164.2,23.83,143.1,38.87,81.127,101.75,102.35,129.98,47.17,20.75,515.0,260.4,71.0,73.98,6.536,27.8,22.581,651.8,86.72
2019-11-04,48.515,37.7,14.39,27.18,26.565,14.89,85.64,397.5,133.375,98.43,11.99,163.45,24.08,143.5,39.08,82.251,102.4,104.1,130.84,48.45,21.01,525.5,260.5,70.94,73.62,6.536,28.562,22.407,652.8,87.32
2019-11-05,49.305,37.615,14.325,27.15,26.97,14.715,86.62,400.25,132.837,98.76,12.065,163.0,24.225,142.7,39.75,82.31,101.15,103.8,130.12,49.1,21.3,525.8,263.2,71.62,73.5,6.536,29.038,22.137,648.8,87.0
2019-11-06,49.325,37.495,14.4,27.29,27.89,14.905,86.68,399.55,132.103,99.091,12.16,165.45,24.31,146.35,39.68,82.828,100.8,104.7,131.04,49.87,21.22,522.1,265.0,70.9,74.58,6.536,28.938,22.311,648.0,86.58
2019-11-07,49.59,37.49,14.395,27.43,28.685,14.245,87.08,404.0,132.445,98.43,12.57,164.75,25.0,145.65,40.24,81.913,100.15,104.95,132.28,51.34,21.61,524.1,263.8,69.92,73.68,6.536,29.237,21.916,646.4,87.44
2019-11-08,49.295,37.455,14.285,27.33,28.39,14.185,87.46,403.0,132.152,98.802,12.28,167.4,25.38,145.5,40.13,82.549,100.15,105.5,132.96,50.71,21.64,519.6,264.3,70.72,73.9,6.536,29.038,21.983,648.6,86.7
2019-11-11,49.41,37.455,14.31,27.81,28.76,14.16,87.06,403.25,132.201,98.14,12.415,169.2,25.275,146.55,40.21,82.718,100.95,105.6,132.86,50.52,21.62,520.6,263.0,70.84,74.06,6.536,28.875,21.8,646.2,86.58
2019-11-12,49.445,38.05,14.52,27.89,28.76,14.25,87.6,403.4,132.397,98.017,12.73,168.05,25.31,148.7,40.15,83.384,101.45,105.35,134.68,50.87,22.08,533.5,261.4,71.58,74.08,6.536,28.862,21.945,641.8,86.08
2019-11-13,49.41,36.72,14.465,28.05,28.155,14.345,87.46,401.85,134.892,98.967,12.485,169.65,25.21,148.4,39.51,82.519,100.6,105.5,135.5,50.15,21.86,535.6,262.2,72.12,75.18,6.536,28.35,22.157,650.4,85.08
2019-11-14,49.08,36.69,14.3,28.05,28.22,14.41,87.38,403.75,135.675,98.719,12.545,169.65,25.21,148.95,39.07,81.236,101.65,105.65,135.86,50.34,21.74,537.0,262.2,71.18,74.9,6.536,28.0,22.108,655.6,88.06
2019-11-15,49.275,37.48,14.5,28.01,28.475,14.37,88.14,405.5,136.164,100.331,12.6,170.05,25.235,149.9,39.3,82.629,102.05,106.55,136.4,50.63,22.0,545.8,261.5,71.82,75.18,6.536,28.35,22.08,658.4,88.96
2019-11-18,49.025,37.06,14.77,28.25,28.27,14.34,88.06,402.25,136.8,100.992,12.56,171.0,25.15,149.0,39.16,83.951,101.9,107.5,134.4,50.59,22.06,540.9,262.3,72.08,74.92,6.536,28.0,22.407,656.6,90.0
2019-11-19,48.86,36.97,14.635,27.94,28.375,14.2,87.28,398.2,137.045,100.289,12.56,170.45,25.13,148.65,39.51,82.658,101.25,108.0,135.3,50.75,21.86,549.5,260.8,71.84,74.64,6.536,28.112,22.041,661.6,90.74
2019-11-20,48.76,36.745,14.685,28.26,28.315,14.17,86.42,398.2,135.968,99.959,12.59,168.0,25.005,148.65,39.1,82.43,100.5,107.85,135.1,51.1,21.89,549.4,258.6,71.8,74.16,6.536,27.987,22.137,663.8,92.08
2019-11-21,48.855,36.3,14.725,28.1,28.23,14.02,85.8,394.5,134.843,99.793,12.57,167.25,25.0,149.35,38.89,84.439,100.65,108.7,134.04,51.5,21.47,541.3,255.5,70.9,73.86,6.536,27.8,22.002,653.4,91.2
2019-11-22,49.105,36.22,14.825,28.0,28.64,14.04,86.4,396.25,135.577,100.785,12.655,166.5,25.02,149.25,39.08,83.544,99.64,108.0,133.7,51.55,21.77,541.4,255.4,71.5,74.28,6.536,27.975,22.031,655.8,90.98
2019-11-25,48.935,36.585,14.86,28.21,28.61,14.2,87.48,404.25,137.045,100.868,12.64,165.3,25.035,149.5,39.1,84.568,100.0,108.75,134.58,51.47,22.14,544.0,255.4,71.88,74.58,6.536,28.15,22.041,660.4,90.0
2019-11-26,48.125,37.09,15.01,28.66,28.485,14.26,88.24,407.35,138.121,100.826,12.595,165.95,24.92,149.0,39.45,84.041,100.15,110.0,135.68,51.03,22.53,546.2,257.3,72.2,74.86,6.536,27.812,22.301,665.4,89.7
2019-11-27,48.035,37.55,15.01,28.59,28.555,14.38,88.44,408.65,138.023,100.661,12.655,167.0,24.805,148.7,39.55,83.922,99.74,107.9,133.94,51.36,22.59,547.9,257.9,72.14,74.64,6.536,27.675,22.407,676.2,89.36
2019-11-28,47.99,37.255,14.9,28.52,28.345,14.34,88.34,406.75,137.094,100.95,12.485,166.2,24.835,148.45,39.43,84.001,98.9,108.8,133.62,51.04,22.47,551.9,257.0,72.16,74.62,6.536,27.712,22.504,679.6,89.0
2019-11-29,47.64,36.75,15.0,28.6,28.56,14.36,87.6,407.3,137.974,101.694,12.415,166.7,24.695,148.45,39.94,84.051,98.98,107.35,133.4,50.97,22.3,546.7,258.7,71.68,74.72,6.536,27.225,22.407,680.0,88.92
2019-12-02,47.08,36.74,14.38,27.92,28.42,14.06,86.5,396.55,133.473,98.843,12.34,162.2,24.415,144.85,39.17,82.072,96.84,104.35,129.78,50.35,21.8,540.4,251.7,71.32,73.24,6.536,26.825,21.935,665.0,86.58
2019-12-03,46.635,36.05,14.37,27.95,27.995,14.2,86.1,390.7,132.494,98.264,12.125,162.65,24.26,143.55,39.14,81.624,96.72,104.35,124.06,49.5,21.78,530.3,251.0,71.08,72.8,6.536,26.375,21.877,648.2,86.06
2019-12-04,47.21,37.17,13.7,28.28,28.855,14.4,88.12,396.0,133.375,99.835,12.36,161.5,24.535,145.15,39.3,83.434,98.1,104.5,127.98,50.29,22.25,538.1,253.1,72.14,73.2,6.536,26.4,21.906,652.0,87.8
2019-12-05,47.13,37.69,13.56,28.16,29.095,14.495,88.7,396.2,134.696,100.289,12.4,161.25,24.635,146.15,39.48,82.678,97.16,105.4,127.0,50.26,22.33,540.0,251.2,72.44,73.28,6.536,26.625,21.973,660.0,87.8
2019-12-06,47.955,37.67,13.59,29.06,29.355,14.6,90.58,401.35,135.773,101.157,12.575,163.2,24.85,148.4,40.09,83.106,98.24,106.65,127.04,50.94,23.0,549.1,256.7,72.88,74.48,6.536,27.2,22.137,665.8,87.96
2019-12-09,47.585,37.47,13.46,29.07,29.33,14.44,90.26,399.25,134.354,101.364,12.61,162.7,24.8,148.0,40.0,81.415,97.94,106.3,124.94,50.77,23.11,544.1,254.2,73.38,74.02,6.536,27.013,22.321,664.2,87.44
2019-12-10,47.645,37.67,13.335,28.54,29.16,14.415,89.48,396.8,136.066,101.033,12.62,162.5,24.63,146.35,39.61,86.189,98.58,106.05,124.22,50.27,23.4,546.4,255.5,72.82,73.7,6.536,27.163,22.321,667.2,87.82
2019-12-11,47.395,37.92,13.335,28.15,29.25,14.64,90.46,399.6,135.919,101.116,12.665,162.6,24.54,146.8,39.53,87.472,98.98,104.25,124.0,50.4,23.7,544.9,254.4,72.74,74.24,6.536,27.513,22.687,662.6,86.88
2019-12-12,47.625,37.945,13.38,28.09,30.105,14.5,92.02,398.2,136.017,101.529,12.925,161.5,24.76,145.65,39.6,88.029,98.26,104.6,124.16,51.65,24.17,552.0,256.3,73.14,73.36,6.536,27.663,22.205,662.4,86.18
2019-12-13,47.82,38.07,13.275,28.32,30.295,14.585,92.5,403.8,137.583,102.273,13.055,161.0,24.78,144.75,40.06,88.666,98.26,104.95,125.9,52.05,24.58,562.0,256.3,72.48,73.38,6.536,27.788,22.475,664.4,86.26
2019-12-16,48.28,38.725,13.345,28.91,30.76,14.645,93.74,409.7,138.708,103.099,13.15,161.15,24.96,141.55,40.09,90.108,99.22,108.7,129.22,53.2,24.45,578.6,261.2,73.62,73.9,6.536,28.188,22.658,668.6,89.44
2019-12-17,48.785,37.855,13.445,28.79,30.755,14.73,92.26,402.65,137.485,102.769,13.125,160.3,25.06,139.4,39.59,89.113,98.88,108.9,131.5,53.08,24.34,573.8,256.0,73.9,73.08,6.536,28.15,22.986,668.8,89.94
2019-12-18,48.61,37.435,13.275,28.77,30.91,14.485,91.8,400.85,136.702,102.975,13.16,160.1,25.09,139.0,40.0,89.511,97.58,110.2,130.72,53.27,23.93,578.5,255.9,73.3,74.02,6.536,27.65,22.87,669.6,92.22
2019-12-19,49.0,37.2,13.255,29.3,31.075,14.5,91.6,402.25,135.43,103.388,13.15,159.0,25.04,139.85,40.26,89.601,97.38,111.0,130.82,53.51,24.08,577.8,258.9,73.7,73.98,6.536,27.763,22.967,664.8,91.82
2019-12-20,49.07,37.13,13.305,29.39,31.4,14.75,92.38,410.5,134.549,104.876,13.065,160.35,25.405,140.25,40.84,90.366,99.38,111.2,131.88,53.56,24.33,580.1,264.7,73.76,74.86,6.536,27.638,22.976,671.8,92.98
2019-12-23,49.355,36.995,13.25,29.6,31.19,14.655,92.3,413.8,135.185,104.504,13.01,161.2,25.39,140.85,41.06,90.217,99.6,111.35,132.78,53.11,24.23,582.0,265.3,73.88,74.74,6.536,27.55,22.967,676.6,93.66
2019-12-24,49.475,37.07,13.28,29.66,31.175,14.62,92.2,414.1,135.626,104.132,13.015,162.55,25.26,140.85,41.25,90.138,98.76,112.0,133.14,52.98,24.28,587.4,264.5,73.76,74.34,6.536,27.312,23.053,678.0,93.84
2019-12-25,49.475,37.07,13.28,29.66,31.175,14.62,92.2,414.1,135.626,104.132,13.015,162.55,25.26,140.85,41.25,90.138,98.76,112.0,133.14,52.98,24.28,587.4,264.5,73.76,74.34,6.536,27.312,23.053,678.0,93.84
2019-12-26,49.475,37.07,13.28,29.66,31.175,14.62,92.2,414.1,135.626,104.132,13.015,162.55,25.26,140.85,41.25,90.138,98.76,112.0,133.14,52.98,24.28,587.4,264.5,73.76,74.34,6.536,27.312,23.053,678.0,93.84
2019-12-27,49.29,37.08,13.195,29.49,31.08,14.69,92.5,417.6,136.164,104.835,13.02,162.0,25.21,139.85,41.05,90.346,99.54,111.15,133.28,52.97,24.34,590.7,266.1,74.12,74.5,6.536,27.425,23.015,677.4,93.0
2019-12-30,49.185,36.515,13.13,29.54,30.975,14.515,91.54,414.6,132.005,104.091,12.935,161.3,25.095,137.1,40.7,89.262,98.98,110.3,130.0,52.73,23.98,586.3,263.2,73.04,74.0,6.536,27.013,23.121,671.2,92.72
2019-12-31,49.2,36.5,13.12,29.31,31.015,14.4,91.5,414.2,132.886,104.298,12.925,159.4,25.11,137.65,40.36,89.133,99.0,108.9,130.48,52.83,23.97,585.2,264.0,72.64,73.9,6.536,27.275,22.861,666.2,92.52
2020-01-02,49.815,36.985,13.175,29.46,31.655,14.695,93.06,419.15,133.767,104.711,13.185,160.35,25.46,137.6,40.68,89.73,99.84,111.05,133.52,53.58,24.79,598.0,264.2,73.54,73.98,6.536,27.112,23.073,671.0,92.94
2020-01-03,50.38,36.34,13.26,29.69,31.335,14.69,92.82,419.1,133.326,104.38,13.105,161.2,25.47,138.0,40.78,90.287,99.22,111.15,134.04,52.94,24.58,600.9,263.9,73.4,74.62,6.536,26.95,23.188,675.4,94.12
2020-01-06,50.44,36.0,13.19,29.5,31.08,14.705,92.7,415.15,133.179,103.678,12.975,161.2,25.135,136.45,41.1,90.854,98.72,109.3,133.46,52.68,24.03,590.8,263.0,73.34,74.76,6.536,26.938,23.053,669.8,95.04
2020-01-07,50.11,35.855,13.2,29.74,31.46,14.89,92.32,416.0,134.109,103.223,12.945,160.55,25.29,137.7,42.26,90.535,98.04,109.35,132.0,52.66,24.63,596.3,259.6,72.96,74.06,6.536,27.013,22.851,678.2,94.8
2020-01-08,50.24,35.9,13.11,30.1,31.77,14.87,92.56,418.8,135.919,103.306,13.005,159.45,25.28,137.5,42.19,90.844,99.92,109.05,134.38,52.78,24.6,597.3,261.2,72.84,72.56,6.536,27.562,22.735,684.2,96.18
2020-01-09,49.96,35.69,13.15,30.49,31.785,14.81,91.8,424.5,138.121,103.719,13.015,159.7,25.25,139.45,42.02,91.5,98.92,109.05,134.92,52.4,25.2,595.9,262.8,72.82,72.7,6.536,27.688,22.909,687.0,96.5
2020-01-10,49.785,35.22,13.12,30.8,31.435,14.755,92.14,423.65,137.974,103.967,12.875,158.9,25.355,138.5,41.92,92.216,99.42,110.25,134.42,52.16,24.73,592.1,263.9,72.42,72.6,6.536,27.737,23.478,689.0,95.92
2020-01-13,49.56,35.67,13.055,30.9,31.435,14.8,91.86,426.75,135.821,104.339,12.855,162.8,25.335,137.45,43.08,91.57,99.74,111.9,135.12,51.93,24.95,593.8,262.5,72.04,72.26,6.536,27.7,23.506,689.6,96.78
2020-01-14,49.16,35.945,13.04,30.8,31.435,14.81,92.62,431.0,136.849,104.959,12.92,165.7,24.685,137.6,43.4,90.774,100.4,114.25,135.1,52.17,25.07,592.1,263.8,72.82,71.4,6.536,27.725,23.892,699.6,96.46
2020-01-15,48.58,35.425,13.03,31.21,30.95,14.9,92.34,431.45,139.051,104.793,12.765,167.25,24.18,139.25,43.04,91.222,100.55,114.9,134.26,50.96,24.62,594.6,269.4,72.56,72.44,6.536,27.075,24.239,708.6,96.32
2020-01-16,48.79,35.07,12.855,31.04,30.61,14.98,92.62,431.9,139.051,105.248,12.775,167.5,24.2,141.0,42.94,91.112,100.45,114.8,133.4,50.59,24.79,605.1,269.8,72.38,73.5,6.536,26.962,24.461,712.0,97.3
2020-01-17,48.505,35.365,13.03,31.51,30.65,15.195,94.22,439.05,141.595,106.942,12.87,170.6,24.375,142.55,41.78,91.689,102.4,116.4,136.78,50.75,25.16,610.2,275.3,73.8,73.7,6.536,27.5,24.731,725.6,98.78
2020-01-20,48.57,35.13,13.06,31.57,30.585,15.3,93.98,429.75,139.833,106.488,12.81,169.15,24.475,142.15,42.23,91.401,102.1,117.0,137.9,50.49,25.36,599.0,274.3,73.26,73.22,6.536,27.888,24.972,717.0,99.9
2020-01-21,48.115,35.095,13.1,31.68,30.425,15.285,93.6,424.95,139.785,107.19,12.765,168.6,24.55,142.0,42.08,90.864,102.2,117.55,136.4,50.21,25.09,586.6,270.7,72.18,73.3,6.536,27.812,25.165,709.2,99.02
2020-01-22,47.8,35.0,13.13,32.1,30.32,15.295,92.98,423.45,137.24,107.066,12.63,167.4,24.39,140.25,41.52,88.387,100.9,117.7,137.98,50.08,25.36,592.2,269.0,71.88,72.9,6.536,27.362,25.406,711.2,98.32
2020-01-23,47.32,34.655,13.06,32.12,30.175,15.5,92.52,411.95,136.213,106.24,12.49,165.8,24.145,142.1,41.48,88.725,101.35,118.45,135.8,49.955,27.0,573.4,267.0,71.94,73.32,6.536,26.788,25.551,704.2,97.7
2020-01-24,47.385,35.21,13.09,32.79,30.19,15.71,94.22,416.3,136.017,107.934,12.575,164.2,24.31,147.0,41.3,88.626,102.4,119.05,139.0,49.91,27.74,573.3,270.5,73.4,74.1,6.536,26.675,26.023,711.0,98.7
2020-01-27,46.11,34.99,12.945,32.13,29.775,15.7,91.62,401.0,132.984,105.455,12.325,158.6,23.87,143.55,40.62,86.229,99.66,117.95,132.9,48.87,26.14,552.6,258.0,72.28,72.9,6.536,26.038,25.618,680.4,98.1
2020-01-28,46.475,35.005,13.1,31.98,29.82,15.725,92.16,412.0,135.039,106.942,12.46,158.0,24.165,144.5,40.96,87.194,101.15,116.9,134.24,49.42,27.06,561.8,261.6,72.62,73.18,6.536,26.538,25.743,686.6,98.2
2020-01-29,46.18,35.39,12.955,32.32,29.83,15.88,93.7,407.6,135.675,108.306,12.435,158.45,24.23,150.05,40.81,88.188,102.05,115.35,136.56,49.505,26.89,568.0,262.3,74.4,72.84,6.536,27.0,25.821,690.0,99.2
2020-01-30,44.92,34.74,12.875,31.57,29.51,15.63,91.86,398.9,133.913,108.182,12.28,156.55,24.235,147.6,40.26,87.383,101.15,113.65,134.5,48.89,26.52,561.2,259.6,73.58,72.5,6.536,26.638,25.608,677.4,98.92
2020-01-31,44.145,34.235,12.805,31.34,29.225,15.56,90.52,395.3,131.369,108.058,12.23,156.5,24.08,145.95,40.03,86.478,100.2,112.35,133.24,48.045,25.29,555.0,251.9,72.4,72.4,6.536,26.25,25.724,676.6,99.22
2020-02-03,43.76,34.185,12.8,31.67,29.285,15.63,91.8,396.75,132.886,109.008,12.34,157.0,24.07,146.9,39.99,87.124,100.5,114.0,133.68,48.34,25.75,554.1,255.0,73.24,72.76,6.536,26.3,25.714,678.8,99.3
2020-02-04,44.8,34.72,12.63,31.57,29.635,15.645,94.04,410.6,133.326,109.917,12.565,159.3,24.4,148.3,40.08,88.079,102.2,116.05,138.0,49.29,26.67,569.0,261.5,73.98,73.38,6.536,26.575,25.734,692.0,98.18
2020-02-05,45.435,35.07,12.605,31.95,30.29,15.535,95.58,415.0,134.892,111.529,13.045,158.3,24.71,147.5,40.14,89.441,104.05,116.15,136.88,49.61,27.37,573.6,263.1,73.96,73.16,6.536,26.85,25.859,700.2,97.92
2020-02-06,45.9,35.14,12.76,31.89,30.6,15.71,95.98,418.05,134.305,111.777,13.315,161.4,24.745,147.6,40.22,93.141,103.5,117.95,137.0,50.41,27.2,572.0,267.8,73.16,73.76,6.536,26.612,26.148,693.0,97.0
2020-02-07,45.26,35.19,12.79,30.97,30.55,15.64,95.62,413.95,134.06,111.488,13.44,161.3,24.81,150.25,40.55,93.072,103.65,116.2,136.78,51.83,27.24,565.7,270.7,73.24,73.44,6.536,26.712,26.177,695.4,97.42
2020-02-10,44.575,35.15,12.775,31.11,30.15,15.625,95.4,413.55,134.647,111.281,13.395,160.8,24.91,148.6,40.59,92.962,104.4,115.9,136.62,51.64,27.57,562.5,270.8,73.42,73.42,6.536,26.688,26.177,696.0,96.32
2020-02-11,44.99,35.47,12.695,31.16,30.4,15.915,96.06,412.35,135.381,113.967,13.49,160.0,25.16,149.55,40.37,93.42,105.0,115.65,138.0,52.73,28.25,562.7,273.0,73.7,73.62,6.536,25.875,26.582,696.4,95.26
2020-02-12,45.485,36.045,12.845,31.0,31.55,15.94,96.62,424.7,135.968,114.711,13.54,160.65,25.265,147.35,41.07,92.425,105.65,117.35,136.6,53.58,28.54,598.0,271.1,73.3,73.42,6.536,27.487,26.563,709.4,95.96
2020-02-13,45.395,36.065,13.27,30.95,31.665,15.91,97.38,421.55,136.506,115.702,13.65,166.75,25.27,145.2,40.77,91.878,105.0,113.4,132.8,53.57,29.37,596.4,271.5,76.6,71.92,6.536,27.212,26.968,711.0,96.1
2020-02-14,45.25,35.89,13.36,31.06,31.73,16.135,97.0,414.95,136.36,114.711,13.49,166.0,25.46,145.0,40.92,91.739,105.8,114.95,129.86,53.68,28.95,579.4,268.2,76.1,72.52,6.536,27.2,27.045,705.0,96.0
2020-02-17,45.205,36.4,13.385,31.05,31.935,16.325,98.18,414.4,137.338,115.537,13.635,166.4,25.5,144.85,41.07,91.808,105.75,115.15,130.98,54.18,28.2,580.0,267.5,77.44,72.26,6.536,28.062,27.151,709.4,95.2
2020-02-18,44.695,35.575,13.43,31.27,31.78,16.55,97.0,408.85,137.045,115.496,13.35,166.5,25.435,143.35,41.1,93.201,106.15,113.95,130.26,53.67,27.85,569.7,268.3,76.3,71.96,6.536,27.675,27.421,700.0,95.04
2020-02-19,45.05,35.62,13.455,31.5,31.795,16.645,97.4,419.05,139.54,115.95,13.335,169.05,25.365,145.95,41.29,93.489,106.75,115.3,131.8,53.75,29.13,587.0,272.3,77.0,71.6,6.536,27.487,27.865,712.8,95.62
2020-02-20,44.75,35.78,13.44,31.15,31.22,16.48,102.9,409.8,138.366,114.463,13.155,165.35,24.485,145.55,41.75,92.992,105.2,113.35,131.78,53.26,28.71,566.5,265.7,77.24,71.46,6.536,27.587,27.836,699.8,96.98
2020-02-21,44.295,35.815,13.435,30.93,31.07,16.595,101.65,404.5,139.002,115.083,13.14,165.45,24.13,143.8,41.12,92.823,105.45,113.35,130.84,53.22,28.3,561.6,266.0,77.26,71.0,6.536,27.388,27.643,694.6,96.44
2020-02-24,42.165,34.65,13.23,30.12,29.94,16.095,98.58,385.65,130.831,110.537,12.7,159.35,23.345,137.0,39.34,91.072,100.6,110.45,124.38,51.2,26.31,535.1,256.0,75.4,67.54,6.536,26.1,26.9,670.4,93.1
2020-02-25,41.14,34.265,12.955,29.43,28.85,15.545,96.58,380.05,128.287,108.388,12.24,156.55,22.81,132.8,38.38,89.949,98.26,107.95,123.54,48.7,26.08,524.5,252.7,74.4,67.58,6.536,25.362,26.534,664.2,91.14
2020-02-26,41.045,34.435,12.91,29.54,28.56,15.64,97.1,385.25,127.455,108.802,12.1,155.95,22.56,132.3,37.8,90.406,97.62,107.0,120.56,48.215,26.69,530.0,254.0,74.52,67.94,6.536,25.45,26.63,666.0,96.68
2020-02-27,39.68,33.04,12.73,28.93,26.72,16.005,93.74,369.85,123.443,105.62,11.355,151.9,21.855,129.65,35.22,87.959,95.54,102.45,115.0,45.385,24.81,511.7,246.6,71.8,65.4,6.536,24.995,25.849,641.0,94.28
2020-02-28,38.38,31.6,12.19,28.4,25.59,15.03,90.5,370.85,120.458,101.57,10.81,146.4,20.955,124.1,34.98,83.474,90.98,99.22,108.1,43.785,24.41,505.8,241.0,69.02,63.72,6.536,24.06,25.001,630.0,90.8
2020-03-02,39.1,31.92,12.18,28.2,25.02,15.135,92.24,376.1,119.088,103.347,10.47,149.25,20.725,123.3,33.96,85.125,90.82,95.52,107.62,43.455,24.32,504.6,247.5,68.66,63.1,6.536,23.92,25.444,634.8,92.52
2020-03-03,39.32,32.795,12.115,28.63,24.23,15.235,94.64,377.35,124.911,104.835,10.225,149.3,21.01,127.15,34.4,85.622,93.32,95.46,112.12,42.81,24.94,512.0,251.4,69.28,62.8,6.536,23.98,26.197,642.8,91.52
2020-03-04,39.945,33.14,12.54,28.74,24.18,15.93,96.1,385.2,125.84,106.446,10.125,149.85,21.155,126.95,34.77,89.093,95.22,95.66,110.96,42.25,24.72,513.6,259.5,69.02,62.94,6.536,24.295,27.363,653.0,92.14
2020-03-05,39.05,32.635,12.34,28.74,22.785,15.73,96.4,374.55,122.269,105.372,9.66,152.3,20.66,122.0,33.02,88.984,93.1,93.72,107.72,40.515,24.42,501.5,257.5,67.2,62.76,6.536,23.38,27.267,646.6,92.26
2020-03-06,37.15,31.51,12.1,27.89,21.4,14.945,90.28,360.35,117.523,101.901,9.298,150.25,20.0,115.15,32.85,84.598,87.52,91.08,99.5,38.515,23.29,483.5,253.7,65.36,60.96,6.536,23.3,25.994,634.0,88.88
2020-03-09,30.98,28.695,11.3,26.34,17.622,13.68,82.14,338.0,111.309,94.174,7.73,144.4,18.002,107.5,30.8,79.496,80.72,85.04,89.99,33.785,21.03,457.05,236.8,62.76,58.12,6.536,21.795,23.776,605.6,83.74
2020-03-10,31.515,28.28,10.845,26.19,18.146,13.01,80.9,334.8,104.9,92.645,7.708,140.0,17.728,105.65,29.79,77.944,75.76,82.94,89.62,34.63,21.12,449.95,234.4,62.26,57.3,6.536,21.365,22.619,595.8,82.26
2020-03-11,30.965,28.235,10.72,25.63,18.762,12.73,82.18,330.15,106.465,93.306,7.896,137.3,17.676,102.9,29.57,79.197,76.84,81.7,85.7,35.66,20.69,438.5,229.7,61.02,57.82,6.536,21.515,21.829,594.6,80.3
2020-03-12,26.38,23.75,9.61,23.56,15.546,10.54,70.66,301.5,98.833,82.893,6.594,123.8,14.986,85.56,25.13,73.041,63.72,72.22,71.36,31.0,17.645,384.5,213.0,52.16,52.9,6.536,18.395,18.319,560.0,74.06
2020-03-13,26.025,23.355,9.608,24.2,17.148,10.485,71.96,314.9,97.952,87.066,6.862,122.1,15.33,84.28,25.18,73.011,67.38,69.8,74.33,31.73,18.095,405.0,216.0,51.34,53.76,6.536,18.805,17.62,572.8,72.96
2020-03-16,24.335,19.36,9.402,21.65,14.52,9.978,70.42,297.6,93.842,82.0,6.078,122.05,13.444,74.54,22.91,76.184,59.04,62.66,69.0,27.44,16.445,377.6,207.6,50.82,53.96,6.536,17.745,16.916,548.2,65.82
2020-03-17,25.15,19.73,10.46,22.05,15.658,10.305,73.4,311.25,94.821,87.397,6.522,120.75,13.638,68.9,21.84,78.024,64.08,58.28,63.04,29.2,16.195,391.05,222.6,53.58,58.12,6.536,18.295,16.463,558.6,62.16
2020-03-18,21.795,18.0,10.485,23.26,14.16,10.3,68.14,287.95,97.952,82.479,6.242,122.35,12.698,53.14,22.24,75.687,57.0,57.42,49.065,26.4,13.945,357.6,224.4,51.78,59.8,6.536,17.875,16.695,525.0,55.16
2020-03-19,22.5,18.128,10.935,22.5,13.8,10.285,67.28,294.95,102.258,86.777,6.22,122.6,12.494,55.5,22.23,75.468,62.64,59.18,53.73,27.185,15.035,380.3,227.6,51.34,61.08,6.536,18.22,17.452,560.0,58.22
2020-03-20,25.0,18.724,11.135,25.36,14.666,10.405,69.72,311.0,107.933,86.86,6.828,127.1,13.72,66.2,22.55,73.449,69.78,66.1,63.78,27.44,16.36,419.7,227.0,51.22,58.74,6.536,18.785,17.577,606.2,64.66
2020-03-23,26.5,17.938,11.19,23.4,13.782,9.766,67.76,311.4,96.719,86.364,6.548,123.2,13.448,57.04,22.33,71.659,65.26,64.38,55.0,25.425,16.085,405.95,220.6,50.16,55.84,6.536,17.81,16.362,603.4,63.5
2020-03-24,30.475,20.075,11.65,26.63,15.526,10.39,75.9,339.15,106.71,89.917,7.052,127.65,15.81,68.98,25.13,74.334,69.1,71.96,55.98,27.78,18.325,448.35,238.3,58.52,54.92,6.536,19.085,17.683,641.2,66.78
2020-03-25,32.85,21.71,11.43,26.0,17.302,10.585,78.7,363.5,109.645,89.504,7.438,132.85,16.448,81.98,25.93,76.383,74.66,72.54,60.01,30.0,19.455,472.1,253.8,57.66,56.12,6.536,20.09,17.596,656.2,68.52
2020-03-26,33.0,22.375,11.465,25.65,17.678,10.6,81.78,363.7,107.297,90.826,7.456,135.25,16.356,91.92,24.36,77.278,75.86,79.2,72.29,30.98,19.32,492.35,254.6,61.04,58.56,6.536,19.965,18.623,671.4,73.98
2020-03-27,32.25,21.72,10.935,26.02,16.258,9.848,79.48,341.65,100.349,88.347,7.006,129.95,15.49,87.0,22.86,76.582,71.64,78.0,68.17,29.875,18.485,479.5,240.0,57.12,55.72,6.536,18.99,18.247,645.0,72.5
2020-03-30,33.57,21.445,11.21,26.58,15.436,9.45,79.22,350.0,97.287,93.058,6.698,130.75,15.346,84.9,23.33,80.073,73.0,78.0,60.93,28.25,19.4,481.5,246.3,57.58,57.12,6.536,19.12,19.018,639.8,73.0
2020-03-31,35.39,22.165,11.135,27.0,15.348,9.412,78.58,338.45,96.171,96.405,6.69,129.45,15.788,80.14,26.12,79.705,75.4,77.0,59.34,27.51,19.875,475.9,238.9,58.48,58.64,6.536,20.265,18.777,628.8,76.38
2020-04-01,35.2,21.58,10.875,26.49,13.886,8.976,73.54,324.65,91.768,94.215,6.344,128.6,14.734,66.96,25.19,78.511,67.06,73.62,52.2,25.87,18.97,455.0,233.3,56.76,56.56,6.536,19.96,17.635,592.0,73.4
2020-04-02,36.28,21.8,11.05,25.14,13.936,8.894,73.6,325.35,94.273,93.636,6.256,127.9,14.634,68.6,26.06,79.048,65.1,70.3,50.27,26.045,18.49,455.6,238.0,56.88,56.8,6.536,19.77,17.924,598.6,74.06
2020-04-03,33.53,21.69,10.985,23.75,12.8,8.698,74.5,325.05,95.662,95.207,6.018,126.8,13.964,63.0,27.16,80.918,63.84,67.52,49.505,24.735,17.935,452.7,236.3,56.9,56.52,6.536,19.47,17.08,604.8,72.34
2020-04-06,33.815,24.12,11.38,24.49,13.972,9.276,81.26,339.75,102.991,96.281,6.244,134.3,14.766,67.36,29.47,84.369,70.34,69.66,53.53,25.645,19.56,468.4,235.4,59.98,58.54,6.536,20.78,17.533,604.8,74.64
2020-04-07,34.265,25.24,11.33,24.33,14.598,9.358,81.98,344.5,105.829,99.215,6.7,135.3,15.372,72.0,29.28,83.544,71.92,75.38,57.04,26.75,20.55,477.0,240.0,59.16,58.4,6.536,21.515,18.097,617.2,74.22
2020-04-08,33.88,24.81,11.465,25.64,14.586,9.422,82.22,343.2,103.725,97.645,6.716,134.1,15.308,74.98,29.24,81.554,74.16,77.16,59.81,26.955,21.17,475.35,242.4,59.14,57.0,6.536,21.975,17.996,636.0,72.68
2020-04-09,33.625,25.98,11.365,26.16,15.022,9.886,80.26,347.4,104.41,97.893,6.974,139.5,15.53,79.6,30.08,81.684,76.5,81.0,61.0,28.405,22.2,473.7,244.8,59.16,58.6,6.536,21.76,18.541,641.8,74.46
2020-04-10,33.625,25.98,11.365,26.16,15.022,9.886,80.26,347.4,104.41,97.893,6.974,139.5,15.53,79.6,30.08,81.684,76.5,81.0,61.0,28.405,22.2,473.7,244.8,59.16,58.6,6.536,21.76,18.541,641.8,74.46
2020-04-13,33.625,25.98,11.365,26.16,15.022,9.886,80.26,347.4,104.41,97.893,6.974,139.5,15.53,79.6,30.08,81.684,76.5,81.0,61.0,28.405,22.2,473.7,244.8,59.16,58.6,6.536,21.76,18.541,641.8,74.46
2020-04-14,32.66,25.11,11.65,26.09,14.676,9.72,82.3,352.0,105.487,103.058,6.786,137.05,15.494,79.76,29.86,82.201,77.04,82.0,60.0,27.81,22.1,483.75,250.5,60.2,61.26,6.536,21.255,18.319,672.8,72.5
2020-04-15,30.685,23.91,11.315,26.26,13.472,9.334,79.22,342.0,102.845,99.587,6.234,135.15,14.922,74.0,27.0,82.36,70.56,77.02,54.8,25.82,20.4,475.0,245.9,56.7,62.0,6.536,20.55,18.208,675.6,68.18
2020-04-16,30.015,24.19,11.16,27.79,13.432,9.352,79.5,342.8,104.264,99.05,6.196,137.0,14.712,75.04,25.33,84.369,71.08,79.28,53.2,24.9,20.62,477.25,244.5,57.36,62.04,6.536,21.065,18.387,668.6,68.68
2020-04-17,31.02,24.81,11.365,27.49,13.942,9.492,82.88,358.0,108.716,99.835,6.53,139.95,14.924,80.5,26.37,86.1,76.46,80.3,56.8,25.47,21.37,503.4,247.6,59.36,63.62,6.536,22.165,19.168,684.8,72.2
2020-04-20,30.87,24.69,11.51,27.48,13.94,9.5,85.66,360.45,107.884,100.455,6.516,140.45,14.91,80.9,25.98,87.92,75.8,81.24,55.62,25.695,21.04,508.9,255.7,58.98,64.6,6.536,21.735,18.175,694.8,71.9
2020-04-21,29.7,23.68,11.01,26.32,13.16,9.22,81.26,350.0,103.579,95.661,6.256,138.2,14.682,73.92,24.43,87.611,70.0,78.92,51.96,24.67,19.7,489.0,245.8,55.98,62.84,6.536,21.165,16.936,669.2,71.22
2020-04-22,31.115,24.15,11.305,27.55,13.512,9.136,82.56,353.45,102.453,97.066,6.476,136.5,14.734,75.0,24.65,87.681,71.88,80.3,53.53,25.535,21.4,464.95,248.1,58.2,62.4,6.536,20.945,17.336,672.6,70.0
2020-04-23,32.42,24.13,11.31,27.35,14.212,9.202,83.18,348.65,103.823,97.19,6.758,137.75,14.76,77.6,26.1,88.407,70.18,80.46,54.25,27.13,22.36,457.05,245.8,60.18,61.94,6.536,20.56,18.069,701.0,69.14
2020-04-24,31.86,22.96,11.185,27.17,13.518,9.246,80.18,340.85,102.747,95.289,6.542,135.0,14.56,76.18,26.9,90.446,69.94,78.0,52.34,26.3,22.63,451.35,243.3,58.4,62.5,6.536,20.6,18.035,674.4,68.18
2020-04-27,32.25,23.4,11.32,28.2,14.2,9.314,83.0,350.95,105.878,97.273,6.838,137.0,15.172,77.32,27.15,92.893,73.74,78.8,51.07,27.79,23.92,464.85,246.2,59.52,64.08,6.536,21.97,18.874,685.6,70.0
2020-04-28,32.795,23.79,11.25,27.46,14.796,9.37,85.22,357.0,106.172,98.843,7.258,135.65,15.98,82.3,27.35,91.689,75.08,85.0,52.88,29.6,24.3,466.95,254.4,61.76,62.36,6.536,21.88,18.642,676.8,70.54
2020-04-29,33.82,25.45,11.2,27.24,15.606,9.99,86.34,359.8,108.961,99.298,7.746,137.95,16.59,87.3,28.68,90.207,75.82,88.12,58.39,30.7,24.97,476.45,256.2,63.94,62.54,6.536,22.53,19.428,681.2,72.54
2020-04-30,32.85,24.21,11.135,26.71,14.26,9.904,83.46,352.45,110.233,95.95,7.282,139.1,16.196,84.22,27.13,88.705,74.7,85.74,57.88,28.675,23.71,460.2,265.3,61.52,63.26,6.536,22.275,18.787,667.8,69.14
2020-05-01,32.85,24.21,11.135,26.71,14.26,9.904,83.46,352.45,110.233,95.95,7.282,139.1,16.196,84.22,27.13,88.705,74.7,85.74,57.88,28.675,23.71,460.2,265.3,61.52,63.26,6.536,22.275,18.787,667.8,69.14
2020-05-04,30.49,23.1,10.775,26.38,13.15,9.444,80.54,338.55,104.704,93.306,6.902,136.2,15.418,78.0,25.67,87.94,70.28,82.04,55.0,27.11,22.4,450.95,250.2,58.1,61.5,6.536,20.955,17.929,646.2,64.6
2020-05-05,32.91,24.26,10.89,27.05,13.324,9.564,81.36,342.5,107.933,96.405,7.166,133.3,15.84,80.0,25.82,90.207,72.54,87.14,56.44,28.21,22.78,451.8,248.2,58.98,61.48,6.536,21.44,18.768,665.8,66.36
2020-05-06,32.2,23.85,10.725,27.22,12.8,9.578,79.5,336.4,106.759,96.157,7.0,132.55,15.954,78.36,24.85,91.918,72.44,89.36,53.7,28.0,22.9,433.5,243.0,57.68,61.5,6.536,21.615,18.3,650.0,68.14
2020-05-07,32.57,24.32,10.69,27.88,13.066,9.69,79.32,345.55,108.324,99.132,7.178,134.85,16.294,81.08,25.42,90.257,73.92,89.6,55.75,28.495,23.13,442.65,249.0,57.66,62.96,6.536,21.84,18.449,672.2,70.0
2020-05-08,32.985,25.4,10.725,28.07,13.268,9.798,80.42,352.25,108.324,99.091,7.26,136.7,16.226,81.12,26.24,89.083,76.8,88.96,56.07,28.815,23.38,447.5,253.5,59.9,64.06,6.536,22.32,18.932,679.8,69.92
2020-05-11,32.385,25.1,10.635,27.6,12.91,9.76,80.26,348.9,111.211,96.57,7.024,135.0,16.114,78.5,26.23,88.437,75.24,86.32,54.5,28.1,22.81,439.25,255.9,58.84,64.08,6.536,21.78,18.527,661.4,69.5
2020-05-12,32.315,24.42,10.67,27.65,12.694,9.34,81.36,346.85,111.113,96.157,6.966,133.75,15.894,77.28,25.67,90.516,76.0,88.48,51.22,27.82,23.7,435.95,253.3,59.7,63.02,6.536,21.735,18.286,670.4,67.2
2020-05-13,31.09,23.81,10.4,27.42,12.09,9.172,80.18,335.05,106.367,94.793,6.788,129.6,15.53,75.5,23.69,89.004,73.26,85.0,49.6,26.5,22.79,422.3,245.4,58.3,62.36,6.536,20.855,17.606,673.6,63.66
2020-05-14,30.81,23.39,10.23,26.78,11.844,9.246,77.46,331.0,105.193,92.645,6.696,125.7,15.17,73.66,24.14,87.701,72.8,81.66,49.88,26.23,22.27,415.35,241.4,57.1,60.44,6.536,20.35,17.466,667.0,61.96
2020-05-15,30.86,23.12,10.115,27.46,11.766,9.376,78.14,330.25,105.34,92.769,6.808,127.15,15.12,73.0,25.26,86.746,73.0,81.54,49.31,26.54,21.61,411.35,242.7,57.78,60.66,6.536,20.545,17.538,665.2,63.5
2020-05-18,33.145,25.29,10.535,28.32,12.974,9.87,83.12,350.05,109.694,96.942,7.224,131.85,15.52,79.48,25.87,87.084,79.46,86.12,55.34,28.615,22.22,429.8,250.3,60.66,63.1,6.536,22.15,18.416,700.0,67.0
2020-05-19,32.955,24.82,10.16,27.66,12.356,9.732,83.16,357.5,110.086,95.702,7.024,132.55,15.698,78.48,24.96,86.368,78.02,86.66,54.23,28.35,22.2,440.05,248.3,57.3,61.82,6.536,22.05,17.611,690.0,63.5
2020-05-20,33.37,24.86,10.34,28.35,12.726,9.784,84.2,361.75,110.526,96.198,7.066,134.0,15.58,77.98,25.51,87.263,78.78,87.36,55.05,28.82,22.48,436.05,253.3,58.82,62.12,6.536,21.665,17.606,693.6,63.06
2020-05-21,32.77,26.07,10.3,27.92,12.404,9.91,82.42,359.85,109.058,95.909,6.852,134.05,15.448,77.32,24.28,86.517,77.68,84.38,54.65,28.285,21.9,433.25,248.3,57.3,61.26,6.536,21.475,17.558,691.0,63.62
2020-05-22,32.67,26.81,10.28,28.48,12.44,9.822,84.3,355.3,108.031,96.983,6.892,132.95,15.33,75.68,24.61,86.388,76.84,86.4,54.04,28.375,21.95,422.9,248.1,59.04,61.18,6.536,21.695,17.471,697.8,62.0
2020-05-25,33.265,27.83,10.395,29.09,12.544,9.964,85.36,361.95,109.645,98.388,7.03,136.6,15.192,80.36,25.12,87.194,81.02,88.94,58.64,28.905,22.21,431.95,251.1,59.96,61.72,6.536,22.005,17.755,700.2,66.22
2020-05-26,33.375,27.9,10.2,29.59,13.424,10.245,85.96,365.4,109.058,96.529,7.592,138.7,15.826,86.6,25.7,86.06,82.32,92.2,62.81,31.0,22.92,448.6,248.5,60.38,61.54,6.536,22.095,18.531,710.0,67.52
2020-05-27,34.04,28.29,10.45,29.4,14.304,10.545,87.66,373.85,114.391,95.992,7.994,140.95,16.81,87.68,27.54,85.712,84.36,90.06,61.13,33.735,21.76,467.6,251.4,60.26,61.5,6.536,23.43,18.936,712.0,68.76
2020-05-28,34.32,28.84,10.78,29.93,13.916,10.855,88.52,386.8,117.082,99.545,7.996,143.35,16.934,88.88,26.8,88.029,83.96,92.8,60.12,33.695,22.21,480.95,260.2,60.8,62.2,6.536,23.545,19.283,746.6,71.0
2020-05-29,33.625,29.07,10.845,30.45,13.232,10.635,89.24,375.0,113.266,100.909,7.824,140.1,16.38,85.86,25.52,87.054,83.04,92.1,56.7,32.255,22.09,469.6,261.9,61.3,61.56,6.536,22.715,18.98,747.8,68.78
2020-06-01,34.545,29.23,11.04,30.05,13.82,10.65,89.7,378.9,115.272,101.116,8.016,141.75,16.5,88.3,27.6,88.208,83.96,92.58,59.44,33.485,22.35,476.4,258.8,60.96,61.9,6.536,23.25,19.173,746.0,69.54
2020-06-02,35.545,30.69,10.98,29.92,14.268,10.905,90.9,384.95,117.327,101.901,8.2,142.55,17.256,93.52,28.49,88.337,85.98,93.54,63.7,34.48,22.74,487.75,261.2,61.3,62.12,6.536,23.58,20.035,754.6,71.24
2020-06-03,36.425,31.2,11.265,30.64,14.892,11.61,95.42,393.45,118.942,104.132,8.484,145.4,19.046,98.0,29.57,88.318,90.1,93.8,68.41,36.15,24.72,504.2,270.4,63.3,62.32,6.536,24.895,20.845,773.2,75.8
2020-06-04,36.115,31.3,11.315,30.45,15.266,11.36,94.34,390.05,118.159,103.595,8.554,147.05,19.158,98.6,30.51,88.367,88.44,93.2,71.98,36.02,24.3,507.4,266.5,63.42,62.66,6.536,24.26,20.624,774.0,75.42
2020-06-05,38.335,32.64,11.535,30.68,16.848,11.69,98.38,404.25,122.611,104.752,9.096,146.7,20.04,101.95,31.95,88.676,90.32,97.76,80.98,39.115,25.06,536.1,269.7,66.64,63.5,6.536,25.45,21.192,786.2,78.02
2020-06-08,38.85,33.19,11.485,30.32,17.784,11.95,95.14,396.1,119.676,105.331,9.28,147.65,20.095,102.0,32.52,89.193,89.6,97.48,81.91,39.45,23.95,521.3,264.7,65.14,64.16,6.536,24.62,20.971,770.0,79.12
2020-06-09,37.7,31.99,11.035,30.63,16.468,11.86,95.16,395.3,118.746,104.298,8.692,146.7,19.406,97.18,31.56,89.968,87.34,97.06,75.67,38.16,24.05,525.0,266.0,64.56,64.02,6.536,24.38,20.633,765.0,76.32
2020-06-10,37.015,31.51,10.865,30.53,15.78,11.4,94.78,398.4,115.566,104.256,8.578,146.65,19.174,96.5,30.64,90.197,85.8,97.18,74.96,37.35,23.86,522.0,266.6,64.26,63.6,6.536,23.495,20.884,767.0,73.94
2020-06-11,34.725,30.18,10.38,29.86,14.302,10.775,90.78,375.1,110.428,102.438,8.056,142.35,18.17,88.96,28.87,88.735,82.2,92.2,67.06,34.75,23.0,487.0,264.7,63.2,61.86,6.536,22.14,19.631,744.6,69.04
2020-06-12,35.095,29.91,10.41,29.43,14.766,10.955,91.12,379.15,111.456,101.694,8.126,143.65,18.286,89.84,29.6,88.536,82.98,96.16,66.95,34.97,22.9,487.35,263.4,62.5,61.24,6.536,22.485,19.717,738.4,70.58
2020-06-15,34.69,30.53,10.285,29.32,14.408,10.81,91.54,371.45,109.597,102.066,8.06,140.4,18.3,91.9,29.31,88.705,83.5,95.88,68.0,34.295,22.81,480.5,260.9,62.6,60.9,6.536,22.405,19.631,731.4,70.08
2020-06-16,35.83,31.46,10.685,29.77,14.888,11.14,94.72,376.8,112.385,104.132,8.336,144.95,18.82,94.64,30.06,90.575,85.88,98.48,69.83,36.01,23.79,495.15,272.1,63.98,63.22,6.536,22.9,20.228,746.4,74.18
2020-06-17,35.945,31.71,10.615,30.29,14.696,11.25,95.64,379.15,113.462,105.289,8.296,144.1,18.904,97.5,29.65,93.201,85.92,100.5,69.75,35.955,24.0,507.0,276.2,64.6,63.34,6.536,22.89,20.151,754.4,73.66
2020-06-18,35.68,31.63,10.385,30.09,14.62,11.195,94.88,377.3,113.119,104.587,8.236,143.3,18.766,95.66,29.56,91.818,85.64,99.92,67.82,35.815,24.37,510.0,276.6,64.26,63.52,6.536,22.205,19.987,749.0,73.74
2020-06-19,35.69,31.19,10.565,30.64,14.374,11.25,95.76,380.05,115.174,105.868,8.066,142.7,18.48,94.38,29.25,93.609,84.74,99.6,68.86,35.3,24.01,509.9,279.2,65.04,65.68,6.536,22.19,19.958,739.2,73.24
2020-06-22,35.435,31.32,10.485,30.43,14.314,11.1,95.8,378.9,113.951,105.248,8.082,141.65,18.544,93.54,28.55,92.525,85.44,98.72,67.26,35.1,23.67,504.0,276.7,65.1,63.62,6.536,22.635,19.804,742.8,72.08
2020-06-23,36.185,31.34,10.515,30.5,14.942,11.215,97.6,390.65,115.468,106.653,8.4,142.75,18.82,95.12,29.2,92.783,83.1,100.55,66.76,36.31,24.33,497.6,280.6,66.32,64.5,6.536,23.335,19.872,751.0,73.28
2020-06-24,34.93,30.66,10.345,30.01,14.262,10.94,96.0,381.35,110.086,104.298,8.036,139.3,18.408,89.76,28.02,90.565,81.1,98.8,62.97,34.51,23.71,474.6,279.0,65.48,63.38,6.536,22.475,19.283,726.8,69.6
2020-06-25,35.21,31.21,10.39,30.17,14.756,10.96,96.56,383.85,112.679,104.835,8.278,140.1,18.57,88.9,27.69,91.361,82.02,102.05,63.92,35.175,23.72,474.9,281.0,66.28,63.34,6.536,23.015,19.351,736.0,69.68
2020-06-26,35.145,31.46,10.39,30.28,14.484,10.895,97.3,387.7,112.728,104.215,8.084,140.05,18.526,87.8,27.63,90.605,81.32,103.35,61.88,34.485,23.45,477.0,285.1,67.18,63.44,6.536,23.065,19.312,737.8,70.5
2020-06-29,34.55,32.35,10.685,30.2,14.914,11.19,98.6,389.5,114.93,105.372,8.386,139.9,18.62,89.18,28.16,91.043,82.74,100.8,63.35,35.35,23.48,481.25,285.3,67.66,62.1,6.536,23.425,19.505,741.4,71.86
2020-06-30,33.975,32.05,10.645,30.72,14.8,11.0,98.88,390.5,111.798,106.116,8.428,140.05,18.612,89.22,28.81,90.157,82.0,101.95,63.52,35.37,24.2,484.25,285.7,67.62,61.56,6.536,23.085,19.303,743.8,71.88
2020-07-01,34.16,32.41,10.6,30.69,14.692,10.925,97.12,391.6,113.07,106.157,8.378,140.55,18.518,89.9,28.2,90.605,81.8,101.7,64.19,34.72,23.72,481.0,286.7,67.76,60.88,6.536,22.595,19.086,739.4,70.62
2020-07-02,34.845,32.94,10.825,30.88,15.5,11.37,98.28,401.85,114.44,109.628,8.752,143.85,19.09,91.56,28.59,91.46,84.2,101.6,66.41,36.605,24.01,492.4,296.7,68.9,62.5,6.536,23.38,19.428,763.4,73.36
2020-07-03,34.64,33.04,10.74,30.78,15.262,11.385,97.86,396.7,115.761,107.727,8.718,142.45,18.904,90.7,28.54,90.506,83.96,100.85,65.63,36.28,24.23,494.8,289.6,69.38,61.82,6.536,22.885,19.438,750.6,73.98
2020-07-06,35.085,33.41,10.95,31.59,15.866,11.405,98.28,404.0,116.251,108.76,8.962,143.65,19.222,92.84,28.91,91.987,84.52,104.3,67.72,37.385,24.66,499.95,290.3,70.48,61.56,6.536,23.48,19.428,770.6,75.38
2020-07-07,34.685,32.95,10.725,31.05,15.538,11.305,98.44,402.65,116.202,109.132,8.886,141.75,18.478,91.4,28.85,91.162,83.5,103.8,67.3,37.24,24.56,498.8,288.3,70.6,61.26,6.536,23.37,19.332,766.6,73.94
2020-07-08,34.28,31.95,10.565,31.11,15.174,11.28,97.76,399.8,115.027,109.256,8.76,141.0,18.23,90.04,27.85,90.068,81.2,101.8,65.83,36.35,23.87,491.9,285.4,69.24,60.7,6.536,22.86,19.303,767.6,73.7
2020-07-09,33.16,31.5,10.405,31.48,14.632,10.8,95.9,400.95,114.685,109.256,8.556,140.5,17.916,88.28,26.9,88.695,79.58,104.25,63.22,35.51,24.12,498.4,286.7,68.36,59.76,6.536,22.8,18.584,766.4,70.74
2020-07-10,33.32,32.06,10.495,31.26,15.13,10.93,96.86,400.7,114.44,111.57,8.852,141.3,18.28,88.92,26.81,88.437,80.5,104.25,65.45,36.68,25.36,499.75,288.6,68.54,60.64,6.536,23.34,18.854,770.0,71.3
2020-07-13,33.71,32.6,10.665,31.59,15.4,11.115,98.4,408.35,118.208,114.05,8.946,142.0,18.468,92.5,26.65,90.486,82.0,106.9,67.85,37.735,25.86,511.9,287.8,69.92,61.44,6.536,23.28,18.854,775.0,71.92
2020-07-14,34.045,32.49,10.875,30.48,15.306,11.01,96.86,404.65,116.006,112.355,9.01,140.7,18.59,89.74,26.81,90.993,80.96,105.45,66.16,37.505,24.78,506.5,285.8,68.72,59.98,6.536,23.14,18.57,753.4,70.0
2020-07-15,34.33,32.97,10.925,30.69,15.726,11.175,100.7,412.05,117.865,113.636,9.13,141.4,18.614,95.72,27.51,93.161,83.86,107.05,69.22,38.53,25.48,523.7,291.1,69.46,60.54,6.536,23.345,19.004,763.4,71.34
2020-07-16,34.425,32.92,10.985,30.68,15.956,11.275,100.65,408.15,115.859,114.669,9.216,140.3,18.712,94.02,28.12,92.415,83.52,105.7,67.0,38.56,25.57,517.0,287.1,70.72,60.24,6.536,23.28,18.874,747.0,70.54
2020-07-17,33.825,32.57,11.005,30.96,15.704,11.145,100.95,410.25,115.517,114.711,9.114,139.15,18.37,93.12,27.51,92.714,82.46,106.9,65.9,37.975,26.18,515.4,290.3,70.02,60.1,6.536,23.5,18.657,750.8,69.2
2020-07-20,33.205,33.09,11.11,32.13,15.698,11.4,101.15,412.8,114.734,115.785,9.13,140.0,18.514,93.2,26.99,93.778,82.22,107.5,65.71,38.01,26.78,515.8,290.0,70.66,60.76,6.536,23.645,18.753,759.2,70.5
2020-07-21,33.755,33.8,10.935,32.48,15.668,11.31,100.7,409.95,115.37,115.661,9.212,143.0,18.5,93.58,27.2,92.216,82.36,108.2,68.05,38.54,26.47,521.5,289.6,70.48,60.84,6.536,24.21,19.009,758.4,72.32
2020-07-22,32.695,34.0,10.87,31.98,15.246,11.225,101.15,404.0,112.924,115.289,9.0,140.45,18.3,91.46,26.71,91.013,81.92,107.5,67.11,37.8,26.71,506.0,287.1,71.04,60.08,6.536,23.445,19.409,749.0,70.06
2020-07-23,32.53,34.15,10.825,30.77,15.022,11.105,100.6,403.6,114.196,116.198,8.986,143.9,18.166,88.96,28.85,90.605,80.64,106.5,65.28,37.565,26.61,503.3,291.3,71.26,60.98,6.536,23.81,19.211,752.0,71.26
2020-07-24,32.65,33.32,10.64,29.16,14.69,10.92,99.18,399.1,112.336,114.959,8.908,144.25,17.908,88.54,29.65,88.327,79.4,104.0,63.93,37.14,25.89,495.0,284.9,70.38,60.74,6.536,23.095,18.946,741.6,66.8
2020-07-27,32.39,33.21,10.385,29.85,14.134,10.83,100.65,401.4,112.288,115.413,8.724,144.15,17.768,86.96,29.13,88.636,78.84,103.15,61.92,36.315,26.14,496.75,285.6,70.48,59.84,6.536,23.32,18.917,747.6,64.96
2020-07-28,32.405,32.87,10.43,29.97,14.256,11.16,99.58,385.05,113.511,116.57,8.746,144.95,17.87,90.36,28.99,89.014,78.48,104.85,63.85,36.17,24.75,483.2,286.7,70.14,59.76,6.536,23.11,19.216,731.2,64.8
2020-07-29,32.45,33.25,10.47,30.62,13.876,11.22,102.5,387.15,114.783,116.24,8.65,148.8,17.866,90.7,28.87,89.431,79.6,111.7,62.18,35.8,24.56,502.4,289.2,70.96,60.26,6.536,22.71,19.534,736.0,64.16
2020-07-30,31.93,32.25,9.956,30.46,13.172,10.855,99.96,373.85,112.875,115.455,8.244,148.2,17.214,94.24,28.18,88.069,77.64,107.15,63.34,34.38,23.66,492.6,284.5,69.36,57.02,6.536,22.65,18.835,711.0,64.0
2020-07-31,31.3,31.17,9.912,30.82,12.984,11.29,98.24,366.75,109.792,115.372,8.126,146.0,16.864,89.44,27.25,88.069,72.8,109.5,62.01,34.115,23.81,481.75,283.0,65.48,56.54,6.536,22.085,18.618,686.2,61.36
2020-08-03,32.4,32.66,10.0,31.23,12.9,11.9,101.65,372.3,108.129,117.851,8.372,150.05,17.31,89.62,28.33,89.77,75.68,109.7,63.73,35.46,24.55,489.7,278.1,66.62,56.82,6.536,22.615,18.546,690.6,62.26
2020-08-04,33.2,32.88,10.11,30.35,13.58,11.755,100.2,371.65,108.129,117.479,8.536,148.3,17.506,92.28,29.09,87.731,75.78,109.7,65.68,36.185,24.66,486.55,281.6,66.72,56.18,6.536,22.92,18.584,687.6,64.3
2020-08-05,33.84,33.31,9.98,30.34,13.476,11.785,101.8,376.1,107.933,117.19,8.534,146.6,17.646,96.92,29.41,87.005,78.5,112.15,67.97,35.945,24.44,491.75,282.5,68.4,56.06,6.536,23.225,18.546,692.0,66.0
2020-08-06,33.045,33.35,9.738,30.08,13.302,11.6,101.9,374.0,106.514,115.207,8.442,144.5,17.03,98.54,29.21,85.931,78.38,111.85,68.33,35.835,24.38,483.05,279.0,68.96,55.58,6.536,22.855,18.531,686.4,65.74
2020-08-07,32.795,33.34,9.704,30.43,13.298,11.625,103.1,374.0,106.955,115.744,8.454,144.0,17.03,97.72,28.95,86.905,78.46,111.3,69.3,35.48,24.5,485.35,277.6,69.7,54.58,6.536,22.795,18.715,692.8,65.6
2020-08-10,33.24,33.7,9.804,30.07,13.706,11.785,102.45,371.55,106.465,114.752,8.612,143.85,17.344,100.75,29.84,86.249,80.14,110.55,72.06,35.815,24.18,482.1,276.0,69.5,54.8,6.536,23.085,18.999,683.4,66.88
2020-08-11,34.19,34.21,9.916,30.23,14.212,11.975,104.3,382.7,108.716,115.95,9.03,144.15,17.83,106.4,31.06,87.154,82.52,112.4,76.18,37.49,25.03,494.65,277.2,70.94,55.58,6.536,23.875,19.312,691.2,71.6
2020-08-12,34.42,34.62,10.03,30.52,14.314,12.175,104.9,391.2,110.282,117.975,9.088,145.1,17.946,103.5,30.44,87.721,82.86,114.35,74.92,37.825,25.49,503.7,282.2,71.22,56.3,6.536,24.315,19.679,704.6,70.94
2020-08-13,33.99,34.49,10.015,30.76,14.2,12.01,104.75,391.2,109.303,117.107,8.906,146.4,17.67,103.75,29.9,86.517,81.98,113.4,73.3,36.99,25.33,506.7,282.5,71.18,56.54,6.536,24.135,19.708,708.6,70.5
2020-08-14,33.5,33.82,9.906,30.15,14.066,11.75,102.55,386.05,107.591,115.661,8.788,142.85,17.552,101.5,29.53,84.996,80.38,111.35,72.11,36.66,24.73,496.6,278.5,69.9,56.12,6.536,24.075,19.279,702.0,69.3
2020-08-17,33.29,33.93,9.844,30.48,13.996,11.645,103.7,387.75,108.667,116.116,8.692,147.55,17.348,101.1,29.12,86.04,80.46,111.95,71.44,36.295,25.12,499.15,278.9,70.08,56.48,6.536,23.96,19.052,701.2,68.54
2020-08-18,32.805,34.0,9.806,30.2,13.74,11.4,103.25,386.05,108.52,115.62,8.568,145.4,17.38,99.12,28.65,86.905,79.72,112.85,69.23,35.89,24.73,499.8,279.2,69.72,56.46,6.536,23.945,18.498,695.0,66.96
2020-08-19,33.08,34.44,10.005,30.34,13.914,11.45,104.3,387.2,109.009,116.281,8.698,147.2,17.608,99.38,28.71,87.164,81.14,113.65,70.25,36.835,24.75,499.8,283.0,70.14,56.7,6.536,23.89,18.56,693.6,68.04
2020-08-20,32.52,33.78,9.866,30.14,13.55,11.235,103.05,383.35,106.71,114.835,8.462,145.3,17.418,97.64,28.81,86.497,80.38,112.3,69.17,35.955,24.29,494.15,279.0,69.44,56.04,6.536,23.5,17.963,690.2,68.0
2020-08-21,32.36,33.36,9.83,30.48,13.282,11.185,103.45,385.45,106.661,114.174,8.332,143.55,17.206,97.24,28.81,85.871,80.38,114.0,69.08,35.36,24.32,495.5,273.9,69.88,55.94,6.536,23.34,18.151,699.0,67.62
2020-08-24,33.625,34.16,10.05,31.1,13.838,11.59,105.25,393.45,109.45,116.57,8.574,146.7,17.564,100.05,29.61,86.955,82.44,115.65,72.1,36.285,25.12,505.6,278.6,70.88,56.32,6.536,23.755,18.797,705.6,69.36
2020-08-25,33.26,33.86,9.97,31.17,13.796,11.44,105.75,397.05,109.205,115.868,8.596,146.95,17.596,99.36,29.28,87.194,82.16,116.6,71.56,36.36,25.33,510.1,278.8,71.04,56.3,6.536,24.04,18.609,708.8,68.8
2020-08-26,33.365,34.4,9.834,31.72,13.9,11.355,107.3,403.0,111.652,117.479,8.666,147.65,17.61,99.86,29.72,87.015,82.3,118.2,70.24,36.9,26.0,521.2,281.4,71.92,56.24,6.536,24.33,18.609,723.0,67.96
2020-08-27,33.28,34.16,9.658,31.79,13.73,11.17,105.55,401.0,110.624,115.702,8.616,146.95,17.388,100.95,30.44,85.682,81.34,117.0,72.11,36.49,25.58,521.1,280.6,70.92,56.24,6.536,24.11,18.372,719.8,67.94
2020-08-28,33.3,34.16,9.572,31.61,14.154,11.135,105.0,396.35,111.015,115.372,8.896,145.5,17.482,102.25,30.08,84.568,81.5,117.55,71.44,37.805,25.3,516.3,277.2,70.28,55.22,6.536,23.875,18.42,719.8,67.98
2020-08-31,33.1,33.98,9.33,31.57,13.582,11.655,103.75,392.8,109.694,114.917,8.588,143.5,17.076,97.02,29.37,84.409,78.58,116.0,68.84,36.565,25.21,514.6,276.9,69.9,55.1,6.536,23.655,19.476,719.4,65.5
2020-09-01,32.95,33.62,9.172,31.78,13.23,11.59,104.5,396.7,107.346,115.0,8.514,141.45,17.092,98.0,28.56,83.454,77.82,116.7,69.57,36.085,25.47,525.0,277.5,70.32,54.52,6.536,23.5,18.883,716.6,64.3
2020-09-02,33.29,34.34,9.214,32.18,12.92,11.75,106.0,407.25,110.624,117.479,8.436,145.05,17.278,100.45,28.58,84.717,80.1,118.05,72.08,35.88,26.0,553.0,281.2,70.84,55.66,6.536,23.945,19.467,739.4,66.38
2020-09-03,33.21,33.63,9.322,31.27,12.95,11.865,104.5,408.4,110.722,116.074,8.438,145.7,17.302,97.68,29.99,83.951,81.14,118.3,71.5,36.15,24.2,555.3,278.6,69.8,56.68,6.536,24.0,19.293,740.2,66.94
2020-09-04,32.965,34.24,9.218,30.42,13.674,11.64,103.1,402.85,108.716,114.711,8.67,141.3,17.18,97.24,30.12,83.116,79.62,117.0,69.78,37.225,23.64,555.0,273.9,69.32,56.18,6.536,23.825,18.845,738.2,65.34
2020-09-07,33.575,35.24,9.26,31.24,13.526,12.015,105.5,408.8,109.205,116.653,8.744,142.7,17.308,100.9,29.23,85.065,81.56,118.35,73.77,37.4,24.11,561.0,278.6,70.92,56.78,6.536,23.765,19.226,739.4,67.3
2020-09-08,32.35,35.03,9.166,30.79,13.018,11.77,104.25,404.4,108.667,115.124,8.516,140.6,16.952,98.22,28.9,85.234,79.28,115.4,70.78,36.425,23.28,555.0,275.9,69.66,56.42,6.536,23.73,18.941,732.2,65.52
2020-09-09,32.74,35.68,9.604,31.25,13.182,11.925,107.15,404.05,109.254,117.562,8.658,142.0,17.438,97.44,29.37,87.641,80.18,117.05,69.39,36.79,24.97,552.6,282.6,71.22,57.58,6.536,23.94,19.264,735.8,66.16
2020-09-10,32.735,35.66,9.508,31.37,13.254,11.825,106.4,404.35,109.597,116.86,8.686,142.45,17.37,97.08,28.81,86.219,77.94,116.5,69.44,37.005,25.2,559.4,281.5,70.7,57.0,6.536,23.95,18.825,733.2,66.48
2020-09-11,32.515,35.53,9.496,31.22,12.842,11.775,106.6,416.6,109.156,117.355,8.524,142.35,17.26,97.18,28.74,87.064,77.44,116.6,68.82,36.11,25.37,570.6,282.2,70.2,57.3,6.536,24.095,18.609,743.2,65.96
2020-09-14,32.025,36.04,9.512,31.59,13.202,11.945,107.05,420.25,108.129,116.612,8.642,142.4,17.272,97.48,28.97,86.587,77.78,118.3,71.32,36.57,26.36,577.0,281.4,70.12,57.34,6.536,24.01,18.623,739.8,68.82
2020-09-15,32.315,36.4,9.508,31.6,12.996,11.905,108.0,424.0,108.52,116.694,8.538,142.75,17.216,96.94,29.34,88.258,77.32,118.9,69.48,35.835,26.6,589.2,283.4,69.94,57.58,6.536,23.775,18.319,750.6,68.12
2020-09-16,32.19,36.52,9.636,32.0,12.97,11.955,107.2,426.15,109.205,116.529,8.448,141.0,17.12,97.48,29.82,87.771,77.36,119.4,70.79,35.71,26.81,600.0,281.0,69.96,58.1,6.536,23.74,18.223,758.6,68.06
2020-09-17,31.535,36.5,9.66,31.64,13.028,11.815,106.95,420.0,109.499,115.868,8.36,140.0,16.85,98.0,29.17,87.552,77.0,117.55,71.12,35.425,26.09,596.5,280.0,70.26,57.7,6.536,23.985,18.213,756.8,68.18
2020-09-18,31.11,36.27,9.516,31.99,12.63,11.595,105.55,413.85,109.645,115.496,8.096,138.55,16.656,95.2,27.92,87.959,75.9,117.9,68.6,34.595,25.91,587.7,276.6,70.04,57.34,6.536,23.655,18.088,744.0,65.62
2020-09-21,29.73,34.9,9.144,31.51,11.662,11.235,101.05,395.55,106.123,112.231,7.662,136.5,16.0,88.72,26.24,85.413,72.8,113.6,64.09,32.39,25.22,576.8,271.1,66.32,55.48,6.536,22.75,17.693,727.8,62.3
2020-09-22,29.94,35.4,9.25,31.57,11.65,11.16,101.7,391.05,103.872,112.355,7.618,135.25,15.64,88.98,26.53,84.299,71.56,113.65,62.37,32.22,25.29,568.3,273.9,65.8,54.96,6.536,22.865,17.62,722.0,62.58
2020-09-23,29.7,35.61,9.22,31.71,11.512,11.355,103.05,400.1,104.655,113.14,7.56,135.55,15.774,85.8,26.18,86.587,72.0,113.4,61.79,31.455,25.48,577.7,277.5,65.76,54.88,6.536,22.97,17.721,731.8,62.74
2020-09-24,29.025,35.08,9.02,31.48,11.212,11.135,103.45,401.8,104.361,112.025,7.422,134.9,15.784,82.88,26.45,86.667,71.06,111.5,59.65,31.16,25.62,569.6,274.1,64.72,54.4,6.536,22.855,17.307,728.0,61.94
2020-09-25,28.06,34.94,8.89,31.51,10.904,11.12,102.85,400.2,106.025,111.116,7.164,132.35,15.57,85.22,26.43,86.139,71.02,110.45,60.02,30.25,25.08,566.0,270.7,64.64,54.56,6.536,22.735,17.678,731.0,62.46
2020-09-28,28.8,36.0,8.996,32.06,11.452,11.41,106.7,405.9,110.575,113.388,7.578,135.95,16.098,85.7,27.58,86.846,72.42,112.65,62.31,31.82,25.7,574.4,278.6,66.86,55.66,6.536,23.39,17.62,733.4,63.98
2020-09-29,28.33,35.91,8.804,32.31,11.028,11.28,108.9,409.95,112.924,113.636,7.402,135.9,15.752,85.3,27.23,85.712,72.44,110.85,62.59,30.995,26.17,576.6,281.5,68.0,55.08,6.536,23.11,17.664,738.0,63.22
2020-09-30,29.2,36.01,8.884,31.95,11.318,11.42,106.05,399.4,113.658,111.983,7.472,136.15,15.776,84.44,27.58,84.866,71.52,109.75,62.07,30.975,26.26,567.6,277.6,68.18,55.22,6.536,22.93,17.76,736.2,64.16
2020-10-01,28.49,36.18,8.684,32.18,11.048,11.425,106.35,409.7,112.777,111.612,7.338,135.6,15.706,84.18,27.52,84.837,70.24,108.6,64.9,30.655,28.06,582.6,282.7,68.96,55.26,6.536,22.87,17.871,748.8,64.44
2020-10-02,28.21,36.21,8.84,31.66,11.038,11.46,106.7,407.65,115.957,111.694,7.252,134.7,15.662,84.4,27.48,85.612,73.34,108.1,64.62,30.49,27.74,577.8,281.2,69.88,55.06,6.536,22.805,17.963,746.4,64.44
2020-10-05,28.855,36.7,9.164,32.08,11.388,11.51,107.55,412.55,115.272,110.331,7.384,136.35,15.924,84.8,28.04,86.05,74.3,108.85,65.8,31.455,28.05,583.3,280.0,70.8,55.26,6.536,23.0,17.789,752.6,64.94
2020-10-06,29.52,36.72,9.22,31.25,12.152,11.835,107.15,411.2,115.81,109.421,7.77,135.15,16.236,87.2,28.39,84.409,76.1,107.5,67.77,33.035,28.02,581.4,279.2,70.76,55.14,6.536,23.07,18.136,748.6,66.58
2020-10-07,29.17,37.24,9.082,30.95,12.336,12.065,107.75,410.75,116.985,109.752,7.666,136.9,16.008,85.6,29.15,83.454,75.98,106.15,66.7,33.105,28.23,583.0,278.1,70.56,54.6,6.536,23.135,18.102,756.8,65.06
2020-10-08,29.495,37.07,9.172,31.69,12.594,12.13,107.45,407.2,118.355,110.083,7.778,136.9,16.208,87.14,29.72,84.817,76.28,111.8,66.92,33.72,28.5,576.5,278.5,69.98,55.0,6.536,23.235,18.247,755.8,66.44
2020-10-09,29.95,36.72,9.436,32.16,12.416,12.14,108.6,411.9,118.893,110.372,7.67,138.15,16.196,88.66,30.34,85.841,75.14,112.9,66.78,33.42,29.27,581.8,282.4,69.82,55.54,6.536,23.235,18.078,761.6,67.2
2020-10-12,29.68,37.1,9.57,32.43,12.712,12.16,110.35,418.25,118.11,111.983,7.71,139.65,16.302,87.0,30.25,86.03,74.92,113.3,65.99,33.54,29.68,589.4,287.4,70.06,55.72,6.536,23.59,18.093,775.0,67.0
2020-10-13,29.21,36.98,9.724,32.18,12.21,12.05,111.1,416.75,116.887,112.066,7.418,141.0,15.956,85.28,30.61,87.044,72.94,111.85,63.68,32.175,29.9,589.2,287.1,71.06,55.0,6.536,23.36,17.548,779.8,65.74
2020-10-14,29.17,37.32,9.618,32.04,12.322,11.96,111.5,412.2,116.936,111.488,7.49,140.6,15.906,86.12,30.78,86.617,73.82,112.15,62.15,32.55,29.5,580.0,290.3,71.3,55.5,6.536,23.37,17.297,775.0,65.46
2020-10-15,28.215,36.49,9.606,31.38,11.826,11.625,108.5,403.0,113.315,109.256,7.248,138.05,15.188,87.56,30.0,84.21,71.84,109.0,61.79,31.665,29.1,566.7,284.7,68.38,55.2,6.536,22.755,16.969,772.0,64.3
2020-10-16,28.455,36.73,9.504,31.77,12.058,11.74,108.65,432.6,113.902,111.405,7.344,141.5,15.15,90.74,31.13,85.563,72.4,109.2,64.34,32.205,29.22,589.4,291.4,69.64,53.3,6.536,23.41,17.075,790.0,65.56
2020-10-19,28.21,33.8,9.436,31.98,12.294,11.68,107.8,432.3,113.217,111.405,7.388,142.55,15.028,91.58,31.4,84.976,73.62,110.7,65.72,32.6,29.43,586.0,288.5,69.3,53.44,6.536,23.3,16.969,798.2,65.18
2020-10-20,28.23,36.59,9.474,31.48,12.608,11.685,107.8,430.2,114.44,108.554,7.436,143.0,15.082,93.18,31.15,84.16,74.26,108.0,66.94,33.115,29.1,589.0,290.6,69.96,52.06,6.536,23.55,16.68,805.8,65.1
2020-10-21,27.775,35.21,9.384,31.26,12.392,11.385,106.05,427.8,111.358,108.017,7.324,140.95,14.94,91.0,31.31,82.907,71.9,106.2,64.06,32.635,28.93,577.9,286.8,67.78,50.6,6.536,23.28,16.425,800.4,63.78
2020-10-22,27.62,35.49,9.344,30.5,12.508,11.21,108.3,427.2,111.7,107.645,7.378,146.45,14.676,91.42,31.95,82.29,71.82,104.35,64.45,32.585,28.65,574.1,285.3,68.52,50.34,6.536,23.67,16.516,813.6,62.64
2020-10-23,28.08,35.37,9.518,29.63,12.75,11.365,110.2,428.0,113.217,110.207,7.516,147.9,14.972,96.58,32.16,82.489,72.84,105.8,68.03,33.5,28.61,556.0,288.6,68.6,51.12,6.536,24.545,16.728,825.0,64.3
2020-10-26,27.055,34.1,9.358,29.11,12.584,11.11,106.95,421.75,110.722,108.554,7.354,146.4,14.646,93.58,31.76,82.37,70.66,99.14,65.85,32.95,27.97,549.4,285.3,66.64,50.54,6.536,23.96,16.507,826.2,61.3
2020-10-27,26.185,33.15,9.168,29.23,11.944,10.895,106.75,418.85,109.009,107.231,7.026,144.75,14.198,91.18,30.9,80.56,69.2,101.25,64.0,31.375,27.2,545.6,287.1,65.52,49.11,6.536,23.075,16.106,825.4,58.64
2020-10-28,25.27,31.68,9.048,29.23,11.382,10.455,103.1,402.15,104.117,103.347,6.72,140.0,13.772,88.7,29.5,78.611,67.04,96.66,61.77,29.75,25.98,521.6,278.8,63.68,46.88,6.536,22.575,15.581,798.2,57.5
2020-10-29,25.13,32.0,9.6,29.54,11.35,10.27,102.4,403.8,103.579,103.884,6.66,138.55,13.648,87.56,29.22,77.805,66.46,98.6,61.5,29.305,26.54,520.2,279.1,63.4,46.83,6.536,22.66,15.282,809.6,56.26
2020-10-30,25.82,33.5,9.63,29.31,11.64,10.385,104.2,402.3,103.921,103.719,6.782,138.4,13.8,90.52,29.8,76.95,67.82,99.14,62.59,29.855,26.15,518.5,277.7,63.48,47.4,6.536,23.16,15.417,799.0,55.88
2020-11-02,27.09,34.95,9.686,29.09,12.124,10.605,107.8,405.65,103.97,106.694,6.982,140.0,14.356,91.54,30.23,78.949,70.38,100.9,63.09,31.125,26.67,527.0,283.9,64.64,47.8,6.536,23.175,16.005,801.4,57.78
2020-11-03,27.755,35.9,9.544,29.36,12.784,10.82,111.0,408.95,103.872,109.091,7.286,142.4,14.914,96.94,30.97,81.216,72.34,103.75,66.28,33.03,27.45,543.3,290.2,65.28,49.47,6.536,23.965,16.381,810.0,59.48
2020-11-04,27.9,36.24,9.572,30.51,12.752,11.07,112.0,421.8,106.416,111.405,7.376,145.85,15.494,98.14,31.4,86.338,73.68,108.85,68.58,33.12,27.93,553.2,299.9,66.1,50.08,6.536,23.94,16.724,833.4,62.5
2020-11-05,27.505,37.14,9.566,30.92,13.228,11.245,113.6,436.75,109.009,113.306,7.546,147.45,15.744,99.86,32.15,85.205,74.28,110.4,70.38,33.88,28.8,565.1,298.8,67.18,50.3,6.536,24.53,16.627,845.4,62.5
2020-11-06,27.63,37.34,9.426,30.84,13.08,11.035,113.25,435.5,109.89,113.967,7.434,147.55,15.732,99.14,31.41,82.867,73.54,110.4,70.0,33.23,28.98,567.5,297.0,69.4,49.65,6.536,24.3,16.145,834.4,63.28
2020-11-09,31.795,38.96,9.742,30.67,15.488,11.76,118.8,468.85,117.914,117.479,8.45,158.45,17.362,113.0,35.53,84.469,87.4,116.7,83.0,39.205,30.45,601.7,311.0,72.0,52.72,6.536,25.237,17.466,838.6,71.96
2020-11-10,33.055,38.9,10.035,29.89,16.202,11.975,119.05,474.0,117.425,116.653,8.848,160.1,18.068,118.75,36.63,84.23,88.06,114.8,87.92,42.2,28.64,611.0,315.4,71.96,54.06,6.536,25.925,18.184,833.0,73.46
2020-11-11,32.495,39.3,10.025,30.84,15.604,12.265,118.7,487.4,116.887,117.107,8.756,160.8,18.21,116.9,36.54,86.796,85.4,114.95,87.0,41.09,29.12,623.4,319.0,72.4,54.6,6.536,26.087,18.377,851.6,74.4
2020-11-12,32.205,39.11,10.265,30.59,15.276,11.92,117.6,472.85,115.174,115.744,8.544,158.75,17.976,113.8,36.27,85.851,83.6,114.2,84.61,39.545,28.7,608.7,317.3,71.78,54.18,6.536,25.675,17.934,833.0,74.04
2020-11-13,32.645,39.42,10.335,30.4,15.628,12.3,117.45,469.75,115.027,114.876,8.63,158.75,18.35,113.5,36.93,85.334,85.74,114.55,85.56,39.915,28.91,609.0,314.2,71.7,54.38,6.536,25.65,17.895,835.0,75.14
2020-11-16,34.235,39.54,10.46,30.6,16.286,12.39,117.5,477.3,115.37,113.926,8.794,162.35,18.744,120.25,37.86,85.065,86.86,115.0,90.0,40.6,29.8,619.1,317.5,72.0,54.82,6.536,26.525,18.396,842.8,79.26
2020-11-17,34.635,39.66,10.455,30.2,16.5,12.24,117.9,475.0,116.055,114.298,8.822,161.0,19.052,123.8,38.11,84.359,87.22,114.15,90.09,40.925,29.66,620.1,316.6,72.06,54.44,6.536,26.938,18.29,843.0,80.08
2020-11-18,34.77,39.79,10.495,31.04,16.418,12.21,117.35,486.15,113.902,114.752,8.924,162.0,19.04,122.35,38.51,85.622,87.24,116.2,90.0,41.13,30.16,623.5,314.6,72.86,54.6,6.536,27.125,18.141,847.2,78.82
2020-11-19,34.11,39.41,10.385,31.18,16.186,12.055,118.75,488.65,111.7,114.752,8.872,160.9,18.932,120.25,38.1,85.175,86.8,116.65,89.33,40.805,30.4,612.0,310.8,71.8,52.9,6.536,26.737,17.697,848.4,78.7
2020-11-20,34.5,39.54,10.41,31.71,16.164,12.165,120.55,492.55,112.875,115.289,8.948,155.05,18.8,121.5,37.85,85.384,85.96,118.0,88.64,40.95,31.13,613.7,312.1,72.0,52.5,6.536,26.888,18.059,857.2,80.1
2020-11-23,36.12,39.66,10.28,30.76,16.554,12.23,119.75,492.5,114.0,112.934,9.312,156.0,18.966,122.25,38.04,83.633,86.56,115.85,90.14,41.49,31.31,610.0,306.3,71.66,50.84,6.536,26.575,17.909,835.8,79.6
2020-11-24,38.165,40.59,10.32,30.0,17.24,12.425,118.25,494.85,115.468,112.397,9.822,155.0,19.69,122.9,39.36,83.752,89.0,119.1,93.5,43.735,31.41,604.4,295.9,70.8,51.64,6.536,27.525,18.126,827.4,80.86
2020-11-25,37.775,40.0,10.41,30.56,17.4,12.635,118.45,494.2,115.957,112.314,9.874,155.3,19.87,124.0,38.7,83.762,88.24,119.6,91.5,43.755,31.96,604.0,304.4,70.82,52.22,6.536,27.288,18.792,827.4,80.98
2020-11-26,37.365,39.7,10.535,30.67,17.19,12.525,117.35,495.75,118.012,113.719,9.828,156.05,19.788,122.0,38.57,84.906,88.0,117.4,89.8,43.365,32.53,602.7,305.8,70.86,52.86,6.536,26.9,18.999,826.0,79.7
2020-11-27,37.7,40.3,10.69,31.06,17.328,12.52,117.45,496.0,118.355,114.132,9.864,159.7,19.732,123.0,38.46,84.747,87.98,119.75,90.0,43.825,33.21,606.2,309.3,71.42,52.78,6.536,27.062,19.086,823.4,79.86
2020-11-30,35.825,39.82,10.59,31.01,16.686,12.37,116.65,482.9,118.746,113.76,9.674,160.0,19.712,122.3,38.09,84.25,85.5,116.3,87.73,42.965,32.82,605.0,306.8,70.98,53.86,6.536,26.112,18.57,817.4,77.06
2020-12-01,36.33,40.08,10.625,30.71,17.546,12.51,116.8,496.75,123.051,112.851,10.205,161.65,19.816,122.8,39.35,83.643,88.12,116.0,89.4,44.205,34.29,607.9,306.3,70.74,52.82,6.536,26.625,19.211,822.4,77.68
2020-12-02,36.71,39.25,10.735,30.54,17.914,12.8,114.95,497.85,123.345,111.86,10.375,159.0,19.968,123.75,39.32,83.583,88.4,114.25,91.32,44.95,33.38,605.1,306.4,69.88,52.2,6.536,26.1,19.438,827.2,78.02
2020-12-03,36.465,39.73,10.47,30.43,18.044,12.585,113.3,498.0,123.541,111.116,10.625,158.65,19.856,124.0,39.01,82.579,88.02,115.6,95.0,44.875,33.7,605.0,305.0,69.02,51.32,6.536,26.25,19.303,839.8,79.96
2020-12-04,37.69,39.97,10.545,30.61,18.294,12.5,113.95,492.25,124.079,111.24,11.05,157.75,20.0,124.4,39.61,83.146,88.48,117.5,96.24,45.74,34.06,601.9,306.3,69.68,51.58,6.536,26.45,19.496,826.4,81.22
2020-12-07,37.16,39.52,10.2,30.79,17.794,12.54,114.4,493.7,124.813,112.562,10.73,157.4,19.758,122.25,39.42,82.37,86.86,117.35,95.21,44.505,34.41,589.4,304.0,69.8,51.82,6.536,26.163,19.081,831.8,80.2
2020-12-08,36.95,39.23,10.245,30.96,17.522,12.375,115.1,494.45,124.617,111.653,10.445,156.9,19.654,122.0,39.22,81.932,85.92,118.0,94.73,44.285,33.97,584.9,304.8,70.2,52.2,6.536,26.225,19.163,829.8,79.1
2020-12-09,36.895,39.29,10.225,30.83,17.672,12.575,114.5,498.0,126.33,111.446,10.46,157.45,19.904,120.0,40.16,81.077,85.5,118.15,93.59,44.545,29.96,574.3,302.0,70.46,51.9,6.536,26.538,19.322,830.2,78.06
2020-12-10,37.665,39.07,10.325,30.7,17.098,12.395,114.7,501.0,125.742,112.397,10.365,158.8,20.005,118.45,40.06,81.346,85.76,116.85,93.72,43.46,29.46,573.3,301.7,71.1,52.38,6.536,26.388,18.922,828.0,77.1
2020-12-11,37.02,38.79,9.908,30.97,16.678,12.34,114.65,500.4,125.449,111.983,10.3,158.5,19.658,120.2,40.41,78.093,84.58,114.1,92.19,43.115,29.1,573.5,302.5,71.12,52.42,6.536,26.388,18.787,835.0,77.16
2020-12-14,36.6,38.54,10.0,31.26,16.992,12.525,116.15,509.2,126.77,112.562,10.485,160.65,19.678,119.3,40.92,77.427,84.96,115.1,92.05,44.15,28.95,564.1,302.7,70.88,52.46,6.536,26.675,18.912,844.6,76.64
2020-12-15,36.56,38.81,9.784,31.43,17.316,12.43,116.1,507.2,126.427,110.496,10.675,157.9,19.93,118.35,41.94,75.816,85.46,114.15,91.37,45.235,30.19,569.7,302.5,71.18,52.5,6.536,26.938,18.681,853.6,76.88
2020-12-16,36.485,39.0,9.86,31.79,17.254,12.6,115.7,505.0,127.21,111.446,10.48,158.4,20.235,117.7,41.35,77.218,84.86,115.95,90.71,44.175,29.96,556.3,309.4,71.16,54.12,6.536,27.062,19.062,862.0,76.0
2020-12-17,36.385,39.1,9.626,31.82,17.21,12.67,116.45,502.9,126.281,111.488,10.49,158.3,20.145,116.75,41.85,77.576,85.24,120.05,90.38,44.045,29.67,572.1,304.7,72.02,53.98,6.536,27.25,19.081,862.0,75.5
2020-12-18,35.99,37.42,9.95,32.31,17.04,12.625,117.35,499.55,127.015,111.074,10.3,157.4,19.884,115.05,41.51,78.581,83.94,120.5,89.0,43.565,30.01,558.0,305.4,72.74,54.08,6.536,27.1,19.009,859.8,74.66
2020-12-21,34.65,37.62,9.606,31.97,16.156,12.16,115.7,490.2,123.688,109.215,9.952,154.95,19.146,113.8,40.63,76.781,80.0,118.35,86.54,41.715,29.14,545.7,295.6,71.62,52.32,6.536,26.487,18.719,853.0,73.5
2020-12-22,34.89,37.63,9.634,32.65,16.568,12.325,116.85,492.3,125.645,110.0,10.15,156.95,19.284,115.3,40.93,78.531,81.22,120.1,87.94,42.485,30.19,556.9,301.8,72.88,53.62,6.536,26.487,18.985,856.0,74.22
2020-12-23,35.865,37.69,9.75,33.0,17.26,12.69,116.65,496.1,125.351,111.157,10.46,157.2,19.598,119.1,41.37,77.885,82.92,122.3,91.95,43.835,30.34,554.1,303.7,73.08,53.8,6.536,26.362,19.361,851.6,75.94
2020-12-24,35.89,37.37,9.75,32.67,17.274,12.6,116.95,496.45,125.889,111.157,10.52,157.75,19.652,118.65,41.37,77.914,82.36,122.5,92.04,43.795,29.99,552.7,302.3,72.3,53.64,6.536,26.375,19.144,851.4,75.38
2020-12-25,35.89,37.37,9.75,32.67,17.274,12.6,116.95,496.45,125.889,111.157,10.52,157.75,19.652,118.65,41.37,77.914,82.36,122.5,92.04,43.795,29.99,552.7,302.3,72.3,53.64,6.536,26.375,19.144,851.4,75.38
2020-12-28,35.855,38.35,9.814,33.56,17.172,12.9,120.6,504.0,125.547,112.727,10.45,159.0,19.728,119.95,41.61,78.233,83.84,126.5,91.98,43.63,30.42,571.4,309.1,74.34,54.48,6.536,26.688,19.563,869.2,75.68
2020-12-29,35.77,38.13,9.826,33.37,17.08,12.755,120.65,512.8,126.379,112.273,10.455,161.05,19.736,120.5,41.61,78.79,83.12,125.45,93.07,43.645,30.14,577.5,312.2,73.66,54.54,6.536,26.575,19.592,882.6,76.32
2020-12-30,35.59,38.03,9.804,33.51,16.982,12.695,120.85,513.1,126.085,111.818,10.365,160.1,19.676,119.0,41.22,78.432,83.02,128.25,91.25,43.305,30.53,588.0,313.2,73.74,54.24,6.536,26.513,19.418,884.0,75.44
2020-12-31,35.3,37.5,9.734,33.23,17.022,12.52,118.3,510.9,124.813,110.95,10.32,156.8,19.512,115.95,40.76,78.272,81.36,126.8,89.78,43.105,30.28,594.4,310.8,73.0,53.76,6.536,26.237,19.293,879.6,74.9
2021-01-04,34.585,38.37,9.95,33.7,16.702,12.805,121.75,512.1,125.987,112.769,10.22,158.7,19.438,116.15,41.39,78.571,82.72,128.35,89.89,43.01,31.74,580.7,311.7,75.56,54.4,6.536,26.688,19.409,884.4,75.18
2021-01-05,35.495,38.27,9.92,33.41,16.808,12.615,120.6,506.2,124.666,111.57,10.255,155.4,19.43,116.4,41.13,78.561,81.32,126.6,89.83,42.92,32.02,571.5,308.5,75.5,54.6,6.536,26.125,19.303,870.0,76.22
2021-01-06,37.055,40.0,10.09,32.75,17.956,13.125,123.95,502.3,125.742,111.818,10.67,153.15,20.26,116.3,42.31,78.083,84.44,125.05,90.17,45.29,32.07,575.2,308.8,77.32,55.08,6.536,25.862,19.91,868.0,75.44
2021-01-07,37.46,42.48,10.31,32.65,18.142,13.07,126.5,515.3,125.889,112.686,10.75,155.7,20.385,115.8,42.78,77.298,84.58,123.55,89.62,46.31,32.4,577.4,307.6,79.6,54.22,6.536,26.737,20.219,875.4,74.6
2021-01-08,37.485,43.47,10.165,33.43,17.778,13.305,127.85,525.3,128.091,113.347,10.67,157.95,20.365,116.35,43.68,78.362,85.66,127.0,90.1,45.285,33.0,586.3,306.3,80.94,53.02,6.536,27.0,21.212,887.4,75.28
2021-01-11,36.915,42.93,10.065,33.28,17.538,13.165,126.8,522.4,126.574,112.562,10.525,156.8,20.25,116.5,43.0,78.809,82.48,123.3,89.78,44.98,33.38,583.1,305.1,80.32,52.68,6.536,26.812,20.923,888.2,75.2
2021-01-12,37.05,43.0,10.005,32.75,17.638,13.505,125.8,515.8,125.742,110.744,10.66,156.15,20.19,116.3,43.28,78.76,83.08,124.05,89.96,45.34,33.62,575.5,300.5,79.74,52.6,6.536,27.688,21.79,884.6,74.82
2021-01-13,37.435,43.5,10.175,32.82,17.65,13.685,126.2,512.1,125.889,111.818,10.605,158.0,20.065,114.5,42.9,78.601,84.02,125.65,89.11,45.025,33.68,570.8,301.5,80.74,53.68,6.536,27.2,21.79,887.4,74.78
2021-01-14,37.8,43.52,9.956,32.79,17.762,13.845,124.5,508.0,123.785,111.033,10.42,156.0,20.045,116.95,43.61,80.53,86.52,124.7,93.25,45.13,33.35,569.6,298.0,80.06,52.92,6.536,27.462,22.157,897.0,77.06
2021-01-15,37.095,43.12,9.75,32.55,17.334,13.615,124.35,493.95,121.388,109.421,10.175,155.55,19.916,114.75,44.27,81.087,84.72,124.15,92.55,44.435,32.93,561.8,298.4,80.0,53.62,6.536,27.212,22.301,881.0,76.44
2021-01-18,36.98,42.65,9.67,32.08,17.4,13.485,122.75,499.65,122.367,109.835,10.28,155.35,19.734,113.7,45.08,81.186,84.66,124.85,91.19,44.805,33.07,565.5,296.9,79.8,54.72,12.752,27.237,21.906,887.6,75.46
2021-01-19,37.15,42.71,9.662,32.12,16.984,13.58,122.65,491.05,120.458,109.38,10.05,156.3,19.65,113.25,43.01,82.778,84.84,125.4,91.3,44.11,32.76,547.9,297.1,79.66,56.18,13.148,26.9,22.321,862.4,75.6
2021-01-20,37.345,43.25,9.662,32.45,17.084,13.445,123.2,507.7,121.828,108.264,10.205,154.15,19.716,114.9,43.54,81.903,83.58,124.5,92.41,44.42,33.5,556.7,293.6,79.82,55.28,13.19,27.75,22.542,868.2,78.5
2021-01-21,36.475,43.32,9.562,32.85,16.898,13.315,125.15,507.6,119.969,108.388,10.06,153.65,19.518,111.95,43.4,80.978,81.52,124.3,89.36,44.34,33.4,550.2,294.6,80.28,55.08,12.934,28.062,21.983,875.6,76.58
2021-01-22,36.22,42.6,9.588,33.0,16.34,13.115,125.35,511.5,119.871,109.132,9.922,153.1,19.212,110.55,43.18,81.017,80.46,123.4,88.83,43.085,32.6,544.0,296.3,79.84,54.56,12.522,27.862,21.549,875.6,75.5
2021-01-25,35.35,42.03,9.554,33.53,15.616,12.93,124.7,501.9,117.963,108.595,9.5,151.95,18.77,106.15,41.75,81.057,78.72,121.2,84.87,41.23,32.69,533.0,299.0,78.7,54.7,11.959,27.438,21.559,869.6,73.2
2021-01-26,35.98,41.94,9.702,33.94,15.986,12.99,125.6,508.0,118.11,111.529,9.674,153.9,18.856,108.0,41.98,80.63,77.98,121.7,85.29,41.99,32.7,545.7,301.8,79.6,55.38,12.179,27.788,21.376,870.0,73.36
2021-01-27,35.825,40.82,9.854,33.83,15.564,12.73,123.1,506.4,115.81,112.81,9.428,152.95,18.674,105.95,41.55,78.64,76.84,119.5,84.36,40.525,31.72,541.6,297.6,78.08,55.2,11.761,27.125,21.096,854.2,74.28
2021-01-28,35.815,41.61,9.802,33.17,15.77,12.96,123.8,517.0,115.37,112.727,9.57,157.85,18.796,106.3,42.5,78.66,78.68,119.5,85.15,41.205,33.03,555.9,297.4,77.76,55.28,12.038,27.712,21.607,861.6,73.98
2021-01-29,34.895,41.08,9.704,32.95,15.438,12.82,120.95,498.3,114.489,111.57,9.38,155.7,18.3,104.1,42.76,76.731,76.58,119.5,83.2,39.78,33.27,541.6,290.1,75.9,54.96,11.871,28.475,21.27,842.6,74.18
2021-02-01,34.555,41.64,9.726,33.55,15.584,12.975,123.4,507.7,117.914,112.479,9.516,156.95,18.454,102.95,43.75,77.785,77.92,122.25,83.11,40.18,33.92,543.0,296.5,76.64,55.6,11.951,28.55,21.472,854.2,74.6
2021-02-02,34.87,42.05,9.716,34.25,16.136,13.035,125.9,524.9,120.409,112.273,9.796,159.7,18.816,107.85,43.75,78.173,80.16,124.75,88.59,41.605,33.95,549.2,298.4,77.56,54.68,12.3,28.612,21.848,884.8,76.84
2021-02-03,35.14,42.6,9.788,34.0,16.256,13.3,125.5,524.5,118.893,112.81,9.872,158.5,18.988,108.85,44.77,77.308,80.04,124.6,89.81,41.9,33.72,543.2,295.9,77.8,54.26,12.333,29.175,22.205,890.6,76.46
2021-02-04,34.935,43.16,9.832,36.06,16.66,13.29,125.2,525.1,123.1,112.686,9.954,160.75,19.154,112.9,45.69,78.402,81.3,126.6,93.1,42.485,33.59,542.1,298.1,77.86,54.1,12.41,28.888,22.195,890.0,78.12
2021-02-05,35.07,42.5,9.844,36.54,17.17,13.4,124.6,528.7,125.987,112.603,10.135,163.2,19.204,112.2,46.55,79.575,86.0,128.25,93.42,43.595,33.69,549.0,305.6,77.4,53.34,12.67,29.487,22.089,900.6,77.68
2021-02-08,35.18,43.05,9.826,37.6,17.284,13.245,124.75,527.9,128.189,113.058,10.22,162.05,19.25,112.25,46.84,80.331,86.86,131.45,93.87,44.12,34.28,547.0,308.2,78.14,53.16,12.898,29.5,21.761,900.2,77.3
2021-02-09,34.565,42.38,9.732,37.8,17.404,13.1,123.15,537.0,130.342,113.636,10.135,163.75,19.294,111.65,46.23,80.142,85.9,132.95,92.47,43.92,34.57,555.5,312.8,77.86,53.46,12.78,29.3,21.511,915.6,78.12
2021-02-10,34.745,41.91,9.872,37.81,17.9,13.12,123.05,529.5,129.216,111.364,10.22,163.1,19.3,110.85,46.91,79.028,85.56,133.2,91.69,45.135,33.65,551.0,311.3,77.78,53.36,12.539,29.362,21.482,906.4,77.7
2021-02-11,34.64,42.39,9.72,37.87,17.956,13.105,125.0,531.5,129.363,111.529,10.725,159.4,19.272,109.45,46.99,77.387,86.66,135.0,91.22,45.695,34.85,547.9,309.0,74.5,54.54,12.486,29.312,21.79,919.0,78.16
2021-02-12,34.975,42.19,9.746,38.05,17.772,13.055,129.0,529.3,133.962,111.488,10.875,159.3,19.116,108.9,47.0,77.735,85.66,135.3,92.21,46.48,35.3,547.9,318.3,75.54,53.92,12.577,29.175,21.684,924.4,77.9
2021-02-15,36.54,42.81,9.89,37.59,18.92,13.105,128.75,535.9,133.767,110.95,11.095,161.2,19.57,110.9,47.57,78.113,86.08,137.3,93.67,47.55,35.55,566.0,315.0,74.94,55.24,12.689,29.425,21.867,930.4,77.84
2021-02-16,36.395,42.58,9.89,37.83,18.926,12.94,129.55,539.8,136.996,110.041,11.155,163.25,19.534,109.35,47.46,77.616,86.12,137.15,93.8,47.61,35.15,565.3,313.6,75.22,54.74,12.809,29.475,21.694,937.0,76.94
2021-02-17,36.965,42.29,10.05,37.36,19.06,12.985,127.05,535.0,134.011,110.372,11.185,163.3,19.704,111.0,47.51,78.352,85.24,135.5,93.9,47.65,34.44,524.9,317.0,75.0,55.88,12.496,29.062,21.761,930.4,77.64
2021-02-18,36.575,42.11,9.788,37.47,19.084,12.795,125.7,534.0,134.5,109.917,11.035,164.75,19.44,107.75,47.31,77.815,85.02,137.9,91.29,47.075,33.96,532.8,316.8,74.88,55.58,12.591,29.263,21.501,934.6,76.18
2021-02-19,36.95,43.25,9.764,37.69,19.806,12.895,128.6,541.8,133.522,109.215,11.325,163.35,19.856,112.05,47.71,76.592,85.02,140.05,91.77,48.325,34.62,528.0,316.1,74.64,56.82,12.693,29.763,21.578,963.6,76.74
2021-02-22,37.47,43.06,9.744,36.11,20.15,12.735,125.8,542.9,134.011,108.347,11.455,160.95,19.93,114.8,48.5,75.885,85.54,137.1,95.8,49.3,33.83,522.3,310.9,73.12,57.42,12.522,30.013,21.983,951.0,78.1
2021-02-23,38.31,42.86,9.79,35.39,20.12,12.67,123.7,539.4,133.522,107.727,11.36,160.5,20.085,118.65,49.01,76.204,87.62,135.3,98.95,49.45,32.9,522.9,311.7,72.36,57.62,12.56,29.688,22.263,943.2,79.46
2021-02-24,38.975,43.41,9.768,34.98,20.38,12.645,123.6,532.8,134.011,106.86,11.66,160.5,20.305,121.0,49.03,76.214,87.9,136.1,102.72,50.17,32.71,526.3,307.2,72.5,57.96,12.888,29.638,22.513,937.8,80.34
2021-02-25,39.455,43.09,9.794,34.57,20.92,12.605,124.9,531.0,132.005,104.793,11.8,160.65,21.15,116.35,48.74,75.239,87.92,133.95,98.93,50.31,32.41,527.3,306.9,72.78,58.5,12.845,29.55,22.513,935.4,79.24
2021-02-26,38.375,44.42,9.548,34.38,20.535,12.085,122.85,525.0,132.103,103.058,11.615,157.35,20.8,113.25,48.54,75.388,86.04,133.15,95.91,49.275,31.97,524.9,302.8,71.92,56.46,12.735,29.938,21.549,923.2,78.44
2021-03-01,38.835,44.32,9.606,34.43,20.78,12.01,124.5,537.1,133.62,105.289,11.78,158.75,21.305,117.25,49.18,76.005,88.2,136.45,100.68,49.135,31.4,547.2,305.7,72.92,57.24,13.183,30.013,21.617,928.8,81.08
2021-03-02,38.915,44.51,9.648,34.59,20.73,11.82,126.05,539.3,133.375,104.876,11.975,157.55,21.59,117.15,48.99,75.925,87.96,137.1,99.1,50.45,30.72,557.9,308.9,72.78,56.12,13.175,30.663,21.79,925.6,80.28
2021-03-03,39.31,46.27,9.622,34.34,21.48,11.535,125.45,543.8,131.467,104.298,12.27,157.0,22.095,118.6,49.25,74.941,87.82,138.85,100.46,51.72,30.4,554.0,307.6,72.38,55.32,13.146,31.275,21.434,928.0,81.62
2021-03-04,40.56,46.25,9.792,34.22,21.215,11.505,123.45,533.9,131.124,105.331,12.11,158.9,22.0,121.75,48.98,76.333,88.86,137.85,100.3,51.65,29.25,546.6,310.8,72.24,56.14,13.114,30.975,21.482,909.6,82.98
2021-03-05,40.975,46.33,9.872,33.73,21.335,11.435,122.55,523.2,130.537,105.331,12.215,158.4,22.0,119.1,48.11,76.96,86.52,135.95,95.42,51.59,28.42,539.0,308.8,72.7,56.68,12.978,30.663,21.887,890.0,79.48
2021-03-08,40.92,48.48,9.944,33.53,22.335,11.5,124.95,534.9,134.207,108.14,12.565,157.1,22.565,125.55,49.39,77.944,88.5,139.5,100.52,53.25,29.04,553.5,308.8,75.04,57.06,13.731,31.837,22.022,899.6,81.18
2021-03-09,40.665,47.65,9.918,34.43,21.805,11.88,125.25,540.7,134.207,107.893,12.375,156.9,22.745,123.2,50.38,79.018,89.44,143.9,100.26,52.59,29.89,562.6,311.1,75.5,56.62,13.979,31.4,22.147,909.2,81.34
2021-03-10,41.31,49.04,10.2,34.56,21.88,11.97,126.5,553.0,134.843,111.033,12.435,160.75,22.755,121.05,50.56,80.451,89.4,143.5,98.99,52.76,29.11,577.4,318.5,76.2,57.72,14.268,31.65,22.292,925.2,82.8
2021-03-11,41.74,48.62,10.185,35.62,21.385,12.16,128.4,564.5,138.268,110.413,12.195,160.55,22.705,120.65,51.08,79.744,89.38,145.65,99.13,52.33,30.27,587.2,321.1,77.36,57.32,14.437,31.513,22.359,954.2,83.04
2021-03-12,42.19,49.28,10.24,34.63,21.765,12.185,126.5,563.4,136.751,109.917,12.32,160.8,22.935,120.45,51.22,79.486,91.14,144.75,100.0,53.08,29.7,596.4,322.6,76.18,58.12,14.634,31.462,22.6,954.2,84.0
2021-03-15,41.29,48.37,10.335,34.85,21.875,12.16,125.55,558.2,136.409,110.289,12.16,160.6,22.755,121.95,50.7,81.186,91.2,143.95,100.0,51.83,30.21,603.2,321.5,76.0,59.8,14.84,31.45,22.465,963.0,84.38
2021-03-16,40.765,48.09,10.395,35.48,21.67,12.11,127.05,560.3,133.962,111.983,12.115,161.9,22.61,125.1,50.72,82.281,91.54,144.5,101.78,51.19,30.8,602.7,323.4,76.42,59.72,14.732,31.062,22.186,975.0,85.12
2021-03-17,40.61,48.35,10.445,35.48,21.96,12.07,126.35,568.2,131.663,111.983,12.17,162.5,22.445,123.6,52.04,81.375,91.52,142.0,101.0,51.68,30.56,604.3,326.0,75.62,59.84,14.94,31.763,21.8,981.8,84.76
2021-03-18,40.435,49.27,10.48,35.19,22.81,12.135,127.65,566.3,130.782,112.975,12.435,161.5,22.76,123.55,51.82,81.823,91.04,142.55,101.1,52.89,30.4,606.4,322.0,74.94,58.88,15.4,31.5,21.501,977.4,83.86
2021-03-19,40.23,48.58,10.46,35.48,22.17,12.195,126.05,557.4,128.727,112.19,12.115,160.2,22.84,119.25,50.3,83.245,88.7,143.0,97.34,51.15,30.88,593.6,320.4,74.0,59.02,14.85,31.55,21.675,947.2,81.98
2021-03-22,39.73,48.7,10.485,36.14,22.16,12.065,127.2,556.6,126.868,113.347,12.045,159.0,22.475,117.0,50.62,82.31,87.04,143.25,97.07,50.71,32.03,576.6,320.8,74.3,59.0,14.682,31.5,21.212,938.0,82.0
2021-03-23,39.44,48.72,10.555,36.4,22.025,12.11,126.3,554.2,128.923,114.504,11.92,159.05,22.435,115.5,50.1,82.022,86.12,142.6,95.21,50.36,31.37,575.8,321.7,74.4,59.24,14.2,31.2,20.913,940.4,82.12
2021-03-24,40.065,49.31,10.425,36.04,22.11,11.965,124.95,553.4,130.733,112.479,12.065,158.3,22.515,116.65,50.44,81.455,87.92,142.05,95.97,51.12,31.25,571.2,318.2,74.8,58.3,14.186,31.125,20.816,938.4,82.52
2021-03-25,38.745,49.39,10.4,36.08,21.845,11.98,124.85,555.6,132.788,113.264,12.045,158.95,22.5,116.55,52.08,82.678,87.52,141.95,96.49,50.83,31.48,565.8,322.7,76.18,58.48,14.408,31.788,20.884,941.2,82.66
2021-03-26,39.16,50.74,10.455,36.5,22.24,12.035,125.1,554.9,132.984,112.975,12.235,157.75,22.53,115.3,51.98,83.116,87.24,145.75,97.68,51.67,32.29,564.9,323.6,78.06,58.6,14.612,31.95,20.73,943.2,82.92
2021-03-29,39.745,50.42,10.59,36.48,21.705,12.16,126.3,554.9,134.452,114.669,12.15,159.75,22.655,115.25,52.66,84.021,87.88,146.55,97.4,50.67,31.91,574.1,326.6,78.62,59.1,14.64,31.8,20.98,943.4,83.52
2021-03-30,40.25,51.34,10.56,36.17,22.565,12.035,128.25,573.5,135.039,114.917,12.48,161.25,23.15,116.55,53.18,83.404,88.4,145.0,97.7,52.62,31.91,590.4,327.8,79.0,58.8,15.102,32.312,20.788,947.4,85.2
2021-03-31,39.775,50.32,10.505,36.48,22.315,12.105,130.25,568.1,135.87,115.124,12.345,160.05,22.885,116.05,52.04,83.792,87.36,145.1,96.54,51.88,32.49,588.6,326.8,79.32,58.5,15.08,31.913,21.077,944.0,84.72
2021-04-01,39.1,50.59,10.468,37.45,22.68,12.122,131.4,571.7,135.469,115.355,12.438,161.4,23.005,119.66,51.94,83.743,89.92,148.0,100.42,52.15,33.075,599.4,323.85,79.84,58.22,15.12,32.338,21.53,956.6,87.28
2021-04-02,39.1,50.59,10.468,37.45,22.68,12.122,131.4,571.7,135.469,115.355,12.438,161.4,23.005,119.66,51.94,83.743,89.92,148.0,100.42,52.15,33.075,599.4,323.85,79.84,58.22,15.12,32.338,21.53,956.6,87.28
2021-04-05,39.1,50.59,10.468,37.45,22.68,12.122,131.4,571.7,135.469,115.355,12.438,161.4,23.005,119.66,51.94,83.743,89.92,148.0,100.42,52.15,33.075,599.4,323.85,79.84,58.22,15.12,32.338,21.53,956.6,87.28
2021-04-06,38.82,51.04,10.454,37.54,22.65,12.154,132.68,576.8,135.078,115.95,12.442,166.6,23.205,119.66,52.84,83.892,89.32,149.0,100.7,51.95,33.155,596.0,331.15,79.5,58.72,15.306,32.312,21.53,964.4,87.24
2021-04-07,38.915,51.1,10.504,37.32,22.665,12.274,131.96,577.2,133.395,115.471,12.5,166.3,23.44,119.48,52.46,83.663,89.14,148.95,100.54,52.29,33.21,593.0,330.7,78.98,59.64,15.246,32.35,21.511,951.4,87.04
2021-04-08,38.26,51.22,10.56,37.93,22.25,12.29,134.2,586.1,133.414,116.0,12.526,168.6,23.44,120.72,52.04,84.25,90.7,150.05,100.8,52.0,33.135,605.0,339.6,80.92,60.09,14.926,31.538,21.434,980.6,87.02
2021-04-09,37.845,51.86,10.474,38.25,21.895,12.326,135.46,588.3,134.158,116.397,12.532,168.55,23.5,119.12,51.6,84.598,90.25,151.0,101.1,51.46,33.31,611.9,338.45,82.3,59.59,14.778,31.138,21.761,989.6,85.96
2021-04-12,37.67,51.85,10.344,37.69,22.085,12.452,133.46,589.7,136.154,116.05,12.528,168.25,23.68,117.78,51.04,84.23,90.67,151.65,99.9,51.42,32.54,616.4,337.1,82.48,59.53,14.912,31.25,23.863,985.4,85.56
2021-04-13,37.875,52.71,10.234,38.18,22.075,12.26,133.74,594.8,134.608,116.942,12.518,169.0,23.705,116.46,52.08,83.613,90.88,153.5,98.4,51.64,32.84,626.8,340.05,82.86,59.37,15.152,31.288,23.574,998.4,85.78
2021-04-14,38.295,52.59,10.228,38.15,22.315,12.254,132.82,611.8,135.234,115.702,12.598,169.55,23.61,117.42,52.62,83.544,90.59,151.0,100.22,51.98,32.805,632.9,339.15,81.88,58.81,15.054,30.737,23.478,1005.0,86.78
2021-04-15,38.0,52.46,10.228,38.25,22.11,12.246,135.04,616.7,136.839,116.496,12.448,170.5,23.41,119.64,54.38,84.15,89.82,151.3,102.84,51.76,32.58,630.0,342.8,82.5,59.18,15.026,30.9,23.574,1009.5,86.3
2021-04-16,37.95,53.22,10.35,38.29,22.39,12.402,137.5,630.0,136.095,116.694,12.462,170.85,23.705,122.9,55.32,84.548,90.65,151.5,103.68,52.9,32.655,635.0,336.55,83.26,59.57,15.244,31.125,23.969,1026.5,86.06
2021-04-19,38.04,53.08,10.45,38.4,22.545,12.388,137.52,624.9,136.526,116.595,12.598,171.8,23.75,122.4,54.12,85.742,92.08,153.35,102.7,53.33,31.885,640.2,338.85,83.22,60.34,14.804,30.825,23.998,1020.0,86.4
2021-04-20,36.86,52.36,10.486,38.12,21.515,12.172,136.14,605.3,136.174,115.438,12.224,171.75,23.17,117.2,53.62,85.592,87.95,150.0,97.94,50.83,30.72,626.1,337.6,83.02,59.25,14.214,30.663,23.883,1010.0,84.46
2021-04-21,36.905,52.18,10.482,38.54,21.32,12.086,135.32,624.6,138.15,116.182,12.118,173.1,23.17,117.04,53.3,86.368,87.42,150.5,97.73,50.36,31.035,652.2,342.6,82.6,58.78,14.348,30.675,23.68,1026.5,84.38
2021-04-22,36.895,52.87,10.312,39.02,21.4,12.3,137.12,632.0,139.559,116.81,12.142,175.3,23.16,121.04,53.74,86.08,86.96,150.65,99.71,50.68,31.7,645.4,347.7,82.9,59.68,14.388,31.212,24.336,1047.5,86.06
2021-04-23,36.775,52.97,10.306,39.17,21.45,12.36,137.24,628.1,137.876,116.81,12.17,173.45,23.18,121.24,54.8,84.876,87.47,150.65,98.46,50.51,32.21,648.8,345.45,82.92,58.84,14.394,31.775,24.808,1050.0,86.14
2021-04-26,36.86,52.74,10.31,38.92,22.315,12.496,136.52,625.8,137.328,116.992,12.42,170.95,23.25,123.92,54.36,84.916,89.3,150.8,101.24,51.91,32.6,646.4,342.75,82.94,58.16,14.344,31.962,25.068,1046.0,85.76
2021-04-27,36.79,52.68,10.334,38.9,22.795,12.34,137.52,632.7,136.624,117.273,12.588,170.8,23.1,122.06,53.86,84.936,89.89,151.1,99.79,51.86,32.75,648.5,336.2,83.3,57.9,14.308,31.45,25.473,1051.0,85.38
2021-04-28,37.445,52.73,10.422,39.02,23.615,12.398,136.54,633.2,138.17,117.025,12.752,171.55,23.43,121.0,54.76,86.995,90.13,151.8,99.3,53.48,32.01,651.0,339.0,82.0,58.23,14.41,30.962,25.724,1050.5,84.98
2021-04-29,37.1,51.85,10.384,39.1,23.825,12.302,134.38,635.7,138.229,117.107,12.842,173.85,23.445,120.54,54.24,86.368,90.74,153.8,100.0,53.83,32.54,656.6,343.1,81.78,59.13,13.838,30.288,25.599,1056.0,84.52
2021-04-30,36.825,52.5,10.35,38.59,23.67,12.37,133.02,626.2,135.43,115.802,12.872,170.7,23.525,124.18,53.86,86.796,91.4,152.4,99.94,53.39,31.16,666.5,341.65,81.0,58.63,13.808,30.087,25.541,1044.0,84.78
2021-05-03,37.24,52.77,10.38,38.59,23.73,12.448,134.7,630.6,136.369,116.165,12.898,172.5,23.91,124.76,54.26,86.219,92.34,152.6,99.91,53.46,30.7,675.3,345.6,81.64,59.45,14.028,30.237,25.435,1055.0,84.76
2021-05-04,37.665,53.08,10.442,37.4,23.2,12.402,131.7,618.9,135.019,115.57,12.75,172.55,23.695,122.82,55.14,86.378,93.67,150.55,96.73,53.05,30.055,673.6,341.35,81.04,59.02,13.91,29.913,25.068,1048.5,84.86
2021-05-05,39.015,55.7,10.446,37.86,23.635,12.386,134.54,631.8,136.056,116.711,12.998,173.55,23.775,122.54,56.1,84.13,94.38,151.95,96.57,54.9,30.745,686.0,346.0,82.64,59.11,14.888,30.225,24.818,1071.5,84.92
2021-05-06,39.14,56.19,10.494,37.41,24.925,12.53,134.18,625.3,136.272,118.364,13.088,174.35,24.16,123.3,56.12,83.842,95.08,153.4,96.75,54.91,30.085,690.3,347.65,85.58,58.99,14.918,30.45,25.165,1068.5,86.66
2021-05-07,39.05,56.38,10.482,37.71,24.91,12.612,134.96,631.4,137.681,118.413,12.87,174.15,22.73,125.2,55.84,84.976,95.69,155.1,98.37,54.78,30.94,695.1,349.9,85.76,59.16,14.944,30.925,25.367,1073.0,86.04
2021-05-10,39.34,56.02,10.6,37.12,25.635,12.65,130.92,625.0,136.859,118.43,13.376,174.1,23.045,125.76,56.28,85.901,94.8,154.65,98.36,55.82,30.15,704.4,352.4,85.22,57.58,15.1,31.05,24.789,1059.5,86.4
2021-05-11,38.42,54.88,10.354,36.92,25.25,12.184,129.02,612.3,134.941,116.628,13.206,170.9,22.57,122.5,55.12,84.687,92.74,151.25,95.9,55.8,29.18,693.6,346.4,84.02,55.98,14.646,30.725,24.239,1049.0,85.4
2021-05-12,39.3,54.98,10.484,36.39,25.775,12.246,127.86,610.2,134.999,116.149,13.408,172.9,22.695,121.42,54.94,85.533,94.17,150.4,96.56,56.6,28.53,693.5,346.3,84.82,56.76,14.724,30.7,24.519,1043.0,84.66
2021-05-13,38.81,54.74,10.478,36.82,25.7,12.406,127.88,616.0,135.176,116.86,13.226,173.65,22.56,119.96,54.7,86.129,93.44,151.8,96.0,56.06,28.89,696.0,350.15,85.2,57.7,14.634,30.625,24.702,1055.5,84.6
2021-05-14,39.75,55.61,10.558,37.03,26.1,12.684,131.44,628.1,136.878,117.438,13.326,175.35,22.875,124.54,55.46,86.249,95.41,154.05,99.57,57.04,29.175,706.9,352.35,86.66,57.55,14.858,31.038,25.165,1068.0,86.32
2021-05-17,39.81,54.7,10.684,36.72,26.195,12.716,130.36,624.0,137.172,115.339,13.342,176.75,22.815,121.88,55.04,87.164,93.68,153.65,96.9,56.98,29.03,706.9,355.45,86.52,58.29,15.096,31.05,24.586,1065.5,85.22
2021-05-18,39.695,54.56,10.528,36.7,26.16,13.1,130.06,623.0,137.133,114.463,12.444,176.35,22.645,121.0,55.58,86.756,93.35,154.15,97.14,57.07,29.19,709.9,351.95,86.8,58.05,15.064,31.062,24.779,1061.0,83.6
2021-05-19,38.385,53.5,10.378,36.51,25.99,13.122,126.22,619.1,134.452,113.653,12.118,175.0,22.295,117.2,53.8,86.328,91.83,151.45,95.06,55.94,29.195,704.8,350.15,86.2,58.33,14.71,30.55,24.48,1056.5,82.14
2021-05-20,38.545,54.47,10.418,37.3,26.115,13.064,128.46,628.9,138.013,115.207,12.194,177.4,22.375,118.76,54.64,87.621,92.84,152.6,96.51,56.21,29.595,713.3,358.85,86.76,59.89,15.012,30.8,24.808,1067.0,82.42
2021-05-21,39.0,55.08,10.532,37.38,26.24,13.144,129.48,631.6,139.442,115.851,12.28,178.8,22.545,119.92,54.96,87.751,93.42,151.8,97.91,56.24,29.675,719.8,361.3,87.48,60.53,15.278,31.075,24.885,1082.0,82.94
2021-05-24,39.04,55.14,10.536,37.71,26.2,12.642,129.26,637.5,139.618,116.628,12.232,180.25,22.52,121.74,55.14,87.701,93.83,154.65,98.26,55.6,29.925,721.7,364.7,87.94,60.52,15.386,31.188,24.905,1096.5,83.42
2021-05-25,38.33,55.03,10.44,37.84,25.95,12.588,129.0,639.7,138.17,116.612,12.114,180.1,22.29,119.54,54.96,87.462,93.3,155.75,97.14,55.4,30.04,724.5,367.2,87.7,60.34,15.446,30.275,24.905,1114.5,83.12
2021-05-26,38.47,54.94,10.426,37.98,25.4,12.508,129.04,640.6,139.931,115.95,11.976,180.0,22.22,118.2,54.86,88.178,93.67,155.4,97.67,54.65,30.02,735.8,366.45,87.14,59.24,15.43,30.725,24.933,1126.0,82.88
2021-05-27,38.045,54.6,10.402,37.31,26.155,12.258,129.4,648.4,139.481,115.521,12.118,179.6,22.445,122.56,55.24,86.398,93.74,152.25,106.68,56.39,30.245,736.6,365.9,87.58,58.25,16.02,31.25,24.692,1140.0,84.08
2021-05-28,38.145,55.14,10.476,37.75,26.25,12.266,130.62,655.8,139.52,115.339,12.302,181.2,22.805,124.12,55.5,87.482,93.4,153.55,108.0,56.48,30.66,748.8,371.55,86.04,58.46,16.078,31.4,24.953,1144.0,84.22
2021-05-31,37.905,54.82,10.41,37.65,26.205,12.15,129.4,652.0,138.835,114.942,12.202,180.15,22.58,122.36,55.5,86.497,92.92,152.65,106.66,55.85,30.66,748.3,368.3,85.64,58.3,16.254,31.45,24.779,1152.5,83.86
2021-06-01,38.82,55.81,10.448,37.48,26.53,12.282,130.44,657.1,138.914,115.388,12.454,181.05,22.79,124.44,56.8,85.393,93.96,152.6,108.76,56.71,30.53,742.0,370.0,85.6,58.22,16.298,31.987,25.001,1150.0,84.18
2021-06-02,39.69,55.38,10.56,37.36,26.62,12.338,131.5,661.0,140.577,116.215,12.38,180.65,22.85,125.68,56.72,85.045,93.87,151.2,110.7,57.0,30.535,746.8,371.6,86.08,58.36,16.49,32.438,24.905,1155.0,84.4
2021-06-03,39.69,57.7,10.55,36.97,26.75,12.332,130.1,654.3,141.047,116.165,12.328,178.85,22.805,123.86,56.06,85.016,93.45,148.6,109.78,57.44,30.125,741.2,372.85,86.7,58.47,16.668,32.862,24.789,1155.0,84.52
2021-06-04,39.69,58.26,10.514,37.43,26.52,12.31,130.64,651.2,140.655,116.463,12.368,179.65,22.835,122.52,55.74,85.612,93.45,150.75,109.92,57.11,30.55,735.7,376.4,87.72,58.86,17.154,32.612,24.779,1158.5,84.5
2021-06-07,39.49,57.47,10.52,37.06,26.735,12.39,130.5,657.3,142.456,116.529,12.49,180.7,22.985,123.56,56.58,85.712,93.91,150.45,111.32,57.57,30.11,733.0,378.75,87.96,58.87,17.442,33.075,25.02,1168.0,85.68
2021-06-08,39.635,57.7,10.502,37.52,26.31,12.34,131.96,659.7,143.806,116.413,12.26,180.1,22.895,123.9,56.58,84.866,94.17,150.9,110.5,56.68,30.19,742.0,380.8,89.18,59.33,17.42,32.888,24.75,1182.0,85.94
2021-06-09,40.015,56.96,10.588,37.82,26.175,12.292,131.76,662.5,143.258,117.339,12.102,180.8,22.46,124.66,55.96,86.03,95.64,150.3,110.6,56.23,30.565,744.6,382.0,88.22,58.81,17.226,32.625,24.885,1193.0,86.18
2021-06-10,39.82,56.64,10.45,37.79,26.4,12.206,130.7,657.7,143.18,116.793,12.392,179.75,22.305,123.12,55.54,87.731,94.1,152.75,110.52,56.09,31.055,739.2,382.0,88.1,59.05,17.0,32.588,24.731,1184.0,85.96
2021-06-11,40.33,56.76,10.412,38.46,26.38,12.316,130.14,668.1,145.235,116.264,12.424,178.5,22.405,123.64,55.9,88.417,95.01,157.4,112.36,56.32,31.4,742.9,384.05,87.96,59.37,17.166,32.588,25.02,1197.5,86.04
2021-06-14,40.885,56.74,10.45,38.89,26.38,12.308,130.1,672.6,145.313,116.413,12.458,177.35,22.475,123.1,56.48,88.407,96.01,158.5,112.4,56.45,31.565,744.0,384.55,88.0,59.48,16.942,32.275,25.213,1196.0,86.1
2021-06-15,40.915,56.63,10.112,38.91,26.265,12.332,132.68,677.8,144.785,119.455,12.458,178.95,22.745,123.14,54.68,88.377,95.73,158.35,113.18,56.47,31.55,749.2,387.45,89.38,59.3,16.878,32.6,25.117,1203.0,86.14
2021-06-16,40.95,56.41,10.046,39.23,25.635,12.244,132.74,682.3,144.824,121.157,12.254,181.05,22.74,125.34,54.7,88.487,95.81,159.35,114.08,55.74,31.5,749.8,389.2,89.14,59.34,16.902,32.9,24.972,1204.0,86.08
2021-06-17,40.72,56.38,10.018,39.31,25.89,12.128,132.68,687.3,146.057,120.215,12.3,180.6,22.885,126.24,54.92,88.407,96.24,160.7,114.6,56.31,31.86,758.7,391.4,88.26,59.19,16.956,33.088,24.741,1209.0,86.92
2021-06-18,39.535,55.49,9.89,39.45,25.01,11.9,131.68,681.1,146.272,119.504,11.798,179.1,22.05,124.78,53.88,87.502,94.13,156.55,112.72,53.74,30.44,750.0,390.3,87.28,58.56,16.472,32.838,24.201,1213.0,85.8
2021-06-21,39.96,56.31,9.904,39.65,24.835,11.8,134.38,680.1,147.173,122.479,11.832,179.6,21.825,125.94,54.7,87.741,94.02,156.65,112.92,53.86,30.155,759.2,389.25,87.94,57.26,17.008,34.4,24.22,1225.5,85.32
2021-06-22,40.205,56.77,9.916,40.1,24.57,11.73,135.5,681.2,146.801,124.76,11.872,179.95,21.68,126.54,54.28,87.253,94.29,157.35,112.64,53.98,30.535,761.9,387.5,88.74,57.0,16.98,33.713,24.384,1223.0,85.68
2021-06-23,40.04,55.93,9.657,40.06,24.66,11.57,134.46,669.1,149.678,123.14,11.744,183.5,21.42,123.9,54.12,86.647,92.75,157.35,111.3,53.48,30.165,739.4,381.45,88.62,57.0,16.958,33.525,24.008,1205.0,84.9
2021-06-24,40.255,56.19,9.62,41.06,25.435,11.684,137.1,673.2,152.065,124.893,11.882,187.4,21.73,126.36,54.36,87.124,93.91,161.55,111.92,54.1,30.75,750.9,390.15,89.68,57.08,17.002,33.912,24.442,1228.5,85.86
2021-06-25,39.935,56.06,9.608,40.92,25.4,11.63,136.64,673.6,152.183,123.669,11.95,187.0,21.98,124.48,55.08,87.771,93.26,161.8,110.32,54.46,30.785,759.2,385.4,89.2,57.87,17.03,33.588,24.268,1227.0,85.94
2021-06-28,38.785,55.29,9.569,41.32,24.775,11.592,135.78,667.6,151.282,123.289,11.782,188.65,21.605,118.94,53.86,88.626,90.77,161.15,107.1,53.2,30.955,747.7,385.65,89.08,59.14,16.836,33.713,24.143,1221.5,84.14
2021-06-29,38.605,56.54,9.563,40.92,25.09,11.566,135.06,674.0,152.241,122.909,11.962,187.55,21.665,117.4,54.14,87.85,90.53,162.0,106.48,53.57,31.155,754.4,383.25,89.7,59.44,16.786,34.388,24.49,1231.5,85.68
2021-06-30,38.155,55.54,9.615,40.9,24.86,11.554,132.68,661.3,152.3,122.033,11.814,187.2,21.385,116.92,53.94,87.88,89.99,162.0,108.44,52.87,30.605,737.0,375.8,89.26,59.37,16.54,33.625,24.557,1228.5,86.04
2021-07-01,38.76,56.55,9.664,40.82,25.7,11.732,133.2,663.9,149.697,122.331,11.988,187.0,21.69,118.8,55.52,87.979,91.34,164.1,109.9,53.48,30.72,739.2,375.35,89.78,60.3,16.68,33.588,25.001,1220.0,86.7
2021-07-02,38.615,56.41,9.605,41.3,25.07,11.754,133.88,663.4,149.169,122.479,11.852,185.35,21.75,119.42,55.52,87.422,91.58,164.65,112.22,52.47,31.415,734.4,372.65,90.46,60.21,16.682,33.825,25.242,1218.0,87.04
2021-07-05,38.71,56.65,9.597,41.24,25.685,11.698,135.06,660.7,149.11,121.835,12.05,184.35,21.905,120.18,55.38,86.428,91.86,164.85,113.08,53.63,31.76,737.8,372.7,91.5,60.0,16.942,34.125,25.242,1220.0,87.48
2021-07-06,37.905,56.24,9.534,42.04,24.895,11.594,135.66,655.8,148.347,121.537,11.712,184.1,21.56,117.86,54.52,86.299,91.57,164.0,110.88,51.92,31.63,727.9,370.5,91.2,60.41,16.71,33.55,25.261,1224.0,88.28
2021-07-07,37.47,57.41,9.433,42.54,24.685,11.68,136.62,660.4,151.85,122.727,11.696,184.8,21.615,115.96,54.5,86.328,91.8,166.4,109.82,51.18,31.89,737.8,376.5,92.06,60.5,16.582,33.737,25.319,1237.5,88.26
2021-07-08,37.1,56.5,9.368,42.575,23.915,11.528,133.16,639.2,149.521,120.545,11.508,180.2,21.285,117.2,52.48,85.314,90.5,164.9,109.02,49.715,31.025,712.9,365.0,90.54,59.28,16.05,33.275,24.866,1204.5,88.0
2021-07-09,37.45,57.75,9.485,42.625,24.775,11.606,137.02,662.4,151.028,122.248,11.794,180.85,21.815,119.92,53.16,86.746,91.74,167.05,112.76,50.93,32.115,731.2,371.8,91.7,59.46,16.478,34.275,25.02,1235.5,89.82
2021-07-12,37.47,58.2,9.592,43.16,24.8,11.64,138.24,666.0,152.965,123.669,11.768,182.4,21.825,116.68,53.14,88.318,92.31,168.55,112.2,51.04,32.385,735.2,375.35,92.22,59.68,16.47,34.325,25.358,1252.0,89.0
2021-07-13,37.19,58.69,9.62,43.575,24.56,11.618,138.42,670.7,154.003,124.05,11.584,183.6,21.77,114.74,53.94,88.248,91.41,168.75,111.24,50.83,32.455,743.6,375.5,93.2,59.72,16.242,34.312,25.242,1266.5,88.68
2021-07-14,37.105,58.27,9.594,43.79,24.67,11.612,136.78,671.6,154.101,123.983,11.654,183.75,21.815,115.26,54.3,88.188,90.03,168.3,110.98,51.14,33.215,750.6,376.5,92.52,59.67,16.25,34.138,25.175,1269.5,88.2
2021-07-15,36.645,58.32,9.531,43.445,24.755,11.456,136.04,663.2,150.734,123.686,11.562,183.15,21.765,112.96,53.2,86.676,88.58,166.7,110.4,50.72,32.54,739.8,373.6,92.26,58.84,16.014,33.975,24.77,1269.0,87.32
2021-07-16,36.285,57.42,9.593,43.6,24.145,11.622,134.2,654.3,148.973,123.107,11.45,184.2,21.62,113.54,52.8,87.393,89.19,166.85,110.64,49.88,32.17,731.8,374.6,91.78,59.17,15.698,33.662,25.146,1250.0,87.58
2021-07-19,34.89,55.44,9.364,43.635,23.04,11.228,131.66,639.9,145.392,121.372,11.096,180.25,21.0,107.84,50.62,86.299,85.68,164.6,103.58,47.79,31.36,711.8,373.15,90.0,58.46,15.116,33.15,24.586,1232.0,84.6
2021-07-20,34.865,56.11,9.368,43.175,23.37,11.092,133.34,645.1,146.429,122.099,11.262,181.15,21.21,110.88,51.5,86.617,86.06,166.75,106.0,48.695,31.11,719.2,376.7,91.24,58.51,15.18,33.325,24.48,1240.0,85.8
2021-07-21,35.795,57.22,9.485,43.245,24.14,11.182,135.16,659.2,148.66,123.372,11.624,182.95,21.64,115.92,54.04,86.557,87.87,167.1,110.64,50.23,32.33,726.9,379.15,92.38,58.97,15.68,33.812,24.972,1257.5,88.32
2021-07-22,35.64,57.92,9.462,44.35,24.03,11.316,137.4,660.4,149.991,123.355,11.546,183.7,21.765,114.5,54.18,87.054,88.41,170.6,109.52,49.98,32.28,727.8,379.2,93.4,57.73,15.57,33.938,25.184,1262.0,88.84
2021-07-23,35.635,59.03,9.524,44.455,24.47,11.464,140.18,674.0,151.791,124.43,11.672,186.35,21.77,116.4,54.8,87.591,90.15,172.3,111.5,50.57,33.22,747.6,387.05,93.72,58.19,15.724,34.5,25.29,1288.0,89.48
2021-07-26,36.46,59.2,9.623,44.375,24.905,11.486,140.0,673.4,150.597,123.273,11.874,184.75,21.9,116.22,55.48,87.104,90.01,172.6,112.0,51.71,33.35,747.3,383.5,93.24,58.02,15.9,33.812,25.56,1280.5,90.38
2021-07-27,36.45,58.19,9.66,44.96,24.66,11.398,138.28,669.6,149.658,123.24,11.744,184.95,21.805,115.26,53.66,86.647,89.01,171.1,112.32,51.24,32.565,731.2,383.55,92.7,57.2,15.684,33.875,25.714,1270.0,90.14
2021-07-28,36.71,58.74,9.627,46.285,24.56,11.558,139.06,688.2,150.089,123.719,11.718,185.6,21.825,116.82,53.62,87.114,90.21,177.55,115.3,51.16,33.175,757.8,385.85,92.58,57.17,15.824,33.987,26.177,1295.5,91.6
2021-07-29,37.505,58.43,9.313,45.965,24.94,11.6,138.8,684.0,150.656,120.347,11.88,187.5,21.915,113.0,53.74,86.05,90.51,181.6,116.0,52.07,35.04,760.1,384.9,92.98,60.86,16.336,34.425,26.929,1287.0,90.76
2021-07-30,36.7,60.25,9.395,46.52,24.725,11.252,141.3,673.9,155.745,121.14,11.76,186.1,21.88,110.3,53.22,86.408,89.21,182.25,115.7,51.45,34.54,756.2,385.9,94.92,62.06,16.19,34.425,26.688,1289.0,88.5
2021-08-02,36.69,60.22,9.445,46.94,24.865,11.346,142.0,687.0,160.481,119.884,11.724,186.15,22.805,111.48,53.36,86.279,89.77,185.1,116.78,50.95,34.98,774.5,392.7,94.82,63.28,16.374,34.662,26.881,1310.0,89.0
2021-08-03,37.69,61.55,9.508,47.16,26.45,11.482,143.9,695.9,162.594,120.397,11.788,185.45,23.095,109.5,53.44,85.98,89.55,187.5,114.78,51.4,35.105,777.0,393.85,95.28,63.63,17.046,34.75,26.736,1326.5,87.64
2021-08-04,37.59,63.73,9.477,47.52,27.205,11.518,147.72,694.7,162.633,120.281,11.97,186.55,23.15,109.42,54.06,84.041,89.44,190.45,114.44,52.01,35.515,779.7,395.4,95.78,62.78,17.422,35.338,26.389,1332.5,87.8
2021-08-05,37.675,63.85,9.47,47.985,27.135,11.622,147.24,697.4,162.633,121.421,11.934,187.1,23.38,111.5,54.62,84.658,90.36,189.5,116.64,52.41,35.8,778.7,398.25,95.92,63.0,17.426,35.562,26.515,1335.5,88.98
2021-08-06,37.935,63.94,9.524,48.07,27.535,11.65,147.18,697.4,162.34,121.554,12.282,187.15,23.68,112.6,54.44,85.781,90.46,189.6,116.9,54.0,35.94,782.5,399.05,95.64,62.7,17.832,35.537,26.476,1340.5,88.38
2021-08-09,37.815,64.01,9.536,47.96,27.59,11.654,147.8,697.4,162.536,121.636,12.288,186.9,23.77,110.1,54.1,86.577,89.55,190.25,114.76,54.21,36.5,784.2,399.1,95.04,62.7,17.952,35.487,26.467,1334.5,87.7
2021-08-10,37.63,64.26,9.525,48.17,27.415,11.682,148.8,701.6,159.659,122.413,12.252,186.85,23.84,109.58,54.7,86.1,89.52,189.9,115.16,54.02,36.425,789.9,398.15,95.82,63.3,17.95,35.487,26.573,1330.0,87.92
2021-08-11,38.16,64.46,9.549,48.08,27.63,11.8,152.26,704.8,159.717,122.876,12.324,184.75,24.105,109.6,54.68,86.159,90.91,189.5,115.72,54.77,36.24,788.2,400.3,96.84,63.68,18.018,35.625,26.717,1334.0,88.06
2021-08-12,38.325,64.58,9.572,48.23,27.465,11.794,151.46,712.0,160.383,122.43,12.242,184.85,24.265,109.7,54.72,86.856,91.36,190.6,115.3,54.32,36.59,792.1,403.85,97.24,64.0,18.464,35.713,26.871,1339.5,87.6
2021-08-13,38.22,64.6,9.626,47.89,27.455,11.922,153.0,709.8,161.381,122.959,12.294,185.7,24.445,109.74,54.98,86.975,91.46,190.55,115.44,54.38,36.49,788.9,403.1,97.54,64.48,18.584,36.013,27.238,1347.5,87.28
2021-08-16,37.75,64.37,9.604,47.655,26.985,11.952,153.2,694.9,159.659,123.107,12.184,185.6,24.33,107.68,55.0,87.572,91.17,190.55,114.62,53.85,36.535,752.0,398.6,97.64,65.0,18.33,36.05,27.19,1325.0,87.26
2021-08-17,37.825,63.94,9.617,47.84,26.4,11.95,154.5,690.5,160.402,123.438,11.948,184.35,24.165,106.62,54.76,88.805,90.45,190.35,113.54,52.86,36.1,744.4,400.1,97.34,64.86,17.83,35.95,27.141,1330.0,86.44
2021-08-18,37.725,63.86,9.696,47.75,26.555,12.148,155.1,654.9,158.856,124.645,11.976,184.7,24.42,106.58,54.48,89.163,91.73,190.35,113.62,53.34,36.47,718.0,393.2,97.42,63.97,17.962,36.188,27.575,1280.0,86.36
2021-08-19,36.305,62.08,9.689,47.8,25.75,12.164,153.68,613.1,156.606,125.322,11.73,177.7,23.925,104.32,52.8,89.68,90.61,189.65,110.04,51.91,35.85,650.0,388.8,96.68,63.82,17.352,35.412,27.691,1220.0,84.32
2021-08-20,36.465,62.03,9.82,48.03,25.755,12.338,152.52,620.0,157.134,125.24,11.75,175.75,23.99,104.62,53.12,90.237,90.27,189.8,110.48,52.1,36.39,652.5,392.5,96.84,63.6,17.148,35.2,27.778,1233.0,83.9
2021-08-23,37.08,62.78,9.794,48.48,26.055,12.316,152.56,636.6,159.267,124.959,11.956,178.25,24.145,104.1,53.7,89.083,90.74,190.65,111.72,52.71,36.475,671.8,395.1,96.9,63.5,17.198,35.3,27.826,1270.0,84.18
2021-08-24,37.16,62.14,9.763,48.43,26.21,12.374,152.58,624.3,158.054,124.215,12.038,177.3,24.17,105.34,54.2,88.099,90.78,190.7,113.46,53.07,36.62,669.3,393.2,96.96,63.1,17.252,34.688,28.028,1250.0,84.44
2021-08-25,37.335,62.37,9.761,48.5,26.85,12.212,151.68,622.1,158.387,123.95,12.204,177.35,24.135,107.04,55.4,87.562,91.27,189.8,115.92,54.15,36.77,675.0,393.05,96.34,62.35,17.28,34.6,28.0,1251.5,84.84
2021-08-26,37.31,62.66,9.694,48.45,26.595,12.048,151.94,621.6,157.623,124.397,12.122,176.9,24.04,107.02,55.46,87.969,90.96,190.7,115.0,53.67,36.55,672.4,394.1,96.78,62.14,17.056,34.812,27.604,1238.0,85.2
2021-08-27,37.75,62.65,9.679,48.74,26.68,12.034,152.2,623.1,158.563,124.562,12.114,177.7,24.065,107.12,55.76,87.701,90.89,191.0,115.02,53.46,37.265,668.6,393.6,97.16,62.16,17.154,34.938,27.556,1241.0,86.08
2021-08-30,37.705,62.0,9.678,48.74,26.255,12.08,152.74,625.0,158.974,125.736,12.088,177.65,23.955,106.32,55.76,87.582,90.46,191.0,114.86,53.0,37.9,671.6,397.2,97.36,61.97,17.014,34.85,27.72,1246.5,85.66
2021-08-31,37.345,61.39,9.62,48.305,26.65,12.132,151.3,626.8,162.692,125.471,12.21,177.95,23.78,106.26,55.52,87.144,90.89,190.15,115.7,53.73,37.715,674.0,396.3,96.92,61.87,16.938,34.263,28.009,1244.5,85.94
2021-09-01,37.1,61.24,9.646,49.155,27.01,12.256,153.06,646.8,163.906,126.248,12.328,184.55,23.86,108.24,56.22,87.651,93.75,191.0,118.0,54.8,37.92,688.2,399.5,97.36,61.81,16.834,34.425,28.8,1270.0,86.88
2021-09-02,37.58,61.57,9.589,49.02,26.98,12.09,154.4,647.0,165.276,125.421,12.356,186.05,23.765,107.0,56.84,87.721,92.98,191.45,116.78,54.8,37.935,695.6,400.15,97.6,61.11,17.132,34.55,28.742,1271.5,86.22
2021-09-03,37.265,61.0,9.549,48.79,26.565,11.994,153.88,634.9,162.888,124.909,12.118,183.7,23.59,104.44,55.78,87.373,91.14,191.55,114.48,53.87,37.9,683.3,394.85,97.38,61.51,17.14,34.213,28.53,1255.0,85.82
2021-09-06,37.665,61.2,9.535,49.115,26.67,12.056,154.62,648.7,165.471,125.471,12.218,185.85,23.765,104.22,56.66,87.323,90.98,192.3,115.88,54.12,38.195,694.3,396.35,97.4,61.76,17.236,34.388,28.26,1277.5,86.0
2021-09-07,37.615,61.06,9.514,49.075,26.835,11.888,154.4,653.0,165.51,124.38,12.244,185.5,23.645,102.86,56.7,86.478,90.8,192.3,114.1,54.33,38.22,700.6,393.05,98.34,60.22,17.1,34.55,28.318,1294.5,84.04
2021-09-08,37.26,60.48,9.546,48.555,26.27,12.028,150.68,648.7,166.058,124.116,12.086,186.0,23.37,101.64,55.98,84.329,91.86,189.55,113.72,53.5,37.55,699.6,394.05,96.9,59.6,16.622,34.062,28.318,1285.0,83.42
2021-09-09,36.945,61.33,9.465,49.11,26.42,12.004,151.7,658.4,166.724,124.149,12.106,187.65,23.35,104.82,56.26,82.857,90.0,189.5,115.2,53.74,37.615,696.0,397.7,96.92,60.11,16.682,34.213,27.961,1289.5,84.1
2021-09-10,36.63,61.17,9.355,48.495,26.44,11.758,153.0,663.5,166.704,123.603,11.974,188.8,23.225,104.7,56.0,81.425,87.93,189.6,114.36,52.82,38.24,696.4,398.35,97.24,59.52,16.702,34.1,27.72,1302.0,83.12
2021-09-13,37.75,61.38,9.417,47.945,26.75,11.972,153.46,657.0,165.804,123.669,12.128,189.65,23.48,107.3,56.3,81.037,88.97,189.2,115.08,54.02,38.115,677.0,397.5,97.3,59.83,16.866,34.138,27.893,1279.0,84.3
2021-09-14,37.845,61.26,9.395,48.88,26.26,11.986,154.66,646.8,166.528,123.19,11.82,189.6,23.255,103.66,56.26,81.375,88.82,191.8,112.76,53.39,39.5,658.3,398.6,97.66,60.1,16.96,34.162,28.019,1269.5,83.16
2021-09-15,38.69,61.06,9.369,49.205,26.215,11.77,153.4,621.2,165.471,121.967,11.836,182.4,23.26,102.36,56.44,80.908,87.12,189.8,112.36,53.63,39.63,631.4,393.0,97.36,59.42,17.344,33.95,27.961,1247.5,81.88
2021-09-16,38.72,61.43,9.307,50.4,26.345,11.764,157.24,628.0,167.507,122.149,11.87,183.1,23.33,104.62,56.9,81.226,88.13,194.0,114.88,54.16,39.99,622.5,383.3,98.8,59.56,17.414,33.812,28.202,1260.0,81.58
2021-09-17,38.39,60.01,9.353,50.01,26.05,11.834,152.98,631.0,166.645,118.843,11.66,185.05,23.095,105.28,56.1,81.107,86.16,192.35,113.04,53.54,38.89,637.2,382.6,97.34,59.32,16.95,33.138,27.36,1277.5,80.74
2021-09-20,37.845,58.75,9.275,49.9,24.565,11.746,147.18,618.7,165.178,116.975,11.21,186.0,22.37,107.66,55.68,81.564,86.8,188.95,111.94,51.15,38.24,628.7,372.25,94.16,58.91,16.068,32.3,27.15,1258.0,81.28
2021-09-21,38.095,60.7,9.286,50.94,24.485,11.75,148.3,636.0,168.192,119.455,11.2,190.85,22.625,109.1,55.86,81.783,88.16,193.6,113.28,51.36,38.775,626.9,383.45,94.02,59.53,16.026,32.45,26.84,1282.0,81.5
2021-09-22,39.07,61.03,9.353,50.23,25.39,11.63,152.0,643.3,168.309,119.537,11.566,191.9,23.045,110.36,57.48,82.281,89.15,193.2,115.84,53.16,39.06,642.8,384.45,96.1,59.87,16.548,33.05,26.86,1285.0,82.26
2021-09-23,39.63,60.8,9.328,50.57,26.045,11.758,152.0,654.1,169.992,119.95,11.872,191.5,23.38,111.7,57.76,82.41,89.35,195.65,116.68,54.36,39.665,653.3,387.25,96.48,59.7,16.748,33.45,27.71,1317.5,82.94
2021-09-24,39.695,60.9,9.33,49.55,26.335,11.7,149.86,642.9,165.824,119.174,11.9,191.4,23.505,111.38,57.24,81.574,89.26,192.6,115.4,54.8,39.47,633.8,378.35,94.24,59.41,16.786,33.362,27.12,1288.0,83.34
2021-09-27,41.06,60.57,9.432,47.7,27.17,11.824,147.88,637.5,164.63,118.017,12.318,192.25,23.88,115.02,57.7,81.674,92.59,191.15,117.24,56.5,39.57,622.3,372.0,93.64,59.28,16.926,33.375,27.12,1242.5,85.52
2021-09-28,41.595,59.35,9.403,45.58,26.535,11.69,144.0,617.9,160.5,115.868,12.04,189.35,23.595,109.64,56.82,81.266,89.9,180.2,113.36,54.84,37.595,612.7,362.7,92.86,58.66,16.45,32.862,26.2,1195.0,84.02
2021-09-29,41.035,59.66,9.402,45.395,27.115,11.618,144.86,625.5,163.827,115.438,12.046,190.95,23.94,112.52,57.74,83.255,90.62,181.05,117.3,55.26,37.51,616.6,363.3,93.38,59.36,16.654,33.4,26.27,1209.0,84.44
2021-09-30,41.335,58.24,9.352,45.465,27.195,11.342,143.9,620.1,161.949,114.529,11.946,190.7,24.085,109.66,58.26,82.629,90.15,180.15,115.1,55.44,37.765,616.0,356.85,92.76,59.05,16.576,33.2,26.46,1196.5,84.16
2021-10-01,41.275,56.51,9.28,44.775,26.96,11.624,142.52,630.0,163.475,115.719,11.818,190.05,23.875,111.16,57.98,82.161,90.85,178.65,116.58,54.89,37.325,627.3,361.55,91.12,58.11,16.278,33.2,26.59,1195.5,85.0
2021-10-04,42.09,56.15,9.361,43.97,26.74,11.698,140.64,621.1,162.555,115.025,11.776,189.95,23.82,109.2,57.24,82.599,91.05,175.55,113.66,54.37,36.065,619.4,361.5,89.96,58.09,16.14,33.0,26.84,1190.0,84.58
2021-10-05,43.35,57.04,9.405,44.4,27.9,11.852,143.14,632.5,164.375,115.355,12.444,192.35,24.28,111.0,58.52,83.007,91.2,176.85,115.08,56.88,36.96,620.8,363.8,91.0,57.76,16.552,33.987,27.26,1198.5,84.46
2021-10-06,42.755,56.47,9.326,44.325,27.67,11.656,140.52,624.8,161.538,114.083,12.392,195.2,23.75,110.2,56.9,82.499,89.3,176.0,113.42,56.2,36.31,616.6,358.15,89.88,57.54,15.98,32.888,26.57,1188.5,83.04
2021-10-07,42.695,58.86,9.41,44.85,28.225,11.704,143.22,637.9,163.455,115.917,12.792,197.5,24.21,113.5,56.9,83.524,91.03,179.25,114.2,57.09,36.875,636.6,361.9,91.48,57.92,16.584,33.438,26.68,1232.0,83.96
2021-10-08,43.35,59.89,9.448,43.94,28.255,11.598,140.76,627.7,160.148,115.124,12.83,197.45,24.19,115.12,56.86,83.842,90.37,176.3,113.22,57.0,36.03,627.0,357.6,90.2,56.89,16.676,33.375,26.06,1212.5,84.62
2021-10-11,44.22,60.02,9.448,43.675,28.34,11.57,138.72,631.7,156.527,114.347,12.812,197.8,24.225,115.74,57.1,84.24,90.73,175.15,113.82,57.33,35.945,634.4,355.75,89.68,56.63,16.826,32.737,26.44,1226.0,85.0
2021-10-12,43.7,59.64,9.437,43.765,28.29,11.552,139.22,633.9,155.979,114.331,12.644,197.75,24.035,112.7,56.7,83.056,89.55,175.6,113.24,57.19,35.355,634.8,355.4,89.86,56.51,16.852,32.8,26.72,1234.5,83.64
2021-10-13,43.275,60.14,9.403,45.29,27.955,11.628,140.58,653.9,157.467,116.083,12.55,198.8,23.505,112.74,56.92,83.076,89.16,182.7,112.34,56.36,35.835,644.3,362.4,90.02,57.23,16.82,32.725,26.96,1268.0,82.34
2021-10-14,43.8,61.41,9.475,45.85,28.29,11.544,144.16,667.2,157.389,117.736,12.588,198.55,23.7,113.92,58.48,83.673,89.46,187.1,113.36,56.63,36.405,662.1,369.95,91.98,58.12,16.996,32.975,26.98,1285.5,83.58
2021-10-15,44.455,61.6,9.512,46.1,28.79,11.654,144.28,664.8,161.303,118.43,12.848,197.6,23.925,115.98,59.28,83.384,90.59,187.8,114.9,57.75,36.54,668.8,369.55,92.84,57.54,17.2,33.525,27.11,1289.5,83.34
2021-10-18,44.65,60.79,9.486,46.285,28.67,11.6,142.54,650.0,163.416,118.149,12.796,197.0,23.905,113.46,58.74,82.211,89.92,186.8,113.3,58.01,36.7,652.8,365.9,93.02,57.33,16.882,33.225,27.07,1271.5,82.56
2021-10-19,44.83,60.93,9.435,46.565,28.7,11.818,142.9,646.0,164.356,118.231,12.822,195.5,23.935,111.0,58.84,82.181,90.69,189.5,112.32,58.1,37.05,650.4,362.55,93.88,55.61,16.782,33.112,27.76,1281.5,81.26
2021-10-20,44.865,61.32,9.584,46.49,28.615,12.002,142.78,656.1,165.139,118.876,12.914,198.8,23.995,109.02,58.32,83.971,91.47,185.5,112.16,58.18,36.92,646.6,364.3,94.54,56.59,16.808,33.338,28.28,1309.5,81.36
2021-10-21,44.22,60.11,9.613,46.96,28.345,12.098,140.52,659.7,166.058,118.645,12.842,197.8,23.735,110.6,57.92,83.494,91.26,184.3,111.38,57.59,37.45,643.6,369.3,91.98,56.22,16.878,33.575,27.98,1328.0,81.74
2021-10-22,43.805,60.35,9.666,46.665,28.5,12.162,141.8,667.3,167.761,118.248,12.952,199.45,23.945,110.52,57.48,84.648,90.77,188.65,109.78,57.71,37.935,646.1,388.05,93.04,56.13,16.852,33.237,28.49,1358.0,81.5
2021-10-25,43.925,59.88,9.605,46.79,28.71,12.086,140.6,659.8,167.272,118.116,13.056,199.7,23.93,107.76,56.54,85.065,89.95,187.55,108.08,58.21,38.255,640.0,383.85,93.18,56.2,17.484,33.525,28.23,1344.0,81.32
2021-10-26,43.745,60.11,9.444,47.14,28.72,12.192,142.84,665.0,168.935,118.529,13.04,200.6,24.45,112.46,56.28,85.185,91.65,189.6,109.94,58.18,38.86,648.8,390.45,94.0,56.22,17.546,33.225,28.38,1349.5,81.34
2021-10-27,43.635,60.35,9.515,47.23,28.56,12.33,146.28,664.3,166.274,119.438,12.972,199.5,24.41,112.0,56.9,85.304,91.69,188.05,110.0,57.82,38.85,648.0,388.35,94.3,55.86,17.556,33.85,28.2,1335.0,80.98
2021-10-28,43.295,60.89,9.434,50.0,28.335,12.394,148.9,671.7,169.151,118.678,12.952,201.1,24.415,114.08,57.02,85.523,91.67,199.3,112.0,57.46,41.315,650.9,393.45,95.28,56.04,17.304,33.825,28.76,1363.5,80.52
2021-10-29,43.37,59.56,9.435,50.38,28.835,12.296,148.9,677.2,175.061,119.207,13.04,198.7,25.16,116.04,57.94,85.96,92.37,201.3,110.6,57.9,40.915,648.2,394.95,94.24,56.35,17.238,33.925,28.23,1370.5,79.66
2021-11-01,43.53,60.96,9.56,50.62,29.43,12.402,149.04,683.4,179.836,119.901,13.198,199.65,25.305,115.02,58.0,87.82,93.91,203.9,109.66,59.67,41.105,651.8,398.2,95.56,56.95,17.42,33.737,28.7,1385.0,79.92
2021-11-02,43.675,61.19,9.543,51.91,29.355,12.49,150.2,684.8,180.776,120.43,13.234,202.0,25.585,115.18,58.52,89.123,93.9,207.1,110.3,59.43,41.75,642.6,400.0,97.06,57.23,17.45,33.588,28.87,1398.5,80.68
2021-11-03,42.91,61.37,9.518,53.09,29.415,12.46,152.52,682.5,184.455,122.099,13.292,203.6,25.645,113.98,58.4,89.75,93.0,209.6,108.0,59.88,42.41,647.0,405.55,97.84,57.29,17.528,34.075,28.98,1419.0,81.22
2021-11-04,43.25,60.87,9.498,54.36,29.715,12.66,153.88,692.5,185.12,123.504,13.116,203.7,25.55,114.6,57.48,89.203,93.27,211.3,109.0,59.08,43.36,649.0,408.8,96.26,57.26,17.626,34.388,30.21,1441.0,82.54
2021-11-05,43.41,61.07,9.623,54.41,29.995,12.71,153.2,708.9,183.829,123.917,13.248,204.8,25.5,120.36,58.08,87.979,95.56,210.7,113.9,59.51,44.04,659.9,412.8,94.58,57.35,17.704,34.2,29.6,1459.0,84.12
2021-11-08,43.5,61.6,9.598,54.78,29.805,12.738,154.56,707.4,183.79,124.347,13.222,204.4,25.59,120.12,57.62,87.731,94.85,211.8,115.64,59.39,44.675,664.2,412.25,95.0,56.65,17.55,33.987,29.56,1466.5,83.0
2021-11-09,43.535,60.64,9.653,54.82,29.515,12.718,154.28,707.3,180.678,124.711,13.1,205.3,25.355,120.62,57.54,88.129,94.44,212.2,116.32,58.87,44.27,681.9,414.55,94.54,57.26,17.446,33.85,29.58,1440.5,83.6
2021-11-10,43.915,59.82,9.828,53.95,29.4,12.86,153.98,698.6,178.466,125.669,12.858,205.0,25.67,123.0,58.6,89.332,95.2,208.5,116.2,59.2,43.405,664.8,414.35,94.9,57.94,17.868,33.55,29.68,1430.0,83.38
2021-11-11,43.865,60.66,9.847,54.71,29.47,13.154,154.82,705.4,177.625,125.901,12.892,207.1,25.755,121.58,59.22,89.402,93.9,212.7,114.7,59.48,44.24,658.6,414.45,94.62,57.82,17.86,33.438,29.52,1441.0,82.16
2021-11-12,43.175,60.8,9.862,55.25,29.27,13.16,156.02,722.9,179.171,126.264,12.732,209.5,25.78,121.12,60.0,88.735,93.75,213.6,112.14,59.27,44.8,677.8,420.95,94.54,57.61,17.876,33.7,29.81,1478.5,81.3
2021-11-15,43.64,60.18,9.847,55.5,29.795,13.376,156.24,720.8,180.521,125.603,12.782,211.3,25.86,120.66,59.84,89.581,94.63,214.5,114.04,61.22,44.915,681.5,424.05,94.86,57.64,17.954,33.525,29.98,1500.0,81.78
2021-11-16,43.86,60.09,9.81,55.11,29.755,13.478,155.88,729.7,184.005,124.843,12.704,211.1,25.555,119.48,59.92,89.68,93.77,214.8,115.0,60.23,45.15,711.2,427.2,94.8,56.6,18.076,34.013,29.81,1536.0,81.06
2021-11-17,43.54,61.11,9.784,55.22,29.705,13.462,158.62,726.1,184.122,125.355,12.766,211.0,25.565,116.2,60.28,90.108,92.88,215.6,114.44,60.18,45.67,721.1,429.8,96.2,56.75,17.952,34.425,29.97,1540.0,79.8
2021-11-18,43.07,61.6,9.78,55.44,29.59,13.35,159.66,728.5,189.015,125.62,12.65,212.2,25.43,115.82,60.46,87.79,91.3,215.2,113.26,59.52,45.4,718.7,422.9,97.1,56.63,17.958,34.975,29.92,1592.5,80.4
2021-11-19,41.895,60.92,9.66,56.22,28.84,13.112,161.42,733.5,189.211,126.86,12.478,212.2,25.165,112.96,59.92,88.417,88.65,215.8,109.4,57.72,45.81,716.9,425.5,97.88,56.19,17.51,34.35,29.02,1675.5,78.24
2021-11-22,42.395,60.53,9.856,55.33,29.25,13.04,162.1,728.3,188.721,126.793,12.722,211.0,25.395,111.6,61.04,88.874,89.53,211.4,108.78,58.64,45.71,707.7,417.85,99.5,56.33,17.482,35.188,28.97,1643.5,77.78
2021-11-23,42.885,60.24,9.939,53.25,29.235,13.07,159.9,718.1,183.124,125.157,12.626,208.3,25.495,112.22,60.22,87.9,90.58,205.4,110.26,58.89,43.9,704.3,411.7,97.42,56.78,17.0,34.925,28.88,1618.0,78.52
2021-11-24,43.115,59.99,9.927,52.11,29.265,13.064,156.16,726.1,184.103,125.355,12.666,207.9,25.54,112.48,59.76,86.836,91.6,203.4,111.46,58.54,43.695,710.4,412.55,97.18,56.17,16.792,34.925,29.14,1629.0,78.58
2021-11-25,43.085,60.41,9.904,53.11,29.335,13.228,156.72,734.7,184.396,125.091,12.62,213.0,25.47,112.66,60.36,86.179,91.77,205.7,112.26,58.73,43.515,718.6,415.5,97.46,56.09,16.712,34.75,29.25,1656.5,78.54
2021-11-26,40.53,57.09,9.666,52.89,27.265,12.796,151.58,692.0,175.041,122.76,12.066,206.9,24.225,101.1,57.66,84.548,84.02,200.2,99.36,55.29,41.935,665.5,402.3,95.16,54.33,15.568,32.1,27.86,1604.0,74.46
2021-11-29,41.2,57.24,9.604,53.43,27.485,12.894,151.24,697.2,176.509,121.785,12.132,206.6,24.235,101.6,57.96,85.145,84.16,201.9,99.69,55.38,43.025,683.8,401.8,95.78,54.33,15.536,32.088,28.24,1640.0,73.88
2021-11-30,40.61,56.18,9.51,53.19,27.545,12.81,156.22,686.6,173.221,120.512,12.066,202.5,24.35,98.78,57.14,83.404,83.66,204.1,98.72,55.08,43.125,681.4,397.5,96.78,51.99,15.114,32.625,28.4,1653.0,72.48
2021-12-01,41.935,58.36,9.614,53.68,28.45,13.0,162.76,697.5,177.742,122.182,12.306,203.9,25.235,103.12,57.92,85.374,86.32,207.9,101.92,56.59,44.945,705.1,406.15,98.7,52.35,15.974,34.0,29.13,1668.5,73.06
2021-12-02,42.025,58.05,9.302,52.27,28.515,12.84,161.14,686.6,173.73,120.579,12.29,203.3,25.105,102.14,57.08,83.733,86.74,204.4,101.1,56.45,41.93,693.5,398.15,97.98,53.31,15.964,32.987,28.44,1617.0,72.4
2021-12-03,42.335,57.84,9.219,51.63,28.365,12.976,159.88,685.0,173.202,120.711,12.24,204.7,25.005,98.66,56.96,83.315,85.32,201.4,98.55,56.17,41.87,684.0,400.9,97.42,52.89,15.758,33.188,28.87,1606.5,73.24
2021-12-06,43.44,58.84,9.269,51.63,28.655,13.11,161.64,690.1,175.257,122.942,12.316,209.4,25.465,103.78,57.66,83.892,87.11,200.2,102.84,57.34,42.015,695.3,408.6,97.7,53.09,16.27,33.912,29.44,1559.0,74.84
2021-12-07,44.28,60.74,9.277,53.58,28.975,13.192,167.26,725.0,182.165,128.364,12.466,212.9,25.62,106.06,58.54,84.896,88.19,207.1,105.88,58.26,44.4,735.2,424.8,99.8,52.86,16.868,34.662,29.72,1619.5,74.68
2021-12-08,44.23,60.87,9.221,53.48,29.195,13.134,166.3,714.7,180.188,128.38,12.406,207.6,25.545,107.52,58.54,84.14,87.13,205.6,107.26,58.13,43.175,717.5,418.25,100.15,53.03,16.674,35.0,30.11,1577.0,74.54
2021-12-09,43.955,61.21,9.17,53.74,29.23,13.166,167.82,715.0,181.793,128.0,12.314,210.2,25.53,105.96,58.1,83.633,86.29,208.1,105.5,57.42,42.865,708.7,419.1,101.2,53.0,16.47,35.35,30.76,1592.5,73.84
2021-12-10,44.09,59.81,9.225,53.09,29.085,13.066,166.92,710.0,181.167,127.702,12.234,210.4,25.37,103.82,57.76,86.06,85.44,206.0,105.58,56.71,42.48,700.5,421.05,100.9,53.02,16.506,35.487,30.74,1592.5,73.04
2021-12-13,43.455,58.58,8.996,52.87,28.645,12.908,167.02,709.0,179.073,128.083,12.12,210.0,25.32,100.68,57.76,85.97,84.73,204.6,103.08,56.0,42.48,694.1,418.0,101.45,52.71,16.338,35.025,31.02,1582.5,71.72
2021-12-14,43.73,58.03,9.19,51.55,28.93,12.878,162.76,701.6,176.255,126.38,12.226,208.2,25.435,100.56,56.98,85.016,84.76,201.2,102.5,56.09,41.71,690.0,415.2,99.66,53.16,16.256,34.8,30.76,1560.0,71.78
2021-12-15,43.285,58.8,9.174,52.71,28.755,12.96,165.0,711.9,178.349,127.207,12.138,208.7,25.435,98.5,56.52,86.239,84.6,204.3,99.99,55.89,42.63,694.4,417.3,100.0,53.1,16.304,34.638,31.46,1599.5,70.9
2021-12-16,44.675,59.29,9.221,52.32,29.33,13.0,167.82,713.3,180.365,127.868,12.2,210.0,25.755,100.0,57.18,86.657,86.4,207.7,102.4,56.96,41.9,695.9,418.45,100.95,54.13,16.834,34.737,31.65,1622.5,71.94
2021-12-17,43.66,58.56,9.305,51.73,28.67,12.958,165.68,699.0,176.49,126.281,12.006,209.5,25.38,101.24,56.86,86.418,86.62,204.8,104.14,56.17,41.37,689.8,413.05,100.45,54.62,16.472,34.6,31.54,1525.0,72.54
2021-12-20,43.365,57.89,9.26,51.76,28.365,12.758,164.66,697.8,176.274,123.686,11.896,209.7,24.88,99.44,56.2,86.428,85.75,204.1,102.06,56.42,41.36,681.9,411.0,99.36,53.14,15.79,34.0,31.31,1543.5,71.62
2021-12-21,44.4,59.06,9.344,51.44,29.12,12.952,166.34,701.5,177.899,123.835,12.174,209.7,25.41,101.54,57.06,87.204,87.71,204.2,106.8,58.86,41.845,683.4,414.9,99.46,53.28,16.3,34.925,31.56,1536.5,73.06
2021-12-22,44.71,59.96,9.373,52.66,29.44,12.862,167.94,715.4,181.539,124.248,12.252,211.4,25.535,104.56,57.74,87.383,89.34,211.6,111.08,59.35,42.54,687.9,419.0,100.1,53.48,16.44,35.438,31.77,1550.5,74.22
2021-12-23,45.12,61.06,9.349,52.63,29.83,12.886,170.78,722.0,182.224,125.207,12.44,212.1,25.885,107.04,58.42,87.681,90.32,213.6,111.84,60.0,43.015,688.7,422.65,101.45,53.79,16.556,35.787,31.74,1533.0,74.8
2021-12-24,44.775,60.7,9.384,52.69,29.93,12.868,170.5,717.4,180.932,124.364,12.49,211.1,25.895,106.7,59.0,87.383,89.8,212.5,111.68,59.75,43.52,687.0,422.35,101.3,53.56,16.42,35.875,31.84,1530.5,74.48
2021-12-27,44.955,61.49,9.372,53.1,29.99,12.92,172.52,726.3,182.028,125.95,12.504,210.6,26.12,106.68,58.82,88.089,91.28,215.1,112.34,60.38,43.94,699.0,418.15,102.25,54.55,16.804,36.125,31.71,1538.0,75.06
2021-12-28,45.255,61.94,9.42,53.55,30.145,13.124,173.18,730.8,183.731,126.843,12.55,211.0,26.31,106.88,59.36,88.397,91.4,216.4,113.42,60.82,44.04,700.6,421.1,102.6,54.74,16.832,36.138,32.58,1545.0,75.54
2021-12-29,44.755,62.32,9.427,53.21,30.275,13.148,173.04,727.9,183.183,126.231,12.568,211.8,26.255,105.96,59.56,88.318,91.7,214.9,112.12,60.71,43.795,703.5,418.85,103.45,54.75,16.71,36.237,32.24,1546.0,75.18
2021-12-30,44.9,61.93,9.426,52.7,30.24,13.072,172.84,730.0,183.613,127.008,12.604,212.0,26.285,107.08,59.94,88.646,91.98,215.7,112.68,60.67,43.74,707.8,419.8,102.8,54.92,16.678,36.175,32.08,1537.5,75.3
2021-12-31,44.63,61.87,9.413,52.31,30.205,13.014,172.46,727.0,183.222,126.711,12.55,211.5,26.185,107.66,59.2,88.099,92.91,215.5,112.36,60.77,43.37,706.9,416.95,102.9,54.59,16.678,36.037,32.26,1536.0,74.8
2022-01-03,44.99,62.29,9.424,50.82,30.455,13.19,175.14,731.0,183.163,127.686,12.738,210.3,26.5,110.08,59.28,88.845,92.68,213.5,116.14,61.2,44.0,708.0,426.0,103.3,54.99,17.314,36.662,32.6,1542.5,75.74
2022-01-04,45.37,64.0,9.49,50.83,31.925,13.34,177.5,744.0,186.412,130.149,13.04,215.7,27.005,110.82,60.1,87.591,94.73,217.2,118.88,63.25,43.215,719.5,431.4,103.5,56.62,17.71,37.475,32.64,1559.0,77.4
2022-01-05,45.915,64.05,9.45,50.53,32.25,13.28,177.82,758.0,187.86,132.264,13.17,216.4,27.05,111.7,60.54,87.79,94.46,212.6,120.4,63.33,43.615,740.8,428.2,103.8,56.51,18.402,38.225,32.19,1578.5,77.06
2022-01-06,45.935,64.31,9.432,48.685,32.85,13.2,172.04,727.1,178.819,129.752,13.322,208.4,27.315,111.74,60.86,87.661,94.26,203.3,118.64,64.19,42.9,718.1,413.0,101.7,56.52,18.24,38.2,32.33,1504.5,77.26
2022-01-07,46.46,65.0,9.429,47.815,33.2,13.25,169.4,715.8,173.358,129.289,13.456,203.5,27.47,112.16,60.8,88.119,94.05,200.1,117.7,64.5,44.38,717.4,409.55,102.55,56.27,17.994,38.362,33.17,1447.0,77.52
2022-01-10,46.74,63.6,9.629,46.58,33.015,13.334,160.7,702.7,170.618,128.992,13.528,204.4,27.405,112.64,59.48,88.367,94.36,194.45,117.92,64.0,42.43,694.1,394.65,98.32,56.9,17.88,38.125,32.37,1374.0,78.78
2022-01-11,47.6,65.79,9.69,47.13,33.08,13.538,164.0,710.0,171.558,129.537,13.502,201.9,27.845,110.88,59.56,89.511,95.0,200.7,118.42,64.36,42.915,710.3,396.35,98.82,56.99,18.032,38.25,32.59,1376.0,78.6
2022-01-12,49.06,66.93,9.748,47.065,33.515,13.756,168.46,708.7,171.01,130.744,13.792,200.8,27.92,109.88,61.32,89.471,95.2,203.3,118.68,65.33,42.6,715.1,400.05,100.4,56.81,18.366,38.362,32.18,1372.5,78.32
2022-01-13,48.805,66.69,9.882,46.105,34.245,13.886,167.66,690.0,169.601,129.405,13.898,197.65,28.215,112.36,61.72,88.437,97.47,201.7,117.3,66.96,43.915,685.9,388.8,99.7,57.5,19.0,38.763,32.54,1329.0,78.68
2022-01-14,49.535,66.33,9.967,45.475,34.235,13.886,162.98,675.4,166.959,127.884,13.778,198.1,28.29,112.8,60.66,90.128,98.47,198.7,117.34,66.3,42.96,665.5,379.4,97.58,57.87,18.98,38.7,32.3,1298.5,80.6
2022-01-17,49.675,65.71,9.941,46.075,34.355,13.85,163.34,686.4,170.266,128.347,13.728,201.4,28.54,112.56,61.86,91.699,97.93,204.4,116.76,66.05,43.62,681.3,385.25,97.18,57.98,19.14,38.537,32.59,1345.0,81.82
2022-01-18,50.42,65.48,9.975,45.36,34.325,13.754,159.88,673.0,168.426,126.926,13.668,197.55,28.6,112.06,61.12,91.56,98.14,201.4,115.88,66.01,42.66,667.7,376.0,95.28,57.68,19.1,38.25,32.24,1336.5,83.28
2022-01-19,51.26,65.37,9.954,45.8,33.675,13.504,159.52,697.7,170.814,128.76,13.54,198.65,28.005,112.18,60.7,91.232,98.19,205.4,115.12,65.4,41.35,680.8,377.25,95.4,57.16,18.994,38.35,32.28,1368.5,83.4
2022-01-20,50.68,65.51,9.916,46.21,33.73,13.732,161.5,703.9,172.849,130.198,13.49,198.55,27.83,112.7,61.12,92.415,98.87,207.0,115.72,64.11,41.43,681.9,380.8,94.86,57.52,18.784,38.062,33.0,1370.5,83.44
2022-01-21,49.62,63.32,9.897,45.07,32.96,13.546,157.98,697.2,169.875,128.264,13.284,197.25,27.515,111.14,60.5,90.446,98.3,203.2,113.4,62.44,40.685,668.8,375.5,93.02,57.84,18.11,37.475,31.9,1364.0,82.1
2022-01-24,47.915,57.96,9.986,42.675,31.115,13.172,149.94,662.8,163.632,124.562,12.862,193.0,26.765,104.02,57.04,88.039,95.28,190.7,107.34,60.1,38.69,648.9,366.35,89.18,56.06,16.764,36.287,30.76,1308.5,80.42
2022-01-25,49.105,57.99,10.14,42.24,32.04,13.13,150.18,667.0,162.907,125.702,13.074,190.65,27.145,105.88,57.28,89.76,95.56,188.8,108.34,62.06,38.61,644.8,369.85,88.66,56.0,16.592,36.787,30.98,1303.0,81.26
2022-01-26,51.07,58.95,10.154,42.215,33.08,13.374,151.68,683.6,164.786,125.934,13.326,192.65,27.83,109.24,58.74,91.44,97.18,193.4,114.22,63.95,39.765,656.5,372.1,89.46,56.2,17.4,37.025,31.8,1314.0,82.84
2022-01-27,51.74,58.19,10.326,41.06,33.185,13.672,151.36,694.0,164.375,126.876,13.402,194.1,28.14,108.02,59.12,94.374,97.57,193.8,114.42,64.5,40.57,653.0,373.05,89.34,56.8,17.546,37.188,32.28,1292.5,82.38
2022-01-28,51.24,58.11,10.472,41.1,32.845,13.558,147.56,716.4,162.438,124.959,13.262,190.45,27.93,103.94,59.72,93.748,96.72,193.0,111.38,62.78,40.03,647.8,368.1,88.0,55.21,17.068,36.775,31.65,1295.5,81.6
2022-01-31,50.22,59.65,10.42,42.45,32.685,13.554,149.36,722.6,163.24,125.107,13.28,189.0,27.955,106.62,59.7,92.246,96.66,197.45,112.12,63.0,41.24,656.3,376.85,89.8,55.25,16.968,36.925,31.93,1318.5,81.44
2022-02-01,51.3,60.9,10.276,42.135,33.33,13.72,152.6,732.2,169.366,125.669,13.516,193.25,28.255,110.98,60.3,91.092,97.58,201.1,115.44,64.22,41.455,671.7,377.8,91.24,55.06,17.344,37.487,32.25,1343.5,82.84
2022-02-02,50.25,60.88,10.382,43.015,33.67,13.858,154.16,729.3,172.556,127.289,13.562,195.8,28.51,109.86,61.3,91.779,97.98,204.9,113.3,63.47,41.36,679.0,379.6,92.22,55.85,17.478,36.975,32.93,1350.0,80.28
2022-02-03,49.71,60.83,10.462,41.395,34.255,14.06,149.24,711.7,168.211,124.793,13.742,192.0,28.255,107.42,61.62,90.794,97.57,197.0,111.64,63.64,39.68,659.4,372.5,91.24,55.1,17.38,37.1,32.86,1306.0,80.0
2022-02-04,50.97,59.18,10.486,42.615,34.035,14.104,146.66,706.1,168.231,121.702,13.578,190.25,27.47,106.16,63.94,89.799,98.19,193.15,110.32,64.3,38.78,652.2,367.75,90.44,54.73,16.456,36.662,32.36,1310.0,78.44
2022-02-07,51.23,59.43,10.554,42.265,34.49,14.108,147.26,716.1,170.031,121.074,13.668,190.1,27.95,107.54,62.4,92.594,98.9,194.6,112.94,65.69,38.945,649.4,371.35,90.58,55.51,16.31,36.588,32.05,1280.0,79.24
2022-02-08,51.29,59.55,10.758,41.275,35.095,14.282,147.26,706.1,170.325,120.512,13.894,190.3,28.575,108.74,63.62,93.201,101.36,194.8,115.64,66.0,39.355,643.5,368.9,90.08,55.63,16.432,37.3,32.62,1269.5,80.62
2022-02-09,52.4,61.88,10.816,42.19,35.625,14.308,150.22,716.6,174.591,120.545,13.96,191.9,28.75,112.66,65.18,92.962,103.0,200.6,117.5,66.71,40.86,645.0,371.4,92.14,55.4,17.102,37.725,32.77,1292.5,82.0
2022-02-10,51.93,62.62,10.852,41.88,36.78,14.568,151.46,706.2,171.421,122.314,14.154,190.5,28.61,115.08,66.76,92.355,102.76,199.35,118.3,66.56,40.69,628.8,364.0,89.32,54.88,16.95,38.3,32.92,1246.0,83.96
2022-02-11,52.25,62.3,10.92,40.715,35.97,14.538,146.46,685.0,165.158,118.744,14.056,191.7,28.42,115.02,64.6,93.32,102.22,197.1,118.5,64.9,40.005,619.8,363.95,87.26,55.39,16.758,37.013,32.43,1202.0,84.14
2022-02-14,51.13,60.63,10.882,40.275,33.795,14.298,142.12,670.0,160.931,117.455,13.56,190.25,27.575,112.22,63.3,91.699,100.04,193.1,116.3,61.75,39.1,616.2,353.1,85.32,54.76,16.338,36.188,31.51,1186.5,83.06
2022-02-15,51.0,61.91,10.888,40.95,34.5,14.23,146.8,694.0,166.098,119.438,13.662,194.0,28.12,115.0,64.32,93.32,101.58,186.75,118.4,63.53,39.72,631.5,359.35,86.82,55.1,17.016,34.925,32.25,1251.0,84.24
2022-02-16,51.42,62.19,10.874,41.025,33.89,14.132,145.74,687.6,164.238,122.645,13.438,190.9,28.0,116.0,63.6,92.982,102.56,183.0,117.88,62.75,39.905,632.6,355.15,86.42,55.37,17.172,34.475,32.26,1241.5,84.56
2022-02-17,50.65,61.81,10.934,41.57,32.99,14.404,146.4,684.1,162.673,124.231,13.144,193.2,27.19,114.36,62.66,93.121,102.18,185.7,116.32,62.02,39.13,663.9,356.6,86.34,55.44,16.864,34.812,32.33,1255.0,84.36
2022-02-18,50.66,61.85,11.012,40.69,32.37,14.48,144.84,686.3,163.397,124.579,13.056,197.1,26.92,113.44,62.58,92.525,100.98,185.95,115.0,61.92,38.25,666.6,360.75,86.02,55.88,16.706,33.862,32.56,1203.0,84.44
2022-02-21,49.94,60.71,10.946,39.895,31.75,14.298,139.48,672.2,160.539,121.223,12.834,193.25,26.57,111.0,61.72,91.649,99.36,182.2,112.14,61.06,37.59,651.8,346.45,83.38,55.35,16.308,33.112,31.75,1200.0,83.08
2022-02-22,49.885,60.24,10.986,40.325,31.425,14.402,139.74,669.2,158.758,121.058,12.796,193.65,26.3,113.18,61.1,91.54,97.82,184.95,114.08,60.67,37.715,643.1,348.75,83.04,54.58,16.336,32.6,31.45,1208.0,83.48
2022-02-23,49.535,59.66,11.0,40.265,31.075,14.39,138.68,665.8,159.13,122.529,12.678,194.75,26.12,112.34,61.68,92.634,96.81,185.75,113.94,59.55,37.45,646.5,343.5,83.12,56.69,17.078,32.213,31.74,1220.0,84.26
2022-02-24,47.62,54.48,10.716,40.87,27.3,13.716,134.92,635.9,154.375,119.488,11.86,188.2,24.53,108.1,58.52,89.72,93.02,182.5,108.92,55.09,36.69,620.2,340.65,82.46,54.05,16.052,31.05,29.74,1203.0,88.36
2022-02-25,48.27,57.94,10.892,41.69,28.455,14.416,140.24,666.6,156.371,122.314,12.064,196.85,24.77,114.54,60.02,93.36,95.8,189.15,115.92,56.75,38.265,638.6,353.95,83.94,56.02,16.9,31.475,31.74,1230.0,91.98
2022-02-28,45.59,55.95,10.814,43.49,25.64,14.268,139.78,659.9,153.357,122.893,11.466,195.65,24.275,114.7,59.64,92.962,94.52,188.3,114.9,52.51,37.94,637.1,355.0,84.82,54.31,16.384,31.0,31.21,1242.0,102.9
2022-03-01,44.35,54.67,10.792,43.45,23.24,12.386,132.96,625.8,146.488,122.281,10.576,192.65,23.23,103.7,58.16,91.47,91.48,182.5,104.18,48.935,36.945,611.7,344.75,83.76,53.59,15.238,29.775,29.82,1198.0,108.2
2022-03-02,47.975,53.7,10.804,43.905,23.3,12.078,137.58,638.0,147.173,122.992,10.736,190.95,23.325,108.26,56.46,90.933,93.07,184.5,109.68,49.965,36.86,619.5,348.5,85.1,52.65,15.412,29.788,28.33,1237.5,102.9
2022-03-03,46.175,53.21,10.722,43.07,23.125,11.322,136.06,617.4,144.628,121.917,10.76,189.85,23.49,103.76,52.68,89.64,91.72,183.9,105.02,50.76,36.55,604.3,346.3,83.92,51.23,14.954,29.312,27.56,1209.0,106.8
2022-03-04,44.5,50.22,10.43,42.14,20.805,10.732,129.62,577.8,139.638,118.38,9.966,182.55,22.255,97.0,50.5,87.333,86.23,171.25,97.1,47.195,34.0,558.6,336.4,81.76,49.16,13.814,27.212,25.27,1160.5,107.65
2022-03-07,44.89,48.78,10.272,43.39,19.93,10.1,130.64,567.8,138.444,116.678,9.731,177.4,22.22,95.31,49.42,88.268,82.05,170.7,93.99,45.3,33.54,542.0,341.85,80.28,48.05,12.934,26.25,24.78,1144.0,114.8
2022-03-08,45.735,50.46,10.268,40.16,21.07,10.484,134.04,550.1,140.147,113.736,9.825,172.75,22.565,95.45,50.0,91.281,84.46,166.55,94.13,46.765,32.71,535.2,328.3,80.4,47.48,12.956,26.15,25.69,1080.5,115.7
2022-03-09,46.225,54.93,10.476,42.06,23.5,11.248,145.26,602.6,152.378,120.645,10.716,184.95,24.34,104.48,54.0,93.778,90.73,179.35,103.14,51.42,35.97,580.8,356.0,84.88,51.1,14.498,28.712,28.84,1170.5,110.8
2022-03-10,45.7,53.87,10.536,41.44,22.165,11.072,139.44,587.9,144.707,117.322,9.918,178.7,23.635,101.26,53.84,92.614,87.85,174.75,99.79,49.345,35.14,551.8,338.8,82.5,50.48,13.49,27.987,27.4,1124.5,111.85
2022-03-11,45.59,54.7,10.492,41.555,22.205,11.07,141.42,594.9,148.875,118.81,9.964,177.55,24.1,104.14,55.34,93.111,88.46,175.0,103.56,49.03,35.005,557.1,338.2,83.72,51.04,13.49,28.2,27.27,1125.0,112.05
2022-03-14,45.75,55.73,10.598,41.925,23.075,11.428,145.9,598.7,155.079,122.198,10.06,179.15,24.875,105.34,54.8,92.455,91.47,178.3,104.56,51.01,34.625,564.6,345.25,86.26,53.1,14.016,28.913,28.02,1149.5,109.65
2022-03-15,45.755,55.22,10.67,42.285,23.05,11.534,146.38,590.0,152.535,122.347,10.152,177.3,25.065,103.18,55.48,93.469,91.32,179.45,103.12,51.29,35.15,557.2,344.0,85.9,52.76,14.156,29.425,28.36,1113.5,111.45
2022-03-16,45.54,58.21,10.59,43.715,25.155,11.78,153.52,628.9,159.248,124.793,10.836,183.0,25.56,108.04,58.1,93.559,93.14,187.9,106.82,54.35,37.78,588.0,359.95,89.46,53.08,15.062,30.688,29.21,1197.5,110.15
2022-03-17,46.01,57.99,10.682,44.375,24.915,12.086,152.92,629.8,161.244,126.05,10.806,187.75,25.605,106.84,57.8,94.514,93.41,190.85,107.24,53.05,37.64,593.5,360.85,90.5,53.48,14.714,30.562,30.02,1204.5,112.0
2022-03-18,45.505,57.77,10.542,45.55,24.5,12.072,151.04,639.4,161.733,126.066,10.894,189.7,25.475,106.54,57.82,92.783,92.59,195.15,106.14,53.35,38.71,604.5,362.7,90.58,53.81,14.668,30.5,29.76,1218.0,112.3
2022-03-21,45.775,56.89,10.64,44.805,24.48,12.064,150.7,633.2,162.203,125.008,10.888,189.95,25.54,103.56,58.16,92.793,92.3,193.8,105.32,52.71,38.76,595.7,355.15,89.64,52.15,14.602,30.375,28.63,1211.0,115.05
2022-03-22,45.98,57.88,10.694,45.2,24.825,12.31,152.86,643.9,165.276,124.579,11.052,189.2,26.005,104.94,58.36,93.529,93.5,193.5,108.26,53.6,39.195,596.7,363.35,89.7,52.32,14.822,30.812,29.36,1221.0,115.65
2022-03-23,46.335,56.75,10.69,45.11,24.37,11.982,150.72,624.3,164.277,127.455,10.854,187.9,25.715,104.32,56.1,93.111,91.92,191.25,107.24,52.23,39.1,580.8,357.25,88.08,51.72,14.588,30.425,28.8,1206.0,116.0
2022-03-24,46.685,55.42,10.714,45.065,24.09,11.808,150.8,624.7,163.769,130.116,10.674,186.4,25.67,104.56,55.22,92.684,91.53,189.7,107.4,51.1,39.895,577.2,349.9,86.16,51.51,14.412,29.888,27.97,1204.0,118.0
2022-03-25,47.6,54.86,10.8,44.74,23.765,11.798,145.88,626.0,160.363,130.413,10.676,187.3,25.715,104.46,56.52,92.614,91.74,192.2,107.54,50.0,40.185,582.3,349.35,84.84,50.97,14.442,29.913,27.72,1224.0,120.3
2022-03-28,46.69,55.64,10.844,44.66,24.01,11.826,148.4,635.7,160.305,131.091,10.738,189.55,25.87,103.62,56.64,93.589,92.1,194.3,107.7,51.07,40.32,584.3,353.55,86.58,51.0,14.45,30.1,28.06,1238.5,117.95
2022-03-29,45.81,57.92,10.772,46.025,26.01,12.09,154.76,671.8,168.015,131.388,11.336,193.05,26.81,110.12,57.7,91.5,95.35,201.3,113.56,54.34,41.44,599.9,369.25,88.7,51.84,15.404,31.725,29.22,1307.0,112.05
2022-03-30,46.965,55.45,10.76,45.635,25.365,12.07,152.68,660.5,167.213,131.736,11.136,197.0,26.53,108.04,57.24,93.072,93.73,200.3,111.36,53.08,40.75,586.4,366.65,86.74,50.81,15.164,30.812,29.11,1303.0,114.25
2022-03-31,46.03,54.27,10.704,44.715,24.46,11.934,152.16,649.4,162.731,131.339,10.886,199.3,26.565,107.26,55.26,92.007,92.99,202.5,110.36,51.93,39.59,575.7,363.85,86.38,50.03,14.798,30.737,29.09,1291.5,113.95
2022-04-01,46.755,54.03,10.778,44.34,24.4,11.926,154.38,649.6,162.144,131.736,10.92,199.25,26.77,106.98,55.08,93.629,93.66,199.85,111.02,51.69,38.655,575.3,367.7,87.14,50.27,14.778,30.85,29.52,1270.5,112.6
2022-04-04,46.645,54.64,10.708,45.58,24.0,12.0,156.28,663.9,166.645,133.223,10.864,198.85,26.24,106.62,55.32,94.852,92.15,205.4,110.1,51.34,38.675,585.7,371.05,87.22,50.18,14.886,30.875,29.9,1301.0,116.0
2022-04-05,46.3,52.3,10.704,45.935,22.66,11.784,151.96,660.9,166.156,133.669,10.318,202.2,25.76,103.18,55.2,96.453,88.38,200.8,105.24,49.0,36.625,584.6,374.5,85.06,50.56,14.338,30.112,28.32,1316.5,116.6
2022-04-06,45.65,49.955,10.852,44.04,21.91,11.754,144.14,636.2,159.796,132.364,10.066,199.15,25.71,101.1,54.62,97.845,86.31,192.9,103.8,47.295,35.61,557.1,366.4,82.02,50.65,13.704,29.425,27.83,1290.0,117.45
2022-04-07,44.91,50.01,10.86,43.565,21.475,11.544,143.86,624.0,159.404,132.43,9.887,197.65,25.485,100.72,54.32,99.367,87.04,190.65,101.98,46.56,35.25,548.4,367.2,83.22,51.6,13.538,29.025,27.12,1277.0,118.0
2022-04-08,45.66,51.36,11.036,41.97,21.865,11.614,145.5,631.7,161.215,134.066,9.885,201.3,25.765,101.7,55.12,103.892,88.17,189.7,103.4,47.845,35.035,551.3,367.85,83.42,52.24,13.772,29.212,27.43,1294.0,119.95
2022-04-11,46.625,51.51,11.098,40.555,22.95,11.52,143.0,619.9,159.747,135.537,10.008,200.5,26.5,102.0,54.64,105.643,90.35,189.45,104.44,48.745,34.87,535.3,364.45,82.2,52.32,13.92,29.15,27.69,1252.5,123.0
2022-04-12,46.425,52.08,11.106,40.82,22.525,11.448,141.86,630.9,157.888,133.967,9.917,197.15,26.775,101.54,54.24,102.659,90.91,189.95,104.66,48.71,34.75,531.8,361.65,81.76,51.93,13.866,29.475,27.6,1263.0,125.05
2022-04-13,46.985,52.29,11.142,40.52,22.72,11.612,141.84,634.1,158.475,134.066,9.96,192.25,26.66,102.02,54.64,103.117,90.29,188.8,104.36,48.925,34.675,526.3,359.2,81.78,51.37,13.994,29.675,27.9,1250.0,125.8
2022-04-14,46.69,51.9,11.258,40.55,22.86,11.654,141.32,640.0,163.661,134.628,9.984,196.45,27.0,103.88,55.62,102.58,89.97,191.15,106.12,49.505,34.155,533.8,361.45,81.84,52.67,14.076,29.8,27.98,1283.5,128.5
2022-04-15,46.69,51.9,11.258,40.55,22.86,11.654,141.32,640.0,163.661,134.628,9.984,196.45,27.0,103.88,55.62,102.58,89.97,191.15,106.12,49.505,34.155,533.8,361.45,81.84,52.67,14.076,29.8,27.98,1283.5,128.5
2022-04-18,46.69,51.9,11.258,40.55,22.86,11.654,141.32,640.0,163.661,134.628,9.984,196.45,27.0,103.88,55.62,102.58,89.97,191.15,106.12,49.505,34.155,533.8,361.45,81.84,52.67,14.076,29.8,27.98,1283.5,128.5
2022-04-19,47.345,51.58,11.17,40.245,23.17,11.686,140.74,634.1,161.704,132.975,10.05,191.15,26.59,102.8,55.88,101.983,89.24,187.8,104.22,49.745,34.595,529.9,350.95,82.16,52.63,13.35,30.35,27.34,1237.0,129.0
2022-04-20,47.035,52.96,11.138,40.295,23.93,12.006,143.22,642.3,166.009,133.702,10.346,195.0,27.155,105.14,58.0,101.804,91.83,192.15,105.82,51.23,35.69,541.9,353.65,83.88,55.66,13.422,30.15,28.37,1247.5,127.55
2022-04-21,47.15,54.87,11.084,40.845,24.305,12.164,147.34,653.4,168.015,134.43,10.518,195.35,27.09,109.46,58.66,102.679,94.65,195.2,108.52,52.4,35.975,553.1,360.95,86.88,55.34,13.56,30.362,29.06,1254.5,125.2
2022-04-22,45.87,55.49,11.106,40.175,24.045,12.078,142.32,639.6,163.612,132.397,10.492,193.65,26.63,106.96,58.0,100.849,92.9,192.1,104.66,51.73,35.31,529.2,353.0,84.72,55.22,13.13,29.7,28.63,1232.5,124.5
2022-04-25,44.03,54.49,11.136,39.875,23.465,11.56,139.02,615.6,160.383,131.686,10.432,192.35,25.775,104.06,56.96,100.352,94.1,188.0,103.0,50.85,35.275,506.2,341.9,83.86,56.18,12.836,29.237,28.66,1179.0,123.45
2022-04-26,44.755,54.12,11.25,38.605,23.19,11.446,136.54,607.3,156.958,133.174,10.288,194.3,25.93,105.2,57.46,100.75,92.8,185.35,102.04,50.44,34.855,507.4,338.2,83.64,56.41,12.39,28.638,28.14,1165.5,123.3
2022-04-27,45.13,54.95,11.31,40.41,23.02,11.164,135.66,616.6,156.518,134.132,10.186,195.5,25.705,104.44,57.02,102.779,92.15,186.5,102.12,49.745,35.035,507.2,341.55,83.02,55.79,12.646,29.675,27.31,1186.0,122.9
2022-04-28,46.78,55.58,11.32,42.72,22.97,11.34,137.92,617.2,158.621,135.24,10.204,193.5,25.69,105.46,57.34,101.844,92.96,196.1,103.34,49.46,35.59,505.9,347.3,83.42,56.91,12.79,29.775,27.8,1188.5,121.7
2022-04-29,47.225,56.33,11.318,42.535,23.17,11.322,137.7,619.5,160.285,136.645,10.376,197.65,25.46,103.18,57.58,100.63,92.84,196.1,105.54,49.705,35.735,513.1,348.9,84.76,57.64,13.008,29.763,27.9,1186.5,122.0
2022-05-02,46.98,55.89,11.262,41.535,22.69,11.242,132.94,606.6,157.985,134.727,10.216,196.85,25.185,99.6,56.5,100.471,91.07,191.35,103.98,48.805,34.865,504.2,340.1,83.2,57.3,12.61,29.5,27.09,1153.0,120.8
2022-05-03,48.8,55.31,11.456,41.875,23.405,11.348,131.0,600.5,157.349,135.471,10.484,198.35,25.49,100.48,57.58,101.068,92.73,194.05,106.54,51.32,35.72,490.3,333.5,83.36,57.4,12.978,29.85,27.46,1129.0,124.85
2022-05-04,48.825,54.86,11.504,41.43,23.02,11.388,129.52,593.3,155.588,135.157,10.4,193.55,25.16,98.68,57.72,99.178,91.32,190.55,102.58,51.01,35.02,480.85,329.8,81.96,56.37,12.824,29.8,27.19,1103.0,122.8
2022-05-05,49.515,54.13,11.604,41.49,22.43,11.276,129.36,574.0,155.197,135.488,9.983,192.75,24.675,97.11,57.12,99.477,91.06,189.35,109.02,50.7,35.1,470.9,329.2,83.2,56.02,12.728,29.4,27.2,1076.0,122.5
2022-05-06,50.6,53.53,11.574,39.495,22.565,11.138,127.0,561.9,151.723,132.909,9.965,183.2,22.795,95.42,54.56,97.05,90.39,183.75,107.5,50.59,34.765,457.9,316.0,81.28,56.1,13.156,29.275,26.26,1042.0,121.05
2022-05-09,48.135,51.8,11.642,37.74,22.0,11.006,121.9,542.6,148.591,129.636,9.9,176.2,22.24,92.28,52.6,96.46,89.34,177.75,103.72,49.85,33.4,442.45,304.4,78.02,55.89,12.73,28.4,25.27,1015.0,118.2
2022-05-10,48.145,51.9,11.722,38.075,22.005,10.99,123.96,549.5,141.008,130.281,9.95,177.95,22.47,92.66,52.94,97.79,88.86,176.7,104.6,50.92,33.43,442.9,309.0,79.36,54.84,12.854,28.837,25.56,1016.5,116.8
2022-05-11,50.35,52.89,11.666,38.23,22.625,11.29,127.6,573.0,143.65,130.876,10.158,185.25,22.96,95.86,53.76,97.93,91.02,179.7,107.48,52.15,34.375,459.6,323.85,79.76,54.96,13.226,29.388,26.65,1054.0,117.7
2022-05-12,49.37,52.39,11.68,37.59,22.955,11.082,128.0,565.4,141.937,130.264,10.062,182.8,22.655,93.77,53.28,97.46,90.38,180.45,104.4,51.41,35.74,449.0,322.7,78.88,54.8,13.252,29.375,25.04,1034.0,114.25
2022-05-13,51.08,53.65,11.666,38.105,23.34,11.36,129.48,581.3,146.39,134.215,10.286,188.35,23.005,96.53,54.94,99.79,92.55,184.25,106.36,52.38,37.88,460.1,332.45,80.32,56.17,13.744,30.075,25.98,1070.0,113.95
2022-05-16,51.71,53.1,11.722,37.925,23.21,11.632,127.62,575.0,146.096,132.033,10.254,191.25,23.04,96.48,55.26,100.0,92.56,184.95,105.84,52.31,37.145,460.75,327.8,78.88,56.6,13.67,30.188,25.82,1065.0,116.05
2022-05-17,52.33,53.92,11.726,38.14,24.05,12.252,128.92,590.1,147.564,134.711,10.534,189.0,23.585,98.62,55.98,99.92,92.93,187.6,108.28,53.5,38.145,470.35,328.25,80.5,55.94,13.734,29.125,26.23,1090.5,115.45
2022-05-18,52.18,53.69,11.688,37.17,23.98,12.364,126.22,578.5,143.405,133.686,10.464,184.3,23.42,97.91,54.94,100.92,92.41,181.9,107.94,53.34,37.36,463.3,316.0,79.4,55.49,13.524,28.513,25.83,1069.0,114.55
2022-05-19,51.53,52.43,11.548,37.78,24.475,12.474,124.84,568.5,142.524,131.901,10.372,177.9,23.045,95.88,54.42,100.06,90.76,178.35,106.4,53.19,37.345,454.1,308.65,79.1,54.11,13.48,28.837,25.18,1055.0,113.3
2022-05-20,51.71,51.96,11.582,38.24,24.495,12.642,125.62,556.6,143.454,132.331,10.394,177.0,23.12,96.01,54.6,102.3,90.96,180.75,106.92,53.71,36.795,450.35,307.8,79.14,54.87,13.52,29.075,25.87,1034.5,113.8
2022-05-23,53.29,53.09,11.696,38.555,25.535,12.864,127.54,560.9,145.754,134.43,10.784,180.75,23.425,96.13,54.44,103.7,89.86,184.0,107.18,52.12,36.845,455.0,313.6,80.18,55.15,13.59,29.462,26.18,1039.5,115.7
2022-05-24,52.45,52.18,11.814,37.22,25.465,12.596,124.06,551.8,143.161,132.926,10.724,176.65,23.365,92.09,50.4,103.62,88.81,181.65,102.74,51.68,35.58,446.9,308.3,78.9,54.38,13.14,29.112,25.58,1030.5,116.05
2022-05-25,53.95,53.15,11.76,37.655,24.87,12.782,123.0,551.0,144.041,133.107,10.86,178.2,23.635,94.72,50.6,103.72,89.55,182.45,104.76,51.87,35.785,452.1,307.45,80.34,54.96,13.378,29.487,26.11,1020.5,115.65
2022-05-26,55.12,54.27,11.78,38.18,24.905,12.742,125.18,571.2,145.264,133.967,11.158,178.25,23.96,98.58,51.56,103.6,92.09,184.35,109.06,52.7,36.385,467.7,311.95,80.84,54.56,13.702,30.013,26.46,1045.5,117.45
2022-05-27,54.88,55.16,11.704,39.425,24.88,12.7,127.8,593.4,149.423,136.909,11.254,183.45,24.27,99.54,51.76,102.38,92.73,186.6,111.86,53.55,37.275,489.0,324.8,82.18,54.76,13.742,30.075,26.56,1092.0,117.65
2022-05-30,55.18,55.88,11.594,40.435,25.31,12.554,131.58,608.6,148.934,136.413,10.35,184.15,24.12,99.91,52.12,100.42,91.7,186.4,112.54,54.3,37.845,505.3,331.7,81.78,54.79,14.004,30.513,27.15,1135.0,116.4
2022-05-31,55.59,55.1,11.648,39.185,25.005,12.496,129.04,597.2,146.83,134.579,10.314,182.5,23.51,96.25,50.88,99.38,89.68,180.5,108.78,53.11,37.23,509.7,328.55,80.56,54.73,13.932,30.312,26.04,1110.0,113.6
2022-06-01,54.12,54.69,11.63,38.81,25.055,12.48,127.56,597.8,145.118,132.0,10.134,180.05,23.5,96.63,51.26,99.45,89.31,176.1,108.26,52.84,37.05,509.8,321.95,79.32,54.68,14.152,30.312,25.92,1099.0,114.35
2022-06-02,54.17,57.31,11.548,39.415,24.965,12.43,130.8,608.1,148.738,134.017,10.116,183.7,23.48,98.08,51.3,99.33,89.81,178.8,108.96,52.7,37.72,520.5,332.0,81.16,56.3,14.258,30.688,26.22,1122.5,114.3
2022-06-03,54.48,56.79,11.556,38.82,24.98,12.474,129.98,609.1,149.13,133.719,10.01,182.35,23.505,96.19,51.06,100.06,90.14,179.95,108.68,52.56,36.895,521.0,327.9,79.9,55.9,13.796,30.487,26.56,1119.0,114.25
2022-06-06,55.49,54.73,11.486,39.57,25.64,12.602,131.0,613.8,148.542,134.782,10.158,183.8,23.895,98.52,51.9,100.16,91.42,182.25,111.34,53.28,37.03,526.1,333.1,80.5,55.9,14.028,30.788,26.61,1127.0,115.0
2022-06-07,55.71,55.72,11.096,38.655,25.2,12.598,129.78,608.4,147.466,133.782,10.016,181.8,23.685,97.7,51.0,99.99,90.7,180.25,110.26,52.45,36.77,525.0,327.35,80.06,55.49,13.886,30.475,26.99,1111.5,115.7
2022-06-08,56.52,55.68,10.848,38.58,25.03,12.474,127.72,601.7,145.852,131.091,9.984,177.25,23.335,98.08,49.89,99.11,90.72,178.5,108.32,52.08,37.015,523.0,326.9,78.28,53.98,13.964,30.237,26.62,1098.5,114.1
2022-06-09,55.71,55.36,10.852,37.735,24.88,12.46,127.0,587.6,142.622,128.982,9.809,176.85,23.41,95.07,49.21,98.26,90.8,176.45,105.4,51.19,35.98,515.0,322.35,77.78,53.34,13.714,30.275,26.46,1074.0,113.15
2022-06-10,54.5,52.69,10.802,36.165,23.35,12.258,123.5,572.9,138.953,126.473,9.229,174.8,22.58,91.67,47.21,96.87,88.18,169.85,102.0,48.6,34.505,510.4,314.75,76.26,52.65,13.006,29.375,25.25,1049.0,111.65
2022-06-13,53.35,50.06,10.9,34.245,22.255,12.1,119.64,550.0,133.718,125.709,8.817,174.9,22.115,88.34,46.3,95.87,86.0,169.35,97.52,46.67,32.53,495.6,308.3,75.3,53.22,12.472,27.987,24.22,1006.0,114.0
2022-06-14,54.08,48.24,10.862,33.495,22.415,11.958,116.98,544.0,131.614,122.709,8.833,169.3,22.39,88.7,46.09,94.15,83.69,165.75,96.36,47.335,32.5,491.3,301.65,72.2,51.74,12.464,27.15,23.5,980.8,113.5
2022-06-15,53.53,48.775,10.88,34.335,23.055,12.212,120.02,551.8,132.935,124.4,9.052,172.8,23.055,91.7,46.66,93.95,85.58,169.4,96.45,48.285,33.71,504.0,307.5,73.98,51.36,12.826,27.862,24.01,990.0,113.85
2022-06-16,51.97,45.59,10.914,33.475,22.585,11.322,117.38,539.4,131.271,119.709,8.903,169.4,22.595,89.74,45.14,93.53,84.76,166.0,93.0,47.52,31.625,489.15,304.45,72.8,50.27,12.158,27.22,23.15,970.2,112.45
2022-06-17,49.34,45.81,10.938,33.745,22.93,11.254,115.78,544.7,136.262,117.636,8.988,169.65,22.49,91.14,45.62,94.17,85.01,168.5,94.12,47.74,31.705,481.85,307.65,72.18,51.9,12.236,27.815,23.24,973.8,112.2
2022-06-20,50.25,43.98,11.03,33.875,23.475,11.514,114.02,542.5,137.583,115.745,9.207,168.5,22.715,96.33,47.0,95.61,85.07,168.4,96.98,48.345,31.505,484.4,308.5,70.8,51.95,12.394,27.77,23.46,985.8,115.3
2022-06-21,50.5,45.07,10.936,34.085,23.72,11.462,114.52,553.5,137.876,119.273,9.397,169.35,22.635,95.3,47.53,94.43,84.47,171.45,96.08,49.355,32.32,494.3,315.6,70.48,51.64,12.69,27.81,23.58,1002.5,115.5
2022-06-22,49.045,43.725,11.116,34.25,23.595,11.558,112.8,551.7,136.653,118.345,9.243,172.45,22.42,93.94,46.94,95.54,85.61,174.9,92.96,49.04,31.665,487.9,316.95,69.42,51.12,12.482,27.0,23.62,1014.0,112.7
2022-06-23,48.095,41.945,11.042,35.105,22.295,11.442,112.0,566.0,138.512,117.927,8.876,171.65,21.96,92.4,45.0,95.75,85.2,174.55,90.92,46.74,31.12,490.0,323.35,68.9,50.57,12.22,25.805,22.95,1035.0,111.6
2022-06-24,49.555,43.245,11.106,36.635,22.8,11.346,116.74,587.4,143.405,122.636,9.179,179.9,22.465,95.0,46.61,100.56,87.75,178.35,92.5,47.935,31.79,502.5,336.85,71.68,52.59,12.432,26.245,23.91,1067.5,113.55
2022-06-27,50.0,42.785,11.134,36.325,22.65,11.368,117.24,580.2,140.225,121.582,9.099,178.45,22.035,92.87,46.81,99.59,86.17,181.0,93.21,47.805,31.845,496.65,334.55,72.3,52.68,12.416,26.46,24.42,1062.5,114.9
2022-06-28,50.65,42.685,11.29,36.24,22.83,11.488,117.6,589.1,141.203,121.8,9.143,180.05,22.29,96.47,47.06,99.37,87.67,174.7,94.94,47.91,31.425,503.6,330.95,71.88,52.89,12.54,26.615,24.72,1068.0,116.85
2022-06-29,50.96,41.53,11.256,36.085,22.29,11.39,115.54,589.0,139.785,119.873,8.999,176.1,22.0,93.44,46.26,100.88,86.52,169.0,92.21,47.08,30.78,500.6,330.75,71.3,53.03,12.188,26.44,24.11,1076.0,116.0
2022-06-30,50.37,40.945,11.22,35.115,20.89,10.966,112.9,581.7,139.833,116.473,8.731,175.3,21.66,94.21,46.66,96.34,84.96,163.45,92.45,45.365,30.0,490.1,329.3,70.46,53.26,11.782,25.975,23.29,1067.0,117.05
2022-07-01,50.15,41.04,11.28,35.325,20.805,11.194,111.26,580.0,140.763,115.4,8.73,175.25,21.725,95.1,46.58,97.52,85.85,161.75,95.24,45.31,29.1,487.25,329.4,70.12,53.3,11.708,26.17,23.62,1065.5,120.15
2022-07-04,52.43,40.65,11.3,35.0,20.615,10.988,112.0,585.3,136.8,116.364,8.754,174.95,21.785,94.9,43.73,98.34,86.4,157.3,93.4,45.28,28.565,490.4,331.7,70.9,53.72,11.6,26.02,23.53,1065.0,118.2
2022-07-05,49.065,39.53,11.142,35.04,19.7,10.554,112.18,572.0,136.506,111.309,8.43,176.45,20.38,91.8,41.52,97.12,82.9,155.4,89.42,43.905,27.965,479.65,331.45,70.94,52.94,11.24,24.995,22.22,1060.0,111.7
2022-07-06,47.64,40.18,11.014,36.745,19.574,10.384,116.26,597.6,140.176,114.964,8.408,178.8,20.685,95.33,42.9,97.9,84.66,159.1,92.66,43.435,29.335,489.45,347.75,71.56,53.58,11.2,25.79,22.45,1113.5,115.95
2022-07-07,49.375,41.725,10.742,37.16,20.34,10.628,116.18,607.6,139.687,116.127,8.559,176.35,21.225,98.72,42.79,99.27,86.37,164.1,94.68,44.55,30.17,505.2,343.9,72.56,53.26,12.018,26.63,23.3,1085.5,117.85
2022-07-08,49.27,42.985,10.596,37.26,20.825,10.834,117.24,606.9,140.567,116.782,8.741,177.85,21.605,99.42,44.25,99.33,88.18,167.5,96.04,45.46,30.83,501.0,330.45,72.78,53.59,12.48,27.055,23.37,1070.0,119.9
2022-07-11,48.92,41.53,10.604,37.07,20.285,10.782,115.86,604.3,142.476,116.6,8.553,179.2,21.44,98.39,43.56,100.14,86.32,166.2,96.71,43.975,30.75,496.15,329.5,72.42,53.42,12.192,26.38,23.18,1075.0,120.6
2022-07-12,48.265,41.72,10.774,37.0,20.355,10.852,116.06,610.7,143.307,116.2,8.563,179.5,21.75,101.32,44.55,100.06,87.63,164.55,100.46,43.815,31.09,504.9,338.85,73.14,54.51,12.282,26.295,23.38,1107.5,123.3
2022-07-13,48.345,41.16,10.72,37.025,19.904,10.862,114.76,606.2,143.894,114.436,8.403,181.55,21.335,101.02,43.97,99.22,86.66,162.75,101.28,42.73,31.12,500.0,336.0,72.66,53.68,12.012,26.14,23.25,1102.0,121.65
2022-07-14,46.09,40.71,10.532,37.07,19.178,10.874,113.14,606.4,142.867,113.127,8.153,178.1,20.75,100.72,43.12,98.47,85.23,159.9,99.62,41.105,31.295,496.75,334.8,71.54,53.04,11.686,26.235,22.52,1095.5,120.25
2022-07-15,47.535,41.655,10.552,37.99,19.504,11.032,117.56,608.4,147.906,115.473,8.243,180.7,20.95,103.94,44.29,100.2,87.77,165.15,103.72,41.575,32.295,496.9,340.4,73.14,53.69,11.966,27.155,22.81,1123.0,122.6
2022-07-18,48.645,42.36,10.5,38.405,20.17,11.198,118.62,614.3,146.243,115.455,8.448,180.75,21.115,104.28,44.5,99.85,87.83,165.4,104.34,42.45,32.64,510.8,342.2,74.02,53.52,12.254,27.435,23.43,1139.5,122.9
2022-07-19,49.1,43.325,10.546,38.125,20.97,11.506,121.14,628.1,150.157,117.327,8.648,181.85,21.4,104.22,46.41,101.0,90.01,167.5,105.84,43.9,33.03,528.3,347.2,75.34,54.62,12.716,27.89,24.24,1173.5,124.5
2022-07-20,49.2,43.43,10.432,39.16,20.94,11.47,122.5,625.7,150.255,116.909,8.71,182.0,21.195,103.68,47.12,98.84,88.92,167.05,104.66,44.525,33.73,526.8,344.1,76.42,54.02,12.62,28.08,23.76,1175.5,122.2
2022-07-21,47.885,43.755,10.304,39.29,20.755,11.422,125.4,633.3,151.674,117.036,8.613,186.35,21.25,103.04,49.5,97.72,89.0,171.0,104.56,44.53,34.065,530.2,347.0,78.28,53.83,12.568,28.23,23.71,1196.0,121.7
2022-07-22,48.54,43.32,10.118,39.48,20.44,11.416,125.58,634.7,151.576,117.582,8.513,185.5,21.21,103.5,50.26,97.36,89.57,171.1,105.58,43.815,33.93,531.3,353.6,78.46,53.74,12.65,28.24,23.77,1205.0,119.85
2022-07-25,49.1,43.015,10.27,39.125,20.84,11.64,124.36,637.4,150.646,117.2,8.667,186.9,21.425,102.6,49.72,98.05,90.05,169.8,105.84,44.725,34.145,533.0,353.75,77.2,54.26,12.852,28.325,23.85,1209.0,118.45
2022-07-26,49.2,42.095,10.236,39.45,20.675,11.49,124.2,625.2,147.466,117.382,8.603,187.3,21.41,103.44,49.75,99.6,89.92,169.5,105.0,44.315,33.85,524.9,354.95,76.6,54.98,12.782,27.945,23.04,1192.0,120.8
2022-07-27,49.745,42.79,10.164,40.31,20.98,11.75,126.5,636.0,149.423,117.382,8.673,188.35,21.795,103.94,50.62,98.76,89.85,167.8,106.16,44.365,34.995,528.0,355.75,77.54,54.45,12.928,26.235,23.4,1203.5,121.95
2022-07-28,48.09,43.925,9.931,41.055,21.125,12.046,134.72,662.9,152.114,121.127,8.763,191.1,21.96,105.42,51.06,98.6,90.54,170.7,103.04,44.7,36.275,556.1,354.7,80.7,53.4,13.56,26.27,23.92,1241.0,124.05
2022-07-29,49.76,45.325,9.997,41.66,21.835,12.06,134.54,675.0,149.179,121.927,8.979,191.5,22.45,106.98,51.9,97.21,93.38,185.35,104.88,46.0,36.93,556.9,368.1,79.88,53.81,13.922,27.165,24.37,1334.0,121.35
2022-08-01,48.95,45.145,9.962,42.035,21.635,12.418,133.26,688.3,154.022,120.491,8.911,193.25,22.335,106.92,50.9,94.5,91.75,185.4,102.48,45.86,37.26,552.9,369.25,80.44,53.73,14.048,26.83,24.33,1347.5,125.1
2022-08-02,48.24,44.16,10.076,41.855,21.64,12.506,131.68,679.0,152.163,119.964,8.947,189.55,22.175,107.14,50.08,96.95,91.42,185.5,102.74,46.4,37.59,543.5,363.8,79.5,54.0,14.276,26.31,24.68,1330.0,126.25
2022-08-03,48.645,44.7,9.944,42.3,22.305,12.37,133.68,685.6,155.001,120.545,9.118,191.25,23.43,107.76,50.8,96.76,92.45,189.5,104.1,47.26,38.435,553.4,361.4,79.9,54.02,14.418,27.36,24.0,1342.5,124.9
2022-08-04,48.64,45.32,9.931,42.935,22.765,12.42,134.58,693.0,156.958,121.509,9.542,193.1,23.14,107.32,51.08,96.33,93.1,190.65,103.84,48.33,38.65,556.4,366.35,81.32,54.1,14.326,27.345,24.22,1383.0,124.0
2022-08-05,48.89,45.425,10.12,42.0,22.77,12.452,132.14,682.2,156.713,121.218,9.731,191.7,23.48,106.06,49.12,97.51,91.9,188.35,104.78,48.84,37.6,543.6,358.15,79.5,53.67,14.33,27.535,23.99,1348.0,123.5
2022-08-08,49.82,45.58,10.064,42.615,22.875,12.562,132.38,689.1,158.426,122.309,9.882,194.0,23.85,107.34,50.3,96.85,92.7,188.35,106.06,48.505,37.4,550.8,361.0,79.62,53.6,14.778,27.785,24.47,1356.5,123.15
2022-08-09,50.85,44.695,10.184,41.975,22.81,12.604,131.02,679.5,156.469,121.709,9.866,193.65,23.89,107.98,50.5,95.48,93.2,187.0,106.44,48.505,35.445,545.9,359.3,79.26,53.57,14.408,26.825,24.59,1338.5,124.45
2022-08-10,50.54,45.83,10.108,42.795,23.275,12.746,134.22,690.0,157.839,122.945,9.963,195.6,24.155,109.82,50.76,87.67,93.49,190.1,107.52,49.235,36.615,554.0,361.0,80.54,53.57,14.604,27.575,24.58,1370.0,122.8
2022-08-11,52.0,45.965,10.106,43.025,23.35,12.806,134.04,693.6,159.649,122.673,10.04,194.45,24.26,109.9,51.22,84.75,94.36,189.9,107.84,49.555,37.005,559.7,360.3,80.54,53.55,14.68,26.86,25.26,1379.5,123.45
2022-08-12,51.93,45.8,10.12,42.75,23.71,12.9,135.14,694.5,159.404,123.455,10.074,194.05,24.415,109.74,50.8,85.46,94.01,188.05,108.42,50.43,37.125,561.0,359.95,80.56,52.7,14.842,26.765,25.57,1378.0,121.0
2022-08-15,50.71,45.815,10.166,43.395,23.59,12.846,135.78,699.5,161.606,124.873,10.03,195.35,24.46,111.98,51.34,85.12,94.48,188.9,108.8,50.08,37.44,561.3,363.3,81.3,53.68,14.92,26.755,25.05,1388.0,121.45
2022-08-16,51.5,46.08,10.296,42.75,23.63,12.976,136.44,698.9,159.013,123.836,10.042,194.05,24.585,112.46,51.84,86.59,95.21,188.25,110.54,50.13,37.57,564.1,362.75,80.98,54.14,14.902,27.185,25.17,1389.5,124.55
2022-08-17,51.54,44.655,10.33,42.505,23.29,12.95,135.46,700.4,158.817,123.182,9.898,194.7,24.45,111.62,50.92,81.67,94.17,186.45,108.14,49.475,35.94,563.5,364.5,80.04,54.09,14.706,26.175,24.69,1393.5,125.75
2022-08-18,52.8,43.5,10.326,42.835,23.19,12.922,136.82,706.9,159.062,124.018,9.786,194.75,24.375,111.58,50.86,81.72,94.31,187.3,108.66,49.03,37.1,562.7,363.8,80.56,53.68,14.876,26.235,24.35,1407.5,124.65
2022-08-19,52.69,43.23,10.378,42.53,22.525,12.938,134.5,698.3,158.23,124.091,9.582,195.4,24.26,109.92,50.88,81.66,93.79,186.2,106.24,47.66,36.62,558.1,362.15,79.28,53.65,14.438,25.795,24.13,1396.5,125.1
2022-08-22,53.04,41.745,10.354,40.525,21.845,12.914,128.58,682.6,153.142,120.036,9.326,194.25,23.78,107.84,49.02,82.98,92.27,180.85,103.24,46.48,35.57,540.5,361.9,76.44,53.23,13.858,24.96,23.27,1378.0,125.2
2022-08-23,54.76,41.73,10.298,39.55,21.945,12.93,128.06,679.8,151.723,119.091,9.357,190.45,23.8,107.02,48.82,81.5,92.64,180.6,102.88,46.625,35.735,538.7,354.1,76.18,52.95,14.034,24.845,23.1,1363.5,124.55
2022-08-24,53.64,41.465,10.166,40.315,21.935,12.946,129.42,686.8,154.365,120.236,9.312,192.6,23.665,107.4,49.04,81.35,92.92,182.4,103.32,46.66,35.91,543.6,360.65,75.82,53.51,14.174,25.04,22.86,1394.0,123.7
2022-08-25,54.04,41.52,10.15,40.51,21.835,12.912,127.32,687.7,153.778,120.091,9.286,191.25,23.62,107.1,49.28,80.45,93.07,182.45,103.9,46.635,36.52,543.5,359.55,75.26,53.39,14.094,24.98,23.01,1388.0,124.85
2022-08-26,53.96,40.795,10.026,39.555,21.595,12.752,124.7,669.0,148.64,117.855,9.115,187.85,23.43,104.8,49.37,81.89,91.95,178.4,101.92,45.85,35.565,528.9,352.75,73.96,52.42,13.744,24.265,22.61,1336.5,123.9
2022-08-29,54.4,40.56,10.2,38.615,21.77,12.2,122.24,662.9,147.221,116.582,9.114,185.4,23.295,103.4,48.87,81.41,91.78,174.5,100.38,45.76,35.095,517.1,346.85,72.46,52.37,13.752,24.19,22.39,1320.5,121.9
2022-08-30,52.43,41.275,10.164,38.62,22.065,12.118,122.6,661.8,147.76,116.0,9.22,185.65,23.545,103.16,49.15,82.6,92.0,175.1,100.62,46.39,35.28,515.5,342.6,73.54,52.17,13.624,24.41,22.33,1313.0,121.55
2022-08-31,50.69,40.35,10.098,38.575,22.08,11.868,118.78,647.5,146.047,113.818,9.19,183.55,23.525,101.9,48.75,82.18,92.25,173.0,97.89,46.485,34.745,503.0,343.25,72.28,52.51,13.336,24.305,22.28,1282.5,120.15
2022-09-01,50.21,39.52,10.138,37.34,22.055,11.816,117.92,632.8,144.139,112.327,9.023,184.4,23.39,99.47,48.09,81.16,91.71,170.15,94.97,45.98,34.24,492.2,338.2,72.08,52.05,13.126,24.09,21.84,1250.0,117.5
2022-09-02,51.56,40.98,10.182,38.38,23.09,12.172,120.9,644.6,146.83,113.564,9.3,189.45,23.885,102.36,49.48,81.44,93.77,176.35,98.96,47.48,35.595,496.1,344.8,73.6,52.26,13.47,24.48,22.2,1271.0,120.2
2022-09-05,53.18,39.335,10.132,38.62,22.54,12.234,118.4,635.0,145.215,109.673,9.052,184.85,23.57,100.76,48.73,80.76,92.95,174.75,96.86,46.46,34.73,494.25,341.65,72.5,51.24,12.816,23.605,21.93,1255.0,123.0
2022-09-06,51.71,39.975,10.194,38.825,22.66,12.126,118.58,638.1,145.607,110.6,9.118,185.65,23.775,101.14,49.74,80.55,93.27,174.85,97.09,46.56,34.92,499.5,343.65,73.66,50.88,12.996,23.9,21.83,1271.5,123.0
2022-09-07,49.795,40.39,10.096,38.735,22.48,12.724,120.48,641.4,146.39,112.091,9.088,185.2,23.72,102.64,50.0,80.61,93.51,174.3,95.97,46.515,35.67,511.7,342.0,74.0,50.7,13.13,24.04,21.98,1275.0,121.4
2022-09-08,49.2,40.75,10.062,38.84,23.07,12.758,121.6,643.5,147.124,111.309,9.212,187.3,24.38,102.62,50.58,80.56,93.46,175.55,96.28,47.44,36.145,515.4,341.6,74.02,50.53,13.122,23.985,22.27,1284.0,118.7
2022-09-09,49.835,41.49,10.102,39.275,23.735,12.776,126.06,652.3,149.815,111.673,9.425,188.75,24.885,103.8,51.56,81.2,94.3,179.4,96.0,48.68,36.94,522.2,345.3,74.96,51.08,13.294,24.31,22.69,1309.0,116.5
2022-09-12,50.6,42.585,10.202,39.445,24.315,12.89,129.6,658.9,153.729,114.691,9.719,190.95,25.52,105.92,53.1,82.43,96.33,182.8,99.69,50.56,36.91,530.1,352.4,76.52,51.93,13.734,24.815,23.16,1317.5,119.0
2022-09-13,50.02,41.77,10.23,37.745,24.24,13.264,126.58,650.9,149.766,113.382,9.699,188.9,25.425,104.02,53.14,81.48,95.36,178.15,97.5,50.29,35.685,523.1,348.2,74.56,51.52,13.56,24.18,23.11,1298.5,119.45
2022-09-14,51.26,40.805,10.138,37.955,24.225,13.076,125.84,654.2,149.619,112.691,9.68,189.25,25.165,102.98,51.96,80.69,94.77,178.3,95.48,50.25,35.865,519.1,344.8,72.18,50.51,13.668,24.05,22.5,1295.5,117.05
2022-09-15,50.03,40.815,10.148,36.41,24.51,12.942,124.68,641.4,145.9,111.182,9.651,187.1,25.375,101.68,52.84,81.6,94.86,171.2,94.9,50.36,35.76,504.2,342.75,71.08,50.1,13.698,24.2,22.25,1245.5,115.45
2022-09-16,49.775,40.325,10.068,35.885,23.995,12.844,120.92,639.5,141.888,110.727,9.38,187.5,25.2,98.53,51.7,81.86,91.7,166.25,91.74,49.325,35.315,494.15,339.05,69.38,49.51,13.39,24.37,21.62,1226.5,113.7
2022-09-19,49.3,40.54,10.044,36.35,23.95,12.88,118.5,641.0,141.791,110.255,9.413,188.85,25.05,99.12,50.86,80.34,91.89,168.05,93.44,49.355,35.795,493.15,333.05,69.28,49.645,13.522,24.315,21.62,1242.0,114.75
2022-09-20,48.87,39.62,9.799,35.645,23.445,12.602,116.06,634.0,140.812,107.782,9.272,184.65,24.94,96.52,50.32,79.77,90.4,161.8,91.97,48.44,35.705,495.4,334.05,67.42,49.53,13.188,24.2,20.97,1244.5,113.15
2022-09-21,48.925,39.945,9.749,36.515,23.14,12.816,118.22,643.6,141.742,110.782,9.189,187.05,24.925,97.35,50.7,79.09,89.7,163.55,93.37,47.965,36.855,501.5,337.3,68.96,49.36,13.322,24.49,21.6,1270.5,117.65
2022-09-22,48.915,38.545,9.841,34.855,23.51,12.688,115.26,624.9,135.821,107.582,9.16,185.9,24.64,95.7,49.62,78.85,87.65,157.9,92.34,48.22,34.66,495.5,328.2,67.22,50.0,12.998,24.105,21.37,1208.0,116.0
2022-09-23,46.51,37.295,9.709,35.005,22.585,12.496,114.4,603.2,135.675,107.382,8.959,183.4,24.03,92.55,48.82,78.81,84.26,154.95,91.98,46.905,33.77,477.2,325.8,65.94,49.5,12.48,23.065,20.71,1171.5,109.65
2022-09-26,47.025,37.485,9.574,35.065,22.105,12.066,114.18,606.8,136.898,106.255,8.856,183.85,23.515,92.89,48.99,77.44,83.53,155.1,91.48,46.21,34.1,473.05,328.8,66.06,48.605,12.73,23.13,20.03,1174.0,112.2
2022-09-27,47.845,37.19,9.507,34.845,21.95,12.0,113.12,604.2,137.632,106.018,8.702,184.4,23.3,91.71,48.59,77.45,84.41,155.95,89.8,45.11,34.53,458.4,325.75,65.66,48.435,12.838,23.535,19.42,1184.5,110.75
2022-09-28,47.16,37.19,9.497,35.105,20.995,12.062,115.86,613.2,139.638,107.655,8.436,184.35,22.875,92.51,48.6,78.71,84.23,162.0,89.29,43.35,33.62,462.7,325.15,66.82,48.465,12.824,23.4,19.595,1212.5,110.5
2022-09-29,47.305,35.595,9.298,34.235,20.125,11.874,114.16,608.0,137.974,105.182,8.194,184.35,22.345,93.01,47.21,77.84,82.61,159.65,88.09,42.535,31.79,455.05,323.35,64.96,48.18,12.216,22.45,19.17,1207.5,113.55
2022-09-30,48.275,37.05,9.248,35.735,20.415,11.842,116.94,610.4,137.338,106.873,8.364,188.85,22.475,94.01,48.9,78.4,83.17,165.5,88.89,43.605,32.245,458.55,330.25,66.66,48.57,12.276,23.155,19.71,1217.0,113.0
2022-10-03,49.76,38.135,9.42,35.595,20.76,12.108,116.62,608.0,139.197,107.091,8.464,183.3,22.23,94.19,49.4,79.8,83.58,164.85,89.21,43.88,32.725,454.8,326.7,67.84,47.71,12.506,23.315,20.18,1228.0,114.1
2022-10-04,51.31,39.915,9.494,37.085,21.59,12.318,123.98,646.8,148.885,111.673,8.823,188.05,23.815,99.15,52.0,80.01,85.26,174.1,94.7,45.475,34.475,480.5,338.2,71.08,49.17,12.922,24.035,20.97,1303.0,114.4
2022-10-05,51.87,38.87,9.323,36.8,21.14,12.23,123.26,637.3,150.989,110.727,8.588,187.25,23.46,99.83,52.5,80.37,83.7,172.9,93.35,44.115,34.985,464.6,335.6,70.48,48.345,12.6,22.805,20.71,1296.5,114.5
2022-10-06,51.27,38.73,9.119,36.855,21.115,11.95,122.6,635.1,148.983,109.182,8.516,184.85,23.16,99.45,52.62,79.33,81.56,170.95,93.14,43.635,35.55,456.0,334.25,71.5,47.92,12.524,22.9,20.34,1297.0,113.35
2022-10-07,52.6,37.545,9.206,34.45,21.305,11.954,118.72,618.2,146.194,106.909,8.465,182.95,23.12,99.59,52.16,80.16,81.18,164.0,92.33,43.615,33.665,449.5,328.15,68.5,47.375,12.3,22.315,19.84,1265.0,112.35
2022-10-10,51.5,38.29,9.283,33.825,21.555,11.72,118.84,610.5,146.585,107.382,8.435,176.65,23.175,99.13,52.4,80.08,83.04,163.0,93.01,43.785,32.995,443.55,324.75,68.96,47.475,12.18,22.34,20.0,1248.5,113.6
2022-10-11,50.44,38.51,9.295,33.84,21.365,11.572,118.62,610.5,147.124,106.909,8.332,177.9,23.005,98.82,52.56,81.81,84.02,160.55,93.93,42.765,31.98,445.25,327.5,68.88,47.785,12.29,22.575,19.465,1261.0,112.85
2022-10-12,49.755,38.23,9.256,33.52,21.23,11.536,119.12,621.9,146.732,106.455,8.26,179.1,22.645,97.32,52.28,81.39,83.0,159.7,93.25,42.345,31.785,445.45,328.6,68.02,47.77,12.192,22.305,19.13,1284.0,110.75
2022-10-13,51.3,38.49,9.269,33.425,22.055,11.75,123.2,617.5,147.319,107.309,8.432,174.55,23.255,102.04,53.46,81.23,83.92,161.8,96.9,43.44,32.515,443.2,320.35,69.3,47.685,12.488,22.815,19.73,1254.5,113.25
2022-10-14,52.2,38.82,9.32,33.525,22.215,11.944,121.88,625.2,152.016,107.855,8.537,177.75,23.72,102.24,53.58,81.57,84.34,161.45,96.59,44.06,32.0,448.0,326.35,70.0,47.975,12.472,22.825,20.28,1274.5,110.8
2022-10-17,52.99,39.655,9.412,34.56,22.5,12.144,124.8,637.7,153.729,108.018,8.66,180.9,23.92,105.56,55.48,82.12,86.24,165.8,99.1,45.38,32.585,462.9,328.5,71.46,48.25,12.82,23.5,20.65,1307.5,114.05
2022-10-18,52.12,40.765,9.407,34.6,22.745,12.144,127.24,636.1,154.952,109.055,8.817,181.9,23.965,106.84,56.76,81.71,86.76,165.25,100.24,46.17,32.805,465.5,330.15,73.6,48.675,13.014,23.465,20.98,1313.0,114.7
2022-10-19,52.61,39.44,9.526,34.26,22.535,12.258,125.46,625.0,153.778,109.964,8.841,180.0,24.495,106.04,56.98,80.93,86.55,162.9,100.88,45.915,32.805,459.0,327.6,72.84,48.09,12.97,23.3,21.43,1305.0,116.0
2022-10-20,52.96,39.675,9.483,35.45,22.725,12.238,125.74,634.0,155.539,111.473,8.901,177.9,24.29,107.5,57.14,80.81,86.21,166.5,101.36,46.395,33.59,469.6,329.2,72.5,47.88,13.168,23.515,21.25,1325.5,118.05
2022-10-21,52.97,39.205,9.45,34.395,22.625,12.22,125.42,631.5,150.157,110.909,8.931,172.35,24.23,108.14,57.3,81.57,86.14,164.45,100.92,46.38,33.315,454.1,310.1,72.7,47.63,13.076,23.64,21.6,1304.0,117.95
2022-10-24,53.5,40.605,9.492,34.98,23.01,12.682,127.6,635.9,156.615,112.927,9.021,175.5,24.835,109.48,58.2,82.19,88.63,169.35,102.54,46.965,34.055,456.4,316.1,74.42,48.4,13.466,24.915,22.29,1292.0,119.2
2022-10-25,53.25,41.49,9.405,36.675,23.27,13.042,131.3,658.0,161.459,120.455,9.094,177.55,24.97,110.34,58.56,82.29,90.19,173.0,104.06,47.335,35.18,472.4,321.65,76.44,48.585,13.532,25.53,22.73,1354.5,121.6
2022-10-26,52.92,41.945,9.423,35.665,23.265,12.99,132.56,663.0,162.487,120.745,9.092,176.3,24.83,112.0,57.2,83.34,92.03,174.05,105.9,47.23,34.94,477.2,319.8,78.42,48.27,13.65,25.07,22.51,1367.0,126.25
2022-10-27,54.48,41.055,9.428,34.58,23.275,13.03,128.04,655.4,159.013,119.727,9.144,175.6,24.985,111.06,56.64,83.49,92.29,170.95,106.12,47.4,32.505,471.1,315.75,76.96,48.4,13.62,25.68,22.46,1344.0,126.8
2022-10-28,54.59,41.195,9.546,34.485,22.925,13.096,130.22,649.3,157.985,121.291,9.137,175.85,24.94,113.7,56.26,86.2,93.28,172.05,110.0,47.285,31.785,463.75,314.25,77.64,49.805,13.552,26.005,22.67,1320.0,129.0
2022-10-31,55.1,41.4,9.631,33.95,23.225,13.154,128.26,639.0,156.909,120.273,9.186,177.7,25.0,112.72,56.74,87.33,93.18,166.25,109.58,47.495,31.6,463.7,318.1,77.14,50.34,13.644,25.81,22.59,1310.5,128.65
2022-11-01,56.5,41.545,9.699,33.355,23.46,13.396,129.64,650.8,157.839,119.855,9.302,179.2,25.35,113.42,57.64,86.85,94.23,167.45,112.52,47.84,31.815,476.45,317.5,77.72,50.16,13.798,25.27,22.87,1350.0,127.9
2022-11-02,56.23,41.185,9.766,33.705,23.355,13.302,129.4,636.7,155.784,118.182,9.326,178.45,25.085,111.34,56.84,87.33,94.27,161.9,111.86,47.88,31.39,473.05,307.95,77.2,50.04,13.708,25.55,22.71,1342.5,129.1
2022-11-03,56.88,40.29,9.694,32.7,23.5,13.31,127.6,630.0,155.148,118.527,9.393,176.85,25.865,112.08,56.82,87.4,93.82,158.4,111.4,49.385,30.91,470.15,301.0,73.0,49.675,13.288,24.82,22.48,1308.5,128.7
2022-11-04,57.76,41.71,9.76,33.415,24.1,13.538,131.64,666.2,158.328,120.836,9.627,182.8,25.915,113.6,57.78,87.88,96.0,160.3,114.0,50.63,31.905,503.4,321.4,74.08,50.04,13.566,25.73,23.28,1357.0,125.35
2022-11-07,58.16,42.145,9.749,33.14,23.59,13.484,132.8,656.0,161.655,121.618,9.729,180.8,26.49,113.34,59.04,86.79,93.99,160.8,113.98,50.69,32.1,505.0,323.2,73.8,49.095,13.768,26.405,23.72,1348.0,124.5
2022-11-08,57.14,42.33,9.78,34.17,23.815,13.41,135.0,657.5,161.949,122.4,9.731,179.35,26.57,113.5,60.5,86.45,94.29,166.4,113.16,50.69,33.51,515.6,327.65,75.38,49.28,13.696,26.395,23.91,1367.0,124.55
2022-11-09,56.71,42.38,9.751,33.82,23.4,13.372,134.56,658.0,162.193,122.327,9.703,180.5,26.5,114.0,61.2,86.84,94.43,165.5,113.3,50.26,33.18,512.2,327.8,75.7,49.935,13.704,26.19,24.03,1354.5,125.2
2022-11-10,56.52,44.355,9.755,36.43,23.575,13.9,140.58,686.8,168.554,124.945,9.458,186.6,26.62,112.2,62.28,86.97,95.89,175.1,113.14,50.85,35.77,532.0,338.55,78.9,49.53,14.168,26.52,24.17,1434.0,122.85
2022-11-11,57.03,45.33,9.678,37.4,23.925,13.99,141.98,706.2,167.233,122.8,9.54,186.95,26.59,110.8,63.1,82.43,95.31,181.9,113.0,51.76,35.88,543.6,346.8,80.06,49.33,14.23,26.68,23.59,1468.0,112.25
2022-11-14,56.92,45.395,9.75,37.335,24.16,14.242,141.14,700.7,166.597,124.618,9.628,188.25,26.7,109.34,62.82,84.09,95.14,181.25,112.86,52.18,36.975,541.8,346.5,79.74,50.22,14.394,26.89,23.93,1448.5,112.75
2022-11-15,57.78,45.115,9.759,37.35,24.405,14.36,140.98,704.2,167.282,124.691,9.644,184.5,26.63,111.7,62.4,84.63,95.24,181.85,114.38,52.47,37.63,547.2,342.75,79.92,49.855,14.53,26.895,24.8,1455.0,116.2
2022-11-16,58.24,43.51,9.757,36.56,23.88,14.264,138.54,698.6,167.575,124.291,9.532,185.4,26.695,112.26,61.52,84.72,95.22,179.1,114.26,52.09,36.68,538.0,345.55,78.36,50.29,14.238,26.51,24.75,1442.5,119.25
2022-11-17,57.43,43.37,9.731,36.3,24.08,14.326,138.4,696.8,165.716,122.636,9.562,184.15,26.63,112.34,61.54,84.5,94.64,178.65,113.06,52.51,36.705,540.4,346.55,78.2,49.905,14.116,25.99,24.38,1453.5,117.4
2022-11-18,57.4,44.315,9.806,36.245,24.03,14.38,142.28,698.2,169.63,124.218,9.705,185.7,27.08,114.74,62.2,86.04,95.44,178.05,114.64,53.31,36.995,551.1,348.1,79.44,49.885,14.4,26.27,24.82,1470.0,117.0
2022-11-21,55.63,44.155,9.891,36.07,23.92,14.51,140.8,699.3,171.098,124.182,9.706,189.0,26.985,114.74,62.32,87.18,96.28,177.8,114.18,52.62,36.945,549.6,348.25,78.88,50.64,14.546,26.245,24.99,1477.5,118.85
2022-11-22,58.07,44.61,9.884,35.915,23.815,14.488,140.86,697.9,169.924,124.273,9.701,188.7,27.165,115.56,63.38,87.27,96.25,179.0,114.08,52.44,36.97,542.9,344.75,79.16,50.69,14.688,26.63,24.93,1463.5,120.7
2022-11-23,57.61,45.08,9.871,36.19,24.075,14.39,142.08,701.9,171.391,126.964,9.7,189.8,27.13,116.38,63.1,86.55,96.26,179.35,113.76,52.74,37.375,546.1,348.95,79.98,50.58,14.482,26.71,24.99,1487.0,121.75
2022-11-24,57.82,45.1,9.928,36.235,24.365,14.45,142.78,702.2,171.0,128.145,9.726,190.65,27.275,116.44,63.38,87.0,96.8,179.65,113.26,53.23,37.42,547.7,351.3,79.96,50.47,14.65,26.815,25.13,1487.0,122.25
2022-11-25,58.44,45.305,9.93,36.29,24.295,14.428,142.32,700.2,171.44,128.636,9.738,186.9,27.27,117.22,63.6,87.54,97.08,179.9,113.82,53.33,37.19,545.3,350.25,80.16,50.47,14.648,26.825,25.06,1478.5,122.8
2022-11-28,57.74,44.21,9.883,35.525,24.01,14.372,141.08,698.7,172.076,128.127,9.628,186.4,27.1,115.3,63.44,87.89,96.79,178.05,107.36,52.8,36.35,545.2,352.7,79.0,50.29,14.552,26.8,24.62,1496.0,122.4
2022-11-29,58.94,44.18,9.844,34.755,24.075,14.36,138.88,702.0,171.734,126.145,9.606,186.95,27.355,116.5,63.0,88.19,96.59,172.75,109.18,53.57,35.75,552.6,347.5,78.06,50.3,14.702,26.44,24.32,1484.0,121.85
2022-11-30,60.31,43.745,9.768,35.085,23.99,14.52,138.92,737.3,173.495,125.655,9.61,188.95,27.02,117.42,62.4,86.48,96.62,171.0,109.2,53.43,36.055,567.4,354.8,77.48,50.08,14.884,26.725,24.58,1542.5,122.15
2022-12-01,59.27,44.99,9.761,36.67,23.365,14.486,141.12,721.0,174.18,126.836,9.502,190.0,27.375,116.54,63.4,87.45,98.26,178.6,110.14,52.63,36.885,567.1,358.4,79.64,50.83,14.906,27.04,24.7,1532.5,121.95
2022-12-02,58.89,45.69,9.654,36.72,23.385,14.454,140.48,715.3,176.676,127.727,9.529,190.7,27.39,117.16,63.22,85.77,98.25,177.65,110.98,52.75,36.695,559.7,360.75,79.6,51.22,14.6,27.135,24.98,1520.5,121.9
2022-12-05,58.76,45.86,9.373,35.91,23.125,14.438,139.5,714.5,173.055,127.491,9.508,187.75,27.31,116.6,61.94,85.94,97.71,173.4,110.32,52.32,36.64,546.2,356.8,79.4,50.48,14.658,26.78,25.05,1509.5,122.4
2022-12-06,57.72,46.045,9.474,35.08,22.75,14.496,138.24,714.2,174.474,126.818,9.436,189.15,27.46,116.1,62.0,85.39,97.9,169.95,110.84,52.46,36.235,545.2,358.95,78.86,50.82,14.458,26.87,24.83,1517.5,123.3
2022-12-07,56.54,45.855,9.334,34.895,22.495,14.49,137.54,712.8,174.376,125.564,9.349,187.7,27.265,115.94,61.44,90.6,97.85,169.6,108.4,52.0,35.66,522.6,356.45,79.2,50.56,14.446,26.39,24.6,1516.5,120.5
2022-12-08,56.81,45.21,9.221,34.48,22.31,14.292,136.08,719.0,174.572,125.455,9.34,186.15,27.02,116.78,60.6,89.0,97.94,168.35,110.14,52.0,36.425,522.6,355.0,77.92,49.88,14.078,26.21,24.5,1517.5,122.75
2022-12-09,56.29,46.8,9.299,34.785,22.63,14.384,138.38,720.3,175.893,124.4,9.553,186.35,27.35,117.18,61.04,88.73,98.62,171.95,111.64,52.89,36.895,523.5,355.0,79.12,50.21,13.766,26.65,25.23,1528.5,120.0
2022-12-12,56.62,46.12,9.258,35.415,22.44,14.394,137.16,716.2,177.752,123.818,9.569,184.45,27.025,117.1,60.5,88.52,97.38,171.9,112.1,52.68,36.5,517.9,349.7,78.34,49.615,13.77,26.57,24.74,1536.0,121.5
2022-12-13,57.89,47.03,9.234,36.57,23.085,14.352,141.04,726.7,179.758,125.636,9.698,188.45,27.405,118.1,61.76,88.93,97.45,174.7,113.48,53.63,37.75,524.0,354.3,80.1,49.73,13.802,27.055,25.12,1562.0,118.15
2022-12-14,57.48,47.0,9.271,36.4,22.715,14.346,139.5,727.4,179.954,125.6,9.671,189.0,27.08,118.16,61.94,90.02,95.48,172.35,113.0,53.51,37.225,524.7,355.5,80.02,49.73,13.89,27.02,25.39,1578.0,119.65
2022-12-15,56.43,45.235,9.273,34.835,22.125,13.988,132.78,701.6,171.196,121.891,9.346,183.7,26.215,115.92,60.42,88.93,93.93,165.15,110.68,51.67,35.41,495.5,339.15,77.38,48.625,13.538,26.475,24.3,1499.0,119.7
2022-12-16,55.66,44.61,9.18,34.165,22.405,13.892,130.82,693.8,167.282,120.691,9.384,182.95,26.03,115.82,59.44,87.62,92.39,159.45,109.98,52.54,34.94,491.05,335.75,76.66,48.625,13.364,25.84,24.23,1486.5,119.5
2022-12-19,56.65,44.625,9.225,34.09,22.39,13.954,131.96,687.3,168.064,121.0,9.449,183.15,26.26,116.58,59.42,88.76,92.86,157.5,110.94,52.2,34.65,485.85,335.05,76.64,49.56,13.476,25.9,24.17,1478.5,119.6
2022-12-20,57.3,44.94,9.135,33.375,22.895,13.494,130.72,682.9,166.792,121.455,9.534,183.1,26.39,116.9,58.78,88.81,93.43,156.1,111.08,52.94,34.55,467.35,330.0,75.72,48.815,13.246,25.85,23.79,1466.0,119.5
2022-12-21,58.99,46.02,9.242,33.765,23.55,13.716,133.92,691.5,168.798,123.182,9.726,187.15,26.695,119.54,60.08,91.09,94.18,157.5,113.3,54.02,35.12,481.35,340.1,76.66,49.705,13.544,26.37,24.27,1495.5,121.3
2022-12-22,59.0,45.62,9.303,33.335,23.375,13.614,130.84,684.0,167.967,121.491,9.749,186.05,26.575,117.88,59.76,91.29,93.76,156.75,111.84,53.81,33.9,475.1,334.7,75.04,49.73,13.108,26.035,23.93,1464.5,120.5
2022-12-23,59.21,46.14,9.359,33.305,23.57,13.582,131.18,673.8,166.401,121.545,9.765,184.95,26.43,117.56,59.8,90.98,94.19,155.6,111.74,53.8,33.605,471.95,333.25,75.58,49.965,13.188,26.605,23.93,1443.0,118.6
2022-12-26,59.21,46.14,9.359,33.305,23.57,13.582,131.18,673.8,166.401,121.545,9.765,184.95,26.43,117.56,59.8,90.98,94.19,155.6,111.74,53.8,33.605,471.95,333.25,75.58,49.965,13.188,26.605,23.93,1443.0,118.6
2022-12-27,59.63,46.265,9.366,33.54,23.63,13.618,132.48,690.2,167.967,121.745,9.831,185.5,26.505,119.36,59.98,90.41,93.95,156.3,112.82,54.0,33.245,478.5,336.75,75.86,49.97,13.15,26.795,24.0,1472.5,119.15
2022-12-28,59.37,45.69,9.331,33.3,23.52,13.414,131.82,686.6,166.107,121.236,9.824,184.7,26.35,117.98,59.3,89.94,93.49,155.55,111.62,53.56,32.81,476.3,335.4,75.3,49.835,13.11,26.64,23.93,1462.5,118.4
2022-12-29,59.38,46.38,9.394,34.04,23.62,13.532,133.5,696.5,168.26,122.455,9.86,186.25,26.4,118.02,59.96,90.98,94.25,158.0,112.02,53.91,33.51,482.6,338.7,76.28,50.06,13.388,26.8,24.35,1485.0,119.4
2022-12-30,58.65,45.65,9.281,33.495,23.48,13.388,130.72,679.9,165.569,120.364,9.831,183.75,26.055,116.92,59.42,89.84,93.29,155.95,111.02,53.25,32.995,475.5,333.6,74.82,49.23,13.27,25.985,24.0,1445.0,119.3
2023-01-02,60.02,46.96,9.394,33.775,24.185,13.556,132.74,694.1,167.282,122.727,9.986,184.9,26.485,118.54,59.66,91.68,94.95,158.6,113.86,54.93,33.415,483.6,337.1,75.22,49.58,13.646,26.915,24.87,1473.0,120.0
2023-01-03,58.98,48.19,9.528,34.105,24.57,13.508,133.9,702.8,166.45,122.418,10.112,184.45,26.66,118.0,60.42,92.33,94.84,159.65,114.54,56.01,33.53,489.1,338.4,75.9,49.955,13.806,27.63,24.78,1490.0,116.05
2023-01-04,57.6,50.34,9.814,34.935,25.47,13.246,139.8,738.0,169.581,125.709,10.378,186.4,27.045,119.0,61.94,92.27,97.08,163.3,115.38,58.31,34.375,511.0,356.15,77.76,50.42,14.178,28.275,25.98,1553.0,113.95
2023-01-05,57.94,51.37,9.897,35.105,25.44,13.35,139.62,728.4,170.217,125.091,10.4,184.3,26.745,118.8,61.42,90.35,97.41,163.7,115.2,58.61,34.565,518.0,354.05,78.4,50.57,14.342,28.38,25.92,1548.5,113.5
2023-01-06,58.68,52.38,9.891,35.085,25.51,12.946,141.9,748.8,172.321,128.436,10.518,186.3,27.345,122.4,62.06,91.12,98.48,165.65,116.54,59.11,35.445,527.6,358.6,79.48,49.645,14.44,28.92,26.53,1591.5,115.95
2023-01-09,58.32,52.99,9.886,34.985,25.07,13.164,144.82,759.6,172.076,129.582,10.526,187.85,27.405,122.14,61.68,90.44,99.75,166.8,117.5,59.02,37.275,526.5,365.85,80.82,49.135,14.554,29.235,26.8,1611.0,114.6
2023-01-10,58.41,51.72,9.892,34.39,24.55,13.156,144.28,756.3,168.945,128.818,10.476,187.5,27.45,121.84,61.36,90.07,99.4,163.6,115.1,58.35,37.12,524.3,364.35,79.36,49.49,14.664,28.71,26.47,1606.5,115.6
2023-01-11,58.79,52.04,9.787,34.97,24.255,13.298,146.78,772.3,169.434,131.364,10.426,190.2,27.33,123.1,61.14,90.07,99.68,163.55,113.9,58.6,37.355,543.4,367.7,80.9,49.775,14.64,28.845,26.96,1620.5,113.5
2023-01-12,59.45,52.7,9.913,34.945,24.84,13.426,147.06,773.7,166.792,130.418,10.522,191.35,27.81,125.24,62.14,90.3,101.04,168.95,116.24,59.68,37.44,554.0,367.15,81.36,49.355,14.784,29.295,27.25,1615.5,113.85
2023-01-13,59.73,53.25,9.919,35.595,24.7,13.324,148.38,785.3,170.119,129.273,10.488,193.9,27.81,126.54,62.54,91.18,101.38,170.9,116.84,59.86,37.855,563.6,373.9,81.58,49.72,14.22,29.305,26.86,1651.0,112.85
2023-01-16,59.38,53.94,9.7,35.525,24.79,13.194,147.34,792.7,170.021,131.109,10.606,195.2,28.05,126.7,63.38,91.85,101.1,172.75,115.32,59.56,37.97,560.6,377.45,82.02,50.13,14.32,29.745,27.47,1629.0,115.65
2023-01-17,59.6,53.8,9.681,35.835,24.565,12.472,148.16,797.4,172.957,131.527,10.572,196.75,28.06,127.98,62.7,91.9,102.88,171.25,116.32,59.49,38.725,555.1,387.0,82.5,50.08,14.358,29.535,27.08,1658.0,116.95
2023-01-18,59.6,54.5,9.623,35.575,24.735,12.53,148.34,801.9,171.881,131.2,10.602,191.05,28.26,129.3,62.16,91.33,103.88,176.3,118.54,59.64,39.51,543.7,383.6,82.4,49.98,14.262,29.445,27.22,1662.0,116.15
2023-01-19,58.34,53.08,9.573,34.835,24.215,12.472,142.98,776.6,167.282,131.636,10.434,192.3,27.88,127.22,61.82,91.25,102.38,172.0,116.92,58.9,38.045,530.0,376.6,80.56,50.21,13.908,28.86,26.48,1614.5,118.0
2023-01-20,58.85,52.82,9.617,34.29,24.48,12.522,143.44,782.8,170.706,131.673,10.514,191.5,28.255,129.42,62.18,90.73,103.68,170.8,118.92,59.65,38.055,531.6,380.4,81.02,50.35,14.008,28.29,26.65,1628.0,120.25
2023-01-23,59.2,53.48,9.587,34.42,24.695,12.61,145.58,788.1,170.364,130.582,10.578,195.05,28.04,131.38,62.24,89.93,102.9,173.55,119.22,60.2,39.055,537.3,383.0,81.68,50.31,14.014,28.83,26.82,1643.0,121.5
2023-01-24,58.69,53.34,9.629,34.725,25.095,12.962,146.08,794.8,167.282,131.527,10.654,193.75,28.27,131.28,64.08,89.38,104.54,173.15,120.78,60.75,39.095,538.8,379.5,82.34,50.15,14.03,28.855,27.26,1650.5,122.9
2023-01-25,58.39,52.98,9.611,34.105,24.985,13.104,145.9,792.3,167.575,132.855,10.686,193.15,28.53,130.3,63.5,89.91,103.68,171.85,120.14,60.99,39.45,534.2,381.25,82.3,49.8,13.92,28.87,27.59,1658.0,121.2
2023-01-26,58.51,52.65,9.556,34.305,25.46,13.072,146.84,801.6,164.297,133.945,10.852,187.65,28.645,132.0,64.42,89.72,104.6,172.0,120.94,61.73,42.68,547.9,385.3,82.66,49.2,14.062,28.97,27.71,1696.5,123.15
2023-01-27,58.62,54.19,9.546,33.69,26.6,12.996,147.88,801.0,162.585,134.782,10.956,184.2,28.635,132.2,64.46,89.55,105.04,173.0,116.62,62.03,43.69,557.7,378.45,82.96,49.525,14.206,28.91,27.71,1697.5,121.3
2023-01-30,57.91,53.4,9.616,33.525,26.615,12.972,147.18,798.8,162.829,134.4,10.942,186.1,28.64,131.8,65.1,89.79,103.92,172.85,115.52,62.11,43.575,566.0,380.3,82.5,50.1,14.016,28.62,27.39,1706.0,123.2
2023-01-31,56.98,52.55,9.722,34.06,27.28,13.02,148.32,800.0,164.297,132.782,11.036,189.9,28.615,131.8,64.74,89.67,103.64,173.9,114.84,62.9,43.11,570.5,378.05,81.72,50.31,14.386,28.955,27.18,1714.5,121.4
2023-02-01,55.97,53.36,9.717,34.26,27.375,13.152,149.4,795.5,164.639,132.418,11.074,190.25,28.61,131.4,66.54,88.7,104.72,176.8,116.04,63.19,44.265,563.4,372.4,82.46,50.7,14.494,29.09,27.22,1695.5,122.25
2023-02-02,55.18,55.34,9.648,38.505,27.5,12.912,152.4,809.1,167.086,133.364,11.188,191.15,28.83,132.64,70.78,86.77,105.04,188.35,117.76,61.6,45.515,592.3,377.4,83.74,50.52,15.202,30.245,27.93,1740.5,118.2
2023-02-03,56.35,55.53,9.591,38.505,27.835,13.096,154.84,829.4,174.816,132.109,11.26,194.3,28.62,132.4,75.02,85.14,105.34,189.0,117.12,61.72,46.11,598.6,384.4,84.84,50.74,15.226,30.375,28.06,1778.0,118.95
2023-02-06,55.66,54.51,9.566,38.11,27.555,13.03,152.06,814.2,171.245,130.582,11.046,192.25,28.485,130.76,72.8,84.91,104.5,185.5,115.74,60.75,45.115,576.0,381.95,83.78,50.5,15.056,30.03,27.75,1742.5,119.0
2023-02-07,57.54,53.83,9.551,37.99,28.025,12.842,150.52,807.4,169.434,131.236,11.142,188.6,28.405,129.4,73.6,87.29,103.7,185.15,112.3,62.34,45.265,573.4,376.85,82.68,50.42,15.082,29.85,27.91,1714.0,116.95
2023-02-08,56.44,51.68,9.616,37.78,26.615,13.092,148.58,800.1,170.462,133.309,11.216,187.9,28.52,130.18,74.0,88.51,104.32,184.7,113.3,63.85,45.185,567.9,375.35,81.8,50.44,15.12,29.86,28.06,1690.0,118.8
2023-02-09,57.85,52.46,9.56,37.61,26.545,13.08,151.72,809.2,168.407,132.018,11.694,188.0,28.705,130.9,74.82,89.2,105.82,186.3,113.66,64.41,46.145,579.2,378.75,85.12,50.41,15.668,30.09,28.09,1700.0,119.0
2023-02-10,59.35,52.45,9.688,37.01,26.25,13.206,150.02,797.6,165.08,129.382,11.564,186.6,28.425,129.98,74.08,88.7,105.08,183.1,113.74,63.59,44.93,559.5,375.6,85.8,50.17,15.4,29.31,27.7,1675.0,122.0
2023-02-13,59.54,52.68,9.701,37.46,26.45,13.13,153.46,810.3,168.407,131.564,11.544,188.7,28.4,132.56,74.12,87.65,108.18,184.4,115.6,63.32,45.385,566.6,389.65,87.28,50.59,15.492,29.425,28.0,1711.5,125.0
2023-02-14,59.98,52.78,9.925,37.86,26.51,13.24,151.48,810.5,167.722,131.309,11.564,187.15,28.22,129.76,74.94,88.11,107.62,184.95,115.98,64.38,45.605,561.4,387.75,87.18,50.67,15.568,29.445,28.06,1712.5,127.45
2023-02-15,60.0,53.61,9.972,38.01,26.8,13.288,154.64,822.6,170.07,132.527,11.584,189.35,28.155,132.32,75.52,88.64,109.22,187.15,119.06,64.2,46.17,578.4,390.0,89.44,51.8,15.882,30.0,28.47,1732.0,128.5
2023-02-16,59.94,53.09,10.616,38.295,28.0,13.374,156.0,823.3,171.783,134.891,11.8,195.8,28.3,134.1,75.14,87.85,108.6,188.55,124.94,65.8,46.54,596.7,391.6,89.18,51.69,15.896,30.17,28.55,1741.0,128.8
2023-02-17,58.66,54.52,10.714,37.445,27.86,13.5,156.26,818.4,170.853,135.836,11.75,194.95,28.325,136.86,75.58,89.1,109.54,186.0,125.66,65.43,45.905,590.0,384.6,89.52,52.09,15.95,30.335,28.45,1747.0,129.7
2023-02-20,58.92,54.32,10.826,37.405,27.725,13.594,156.56,813.6,171.587,138.255,11.688,198.05,28.29,134.78,75.08,89.11,109.08,187.2,122.84,65.5,45.385,591.1,380.95,88.3,52.26,16.132,30.115,28.7,1714.0,129.1
2023-02-21,58.64,53.1,10.788,37.175,27.28,14.25,153.04,808.9,171.979,137.2,11.62,199.3,28.11,134.36,75.48,89.45,108.9,182.0,122.82,65.4,45.015,585.3,385.85,87.88,52.31,15.868,30.04,28.5,1704.0,132.0
2023-02-22,58.4,53.53,10.882,37.685,26.75,14.088,153.7,809.5,170.804,136.018,11.386,200.7,27.81,134.14,75.52,90.15,109.14,179.85,122.78,63.96,44.6,576.9,386.25,88.34,54.66,16.22,29.595,28.34,1720.5,132.2
2023-02-23,59.11,53.36,10.774,37.38,26.81,14.14,154.46,809.0,163.563,135.073,11.474,202.6,28.71,134.84,75.82,90.11,107.74,181.0,124.44,64.79,45.22,578.6,384.4,88.44,53.9,16.802,29.72,28.42,1722.5,131.35
2023-02-24,58.19,55.93,10.882,36.91,26.39,14.02,149.0,777.3,161.215,134.309,11.35,198.15,28.41,133.3,75.36,89.91,105.64,175.95,121.94,63.89,44.61,553.8,372.95,86.22,53.77,16.444,29.4,28.34,1677.5,133.55
2023-02-27,59.22,55.72,10.858,36.9,26.785,13.964,152.02,794.8,161.312,137.818,11.468,200.1,29.375,134.9,75.92,90.55,107.58,176.55,123.64,65.46,45.535,561.4,378.25,87.42,53.75,16.626,30.205,28.75,1715.5,133.75
2023-02-28,58.57,56.33,10.792,36.58,27.32,13.836,152.12,789.0,160.872,136.873,11.562,197.7,29.85,133.96,75.24,88.89,107.84,177.85,124.02,66.15,45.425,555.0,375.1,87.6,53.24,16.53,29.735,28.31,1715.5,132.2
2023-03-01,57.98,57.51,10.748,36.08,26.56,13.602,153.56,792.2,159.845,135.745,11.39,196.45,29.77,133.96,76.3,88.35,107.52,178.35,122.32,63.4,45.705,561.7,372.0,87.94,53.04,17.066,29.68,27.82,1711.0,133.7
2023-03-02,59.12,57.25,10.75,36.485,26.485,13.764,153.08,804.3,159.355,135.964,11.302,201.2,29.665,133.78,76.64,89.2,107.98,178.15,122.9,63.37,44.225,571.7,378.35,88.02,53.66,17.168,29.47,27.94,1728.0,133.3
2023-03-03,59.01,58.22,10.746,37.065,26.925,13.862,154.88,815.1,160.236,136.691,11.422,201.2,29.89,135.22,77.58,89.18,108.68,180.75,124.16,64.26,45.305,577.4,379.85,89.12,53.82,17.662,29.71,28.35,1735.5,132.8
2023-03-06,59.3,57.79,10.872,37.175,27.435,14.006,155.56,825.0,161.9,135.309,11.53,200.5,30.105,135.78,77.28,89.18,109.2,181.4,123.9,64.94,45.815,578.9,378.25,89.16,53.42,17.578,30.435,28.35,1741.5,131.55
2023-03-07,59.0,57.18,10.79,37.165,27.14,14.066,154.58,816.1,160.04,136.182,11.396,200.3,29.95,135.78,77.2,89.96,108.36,179.3,124.02,63.92,44.985,575.9,377.1,88.76,54.01,17.526,29.83,28.0,1751.0,132.65
2023-03-08,58.9,57.04,10.826,36.9,27.145,14.134,155.14,810.4,157.203,135.473,11.438,199.85,30.17,134.44,76.94,89.79,108.82,178.55,123.98,64.0,46.49,579.9,376.2,89.0,54.49,17.484,29.74,28.14,1730.0,127.85
2023-03-09,58.48,56.38,10.84,36.76,26.725,14.1,157.6,805.2,158.377,136.673,11.3,201.3,30.1,135.92,75.84,89.88,108.54,179.75,124.5,62.64,47.04,579.0,375.85,89.42,54.98,17.192,29.41,28.14,1728.0,131.5
2023-03-10,58.04,55.63,10.876,36.245,25.525,14.102,152.32,802.6,156.175,135.327,11.02,200.1,29.405,133.44,74.52,89.55,108.24,176.65,121.62,60.25,46.26,573.6,373.8,86.12,55.01,16.88,28.91,27.49,1720.0,132.2
2023-03-13,55.14,53.15,10.75,36.18,23.935,13.912,148.68,781.7,154.218,133.182,10.682,197.0,27.675,128.6,72.04,88.03,105.58,170.9,118.16,56.15,44.4,550.2,373.2,85.02,54.33,16.2,27.87,26.84,1691.0,127.55
2023-03-14,56.45,53.46,10.678,36.805,24.475,14.072,152.56,800.5,155.539,135.818,10.784,199.8,27.715,133.14,73.68,88.98,107.06,171.55,122.18,57.88,45.865,565.2,377.6,86.54,54.55,16.396,28.055,27.39,1734.5,132.4
2023-03-15,53.27,51.27,10.742,36.55,21.495,13.56,144.5,774.7,154.071,133.709,10.222,198.55,26.29,127.14,71.12,89.77,102.4,165.75,116.3,52.03,44.125,539.3,371.15,83.92,54.33,15.782,27.095,26.75,1686.0,127.75
2023-03-16,53.31,52.28,10.72,38.085,21.235,13.776,148.88,801.7,157.545,136.2,10.224,203.2,26.85,130.92,72.24,90.23,104.68,169.85,119.28,52.71,45.265,552.9,383.7,85.3,55.03,15.904,27.46,27.09,1765.0,129.15
2023-03-17,53.14,51.11,10.57,37.615,21.2,13.432,146.08,787.3,156.322,133.836,9.99,199.05,25.97,128.38,70.14,89.8,103.46,167.15,116.74,51.68,45.42,547.1,380.25,84.78,54.46,15.716,27.16,26.4,1730.0,127.5
2023-03-20,53.86,51.47,10.694,37.715,21.025,13.566,147.28,804.5,158.866,136.8,10.056,200.6,26.61,130.38,71.5,89.46,104.76,167.4,118.6,52.56,45.38,556.0,386.95,85.06,54.86,15.848,27.305,26.56,1760.0,132.25
2023-03-21,55.21,52.79,10.818,37.5,21.93,13.854,148.98,806.7,159.502,136.382,10.282,202.4,27.715,134.14,72.84,90.18,107.04,170.5,121.6,54.74,45.855,568.0,385.6,86.26,55.35,16.2,27.8,27.07,1754.0,133.9
2023-03-22,54.43,52.67,10.824,37.355,21.705,13.884,149.38,814.9,159.796,137.436,10.262,206.5,27.5,134.84,72.68,90.86,106.72,167.45,121.0,54.47,46.385,572.0,393.8,85.56,56.21,16.194,27.8,27.08,1774.0,135.2
2023-03-23,53.43,52.06,10.826,37.745,21.2,13.9,149.88,820.8,159.306,137.582,10.15,206.4,27.225,134.7,71.66,95.84,104.1,168.35,119.94,53.28,47.185,578.1,397.5,84.22,56.11,16.19,27.625,26.89,1801.0,136.35
2023-03-24,51.81,49.3,10.678,37.2,19.9,13.574,142.3,813.4,158.621,136.0,9.941,207.7,26.635,133.3,68.66,97.1,101.36,165.7,117.4,50.47,45.405,580.5,398.05,80.62,56.27,15.916,26.955,26.14,1787.0,135.1
2023-03-27,52.13,50.26,10.9,37.005,19.962,13.844,144.98,817.0,159.111,136.236,10.03,204.9,26.96,135.14,70.24,98.44,102.18,164.15,119.08,51.79,45.845,573.3,400.65,81.6,56.82,16.238,27.285,26.53,1806.0,136.55
2023-03-28,53.51,50.85,10.854,36.04,19.748,13.926,146.08,814.2,155.197,136.509,10.07,203.8,27.165,135.04,69.36,100.0,102.72,162.6,118.72,51.97,44.51,575.4,398.1,81.64,56.76,16.242,27.415,26.85,1798.5,136.75
2023-03-29,53.84,51.64,10.8,36.13,20.13,14.214,149.02,822.0,156.811,137.364,10.252,206.4,27.885,137.46,71.34,101.0,104.4,165.65,120.9,53.37,47.36,584.2,402.9,82.74,57.04,16.4,27.59,27.62,1818.5,137.35
2023-03-30,54.41,52.16,10.82,37.28,20.775,14.558,153.1,827.0,160.334,138.818,10.37,206.5,28.285,136.96,72.58,99.43,105.42,170.5,122.24,54.53,48.605,594.6,405.55,83.6,56.59,16.578,28.08,28.26,1841.0,136.5
2023-03-31,54.36,52.32,10.952,37.875,20.785,14.574,153.68,844.4,162.438,140.182,10.398,208.7,28.165,136.54,71.78,100.24,105.72,170.75,123.28,55.21,48.955,600.0,411.25,84.08,57.31,16.728,28.145,28.4,1864.0,136.35
2023-04-03,57.56,52.18,10.996,37.38,21.3,14.67,151.18,844.1,159.757,139.964,10.468,208.6,28.22,135.48,71.72,99.64,104.3,169.05,125.2,55.8,48.375,593.7,415.45,83.82,57.94,16.672,28.23,28.39,1861.0,136.45
2023-04-04,56.73,51.72,10.99,37.41,21.16,14.75,148.46,851.0,159.991,140.4,10.472,207.6,28.315,135.68,71.86,99.6,104.56,169.9,125.44,56.34,47.57,584.2,420.35,82.7,58.91,16.432,28.67,28.53,1894.0,136.6
2023-04-05,57.14,49.38,11.276,37.455,21.05,14.926,142.86,844.6,163.318,141.145,10.47,209.2,28.265,134.7,70.86,101.4,105.66,169.05,124.38,55.83,45.67,565.5,423.7,78.94,59.49,16.112,27.95,28.44,1909.2,136.65
2023-04-06,57.5,49.05,11.46,37.5,21.39,15.066,142.64,829.1,163.984,143.673,10.608,207.3,28.7,136.42,71.6,102.44,107.16,170.05,126.18,57.23,45.935,555.4,410.1,78.62,59.53,16.24,28.11,28.66,1872.0,140.3
2023-04-07,57.5,49.05,11.46,37.5,21.39,15.066,142.64,829.1,163.984,143.673,10.608,207.3,28.7,136.42,71.6,102.44,107.16,170.05,126.18,57.23,45.935,555.4,410.1,78.62,59.53,16.24,28.11,28.66,1872.0,140.3
2023-04-10,57.5,49.05,11.46,37.5,21.39,15.066,142.64,829.1,163.984,143.673,10.608,207.3,28.7,136.42,71.6,102.44,107.16,170.05,126.18,57.23,45.935,555.4,410.1,78.62,59.53,16.24,28.11,28.66,1872.0,140.3
2023-04-11,58.45,50.42,11.428,37.61,21.555,15.2,146.46,840.7,165.491,144.382,10.66,207.9,28.935,137.0,71.1,101.5,108.38,170.1,126.0,56.92,46.44,556.9,417.15,80.42,59.15,16.772,28.57,29.16,1886.2,140.3
2023-04-12,58.46,50.6,11.422,38.055,21.65,15.26,147.68,836.6,167.213,144.527,10.706,209.4,29.15,137.46,72.12,101.84,108.46,171.0,126.24,57.07,45.63,554.1,412.15,81.36,58.94,16.8,28.87,29.23,1887.4,140.85
2023-04-13,58.23,50.8,11.35,37.82,21.615,15.206,148.1,883.9,170.951,144.327,10.71,208.4,29.065,138.02,73.32,101.76,109.2,168.75,125.92,57.54,46.355,568.6,424.1,81.16,58.92,16.822,29.3,29.13,1945.4,141.0
2023-04-14,58.72,51.58,11.258,37.76,22.4,15.082,150.42,892.8,171.812,144.055,10.956,209.0,28.715,136.9,73.5,102.04,108.32,168.65,126.28,59.39,46.07,576.0,420.65,82.64,58.83,17.166,29.43,29.03,1975.0,140.9
2023-04-17,58.73,51.36,11.376,37.705,21.935,15.214,151.38,873.6,168.211,145.473,10.82,211.5,28.335,139.9,75.3,102.48,108.7,162.95,128.08,58.19,45.735,567.9,423.15,82.96,59.5,16.982,29.66,29.1,1937.8,141.45
2023-04-18,58.65,51.69,11.446,37.87,22.4,15.292,152.1,877.5,169.346,146.218,10.88,208.7,28.835,141.7,76.42,101.38,109.46,166.3,128.32,59.41,46.02,571.7,424.3,83.76,59.09,17.028,29.77,29.08,1972.0,141.4
2023-04-19,58.07,51.86,11.464,37.48,22.61,15.44,152.62,885.0,171.851,146.982,11.018,210.0,29.28,142.36,76.78,101.96,110.82,163.9,128.52,59.6,45.055,572.0,422.3,84.36,59.46,16.952,29.63,29.26,1964.2,141.75
2023-04-20,57.58,51.35,11.49,37.265,22.33,15.422,152.7,896.5,171.753,147.545,10.98,211.5,29.28,142.78,76.18,101.5,110.3,160.4,129.28,58.85,43.37,576.1,429.55,84.14,59.8,16.052,28.35,29.08,1996.2,142.6
2023-04-21,57.7,51.3,11.536,37.53,22.235,15.474,152.6,901.1,182.517,148.091,10.886,214.6,29.265,142.46,75.7,102.88,110.26,161.85,127.32,58.66,43.21,578.0,442.6,84.12,59.86,15.95,28.38,29.4,2003.5,142.05
2023-04-24,58.21,51.18,11.392,37.53,22.315,15.318,153.24,902.0,180.815,148.436,10.976,216.6,29.32,142.42,75.5,102.82,111.08,161.4,128.24,59.14,42.405,584.8,437.2,84.24,60.11,14.944,28.35,29.26,2014.0,141.15
2023-04-25,57.65,50.68,11.436,37.44,21.59,15.426,155.92,889.4,180.873,148.436,10.812,217.4,29.285,142.06,74.56,104.62,108.7,160.9,125.9,57.73,41.885,585.2,432.4,85.38,60.44,14.764,27.91,28.84,1992.6,140.5
2023-04-26,58.4,50.45,11.674,34.885,21.715,15.424,151.92,875.4,178.721,146.164,10.918,216.2,29.27,139.76,75.34,102.5,111.44,161.3,124.08,57.61,42.3,571.8,427.7,83.62,60.35,14.662,28.02,28.66,1961.6,137.2
2023-04-27,56.87,51.09,11.804,35.76,21.96,15.408,157.84,877.1,176.313,147.618,11.056,215.0,29.455,140.1,73.82,101.82,111.14,162.85,125.54,58.74,38.61,579.8,433.75,84.58,59.46,14.746,28.3,28.67,1974.4,138.45
2023-04-28,57.94,52.42,11.816,36.67,22.025,14.516,157.82,871.0,175.55,148.345,11.084,209.4,29.57,140.94,74.12,100.0,112.2,164.9,127.14,58.59,38.565,579.7,432.75,85.7,59.99,14.992,28.83,28.69,1966.8,138.4
2023-05-01,57.94,52.42,11.816,36.67,22.025,14.516,157.82,871.0,175.55,148.345,11.084,209.4,29.57,140.94,74.12,100.0,112.2,164.9,127.14,58.59,38.565,579.7,432.75,85.7,59.99,14.992,28.83,28.69,1966.8,138.4
2023-05-02,55.0,51.32,11.626,36.51,21.63,14.366,156.02,868.7,176.372,147.236,10.95,211.4,28.84,138.86,73.16,97.17,108.74,164.35,125.36,56.96,39.155,562.8,430.75,85.36,60.08,14.732,28.75,28.46,1953.6,138.5
2023-05-03,54.63,51.43,11.722,37.155,21.435,14.428,157.86,879.2,178.858,148.0,10.866,212.3,28.795,139.58,72.36,97.91,109.58,166.25,124.4,56.29,38.475,566.6,428.7,85.8,60.42,14.464,28.93,28.62,1994.2,139.8
2023-05-04,54.66,50.8,11.672,36.72,20.995,14.612,156.04,873.7,178.897,147.945,10.736,214.9,28.145,137.3,68.22,99.15,108.58,162.1,122.1,55.94,37.575,558.5,421.2,84.34,60.34,14.364,28.86,27.87,1980.2,136.75
2023-05-05,56.13,52.1,11.638,36.515,21.62,14.554,158.64,876.9,179.915,148.545,11.062,214.5,28.86,137.7,70.42,101.56,109.08,167.45,122.2,57.89,38.57,561.4,424.45,85.18,60.39,14.722,29.43,28.34,1993.8,136.35
2023-05-08,56.2,52.47,11.646,36.27,21.62,14.672,158.8,884.5,180.462,148.509,11.138,216.9,27.655,137.44,70.28,100.26,109.84,164.7,121.26,58.29,38.71,564.5,428.3,85.48,60.48,14.814,29.41,28.27,2009.5,136.65
2023-05-09,55.45,52.63,11.71,35.605,21.66,14.726,155.4,880.4,179.151,148.636,11.144,214.6,27.545,137.5,69.92,100.84,109.8,162.0,121.62,58.42,38.635,549.2,422.7,85.64,58.81,14.928,29.37,27.63,1988.2,138.2
2023-05-10,55.59,52.84,11.63,36.205,21.905,14.688,155.56,872.3,180.228,147.273,11.706,213.1,27.16,138.98,69.54,98.81,109.38,163.45,121.7,57.92,39.14,541.5,417.2,85.08,58.21,14.966,29.17,27.87,1959.8,137.65
2023-05-11,54.87,53.05,11.566,36.23,21.8,14.788,157.12,887.6,181.715,147.927,11.552,215.0,26.925,139.48,70.18,99.16,108.68,160.3,121.32,57.35,38.25,544.9,423.7,85.82,59.02,14.924,28.55,27.84,1988.8,136.1
2023-05-12,55.76,53.51,11.562,36.46,22.06,14.868,158.16,885.4,182.146,148.818,11.718,214.1,26.945,140.0,69.76,99.3,109.24,163.35,122.8,58.49,38.975,545.4,421.1,86.3,59.09,14.94,29.05,27.71,1975.4,138.5
2023-05-15,55.88,54.09,11.556,36.76,22.275,14.782,158.46,881.1,180.795,145.964,11.678,214.1,27.6,139.64,69.38,99.68,109.22,162.55,123.06,58.64,38.775,551.4,421.2,86.24,59.1,14.892,29.23,27.92,1979.2,139.15
2023-05-16,55.14,52.94,11.524,36.495,22.08,14.81,158.38,876.0,182.557,145.036,11.728,213.3,27.76,142.4,69.52,100.34,109.7,160.7,126.24,58.43,39.5,546.5,419.55,85.6,59.19,14.69,28.57,27.87,1976.0,139.45
2023-05-17,55.19,53.19,11.428,36.455,22.52,14.73,159.52,874.4,182.165,145.091,11.694,210.4,27.645,143.86,70.36,98.86,110.62,158.8,128.2,58.63,39.725,542.0,415.5,85.68,58.63,14.838,27.46,27.77,1979.0,140.1
2023-05-18,55.69,54.44,11.33,37.475,22.975,14.498,162.12,872.5,182.38,146.636,11.81,211.3,27.745,143.2,71.5,99.86,110.18,161.75,128.8,59.64,41.15,544.8,417.0,86.84,58.45,15.144,27.91,27.68,1983.8,140.3
2023-05-19,56.12,55.4,11.32,37.935,23.185,14.496,164.6,874.3,179.484,148.109,11.87,212.0,27.765,143.14,71.6,101.62,110.9,164.1,129.24,59.85,41.535,535.1,421.6,87.92,58.75,15.426,27.99,28.26,2002.5,139.15
2023-05-22,55.92,55.31,11.5,39.6,23.355,14.432,165.44,878.2,176.353,147.691,11.924,213.4,27.745,143.36,72.14,100.3,110.3,165.2,128.2,57.31,41.84,542.0,418.75,87.84,58.4,15.312,27.94,28.18,2022.5,139.95
2023-05-23,57.02,54.85,11.602,39.4,24.265,14.41,163.28,834.2,173.358,145.455,11.962,211.9,27.86,139.88,71.72,101.1,109.68,162.8,126.28,57.08,41.54,525.9,412.6,86.66,58.27,15.25,27.88,27.77,1890.2,134.25
2023-05-24,56.86,53.31,11.578,38.975,23.765,14.25,157.66,817.1,171.284,143.491,11.826,210.0,27.16,136.58,70.2,100.88,108.46,158.65,123.8,56.04,39.305,513.5,404.0,85.52,57.52,14.626,27.22,26.95,1886.4,133.7
2023-05-25,55.0,53.44,11.442,39.835,23.84,13.944,161.22,823.4,170.658,143.4,11.822,208.8,26.965,137.14,69.42,98.5,107.8,154.45,124.54,56.18,39.175,510.4,406.65,86.54,57.16,14.48,27.17,26.92,1914.8,132.9
2023-05-26,55.76,53.62,11.39,40.715,23.84,13.896,164.0,843.5,173.123,144.855,11.91,210.3,27.095,139.06,70.18,99.4,108.36,157.0,125.68,56.31,40.68,517.7,411.0,88.34,57.16,14.764,27.54,26.96,1959.2,134.05
2023-05-29,55.73,53.63,11.38,40.32,23.7,13.918,164.1,840.0,171.597,145.145,11.932,210.9,27.25,139.18,70.28,98.95,108.52,157.5,125.28,56.1,40.195,514.7,408.15,88.52,57.3,14.764,27.47,27.08,1948.2,134.15
2023-05-30,53.82,53.25,11.218,40.75,22.31,14.06,164.6,836.0,171.225,145.073,10.732,204.8,26.965,137.76,70.54,94.31,107.52,152.4,124.44,55.29,40.66,513.3,404.2,89.02,55.72,14.7,27.43,27.24,1953.4,132.3
2023-05-31,53.08,51.8,11.172,41.11,21.63,14.042,161.34,813.9,164.825,142.4,10.692,202.1,26.415,135.44,69.32,94.88,106.32,162.8,122.54,54.01,40.595,498.35,399.0,88.46,55.34,14.19,26.56,27.54,1901.8,130.3
2023-06-01,53.79,52.59,11.178,41.395,21.685,14.088,163.2,805.8,163.025,143.691,10.688,201.2,26.775,137.5,69.96,94.21,107.02,167.8,125.94,54.47,41.77,496.2,400.15,90.0,55.35,14.38,26.71,27.74,1908.6,133.0
2023-06-02,55.18,54.67,11.03,41.675,22.61,14.104,165.62,830.9,167.644,144.891,10.954,204.3,27.255,139.04,70.8,94.98,107.58,167.7,128.38,56.48,42.01,506.7,407.8,88.72,56.06,14.776,27.43,27.96,1957.2,133.0
2023-06-05,54.85,54.42,10.802,41.425,22.475,14.078,164.0,814.0,163.632,143.855,10.832,199.2,27.175,137.24,69.92,95.33,106.94,166.65,126.72,55.92,41.6,501.9,405.05,88.54,55.95,14.802,27.28,28.05,1918.8,132.05
2023-06-06,54.34,55.08,10.686,41.505,22.605,14.116,164.16,812.3,164.16,143.436,10.852,200.6,27.26,136.94,72.34,96.37,106.96,166.5,127.44,56.47,41.745,501.9,403.4,88.96,56.17,14.74,27.26,28.48,1914.8,131.25
2023-06-07,54.79,56.05,10.686,41.22,22.61,14.134,163.82,812.7,164.18,142.636,10.85,200.0,27.15,135.36,72.74,94.95,107.68,169.8,126.44,56.76,43.085,504.8,400.45,89.34,55.31,14.954,27.18,28.49,1891.4,128.7
2023-06-08,55.03,56.35,10.596,41.21,22.875,14.182,163.98,818.0,164.747,142.455,10.932,199.5,27.06,135.44,72.78,95.44,107.22,169.1,126.54,57.01,43.545,502.5,402.35,89.44,54.68,15.18,27.59,28.52,1903.2,129.5
2023-06-09,54.95,55.82,10.528,40.175,23.325,14.228,163.94,820.0,164.219,142.364,10.832,198.9,26.52,136.64,71.76,95.4,106.7,168.4,128.42,56.07,44.1,504.7,402.2,89.48,53.62,15.046,27.52,28.8,1916.4,130.45
2023-06-12,53.95,54.96,10.39,40.755,23.305,14.108,164.18,834.8,162.242,143.6,10.79,200.5,26.23,138.5,73.4,95.02,107.16,173.65,129.44,56.43,45.415,509.7,404.4,90.98,53.81,15.282,27.5,29.07,1974.0,131.4
2023-06-13,54.16,56.67,10.288,41.165,23.26,14.16,166.24,841.9,163.906,144.418,10.854,201.9,26.38,139.28,74.06,93.93,106.74,174.95,130.04,56.68,45.63,514.9,406.35,92.88,53.84,15.548,27.9,28.84,1981.8,133.35
2023-06-14,53.91,56.74,10.308,40.875,23.515,14.296,166.26,850.0,163.808,145.073,10.96,203.7,26.655,138.44,74.54,93.98,108.76,177.25,129.52,57.52,46.16,523.0,412.2,92.56,53.94,15.756,27.97,29.15,1973.0,131.85
2023-06-15,53.75,56.17,10.358,40.82,23.09,14.224,164.58,843.7,162.907,145.727,10.844,202.8,26.575,138.42,73.94,94.26,108.28,175.05,129.9,56.29,45.485,516.4,409.8,91.54,54.66,15.73,27.63,28.89,1950.2,132.35
2023-06-16,53.8,56.19,10.388,41.355,23.23,14.356,162.98,868.6,169.17,152.673,10.834,203.3,26.4,140.46,74.04,95.66,110.48,178.85,131.18,56.57,45.605,527.7,414.95,91.54,55.3,15.862,27.47,29.33,1986.0,135.3
2023-06-19,53.81,55.41,10.322,41.015,23.34,14.17,163.12,853.4,166.685,146.818,10.866,201.1,26.37,142.9,73.9,94.49,106.06,178.15,131.48,56.81,45.0,518.8,412.45,90.96,54.91,15.748,27.21,28.68,1960.6,134.15
2023-06-20,53.16,54.38,10.308,40.865,23.26,14.31,161.08,846.0,164.825,146.836,10.814,199.1,26.305,143.04,72.94,97.97,107.12,176.8,132.02,56.73,44.565,515.5,412.9,88.84,55.13,15.386,26.76,28.89,1950.2,135.75
2023-06-21,53.85,54.24,10.312,40.325,23.195,14.25,160.36,838.3,164.297,146.255,10.824,196.75,26.26,141.7,72.98,98.03,106.1,173.0,129.78,57.04,43.545,511.2,408.05,88.8,56.25,15.376,26.66,28.74,1921.8,136.3
2023-06-22,52.51,53.84,10.23,40.09,22.675,14.208,159.14,839.2,165.002,145.455,10.624,197.4,26.135,140.06,71.66,97.62,105.4,169.9,127.64,55.72,43.71,513.0,406.3,87.68,55.91,15.218,26.45,28.56,1905.6,135.0
2023-06-23,52.05,54.05,10.368,39.68,22.7,14.112,158.1,830.1,163.964,144.164,10.47,196.75,26.41,139.48,71.04,98.6,104.0,169.35,126.74,54.85,42.635,502.2,406.4,87.02,56.09,15.132,26.26,28.18,1901.4,134.65
2023-06-26,52.57,53.99,10.38,39.355,22.785,14.356,159.26,835.0,164.16,145.2,10.448,196.75,26.525,139.16,71.54,97.84,104.06,169.65,127.66,55.23,43.53,502.4,403.95,87.16,55.72,15.178,26.45,28.23,1915.4,131.15
2023-06-27,52.0,54.43,10.466,38.975,23.05,14.372,161.24,839.6,166.528,146.073,10.596,197.15,26.76,139.62,73.86,97.89,104.6,168.8,128.92,55.67,43.075,505.7,407.25,87.74,55.25,15.306,26.7,28.4,1915.4,131.8
2023-06-28,52.02,55.18,10.516,39.735,23.125,14.406,162.88,849.7,170.207,147.727,10.654,197.9,26.8,141.42,74.3,98.84,105.28,172.5,130.46,55.86,44.335,500.0,414.5,88.98,55.39,15.476,26.99,28.64,1935.4,133.9
2023-06-29,51.93,55.05,10.754,39.73,23.55,15.002,162.98,855.0,165.08,148.364,10.796,199.75,26.74,142.26,73.26,97.78,105.62,169.75,130.66,56.79,44.605,501.3,419.7,88.78,55.44,16.008,26.83,28.68,1962.0,135.35
2023-06-30,52.55,55.73,10.702,40.625,23.8,15.228,166.46,863.0,168.896,149.273,10.872,202.4,27.025,143.46,73.5,98.2,106.38,173.55,132.36,57.72,45.565,505.6,427.1,90.8,56.14,16.08,27.06,28.95,1990.0,137.2
2023-07-03,53.5,55.89,10.694,40.09,24.06,15.366,163.2,854.9,166.841,149.473,10.932,201.3,27.22,141.76,71.38,98.26,106.68,173.5,132.62,58.43,45.76,504.0,423.55,89.78,56.4,16.284,27.11,29.21,1957.0,136.4
2023-07-04,53.63,55.73,10.638,40.315,23.995,15.46,161.34,856.7,167.076,148.455,10.866,204.2,26.97,140.04,72.16,97.73,106.44,176.1,131.32,57.89,45.565,506.0,424.0,89.88,55.91,16.258,26.88,29.13,1952.4,134.55
2023-07-05,52.7,54.82,10.592,39.86,23.935,15.294,160.72,847.5,169.796,145.945,10.818,200.5,26.0,139.64,71.44,97.96,105.06,175.05,132.92,57.34,45.37,491.4,421.8,89.36,56.29,16.154,26.74,28.79,1932.6,135.55
2023-07-06,50.58,52.99,10.48,38.995,23.065,15.016,156.7,816.0,165.491,140.945,10.494,197.7,25.445,134.58,70.06,95.03,102.02,167.1,129.48,54.76,43.045,475.5,408.1,87.82,55.54,15.876,26.12,28.52,1840.0,131.65
2023-07-07,51.1,53.68,10.332,39.06,23.305,15.094,156.92,825.4,167.311,140.709,10.592,196.4,25.35,134.84,70.02,93.95,102.4,169.45,131.1,55.12,43.8,477.6,402.65,87.8,55.26,16.2,26.36,28.52,1862.2,131.9
2023-07-10,51.23,54.28,10.376,39.205,23.245,14.9,158.18,830.9,167.33,141.764,10.602,196.5,25.43,136.84,70.5,94.31,102.76,169.45,132.04,55.35,44.105,480.75,405.95,88.4,55.08,16.264,26.33,28.54,1876.6,131.55
2023-07-11,51.99,56.45,10.43,39.445,23.535,14.918,160.6,849.3,167.839,141.782,10.734,197.85,25.815,136.22,70.94,94.37,103.7,171.4,132.24,56.16,44.405,488.25,409.05,89.88,55.02,16.334,26.33,28.79,1914.2,133.1
2023-07-12,52.57,57.91,10.466,40.21,23.72,14.96,165.36,866.7,171.108,144.382,10.868,199.1,26.605,138.38,71.68,93.64,105.1,175.15,133.46,56.7,46.485,498.7,414.25,91.5,55.28,16.716,27.06,29.11,1948.6,137.1
2023-07-13,52.64,57.7,10.45,40.815,24.2,15.084,161.94,877.3,171.303,145.418,11.004,201.0,26.665,138.74,72.44,93.18,105.54,176.2,134.6,57.01,47.17,501.6,418.1,91.68,55.51,16.82,27.57,29.42,1964.8,138.65
2023-07-14,51.28,57.71,10.49,40.835,23.915,15.012,162.24,892.3,172.321,146.236,10.986,202.6,26.34,137.06,72.34,93.7,106.42,176.3,133.02,56.65,47.33,500.0,421.6,91.88,55.63,16.72,27.46,29.47,1996.2,137.45
2023-07-17,50.96,57.63,10.508,40.795,23.82,14.98,160.44,859.0,171.323,144.945,10.97,199.8,26.46,137.0,72.42,94.16,105.52,174.2,133.52,56.71,46.81,490.25,413.95,91.4,55.21,16.606,27.21,28.94,1912.2,138.1
2023-07-18,51.56,57.89,10.44,40.715,23.865,14.982,161.12,859.3,171.793,144.945,11.038,199.2,26.575,138.46,73.58,95.94,106.0,177.1,134.04,57.61,46.795,494.0,408.35,91.9,55.38,16.592,27.7,29.08,1885.8,138.7
2023-07-19,52.32,57.87,10.574,41.365,23.9,15.056,157.86,850.4,171.127,143.836,11.116,199.4,26.635,139.0,71.52,95.93,106.86,177.95,134.36,57.96,46.935,530.4,406.3,90.26,55.55,16.578,28.09,29.25,1882.2,138.55
2023-07-20,53.3,58.44,10.788,40.7,24.105,15.358,160.3,854.0,172.771,145.818,11.124,199.4,27.345,141.46,72.9,98.26,108.24,176.3,134.6,58.05,46.225,541.4,401.0,90.26,56.04,16.652,28.28,29.54,1879.6,140.2
2023-07-21,53.99,58.36,10.764,40.45,23.995,15.462,162.58,867.9,174.67,146.255,11.118,201.8,27.7,141.72,71.18,98.61,108.02,174.2,134.5,58.01,45.71,541.3,411.15,90.5,56.58,16.514,28.36,29.7,1915.0,133.5
2023-07-24,54.79,58.41,10.858,40.035,24.51,15.394,162.92,857.6,172.223,146.164,11.198,201.2,27.775,143.08,69.88,98.17,107.68,171.6,136.36,58.37,45.67,532.6,407.6,90.38,56.29,16.758,28.66,29.6,1897.4,132.3
2023-07-25,54.34,58.79,10.734,38.05,24.66,15.372,163.5,854.0,173.476,145.818,11.168,201.7,27.745,144.82,71.0,97.62,107.78,173.1,133.02,58.59,46.785,531.7,409.95,91.1,56.76,16.778,28.45,29.62,1897.0,132.1
2023-07-26,53.86,58.54,10.514,37.475,24.405,15.382,160.22,810.0,169.288,143.836,11.126,200.2,27.68,145.26,72.14,96.41,106.94,173.1,133.18,58.12,46.33,522.0,407.05,90.44,55.9,17.232,28.69,29.74,1852.4,131.25
2023-07-27,54.32,61.22,10.484,38.86,24.545,15.314,164.38,840.3,174.2,147.236,11.152,202.8,28.07,147.7,73.34,97.75,108.38,179.6,131.0,59.85,50.46,537.4,412.65,91.58,56.2,18.136,29.57,29.78,1935.2,133.65
2023-07-28,54.44,61.46,10.386,38.65,24.725,14.994,162.14,841.2,176.568,148.818,11.326,202.9,28.18,150.46,73.6,94.96,107.84,167.0,133.42,60.18,48.395,531.2,420.85,91.16,56.43,18.572,29.91,29.72,2011.5,134.25
2023-07-31,55.26,61.48,10.284,38.885,24.715,14.912,162.04,848.1,179.014,148.509,11.286,200.6,27.97,150.96,73.42,97.09,106.78,164.85,133.98,60.02,48.625,523.6,423.2,91.12,55.53,18.654,29.77,29.6,2016.5,135.95
2023-08-01,54.61,61.31,10.226,38.66,24.265,14.896,160.66,829.0,174.748,147.291,11.164,199.75,27.78,147.16,73.74,96.58,104.82,168.95,131.8,58.9,48.535,518.4,416.05,92.24,55.29,18.31,29.76,29.29,1977.4,136.25
2023-08-02,53.11,61.32,10.21,38.065,23.995,14.636,162.12,813.5,172.047,145.4,11.008,197.65,27.365,145.86,73.9,94.87,102.4,167.7,131.76,57.61,47.905,511.0,413.95,93.0,55.38,18.044,29.5,28.89,1951.0,135.3
2023-08-03,54.1,60.83,10.094,37.74,24.83,14.4,159.94,811.2,171.029,143.545,11.178,195.9,26.915,144.64,74.08,92.22,100.98,163.45,130.42,58.29,46.6,510.0,412.15,91.74,54.5,17.904,28.93,27.89,1923.2,133.45
2023-08-04,55.57,61.31,10.092,37.78,25.395,14.438,160.96,816.0,171.088,144.564,11.864,195.8,27.455,146.26,73.88,93.92,101.98,162.3,130.8,59.29,45.4,514.5,411.85,91.68,54.2,17.846,28.98,27.83,1927.0,134.6
2023-08-07,55.43,61.22,10.09,37.835,25.55,14.422,160.88,817.4,171.753,145.109,11.804,195.7,27.645,147.82,74.16,94.27,102.76,162.25,131.12,59.55,44.97,517.9,408.4,91.64,54.47,17.792,28.94,27.63,1916.0,136.2
2023-08-08,55.16,60.96,10.094,37.485,25.115,14.434,158.98,807.2,170.618,144.855,11.514,196.05,27.325,147.3,73.18,95.48,102.6,160.85,130.5,57.76,44.385,514.6,405.3,91.6,54.51,17.564,28.78,27.79,1897.0,137.4
2023-08-09,57.04,60.91,10.168,37.51,25.445,14.562,160.68,807.0,171.753,146.018,11.498,196.8,27.66,148.02,72.78,96.59,103.02,161.65,131.68,58.55,44.13,517.0,406.8,92.0,54.91,17.392,28.52,27.8,1899.4,137.8
2023-08-10,57.82,60.89,10.232,37.585,25.58,14.636,160.52,834.7,174.337,148.309,11.59,200.9,28.165,148.44,73.56,97.86,104.16,163.75,132.04,60.3,44.49,528.4,419.1,91.94,55.06,17.44,28.55,28.32,1960.2,136.55
2023-08-11,57.17,61.0,10.262,36.86,25.535,14.494,159.34,820.4,171.538,146.927,11.55,196.4,27.84,147.16,73.02,97.07,103.6,162.9,130.74,59.55,43.155,517.1,412.3,91.5,54.53,16.848,28.31,28.07,1924.8,135.65
2023-08-14,56.58,61.08,10.316,37.01,25.61,14.546,160.04,816.2,172.36,147.964,11.58,198.25,27.955,147.66,72.88,97.61,103.48,162.9,130.64,59.68,43.535,514.0,415.5,92.04,54.91,16.896,28.48,28.16,1928.4,133.3
2023-08-15,56.1,60.71,10.244,36.91,25.5,14.408,158.34,804.1,171.421,146.891,11.498,195.8,27.535,146.22,72.5,96.93,102.76,161.0,128.94,58.78,43.25,508.9,408.5,90.96,53.9,16.55,28.31,27.74,1909.8,131.9
2023-08-16,56.32,60.92,10.224,36.965,25.41,14.504,158.36,802.9,171.147,146.873,11.434,195.8,27.41,146.22,70.94,96.33,102.4,160.95,128.68,58.48,43.115,506.7,407.75,90.9,53.73,16.656,28.56,27.91,1927.2,131.0
2023-08-17,56.76,59.88,10.222,35.73,25.48,14.486,154.64,785.1,170.07,146.091,11.374,192.4,27.465,144.74,70.22,97.67,101.58,158.1,127.58,58.62,42.31,498.3,402.65,89.02,53.26,16.47,28.52,27.47,1875.0,128.9
2023-08-18,57.01,59.25,10.264,35.755,25.305,14.588,154.32,776.9,169.777,146.036,11.33,192.55,27.175,143.42,71.0,98.0,101.0,160.25,126.7,58.22,42.15,492.6,398.2,89.06,53.19,16.35,28.47,27.59,1862.6,129.45
2023-08-21,57.59,59.05,10.216,35.57,25.445,14.744,154.86,783.9,171.186,145.491,11.358,192.5,27.195,144.72,70.84,98.65,100.88,162.05,128.12,58.34,42.555,498.5,398.0,88.52,53.06,16.646,28.46,27.63,1874.0,130.8
2023-08-22,57.98,59.29,10.19,35.995,25.6,14.696,155.98,790.2,172.771,146.255,11.462,191.2,27.33,145.54,70.84,99.61,101.4,164.25,128.94,58.55,43.605,501.4,396.3,89.46,52.63,16.706,28.65,27.95,1885.2,131.1
2023-08-23,56.97,58.71,10.266,36.095,25.845,14.644,157.08,790.4,170.834,147.127,11.424,191.7,27.41,146.66,71.22,98.97,101.48,165.5,130.02,58.51,43.59,499.1,401.3,89.5,52.9,16.718,28.58,27.99,1902.8,132.5
2023-08-24,57.17,58.05,10.24,35.78,25.94,14.686,155.9,783.7,170.247,147.909,11.492,191.8,27.395,145.24,71.2,98.13,101.54,163.6,129.32,58.44,42.51,490.0,400.35,89.08,53.26,16.556,28.48,27.87,1878.4,132.35
2023-08-25,57.32,58.04,10.262,35.705,25.915,14.794,156.52,785.3,170.305,148.036,11.466,193.2,27.395,145.1,71.26,98.71,102.34,162.55,129.88,58.31,42.44,487.6,401.45,89.12,53.51,16.716,28.42,28.06,1883.2,132.7
2023-08-28,57.89,58.98,10.314,36.19,26.25,14.836,158.86,798.5,172.341,150.273,11.574,194.4,27.71,147.68,72.26,99.28,103.84,165.6,132.24,59.5,43.17,494.4,405.2,90.34,53.78,16.926,28.66,28.27,1917.6,134.3
2023-08-29,57.86,59.37,10.37,36.62,26.38,15.032,160.44,810.0,172.615,150.473,11.698,195.65,27.93,148.32,72.6,99.67,103.78,168.85,132.56,59.9,44.115,499.0,409.15,91.2,53.67,17.216,29.05,28.48,1937.8,133.8
2023-08-30,57.94,59.64,10.37,36.65,26.37,14.888,159.86,804.0,170.99,151.127,11.702,194.3,27.87,148.88,72.82,99.2,103.48,171.35,133.84,59.88,43.67,498.3,410.1,91.28,53.96,17.166,28.9,28.39,1931.4,134.05
2023-08-31,58.07,60.16,10.358,36.61,26.215,14.89,158.58,782.2,170.168,151.691,11.656,181.2,27.775,148.3,72.06,98.64,102.96,172.35,135.38,59.71,43.665,494.2,405.8,91.1,53.83,17.146,28.91,28.86,1900.8,134.8
2023-09-01,58.89,60.25,10.43,36.47,26.275,14.82,157.44,775.8,170.442,152.018,11.65,181.4,27.85,146.06,72.42,98.61,102.72,172.0,133.86,59.59,43.555,488.8,405.2,90.84,53.76,16.794,29.01,28.63,1885.8,135.25
2023-09-04,58.72,58.36,10.384,36.68,25.835,14.754,157.26,772.6,171.558,151.327,11.592,181.0,27.725,146.08,72.28,98.03,102.78,171.3,134.18,59.44,43.475,490.55,405.75,90.76,53.37,16.806,29.2,28.34,1882.4,136.7
2023-09-05,59.9,57.59,10.378,36.66,25.68,14.58,156.72,759.1,170.462,148.891,11.358,179.1,27.835,145.7,72.66,99.03,102.1,172.35,134.1,59.39,43.49,479.8,403.85,90.26,52.79,16.906,29.78,27.87,1868.2,137.15
2023-09-06,59.51,57.71,10.552,36.565,25.53,14.504,157.74,731.5,168.524,149.691,11.26,176.6,27.585,146.04,72.76,98.24,102.36,170.45,133.94,58.6,42.845,468.7,398.2,91.36,52.73,16.922,30.09,27.81,1833.4,136.7
2023-09-07,59.88,57.28,10.778,36.41,25.415,14.656,156.98,724.1,169.64,150.564,11.214,174.45,27.53,148.46,71.82,99.68,102.5,168.2,136.42,58.57,41.085,462.85,398.4,90.86,53.22,16.95,29.95,28.32,1834.4,137.3
2023-09-08,60.38,57.37,10.794,36.45,25.28,14.828,157.12,740.0,169.62,150.436,11.158,174.5,27.705,148.54,73.38,100.34,102.96,170.3,135.44,58.43,41.38,469.7,404.25,90.76,53.57,16.99,29.52,28.75,1849.4,138.7
2023-09-11,60.74,57.37,10.916,36.37,25.715,14.888,157.4,742.2,170.501,151.6,11.3,173.4,27.955,150.08,74.06,101.82,103.58,170.4,133.66,59.51,41.08,468.15,407.15,88.14,54.2,17.366,29.89,28.92,1855.6,139.35
2023-09-12,61.29,56.99,10.966,35.635,25.95,14.882,156.64,734.4,170.07,150.091,11.45,171.55,28.145,149.12,72.78,101.68,105.16,169.25,130.48,59.87,41.275,463.7,401.3,88.14,53.53,17.822,29.84,28.95,1836.2,139.85
2023-09-13,61.23,56.21,10.922,35.25,26.195,14.898,153.38,729.6,170.188,149.418,11.544,171.85,28.58,148.5,73.48,101.5,104.02,167.05,130.52,59.89,41.315,461.85,397.5,86.56,53.2,17.756,29.7,28.82,1836.2,139.85
2023-09-14,62.28,56.57,10.976,35.235,26.56,15.146,155.78,742.6,172.458,150.909,11.712,171.4,29.145,150.6,72.52,102.42,106.24,167.85,130.4,61.3,41.745,461.0,402.0,86.96,53.49,17.58,29.8,29.25,1876.0,138.05
2023-09-15,62.37,57.24,11.06,35.34,26.47,15.198,157.44,761.2,171.558,152.782,11.836,171.9,29.39,152.42,73.38,102.8,107.48,170.1,131.32,61.46,41.34,469.1,410.0,88.38,53.79,17.878,30.27,29.57,1903.6,139.5
2023-09-18,61.99,56.95,11.1,35.265,23.28,15.096,156.92,742.5,169.699,149.4,11.554,169.25,29.065,151.7,71.88,101.68,106.24,165.95,130.04,60.11,40.65,459.45,404.4,88.24,53.81,17.79,30.11,29.27,1874.4,138.95
2023-09-19,63.04,57.23,11.17,34.67,23.135,15.288,155.64,736.8,168.172,149.836,11.648,168.45,29.305,151.74,72.64,102.1,106.24,166.5,129.28,61.11,40.445,456.85,400.35,87.5,53.56,18.054,30.36,29.53,1845.6,139.55
2023-09-20,62.29,57.94,11.25,35.22,23.83,15.168,157.96,736.7,171.577,147.418,11.8,168.7,29.35,152.04,72.02,103.8,107.68,168.9,129.64,62.07,40.705,457.6,410.0,87.68,54.08,18.608,30.29,29.61,1876.4,137.3
2023-09-21,61.88,56.93,11.286,34.51,23.49,14.944,155.0,729.3,165.784,146.0,11.684,166.45,29.145,148.04,72.0,102.5,106.18,168.05,125.52,61.65,40.38,453.6,399.7,86.0,53.56,18.156,30.16,29.21,1766.6,134.5
2023-09-22,61.91,56.13,11.094,35.01,23.12,14.958,154.14,732.3,164.356,145.945,11.502,166.3,28.82,147.2,71.16,102.1,105.34,166.75,123.88,60.74,40.27,460.45,398.35,84.44,53.02,18.284,29.5,28.52,1793.0,132.7
2023-09-25,62.13,56.23,10.992,34.945,22.965,14.842,155.38,713.3,162.222,145.691,11.454,162.2,28.62,147.14,70.8,102.64,104.54,165.65,122.96,60.42,40.34,439.55,391.5,85.02,52.41,18.058,29.43,28.28,1732.8,132.75
2023-09-26,61.91,56.35,10.992,34.39,22.615,14.744,152.92,703.0,159.717,144.636,11.44,161.0,28.645,147.24,70.04,102.78,104.06,164.05,123.58,60.23,39.735,429.95,387.55,84.82,52.5,17.986,29.05,28.23,1707.0,132.65
2023-09-27,62.93,56.23,10.822,34.68,22.89,14.51,155.32,698.7,159.15,144.073,11.498,159.45,28.295,149.48,71.0,101.68,104.42,165.45,124.0,60.11,39.82,427.25,386.7,85.04,51.66,17.852,28.92,27.62,1696.6,133.2
2023-09-28,63.62,56.87,10.8,34.635,22.925,14.388,156.5,706.0,160.637,145.4,11.652,158.35,28.35,149.86,71.4,100.76,105.22,164.15,126.74,60.47,40.505,429.45,390.3,85.5,51.45,18.16,29.02,27.23,1719.8,133.6
2023-09-29,62.31,56.88,10.86,35.295,23.045,14.53,156.98,716.4,161.616,145.309,11.692,157.85,28.18,148.64,71.76,101.48,105.02,165.8,126.98,60.43,40.985,431.9,393.2,87.3,52.26,18.202,29.07,27.43,1729.8,133.1
2023-10-02,61.55,54.71,10.896,35.705,22.855,14.278,154.78,714.9,160.148,142.982,11.536,157.0,27.685,146.28,70.64,101.82,103.72,164.7,125.56,59.69,41.05,429.3,393.7,87.24,51.57,18.104,29.15,26.56,1725.8,131.85
2023-10-03,61.28,54.12,10.784,35.19,22.43,14.002,154.66,705.3,158.935,141.964,11.392,158.9,27.305,144.8,70.04,101.56,101.16,160.9,124.32,58.8,40.355,421.65,391.85,87.18,51.89,17.808,28.59,26.16,1705.6,131.1
2023-10-04,60.09,54.11,10.992,35.23,22.43,14.028,153.82,712.5,159.62,142.345,11.354,159.7,27.21,143.76,71.02,101.82,101.9,164.6,123.54,58.64,41.2,421.45,392.05,85.76,51.61,17.724,28.5,26.27,1731.0,128.6
2023-10-05,59.77,53.52,10.988,35.245,22.415,14.14,154.14,720.6,159.502,142.4,11.42,159.95,27.32,143.22,70.88,102.86,101.58,162.7,123.52,59.2,40.985,421.45,391.35,85.76,51.91,17.836,28.73,26.36,1731.8,128.1
2023-10-06,60.34,54.47,10.984,36.33,22.695,14.132,155.58,729.7,160.539,143.491,11.678,158.6,27.97,144.78,71.86,102.2,102.32,165.3,124.28,59.98,42.055,425.35,394.2,86.32,51.31,17.99,29.18,26.48,1756.4,128.0
2023-10-09,61.39,54.06,10.998,35.82,22.36,14.278,152.6,710.7,159.796,143.909,11.46,157.15,27.875,145.86,71.52,102.58,102.22,164.05,123.08,59.03,41.585,419.65,387.05,85.64,52.71,18.002,29.14,26.58,1727.8,134.0
2023-10-10,61.89,55.14,11.002,36.79,22.605,14.57,156.7,733.5,162.438,147.036,11.628,160.0,28.32,150.4,72.68,102.68,104.12,168.5,125.6,59.83,42.67,434.1,397.75,86.98,54.12,18.528,29.57,27.17,1777.6,135.4
2023-10-11,61.69,55.04,11.01,37.05,22.6,14.732,157.26,686.1,162.947,148.455,11.678,160.3,28.56,152.06,73.34,103.32,105.5,170.05,126.32,60.24,42.38,427.95,396.8,87.6,54.65,18.93,29.48,26.77,1751.0,139.0
2023-10-12,62.17,54.5,10.942,36.94,22.47,14.68,156.3,675.0,162.868,148.709,11.676,159.25,28.36,152.16,76.76,103.98,104.78,169.6,125.76,59.44,42.435,416.8,393.2,88.18,54.19,18.924,29.65,26.66,1725.8,142.8
2023-10-13,63.17,53.21,11.04,35.91,21.805,14.776,153.12,660.6,160.579,146.691,11.4,157.1,28.01,149.08,75.34,103.38,102.92,165.7,121.96,57.64,41.16,406.8,384.65,85.62,54.0,18.82,29.03,26.3,1705.8,144.4
2023-10-16,63.06,53.64,10.934,35.835,21.95,14.808,152.16,667.1,162.066,146.0,11.538,159.2,28.02,150.46,75.14,103.88,102.38,166.15,122.94,57.83,41.27,410.0,386.75,85.62,54.13,18.69,29.35,26.1,1703.8,143.2
2023-10-17,63.18,53.37,10.942,35.405,21.795,14.892,151.9,668.4,160.911,144.855,11.54,160.15,28.275,151.96,75.32,102.94,102.76,164.55,127.3,57.68,40.655,409.5,387.4,85.58,54.44,18.882,29.18,26.24,1689.0,142.25
2023-10-18,63.78,51.23,11.004,35.305,21.63,14.72,147.1,667.7,160.109,143.018,11.444,158.6,28.16,149.6,74.86,101.36,100.82,164.3,124.72,57.31,39.855,409.45,383.1,83.98,54.58,18.778,28.77,25.85,1686.0,141.55
2023-10-19,63.33,50.24,10.906,34.845,21.395,14.874,145.74,670.6,158.661,142.764,11.378,166.15,27.875,148.46,74.5,98.81,100.6,164.4,123.9,56.71,38.935,410.65,386.2,83.12,54.08,18.102,28.45,25.72,1680.0,138.3
2023-10-20,62.57,49.76,10.836,33.96,20.98,14.688,141.44,664.0,159.561,138.745,11.22,165.95,27.16,144.94,71.88,98.83,99.62,163.2,121.26,55.56,37.74,402.8,380.25,80.86,54.1,17.65,27.78,25.32,1654.2,137.85
2023-10-23,62.3,50.17,10.764,34.065,21.045,14.502,141.92,669.4,161.949,139.018,11.316,167.2,27.245,146.66,73.2,98.31,99.9,164.1,122.5,56.13,37.815,403.5,386.85,81.4,53.9,18.022,27.85,25.2,1681.2,139.3
2023-10-24,62.03,50.06,10.838,34.98,20.865,14.734,139.42,681.0,163.847,139.836,11.202,170.0,27.335,148.62,72.6,98.94,101.08,165.2,125.16,55.91,37.43,407.45,394.1,80.64,54.26,17.72,27.58,25.68,1728.0,141.6
2023-10-25,62.2,49.905,10.878,37.77,20.905,14.854,139.98,679.1,164.962,142.491,11.262,169.7,27.59,148.48,72.76,101.02,100.76,165.05,125.04,56.18,37.125,393.3,399.2,81.02,54.87,17.788,27.28,25.41,1776.4,142.05
2023-10-26,62.48,49.91,10.93,38.0,20.74,14.896,140.02,668.4,162.144,144.164,11.208,168.25,27.52,147.74,71.72,100.46,100.48,163.35,126.44,54.72,38.955,384.4,393.15,80.34,56.2,17.664,27.68,25.58,1738.8,142.0
2023-10-27,63.0,51.44,11.01,37.86,20.725,14.922,143.06,661.4,164.414,145.673,11.17,165.0,27.455,146.66,72.38,81.44,102.0,160.7,124.96,54.67,37.54,383.5,390.55,81.22,55.17,17.324,27.75,25.59,1748.8,141.05
2023-10-30,62.99,51.3,11.06,38.715,20.805,14.986,142.84,671.0,164.669,145.255,11.234,166.2,27.84,148.1,71.86,84.14,103.08,161.7,126.2,53.72,35.265,383.0,392.05,81.54,55.7,17.046,28.0,25.52,1752.4,141.1
2023-10-31,63.2,51.4,11.11,38.815,21.145,15.004,144.98,674.5,166.978,146.982,11.378,167.5,27.955,147.02,71.72,85.7,104.48,166.5,126.28,54.29,35.98,383.2,396.15,81.48,56.15,17.608,28.02,25.83,1759.6,139.15
2023-11-01,63.63,51.51,11.186,39.0,21.22,15.354,145.22,675.3,167.741,148.055,11.418,168.1,28.285,149.78,71.5,86.85,105.36,167.65,127.94,54.4,36.135,382.0,397.0,81.9,57.17,17.932,27.92,26.2,1773.8,138.35
2023-11-02,64.59,53.26,11.2,39.05,21.615,15.156,149.48,701.1,171.812,150.0,11.554,172.05,28.52,151.86,72.0,87.2,106.18,171.5,129.06,55.56,37.72,395.8,403.25,83.24,57.11,18.346,28.29,26.56,1819.2,137.45
2023-11-03,62.33,54.27,11.144,39.44,21.8,15.154,150.7,702.8,170.501,148.345,11.684,173.45,28.17,150.06,71.74,85.35,106.38,173.55,129.06,56.64,38.42,407.25,403.7,83.5,57.05,18.698,28.24,26.85,1814.6,135.1
2023-11-06,62.66,53.33,11.1,39.92,21.67,15.14,149.24,697.2,168.955,148.582,11.674,172.35,27.83,150.0,72.52,84.94,105.5,168.75,128.42,56.81,38.095,398.7,403.15,82.92,56.84,18.336,28.22,26.57,1812.4,136.75
2023-11-07,61.24,53.04,10.974,39.99,21.48,15.302,149.42,697.5,169.19,147.818,11.588,171.1,27.425,150.2,72.0,84.42,105.2,173.0,129.2,55.95,38.29,400.05,405.45,83.34,56.85,18.09,27.95,26.59,1814.6,136.0
2023-11-08,60.78,53.13,10.968,40.045,21.42,15.136,150.9,703.5,170.266,148.564,11.72,172.2,27.715,152.38,71.7,86.13,105.66,171.6,130.38,56.1,38.3,403.25,415.45,82.24,56.91,18.32,28.34,26.23,1851.0,137.4
2023-11-09,61.36,54.49,11.028,40.68,21.39,15.306,163.36,714.4,171.675,151.018,11.72,174.35,27.68,153.5,72.3,86.08,106.56,173.25,127.86,56.09,38.56,406.65,419.0,84.8,57.38,18.136,28.57,26.9,1874.6,137.1
2023-11-10,62.04,54.23,11.052,40.49,21.26,15.298,160.8,687.1,171.147,151.455,11.71,164.3,27.725,153.08,70.36,85.14,106.56,171.85,128.48,55.61,38.615,393.1,414.25,83.6,57.37,17.99,28.48,27.03,1845.4,138.6
2023-11-13,62.79,54.47,11.094,40.685,21.66,15.322,160.74,688.5,172.967,152.418,11.742,164.4,28.05,155.1,69.78,85.29,107.1,172.45,130.24,55.79,38.67,393.75,414.65,83.48,58.03,18.322,28.69,26.82,1858.0,141.1
2023-11-14,62.54,56.25,10.948,41.655,22.025,15.354,163.98,706.9,176.118,153.636,11.786,169.55,28.115,157.14,71.76,84.59,107.62,172.3,131.64,56.01,40.145,408.1,424.6,85.82,58.12,18.68,29.39,27.53,1910.4,138.05
2023-11-15,62.61,57.73,10.914,41.935,22.25,15.318,164.46,719.0,174.356,152.745,11.692,168.35,27.87,157.7,71.46,83.65,109.04,175.0,131.2,56.37,42.275,410.15,423.9,86.54,57.53,18.878,29.57,27.55,1931.0,137.2
2023-11-16,60.96,57.35,10.986,41.655,22.28,15.518,164.06,706.1,174.063,153.545,11.656,166.55,27.975,159.02,72.12,84.82,108.36,177.75,131.46,56.09,41.795,399.1,421.0,86.9,57.4,18.5,29.25,27.49,1923.0,136.85
2023-11-17,61.81,58.37,11.076,42.05,22.605,15.6,166.02,711.6,175.531,154.782,11.766,167.35,28.385,160.56,73.9,85.89,109.38,177.9,132.26,56.73,41.925,404.3,423.95,87.56,57.54,18.46,29.65,28.07,1924.6,138.15
2023-11-20,63.0,57.8,11.028,42.545,22.615,15.608,163.3,717.7,172.791,154.964,11.804,165.65,28.335,160.7,75.1,85.42,108.96,179.3,133.04,56.8,42.2,403.2,421.75,87.32,57.43,18.89,29.73,27.87,1941.6,138.35
2023-11-21,62.95,57.82,11.044,42.46,22.405,15.536,163.88,704.1,173.182,155.982,11.746,165.95,28.2,160.96,74.48,85.34,109.0,177.75,133.76,56.46,41.41,399.45,425.65,87.58,58.19,18.532,29.48,27.83,1950.2,140.1
2023-11-22,61.85,58.25,11.084,42.78,22.415,15.586,165.24,712.3,175.081,157.127,11.73,168.3,28.24,160.9,74.86,84.92,109.72,183.2,134.0,56.58,41.75,403.8,429.65,88.14,58.55,18.556,29.82,27.79,1974.0,140.65
2023-11-23,62.81,57.86,11.122,42.835,22.575,15.72,164.7,711.6,173.926,157.218,11.704,167.3,28.24,160.9,74.74,86.24,109.98,182.55,134.58,56.9,41.595,405.95,429.25,88.08,58.66,18.674,29.85,28.06,1959.8,140.5
2023-11-24,63.14,58.23,11.168,42.625,22.685,15.754,166.28,706.9,174.219,157.873,11.75,163.95,28.455,161.02,74.76,86.38,110.48,182.05,134.66,57.03,41.815,406.45,431.45,88.92,59.12,18.794,29.9,28.22,1951.2,140.55
2023-11-27,62.86,58.02,11.238,42.64,22.49,15.836,165.7,697.3,173.202,157.982,11.732,162.35,28.36,159.78,74.78,86.63,110.54,181.2,133.6,56.42,41.62,404.5,432.95,88.74,59.08,18.734,29.81,28.25,1951.0,137.45
2023-11-28,63.19,58.51,11.304,42.82,22.515,15.918,166.04,684.5,172.791,158.509,11.746,158.05,28.48,161.2,75.58,85.76,111.12,182.6,134.56,56.48,41.84,394.05,430.7,88.76,59.05,18.724,30.11,28.43,1911.8,138.35
2023-11-29,61.68,59.42,11.258,43.125,22.74,15.872,167.2,690.5,173.437,157.964,11.8,155.75,28.44,160.14,77.28,84.87,112.12,188.55,135.56,56.92,43.035,391.0,431.85,88.16,59.15,19.698,30.84,28.68,1897.0,138.65
2023-11-30,62.26,59.81,11.304,42.965,23.075,15.918,168.62,702.7,171.362,158.0,12.022,158.55,28.595,161.02,77.58,85.46,112.3,188.0,136.2,57.77,43.455,393.7,431.05,88.42,58.97,19.906,30.81,28.91,1904.2,136.95
2023-12-01,62.36,59.83,11.382,43.305,22.9,16.046,169.8,699.2,174.298,157.455,12.066,158.15,28.895,163.14,78.22,85.78,113.32,187.0,138.08,57.8,43.73,392.9,436.15,89.42,58.59,20.09,31.05,28.96,1915.2,139.15
2023-12-04,61.39,59.54,11.122,43.13,23.075,16.046,168.08,698.7,174.239,156.618,12.128,158.5,29.045,161.26,78.84,86.59,113.38,186.9,137.02,58.47,43.365,400.05,436.9,88.64,58.79,20.3,31.02,28.92,1917.4,136.6
2023-12-05,61.37,60.6,11.17,43.54,23.315,15.99,170.02,713.2,175.805,158.582,12.17,159.2,29.27,160.48,78.92,86.4,115.3,189.05,136.56,59.76,44.05,398.6,439.75,89.78,58.62,20.455,31.4,29.12,1933.2,135.4
2023-12-06,60.65,61.2,11.134,43.99,23.57,16.088,172.6,718.6,176.587,157.691,12.374,158.3,29.665,163.98,79.1,86.13,115.68,190.35,138.3,60.66,44.55,404.3,441.4,91.6,58.72,21.04,31.6,29.49,1957.2,136.2
2023-12-07,60.67,61.21,11.144,43.825,23.695,16.168,172.7,715.6,177.175,158.091,12.454,157.55,29.895,164.12,78.68,85.1,115.68,190.5,138.36,61.11,43.845,403.4,438.75,92.0,59.14,20.92,31.83,29.21,1953.4,135.5
2023-12-08,61.9,61.86,11.094,44.22,24.04,16.234,174.94,739.1,178.779,159.382,12.612,159.25,29.995,164.6,79.26,86.13,115.84,192.15,141.82,61.85,44.385,413.8,441.95,93.88,59.22,21.015,31.92,29.55,1982.4,138.95
2023-12-11,61.97,62.47,11.104,44.4,23.82,16.128,176.56,740.0,179.288,160.564,12.648,157.05,30.06,165.48,81.3,87.8,116.1,192.9,142.3,61.18,44.5,409.5,443.85,94.94,59.48,21.01,32.2,29.39,1997.8,137.4
2023-12-12,61.31,63.01,11.16,44.835,23.71,15.99,176.96,733.6,179.621,162.091,12.658,155.95,30.07,167.48,82.4,87.87,115.4,193.05,142.68,60.82,44.54,410.45,444.7,94.8,59.55,20.975,31.88,29.17,2009.5,137.45
2023-12-13,61.36,62.57,10.802,44.415,23.66,16.16,176.56,734.5,181.441,162.764,12.604,155.7,29.76,165.72,81.62,88.54,114.78,191.9,142.3,60.31,44.27,409.0,445.45,94.46,59.31,20.91,31.72,29.13,2027.0,138.7
2023-12-14,61.41,66.1,10.67,43.82,24.49,16.27,179.0,746.8,181.108,159.182,12.896,162.65,29.255,160.78,82.06,88.02,116.02,193.15,140.06,62.88,45.595,427.05,443.55,96.5,58.2,21.25,32.04,29.9,2017.0,134.55
2023-12-15,61.63,66.61,10.56,44.29,24.425,16.214,181.14,748.4,181.265,159.982,12.932,163.05,29.17,160.16,83.4,87.7,115.58,195.9,139.52,63.09,46.815,417.85,446.55,96.9,57.98,21.53,32.26,29.73,2023.5,134.9
2023-12-18,62.35,65.02,10.452,44.185,24.19,16.086,181.02,741.8,179.817,159.982,12.832,162.05,29.11,160.76,82.88,88.61,112.96,192.45,139.18,62.39,45.51,407.35,447.45,96.18,58.27,21.5,32.17,29.04,1996.8,135.3
2023-12-19,61.99,65.62,10.38,44.39,23.965,16.048,180.44,745.5,179.249,160.473,12.776,162.1,29.33,160.2,83.46,88.93,113.3,191.0,139.88,62.29,45.82,405.95,450.75,94.5,57.88,21.285,32.16,29.28,1996.6,134.8
2023-12-20,62.15,66.37,10.464,44.73,24.045,16.22,181.02,746.9,177.84,161.327,12.87,161.65,29.375,158.12,84.42,89.17,113.62,190.05,137.88,62.86,45.84,406.45,449.25,94.86,58.12,21.22,32.45,29.27,1999.0,133.85
2023-12-21,62.0,66.11,10.446,44.68,24.04,16.244,180.44,743.4,177.37,160.673,12.798,160.8,29.525,159.34,84.32,88.96,113.64,189.1,138.52,62.88,45.525,401.65,448.2,95.16,58.3,21.225,32.52,29.08,1992.2,134.95
2023-12-22,62.3,66.63,10.472,44.64,24.075,16.16,180.96,737.7,177.84,161.236,12.852,160.8,29.64,159.84,84.46,89.34,114.38,188.45,139.44,63.01,45.515,397.8,447.55,94.6,58.32,21.21,32.41,29.06,1941.2,134.4
2023-12-25,62.3,66.63,10.472,44.64,24.075,16.16,180.96,737.7,177.84,161.236,12.852,160.8,29.64,159.84,84.46,89.34,114.38,188.45,139.44,63.01,45.515,397.8,447.55,94.6,58.32,21.21,32.41,29.06,1941.2,134.4
2023-12-26,62.3,66.63,10.472,44.64,24.075,16.16,180.96,737.7,177.84,161.236,12.852,160.8,29.64,159.84,84.46,89.34,114.38,188.45,139.44,63.01,45.515,397.8,447.55,94.6,58.32,21.21,32.41,29.06,1941.2,134.4
2023-12-27,62.47,66.7,10.38,44.78,24.305,16.17,181.9,735.4,177.312,160.745,12.914,161.3,29.58,159.96,84.5,89.17,114.44,191.1,139.42,62.99,45.67,402.8,448.7,94.62,58.41,21.235,32.35,28.72,1929.6,134.3
2023-12-28,61.41,66.39,10.31,44.26,24.035,15.96,181.36,731.0,177.077,160.182,12.858,160.3,29.43,159.62,84.0,89.26,113.56,189.8,139.68,62.45,45.51,398.25,451.3,94.2,58.51,21.18,32.36,28.65,1910.8,134.1
2023-12-29,61.6,66.66,10.304,44.235,24.025,15.918,181.78,733.6,177.703,160.109,12.852,159.75,29.49,159.46,84.0,89.76,113.7,188.75,139.78,62.59,45.245,399.0,450.65,94.1,58.68,21.145,32.46,28.56,1918.8,133.95
2024-01-02,61.99,66.18,10.492,43.195,24.615,15.95,178.88,723.0,177.625,159.0,13.064,155.55,29.72,160.08,84.5,90.89,113.94,189.45,141.28,63.36,44.58,393.05,443.8,93.14,59.57,21.17,32.61,28.4,1897.4,133.45
2024-01-03,61.74,64.02,10.62,42.945,23.94,15.84,174.92,695.4,175.413,156.327,12.952,151.95,29.69,158.66,83.64,91.98,112.94,186.5,137.16,61.67,43.04,381.15,438.8,91.68,60.56,20.455,32.19,28.27,1861.2,134.25
2024-01-04,62.48,64.61,10.654,42.27,24.35,16.182,175.1,697.8,174.944,156.418,13.14,152.45,29.915,160.34,84.2,92.83,114.52,187.85,139.38,62.91,41.34,379.45,437.35,92.32,60.57,20.43,31.89,28.84,1850.6,137.1
2024-01-05,62.5,63.77,10.706,42.035,24.455,16.344,173.1,688.9,177.351,155.164,13.25,147.0,29.875,159.54,84.62,93.48,113.88,184.5,139.7,63.0,41.005,378.4,434.25,91.3,60.51,20.5,31.76,28.85,1819.8,136.7
2024-01-08,60.55,64.17,10.688,42.315,24.685,16.414,174.22,691.3,180.619,155.673,13.34,149.25,29.91,161.18,84.84,94.13,114.1,186.75,143.2,63.14,41.285,385.45,438.45,91.04,60.93,20.66,32.24,28.91,1836.2,137.1
2024-01-09,60.12,64.62,10.53,42.245,24.75,16.55,173.92,680.7,179.915,155.436,13.318,148.55,29.635,161.78,84.98,95.19,115.22,184.5,143.12,62.63,40.7,384.0,440.5,89.6,61.0,20.565,31.64,28.99,1826.2,137.2
2024-01-10,59.77,62.77,10.544,42.765,24.425,16.502,174.18,683.0,180.443,155.873,13.26,148.8,29.535,163.62,85.14,94.85,115.06,182.45,144.04,62.43,40.295,381.7,440.0,89.54,61.06,20.78,31.35,28.88,1854.0,138.4
2024-01-11,59.48,61.81,10.542,43.325,23.535,16.28,174.5,672.2,178.956,157.055,13.076,150.7,29.23,163.98,84.14,95.1,114.5,185.05,143.88,60.8,39.93,371.15,441.5,89.52,60.51,20.615,31.01,28.54,1836.6,138.75
2024-01-12,60.14,63.58,10.768,44.81,23.44,16.194,178.42,669.9,180.736,159.673,13.118,147.8,29.42,168.5,85.4,95.65,116.68,192.25,149.2,60.83,39.72,366.7,445.4,91.42,60.88,20.455,30.95,29.25,1836.8,141.85
2024-01-15,59.94,63.48,11.0,44.545,23.345,16.07,175.84,669.2,173.437,159.527,13.216,146.8,29.42,168.52,85.46,94.36,117.22,194.65,148.02,61.12,39.63,362.45,424.2,91.24,61.55,20.15,30.86,29.11,1833.4,138.75
2024-01-16,59.58,62.7,11.092,45.755,23.2,15.758,176.4,666.3,172.791,159.618,13.222,147.4,29.61,167.9,86.82,95.21,116.68,193.25,147.66,60.75,39.82,358.7,424.8,90.12,61.78,19.912,30.52,28.92,1825.4,138.8
2024-01-17,58.26,61.72,11.208,46.07,22.92,15.528,175.32,647.4,171.675,157.982,13.1,145.6,29.525,166.82,86.86,95.38,115.76,192.65,147.04,60.24,38.88,346.1,422.1,89.28,61.5,19.636,30.4,28.41,1810.0,138.3
2024-01-18,58.51,62.53,11.162,46.965,23.175,15.562,178.52,663.4,174.767,159.218,13.09,143.55,29.965,171.04,87.5,94.69,117.38,197.35,150.04,60.66,40.32,353.6,426.2,90.1,61.42,19.828,30.52,28.39,1841.8,136.45
2024-01-19,58.28,61.81,11.204,46.15,23.14,15.552,177.5,659.4,173.867,157.291,13.23,142.15,30.565,169.84,86.82,94.04,116.74,197.05,148.84,60.61,40.52,350.5,426.2,89.8,61.6,19.672,30.57,28.59,1832.8,133.0
2024-01-22,57.75,62.43,11.228,47.135,23.37,15.626,180.0,662.9,174.298,157.055,13.3,140.8,30.715,172.0,88.42,94.2,117.46,202.0,150.04,61.53,41.56,353.85,424.75,91.2,61.6,19.688,30.85,29.06,1836.0,134.55
2024-01-23,58.12,62.18,11.298,46.955,23.45,15.3,179.68,670.4,173.378,154.327,13.276,142.45,30.615,168.8,87.36,92.56,116.04,201.3,148.0,61.17,42.35,360.0,426.5,90.4,61.54,19.56,30.83,29.05,1809.4,134.15
2024-01-24,58.86,63.4,11.254,47.485,23.68,15.268,182.5,683.4,173.75,156.782,13.38,144.05,30.94,171.36,88.76,92.55,117.42,203.8,146.74,61.99,42.61,364.75,429.0,90.62,61.35,19.546,30.84,29.13,1831.8,134.5
2024-01-25,58.94,63.44,11.226,47.755,23.57,15.164,182.7,685.3,174.513,156.218,13.42,145.15,30.75,171.92,91.96,91.68,117.8,206.0,148.48,61.69,42.405,361.0,432.4,90.3,61.1,19.428,31.14,29.29,1844.0,135.2
2024-01-26,59.62,64.57,11.172,47.805,23.75,14.658,183.12,773.1,175.981,155.891,13.468,156.55,30.92,173.8,92.38,92.08,118.26,205.9,149.28,62.55,41.3,384.8,445.1,90.34,61.29,19.52,31.25,29.75,1966.2,135.0
2024-01-29,60.21,64.3,11.046,47.905,23.66,14.702,182.52,776.3,178.29,156.618,13.254,154.4,31.03,174.5,92.14,92.67,116.9,206.4,149.08,62.04,40.95,384.85,444.65,89.68,62.24,19.472,31.08,29.86,1966.6,137.2
2024-01-30,60.43,65.89,11.0,48.44,23.795,14.8,184.5,782.0,179.073,157.345,13.31,153.4,31.135,174.6,93.38,92.45,116.84,208.5,149.86,62.2,41.09,385.9,446.3,90.28,61.82,20.22,30.82,30.16,1968.6,136.9
2024-01-31,60.1,65.84,10.998,48.235,23.96,14.81,182.9,773.6,178.388,157.891,13.312,152.5,31.16,173.42,93.1,93.36,117.08,207.2,147.8,62.55,40.915,383.25,444.7,90.24,61.74,20.49,30.82,30.27,1957.8,135.35
2024-02-01,60.58,65.14,10.94,43.24,23.0,14.69,185.7,770.6,178.76,157.455,12.938,153.1,30.5,173.22,92.78,89.53,117.08,206.8,147.4,56.79,40.51,378.35,449.35,91.24,61.41,20.76,30.61,30.07,1982.0,135.15
2024-02-02,59.8,66.21,10.958,42.13,23.105,14.654,188.7,778.1,176.842,155.727,13.138,153.15,30.535,175.46,92.82,87.57,117.0,205.5,149.3,56.06,40.19,376.6,447.65,90.74,60.94,21.235,30.65,30.02,2023.0,135.65
2024-02-05,59.22,65.41,10.87,42.0,22.765,14.71,188.0,780.7,177.449,152.6,13.056,155.4,30.41,175.52,92.7,87.4,118.3,204.1,149.06,56.1,41.2,384.15,455.75,90.52,61.72,21.07,30.57,30.2,2025.5,134.95
2024-02-06,60.3,65.95,10.794,42.07,22.53,14.624,193.2,779.5,179.895,156.255,13.066,157.15,30.64,177.0,92.64,87.23,118.74,204.8,151.74,55.08,40.895,391.7,453.95,91.12,61.94,21.43,30.83,29.94,2017.5,136.85
2024-02-07,58.39,66.96,10.674,43.275,22.24,14.482,192.3,784.1,181.402,155.018,13.02,156.0,30.44,175.4,93.16,87.39,117.66,206.1,150.68,54.8,40.425,390.25,452.2,91.64,61.54,21.67,30.83,29.85,2038.0,136.15
2024-02-08,59.18,67.67,10.594,44.16,22.025,14.388,196.12,804.5,182.674,152.255,12.342,156.7,30.075,175.42,94.68,85.79,116.76,208.5,151.34,54.54,41.86,409.4,453.15,93.22,61.63,22.13,31.32,29.9,2075.0,133.9
2024-02-09,59.72,67.78,10.518,43.94,21.76,14.1,195.96,807.5,184.259,152.255,12.21,154.85,29.99,176.42,95.56,86.5,116.14,210.0,150.52,53.44,42.705,413.1,418.8,93.54,60.89,22.45,30.92,29.34,2174.5,133.7
2024-02-12,59.82,69.14,10.568,43.155,21.715,14.282,195.08,821.9,186.901,152.909,12.23,155.05,30.63,174.96,96.72,86.07,116.18,208.2,149.96,54.17,43.205,411.9,428.65,93.2,61.01,22.635,30.81,29.25,2185.5,133.95
2024-02-13,60.3,68.14,10.646,42.595,21.605,14.318,191.82,800.8,184.377,153.091,12.2,155.3,30.635,173.6,96.18,85.69,114.86,205.9,148.9,53.83,41.68,410.9,428.0,90.96,60.98,22.395,32.93,29.56,2131.5,132.45
2024-02-14,60.42,67.95,10.632,42.855,21.63,14.376,195.4,802.6,186.627,154.418,12.202,154.75,30.635,175.92,97.06,85.73,115.24,220.0,150.26,53.92,41.695,416.1,431.3,90.98,60.72,22.56,33.51,29.48,2144.5,137.85
2024-02-15,59.75,69.66,10.754,42.89,21.84,14.472,198.26,815.6,184.083,153.836,12.23,157.5,30.78,183.16,96.72,86.51,115.54,219.7,148.9,54.01,42.14,423.35,437.75,90.36,61.13,23.865,33.18,29.43,2188.0,139.6
2024-02-16,59.89,69.13,10.766,43.455,22.005,14.322,201.9,815.8,183.398,155.545,12.23,157.15,30.98,187.88,97.38,86.46,113.24,219.7,146.34,54.38,42.565,428.1,442.4,92.02,61.3,23.765,33.28,29.24,2199.0,140.65
2024-02-19,59.69,68.55,10.846,43.54,21.925,14.32,203.0,821.9,184.788,156.073,12.364,157.45,31.01,189.12,98.1,86.22,114.12,221.5,144.3,54.77,41.76,428.0,441.3,89.68,61.52,23.615,33.0,29.0,2212.5,134.0
2024-02-20,58.6,68.3,10.904,43.1,22.15,14.446,201.15,820.2,184.475,168.964,12.44,155.85,31.165,190.46,98.12,87.13,114.44,218.8,144.96,55.5,40.945,428.2,443.6,89.08,61.68,23.395,33.33,29.75,2219.5,135.15
2024-02-21,58.92,68.42,10.846,42.745,22.25,14.53,202.5,821.6,185.375,168.545,12.516,158.25,31.175,189.2,97.56,87.37,115.14,217.7,145.86,55.9,40.995,429.7,444.55,89.48,61.7,23.545,33.69,30.02,2228.5,134.85
2024-02-22,59.13,69.64,10.772,43.295,22.47,14.754,207.55,840.4,187.997,168.564,12.594,159.85,32.06,191.44,98.16,88.74,115.52,221.5,147.28,56.22,42.205,434.5,451.15,90.02,61.64,24.22,33.58,30.35,2270.0,134.25
2024-02-23,59.66,70.19,10.768,43.33,22.495,14.84,209.8,850.1,190.15,172.273,12.55,157.95,32.3,193.02,98.44,89.71,116.76,225.9,147.96,56.39,41.545,425.65,450.2,90.18,60.71,24.6,34.17,30.19,2301.0,135.6
2024-02-26,59.19,69.99,10.712,43.19,22.255,14.648,210.0,842.2,190.463,172.491,12.458,157.15,32.375,193.66,98.22,89.28,116.2,223.5,147.34,55.34,41.38,428.0,450.65,89.94,60.4,24.295,34.1,29.52,2294.5,138.75
2024-02-27,59.5,70.23,10.74,43.265,22.33,14.684,205.5,850.4,191.54,172.127,12.52,159.75,32.385,192.32,98.12,88.83,117.64,223.3,148.0,55.6,43.055,433.6,451.35,90.88,60.58,24.25,34.39,29.87,2297.0,136.85
2024-02-28,59.4,71.29,10.694,43.21,22.52,14.84,207.4,847.7,192.968,171.564,12.574,156.75,32.71,193.22,98.26,88.84,118.48,223.3,153.72,55.45,41.69,426.0,446.55,92.1,59.72,24.36,34.47,29.7,2316.5,136.6
2024-02-29,58.99,71.2,10.606,43.185,22.43,14.836,209.8,842.8,191.951,170.818,12.52,154.55,32.88,193.7,97.78,87.89,118.4,224.7,152.94,55.38,41.725,425.05,441.7,93.5,59.02,24.13,34.19,28.65,2313.0,137.05
2024-03-01,59.8,68.6,10.576,42.765,22.74,14.696,209.9,846.4,193.34,169.945,12.6,156.05,32.36,193.44,97.58,87.31,117.3,225.0,152.64,56.15,43.29,423.95,441.95,92.94,58.72,24.425,33.93,29.01,2308.0,135.4
2024-03-04,59.39,68.97,10.53,42.96,22.745,14.672,212.4,839.8,195.238,172.8,12.598,154.7,32.62,196.48,97.16,86.82,117.14,225.6,155.36,57.27,42.905,415.75,443.6,93.2,59.08,24.61,33.92,28.97,2300.0,138.35
2024-03-05,59.16,68.06,10.616,41.58,22.79,14.988,207.95,829.1,197.127,172.291,12.564,153.45,32.725,197.82,96.66,87.6,117.7,221.2,157.58,57.24,42.405,411.0,438.35,92.92,59.21,24.725,34.39,28.82,2266.5,150.9
2024-03-06,59.98,68.14,10.53,42.095,22.78,15.174,208.8,832.6,197.323,173.436,12.54,151.05,32.73,198.72,96.02,87.12,117.2,222.0,158.24,57.27,42.9,411.15,438.15,95.38,58.73,24.995,34.19,29.01,2271.5,147.0
2024-03-07,59.92,69.22,10.506,42.345,23.135,15.266,211.3,839.8,199.084,175.782,12.804,150.6,33.1,196.62,96.6,88.0,118.88,226.8,158.34,58.39,44.4,411.45,445.35,95.78,58.88,25.175,34.01,29.35,2315.0,145.9
2024-03-08,60.05,68.55,10.604,42.08,23.18,15.248,212.05,844.9,200.943,176.055,12.774,150.0,33.52,195.44,96.4,87.69,118.54,225.8,158.06,58.93,43.455,417.4,449.0,96.1,58.75,25.09,33.98,29.22,2313.0,143.25
2024-03-11,60.13,68.15,10.594,42.345,23.205,15.228,208.45,850.4,200.356,175.309,12.882,151.1,33.28,194.52,94.48,88.32,118.64,224.3,156.8,59.05,43.565,420.15,448.25,95.5,58.97,25.3,33.94,29.15,2304.5,140.7
2024-03-12,60.67,69.52,10.44,42.41,23.635,15.156,209.25,859.0,200.992,176.291,12.942,151.0,33.96,197.92,95.94,88.34,119.08,225.5,158.0,59.71,44.305,426.15,450.6,97.5,59.16,25.785,34.35,28.6,2331.5,142.35
2024-03-13,61.74,69.84,10.44,42.315,23.68,15.124,213.7,867.2,201.775,177.091,12.988,151.45,33.82,199.0,96.38,88.49,119.78,225.4,159.28,60.95,43.49,423.6,454.2,96.68,59.54,25.42,34.6,28.79,2357.5,143.75
2024-03-14,62.71,69.15,10.428,42.0,23.47,15.29,215.15,872.8,203.732,177.545,13.036,152.45,34.005,200.4,98.44,88.21,117.0,224.5,160.36,60.25,42.875,426.2,451.25,97.64,59.41,25.36,34.45,29.11,2392.5,146.05
2024-03-15,62.48,69.71,10.524,41.6,23.73,15.38,215.0,862.3,204.809,177.4,13.02,151.4,34.325,202.35,98.98,88.2,117.0,223.0,162.76,61.21,41.4,426.15,446.15,97.74,59.6,26.005,34.84,29.25,2390.0,146.65
2024-03-18,62.63,69.13,10.6,42.015,23.71,15.324,214.7,858.1,202.656,176.418,13.114,148.9,34.235,203.35,97.98,88.0,117.1,222.5,163.22,61.36,41.22,423.45,441.55,97.52,59.34,26.15,34.99,28.93,2377.5,148.6
2024-03-19,64.3,70.0,10.604,40.965,24.03,15.378,215.3,860.2,205.298,177.491,13.242,147.65,34.62,205.85,98.72,87.2,117.16,222.9,166.18,62.0,40.0,425.95,441.2,98.06,59.29,26.62,35.36,28.85,2404.5,151.15
2024-03-20,63.2,70.5,10.642,40.93,24.07,15.434,215.25,846.2,205.591,177.273,13.254,146.15,34.595,204.85,97.96,87.64,116.68,221.5,168.06,61.93,39.935,375.2,436.75,98.64,59.38,26.665,36.01,29.07,2405.0,152.9
2024-03-21,62.92,71.5,10.514,41.265,24.48,15.346,216.9,847.9,206.13,176.091,13.402,147.4,34.65,206.65,98.84,87.71,116.76,215.6,169.3,62.64,40.515,371.3,434.95,99.64,59.15,26.93,35.59,29.25,2410.5,155.05
2024-03-22,62.85,70.87,10.62,41.64,24.525,15.43,218.05,828.6,204.221,173.164,13.4,148.15,34.48,207.25,99.36,88.65,116.36,215.7,169.9,62.8,39.955,358.05,432.65,98.52,59.57,26.955,35.45,29.64,2386.0,157.2
2024-03-25,63.23,70.53,10.642,41.165,24.06,15.516,214.95,825.5,205.151,173.836,13.398,146.45,34.575,208.05,99.22,89.65,115.96,214.0,170.12,62.49,39.895,353.75,435.45,96.6,59.32,27.16,35.41,29.65,2403.0,160.25
2024-03-26,62.98,71.44,10.63,41.54,24.24,15.514,215.45,821.8,205.249,174.964,13.574,149.2,34.6,211.0,99.24,91.3,118.46,214.1,170.64,64.31,39.845,364.9,433.95,96.6,60.01,26.59,35.63,29.79,2387.0,160.95
2024-03-27,63.04,72.17,10.806,41.225,24.245,15.634,209.3,830.3,206.325,175.745,13.58,149.35,34.69,209.35,99.9,91.76,120.06,214.7,171.6,64.67,40.43,366.6,439.0,96.56,59.73,26.68,35.68,30.37,2388.0,158.6
2024-03-28,63.47,71.93,10.888,41.04,24.81,15.51,209.65,833.7,205.2,175.309,13.816,149.95,34.815,210.05,101.05,90.96,118.76,213.3,170.72,65.86,39.92,366.35,438.65,98.22,59.89,26.325,35.52,30.13,2366.0,158.05
2024-03-29,63.47,71.93,10.888,41.04,24.81,15.51,209.65,833.7,205.2,175.309,13.816,149.95,34.815,210.05,101.05,90.96,118.76,213.3,170.72,65.86,39.92,366.35,438.65,98.22,59.89,26.325,35.52,30.13,2366.0,158.05
2024-04-01,63.47,71.93,10.888,41.04,24.81,15.51,209.65,833.7,205.2,175.309,13.816,149.95,34.815,210.05,101.05,90.96,118.76,213.3,170.72,65.86,39.92,366.35,438.65,98.22,59.89,26.325,35.52,30.13,2366.0,158.05
2024-04-02,65.96,71.46,10.885,39.96,24.8,15.58,204.35,821.8,204.026,174.018,13.875,147.9,34.76,205.3,99.86,88.53,117.25,209.9,167.16,65.42,38.94,366.85,430.95,95.62,58.98,25.475,35.06,29.97,2361.0,157.3
2024-04-03,66.66,73.1,10.855,39.88,25.26,15.555,206.2,816.0,205.885,174.382,14.055,146.65,34.87,206.3,100.9,88.98,118.25,209.7,168.06,66.53,39.325,366.45,421.35,96.28,58.52,25.02,35.36,30.02,2395.0,159.5
2024-04-04,67.05,74.26,10.84,39.84,25.51,15.59,208.05,819.4,201.188,172.327,14.145,144.6,34.85,206.5,101.2,88.72,116.25,209.1,167.96,67.16,39.42,369.3,420.45,95.96,58.0,25.04,35.42,30.21,2384.0,157.9
2024-04-05,66.8,73.36,10.71,40.24,25.055,15.4,207.65,799.8,198.937,170.455,14.105,141.15,34.14,205.5,100.25,87.34,114.45,211.4,168.02,66.55,38.535,362.8,412.7,96.06,57.98,24.595,35.42,29.16,2345.0,159.0
2024-04-08,67.93,74.3,10.605,40.24,25.09,15.565,209.75,807.3,202.46,171.145,14.13,143.25,34.33,208.0,100.95,87.0,115.95,211.2,170.54,66.99,39.075,365.2,411.2,95.54,57.68,24.88,35.38,28.84,2339.0,162.55
2024-04-09,67.4,73.26,10.565,39.95,24.97,15.73,206.65,795.2,199.329,170.309,14.065,144.75,33.86,203.6,101.05,87.22,114.55,210.9,164.68,66.64,39.59,364.2,415.5,93.9,57.56,25.06,35.41,28.99,2282.0,154.6
2024-04-10,68.08,72.72,10.41,39.75,25.15,15.69,208.85,793.0,197.078,170.255,14.05,143.45,33.85,205.4,100.55,88.12,112.9,206.5,164.22,66.73,39.435,356.95,415.0,95.3,57.52,25.215,35.08,28.59,2281.0,154.95
2024-04-11,67.7,71.94,10.37,39.77,25.23,15.615,209.0,790.5,198.839,171.564,13.775,142.4,33.45,205.4,103.65,86.67,112.75,208.6,162.26,65.51,39.42,355.1,418.85,94.6,57.62,25.205,35.14,28.43,2292.0,156.3
2024-04-12,69.09,71.9,10.435,39.25,25.76,15.88,209.4,781.2,198.448,170.345,13.76,141.25,33.66,205.8,103.5,86.47,113.05,207.5,162.9,65.36,39.02,350.5,414.5,94.86,57.78,24.39,34.86,28.45,2270.0,158.8
2024-04-15,68.29,72.06,10.365,38.96,24.975,15.74,212.1,794.8,199.427,171.182,13.82,140.85,33.82,207.9,102.5,87.45,113.05,205.4,163.6,65.77,38.815,350.2,415.45,95.4,57.76,24.985,34.96,28.23,2303.0,160.05
2024-04-16,67.25,70.7,10.48,38.83,24.33,15.71,208.7,781.8,198.937,168.836,13.57,140.25,33.22,205.0,101.25,86.79,111.95,204.9,159.0,63.83,37.99,340.3,415.1,94.34,57.62,24.26,34.59,27.65,2289.0,158.25
2024-04-17,67.66,71.08,10.56,38.31,24.16,15.73,209.5,804.0,196.882,169.545,13.665,141.8,33.46,206.7,101.4,86.18,112.3,202.4,159.9,64.15,38.04,341.0,418.25,94.38,58.54,24.255,34.4,27.94,2342.0,157.1
2024-04-18,67.42,71.2,10.68,38.43,24.71,15.82,215.35,796.8,200.307,169.745,13.905,143.65,33.82,208.2,101.05,85.23,113.55,200.5,160.66,65.46,37.575,340.5,423.6,96.42,59.06,24.325,35.0,28.63,2325.0,155.25
2024-04-19,67.28,70.26,10.855,38.1,24.75,15.93,208.4,796.6,198.937,170.691,14.035,145.0,33.9,205.9,99.7,86.89,113.35,200.1,160.04,65.43,36.71,339.1,444.95,95.48,59.44,24.23,35.32,28.8,2320.0,155.25
2024-04-22,67.9,70.4,11.055,38.54,25.05,15.975,204.6,796.8,198.644,170.8,14.22,145.05,34.33,205.3,101.9,88.17,113.55,201.5,161.44,66.62,36.695,346.3,441.0,94.98,59.94,23.155,35.43,28.86,2310.0,157.6
2024-04-23,67.91,70.46,11.04,38.51,25.39,16.015,209.15,799.6,200.405,173.236,14.385,145.1,34.92,209.0,104.45,88.85,111.5,204.4,162.72,68.05,37.215,350.2,440.7,96.5,59.6,23.305,36.02,29.0,2355.0,158.75
2024-04-24,67.91,70.82,10.645,38.94,25.28,16.085,212.65,800.2,200.307,169.218,14.45,145.05,34.25,210.2,105.0,87.7,111.55,205.6,162.22,67.73,39.22,326.15,440.25,97.94,59.76,23.28,35.99,28.92,2353.0,160.0
2024-04-25,68.06,70.4,10.485,37.29,25.095,16.08,211.4,778.0,197.274,166.927,14.475,141.5,33.8,207.5,102.6,91.62,110.15,201.1,158.52,68.36,39.66,327.3,435.75,95.7,59.3,22.905,35.84,28.91,2297.0,156.65
2024-04-26,69.48,75.24,10.395,37.77,25.335,16.1,217.35,792.2,198.937,168.345,14.555,142.5,33.85,208.6,104.4,91.23,111.1,203.1,157.06,67.01,38.665,337.95,435.65,97.84,58.3,23.035,35.62,29.04,2350.0,158.7
2024-04-29,69.25,74.7,10.475,37.52,25.585,16.25,216.05,779.2,197.274,167.636,14.55,142.15,34.19,204.9,104.15,91.84,110.6,205.5,155.9,67.72,38.15,335.65,436.5,97.74,58.66,23.21,36.32,29.02,2298.0,158.4
2024-04-30,68.59,74.66,10.425,37.03,25.39,16.27,215.1,774.4,196.491,167.164,14.55,142.0,32.44,204.2,103.85,93.08,110.25,197.9,154.68,67.61,37.645,330.0,439.65,96.86,58.66,20.88,36.18,29.19,2251.0,157.95
2024-05-01,68.59,74.66,10.425,37.03,25.39,16.27,215.1,774.4,196.491,167.164,14.55,142.0,32.44,204.2,103.85,93.08,110.25,197.9,154.68,67.61,37.645,330.0,439.65,96.86,58.66,20.88,36.18,29.19,2251.0,157.95
2024-05-02,66.85,75.7,10.405,36.69,25.79,15.215,213.5,767.0,196.785,164.6,14.61,140.7,31.87,202.8,103.7,91.9,110.1,199.25,153.58,67.45,36.265,322.8,436.7,97.68,59.46,19.974,36.52,29.21,2240.0,158.7
2024-05-03,66.36,77.7,10.45,36.92,24.455,15.19,216.3,782.0,197.665,164.2,14.77,141.25,31.43,206.4,104.75,91.3,110.85,202.6,154.34,67.64,37.205,328.55,440.9,95.34,57.74,20.35,36.38,29.39,2285.0,161.05
2024-05-06,67.26,77.76,10.425,37.14,24.205,15.28,219.6,781.7,198.4,165.364,15.0,141.3,32.21,206.4,104.85,91.02,111.3,203.0,156.66,68.23,37.225,326.8,443.0,95.74,58.1,20.24,36.83,29.83,2274.0,163.15
2024-05-07,67.07,78.4,10.425,38.03,24.81,15.455,221.5,789.4,204.8,167.255,15.275,145.65,32.64,208.8,105.05,91.88,112.5,205.1,158.86,69.6,38.315,329.85,444.9,97.16,58.72,20.205,37.13,30.0,2294.0,163.05
2024-05-08,67.23,79.5,10.52,38.2,24.95,15.645,226.4,787.9,204.0,169.582,15.39,148.5,33.28,211.1,106.25,93.08,113.9,206.6,161.52,69.94,37.465,331.1,447.05,98.36,59.32,19.816,37.23,29.33,2305.0,165.6
2024-05-09,68.35,80.24,10.575,38.08,25.26,15.69,229.75,789.0,205.6,169.964,15.43,149.0,33.45,212.3,105.8,93.18,115.1,205.5,162.44,70.61,37.595,333.25,453.85,100.5,59.28,20.245,37.33,29.18,2303.0,167.95
2024-05-10,68.68,80.74,10.575,38.16,25.92,15.84,234.0,788.4,205.9,169.673,15.45,149.35,33.72,212.5,108.1,94.33,115.6,205.4,159.84,71.2,37.655,332.45,453.45,103.35,59.5,20.27,37.12,29.27,2296.0,167.1
2024-05-13,68.75,80.82,10.64,37.96,26.26,15.705,233.75,782.6,205.7,169.109,15.62,147.75,33.69,209.5,107.15,92.71,115.8,205.8,157.96,71.63,37.785,332.5,455.55,103.4,60.0,21.02,37.44,29.04,2285.0,165.8
2024-05-14,68.32,81.26,10.67,38.17,27.255,15.785,233.65,791.9,205.5,169.582,15.655,149.15,33.42,208.4,106.0,91.69,115.9,207.1,158.7,71.52,38.42,338.85,456.9,103.25,59.4,21.465,37.42,29.66,2300.0,164.5
2024-05-15,67.47,82.66,10.715,38.17,27.435,15.865,236.6,789.0,208.1,169.891,15.64,149.3,33.37,211.7,106.15,90.56,116.6,209.0,160.0,71.75,38.98,336.7,456.8,104.35,59.62,21.36,37.33,30.54,2286.0,165.75
2024-05-16,66.46,81.6,10.765,37.72,27.265,15.78,232.85,786.0,206.4,168.255,15.625,150.2,33.55,207.8,106.9,90.24,116.0,207.0,158.96,71.61,38.86,341.25,453.5,103.5,59.86,21.16,36.87,30.66,2283.0,167.3
2024-05-17,66.95,81.38,10.81,37.75,27.23,15.77,229.15,783.2,208.6,168.764,15.84,148.75,33.69,208.5,105.75,89.17,115.05,207.4,158.96,72.31,38.32,332.05,447.6,101.1,59.94,20.795,37.3,30.62,2295.0,167.0
2024-05-20,67.0,81.62,10.835,37.89,27.845,15.62,232.0,779.1,209.6,168.618,15.865,147.75,33.75,212.5,106.5,89.16,115.5,208.1,160.94,72.9,38.695,335.9,448.9,102.05,59.94,20.675,37.49,30.74,2301.0,169.0
2024-05-21,66.4,80.82,10.795,38.52,27.445,15.62,231.25,768.1,209.3,167.873,15.775,144.85,33.91,212.6,106.3,90.0,115.6,209.6,161.34,68.34,37.68,333.3,447.55,102.15,60.0,20.44,37.78,30.89,2281.0,167.65
2024-05-22,65.17,80.14,10.705,39.84,27.25,15.68,233.05,751.9,208.4,166.182,15.715,144.2,33.56,214.9,105.0,90.8,115.2,207.6,160.4,67.52,38.83,330.15,453.4,102.0,59.76,20.39,36.25,30.69,2184.0,166.3
2024-05-23,65.7,81.38,10.605,39.17,27.445,15.48,235.75,752.8,209.5,165.2,15.725,142.2,33.38,217.7,106.95,90.16,114.65,213.3,161.28,67.09,38.9,332.65,450.95,103.6,59.24,20.37,36.46,30.55,2188.0,167.85
2024-05-24,65.99,81.7,10.675,38.88,27.31,15.46,238.2,750.0,208.2,165.673,15.775,141.0,33.6,216.5,106.5,89.52,114.15,213.0,159.12,67.21,38.655,332.45,447.35,104.4,59.18,20.57,36.25,30.66,2180.0,166.2
2024-05-27,66.4,81.94,10.7,38.86,26.995,15.485,237.65,756.2,210.0,166.982,15.855,141.3,33.69,218.7,106.9,89.86,115.45,213.9,159.46,67.06,38.39,333.2,449.35,103.85,59.28,20.855,36.23,31.27,2200.0,167.0
2024-05-28,66.14,81.66,10.615,38.32,27.25,15.475,232.7,745.4,206.6,165.036,15.92,139.3,33.37,214.8,106.75,88.58,114.5,210.1,158.46,67.79,38.53,331.15,445.65,103.2,58.78,20.71,36.72,31.02,2180.0,164.0
2024-05-29,65.63,80.78,10.595,38.04,27.075,15.405,227.35,724.2,203.2,162.873,14.74,135.85,33.04,212.6,103.95,87.71,113.15,203.2,156.74,66.93,37.49,323.5,440.3,101.65,58.52,20.34,36.84,30.57,2148.0,164.05
2024-05-30,65.31,81.04,10.65,37.54,27.375,15.36,228.65,734.4,204.5,164.018,14.83,137.0,33.08,213.8,103.35,88.57,114.5,194.3,159.1,67.79,37.785,320.6,444.7,101.8,58.86,20.465,37.12,30.57,2171.0,164.3
2024-05-31,67.01,80.58,10.725,37.07,27.39,15.535,227.45,734.9,205.3,164.055,14.925,136.95,33.05,214.1,102.8,89.76,114.45,185.6,155.9,67.7,37.855,317.2,452.1,99.1,59.12,20.225,37.15,30.7,2176.0,166.65
2024-06-03,65.92,80.86,10.915,36.8,26.965,15.53,226.55,738.0,205.2,166.091,14.875,138.3,33.14,215.4,104.8,90.11,114.9,185.65,155.3,68.06,38.305,322.15,449.25,98.56,59.24,20.145,37.05,30.84,2170.0,167.5
2024-06-04,64.33,80.36,10.56,37.1,26.425,15.49,224.4,735.0,205.3,165.691,14.72,138.65,32.76,211.3,102.9,90.27,113.5,188.95,152.6,66.83,39.05,322.3,452.1,97.5,59.64,19.928,37.04,30.69,2163.0,166.9
2024-06-05,64.72,80.76,10.55,37.58,26.0,15.51,228.55,752.6,208.2,167.891,14.525,138.85,33.11,212.0,102.65,90.69,113.8,191.95,153.18,66.23,40.225,323.25,455.6,98.78,59.36,20.175,37.33,31.12,2217.0,168.45
2024-06-06,64.97,80.56,10.49,37.66,26.01,15.445,228.75,762.7,207.8,168.636,14.605,139.45,33.41,210.9,102.6,91.01,113.7,193.5,153.52,66.85,41.22,325.95,456.15,98.7,59.86,20.32,37.61,31.51,2210.0,171.5
2024-06-07,64.94,79.68,10.06,37.14,26.02,15.0,226.85,762.5,208.8,170.255,14.64,137.45,33.18,208.6,103.35,91.13,110.75,195.25,150.0,66.37,41.405,328.1,455.35,98.5,60.02,20.19,37.64,30.94,2201.0,172.85
2024-06-10,65.21,77.12,9.938,36.77,24.08,14.52,228.05,746.3,207.8,168.12,14.115,135.25,32.33,208.3,102.65,90.27,104.8,193.05,149.46,63.21,41.24,327.95,452.55,97.76,59.34,20.265,38.06,30.4,2139.0,169.6
2024-06-11,64.1,76.44,9.802,36.61,22.87,14.245,225.85,736.6,206.0,165.9,13.565,134.25,31.8,207.2,101.0,89.89,100.75,189.9,148.5,60.75,40.4,319.35,451.4,96.92,59.54,20.07,37.83,29.65,2130.0,165.1
2024-06-12,63.94,78.06,9.54,36.83,23.35,14.0,236.6,735.4,208.7,169.22,13.78,133.85,32.25,208.2,102.85,89.3,103.1,191.45,149.36,61.82,41.72,316.8,455.35,99.28,60.0,20.22,38.37,29.88,2156.0,163.4
2024-06-13,62.31,75.56,9.442,35.7,22.97,13.63,229.65,731.5,206.3,163.28,13.435,132.6,30.95,202.8,101.1,87.93,100.4,186.05,145.8,60.0,40.725,314.55,450.9,96.84,59.76,19.676,38.24,29.28,2168.0,161.1
2024-06-14,61.42,72.3,9.292,35.71,22.15,13.27,221.2,711.4,201.0,159.28,13.035,131.9,29.43,196.65,97.76,86.43,98.14,182.3,143.82,58.41,39.405,302.5,440.45,93.46,58.8,18.812,36.9,27.92,2112.0,150.3
2024-06-17,62.0,73.26,9.344,35.37,22.41,13.205,223.1,717.4,206.2,160.38,12.985,131.3,29.98,199.9,98.86,87.67,98.3,182.8,145.8,59.14,39.735,304.65,446.9,92.8,59.08,18.976,37.0,27.7,2125.0,152.05
2024-06-18,62.86,74.68,9.362,35.86,22.43,13.3,227.6,710.1,206.8,162.26,13.045,131.05,30.53,202.7,99.6,88.51,100.5,183.75,148.12,59.46,40.06,310.7,441.55,94.02,59.26,19.012,37.44,28.38,2119.0,153.05
2024-06-19,61.78,74.6,9.43,34.75,22.07,13.21,225.95,707.0,204.1,161.38,12.96,129.35,30.47,200.8,101.05,86.82,100.4,183.3,147.94,58.71,38.21,308.6,436.65,93.42,58.92,18.984,37.08,28.56,2127.0,154.35
2024-06-20,62.31,75.86,9.528,35.01,22.41,13.53,229.2,713.6,208.8,164.3,13.185,131.7,30.94,203.4,102.2,88.11,102.4,188.85,148.76,60.11,38.425,316.15,442.65,94.1,57.4,19.078,37.5,29.17,2170.0,157.65
2024-06-21,61.77,73.12,9.562,34.55,22.1,13.725,226.5,717.3,208.9,162.88,13.025,130.75,30.56,202.5,101.7,87.62,101.8,186.45,148.58,59.33,38.015,320.1,440.65,93.36,58.54,19.028,37.22,28.75,2161.0,156.6
2024-06-24,62.51,73.16,9.58,34.82,22.555,13.73,227.15,726.5,208.9,164.76,13.285,133.2,30.9,206.0,103.8,90.36,102.9,187.05,148.78,61.27,37.76,324.2,442.1,93.88,58.86,19.374,37.38,29.16,2178.0,158.1
2024-06-25,62.88,73.32,9.476,35.2,22.28,13.675,226.45,736.8,207.4,166.52,13.14,133.8,30.76,199.25,103.9,90.87,101.5,189.5,134.78,60.56,37.225,325.15,436.5,94.36,58.16,19.358,36.85,28.75,2209.0,155.05
2024-06-26,62.04,73.42,9.392,35.58,22.225,13.645,227.2,727.0,206.4,164.82,12.98,131.35,30.66,196.85,102.6,90.79,101.15,188.55,130.98,60.25,36.84,326.5,437.6,94.72,58.08,19.332,36.57,28.65,2201.0,151.95
2024-06-27,62.04,73.2,9.314,34.96,22.17,13.415,226.3,715.5,203.0,163.48,12.93,128.5,30.37,197.8,101.1,89.86,98.9,187.95,130.64,60.02,36.315,341.75,422.85,94.42,57.24,18.556,36.17,28.11,2173.0,150.5
2024-06-28,62.33,72.62,9.354,35.3,21.92,13.335,224.3,713.6,201.2,161.28,12.74,126.7,30.57,197.4,99.38,89.94,98.38,185.7,128.26,59.53,36.865,338.5,410.05,92.64,57.08,18.476,36.11,27.92,2140.0,149.5
2024-07-01,63.61,74.5,9.426,34.5,22.6,13.73,225.35,712.0,201.8,162.62,13.1,126.95,31.26,202.1,97.24,91.85,100.9,189.7,131.64,61.67,36.245,336.0,412.25,93.14,57.7,18.636,36.1,28.46,2102.0,152.0
2024-07-02,64.01,74.5,9.496,34.5,22.465,13.865,224.6,709.6,200.0,162.88,12.97,127.6,31.14,200.7,98.18,90.44,101.35,190.3,131.88,61.23,37.085,329.35,405.65,93.82,57.8,18.21,34.98,28.3,2102.0,151.5
2024-07-03,64.83,76.84,9.524,35.26,22.955,13.98,229.2,714.8,201.4,164.2,13.26,131.05,31.67,203.2,99.54,90.23,102.8,192.1,135.84,62.73,37.87,330.6,405.45,94.4,58.14,18.3,35.23,28.88,2117.0,155.1
2024-07-04,65.79,77.44,9.674,35.28,23.525,14.1,230.55,719.8,203.8,165.4,13.56,130.65,32.08,204.7,100.95,91.0,103.3,191.5,136.1,63.92,38.09,335.85,408.0,94.72,58.86,18.316,35.21,29.27,2122.0,156.45
2024-07-05,65.36,77.34,9.776,35.78,23.675,14.29,227.75,716.4,202.3,163.46,13.625,130.15,31.96,202.5,100.75,90.94,105.2,191.15,136.28,63.66,38.93,335.05,410.05,94.5,58.56,18.112,35.0,29.48,2116.0,154.9
2024-07-08,64.68,77.72,9.78,35.52,23.375,14.215,228.8,695.7,200.4,163.76,13.56,128.3,32.01,205.6,100.6,92.1,105.65,189.55,135.68,62.54,39.055,325.7,405.45,93.88,58.08,18.016,35.14,29.08,2089.0,153.85
2024-07-09,63.22,75.32,9.83,33.69,22.855,14.105,225.1,686.9,197.2,160.8,13.385,126.9,31.63,202.0,100.15,92.03,103.1,185.05,131.84,61.07,38.215,321.9,400.05,92.34,57.82,18.07,34.87,28.77,2061.0,151.95
2024-07-10,63.04,75.68,10.0,33.64,23.095,14.08,227.85,697.6,196.65,162.1,13.44,127.95,31.97,204.8,99.06,93.55,103.9,186.8,133.3,61.62,38.995,324.95,403.4,92.7,58.14,18.478,34.63,28.62,2086.0,153.3
2024-07-11,62.82,78.0,9.91,33.97,23.275,14.16,229.95,710.0,200.0,163.44,13.505,130.45,32.07,204.3,98.14,93.81,104.35,187.85,131.96,62.02,38.82,331.35,405.5,94.86,58.6,18.604,34.61,28.8,2117.0,154.2
2024-07-12,63.5,78.98,9.94,34.48,23.605,14.045,234.9,724.8,203.4,166.1,13.575,130.2,32.25,204.8,99.38,94.4,105.75,192.5,133.36,62.44,39.455,339.2,412.6,96.8,59.06,18.636,35.08,28.84,2170.0,154.2
2024-07-15,63.28,78.58,9.988,34.6,23.535,13.9,231.9,705.6,199.6,163.16,13.63,127.0,32.18,201.2,98.68,92.43,105.4,191.9,133.0,62.74,38.94,321.3,406.3,95.56,58.36,18.662,35.04,28.55,2114.0,153.25
2024-07-16,62.3,79.42,9.958,34.09,23.355,13.925,231.8,692.1,198.7,162.7,13.695,125.2,32.0,202.8,98.7,91.92,105.3,192.45,133.0,62.57,38.68,311.35,400.0,96.06,58.4,18.5,35.0,28.49,2065.0,152.6
2024-07-17,62.83,78.6,10.03,34.21,23.63,13.975,227.9,690.2,189.85,164.72,13.72,127.0,31.98,202.6,97.2,92.02,105.45,193.4,132.08,63.03,38.465,314.05,403.55,94.24,58.76,18.668,34.76,28.6,2065.0,150.9
2024-07-18,63.8,78.5,10.11,34.0,23.93,14.15,220.8,690.3,192.7,165.14,13.915,127.45,32.25,199.15,100.1,92.26,106.2,195.3,130.88,63.65,37.9,317.7,406.2,93.74,58.94,19.01,34.72,29.11,2067.0,153.35
2024-07-19,62.73,77.5,10.195,34.46,23.75,14.205,222.9,679.8,192.85,163.04,13.88,124.85,31.94,197.7,98.6,92.36,105.55,194.4,131.8,63.05,36.775,315.05,404.45,93.98,58.5,18.58,34.62,28.92,2062.0,152.5
2024-07-22,63.14,78.54,10.13,34.43,23.95,14.155,226.6,692.1,196.8,165.2,13.96,127.35,32.21,200.9,99.14,93.5,107.05,195.15,132.56,64.53,37.825,318.9,409.35,94.94,58.7,18.806,34.58,28.89,2085.0,154.45
2024-07-23,62.13,78.36,10.075,34.51,24.055,14.21,229.4,691.6,197.05,166.28,14.04,126.95,32.43,205.6,98.22,92.79,106.4,196.85,132.2,64.69,37.185,314.9,404.7,95.74,58.56,18.396,34.56,28.74,2082.0,144.1
2024-07-24,62.46,77.04,10.205,33.96,24.02,14.26,226.05,659.4,195.6,165.6,13.985,125.0,32.11,200.5,98.1,93.57,105.5,196.45,130.6,64.08,37.035,300.6,398.25,94.92,58.2,18.27,34.45,28.56,2039.0,145.2
2024-07-25,61.97,76.38,10.27,33.64,23.92,14.26,216.05,652.6,192.85,164.82,13.87,126.0,32.24,199.5,97.48,97.49,104.45,193.6,128.96,64.56,31.96,278.15,392.35,92.58,58.4,16.688,36.12,28.68,2007.0,142.95
2024-07-26,62.13,79.6,10.27,34.86,23.95,14.435,219.55,663.1,207.1,167.32,13.885,127.75,32.48,203.4,98.04,96.82,108.05,188.85,130.9,64.46,30.72,284.2,398.8,94.0,59.04,16.174,36.47,28.9,2075.0,144.1
2024-07-29,61.74,78.0,10.28,34.45,23.695,14.415,218.4,654.7,207.6,165.5,13.9,125.05,32.23,199.8,98.04,95.78,105.55,185.8,130.22,63.91,31.06,283.0,392.6,94.18,58.48,15.638,36.23,29.03,2026.0,144.9
2024-07-30,62.08,78.72,10.22,34.37,23.895,14.48,216.1,652.4,212.2,167.6,13.925,122.55,32.69,205.0,97.1,95.39,106.65,184.8,133.58,64.24,30.42,287.4,392.3,93.78,58.84,15.49,36.48,29.07,2028.0,147.05
2024-07-31,62.48,79.44,10.25,35.04,23.98,14.54,222.85,653.0,211.7,168.78,14.03,124.0,32.49,203.1,96.62,95.33,105.6,183.6,139.96,63.46,30.6,284.5,400.65,99.88,60.16,15.408,36.6,29.04,2023.0,146.95
2024-08-01,61.91,76.38,10.31,34.78,21.83,14.515,213.7,642.0,211.0,165.9,13.97,122.7,31.81,193.3,94.98,95.03,103.1,181.15,133.92,61.46,29.585,277.1,387.85,97.14,59.82,15.202,35.96,28.17,2010.0,145.2
2024-08-02,61.14,73.68,10.345,33.65,20.535,14.92,203.5,630.5,208.4,163.48,13.185,123.15,32.26,191.15,90.92,96.15,102.25,179.35,131.9,59.66,27.92,272.4,381.05,93.9,61.54,14.694,35.46,28.31,1960.5,144.5
2024-08-05,59.5,72.54,10.145,33.0,20.185,14.83,201.75,624.3,207.5,163.0,12.96,122.55,31.4,188.8,88.96,94.25,101.0,175.0,130.5,58.6,26.78,265.35,384.95,92.2,60.5,14.302,34.5,27.23,1953.0,145.8
2024-08-06,59.23,71.84,10.1,33.0,20.105,14.875,202.7,621.9,207.0,161.3,12.86,121.05,31.31,189.4,90.44,93.37,100.6,176.2,133.04,57.83,26.61,258.5,385.25,90.94,60.18,14.178,34.02,27.23,1960.0,145.3
2024-08-07,60.92,73.68,10.145,33.54,20.5,14.97,209.35,631.4,209.6,163.58,13.13,122.2,32.03,192.6,90.96,95.25,103.7,177.5,135.98,59.46,26.84,260.0,391.0,93.34,60.74,14.242,34.15,27.82,2002.0,146.45
2024-08-08,60.91,73.38,10.16,33.43,20.425,15.14,209.2,633.3,208.4,162.74,13.145,121.65,32.14,191.55,90.78,95.63,102.85,176.3,134.46,59.42,26.75,259.15,386.0,92.66,60.52,14.228,34.13,27.57,2003.0,146.1
2024-08-09,61.35,73.86,10.14,33.54,20.43,15.26,210.45,636.0,208.5,163.6,13.13,122.2,32.6,192.55,90.94,96.25,103.45,176.25,134.36,59.25,26.725,254.55,382.75,93.2,60.1,14.07,34.2,27.8,2016.0,147.35
2024-08-12,61.72,73.56,10.115,33.53,20.52,15.335,211.25,635.1,207.3,162.3,13.205,121.8,32.35,192.2,91.56,95.67,102.65,175.55,133.76,59.25,26.855,249.85,376.65,93.28,60.14,13.984,34.34,27.76,2006.0,147.05
2024-08-13,61.34,73.6,10.175,33.56,20.535,15.41,214.6,634.2,208.6,162.72,13.235,121.5,32.39,193.05,91.28,97.1,103.25,177.3,134.34,59.27,26.93,252.05,376.8,93.5,60.0,13.884,34.05,27.96,2035.0,148.0
2024-08-14,61.46,74.02,10.27,33.83,20.56,15.405,218.05,644.2,210.1,163.56,13.305,122.25,32.72,193.9,92.0,97.59,103.5,177.25,134.66,59.75,26.895,251.15,380.55,94.64,60.62,14.088,34.56,28.09,2077.0,148.85
2024-08-15,62.48,75.42,10.21,34.32,20.96,15.42,221.3,656.0,212.4,165.12,13.465,123.95,33.07,195.0,93.06,97.95,104.55,180.3,136.92,60.47,27.54,255.7,384.2,96.32,60.4,14.442,34.69,28.12,2118.0,150.4
2024-08-16,62.33,75.92,10.255,34.19,21.06,15.565,221.9,658.1,212.2,165.88,13.51,122.9,33.36,197.0,94.2,98.57,105.5,180.5,137.62,61.12,27.785,254.5,385.35,95.94,60.5,14.354,34.78,28.4,2121.0,149.8
2024-08-19,62.92,76.44,10.315,34.2,21.06,15.535,223.75,674.5,211.6,165.4,13.56,123.9,33.44,196.5,94.42,98.34,106.0,181.75,138.52,61.36,27.92,261.0,385.7,96.94,60.72,14.724,35.13,28.71,2153.0,148.65
2024-08-20,61.97,76.68,10.2,34.17,20.97,15.475,224.4,677.8,210.8,165.22,13.53,121.2,33.48,195.5,94.6,98.51,105.35,181.25,138.48,60.91,27.805,258.5,385.1,96.86,60.58,14.742,34.99,28.74,2171.0,147.7
2024-08-21,62.13,76.76,10.2,34.37,21.21,15.48,225.65,678.8,212.8,165.56,13.58,124.8,33.47,196.55,95.04,98.92,105.6,182.75,139.1,61.18,28.105,258.6,390.5,97.88,60.32,14.886,35.3,29.09,2195.0,148.2
2024-08-22,61.62,76.92,10.175,34.4,21.25,15.485,225.85,678.0,214.0,165.0,13.6,125.45,33.59,196.1,95.02,99.01,105.9,183.05,138.88,61.08,27.915,259.8,392.25,97.96,60.86,14.746,35.37,29.0,2199.0,148.3
2024-08-23,62.16,77.72,10.275,34.25,21.475,15.51,226.9,681.1,214.9,165.92,13.715,126.4,33.95,197.1,96.66,100.34,106.85,182.55,140.8,61.42,28.11,260.0,394.4,99.18,60.82,14.962,35.65,29.51,2195.0,148.3
2024-08-26,62.86,78.04,10.32,34.2,21.36,15.585,226.0,682.0,214.4,166.18,13.695,127.0,33.95,196.6,96.94,100.82,106.75,183.25,141.14,61.45,27.905,260.1,395.3,99.64,61.24,14.938,35.62,29.45,2192.0,148.65
2024-08-27,62.72,77.02,10.38,34.31,21.61,15.66,225.65,669.8,213.4,165.52,13.72,127.4,34.05,196.5,97.68,100.72,106.65,184.85,140.86,61.99,28.0,259.45,392.25,98.62,61.48,15.016,35.56,29.34,2133.0,149.0
2024-08-28,62.41,77.6,10.435,34.32,21.625,15.725,226.95,666.2,214.8,167.2,13.755,128.6,34.31,197.55,98.92,100.98,107.35,185.05,140.86,61.88,27.765,256.4,391.4,99.22,62.24,14.992,35.29,29.6,2122.0,149.9
2024-08-29,62.71,78.26,10.395,35.27,21.66,15.77,230.4,677.4,215.4,169.34,13.8,131.15,34.3,198.6,99.76,101.44,107.6,186.0,140.56,62.11,28.575,258.35,398.55,100.9,62.44,15.144,35.37,29.78,2160.0,151.25
2024-08-30,62.19,79.08,10.3,35.28,21.83,15.93,229.7,674.3,214.2,168.72,14.155,128.8,34.4,197.95,99.42,101.2,108.15,187.5,138.82,62.58,28.77,259.0,396.6,101.2,62.8,15.142,35.51,29.94,2169.0,152.0
2024-09-02,62.48,79.54,10.47,35.22,21.785,15.88,230.6,673.2,215.2,168.92,14.145,129.85,34.65,197.2,98.44,104.86,108.3,187.2,136.92,62.43,28.67,256.85,395.35,102.0,63.2,15.022,35.45,29.84,2163.0,148.4
2024-09-03,60.51,78.24,10.525,34.72,21.545,15.72,226.85,670.9,215.5,169.38,14.01,127.8,34.64,194.4,96.82,104.02,107.95,186.9,134.54,61.68,27.365,254.15,397.5,100.5,63.78,14.614,35.39,29.82,2164.0,147.0
2024-09-04,60.17,76.78,10.635,34.3,21.48,15.795,224.65,642.6,213.7,168.36,14.03,125.25,34.51,193.5,95.72,105.56,107.6,183.25,133.58,61.92,27.04,248.5,391.45,99.18,64.46,14.538,35.34,29.57,2081.0,146.95
2024-09-05,60.56,77.24,10.765,32.87,22.0,16.03,220.05,619.2,208.2,163.1,14.205,124.2,34.72,192.65,96.04,104.92,109.85,183.65,131.74,63.61,26.63,244.95,387.55,97.7,64.42,14.284,35.6,29.86,1947.5,145.85
2024-09-06,59.86,75.04,10.795,33.52,21.825,16.115,214.95,612.0,208.8,162.36,14.13,123.15,34.49,192.35,95.14,104.54,109.1,180.05,128.34,62.18,25.82,236.25,382.8,96.66,65.22,14.062,35.37,29.6,1909.5,144.9
2024-09-09,60.96,76.84,10.75,34.03,22.05,15.98,219.3,616.2,211.5,166.2,14.275,124.3,34.91,194.05,95.66,105.76,109.8,180.45,129.76,62.57,26.1,230.3,383.55,98.34,65.74,14.104,35.64,29.8,1904.5,145.1
2024-09-10,59.87,77.38,10.775,34.64,21.805,15.965,219.9,612.4,210.3,168.98,14.16,124.8,34.96,196.15,94.8,105.58,109.85,190.0,130.44,62.18,25.195,229.3,376.55,97.82,66.08,13.678,35.47,29.51,1896.0,146.15
2024-09-11,60.19,76.86,10.77,35.42,21.79,16.025,220.05,607.0,209.3,169.12,14.19,126.55,35.3,196.2,94.7,104.56,109.9,190.4,130.22,62.61,25.16,229.8,367.7,98.7,65.78,13.628,35.29,29.47,1904.0,145.85
2024-09-12,60.91,78.02,10.78,35.77,22.105,15.855,226.2,606.8,208.8,169.72,14.275,129.3,35.6,202.4,95.32,102.8,108.1,193.5,130.54,63.47,25.26,228.05,365.2,101.6,65.38,13.504,35.55,29.7,1916.0,146.4
2024-09-13,61.07,78.82,10.87,36.16,22.145,15.86,227.2,608.1,208.8,170.22,14.235,125.75,36.08,203.3,96.5,103.4,109.5,193.15,130.5,63.37,25.755,229.0,366.65,101.95,65.08,13.61,36.15,29.78,1916.0,148.0
2024-09-16,61.22,78.66,10.905,35.5,22.275,15.97,227.15,603.6,208.1,169.52,14.26,126.3,36.19,203.3,96.7,103.32,109.6,190.15,129.42,63.29,24.89,225.55,365.9,102.5,65.3,13.574,36.23,30.12,1896.0,147.65
2024-09-17,61.4,80.78,10.84,35.38,22.615,16.025,230.35,607.7,205.5,170.14,14.365,126.6,36.15,202.5,97.42,102.9,110.6,192.25,129.72,64.45,25.57,229.65,368.35,103.55,64.7,13.638,36.43,30.24,1926.0,142.0
2024-09-18,61.23,80.94,10.91,35.41,22.585,15.925,229.2,595.9,204.8,167.8,14.4,124.55,35.99,200.9,97.26,102.96,110.35,192.0,128.72,64.15,25.25,227.0,365.8,102.35,64.52,13.666,36.32,30.13,1909.0,144.9
2024-09-19,62.65,84.52,10.775,36.55,22.885,15.57,238.4,614.0,208.3,171.06,14.4,128.8,36.23,209.0,99.92,104.12,110.6,195.1,133.44,65.17,26.145,233.0,379.0,104.6,64.64,13.964,36.96,30.14,1992.0,148.25
2024-09-20,61.99,83.38,10.83,36.01,22.635,15.795,234.2,591.9,203.4,167.72,14.46,128.1,36.25,210.2,99.24,103.54,109.85,188.05,130.84,64.78,24.87,225.25,370.5,103.25,64.46,13.486,36.56,30.18,1930.0,147.8
2024-09-23,62.12,82.58,10.86,36.09,22.0,15.795,238.35,595.1,203.4,170.6,13.815,128.15,36.14,211.4,100.45,103.14,109.3,188.6,132.94,62.41,24.835,221.9,367.8,104.25,64.94,13.782,36.72,29.82,1934.5,145.6
2024-09-24,62.7,82.1,10.785,35.43,22.4,15.785,240.0,614.1,205.9,172.8,13.955,129.95,36.16,214.5,98.56,103.68,109.95,189.5,134.92,62.82,25.295,228.95,383.3,104.0,65.42,14.002,36.65,29.92,2009.0,148.25
2024-09-25,60.71,82.46,10.65,35.7,22.15,15.795,241.15,617.5,206.0,172.0,13.81,129.5,35.5,213.2,100.2,102.44,108.9,189.65,133.5,62.31,25.185,228.95,382.05,105.25,65.0,13.776,36.37,29.65,2032.0,148.35
2024-09-26,59.3,84.1,10.475,36.58,22.715,15.575,244.55,678.5,208.6,174.2,13.995,136.9,35.78,216.1,102.1,102.32,109.75,195.5,134.34,63.24,25.91,250.95,408.65,105.6,65.08,13.978,37.0,29.94,2217.0,144.65
2024-09-27,59.15,83.18,10.43,36.65,22.895,15.63,240.35,703.4,213.4,176.18,13.96,139.7,35.53,213.4,101.0,102.98,110.6,199.9,133.82,63.3,27.475,266.85,405.95,104.7,65.56,14.546,37.19,30.06,2232.0,144.65
2024-09-30,58.5,81.72,10.285,35.63,22.35,15.515,236.2,688.5,212.6,173.26,13.725,135.6,34.53,211.1,98.2,102.9,104.95,193.95,131.22,61.55,26.65,256.85,402.05,103.3,65.34,12.402,36.46,29.52,2206.0,142.55
2024-10-01,59.31,81.86,10.33,35.62,22.065,15.62,235.85,664.0,211.4,170.94,13.665,134.2,34.42,210.4,96.88,103.92,104.35,192.15,128.74,61.14,26.01,249.5,391.6,102.35,65.3,12.424,35.97,29.64,2147.0,146.15
2024-10-02,60.64,82.0,10.185,35.66,22.125,15.475,236.8,668.4,212.1,171.0,13.595,135.25,34.44,209.8,97.34,102.18,104.95,191.85,127.34,60.96,26.285,243.45,394.3,102.35,64.96,12.41,35.52,29.31,2154.0,147.5
2024-10-03,61.52,80.12,9.792,35.48,21.835,15.345,233.2,661.0,207.9,167.34,13.475,132.9,33.92,207.1,95.1,100.22,102.05,188.0,126.56,60.09,25.71,238.05,389.7,100.6,64.46,11.902,34.88,28.79,2137.0,146.7
2024-10-04,62.65,81.64,9.778,35.4,22.415,15.42,234.75,661.9,210.0,167.6,13.61,131.05,34.37,208.0,96.74,101.72,104.9,189.0,126.84,60.86,25.75,236.55,393.35,101.35,64.02,12.112,35.42,29.39,2138.0,147.05
2024-10-07,63.28,81.66,9.91,35.11,22.69,15.325,236.1,679.8,212.4,167.64,13.78,131.45,34.46,203.5,96.78,100.86,105.3,183.85,127.4,61.81,25.78,247.35,394.55,101.45,64.4,12.214,35.15,29.17,2162.0,147.3
2024-10-08,62.08,81.96,10.08,34.35,22.745,15.33,238.45,655.5,213.1,168.9,13.86,125.95,34.36,204.4,97.0,100.32,105.6,183.4,126.34,61.9,25.305,236.35,386.9,101.85,64.44,11.99,34.68,29.28,2149.0,150.1
2024-10-09,61.98,82.52,10.14,34.13,22.905,15.39,242.25,656.4,213.6,169.32,13.94,126.35,34.7,203.9,97.52,101.16,107.75,184.05,127.44,62.1,25.745,240.0,390.0,104.05,64.68,12.212,34.08,29.25,2115.0,150.5
2024-10-10,62.41,82.28,10.145,34.04,23.025,15.565,239.15,655.0,210.9,170.02,13.875,125.95,34.86,201.3,97.84,100.6,107.55,182.35,127.9,61.92,25.61,240.4,390.0,102.8,64.72,12.19,33.94,29.49,2115.0,149.4
2024-10-11,62.37,82.46,10.045,33.97,23.135,15.805,241.55,653.1,213.9,170.78,13.81,126.2,35.09,204.8,97.46,100.14,107.65,181.7,132.92,62.16,25.555,239.15,394.6,103.7,64.92,11.85,33.75,29.8,2132.0,147.2
2024-10-14,62.49,83.1,10.025,34.18,23.07,15.92,243.65,637.8,215.6,172.1,13.88,125.4,35.39,208.8,98.66,101.58,107.3,183.75,135.12,62.92,25.82,230.0,391.55,104.75,65.1,12.06,34.25,30.07,2123.0,150.0
2024-10-15,59.49,83.5,10.075,32.88,23.11,16.085,240.15,625.4,216.2,171.82,14.015,124.5,35.82,208.4,98.48,100.66,106.3,182.05,135.76,63.71,25.015,230.4,376.4,103.55,65.6,12.004,33.72,29.85,2084.0,150.05
2024-10-16,59.41,83.96,10.23,32.59,23.175,16.14,238.7,602.4,215.5,171.88,14.06,123.5,35.76,208.5,98.7,100.38,107.25,182.1,135.96,64.48,25.095,228.5,368.2,104.5,65.42,12.008,34.0,30.0,2056.0,152.15
2024-10-17,59.78,84.58,10.275,32.83,23.52,16.025,247.45,609.4,215.9,172.62,14.265,125.75,35.97,214.4,101.5,101.02,107.25,182.85,141.3,65.61,25.415,230.0,372.15,106.45,65.14,11.948,33.89,30.6,2067.0,153.95
2024-10-18,59.66,84.78,10.175,33.31,23.955,15.93,246.05,623.2,216.9,173.68,14.315,127.65,36.08,215.1,101.5,100.82,107.3,184.55,139.56,66.27,25.635,238.05,372.7,106.35,64.8,12.178,34.32,30.57,2089.0,153.5
2024-10-21,59.94,84.26,10.11,33.01,23.84,15.83,243.3,611.0,217.6,171.88,14.27,126.0,35.72,213.5,100.4,99.83,105.4,181.1,138.84,65.8,25.125,232.45,363.7,105.85,64.66,11.934,33.67,30.18,2066.0,153.15
2024-10-22,60.25,82.98,10.1,33.31,23.925,15.665,242.15,616.0,221.9,170.92,14.16,126.9,35.4,210.4,99.28,98.34,104.8,183.15,141.24,65.7,25.555,234.4,367.25,105.05,64.36,12.03,33.93,29.99,2061.0,154.0
2024-10-23,60.01,81.88,10.13,33.13,23.85,15.75,240.1,613.6,220.4,169.3,14.1,125.0,35.11,210.5,99.2,98.61,104.55,180.7,141.18,65.23,26.025,230.95,358.1,104.3,64.0,12.382,33.81,29.91,2061.0,152.05
2024-10-24,60.08,81.66,10.245,32.35,23.845,15.75,240.7,628.7,219.6,167.9,14.065,124.75,35.28,210.2,100.05,97.6,104.3,180.0,141.12,65.33,26.04,235.65,358.7,104.3,65.76,12.56,31.03,29.39,2083.0,153.15
2024-10-25,60.27,81.88,10.105,31.52,23.72,15.65,242.35,627.0,219.5,167.44,14.0,123.35,34.89,211.5,99.38,100.08,100.75,175.05,140.48,65.33,26.17,234.95,355.65,104.5,65.78,12.674,31.16,29.11,2105.0,152.05
2024-10-28,59.73,83.04,10.05,31.81,23.845,15.74,245.15,632.1,218.1,170.16,14.105,124.2,35.33,211.4,101.25,100.78,103.65,176.75,139.88,66.02,26.31,240.8,359.55,105.8,67.44,12.706,31.64,29.76,2125.0,151.95
2024-10-29,59.4,82.42,10.12,32.34,23.795,15.58,240.85,630.9,215.8,168.78,14.12,123.0,35.14,209.8,100.6,100.04,103.25,176.05,140.34,65.94,26.72,237.15,355.6,104.05,67.06,12.4,31.34,29.69,2132.0,150.8
2024-10-30,59.14,83.48,9.978,31.68,23.7,15.515,242.3,618.1,213.9,165.9,13.985,117.65,34.84,209.5,98.86,98.71,101.95,164.8,139.74,65.5,25.765,229.5,348.7,104.3,66.2,12.234,31.26,29.41,2104.0,151.05
2024-10-31,57.4,82.98,10.095,31.46,26.385,15.415,237.2,609.8,215.4,164.66,14.085,114.25,34.52,207.8,97.72,97.11,102.7,159.2,140.16,62.75,25.025,228.85,344.25,103.6,65.7,12.6,31.05,29.17,2074.0,148.15
2024-11-01,57.9,84.48,10.06,32.1,27.275,15.42,239.9,611.0,217.0,166.3,14.13,115.3,34.28,210.5,98.0,98.7,103.2,164.0,141.6,63.04,24.845,230.7,346.5,105.3,66.06,12.722,31.1,29.29,2081.0,149.45
2024-11-04,58.08,83.16,10.1,31.62,27.19,15.345,234.3,606.7,223.6,165.1,14.26,115.0,34.07,210.9,98.24,97.7,102.35,162.0,140.28,62.87,24.105,233.7,344.4,104.5,66.2,12.598,31.18,29.13,2071.0,146.5
2024-11-05,58.29,84.2,10.065,31.53,26.775,15.27,239.65,602.6,223.6,166.32,14.31,113.7,34.39,217.2,101.05,96.52,102.1,159.8,141.82,62.74,24.49,230.75,347.3,105.25,66.64,12.636,31.3,29.47,2079.0,149.95
2024-11-06,57.57,84.28,9.952,31.9,27.075,15.15,239.25,603.1,226.0,162.92,13.77,109.95,34.46,219.6,102.8,95.63,101.0,159.0,142.36,61.07,24.705,230.6,337.7,104.85,65.48,12.866,31.07,29.1,2093.0,154.25
2024-11-07,57.74,86.68,9.804,32.91,26.79,15.245,240.55,619.0,228.0,163.12,13.275,112.9,34.13,223.1,104.4,95.73,100.6,161.5,144.4,59.05,25.015,240.1,345.95,97.22,65.54,13.04,31.51,28.55,2157.0,160.45
2024-11-08,56.84,86.1,9.882,32.66,26.55,15.185,240.75,598.4,227.7,161.5,13.19,112.65,33.86,219.8,103.1,95.74,100.25,162.1,142.3,59.76,24.66,221.0,334.7,98.48,65.52,12.53,31.39,28.42,2068.0,161.1
2024-11-11,57.16,89.1,9.966,32.83,26.83,15.35,248.8,599.5,231.0,163.7,13.29,112.95,34.2,225.5,103.8,95.71,101.4,164.55,145.48,60.94,25.27,223.9,337.0,100.65,65.56,12.754,32.18,28.86,2049.0,162.45
2024-11-12,55.72,86.82,9.754,32.42,26.445,15.215,238.65,572.4,226.3,159.58,13.115,110.45,33.2,216.9,100.8,94.73,99.9,164.35,140.12,59.38,25.53,211.0,329.0,97.16,64.66,12.538,31.58,28.18,1979.0,160.85
2024-11-13,55.84,87.74,9.692,31.84,25.855,15.21,241.2,574.0,225.8,160.98,13.02,109.5,33.3,219.0,102.5,94.04,98.6,157.95,138.46,59.12,24.45,212.7,326.95,97.72,64.5,12.452,31.0,28.11,2003.0,156.5
2024-11-14,57.15,89.62,9.756,32.28,26.205,15.305,245.35,584.4,229.2,162.44,13.11,110.65,33.64,218.5,103.6,94.4,100.3,161.25,138.92,59.47,25.14,221.15,329.8,100.2,65.28,12.794,31.24,28.47,2045.0,153.6
2024-11-15,57.51,90.68,9.794,31.39,26.11,15.4,242.25,586.3,229.0,160.8,13.275,109.05,33.88,217.1,97.98,91.31,100.55,154.35,138.04,60.11,24.155,222.7,327.2,97.74,64.98,12.694,31.26,28.58,2034.0,151.3
2024-11-18,58.1,90.38,9.854,31.74,26.545,15.465,239.6,588.6,229.6,160.24,13.425,109.5,34.25,218.3,99.14,91.47,100.95,155.8,138.54,60.42,23.67,220.1,324.9,97.5,64.98,12.654,31.27,28.43,2018.0,151.4
2024-11-19,57.47,88.78,9.888,31.97,26.16,15.44,239.0,577.3,234.3,159.24,13.355,108.95,34.04,218.0,99.3,91.21,100.3,156.7,137.26,59.31,23.235,215.2,321.95,96.04,65.04,12.396,31.09,28.18,1999.5,153.95
2024-11-20,57.37,87.7,9.918,32.15,26.54,15.45,236.8,575.4,233.8,158.06,13.27,107.75,34.03,218.1,99.34,90.8,100.25,154.1,137.84,58.49,22.95,214.95,320.2,95.22,65.16,12.212,30.87,27.99,1980.0,151.9
2024-11-21,57.18,87.9,9.862,32.17,26.64,15.47,240.1,574.9,232.4,159.26,13.27,106.65,34.2,219.4,100.3,90.87,100.65,153.25,139.5,58.22,23.075,208.45,322.9,95.62,64.48,12.168,30.93,27.91,1987.0,152.5
2024-11-22,57.09,87.5,10.02,32.36,25.95,15.39,241.75,583.0,235.3,160.24,13.05,106.65,34.08,220.1,102.45,93.17,100.7,154.55,137.94,56.92,23.4,210.1,329.05,96.78,65.46,12.52,31.1,27.84,2020.0,148.15
2024-11-25,55.88,87.48,10.11,32.99,25.8,15.175,240.35,592.5,234.4,158.96,12.925,107.25,34.07,218.2,102.6,92.79,100.4,153.2,138.32,56.98,24.44,221.7,333.7,95.9,64.76,12.804,31.17,27.79,2071.0,141.85
2024-11-26,54.93,86.5,10.085,32.81,25.435,14.985,239.05,596.0,231.4,156.98,12.69,105.75,33.66,218.2,101.85,91.72,99.12,152.75,136.7,56.3,24.445,223.4,332.45,95.16,64.28,12.192,30.98,27.35,2063.0,142.2
2024-11-27,54.1,85.18,10.08,32.31,24.55,14.87,237.65,590.1,230.3,156.28,12.52,105.95,32.21,217.6,101.5,92.31,97.4,150.95,139.38,55.63,23.865,221.75,332.85,94.1,64.54,12.13,30.78,27.03,2040.0,140.0
2024-11-28,54.22,86.06,10.105,32.51,24.995,15.08,239.35,586.5,228.5,156.28,12.575,106.35,32.5,219.1,102.05,92.1,99.12,151.65,145.14,56.14,23.755,219.8,328.9,94.56,64.7,12.342,30.83,27.55,2040.0,143.05
2024-11-29,54.97,86.34,10.085,32.65,25.095,15.085,243.5,592.5,229.8,157.28,12.67,105.9,32.98,220.5,102.7,92.09,99.86,151.9,147.56,56.64,24.27,220.75,328.65,94.88,64.66,12.528,30.75,27.57,2065.0,141.5
2024-12-02,53.8,84.52,10.005,31.95,24.44,14.96,243.1,606.1,230.8,159.54,12.56,105.85,32.54,221.8,102.65,91.82,97.26,150.85,150.52,55.94,24.625,222.65,333.5,94.94,64.84,11.73,30.48,27.33,2163.0,141.85
2024-12-03,54.14,86.12,9.706,32.38,24.275,14.945,243.85,609.2,228.5,160.02,12.51,105.25,32.29,227.3,102.85,91.67,97.16,152.1,152.08,55.78,24.42,221.05,329.6,94.74,64.8,11.944,30.85,27.4,2191.0,143.0
2024-12-04,53.94,86.26,9.414,33.58,24.56,15.005,249.1,610.2,229.5,161.16,12.635,104.3,32.83,228.6,100.6,91.35,98.62,153.9,154.22,56.5,24.72,225.05,333.25,96.36,64.74,12.096,30.94,27.37,2200.0,141.95
2024-12-05,54.06,88.02,9.652,33.89,25.615,15.265,248.65,609.2,229.8,161.66,12.925,107.35,33.65,211.9,101.25,91.8,100.9,155.0,153.54,57.97,24.875,224.8,336.15,95.78,64.98,12.552,31.57,28.11,2188.0,142.15
2024-12-06,54.23,90.02,9.728,34.74,25.935,15.25,251.7,630.4,230.6,162.06,13.035,108.85,34.0,212.9,104.4,92.18,101.1,157.45,155.16,58.57,25.075,238.2,343.6,96.84,64.86,12.94,31.96,28.25,2259.0,141.8
2024-12-09,54.96,89.88,9.75,35.22,26.745,15.285,248.3,652.6,229.9,161.66,13.12,111.8,34.07,210.4,104.8,91.82,101.15,160.05,156.96,60.06,25.31,246.5,349.7,96.96,64.3,13.14,32.38,28.33,2278.0,139.8
2024-12-10,54.35,89.18,9.706,34.98,26.675,15.155,242.75,636.0,226.6,160.04,13.18,112.35,33.7,205.9,103.0,91.75,100.95,159.95,156.2,59.7,25.005,241.05,345.25,95.68,64.16,13.27,32.49,28.03,2234.0,137.5
2024-12-11,53.48,89.62,9.552,35.3,26.83,15.195,247.75,643.8,231.3,159.96,13.19,111.95,33.67,210.3,106.8,91.29,101.1,159.35,156.24,59.59,25.005,239.65,341.5,97.06,64.76,13.194,32.32,28.03,2257.0,138.7
2024-12-12,53.37,89.1,9.562,35.2,27.31,15.09,244.7,646.0,231.2,159.9,13.145,113.9,33.56,208.1,106.6,90.69,100.75,157.0,159.9,58.92,25.05,242.0,344.5,95.68,65.0,13.212,32.51,28.08,2284.0,139.3
2024-12-13,53.36,88.78,9.61,34.97,27.175,15.225,244.7,639.0,231.2,159.7,13.165,113.95,34.1,209.1,106.8,89.17,101.2,156.0,160.22,58.94,24.875,244.05,343.35,95.34,65.24,13.34,32.78,27.86,2274.0,138.0
2024-12-16,52.29,88.36,9.632,34.15,27.055,14.94,244.65,631.2,234.1,159.3,13.16,112.1,33.96,210.4,106.3,88.82,99.8,154.05,157.86,58.82,24.38,239.65,341.6,94.86,65.38,12.74,32.24,27.62,2269.0,137.75
2024-12-17,51.68,87.04,9.576,34.27,26.69,14.875,245.9,635.6,233.3,158.9,13.05,111.35,33.74,211.7,104.6,91.74,99.52,153.65,158.54,58.25,24.51,239.15,344.85,94.36,64.94,12.754,32.33,27.28,2303.0,136.5
2024-12-18,52.2,87.9,9.516,33.87,26.94,14.84,248.15,636.5,234.5,158.26,13.115,108.0,33.8,214.1,104.95,91.8,99.24,154.15,158.86,58.63,25.1,237.15,342.0,96.26,64.32,12.746,32.25,27.02,2312.0,137.4
2024-12-19,51.93,85.4,9.472,33.28,26.77,14.82,240.65,627.5,231.9,155.5,13.07,108.65,33.78,211.2,103.55,91.5,98.48,156.55,156.52,57.81,23.545,234.75,339.35,93.64,64.44,12.37,31.88,26.83,2295.0,139.45
2024-12-20,51.89,85.26,9.444,33.15,26.685,14.91,239.75,628.1,231.2,155.38,13.01,108.05,33.51,210.0,102.85,91.28,97.98,155.25,154.78,57.48,23.67,234.2,336.95,94.04,64.08,12.376,31.95,26.8,2304.0,137.45
2024-12-23,51.85,85.44,9.476,33.08,26.615,14.985,239.1,629.2,232.1,154.24,13.025,107.5,33.64,209.6,102.45,91.78,98.24,155.45,153.9,57.44,23.88,235.6,338.05,93.42,64.22,12.324,31.76,26.73,2302.0,137.05
2024-12-24,52.01,85.6,9.502,33.45,26.495,14.945,239.8,630.8,231.9,154.34,12.91,107.6,33.57,209.7,102.5,91.75,97.98,156.0,153.7,57.54,24.135,234.2,339.85,93.84,64.06,12.324,31.87,26.8,2298.0,137.75
2024-12-25,52.01,85.6,9.502,33.45,26.495,14.945,239.8,630.8,231.9,154.34,12.91,107.6,33.57,209.7,102.5,91.75,97.98,156.0,153.7,57.54,24.135,234.2,339.85,93.84,64.06,12.324,31.87,26.8,2298.0,137.75
2024-12-26,52.01,85.6,9.502,33.45,26.495,14.945,239.8,630.8,231.9,154.34,12.91,107.6,33.57,209.7,102.5,91.75,97.98,156.0,153.7,57.54,24.135,234.2,339.85,93.84,64.06,12.324,31.87,26.8,2298.0,137.75
2024-12-27,52.75,86.2,9.586,33.17,26.78,15.14,241.05,635.6,234.5,155.9,13.225,109.5,34.08,211.0,103.1,93.28,99.06,157.05,155.3,58.54,24.37,237.95,344.5,94.04,64.78,12.58,32.01,26.94,2314.0,138.05
2024-12-30,52.6,85.56,9.63,32.94,26.875,15.235,239.4,629.3,232.3,154.62,13.305,108.15,34.12,210.4,101.95,93.14,98.72,155.2,154.38,58.73,23.995,237.1,337.4,93.26,64.5,12.584,31.61,26.84,2305.0,137.5
2024-12-31,53.37,85.7,9.628,33.5,27.16,15.31,240.9,635.5,235.6,156.92,13.29,109.0,34.32,212.1,103.0,93.74,99.74,158.15,154.78,59.22,24.275,238.25,341.85,94.04,65.12,12.644,31.8,27.11,2322.0,138.65
2025-01-02,53.73,85.76,9.698,33.1,27.08,15.525,241.6,635.4,234.2,155.86,13.34,108.6,34.42,214.9,103.15,94.32,99.7,156.65,160.14,59.25,23.79,235.85,338.1,93.7,64.88,12.626,32.17,27.23,2301.0,137.6
2025-01-03,54.0,83.9,9.636,32.52,26.525,15.62,240.2,611.3,230.2,154.64,13.215,105.25,34.07,211.6,100.45,92.87,98.92,155.0,158.58,58.49,23.48,224.35,332.0,92.54,64.74,12.184,31.32,26.72,2237.0,136.7
2025-01-06,54.71,86.3,9.618,34.24,27.35,15.645,251.15,634.6,233.0,158.18,13.36,108.4,34.45,213.7,99.8,94.66,99.96,159.55,159.64,60.03,25.325,229.85,338.0,95.66,64.54,12.644,31.89,27.17,2338.0,137.75
2025-01-07,54.98,85.3,9.616,34.51,27.045,15.72,253.05,644.5,234.8,159.26,13.385,108.75,34.76,215.9,99.32,95.85,101.15,160.4,158.4,60.4,25.815,231.85,336.25,95.52,65.54,12.778,31.69,27.17,2365.0,139.55
2025-01-08,55.16,85.24,9.606,34.35,27.585,15.715,251.4,635.7,233.8,157.64,13.36,108.0,34.85,216.2,99.2,95.67,99.74,157.75,158.58,60.14,24.7,226.7,331.45,95.6,64.76,12.456,31.53,27.0,2370.0,145.45
2025-01-09,55.3,85.78,9.646,34.43,27.405,15.78,255.6,648.0,235.6,158.34,13.435,109.1,34.41,220.6,99.46,96.3,100.1,156.95,156.58,59.95,24.475,228.75,331.9,96.6,65.56,12.422,31.04,26.96,2377.0,143.8
2025-01-10,55.25,84.06,9.712,33.9,27.255,15.64,250.55,645.0,235.1,156.08,13.375,104.75,33.84,220.4,100.4,95.61,99.06,157.05,157.56,59.35,24.045,227.8,327.4,95.94,64.4,12.28,30.94,26.47,2367.0,144.15
2025-01-13,55.92,83.7,9.826,33.97,27.235,15.795,248.0,646.4,233.4,156.48,13.42,104.75,33.48,218.9,98.34,94.97,98.76,156.05,155.44,59.64,23.42,227.4,328.4,95.58,63.98,12.05,30.9,26.38,2353.0,144.1
2025-01-14,55.6,84.24,9.908,34.02,27.865,15.72,249.9,651.0,233.5,155.9,13.65,103.95,33.66,222.5,98.22,93.24,99.14,155.05,155.98,60.81,23.51,220.5,326.65,95.48,63.7,12.094,31.74,26.65,2359.0,145.25
2025-01-15,55.93,85.9,10.075,33.95,28.72,15.805,251.95,637.2,236.7,156.4,13.865,102.8,34.4,222.3,97.96,95.82,99.94,157.15,154.38,62.08,24.06,223.25,329.5,95.94,64.14,12.324,32.69,26.89,2364.0,145.35
2025-01-16,57.38,85.1,10.15,34.33,28.72,15.835,254.35,695.5,240.2,158.28,13.935,104.4,35.08,224.0,97.62,97.88,101.05,160.25,157.2,62.21,24.18,237.05,338.9,96.0,64.46,12.208,32.49,26.82,2480.0,147.15
2025-01-17,57.47,86.58,10.22,34.7,28.74,16.08,258.95,690.1,244.1,161.5,13.98,107.4,35.36,227.4,99.4,98.19,102.6,160.3,160.78,62.24,24.67,242.7,343.45,97.3,65.02,12.556,32.91,27.42,2490.0,148.5
2025-01-20,57.17,87.6,10.29,34.8,29.465,15.8,260.55,683.1,245.1,162.02,14.175,107.6,35.34,226.7,100.35,98.85,103.0,161.9,163.42,62.95,24.75,247.55,340.8,98.96,65.44,12.84,33.06,27.42,2498.0,149.6
2025-01-21,56.64,87.92,10.325,35.06,29.32,15.695,262.85,701.3,250.0,160.86,14.17,106.65,35.25,227.6,100.2,99.02,102.9,163.4,163.3,63.11,24.675,248.85,341.2,99.72,65.42,12.66,33.08,27.7,2562.0,151.15
2025-01-22,56.38,88.38,10.23,35.82,29.32,15.525,269.8,713.8,253.5,162.4,14.065,105.5,35.72,233.1,99.9,98.85,102.85,162.5,165.14,62.31,24.54,245.0,349.65,102.7,65.16,12.694,33.14,27.15,2617.0,152.15
2025-01-23,56.14,89.7,10.205,36.0,29.985,15.5,271.7,720.6,254.5,161.72,14.245,105.75,36.12,237.9,100.2,99.89,103.95,164.1,166.66,63.38,24.575,247.2,354.55,102.95,65.04,12.658,33.42,27.18,2639.0,152.85
2025-01-24,55.84,89.84,10.155,36.82,30.065,15.5,270.65,734.1,256.1,163.76,14.225,110.5,35.9,236.5,99.82,100.16,102.35,167.5,167.04,63.61,24.295,258.3,358.45,102.7,64.94,12.786,33.72,26.94,2662.0,152.3
2025-01-27,55.69,88.68,10.29,37.0,30.275,15.41,245.0,754.8,257.6,165.94,14.29,111.15,36.35,235.1,100.85,101.34,103.45,164.75,165.84,64.23,24.385,262.55,363.15,95.48,66.4,12.974,33.57,27.13,2662.0,152.4
2025-01-28,55.75,89.54,10.425,37.69,30.66,15.5,226.7,750.6,259.5,166.7,14.405,111.7,36.67,238.1,101.25,101.72,104.5,170.9,166.8,64.58,23.595,260.3,367.6,94.46,67.44,12.824,33.68,27.48,2662.0,154.2
2025-01-29,55.8,89.32,10.405,37.68,30.965,15.57,237.45,713.2,263.3,167.38,14.47,108.85,36.48,237.7,101.25,101.86,103.1,172.35,166.62,64.67,23.78,246.25,356.35,97.84,66.94,12.864,33.15,27.38,2681.0,152.25
2025-01-30,56.16,90.58,10.4,37.7,31.055,15.67,241.0,715.8,265.1,169.14,14.58,110.0,36.69,238.4,102.7,103.62,104.5,175.35,166.32,65.66,21.24,255.95,363.55,98.26,67.88,13.024,33.64,27.55,2702.0,154.55
2025-01-31,56.39,90.58,10.375,37.8,31.25,15.915,245.35,703.5,265.7,168.6,14.545,110.2,36.65,239.9,102.95,104.4,104.5,175.95,167.12,65.72,21.825,253.45,358.5,98.88,67.48,12.96,33.6,27.55,2724.0,156.1
2025-02-03,55.97,86.94,10.435,37.36,30.505,15.92,237.75,690.1,264.0,167.8,14.41,107.95,36.37,239.7,102.4,104.46,104.15,174.4,166.58,64.32,21.165,243.95,353.85,96.52,66.52,12.38,33.3,27.36,2720.0,157.35
2025-02-04,57.02,87.34,10.41,40.67,30.875,16.14,238.8,692.7,268.7,168.28,14.555,106.15,37.06,240.0,104.75,102.68,105.65,177.35,166.02,67.05,21.64,247.95,350.65,95.12,65.42,12.612,32.96,27.75,2717.0,159.9
2025-02-05,58.01,87.82,10.455,41.03,30.885,16.135,232.4,686.0,271.1,167.64,14.675,102.3,36.95,241.3,107.45,103.6,105.4,178.5,166.9,66.4,21.2,244.35,345.6,94.46,65.68,12.554,32.58,27.47,2723.0,159.25
2025-02-06,58.61,93.24,10.45,40.49,34.955,15.745,239.5,696.9,270.7,170.32,14.955,105.6,37.38,241.0,107.65,103.72,107.25,178.5,167.9,68.26,21.595,251.9,353.1,96.14,66.22,12.664,33.05,27.76,2759.0,155.5
2025-02-07,58.88,93.58,10.55,40.39,36.1,15.85,237.1,684.2,269.9,169.12,15.14,100.65,37.56,243.6,106.75,103.36,109.85,174.6,166.92,69.45,21.735,241.6,340.6,95.72,66.9,12.506,33.08,27.78,2706.0,157.6
2025-02-10,58.62,93.58,10.6,40.32,35.265,15.96,242.25,685.3,272.3,169.78,15.1,99.42,37.74,245.8,105.95,103.8,108.2,176.75,167.44,69.49,21.75,244.2,342.45,96.6,66.64,12.622,33.21,27.64,2750.0,159.1
2025-02-11,58.86,94.96,10.64,40.03,36.55,15.96,244.15,685.2,277.0,170.64,15.305,97.78,38.0,245.0,105.6,103.64,106.8,179.45,167.22,70.13,22.18,247.4,341.35,97.9,66.6,12.66,32.91,27.35,2749.0,161.25
2025-02-12,59.01,95.1,10.75,40.06,37.365,15.76,238.75,687.8,276.0,170.82,15.335,97.86,38.03,246.4,105.75,104.5,107.05,182.2,169.88,70.94,22.32,264.75,333.95,97.6,67.2,12.67,32.48,26.78,2757.0,160.2
2025-02-13,58.7,96.78,11.08,40.03,36.73,15.6,244.8,707.2,295.8,173.08,15.18,98.98,38.0,245.8,104.75,105.36,108.0,184.9,169.98,70.1,22.945,275.2,342.25,106.4,66.86,13.244,34.06,27.41,2816.0,162.95
2025-02-14,58.88,96.68,10.965,40.44,36.925,15.55,246.55,713.0,294.5,174.1,15.28,98.78,37.53,246.0,105.65,103.7,108.35,185.25,168.52,69.95,23.33,280.0,343.35,107.8,67.16,13.418,33.93,27.63,2839.0,165.35
2025-02-17,58.9,97.56,10.93,40.4,36.995,15.59,245.95,701.5,294.1,174.0,15.335,99.72,37.59,252.1,106.15,104.04,109.2,185.45,170.5,69.83,23.215,280.1,343.0,107.6,68.02,13.424,33.6,27.71,2809.0,178.3
2025-02-18,59.09,98.0,10.925,40.22,38.0,15.56,250.75,705.1,294.6,174.36,15.565,98.0,37.53,251.3,105.85,103.68,110.1,166.5,173.0,71.09,23.125,274.35,341.8,110.0,67.78,13.548,33.61,27.37,2806.0,182.45
2025-02-19,58.71,94.08,10.91,39.98,37.76,15.835,247.2,690.9,293.9,172.4,15.49,97.34,36.77,252.0,105.75,103.08,108.5,162.1,168.92,70.3,24.945,270.25,333.95,109.6,67.88,13.33,33.6,27.21,2723.0,184.35
2025-02-20,58.82,94.44,10.955,39.75,37.47,15.92,254.6,695.5,292.5,172.78,15.52,97.0,36.84,247.9,102.6,103.58,108.2,159.9,165.08,70.87,26.375,270.25,337.9,110.7,68.2,13.34,33.45,27.18,2732.0,183.05
2025-02-21,58.12,94.44,11.075,39.72,37.835,16.055,257.4,702.4,290.9,178.4,15.64,99.2,36.98,244.2,102.7,104.12,108.55,164.0,160.0,71.12,26.75,277.0,346.1,110.3,68.48,13.488,33.49,27.47,2749.0,182.25
2025-02-24,58.06,93.36,11.155,39.45,37.85,16.375,239.6,692.1,287.4,174.78,15.63,99.2,37.1,242.9,103.75,103.38,109.3,163.1,164.34,71.08,26.43,273.9,347.75,106.5,69.86,13.462,34.03,28.23,2694.0,185.7
2025-02-25,57.47,93.58,11.375,38.75,38.7,16.465,231.05,684.2,279.4,175.5,15.725,99.0,37.55,245.0,101.2,104.1,109.45,159.0,164.1,72.11,25.805,271.2,347.75,104.6,69.52,13.484,33.03,28.03,2709.0,189.35
2025-02-26,57.76,96.16,11.355,39.02,39.375,16.52,238.5,700.3,282.4,175.94,15.94,101.15,38.24,248.7,101.85,104.7,110.8,155.3,167.52,72.72,25.16,276.05,350.55,106.85,69.16,12.952,33.54,28.31,2725.0,190.2
2025-02-27,57.82,94.9,11.45,38.15,39.455,17.39,235.3,693.1,288.4,174.54,15.99,100.8,37.71,248.5,97.32,104.84,110.55,150.55,165.14,72.61,24.165,273.7,350.1,106.4,68.42,12.274,33.72,28.5,2714.0,193.25
2025-02-28,57.78,96.72,11.545,37.98,39.305,17.24,233.95,694.9,286.9,176.62,16.01,103.25,37.44,250.1,95.5,104.36,111.1,149.15,165.7,72.86,23.73,271.1,353.0,105.55,68.86,12.368,34.16,28.76,2737.0,191.65
2025-03-03,58.17,95.86,11.53,39.19,39.585,17.13,229.65,690.8,287.2,179.68,16.13,103.65,38.15,257.9,95.52,107.68,111.65,148.2,174.38,74.02,23.77,268.6,359.05,104.95,68.88,12.322,33.93,29.16,2735.0,222.4
2025-03-04,56.61,92.38,11.65,38.47,38.47,17.225,218.8,667.4,285.4,177.86,15.8,102.85,37.96,255.0,90.58,109.3,111.75,143.25,168.74,71.69,21.8,255.5,358.0,101.25,72.34,11.066,33.01,29.34,2682.0,228.0
2025-03-05,55.98,100.55,11.52,39.19,40.46,16.9,226.15,664.3,280.2,180.92,16.28,103.75,38.32,260.7,91.58,108.8,117.4,150.7,172.78,74.66,22.975,259.05,364.4,106.2,70.74,11.58,33.69,30.08,2672.0,245.4
2025-03-06,56.32,105.9,11.6,40.43,42.015,16.785,223.75,653.0,271.5,180.5,16.58,104.1,38.65,258.7,92.66,109.62,118.85,157.15,173.06,77.17,24.035,259.1,365.8,106.2,70.44,11.81,34.51,30.47,2588.0,247.2
2025-03-07,56.54,105.9,11.74,39.4,42.075,16.895,223.9,634.7,272.0,180.3,16.575,102.3,38.76,250.8,94.78,109.62,117.0,153.75,169.56,76.57,23.725,249.0,359.55,106.45,71.82,11.638,34.6,30.77,2524.0,236.7
2025-03-10,56.4,100.1,11.82,40.29,39.865,17.07,219.1,630.3,273.3,183.26,16.3,104.0,38.52,238.4,94.7,109.48,116.0,152.8,163.12,74.44,23.34,255.0,364.5,104.0,72.34,11.954,35.35,30.43,2495.0,236.2
2025-03-11,56.14,98.16,11.765,38.96,39.53,17.045,222.75,620.8,265.5,177.58,16.115,101.0,38.03,238.6,93.3,107.44,114.6,146.95,163.0,72.96,22.685,252.0,356.25,103.95,71.38,11.32,34.54,30.24,2473.0,234.7
2025-03-12,56.63,100.1,11.75,38.72,39.69,17.2,227.8,611.8,270.0,179.7,16.205,100.2,38.82,250.5,92.42,105.94,116.15,148.3,164.1,73.69,22.725,249.75,350.0,105.2,70.62,11.256,34.22,30.38,2503.0,238.8
2025-03-13,57.18,98.58,11.85,38.45,39.79,17.31,225.1,605.0,262.6,179.28,16.155,96.22,38.76,245.1,90.2,106.22,116.05,145.7,162.22,73.55,22.11,250.35,354.85,103.4,70.66,10.994,33.8,30.47,2474.0,236.9
2025-03-14,57.49,100.3,11.82,39.04,41.005,17.235,228.0,605.1,261.4,180.28,16.34,96.08,38.83,250.7,91.4,106.22,117.3,146.9,169.2,75.72,22.6,223.55,366.9,105.6,71.44,11.268,34.05,30.59,2509.0,250.1
2025-03-17,57.55,100.0,11.79,39.15,41.71,17.175,230.85,609.7,263.6,180.5,16.545,96.48,39.26,252.8,92.04,107.52,118.25,145.2,171.24,77.91,22.925,217.4,363.45,104.85,71.8,11.422,33.88,31.19,2486.0,248.4
2025-03-18,57.97,100.9,11.825,38.74,42.745,17.265,234.8,610.0,263.5,179.98,16.8,98.02,39.91,252.8,91.78,107.64,119.4,146.2,171.78,80.21,23.475,217.2,360.25,106.2,70.82,11.58,34.22,31.71,2446.0,252.4
2025-03-19,58.81,102.6,11.8,39.05,42.87,17.28,241.55,610.6,265.2,180.14,16.98,97.04,39.84,258.0,92.72,107.98,119.75,146.85,171.3,80.86,23.535,214.45,361.85,107.3,71.46,11.628,34.16,31.67,2488.0,247.1
2025-03-20,58.87,101.45,11.84,39.14,42.3,17.54,237.0,604.5,266.1,177.78,16.85,96.84,39.64,252.5,91.98,106.2,118.85,147.05,167.36,79.05,22.63,210.4,360.6,105.95,71.56,11.28,34.1,31.46,2508.0,243.1
2025-03-21,58.4,99.96,11.83,38.63,42.35,17.55,231.75,602.5,267.4,177.52,16.805,95.2,39.51,250.4,92.06,105.84,118.25,146.05,166.64,79.72,22.11,206.8,352.75,104.9,71.88,11.1,33.87,31.37,2513.0,240.0
2025-03-24,57.96,99.7,11.68,38.35,42.86,17.535,232.0,596.3,270.5,177.34,16.85,94.18,39.58,251.0,91.62,103.88,118.4,146.45,167.22,79.43,22.435,202.4,349.2,104.7,70.7,11.322,33.98,31.5,2498.0,244.7
2025-03-25,59.35,100.1,11.76,38.64,43.905,17.72,234.0,598.3,277.2,178.72,17.295,93.2,40.14,253.9,92.96,103.72,119.3,147.6,172.32,81.58,22.445,201.1,348.2,103.95,71.06,11.402,34.21,31.83,2512.0,248.2
2025-03-26,60.41,99.6,11.715,37.75,43.89,17.81,228.4,594.5,273.2,176.74,17.135,92.04,40.06,250.8,91.8,101.46,118.8,148.0,170.54,80.4,21.545,202.1,342.75,102.3,70.54,11.398,32.14,31.79,2472.0,251.0
2025-03-27,60.51,98.46,11.78,36.94,43.355,17.92,225.3,589.1,269.3,176.44,17.09,91.5,40.1,248.4,90.2,101.86,119.2,147.1,168.7,79.67,21.29,202.25,342.0,100.15,70.82,10.914,32.85,32.1,2474.0,250.0
2025-03-28,59.21,96.56,11.85,36.18,42.54,18.06,217.15,587.1,266.6,176.32,16.945,94.12,39.99,245.7,90.0,103.4,118.7,145.3,166.26,78.55,20.51,199.24,345.1,98.84,70.82,10.498,33.0,32.15,2436.0,246.6
2025-03-31,59.66,91.7,11.995,34.94,41.39,18.035,210.75,571.7,265.4,175.14,16.775,91.26,39.4,242.0,86.74,101.92,116.3,138.05,162.78,76.91,20.0,190.92,342.85,97.24,70.84,10.272,32.41,31.75,2411.0,245.6
2025-04-01,59.49,92.3,12.09,35.14,41.425,18.17,215.9,575.1,267.4,177.12,17.01,92.14,40.0,245.1,86.78,102.02,117.5,139.3,168.06,78.49,20.12,191.44,353.1,98.14,70.64,10.276,32.76,32.38,2425.0,250.1
2025-04-02,59.41,92.88,11.995,35.48,40.715,18.435,215.0,575.2,267.6,178.12,17.035,93.58,40.4,244.4,87.68,100.4,118.25,140.0,162.74,77.75,19.916,192.0,356.25,98.92,70.42,10.198,32.56,32.64,2424.0,246.3
2025-04-03,56.6,88.64,12.42,33.84,38.575,18.92,203.0,542.9,248.3,174.3,16.47,90.04,39.73,233.2,84.58,99.72,117.75,135.15,158.02,73.7,18.242,177.58,350.9,93.14,72.98,9.37,32.0,32.6,2339.0,252.4
2025-04-04,53.07,81.78,12.185,33.57,34.545,18.45,189.5,530.0,243.4,173.2,15.735,88.56,37.57,218.3,80.9,96.0,112.3,128.35,146.9,68.67,17.022,170.86,349.7,89.38,72.32,8.786,31.4,30.77,2273.0,237.9
2025-04-07,50.29,78.82,11.94,31.83,33.94,17.465,186.56,507.6,232.9,160.6,15.175,86.98,35.19,201.3,77.02,91.41,107.0,120.4,136.8,66.1,16.876,164.12,335.85,87.98,69.34,8.287,29.35,28.27,2135.0,227.8
2025-04-08,50.45,80.56,11.91,32.7,35.08,17.78,192.34,519.8,241.8,166.02,15.17,89.4,36.43,211.4,78.74,93.18,109.6,126.55,140.24,66.19,17.266,165.92,343.6,90.22,71.38,8.217,29.75,28.53,2240.0,240.2
2025-04-09,48.255,76.56,11.93,31.82,34.36,17.51,187.42,498.4,233.9,160.72,14.975,88.58,35.38,200.5,76.38,86.76,107.8,122.8,133.48,63.78,16.684,156.92,335.6,88.14,69.72,7.775,28.66,28.31,2222.0,235.7
2025-04-10,49.515,81.94,11.985,32.84,36.17,17.965,196.72,524.2,242.0,167.0,15.285,91.32,37.2,212.0,82.08,89.05,111.85,125.25,139.46,67.23,16.906,162.26,347.05,89.8,70.32,7.977,29.05,29.45,2288.0,245.6
2025-04-11,48.665,82.36,12.205,32.12,37.07,18.06,197.0,524.4,241.2,168.34,15.41,90.68,37.13,204.7,81.72,89.62,113.25,124.6,134.86,65.61,17.584,168.02,347.6,90.2,71.2,7.665,29.34,29.73,2287.0,245.1
2025-04-14,50.22,85.24,12.3,32.87,38.38,18.08,202.5,530.1,247.1,170.6,15.755,93.5,38.1,210.8,84.02,91.88,115.75,128.45,139.26,68.5,17.966,171.0,350.8,92.32,71.98,7.814,29.84,29.92,2350.0,252.5
2025-04-15,50.61,90.18,12.39,33.54,40.28,18.41,208.7,488.65,251.2,174.26,16.1,91.32,38.88,215.5,87.3,91.62,118.15,130.3,140.94,70.58,18.302,162.08,343.8,94.52,72.96,8.326,30.56,30.9,2355.0,259.7
2025-04-16,51.68,88.9,12.51,33.47,40.0,18.705,205.85,485.2,249.8,174.68,16.275,92.86,39.16,214.5,83.82,90.39,120.0,128.65,140.5,71.58,18.062,164.82,341.6,93.92,73.68,8.218,30.06,30.94,2363.0,257.3
2025-04-17,51.65,86.58,12.58,32.84,39.51,18.67,205.3,485.6,247.3,173.18,16.285,92.24,39.51,212.2,84.84,90.71,119.7,126.9,136.46,70.74,17.93,164.48,341.85,93.66,73.74,8.282,30.22,30.99,2287.0,253.0
2025-04-18,51.65,86.58,12.58,32.84,39.51,18.67,205.3,485.6,247.3,173.18,16.285,92.24,39.51,212.2,84.84,90.71,119.7,126.9,136.46,70.74,17.93,164.48,341.85,93.66,73.74,8.282,30.22,30.99,2287.0,253.0
2025-04-21,51.65,86.58,12.58,32.84,39.51,18.67,205.3,485.6,247.3,173.18,16.285,92.24,39.51,212.2,84.84,90.71,119.7,126.9,136.46,70.74,17.93,164.48,341.85,93.66,73.74,8.282,30.22,30.99,2287.0,253.0
2025-04-22,51.87,85.92,12.75,33.11,40.41,18.895,199.6,487.3,253.2,174.88,16.42,94.7,40.04,214.4,85.18,91.16,117.9,127.85,133.06,71.62,18.146,169.92,363.4,92.12,73.74,7.716,30.35,31.2,2306.0,252.9
2025-04-23,51.99,90.02,12.66,33.86,41.89,18.77,208.95,500.3,257.3,174.7,16.69,96.54,40.33,219.4,86.26,93.24,119.5,132.2,138.84,73.82,19.226,174.94,374.5,94.56,74.32,7.934,30.79,31.26,2358.0,250.8
2025-04-24,52.15,90.3,12.705,32.13,41.89,18.705,213.0,499.7,252.0,178.58,16.69,96.74,40.23,220.9,87.22,93.35,120.4,132.0,137.26,72.23,20.24,173.24,380.8,95.8,75.18,8.119,30.85,31.42,2385.0,241.3
2025-04-25,52.76,94.5,12.33,32.55,42.81,17.425,217.85,498.8,253.3,178.44,16.88,95.78,40.57,230.1,88.82,92.36,120.85,130.05,140.6,72.81,20.415,174.5,374.2,97.06,74.78,8.195,31.38,31.56,2381.0,233.8
2025-04-28,52.92,95.96,12.39,31.91,43.32,17.555,217.1,502.0,250.1,178.2,17.125,95.14,40.94,231.3,88.86,93.1,121.0,130.6,144.32,74.1,20.145,178.5,379.2,97.2,74.8,8.217,31.52,31.69,2395.0,234.0
2025-04-29,52.35,96.08,12.535,32.42,43.95,17.845,203.25,489.3,250.4,178.82,17.25,94.56,41.32,230.4,88.94,94.23,122.0,138.0,143.98,74.8,20.145,178.38,388.0,94.9,75.02,8.307,31.59,31.83,2386.0,239.7
2025-04-30,51.16,95.5,12.785,32.84,45.6,18.185,204.2,487.9,252.7,180.56,16.49,95.22,41.57,233.0,89.26,95.9,122.6,139.85,147.14,74.29,19.82,178.34,387.0,96.3,75.96,8.148,32.17,32.18,2391.0,244.9
2025-05-01,51.16,95.5,12.785,32.84,45.6,18.185,204.2,487.9,252.7,180.56,16.49,95.22,41.57,233.0,89.26,95.9,122.6,139.85,147.14,74.29,19.82,178.34,387.0,96.3,75.96,8.148,32.17,32.18,2391.0,244.9
2025-05-02,50.86,98.86,12.675,33.36,46.46,18.115,215.8,495.85,257.5,185.24,16.505,96.58,42.33,243.3,91.34,97.92,125.55,142.55,154.96,76.36,20.64,184.72,393.3,98.66,76.94,8.375,32.7,32.24,2452.0,252.9
2025-05-05,50.51,98.06,12.7,33.25,46.45,18.145,212.55,492.25,256.9,183.92,16.56,96.44,41.13,243.4,91.56,96.0,125.3,141.85,158.28,76.36,20.435,176.14,389.85,99.42,75.06,8.373,32.66,32.19,2467.0,251.5
2025-05-06,51.06,98.2,12.835,33.11,45.34,18.315,212.45,489.1,250.7,183.48,16.57,97.46,40.93,243.8,90.74,95.8,125.85,143.45,156.64,76.0,20.03,176.0,381.1,98.14,74.74,8.315,32.63,32.43,2440.0,249.6
2025-05-07,50.75,96.82,12.82,33.19,45.4,18.395,211.4,483.5,243.7,182.52,16.61,96.92,40.65,242.7,90.9,91.67,125.6,143.25,154.58,76.02,20.16,171.22,374.4,101.1,75.0,8.283,32.63,31.75,2413.0,248.7
2025-05-08,51.05,98.28,12.6,33.32,46.56,18.035,215.45,487.3,244.1,182.72,16.77,96.92,41.12,250.2,90.74,91.76,125.6,144.55,158.38,77.0,20.525,175.46,375.35,103.05,74.2,8.706,33.11,31.66,2445.0,253.5
2025-05-09,51.89,98.94,12.645,33.69,46.8,17.995,214.8,495.75,242.3,183.9,16.84,96.68,41.67,248.2,92.18,92.92,125.95,149.35,158.44,77.5,21.21,177.92,383.2,103.05,74.36,8.775,33.37,31.88,2453.0,246.3
2025-05-12,53.07,101.1,12.38,34.08,47.47,17.675,221.05,530.5,249.1,181.28,17.0,98.6,40.69,250.3,95.42,91.14,123.65,155.15,158.58,79.05,22.655,188.34,394.55,107.0,71.96,9.348,34.2,30.36,2539.0,239.0
2025-05-13,53.41,102.1,12.31,34.39,47.22,17.625,220.0,536.9,254.7,182.12,17.02,96.96,40.48,251.6,96.54,89.71,123.1,155.9,161.1,79.08,23.305,190.9,385.15,108.55,71.32,9.763,34.52,29.77,2596.0,239.3
2025-05-14,53.11,102.7,12.36,33.84,48.07,17.67,220.15,525.2,249.9,182.8,17.33,96.58,40.66,252.0,96.24,88.84,124.0,152.7,159.5,79.92,23.29,185.0,372.6,107.5,71.9,9.695,34.47,29.82,2576.0,240.3
2025-05-15,52.86,101.85,12.59,33.92,47.96,18.3,220.65,507.3,253.2,185.36,17.405,94.96,40.76,254.6,96.06,89.87,126.2,152.7,159.22,79.6,23.165,175.74,376.9,108.1,73.5,9.561,34.5,30.21,2567.0,246.9
2025-05-16,53.23,101.3,12.735,33.9,48.32,18.37,219.15,503.9,260.7,186.64,17.34,94.82,41.25,256.1,95.06,91.79,127.25,150.65,160.24,79.39,23.06,178.52,373.85,108.25,74.3,9.566,34.34,30.39,2584.0,250.8
2025-05-19,52.88,101.35,12.79,33.82,48.94,18.445,218.65,498.6,260.5,185.08,17.39,94.18,41.67,259.1,95.84,92.26,127.55,150.95,161.9,77.15,22.805,175.62,378.55,107.65,74.58,9.449,34.51,30.92,2559.0,253.1
2025-05-20,53.01,101.4,13.28,33.98,49.24,18.815,221.55,504.9,261.4,185.9,17.645,95.0,41.61,261.2,96.7,93.52,128.8,148.65,161.84,77.64,22.965,182.6,381.05,108.65,75.28,9.567,35.3,31.23,2550.0,254.5
2025-05-21,52.32,100.2,13.335,34.16,49.38,18.82,219.65,493.65,260.4,185.6,17.6,95.22,41.69,259.6,96.56,93.75,129.35,150.35,162.1,77.94,22.94,177.96,385.45,108.65,75.68,9.536,33.57,31.34,2496.0,255.3
2025-05-22,51.5,98.62,13.43,34.0,49.28,18.94,221.1,485.1,262.6,185.32,17.575,94.08,41.57,260.6,96.66,93.41,129.4,147.9,161.26,77.5,22.47,175.52,379.75,108.05,75.84,9.17,33.47,30.89,2437.0,259.5
2025-05-23,50.97,97.6,13.34,33.59,47.97,18.97,217.15,479.0,250.0,183.92,17.23,91.16,40.97,254.8,95.94,92.14,128.5,146.9,157.3,75.84,21.52,173.3,372.95,106.85,75.64,8.752,33.32,30.37,2373.0,257.0
2025-05-26,51.78,100.15,13.345,33.41,48.75,19.045,221.1,483.45,255.2,185.52,16.32,93.2,41.3,260.0,96.8,92.79,129.35,149.3,160.22,77.22,22.13,175.24,374.05,108.0,75.96,9.174,33.76,30.42,2389.0,262.0
2025-05-27,51.54,100.2,13.2,33.64,48.27,18.915,222.95,481.9,253.2,185.38,16.29,92.76,41.32,259.2,97.22,92.8,128.55,149.2,162.2,77.42,22.45,175.46,373.4,109.25,75.64,9.215,33.63,30.27,2384.0,266.9
2025-05-28,51.64,100.15,13.16,33.51,47.71,18.99,222.05,483.65,247.6,182.62,16.025,91.64,41.07,259.5,95.52,92.62,128.2,148.05,162.34,76.58,22.35,173.48,366.45,109.15,75.4,9.015,33.88,29.96,2381.0,272.4
2025-05-29,51.41,100.0,13.15,33.27,48.33,18.895,222.4,481.25,247.7,181.98,16.095,91.32,41.46,259.6,96.0,91.97,127.9,147.6,162.56,76.83,22.53,173.48,366.1,107.25,75.22,9.065,33.93,30.05,2383.0,266.9
2025-05-30,51.66,98.84,13.135,33.0,47.85,18.985,221.35,478.25,244.7,182.4,16.105,91.02,41.51,261.4,95.88,87.52,125.85,146.25,162.08,77.14,22.105,172.36,372.4,106.95,75.24,8.957,33.68,30.28,2428.0,267.4
2025-06-02,52.68,97.86,13.205,32.13,48.4,19.14,219.7,477.2,245.1,182.98,16.15,89.76,41.89,261.8,92.24,85.91,127.8,145.25,162.58,76.71,21.69,171.42,371.05,106.45,75.12,8.529,33.49,30.55,2395.0,270.2
2025-06-03,53.03,98.96,12.7,32.43,48.33,19.065,221.7,473.6,244.7,182.0,16.14,89.86,42.13,265.0,93.34,86.77,127.5,146.0,166.44,77.22,22.425,171.4,374.7,107.3,74.68,8.741,32.87,30.11,2382.0,272.1
2025-06-04,52.27,100.5,12.73,32.95,47.81,18.935,225.05,476.65,243.9,184.3,16.105,92.88,42.35,265.5,93.86,87.12,127.25,147.25,170.18,76.64,24.92,176.0,384.85,107.7,74.38,8.676,32.39,30.24,2382.0,267.8
2025-06-05,51.87,100.8,12.79,32.75,48.95,19.295,226.1,470.1,245.5,184.32,16.215,88.18,42.5,264.5,94.9,87.49,126.9,147.45,165.5,77.5,25.19,175.24,382.25,108.35,74.28,8.588,32.74,30.24,2340.0,272.6
2025-06-06,52.3,101.25,12.675,32.34,49.34,19.145,227.65,471.25,248.3,183.46,16.28,88.0,42.71,265.7,95.14,88.41,126.6,150.5,165.34,78.14,25.05,173.4,381.35,109.6,74.1,8.674,32.69,30.05,2320.0,261.5
2025-06-09,52.33,99.2,12.615,32.33,49.02,19.14,225.3,471.55,249.3,182.78,16.49,90.78,42.39,265.7,95.1,87.47,125.85,150.6,165.5,78.49,25.765,177.74,378.9,109.2,73.88,8.724,32.66,30.07,2325.0,259.1
2025-06-10,53.59,99.3,12.54,32.41,47.61,19.115,227.95,474.85,251.4,183.82,15.98,91.12,42.2,260.3,97.44,87.59,125.25,154.3,163.92,76.29,26.175,181.92,382.3,109.7,73.58,9.17,33.05,30.4,2347.0,249.7
2025-06-11,53.55,99.36,12.575,31.99,48.01,19.335,223.25,470.6,250.0,184.18,15.895,89.98,42.1,259.9,99.84,86.71,125.7,153.55,163.62,76.22,26.47,180.3,378.3,109.25,73.1,9.026,32.66,30.65,2360.0,249.2
2025-06-12,54.74,98.52,12.69,32.1,48.82,19.625,221.0,468.85,246.7,184.2,15.98,90.42,41.88,258.1,97.2,87.68,126.15,152.75,162.8,76.48,25.84,174.66,375.75,110.3,73.22,8.779,32.66,30.56,2335.0,249.6
2025-06-13,54.8,95.8,12.75,31.68,48.44,19.875,220.45,461.4,242.0,182.8,15.845,89.7,41.62,253.2,95.06,86.8,124.65,150.4,161.58,75.28,25.59,172.58,371.05,109.9,72.62,8.477,32.2,30.2,2295.0,250.6
2025-06-16,54.52,98.14,12.75,32.11,50.0,19.785,221.95,467.35,242.8,183.52,16.14,88.72,42.0,259.1,97.92,85.88,125.25,153.2,162.02,77.5,25.585,192.88,370.2,111.8,72.36,8.543,32.16,30.35,2306.0,250.7
2025-06-17,55.51,96.74,12.745,31.67,48.03,19.515,221.9,460.7,240.5,182.24,15.885,88.5,41.63,259.8,95.74,84.85,124.3,150.2,160.74,75.97,25.245,185.0,369.0,111.15,71.66,8.408,32.17,29.91,2294.0,248.2
2025-06-18,54.6,95.36,12.845,31.42,48.82,19.65,217.55,464.05,241.4,181.14,15.915,88.42,41.76,262.0,94.74,82.81,123.85,147.75,162.98,76.57,25.38,180.66,370.0,108.8,71.96,8.328,31.9,29.85,2281.0,248.3
2025-06-19,54.9,93.48,12.72,30.84,47.45,19.52,214.6,452.55,240.3,178.34,15.51,87.8,41.58,257.9,93.66,83.12,121.05,145.15,161.76,74.64,24.94,174.9,363.6,108.0,71.24,8.153,31.16,29.58,2226.0,245.9
2025-06-20,54.66,94.78,12.785,30.88,47.7,19.55,214.05,449.95,240.8,178.76,15.585,87.46,42.6,260.2,93.84,83.22,121.7,141.65,167.5,74.3,24.9,179.02,364.95,108.25,71.58,8.192,31.32,29.42,2257.0,249.4
2025-06-23,54.28,93.68,12.735,30.73,47.01,19.735,212.85,449.8,240.7,174.6,15.48,86.84,41.73,259.0,93.36,83.07,120.95,141.95,167.0,73.08,24.99,175.5,359.0,107.45,71.58,8.008,31.21,29.52,2264.0,246.6
2025-06-24,52.5,97.82,12.75,30.93,48.0,19.705,218.45,453.55,242.4,176.32,15.805,87.02,41.88,263.1,95.0,83.66,122.95,144.15,170.6,75.38,25.745,180.48,363.55,108.75,71.44,8.26,31.58,29.81,2276.0,237.8
2025-06-25,52.28,96.78,12.635,30.77,47.49,19.745,215.5,444.8,238.1,174.38,15.71,85.32,41.76,263.7,93.64,82.26,123.05,142.2,171.54,75.21,25.245,176.82,356.1,108.75,69.78,8.515,31.69,29.95,2266.0,242.4
2025-06-26,52.51,97.86,12.745,30.43,47.4,19.82,216.05,437.55,231.1,174.08,15.81,85.72,41.59,267.3,93.58,82.3,123.9,141.8,176.1,75.27,25.815,174.48,349.75,109.45,69.5,8.423,30.97,30.32,2234.0,249.6
2025-06-27,52.52,101.1,12.835,31.05,48.86,19.82,230.0,449.3,234.3,176.58,16.015,86.02,41.96,272.2,95.78,82.49,125.0,145.25,178.2,76.9,25.74,184.2,355.15,114.25,69.5,8.812,31.68,30.58,2275.0,245.8
2025-06-30,52.1,99.64,12.915,30.73,48.55,19.925,225.8,444.6,232.9,175.14,16.065,84.6,41.67,275.9,95.68,82.21,125.1,145.05,177.26,76.32,25.935,184.56,363.1,113.5,69.36,8.508,31.54,30.25,2299.0,249.6
2025-07-01,52.35,97.96,13.2,30.73,47.95,19.995,222.35,469.05,234.9,175.74,15.95,88.84,41.06,264.9,92.26,83.07,125.45,145.2,172.32,75.2,25.48,195.52,372.85,111.05,70.2,8.609,31.47,30.48,2314.0,236.3
2025-07-02,53.38,98.46,13.26,31.21,48.43,19.94,223.65,488.5,236.7,175.88,16.27,90.9,40.64,266.3,92.88,83.61,124.95,145.3,175.18,76.63,26.825,202.65,372.85,112.2,69.42,8.74,31.71,30.5,2321.0,238.3
2025-07-03,53.37,98.24,13.205,31.39,49.37,19.49,225.4,485.9,235.6,175.94,16.15,90.1,41.4,270.0,92.2,82.47,125.25,146.45,176.76,76.58,27.45,198.44,372.85,112.65,69.02,8.745,31.7,30.47,2351.0,243.4
2025-07-04,52.97,97.0,13.3,31.21,48.58,19.835,221.9,477.35,233.4,175.02,15.88,89.76,41.0,269.8,90.12,83.29,124.25,145.25,175.38,74.88,27.19,198.14,369.95,112.0,69.08,8.577,31.47,30.48,2342.0,244.6
2025-07-07,51.79,98.2,13.04,31.3,49.96,19.735,223.95,475.35,236.9,175.4,15.94,89.36,41.53,274.7,90.2,82.44,125.3,137.15,177.28,75.94,27.27,195.4,372.75,112.75,68.12,8.407,31.51,30.51,2400.0,248.4
2025-07-08,52.84,98.56,13.055,31.55,49.99,19.66,224.05,482.65,239.4,175.0,16.02,92.22,41.45,275.0,90.5,83.33,125.0,143.05,178.92,76.41,27.72,198.0,374.0,112.7,67.58,8.636,31.7,29.96,2404.0,246.2
2025-07-09,53.28,101.55,13.105,31.69,52.0,19.78,227.7,487.85,252.9,176.92,16.4,92.68,42.05,279.6,88.84,83.32,127.05,145.25,182.36,78.87,27.09,199.8,374.35,113.75,67.94,8.7,32.22,30.61,2434.0,247.9
2025-07-10,53.5,101.3,12.97,32.15,50.62,19.475,225.45,505.0,250.0,176.5,16.25,96.08,41.64,276.0,90.22,84.16,126.15,145.4,183.3,77.91,28.265,206.4,382.25,113.4,68.2,9.01,32.6,30.69,2474.0,246.3
2025-07-11,53.87,100.4,12.99,31.68,50.06,19.67,225.2,487.7,242.4,175.1,16.0,94.74,41.69,279.5,89.06,83.03,125.8,140.4,183.22,76.6,27.66,198.68,373.85,113.65,67.84,8.6,32.19,30.8,2436.0,251.0
2025-07-14,53.34,99.74,13.215,31.54,50.32,19.725,223.65,479.55,243.8,174.86,16.035,93.62,41.77,281.2,88.94,83.54,125.25,137.1,183.0,76.68,27.255,196.98,373.1,112.35,68.22,8.434,32.17,30.96,2409.0,254.6
2025-07-15,53.48,99.36,13.07,31.82,49.29,19.49,225.85,477.35,242.2,173.8,15.865,93.24,41.42,279.9,89.32,82.7,123.8,136.9,180.14,76.23,27.42,196.66,367.6,113.6,67.88,8.531,32.05,30.24,2397.0,248.0
2025-07-16,53.09,96.94,13.17,31.69,49.06,19.39,222.55,475.6,242.9,173.14,15.84,92.36,41.34,280.0,89.88,83.2,122.7,136.65,181.0,76.08,26.875,192.2,364.0,111.55,67.52,8.008,31.97,30.19,2420.0,246.5
2025-07-17,52.97,100.35,13.18,32.3,49.64,19.375,239.75,476.85,244.2,173.98,15.98,93.0,41.59,283.8,83.9,83.54,124.4,137.75,185.28,77.15,27.655,192.4,364.05,121.55,67.68,8.179,32.21,29.95,2394.0,248.8
2025-07-18,53.15,100.55,13.19,32.02,49.85,19.475,237.15,472.75,243.8,172.0,16.095,94.22,41.89,285.3,84.1,83.12,124.8,137.95,186.22,77.84,27.98,197.34,362.55,124.75,68.06,7.913,32.21,30.27,2367.0,250.5
2025-07-21,52.86,100.85,13.065,32.0,50.18,19.64,235.75,468.8,243.5,172.14,16.145,93.46,42.0,283.1,82.44,82.3,124.6,136.5,186.02,77.74,28.405,197.34,362.7,124.4,67.18,8.04,32.39,30.62,2329.0,246.5
2025-07-22,52.8,98.72,13.22,31.85,49.44,20.02,231.8,465.55,242.3,171.62,16.065,95.76,41.51,275.5,83.84,82.55,122.75,135.1,181.32,77.08,28.16,202.6,367.95,122.75,67.16,7.888,32.1,30.94,2301.0,243.8
2025-07-23,53.34,102.0,13.115,31.99,50.16,19.59,236.15,479.95,246.2,172.24,16.09,95.42,41.99,278.6,83.86,84.65,125.05,136.2,183.38,78.48,26.98,212.6,374.95,123.6,67.18,8.595,32.54,30.62,2354.0,238.0
2025-07-24,51.46,102.7,13.3,29.31,51.04,19.645,238.9,470.25,247.2,172.9,16.43,97.36,42.2,279.1,85.08,85.22,123.7,135.35,182.6,78.79,22.495,212.4,373.65,125.15,67.3,8.248,32.15,30.7,2347.0,238.2
2025-07-25,51.33,102.15,13.32,29.78,50.92,19.665,236.25,488.7,249.7,171.68,16.32,100.05,42.27,277.5,83.52,85.11,124.2,134.05,180.2,78.87,22.245,221.8,374.7,124.65,66.78,8.498,31.07,30.71,2385.0,240.1
2025-07-28,52.4,100.6,13.045,29.68,50.82,19.6,236.1,489.2,246.2,172.4,16.19,96.56,42.15,275.8,81.92,85.5,123.35,135.0,177.64,77.38,22.855,215.9,373.6,126.5,65.78,8.28,31.38,30.43,2388.0,229.7
2025-07-29,52.53,101.2,13.315,29.68,51.66,19.57,238.25,474.8,263.2,175.32,16.215,94.48,42.46,281.7,81.76,85.85,125.15,134.0,179.44,78.48,22.94,212.45,373.6,126.8,66.36,8.286,31.5,30.56,2378.0,235.9
2025-07-30,52.29,101.2,13.33,29.17,52.36,19.655,239.2,480.75,258.3,174.32,16.405,94.22,42.61,280.8,80.2,85.52,124.9,132.5,178.86,79.07,22.96,215.9,388.55,127.65,71.24,7.917,31.2,30.24,2270.0,235.1
2025-07-31,52.02,100.3,13.345,28.89,55.96,19.62,228.25,472.35,260.6,172.8,16.15,90.36,42.68,289.5,80.2,78.84,121.6,130.9,176.04,80.06,22.455,216.5,389.35,129.95,71.88,7.765,31.26,29.7,2151.0,235.8
2025-08-01,51.07,90.98,13.825,27.94,53.98,19.14,213.9,461.65,255.3,170.22,15.92,89.56,39.33,280.3,79.66,80.34,118.75,124.45,169.1,76.53,21.695,216.15,376.1,128.7,72.5,7.595,30.97,29.29,2078.0,235.5
2025-08-04,51.58,92.0,13.735,27.94,54.8,19.055,219.3,462.3,256.2,172.24,16.055,89.9,39.98,287.7,78.82,82.0,119.95,123.9,172.32,78.5,21.765,215.05,379.85,130.15,73.04,7.558,30.86,29.55,2097.0,236.5
2025-08-05,51.9,92.8,13.775,27.75,55.0,19.045,214.8,456.5,252.9,173.0,16.08,90.9,40.6,287.5,78.78,82.03,120.6,124.3,175.2,78.38,21.605,211.4,373.3,128.8,72.32,7.587,30.9,29.54,2095.0,236.9
2025-08-06,52.5,93.5,13.89,27.52,55.58,19.175,214.85,457.7,249.3,171.76,16.28,93.1,40.76,290.1,78.0,79.67,121.4,121.5,177.9,79.3,21.3,209.25,374.65,129.0,71.78,7.639,30.71,29.66,2113.0,238.5
2025-08-07,52.38,96.56,13.81,27.58,56.64,18.835,220.3,461.1,252.2,173.58,16.395,95.28,41.57,291.2,78.64,80.84,122.8,123.8,177.4,79.5,21.36,213.1,382.15,130.15,71.36,7.901,31.29,30.06,2122.0,231.2
2025-08-08,52.71,97.92,13.93,27.51,57.56,18.65,222.0,461.35,252.9,173.78,16.92,95.76,41.39,291.2,78.1,80.93,123.65,125.6,176.22,81.5,21.765,215.65,384.35,129.75,71.9,8.083,31.43,29.95,2114.0,229.0
2025-08-11,52.52,96.8,14.15,27.17,57.58,18.795,218.65,458.0,251.7,172.5,17.045,96.16,41.62,287.2,77.6,81.34,124.9,123.35,175.8,81.55,21.515,213.1,380.4,129.35,70.86,8.019,31.34,29.91,2037.0,228.3
2025-08-12,53.17,98.4,14.1,26.51,58.36,18.665,222.2,457.15,253.8,173.68,17.0,96.12,42.12,290.6,75.14,81.65,125.0,121.3,180.86,81.75,22.415,213.35,379.35,131.4,70.78,8.266,31.66,29.83,2046.0,230.8
2025-08-13,52.51,98.2,14.3,26.77,57.72,18.7,218.0,469.6,261.9,175.74,17.03,96.76,42.67,289.4,77.08,83.18,126.6,123.45,179.56,82.94,22.19,217.35,388.15,130.5,71.52,8.265,31.91,29.88,2075.0,231.6
2025-08-14,52.57,99.12,14.41,26.64,58.5,18.645,222.0,472.9,263.1,178.62,17.135,96.62,42.89,293.6,77.72,83.54,127.9,121.95,183.78,83.94,22.11,211.75,388.75,132.0,71.7,8.318,31.9,30.55,2079.0,237.5
2025-08-15,53.47,99.0,14.44,26.89,58.78,18.91,220.6,476.1,267.5,180.22,17.11,98.3,43.4,291.8,76.98,84.95,129.6,123.05,186.88,83.7,22.035,211.65,392.9,132.9,72.06,8.417,32.23,30.85,2065.0,235.4
2025-08-18,53.02,97.7,14.485,26.72,57.76,18.62,218.5,475.85,267.8,180.0,16.79,97.62,42.78,293.0,77.14,85.58,128.0,122.5,184.22,82.29,22.225,210.25,393.3,133.5,71.7,8.31,32.12,30.16,2073.0,238.6
2025-08-19,53.7,100.65,14.385,27.0,58.32,18.62,223.25,489.9,271.8,183.26,16.95,100.9,42.93,292.1,79.62,86.49,129.0,126.7,183.84,82.86,22.325,216.5,400.0,133.5,72.24,8.575,32.85,30.56,2106.0,228.8
2025-08-20,54.01,97.5,14.485,27.29,57.42,18.905,215.55,493.55,275.5,185.0,17.1,103.0,43.31,289.2,79.78,87.03,128.6,126.5,179.14,83.31,22.135,221.65,406.7,130.4,74.52,8.419,32.77,30.66,2103.0,229.4
2025-08-21,54.29,96.4,14.46,26.96,57.86,18.895,215.0,485.0,272.0,183.3,16.97,101.15,43.05,292.5,79.16,87.47,128.65,124.95,180.92,82.72,22.375,218.35,400.7,130.65,73.84,8.287,32.53,30.39,2070.0,231.3
2025-08-22,54.63,98.16,14.48,27.13,57.84,18.77,215.4,495.1,272.0,183.12,17.055,101.85,42.59,290.5,80.74,87.34,129.0,126.6,180.72,83.38,23.435,223.8,399.0,132.1,73.24,8.649,32.55,30.37,2095.0,232.3
2025-08-25,54.1,94.88,14.215,26.79,55.82,18.325,213.25,488.05,269.2,180.68,16.55,99.7,40.96,289.9,79.46,86.26,121.5,123.9,180.54,80.43,23.53,224.25,397.1,130.45,72.7,8.562,31.93,29.21,2081.0,232.4
2025-08-26,52.91,93.64,13.875,26.45,52.0,17.98,210.8,486.25,265.9,176.66,15.65,98.18,39.31,288.0,78.48,86.28,114.45,122.4,179.88,77.03,23.36,225.45,396.7,130.2,72.04,8.415,31.5,28.67,2072.0,225.2
2025-08-27,53.21,93.44,13.86,26.84,52.0,17.86,211.45,502.0,266.5,178.06,15.56,99.04,39.92,287.2,79.0,86.54,115.7,124.05,178.26,76.53,23.25,229.5,401.25,129.75,71.72,8.176,31.15,28.34,2119.0,227.2
2025-08-28,53.1,93.6,13.735,26.99,52.3,17.8,213.7,513.1,263.4,177.4,15.69,100.4,39.9,287.8,79.18,85.36,117.1,124.05,178.62,76.9,23.785,235.0,402.35,130.8,71.04,8.215,31.19,28.3,2125.0,226.0
2025-08-29,53.5,92.2,13.9,26.6,52.72,17.69,210.05,504.1,260.2,176.22,15.63,97.2,39.79,284.9,78.84,84.49,115.9,121.45,179.06,76.83,23.25,229.15,397.9,130.1,71.18,8.179,30.93,28.21,2091.0,225.2
2025-09-01,53.45,92.94,13.89,26.62,53.2,17.615,210.25,503.7,258.7,176.3,15.62,98.18,39.78,285.6,78.98,84.69,115.45,120.4,182.0,77.05,23.06,229.8,396.95,130.2,71.5,8.234,30.79,27.89,2063.0,224.2
2025-09-02,53.53,90.5,13.785,26.33,52.5,17.355,211.1,513.0,257.1,174.9,15.405,98.7,39.2,279.5,79.06,84.51,113.05,118.1,179.16,75.94,22.185,238.6,396.8,127.4,73.32,8.017,30.9,27.57,2040.0,220.2
2025-09-03,52.78,90.36,13.525,26.57,52.82,17.57,217.25,520.8,258.0,175.74,15.515,99.26,39.33,281.6,81.2,86.12,114.3,121.7,184.7,76.19,21.795,236.45,399.6,128.35,74.32,7.797,30.65,28.01,2047.0,223.8
2025-09-04,52.76,91.24,13.715,26.74,54.08,17.64,217.25,499.1,260.2,176.2,15.88,96.54,39.81,280.9,82.5,78.96,115.9,122.15,186.86,77.56,21.97,232.65,404.4,130.25,74.98,7.711,30.74,28.42,2019.0,222.1
2025-09-05,51.82,91.46,13.625,26.8,53.04,17.64,218.3,496.25,259.6,175.38,15.69,96.12,39.51,278.2,82.32,79.5,115.55,125.0,183.84,76.52,22.8,237.35,402.65,131.05,75.08,7.75,30.95,28.42,2039.0,222.2
2025-09-08,51.9,93.02,13.525,27.38,53.76,17.775,226.15,496.15,262.0,176.92,15.94,95.08,39.76,279.4,82.82,79.13,117.3,127.15,187.82,76.7,22.645,238.9,402.15,134.25,74.72,7.626,31.34,28.61,2044.0,224.6
2025-09-09,52.74,92.44,13.67,27.83,54.32,17.78,223.45,492.0,260.0,176.98,16.065,94.36,39.85,280.0,84.5,80.77,117.65,125.1,187.54,77.87,22.26,233.25,396.35,133.9,74.72,7.626,31.58,28.82,2095.0,228.2
2025-09-10,52.76,92.02,13.72,27.36,55.82,17.93,228.95,489.75,265.1,174.48,16.3,92.0,39.97,280.9,82.26,80.28,118.35,122.45,188.56,78.16,22.195,233.5,388.15,137.5,74.3,7.463,31.46,29.0,2093.0,235.1
2025-09-11,52.19,93.7,13.89,27.29,57.6,18.09,229.65,487.35,266.6,177.22,16.49,91.12,40.25,285.2,82.22,80.74,118.6,121.8,194.0,79.41,22.27,239.15,383.85,138.45,74.8,8.15,31.51,29.08,2110.0,243.7
2025-09-12,52.12,93.9,13.9,27.56,57.26,18.2,232.0,490.65,264.7,177.24,16.455,90.42,40.21,285.6,83.16,80.7,118.5,123.8,193.22,79.3,22.185,241.3,381.05,139.1,74.64,7.988,31.46,29.14,2090.0,250.5
2025-09-15,52.58,94.7,13.825,27.1,58.86,18.405,233.75,504.2,266.5,177.16,16.745,90.02,40.4,288.5,82.64,79.51,119.55,121.05,196.3,80.33,23.085,255.35,388.6,139.8,74.22,8.149,31.26,29.2,2121.0,262.2
2025-09-16,52.43,93.24,13.67,27.39,56.76,18.04,228.9,507.7,270.6,174.48,16.45,89.22,39.7,283.8,82.76,78.84,117.85,123.05,192.92,79.17,22.86,263.3,377.35,137.65,74.28,8.145,31.19,28.74,2119.0,257.7
2025-09-17,51.73,93.12,13.68,27.52,56.58,17.875,226.95,511.3,270.2,174.16,16.27,89.9,39.57,279.8,83.32,79.44,116.4,123.15,191.7,77.67,23.12,266.95,377.15,136.55,73.9,8.23,31.11,28.62,2121.0,253.3
2025-09-18,52.03,93.44,13.62,28.33,57.4,17.84,232.65,517.6,274.5,174.62,16.3,89.34,39.58,284.8,82.08,80.15,117.25,127.05,191.7,78.39,24.19,268.75,378.2,140.05,73.48,8.393,31.01,28.56,2145.0,252.8
2025-09-19,51.57,93.78,13.705,27.9,58.14,17.88,231.1,510.6,273.7,175.68,16.53,88.88,39.89,291.6,79.4,80.46,117.6,124.25,193.86,79.6,23.525,267.95,369.65,140.1,73.76,8.456,31.13,28.8,2129.0,247.2
2025-09-22,51.73,92.56,13.71,27.99,57.36,18.155,230.0,507.0,274.9,174.6,16.61,86.84,40.05,294.4,79.74,80.23,116.95,121.95,195.14,78.68,23.97,265.0,362.0,141.6,72.6,8.233,30.69,29.06,2114.0,250.8
2025-09-23,52.39,93.8,13.62,27.98,56.84,18.055,230.55,523.2,274.4,175.34,16.765,87.26,40.02,291.6,80.52,79.26,117.15,123.6,194.26,78.93,24.6,270.0,374.7,141.8,72.5,8.479,30.87,29.0,2133.0,250.4
2025-09-24,53.5,92.26,13.475,27.87,57.2,18.095,232.4,509.1,269.5,173.32,16.615,86.14,39.8,292.6,79.64,79.5,115.55,122.25,193.82,78.22,24.7,273.4,367.1,142.9,72.5,8.191,30.55,28.81,2066.0,256.3
2025-09-25,53.38,90.04,13.63,28.17,56.56,18.16,231.05,506.8,266.0,174.0,16.48,85.46,39.93,292.2,79.2,77.52,115.25,121.9,193.86,78.43,24.32,270.9,366.1,142.05,72.62,7.981,30.6,28.73,2062.0,256.4
2025-09-26,54.25,91.3,13.76,28.06,57.36,18.29,235.25,515.7,271.7,175.46,16.895,83.36,40.66,296.0,79.72,78.32,116.75,119.15,195.72,77.54,23.815,275.0,366.9,143.1,73.02,7.9,30.89,29.02,2069.0,259.3
2025-09-29,53.05,90.94,13.7,28.31,56.62,18.225,234.25,523.1,274.9,176.42,16.94,83.72,40.56,295.8,79.92,78.28,116.3,121.3,195.78,77.45,23.97,287.95,365.05,142.45,73.32,7.983,30.64,28.8,2119.0,263.5
2025-09-30,51.73,91.66,13.81,28.51,56.36,18.255,237.6,520.5,276.0,176.86,16.72,83.54,40.64,300.1,81.68,78.55,117.95,123.55,197.4,77.33,23.85,282.55,368.5,140.6,74.16,7.871,30.54,28.98,2083.0,266.6
2025-10-01,51.59,92.86,13.705,28.46,56.82,18.655,244.85,524.0,276.9,175.92,17.02,82.82,40.64,298.4,81.36,85.18,118.4,123.5,199.08,78.34,24.09,283.35,366.35,139.6,73.44,8.135,30.94,28.95,2088.0,264.0
2025-10-02,50.98,93.6,13.535,29.37,56.72,18.595,250.5,542.9,280.2,176.58,16.95,83.62,40.56,303.6,82.36,85.04,118.45,124.85,202.05,77.53,24.595,286.9,374.2,142.1,73.84,8.813,31.32,29.22,2145.0,273.0
2025-10-03,51.06,94.32,13.32,29.19,56.72,18.715,249.7,553.1,282.8,171.68,16.915,84.28,40.38,303.1,83.0,86.8,117.95,124.35,203.55,78.0,24.81,297.85,376.55,142.85,73.16,9.006,31.22,29.16,2161.0,271.0
2025-10-06,51.31,91.08,13.185,29.22,54.32,18.335,250.0,540.4,276.1,170.06,16.335,84.68,39.44,298.1,82.92,85.78,115.6,124.6,201.1,75.5,24.86,292.4,374.0,143.65,72.3,9.319,31.15,28.46,2108.0,262.3
2025-10-07,50.87,90.96,13.215,29.05,53.3,18.465,245.9,560.0,276.4,169.46,16.3,84.68,39.14,298.7,82.7,84.84,115.6,125.0,202.45,74.63,24.4,309.2,379.25,141.9,72.14,9.432,30.82,28.44,2115.0,260.3
2025-10-08,51.12,89.78,13.39,28.77,54.42,18.53,248.8,575.5,278.7,169.8,16.48,85.52,39.83,303.8,83.04,84.59,116.95,122.05,205.3,75.2,24.695,314.8,383.1,146.95,72.46,9.309,30.86,28.54,2155.0,264.8
2025-10-09,51.14,90.14,13.56,28.93,54.36,18.88,249.0,559.2,278.0,171.46,16.63,85.24,39.8,303.0,82.58,84.82,118.45,122.05,204.65,75.54,24.7,312.1,376.15,145.25,75.9,9.233,29.68,29.01,2097.0,262.8
2025-10-10,50.0,87.54,13.59,28.5,53.86,18.92,245.25,546.0,273.4,169.6,16.53,83.68,39.56,297.3,82.16,83.34,117.45,119.7,202.0,75.5,23.975,309.0,369.65,142.55,75.88,8.56,29.49,28.81,2035.0,257.5
2025-10-13,49.845,89.3,13.43,28.81,53.72,19.005,246.9,540.4,274.6,171.26,16.48,83.12,39.51,298.1,83.5,84.16,118.35,120.3,202.35,75.44,24.725,303.75,370.0,144.1,74.72,8.801,28.67,28.92,2042.0,255.0
2025-10-14,50.25,88.56,13.57,28.35,55.02,19.105,245.15,532.8,272.2,171.42,16.59,82.1,40.18,299.5,82.04,83.94,119.45,118.9,203.3,75.75,24.43,298.9,368.5,143.9,75.28,8.371,26.11,29.23,2026.0,257.6
2025-10-15,52.11,90.3,14.015,28.88,55.56,19.315,247.05,597.9,270.2,171.24,16.83,83.38,40.17,296.7,86.1,84.28,120.4,122.35,203.0,76.83,24.725,313.15,380.05,144.6,75.18,8.645,26.2,29.57,2175.0,249.4
2025-10-16,52.57,90.64,14.085,29.38,56.52,19.725,252.35,602.2,276.6,174.0,16.905,86.84,40.2,302.8,86.16,86.33,121.8,122.55,205.45,77.98,25.265,308.5,386.35,148.7,76.3,8.829,27.09,29.9,2162.0,253.8
2025-10-17,52.71,89.5,14.335,29.33,53.64,19.655,246.1,605.7,312.5,172.82,16.49,89.2,39.41,296.9,86.0,86.43,121.4,121.7,200.4,74.89,24.82,309.55,390.65,144.45,77.52,8.908,27.08,29.97,2191.0,245.4
2025-10-20,52.5,90.44,14.16,29.78,53.0,19.575,248.25,612.1,313.9,173.24,16.355,89.6,39.12,303.1,86.1,86.58,121.45,123.4,203.7,69.1,25.96,324.5,395.35,146.1,77.7,9.113,27.32,29.58,2218.0,254.5
2025-10-21,52.65,90.6,14.125,30.27,53.12,19.53,249.75,616.8,316.6,173.04,16.31,89.24,39.33,308.1,87.48,86.29,120.85,130.05,207.35,67.93,26.57,324.0,398.0,147.0,78.02,9.55,27.89,29.74,2250.0,255.7
2025-10-22,53.03,89.66,14.07,30.12,52.88,19.56,246.55,623.2,311.4,172.4,16.35,90.26,39.34,304.1,87.24,86.72,122.2,128.95,205.8,68.37,25.49,317.3,371.35,145.15,78.66,9.348,27.43,29.73,2199.0,259.2
2025-10-23,54.1,89.34,14.15,26.21,53.58,19.8,249.1,620.8,312.1,172.88,16.39,88.72,39.39,307.8,87.7,86.61,122.85,126.5,207.25,68.72,21.89,344.95,375.25,146.2,78.24,9.235,27.66,29.65,2194.0,260.7
2025-10-24,53.91,90.38,13.92,25.69,53.68,19.695,253.65,612.5,313.4,172.5,16.335,88.2,39.4,304.5,86.38,88.79,120.4,127.1,208.45,68.48,21.555,331.65,374.7,148.35,77.78,9.449,27.91,29.6,2194.0,253.4
2025-10-27,53.77,90.16,13.85,25.41,53.6,19.64,258.75,611.5,316.5,172.36,16.325,86.68,39.61,303.6,86.9,88.13,120.0,128.15,208.6,69.19,21.76,327.9,375.65,149.1,78.04,9.435,28.26,29.47,2207.0,251.6
2025-10-28,53.48,88.96,13.89,24.97,54.26,19.805,256.05,614.6,317.5,173.86,16.255,87.16,39.7,305.3,88.16,87.25,117.4,130.05,207.75,66.74,21.86,327.9,370.45,149.0,78.06,9.587,28.24,29.44,2201.0,252.7
2025-10-29,54.14,88.04,13.715,24.53,54.96,20.12,257.4,618.8,318.3,169.62,16.265,85.74,39.23,303.6,87.34,87.92,116.15,132.6,208.4,66.94,21.475,325.9,368.3,148.7,77.02,9.701,28.12,29.18,2182.0,246.6
2025-10-30,53.64,87.2,13.855,24.55,53.0,20.35,249.0,610.1,319.5,170.54,15.485,85.2,39.34,305.4,86.48,88.07,116.4,130.5,212.7,66.47,21.38,313.05,367.35,148.55,77.26,8.852,28.11,29.25,2178.0,245.8
2025-10-31,53.95,84.06,13.835,24.63,54.86,20.3,246.1,612.1,317.3,167.92,15.64,84.96,37.63,307.9,86.8,87.6,115.9,133.5,213.4,67.06,21.34,306.8,362.65,149.5,76.68,8.777,27.69,28.65,2149.0,246.9
2025-11-03,53.79,83.24,13.855,24.36,54.76,20.6,244.35,616.8,317.0,167.76,15.565,84.32,37.77,310.3,85.54,86.94,115.45,129.7,214.15,66.0,21.325,304.6,361.85,150.2,76.72,8.847,28.1,28.62,2116.0,249.5
2025-11-04,53.6,81.68,13.715,24.04,54.58,20.82,239.25,611.2,316.4,168.9,15.64,83.52,37.87,309.7,84.96,86.31,116.2,127.95,212.85,66.0,20.785,302.7,364.05,147.65,77.16,8.649,28.07,28.72,2084.0,247.0
2025-11-05,53.68,82.66,13.715,23.98,54.64,20.95,242.25,612.8,316.3,168.9,15.53,84.88,38.11,306.9,85.1,85.23,117.15,128.3,212.35,65.98,20.675,302.85,362.5,147.2,77.1,8.807,28.23,29.04,2098.0,240.1
2025-11-06,53.24,80.82,13.94,23.26,55.8,21.35,235.15,600.0,312.7,168.2,15.645,82.08,37.78,302.8,84.26,85.61,116.45,124.75,208.65,65.34,20.535,291.4,354.25,129.25,77.4,8.738,28.23,29.43,2043.0,238.5
2025-11-07,53.58,79.78,14.165,23.34,54.64,21.17,230.85,603.2,308.4,169.32,15.64,82.42,37.51,301.1,84.18,85.44,115.6,123.35,208.05,65.49,20.16,299.9,354.45,129.85,78.2,8.72,28.42,28.84,2058.0,241.0
2025-11-10,54.04,80.86,14.145,23.59,56.9,21.18,233.45,617.9,311.8,169.74,15.905,83.58,37.94,309.0,84.3,86.81,116.95,128.45,211.1,67.0,20.38,310.45,353.95,131.0,78.18,8.915,28.47,28.93,2086.0,241.3
2025-11-11,55.34,82.74,14.16,23.93,56.72,21.27,235.1,632.9,315.4,171.6,16.02,84.36,38.19,308.9,85.82,89.05,118.4,131.65,211.0,67.55,20.64,316.65,356.7,131.4,78.98,9.28,28.87,29.22,2163.0,240.6
2025-11-12,55.3,83.18,14.215,24.03,58.46,21.67,239.1,647.2,320.7,172.3,16.225,83.6,38.54,310.2,87.72,90.13,119.9,134.9,212.0,69.29,20.655,314.15,356.9,133.65,79.34,9.223,28.91,29.25,2200.0,241.0
2025-11-13,56.19,83.98,14.33,24.23,59.16,21.93,234.65,636.8,319.9,173.2,16.53,82.18,38.95,306.9,87.48,90.44,120.6,134.65,210.25,69.59,20.625,321.35,359.1,130.8,79.6,9.252,28.95,29.62,2164.0,243.7
2025-11-14,56.23,82.6,14.02,23.99,57.98,21.8,235.65,637.0,318.9,171.08,16.335,81.74,38.49,304.4,86.92,89.59,119.5,133.5,206.5,68.83,20.34,320.6,359.0,130.35,78.54,9.011,28.43,29.07,2156.0,239.4
2025-11-17,56.53,82.0,14.03,23.53,58.14,22.06,232.0,624.0,315.6,169.6,16.22,81.36,38.24,305.9,86.28,89.89,118.5,131.7,207.3,68.3,19.76,313.45,354.55,130.0,78.26,8.794,28.16,29.0,2125.0,242.7
2025-11-18,55.47,79.92,13.96,23.18,56.48,21.95,226.55,611.3,311.4,165.94,15.88,78.44,37.86,299.2,84.42,87.58,116.7,127.5,204.15,66.69,19.278,309.8,351.75,127.1,77.74,8.403,27.58,28.61,2080.0,238.8
2025-11-19,55.4,81.24,13.78,23.38,56.82,21.58,227.2,609.6,308.7,165.5,15.89,78.28,37.8,298.8,84.26,85.94,117.85,127.45,203.25,67.07,19.336,296.75,350.65,128.45,77.66,8.451,27.73,28.51,2110.0,232.9
2025-11-20,55.67,80.34,13.66,23.32,57.42,21.77,228.4,619.6,311.2,165.7,15.985,78.82,37.78,300.3,82.04,85.32,116.8,127.05,204.4,70.02,18.926,294.6,352.15,129.6,77.14,8.2,27.06,28.4,2108.0,235.8
2025-11-21,55.97,81.3,13.945,23.49,56.54,21.62,222.3,623.0,306.0,165.94,16.1,81.22,38.14,289.4,84.1,86.32,119.2,131.5,202.75,70.47,18.81,296.2,361.5,126.85,78.46,8.447,27.66,28.5,2124.0,226.9
2025-11-24,55.89,81.58,13.93,23.77,56.8,21.59,222.8,621.7,303.7,164.42,16.095,78.38,38.24,282.5,82.76,85.95,119.4,133.2,200.05,70.42,19.134,295.65,365.3,127.9,77.14,8.749,27.47,28.73,2110.0,223.5
2025-11-25,56.17,85.0,13.98,23.96,58.3,21.65,223.75,619.3,308.7,164.42,16.335,78.62,38.3,286.3,83.7,86.39,121.0,133.3,201.75,71.77,19.346,298.35,367.2,128.55,77.18,9.047,28.01,28.98,2126.0,226.3
2025-11-26,56.66,86.1,14.08,24.15,59.5,21.83,227.3,625.4,313.1,165.0,16.455,76.24,38.74,289.1,82.86,86.23,122.05,132.9,204.85,72.34,19.588,298.85,373.9,129.65,77.5,8.93,28.0,29.35,2151.0,225.6
2025-11-27,56.45,85.82,14.1,24.15,59.9,21.75,228.2,627.4,313.1,164.54,16.5,77.76,38.93,289.0,83.12,85.89,122.3,133.85,204.15,73.39,19.554,296.2,372.6,130.55,77.4,9.017,28.27,29.16,2113.0,226.5
2025-11-28,56.8,85.94,14.19,24.11,59.94,21.9,231.0,635.5,308.7,165.12,16.52,77.58,38.9,290.3,83.98,85.76,122.25,134.8,204.45,73.69,19.776,292.8,375.6,130.55,77.0,9.199,28.15,29.29,2100.0,225.4
2025-12-01,56.71,85.4,14.145,23.85,59.72,21.7,229.95,642.7,307.0,165.92,16.58,78.66,38.62,286.1,83.98,86.59,122.55,136.3,192.58,73.44,19.948,299.5,377.95,128.8,77.4,9.222,28.32,29.44,2147.0,219.5
2025-12-02,56.52,84.68,14.07,23.42,61.06,21.62,230.25,636.2,307.4,164.28,16.84,77.18,38.59,290.2,83.48,86.15,121.85,137.75,190.5,75.08,20.17,294.5,371.75,128.45,76.7,9.127,28.27,29.17,2118.0,221.4
2025-12-03,57.04,83.8,14.085,23.41,60.52,21.78,229.5,630.3,308.8,163.76,16.66,77.64,38.19,296.7,83.7,85.64,119.4,137.0,198.12,74.25,21.33,293.9,369.25,127.8,76.62,9.824,28.19,29.74,2104.0,224.5
2025-12-04,57.18,84.34,14.03,23.76,62.5,21.67,237.55,633.1,303.2,163.2,16.84,76.7,38.56,294.0,85.22,84.57,119.5,142.7,197.02,75.69,22.055,295.35,368.8,130.45,76.12,10.192,27.97,29.43,2121.0,224.7
2025-12-05,56.4,86.74,13.74,23.78,61.54,21.41,235.5,628.1,302.6,163.06,16.795,76.88,38.55,292.9,86.22,85.0,120.6,144.5,196.7,75.39,22.405,295.5,372.75,128.75,76.18,10.412,28.03,29.32,2165.0,224.2
2025-12-08,56.32,84.78,13.71,23.51,62.62,21.67,237.6,625.2,303.2,161.52,16.9,75.22,38.82,295.0,87.44,83.6,120.95,145.1,198.08,76.42,22.225,291.9,365.35,130.8,76.08,10.286,28.0,29.26,2132.0,227.0
2025-12-09,56.51,84.3,13.715,23.35,62.9,21.65,234.25,616.3,286.3,158.52,17.16,73.7,39.03,294.8,86.76,83.23,120.35,147.2,195.44,77.54,22.26,286.5,368.2,129.9,75.66,10.12,27.72,29.29,2119.0,232.9
2025-12-10,55.82,83.5,13.665,23.02,63.48,21.46,233.5,618.8,285.0,158.76,17.095,73.32,39.24,294.0,86.32,82.68,116.6,146.1,193.98,77.01,22.265,288.8,370.8,129.0,75.12,10.178,27.54,28.86,2129.0,228.0
2025-12-11,55.84,87.14,13.735,23.13,64.36,21.46,239.15,625.2,284.9,158.46,17.28,75.46,39.91,291.3,87.2,83.64,119.8,151.85,193.28,78.67,21.995,291.85,371.95,125.65,75.76,10.026,27.89,29.38,2131.0,228.4
2025-12-12,55.59,86.3,13.68,23.51,63.58,21.7,235.4,624.5,282.1,158.6,17.115,76.2,40.38,291.3,87.54,83.32,119.3,147.6,194.02,78.09,22.37,296.2,370.05,123.6,76.1,10.042,28.05,29.14,2134.0,231.1
2025-12-15,55.5,87.66,13.86,23.6,64.34,21.75,242.7,626.1,282.5,159.58,17.155,76.28,40.74,293.0,89.44,80.6,120.15,148.7,196.12,79.08,22.455,304.05,373.2,125.8,77.04,10.1,28.22,29.27,2152.0,231.3
2025-12-16,54.5,89.16,13.695,23.39,64.36,21.73,239.25,636.5,278.2,159.4,17.24,76.9,40.55,293.7,88.5,80.94,120.45,147.7,192.96,78.86,22.045,309.9,373.7,125.3,76.98,10.116,28.35,29.52,2159.0,227.5
2025-12-17,55.13,86.72,13.83,23.64,66.9,21.79,231.0,631.7,273.7,159.34,17.395,76.7,40.99,293.7,88.82,82.12,119.75,147.85,190.4,80.08,21.81,313.0,375.7,123.65,77.46,10.024,28.28,29.47,2116.0,227.5
2025-12-18,55.43,87.88,13.875,23.73,67.72,22.0,234.15,637.4,276.3,159.7,17.445,76.86,40.83,301.4,89.4,82.1,120.25,147.45,194.04,80.24,21.915,310.3,375.9,124.75,78.26,10.008,28.35,29.32,2144.0,231.2
2025-12-19,55.81,86.08,13.91,23.7,68.16,22.28,235.85,631.7,274.8,159.5,17.6,76.2,41.2,306.3,88.86,82.38,119.8,145.6,195.84,80.6,22.18,302.55,371.0,125.75,77.76,9.902,28.33,29.48,2102.0,229.8
2025-12-22,55.94,85.96,13.925,23.74,67.84,22.09,236.55,627.7,272.6,160.0,17.555,74.0,41.1,302.2,88.44,81.58,119.9,144.45,195.72,80.25,22.13,305.15,366.45,127.25,76.98,9.453,28.16,29.23,2107.0,230.5
2025-12-23,55.85,86.16,14.05,23.67,68.22,22.24,235.95,627.3,270.1,159.84,17.575,72.9,41.11,300.4,87.88,82.22,119.8,141.4,196.72,80.61,22.105,299.45,362.55,126.95,76.48,9.41,27.89,29.34,2082.0,229.0
2025-12-24,55.61,85.98,14.055,23.56,67.98,22.16,235.25,632.1,270.1,160.02,17.54,73.16,41.14,299.3,88.08,81.61,119.65,141.65,195.96,80.52,22.075,303.6,363.8,127.3,76.88,9.422,27.94,29.28,2095.0,228.6
2025-12-25,55.61,85.98,14.055,23.56,67.98,22.16,235.25,632.1,270.1,160.02,17.54,73.16,41.14,299.3,88.08,81.61,119.65,141.65,195.96,80.52,22.075,303.6,363.8,127.3,76.88,9.422,27.94,29.28,2095.0,228.6
2025-12-26,55.61,85.98,14.055,23.56,67.98,22.16,235.25,632.1,270.1,160.02,17.54,73.16,41.14,299.3,88.08,81.61,119.65,141.65,195.96,80.52,22.075,303.6,363.8,127.3,76.88,9.422,27.94,29.28,2095.0,228.6
2025-12-29,55.95,86.4,14.115,23.62,67.96,22.3,236.3,633.2,271.2,160.46,17.44,72.76,40.86,294.3,89.3,82.24,119.9,142.5,196.0,80.22,22.15,299.0,365.3,126.7,76.74,9.409,28.22,29.59,2101.0,227.1
2025-12-30,56.4,86.86,14.255,23.87,69.4,22.41,235.95,639.3,270.8,160.62,17.615,73.06,41.14,297.4,89.26,83.0,120.45,143.1,198.94,81.1,22.455,300.5,366.95,127.55,77.02,9.455,28.29,29.75,2122.0,229.7
