Date,TEN.MI,AMP.MI,MB.MI,BZU.MI,UCG.MI,ISP.MI,UNI.MI,BMED.MI,IP.MI,STLAM.MI,FCT.MI,LDO.MI,A2A.MI,TRN.MI,PRY.MI,SPM.MI,STMMI.MI,BPE.MI,G.MI,CPR.MI,HER.MI,ENEL.MI,TIT.MI,REC.MI,ENI.MI,AZM.MI,BGN.MI,SRG.MI,DIA.MI,BAMI.MI
2014-01-02,15.73,4.07,6.31,13.11,26.981,1.783,4.35,6.265,8.77,4.363,5.759,5.445,0.836,3.616,17.992,48.789,5.725,4.215,16.92,3.033,1.63,3.134,0.709,10.33,17.32,18.447,22.76,4.079,35.01,7.69
2014-01-03,15.85,4.15,6.38,13.09,27.231,1.809,4.394,6.245,8.945,4.263,5.759,5.545,0.836,3.64,18.002,50.021,5.8,4.283,16.88,3.05,1.631,3.178,0.757,10.37,17.48,18.773,22.74,4.057,35.47,7.893
2014-01-06,15.5,4.178,6.535,13.13,28.133,1.828,4.4,6.161,9.13,4.288,5.759,5.585,0.836,3.622,18.166,49.831,5.765,4.314,17.0,3.057,1.655,3.186,0.757,10.48,17.58,18.81,21.5,4.091,35.69,8.14
2014-01-07,15.47,4.182,6.88,13.03,29.11,1.888,4.3,6.305,9.3,4.215,5.759,5.66,0.828,3.61,18.205,49.231,5.675,4.547,17.28,3.05,1.661,3.226,0.789,10.6,17.66,19.257,22.38,4.024,35.5,8.595
2014-01-08,15.28,4.216,6.9,12.94,29.686,1.929,4.21,6.151,9.2,4.149,5.759,5.625,0.838,3.61,17.576,48.757,5.585,4.637,17.4,3.003,1.698,3.242,0.799,10.47,17.37,18.95,21.95,4.012,34.95,8.707
2014-01-09,15.76,4.22,6.905,13.23,29.561,1.944,4.28,6.31,9.245,4.256,5.759,5.685,0.85,3.632,17.47,49.515,5.47,4.744,17.43,3.043,1.69,3.22,0.809,10.49,17.27,19.118,23.02,4.008,34.74,9.112
2014-01-10,15.9,4.236,6.815,13.47,29.536,1.911,4.248,6.623,9.35,4.231,5.759,5.715,0.84,3.626,17.837,49.357,5.58,4.775,17.36,3.085,1.709,3.27,0.813,10.84,17.4,19.35,24.3,4.101,35.58,9.067
2014-01-13,15.81,4.24,6.9,13.83,30.087,1.932,4.254,6.782,9.25,4.282,5.759,5.765,0.836,3.636,18.002,51.759,5.755,4.855,17.08,3.155,1.695,3.304,0.807,10.63,17.33,20.244,25.11,4.077,35.53,9.364
2014-01-14,15.98,4.25,6.97,14.09,29.987,1.95,4.33,6.732,9.245,4.294,5.759,5.84,0.841,3.586,18.002,52.454,5.855,4.92,17.03,3.138,1.69,3.316,0.799,10.53,17.21,20.16,24.19,4.095,35.14,9.421
2014-01-15,16.3,4.28,7.18,14.18,30.788,2.014,4.334,6.851,9.305,4.382,5.759,6.32,0.835,3.56,18.205,52.644,5.93,4.996,17.18,3.1,1.695,3.342,0.833,10.58,17.29,20.262,23.81,4.093,35.0,9.819
2014-01-16,16.2,4.27,6.95,14.34,30.087,1.946,4.542,6.677,9.05,4.531,5.759,6.19,0.836,3.586,18.466,52.928,5.88,4.846,16.96,3.098,1.7,3.32,0.843,10.67,17.24,20.076,23.15,4.131,33.96,9.437
2014-01-17,16.41,4.234,7.025,14.39,29.811,1.958,4.58,6.628,9.55,4.691,5.759,6.365,0.831,3.594,18.891,54.792,5.745,4.883,16.99,3.11,1.72,3.366,0.858,10.6,17.23,20.123,23.27,4.105,34.43,9.364
2014-01-20,16.74,4.268,6.85,14.2,29.586,1.948,4.59,6.484,9.49,4.619,5.759,6.26,0.841,3.644,18.727,56.688,5.78,4.775,16.83,3.115,1.74,3.37,0.873,10.97,17.37,20.3,23.65,4.133,34.05,9.078
2014-01-21,16.48,4.266,6.825,14.17,29.837,1.954,4.54,6.464,9.435,4.701,5.759,6.48,0.836,3.648,18.562,54.508,5.765,4.818,16.86,3.11,1.749,3.39,0.838,11.28,17.39,20.3,23.46,4.165,34.39,8.96
2014-01-22,16.7,4.27,6.805,14.12,29.411,1.977,4.412,6.513,9.38,4.682,5.759,6.5,0.814,3.626,18.031,53.465,5.885,4.692,16.79,3.108,1.747,3.47,0.83,11.07,17.52,20.328,23.05,4.151,34.51,8.831
2014-01-23,17.0,4.188,6.72,13.96,28.659,1.961,4.4,6.434,9.485,4.805,5.759,6.535,0.809,3.624,17.828,53.623,5.76,4.612,16.7,3.075,1.714,3.48,0.835,11.3,17.39,20.151,22.74,4.129,34.1,8.595
2014-01-24,16.28,4.114,6.66,13.6,27.958,1.931,4.254,6.19,9.29,4.641,5.759,6.37,0.793,3.586,17.518,52.991,5.615,4.597,16.34,3.033,1.704,3.38,0.795,11.49,16.91,19.239,22.19,4.107,33.64,8.511
2014-01-27,16.04,4.05,6.635,13.59,27.832,1.946,4.086,6.126,9.2,4.732,5.759,6.36,0.784,3.568,17.373,53.402,5.64,4.234,16.23,3.033,1.695,3.334,0.815,11.39,16.98,19.071,21.33,4.099,33.49,7.241
2014-01-28,16.1,4.04,6.585,13.66,28.283,1.968,4.186,6.335,9.57,4.758,5.759,6.525,0.811,3.626,17.895,53.37,5.785,4.305,16.45,3.078,1.71,3.38,0.814,11.31,16.89,19.871,22.9,4.083,33.94,6.966
2014-01-29,16.04,4.04,6.72,13.27,28.108,1.952,4.22,6.33,9.7,4.562,5.759,6.565,0.795,3.61,17.451,55.235,5.835,4.348,16.2,3.027,1.695,3.324,0.82,11.25,16.73,20.123,22.85,4.083,33.42,6.848
2014-01-30,16.48,4.014,6.825,13.43,27.908,1.958,4.31,6.335,9.59,4.698,5.759,6.65,0.801,3.622,17.518,55.33,6.095,4.302,16.21,2.957,1.696,3.38,0.832,11.5,16.9,20.234,22.75,4.107,33.73,7.129
2014-01-31,16.62,3.996,6.815,13.55,27.958,2.01,4.248,6.354,9.6,4.663,5.759,6.52,0.8,3.602,17.538,54.982,6.11,4.314,16.05,2.96,1.713,3.388,0.825,11.61,16.85,19.992,22.72,4.105,33.3,7.157
2014-02-03,16.0,4.2,6.6,13.19,26.855,1.952,4.11,6.205,9.565,4.499,5.759,6.31,0.791,3.596,16.88,53.876,5.93,4.016,15.65,2.922,1.714,3.29,0.8,11.51,16.51,19.527,22.4,4.115,32.5,6.657
2014-02-04,16.1,4.174,6.575,13.31,27.156,1.997,4.114,6.349,9.39,4.59,5.759,6.335,0.813,3.564,17.006,53.181,6.0,3.997,15.76,2.943,1.7,3.324,0.807,11.3,16.43,19.834,23.24,4.055,32.8,6.73
2014-02-05,15.92,4.164,6.805,13.23,27.156,2.034,4.138,6.25,9.36,4.512,5.759,6.495,0.817,3.572,17.325,52.833,5.94,4.102,15.59,2.928,1.713,3.34,0.822,11.34,16.25,19.648,22.7,4.028,33.2,6.825
2014-02-06,16.36,4.21,7.055,13.47,27.532,2.094,4.3,6.449,9.365,4.59,5.759,6.6,0.825,3.636,17.75,52.833,6.04,4.292,15.95,3.01,1.75,3.488,0.842,11.57,16.46,20.895,23.53,4.121,32.98,7.078
2014-02-07,16.37,4.19,7.025,14.09,28.509,2.096,4.47,6.747,9.55,4.603,5.759,6.645,0.833,3.668,17.808,51.948,6.035,4.32,16.13,3.003,1.785,3.564,0.865,11.55,16.52,21.314,24.19,4.119,33.23,7.117
2014-02-10,16.37,4.23,7.0,14.66,28.384,2.082,4.512,6.513,9.7,4.565,5.759,6.6,0.836,3.658,17.915,52.296,6.13,4.274,16.18,2.987,1.79,3.572,0.849,11.59,16.59,21.202,23.58,4.115,33.36,7.162
2014-02-11,16.78,4.268,7.135,14.53,28.935,2.14,4.56,6.563,10.03,4.565,5.759,6.77,0.838,3.68,18.002,50.495,6.16,4.578,16.12,3.0,1.791,3.564,0.847,11.77,16.8,21.64,23.68,4.117,33.69,7.713
2014-02-12,17.05,4.47,7.22,14.56,29.561,2.15,4.54,6.623,10.24,4.609,5.759,6.89,0.834,3.692,18.147,51.538,6.155,4.809,16.48,3.05,1.78,3.588,0.855,12.21,17.01,22.291,23.89,4.161,33.4,7.634
2014-02-13,17.0,4.47,7.12,14.65,29.461,2.132,4.52,6.508,10.15,4.613,5.759,6.91,0.836,3.694,18.214,50.748,6.115,4.898,16.49,3.055,1.783,3.62,0.856,12.48,16.98,21.863,23.7,4.113,33.88,7.971
2014-02-14,17.16,4.48,7.235,14.63,30.162,2.16,4.546,6.628,9.685,4.742,5.759,7.255,0.84,3.728,18.64,51.19,6.2,4.923,16.75,3.115,1.787,3.704,0.848,12.69,17.26,22.021,23.73,4.143,34.5,8.291
2014-02-17,17.14,4.472,7.355,14.6,30.187,2.19,4.614,6.657,9.615,4.736,5.759,7.355,0.831,3.692,18.427,51.064,6.25,4.901,16.73,3.08,1.85,3.668,0.861,12.46,17.25,22.291,23.75,4.111,34.59,8.336
2014-02-18,17.15,4.5,7.285,14.54,30.037,2.218,4.624,6.588,9.86,4.704,5.759,7.325,0.845,3.672,18.514,51.19,6.22,4.944,16.73,3.04,1.885,3.702,0.872,12.32,17.25,21.956,23.41,4.075,34.31,8.224
2014-02-19,15.96,4.492,7.27,14.57,29.586,2.234,4.73,6.672,9.95,4.704,5.759,7.195,0.888,3.708,18.543,51.79,6.13,4.966,16.78,3.043,1.87,3.712,0.861,12.55,17.33,22.152,23.4,4.083,34.36,8.078
2014-02-20,16.02,4.41,7.185,14.47,29.411,2.234,4.72,6.717,10.07,4.799,5.759,7.12,0.908,3.742,18.533,53.339,6.055,4.969,16.71,3.078,1.85,3.776,0.866,12.68,17.32,22.44,23.75,4.129,34.12,8.061
2014-02-21,15.4,4.48,7.155,14.58,29.235,2.194,4.754,6.697,10.04,4.811,5.759,7.13,0.91,3.73,18.379,53.086,6.095,4.993,16.62,3.075,1.851,3.758,0.872,12.65,17.36,22.329,23.21,4.149,34.32,8.033
2014-02-24,15.4,4.56,7.15,14.71,29.611,2.234,4.716,6.657,9.97,4.776,5.759,7.18,0.907,3.722,18.417,53.023,6.14,4.975,16.56,3.085,1.86,3.768,0.87,12.95,17.42,22.375,23.01,4.176,34.62,8.185
2014-02-25,15.26,4.548,7.29,14.8,29.586,2.236,4.764,6.682,10.14,4.789,5.759,7.115,0.908,3.702,17.799,52.644,6.19,5.018,16.5,3.1,1.843,3.746,0.874,12.9,17.48,22.412,23.2,4.131,34.4,8.421
2014-02-26,15.21,4.51,7.155,15.11,29.26,2.216,5.195,6.722,9.92,4.881,5.759,7.06,0.908,3.694,18.321,52.517,6.47,5.03,16.38,3.11,1.85,3.71,0.85,12.89,17.48,22.161,23.17,4.115,34.28,8.556
2014-02-27,15.09,4.472,7.25,15.15,29.11,2.216,5.13,6.638,10.08,4.808,5.759,6.975,0.934,3.706,17.924,52.454,6.495,5.092,16.25,3.11,1.854,3.714,0.813,13.03,17.38,21.919,23.2,4.127,34.71,8.55
2014-02-28,15.19,4.43,7.225,15.1,28.885,2.246,5.14,6.648,10.13,4.783,5.759,7.125,0.941,3.7,18.118,53.844,6.55,5.193,16.29,3.092,1.851,3.72,0.823,13.33,17.48,22.515,23.65,4.159,34.58,8.96
2014-03-03,14.8,4.36,7.015,13.88,27.106,2.156,4.87,6.459,10.0,4.672,5.759,6.925,0.911,3.65,17.451,52.865,6.425,4.959,15.75,3.015,1.834,3.586,0.794,12.81,17.12,21.789,23.03,4.085,34.43,8.769
2014-03-04,15.35,4.42,7.285,14.2,28.559,2.232,5.12,6.613,10.11,4.877,5.759,7.16,0.941,3.744,17.876,53.781,6.6,5.261,16.25,3.075,1.869,3.76,0.844,13.0,17.55,22.608,23.44,4.115,34.53,9.758
2014-03-05,15.37,4.53,7.59,14.14,29.31,2.288,5.26,6.583,10.2,5.079,5.759,7.045,0.96,3.754,17.673,53.75,6.64,5.387,16.33,3.062,1.904,3.87,0.855,12.89,17.54,23.464,23.3,4.135,34.62,9.932
2014-03-06,15.42,4.55,7.735,14.44,29.761,2.32,5.36,6.533,10.3,5.136,5.759,6.95,0.957,3.796,17.712,53.971,6.64,5.276,16.32,3.057,1.903,3.864,0.837,12.56,17.51,23.38,23.36,4.137,32.5,9.64
2014-03-07,15.31,4.55,7.65,14.0,29.386,2.276,5.26,6.503,10.29,5.026,5.759,6.955,0.966,3.826,17.654,54.571,6.715,4.975,16.16,3.037,1.898,3.814,0.816,12.77,17.34,23.194,23.2,4.153,31.52,9.634
2014-03-10,15.17,4.66,7.71,13.77,30.262,2.284,5.32,6.469,10.26,5.035,5.759,6.89,1.0,3.828,17.596,55.014,6.74,4.95,16.19,3.05,1.92,3.828,0.827,12.48,17.42,23.287,22.94,4.176,31.0,9.842
2014-03-11,15.24,4.674,7.71,13.73,32.141,2.25,5.34,6.394,10.29,4.972,5.759,6.865,1.009,3.836,17.953,54.856,6.715,4.935,16.22,3.082,1.926,3.82,0.82,12.45,17.45,23.064,23.42,4.186,31.49,9.786
2014-03-12,15.06,4.598,7.595,13.89,32.317,2.256,5.38,6.449,10.19,4.925,5.759,6.815,1.002,3.806,17.634,53.876,6.68,4.87,16.3,2.96,1.972,3.868,0.806,12.27,17.33,22.757,23.21,4.167,31.03,9.645
2014-03-13,14.87,4.56,7.72,13.45,31.315,2.214,5.315,6.339,10.26,4.94,5.759,6.75,1.0,3.77,17.383,53.086,6.62,5.095,16.16,2.935,1.975,3.94,0.807,12.24,17.2,22.543,23.04,4.119,31.03,9.853
2014-03-14,14.93,4.53,7.55,13.28,30.864,2.152,5.11,6.22,10.05,4.912,5.759,6.55,0.961,3.74,17.064,53.623,6.545,4.987,15.93,2.88,1.95,3.894,0.792,12.45,17.13,22.105,23.08,4.109,30.6,9.713
2014-03-17,15.22,4.542,7.67,13.73,32.567,2.17,5.275,6.27,10.12,5.07,5.759,6.96,1.029,3.85,17.576,54.287,6.705,5.153,16.15,2.898,1.967,4.038,0.823,12.66,17.36,22.654,23.5,4.188,30.7,9.881
2014-03-18,15.24,4.68,7.825,13.48,32.717,2.24,5.29,6.543,10.75,5.041,5.759,7.015,1.0,3.88,17.277,54.35,6.745,5.19,16.24,2.915,1.942,4.086,0.839,12.58,17.55,23.11,24.04,4.236,31.13,9.881
2014-03-19,15.31,4.67,7.785,13.22,32.467,2.262,5.29,6.578,10.81,4.978,5.759,7.05,1.001,3.866,17.325,54.287,6.735,5.162,16.07,2.895,1.944,4.1,0.83,12.52,17.52,23.352,23.98,4.21,31.0,9.758
2014-03-20,15.47,4.6,7.995,13.32,32.968,2.29,5.22,6.533,10.78,5.032,5.759,7.25,0.979,3.864,17.625,54.603,6.86,5.285,16.17,2.898,1.982,4.13,0.823,12.3,17.59,23.539,23.93,4.135,30.85,9.775
2014-03-21,15.58,4.56,7.835,13.18,32.392,2.304,5.345,6.459,10.81,5.041,5.759,7.02,0.961,3.832,17.431,54.002,6.865,5.205,15.86,2.875,2.0,4.03,0.814,12.43,18.0,23.241,23.65,4.125,30.61,9.735
2014-03-24,15.51,4.5,7.68,12.94,31.841,2.246,5.5,6.28,10.47,4.969,5.759,6.945,0.93,3.792,16.996,52.58,6.685,5.064,15.64,2.855,2.016,3.944,0.8,12.42,17.71,22.943,23.15,4.115,30.0,9.342
2014-03-25,15.75,4.514,7.77,13.15,31.891,2.26,5.56,6.349,10.78,4.994,5.759,6.93,0.953,3.764,17.238,53.244,6.68,4.972,15.88,2.89,2.02,4.006,0.809,12.86,17.88,23.101,23.46,4.139,30.16,9.376
2014-03-26,15.79,4.6,7.82,13.4,32.267,2.294,5.605,6.583,10.85,5.079,5.759,7.1,0.947,3.81,17.547,53.149,6.82,5.224,16.02,2.93,2.012,4.056,0.839,12.69,17.95,23.306,23.55,4.167,29.96,9.409
2014-03-27,15.8,4.86,7.91,13.22,32.467,2.32,5.68,6.797,10.84,5.089,5.759,7.11,0.932,3.85,17.393,53.528,6.8,5.212,16.1,2.945,2.016,4.064,0.839,12.78,17.9,23.632,23.86,4.196,31.22,9.454
2014-03-28,15.92,4.864,7.98,13.53,32.742,2.402,5.68,6.792,10.88,5.196,5.759,7.115,0.94,3.932,17.48,54.318,6.73,5.415,16.22,2.96,2.1,4.114,0.851,12.86,18.18,23.902,23.81,4.278,30.89,10.112
2014-03-31,16.01,4.89,8.3,13.54,33.218,2.46,5.67,6.807,11.18,5.328,5.759,7.165,0.941,3.888,17.46,55.993,6.72,5.627,16.18,2.975,2.12,4.108,0.856,12.7,18.21,24.106,23.95,4.286,31.15,11.708
2014-04-01,16.08,4.814,8.41,13.63,33.72,2.532,5.74,6.975,11.23,5.527,5.759,7.25,0.947,3.918,17.857,55.898,6.72,5.827,16.25,2.953,2.1,4.1,0.858,12.56,18.18,24.339,24.04,4.276,30.67,11.515
2014-04-02,16.02,4.76,8.125,13.34,32.993,2.472,5.615,6.951,10.79,5.391,5.759,7.145,0.93,3.882,18.166,55.646,6.78,5.808,16.43,2.925,2.07,4.032,0.849,12.64,18.17,24.144,23.74,4.234,30.89,11.315
2014-04-03,16.2,4.758,8.28,13.44,33.92,2.552,5.6,6.97,10.71,5.432,5.759,7.19,0.93,3.886,18.504,56.436,6.765,5.931,16.88,2.995,2.078,4.11,0.852,12.72,18.2,24.162,23.52,4.216,30.64,11.574
2014-04-04,16.32,4.71,8.38,14.03,34.195,2.588,5.65,7.1,10.83,5.495,5.759,7.27,0.933,3.936,18.562,56.056,6.71,5.891,16.97,3.072,2.066,4.122,0.878,12.82,18.3,24.823,23.95,4.218,30.22,11.277
2014-04-07,16.19,4.7,8.235,14.0,33.594,2.554,5.565,6.951,10.75,5.536,5.759,7.14,0.934,3.924,18.234,56.246,6.67,5.762,16.77,3.035,2.108,4.104,0.893,12.73,18.17,24.497,24.03,4.198,30.33,11.285
2014-04-08,16.14,4.62,7.955,13.53,32.893,2.506,5.45,6.707,10.47,5.486,5.759,6.92,0.916,3.852,17.847,55.456,6.555,5.547,16.53,3.04,2.09,4.078,0.862,12.28,18.13,23.334,23.62,4.178,30.08,11.018
2014-04-09,16.11,4.68,7.875,13.84,32.091,2.494,5.25,6.623,10.49,5.59,5.759,6.95,0.932,3.904,18.408,55.835,6.65,5.516,16.44,3.027,2.118,4.136,0.868,12.72,18.26,22.766,23.68,4.25,29.95,11.07
2014-04-10,16.03,4.75,7.72,13.56,31.415,2.456,5.255,6.508,10.59,5.53,5.759,6.97,0.902,3.856,17.992,57.32,6.58,5.368,16.18,3.02,2.11,4.032,0.872,12.62,18.24,22.049,22.98,4.22,29.54,10.832
2014-04-11,15.92,4.61,7.59,13.32,31.289,2.392,5.29,6.364,10.34,5.517,5.759,6.845,0.888,3.842,17.818,56.056,6.42,5.209,16.08,3.037,2.11,3.962,0.874,12.23,18.14,21.444,21.82,4.208,29.11,10.721
2014-04-14,16.16,4.436,7.64,13.21,31.665,2.396,5.225,6.384,10.26,5.486,5.759,6.7,0.885,3.876,17.924,57.699,6.23,5.03,16.19,3.112,2.09,4.012,0.871,11.77,18.46,20.96,21.57,4.228,29.02,10.892
2014-04-15,16.02,4.494,7.425,12.72,30.713,2.3,5.06,6.146,9.88,5.24,5.759,6.35,0.855,3.816,17.576,56.878,6.25,4.793,15.87,3.078,2.084,3.916,0.844,11.77,18.39,20.058,21.22,4.194,29.22,10.81
2014-04-16,16.17,4.454,7.82,12.87,32.517,2.404,5.31,6.359,9.97,5.442,5.759,6.5,0.868,3.89,18.214,58.837,6.33,5.205,16.35,3.16,2.13,4.084,0.856,11.76,18.69,20.812,21.92,4.264,29.1,11.663
2014-04-17,16.1,4.486,8.015,12.98,32.542,2.428,5.19,6.339,10.35,5.524,5.759,6.505,0.865,3.876,18.272,59.248,6.47,5.113,16.36,3.065,2.142,4.084,0.855,12.3,18.81,21.314,21.9,4.282,29.11,11.426
2014-04-18,16.1,4.486,8.015,12.98,32.542,2.428,5.19,6.339,10.35,5.524,5.759,6.505,0.865,3.876,18.272,59.248,6.47,5.113,16.36,3.065,2.142,4.084,0.855,12.3,18.81,21.314,21.9,4.282,29.11,11.426
2014-04-21,16.1,4.486,8.015,12.98,32.542,2.428,5.19,6.339,10.35,5.524,5.759,6.505,0.865,3.876,18.272,59.248,6.47,5.113,16.36,3.065,2.142,4.084,0.855,12.3,18.81,21.314,21.9,4.282,29.11,11.426
2014-04-22,16.28,4.542,8.145,13.25,33.394,2.478,5.33,6.494,10.35,5.719,5.759,6.58,0.872,3.926,18.398,60.038,6.615,5.193,16.65,3.13,2.148,4.138,0.89,12.61,18.76,21.91,22.52,4.347,29.79,11.537
2014-04-23,16.22,4.596,7.955,13.09,32.642,2.446,5.255,6.379,10.35,5.603,5.759,6.545,0.863,3.88,18.176,58.869,6.63,5.119,16.59,3.072,2.138,4.09,0.898,12.44,18.59,21.463,22.85,4.307,29.3,10.981
2014-04-24,16.25,4.596,7.965,12.98,33.068,2.462,5.285,6.469,10.51,5.514,5.759,6.655,0.873,3.896,18.079,61.239,6.69,5.227,16.73,3.07,2.17,4.116,0.89,12.7,18.74,21.063,22.58,4.311,29.75,11.352
2014-04-25,16.25,4.484,7.815,12.71,32.191,2.404,5.275,6.454,10.3,5.353,5.759,6.48,0.861,3.844,18.205,61.618,6.705,5.076,16.5,3.075,2.17,3.996,0.864,12.8,18.42,20.839,22.4,4.284,29.03,10.906
2014-04-28,16.3,4.62,7.9,12.98,32.292,2.416,5.21,6.399,10.25,5.369,5.759,6.55,0.866,3.852,17.895,61.681,6.725,5.086,16.72,3.1,2.172,4.032,0.877,12.54,18.32,20.839,22.41,4.323,29.56,10.84
2014-04-29,16.59,4.67,8.005,12.99,32.893,2.48,5.23,6.498,10.27,5.568,5.759,6.665,0.882,3.918,17.963,62.186,6.865,5.245,16.98,3.142,2.152,4.124,0.898,12.45,18.86,21.016,22.8,4.387,29.55,11.136
2014-04-30,16.14,4.7,7.98,12.77,32.267,2.46,5.205,6.429,10.21,5.473,5.759,6.655,0.881,3.9,18.118,60.986,6.89,5.095,16.83,3.13,2.122,4.074,0.924,12.6,18.71,20.895,22.66,4.369,29.72,11.01
2014-05-01,16.14,4.7,7.98,12.77,32.267,2.46,5.205,6.429,10.21,5.473,5.759,6.655,0.881,3.9,18.118,60.986,6.89,5.095,16.83,3.13,2.122,4.074,0.924,12.6,18.71,20.895,22.66,4.369,29.72,11.01
2014-05-02,16.2,4.8,7.895,12.9,32.116,2.46,5.185,6.548,10.25,5.492,5.759,6.7,0.883,3.916,17.973,62.281,6.845,5.159,16.79,3.142,2.148,4.06,0.928,12.57,18.71,21.351,22.52,4.365,30.02,10.981
2014-05-05,15.93,4.846,7.715,12.95,31.991,2.46,5.1,6.528,10.12,5.404,5.759,6.63,0.884,3.94,17.857,61.744,6.795,5.018,16.68,3.148,2.142,4.03,0.924,12.46,18.62,21.035,22.53,4.361,29.73,10.669
2014-05-06,15.89,4.86,7.63,13.18,31.565,2.448,5.185,6.508,9.9,5.341,5.759,6.54,0.878,3.93,17.924,62.218,6.87,4.941,16.58,3.11,2.156,3.982,0.923,12.15,18.6,21.072,22.7,4.416,29.42,10.424
2014-05-07,16.16,4.8,7.46,13.09,31.039,2.346,5.03,6.414,9.85,4.717,5.759,6.05,0.853,3.896,17.576,62.06,6.805,4.744,16.63,3.105,2.098,4.01,0.932,11.81,18.74,20.3,22.25,4.434,29.0,9.831
2014-05-08,16.31,4.78,7.61,13.36,32.116,2.454,5.165,6.494,9.875,4.691,5.759,6.155,0.878,3.934,16.436,63.134,7.0,5.052,16.74,3.125,2.11,4.218,0.942,11.92,19.04,20.486,22.83,4.448,29.42,10.306
2014-05-09,16.09,4.74,7.2,12.83,31.189,2.396,5.0,6.404,9.86,4.748,5.759,6.05,0.863,3.934,15.556,62.471,6.94,4.698,16.57,3.13,2.08,4.19,0.938,11.96,18.92,19.555,22.59,4.518,29.0,9.712
2014-05-12,16.24,4.734,7.13,12.7,31.615,2.384,4.92,6.479,9.75,4.707,5.759,5.975,0.869,4.028,15.169,62.976,7.08,4.723,16.62,3.102,2.07,4.23,0.925,12.0,19.0,19.462,22.8,4.512,29.5,9.808
2014-05-13,16.09,4.638,7.105,12.68,31.264,2.354,4.92,6.439,9.58,4.572,5.759,5.96,0.855,3.978,15.623,62.218,7.14,4.603,16.48,2.985,2.048,4.186,0.877,12.0,18.84,18.978,22.64,4.462,29.88,9.645
2014-05-14,16.1,4.522,6.88,12.48,30.964,2.346,4.87,6.235,9.55,4.666,5.759,5.975,0.837,3.98,15.652,61.428,7.165,4.443,16.53,3.037,2.038,4.164,0.901,11.73,18.85,18.438,21.48,4.49,29.6,9.326
2014-05-15,15.52,4.502,6.58,11.76,29.21,2.2,4.62,5.793,9.805,4.496,5.759,5.735,0.812,3.86,15.459,58.679,6.865,4.206,16.39,2.993,1.984,4.002,0.863,11.4,18.51,17.749,20.66,4.349,29.37,8.785
2014-05-16,15.62,4.47,6.71,11.76,29.786,2.266,4.58,5.823,9.905,4.509,5.759,5.795,0.805,3.88,15.71,58.616,6.815,4.354,16.48,3.053,2.0,4.01,0.86,11.49,18.62,18.215,20.63,4.351,29.74,8.926
2014-05-19,15.69,4.44,6.685,11.8,28.834,2.214,4.462,5.669,9.795,4.568,5.759,5.885,0.82,3.862,15.768,59.374,6.97,4.338,15.86,2.997,2.026,3.976,0.856,11.36,18.07,17.6,20.5,4.208,29.0,8.866
2014-05-20,15.64,4.44,6.86,11.79,29.06,2.28,4.386,5.619,9.8,4.647,5.759,5.83,0.84,3.806,15.952,59.343,6.925,4.468,15.82,3.0,2.028,3.976,0.842,12.1,17.97,17.684,20.31,4.224,29.42,8.97
2014-05-21,15.74,4.476,6.865,11.89,29.937,2.3,4.5,5.639,9.91,4.666,5.759,5.755,0.841,3.798,15.797,60.67,6.95,4.44,15.92,3.033,2.006,4.048,0.831,12.2,18.38,18.14,20.45,4.167,29.13,9.089
2014-05-22,15.82,4.468,6.67,12.13,29.511,2.268,4.17,5.569,9.92,4.594,5.759,5.555,0.824,3.792,15.71,58.9,6.83,4.298,15.73,3.017,1.996,3.964,0.826,12.15,18.38,17.768,20.0,4.147,29.15,8.888
2014-05-23,16.14,4.512,6.89,12.47,30.137,2.316,4.308,5.848,9.9,4.654,5.759,5.72,0.831,3.814,15.952,60.133,6.9,4.501,15.96,3.043,2.024,4.06,0.83,12.16,18.69,18.103,20.3,4.151,29.37,9.274
2014-05-26,16.35,4.544,7.17,12.58,31.59,2.414,4.3,6.141,10.23,4.805,5.759,6.035,0.878,3.934,16.59,61.871,7.14,4.916,16.59,3.105,2.068,4.202,0.883,12.2,18.95,18.959,20.99,4.331,29.64,9.838
2014-05-27,16.19,4.61,7.185,12.57,31.465,2.39,4.388,6.21,10.22,4.858,5.759,5.905,0.864,3.876,16.378,60.891,7.23,4.963,16.53,3.078,2.084,4.184,0.871,12.17,18.92,18.941,21.32,4.319,29.95,9.912
2014-05-28,16.26,4.548,7.225,12.6,31.866,2.436,4.422,6.235,10.38,4.89,5.759,6.0,0.877,3.864,16.561,61.112,7.275,5.046,16.66,3.088,2.096,4.23,0.905,12.25,18.88,18.903,21.58,4.309,31.33,10.157
2014-05-29,16.38,4.594,7.175,12.68,31.665,2.436,4.402,6.19,10.37,4.83,5.759,5.925,0.873,3.86,16.465,61.239,7.36,4.996,16.55,3.135,2.104,4.156,0.914,12.4,18.82,18.531,21.6,4.315,31.29,10.105
2014-05-30,16.42,4.54,7.35,12.76,32.041,2.458,4.418,6.255,10.29,4.833,5.759,6.02,0.879,3.894,16.465,60.417,7.35,5.043,16.61,3.138,2.1,4.152,0.911,12.35,18.69,18.689,21.42,4.343,31.16,10.498
2014-06-02,16.49,4.63,7.41,12.87,32.417,2.484,4.5,6.364,10.38,4.843,5.759,6.095,0.897,3.972,16.397,60.986,7.16,5.076,16.7,3.138,2.066,4.17,0.926,12.59,18.81,18.764,21.47,4.41,31.2,10.558
2014-06-03,16.5,4.61,7.285,12.92,32.317,2.45,4.45,6.33,10.47,4.814,5.759,6.05,0.903,3.966,16.126,60.796,7.085,5.052,16.71,3.08,2.056,4.142,0.914,12.32,18.86,18.364,21.7,4.385,31.19,10.239
2014-06-04,16.58,4.606,7.35,12.8,32.392,2.452,4.444,6.33,10.5,4.726,5.759,6.255,0.899,3.966,16.097,62.186,7.075,5.058,16.59,3.06,2.076,4.16,0.938,12.44,18.62,18.727,21.65,4.397,31.48,10.202
2014-06-05,16.61,4.644,7.645,12.92,33.319,2.51,4.466,6.354,10.51,4.814,5.759,6.325,0.908,4.02,16.039,62.566,7.09,5.156,16.78,3.105,2.086,4.234,0.949,12.32,18.91,19.434,22.25,4.43,31.36,10.409
2014-06-06,16.94,4.66,8.015,13.25,33.945,2.612,4.71,6.369,10.62,4.868,5.759,6.535,0.9,4.008,16.349,62.692,7.09,5.424,16.77,3.1,2.086,4.268,0.986,12.48,19.02,19.899,22.66,4.424,31.16,10.981
2014-06-09,17.2,4.688,7.98,13.38,34.07,2.612,4.676,6.518,10.75,4.988,5.759,6.625,0.906,4.042,16.397,63.514,7.125,5.393,16.75,3.132,2.096,4.334,0.988,12.47,19.15,20.048,22.75,4.478,31.43,11.01
2014-06-10,17.26,4.664,7.98,13.36,34.421,2.604,4.6,6.449,10.67,5.022,5.759,6.635,0.896,4.068,16.349,63.83,7.25,5.353,16.79,3.135,2.1,4.39,0.99,12.53,19.23,20.02,22.55,4.49,31.49,10.869
2014-06-11,16.85,4.65,7.75,13.43,33.92,2.558,4.57,6.275,10.65,4.934,5.759,6.485,0.885,4.044,16.194,63.103,7.145,5.255,16.71,3.125,2.07,4.356,0.993,12.48,19.02,19.797,22.27,4.448,31.45,10.595
2014-06-12,16.96,4.64,7.755,13.34,33.669,2.506,4.44,6.131,10.6,4.915,5.759,6.375,0.881,4.04,16.02,64.746,7.135,5.245,16.58,3.13,2.08,4.332,1.003,12.48,19.22,19.611,22.15,4.446,31.15,10.58
2014-06-13,16.99,4.698,7.82,13.34,33.845,2.496,4.35,6.101,10.53,4.858,5.759,6.54,0.881,4.02,16.058,65.378,7.115,5.162,16.51,3.105,2.09,4.35,0.987,12.23,19.54,19.257,21.91,4.43,31.0,10.461
2014-06-16,16.85,4.688,7.695,13.2,33.394,2.458,4.21,5.997,10.39,4.805,5.759,6.43,0.881,4.02,15.768,65.694,7.055,4.981,16.29,3.108,2.1,4.36,0.946,12.3,19.55,18.689,21.42,4.448,30.92,10.172
2014-06-17,17.05,4.702,7.665,13.2,33.444,2.44,4.22,5.957,10.32,4.795,5.759,6.285,0.88,4.036,15.778,64.177,7.14,4.883,16.42,3.115,2.11,4.384,0.935,12.35,19.45,18.289,21.0,4.531,30.94,10.491
2014-06-18,17.04,4.7,7.695,13.26,33.544,2.44,4.224,5.897,10.41,4.795,5.759,6.265,0.893,4.05,16.087,64.588,7.025,4.935,16.54,3.16,2.11,4.374,0.945,12.32,19.54,18.401,21.08,4.52,31.2,10.469
2014-06-19,17.12,4.708,7.825,13.33,33.97,2.424,4.32,6.081,10.4,4.776,5.759,6.51,0.91,4.1,16.416,65.694,7.0,4.729,16.63,3.195,2.128,4.46,0.951,12.33,20.04,18.503,21.19,4.555,31.3,10.32
2014-06-20,17.12,4.812,7.595,13.29,33.143,2.372,4.404,5.947,10.54,4.78,5.759,6.735,0.9,4.114,16.078,65.884,6.925,4.52,16.5,3.205,2.16,4.436,0.927,12.37,19.95,18.392,21.06,4.48,31.34,10.076
2014-06-23,17.0,4.75,7.56,13.12,32.592,2.336,4.288,5.848,10.36,4.72,5.759,6.9,0.874,3.926,15.894,64.809,6.845,4.403,16.34,3.195,2.136,4.286,0.915,12.28,19.99,18.075,20.76,4.458,31.11,9.786
2014-06-24,17.28,4.678,7.47,12.86,31.791,2.294,4.174,5.823,10.17,4.795,5.759,6.85,0.878,3.94,15.923,64.398,6.845,4.434,16.32,3.21,2.15,4.322,0.927,12.1,20.04,18.112,20.32,4.468,30.96,9.556
2014-06-25,16.99,4.71,7.385,12.52,31.39,2.292,4.11,5.704,10.02,4.748,5.759,6.86,0.853,3.884,15.546,62.439,6.795,4.4,16.18,3.19,2.126,4.246,0.93,12.3,19.9,17.796,20.02,4.458,30.71,9.541
2014-06-26,17.06,4.668,7.43,12.66,30.839,2.29,4.09,5.704,10.3,4.672,5.759,6.92,0.849,3.914,15.411,63.545,6.64,4.366,16.11,3.185,2.13,4.23,0.933,12.28,19.8,17.768,20.0,4.422,30.7,9.356
2014-06-27,17.22,4.65,7.39,12.65,30.788,2.278,4.054,5.704,10.11,4.641,5.759,6.895,0.84,3.9,15.565,62.06,6.595,4.467,16.04,3.158,2.092,4.186,0.921,12.22,19.86,17.712,20.15,4.438,30.68,9.215
2014-06-30,17.2,4.592,7.28,12.29,30.638,2.256,4.128,5.594,10.05,4.546,5.759,6.945,0.842,3.852,15.952,62.25,6.55,4.467,16.01,3.16,2.08,4.254,0.925,12.28,19.98,17.517,20.1,4.438,30.6,8.926
2014-07-01,17.28,4.61,7.355,12.49,31.39,2.322,4.266,5.778,10.22,4.698,5.759,6.995,0.849,3.886,15.981,62.629,6.825,4.64,16.09,3.122,2.096,4.314,0.916,12.31,20.1,17.917,20.41,4.49,31.03,9.237
2014-07-02,17.32,4.514,7.425,12.74,31.49,2.332,4.3,5.858,10.27,4.72,5.759,7.045,0.858,3.922,16.213,61.871,6.825,4.704,16.17,3.15,2.106,4.378,0.9,12.4,20.2,18.233,20.85,4.529,30.91,9.319
2014-07-03,17.65,4.54,7.49,13.05,32.016,2.346,4.326,5.897,10.36,4.862,5.759,7.27,0.86,3.936,16.532,63.292,6.925,4.687,16.34,3.17,2.114,4.342,0.92,12.79,20.41,18.326,21.7,4.518,31.27,9.059
2014-07-04,17.61,4.526,7.38,12.83,30.989,2.274,4.3,5.738,10.36,4.805,5.737,7.27,0.85,3.9,16.358,62.913,6.835,4.549,16.17,3.138,2.104,4.306,0.907,12.72,20.24,17.973,21.25,4.474,31.18,8.874
2014-07-07,17.64,4.59,7.17,12.58,30.513,2.232,4.25,5.604,10.28,4.729,5.538,7.08,0.83,3.882,16.397,63.292,6.69,4.407,16.05,3.082,2.08,4.24,0.896,12.75,19.97,18.001,21.0,4.446,31.2,8.681
2014-07-08,17.25,4.62,6.915,12.5,29.511,2.14,4.16,5.505,9.99,4.66,5.519,6.8,0.815,3.872,15.933,60.512,6.495,4.224,15.55,3.05,2.046,4.144,0.877,12.45,19.59,17.684,20.75,4.428,31.06,8.258
2014-07-09,17.12,4.65,7.08,12.56,29.811,2.202,4.136,5.629,10.09,4.736,5.519,6.92,0.813,3.886,15.739,61.081,6.62,4.288,15.59,3.065,2.066,4.19,0.88,12.36,19.75,18.466,20.76,4.418,31.25,8.532
2014-07-10,17.07,4.442,6.975,12.25,29.06,2.178,4.054,5.594,9.835,4.654,5.464,7.065,0.789,3.844,15.13,59.185,6.435,4.187,15.28,2.955,2.004,4.136,0.876,12.31,19.31,18.047,20.44,4.387,30.92,8.287
2014-07-11,17.09,4.5,7.015,12.28,29.035,2.198,4.18,5.699,9.76,4.66,5.482,7.205,0.798,3.892,15.227,59.469,6.47,4.271,15.39,3.015,2.046,4.202,0.865,12.58,19.38,17.926,20.21,4.45,31.09,8.273
2014-07-14,16.77,4.46,7.07,12.4,29.711,2.238,4.19,5.614,9.865,4.729,5.464,7.25,0.787,3.888,15.227,58.173,6.54,4.41,15.4,3.027,2.02,4.208,0.873,12.57,19.56,18.066,20.42,4.349,31.0,7.976
2014-07-15,16.53,4.472,6.76,12.06,29.085,2.202,4.196,5.649,9.86,4.751,5.486,7.14,0.78,3.854,14.985,57.921,6.47,4.423,15.18,2.953,2.016,4.11,0.845,12.09,19.36,17.675,20.25,4.327,30.92,8.087
2014-07-16,16.84,4.48,7.015,12.37,29.811,2.296,4.34,5.833,10.0,4.792,5.494,7.33,0.81,3.95,15.643,58.142,6.815,4.562,15.54,3.033,2.05,4.25,0.909,12.23,19.87,18.178,20.74,4.395,31.13,8.733
2014-07-17,16.52,4.45,6.765,12.41,28.834,2.23,4.18,5.723,9.97,4.858,5.427,7.25,0.806,3.89,15.411,57.952,6.705,4.41,15.18,3.0,2.024,4.122,0.872,12.3,19.48,17.824,20.58,4.331,31.0,8.406
2014-07-18,16.65,4.358,6.825,12.39,29.361,2.244,4.23,5.689,9.89,4.925,5.468,7.175,0.839,3.892,15.246,59.185,6.725,4.454,15.19,2.993,2.026,4.162,0.882,12.12,19.57,17.777,20.0,4.373,31.0,8.725
2014-07-21,16.52,4.336,6.745,12.31,28.709,2.202,4.088,5.664,9.72,4.84,5.427,7.0,0.832,3.866,15.15,57.921,6.725,4.325,15.02,2.947,2.02,4.108,0.869,12.05,19.3,17.517,19.2,4.381,30.83,8.532
2014-07-22,16.88,4.38,6.845,12.3,28.91,2.244,4.242,5.808,9.65,4.836,5.431,7.16,0.866,3.996,15.536,60.322,6.985,4.373,15.28,2.967,2.032,4.288,0.88,12.0,19.77,17.768,19.92,4.488,30.64,8.725
2014-07-23,16.76,4.646,6.85,12.68,29.411,2.264,4.25,5.758,9.68,4.811,5.39,7.075,0.854,3.98,15.256,59.627,6.57,4.308,15.32,2.95,2.03,4.24,0.874,12.08,19.79,17.684,20.01,4.456,30.5,8.844
2014-07-24,16.87,4.64,7.05,12.88,30.513,2.344,4.336,5.947,9.79,4.912,5.379,7.18,0.874,4.026,15.314,58.521,6.52,4.576,15.5,2.957,2.04,4.294,0.887,12.0,20.02,19.099,20.6,4.48,30.5,9.274
2014-07-25,16.66,4.65,7.1,12.65,30.087,2.304,4.36,5.942,9.69,4.918,5.324,7.205,0.886,4.008,15.43,58.711,6.41,4.437,15.36,2.935,2.028,4.258,0.897,11.77,19.71,18.829,20.67,4.484,30.43,9.081
2014-07-28,16.48,4.628,6.85,12.54,29.987,2.286,4.336,5.927,9.6,4.827,5.194,7.025,0.871,4.018,15.536,58.205,6.395,4.366,15.33,2.95,2.036,4.244,0.897,12.05,19.66,18.643,20.7,4.506,30.03,8.903
2014-07-29,16.65,4.64,6.88,12.72,30.388,2.3,4.27,5.897,9.59,4.799,5.095,6.92,0.877,4.058,15.73,56.562,6.275,4.423,15.48,2.967,2.03,4.31,0.895,12.19,19.8,18.708,20.9,4.555,29.78,8.977
2014-07-30,16.68,4.594,6.79,12.55,30.262,2.288,4.238,5.813,9.6,4.698,5.058,6.98,0.876,3.998,15.488,56.941,6.36,4.447,15.32,2.95,2.008,4.26,0.891,12.14,19.38,18.606,21.13,4.523,30.09,8.94
2014-07-31,16.11,4.47,6.625,12.15,29.361,2.23,4.114,5.664,9.545,4.568,5.11,6.91,0.854,3.932,15.391,55.172,6.22,4.298,15.63,2.918,2.02,4.264,0.865,12.35,19.06,17.982,20.92,4.448,29.9,8.621
2014-08-01,16.01,4.4,6.57,11.78,29.436,2.258,4.1,5.694,9.3,4.483,5.198,6.735,0.828,3.878,15.198,55.298,6.025,4.234,15.6,2.898,1.963,4.164,0.853,11.94,18.78,17.396,20.99,4.414,29.5,8.555
2014-08-04,16.05,4.4,6.44,11.7,29.661,2.29,4.1,5.783,9.125,4.455,5.257,6.625,0.812,3.87,14.937,55.172,5.945,4.278,15.69,2.915,1.963,4.174,0.865,11.97,18.83,17.182,20.95,4.395,28.68,8.391
2014-08-05,16.21,4.436,6.285,11.33,29.361,2.236,4.046,5.674,9.16,4.316,5.198,6.62,0.801,3.82,14.782,54.287,5.92,4.254,15.57,2.89,1.97,4.066,0.825,11.85,18.62,16.753,20.3,4.359,28.95,8.072
2014-08-06,16.07,4.37,5.98,10.92,28.258,2.164,3.932,5.435,9.6,4.077,5.032,6.46,0.78,3.75,14.647,53.181,5.835,3.973,15.29,2.85,1.921,3.92,0.803,11.7,18.47,16.083,19.87,4.276,28.74,7.679
2014-08-07,15.75,4.4,5.915,10.6,27.933,2.106,3.73,5.271,9.75,4.133,4.947,6.425,0.737,3.722,14.57,52.264,5.85,3.428,15.1,2.807,1.9,3.804,0.812,11.45,18.21,16.204,19.88,4.214,28.75,7.345
2014-08-08,15.96,4.384,6.02,10.65,27.857,2.128,3.866,5.177,9.855,4.272,4.888,6.54,0.762,3.708,14.415,53.149,5.8,3.807,15.1,2.807,1.882,3.76,0.825,11.4,18.2,15.944,19.82,4.206,28.99,7.471
2014-08-11,16.15,4.466,5.965,11.0,27.958,2.15,3.788,5.311,10.04,4.404,4.788,6.615,0.767,3.76,14.966,54.729,5.925,3.926,15.28,2.818,1.9,3.84,0.829,11.5,18.39,16.223,20.16,4.28,29.1,8.087
2014-08-12,16.0,4.4,6.06,10.88,28.083,2.12,3.76,5.276,9.925,4.477,4.711,6.68,0.765,3.752,14.744,54.413,5.86,3.963,15.22,2.81,1.892,3.836,0.823,11.55,18.16,16.325,20.3,4.228,29.1,8.161
2014-08-13,16.08,4.398,6.09,10.76,28.509,2.142,3.71,5.207,9.91,4.521,5.15,6.57,0.763,3.742,14.56,54.887,5.945,4.007,15.33,2.81,1.89,3.898,0.823,11.54,18.24,16.111,20.59,4.27,29.2,8.488
2014-08-14,16.12,4.338,6.175,11.08,27.983,2.116,3.748,5.197,9.77,4.622,4.984,6.655,0.756,3.764,14.521,55.266,6.015,3.946,15.18,2.845,1.911,3.896,0.81,11.66,18.38,16.214,20.13,4.293,29.62,8.287
2014-08-15,16.12,4.338,6.175,11.08,27.983,2.116,3.748,5.197,9.77,4.622,4.984,6.655,0.756,3.764,14.521,55.266,6.015,3.946,15.18,2.845,1.911,3.896,0.81,11.66,18.38,16.214,20.13,4.293,29.62,8.287
2014-08-18,16.23,4.36,6.31,11.33,28.058,2.156,3.8,5.306,9.84,4.66,4.866,6.92,0.756,3.824,14.831,55.266,6.08,4.075,15.22,2.85,1.91,3.932,0.81,11.87,18.36,16.586,19.95,4.325,30.28,8.376
2014-08-19,16.21,4.39,6.39,11.45,28.233,2.162,3.736,5.48,9.87,4.524,4.969,6.915,0.752,3.778,14.898,55.298,6.165,4.027,15.19,2.885,1.92,3.888,0.822,11.97,18.44,17.126,20.24,4.286,30.2,8.154
2014-08-20,16.19,4.41,6.37,11.4,28.108,2.158,3.728,5.425,9.94,4.496,4.962,6.85,0.75,3.81,14.705,55.551,6.14,3.892,15.21,2.882,1.949,3.904,0.822,11.69,18.41,17.126,20.18,4.311,30.76,8.228
2014-08-21,16.34,4.44,6.55,11.55,28.985,2.23,3.78,5.555,10.08,4.587,4.929,6.95,0.811,3.88,14.966,56.183,6.26,4.0,15.47,2.918,2.014,3.966,0.843,12.05,18.66,17.61,20.8,4.424,30.75,8.562
2014-08-22,16.33,4.41,6.575,11.39,28.91,2.228,3.812,5.53,10.02,4.613,4.859,6.91,0.806,3.86,14.821,56.214,6.285,4.024,15.37,2.882,1.966,3.916,0.832,11.8,18.42,17.554,20.61,4.381,30.35,8.755
2014-08-25,16.72,4.412,6.685,11.52,29.536,2.288,4.04,5.649,10.15,4.669,4.918,7.135,0.826,3.938,15.024,56.341,6.34,4.203,15.66,2.945,2.01,4.062,0.842,11.94,18.85,17.973,21.15,4.486,30.38,8.888
2014-08-26,16.87,4.442,6.85,11.82,30.212,2.326,4.044,5.763,10.16,4.723,5.021,7.18,0.836,3.97,15.256,57.257,6.395,4.332,15.82,2.96,2.05,4.118,0.836,11.75,19.06,18.643,21.24,4.5,30.17,8.992
2014-08-27,16.89,4.45,6.895,12.03,30.513,2.332,4.24,5.798,10.18,4.773,5.169,7.21,0.841,3.95,15.208,57.131,6.34,4.491,15.76,2.947,2.1,4.128,0.863,12.48,19.08,18.708,21.07,4.482,30.49,9.148
2014-08-28,16.63,4.45,6.72,11.57,29.486,2.262,4.158,5.659,10.17,4.691,5.08,7.085,0.828,3.918,14.85,56.214,6.29,4.346,15.47,2.905,2.096,4.008,0.874,12.6,18.75,18.392,20.8,4.42,30.58,8.696
2014-08-29,16.79,4.394,6.65,11.53,29.511,2.264,4.15,5.619,10.16,4.691,5.11,7.12,0.834,3.92,14.947,57.067,6.36,4.322,15.56,2.932,2.138,4.026,0.876,12.4,18.98,18.438,20.68,4.464,30.01,8.807
2014-09-01,16.85,4.42,6.545,11.46,29.285,2.246,4.14,5.559,10.17,4.638,5.058,7.16,0.818,3.93,14.792,55.646,6.44,4.251,15.47,2.925,2.098,4.018,0.865,12.62,18.92,18.112,20.59,4.486,30.03,8.606
2014-09-02,17.08,4.36,6.525,11.59,29.636,2.264,4.12,5.723,10.17,4.654,5.065,7.15,0.817,3.96,14.86,55.867,6.47,4.268,15.71,2.957,2.086,4.002,0.863,12.28,18.98,18.205,20.61,4.494,30.0,8.725
2014-09-03,17.21,4.38,6.795,11.81,30.488,2.33,4.27,5.808,10.2,4.78,5.121,7.19,0.827,4.016,15.072,56.341,6.505,4.407,16.07,2.997,2.13,4.142,0.862,12.33,19.22,18.764,21.53,4.547,30.29,8.866
2014-09-04,17.5,4.37,7.11,11.95,32.041,2.46,4.322,5.942,10.22,4.846,5.132,7.28,0.835,4.074,15.372,56.088,6.58,4.626,16.44,3.025,2.118,4.25,0.878,12.39,19.58,19.667,21.88,4.611,30.4,9.259
2014-09-05,17.44,4.45,7.24,12.05,32.116,2.458,4.34,5.952,10.28,4.833,5.154,7.285,0.866,4.104,15.343,55.804,6.55,4.633,16.43,2.977,2.12,4.23,0.869,12.49,19.45,19.639,22.05,4.601,30.91,9.682
2014-09-08,17.26,4.604,7.22,11.86,31.966,2.46,4.288,5.912,10.19,4.773,5.132,7.33,0.855,4.08,15.275,54.224,6.58,4.63,16.38,2.965,2.136,4.206,0.887,12.46,19.26,19.536,21.81,4.567,30.85,9.734
2014-09-09,17.29,4.53,7.1,11.77,31.565,2.438,4.21,5.952,10.1,4.852,5.228,7.445,0.865,4.026,15.082,54.002,6.37,4.464,16.33,2.95,2.118,4.204,0.914,12.38,19.15,19.75,21.75,4.478,30.75,9.601
2014-09-10,17.13,4.54,7.13,11.65,31.565,2.442,4.2,5.942,10.04,4.944,5.202,7.395,0.863,3.972,14.869,54.318,6.27,4.451,16.36,2.94,2.082,4.202,0.919,12.47,19.07,19.778,21.7,4.488,30.75,9.623
2014-09-11,17.63,4.58,7.0,11.55,31.615,2.446,4.152,5.902,9.905,5.019,5.169,7.52,0.841,3.96,14.84,54.192,6.235,4.423,16.19,2.9,2.108,4.202,0.932,12.41,18.87,19.611,21.7,4.468,30.96,9.616
2014-09-12,17.74,4.58,7.045,11.79,31.515,2.422,4.146,5.882,10.05,4.959,5.161,7.625,0.831,3.96,14.879,54.066,6.37,4.417,16.23,2.878,2.098,4.218,0.927,12.59,18.78,19.89,21.82,4.502,31.0,9.63
2014-09-15,17.75,4.552,6.935,11.34,31.039,2.426,4.082,5.728,10.06,4.903,5.158,7.7,0.821,3.926,14.763,53.56,6.2,4.42,16.1,2.9,2.078,4.164,0.919,12.43,18.59,19.49,21.51,4.414,30.73,9.304
2014-09-16,17.82,4.57,6.825,11.11,31.139,2.408,4.06,5.639,10.1,4.966,5.11,7.6,0.803,3.94,14.763,53.181,6.155,4.332,16.08,2.915,2.032,4.148,0.9,12.44,18.73,18.987,21.37,4.389,30.68,9.141
2014-09-17,18.04,4.55,7.01,11.24,31.791,2.46,4.17,5.743,10.19,4.981,5.124,7.66,0.816,3.934,14.898,53.655,6.24,4.41,16.36,2.938,2.042,4.2,0.914,12.64,18.97,19.676,21.86,4.438,30.88,9.423
2014-09-18,18.15,4.548,7.075,11.17,32.141,2.466,4.198,5.728,10.2,4.903,5.117,7.755,0.812,3.916,14.763,53.465,6.425,4.254,16.48,2.915,2.06,4.2,0.906,13.03,19.0,19.387,21.58,4.406,30.94,9.371
2014-09-19,18.18,4.506,7.09,11.15,31.565,2.418,4.214,5.664,10.26,4.906,5.165,7.62,0.792,3.922,14.608,52.707,6.165,4.241,16.5,2.9,2.04,4.17,0.894,12.82,19.0,19.443,21.6,4.418,30.3,9.245
2014-09-22,17.86,4.5,6.88,11.2,31.365,2.41,4.158,5.669,10.06,4.94,5.099,7.48,0.775,3.91,14.328,51.127,5.91,4.122,16.38,2.9,2.036,4.156,0.888,12.9,18.38,19.127,21.42,4.355,29.85,8.888
2014-09-23,17.73,4.45,6.795,11.13,30.638,2.366,4.086,5.525,10.17,4.862,5.014,7.42,0.779,3.894,13.893,50.811,5.92,4.132,16.13,2.845,2.0,4.058,0.888,12.98,18.07,18.652,21.39,4.333,29.52,8.658
2014-09-24,17.94,4.4,6.71,10.83,31.089,2.41,4.088,5.604,10.19,4.966,5.01,7.425,0.793,3.918,13.97,51.759,5.97,4.163,16.39,2.852,2.0,4.138,0.913,12.96,18.53,18.81,21.48,4.448,29.85,8.495
2014-09-25,17.78,4.39,6.655,10.34,30.438,2.364,4.016,5.535,9.8,5.051,4.984,7.505,0.771,3.878,13.622,51.727,5.895,4.048,16.33,2.81,2.01,4.106,0.914,12.91,18.32,18.568,21.38,4.375,29.6,8.169
2014-09-26,18.15,4.376,6.77,10.41,31.114,2.428,4.028,5.629,9.8,5.073,4.984,7.585,0.786,3.948,13.854,52.138,6.0,4.176,16.56,2.818,2.03,4.19,0.93,12.88,18.55,18.931,21.3,4.403,29.59,8.51
2014-09-29,17.95,4.37,6.595,10.4,30.513,2.38,3.918,5.54,9.82,4.988,4.873,7.535,0.77,3.932,13.903,51.79,6.005,4.078,16.28,2.832,2.02,4.126,0.91,13.02,18.47,18.568,20.99,4.401,29.33,8.332
2014-09-30,18.15,4.432,6.81,10.81,31.365,2.406,3.832,5.584,9.935,4.817,4.859,7.705,0.785,3.982,14.222,53.212,6.135,4.264,16.66,2.858,2.096,4.202,0.908,12.98,18.87,18.643,20.93,4.418,29.72,8.629
2014-10-01,17.79,4.588,6.91,10.86,31.59,2.398,3.812,5.49,10.03,4.695,4.866,7.61,0.782,3.946,13.883,51.032,6.08,4.268,16.5,2.815,2.076,4.15,0.891,12.93,18.61,18.28,21.12,4.363,29.77,8.755
2014-10-02,16.98,4.48,6.64,10.5,30.062,2.266,3.66,5.336,9.675,4.616,4.973,7.12,0.754,3.85,13.458,49.136,6.0,4.017,15.97,2.755,2.004,3.99,0.866,12.52,17.9,17.377,20.66,4.202,29.44,8.213
2014-10-03,16.82,4.466,6.795,10.55,30.788,2.332,3.652,5.391,10.12,4.695,5.076,7.315,0.758,3.908,13.748,49.768,6.13,4.156,16.19,2.785,2.018,4.072,0.881,12.9,17.88,17.712,21.05,4.303,29.76,8.347
2014-10-06,16.71,4.56,6.81,10.58,30.588,2.332,3.66,5.381,9.8,4.666,4.966,7.235,0.763,3.872,13.593,49.61,6.14,4.183,16.18,2.765,2.028,4.012,0.868,12.73,17.71,17.684,20.95,4.256,29.8,8.317
2014-10-07,16.69,4.5,6.67,10.3,30.187,2.284,3.61,5.351,9.67,4.568,5.021,7.085,0.766,3.838,13.545,49.484,6.0,4.19,15.91,2.75,2.008,3.922,0.862,12.46,17.3,17.182,20.68,4.206,29.6,8.302
2014-10-08,16.15,4.48,6.645,10.24,29.862,2.276,3.55,5.276,9.57,4.568,4.958,7.055,0.747,3.85,13.525,49.705,5.91,4.173,15.96,2.743,1.989,3.896,0.851,12.27,17.13,17.405,20.31,4.208,29.59,8.354
2014-10-09,16.23,4.402,6.49,10.23,29.235,2.21,3.426,5.127,9.375,4.471,4.932,6.8,0.742,3.852,13.158,49.737,5.915,4.122,15.83,2.773,1.95,3.882,0.832,12.38,17.0,17.005,20.21,4.184,29.33,8.302
2014-10-10,15.99,4.38,6.48,10.14,29.06,2.206,3.5,4.973,9.36,4.376,4.873,6.92,0.736,3.84,12.733,48.315,5.59,4.149,15.76,2.803,1.95,3.854,0.827,12.5,16.61,17.182,19.9,4.111,28.96,8.503
2014-10-13,16.11,4.3,6.445,10.21,29.16,2.226,3.56,5.137,9.035,4.43,4.807,6.925,0.751,3.846,12.704,47.335,5.29,4.126,15.52,2.707,1.935,3.814,0.811,12.37,16.68,16.865,19.78,4.115,28.4,8.606
2014-10-14,16.01,4.386,6.415,10.32,28.985,2.256,3.638,5.177,9.43,4.464,4.678,6.97,0.744,3.822,12.945,47.619,5.425,4.115,15.69,2.713,1.95,3.8,0.84,12.42,16.56,16.577,19.43,4.123,28.76,8.532
2014-10-15,15.25,4.248,6.045,9.85,27.206,2.124,3.45,4.921,9.19,4.335,4.548,6.595,0.711,3.722,12.452,46.45,5.19,3.797,15.02,2.628,1.884,3.622,0.799,12.14,16.0,15.888,18.58,4.028,28.98,7.842
2014-10-16,15.23,4.18,5.99,9.665,26.379,2.1,3.48,4.923,9.2,4.348,4.578,6.71,0.701,3.75,12.356,47.525,5.17,3.719,14.79,2.59,1.85,3.552,0.767,11.84,15.86,15.274,18.66,4.067,28.31,7.805
2014-10-17,14.99,4.3,6.3,10.26,27.807,2.192,3.63,5.147,9.35,4.543,4.703,6.835,0.737,3.772,13.003,49.452,5.295,3.99,15.2,2.66,1.938,3.65,0.782,11.97,16.36,16.148,19.5,4.123,28.36,8.369
2014-10-20,14.74,4.3,6.355,10.28,27.557,2.174,3.548,5.008,9.5,4.559,4.667,6.865,0.724,3.768,12.626,48.03,5.245,4.048,15.16,2.668,1.94,3.662,0.786,11.98,15.99,16.232,19.3,4.085,27.69,8.451
2014-10-21,15.16,4.332,6.63,10.63,28.609,2.274,3.602,5.197,9.85,4.647,4.77,7.045,0.741,3.83,12.994,49.105,5.37,4.258,15.5,2.71,1.932,3.744,0.803,12.19,16.3,16.539,19.93,4.131,28.21,8.881
2014-10-22,15.24,4.46,6.665,10.82,29.06,2.304,3.594,5.276,9.72,4.729,4.899,7.155,0.748,3.854,13.245,48.125,5.515,4.271,15.66,2.72,1.971,3.78,0.814,12.59,16.42,16.577,20.3,4.202,28.41,8.829
2014-10-23,15.37,4.528,6.755,10.89,29.386,2.32,3.664,5.316,9.8,4.795,4.829,7.295,0.753,3.92,13.139,48.978,5.51,4.254,15.81,2.765,1.983,3.826,0.826,12.88,16.59,16.614,20.6,4.226,29.72,8.963
2014-10-24,15.33,4.482,6.865,10.87,29.486,2.356,3.776,5.266,9.85,4.72,4.748,7.21,0.762,3.922,12.955,47.209,5.505,4.322,16.0,2.743,1.986,3.852,0.839,12.91,16.4,16.874,20.68,4.206,29.25,9.141
2014-10-27,15.14,4.636,6.635,10.56,28.734,2.282,3.78,5.167,9.835,4.603,4.888,7.03,0.775,3.866,12.81,45.218,5.42,4.139,15.77,2.727,1.992,3.798,0.819,12.9,16.08,16.176,20.4,4.172,29.52,8.977
2014-10-28,15.52,4.75,6.945,10.49,29.06,2.336,3.74,5.321,9.905,4.808,4.884,7.155,0.799,3.936,13.197,42.595,5.565,4.308,16.1,2.785,2.006,3.922,0.856,13.33,16.46,17.116,20.86,4.307,29.2,9.081
2014-10-29,15.35,4.698,6.81,10.44,27.757,2.248,3.724,5.256,10.1,5.423,4.818,6.87,0.774,3.89,13.003,40.036,5.0,4.058,15.88,2.793,2.036,3.918,0.86,13.63,16.33,16.865,20.84,4.222,29.88,8.562
2014-10-30,15.49,4.69,6.835,10.57,27.682,2.25,3.776,5.217,10.27,5.407,4.737,6.785,0.781,3.916,12.984,39.309,5.06,3.994,15.85,2.8,2.07,3.91,0.867,13.85,16.57,17.014,20.89,4.216,29.73,8.369
2014-10-31,15.7,4.676,7.02,10.77,28.859,2.338,3.85,5.331,10.4,5.615,4.825,7.19,0.799,4.018,13.342,39.499,5.325,4.109,16.34,2.868,2.1,4.07,0.902,13.8,17.0,17.349,21.15,4.347,30.84,8.562
2014-11-03,15.58,4.6,6.945,10.8,28.659,2.28,3.786,5.281,10.36,5.621,4.814,7.025,0.772,3.75,13.245,39.151,5.42,4.041,16.13,2.783,2.046,3.898,0.898,13.79,16.73,17.237,21.15,3.855,30.78,8.421
2014-11-04,14.97,4.63,6.82,10.4,27.757,2.198,3.71,5.261,10.26,5.533,4.844,6.775,0.761,3.754,12.965,37.255,5.355,3.875,16.0,2.763,2.028,3.852,0.873,13.73,16.14,17.089,20.66,3.994,30.83,8.161
2014-11-05,15.37,4.664,7.005,10.68,28.784,2.256,3.728,5.4,10.45,5.631,4.914,7.035,0.779,3.804,13.187,37.666,5.495,3.987,16.41,2.828,2.038,3.97,0.903,13.76,16.45,17.963,21.16,4.079,30.76,8.406
2014-11-06,14.79,4.692,6.885,10.86,28.509,2.244,3.628,5.321,10.58,5.577,4.91,7.475,0.789,3.78,13.661,38.298,5.57,3.882,16.37,2.795,2.028,3.932,0.878,13.7,16.49,17.591,21.16,4.02,30.7,8.206
2014-11-07,15.0,4.732,6.835,10.8,27.557,2.21,3.614,5.341,10.5,5.53,5.058,7.475,0.777,3.778,14.125,40.194,5.5,3.757,16.3,2.783,2.016,3.824,0.864,13.5,16.41,17.005,20.86,4.026,30.97,7.968
2014-11-10,14.83,4.774,6.795,11.05,28.033,2.244,3.562,5.356,10.5,5.603,5.095,7.45,0.794,3.824,14.173,39.909,5.545,3.696,16.42,2.803,1.98,3.916,0.856,13.53,16.58,16.102,21.13,4.077,30.2,7.724
2014-11-11,14.88,4.76,6.84,10.97,27.106,2.24,3.52,5.346,10.47,5.77,5.169,7.43,0.802,3.864,14.028,40.257,5.555,3.652,16.41,2.793,2.036,3.928,0.869,13.72,16.57,16.009,21.14,4.135,30.69,7.642
2014-11-12,14.7,4.78,6.605,10.59,25.578,2.158,3.436,5.251,10.43,5.896,5.091,7.195,0.78,3.81,13.554,40.668,5.495,3.432,16.16,2.632,1.993,3.698,0.87,13.83,16.14,15.506,21.15,4.053,30.54,7.319
2014-11-13,14.54,4.788,6.67,10.51,25.703,2.176,3.624,5.445,10.51,6.176,5.025,7.265,0.78,3.812,13.429,38.93,5.43,3.432,16.2,2.625,1.989,3.674,0.887,13.73,16.1,15.73,20.87,4.065,30.54,7.208
2014-11-14,14.59,4.822,6.72,10.78,26.329,2.21,3.732,5.316,10.59,6.227,5.08,7.545,0.793,3.782,13.4,40.447,5.575,3.401,16.25,2.63,1.934,3.694,0.9,13.79,16.23,15.86,21.04,4.087,31.2,7.156
2014-11-17,14.58,4.796,6.825,10.85,27.181,2.248,3.8,5.291,10.49,6.293,5.143,7.485,0.802,3.812,13.593,41.458,5.695,3.516,16.44,2.67,2.0,3.712,0.912,13.65,16.39,15.823,21.05,4.125,32.48,7.371
2014-11-18,14.61,4.85,6.825,11.52,27.582,2.262,3.898,5.286,10.64,6.4,5.217,7.44,0.809,3.848,13.777,41.963,5.785,3.581,16.5,2.707,2.02,3.726,0.903,13.78,16.49,15.823,21.1,4.2,32.39,7.471
2014-11-19,14.14,4.964,6.915,11.62,27.832,2.29,4.0,5.227,10.77,6.151,5.191,7.405,0.82,3.86,13.661,40.731,5.89,3.564,16.66,2.703,2.038,3.692,0.914,13.97,16.49,15.823,21.01,4.176,33.02,7.59
2014-11-20,14.33,4.98,6.83,11.51,27.406,2.254,3.97,5.167,10.7,6.157,5.143,7.26,0.812,3.822,13.825,41.868,5.9,3.445,16.71,2.713,2.0,3.614,0.904,13.88,16.42,15.674,20.73,4.157,32.83,7.334
2014-11-21,14.95,4.946,7.06,12.0,28.935,2.364,4.05,5.48,10.8,6.255,5.242,7.56,0.836,3.888,14.434,42.184,5.895,3.631,17.2,2.755,2.024,3.774,0.919,13.83,17.19,16.242,20.87,4.27,33.03,7.731
2014-11-24,14.49,4.99,7.005,11.99,29.085,2.388,4.012,5.396,10.77,6.343,5.353,7.535,0.826,3.81,14.357,41.331,5.87,3.716,17.18,2.767,2.002,3.73,0.884,13.72,17.2,16.521,21.0,4.24,32.76,7.879
2014-11-25,14.35,5.01,7.075,12.02,29.16,2.43,4.09,5.48,10.8,6.343,5.335,7.545,0.83,3.82,14.367,41.205,5.96,3.801,17.12,2.763,2.05,3.778,0.883,13.82,17.14,16.67,21.21,4.276,32.57,7.991
2014-11-26,14.42,4.978,7.085,12.02,29.31,2.406,4.072,5.51,10.93,6.331,5.468,7.625,0.83,3.828,14.425,40.415,5.96,3.777,17.09,2.777,2.03,3.818,0.874,13.82,16.85,16.902,21.02,4.25,32.2,7.983
2014-11-27,13.9,4.984,7.24,12.25,29.912,2.454,4.116,5.584,11.0,6.35,5.582,7.69,0.837,3.872,14.28,38.456,6.01,3.872,17.28,2.797,2.042,3.894,0.891,13.94,16.52,17.144,21.55,4.254,32.89,8.184
2014-11-28,13.3,5.01,7.2,12.03,29.786,2.478,4.128,5.545,11.01,6.325,5.612,7.8,0.838,3.884,13.97,36.37,6.045,3.858,17.39,2.81,2.046,3.88,0.906,14.06,16.07,17.219,21.31,4.301,33.0,8.228
2014-12-01,12.97,4.946,7.19,11.65,29.085,2.4,3.91,5.281,10.76,6.432,5.512,7.62,0.833,3.884,13.806,35.549,5.98,3.689,17.27,2.795,2.05,3.836,0.887,14.1,15.67,16.363,21.27,4.272,33.45,7.924
2014-12-02,13.08,4.95,7.19,11.72,29.411,2.406,4.002,5.316,11.01,6.621,5.42,7.76,0.817,3.92,14.183,31.694,6.01,3.794,17.32,2.812,2.064,3.84,0.891,13.85,15.78,16.232,21.34,4.244,33.15,7.954
2014-12-03,13.22,4.978,7.31,11.57,29.461,2.44,4.1,5.4,11.24,6.898,5.46,7.915,0.835,3.912,14.338,31.63,6.135,3.892,17.4,2.838,2.06,3.874,0.918,13.86,15.87,16.614,22.33,4.262,33.42,8.161
2014-12-04,12.89,4.924,7.02,11.22,28.258,2.356,4.098,5.237,11.29,6.697,5.538,7.67,0.834,3.844,13.951,31.393,6.045,3.747,17.01,2.75,2.046,3.786,0.933,13.79,15.31,16.335,22.22,4.17,33.3,7.865
2014-12-05,12.88,5.025,7.38,11.85,29.611,2.522,4.17,5.45,11.42,7.043,5.564,8.095,0.866,3.934,14.57,29.434,6.285,3.973,17.38,2.822,2.052,3.958,0.951,13.86,15.5,16.958,22.75,4.276,33.99,8.317
2014-12-08,12.56,5.02,7.41,11.44,29.335,2.554,4.236,5.415,11.44,6.917,5.59,8.19,0.862,3.922,14.666,29.434,6.28,3.929,17.32,2.795,2.066,3.94,0.943,13.75,14.97,16.837,23.29,4.276,34.12,8.347
2014-12-09,12.47,4.896,7.175,11.1,28.208,2.502,4.216,5.237,11.24,6.621,5.538,7.775,0.838,3.826,14.222,28.85,6.06,3.78,16.95,2.697,2.012,3.766,0.93,13.34,14.66,16.372,23.05,4.113,33.3,7.954
2014-12-10,12.22,4.932,7.025,10.94,28.033,2.488,4.22,5.227,11.17,6.183,5.538,7.665,0.844,3.78,14.618,27.349,6.08,3.699,16.85,2.695,2.02,3.762,0.924,13.28,14.47,16.307,23.09,4.087,33.07,7.827
2014-12-11,12.33,4.908,6.82,10.91,28.308,2.5,4.252,5.182,10.86,5.795,5.446,7.585,0.836,3.762,14.405,27.444,6.04,3.638,16.93,2.682,2.02,3.77,0.942,13.46,14.38,16.363,22.92,4.117,32.8,7.716
2014-12-12,11.62,4.892,6.625,10.53,27.181,2.446,4.096,4.968,10.82,5.719,5.316,7.455,0.81,3.688,13.951,25.895,5.87,3.452,16.59,2.592,1.954,3.62,0.914,13.4,13.77,16.037,22.6,3.984,32.57,7.401
2014-12-15,11.36,4.792,6.425,10.38,25.903,2.34,4.02,4.895,10.42,5.751,5.135,7.195,0.785,3.596,13.593,25.958,5.645,3.364,16.27,2.575,1.923,3.528,0.896,12.99,13.29,15.841,22.0,3.881,32.08,7.156
2014-12-16,11.87,4.95,6.705,10.41,26.455,2.446,4.102,4.988,11.01,5.833,5.316,7.62,0.802,3.718,14.125,27.222,5.92,3.587,16.64,2.61,1.94,3.662,0.9,12.96,13.81,16.409,22.65,4.046,32.62,7.316
2014-12-17,12.13,4.9,6.685,10.15,26.329,2.416,4.084,4.929,10.92,5.77,5.39,7.45,0.811,3.67,13.922,27.38,5.925,3.537,16.55,2.555,1.918,3.596,0.889,12.92,14.06,16.009,22.86,4.012,32.75,7.382
2014-12-18,12.34,4.892,6.845,10.5,27.106,2.498,4.226,5.092,11.15,5.852,5.516,7.82,0.821,3.734,14.193,27.222,6.195,3.604,17.11,2.52,1.956,3.688,0.91,13.04,14.5,16.409,23.01,4.125,33.4,7.501
2014-12-19,12.32,4.958,6.73,10.26,26.605,2.436,4.178,5.092,11.29,5.886,5.748,7.915,0.823,3.746,14.241,28.486,6.165,3.499,16.93,2.54,1.916,3.68,0.9,12.93,14.85,16.316,22.69,4.091,33.5,7.29
2014-12-22,12.29,4.9,6.795,10.32,26.931,2.48,4.202,5.197,11.44,5.921,5.641,7.785,0.838,3.76,14.599,28.107,6.21,3.628,16.91,2.572,1.93,3.71,0.89,12.96,14.7,16.521,23.1,4.125,33.59,7.353
2014-12-23,12.39,4.932,6.86,10.62,27.507,2.496,4.226,5.276,11.53,6.094,5.649,7.85,0.858,3.802,14.657,28.423,6.18,3.73,17.24,2.585,1.957,3.792,0.895,12.94,14.94,16.716,23.16,4.19,33.23,7.523
2014-12-24,12.39,4.932,6.86,10.62,27.507,2.496,4.226,5.276,11.53,6.094,5.649,7.85,0.858,3.802,14.657,28.423,6.18,3.73,17.24,2.585,1.957,3.792,0.895,12.94,14.94,16.716,23.16,4.19,33.23,7.523
2014-12-25,12.39,4.932,6.86,10.62,27.507,2.496,4.226,5.276,11.53,6.094,5.649,7.85,0.858,3.802,14.657,28.423,6.18,3.73,17.24,2.585,1.957,3.792,0.895,12.94,14.94,16.716,23.16,4.19,33.23,7.523
2014-12-26,12.39,4.932,6.86,10.62,27.507,2.496,4.226,5.276,11.53,6.094,5.649,7.85,0.858,3.802,14.657,28.423,6.18,3.73,17.24,2.585,1.957,3.792,0.895,12.94,14.94,16.716,23.16,4.19,33.23,7.523
2014-12-29,12.47,4.95,6.76,10.48,26.805,2.438,4.156,5.246,11.75,6.132,5.759,7.735,0.845,3.808,14.734,28.328,6.205,3.692,17.11,2.562,1.979,3.722,0.893,13.03,14.72,16.707,23.3,4.155,33.5,7.386
2014-12-30,12.46,4.904,6.77,10.51,26.73,2.422,4.12,5.256,11.65,6.053,5.674,7.735,0.837,3.76,14.647,27.696,6.195,3.699,17.0,2.58,1.945,3.696,0.882,12.85,14.51,16.781,23.05,4.135,33.33,7.464
2014-12-31,12.46,4.904,6.77,10.51,26.73,2.422,4.12,5.256,11.65,6.053,5.674,7.735,0.837,3.76,14.647,27.696,6.195,3.699,17.0,2.58,1.945,3.696,0.882,12.85,14.51,16.781,23.05,4.135,33.33,7.464
2015-01-02,12.43,4.9,6.865,10.5,27.231,2.454,4.176,5.326,11.97,6.101,5.682,7.73,0.836,3.746,14.705,27.744,6.23,3.777,17.04,2.523,1.941,3.68,0.876,13.06,14.59,17.107,23.3,4.111,33.51,7.642
2015-01-05,11.76,5.025,6.565,9.97,25.427,2.308,4.0,5.187,11.85,5.968,5.586,7.43,0.808,3.624,14.193,26.417,6.125,3.591,16.43,2.465,1.921,3.442,0.85,13.25,13.37,16.912,22.89,3.974,34.2,7.312
2015-01-06,11.91,5.025,6.475,9.75,25.077,2.276,3.92,5.157,11.68,6.063,5.512,7.35,0.796,3.6,14.202,26.227,6.07,3.455,16.5,2.523,1.947,3.492,0.858,13.1,13.55,16.567,22.68,3.956,33.8,6.967
2015-01-07,11.71,5.16,6.475,10.05,24.831,2.248,3.834,5.102,11.46,6.116,5.327,7.465,0.791,3.584,14.019,25.579,6.195,3.378,16.54,2.547,1.93,3.486,0.851,12.99,13.62,16.586,22.45,3.958,33.55,6.941
2015-01-08,11.96,4.884,6.79,10.27,26.029,2.372,3.93,5.242,11.75,6.284,5.361,7.845,0.827,3.624,14.444,26.116,6.44,3.547,17.08,2.652,1.99,3.644,0.875,13.15,14.15,16.912,22.34,4.053,33.4,7.297
2015-01-09,11.7,4.898,6.465,10.01,24.601,2.276,3.888,5.058,11.77,6.255,5.283,7.65,0.81,3.574,14.077,25.216,6.335,3.31,16.72,2.642,1.964,3.46,0.854,13.37,13.62,16.586,22.35,3.944,33.55,6.752
2015-01-12,11.4,5.09,6.54,10.08,24.891,2.326,3.9,5.087,11.89,6.413,5.213,7.785,0.806,3.594,14.357,22.767,6.45,3.252,16.95,2.662,1.98,3.446,0.866,13.45,13.69,16.418,22.25,4.0,33.85,6.614
2015-01-13,11.48,5.215,6.64,10.11,25.478,2.396,3.93,5.192,11.95,6.533,5.283,7.895,0.812,3.646,14.396,23.778,6.51,3.328,17.1,2.755,2.002,3.544,0.904,13.62,13.91,17.07,22.6,4.071,33.4,6.677
2015-01-14,11.25,5.25,6.595,9.63,25.152,2.392,3.928,5.087,11.71,6.413,5.298,7.89,0.802,3.556,13.951,23.573,6.485,3.296,16.9,2.675,2.0,3.476,0.879,13.57,13.5,16.753,22.23,3.97,33.99,6.637
2015-01-15,11.7,5.31,6.725,9.695,25.452,2.462,3.946,5.162,11.75,6.47,5.257,8.17,0.813,3.642,14.154,23.336,6.585,3.371,17.08,2.715,2.026,3.618,0.887,13.54,14.0,16.716,22.29,4.055,33.35,6.826
2015-01-16,11.96,5.31,6.825,9.8,26.179,2.498,4.04,5.296,11.8,6.615,5.242,8.5,0.839,3.704,14.386,23.747,6.655,3.459,17.38,2.753,2.044,3.716,0.917,13.71,14.47,17.051,22.51,4.145,33.89,7.123
2015-01-19,12.12,5.335,7.135,9.965,26.805,2.53,4.14,5.376,11.74,6.665,5.346,8.505,0.84,3.748,14.628,23.636,6.69,3.753,17.49,2.75,2.05,3.702,0.93,13.86,14.35,17.247,22.75,4.167,33.77,7.716
2015-01-20,11.89,5.29,7.13,10.11,27.106,2.564,4.158,5.505,11.95,6.703,5.346,8.58,0.856,3.796,14.985,22.72,6.765,4.021,17.72,2.757,2.072,3.764,0.939,13.85,14.27,17.591,23.45,4.172,33.87,8.154
2015-01-21,12.25,5.12,7.23,9.985,27.757,2.554,4.18,5.535,11.95,6.747,5.324,8.695,0.826,3.8,14.956,24.221,6.88,4.153,18.0,2.793,2.066,3.826,0.964,13.73,14.77,17.721,23.4,4.165,34.3,8.955
2015-01-22,12.52,5.225,7.36,10.35,28.784,2.608,4.42,5.778,11.9,6.961,5.331,8.94,0.833,3.92,15.266,25.279,7.035,4.349,18.32,2.842,2.098,3.954,0.974,13.93,15.1,18.354,23.45,4.313,34.59,8.918
2015-01-23,12.54,5.385,7.34,10.6,28.183,2.614,4.416,5.853,12.35,7.258,5.265,9.07,0.821,3.896,15.652,24.331,7.26,4.231,18.33,2.868,2.118,3.978,1.018,14.09,15.05,18.959,23.98,4.327,35.1,8.495
2015-01-26,12.72,5.345,7.565,10.68,28.283,2.63,4.51,5.977,12.6,7.529,5.346,9.17,0.825,3.928,15.778,25.01,7.53,4.19,18.27,2.918,2.146,4.078,1.011,14.14,15.19,19.453,24.35,4.381,35.3,8.599
2015-01-27,12.88,5.36,7.72,10.49,27.807,2.622,4.474,6.061,12.48,7.302,5.364,9.025,0.851,3.916,15.672,26.022,7.35,4.19,18.5,2.905,2.152,4.022,1.012,14.43,15.22,19.127,24.23,4.397,35.3,8.555
2015-01-28,12.65,5.345,7.55,10.41,26.905,2.59,4.478,6.161,12.65,7.289,5.353,9.24,0.847,3.918,15.942,25.974,7.125,4.088,18.34,2.92,2.19,4.004,1.0,14.35,15.2,19.257,24.3,4.387,35.3,8.399
2015-01-29,12.11,5.295,7.72,10.66,27.006,2.622,4.454,6.28,12.6,7.378,5.35,9.58,0.84,3.942,15.836,24.805,7.395,4.126,18.68,3.04,2.154,4.042,1.017,14.3,14.93,19.276,24.45,4.414,35.3,8.347
2015-01-30,12.48,5.3,7.69,10.88,26.229,2.598,4.47,6.265,12.61,7.378,5.368,9.69,0.844,3.882,15.855,25.374,7.395,4.058,18.7,3.0,2.17,4.006,1.033,14.65,14.9,19.257,24.74,4.373,35.33,8.325
2015-02-02,12.82,5.185,7.705,11.21,26.58,2.564,4.49,6.369,12.49,7.403,5.39,9.655,0.84,3.898,15.865,26.685,7.37,4.099,18.52,3.007,2.148,3.962,1.009,14.06,15.09,19.36,24.8,4.367,35.25,8.473
2015-02-03,13.52,5.28,7.85,11.61,27.933,2.64,4.68,6.399,12.55,7.598,5.327,9.77,0.849,3.904,16.436,27.617,7.43,4.203,18.7,3.033,2.154,4.068,1.023,14.31,15.65,20.16,25.1,4.363,35.25,8.94
2015-02-04,13.11,5.485,7.855,11.98,27.732,2.616,4.664,6.374,12.47,7.787,5.316,9.905,0.857,3.854,16.271,27.08,7.655,4.373,18.56,3.015,2.15,4.036,1.018,13.9,15.43,20.262,25.04,4.27,35.4,9.215
2015-02-05,13.36,5.415,7.675,11.71,27.532,2.574,4.606,6.399,12.75,7.731,5.313,10.07,0.858,3.808,16.484,27.696,7.6,4.366,18.39,3.015,2.164,3.916,0.982,13.7,15.69,20.132,25.2,4.216,35.88,9.185
2015-02-06,13.24,5.45,7.675,11.53,27.682,2.574,4.6,6.364,12.76,7.63,5.242,10.22,0.849,3.832,16.349,27.791,7.66,4.491,18.27,3.013,2.142,3.9,0.962,13.72,15.56,20.374,24.87,4.212,35.67,9.296
2015-02-09,13.61,5.415,7.495,11.52,27.106,2.49,4.49,6.449,12.64,7.409,5.217,9.98,0.822,3.76,16.126,28.423,7.5,4.454,17.84,2.975,2.116,3.802,0.95,13.6,15.45,19.778,24.64,4.085,35.2,9.029
2015-02-10,13.2,5.42,7.83,11.51,27.507,2.59,4.578,6.479,13.0,7.661,5.298,10.27,0.839,3.808,16.474,27.997,7.745,4.434,18.15,3.0,2.168,3.844,0.998,13.9,15.42,20.03,25.21,4.161,35.52,9.081
2015-02-11,13.15,5.49,7.735,11.26,26.555,2.6,4.27,6.315,13.02,7.655,5.246,10.18,0.849,3.894,16.204,27.175,7.78,4.478,17.96,2.98,2.136,3.858,0.976,13.81,15.09,19.909,24.17,4.284,35.22,9.126
2015-02-12,13.41,5.445,7.995,11.9,26.705,2.732,4.264,6.439,13.33,8.002,5.29,10.36,0.858,3.962,16.281,27.744,7.94,4.616,18.16,2.95,2.2,3.876,0.979,14.4,15.48,20.058,24.88,4.289,35.4,9.541
2015-02-13,13.5,5.51,7.945,11.65,27.707,2.818,4.27,6.484,12.66,8.014,5.338,10.21,0.856,3.954,16.204,27.365,7.815,4.576,18.34,2.977,2.186,3.904,0.973,14.31,15.84,20.188,24.84,4.293,34.8,9.46
2015-02-16,13.67,5.435,8.085,12.26,27.807,2.792,4.26,6.399,12.76,8.008,5.357,10.22,0.853,3.95,16.503,27.617,7.79,4.518,18.15,2.943,2.182,3.864,0.998,14.73,15.69,20.197,24.7,4.284,34.81,9.475
2015-02-17,13.26,5.595,8.065,12.71,27.908,2.84,4.2,6.489,13.08,7.97,5.257,10.2,0.85,3.956,16.532,28.834,7.735,4.596,18.14,2.95,2.16,3.868,1.04,14.89,15.72,20.207,24.67,4.254,35.15,9.608
2015-02-18,13.47,5.66,8.145,12.61,28.759,2.888,4.222,6.598,13.15,8.103,5.305,10.3,0.842,3.94,16.88,29.813,7.8,4.755,18.22,2.95,2.188,3.91,1.037,15.0,16.25,20.495,24.89,4.323,35.0,9.972
2015-02-19,12.91,5.595,8.175,12.45,29.11,2.89,4.23,6.583,13.42,8.418,5.257,10.3,0.843,3.942,17.045,29.34,7.71,4.951,18.38,2.95,2.18,3.95,1.024,15.4,16.25,20.57,24.9,4.333,35.25,10.113
2015-02-20,12.7,5.62,8.205,12.72,29.285,2.904,4.244,6.588,13.48,8.475,5.276,10.33,0.841,3.942,16.871,29.434,7.81,5.073,18.08,2.922,2.188,3.954,1.013,15.16,16.37,20.895,24.96,4.412,35.51,10.276
2015-02-23,12.37,5.71,8.265,12.62,29.335,2.918,4.394,6.578,13.45,8.67,5.335,10.97,0.893,3.962,17.19,28.834,7.85,4.948,18.2,2.967,2.18,3.968,1.019,15.27,16.44,21.249,25.07,4.418,35.66,10.076
2015-02-24,12.65,5.71,8.285,12.6,29.736,2.922,4.47,6.638,13.51,8.62,5.386,10.87,0.918,4.01,17.306,29.419,7.9,4.931,18.33,2.995,2.22,4.062,1.02,15.37,16.65,21.463,25.7,4.504,35.59,10.298
2015-02-25,12.54,5.71,8.065,12.58,29.06,2.878,4.474,6.593,13.38,8.437,5.494,10.85,0.915,3.988,17.006,28.834,7.89,4.826,18.31,2.997,2.138,4.048,1.036,15.61,16.48,21.249,25.65,4.502,35.62,10.068
2015-02-26,12.72,5.7,8.225,12.6,29.636,2.946,4.526,6.782,13.5,8.689,5.449,10.84,0.908,4.0,17.161,28.866,7.99,4.941,18.33,3.013,2.15,4.03,1.066,16.26,16.54,21.668,25.52,4.529,35.48,10.187
2015-02-27,12.79,5.7,8.235,12.62,29.786,2.984,4.602,6.747,13.52,8.695,5.482,10.82,0.905,4.03,17.286,29.024,7.95,4.989,18.4,3.023,2.168,4.118,1.066,16.09,16.68,21.789,25.3,4.561,36.08,10.224
2015-03-02,12.67,5.725,8.22,12.31,29.686,2.946,4.652,6.692,13.72,8.891,5.804,10.83,0.915,4.028,17.035,29.308,8.2,4.853,18.33,3.025,2.168,4.158,1.08,16.24,16.52,21.798,25.21,4.563,36.22,10.076
2015-03-03,12.87,5.745,8.1,12.37,29.536,2.894,4.542,6.687,13.56,8.595,5.796,10.89,0.894,3.97,16.9,29.261,8.255,4.698,18.26,3.033,2.124,4.074,1.077,16.12,16.33,21.249,24.88,4.488,36.0,9.794
2015-03-04,12.78,5.74,8.2,12.32,29.937,2.89,4.534,6.618,13.48,8.815,5.977,10.94,0.897,3.984,16.9,28.945,8.33,4.84,18.34,3.045,2.108,4.114,1.095,16.16,16.33,21.109,24.83,4.543,37.62,9.942
2015-03-05,12.96,5.75,8.425,12.7,30.413,2.95,4.58,6.787,13.55,8.904,5.981,10.9,0.905,4.062,17.045,29.071,8.48,4.918,18.4,3.05,2.104,4.14,1.09,16.59,16.41,21.296,25.06,4.656,37.2,10.127
2015-03-06,13.09,5.825,8.345,12.88,30.663,2.96,4.612,6.826,13.8,8.866,5.981,10.87,0.904,4.016,17.035,29.387,8.515,5.009,18.73,3.05,2.136,4.09,1.084,16.6,16.26,21.593,25.82,4.553,37.6,10.231
2015-03-09,13.39,5.815,8.325,12.74,30.738,2.986,4.668,6.831,13.61,8.922,5.962,11.0,0.893,4.008,17.112,30.588,8.475,5.192,18.93,3.045,2.148,4.078,1.06,16.66,16.58,21.649,26.03,4.581,37.4,10.172
2015-03-10,12.88,5.78,8.28,12.54,30.388,2.974,4.59,6.836,13.7,8.929,5.922,11.29,0.893,3.93,17.248,30.019,8.635,5.249,18.7,3.095,2.11,4.038,1.039,16.63,16.16,21.37,26.15,4.5,37.24,10.187
2015-03-11,12.96,5.8,8.455,12.68,30.688,3.018,4.626,6.956,13.77,9.238,5.87,11.92,0.919,4.02,17.982,30.208,8.94,5.303,19.07,3.203,2.152,4.166,1.119,17.16,16.43,21.807,26.55,4.571,37.63,10.254
2015-03-12,13.09,5.84,8.485,12.81,31.214,3.04,4.584,7.045,13.8,9.402,5.778,11.82,0.933,4.002,17.876,30.335,8.635,5.378,18.23,3.233,2.194,4.124,1.116,17.04,16.33,22.896,26.5,4.575,37.88,10.521
2015-03-13,12.69,5.905,8.775,13.07,31.089,3.048,4.54,7.09,13.72,9.837,5.804,11.82,0.952,3.992,17.992,28.581,8.78,5.388,18.15,3.233,2.214,4.108,1.115,17.59,15.58,23.585,27.66,4.535,38.42,10.491
2015-03-16,12.62,5.96,8.745,13.29,31.54,3.142,4.578,7.214,13.74,9.963,5.804,11.93,0.955,4.014,17.953,27.396,9.19,5.378,18.31,3.257,2.214,4.144,1.141,17.92,15.24,24.265,28.4,4.557,38.88,10.565
2015-03-17,12.62,5.94,8.635,13.03,31.139,3.104,4.536,7.174,13.89,9.755,5.686,11.62,0.939,4.02,17.489,27.428,9.22,5.178,18.04,3.275,2.192,4.13,1.134,17.7,15.31,23.706,27.98,4.563,38.65,10.506
2015-03-18,12.82,5.995,8.56,13.28,30.438,3.024,4.508,7.174,14.01,9.477,5.708,11.29,0.947,4.018,18.127,27.981,9.13,5.165,18.14,3.263,2.18,4.126,1.097,17.28,15.54,23.762,27.98,4.518,38.31,10.231
2015-03-19,12.78,6.17,8.69,13.29,31.064,3.034,4.45,7.179,14.14,9.648,5.852,11.42,0.96,4.004,18.282,29.071,9.03,5.246,18.23,3.277,2.18,4.264,1.095,17.44,15.71,24.116,28.39,4.488,38.3,10.409
2015-03-20,12.98,6.34,8.72,13.45,31.565,3.126,4.568,7.274,14.4,9.585,5.83,11.43,0.963,4.088,18.369,29.592,9.21,5.286,18.39,3.27,2.196,4.35,1.094,17.51,16.25,24.665,28.79,4.635,39.36,10.498
2015-03-23,13.06,6.25,8.715,13.43,31.415,3.094,4.732,7.472,14.3,9.408,5.889,11.35,0.972,4.088,18.34,30.208,9.01,5.402,18.37,3.245,2.236,4.284,1.106,17.63,16.11,24.581,28.7,4.611,40.11,10.78
2015-03-24,12.98,6.345,8.96,13.67,31.866,3.2,4.85,7.542,14.48,9.572,5.83,11.47,0.96,4.094,18.495,30.114,9.005,5.442,18.64,3.213,2.248,4.338,1.103,17.6,16.14,24.702,28.82,4.611,40.52,10.751
2015-03-25,13.2,6.34,8.94,13.47,31.715,3.168,4.896,7.631,14.5,9.477,5.804,11.17,0.966,4.086,18.524,30.461,8.605,5.456,18.55,3.2,2.234,4.292,1.084,17.5,15.99,24.367,28.99,4.595,40.71,10.751
2015-03-26,13.14,6.33,8.7,13.28,31.289,3.13,4.898,7.403,14.53,9.421,5.852,10.99,0.969,4.036,18.195,30.493,8.28,5.334,18.34,3.2,2.19,4.216,1.09,17.3,15.99,23.93,29.04,4.527,40.74,10.714
2015-03-27,12.98,6.25,8.795,13.23,31.239,3.14,4.914,7.437,14.26,9.515,6.018,11.08,0.965,4.078,18.369,30.003,8.45,5.425,18.38,3.245,2.196,4.236,1.086,16.68,16.04,24.572,29.01,4.589,40.72,10.676
2015-03-30,13.04,6.38,9.0,13.55,31.941,3.206,4.98,7.452,15.05,9.685,6.036,11.15,0.969,4.108,18.669,29.956,8.725,5.496,18.51,3.275,2.21,4.24,1.093,17.6,16.18,24.767,28.93,4.615,41.55,10.751
2015-03-31,13.06,6.335,8.935,13.95,31.715,3.166,4.936,7.467,15.13,9.553,6.025,11.08,0.967,4.1,18.553,30.003,8.69,5.506,18.31,3.247,2.186,4.212,1.092,17.4,16.13,24.73,29.17,4.559,40.93,10.803
2015-04-01,13.11,6.345,8.945,13.79,32.066,3.202,4.916,7.482,15.11,9.534,6.055,11.36,0.984,4.146,18.708,29.845,8.58,5.429,18.45,3.37,2.2,4.342,1.087,17.64,16.24,24.637,29.14,4.64,41.02,10.877
2015-04-02,13.02,6.325,8.925,13.76,32.116,3.182,5.135,7.492,15.25,9.635,5.944,11.37,0.989,4.12,18.65,30.556,8.62,5.449,18.48,3.422,2.18,4.31,1.092,17.75,16.08,24.535,28.88,4.607,42.37,10.847
2015-04-03,13.02,6.325,8.925,13.76,32.116,3.182,5.135,7.492,15.25,9.635,5.944,11.37,0.989,4.12,18.65,30.556,8.62,5.449,18.48,3.422,2.18,4.31,1.092,17.75,16.08,24.535,28.88,4.607,42.37,10.847
2015-04-06,13.02,6.325,8.925,13.76,32.116,3.182,5.135,7.492,15.25,9.635,5.944,11.37,0.989,4.12,18.65,30.556,8.62,5.449,18.48,3.422,2.18,4.31,1.092,17.75,16.08,24.535,28.88,4.607,42.37,10.847
2015-04-07,13.6,6.305,9.065,13.88,32.417,3.224,5.295,7.736,15.16,9.534,6.051,11.51,1.031,4.172,19.027,32.61,8.62,5.422,18.69,3.467,2.2,4.4,1.114,17.99,16.7,25.558,29.4,4.698,42.1,10.914
2015-04-08,13.7,6.3,8.95,14.01,31.941,3.194,5.27,7.611,15.25,9.629,6.01,11.45,1.043,4.164,18.804,34.285,8.525,5.361,18.44,3.467,2.21,4.33,1.096,18.09,16.75,25.205,29.83,4.694,41.86,10.691
2015-04-09,14.01,6.495,9.13,14.35,32.116,3.198,5.285,7.636,15.2,9.856,6.095,11.7,1.047,4.196,19.307,34.38,8.645,5.429,18.56,3.527,2.244,4.39,1.103,18.05,16.9,25.707,30.33,4.763,41.5,10.706
2015-04-10,14.27,6.58,9.13,14.45,32.417,3.184,5.31,7.83,15.42,9.786,6.225,11.81,1.058,4.192,18.998,34.727,8.91,5.415,18.56,3.57,2.26,4.4,1.105,18.63,17.02,26.452,30.88,4.795,42.0,10.625
2015-04-13,14.19,6.75,9.085,14.55,32.517,3.196,5.28,8.088,15.59,9.83,6.243,11.86,1.085,4.266,18.911,35.77,9.045,5.422,18.48,3.605,2.266,4.464,1.128,18.72,17.11,26.871,31.52,4.863,41.8,10.647
2015-04-14,14.3,6.63,8.9,14.36,31.69,3.114,5.2,7.944,15.31,9.673,6.232,11.66,1.083,4.24,18.698,36.844,8.845,5.307,18.31,3.63,2.258,4.4,1.132,18.59,17.13,26.433,31.31,4.813,41.55,10.491
2015-04-15,15.02,6.775,8.97,14.52,32.116,3.17,5.25,8.024,15.26,9.723,6.21,11.78,1.079,4.266,18.911,38.772,8.84,5.341,18.4,3.64,2.298,4.438,1.139,18.94,17.43,26.433,31.49,4.807,41.62,10.684
2015-04-16,14.76,6.735,8.805,13.99,31.114,3.098,5.125,7.82,15.07,9.515,6.21,11.64,1.065,4.232,18.466,37.223,8.825,5.253,18.16,3.625,2.29,4.352,1.104,18.56,17.24,25.419,30.88,4.781,40.95,10.343
2015-04-17,14.6,6.635,8.53,13.62,30.012,2.984,4.988,7.562,14.73,9.421,6.202,11.36,1.033,4.18,17.779,36.876,8.51,5.033,17.77,3.578,2.27,4.264,1.08,18.11,16.86,24.246,30.18,4.775,40.8,10.061
2015-04-20,14.67,6.595,8.62,14.25,31.089,3.058,4.954,7.542,15.0,9.465,6.254,11.37,1.055,4.212,17.866,37.223,8.64,5.026,17.91,3.53,2.288,4.298,1.08,17.8,17.02,24.702,30.17,4.793,40.65,10.209
2015-04-21,14.45,6.77,8.585,14.3,30.488,3.032,4.918,7.413,15.08,9.534,6.254,11.45,1.055,4.238,17.895,36.244,8.99,4.853,17.6,3.582,2.28,4.26,1.084,17.98,16.94,24.46,30.14,4.817,41.13,9.927
2015-04-22,14.41,6.78,8.55,14.11,31.515,3.072,4.896,7.452,15.31,9.547,6.21,11.41,1.053,4.192,17.876,36.402,9.265,4.89,17.45,3.588,2.266,4.214,1.078,18.48,17.01,24.414,29.81,4.754,41.26,10.179
2015-04-23,14.59,6.76,8.49,14.38,31.315,3.044,4.932,7.398,15.08,9.332,6.151,11.05,1.051,4.192,17.557,37.065,8.855,4.874,17.33,3.595,2.282,4.23,1.085,18.16,17.09,24.134,29.36,4.722,40.92,10.231
2015-04-24,14.53,6.805,8.5,14.42,32.141,3.076,4.894,7.517,15.04,9.427,6.11,11.77,1.07,4.27,17.876,36.244,8.695,4.907,17.19,3.638,2.316,4.35,1.081,18.18,17.03,24.637,29.75,4.831,41.09,10.61
2015-04-27,14.72,6.765,8.8,14.59,32.818,3.156,4.914,7.865,15.55,9.654,6.062,11.94,1.065,4.306,18.34,38.645,8.83,5.08,17.63,3.682,2.342,4.342,1.06,18.17,17.38,25.056,30.17,4.902,41.18,10.706
2015-04-28,14.61,6.81,8.6,14.74,32.567,3.088,4.846,8.068,15.2,9.358,6.14,11.66,1.05,4.292,18.562,38.74,8.5,4.948,17.31,3.625,2.354,4.334,1.056,17.88,17.38,25.242,30.23,4.841,40.94,10.691
2015-04-29,14.11,6.88,8.505,14.34,31.866,2.998,4.726,7.706,14.97,8.922,6.136,11.2,1.02,4.216,17.857,37.855,8.23,4.762,17.08,3.525,2.362,4.236,1.056,17.29,17.12,24.246,29.37,4.728,41.45,10.298
2015-04-30,13.74,6.97,8.72,14.43,32.317,3.016,4.696,7.477,15.02,8.418,5.999,11.45,1.032,4.214,17.692,37.476,7.13,5.006,17.48,3.455,2.356,4.236,1.059,17.77,17.18,24.479,29.96,4.696,40.72,10.543
2015-05-01,13.74,6.97,8.72,14.43,32.317,3.016,4.696,7.477,15.02,8.418,5.999,11.45,1.032,4.214,17.692,37.476,7.13,5.006,17.48,3.455,2.356,4.236,1.059,17.77,17.18,24.479,29.96,4.696,40.72,10.543
2015-05-04,14.31,7.07,8.77,14.63,32.542,3.05,4.74,7.577,15.08,8.386,6.014,11.21,1.047,4.272,18.147,37.919,7.025,4.992,17.48,3.56,2.35,4.236,1.088,18.02,17.34,24.963,30.16,4.742,40.64,10.58
2015-05-05,14.22,6.935,8.505,14.5,31.34,2.952,4.56,7.472,14.76,8.349,5.925,10.89,1.021,4.122,17.818,38.709,6.77,4.975,16.9,3.5,2.31,4.084,1.04,17.63,17.04,24.637,31.2,4.593,40.14,10.231
2015-05-06,13.91,7.03,8.62,14.08,31.916,3.01,4.7,7.676,14.55,8.071,5.925,11.03,1.013,4.132,17.644,39.025,6.88,5.073,17.03,3.513,2.27,4.12,1.023,17.48,17.03,25.242,31.51,4.613,39.88,10.402
2015-05-07,13.42,7.05,8.6,14.25,32.392,3.074,4.678,7.611,14.76,8.248,5.988,11.2,1.045,4.12,18.766,38.108,6.94,5.341,17.52,3.493,2.298,4.06,1.039,17.67,16.77,26.219,31.69,4.607,39.65,10.639
2015-05-08,13.45,7.01,8.96,14.49,32.768,3.146,4.83,7.845,14.97,8.513,6.003,11.38,1.062,4.218,19.181,38.677,7.0,5.337,17.61,3.585,2.36,4.226,1.06,18.0,17.23,26.219,32.39,4.777,40.2,10.714
2015-05-11,13.5,7.2,8.965,14.35,32.692,3.206,4.768,8.009,14.66,8.487,6.036,11.42,1.066,4.218,19.52,40.004,7.01,5.226,17.46,3.553,2.37,4.204,1.041,18.07,17.08,26.722,32.87,4.732,40.3,10.721
2015-05-12,13.7,7.11,8.925,13.96,31.59,3.202,4.704,7.929,14.57,8.317,5.981,11.14,1.038,4.172,19.781,39.973,7.235,5.121,17.29,3.578,2.37,4.162,1.075,18.63,16.98,25.977,32.65,4.736,40.62,10.721
2015-05-13,13.72,7.24,9.065,14.33,31.565,3.272,4.708,7.944,14.98,8.342,5.796,11.12,1.033,4.23,19.491,40.352,7.105,5.195,17.35,3.515,2.366,4.19,1.087,18.59,16.99,26.34,32.68,4.704,41.8,10.906
2015-05-14,13.9,7.19,9.22,14.4,31.816,3.29,4.734,8.014,14.88,8.5,5.745,11.28,1.042,4.278,19.877,40.194,7.23,5.249,18.01,3.565,2.336,4.256,1.09,18.77,17.25,26.899,32.66,4.791,42.25,11.188
2015-05-15,13.57,7.11,9.25,14.72,31.69,3.324,4.68,8.044,14.88,8.513,5.667,11.13,1.076,4.328,20.196,39.056,7.13,5.273,17.94,3.5,2.39,4.202,1.092,18.89,16.95,27.429,32.91,4.841,41.63,11.255
2015-05-18,13.42,7.19,9.175,14.38,31.69,3.244,4.64,8.123,15.0,8.639,5.553,11.14,1.091,4.336,19.984,39.499,7.21,5.334,17.48,3.473,2.38,4.206,1.092,19.1,16.41,26.88,32.36,4.587,41.78,11.307
2015-05-19,13.3,7.2,9.48,14.49,32.467,3.342,4.796,8.247,15.15,8.828,5.759,11.52,1.093,4.398,20.312,39.183,7.295,5.374,18.0,3.61,2.39,4.338,1.12,19.6,16.74,26.768,32.74,4.627,41.98,11.456
2015-05-20,13.32,7.14,9.495,14.49,32.542,3.35,4.83,8.347,15.21,8.935,5.704,11.47,1.096,4.352,20.119,39.341,7.45,5.412,18.05,3.602,2.4,4.4,1.13,19.54,16.79,25.428,33.36,4.553,42.13,11.47
2015-05-21,13.58,7.16,9.33,14.63,32.267,3.34,4.88,8.252,15.4,8.992,5.686,11.6,1.108,4.388,20.235,39.467,7.42,5.314,17.97,3.59,2.392,4.404,1.124,19.75,16.86,25.847,33.0,4.555,42.25,11.396
2015-05-22,13.68,7.16,9.38,14.56,32.342,3.35,4.902,7.969,15.44,9.074,5.615,11.67,1.125,4.378,20.187,39.404,7.435,5.374,18.03,3.555,2.372,4.406,1.135,19.51,16.85,25.037,32.79,4.585,42.35,11.448
2015-05-25,13.51,7.18,9.21,14.18,31.315,3.28,4.906,7.9,15.33,8.796,5.538,11.15,1.103,4.32,19.984,38.235,7.305,5.219,17.69,3.495,2.35,4.324,1.116,19.0,16.5,24.59,32.23,4.506,41.81,11.211
2015-05-26,13.39,7.09,9.24,14.04,31.289,3.258,4.92,7.84,15.62,9.118,5.549,11.48,1.104,4.276,19.935,37.824,7.39,5.212,17.74,3.495,2.34,4.348,1.12,18.99,16.45,24.59,32.1,4.468,41.76,11.255
2015-05-27,13.38,7.085,9.555,14.28,32.442,3.368,4.968,7.909,15.67,9.263,5.538,11.95,1.123,4.33,20.167,37.887,7.575,5.361,18.23,3.545,2.382,4.446,1.132,19.25,16.68,24.665,32.23,4.579,41.7,11.5
2015-05-28,13.19,7.245,9.445,14.25,32.116,3.352,4.98,7.86,15.71,9.25,5.564,12.2,1.124,4.346,20.138,36.749,7.825,5.253,17.97,3.545,2.404,4.456,1.138,19.23,16.57,24.907,32.24,4.539,41.55,11.493
2015-05-29,13.18,7.22,9.37,13.93,31.916,3.282,4.93,7.701,15.56,9.175,5.626,12.08,1.134,4.34,19.868,36.528,7.755,5.334,17.61,3.475,2.404,4.418,1.116,19.15,16.39,24.051,32.38,4.543,41.21,11.389
2015-06-01,13.04,7.26,9.325,14.05,31.665,3.28,4.87,7.721,15.3,9.231,5.538,12.07,1.16,4.3,19.616,36.781,7.71,5.239,17.46,3.527,2.396,4.41,1.129,19.5,16.28,23.836,32.89,4.486,42.21,11.322
2015-06-02,13.38,7.17,9.4,13.89,32.267,3.306,4.884,7.706,15.24,9.168,5.56,12.01,1.169,4.316,19.558,37.792,7.745,5.361,17.67,3.535,2.416,4.396,1.163,19.45,16.33,23.725,32.62,4.496,42.18,11.567
2015-06-03,13.4,7.3,9.4,13.86,32.692,3.324,4.948,7.815,15.51,9.143,5.508,12.18,1.156,4.318,19.897,37.476,7.69,5.405,17.6,3.495,2.436,4.372,1.168,19.22,16.3,23.818,33.05,4.482,42.4,11.418
2015-06-04,12.9,7.185,9.46,13.66,32.567,3.3,4.96,7.8,15.2,9.086,5.405,12.21,1.134,4.272,19.655,32.389,7.68,5.344,17.31,3.435,2.404,4.266,1.179,19.35,15.98,23.911,32.89,4.442,42.75,11.255
2015-06-05,12.91,7.075,9.13,13.3,31.69,3.212,4.788,7.502,14.8,8.784,5.327,11.83,1.116,4.19,19.336,32.547,7.63,5.226,16.94,3.355,2.396,4.206,1.147,19.22,15.83,23.138,31.83,4.361,41.64,11.003
2015-06-08,12.94,7.18,8.875,13.24,31.064,3.176,4.678,7.393,14.7,8.74,5.32,11.85,1.107,4.154,19.162,33.274,7.605,5.11,16.73,3.322,2.372,4.194,1.136,19.38,15.72,23.12,31.84,4.343,41.84,11.01
2015-06-09,12.81,7.06,8.825,13.21,31.064,3.156,4.548,7.348,14.7,8.588,5.338,11.71,1.092,4.138,19.23,30.919,7.505,5.124,16.63,3.342,2.362,4.16,1.111,18.98,15.78,22.952,31.1,4.289,41.97,11.047
2015-06-10,13.23,7.1,9.05,13.14,31.866,3.27,4.636,7.383,14.65,8.74,5.375,11.83,1.101,4.19,19.558,31.757,7.49,5.303,16.92,3.36,2.374,4.248,1.145,18.75,16.33,23.697,31.55,4.367,42.25,11.255
2015-06-11,12.86,7.11,9.015,13.14,31.991,3.288,4.57,7.512,14.68,8.859,5.486,11.67,1.108,4.184,19.5,31.725,7.485,5.3,16.91,3.35,2.38,4.27,1.154,18.96,16.36,23.902,31.33,4.438,43.03,11.359
2015-06-12,12.83,7.085,8.955,12.95,31.44,3.254,4.548,7.413,14.4,8.872,5.316,11.87,1.097,4.144,19.239,31.662,7.4,5.222,16.65,3.31,2.348,4.212,1.146,19.17,16.04,23.697,31.2,4.428,43.02,11.166
2015-06-15,12.58,6.78,8.665,12.77,30.237,3.15,4.384,7.219,14.01,8.702,5.198,11.41,1.07,4.104,18.833,31.33,7.18,5.077,16.31,3.3,2.316,4.124,1.121,18.6,15.74,22.766,30.19,4.347,42.1,10.662
2015-06-16,12.56,6.89,8.72,12.7,30.463,3.154,4.386,7.139,14.14,8.677,5.172,11.14,1.078,4.144,19.21,31.22,7.395,5.083,16.32,3.375,2.348,4.128,1.105,18.58,15.75,23.343,30.19,4.351,42.12,10.647
2015-06-17,12.49,6.64,8.615,12.52,29.937,3.126,4.382,7.169,14.03,8.519,5.176,10.91,1.099,4.144,18.911,30.651,7.2,5.012,16.21,3.405,2.37,4.122,1.11,18.57,15.74,22.729,29.9,4.331,41.7,10.699
2015-06-18,12.42,6.555,8.655,12.7,30.237,3.18,4.38,7.149,13.95,8.531,5.01,11.02,1.118,4.182,19.268,29.118,7.12,5.016,16.34,3.422,2.39,4.206,1.155,18.28,15.84,22.962,30.32,4.349,41.42,10.758
2015-06-19,12.32,6.6,8.775,12.77,30.814,3.222,4.4,7.184,14.41,8.513,5.073,11.27,1.125,4.148,19.326,29.245,7.09,5.066,16.37,3.455,2.38,4.268,1.161,18.63,16.04,22.999,30.37,4.365,42.47,10.914
2015-06-22,12.44,6.82,9.3,13.19,32.567,3.386,4.536,7.621,14.65,8.733,5.058,11.67,1.127,4.122,19.945,31.109,7.39,5.435,17.04,3.46,2.4,4.234,1.184,18.98,16.81,23.957,30.93,4.482,42.61,11.582
2015-06-23,12.59,6.985,9.235,13.07,32.241,3.416,4.58,7.81,14.94,8.84,5.121,11.71,1.12,4.15,19.819,31.883,7.6,5.53,16.99,3.5,2.372,4.224,1.191,19.3,16.82,24.656,32.11,4.512,42.67,11.5
2015-06-24,12.68,6.975,9.235,12.82,31.866,3.388,4.552,7.726,14.92,8.796,5.154,11.72,1.107,4.152,19.587,32.326,7.48,5.52,16.85,3.52,2.36,4.194,1.178,19.43,16.86,25.009,31.99,4.516,42.26,11.485
2015-06-25,12.43,7.035,9.38,12.84,32.392,3.452,4.49,7.83,14.7,8.689,5.254,11.9,1.1,4.148,20.071,31.82,7.62,5.676,16.97,3.515,2.356,4.24,1.178,19.39,16.84,24.944,32.41,4.514,41.99,11.723
2015-06-26,12.48,7.0,9.455,13.04,32.367,3.478,4.652,7.865,15.0,8.847,5.342,11.84,1.136,4.158,20.138,31.314,7.73,5.726,17.13,3.525,2.348,4.36,1.183,19.4,16.83,25.251,32.53,4.516,42.15,11.693
2015-06-29,12.18,6.895,8.835,12.29,30.062,3.266,4.424,7.293,14.66,8.279,5.18,11.31,1.076,4.018,19.094,30.635,7.445,5.354,16.27,3.438,2.25,4.124,1.127,18.82,16.1,24.227,31.66,4.371,41.12,10.906
2015-06-30,12.08,6.985,8.795,12.77,30.187,3.252,4.56,7.353,14.48,8.286,5.028,11.28,1.07,3.964,18.737,29.94,7.34,5.415,16.16,3.412,2.244,4.064,1.138,18.81,15.92,24.423,31.58,4.305,40.95,10.951
2015-07-01,12.02,7.07,9.03,13.12,31.214,3.344,4.61,7.522,14.9,8.355,5.239,11.61,1.106,4.034,18.998,29.371,7.355,5.578,16.6,3.473,2.278,4.15,1.167,19.56,16.06,24.618,31.64,4.357,41.75,11.263
2015-07-02,11.98,7.06,8.85,13.05,30.613,3.258,4.458,7.497,14.97,8.166,5.169,11.26,1.079,4.032,18.669,30.066,7.23,5.49,16.34,3.418,2.276,4.134,1.148,19.14,15.9,24.525,31.42,4.42,41.33,10.988
2015-07-03,11.94,7.03,8.75,12.97,30.312,3.244,4.424,7.512,14.93,8.077,5.169,11.21,1.068,4.044,18.669,29.387,7.255,5.422,16.23,3.42,2.258,4.118,1.155,18.98,15.73,24.497,31.6,4.438,41.07,11.025
2015-07-06,11.53,6.935,8.46,12.6,28.459,3.05,4.29,7.02,14.94,7.996,5.361,11.03,1.034,3.922,18.089,28.486,7.38,5.1,15.7,3.332,2.184,3.944,1.109,18.66,15.18,23.138,30.36,4.305,40.55,10.298
2015-07-07,11.15,6.955,8.165,12.07,27.356,2.962,4.144,6.831,14.62,7.832,5.276,10.74,1.014,3.882,17.576,26.575,6.98,4.772,15.26,3.3,2.16,3.866,1.088,18.7,14.62,22.254,29.34,4.238,40.3,9.868
2015-07-08,11.59,7.15,8.425,12.6,28.283,3.068,4.196,7.06,14.47,7.838,5.299,11.2,1.06,3.976,17.905,27.712,6.99,5.043,15.6,3.35,2.182,3.96,1.137,18.57,14.9,22.766,29.19,4.365,40.07,10.268
2015-07-09,11.54,7.14,8.71,12.9,29.511,3.21,4.35,7.388,15.03,8.04,5.408,11.57,1.092,4.078,18.572,27.064,7.09,5.259,16.16,3.435,2.24,4.116,1.167,19.38,15.45,23.557,30.35,4.486,40.94,10.751
2015-07-10,11.61,7.28,8.84,13.37,30.738,3.352,4.49,7.755,15.27,8.141,5.45,11.85,1.133,4.216,19.249,25.864,7.21,5.398,16.66,3.51,2.29,4.226,1.19,19.4,15.85,24.618,30.75,4.648,41.45,11.085
2015-07-13,11.75,7.33,8.9,13.72,31.239,3.416,4.538,8.014,15.41,8.279,5.462,11.92,1.129,4.222,19.143,26.527,7.17,5.473,16.79,3.505,2.252,4.276,1.205,20.35,15.87,24.832,31.4,4.652,41.38,11.352
2015-07-14,11.89,7.38,8.845,13.55,30.914,3.412,4.492,7.388,15.25,8.33,5.501,12.03,1.14,4.232,19.413,26.906,7.22,5.405,16.85,3.545,2.248,4.266,1.19,20.12,15.84,22.989,28.85,4.644,41.62,11.366
2015-07-15,12.01,7.35,8.95,13.9,30.989,3.462,4.568,7.303,15.22,8.582,5.489,12.41,1.151,4.25,19.452,27.017,7.4,5.564,17.05,3.56,2.276,4.338,1.206,20.37,16.03,22.533,29.24,4.644,41.3,11.478
2015-07-16,12.03,7.28,9.13,14.04,31.615,3.536,4.67,7.442,15.58,8.815,5.644,12.8,1.165,4.274,20.022,27.301,7.355,5.638,17.38,3.602,2.266,4.378,1.25,20.56,16.06,22.673,29.94,4.69,42.0,11.856
2015-07-17,11.78,7.35,9.1,13.99,31.64,3.558,4.7,7.388,15.6,8.847,5.671,12.82,1.165,4.264,19.984,26.796,7.445,5.686,17.43,3.61,2.29,4.352,1.248,20.92,15.95,22.459,30.0,4.712,41.76,11.997
2015-07-20,11.63,7.43,9.475,13.99,31.816,3.596,4.762,7.532,15.82,8.992,5.691,13.2,1.183,4.302,20.293,26.985,7.45,5.811,17.64,3.675,2.324,4.414,1.261,21.45,16.03,23.278,31.07,4.732,42.04,12.116
2015-07-21,11.8,7.395,9.36,14.11,31.315,3.514,4.73,7.437,15.72,8.922,5.574,12.88,1.158,4.228,19.819,27.459,7.3,5.635,17.4,3.618,2.298,4.354,1.241,21.34,16.03,22.654,30.51,4.646,42.16,11.864
2015-07-22,11.4,7.4,9.51,14.5,31.239,3.51,4.792,7.507,15.49,8.954,5.718,12.91,1.167,4.256,20.167,26.543,6.815,5.72,17.5,3.618,2.288,4.362,1.25,21.27,15.85,22.384,30.88,4.631,42.14,11.834
2015-07-23,11.4,7.48,9.645,14.54,31.214,3.51,4.9,7.462,15.37,8.985,5.76,12.79,1.164,4.244,20.032,26.385,7.335,5.723,17.42,3.588,2.294,4.296,1.225,21.2,15.87,22.803,31.03,4.599,42.12,11.782
2015-07-24,11.3,7.61,9.54,14.56,30.864,3.526,4.86,7.512,15.4,8.809,5.788,12.71,1.153,4.256,19.974,25.816,7.155,5.652,17.33,3.592,2.3,4.284,1.21,21.25,15.82,21.854,31.01,4.593,41.97,11.626
2015-07-27,11.04,7.4,9.2,14.12,30.137,3.36,4.786,7.139,15.01,8.197,5.594,12.39,1.138,4.2,19.23,25.247,6.955,5.422,17.04,3.515,2.278,4.202,1.193,20.8,15.3,20.43,29.98,4.516,40.88,11.337
2015-07-28,11.44,7.51,9.55,14.58,30.939,3.446,4.838,7.259,15.02,8.475,5.594,12.69,1.153,4.218,19.462,25.737,6.955,5.513,17.46,3.615,2.28,4.276,1.196,20.65,15.76,20.812,29.65,4.518,41.14,11.76
2015-07-29,11.82,7.585,9.61,15.48,29.912,3.438,4.928,7.234,15.3,8.336,5.648,12.77,1.152,4.186,19.713,24.852,7.01,5.527,17.6,3.62,2.29,4.252,1.201,21.87,15.84,20.262,29.49,4.516,41.46,11.864
2015-07-30,11.84,7.615,9.615,15.63,29.912,3.458,4.878,7.164,15.39,8.815,5.551,13.14,1.15,4.222,20.138,25.232,7.11,5.517,17.91,3.605,2.286,4.222,1.205,22.13,15.92,20.821,30.04,4.52,41.56,11.849
2015-07-31,11.49,7.625,9.915,15.55,30.237,3.502,4.884,7.239,15.47,9.017,5.613,13.12,1.162,4.246,20.196,25.089,7.125,5.432,17.93,3.642,2.298,4.286,1.205,22.69,15.96,21.184,29.96,4.518,41.8,11.715
2015-08-03,11.4,7.675,9.895,15.81,30.262,3.53,4.92,7.611,15.61,9.358,5.598,13.45,1.176,4.274,20.554,24.742,7.09,5.483,17.88,3.713,2.298,4.34,1.235,23.66,15.94,21.519,30.7,4.527,42.42,11.878
2015-08-04,11.33,7.65,9.76,15.78,29.962,3.438,4.78,7.606,15.37,9.358,5.574,13.2,1.166,4.232,21.037,24.363,6.915,5.33,17.67,3.685,2.29,4.306,1.234,23.71,15.78,21.314,29.94,4.492,43.5,11.611
2015-08-05,11.37,7.705,9.94,15.91,31.891,3.456,4.826,7.691,15.73,9.408,5.691,13.54,1.182,4.264,21.308,24.536,7.125,5.479,17.95,3.763,2.304,4.386,1.244,23.78,16.15,21.575,30.22,4.52,43.66,11.775
2015-08-06,11.21,7.53,9.82,15.92,31.916,3.478,4.836,7.686,14.71,9.339,5.772,13.4,1.174,4.232,21.328,24.505,6.97,5.51,17.92,3.72,2.296,4.364,1.221,23.53,16.01,21.612,30.01,4.549,43.98,11.686
2015-08-07,11.66,7.36,9.62,15.9,31.515,3.436,4.664,7.611,14.0,9.339,5.691,13.18,1.182,4.244,21.115,24.805,7.025,5.429,17.8,3.688,2.302,4.376,1.21,22.06,16.13,20.709,29.67,4.547,43.44,11.463
2015-08-10,12.08,7.4,9.75,16.05,31.966,3.486,4.722,7.706,13.95,9.433,5.687,13.25,1.19,4.298,21.492,24.821,7.125,5.466,18.08,3.707,2.32,4.396,1.215,22.74,16.21,20.756,29.98,4.601,43.14,11.871
2015-08-11,11.78,7.45,9.73,16.05,31.665,3.466,4.692,7.582,13.59,9.276,5.621,12.99,1.178,4.262,21.25,24.931,6.99,5.446,17.96,3.642,2.3,4.358,1.214,22.72,15.93,20.756,29.94,4.543,44.39,11.708
2015-08-12,11.83,7.205,9.43,15.37,30.738,3.358,4.64,7.507,13.04,8.677,5.446,12.4,1.146,4.22,20.158,24.868,6.715,5.259,17.43,3.543,2.3,4.21,1.168,22.15,15.57,19.918,28.7,4.561,43.24,11.433
2015-08-13,11.82,7.295,9.715,16.15,31.114,3.416,4.702,7.656,13.56,8.79,5.489,12.7,1.173,4.278,20.902,24.615,6.7,5.432,17.65,3.59,2.328,4.282,1.175,22.27,15.73,20.514,29.5,4.559,43.43,11.834
2015-08-14,11.87,7.4,9.745,16.18,31.014,3.388,4.658,7.651,13.46,8.822,5.501,12.52,1.18,4.28,20.883,24.505,6.6,5.432,17.67,3.6,2.328,4.23,1.185,22.62,15.55,20.411,29.25,4.549,44.39,11.686
2015-08-17,11.89,7.46,9.795,16.45,31.214,3.428,4.628,7.701,13.38,8.765,5.551,12.72,1.178,4.326,21.066,24.394,6.7,5.503,17.81,3.625,2.32,4.286,1.184,22.5,15.54,20.802,29.3,4.609,44.35,11.856
2015-08-18,11.74,7.525,9.855,16.43,31.264,3.46,4.66,7.671,13.42,8.752,5.598,12.45,1.185,4.34,20.96,23.968,6.67,5.493,17.91,3.555,2.328,4.264,1.186,22.89,15.39,20.597,29.3,4.619,44.34,11.99
2015-08-19,11.47,7.5,9.675,16.27,30.989,3.402,4.534,7.502,13.1,8.519,5.45,12.39,1.175,4.284,20.158,23.715,6.53,5.517,17.6,3.493,2.324,4.16,1.16,22.06,14.93,20.141,29.22,4.559,43.68,12.056
2015-08-20,11.3,7.37,9.455,15.65,30.137,3.28,4.38,7.149,12.45,8.323,5.427,11.88,1.16,4.226,19.23,23.304,6.35,5.429,17.19,3.412,2.264,4.058,1.137,21.79,14.68,19.583,28.36,4.47,42.67,11.797
2015-08-21,11.03,7.08,9.015,15.06,29.085,3.162,4.244,7.0,11.83,8.21,5.35,11.6,1.124,4.104,18.64,23.431,6.3,5.178,16.66,3.342,2.21,3.974,1.124,21.05,14.28,18.727,27.29,4.339,41.97,11.248
2015-08-24,9.97,6.865,8.495,14.1,27.256,2.968,4.094,6.633,11.71,7.573,5.117,11.15,1.072,3.88,17.731,21.961,5.97,4.863,15.8,3.19,2.15,3.734,1.064,20.12,13.14,17.535,25.48,4.097,40.02,10.61
2015-08-25,10.31,7.09,8.84,14.95,29.135,3.212,4.274,7.045,12.16,8.065,5.35,11.88,1.112,4.058,18.64,22.957,6.405,5.324,16.52,3.322,2.222,3.956,1.128,21.24,13.82,18.587,27.08,4.347,40.91,11.381
2015-08-26,10.39,7.03,8.865,14.98,29.01,3.23,4.18,6.936,12.11,7.882,5.377,11.57,1.096,4.022,18.369,24.094,6.26,5.286,16.25,3.3,2.228,3.876,1.121,21.2,13.49,18.419,26.39,4.317,40.77,11.307
2015-08-27,11.33,7.135,9.12,15.23,29.561,3.31,4.262,7.12,12.29,8.115,5.485,11.96,1.128,4.148,18.717,25.421,6.545,5.425,16.64,3.38,2.278,4.072,1.132,21.44,14.34,18.727,27.08,4.444,41.3,11.745
2015-08-28,11.61,7.135,9.025,15.12,29.285,3.244,4.174,7.005,12.15,8.008,5.427,12.0,1.112,4.18,18.601,26.48,6.54,5.256,16.36,3.328,2.272,4.046,1.101,21.2,14.41,18.215,26.98,4.444,41.28,11.493
2015-08-31,11.58,7.17,8.95,15.19,29.21,3.254,4.204,6.995,12.14,7.907,5.462,12.07,1.094,4.156,18.437,27.128,6.47,5.171,16.33,3.33,2.28,4.016,1.083,21.23,14.63,18.298,26.72,4.399,41.04,11.366
2015-09-01,11.51,7.005,8.725,14.75,28.208,3.158,4.06,6.816,11.93,7.655,5.404,11.85,1.08,4.09,18.301,26.622,6.405,5.178,16.07,3.267,2.234,3.914,1.063,20.93,14.38,17.628,26.31,4.337,40.99,11.04
2015-09-02,11.35,6.8,8.81,14.76,28.509,3.236,4.052,6.762,12.42,7.655,5.396,11.83,1.09,4.082,18.359,25.295,6.42,5.229,16.15,3.3,2.236,3.906,1.075,21.0,14.45,18.057,25.36,4.355,40.33,11.181
2015-09-03,11.99,6.78,9.075,15.41,29.486,3.294,4.248,7.0,12.8,7.926,5.388,12.23,1.109,4.166,18.679,25.69,6.65,5.368,16.4,3.42,2.272,4.012,1.115,21.19,14.8,19.052,25.9,4.44,41.38,11.589
2015-09-04,11.48,6.755,8.715,14.99,28.033,3.14,4.162,6.712,12.37,7.693,5.202,11.78,1.101,4.12,18.205,24.694,6.49,5.131,16.04,3.32,2.25,3.91,1.091,21.23,14.45,18.122,24.93,4.351,40.65,11.077
2015-09-07,11.47,6.8,8.705,14.94,28.308,3.14,4.178,6.702,12.33,7.832,5.222,11.71,1.118,4.11,18.34,24.758,6.58,5.259,16.15,3.355,2.262,3.978,1.116,21.03,14.55,18.131,25.0,4.357,40.65,11.129
2015-09-08,11.58,7.015,8.935,15.24,28.509,3.208,4.308,6.816,12.59,8.134,5.303,11.79,1.157,4.154,18.582,25.184,6.715,5.371,16.43,3.385,2.294,4.044,1.107,21.3,14.66,18.987,25.47,4.42,40.84,11.441
2015-09-09,11.68,6.875,8.965,15.76,28.96,3.21,4.296,6.891,12.78,8.216,5.346,11.94,1.164,4.196,18.833,25.548,6.42,5.381,16.58,3.487,2.286,4.066,1.138,20.99,14.86,19.257,26.34,4.462,40.97,11.507
2015-09-10,11.21,6.935,8.98,15.49,28.734,3.204,4.258,6.752,12.66,8.153,5.326,11.83,1.145,4.18,19.075,25.263,6.3,5.33,16.4,3.53,2.298,3.986,1.124,20.88,14.66,18.969,25.96,4.418,41.17,11.315
2015-09-11,11.14,6.955,8.87,15.33,28.559,3.162,4.204,6.742,12.78,8.084,5.311,12.47,1.155,4.202,19.172,24.837,6.2,5.32,16.33,3.467,2.298,3.994,1.089,21.22,14.55,18.885,26.0,4.43,40.76,11.107
2015-09-14,10.95,6.86,8.785,15.5,28.559,3.106,4.188,6.662,12.44,8.008,5.198,12.42,1.134,4.196,19.036,24.173,6.165,5.249,16.23,3.48,2.292,3.986,1.052,21.19,14.49,18.587,25.72,4.438,40.69,11.055
2015-09-15,11.26,6.95,8.905,15.47,29.26,3.172,4.264,6.802,12.57,8.223,5.218,12.44,1.13,4.214,19.346,25.216,6.3,5.381,16.37,3.485,2.294,4.02,1.084,21.17,14.81,19.164,25.81,4.47,40.4,11.04
2015-09-16,11.56,6.94,8.965,15.59,29.135,3.172,4.318,6.821,12.67,8.286,5.264,12.5,1.15,4.244,19.355,25.974,6.39,5.337,16.41,3.557,2.35,4.052,1.109,21.09,15.11,19.183,26.02,4.545,39.84,10.758
2015-09-17,11.6,7.05,9.035,15.78,29.16,3.2,4.298,6.871,12.74,8.349,5.338,12.43,1.151,4.272,19.51,26.085,6.37,5.232,16.5,3.582,2.348,4.024,1.101,21.22,14.99,19.201,25.92,4.539,41.02,10.884
2015-09-18,11.3,7.06,8.83,15.57,28.609,3.08,4.198,6.692,12.4,8.046,5.388,12.11,1.126,4.238,18.514,25.532,6.2,5.154,16.06,3.525,2.372,3.882,1.106,21.26,14.51,18.447,25.57,4.464,41.15,10.55
2015-09-21,11.53,7.0,8.955,16.08,28.659,3.16,4.17,6.787,12.57,8.021,5.249,12.16,1.138,4.236,18.795,25.532,6.195,5.192,16.31,3.608,2.35,3.984,1.114,21.5,14.41,18.606,25.51,4.498,41.08,10.632
2015-09-22,11.3,6.985,8.62,15.59,27.882,3.074,4.0,6.489,12.11,7.523,5.117,11.52,1.103,4.164,18.263,24.41,5.9,5.002,15.86,3.495,2.282,3.814,1.083,21.0,13.85,17.87,24.92,4.367,40.36,10.172
2015-09-23,11.2,7.16,8.52,15.65,27.557,3.06,3.986,6.454,12.42,7.737,5.191,11.61,1.109,4.176,18.321,23.446,5.985,5.002,15.79,3.54,2.31,3.87,1.088,21.41,14.04,17.628,24.93,4.414,40.75,9.935
2015-09-24,10.7,7.08,8.53,14.73,27.131,3.02,3.9,6.409,12.13,7.157,5.16,11.27,1.098,4.124,17.663,23.399,5.75,4.884,15.55,3.49,2.31,3.776,1.073,21.01,13.57,17.638,24.85,4.349,40.36,9.853
2015-09-25,10.88,7.3,8.825,15.25,28.308,3.13,4.096,6.573,12.71,7.39,5.288,11.6,1.133,4.28,18.33,23.32,5.995,5.05,16.22,3.55,2.332,3.936,1.106,21.33,13.99,18.401,25.55,4.514,40.78,10.283
2015-09-28,10.61,7.055,8.78,14.89,26.981,3.066,3.988,6.21,12.31,7.024,5.167,11.29,1.125,4.224,17.741,22.261,5.71,4.921,15.88,3.487,2.302,3.846,1.085,21.36,13.57,17.303,25.03,4.448,40.04,9.853
2015-09-29,10.87,6.805,8.66,14.56,27.006,3.066,3.922,6.21,12.0,6.987,5.191,10.91,1.079,4.23,17.567,22.483,5.82,4.921,15.83,3.46,2.306,3.864,1.078,20.94,13.69,17.312,24.66,4.478,38.53,9.69
2015-09-30,10.73,6.765,8.79,14.94,27.908,3.156,3.928,6.349,11.91,7.321,5.272,11.19,1.11,4.346,17.837,22.641,6.09,4.989,16.36,3.56,2.322,3.988,1.102,20.63,14.05,17.852,25.21,4.633,39.12,9.808
2015-10-01,10.87,6.855,8.795,14.85,28.008,3.12,4.006,6.459,11.95,7.485,5.319,11.2,1.141,4.32,17.76,22.404,5.975,4.995,16.25,3.553,2.31,3.89,1.054,20.71,14.03,17.535,25.26,4.551,38.45,9.593
2015-10-02,11.18,6.715,8.915,14.9,28.333,3.148,4.11,6.727,11.91,7.668,5.311,11.3,1.169,4.342,18.195,23.826,6.055,5.09,16.26,3.553,2.334,3.972,1.026,20.7,14.33,17.712,25.44,4.583,37.79,9.667
2015-10-05,11.82,6.755,9.25,15.4,29.11,3.228,4.23,6.916,12.0,7.983,5.357,11.72,1.173,4.33,18.601,26.322,6.25,5.192,16.6,3.628,2.354,4.014,1.071,21.15,14.95,18.494,26.2,4.591,38.63,10.105
2015-10-06,12.19,6.795,9.34,15.51,29.31,3.264,4.298,6.965,12.7,8.052,5.419,12.03,1.205,4.392,18.746,25.5,6.35,5.138,16.63,3.7,2.338,4.08,1.086,20.89,15.2,18.838,26.51,4.599,38.61,9.972
2015-10-07,11.95,6.915,9.185,15.29,29.085,3.17,4.226,6.901,12.53,8.166,5.493,11.84,1.184,4.316,18.93,27.491,6.36,5.144,16.47,3.6,2.364,4.034,1.079,20.0,15.28,18.969,26.61,4.541,37.54,10.135
2015-10-08,12.28,7.02,9.12,15.15,29.16,3.184,4.274,7.209,12.7,8.487,5.435,12.04,1.211,4.352,18.359,27.475,6.44,5.249,16.58,3.638,2.378,4.004,1.081,19.61,15.47,19.443,27.19,4.545,38.13,10.239
2015-10-09,12.45,6.955,9.02,14.83,29.386,3.186,4.322,7.075,12.7,8.708,5.458,12.17,1.199,4.348,18.543,28.281,6.535,5.239,16.69,3.67,2.352,4.048,1.098,19.29,15.51,19.266,26.5,4.533,36.86,10.224
2015-10-12,12.29,6.975,8.845,14.6,29.31,3.174,4.276,6.876,12.7,8.784,5.295,11.71,1.194,4.34,17.982,27.444,6.375,5.175,16.54,3.71,2.35,4.012,1.067,19.0,15.43,18.745,25.8,4.541,36.95,10.053
2015-10-13,12.35,6.96,8.92,14.78,29.11,3.182,4.196,6.961,12.38,8.784,5.342,11.83,1.194,4.362,18.002,27.191,6.295,5.202,16.35,3.745,2.38,4.022,1.04,19.61,15.44,18.568,25.76,4.539,37.45,9.994
2015-10-14,12.28,6.865,8.77,14.41,28.634,3.162,4.138,6.811,12.37,8.695,5.35,11.62,1.191,4.342,17.828,27.27,6.195,5.202,16.03,3.7,2.376,4.036,1.011,20.14,15.34,18.131,25.49,4.529,38.38,9.949
2015-10-15,12.44,7.14,8.89,14.76,29.135,3.208,4.25,6.861,12.46,8.941,4.625,11.91,1.22,4.44,18.369,27.175,6.495,5.337,16.37,3.773,2.42,4.1,1.05,20.43,15.54,18.28,25.75,4.579,38.92,10.268
2015-10-16,12.34,7.17,8.99,14.84,29.135,3.256,4.42,7.05,12.35,8.998,4.512,11.9,1.23,4.46,18.234,26.274,6.54,5.344,16.55,3.78,2.436,4.12,1.043,20.66,15.73,18.438,25.96,4.597,37.8,10.395
2015-10-19,12.01,7.2,9.2,15.22,29.11,3.28,4.4,7.105,12.38,9.156,4.423,11.87,1.249,4.5,18.224,25.595,6.585,5.408,16.5,3.835,2.448,4.112,1.076,21.31,15.59,18.941,26.31,4.617,38.86,10.558
2015-10-20,11.67,7.35,9.16,15.08,29.912,3.262,4.39,6.906,12.25,8.967,4.109,11.7,1.263,4.504,18.176,25.058,6.6,5.29,16.39,3.83,2.448,4.102,1.046,21.3,15.44,18.587,26.29,4.607,39.05,10.276
2015-10-21,11.29,7.385,9.14,15.4,30.212,3.222,4.326,7.01,12.26,8.494,3.888,11.77,1.236,4.472,18.495,25.279,6.745,5.249,16.42,3.783,2.424,4.068,1.032,20.99,15.45,18.522,26.12,4.601,39.11,10.239
2015-10-22,11.54,7.185,9.255,15.49,30.713,3.24,4.352,7.149,12.4,8.607,3.849,11.97,1.254,4.57,18.901,25.295,6.96,5.215,17.05,3.845,2.412,4.178,1.085,20.87,15.71,19.294,26.17,4.698,39.34,10.38
2015-10-23,11.58,7.19,9.32,16.01,30.388,3.216,4.388,7.343,12.88,8.765,3.958,12.2,1.26,4.574,19.326,25.832,7.12,5.178,17.25,3.885,2.408,4.226,1.143,21.27,15.53,20.411,27.39,4.754,40.04,10.409
2015-10-26,11.48,7.265,9.13,16.02,30.212,3.21,4.312,7.288,13.39,8.727,3.981,12.25,1.244,4.58,19.326,26.132,6.785,5.127,17.1,3.88,2.402,4.23,1.162,21.27,15.3,20.467,27.75,4.74,40.54,10.283
2015-10-27,11.17,7.205,9.15,15.47,29.862,3.22,4.29,7.239,13.14,8.695,3.845,12.24,1.256,4.562,19.162,25.247,6.57,5.117,16.99,3.895,2.384,4.154,1.135,21.45,14.89,20.16,27.99,4.706,40.26,10.216
2015-10-28,11.53,7.185,9.285,15.5,30.212,3.272,4.266,7.43,13.07,8.506,3.822,12.38,1.253,4.61,18.998,27.997,6.53,5.171,17.2,3.96,2.41,4.234,1.161,21.64,15.21,20.597,28.29,4.75,40.39,10.372
2015-10-29,11.53,7.17,9.15,15.26,29.536,3.218,4.186,7.33,13.27,8.361,3.859,12.19,1.231,4.584,18.853,26.875,6.22,5.016,17.16,3.882,2.388,4.142,1.262,22.31,15.03,20.309,28.57,4.712,41.4,9.949
2015-10-30,11.42,7.075,9.15,15.39,29.461,3.168,4.24,7.415,13.4,8.462,3.871,11.9,1.247,4.628,18.998,27.001,6.28,4.972,17.24,3.895,2.39,4.196,1.269,22.61,14.86,20.374,28.04,4.75,40.74,10.098
2015-11-02,11.41,7.095,9.23,15.38,29.511,3.18,4.3,7.495,13.73,8.45,3.845,11.94,1.255,4.68,18.824,26.417,6.36,4.901,17.31,3.898,2.434,4.24,1.27,22.86,14.85,20.29,27.98,4.906,41.51,9.734
2015-11-03,11.87,6.965,9.33,15.41,29.185,3.144,4.244,7.45,13.78,8.468,3.78,11.79,1.244,4.66,18.795,27.396,6.43,4.789,17.48,3.918,2.414,4.214,1.263,22.71,15.01,20.272,27.82,4.896,41.74,9.578
2015-11-04,11.7,7.04,9.21,15.35,29.26,3.076,4.264,7.375,13.89,8.241,3.726,11.98,1.22,4.656,19.481,27.538,6.45,4.755,17.4,3.88,2.412,4.204,1.216,22.7,14.9,19.881,27.9,4.912,41.81,9.653
2015-11-05,11.69,6.995,9.145,15.5,29.235,3.092,4.28,7.645,13.7,8.311,3.651,11.88,1.224,4.656,18.862,26.654,6.5,4.721,17.2,3.947,2.432,4.14,1.194,22.98,14.73,20.411,27.66,4.914,41.26,9.415
2015-11-06,11.65,6.95,9.295,16.08,29.811,3.176,4.594,7.795,14.04,8.437,3.605,12.27,1.222,4.642,18.756,26.432,6.685,4.823,17.59,3.925,2.422,4.19,1.165,22.92,14.9,21.137,28.37,4.896,42.03,9.734
2015-11-09,11.78,6.905,9.13,15.95,29.235,3.118,4.538,7.675,13.96,8.298,3.771,12.08,1.198,4.564,18.62,26.669,6.615,4.738,17.31,3.822,2.4,4.076,1.149,22.15,14.7,20.858,28.1,4.801,41.73,9.482
2015-11-10,11.8,6.84,9.16,16.1,29.661,3.168,4.652,7.805,14.21,8.304,3.702,12.5,1.21,4.65,18.62,26.717,6.64,4.796,17.5,3.975,2.372,4.148,1.184,22.49,14.94,21.1,28.32,4.847,41.76,9.564
2015-11-11,11.61,6.945,9.28,16.38,29.636,3.162,4.714,7.815,14.28,8.235,3.579,12.57,1.209,4.614,18.591,26.353,6.63,4.901,17.64,4.0,2.392,4.106,1.175,22.77,14.85,21.305,28.24,4.787,41.79,9.935
2015-11-12,11.37,6.885,9.145,16.07,28.008,3.122,4.52,7.555,13.84,7.983,3.438,12.19,1.215,4.6,18.63,25.168,6.54,4.89,17.31,3.997,2.374,4.024,1.149,22.74,14.44,20.709,27.9,4.728,45.46,9.682
2015-11-13,11.43,6.845,9.135,16.15,27.807,3.124,4.478,7.56,14.0,8.008,3.233,12.2,1.243,4.598,18.514,25.058,6.445,4.972,17.23,3.987,2.39,4.076,1.153,22.56,14.37,20.663,28.4,4.704,46.51,9.712
2015-11-16,11.53,6.805,9.145,16.44,27.557,3.13,4.532,7.495,14.07,7.85,3.256,12.53,1.26,4.626,18.766,25.153,6.43,4.921,17.16,4.04,2.398,4.11,1.148,22.53,14.36,20.895,28.24,4.74,46.8,9.697
2015-11-17,11.89,6.81,9.31,17.13,28.158,3.17,4.628,7.7,14.4,8.059,3.283,13.21,1.282,4.682,19.52,25.548,6.6,4.972,17.69,4.055,2.414,4.212,1.172,23.1,14.86,21.277,28.5,4.819,47.74,9.89
2015-11-18,11.93,6.925,9.19,17.29,27.632,3.12,4.594,7.57,14.43,7.958,3.367,13.19,1.279,4.668,19.104,25.721,6.63,4.874,17.79,4.015,2.4,4.086,1.153,22.87,14.85,21.24,28.33,4.791,47.66,9.883
2015-11-19,11.9,6.91,9.345,17.18,27.682,3.154,4.55,7.68,14.44,8.071,3.27,13.23,1.31,4.634,18.911,25.611,6.65,4.887,17.69,4.133,2.416,4.102,1.162,22.93,14.93,21.677,28.21,4.805,47.35,9.935
2015-11-20,11.79,7.125,9.205,17.09,27.106,3.114,4.532,7.68,14.43,8.26,3.233,13.56,1.291,4.698,19.143,25.137,6.73,4.802,17.75,4.135,2.416,4.112,1.182,23.5,14.82,21.724,28.02,4.803,47.44,10.016
2015-11-23,12.03,7.06,9.15,17.22,27.507,3.148,4.61,7.68,14.54,8.386,3.221,13.43,1.3,4.61,19.684,25.453,6.765,4.918,17.78,4.115,2.42,4.12,1.184,23.72,14.97,21.807,27.95,4.809,48.34,10.046
2015-11-24,12.0,7.015,8.975,16.95,27.106,3.108,4.544,7.45,14.22,8.235,3.158,13.12,1.277,4.538,19.075,25.311,6.545,4.833,17.51,4.032,2.35,4.05,1.153,22.91,15.05,21.128,27.72,4.771,47.68,10.016
2015-11-25,11.97,7.065,9.07,17.1,27.707,3.18,4.602,7.62,14.3,8.311,3.173,13.67,1.291,4.64,19.52,25.326,6.64,4.914,17.76,4.162,2.39,4.128,1.173,23.3,15.33,21.956,28.23,4.821,48.12,10.113
2015-11-26,12.32,7.03,9.105,17.67,27.983,3.196,4.68,7.725,14.41,8.5,3.207,13.66,1.293,4.656,19.858,25.895,7.0,4.965,17.87,4.12,2.4,4.16,1.198,22.89,15.43,22.105,28.42,4.847,48.23,10.105
2015-11-27,12.11,7.175,9.035,17.14,27.782,3.214,4.706,7.73,14.46,8.513,3.256,13.71,1.308,4.65,19.897,25.69,6.85,4.911,17.81,4.117,2.408,4.154,1.232,23.11,15.31,22.245,28.36,4.871,49.23,10.098
2015-11-30,12.43,7.245,9.07,17.01,27.832,3.248,4.718,7.79,14.69,8.525,3.411,13.71,1.33,4.66,20.013,25.848,6.91,4.924,18.0,4.157,2.4,4.174,1.224,23.53,15.42,22.496,28.83,4.851,48.64,10.127
2015-12-01,12.05,7.145,9.075,17.19,27.682,3.24,4.746,7.825,14.64,8.405,3.403,13.55,1.33,4.65,19.578,25.658,6.88,5.05,17.88,4.182,2.414,4.156,1.2,23.08,15.25,22.384,28.84,4.839,50.35,10.105
2015-12-02,11.99,7.13,9.095,16.99,27.406,3.226,4.662,7.905,14.7,8.336,3.295,13.46,1.329,4.67,19.761,25.563,6.945,5.053,17.77,4.207,2.442,4.172,1.177,23.42,15.37,22.487,29.06,4.803,50.5,9.964
2015-12-03,11.52,7.075,9.04,16.57,26.755,3.132,4.528,7.73,14.55,8.09,3.24,13.2,1.316,4.7,19.181,24.931,6.74,4.867,17.28,3.997,2.396,4.086,1.151,22.98,14.82,21.863,28.7,4.968,49.71,9.534
2015-12-04,11.27,7.065,8.995,16.53,26.88,3.166,4.66,7.765,14.47,8.071,3.173,13.41,1.336,4.69,19.394,24.505,6.735,4.88,17.34,3.985,2.412,4.068,1.167,22.96,14.61,21.742,28.51,4.94,48.88,9.675
2015-12-07,11.02,7.25,8.97,16.91,26.931,3.17,4.674,7.74,14.6,8.21,3.209,13.62,1.338,4.712,19.413,23.936,6.64,4.843,17.5,4.095,2.442,4.082,1.192,23.4,14.25,22.18,28.87,4.928,49.17,9.549
2015-12-08,10.85,7.195,8.73,16.39,25.954,3.11,4.608,7.665,14.36,8.033,3.166,13.25,1.319,4.664,19.278,23.32,6.41,4.691,17.24,4.032,2.43,3.988,1.164,23.43,13.89,21.565,28.68,4.894,48.95,9.259
2015-12-09,10.99,7.155,8.63,16.5,25.954,3.09,4.592,7.61,14.33,7.97,3.038,13.16,1.326,4.694,19.278,23.731,6.41,4.65,17.25,3.955,2.45,4.026,1.144,22.69,13.99,21.621,28.3,4.871,49.26,9.2
2015-12-10,11.11,7.165,8.615,16.63,25.653,3.064,4.668,7.62,14.14,7.958,2.921,13.18,1.321,4.71,19.51,24.094,6.345,4.657,17.15,3.953,2.46,3.974,1.122,23.19,14.0,21.565,28.24,4.876,48.48,9.052
2015-12-11,10.85,7.2,8.43,16.26,25.427,3.018,4.546,7.37,13.99,7.869,2.791,12.9,1.287,4.61,19.123,23.604,6.18,4.481,16.89,3.93,2.42,3.878,1.099,22.98,13.64,20.83,27.26,4.799,48.43,8.874
2015-12-14,10.6,7.15,8.245,15.52,24.611,2.962,4.476,7.145,13.89,7.472,2.759,12.47,1.31,4.54,18.514,23.146,5.89,4.386,16.44,3.82,2.43,3.754,1.088,22.61,13.24,20.151,26.67,4.704,48.41,8.621
2015-12-15,10.94,7.27,8.58,15.81,25.828,3.096,4.664,7.35,14.18,7.8,2.768,12.82,1.352,4.648,19.288,23.968,6.145,4.684,16.85,3.97,2.438,3.902,1.149,23.23,13.77,20.923,27.79,4.73,48.92,9.2
2015-12-16,10.85,7.33,8.62,16.13,25.678,3.074,4.704,7.425,14.08,7.794,2.747,13.02,1.269,4.636,19.085,24.142,6.02,4.694,16.88,4.025,2.402,3.9,1.14,23.49,13.76,21.37,28.42,4.67,48.45,9.274
2015-12-17,10.78,7.515,8.81,16.62,26.079,3.12,4.716,7.59,14.16,8.122,2.775,13.02,1.271,4.698,19.578,23.51,6.17,4.799,17.12,4.04,2.45,3.986,1.175,23.82,13.76,21.947,28.74,4.841,48.0,9.452
2015-12-18,10.75,7.55,8.735,16.41,25.603,3.088,4.674,7.5,14.18,8.046,2.946,12.78,1.272,4.694,19.065,23.747,6.06,4.782,16.88,4.003,2.436,3.916,1.142,23.59,13.5,21.5,28.55,4.841,48.84,9.423
2015-12-21,10.68,7.6,8.775,16.12,25.653,3.1,4.704,7.435,14.08,8.027,2.87,12.76,1.24,4.67,19.104,23.478,6.065,4.721,16.73,3.94,2.402,3.852,1.122,23.45,13.35,21.221,28.5,4.791,47.51,9.311
2015-12-22,10.85,7.58,8.7,16.4,25.703,3.1,4.616,7.3,14.02,7.882,2.907,12.57,1.221,4.584,18.795,23.652,6.11,4.704,16.74,3.84,2.38,3.824,1.123,23.27,13.5,21.072,28.36,4.728,47.23,9.289
2015-12-23,11.27,7.695,8.835,16.72,25.853,3.09,4.714,7.47,14.23,8.21,2.985,12.86,1.226,4.706,19.355,24.521,6.25,4.826,16.92,3.955,2.37,3.9,1.168,23.34,13.96,21.165,28.83,4.783,47.22,9.571
2015-12-24,11.27,7.695,8.835,16.72,25.853,3.09,4.714,7.47,14.23,8.21,2.985,12.86,1.226,4.706,19.355,24.521,6.25,4.826,16.92,3.955,2.37,3.9,1.168,23.34,13.96,21.165,28.83,4.783,47.22,9.571
2015-12-25,11.27,7.695,8.835,16.72,25.853,3.09,4.714,7.47,14.23,8.21,2.985,12.86,1.226,4.706,19.355,24.521,6.25,4.826,16.92,3.955,2.37,3.9,1.168,23.34,13.96,21.165,28.83,4.783,47.22,9.571
2015-12-28,11.06,7.88,8.84,16.7,25.653,3.074,4.774,7.495,13.97,8.197,3.055,12.76,1.224,4.714,19.133,24.205,6.15,4.819,16.78,3.93,2.378,3.884,1.174,23.64,13.87,21.351,29.23,4.791,48.28,9.593
2015-12-29,11.14,7.93,8.945,16.9,26.054,3.132,4.778,7.535,14.34,8.26,3.167,12.89,1.247,4.79,19.703,24.252,6.27,4.833,17.05,4.045,2.436,3.924,1.19,23.88,14.04,21.5,29.18,4.896,47.87,9.616
2015-12-30,10.94,7.995,8.885,16.6,25.728,3.088,4.764,7.31,14.32,8.147,3.104,12.9,1.254,4.756,19.587,23.668,6.265,4.765,16.92,4.0,2.45,3.892,1.175,24.09,13.8,21.463,29.18,4.871,48.45,9.504
2015-12-31,10.94,7.995,8.885,16.6,25.728,3.088,4.764,7.31,14.32,8.147,3.104,12.9,1.254,4.756,19.587,23.668,6.265,4.765,16.92,4.0,2.45,3.892,1.175,24.09,13.8,21.463,29.18,4.871,48.45,9.504
2016-01-04,10.8,7.875,8.59,16.3,24.971,2.982,4.576,6.955,14.06,7.703,3.179,12.37,1.224,4.718,18.727,22.878,6.04,4.589,16.2,3.878,2.444,3.78,1.127,23.64,13.43,20.542,28.3,4.869,48.18,9.081
2016-01-05,10.82,7.935,8.58,16.58,25.127,3.04,4.682,6.86,14.27,7.906,3.125,12.86,1.238,4.8,18.949,23.209,6.065,4.647,16.37,3.943,2.446,3.852,1.142,24.37,13.55,20.309,28.0,4.993,49.09,9.148
2016-01-06,10.56,7.85,8.365,16.3,24.11,2.958,4.508,6.425,13.92,7.495,3.016,12.56,1.23,4.718,18.292,22.325,5.92,4.44,16.06,3.882,2.442,3.756,1.106,24.37,13.17,19.89,27.17,4.948,48.8,8.755
2016-01-07,10.26,7.91,8.205,15.62,23.498,2.908,4.41,6.275,13.23,7.249,2.931,12.55,1.243,4.73,18.195,21.93,5.84,4.339,16.03,3.793,2.448,3.772,1.111,23.96,13.07,19.332,26.76,4.952,48.67,8.629
2016-01-08,9.87,7.68,8.005,15.2,23.418,2.898,4.332,6.265,12.93,6.951,2.859,12.38,1.235,4.678,17.605,21.377,5.58,4.241,15.86,3.783,2.416,3.742,1.077,23.51,12.7,18.801,26.33,4.972,48.55,8.273
2016-01-11,9.76,7.475,7.96,14.89,23.448,2.858,4.3,6.31,12.02,6.923,2.613,12.45,1.24,4.724,17.866,21.503,5.715,4.244,15.41,3.825,2.47,3.746,1.073,23.32,12.65,18.848,26.5,5.025,47.79,8.102
2016-01-12,9.71,7.75,8.15,14.51,23.218,2.916,4.44,6.49,12.21,7.117,2.641,12.59,1.177,4.81,18.263,22.419,5.735,4.21,15.63,3.91,2.564,3.72,1.077,23.13,12.68,19.397,26.73,5.078,48.15,8.28
2016-01-13,9.77,7.815,8.24,14.57,23.268,2.97,4.45,6.5,11.85,7.022,2.593,12.69,1.164,4.76,18.504,22.167,5.66,4.339,15.94,3.97,2.568,3.776,1.077,23.18,12.83,18.969,27.43,5.073,47.31,8.629
2016-01-14,9.7,7.69,8.14,14.13,22.617,2.894,4.368,6.275,11.83,6.465,2.645,12.12,1.133,4.67,17.982,22.182,5.525,4.413,15.75,3.85,2.534,3.738,1.059,22.45,13.01,18.243,26.95,5.053,46.81,8.621
2016-01-15,9.09,7.55,7.83,13.67,22.035,2.802,4.182,6.04,11.4,6.285,2.604,11.54,1.121,4.616,17.315,20.918,5.245,4.187,15.4,3.8,2.5,3.67,1.0,22.6,12.55,17.703,26.11,4.98,45.35,8.273
2016-01-18,9.01,7.61,7.455,13.45,20.853,2.662,4.032,5.99,11.42,6.101,2.503,11.33,1.085,4.558,17.364,19.844,5.335,3.821,15.07,3.753,2.438,3.604,1.0,21.83,12.41,17.358,25.38,4.928,44.53,7.716
2016-01-19,9.295,7.725,7.61,13.72,20.131,2.69,3.952,6.05,11.47,6.257,2.458,11.58,1.097,4.698,17.731,19.828,5.55,3.804,15.18,3.842,2.538,3.646,1.047,22.6,12.58,17.787,25.84,5.021,43.17,7.23
2016-01-20,8.77,7.5,7.305,12.73,18.568,2.542,3.736,5.7,11.17,5.86,2.291,11.01,1.06,4.554,16.938,17.759,5.485,3.527,14.58,3.7,2.504,3.536,0.976,21.75,12.16,16.8,24.4,4.89,42.9,6.444
2016-01-21,9.1,7.66,7.71,13.39,20.041,2.666,3.866,5.9,11.48,6.233,2.403,11.23,1.071,4.676,17.837,16.716,5.635,3.916,14.85,3.777,2.528,3.65,1.029,21.73,12.55,17.563,24.41,5.011,42.68,7.108
2016-01-22,9.335,7.885,7.735,14.0,20.011,2.714,3.892,6.285,11.49,6.365,2.572,11.45,1.077,4.738,18.398,13.278,5.82,3.872,14.92,3.838,2.584,3.728,1.058,22.68,12.97,18.094,25.11,5.043,44.17,6.752
2016-01-25,9.1,7.77,7.485,13.69,18.729,2.638,3.808,6.3,11.48,6.242,2.558,11.29,1.058,4.726,17.818,15.739,5.855,3.77,14.61,3.882,2.562,3.708,1.028,22.97,12.81,18.001,25.16,5.063,45.64,6.273
2016-01-26,9.3,7.895,7.605,14.33,19.47,2.674,3.802,6.305,11.54,6.625,2.76,11.29,1.085,4.814,18.243,15.576,6.005,3.99,14.15,3.925,2.582,3.76,1.025,22.93,13.08,18.038,24.98,5.149,46.78,6.663
2016-01-27,9.45,7.85,7.49,14.2,18.879,2.648,3.798,6.3,11.53,6.569,2.685,10.86,1.103,4.844,18.127,13.806,6.27,3.828,13.96,3.95,2.626,3.806,1.039,23.34,13.14,17.833,25.26,5.194,47.68,6.143
2016-01-28,9.48,7.675,7.08,13.54,17.656,2.514,3.562,6.05,11.29,6.096,2.628,10.76,1.067,4.772,17.46,14.22,6.09,3.54,13.39,3.845,2.6,3.672,0.977,22.35,13.17,17.312,24.6,5.108,46.9,5.787
2016-01-29,9.48,7.71,7.365,13.91,17.777,2.618,3.76,6.16,11.68,6.053,2.712,10.93,1.101,4.934,18.243,14.321,6.01,3.723,13.79,4.032,2.58,3.768,1.022,22.8,13.28,18.01,25.06,5.209,48.5,6.321
2016-02-01,9.365,7.955,7.135,13.99,17.626,2.562,3.622,6.18,11.78,6.049,2.771,10.95,1.102,4.934,18.379,14.358,5.825,3.631,13.55,4.01,2.646,3.758,0.993,23.25,13.14,17.898,24.76,5.23,48.83,6.7
2016-02-02,8.905,7.82,6.94,13.58,17.055,2.474,3.444,5.93,11.45,5.888,2.714,10.63,1.081,4.89,17.683,13.881,5.485,3.384,13.04,3.995,2.656,3.702,0.966,22.48,12.51,17.358,24.32,5.194,48.75,6.588
2016-02-03,8.935,7.665,6.625,12.9,16.043,2.344,3.274,5.77,11.35,5.652,2.565,10.43,1.073,4.862,17.586,13.505,5.315,3.104,12.72,3.91,2.634,3.628,0.943,22.19,12.46,16.781,22.38,5.114,47.48,5.928
2016-02-04,9.48,7.57,6.77,13.31,16.183,2.48,3.288,5.86,11.26,5.581,2.447,10.24,1.066,4.866,17.789,13.291,5.36,3.116,12.58,3.74,2.61,3.646,0.929,21.42,12.74,17.061,22.21,5.103,46.75,6.017
2016-02-05,9.65,7.35,6.6,13.46,16.003,2.384,3.14,6.075,11.16,5.642,2.413,9.635,1.029,4.714,17.335,13.053,5.155,3.051,12.24,3.71,2.618,3.546,0.893,20.0,12.53,16.688,22.01,4.98,44.69,5.676
2016-02-08,9.365,6.99,5.985,12.45,15.071,2.288,2.982,5.57,10.53,5.085,2.26,9.205,0.979,4.576,16.397,9.752,4.82,2.687,11.86,3.535,2.474,3.498,0.84,19.43,12.08,15.283,20.17,4.882,42.81,5.16
2016-02-09,8.825,6.93,5.65,12.28,13.879,2.146,2.866,5.315,10.58,4.943,2.109,8.91,0.956,4.534,15.933,9.21,4.73,2.629,11.38,3.59,2.492,3.494,0.87,19.58,11.6,14.92,20.53,4.833,43.1,4.715
2016-02-10,8.905,7.075,6.075,13.16,15.532,2.456,3.16,5.8,10.75,5.231,2.198,9.275,0.969,4.59,16.832,9.087,4.796,2.81,11.98,3.672,2.518,3.526,0.906,20.31,11.63,15.795,21.96,4.853,43.75,5.238
2016-02-11,8.64,6.8,5.755,12.27,14.44,2.288,2.916,5.7,10.45,4.962,2.093,8.63,0.976,4.5,15.904,7.995,4.67,2.541,10.96,3.47,2.432,3.398,0.826,20.48,10.93,14.436,21.33,4.763,43.77,4.782
2016-02-12,9.33,6.755,5.865,12.1,16.484,2.396,3.006,5.98,11.13,5.137,2.198,8.86,0.982,4.604,16.087,7.566,4.748,2.833,11.15,3.523,2.512,3.538,0.859,21.24,11.66,14.566,21.72,4.839,43.54,5.331
2016-02-15,9.54,6.895,6.035,12.62,17.055,2.48,3.236,6.09,11.57,5.363,2.31,9.29,1.003,4.696,16.59,7.606,4.848,3.12,11.6,3.582,2.57,3.658,0.877,22.09,11.94,15.367,22.67,4.958,45.49,5.72
2016-02-16,9.245,7.105,6.09,12.55,17.135,2.44,3.142,6.18,11.77,5.278,2.41,9.19,0.988,4.668,16.455,7.756,4.798,3.272,11.64,3.495,2.552,3.634,0.82,21.92,11.85,14.929,22.42,4.912,45.8,5.917
2016-02-17,9.805,7.39,6.205,12.94,17.556,2.498,3.262,6.255,12.75,5.548,2.499,9.31,0.999,4.74,17.112,8.472,4.976,3.351,11.91,3.58,2.568,3.644,0.853,22.33,12.23,16.195,23.29,4.942,45.91,6.062
2016-02-18,9.685,7.39,6.025,13.45,16.584,2.376,3.244,6.185,12.75,5.51,2.61,9.43,1.034,4.688,16.977,8.688,5.235,3.33,11.83,3.543,2.564,3.628,0.886,22.84,11.97,16.66,23.33,4.96,46.94,5.728
2016-02-19,9.37,7.205,5.975,13.47,16.013,2.328,3.17,6.19,12.6,5.378,2.464,9.305,1.017,4.678,17.199,8.301,5.195,3.131,11.71,3.575,2.542,3.62,0.856,22.87,11.92,16.065,22.98,4.95,46.78,5.527
2016-02-22,9.765,7.34,6.215,13.91,17.125,2.404,3.264,6.37,12.9,5.6,2.641,9.445,1.05,4.826,17.712,8.786,5.42,3.449,12.13,3.628,2.61,3.728,0.904,23.21,12.35,16.344,23.47,5.023,48.24,5.973
2016-02-23,9.41,7.195,6.06,13.46,16.684,2.34,3.192,6.315,12.91,5.434,2.644,9.495,1.032,4.784,17.373,8.924,5.285,3.318,12.12,3.622,2.574,3.638,0.888,21.15,12.08,16.13,22.96,4.974,47.55,5.72
2016-02-24,8.975,7.115,5.995,13.17,16.404,2.26,3.112,6.175,12.72,5.217,2.52,9.125,1.025,4.682,17.122,8.786,5.025,3.107,11.98,3.58,2.578,3.54,0.868,21.08,11.78,15.581,22.42,4.928,48.29,5.442
2016-02-25,8.99,7.51,6.08,13.58,16.795,2.3,3.21,6.3,12.7,5.434,2.496,9.17,1.036,4.806,17.75,8.66,5.11,3.184,12.23,3.67,2.606,3.638,0.905,21.72,12.09,16.065,23.19,5.019,48.99,5.335
2016-02-26,9.83,7.5,6.235,14.05,16.945,2.338,3.416,6.415,12.86,5.751,2.481,9.345,1.051,4.828,18.031,9.037,5.24,3.244,12.77,3.645,2.62,3.684,0.916,21.93,12.71,16.484,23.21,5.021,48.67,5.483
2016-02-29,10.05,7.4,6.26,14.09,17.215,2.342,3.412,6.5,12.81,5.997,2.426,9.535,1.057,4.804,18.176,9.539,5.3,3.188,12.81,3.625,2.6,3.704,0.899,22.21,12.95,16.539,23.51,5.021,48.64,5.62
2016-03-01,10.29,7.5,6.515,14.47,17.626,2.386,3.52,6.555,13.17,6.313,2.403,10.19,1.076,4.87,18.485,9.539,5.4,3.235,12.91,3.753,2.56,3.74,0.929,22.4,13.35,17.312,24.06,5.078,49.01,5.735
2016-03-02,10.22,7.39,6.765,14.31,18.538,2.476,3.544,6.55,13.21,6.465,2.462,10.0,1.065,4.78,18.359,9.745,5.41,3.395,13.11,3.805,2.526,3.742,0.944,21.91,13.45,17.628,24.32,5.035,48.25,6.143
2016-03-03,10.44,7.305,6.79,14.33,18.648,2.576,3.546,6.785,13.25,6.606,2.47,10.02,1.063,4.782,18.388,9.677,5.45,3.336,13.1,3.825,2.498,3.708,0.998,21.62,13.63,17.656,24.68,4.993,47.4,6.184
2016-03-04,10.86,7.3,6.66,14.38,18.238,2.524,3.492,6.82,13.28,6.63,2.541,9.96,1.063,4.758,18.466,9.965,5.37,3.349,12.97,3.885,2.49,3.714,1.02,21.53,13.54,17.973,25.21,4.986,48.35,5.924
2016-03-07,10.98,7.345,6.47,14.31,17.817,2.464,3.376,6.65,13.22,6.587,2.566,9.83,1.053,4.694,18.495,10.688,5.345,3.176,12.74,3.892,2.476,3.662,0.983,21.72,13.59,17.256,25.09,4.944,48.42,5.683
2016-03-08,10.58,7.105,6.555,14.76,17.967,2.486,3.304,6.775,12.91,6.294,2.499,10.03,1.042,4.642,18.533,9.109,5.26,3.13,12.87,3.84,2.496,3.676,0.998,21.3,13.25,17.489,24.99,4.95,48.48,5.657
2016-03-09,10.78,7.15,6.575,14.55,18.117,2.516,3.418,6.77,13.03,6.328,2.515,10.09,1.047,4.688,18.582,9.376,5.26,3.165,12.98,3.895,2.48,3.788,1.014,21.7,13.4,17.852,25.0,4.956,46.21,5.501
2016-03-10,10.41,7.12,6.675,14.51,18.538,2.544,3.368,6.875,12.78,6.143,2.454,9.86,1.07,4.724,18.079,9.009,5.16,3.194,12.96,3.92,2.524,3.808,0.988,21.28,12.94,17.982,24.81,5.041,45.75,5.412
2016-03-11,10.78,7.295,7.255,15.01,20.292,2.734,3.594,6.995,12.84,6.413,2.518,10.54,1.14,4.832,18.833,9.657,5.35,3.459,13.9,3.975,2.546,3.912,1.042,21.63,13.32,18.55,25.93,5.159,45.36,5.906
2016-03-14,10.73,7.35,7.33,15.46,20.051,2.678,3.62,6.97,13.3,6.597,2.621,10.85,1.108,4.854,18.911,9.684,5.335,3.506,13.78,4.175,2.52,3.9,1.032,21.91,13.39,18.326,26.23,5.108,46.67,6.062
2016-03-15,10.61,7.285,7.085,14.91,19.691,2.65,3.616,6.92,13.06,6.431,2.628,10.74,1.105,4.838,18.611,9.355,5.225,3.391,13.7,4.262,2.57,3.89,1.046,21.76,13.2,17.898,26.38,5.134,46.0,5.973
2016-03-16,10.73,7.365,7.115,14.88,19.61,2.592,3.672,6.805,13.05,6.592,2.648,10.96,1.11,4.83,18.669,9.263,5.25,3.384,13.85,4.318,2.54,3.896,1.033,21.87,13.37,17.973,26.38,5.073,45.53,5.776
2016-03-17,10.92,7.525,6.68,14.98,18.789,2.52,3.676,6.895,12.95,6.554,2.582,10.78,1.116,4.88,19.007,9.381,5.135,3.161,13.88,4.363,2.572,3.93,1.013,21.79,13.61,18.01,26.16,5.219,44.92,4.956
2016-03-18,10.72,7.635,6.74,15.01,18.458,2.492,3.69,6.84,13.11,6.729,2.737,11.17,1.113,4.9,18.901,9.524,5.12,3.196,13.65,4.347,2.63,3.916,1.01,21.53,13.73,18.578,26.46,5.265,45.48,5.079
2016-03-21,10.67,7.605,6.775,15.13,18.709,2.518,3.66,6.86,12.76,6.701,2.779,11.15,1.124,4.91,18.959,9.2,4.982,3.225,13.49,4.355,2.592,3.92,1.041,21.52,13.73,18.54,26.11,5.305,45.68,5.379
2016-03-22,10.91,7.91,6.65,15.1,18.498,2.516,3.654,6.895,13.0,6.724,2.733,11.27,1.105,4.976,18.891,9.283,4.9,3.217,13.32,4.35,2.572,3.906,1.046,21.58,13.8,18.373,25.66,5.346,45.17,5.401
2016-03-23,10.73,7.74,6.605,15.06,17.927,2.45,3.6,6.79,13.0,6.654,2.659,11.24,1.101,4.96,18.978,9.255,4.948,3.169,13.24,4.365,2.61,3.888,1.007,21.71,13.47,18.298,25.73,5.346,45.8,5.401
2016-03-24,10.59,7.63,6.42,14.57,17.436,2.408,3.51,6.65,12.94,6.379,2.61,11.23,1.107,5.01,18.611,8.743,4.902,3.083,12.95,4.33,2.658,3.91,0.969,21.47,13.15,17.973,25.16,5.406,45.5,5.142
2016-03-25,10.59,7.63,6.42,14.57,17.436,2.408,3.51,6.65,12.94,6.379,2.61,11.23,1.107,5.01,18.611,8.743,4.902,3.083,12.95,4.33,2.658,3.91,0.969,21.47,13.15,17.973,25.16,5.406,45.5,5.142
2016-03-28,10.59,7.63,6.42,14.57,17.436,2.408,3.51,6.65,12.94,6.379,2.61,11.23,1.107,5.01,18.611,8.743,4.902,3.083,12.95,4.33,2.658,3.91,0.969,21.47,13.15,17.973,25.16,5.406,45.5,5.142
2016-03-29,10.52,7.56,6.46,15.22,16.965,2.434,3.524,6.715,12.74,6.465,2.582,11.19,1.118,5.005,18.959,8.284,4.89,2.955,13.06,4.33,2.638,3.972,0.957,21.85,13.15,18.243,25.27,5.421,45.88,4.949
2016-03-30,10.95,7.775,6.33,15.39,16.384,2.418,3.578,6.895,13.12,6.843,2.67,11.31,1.142,5.08,19.433,8.936,4.904,2.925,13.16,4.41,2.638,4.0,0.954,22.0,13.52,18.447,25.8,5.577,50.0,4.793
2016-03-31,10.95,7.62,6.33,15.19,15.883,2.434,3.556,7.01,12.85,6.71,2.671,11.15,1.143,5.015,19.249,8.838,4.872,2.832,13.03,4.392,2.626,3.898,0.948,22.0,13.3,18.848,25.85,5.552,50.75,4.485
2016-04-01,10.82,7.7,6.275,15.33,15.532,2.372,3.51,7.065,12.93,6.384,2.675,11.03,1.123,4.95,18.92,8.638,4.804,2.833,12.84,4.352,2.618,3.878,0.915,22.01,12.79,19.415,25.92,5.456,51.35,4.277
2016-04-04,10.74,7.68,6.34,15.04,15.111,2.312,3.54,7.105,12.97,6.408,2.853,11.36,1.143,4.992,18.969,8.259,4.906,2.884,12.69,4.4,2.626,3.842,0.88,22.16,12.76,19.546,25.69,5.467,52.0,3.962
2016-04-05,10.33,7.63,6.22,15.14,14.65,2.212,3.398,6.825,12.33,6.087,2.897,11.1,1.128,4.918,18.359,7.782,4.622,2.72,12.28,4.335,2.61,3.714,0.859,21.79,12.44,18.661,24.01,5.446,51.45,3.643
2016-04-06,10.51,7.68,6.28,15.25,14.901,2.238,3.402,6.68,12.68,6.006,2.963,11.11,1.176,5.01,18.437,7.932,4.59,2.705,12.32,4.335,2.518,3.73,0.86,22.05,12.57,18.801,24.1,5.562,51.8,3.52
2016-04-07,10.48,7.445,5.965,14.98,14.019,2.164,3.372,6.51,12.43,5.77,2.973,10.71,1.184,4.94,17.75,7.613,4.788,2.545,12.05,4.31,2.53,3.66,0.836,22.5,12.32,18.15,23.73,5.507,53.1,3.254
2016-04-08,11.08,7.62,6.31,15.51,15.382,2.294,3.518,6.885,12.67,6.001,2.952,10.96,1.19,5.045,18.369,8.203,4.9,2.909,12.4,4.375,2.526,3.762,0.888,22.58,12.85,18.941,24.19,5.557,52.05,3.609
2016-04-11,11.13,7.425,6.38,15.61,15.752,2.334,3.558,6.94,12.79,6.148,3.0,11.02,1.197,5.065,19.471,8.66,4.972,3.05,12.55,4.305,2.54,3.778,0.899,22.47,12.89,18.838,24.93,5.532,52.0,3.98
2016-04-12,11.21,7.57,6.245,15.62,14.941,2.238,3.452,6.87,12.69,6.063,2.878,10.63,1.18,5.05,19.375,8.535,4.808,2.928,12.59,4.25,2.538,3.75,0.857,22.44,12.96,18.485,25.15,5.487,51.8,3.951
2016-04-13,11.55,7.52,6.57,15.68,16.524,2.424,3.604,7.13,12.85,6.351,2.875,10.94,1.2,5.05,19.955,8.869,5.01,3.264,13.07,4.282,2.538,3.822,0.885,22.46,13.48,19.685,25.7,5.532,51.5,4.259
2016-04-14,11.54,7.68,6.69,16.12,17.045,2.436,3.608,7.2,12.9,6.417,2.808,10.87,1.206,5.06,19.887,9.135,4.9,3.411,13.32,4.312,2.55,3.838,0.899,22.37,13.72,20.002,25.82,5.547,51.25,4.426
2016-04-15,11.54,7.61,6.57,15.96,17.215,2.448,3.584,7.08,12.57,6.313,2.779,10.86,1.184,5.025,19.616,8.871,5.13,3.336,13.18,4.242,2.53,3.808,0.895,22.41,13.54,19.797,26.09,5.462,50.9,4.63
2016-04-18,11.59,7.805,6.68,16.1,16.624,2.46,3.776,7.105,12.7,6.512,2.82,11.06,1.2,5.03,19.423,9.333,5.04,3.422,13.15,4.253,2.53,3.878,0.88,22.56,13.5,20.02,26.04,5.507,50.95,4.607
2016-04-19,11.93,7.775,6.58,16.75,16.534,2.42,3.848,7.0,12.9,6.71,2.776,11.06,1.206,5.01,19.781,9.353,5.2,3.307,13.27,4.343,2.558,3.926,0.901,22.47,13.67,19.927,25.93,5.482,51.35,4.481
2016-04-20,12.11,7.865,6.79,16.94,17.296,2.464,3.882,7.115,12.87,6.824,2.78,11.04,1.228,4.982,19.906,9.536,5.15,3.405,13.36,4.367,2.544,3.93,0.906,22.26,13.89,20.011,26.02,5.502,51.4,4.485
2016-04-21,12.16,7.76,7.0,17.03,17.686,2.49,3.858,7.16,12.69,6.951,2.814,10.95,1.211,4.876,19.848,9.403,5.175,3.513,13.63,4.32,2.5,3.9,0.923,22.36,14.07,19.918,26.08,5.28,51.5,4.57
2016-04-22,12.23,7.69,7.305,16.72,17.596,2.46,3.874,7.145,12.82,6.786,2.792,10.95,1.226,4.82,19.868,9.25,5.165,3.53,13.77,4.265,2.5,3.9,0.895,22.07,14.15,20.048,26.24,5.27,50.8,4.633
2016-04-25,11.85,7.675,7.005,16.54,16.664,2.4,3.792,6.99,12.74,6.828,2.778,11.0,1.203,4.824,19.442,9.398,5.07,3.408,13.69,4.295,2.542,3.88,0.855,22.15,14.08,19.76,26.0,5.285,50.7,4.452
2016-04-26,11.85,7.75,7.23,16.54,17.496,2.468,3.846,7.07,12.61,6.649,2.797,11.05,1.249,4.83,19.616,9.551,5.2,3.52,13.81,4.31,2.548,3.93,0.865,22.23,14.14,19.881,26.39,5.285,50.7,4.619
2016-04-27,12.07,8.055,7.26,16.65,17.125,2.47,3.798,7.005,12.66,6.762,2.791,11.34,1.244,4.872,19.858,9.732,5.7,3.466,13.72,4.338,2.588,3.984,0.843,22.45,14.27,20.374,26.18,5.346,50.8,4.556
2016-04-28,12.08,7.96,7.275,16.74,17.847,2.49,3.838,7.21,12.65,6.923,2.83,11.37,1.257,4.91,20.003,10.919,5.625,3.601,13.67,4.278,2.58,4.054,0.868,22.11,14.4,20.57,26.1,5.366,51.3,4.752
2016-04-29,11.78,8.035,7.175,16.54,16.905,2.42,3.74,7.185,12.57,6.625,2.791,11.03,1.246,4.924,19.906,10.493,5.37,3.455,13.32,4.215,2.626,3.958,0.85,22.19,14.2,20.458,25.93,5.376,51.0,4.574
2016-05-02,11.62,8.135,6.97,16.55,16.284,2.372,3.728,7.28,12.38,6.729,2.791,10.99,1.229,4.904,19.8,9.95,5.265,3.329,13.31,4.2,2.61,3.956,0.846,22.13,13.95,20.104,25.47,5.386,50.85,4.24
2016-05-03,11.0,8.11,6.705,16.39,15.522,2.316,3.6,7.08,12.1,6.526,2.729,10.89,1.208,4.85,19.355,9.632,5.035,3.183,13.04,4.177,2.564,3.89,0.836,22.19,13.52,19.425,24.9,5.381,50.95,3.936
2016-05-04,10.94,8.3,6.65,16.43,15.502,2.264,3.65,7.345,12.2,6.474,2.69,11.02,1.216,4.86,19.404,9.79,4.872,3.148,13.03,4.218,2.59,3.898,0.846,22.35,13.4,19.518,25.0,5.376,51.9,4.095
2016-05-05,11.21,8.16,6.43,16.31,15.282,2.22,3.63,7.2,12.36,6.309,2.725,10.69,1.222,4.944,19.597,9.812,4.882,3.06,13.0,4.233,2.588,3.936,0.871,22.72,13.66,18.457,24.48,5.401,51.75,3.895
2016-05-06,11.52,8.205,6.375,16.18,15.352,2.226,3.546,7.15,12.13,6.351,2.636,10.39,1.232,4.882,19.529,9.812,4.828,3.12,12.93,4.258,2.59,3.902,0.861,22.83,13.55,18.159,24.11,5.381,51.95,4.062
2016-05-09,11.13,8.27,6.245,16.22,14.991,2.24,3.462,7.315,12.09,6.252,2.548,10.26,1.214,4.898,19.732,9.368,4.714,2.98,12.93,4.383,2.61,3.89,0.85,23.71,13.38,17.889,23.81,5.371,52.5,3.707
2016-05-10,11.31,8.305,6.295,16.85,14.77,2.294,3.508,7.21,12.01,6.441,2.531,10.38,1.231,4.944,20.351,9.205,4.774,2.972,13.25,4.398,2.606,3.984,0.868,24.08,13.57,17.842,23.7,5.401,52.5,3.591
2016-05-11,11.27,8.3,6.405,16.88,14.219,2.256,3.418,7.075,12.12,6.346,2.524,10.77,1.217,4.846,20.776,9.19,4.724,2.963,13.11,4.302,2.558,3.97,0.847,24.0,13.43,17.433,23.65,5.33,52.35,3.265
2016-05-12,11.38,8.465,6.45,16.6,14.6,2.232,3.352,7.09,12.05,6.328,2.785,10.7,1.23,4.83,21.057,9.539,4.642,2.917,12.59,4.275,2.566,4.006,0.838,23.78,13.52,17.228,23.15,5.169,52.45,3.318
2016-05-13,11.39,8.47,6.51,16.64,14.59,2.224,3.254,7.065,12.98,6.469,2.923,10.69,1.227,4.87,21.008,9.325,4.672,2.913,12.45,4.29,2.57,4.006,0.848,24.18,13.57,17.74,23.4,5.245,52.85,3.316
2016-05-16,11.6,8.45,6.49,17.03,14.38,2.2,3.226,7.12,12.99,6.375,2.835,10.68,1.23,4.852,20.883,9.468,4.722,2.958,12.6,4.27,2.59,4.016,0.873,24.15,13.69,17.963,23.75,5.189,52.25,3.416
2016-05-17,11.86,8.36,6.465,16.98,14.099,2.184,3.172,7.06,13.33,5.949,2.78,10.47,1.195,4.824,20.786,9.383,4.74,2.917,12.41,4.19,2.554,3.95,0.849,24.21,13.57,17.6,23.22,5.149,52.05,3.192
2016-05-18,11.9,8.53,6.585,17.15,14.199,2.242,3.194,7.1,13.37,5.959,2.941,10.57,1.214,4.848,20.912,9.338,5.035,3.122,12.69,4.195,2.56,3.976,0.845,24.4,13.61,17.647,23.26,5.224,51.0,3.207
2016-05-19,11.51,8.46,6.585,17.19,13.989,2.296,3.196,7.1,13.49,5.935,2.897,10.54,1.202,4.786,20.689,9.007,5.01,2.976,12.51,4.09,2.514,3.94,0.831,24.47,13.19,17.349,23.3,5.184,52.15,3.171
2016-05-20,11.75,8.685,6.645,17.31,15.051,2.314,3.262,7.315,13.85,5.964,2.891,10.71,1.206,4.878,21.173,9.019,5.135,3.013,12.75,4.218,2.502,3.99,0.828,25.51,13.4,18.038,23.31,5.245,52.45,3.205
2016-05-23,11.53,8.565,6.58,17.26,14.6,2.172,3.116,7.35,13.79,5.699,2.897,10.55,1.207,4.842,20.999,8.929,5.17,2.888,12.14,4.15,2.552,3.954,0.83,25.69,12.95,17.61,22.35,4.968,53.1,3.213
2016-05-24,11.67,8.65,6.98,17.49,15.312,2.304,3.248,7.73,13.97,5.874,2.923,10.85,1.226,4.98,21.357,9.142,5.31,3.115,12.84,4.293,2.578,4.062,0.81,25.93,13.35,18.103,22.75,5.149,53.2,3.248
2016-05-25,11.7,8.66,7.14,17.76,15.682,2.356,3.32,7.63,14.25,6.049,2.926,10.98,1.243,4.976,21.25,9.539,5.355,3.271,13.02,4.355,2.59,4.074,0.832,25.81,13.81,18.699,22.98,5.134,52.75,3.532
2016-05-26,11.97,8.6,7.125,17.85,15.081,2.374,3.316,7.5,14.17,5.978,2.96,10.98,1.249,5.0,21.376,9.471,5.41,3.207,13.02,4.345,2.614,4.106,0.867,25.99,13.88,18.28,23.82,5.139,53.65,3.527
2016-05-27,12.0,8.73,7.21,18.22,14.961,2.356,3.382,7.545,14.33,5.879,2.969,10.93,1.25,4.992,21.395,9.283,5.425,3.215,13.12,4.352,2.62,4.098,0.87,26.36,13.83,18.392,23.95,5.119,53.95,3.554
2016-05-30,12.01,8.775,7.19,18.2,15.011,2.374,3.37,7.595,14.35,6.044,2.932,10.76,1.281,5.03,21.598,9.33,5.435,3.246,13.18,4.37,2.642,4.118,0.865,26.53,13.94,18.755,23.61,5.159,55.0,3.561
2016-05-31,11.91,8.8,6.97,17.86,14.41,2.308,3.32,7.535,14.32,6.063,2.893,10.64,1.281,4.984,21.26,9.235,5.36,3.078,13.03,4.343,2.6,4.074,0.851,26.54,13.73,18.392,23.54,5.189,54.4,3.3
2016-06-01,11.77,8.785,6.84,17.92,14.149,2.27,3.332,7.45,14.38,5.883,2.945,10.44,1.287,4.958,21.202,9.037,5.33,2.946,12.96,4.36,2.622,4.038,0.855,26.98,13.54,18.196,23.21,5.144,55.5,3.092
2016-06-02,11.6,8.715,6.795,17.86,13.859,2.252,3.316,7.485,14.42,6.001,2.985,10.49,1.278,4.946,21.095,9.049,5.335,3.039,12.88,4.37,2.64,4.052,0.855,27.19,13.53,18.047,23.05,5.053,55.6,3.094
2016-06-03,11.56,8.63,6.62,17.61,13.207,2.212,3.184,7.265,14.27,5.822,2.912,10.15,1.256,4.946,20.815,8.773,5.305,2.917,12.52,4.372,2.63,4.018,0.845,26.75,13.42,17.424,23.12,5.063,56.25,2.934
2016-06-06,12.14,8.635,6.57,17.86,12.957,2.204,3.2,7.3,14.15,5.817,2.869,9.935,1.274,4.972,21.008,9.019,5.37,2.904,12.5,4.358,2.608,4.052,0.845,26.66,13.77,17.414,23.36,5.103,54.95,3.082
2016-06-07,12.74,8.7,6.68,18.05,13.388,2.242,3.208,7.35,14.44,6.063,2.907,10.11,1.266,5.03,21.154,9.526,5.535,3.039,12.71,4.385,2.624,4.114,0.863,27.29,14.09,17.6,23.58,5.164,55.95,3.27
2016-06-08,12.96,8.56,6.595,17.88,12.776,2.216,3.194,7.38,14.84,6.025,2.923,10.05,1.274,5.035,20.95,9.991,5.385,2.942,12.95,4.35,2.612,4.126,0.865,27.29,14.13,17.647,23.5,5.179,55.05,3.172
2016-06-09,12.73,8.455,6.48,17.14,12.736,2.196,3.096,7.32,14.83,5.973,2.864,9.73,1.282,4.994,21.047,9.782,5.305,2.997,12.89,4.285,2.61,4.122,0.853,27.24,14.06,17.358,23.43,5.093,55.65,3.076
2016-06-10,12.69,8.355,6.125,16.46,11.925,2.106,2.884,7.12,14.4,5.77,2.861,9.25,1.228,4.87,20.245,9.28,5.065,2.801,12.31,4.162,2.596,3.982,0.822,26.85,13.77,16.316,22.81,4.96,54.85,2.916
2016-06-13,12.41,8.165,5.825,16.17,11.293,1.982,2.728,6.655,14.04,5.609,2.649,9.24,1.207,4.808,19.771,8.71,4.974,2.63,11.91,4.11,2.522,3.918,0.791,26.0,13.45,15.674,21.65,4.988,53.25,2.622
2016-06-14,12.24,8.15,5.605,15.91,11.073,1.913,2.594,6.36,13.9,5.505,2.807,9.03,1.177,4.738,19.452,8.725,4.936,2.556,11.57,4.113,2.478,3.85,0.762,25.94,13.2,15.311,20.28,4.964,53.45,2.45
2016-06-15,12.49,8.175,5.76,15.88,11.293,1.967,2.606,6.4,13.76,5.543,2.813,9.385,1.173,4.816,19.645,8.986,5.04,2.548,11.61,4.12,2.494,3.91,0.76,26.19,13.37,15.637,19.91,5.053,53.1,2.624
2016-06-16,12.26,8.075,5.74,15.62,11.043,1.95,2.52,6.285,13.49,5.477,2.724,9.3,1.16,4.766,19.452,8.776,4.922,2.481,11.48,4.128,2.45,3.93,0.74,25.86,13.23,15.776,19.88,5.003,52.2,2.624
2016-06-17,12.57,8.16,5.97,15.93,12.085,2.04,2.682,6.49,14.34,5.614,2.847,9.54,1.19,4.84,19.858,9.255,5.025,2.728,11.93,4.125,2.53,4.02,0.769,25.36,13.75,16.046,20.27,5.063,52.55,2.962
2016-06-20,12.92,8.535,6.3,16.35,12.496,2.102,2.85,6.82,14.44,5.921,2.906,9.99,1.183,4.866,20.738,9.802,5.14,2.851,12.29,4.27,2.426,3.956,0.794,26.21,14.16,17.358,20.98,5.214,53.65,2.882
2016-06-21,12.73,8.49,6.385,16.35,12.616,2.154,2.83,6.89,14.46,5.907,2.869,9.945,1.173,4.784,20.544,10.129,5.2,2.924,12.51,4.273,2.448,3.966,0.785,26.55,14.34,17.368,21.25,5.189,53.85,2.892
2016-06-22,12.6,8.61,6.345,16.47,12.726,2.152,2.788,6.855,14.45,5.836,2.805,9.85,1.159,4.78,20.283,9.885,5.275,2.912,12.58,4.22,2.402,3.906,0.79,26.43,14.12,17.563,21.74,5.103,55.05,2.846
2016-06-23,13.1,8.65,6.74,16.96,13.648,2.258,3.004,7.11,14.75,5.954,2.791,10.18,1.202,4.864,20.941,10.159,5.43,3.135,13.12,4.327,2.428,4.002,0.827,26.84,14.58,18.14,22.38,5.204,55.25,3.03
2016-06-24,12.44,8.2,5.31,15.58,10.401,1.74,2.446,6.04,14.11,5.397,2.582,8.965,1.086,4.524,18.321,9.089,5.09,2.364,10.92,4.142,2.352,3.6,0.69,25.45,13.24,15.646,19.77,4.845,51.7,2.324
2016-06-27,12.09,8.24,4.632,14.48,9.56,1.55,2.196,5.655,12.92,5.061,2.481,8.38,1.069,4.528,17.344,8.562,4.984,2.339,9.995,4.145,2.31,3.586,0.668,25.69,13.23,13.794,17.92,4.829,50.4,2.18
2016-06-28,12.22,8.25,4.9,14.9,9.414,1.624,2.25,5.89,13.24,5.137,2.505,8.97,1.089,4.736,17.702,8.781,5.11,2.284,10.15,4.307,2.36,3.742,0.702,26.5,13.66,13.998,18.02,5.021,51.55,2.22
2016-06-29,12.85,8.15,5.07,14.92,9.65,1.648,2.146,5.83,13.81,5.094,2.512,8.975,1.127,4.882,17.837,8.863,5.09,2.159,10.39,4.358,2.4,3.9,0.744,26.86,14.3,13.859,17.9,5.26,54.75,2.148
2016-06-30,13.01,8.41,5.155,15.68,9.87,1.702,2.106,6.135,14.06,5.193,2.515,9.06,1.178,4.994,18.988,8.999,5.24,2.219,10.55,4.44,2.458,3.98,0.735,27.0,14.52,13.58,17.94,5.406,55.0,2.144
2016-07-01,13.19,8.47,5.205,16.29,9.384,1.68,2.186,6.15,14.04,5.302,2.531,9.035,1.177,5.01,19.056,9.293,5.27,2.112,10.67,4.43,2.532,3.976,0.74,27.03,14.82,13.747,17.82,5.451,55.7,2.178
2016-07-04,13.14,8.43,4.986,16.03,9.044,1.629,2.096,5.925,13.91,5.061,2.613,9.085,1.188,4.954,18.388,9.607,5.16,1.97,10.37,4.423,2.496,3.982,0.739,27.02,14.52,13.31,17.2,5.401,56.45,2.08
2016-07-05,12.83,8.345,4.826,15.73,9.109,1.593,2.016,5.845,13.5,4.848,2.528,8.79,1.17,4.926,18.224,9.2,5.0,1.971,10.17,4.405,2.5,3.956,0.73,26.9,14.41,12.695,16.61,5.391,54.75,2.0
2016-07-06,12.46,8.245,4.712,15.28,8.808,1.59,1.944,5.75,13.31,4.83,2.438,8.6,1.147,4.834,17.808,8.823,4.834,1.83,9.815,4.267,2.464,3.882,0.651,26.73,14.14,12.016,16.02,5.32,53.95,1.877
2016-07-07,12.56,8.49,4.874,15.19,8.783,1.6,1.94,5.79,13.46,4.877,2.473,8.775,1.146,4.836,18.253,9.042,4.902,1.748,9.835,4.31,2.456,3.856,0.633,27.14,14.22,12.249,16.5,5.27,53.9,1.83
2016-07-08,12.71,8.42,5.29,15.76,9.55,1.76,2.188,6.11,13.81,5.231,2.605,9.27,1.171,4.918,19.036,9.441,5.16,2.031,10.6,4.372,2.384,3.93,0.648,28.03,14.5,12.677,17.29,5.285,54.8,2.166
2016-07-11,12.91,8.505,5.31,16.49,9.274,1.8,2.276,6.265,14.05,5.449,2.605,9.54,1.177,4.924,19.249,9.825,5.335,2.125,10.68,4.435,2.43,3.958,0.663,28.3,14.67,12.975,18.31,5.275,55.65,2.242
2016-07-12,13.03,8.43,5.7,16.68,10.522,1.918,2.42,6.48,14.09,5.671,2.687,9.75,1.2,4.9,19.471,10.189,5.405,2.299,11.22,4.432,2.41,3.976,0.692,28.13,14.81,13.654,18.91,5.3,55.8,2.38
2016-07-13,12.67,8.46,5.745,16.69,10.121,1.896,2.36,6.3,14.1,5.571,2.668,9.585,1.195,4.89,19.51,10.437,5.385,2.184,11.11,4.345,2.4,3.982,0.656,27.83,14.63,13.319,18.83,5.25,55.95,2.222
2016-07-14,12.82,8.45,5.92,17.2,10.792,1.936,2.464,6.4,14.37,5.737,2.706,9.78,1.198,4.836,19.645,10.518,5.42,2.277,11.4,4.387,2.444,3.99,0.666,27.59,14.9,13.766,19.24,5.224,55.7,2.344
2016-07-15,12.92,8.41,5.835,17.06,10.923,1.931,2.448,6.34,14.1,5.746,2.673,9.69,1.21,4.79,19.5,10.377,5.405,2.304,11.29,4.338,2.438,3.992,0.673,27.82,14.72,13.766,19.3,5.26,54.9,2.374
2016-07-18,12.71,8.41,5.935,17.26,11.123,1.935,2.476,6.34,14.16,5.86,2.673,9.745,1.204,4.818,19.578,10.568,5.52,2.318,11.35,4.407,2.432,3.996,0.694,27.68,14.56,14.166,19.44,5.214,56.65,2.41
2016-07-19,12.6,8.605,5.88,17.25,11.093,1.923,2.422,6.375,14.36,5.661,2.656,9.675,1.202,4.81,19.597,10.781,5.55,2.296,11.21,4.415,2.442,3.97,0.693,28.21,14.51,13.905,19.0,5.24,57.35,2.392
2016-07-20,12.32,8.74,5.95,17.26,11.283,1.947,2.472,6.41,14.32,5.888,2.733,9.63,1.22,4.836,19.771,10.977,5.67,2.32,11.36,4.46,2.45,3.976,0.687,28.76,14.37,14.129,19.23,5.255,57.4,2.376
2016-07-21,12.53,8.725,5.995,17.43,11.524,1.953,2.438,6.38,14.36,5.949,2.892,9.65,1.219,4.802,19.491,10.859,5.71,2.395,11.29,4.438,2.45,4.024,0.685,28.72,14.29,14.408,19.26,5.219,57.05,2.47
2016-07-22,12.28,8.755,5.94,17.59,11.454,1.956,2.424,6.38,14.28,5.912,2.932,9.68,1.226,4.836,19.694,10.927,5.715,2.377,11.24,4.497,2.464,4.028,0.695,28.77,14.23,14.25,18.95,5.24,56.95,2.432
2016-07-25,12.12,8.75,5.99,17.4,11.494,1.92,2.446,6.33,14.15,5.931,2.961,9.66,1.243,4.826,19.665,10.36,5.805,2.314,11.17,4.575,2.448,4.028,0.7,28.41,14.03,14.678,19.2,5.189,57.75,2.392
2016-07-26,12.25,8.875,5.85,17.7,11.233,1.928,2.436,6.4,14.43,5.983,2.9,9.64,1.247,4.83,19.819,10.693,5.88,2.324,11.09,4.58,2.432,4.018,0.693,28.97,14.04,14.445,18.82,5.214,58.0,2.452
2016-07-27,12.16,8.935,6.055,17.91,10.772,1.962,2.528,6.55,14.47,5.869,2.953,9.7,1.27,4.87,19.993,11.035,6.495,2.431,11.3,4.595,2.462,4.024,0.747,28.94,14.03,14.687,19.18,5.285,57.1,2.512
2016-07-28,11.8,8.75,5.98,17.75,10.371,1.903,2.448,6.45,14.48,5.397,2.992,9.965,1.262,4.832,20.013,9.955,6.45,2.356,10.99,4.57,2.5,4.012,0.743,28.78,13.67,13.31,18.8,5.194,56.85,2.438
2016-07-29,11.96,8.92,6.265,17.92,10.983,1.97,2.48,6.56,14.48,5.444,3.024,10.21,1.27,4.87,20.225,9.812,6.52,2.484,11.78,4.617,2.536,4.118,0.763,29.01,13.68,13.086,18.48,5.219,56.3,2.518
2016-08-01,11.64,8.9,6.145,17.85,9.951,1.901,2.45,6.36,14.58,5.382,2.966,9.83,1.267,4.836,20.158,9.579,6.5,2.343,11.73,4.625,2.564,4.098,0.764,29.36,13.41,12.798,18.15,5.194,56.05,2.392
2016-08-02,11.46,8.86,5.64,17.48,9.239,1.829,2.228,6.115,14.38,5.151,2.923,9.75,1.269,4.79,19.964,9.333,6.25,2.054,11.27,4.84,2.554,4.044,0.744,28.85,13.13,12.407,17.86,5.108,55.85,2.15
2016-08-03,11.69,8.71,5.605,17.82,9.029,1.819,2.292,6.025,14.17,5.576,2.943,9.45,1.25,4.778,19.858,9.388,6.305,2.136,11.24,4.812,2.534,4.026,0.742,28.09,13.22,12.546,17.55,5.093,56.2,2.15
2016-08-04,12.03,8.855,5.66,18.06,9.254,1.82,2.338,6.16,14.27,5.524,2.881,9.4,1.257,4.792,20.264,9.378,6.53,2.147,11.27,4.812,2.554,4.042,0.752,28.56,13.25,12.751,17.48,5.119,57.8,2.138
2016-08-05,12.29,8.94,6.155,18.19,9.805,1.9,2.432,6.39,14.66,5.751,2.935,9.67,1.26,4.83,20.602,9.612,6.65,2.427,11.72,4.82,2.576,4.094,0.766,28.24,13.41,12.975,18.21,5.154,60.0,2.216
2016-08-08,12.55,8.94,6.34,18.46,10.081,1.924,2.54,6.375,14.89,5.751,2.985,9.66,1.26,4.816,20.738,9.9,6.665,2.383,11.96,4.73,2.528,4.074,0.767,28.16,13.57,13.356,18.42,5.169,59.45,2.328
2016-08-09,12.52,9.09,6.565,18.71,10.191,1.933,2.57,6.375,14.91,5.85,2.994,9.71,1.242,4.8,20.912,10.006,6.65,2.43,12.1,4.775,2.546,4.062,0.762,28.45,13.55,13.449,18.71,5.144,60.65,2.284
2016-08-10,12.46,9.195,6.52,18.79,10.271,1.95,2.56,6.34,15.06,5.86,2.954,9.825,1.237,4.744,21.057,9.898,6.565,2.415,12.11,4.75,2.48,4.054,0.756,28.4,13.51,13.542,18.74,5.108,60.85,2.274
2016-08-11,12.57,9.095,6.455,19.16,10.492,1.97,2.6,6.39,15.22,5.822,3.007,10.08,1.255,4.796,21.163,10.164,6.68,2.414,12.18,4.97,2.512,4.11,0.789,28.59,13.7,13.524,18.51,5.174,62.0,2.258
2016-08-12,12.68,9.225,6.475,19.6,10.602,1.976,2.564,6.43,15.09,5.817,3.059,10.11,1.26,4.78,21.047,10.327,6.68,2.38,12.1,4.98,2.502,4.104,0.787,27.81,13.7,13.673,18.35,5.149,60.6,2.258
2016-08-15,12.68,9.225,6.475,19.6,10.602,1.976,2.564,6.43,15.09,5.817,3.059,10.11,1.26,4.78,21.047,10.327,6.68,2.38,12.1,4.98,2.502,4.104,0.787,27.81,13.7,13.673,18.35,5.149,60.6,2.258
2016-08-16,12.97,9.355,6.37,19.3,10.572,1.937,2.51,6.25,15.0,5.718,3.022,9.87,1.238,4.708,20.593,10.405,6.63,2.362,11.75,4.892,2.496,4.008,0.79,27.8,13.74,13.226,18.11,5.119,58.3,2.24
2016-08-17,12.9,9.245,6.315,19.11,10.311,1.886,2.44,6.145,14.91,5.666,2.977,9.75,1.214,4.648,20.573,10.347,6.55,2.274,11.43,4.86,2.442,3.934,0.805,27.27,13.57,12.835,17.7,5.029,58.3,2.186
2016-08-18,13.14,9.385,6.29,19.06,10.341,1.901,2.47,6.22,15.24,5.69,2.974,9.935,1.217,4.666,21.134,10.44,6.76,2.315,11.46,4.865,2.45,3.938,0.809,27.44,13.74,13.3,18.07,5.063,57.85,2.182
2016-08-19,12.87,9.41,6.115,18.82,9.69,1.829,2.354,6.075,15.51,5.519,2.977,9.785,1.195,4.6,20.805,10.191,6.73,2.181,11.09,4.85,2.448,3.89,0.799,27.09,13.47,12.574,17.57,5.003,56.75,2.076
2016-08-22,12.67,9.53,6.17,18.75,9.82,1.848,2.356,6.075,15.64,5.586,3.027,9.94,1.191,4.62,20.902,9.983,6.7,2.196,11.18,4.907,2.414,3.898,0.793,27.28,13.44,12.751,17.45,4.993,56.75,2.124
2016-08-23,12.82,9.45,6.495,19.23,10.472,1.94,2.444,6.3,15.66,5.699,3.096,10.25,1.219,4.702,21.27,10.445,6.88,2.322,11.68,4.9,2.408,3.94,0.809,27.43,13.62,12.984,17.75,5.048,57.55,2.22
2016-08-24,12.73,9.42,6.51,19.22,11.313,1.999,2.418,6.38,15.8,5.808,3.12,10.4,1.209,4.678,21.337,10.395,6.81,2.372,11.64,4.875,2.44,3.942,0.808,27.55,13.51,13.096,17.9,5.037,57.55,2.256
2016-08-25,12.57,9.345,6.445,19.11,10.892,1.981,2.366,6.27,15.81,5.798,3.125,10.23,1.208,4.67,21.144,10.259,6.765,2.303,11.31,4.875,2.438,3.952,0.807,26.93,13.35,12.835,18.02,5.053,56.7,2.192
2016-08-26,12.72,9.245,6.49,19.21,10.953,2.014,2.394,6.335,15.99,5.827,3.21,10.34,1.214,4.67,21.26,10.442,6.8,2.324,11.19,4.925,2.452,3.978,0.815,26.96,13.61,13.012,18.09,5.108,57.05,2.166
2016-08-29,12.49,9.225,6.38,19.09,10.923,1.995,2.348,6.215,15.86,5.727,3.306,10.27,1.207,4.63,21.008,10.242,6.745,2.255,10.97,4.898,2.45,3.916,0.808,26.66,13.47,12.658,17.72,5.058,56.85,2.164
2016-08-30,12.64,9.35,6.54,19.53,11.163,2.044,2.424,6.26,15.83,5.869,3.328,10.33,1.207,4.65,21.26,10.342,6.83,2.319,11.25,4.957,2.472,3.956,0.825,27.35,13.7,12.686,18.04,5.043,58.5,2.192
2016-08-31,12.32,9.425,6.65,19.06,11.554,2.13,2.494,6.22,15.85,5.855,3.28,10.23,1.189,4.632,21.386,10.314,6.71,2.335,11.4,4.878,2.484,3.958,0.813,27.12,13.54,12.807,17.96,5.013,57.95,2.238
2016-09-01,12.15,9.33,6.7,19.18,11.714,2.13,2.482,6.325,15.64,5.694,3.303,10.24,1.207,4.612,21.095,10.254,6.69,2.379,11.52,4.85,2.43,3.946,0.817,26.82,13.44,12.984,18.34,5.001,57.6,2.23
2016-09-02,12.33,9.42,6.84,19.35,11.794,2.192,2.518,6.425,15.81,5.652,3.342,10.31,1.22,4.684,21.26,10.317,6.51,2.411,11.6,5.015,2.466,4.036,0.82,27.15,13.72,13.347,18.63,5.073,57.6,2.29
2016-09-05,12.43,9.385,6.855,18.93,11.724,2.182,2.544,6.455,15.96,5.647,3.338,10.33,1.212,4.72,21.241,10.457,6.525,2.411,11.51,4.983,2.472,4.04,0.818,27.15,13.83,13.514,18.64,5.088,57.5,2.4
2016-09-06,12.17,9.37,6.75,18.98,11.544,2.138,2.58,6.395,15.72,5.68,3.359,10.4,1.214,4.692,21.037,10.342,6.61,2.368,11.42,4.98,2.47,4.02,0.805,27.01,13.74,13.356,19.06,5.053,57.4,2.34
2016-09-07,12.28,9.41,6.84,19.23,11.664,2.158,2.612,6.435,15.86,5.817,3.368,10.75,1.228,4.738,21.337,10.385,6.8,2.448,11.58,5.02,2.506,4.13,0.804,27.89,13.88,13.366,19.17,5.083,58.1,2.366
2016-09-08,12.24,9.36,6.935,18.44,11.905,2.192,2.63,6.58,15.4,5.746,3.368,10.84,1.252,4.74,21.173,10.415,6.775,2.452,11.87,4.905,2.532,4.106,0.817,27.54,14.03,13.58,19.45,5.093,57.2,2.368
2016-09-09,12.0,9.25,6.875,17.95,11.724,2.166,2.634,6.485,15.28,5.694,3.383,10.77,1.255,4.624,20.863,10.317,6.79,2.403,12.04,4.782,2.432,4.05,0.804,26.77,13.77,13.487,19.66,4.99,56.5,2.346
2016-09-12,11.84,9.18,6.75,17.8,11.283,2.122,2.528,6.34,15.09,5.557,3.318,10.7,1.227,4.586,20.718,9.928,6.69,2.357,11.72,4.76,2.424,3.968,0.789,26.67,13.56,13.086,19.01,4.95,55.4,2.276
2016-09-13,11.58,9.16,6.715,17.33,10.812,2.082,2.458,6.29,15.0,5.482,3.3,10.67,1.229,4.554,20.728,9.448,6.775,2.295,11.31,4.69,2.396,3.912,0.758,26.6,13.11,12.9,18.61,4.91,54.85,2.298
2016-09-14,11.65,9.195,6.68,17.9,10.712,2.08,2.488,6.345,15.04,5.397,3.24,10.6,1.233,4.568,20.921,9.461,6.745,2.304,11.12,4.725,2.41,3.918,0.75,27.17,13.15,12.956,18.62,4.908,55.2,2.284
2016-09-15,11.87,9.145,6.555,18.17,10.472,2.08,2.51,6.32,15.17,5.501,3.238,10.67,1.239,4.588,21.241,9.338,6.895,2.296,11.3,4.802,2.396,3.942,0.753,27.36,13.21,12.9,18.87,4.906,54.85,2.25
2016-09-16,11.72,9.065,6.175,17.91,9.865,2.014,2.406,5.97,14.96,5.387,3.15,10.34,1.221,4.49,21.125,8.959,6.855,2.217,11.0,4.787,2.356,3.88,0.734,26.89,12.91,12.081,18.23,4.841,56.95,2.142
2016-09-19,11.91,9.16,6.27,18.11,10.291,2.064,2.498,6.085,14.99,5.553,3.204,10.43,1.239,4.512,21.202,9.079,7.015,2.251,11.19,4.815,2.398,3.938,0.732,27.09,12.7,12.565,18.42,4.912,56.75,2.094
2016-09-20,11.59,9.125,6.1,18.01,10.201,2.008,2.396,5.96,15.01,5.42,3.236,10.11,1.23,4.49,21.482,8.788,7.115,2.155,11.16,4.8,2.422,3.926,0.729,27.16,12.47,12.351,17.97,4.88,57.75,1.999
2016-09-21,11.62,9.115,6.24,17.7,10.572,2.036,2.418,6.055,15.08,5.378,3.311,10.25,1.234,4.47,22.149,8.904,7.19,2.257,11.28,4.785,2.398,3.91,0.748,27.18,12.51,12.453,18.2,4.876,58.2,2.072
2016-09-22,11.9,9.26,6.25,18.1,10.622,2.062,2.386,6.105,15.5,5.486,3.318,10.33,1.251,4.59,22.72,9.361,7.25,2.262,11.31,5.02,2.422,4.036,0.766,27.45,12.65,12.826,18.3,4.974,58.8,2.104
2016-09-23,11.63,9.08,6.175,17.99,10.762,1.996,2.374,5.94,15.23,5.444,3.351,10.22,1.243,4.55,22.633,9.288,7.195,2.196,11.2,4.957,2.362,3.972,0.763,27.5,12.6,12.761,17.94,4.936,59.0,2.056
2016-09-26,11.46,9.125,5.935,18.0,10.371,1.973,2.308,5.76,15.08,5.245,3.364,10.09,1.237,4.556,22.333,8.919,7.13,2.161,10.94,4.96,2.358,3.922,0.743,28.43,12.37,12.323,17.28,4.902,57.7,2.008
2016-09-27,11.29,9.16,5.785,17.79,10.181,1.948,2.26,5.82,14.94,5.137,3.331,9.97,1.229,4.58,22.362,8.761,7.145,2.127,10.89,4.972,2.35,3.928,0.734,28.69,12.31,11.941,17.19,4.976,57.55,1.968
2016-09-28,11.44,9.205,5.86,18.37,10.341,1.943,2.33,5.93,15.29,5.184,3.33,10.11,1.233,4.596,22.439,8.728,7.235,2.174,10.91,5.045,2.336,3.956,0.749,28.69,12.35,12.146,17.12,4.972,57.6,1.994
2016-09-29,12.51,9.075,5.75,18.19,10.201,1.946,2.274,5.885,15.3,5.245,3.355,10.07,1.26,4.596,22.42,9.2,7.0,2.178,10.96,5.025,2.37,3.974,0.744,28.4,12.92,12.332,17.02,5.015,57.6,2.01
2016-09-30,12.68,9.14,5.79,18.25,10.381,1.974,2.272,5.9,15.17,5.34,3.297,10.09,1.257,4.588,22.546,9.456,7.25,2.242,10.86,5.015,2.398,3.968,0.739,28.61,12.82,12.193,17.08,4.978,57.2,2.096
2016-10-03,12.7,9.33,5.775,18.09,10.181,1.928,2.262,5.96,15.5,5.406,3.318,9.97,1.205,4.548,22.372,9.506,7.19,2.19,10.81,5.0,2.342,3.91,0.732,28.47,12.89,12.705,17.16,4.938,58.6,2.114
2016-10-04,12.89,9.2,5.78,17.9,10.071,1.93,2.308,6.025,15.64,5.439,3.404,9.885,1.209,4.502,22.623,9.689,7.225,2.184,10.78,4.96,2.252,3.914,0.732,28.38,12.97,12.947,17.06,4.884,58.9,2.146
2016-10-05,13.01,9.225,5.995,18.1,10.482,1.994,2.39,6.145,15.55,5.534,3.404,10.01,1.202,4.372,22.797,9.84,7.23,2.293,11.23,4.89,2.216,3.85,0.729,28.32,13.27,13.217,17.33,4.765,58.55,2.22
2016-10-06,13.05,9.115,6.095,18.31,10.722,2.008,2.402,6.185,15.39,5.496,3.357,9.935,1.229,4.324,23.106,9.928,7.325,2.3,11.38,4.87,2.198,3.828,0.726,28.17,13.27,13.496,17.1,4.765,59.55,2.214
2016-10-07,13.02,9.045,6.09,18.01,10.632,2.002,2.426,6.12,15.33,5.486,3.316,9.905,1.22,4.254,22.981,9.772,7.43,2.268,11.31,4.77,2.18,3.772,0.723,28.04,13.29,13.514,17.01,4.666,58.2,2.22
2016-10-10,13.3,9.075,6.175,18.18,10.652,2.014,2.466,6.24,15.41,5.586,3.331,10.02,1.211,4.348,23.039,10.086,7.51,2.349,11.37,4.787,2.21,3.83,0.74,28.38,13.6,14.092,17.18,4.708,58.55,2.36
2016-10-11,12.88,9.11,6.17,18.06,10.492,1.971,2.446,6.14,15.07,5.567,3.352,10.08,1.217,4.342,22.758,10.063,7.285,2.491,11.36,4.8,2.222,3.794,0.722,28.27,13.34,14.157,16.93,4.71,58.2,2.374
2016-10-12,13.15,9.2,6.255,17.75,10.742,1.976,2.476,6.235,15.21,5.486,3.342,10.09,1.202,4.346,22.285,10.339,7.09,2.546,11.52,4.8,2.228,3.742,0.701,27.8,13.25,13.989,16.92,4.73,58.3,2.518
2016-10-13,13.12,9.15,6.045,17.55,10.351,1.93,2.374,5.985,15.18,5.297,3.29,9.96,1.213,4.338,21.801,10.166,7.13,2.435,11.19,4.74,2.238,3.764,0.695,27.32,13.16,13.775,17.88,4.7,57.9,2.4
2016-10-14,13.19,9.25,6.195,17.98,10.552,1.983,2.504,6.1,15.33,5.42,3.283,10.29,1.238,4.42,22.333,10.405,7.24,2.563,11.37,4.847,2.254,3.836,0.716,27.53,13.42,13.924,17.78,4.791,57.95,2.55
2016-10-17,13.1,9.195,6.275,18.0,10.792,2.002,2.548,6.055,15.47,5.434,3.33,10.53,1.233,4.364,22.352,10.37,7.345,2.617,11.64,4.735,2.234,3.82,0.733,26.95,13.31,13.654,17.92,4.765,57.55,2.57
2016-10-18,13.29,9.18,6.41,18.17,11.083,2.056,2.64,6.215,15.27,5.401,3.272,10.87,1.26,4.494,22.401,10.392,7.47,2.751,11.87,4.798,2.262,3.91,0.757,27.11,13.55,13.756,18.29,4.92,58.0,2.636
2016-10-19,13.42,9.18,6.61,18.03,11.203,2.07,2.696,6.18,15.23,5.439,3.343,10.9,1.267,4.464,22.227,10.814,7.51,2.882,11.92,4.825,2.26,3.922,0.757,27.16,13.59,13.989,18.7,4.9,57.3,2.646
2016-10-20,13.36,9.285,6.645,18.01,11.273,2.108,2.708,6.19,15.15,5.472,3.33,11.29,1.277,4.48,21.927,10.927,7.32,2.875,11.89,4.787,2.278,3.954,0.76,27.15,13.73,14.036,18.88,4.93,57.3,2.63
2016-10-21,13.38,9.18,6.69,18.24,11.424,2.112,2.68,6.215,15.05,5.477,3.318,11.35,1.256,4.43,22.101,10.952,7.4,2.851,11.94,4.76,2.24,3.94,0.773,26.75,13.77,14.092,19.09,4.892,56.8,2.602
2016-10-24,13.32,9.15,6.855,18.24,11.884,2.156,2.738,6.39,14.92,5.571,3.328,11.27,1.239,4.39,22.314,10.919,7.425,2.948,12.09,4.655,2.23,3.914,0.793,26.99,13.73,14.268,19.93,4.835,56.15,2.652
2016-10-25,13.45,9.15,6.8,18.02,11.524,2.154,2.768,6.375,14.67,5.623,3.304,10.98,1.237,4.406,22.207,10.505,7.235,2.825,12.06,4.66,2.232,3.908,0.799,26.8,13.68,13.924,20.02,4.863,55.25,2.57
2016-10-26,13.06,9.7,6.88,17.83,11.604,2.166,2.848,6.31,14.84,5.869,3.295,11.0,1.236,4.45,22.314,10.191,7.23,2.871,12.16,4.62,2.244,3.946,0.8,26.6,13.54,14.054,20.55,4.882,55.6,2.66
2016-10-27,13.23,9.88,6.94,17.61,11.925,2.2,2.89,6.41,14.75,6.224,3.28,11.08,1.231,4.446,21.975,9.928,7.98,2.939,12.13,4.615,2.294,3.944,0.793,26.78,13.75,14.24,20.83,4.857,56.25,2.742
2016-10-28,13.18,9.69,7.01,17.8,11.774,2.164,2.826,6.42,14.65,6.233,3.245,11.1,1.236,4.44,21.966,9.689,8.42,2.931,11.85,4.59,2.304,3.942,0.791,25.94,13.51,13.831,20.6,4.871,57.0,2.704
2016-10-31,12.88,9.63,6.675,17.72,11.323,2.11,2.786,6.3,14.62,6.304,3.2,11.1,1.241,4.462,21.917,9.413,8.7,2.893,11.77,4.588,2.33,3.92,0.79,25.78,13.21,13.608,20.23,4.843,56.0,2.624
2016-11-01,12.73,9.5,6.72,17.41,11.123,2.084,2.778,6.16,14.34,6.238,3.204,11.12,1.246,4.378,21.434,9.293,8.36,2.869,11.59,4.537,2.31,3.92,0.789,25.22,13.0,13.421,20.05,4.771,54.55,2.582
2016-11-02,12.42,9.41,6.45,17.62,10.572,2.012,2.66,6.06,14.25,5.85,3.093,10.92,1.212,4.254,20.999,9.222,8.165,2.708,11.3,4.485,2.232,3.846,0.773,25.6,12.81,12.956,19.85,4.64,53.85,2.4
2016-11-03,12.29,9.55,6.46,17.67,10.562,2.036,2.684,6.115,13.99,5.803,3.109,10.82,1.198,4.22,20.786,9.273,8.11,2.674,11.25,4.435,2.24,3.834,0.771,25.72,12.71,13.179,20.23,4.569,53.95,2.386
2016-11-04,12.87,9.33,6.36,17.71,10.642,2.006,2.608,6.015,14.15,5.794,3.039,10.45,1.175,4.226,20.612,9.285,8.09,2.644,11.07,4.365,2.2,3.818,0.75,25.16,12.59,12.928,19.7,4.619,53.35,2.302
2016-11-07,13.02,9.415,6.635,17.8,11.163,2.124,2.68,6.14,14.35,6.096,3.042,10.64,1.195,4.29,21.376,9.456,8.46,2.736,11.34,4.523,2.162,3.84,0.748,25.79,12.77,13.254,20.47,3.94,53.55,2.302
2016-11-08,12.9,9.225,6.75,18.02,11.093,2.14,2.708,6.265,14.28,6.058,3.055,10.77,1.21,4.272,21.434,9.315,8.46,2.787,11.51,4.48,2.158,3.868,0.757,25.79,12.85,14.222,21.19,3.926,53.1,2.24
2016-11-09,13.74,9.25,6.86,19.46,11.173,2.14,2.696,6.23,14.1,5.921,3.233,11.59,1.19,4.176,22.062,9.85,8.58,2.828,11.76,4.43,2.13,3.776,0.746,26.91,12.8,14.631,20.8,3.75,53.85,2.156
2016-11-10,14.27,9.115,6.85,19.72,11.494,2.234,2.728,6.3,14.77,6.384,3.244,12.1,1.129,3.992,22.391,10.114,8.31,2.828,11.77,4.218,2.016,3.646,0.732,26.05,12.75,15.441,21.32,3.564,50.75,2.278
2016-11-11,14.19,9.085,7.01,19.2,11.464,2.23,2.93,6.375,14.89,6.743,3.373,12.12,1.136,4.05,21.453,10.154,8.265,2.829,11.76,4.215,2.02,3.64,0.714,26.1,12.55,15.497,21.24,3.57,51.2,2.294
2016-11-14,14.45,9.0,7.04,19.8,11.464,2.204,2.994,6.385,14.69,6.554,3.295,12.35,1.112,3.898,21.821,9.79,8.44,2.8,11.85,4.3,1.996,3.608,0.696,25.57,12.26,15.739,21.42,3.484,51.0,2.302
2016-11-15,14.62,8.975,7.065,20.16,10.993,2.154,2.948,6.3,14.6,6.502,3.311,12.26,1.114,3.95,21.898,10.224,8.555,2.786,11.74,4.398,1.995,3.65,0.707,25.42,12.5,15.618,21.33,3.55,51.0,2.256
2016-11-16,14.61,8.97,6.96,19.85,10.532,2.114,2.938,6.165,14.6,6.644,3.311,12.42,1.127,3.98,21.85,10.083,8.575,2.705,11.6,4.282,2.002,3.652,0.702,25.45,12.42,15.162,21.69,3.57,51.95,2.16
2016-11-17,14.59,9.0,6.805,20.5,10.031,2.09,2.898,6.095,14.8,6.62,3.272,12.15,1.11,4.0,22.091,10.043,8.7,2.59,11.41,4.403,1.974,3.704,0.702,25.81,12.6,14.873,20.72,3.584,52.2,2.038
2016-11-18,14.33,9.17,6.53,20.25,9.94,2.036,2.832,5.945,14.72,6.658,3.269,11.8,1.075,3.94,21.54,9.782,8.87,2.537,11.25,4.423,1.963,3.616,0.687,25.73,12.38,14.706,20.05,3.514,52.25,1.934
2016-11-21,14.73,9.14,6.335,20.06,9.83,2.014,2.784,5.755,14.69,6.687,3.248,11.95,1.075,3.898,21.608,10.119,8.99,2.526,11.23,4.435,1.927,3.648,0.685,25.32,12.57,13.729,19.87,3.528,51.8,1.862
2016-11-22,14.31,9.0,6.445,20.04,10.101,2.062,2.876,5.91,14.82,6.701,3.27,12.0,1.076,3.94,21.434,10.088,9.275,2.578,11.65,4.448,1.925,3.762,0.697,24.69,12.7,13.356,19.86,3.544,51.7,1.873
2016-11-23,14.61,8.915,6.35,19.95,10.051,2.048,2.802,5.945,15.25,6.805,3.246,12.19,1.096,3.934,21.318,10.222,9.385,2.564,11.3,4.49,1.945,3.744,0.703,25.07,12.7,13.384,19.76,3.49,51.25,1.894
2016-11-24,14.66,9.065,6.285,20.39,9.961,2.04,2.76,5.92,15.37,6.923,3.237,12.11,1.102,3.88,21.424,10.334,9.35,2.563,11.25,4.465,1.95,3.728,0.705,25.37,12.75,13.217,19.92,3.456,51.65,1.856
2016-11-25,14.73,9.16,6.2,20.2,9.87,2.02,2.76,5.985,15.38,6.861,3.152,12.12,1.099,3.932,21.376,10.066,9.25,2.572,11.6,4.53,1.93,3.736,0.715,25.46,12.77,13.226,19.95,3.464,52.15,1.881
2016-11-28,14.35,9.04,6.02,19.69,9.424,1.955,2.724,5.92,15.51,6.833,3.168,11.99,1.092,3.974,21.115,9.812,9.24,2.403,11.32,4.483,1.935,3.704,0.684,25.16,12.58,12.909,19.62,3.43,52.0,1.786
2016-11-29,14.14,8.955,6.275,19.7,9.72,2.038,2.838,6.06,15.25,6.814,3.135,12.18,1.112,4.038,21.83,9.712,9.33,2.533,11.64,4.49,1.94,3.79,0.703,25.5,12.66,12.882,19.85,3.514,51.5,1.86
2016-11-30,15.07,9.05,6.51,20.05,10.131,2.096,2.916,6.11,15.19,6.89,3.226,12.25,1.125,4.092,21.821,10.646,9.65,2.565,11.92,4.55,1.955,3.814,0.714,25.69,13.14,13.105,19.85,3.654,50.9,1.94
2016-12-01,15.69,9.11,6.715,19.91,10.432,2.14,2.946,6.19,15.06,6.932,3.248,12.19,1.105,4.018,22.14,10.97,9.41,2.771,12.34,4.46,1.907,3.786,0.71,24.81,13.61,13.31,19.65,3.524,51.25,2.0
2016-12-02,15.55,9.125,6.725,19.91,10.442,2.13,2.89,6.19,14.89,6.81,3.117,12.37,1.115,4.0,22.091,10.651,9.3,2.716,12.31,4.43,1.876,3.83,0.721,25.21,13.54,13.198,19.55,3.59,51.15,1.988
2016-12-05,15.94,9.6,6.44,20.79,10.091,2.108,2.872,6.245,15.15,7.121,3.131,12.83,1.11,3.95,22.729,11.065,9.555,2.708,12.2,4.508,1.901,3.744,0.7,25.48,13.69,13.496,19.57,3.49,51.25,1.84
2016-12-06,15.94,9.72,7.08,21.48,11.383,2.28,3.042,6.545,15.38,7.296,3.237,13.1,1.181,4.138,23.242,11.484,9.68,2.9,12.83,4.58,1.986,3.93,0.718,25.75,13.96,14.194,22.22,3.65,52.2,2.006
2016-12-07,16.15,9.68,7.42,22.17,12.456,2.318,3.178,6.66,15.48,7.381,3.28,13.5,1.165,4.192,23.01,11.635,9.67,3.202,13.77,4.528,2.02,3.946,0.754,25.68,14.1,14.594,23.48,3.674,52.1,2.134
2016-12-08,16.0,9.1,7.625,22.28,12.826,2.396,3.276,7.175,15.49,7.528,3.307,13.69,1.166,4.104,23.58,11.409,10.13,3.248,14.4,4.605,2.044,3.958,0.765,25.53,14.23,14.92,24.4,3.634,52.1,2.342
2016-12-09,16.19,8.72,7.41,22.52,12.526,2.356,3.262,6.925,15.35,7.523,3.274,13.3,1.181,4.114,23.203,10.922,9.985,3.198,14.02,4.653,2.06,3.966,0.762,26.0,14.25,14.79,23.92,3.664,52.15,2.25
2016-12-12,16.63,8.88,7.45,22.0,12.145,2.34,3.236,6.825,15.4,7.603,3.308,13.25,1.191,4.156,23.126,11.241,9.88,3.257,14.06,4.62,2.05,4.012,0.756,25.64,14.78,14.79,23.59,3.67,52.55,2.234
2016-12-13,16.39,8.46,7.53,21.8,14.079,2.43,3.294,6.93,15.45,7.665,3.278,13.26,1.216,4.252,23.551,11.823,10.07,3.326,13.96,4.66,2.116,4.088,0.766,25.97,14.93,14.659,23.77,3.804,51.8,2.156
2016-12-14,16.28,7.95,7.6,21.45,13.177,2.366,3.282,6.905,15.4,7.636,3.262,13.22,1.199,4.212,23.28,11.923,10.05,3.272,13.82,4.573,2.108,4.04,0.765,25.58,14.88,14.659,23.15,3.744,51.85,2.19
2016-12-15,16.45,8.53,7.855,22.39,14.019,2.446,3.378,6.89,15.38,7.948,3.326,13.47,1.205,4.212,23.59,11.931,10.22,3.36,14.17,4.56,2.072,4.078,0.793,26.44,14.97,14.864,23.32,3.8,52.9,2.398
2016-12-16,16.31,8.42,7.765,22.02,14.39,2.414,3.358,6.93,15.6,8.029,3.229,13.4,1.192,4.232,23.387,12.275,10.43,3.388,14.4,4.585,2.08,4.022,0.807,26.75,15.05,15.059,23.12,3.768,53.15,2.424
2016-12-19,16.38,8.5,7.8,22.31,13.738,2.396,3.38,6.76,15.36,8.071,3.321,13.4,1.2,4.3,23.3,12.84,10.49,3.257,14.2,4.66,2.138,4.056,0.826,26.95,14.96,14.799,22.88,3.81,53.65,2.358
2016-12-20,16.61,8.565,7.915,22.84,14.019,2.448,3.406,6.93,15.34,8.222,3.605,13.49,1.207,4.322,23.396,12.802,10.66,3.364,14.33,4.608,2.15,4.12,0.843,26.67,15.15,14.892,22.85,3.854,55.1,2.46
2016-12-21,16.49,8.755,7.86,22.69,14.199,2.45,3.358,6.88,15.36,8.241,3.604,13.44,1.19,4.314,23.387,12.393,10.71,3.384,14.24,4.62,2.168,4.088,0.84,26.43,15.17,14.892,22.88,3.824,56.5,2.452
2016-12-22,16.68,8.65,7.835,22.37,14.289,2.43,3.44,6.845,15.32,7.991,3.545,13.36,1.177,4.27,23.155,12.727,10.63,3.459,14.26,4.59,2.168,4.074,0.821,26.21,15.17,14.771,22.97,3.816,55.95,2.512
2016-12-23,16.99,8.92,7.935,22.5,14.209,2.46,3.44,6.9,15.27,8.161,3.489,13.48,1.213,4.32,23.503,12.877,10.75,3.493,14.37,4.645,2.168,4.12,0.858,26.93,15.34,14.883,23.0,3.886,55.4,2.54
2016-12-26,16.99,8.92,7.935,22.5,14.209,2.46,3.44,6.9,15.27,8.161,3.489,13.48,1.213,4.32,23.503,12.877,10.75,3.493,14.37,4.645,2.168,4.12,0.858,26.93,15.34,14.883,23.0,3.886,55.4,2.54
2016-12-27,17.19,8.96,7.93,22.66,14.139,2.452,3.438,6.91,15.17,8.256,3.543,13.56,1.215,4.346,23.532,13.091,10.84,3.503,14.38,4.645,2.196,4.162,0.87,27.06,15.34,14.892,23.04,3.908,56.4,2.446
2016-12-28,17.22,8.985,7.83,22.67,13.969,2.432,3.37,6.845,15.71,8.246,3.565,13.42,1.216,4.29,23.512,13.229,10.82,3.459,14.19,4.635,2.166,4.136,0.842,26.74,15.31,14.743,22.7,3.88,56.2,2.392
2016-12-29,16.97,9.025,7.77,22.84,13.708,2.412,3.354,6.875,15.46,8.161,3.621,13.3,1.219,4.382,23.609,13.291,10.71,3.425,14.11,4.63,2.18,4.158,0.841,27.06,15.44,14.799,22.4,3.918,56.3,2.302
2016-12-30,16.97,9.05,7.755,22.51,13.698,2.426,3.424,6.83,15.55,8.189,3.666,13.34,1.23,4.352,23.59,13.43,10.8,3.425,14.12,4.645,2.192,4.188,0.837,26.92,15.47,14.762,22.66,3.914,56.25,2.292
2017-01-02,17.25,9.2,7.92,23.52,14.049,2.448,3.502,6.915,15.83,8.463,3.721,13.41,1.262,4.432,24.131,14.032,10.81,3.567,14.35,4.68,2.22,4.222,0.858,27.31,15.64,15.022,22.82,3.966,57.75,2.5
2017-01-03,17.18,9.0,8.15,23.02,14.069,2.504,3.56,6.95,16.06,8.624,3.875,13.41,1.261,4.33,23.541,14.321,10.55,3.703,14.45,4.63,2.216,4.168,0.851,27.22,15.63,15.776,23.82,3.914,57.4,2.68
2017-01-04,17.15,9.06,8.2,22.86,14.029,2.54,3.55,7.2,16.04,8.686,4.001,13.53,1.269,4.318,23.706,13.982,10.43,3.642,14.52,4.65,2.204,4.174,0.854,27.36,15.69,15.851,23.61,3.914,57.75,2.72
2017-01-05,17.06,9.06,8.16,22.91,14.079,2.558,3.564,7.23,16.02,8.747,4.14,13.67,1.265,4.354,23.638,14.007,10.4,3.642,14.43,4.66,2.208,4.18,0.842,27.8,15.64,15.925,23.56,3.928,57.7,2.822
2017-01-06,17.04,9.0,8.19,23.22,14.119,2.544,3.57,7.2,16.06,9.357,4.109,13.65,1.256,4.308,23.754,13.743,10.21,3.587,14.46,4.655,2.192,4.162,0.848,27.78,15.72,15.888,23.72,3.91,58.4,2.9
2017-01-09,16.92,8.945,7.82,23.0,13.398,2.476,3.474,7.085,16.1,9.489,4.148,13.41,1.241,4.322,23.155,13.317,10.52,3.493,14.14,4.61,2.16,4.152,0.822,27.22,15.39,15.776,23.0,3.862,57.35,2.786
2017-01-10,16.79,8.9,7.905,23.3,13.428,2.468,3.534,7.15,16.06,9.593,4.101,13.48,1.235,4.328,23.667,12.752,10.7,3.493,14.17,4.655,2.162,4.122,0.828,27.19,15.55,15.674,22.79,3.806,57.1,2.784
2017-01-11,16.98,8.795,7.9,23.79,13.157,2.464,3.572,7.44,16.14,9.895,4.148,13.55,1.256,4.274,23.774,13.103,10.78,3.408,14.08,4.688,2.232,4.136,0.846,27.83,15.54,16.158,23.59,3.79,56.55,2.722
2017-01-12,16.79,8.745,7.715,23.31,12.927,2.43,3.496,7.275,16.28,8.298,4.051,13.1,1.273,4.292,23.648,12.739,10.64,3.391,13.91,4.61,2.304,4.132,0.834,27.29,15.46,15.804,23.45,3.794,57.35,2.646
2017-01-13,16.9,8.95,8.025,24.09,13.378,2.466,3.554,7.54,16.42,8.681,4.163,13.07,1.295,4.332,24.151,12.865,10.98,3.594,14.02,4.66,2.28,4.164,0.853,27.69,15.67,16.353,23.85,3.808,57.5,2.78
2017-01-16,16.6,9.04,7.995,24.0,13.117,2.42,3.486,7.39,16.6,8.317,4.039,12.85,1.284,4.302,23.977,12.3,10.78,3.56,13.7,4.662,2.28,4.098,0.852,27.31,15.4,16.242,23.15,3.776,56.8,2.71
2017-01-17,16.45,9.165,7.9,23.61,13.578,2.42,3.444,7.37,16.67,8.402,4.024,12.93,1.285,4.32,23.803,12.564,10.71,3.618,13.66,4.657,2.266,4.144,0.837,27.5,15.47,16.288,23.67,3.754,57.0,2.772
2017-01-18,16.9,9.24,7.94,22.9,13.528,2.414,3.5,7.48,16.64,8.449,3.915,13.05,1.297,4.334,23.948,12.727,10.78,3.631,13.55,4.765,2.282,4.148,0.831,27.5,15.57,16.372,23.45,3.804,57.0,2.764
2017-01-19,16.91,9.2,8.065,23.4,13.678,2.458,3.576,7.385,16.85,8.856,3.908,13.1,1.31,4.336,23.59,12.589,10.89,3.828,13.72,4.815,2.284,4.13,0.84,27.54,15.51,16.363,23.57,3.782,56.8,2.88
2017-01-20,17.03,9.2,7.95,23.31,13.478,2.47,3.52,7.375,16.94,8.884,4.187,13.0,1.299,4.31,23.483,12.601,10.85,3.889,13.71,4.753,2.29,4.14,0.846,27.27,15.55,16.223,23.9,3.754,56.0,2.9
2017-01-23,16.82,9.25,8.07,23.4,13.102,2.398,3.576,7.185,17.13,9.031,4.28,12.62,1.304,4.306,23.667,12.446,10.78,3.797,14.25,4.718,2.264,4.084,0.84,27.28,15.31,15.99,25.36,3.734,56.3,2.818
2017-01-24,16.77,9.32,8.52,23.75,13.508,2.292,3.682,7.425,17.59,9.565,4.439,12.77,1.295,4.3,23.851,12.501,11.04,3.807,15.42,4.727,2.294,4.076,0.831,27.24,15.35,16.148,25.58,3.72,55.0,2.888
2017-01-25,17.2,9.265,8.785,24.09,14.715,2.3,3.69,7.33,17.91,9.65,4.442,12.85,1.282,4.222,24.044,13.304,11.18,3.855,15.57,4.762,2.26,4.012,0.823,26.88,15.15,16.39,25.44,3.668,54.4,2.982
2017-01-26,17.23,9.34,8.505,23.77,14.64,2.25,3.626,7.31,17.72,9.763,4.419,12.54,1.273,4.16,24.015,13.128,12.09,3.794,15.63,4.762,2.268,3.982,0.81,27.1,14.95,16.344,24.76,3.594,54.7,2.864
2017-01-27,17.02,9.305,8.4,24.2,13.884,2.268,3.628,7.32,17.62,9.81,4.361,12.54,1.26,4.132,24.189,13.078,12.53,3.797,15.4,4.762,2.244,3.934,0.8,27.07,14.77,16.288,24.65,3.608,55.55,2.886
2017-01-30,16.18,9.37,8.175,23.04,13.127,2.198,3.422,7.07,17.3,9.479,4.253,12.2,1.232,4.034,23.512,12.2,12.48,3.615,14.91,4.693,2.174,3.85,0.78,26.75,14.39,15.674,24.08,3.506,55.5,2.772
2017-01-31,16.17,9.36,7.955,22.8,12.606,2.17,3.416,7.08,17.39,9.546,4.264,11.92,1.234,4.058,23.261,11.861,12.18,3.547,14.74,4.64,2.158,3.864,0.795,26.31,14.21,15.45,23.59,3.52,55.25,2.63
2017-02-01,16.06,9.69,8.025,23.28,13.327,2.2,3.478,7.16,17.56,9.555,4.237,12.33,1.252,4.092,23.861,11.873,12.6,3.628,14.68,4.675,2.18,3.866,0.793,26.41,14.13,15.851,24.18,3.544,56.0,2.66
2017-02-02,16.15,9.55,8.15,23.46,13.107,2.18,3.486,7.15,17.71,9.574,4.311,12.5,1.259,4.148,24.218,11.547,13.23,3.645,14.94,4.733,2.178,3.886,0.798,26.62,14.16,15.739,24.2,3.6,58.4,2.656
2017-02-03,16.27,9.78,8.145,23.23,13.107,2.238,3.552,7.135,18.21,9.659,4.338,12.46,1.266,4.2,24.518,11.745,13.29,3.733,14.98,4.8,2.18,3.916,0.818,26.85,14.53,15.702,23.95,3.654,57.95,2.7
2017-02-06,16.05,9.58,7.81,22.9,12.208,2.184,3.376,6.96,18.15,9.423,4.318,12.05,1.245,4.138,23.793,11.562,13.16,3.52,14.63,4.722,2.142,3.84,0.83,26.39,14.23,15.171,23.09,3.618,56.65,2.542
2017-02-07,16.09,9.765,7.645,22.85,12.268,2.142,3.344,7.08,18.5,9.149,4.272,12.08,1.253,4.15,23.88,11.527,13.37,3.398,14.55,4.733,2.19,3.874,0.81,26.87,14.2,15.674,23.55,3.642,56.2,2.39
2017-02-08,15.73,9.9,7.755,22.48,12.398,2.138,3.312,6.905,18.69,9.375,4.295,11.92,1.291,4.302,23.745,11.371,13.04,3.439,14.39,4.77,2.25,3.982,0.819,27.0,14.14,15.869,23.4,3.748,57.0,2.488
2017-02-09,15.99,9.975,7.88,22.76,12.568,2.148,3.324,7.0,18.54,9.621,4.198,11.99,1.299,4.346,23.609,11.728,12.85,3.493,14.5,4.79,2.25,4.038,0.825,28.09,14.36,15.702,23.43,3.782,56.55,2.482
2017-02-10,16.1,10.05,7.79,23.38,12.638,2.134,3.28,6.98,18.49,9.593,4.163,11.84,1.303,4.304,23.793,11.708,12.74,3.219,14.4,4.767,2.22,4.048,0.804,28.23,14.4,15.851,23.85,3.768,57.05,2.35
2017-02-13,16.19,10.02,8.02,23.37,12.658,2.144,3.476,7.115,18.6,9.81,4.128,11.93,1.293,4.34,24.189,12.021,12.94,3.23,14.77,4.823,2.26,4.032,0.808,28.3,14.54,16.027,23.7,3.768,57.05,2.506
2017-02-14,16.23,9.93,8.21,23.86,12.788,2.172,3.6,7.21,18.66,10.217,4.26,11.94,1.292,4.33,24.267,11.69,12.98,3.341,15.01,4.823,2.28,4.02,0.798,28.58,14.54,16.074,24.91,3.768,57.8,2.628
2017-02-15,16.09,10.0,8.165,24.03,12.918,2.19,3.5,7.15,19.32,10.226,4.326,11.75,1.268,4.286,23.861,11.379,13.13,3.256,14.73,4.79,2.278,3.958,0.795,28.26,14.38,16.0,25.02,3.768,58.5,2.54
2017-02-16,15.94,9.93,8.12,23.77,12.628,2.196,3.526,7.12,18.95,10.188,4.605,11.92,1.279,4.352,23.338,11.846,13.36,3.143,14.78,4.843,2.322,4.018,0.791,28.87,14.4,16.037,24.8,3.768,57.95,2.538
2017-02-17,15.86,10.09,8.045,23.4,12.898,2.17,3.54,7.095,18.96,10.056,4.574,11.83,1.275,4.37,23.251,11.61,13.3,3.046,14.86,4.838,2.3,4.04,0.784,28.87,14.12,15.981,24.5,3.768,56.9,2.544
2017-02-20,15.7,10.13,7.97,23.68,12.748,2.166,3.542,7.06,18.99,10.198,4.524,11.88,1.27,4.412,23.184,11.637,13.58,3.013,14.65,4.845,2.316,4.002,0.777,28.99,14.25,16.009,24.84,3.768,57.4,2.482
2017-02-21,16.14,10.08,7.89,24.29,12.558,2.162,3.58,6.585,19.05,10.217,4.578,11.85,1.28,4.46,23.793,11.687,13.75,3.009,14.62,4.885,2.35,4.01,0.77,29.5,14.58,15.516,24.36,3.768,57.25,2.404
2017-02-22,16.21,9.995,7.625,24.01,12.298,2.14,3.568,6.375,18.95,10.188,4.787,11.78,1.279,4.424,23.609,11.283,14.14,2.894,14.51,4.885,2.358,3.958,0.76,29.46,14.36,15.059,23.89,3.768,59.0,2.302
2017-02-23,15.61,9.735,7.66,23.28,12.438,2.124,3.544,6.33,18.82,9.905,4.663,11.8,1.267,4.414,23.541,11.331,14.27,2.843,14.36,4.88,2.334,3.974,0.771,29.37,14.41,14.892,23.28,3.768,58.3,2.316
2017-02-24,15.53,9.73,7.445,22.74,12.158,2.076,3.456,6.17,18.85,9.593,4.605,12.25,1.275,4.37,23.203,10.56,14.16,2.802,14.1,4.82,2.338,4.0,0.758,29.5,14.3,14.706,22.88,3.728,58.45,2.162
2017-02-27,15.77,9.785,7.5,23.46,12.458,2.19,3.588,6.2,19.02,9.848,4.567,12.85,1.307,4.392,23.28,10.575,14.5,2.924,13.7,4.878,2.344,4.06,0.767,29.9,14.36,14.873,23.38,3.766,58.75,2.294
2017-02-28,15.53,10.11,7.565,23.38,12.648,2.2,3.586,6.165,19.22,9.763,4.644,12.97,1.311,4.372,23.213,10.821,14.39,2.917,13.52,4.775,2.34,4.052,0.766,29.97,14.52,14.752,22.8,3.76,59.75,2.356
2017-03-01,15.7,10.48,7.855,24.08,13.188,2.292,3.7,6.33,19.22,9.924,4.722,13.42,1.335,4.43,23.522,10.749,14.69,3.032,13.73,4.86,2.36,4.092,0.776,29.89,15.0,15.004,23.29,3.824,60.0,2.454
2017-03-02,15.61,10.64,7.85,24.24,13.498,2.29,3.682,6.37,19.27,9.924,4.884,13.72,1.339,4.446,22.884,10.663,14.71,3.045,13.72,4.852,2.366,4.126,0.781,30.27,15.01,15.125,23.5,3.87,59.8,2.448
2017-03-03,15.45,10.5,8.07,24.24,13.997,2.336,3.77,6.455,19.15,9.914,5.098,13.76,1.34,4.45,23.203,10.698,14.75,3.181,13.96,4.872,2.37,4.132,0.786,30.35,15.27,15.078,23.65,3.864,59.8,2.506
2017-03-06,15.25,10.5,7.925,23.65,13.647,2.322,3.756,6.385,19.05,9.82,5.338,13.46,1.344,4.45,22.565,10.543,14.42,3.095,13.72,4.852,2.388,4.126,0.776,30.17,15.09,15.069,23.51,3.852,59.85,2.402
2017-03-07,15.29,10.59,7.92,23.53,13.737,2.328,3.75,6.4,19.3,9.829,5.109,13.16,1.324,4.382,22.816,10.468,14.56,2.965,13.72,4.835,2.394,4.14,0.78,30.29,15.05,15.022,23.96,3.796,60.1,2.418
2017-03-08,15.18,10.3,7.995,23.66,13.707,2.332,3.818,6.47,19.29,9.886,4.946,13.17,1.336,4.358,22.855,10.437,14.79,2.972,13.96,4.802,2.374,4.17,0.773,30.49,14.8,14.948,23.99,3.802,58.8,2.422
2017-03-09,14.7,10.37,8.205,23.31,13.827,2.39,3.808,6.52,19.2,9.754,5.117,13.17,1.338,4.408,22.71,10.159,14.39,3.07,14.12,4.805,2.38,4.188,0.784,30.83,14.7,14.78,23.95,3.892,59.25,2.424
2017-03-10,14.72,10.38,8.4,23.36,14.297,2.432,3.784,6.54,19.59,9.621,4.892,12.96,1.317,4.35,22.932,10.139,14.2,3.171,14.18,4.887,2.368,4.18,0.789,30.82,14.63,14.715,24.2,3.862,59.65,2.584
2017-03-13,14.78,10.32,8.275,23.3,14.227,2.456,3.728,6.69,20.0,9.839,5.02,13.0,1.321,4.366,22.874,10.249,14.23,3.118,14.17,4.875,2.372,4.182,0.791,31.13,14.65,14.343,24.07,3.892,58.8,2.592
2017-03-14,14.67,10.46,8.15,23.2,14.087,2.422,3.67,6.64,20.01,9.81,5.032,12.9,1.325,4.376,22.662,10.111,14.28,3.038,14.04,4.87,2.404,4.17,0.778,31.28,14.47,14.427,23.88,3.804,59.85,2.514
2017-03-15,15.01,10.71,8.29,23.58,14.367,2.448,3.8,6.68,20.0,9.999,4.935,13.9,1.328,4.39,23.077,10.219,14.45,3.043,14.21,4.9,2.398,4.158,0.789,31.62,14.67,14.603,23.6,3.866,60.3,2.58
2017-03-16,15.11,10.69,8.41,23.82,14.597,2.472,3.878,6.745,20.28,10.188,5.028,13.93,1.347,4.45,23.812,10.324,14.48,3.195,14.58,4.963,2.46,4.25,0.8,31.86,15.01,14.669,23.64,3.89,61.35,2.668
2017-03-17,15.23,10.88,8.325,23.71,14.597,2.482,3.852,6.605,20.45,10.15,5.078,13.6,1.35,4.5,23.541,10.154,14.54,3.195,14.6,5.055,2.468,4.21,0.814,31.9,14.92,14.929,23.25,3.928,61.35,2.65
2017-03-20,14.96,10.94,8.305,23.81,14.417,2.482,3.948,6.63,20.7,9.971,5.067,13.11,1.37,4.49,23.59,10.169,14.34,3.157,14.58,5.07,2.504,4.19,0.811,31.32,14.85,14.79,23.2,3.928,62.25,2.65
2017-03-21,14.76,10.96,8.33,23.42,14.297,2.504,3.882,6.665,21.0,9.593,5.063,12.89,1.38,4.506,23.309,10.247,13.73,3.252,14.55,5.055,2.526,4.22,0.812,31.22,14.92,14.827,23.16,3.928,61.95,2.736
2017-03-22,14.78,11.14,8.345,23.36,14.477,2.506,3.904,6.66,21.14,9.536,5.051,13.1,1.378,4.53,23.387,10.134,13.93,3.264,14.33,5.045,2.58,4.25,0.818,31.52,14.89,14.678,23.29,3.928,62.15,2.704
2017-03-23,14.79,11.19,8.445,23.9,14.487,2.546,3.9,6.72,21.6,9.461,5.113,13.2,1.409,4.542,23.706,10.126,14.18,3.356,14.4,5.125,2.58,4.302,0.84,31.73,15.03,14.892,23.6,3.928,63.0,2.724
2017-03-24,14.89,11.07,8.465,23.52,14.387,2.538,3.86,6.68,22.27,9.498,5.194,13.2,1.404,4.56,23.619,10.156,14.79,3.318,14.59,5.125,2.622,4.288,0.834,31.66,14.99,14.994,23.51,3.928,62.85,2.734
2017-03-27,14.56,11.04,8.375,22.75,14.227,2.532,3.83,6.75,22.25,9.442,5.136,12.98,1.402,4.622,23.203,9.95,14.36,3.259,14.57,5.15,2.642,4.31,0.848,32.1,14.97,14.883,23.67,3.928,62.3,2.692
2017-03-28,15.68,11.3,8.47,22.35,14.467,2.54,3.896,6.85,21.94,9.716,5.222,13.06,1.42,4.59,23.551,10.593,14.45,3.279,14.65,5.22,2.644,4.34,0.852,31.81,15.05,14.911,23.98,3.928,62.85,2.71
2017-03-29,15.58,11.23,8.435,22.53,14.287,2.52,3.9,6.865,21.85,9.763,5.214,13.3,1.418,4.56,23.309,10.671,14.44,3.218,14.77,5.22,2.596,4.352,0.842,31.57,15.12,14.892,24.0,3.928,62.25,2.696
2017-03-30,16.14,11.22,8.49,23.28,14.277,2.526,3.896,6.85,21.94,9.706,5.373,13.47,1.409,4.592,23.667,10.816,14.37,3.175,14.71,5.275,2.584,4.368,0.845,31.67,15.32,14.929,23.87,3.928,63.6,2.72
2017-03-31,16.07,11.3,8.45,24.0,14.447,2.546,3.876,6.865,21.8,9.687,5.485,13.29,1.418,4.65,23.957,10.681,14.32,3.168,14.9,5.435,2.608,4.414,0.843,31.77,15.35,15.199,24.5,3.928,63.3,2.778
2017-04-03,15.95,11.55,8.245,23.8,14.057,2.506,3.816,6.92,21.82,9.205,5.621,13.27,1.38,4.618,23.812,11.03,14.3,3.057,14.77,5.385,2.624,4.412,0.83,32.05,15.12,15.18,24.26,3.928,63.8,2.704
2017-04-04,16.17,11.63,8.26,23.68,14.007,2.524,3.89,6.865,22.2,9.248,6.113,13.37,1.339,4.602,24.247,10.703,14.23,3.08,14.61,5.46,2.63,4.404,0.808,32.5,15.23,15.218,24.5,4.0,63.9,2.71
2017-04-05,15.99,11.45,8.255,23.37,14.137,2.516,3.846,6.89,21.97,9.078,6.024,13.21,1.352,4.676,24.895,10.726,14.37,3.077,14.5,5.38,2.644,4.384,0.813,32.52,15.15,15.897,24.47,4.034,64.3,2.718
2017-04-06,16.05,11.38,8.21,23.07,14.167,2.532,3.85,6.905,22.11,9.158,6.086,13.45,1.355,4.694,24.731,10.731,14.31,3.115,14.35,5.39,2.644,4.4,0.814,32.84,15.17,15.664,24.8,4.052,64.2,2.712
2017-04-07,16.16,11.37,8.31,23.13,14.107,2.54,3.812,6.97,22.2,9.059,5.9,13.54,1.377,4.682,24.895,10.52,14.67,3.1,14.32,5.325,2.644,4.4,0.81,32.62,15.23,15.823,24.88,4.036,65.0,2.684
2017-04-10,16.21,11.37,8.14,23.04,13.927,2.526,3.816,6.885,22.1,9.026,6.117,13.32,1.366,4.654,24.653,10.523,14.58,3.05,14.28,5.35,2.64,4.354,0.806,32.59,15.22,15.86,25.25,4.024,65.95,2.666
2017-04-11,16.13,11.35,8.06,22.83,13.508,2.502,3.786,6.875,22.66,9.007,5.993,13.26,1.382,4.66,24.653,10.392,14.05,3.009,14.25,5.36,2.684,4.38,0.804,33.07,15.24,16.009,25.44,4.048,66.1,2.55
2017-04-12,15.81,11.44,7.85,22.45,13.208,2.478,3.702,6.82,22.77,8.983,5.896,13.1,1.365,4.688,24.479,10.297,13.95,2.977,14.18,5.365,2.674,4.378,0.804,33.39,15.24,16.102,25.15,4.096,65.8,2.47
2017-04-13,15.61,11.38,7.79,22.12,12.888,2.438,3.676,6.755,22.41,8.648,5.912,13.19,1.353,4.652,24.296,10.269,13.9,2.953,14.05,5.325,2.64,4.328,0.8,33.33,14.99,15.813,25.0,4.086,65.05,2.4
2017-04-14,15.61,11.38,7.79,22.12,12.888,2.438,3.676,6.755,22.41,8.648,5.912,13.19,1.353,4.652,24.296,10.269,13.9,2.953,14.05,5.325,2.64,4.328,0.8,33.33,14.99,15.813,25.0,4.086,65.05,2.4
2017-04-17,15.61,11.38,7.79,22.12,12.888,2.438,3.676,6.755,22.41,8.648,5.912,13.19,1.353,4.652,24.296,10.269,13.9,2.953,14.05,5.325,2.64,4.328,0.8,33.33,14.99,15.813,25.0,4.086,65.05,2.4
2017-04-18,15.08,11.64,7.695,21.63,12.848,2.388,3.586,6.7,22.02,8.52,6.047,13.61,1.331,4.638,23.919,10.011,13.5,2.894,13.87,5.265,2.644,4.242,0.779,33.04,14.68,15.45,24.79,4.064,64.0,2.34
2017-04-19,15.21,11.58,7.9,21.96,13.627,2.474,3.692,6.79,22.0,8.893,6.202,13.87,1.34,4.69,24.209,10.078,13.66,3.05,14.11,5.305,2.594,4.3,0.79,33.37,14.69,15.813,25.31,4.064,64.25,2.432
2017-04-20,14.94,11.68,8.07,22.7,13.877,2.49,3.734,6.82,22.27,9.002,6.629,13.87,1.322,4.664,24.518,9.855,13.73,3.095,14.11,5.25,2.58,4.242,0.79,33.86,14.68,15.832,25.5,4.03,66.1,2.5
2017-04-21,15.03,11.75,8.12,22.52,13.637,2.514,3.73,6.85,21.92,8.86,6.656,14.03,1.335,4.598,24.702,9.767,13.67,3.103,14.25,5.295,2.6,4.19,0.788,33.19,14.52,15.934,24.93,3.974,65.6,2.516
2017-04-24,15.04,11.89,8.54,23.53,15.437,2.702,3.93,6.94,22.83,9.172,6.792,14.65,1.362,4.72,25.34,10.076,14.12,3.317,14.78,5.425,2.662,4.452,0.816,34.31,14.54,16.344,26.5,4.15,67.2,2.71
2017-04-25,15.02,11.85,8.67,23.73,15.817,2.756,4.0,6.95,23.02,9.163,7.129,14.58,1.377,4.64,25.427,10.382,14.73,3.365,14.82,5.515,2.62,4.43,0.828,34.04,14.48,16.66,26.52,4.058,66.0,2.792
2017-04-26,15.24,11.85,8.55,23.7,15.547,2.736,3.996,7.055,23.82,10.018,7.137,14.87,1.365,4.626,25.137,10.38,14.48,3.384,14.6,5.485,2.606,4.408,0.83,34.0,14.54,16.67,26.35,4.04,66.4,2.736
2017-04-27,14.4,12.02,8.495,23.63,14.947,2.672,3.992,6.96,24.16,9.763,6.838,14.58,1.377,4.646,25.272,10.086,14.32,3.292,14.58,5.5,2.624,4.398,0.821,34.35,14.32,16.632,26.33,4.044,67.5,2.658
2017-04-28,14.38,11.71,8.825,23.6,14.937,2.674,4.092,7.025,24.35,9.82,6.974,14.43,1.365,4.63,25.63,9.93,14.84,3.398,14.53,5.43,2.626,4.364,0.815,34.01,14.27,16.679,26.39,4.058,68.8,2.67
2017-05-01,14.38,11.71,8.825,23.6,14.937,2.674,4.092,7.025,24.35,9.82,6.974,14.43,1.365,4.63,25.63,9.93,14.84,3.398,14.53,5.43,2.626,4.364,0.815,34.01,14.27,16.679,26.39,4.058,68.8,2.67
2017-05-02,14.44,11.97,8.85,23.9,15.127,2.678,4.122,6.985,24.36,9.409,7.125,14.57,1.388,4.652,25.833,9.903,15.11,3.395,14.55,5.505,2.646,4.424,0.83,34.43,14.3,16.819,26.5,4.1,71.0,2.68
2017-05-03,14.29,11.93,8.88,23.6,15.417,2.692,4.15,6.945,24.13,9.517,7.047,14.39,1.375,4.698,25.543,9.991,14.84,3.36,14.72,5.46,2.656,4.434,0.826,34.15,14.24,16.67,26.32,4.1,69.6,2.736
2017-05-04,13.9,11.89,9.055,24.43,15.967,2.76,4.244,7.045,24.25,9.668,7.078,15.43,1.431,4.834,25.591,9.865,14.81,3.483,15.0,5.5,2.672,4.534,0.865,34.23,14.23,17.265,27.1,4.188,69.0,2.862
2017-05-05,14.11,11.91,9.18,24.87,16.217,2.842,4.264,7.165,24.57,9.716,7.024,15.34,1.42,4.85,25.91,10.013,15.04,3.533,15.25,5.6,2.676,4.578,0.886,34.23,14.59,17.405,27.1,4.226,69.3,2.922
2017-05-08,14.1,11.75,9.125,24.44,16.007,2.852,4.312,7.17,24.2,9.64,7.249,15.47,1.413,4.89,25.949,10.033,15.04,3.445,15.28,5.53,2.69,4.568,0.888,34.43,14.59,17.731,27.07,4.248,69.3,2.886
2017-05-09,14.12,11.95,9.1,24.31,15.897,2.848,4.324,7.12,25.0,9.621,7.435,15.42,1.416,4.92,25.978,10.041,15.17,3.418,15.33,5.775,2.754,4.55,0.894,35.13,14.74,18.029,28.24,4.242,70.35,2.74
2017-05-10,14.34,11.97,9.075,24.73,16.087,2.85,4.228,7.35,24.95,9.668,7.408,15.54,1.492,4.95,25.069,10.013,15.41,3.225,15.29,6.045,2.8,4.57,0.886,35.62,14.82,17.908,27.9,4.316,70.2,2.682
2017-05-11,14.41,12.02,9.19,24.61,16.677,2.832,4.112,7.36,25.8,9.413,7.133,15.85,1.479,4.922,24.943,10.038,15.06,3.173,14.84,5.97,2.84,4.562,0.88,35.59,14.9,17.712,27.8,4.244,69.85,2.63
2017-05-12,14.23,12.05,9.14,24.1,17.007,2.828,4.22,7.38,25.84,9.47,6.997,15.69,1.49,4.93,24.238,10.003,15.17,3.202,14.75,5.995,2.856,4.566,0.901,36.49,14.89,18.001,28.18,4.278,70.25,2.792
2017-05-15,14.54,12.05,9.175,24.02,17.077,2.842,4.178,7.375,26.22,9.612,6.668,15.6,1.484,4.93,24.508,10.146,15.33,3.29,14.84,6.035,2.832,4.572,0.9,36.6,15.0,18.019,27.85,4.278,70.0,2.83
2017-05-16,14.38,12.21,9.075,23.69,17.097,2.84,4.13,7.44,26.1,9.565,6.757,15.52,1.487,5.0,24.083,10.106,15.37,3.235,14.99,6.06,2.902,4.682,0.914,36.5,15.05,17.889,28.4,4.314,70.0,2.804
2017-05-17,14.19,11.95,8.92,22.25,16.367,2.798,3.994,7.255,24.76,9.125,6.388,14.9,1.454,4.93,23.725,10.016,14.65,3.161,14.9,5.945,2.85,4.628,0.897,35.52,14.82,17.535,27.78,4.238,68.15,2.688
2017-05-18,14.31,12.19,8.95,22.41,16.457,2.786,3.978,7.275,24.7,8.841,6.761,14.89,1.453,4.954,23.474,9.865,14.51,3.124,15.05,5.975,2.814,4.638,0.874,35.74,14.86,17.489,27.99,4.26,67.4,2.756
2017-05-19,14.43,12.24,9.025,23.2,16.797,2.8,4.016,7.395,25.32,9.186,6.927,15.27,1.48,5.015,23.629,9.805,14.67,3.172,15.13,6.1,2.862,4.684,0.882,35.85,15.04,17.88,28.4,4.338,68.25,2.786
2017-05-22,14.31,12.3,9.09,23.0,16.777,2.684,3.948,7.55,25.15,9.04,7.051,14.85,1.466,5.08,23.512,9.996,14.36,3.116,14.62,6.025,2.88,4.73,0.871,35.73,15.02,17.107,27.87,4.154,68.25,2.824
2017-05-23,14.25,12.56,9.15,23.2,16.867,2.692,3.888,7.645,25.74,8.974,6.954,14.96,1.475,5.115,24.102,9.95,14.43,3.118,14.67,6.075,2.938,4.786,0.858,35.66,14.99,17.312,27.89,4.122,68.55,2.99
2017-05-24,14.32,12.6,9.105,22.99,16.877,2.686,3.988,7.56,26.0,8.922,7.013,15.19,1.488,5.04,24.363,9.865,14.53,3.161,14.43,6.1,2.916,4.74,0.865,35.87,14.93,17.312,27.62,4.062,68.7,3.11
2017-05-25,14.19,12.69,9.065,22.91,16.787,2.664,3.97,7.57,26.0,8.884,7.036,15.2,1.493,5.03,23.977,9.559,14.72,3.157,14.39,6.085,2.914,4.77,0.866,35.69,14.65,17.405,27.55,4.098,68.95,3.018
2017-05-26,13.98,12.69,8.93,23.0,16.587,2.622,3.898,7.535,26.42,8.941,6.939,15.52,1.482,5.04,24.334,9.363,14.7,3.12,14.35,6.22,2.9,4.808,0.859,36.11,14.31,17.368,27.36,4.082,69.2,3.034
2017-05-29,13.82,12.66,8.65,22.65,15.867,2.568,3.74,7.39,26.27,8.785,6.838,15.27,1.445,4.968,23.948,9.353,14.49,3.026,14.06,6.1,2.836,4.7,0.847,35.18,14.28,17.107,26.36,4.036,68.05,2.916
2017-05-30,13.77,12.67,8.65,23.09,15.847,2.552,3.748,7.33,26.43,8.771,6.861,15.61,1.465,5.02,24.093,9.167,14.8,3.027,13.88,6.21,2.884,4.728,0.831,35.3,14.32,17.191,26.09,4.066,68.7,2.848
2017-05-31,13.45,12.68,8.44,23.11,15.567,2.548,3.708,7.35,26.09,8.832,7.013,15.68,1.472,5.03,23.948,9.062,14.67,2.951,14.05,6.225,2.93,4.758,0.833,35.81,14.09,16.8,25.69,4.082,68.95,2.772
2017-06-01,13.61,12.71,8.475,23.29,15.457,2.572,3.734,7.465,26.83,9.276,6.803,15.94,1.476,5.1,23.928,9.012,14.57,3.013,14.2,6.37,2.87,4.782,0.834,36.6,14.26,16.856,26.46,4.106,70.2,2.86
2017-06-02,13.56,12.81,8.41,23.4,15.487,2.59,3.684,7.44,26.8,9.243,6.795,15.81,1.477,5.075,24.827,8.971,14.73,2.976,14.05,6.37,2.88,4.73,0.838,37.9,14.05,16.968,26.5,4.118,70.55,2.862
2017-06-05,13.53,12.85,8.335,23.0,15.267,2.556,3.624,7.35,26.44,9.163,6.637,15.7,1.455,5.075,24.441,8.776,14.72,2.921,13.85,6.34,2.862,4.714,0.83,36.71,13.96,16.763,25.92,4.066,70.25,2.784
2017-06-06,13.45,12.77,8.29,22.96,15.377,2.556,3.608,7.33,26.69,9.097,6.803,15.78,1.482,5.135,24.257,8.64,14.5,2.877,13.76,6.35,2.904,4.78,0.826,36.86,14.07,16.549,25.93,4.1,71.45,2.74
2017-06-07,13.3,12.97,8.365,22.6,15.527,2.544,3.562,7.285,26.23,9.196,6.73,15.6,1.492,5.145,24.924,8.72,15.05,2.882,13.73,6.28,2.9,4.796,0.829,36.27,13.79,16.251,26.59,4.106,70.9,2.716
2017-06-08,13.51,12.94,8.51,22.99,16.027,2.57,3.616,7.475,25.74,9.092,6.869,15.92,1.5,5.165,24.847,8.675,15.22,2.989,13.97,6.34,2.926,4.942,0.831,36.48,13.89,16.884,27.6,4.166,71.75,2.778
2017-06-09,13.77,13.0,8.59,23.26,16.127,2.586,3.618,7.5,25.26,9.177,6.865,16.04,1.492,5.15,25.079,8.635,15.34,2.98,14.07,6.2,2.91,4.898,0.825,36.52,13.9,16.837,27.97,4.198,72.5,2.854
2017-06-12,13.82,12.65,8.56,23.15,15.957,2.574,3.654,7.35,24.37,9.22,6.772,15.57,1.49,5.075,24.441,9.087,13.93,2.917,14.22,6.14,2.964,4.844,0.827,35.86,13.96,16.549,27.79,4.182,69.9,2.788
2017-06-13,14.01,12.9,8.645,23.7,16.217,2.586,3.74,7.42,25.17,9.442,6.788,15.68,1.482,5.05,24.895,8.997,14.09,2.99,14.5,6.09,2.944,4.85,0.832,36.44,14.0,16.586,28.05,4.144,69.75,2.79
2017-06-14,13.63,12.2,8.525,22.9,15.867,2.578,3.692,7.33,25.56,9.153,6.768,15.73,1.489,5.12,25.088,8.881,13.87,2.961,14.51,6.065,2.974,4.854,0.834,36.5,13.85,16.418,27.52,4.12,71.4,2.788
2017-06-15,13.69,12.0,8.49,22.48,15.777,2.566,3.612,7.285,24.81,9.035,6.699,15.34,1.495,5.06,24.769,8.56,13.52,2.921,14.41,6.19,2.958,4.864,0.825,36.5,13.77,16.316,26.66,4.122,70.7,2.762
2017-06-16,13.82,12.42,8.555,22.64,15.697,2.556,3.58,7.395,25.76,8.964,6.602,15.68,1.493,5.11,24.798,8.259,13.57,2.827,14.59,6.15,2.976,4.92,0.833,36.86,13.85,16.688,27.1,4.166,71.3,2.696
2017-06-19,13.98,12.46,8.56,22.78,15.747,2.544,3.63,7.44,25.93,8.974,6.823,15.67,1.5,5.02,25.33,8.279,13.98,2.844,14.61,6.305,2.902,4.932,0.836,37.27,13.91,16.632,26.91,4.162,71.15,2.74
2017-06-20,13.53,12.5,8.395,22.4,15.607,2.534,3.61,7.29,25.5,9.026,6.722,15.15,1.503,4.996,25.127,8.118,13.62,2.771,14.44,6.275,2.916,4.892,0.829,37.04,13.63,16.688,26.6,4.11,71.0,2.726
2017-06-21,13.4,12.49,8.475,22.77,16.167,2.596,3.658,7.36,25.56,9.059,6.869,15.56,1.523,5.065,25.204,8.133,13.74,2.896,14.69,6.33,2.908,4.98,0.832,37.31,13.7,16.837,26.4,4.146,70.55,2.79
2017-06-22,13.47,12.35,8.4,22.46,15.847,2.614,3.64,7.275,25.85,9.286,6.892,15.4,1.537,5.015,25.04,8.098,13.45,2.877,14.54,6.245,2.886,4.926,0.823,37.6,13.66,16.511,26.31,4.082,70.2,2.728
2017-06-23,13.35,12.29,8.265,22.19,15.767,2.616,3.64,7.25,25.56,9.172,6.974,15.34,1.519,4.956,25.659,7.987,13.4,2.884,14.49,6.245,2.81,4.898,0.815,37.21,13.58,16.735,26.5,4.098,72.7,2.694
2017-06-26,13.36,12.24,8.5,22.43,16.117,2.708,3.716,7.305,25.35,9.144,6.97,15.2,1.519,4.952,25.33,8.078,12.96,2.959,14.51,6.26,2.828,4.95,0.806,37.4,13.6,16.986,26.61,4.084,71.3,2.796
2017-06-27,13.36,12.18,8.48,22.11,16.207,2.756,3.688,7.25,25.12,9.035,6.881,14.97,1.485,4.81,24.702,8.153,12.81,2.977,14.33,6.22,2.774,4.8,0.807,36.25,13.52,16.753,26.59,3.962,69.9,2.776
2017-06-28,13.42,12.08,8.695,22.68,16.867,2.812,3.78,7.43,25.05,9.111,7.373,15.0,1.491,4.856,24.847,8.254,12.81,3.004,14.53,6.255,2.756,4.84,0.821,36.5,13.56,16.726,27.2,3.982,67.6,2.844
2017-06-29,13.53,11.77,8.675,22.16,16.577,2.774,3.74,7.25,24.3,8.832,7.42,14.54,1.458,4.744,24.586,8.163,12.5,2.988,14.62,6.14,2.7,4.742,0.818,35.27,13.3,16.549,26.69,3.886,66.0,2.942
2017-06-30,13.65,11.56,8.64,21.79,16.347,2.776,3.84,7.265,23.94,8.723,7.567,14.55,1.454,4.726,24.895,8.118,12.58,2.955,14.41,6.17,2.676,4.694,0.808,35.52,13.16,16.335,26.06,3.816,67.25,2.93
2017-07-03,14.07,11.36,8.8,22.65,16.977,2.85,4.044,7.375,23.43,9.291,7.598,14.69,1.448,4.804,25.514,8.369,12.67,3.146,14.6,6.23,2.692,4.76,0.823,34.8,13.32,16.651,26.59,3.866,66.6,3.012
2017-07-04,14.1,11.22,8.875,22.51,17.257,2.85,4.026,7.335,23.69,9.301,7.435,14.65,1.441,4.742,25.117,8.68,12.52,3.253,14.66,6.14,2.688,4.744,0.808,35.4,13.36,16.809,26.96,3.83,66.6,3.064
2017-07-05,13.91,11.27,8.765,22.43,16.997,2.844,3.966,7.195,23.45,9.158,7.726,14.93,1.454,4.74,25.572,8.444,12.86,3.175,14.74,6.17,2.674,4.69,0.802,35.49,13.17,16.874,27.0,3.806,67.25,2.992
2017-07-06,13.79,11.41,8.85,22.45,17.497,2.866,4.0,7.315,23.58,9.234,7.652,15.08,1.434,4.706,25.291,8.414,12.99,3.183,15.05,6.12,2.612,4.7,0.804,34.96,13.09,16.772,27.56,3.82,66.6,3.098
2017-07-07,13.43,11.59,8.82,22.5,17.497,2.84,4.008,7.25,23.6,9.196,7.823,14.9,1.435,4.744,25.591,8.259,13.15,3.173,15.0,6.145,2.638,4.72,0.805,34.89,12.96,16.558,27.27,3.798,67.3,3.062
2017-07-10,13.6,11.58,8.87,22.91,17.517,2.86,4.002,7.4,23.78,9.324,7.73,15.05,1.448,4.79,25.736,8.424,13.43,3.217,15.05,6.185,2.684,4.798,0.791,35.24,13.0,16.726,27.64,3.846,67.0,3.098
2017-07-11,13.56,11.63,8.98,22.56,17.197,2.834,4.006,7.32,23.41,9.49,7.753,15.11,1.439,4.744,25.581,8.384,13.38,3.275,14.99,6.11,2.654,4.79,0.789,35.02,12.97,16.67,27.28,3.828,66.05,3.124
2017-07-12,13.98,11.83,9.09,22.9,17.437,2.848,4.02,7.38,23.7,9.566,7.986,15.27,1.463,4.884,25.92,8.66,13.82,3.344,15.16,6.165,2.676,4.872,0.805,35.45,13.19,17.303,28.23,3.9,67.0,3.15
2017-07-13,14.0,12.0,9.07,22.78,17.387,2.852,4.034,7.43,24.03,9.936,8.141,15.17,1.461,4.814,25.9,8.735,13.84,3.353,15.39,6.16,2.718,4.972,0.827,35.09,13.21,17.079,28.0,3.88,67.1,3.154
2017-07-14,14.17,12.06,9.0,22.61,17.077,2.864,3.958,7.34,24.5,9.861,8.334,15.55,1.47,4.868,26.171,8.786,13.86,3.351,15.39,6.2,2.748,4.97,0.804,35.49,13.24,16.93,27.96,3.91,68.0,3.14
2017-07-17,14.3,12.17,9.005,22.45,16.977,2.87,3.958,7.39,24.68,9.899,8.505,15.58,1.452,4.84,26.519,8.861,13.86,3.371,15.49,6.23,2.73,4.922,0.814,35.43,13.21,16.8,27.75,3.908,69.05,3.136
2017-07-18,14.07,12.09,8.82,22.15,16.677,2.87,3.9,7.285,24.9,9.775,8.172,15.36,1.433,4.818,25.958,8.65,13.64,3.261,15.27,6.2,2.72,4.96,0.824,35.52,13.14,16.893,27.9,3.882,69.75,3.11
2017-07-19,14.21,12.17,8.82,21.93,16.827,2.856,3.888,7.25,25.2,9.908,7.792,15.4,1.431,4.912,26.258,8.525,14.05,3.283,15.22,6.195,2.738,4.966,0.832,35.51,13.13,16.856,28.28,3.944,69.95,3.11
2017-07-20,13.97,12.05,8.785,22.29,16.847,2.868,3.866,7.32,25.14,9.775,8.071,15.3,1.433,4.868,25.939,8.515,14.15,3.283,15.22,6.21,2.71,4.92,0.816,36.48,13.15,16.726,28.14,3.96,70.35,3.11
2017-07-21,13.67,12.12,8.675,21.73,16.507,2.852,3.874,7.25,25.08,9.519,8.032,15.06,1.42,4.86,25.456,8.434,14.05,3.195,15.03,6.13,2.76,4.91,0.812,35.51,13.04,16.8,27.75,3.962,70.15,3.058
2017-07-24,13.6,12.17,8.71,22.1,16.747,2.864,3.936,7.315,25.53,9.528,8.009,15.0,1.426,4.86,25.533,8.585,14.24,3.173,14.97,6.1,2.78,4.86,0.844,36.11,13.06,17.014,28.35,4.0,70.55,3.146
2017-07-25,13.8,11.97,8.74,21.78,17.017,2.886,3.968,7.4,25.45,9.547,8.141,15.51,1.417,4.842,25.504,8.469,14.33,3.16,15.33,6.175,2.774,4.798,0.858,36.08,13.19,17.116,28.63,3.992,69.85,3.14
2017-07-26,13.79,12.22,8.835,21.87,16.947,2.902,3.986,7.41,25.56,9.642,7.435,15.34,1.445,4.89,25.891,8.635,14.62,3.122,15.36,6.275,2.78,4.858,0.867,36.1,13.26,17.061,28.51,3.99,73.3,3.14
2017-07-27,13.61,12.0,8.895,21.74,16.947,2.906,3.97,7.6,26.01,9.633,7.241,15.39,1.438,4.856,26.2,8.565,14.6,3.168,15.4,6.3,2.722,4.89,0.866,36.02,13.22,17.582,29.3,4.032,73.9,3.13
2017-07-28,13.61,12.0,8.855,21.28,16.747,2.904,3.912,7.405,25.83,9.642,7.582,15.02,1.418,4.798,25.775,8.695,14.23,3.184,15.27,6.2,2.696,4.814,0.854,35.7,13.26,17.461,29.47,3.962,73.05,3.078
2017-07-31,13.39,12.14,8.815,21.4,16.637,2.912,3.96,7.39,25.73,9.68,7.737,14.73,1.438,4.826,26.152,8.685,14.43,3.149,15.33,6.255,2.73,4.824,0.871,36.1,13.37,17.628,30.0,3.996,73.6,3.09
2017-08-01,13.11,12.04,8.795,21.66,16.817,2.916,3.914,7.42,26.29,9.709,7.792,14.76,1.431,4.904,26.355,8.675,14.37,3.168,15.4,6.27,2.75,4.888,0.869,35.86,13.47,17.591,30.32,4.048,73.4,3.088
2017-08-02,12.98,12.17,8.88,21.15,16.627,2.9,3.952,7.455,25.69,9.547,7.691,14.56,1.423,4.892,26.365,8.625,14.5,3.143,15.83,6.29,2.736,4.88,0.872,35.54,13.53,17.507,29.7,4.054,73.0,3.152
2017-08-03,12.04,11.98,9.01,21.5,17.817,2.9,3.968,7.395,25.42,9.623,7.656,14.5,1.428,4.94,25.91,8.555,14.67,3.204,15.85,6.175,2.734,4.94,0.871,35.66,13.5,17.628,29.55,4.052,73.05,3.184
2017-08-04,12.14,11.95,8.995,21.46,17.887,2.92,4.06,7.4,24.87,9.718,7.675,14.71,1.43,4.988,26.278,8.63,14.57,3.398,15.93,6.115,2.726,4.984,0.876,35.76,13.55,17.684,29.74,4.056,72.9,3.26
2017-08-07,11.96,11.8,9.09,21.33,18.347,2.928,4.07,7.44,25.34,9.69,7.52,14.6,1.422,4.976,26.104,8.655,14.66,3.352,16.08,6.08,2.742,4.982,0.885,35.56,13.57,17.563,29.77,4.03,72.6,3.342
2017-08-08,12.07,11.8,9.065,21.04,18.327,2.922,4.018,7.425,24.9,9.68,7.478,14.5,1.436,4.976,26.142,8.575,14.82,3.351,16.02,6.05,2.744,5.01,0.867,35.48,13.54,17.591,30.5,4.056,71.95,3.368
2017-08-09,11.9,11.72,8.9,20.35,17.997,2.884,3.978,7.3,24.46,9.476,7.307,14.57,1.423,4.944,25.968,8.54,14.57,3.328,15.81,5.98,2.73,4.974,0.864,35.64,13.5,17.489,29.91,4.042,72.15,3.328
2017-08-10,11.98,11.6,8.88,20.3,17.627,2.876,3.902,7.225,24.5,9.481,7.144,14.45,1.41,4.968,25.562,8.464,14.36,3.253,15.72,6.1,2.72,4.924,0.85,35.01,13.49,17.293,29.4,4.048,71.4,3.292
2017-08-11,11.66,11.33,8.7,20.05,17.427,2.846,3.816,7.13,23.92,9.32,6.993,14.23,1.39,4.86,25.108,8.168,13.96,3.21,15.44,5.99,2.68,4.888,0.838,34.67,13.3,16.912,28.91,3.998,70.7,3.234
2017-08-14,11.7,11.51,8.795,20.36,17.757,2.864,3.84,7.25,24.28,10.079,7.102,14.5,1.415,4.988,25.475,8.218,14.3,3.253,15.5,6.05,2.72,5.03,0.847,35.14,13.35,17.061,29.2,4.068,71.65,3.28
2017-08-15,11.7,11.51,8.795,20.36,17.757,2.864,3.84,7.25,24.28,10.079,7.102,14.5,1.415,4.988,25.475,8.218,14.3,3.253,15.5,6.05,2.72,5.03,0.847,35.14,13.35,17.061,29.2,4.068,71.65,3.28
2017-08-16,11.64,11.46,8.875,20.55,18.027,2.926,3.85,7.345,24.22,10.345,7.14,14.64,1.435,5.02,25.697,8.193,14.57,3.317,15.56,6.13,2.75,5.065,0.854,35.21,13.41,17.573,29.44,4.066,71.4,3.298
2017-08-17,11.59,11.89,8.78,20.46,17.657,2.916,3.81,7.31,24.33,10.231,7.071,14.48,1.424,5.0,25.639,8.158,14.4,3.302,15.43,6.15,2.748,5.03,0.848,35.48,13.24,17.303,29.41,4.068,71.7,3.246
2017-08-18,11.53,11.86,8.855,20.18,17.937,2.916,3.768,7.2,24.24,10.155,7.075,14.33,1.429,4.97,25.63,8.233,14.19,3.328,15.51,6.09,2.76,5.065,0.834,34.92,13.25,17.321,29.26,4.066,71.55,3.316
2017-08-21,11.43,11.76,8.77,20.19,17.747,2.896,3.752,7.255,24.17,10.857,6.985,14.31,1.42,4.956,25.243,8.083,14.07,3.265,15.37,6.065,2.752,5.07,0.827,34.95,13.19,17.2,29.21,4.038,71.35,3.27
2017-08-22,11.5,11.82,8.685,20.3,17.617,2.876,3.71,7.245,24.17,10.886,7.055,14.33,1.41,4.968,25.552,7.932,14.45,3.222,15.26,6.135,2.71,5.04,0.826,35.36,13.14,16.958,29.28,4.044,71.4,3.234
2017-08-23,11.46,12.02,8.56,20.27,17.297,2.834,3.71,7.19,24.46,11.512,7.16,14.42,1.402,4.952,25.659,7.842,14.44,3.181,15.24,6.095,2.724,4.98,0.817,35.05,13.15,16.986,28.79,4.022,71.35,3.154
2017-08-24,11.41,12.03,8.59,20.13,17.537,2.84,3.704,7.16,24.19,11.854,7.404,14.44,1.413,4.966,25.659,7.616,14.34,3.212,15.21,6.115,2.688,5.08,0.812,35.62,13.14,16.791,28.94,4.032,70.8,3.18
2017-08-25,11.33,11.94,8.535,19.71,17.777,2.84,3.696,7.14,24.4,11.768,7.311,14.35,1.395,4.944,25.533,7.701,14.41,3.21,15.23,6.085,2.67,5.095,0.811,35.44,13.11,16.856,28.8,4.04,70.55,3.228
2017-08-28,11.22,11.75,8.59,19.47,17.757,2.864,3.69,7.19,24.11,11.797,7.148,14.28,1.386,4.952,25.417,7.686,14.39,3.226,15.18,6.03,2.644,5.08,0.814,35.32,13.13,16.865,28.5,4.042,70.05,3.26
2017-08-29,11.07,11.78,8.465,19.31,17.287,2.812,3.6,7.04,23.74,11.616,7.028,14.07,1.38,4.912,25.088,7.405,14.1,3.142,14.98,5.995,2.626,5.03,0.792,35.17,13.11,16.456,27.6,4.026,69.95,3.136
2017-08-30,11.2,11.87,8.505,20.18,16.997,2.816,3.648,7.045,24.55,11.749,7.179,14.1,1.392,4.9,25.195,7.4,14.2,3.176,14.96,6.13,2.634,5.085,0.791,35.65,13.14,16.456,27.6,4.058,71.35,3.17
2017-08-31,11.23,12.15,8.62,20.56,17.087,2.836,3.632,7.1,24.44,12.005,7.435,14.21,1.411,4.96,25.543,7.827,14.58,3.203,15.04,6.08,2.688,5.085,0.804,35.98,13.17,16.474,27.73,4.09,72.4,3.188
2017-09-01,11.18,12.45,8.64,20.61,17.297,2.842,3.662,7.175,24.6,12.66,7.365,14.3,1.432,4.974,25.688,7.746,14.75,3.246,15.11,6.07,2.712,5.14,0.795,36.35,13.31,16.567,27.96,4.088,72.45,3.23
2017-09-04,11.36,12.18,8.62,20.64,17.227,2.836,3.63,7.12,24.8,12.499,7.9,14.85,1.42,4.946,25.697,7.762,14.94,3.198,15.2,6.065,2.694,5.11,0.784,35.98,13.33,16.465,27.72,4.082,72.5,3.156
2017-09-05,11.73,12.49,8.475,20.71,16.917,2.816,3.598,7.12,24.74,12.451,7.955,14.85,1.422,4.952,25.639,8.008,14.99,3.148,15.13,6.125,2.69,5.115,0.779,36.2,13.39,16.381,27.48,4.134,73.0,3.084
2017-09-06,11.84,12.55,8.44,20.71,16.927,2.812,3.582,7.14,24.64,12.983,8.001,14.75,1.453,4.954,25.784,8.233,15.08,3.118,15.08,6.1,2.682,5.145,0.776,36.17,13.48,16.344,27.85,4.158,73.35,3.08
2017-09-07,11.86,12.69,8.33,20.92,16.547,2.806,3.564,7.07,24.76,12.841,7.831,14.57,1.46,4.988,25.939,8.148,15.46,3.093,14.98,6.11,2.72,5.19,0.781,36.43,13.55,16.39,27.88,4.15,73.7,3.0
2017-09-08,11.6,12.73,8.455,20.88,16.727,2.812,3.52,7.145,24.57,12.869,7.714,14.72,1.476,5.0,26.239,7.962,15.58,3.066,14.96,6.17,2.736,5.175,0.78,36.98,13.46,16.344,27.39,4.17,73.55,3.042
2017-09-11,11.59,12.65,8.64,21.22,17.177,2.854,3.756,7.245,24.93,12.954,8.086,14.71,1.483,5.06,26.974,8.228,15.8,3.154,15.43,6.22,2.782,5.245,0.787,37.22,13.51,16.781,28.1,4.228,73.9,3.126
2017-09-12,11.7,12.76,8.725,21.24,17.717,2.882,3.788,7.315,24.93,12.983,8.249,14.86,1.477,5.0,27.167,8.394,15.74,3.252,15.54,6.15,2.742,5.195,0.789,37.17,13.55,16.828,28.41,4.17,73.0,3.22
2017-09-13,11.89,12.7,8.78,21.53,17.727,2.902,3.878,7.275,24.95,13.021,8.156,14.8,1.482,4.932,27.215,8.469,15.75,3.253,15.63,6.16,2.72,5.16,0.782,37.3,13.56,16.874,28.33,4.148,74.0,3.274
2017-09-14,12.18,12.8,8.83,21.33,17.727,2.926,3.864,7.25,25.07,13.334,8.079,14.73,1.5,4.936,27.225,8.52,16.08,3.187,15.49,6.1,2.7,5.14,0.775,37.45,13.64,16.828,28.45,4.082,74.0,3.29
2017-09-15,12.08,12.79,8.735,21.27,17.637,2.914,3.8,7.225,24.33,13.173,7.986,14.9,1.469,4.962,27.37,8.429,16.06,3.106,15.32,6.08,2.682,5.105,0.78,36.99,13.81,16.986,28.33,4.108,73.1,3.28
2017-09-18,12.08,12.83,8.75,21.45,17.807,2.932,3.814,7.22,24.66,13.382,8.094,15.17,1.445,4.964,27.486,8.555,16.42,3.134,15.51,6.1,2.72,5.15,0.817,37.28,13.46,17.219,28.28,4.116,73.45,3.286
2017-09-19,12.14,12.72,8.8,21.35,17.867,2.944,3.79,7.2,25.1,13.543,8.086,15.19,1.472,4.968,27.496,8.56,16.57,3.195,15.55,6.125,2.72,5.14,0.803,37.45,13.53,17.247,28.37,4.136,74.0,3.3
2017-09-20,12.11,12.57,8.86,22.65,17.467,2.932,3.762,7.2,24.8,13.676,7.986,15.28,1.463,4.986,27.302,8.645,16.28,3.175,15.55,6.105,2.702,5.12,0.797,37.68,13.64,17.116,28.35,4.16,74.25,3.28
2017-09-21,11.96,12.7,8.99,23.13,17.817,2.97,3.76,7.245,25.35,13.742,8.048,15.36,1.453,4.942,27.447,8.685,16.31,3.172,15.58,6.105,2.688,5.125,0.796,37.92,13.74,17.089,28.51,4.16,73.8,3.338
2017-09-22,12.12,12.83,8.97,22.77,17.807,2.972,3.778,7.255,25.45,14.283,8.42,15.34,1.458,4.952,27.573,8.65,16.38,3.238,15.56,6.115,2.678,5.1,0.795,38.46,13.78,16.949,28.74,4.116,74.6,3.338
2017-09-25,12.08,13.0,8.895,22.36,17.557,2.956,3.796,7.26,25.91,13.998,8.714,15.41,1.452,4.936,27.467,9.107,15.74,3.166,15.39,6.14,2.694,5.095,0.792,39.07,13.94,16.688,28.32,4.11,75.85,3.258
2017-09-26,12.05,12.98,8.92,22.33,17.517,2.974,3.816,7.365,25.75,14.036,8.536,15.64,1.468,4.944,27.534,9.102,15.79,3.26,15.27,6.225,2.722,5.095,0.794,38.96,13.99,16.781,28.47,4.15,75.4,3.336
2017-09-27,12.03,12.91,9.07,22.7,17.997,2.99,3.85,7.44,25.71,14.131,8.505,15.86,1.484,4.922,27.563,9.097,16.17,3.356,15.5,6.235,2.694,5.11,0.805,38.85,13.93,16.763,28.77,4.098,75.1,3.476
2017-09-28,12.01,12.98,9.03,22.64,18.007,2.986,3.872,7.455,26.0,14.093,8.063,15.94,1.459,4.874,27.418,9.167,16.21,3.411,15.52,6.23,2.658,5.04,0.798,39.4,13.95,17.005,28.46,4.072,75.2,3.504
2017-09-29,12.0,12.86,9.08,22.84,18.017,2.992,3.878,7.4,26.32,14.387,7.893,15.85,1.455,4.942,27.631,9.157,16.35,3.425,15.76,6.14,2.66,5.095,0.793,39.0,14.0,17.033,29.35,4.076,75.45,3.508
2017-10-02,12.04,13.26,9.1,23.13,18.017,2.994,3.912,7.505,26.4,14.511,7.629,15.88,1.464,4.964,28.134,9.057,16.93,3.483,15.82,6.17,2.68,5.11,0.778,39.37,13.97,17.163,29.36,4.124,76.5,3.474
2017-10-03,12.0,13.3,9.135,22.88,17.837,2.984,3.92,7.48,26.01,14.473,7.664,15.72,1.466,4.908,27.969,9.162,17.01,3.472,15.92,6.21,2.68,5.05,0.776,39.14,14.07,17.256,29.58,4.118,77.8,3.47
2017-10-04,12.01,13.43,9.06,22.66,17.367,2.934,3.812,7.32,26.29,14.425,7.493,15.62,1.451,4.854,27.95,8.951,16.89,3.37,15.56,6.22,2.64,4.966,0.761,39.41,13.9,16.865,28.7,4.074,77.9,3.286
2017-10-05,12.03,13.58,9.06,22.85,17.447,2.94,3.836,7.265,26.03,14.34,7.586,15.52,1.439,4.92,27.65,9.197,16.8,3.313,15.63,6.19,2.694,5.045,0.769,39.54,14.03,16.977,28.92,4.144,79.65,3.28
2017-10-06,11.95,13.61,9.15,22.58,17.317,2.93,3.892,7.17,25.88,14.179,7.358,15.62,1.413,4.872,27.486,9.037,16.78,3.195,15.61,6.185,2.64,4.984,0.763,39.57,13.85,16.977,28.89,4.112,79.0,3.2
2017-10-09,11.83,13.63,9.2,22.72,17.287,2.912,3.88,7.13,26.09,14.397,7.272,15.56,1.432,4.942,27.515,8.997,16.81,3.093,15.61,6.225,2.706,5.075,0.763,39.86,13.85,16.958,28.71,4.158,79.15,3.112
2017-10-10,11.7,13.63,9.115,22.71,16.947,2.888,3.802,7.145,25.75,14.188,7.517,15.4,1.417,4.93,27.36,9.152,16.65,3.027,15.47,6.235,2.71,5.105,0.754,39.57,13.85,16.884,28.62,4.156,78.4,3.044
2017-10-11,11.52,13.6,9.16,23.09,17.297,2.886,3.916,7.22,26.29,14.359,7.625,15.31,1.433,4.978,27.544,8.821,16.84,3.133,15.54,6.32,2.728,5.195,0.771,39.83,13.92,16.763,28.69,4.202,78.75,3.19
2017-10-12,11.49,12.9,9.115,23.23,17.067,2.858,3.848,7.215,26.18,14.207,7.532,15.25,1.43,4.998,27.563,8.766,16.86,3.041,15.56,6.51,2.758,5.165,0.758,40.08,13.86,16.158,28.6,4.212,80.55,3.076
2017-10-13,11.63,12.95,9.12,23.4,17.017,2.86,3.828,7.225,26.22,14.274,7.474,15.17,1.442,5.02,27.612,8.851,16.91,2.974,15.48,6.505,2.758,5.17,0.771,39.79,13.97,16.186,28.5,4.204,78.75,3.034
2017-10-16,11.59,12.8,9.165,23.39,17.017,2.866,3.856,7.25,26.35,14.198,7.443,15.27,1.436,4.998,27.708,8.921,17.02,3.007,15.45,6.65,2.772,5.15,0.762,40.1,13.99,15.962,28.82,4.184,79.0,3.148
2017-10-17,11.5,12.86,9.17,23.16,16.957,2.858,3.8,7.19,27.65,13.989,7.404,15.1,1.447,5.01,27.708,8.776,17.15,2.973,15.28,6.495,2.736,5.185,0.761,39.61,13.89,15.879,27.99,4.186,79.0,3.098
2017-10-18,11.35,12.85,9.155,23.27,17.007,2.88,3.8,7.085,27.5,14.122,7.423,15.05,1.446,5.02,28.23,8.53,16.8,2.965,15.32,6.48,2.756,5.17,0.761,39.67,13.88,15.851,28.14,4.202,78.45,3.128
2017-10-19,11.22,12.52,9.065,22.97,16.737,2.85,3.872,7.06,27.38,13.277,7.257,14.71,1.445,5.035,28.172,8.334,16.68,2.87,15.32,6.38,2.75,5.155,0.762,39.53,13.77,15.562,27.52,4.236,77.75,3.072
2017-10-20,11.21,12.46,9.125,23.3,17.217,2.868,3.912,7.07,27.7,13.505,7.501,14.96,1.45,5.06,28.23,8.379,16.88,2.879,15.5,6.46,2.776,5.18,0.768,39.71,13.85,15.897,27.8,4.26,77.85,3.144
2017-10-23,11.24,12.3,9.1,23.68,17.117,2.868,3.916,7.05,28.07,13.438,7.443,15.08,1.436,5.08,28.134,8.163,17.61,2.921,15.61,6.525,2.766,5.22,0.772,39.94,13.83,15.851,27.91,4.258,77.8,3.118
2017-10-24,11.31,12.59,9.19,23.84,17.447,2.902,3.93,7.165,28.17,14.122,7.575,15.08,1.436,5.095,27.998,9.047,17.83,2.908,15.71,6.505,2.762,5.195,0.765,40.18,13.95,15.879,28.49,4.236,78.05,3.162
2017-10-25,11.07,12.46,9.17,23.55,17.527,2.896,3.892,7.165,28.05,13.666,7.447,15.24,1.417,5.005,28.047,8.7,17.72,2.877,15.65,6.47,2.72,5.12,0.756,39.6,13.8,15.73,28.32,4.174,77.9,3.108
2017-10-26,11.23,12.78,9.23,23.9,17.497,2.924,3.962,7.305,28.5,14.065,7.493,15.17,1.418,5.125,28.646,8.645,19.84,2.875,15.85,6.685,2.774,5.29,0.753,39.7,13.92,15.934,28.5,4.256,78.3,3.096
2017-10-27,11.42,12.93,9.385,23.68,16.907,2.916,3.872,7.275,28.53,13.989,7.617,14.9,1.448,5.13,28.501,8.62,19.91,2.831,15.65,6.71,2.778,5.285,0.74,39.89,13.78,15.869,28.31,4.302,78.35,2.994
2017-10-30,11.69,12.98,9.48,23.81,16.707,2.912,3.894,7.31,28.9,14.084,7.97,14.74,1.452,5.16,28.385,9.017,20.36,2.846,15.74,6.78,2.78,5.32,0.745,40.11,13.84,15.776,28.18,4.378,78.0,2.992
2017-10-31,11.75,13.04,9.41,23.93,16.427,2.886,3.874,7.315,28.91,14.084,8.28,14.83,1.475,5.18,28.617,9.057,20.22,2.832,15.64,6.88,2.762,5.325,0.745,39.91,14.04,15.785,28.28,4.386,78.1,2.994
2017-11-01,11.83,12.83,9.54,23.76,16.457,2.878,3.88,7.285,28.5,14.378,8.544,15.02,1.491,5.18,29.004,9.534,20.6,2.824,15.91,6.795,2.778,5.385,0.752,40.26,14.22,15.972,28.32,4.408,78.95,3.002
2017-11-02,12.98,12.64,9.64,23.35,16.757,2.866,3.85,7.29,28.05,14.511,8.334,14.86,1.486,5.195,28.878,9.639,20.44,2.927,15.93,6.675,2.79,5.365,0.763,39.81,14.3,16.055,28.39,4.44,77.95,3.046
2017-11-03,13.06,12.67,9.6,23.29,16.387,2.85,3.848,7.215,28.19,14.862,8.327,14.83,1.492,5.235,28.956,9.649,20.96,2.852,15.75,6.855,2.82,5.375,0.758,40.6,14.38,16.074,28.24,4.444,79.2,3.01
2017-11-06,13.16,12.67,9.57,23.0,16.297,2.842,3.846,7.185,28.43,14.796,8.241,14.75,1.489,5.225,28.569,9.815,21.25,2.806,15.65,6.68,2.844,5.39,0.757,40.46,14.5,16.158,28.55,4.456,78.55,2.986
2017-11-07,13.12,12.65,9.69,22.79,16.227,2.85,3.828,7.29,28.24,14.663,8.21,14.49,1.481,5.28,28.105,9.815,20.98,2.754,15.62,6.705,2.878,5.395,0.746,39.78,14.72,16.242,28.7,4.5,78.25,2.92
2017-11-08,13.01,12.73,9.68,23.24,16.347,2.858,3.728,7.2,27.3,14.264,8.381,14.33,1.475,5.29,27.418,9.79,21.16,2.633,15.64,6.745,2.892,5.36,0.735,40.0,14.62,15.869,28.47,4.484,77.75,2.7
2017-11-09,12.91,12.49,9.885,23.09,16.587,2.848,3.702,7.16,27.0,13.932,8.203,14.11,1.454,5.265,27.08,9.694,20.01,2.894,15.53,6.535,2.92,5.335,0.725,38.92,14.51,15.032,28.37,4.382,72.05,2.814
2017-11-10,12.76,12.16,9.86,23.0,16.907,2.83,3.702,7.2,26.99,14.046,8.389,11.07,1.454,5.265,27.167,9.494,20.47,2.863,15.77,6.47,2.94,5.275,0.712,38.81,14.41,14.687,28.57,4.394,72.55,2.734
2017-11-13,12.6,12.3,9.875,22.75,16.927,2.806,3.628,7.135,27.17,14.036,8.683,10.59,1.443,5.285,26.887,9.448,20.36,2.889,15.55,6.445,2.928,5.255,0.689,38.61,14.31,14.752,28.46,4.378,73.8,2.734
2017-11-14,12.28,12.28,9.865,22.62,16.627,2.8,3.654,7.2,27.91,14.112,8.877,10.08,1.524,5.305,27.128,8.781,20.22,2.825,15.38,6.595,2.928,5.275,0.67,38.93,14.14,14.389,28.37,4.352,74.65,2.666
2017-11-15,12.09,12.11,9.835,22.04,16.757,2.8,3.712,7.24,27.23,13.875,8.986,10.53,1.508,5.19,26.684,8.625,20.11,2.885,15.27,6.39,2.918,5.265,0.682,38.17,13.88,14.361,28.28,4.278,74.0,2.73
2017-11-16,11.96,12.4,9.885,22.74,16.717,2.802,3.69,7.32,27.17,14.122,8.854,10.16,1.514,5.19,27.486,8.6,20.51,2.806,15.26,6.44,2.9,5.295,0.689,38.64,13.74,14.548,28.39,4.236,75.4,2.652
2017-11-17,12.13,12.45,9.875,22.81,16.617,2.772,3.734,7.175,27.06,13.989,8.939,10.13,1.525,5.185,27.36,8.6,20.33,2.789,15.22,6.455,2.906,5.215,0.679,38.04,13.73,14.529,28.42,4.22,75.05,2.68
2017-11-20,12.1,12.51,9.515,23.45,16.677,2.768,3.778,6.97,27.86,14.226,9.04,10.03,1.528,5.08,27.505,8.675,20.57,2.835,15.24,6.505,2.902,5.225,0.683,38.28,13.76,14.864,29.05,4.26,76.65,2.752
2017-11-21,12.5,12.84,9.365,23.35,16.547,2.768,3.732,6.97,28.59,14.463,9.048,10.32,1.535,5.11,27.65,8.946,20.97,2.796,15.26,6.465,2.934,5.36,0.683,38.33,13.87,15.162,29.58,4.276,77.5,2.698
2017-11-22,12.43,12.66,9.48,22.93,16.727,2.812,3.714,6.8,28.52,14.188,9.071,10.6,1.542,5.135,27.235,8.916,20.42,2.779,15.21,6.355,2.908,5.31,0.692,38.19,13.91,15.18,29.72,4.25,77.2,2.678
2017-11-23,12.5,12.82,9.475,22.9,16.847,2.816,3.728,6.805,28.34,14.093,9.071,10.52,1.537,5.13,27.061,8.846,20.59,2.796,15.2,6.385,2.928,5.39,0.723,38.25,13.86,14.948,29.53,4.226,76.35,2.7
2017-11-24,12.43,12.96,9.42,22.77,17.097,2.818,3.772,6.855,28.48,13.989,9.172,10.37,1.551,5.085,27.099,8.605,20.6,2.959,15.23,6.465,2.936,5.355,0.723,37.99,13.82,14.92,29.24,4.218,74.5,2.83
2017-11-27,12.13,12.9,9.31,22.25,16.897,2.766,3.728,6.85,28.05,13.856,9.28,10.22,1.532,5.12,26.877,8.414,20.21,2.862,15.08,6.45,2.938,5.325,0.709,37.98,13.69,14.743,28.87,4.194,75.65,2.752
2017-11-28,12.12,12.9,9.42,22.16,17.047,2.776,3.762,6.97,27.94,13.78,9.18,10.17,1.551,5.13,27.128,8.56,20.24,2.87,15.14,6.51,2.978,5.405,0.705,37.98,13.78,14.892,28.77,4.2,76.4,2.79
2017-11-29,12.13,12.89,9.51,22.48,17.037,2.82,3.776,6.99,27.86,13.723,9.296,10.03,1.575,5.185,26.916,8.735,18.86,2.995,15.21,6.415,3.04,5.475,0.701,37.62,13.76,14.985,29.47,4.23,76.55,2.814
2017-11-30,12.21,13.13,9.695,22.35,16.897,2.822,3.852,7.005,27.7,13.685,9.296,10.04,1.58,5.195,27.051,8.464,19.06,3.111,15.38,6.54,3.02,5.455,0.703,37.8,13.81,14.855,29.48,4.236,77.4,2.878
2017-12-01,12.46,12.91,9.6,21.73,16.877,2.768,3.748,7.025,27.14,13.41,9.327,9.92,1.559,5.14,27.554,8.62,18.37,3.019,15.06,6.435,3.024,5.37,0.698,37.63,13.82,14.603,28.93,4.212,78.05,2.826
2017-12-04,12.74,12.94,9.67,22.79,16.947,2.816,3.832,7.18,27.7,13.847,9.691,9.85,1.572,5.21,26.432,8.65,18.49,3.1,15.23,6.45,3.054,5.47,0.706,37.89,13.89,14.576,28.99,4.266,77.65,2.812
2017-12-05,12.6,12.91,9.61,22.77,17.047,2.8,3.838,7.185,27.55,13.875,9.761,9.84,1.594,5.23,26.084,8.56,18.78,3.084,15.18,6.515,3.072,5.525,0.71,38.73,13.9,14.482,28.9,4.27,78.4,2.746
2017-12-06,12.39,12.82,9.465,22.35,16.917,2.774,3.788,7.145,27.39,13.676,10.125,9.93,1.601,5.24,26.326,8.469,18.08,3.046,15.1,6.575,3.086,5.525,0.734,38.31,13.82,14.427,28.37,4.284,78.45,2.698
2017-12-07,12.55,12.85,9.5,22.09,17.247,2.806,3.786,7.155,27.36,13.761,10.071,9.96,1.621,5.25,26.413,8.449,18.08,3.145,15.19,6.605,3.08,5.55,0.747,38.05,13.84,14.436,28.59,4.288,79.55,2.772
2017-12-08,12.67,13.1,9.625,22.33,17.957,2.88,3.806,7.12,27.21,14.131,10.094,9.99,1.635,5.28,26.49,8.399,18.32,3.187,15.28,6.61,3.132,5.58,0.754,38.68,13.9,14.715,29.1,4.31,80.55,2.854
2017-12-11,13.02,13.0,9.59,22.35,17.587,2.876,3.834,7.145,27.41,14.416,10.234,10.0,1.617,5.205,26.471,8.61,18.33,3.183,15.31,6.57,3.086,5.51,0.76,38.63,13.97,14.771,28.99,4.25,80.35,2.806
2017-12-12,13.41,12.93,9.595,22.3,17.407,2.906,3.85,7.205,26.98,14.406,10.094,10.08,1.615,5.175,26.481,8.766,18.62,3.072,15.29,6.59,3.064,5.51,0.76,38.71,14.14,14.883,29.08,4.202,78.55,2.744
2017-12-13,13.09,12.92,9.55,22.32,16.597,2.872,3.822,7.13,27.07,14.369,10.133,9.995,1.573,5.075,26.316,8.56,18.78,2.878,15.36,6.56,3.044,5.425,0.738,37.79,14.02,14.762,28.52,4.124,77.35,2.62
2017-12-14,12.91,12.51,9.54,22.32,16.457,2.808,3.836,7.23,26.8,14.236,10.11,9.945,1.559,5.025,26.074,8.399,18.57,2.821,15.45,6.435,3.02,5.335,0.726,37.02,13.95,14.799,28.36,4.078,76.4,2.58
2017-12-15,12.79,12.47,9.35,22.0,16.147,2.802,3.822,7.31,26.91,14.255,10.18,9.915,1.58,5.03,25.91,8.349,18.29,2.806,15.45,6.355,3.084,5.355,0.734,36.57,13.94,14.641,28.32,4.076,75.8,2.52
2017-12-18,13.04,12.78,9.4,22.6,16.427,2.818,3.916,7.4,27.37,14.615,10.04,10.21,1.582,5.12,26.316,8.74,18.57,2.813,15.52,6.485,3.1,5.46,0.734,37.25,14.06,14.836,28.54,4.14,75.4,2.502
2017-12-19,12.89,12.56,9.445,22.32,16.527,2.792,3.862,7.475,27.32,14.644,9.846,10.22,1.558,5.02,26.645,9.057,18.69,2.907,15.41,6.46,3.018,5.315,0.74,37.23,13.98,14.818,28.39,4.136,75.05,2.57
2017-12-20,13.05,12.5,9.48,21.93,16.047,2.788,3.868,7.3,27.05,14.625,10.071,10.02,1.565,4.982,26.732,9.112,18.4,2.89,15.3,6.425,3.022,5.275,0.729,36.58,13.91,14.79,28.18,4.094,75.7,2.53
2017-12-21,13.25,12.82,9.53,22.25,16.177,2.83,3.9,7.38,27.11,14.72,10.071,10.02,1.562,4.97,26.693,9.338,18.52,2.893,15.24,6.39,3.05,5.29,0.734,36.45,14.02,14.845,27.77,4.11,74.6,2.58
2017-12-22,13.35,12.88,9.54,22.65,15.917,2.84,3.886,7.42,26.65,14.663,9.924,9.915,1.552,4.934,26.626,9.348,18.57,2.836,15.28,6.41,2.984,5.285,0.738,37.0,14.02,14.827,27.99,4.096,74.45,2.546
2017-12-25,13.35,12.88,9.54,22.65,15.917,2.84,3.886,7.42,26.65,14.663,9.924,9.915,1.552,4.934,26.626,9.348,18.57,2.836,15.28,6.41,2.984,5.285,0.738,37.0,14.02,14.827,27.99,4.096,74.45,2.546
2017-12-26,13.35,12.88,9.54,22.65,15.917,2.84,3.886,7.42,26.65,14.663,9.924,9.915,1.552,4.934,26.626,9.348,18.57,2.836,15.28,6.41,2.984,5.285,0.738,37.0,14.02,14.827,27.99,4.096,74.45,2.546
2017-12-27,13.41,13.26,9.565,22.98,15.807,2.818,3.938,7.315,26.67,14.682,10.017,10.02,1.556,4.936,26.703,9.689,18.51,2.851,15.25,6.49,2.98,5.24,0.733,37.33,14.07,14.994,27.81,4.09,74.65,2.608
2017-12-28,13.29,13.1,9.56,22.94,15.847,2.79,3.932,7.34,26.56,14.435,9.963,9.975,1.556,4.932,26.529,9.614,18.47,2.93,15.39,6.5,2.97,5.19,0.729,37.39,13.96,14.948,28.03,4.1,74.6,2.662
2017-12-29,13.16,12.84,9.46,22.5,15.577,2.77,3.91,7.215,26.22,14.15,9.707,9.92,1.542,4.844,26.287,9.554,18.2,2.85,15.2,6.445,2.91,5.13,0.72,37.06,13.8,14.864,27.74,4.08,74.0,2.62
2018-01-01,13.16,12.84,9.46,22.5,15.577,2.77,3.91,7.215,26.22,14.15,9.707,9.92,1.542,4.844,26.287,9.554,18.2,2.85,15.2,6.445,2.91,5.13,0.72,37.06,13.8,14.864,27.74,4.08,74.0,2.62
2018-01-02,13.25,12.92,9.42,22.83,15.707,2.754,4.038,7.085,26.65,14.387,10.001,10.08,1.522,4.804,26.104,9.594,18.43,2.816,15.02,6.355,2.938,5.105,0.725,37.3,13.83,14.864,27.29,4.03,74.5,2.644
2018-01-03,13.4,12.97,9.385,23.18,15.787,2.75,4.002,7.005,27.3,14.758,10.149,10.06,1.516,4.804,26.452,9.589,19.01,2.796,14.89,6.3,2.884,5.08,0.725,37.12,13.92,14.724,26.88,3.966,74.85,2.59
2018-01-04,13.64,13.32,9.475,23.68,16.327,2.822,4.08,7.06,28.66,15.991,10.691,10.39,1.57,4.906,27.302,9.85,19.28,2.871,15.0,6.26,2.96,5.24,0.734,37.7,14.25,14.976,27.56,4.09,75.85,2.664
2018-01-05,13.61,13.33,9.515,23.86,16.247,2.816,4.086,7.19,28.9,17.007,10.529,10.4,1.593,4.994,27.496,9.815,19.43,2.878,15.2,6.36,3.026,5.34,0.738,38.36,14.43,15.041,27.64,4.136,76.8,2.64
2018-01-08,13.73,13.28,9.59,24.0,16.367,2.808,4.116,7.13,29.12,17.187,10.994,10.57,1.591,4.954,27.708,9.89,19.35,2.874,15.21,6.32,3.08,5.325,0.752,38.52,14.52,15.087,27.5,4.116,80.05,2.69
2018-01-09,13.73,13.42,9.575,24.34,16.477,2.84,4.19,7.19,30.02,17.529,11.42,10.81,1.573,4.944,27.805,9.88,19.71,2.924,15.4,6.295,3.094,5.325,0.752,38.7,14.5,15.376,28.3,4.142,79.45,2.722
2018-01-10,13.72,13.6,9.8,24.26,16.997,2.97,4.278,7.335,29.48,17.633,11.653,10.9,1.529,4.874,27.592,9.765,19.57,3.041,15.74,6.34,3.0,5.225,0.752,38.42,14.52,15.395,28.34,4.054,79.25,2.852
2018-01-11,14.07,13.95,9.8,23.98,17.307,2.988,4.336,7.33,29.58,18.032,11.211,10.87,1.52,4.876,27.302,10.121,20.0,3.055,15.72,6.325,3.038,5.22,0.748,38.2,14.7,15.329,28.78,4.05,79.6,2.886
2018-01-12,14.2,13.94,9.77,24.1,17.467,3.026,4.3,7.28,29.78,18.155,10.955,10.85,1.522,4.878,27.786,10.176,19.98,3.087,15.67,6.34,3.0,5.245,0.743,38.6,14.72,15.534,29.2,4.064,79.7,2.924
2018-01-15,14.28,13.95,9.775,23.82,17.487,3.038,4.326,7.49,29.58,18.544,11.118,11.0,1.534,4.898,27.844,10.422,19.78,3.106,15.68,6.38,2.996,5.3,0.738,38.12,14.92,17.517,29.7,4.084,79.65,2.918
2018-01-16,13.99,13.9,9.76,23.6,17.137,3.044,4.35,7.53,29.52,17.776,10.939,11.07,1.556,4.922,28.037,10.297,19.71,3.053,15.84,6.38,2.984,5.37,0.737,37.92,14.91,17.098,29.6,4.078,79.35,2.924
2018-01-17,13.92,13.76,9.79,23.3,17.307,3.058,4.338,7.6,29.96,17.851,11.265,11.27,1.577,4.976,28.037,10.191,19.65,2.993,15.71,6.405,3.038,5.385,0.725,37.44,14.86,17.051,29.68,4.102,79.65,2.892
2018-01-18,14.13,13.95,9.915,23.48,17.507,3.094,4.35,7.73,30.18,18.184,11.319,11.25,1.57,4.922,27.844,10.181,20.4,2.98,15.8,6.245,3.048,5.355,0.717,37.74,14.95,17.386,30.34,4.044,80.05,2.85
2018-01-19,14.24,14.26,9.955,23.3,17.397,3.088,4.35,7.77,30.7,18.554,11.366,11.25,1.584,4.918,28.153,10.081,20.44,3.019,16.17,6.3,3.06,5.39,0.721,38.56,14.83,17.573,30.3,4.074,79.15,2.822
2018-01-22,14.51,14.3,10.04,23.62,17.797,3.126,4.352,7.795,30.8,18.687,11.343,11.29,1.608,4.948,28.23,10.257,20.22,3.1,16.19,6.345,3.078,5.265,0.732,38.42,14.94,17.647,30.74,4.014,79.1,2.976
2018-01-23,14.52,14.3,9.975,23.96,17.67,3.128,4.34,7.785,30.8,18.573,11.064,11.16,1.611,4.968,28.54,10.417,20.06,3.131,16.03,6.42,3.072,5.24,0.741,38.36,14.96,17.619,30.68,4.022,79.05,3.03
2018-01-24,14.37,14.38,9.97,23.8,17.69,3.082,4.334,7.845,30.32,18.449,11.009,10.96,1.596,4.872,28.192,10.337,18.8,3.195,16.19,6.285,3.048,5.18,0.735,37.82,14.91,17.582,30.62,3.96,79.0,3.026
2018-01-25,14.46,14.4,9.905,23.92,18.08,3.122,4.458,7.92,29.88,18.43,11.172,10.88,1.581,4.846,27.844,10.196,18.94,3.259,16.2,6.325,3.008,5.16,0.726,37.74,14.93,17.656,30.84,3.954,78.4,3.07
2018-01-26,14.54,14.45,9.83,24.4,17.95,3.16,4.488,7.92,30.28,18.791,11.629,11.1,1.572,4.906,27.979,10.196,19.07,3.256,16.22,6.425,3.052,5.18,0.72,38.4,14.95,17.461,30.6,4.008,79.3,3.1
2018-01-29,14.34,14.35,9.854,24.44,17.87,3.185,4.504,7.925,30.0,18.833,11.816,11.275,1.55,4.844,27.94,9.968,19.52,3.279,16.2,6.385,3.006,5.124,0.713,37.89,14.79,17.493,30.5,3.98,78.85,3.123
2018-01-30,14.08,14.08,9.72,24.04,17.682,3.146,4.453,7.835,28.78,18.531,11.296,9.922,1.533,4.822,27.438,9.604,19.48,3.154,15.985,6.37,2.938,5.068,0.722,37.15,14.544,17.154,29.92,3.906,77.25,3.037
2018-01-31,14.025,14.31,9.792,23.65,17.746,3.161,4.441,7.9,29.04,18.47,11.157,9.72,1.546,4.848,27.399,9.466,19.23,3.179,15.97,6.41,2.94,5.11,0.725,36.67,14.486,17.07,30.16,3.919,77.95,3.063
2018-02-01,14.2,14.13,9.888,23.56,17.77,3.138,4.359,7.95,29.16,18.254,11.009,9.83,1.555,4.844,27.215,9.496,19.06,3.155,16.03,6.515,2.97,5.066,0.718,36.22,14.59,17.135,30.02,3.896,79.4,3.003
2018-02-02,13.75,13.78,9.946,23.01,17.57,3.115,4.343,7.795,28.4,17.834,11.164,9.6,1.52,4.731,26.771,9.303,18.49,3.155,15.945,6.47,2.924,4.97,0.709,35.28,14.348,17.028,29.38,3.83,76.55,3.003
2018-02-05,13.6,13.4,9.858,22.65,17.2,3.083,4.339,7.75,27.86,17.187,10.877,9.162,1.487,4.725,26.394,9.21,18.625,3.069,15.72,6.35,2.91,4.909,0.692,34.5,14.154,17.089,28.8,3.815,75.35,2.896
2018-02-06,13.24,13.18,9.57,22.1,17.0,3.104,4.189,7.59,27.74,16.76,10.761,8.91,1.449,4.569,25.987,8.823,18.095,3.08,15.28,6.195,2.858,4.769,0.681,33.28,13.754,16.53,27.8,3.68,73.45,2.926
2018-02-07,13.435,13.4,9.726,22.14,17.47,3.21,4.273,7.715,28.94,17.895,11.087,9.056,1.485,4.682,26.964,9.062,18.34,3.188,15.7,6.185,2.91,4.874,0.721,34.76,13.98,16.949,28.36,3.719,75.7,3.075
2018-02-08,12.915,12.93,9.65,20.77,17.836,3.148,4.148,7.61,27.36,17.032,10.699,8.828,1.43,4.525,26.113,8.725,17.285,3.173,15.51,5.995,2.826,4.722,0.709,31.96,13.672,16.753,27.92,3.613,74.1,3.085
2018-02-09,12.79,12.86,9.718,20.51,17.758,3.083,4.192,7.46,27.34,16.529,10.42,8.69,1.41,4.492,25.504,8.585,17.19,3.176,15.35,6.045,2.776,4.634,0.699,30.87,13.398,16.628,28.16,3.565,69.55,2.986
2018-02-12,12.84,13.15,9.8,20.9,17.836,3.105,4.131,7.3,27.54,16.751,10.505,8.64,1.423,4.496,25.813,8.51,17.47,3.119,15.45,6.07,2.778,4.688,0.703,30.19,13.482,16.563,28.32,3.634,71.2,3.007
2018-02-13,12.72,13.24,9.796,20.72,17.232,3.075,4.065,7.0,27.44,16.411,10.234,8.41,1.405,4.494,25.369,8.336,17.355,3.078,15.18,6.06,2.694,4.654,0.684,29.62,13.352,16.386,27.1,3.624,71.0,2.909
2018-02-14,12.93,13.29,9.718,20.96,17.718,3.101,4.091,7.07,28.98,16.798,10.265,8.802,1.433,4.578,25.204,8.454,17.86,3.238,15.36,6.175,2.754,4.78,0.688,31.07,13.438,16.665,27.1,3.686,70.0,3.023
2018-02-15,13.0,13.62,9.856,20.99,17.548,3.097,4.173,7.205,29.46,16.893,10.288,8.922,1.413,4.526,25.494,8.547,18.05,3.244,15.35,6.105,2.716,4.792,0.688,30.68,13.504,16.73,26.64,3.682,70.4,2.97
2018-02-16,13.185,13.68,9.882,21.32,17.818,3.138,4.147,7.245,29.42,17.231,10.467,9.062,1.429,4.562,25.813,8.64,18.065,3.252,15.505,6.21,2.762,4.86,0.696,31.13,13.632,16.795,26.9,3.696,71.3,3.016
2018-02-19,13.585,13.65,9.842,21.05,17.5,3.108,4.133,7.225,29.1,16.912,10.381,9.072,1.418,4.528,25.562,8.635,17.99,3.23,15.39,6.245,2.756,4.778,0.698,30.68,13.632,16.674,26.98,3.652,69.9,3.037
2018-02-20,13.705,13.38,9.874,21.82,17.568,3.089,4.164,7.29,28.86,17.121,10.381,9.078,1.411,4.534,25.813,8.7,18.465,3.226,15.425,6.23,2.75,4.77,0.719,30.02,13.708,16.805,27.46,3.629,69.55,3.073
2018-02-21,13.55,13.42,9.892,21.68,17.528,3.098,4.178,7.275,28.42,17.202,10.381,9.108,1.398,4.517,25.562,8.572,18.765,3.235,15.47,6.265,2.696,4.7,0.72,29.5,13.712,16.753,27.4,3.593,69.8,3.121
2018-02-22,13.97,13.24,9.772,21.2,17.182,3.059,4.034,7.27,27.78,16.859,10.389,8.81,1.444,4.543,25.398,8.617,18.425,3.171,15.32,6.22,2.75,4.722,0.717,29.3,13.68,16.567,27.32,3.631,69.65,3.059
2018-02-23,14.24,12.97,9.866,20.79,17.234,3.083,4.085,7.285,27.94,16.722,10.079,8.89,1.469,4.658,25.659,8.836,18.66,3.292,15.365,6.23,2.804,4.835,0.732,29.06,13.79,16.726,27.22,3.771,69.75,3.133
2018-02-26,14.58,13.13,9.886,20.74,17.192,3.085,4.085,7.4,27.86,16.631,9.955,8.854,1.48,4.654,25.185,8.756,18.685,3.292,15.41,6.305,2.846,4.826,0.738,29.9,13.862,16.819,27.38,3.767,69.45,3.127
2018-02-27,14.445,12.97,9.94,20.73,17.442,3.102,4.069,7.44,27.6,16.851,9.784,8.81,1.464,4.614,25.059,8.65,18.87,3.298,15.42,6.1,2.856,4.837,0.732,29.7,13.82,16.758,27.48,3.711,68.5,3.145
2018-02-28,14.2,13.05,9.854,20.3,17.446,3.096,4.112,7.42,27.32,16.677,10.172,8.85,1.456,4.56,25.059,8.459,18.825,3.295,15.44,5.9,2.802,4.779,0.74,29.45,13.714,16.688,27.28,3.681,67.45,3.107
2018-03-01,14.34,13.02,9.802,20.33,17.456,3.073,4.066,7.405,26.82,16.217,9.924,8.838,1.444,4.6,25.127,8.484,18.1,3.334,15.405,5.85,2.778,4.762,0.74,29.07,13.572,16.684,27.3,3.675,66.4,3.125
2018-03-02,14.065,13.18,9.66,19.855,17.062,3.007,3.929,7.095,26.44,15.289,9.59,8.582,1.435,4.501,24.866,8.226,17.665,3.307,15.05,5.745,2.726,4.657,0.725,28.36,13.378,16.256,26.58,3.596,66.1,3.058
2018-03-05,14.25,13.05,9.482,20.13,16.476,2.964,3.878,7.035,26.34,15.337,9.397,8.634,1.423,4.504,25.05,8.233,18.23,3.055,14.72,5.825,2.742,4.701,0.729,28.89,13.398,16.293,26.58,3.592,67.35,2.87
2018-03-06,14.325,13.52,9.636,20.97,16.876,2.991,3.943,7.105,27.12,16.206,9.691,8.798,1.449,4.585,25.398,8.459,18.61,3.12,15.165,5.94,2.77,4.729,0.772,28.98,13.33,16.716,27.2,3.659,68.4,2.93
2018-03-07,14.16,13.85,9.8,20.82,17.158,3.026,3.972,7.19,27.88,16.375,10.265,8.812,1.46,4.607,25.707,8.57,18.81,3.18,15.5,5.965,2.742,4.777,0.787,29.93,13.514,16.781,27.26,3.672,70.6,2.98
2018-03-08,14.525,13.91,9.84,21.26,17.2,3.043,4.047,7.21,27.66,16.386,10.257,8.982,1.48,4.621,25.707,8.748,19.685,3.223,15.51,6.15,2.774,4.84,0.823,29.8,13.582,16.828,27.58,3.716,73.55,3.038
2018-03-09,15.055,14.09,9.882,21.41,16.98,3.038,4.01,7.225,28.52,16.297,10.234,9.186,1.466,4.585,25.968,8.743,19.8,3.154,15.45,6.13,2.76,4.836,0.832,30.09,13.592,16.772,27.56,3.663,74.75,2.964
2018-03-12,14.835,14.24,9.872,21.17,16.91,3.052,3.982,7.23,28.12,16.32,10.071,9.258,1.459,4.603,26.104,8.63,19.97,3.122,15.45,6.14,2.732,4.833,0.82,29.66,13.718,16.786,27.36,3.711,73.85,2.951
2018-03-13,14.73,14.16,9.862,20.92,16.84,3.043,4.097,7.21,28.78,16.325,10.087,9.154,1.48,4.636,25.688,8.53,19.455,3.181,15.485,6.095,2.792,4.87,0.801,29.3,13.8,16.549,27.3,3.743,74.0,3.019
2018-03-14,14.39,14.15,9.768,20.38,16.61,2.997,3.996,7.26,28.28,16.138,9.963,9.31,1.47,4.635,25.185,8.324,19.37,3.109,15.315,6.07,2.788,4.85,0.783,29.16,13.712,16.442,27.44,3.698,72.9,2.976
2018-03-15,14.265,14.15,9.81,20.59,17.002,3.018,4.034,7.285,28.8,16.327,10.125,9.532,1.482,4.706,25.688,8.311,19.795,3.115,15.7,6.14,2.786,4.884,0.805,29.49,13.824,16.665,27.38,3.703,73.05,3.023
2018-03-16,14.49,13.98,9.86,20.55,17.216,3.077,4.047,7.3,27.98,16.316,10.025,9.478,1.492,4.714,25.91,8.387,19.865,3.148,15.725,6.13,2.788,4.93,0.809,29.32,14.1,16.753,27.7,3.717,72.2,3.053
2018-03-19,14.31,14.09,9.782,20.21,17.156,3.04,4.03,7.27,27.42,15.997,10.001,9.418,1.495,4.669,25.746,8.183,19.485,3.152,15.69,6.065,2.778,4.85,0.812,29.05,13.938,16.721,27.4,3.655,71.8,3.027
2018-03-20,14.595,14.17,9.89,20.21,17.236,3.059,4.053,7.25,27.4,16.39,10.265,9.46,1.48,4.723,25.62,8.321,19.91,3.162,15.74,6.1,2.77,4.876,0.8,28.6,14.13,16.735,27.68,3.636,72.05,3.028
2018-03-21,15.115,14.07,9.89,19.98,17.04,3.041,4.01,7.25,27.28,16.682,10.195,9.39,1.495,4.747,25.388,8.432,20.36,3.141,15.74,6.12,2.814,4.874,0.795,28.48,14.24,16.707,27.8,3.647,72.5,2.98
2018-03-22,14.19,13.94,9.796,19.765,16.784,2.987,3.972,7.165,26.66,16.117,10.699,9.214,1.475,4.571,24.924,8.161,19.385,3.08,15.6,6.15,2.808,4.796,0.78,28.42,14.17,16.46,27.16,3.623,72.65,2.922
2018-03-23,13.615,13.69,9.732,19.99,16.896,2.953,4.0,7.125,26.82,15.79,11.281,9.402,1.503,4.644,24.856,8.178,18.595,3.089,15.425,6.175,2.858,4.851,0.773,28.38,14.108,16.372,27.26,3.653,71.65,2.892
2018-03-26,13.65,13.66,9.554,19.355,16.496,2.924,3.933,7.02,26.24,15.671,11.257,9.336,1.492,4.531,24.537,8.035,18.605,3.062,15.37,6.11,2.79,4.786,0.762,27.52,14.058,16.107,26.38,3.602,70.35,2.803
2018-03-27,13.83,14.12,9.492,19.565,16.612,2.927,3.973,7.07,26.5,15.933,11.025,9.516,1.516,4.512,24.769,8.08,19.075,3.083,15.48,6.17,2.838,4.797,0.761,28.0,14.2,16.344,26.36,3.583,72.65,2.831
2018-03-28,13.68,14.41,9.538,19.085,16.826,2.953,3.957,7.065,26.18,15.612,9.428,9.396,1.553,4.727,24.605,7.975,18.06,3.066,15.56,6.2,2.962,4.975,0.767,28.86,14.162,16.223,26.24,3.75,72.9,2.838
2018-03-29,13.95,14.45,9.548,19.01,16.988,2.954,3.978,7.08,27.46,15.661,9.226,9.378,1.554,4.749,24.653,7.987,17.985,3.066,15.625,6.15,2.974,4.97,0.771,29.98,14.288,16.237,26.2,3.733,73.1,2.817
2018-03-30,13.95,14.45,9.548,19.01,16.988,2.954,3.978,7.08,27.46,15.661,9.226,9.378,1.554,4.749,24.653,7.987,17.985,3.066,15.625,6.15,2.974,4.97,0.771,29.98,14.288,16.237,26.2,3.733,73.1,2.817
2018-04-02,13.95,14.45,9.548,19.01,16.988,2.954,3.978,7.08,27.46,15.661,9.226,9.378,1.554,4.749,24.653,7.987,17.985,3.066,15.625,6.15,2.974,4.97,0.771,29.98,14.288,16.237,26.2,3.733,73.1,2.817
2018-04-03,14.0,14.49,9.586,19.37,17.01,2.957,4.011,7.07,27.36,16.808,8.753,9.168,1.556,4.737,24.479,7.844,17.45,3.057,15.67,6.095,2.986,4.955,0.759,29.52,14.432,16.186,26.56,3.714,72.5,2.81
2018-04-04,13.91,14.14,9.59,19.105,16.934,2.947,3.992,6.965,26.38,16.716,8.745,9.09,1.566,4.752,24.528,7.792,17.025,3.06,15.665,6.145,3.002,4.963,0.758,29.8,14.556,16.102,26.7,3.743,71.75,2.772
2018-04-05,14.55,14.65,9.7,19.965,17.344,3.003,4.05,7.055,26.66,17.527,9.04,9.43,1.567,4.744,24.992,8.02,17.48,3.178,15.79,6.28,2.984,5.05,0.798,29.88,14.862,16.367,27.3,3.774,72.25,2.896
2018-04-06,14.26,14.87,9.688,19.555,17.278,2.996,4.029,7.005,26.36,17.366,9.001,9.47,1.586,4.781,23.899,7.882,17.33,3.133,15.84,6.34,3.018,5.046,0.853,29.85,14.888,16.316,26.82,3.82,73.85,2.86
2018-04-09,14.3,15.02,9.72,19.1,17.298,3.021,4.074,7.015,26.4,17.586,9.133,9.432,1.6,4.795,23.358,7.734,17.42,3.18,15.97,6.395,3.03,5.084,0.854,29.53,14.988,16.516,26.92,3.858,73.05,2.905
2018-04-10,14.705,15.29,9.842,19.47,17.15,3.036,4.084,7.01,26.5,17.823,9.118,9.524,1.579,4.777,23.909,7.832,17.875,3.189,16.03,6.385,3.038,5.076,0.88,29.57,15.134,16.637,27.08,3.832,73.0,2.865
2018-04-11,14.96,15.19,9.798,19.31,16.838,3.015,4.139,7.005,26.44,17.656,9.451,9.338,1.581,4.744,23.454,7.995,17.645,3.148,15.965,6.305,3.02,5.062,0.855,29.31,15.228,16.409,26.7,3.807,72.05,2.824
2018-04-12,15.055,15.47,9.842,19.48,17.244,3.05,4.252,7.035,26.8,18.003,9.389,9.442,1.587,4.771,23.648,8.11,18.515,3.187,16.205,6.305,2.992,5.112,0.861,29.67,15.33,16.521,27.12,3.819,73.5,2.878
2018-04-13,14.995,15.51,9.762,19.565,17.2,3.067,4.245,6.95,26.98,18.058,9.691,9.384,1.6,4.8,23.88,8.148,18.27,3.202,16.175,6.335,2.992,5.114,0.849,29.8,15.432,15.976,27.14,3.831,73.5,2.878
2018-04-16,14.895,15.6,9.726,19.37,17.266,3.076,4.295,6.935,26.4,17.918,9.862,9.53,1.603,4.777,23.88,8.108,18.435,3.234,16.17,6.365,3.0,5.084,0.852,29.6,15.448,15.962,27.4,3.799,75.35,2.905
2018-04-17,14.88,15.84,9.892,19.7,17.636,3.105,4.291,7.05,26.86,18.58,9.784,9.594,1.615,4.84,23.928,8.098,18.765,3.303,16.255,6.38,3.044,5.16,0.838,29.66,15.68,16.139,27.66,3.824,75.55,2.99
2018-04-18,15.155,15.78,9.998,19.975,17.764,3.11,4.3,7.06,26.62,18.692,9.823,9.766,1.612,4.847,24.054,8.437,18.46,3.264,16.395,6.24,3.02,5.196,0.85,29.85,15.796,16.256,27.7,3.825,77.6,3.011
2018-04-19,15.245,16.05,10.13,19.725,17.868,3.112,4.296,7.11,26.26,18.432,9.839,9.916,1.62,4.836,23.919,8.434,17.84,3.273,16.545,6.305,3.024,5.192,0.862,29.98,16.0,16.232,27.78,3.823,74.75,3.01
2018-04-20,15.29,15.9,10.17,20.02,17.98,3.135,4.35,7.105,25.96,18.292,9.831,9.926,1.628,4.875,23.977,8.364,17.575,3.308,16.715,6.145,3.0,5.17,0.876,29.84,15.952,16.19,27.56,3.854,74.6,3.03
2018-04-23,15.51,15.93,10.375,20.28,18.148,3.168,4.37,7.01,25.9,18.677,9.986,9.984,1.634,4.84,23.754,8.437,17.78,3.308,16.915,6.11,3.016,5.202,0.87,29.66,16.088,16.242,27.94,3.839,76.2,3.07
2018-04-24,15.625,15.97,10.45,20.54,18.212,3.195,4.409,6.915,26.8,18.738,10.04,9.834,1.639,4.88,23.599,8.193,17.65,3.248,17.055,6.155,3.06,5.184,0.849,29.34,16.028,16.125,27.62,3.892,78.4,3.061
2018-04-25,15.28,15.83,10.24,20.56,18.06,3.154,4.361,6.72,26.2,18.168,10.063,9.654,1.64,4.877,23.309,7.882,18.165,3.207,16.705,6.185,3.04,5.196,0.826,29.34,15.85,16.046,27.0,3.89,77.3,3.033
2018-04-26,15.34,15.82,10.22,20.74,18.174,3.173,4.381,6.575,26.3,18.537,10.211,9.61,1.674,4.941,23.29,7.892,18.35,3.227,16.84,6.225,3.07,5.26,0.83,29.6,16.17,16.135,26.84,3.96,78.15,3.065
2018-04-27,15.21,15.63,10.13,20.8,17.9,3.153,4.416,6.625,26.26,18.017,10.11,9.5,1.668,4.979,23.435,7.905,18.135,3.212,16.63,6.215,3.076,5.25,0.823,29.54,16.158,16.107,26.78,3.973,78.4,3.024
2018-04-30,15.57,15.5,10.065,20.96,17.974,3.157,4.45,6.66,26.38,17.624,10.133,9.61,1.668,4.977,23.57,7.967,18.13,3.244,16.74,6.22,3.072,5.268,0.818,29.65,16.2,16.223,26.92,3.985,78.35,3.016
2018-05-01,15.57,15.5,10.065,20.96,17.974,3.157,4.45,6.66,26.38,17.624,10.133,9.61,1.668,4.977,23.57,7.967,18.13,3.244,16.74,6.22,3.072,5.268,0.818,29.65,16.2,16.223,26.92,3.985,78.35,3.016
2018-05-02,16.115,15.93,10.19,21.3,17.95,3.168,4.489,6.785,27.16,18.06,10.412,9.778,1.653,4.995,24.16,8.058,18.97,3.228,16.825,6.22,3.058,5.34,0.837,30.85,16.322,16.325,26.78,3.979,78.7,3.082
2018-05-03,16.1,16.11,10.015,21.55,17.63,3.153,4.462,6.76,27.24,17.641,10.381,9.728,1.653,5.016,23.677,7.93,18.985,3.175,16.82,6.195,3.064,5.32,0.837,30.57,16.128,16.256,26.82,3.974,78.0,3.034
2018-05-04,16.135,16.22,10.225,21.91,17.73,3.151,4.512,6.8,27.62,18.212,10.544,9.714,1.676,5.04,24.131,7.955,19.23,3.204,16.78,6.195,3.072,5.386,0.855,30.65,16.35,16.409,26.9,3.999,78.65,3.053
2018-05-07,16.49,16.19,10.275,22.05,17.894,3.161,4.518,6.78,28.0,18.248,10.707,9.646,1.686,5.052,24.296,8.073,19.9,3.194,16.78,6.205,3.1,5.388,0.862,30.92,16.664,16.73,26.96,4.015,79.15,3.062
2018-05-08,16.13,16.2,9.97,22.3,17.326,3.144,4.368,6.65,27.56,18.142,10.583,9.652,1.656,4.989,24.721,8.06,19.59,3.066,16.54,6.21,3.058,5.254,0.842,30.6,16.236,16.525,26.7,3.931,78.3,2.974
2018-05-09,16.395,16.4,10.0,22.64,17.538,3.16,4.394,6.735,27.86,17.789,10.699,9.944,1.669,4.961,24.576,8.535,19.88,3.319,16.56,6.26,3.05,5.24,0.829,30.71,16.686,16.307,26.66,3.867,80.4,3.06
2018-05-10,16.27,16.35,9.87,22.6,17.86,3.131,4.321,6.68,28.62,17.814,10.73,9.612,1.6,4.869,25.108,8.334,19.94,3.332,16.405,6.25,2.982,5.074,0.797,30.38,16.408,15.939,26.36,3.825,81.55,2.934
2018-05-11,16.325,16.52,9.948,22.16,17.938,3.146,4.341,6.665,29.28,18.045,10.684,9.61,1.6,4.876,25.891,8.535,20.22,3.397,16.5,6.235,2.978,5.07,0.804,30.5,16.44,15.469,26.34,3.87,80.2,2.956
2018-05-14,16.245,16.63,10.03,22.23,17.79,3.15,4.38,6.535,28.56,18.022,10.668,9.43,1.608,4.913,25.32,8.552,20.38,3.445,16.56,6.315,3.014,5.108,0.803,30.84,16.676,14.934,26.04,3.9,81.3,2.998
2018-05-15,16.32,16.38,9.958,22.3,17.84,3.178,4.383,6.425,28.24,17.926,10.73,9.43,1.621,4.903,25.33,8.761,20.42,3.485,16.51,6.34,2.978,5.138,0.806,30.7,16.764,15.125,26.1,3.908,81.0,3.033
2018-05-16,16.62,15.95,9.56,22.3,16.998,3.1,4.24,6.16,27.76,17.812,10.428,9.238,1.572,4.776,24.634,9.832,20.16,3.382,16.18,6.305,2.838,4.947,0.773,30.11,16.538,14.971,25.38,3.77,81.2,2.87
2018-05-17,17.165,16.3,9.478,22.42,16.682,3.076,4.306,6.13,28.18,17.927,10.567,9.248,1.578,4.817,24.963,9.95,20.42,3.383,16.235,6.35,2.844,4.983,0.768,32.16,16.602,15.167,25.2,3.812,82.65,2.838
2018-05-18,17.095,15.78,9.184,22.02,16.22,3.0,4.203,6.11,28.1,17.605,10.009,9.056,1.543,4.77,24.634,9.632,20.03,3.158,16.12,6.345,2.79,4.898,0.742,31.92,16.552,15.097,24.8,3.776,81.4,2.657
2018-05-21,17.005,15.63,9.032,22.37,16.29,2.78,4.036,6.035,27.86,18.064,10.373,8.832,1.492,4.763,24.972,9.84,20.24,3.112,15.31,6.315,2.79,4.899,0.732,32.23,16.024,14.255,23.52,3.78,81.25,2.652
2018-05-22,17.015,15.47,9.184,22.19,16.686,2.799,4.019,6.085,28.06,18.364,10.645,8.936,1.513,4.815,24.557,10.091,20.17,3.162,15.26,6.32,2.866,4.882,0.738,32.07,16.102,14.594,23.58,3.804,81.9,2.678
2018-05-23,16.625,15.13,9.09,21.68,16.314,2.75,3.937,6.1,27.96,18.153,10.614,8.798,1.497,4.79,23.996,9.745,19.85,3.197,15.08,6.29,2.838,4.877,0.731,32.02,15.924,14.418,23.24,3.78,80.7,2.634
2018-05-24,16.26,15.41,8.876,21.68,16.018,2.724,3.894,6.1,27.82,17.819,10.699,8.82,1.505,4.733,24.238,9.446,20.2,3.158,14.905,6.385,2.84,4.859,0.731,32.09,15.778,14.531,23.44,3.728,82.05,2.601
2018-05-25,15.86,15.54,8.52,21.51,15.39,2.638,3.86,6.07,28.66,17.808,10.529,9.012,1.474,4.635,24.18,9.238,20.55,3.094,14.875,6.515,2.75,4.748,0.728,32.13,15.386,14.481,22.88,3.64,84.15,2.41
2018-05-28,15.695,15.69,8.002,20.92,14.8,2.553,3.843,5.975,27.7,17.43,9.947,8.79,1.446,4.57,23.658,8.798,20.45,2.913,14.645,6.495,2.708,4.712,0.714,31.7,15.074,14.324,21.34,3.61,83.0,2.251
2018-05-29,15.78,14.69,7.682,20.19,13.97,2.448,3.652,5.81,26.46,17.347,10.001,8.316,1.409,4.411,22.739,9.082,20.25,2.766,14.135,6.39,2.606,4.597,0.698,31.54,15.094,13.784,20.04,3.463,81.2,2.1
2018-05-30,15.865,15.19,8.224,20.48,14.17,2.521,3.737,5.98,26.72,18.041,10.273,8.558,1.435,4.59,22.729,9.192,20.44,2.777,14.22,6.39,2.63,4.752,0.702,31.72,15.49,13.848,20.84,3.575,84.6,2.168
2018-05-31,15.35,15.42,8.068,20.66,14.134,2.514,3.643,6.045,26.82,18.411,10.49,8.724,1.452,4.531,23.01,9.162,20.37,2.777,14.55,6.39,2.652,4.703,0.687,31.7,15.49,13.651,20.8,3.508,82.6,2.22
2018-06-01,15.54,15.43,8.278,21.5,14.69,2.598,3.774,6.115,27.38,17.578,10.536,8.984,1.444,4.595,24.025,9.682,20.35,2.996,14.71,6.375,2.636,4.734,0.7,31.82,15.732,14.334,21.8,3.545,85.5,2.407
2018-06-04,15.215,16.02,8.136,21.25,14.568,2.597,3.695,6.045,27.78,16.94,10.575,8.828,1.479,4.653,24.17,9.418,20.3,2.908,14.69,6.47,2.702,4.787,0.699,31.76,15.586,14.295,21.5,3.576,87.5,2.336
2018-06-05,15.215,16.34,7.928,21.14,14.05,2.497,3.617,5.85,27.72,16.986,10.482,8.8,1.45,4.563,24.102,9.423,21.18,2.809,14.37,6.585,2.72,4.699,0.687,32.92,15.452,13.71,20.9,3.524,88.25,2.28
2018-06-06,15.165,17.0,8.182,21.22,14.178,2.484,3.598,5.955,27.74,16.959,10.412,8.83,1.446,4.504,24.151,9.318,21.45,2.808,14.37,6.565,2.728,4.688,0.692,33.0,15.45,13.686,21.7,3.513,88.0,2.38
2018-06-07,15.605,17.36,7.998,21.09,13.946,2.455,3.614,5.985,27.8,17.491,10.412,8.828,1.436,4.506,23.735,9.79,21.26,2.862,14.405,6.445,2.648,4.681,0.681,32.95,15.63,13.705,22.22,3.502,88.4,2.399
2018-06-08,15.56,17.04,7.828,20.9,13.6,2.425,3.492,5.815,27.54,17.045,10.218,8.638,1.392,4.442,23.358,9.724,21.01,2.785,14.17,6.445,2.608,4.594,0.672,32.55,15.224,13.263,21.54,3.456,87.9,2.303
2018-06-11,15.665,17.05,8.21,21.42,14.442,2.586,3.637,6.025,28.46,17.191,10.521,8.968,1.436,4.615,23.919,9.853,21.37,2.906,14.585,6.605,2.702,4.76,0.687,32.77,15.63,13.558,22.38,3.578,88.95,2.444
2018-06-12,15.7,17.09,8.1,21.11,14.49,2.585,3.608,5.94,28.2,17.083,10.722,9.02,1.459,4.666,23.503,9.664,21.29,2.94,14.515,6.705,2.706,4.769,0.686,32.84,15.668,13.43,22.22,3.589,91.0,2.425
2018-06-13,15.51,17.0,8.25,20.81,14.696,2.598,3.62,5.935,28.08,16.937,10.629,8.854,1.471,4.633,23.493,9.478,22.22,2.988,14.56,6.85,2.708,4.781,0.676,32.92,15.512,13.381,22.24,3.558,92.4,2.446
2018-06-14,15.77,17.1,8.166,21.1,14.52,2.594,3.627,5.99,28.14,17.309,10.738,8.998,1.482,4.656,24.847,9.74,22.68,3.024,14.735,6.925,2.73,4.873,0.684,33.3,15.814,13.371,22.26,3.613,93.35,2.463
2018-06-15,15.04,17.22,8.066,21.26,14.308,2.547,3.557,5.91,27.92,16.982,10.598,8.94,1.477,4.583,24.334,9.333,22.46,2.945,14.595,7.025,2.702,4.872,0.675,32.85,15.45,13.258,22.34,3.604,93.0,2.415
2018-06-18,15.065,16.99,8.032,21.01,14.356,2.553,3.572,5.885,27.86,17.079,10.598,8.862,1.465,4.44,23.938,9.361,22.16,2.931,14.53,7.03,2.62,4.834,0.677,32.69,15.532,13.543,22.04,3.45,92.3,2.396
2018-06-19,14.91,16.95,8.136,20.86,14.466,2.566,3.594,5.95,27.52,16.834,10.482,8.918,1.5,4.519,23.619,9.315,21.22,3.03,14.585,6.95,2.662,4.831,0.681,33.56,15.54,13.509,22.08,3.522,90.95,2.53
2018-06-20,14.96,17.43,8.31,21.18,14.866,2.614,3.568,5.98,27.42,16.745,10.358,8.824,1.503,4.522,23.106,9.366,21.01,3.107,14.63,6.9,2.676,4.824,0.679,34.48,15.434,13.548,22.06,3.532,89.5,2.599
2018-06-21,14.96,17.64,8.226,20.61,14.384,2.562,3.484,5.855,27.18,16.046,9.924,8.65,1.47,4.44,22.198,9.192,20.47,3.016,14.435,6.83,2.632,4.713,0.666,34.16,15.162,13.293,21.56,3.44,89.15,2.553
2018-06-22,15.685,17.58,8.434,20.7,14.538,2.588,3.545,6.01,27.36,15.657,10.156,8.748,1.473,4.465,22.43,9.529,20.16,3.238,14.54,6.925,2.62,4.746,0.668,34.24,15.636,13.401,21.76,3.479,96.0,2.638
2018-06-25,15.015,17.48,8.142,20.23,14.258,2.504,3.327,5.82,27.2,15.175,10.079,8.528,1.445,4.451,20.187,9.167,19.19,3.171,14.29,6.91,2.636,4.682,0.658,33.22,15.282,13.067,21.64,3.469,95.05,2.543
2018-06-26,15.075,17.2,8.09,20.66,14.13,2.478,3.328,5.82,27.2,15.602,9.877,8.356,1.454,4.505,20.254,9.167,19.615,3.189,14.315,6.85,2.678,4.718,0.639,33.16,15.432,13.022,21.68,3.508,95.7,2.477
2018-06-27,15.845,17.15,7.966,20.91,13.876,2.44,3.32,5.755,26.4,15.771,9.482,8.406,1.467,4.621,20.641,9.657,19.835,3.143,14.29,6.985,2.66,4.772,0.646,33.58,15.858,13.145,20.98,3.553,97.3,2.432
2018-06-28,15.755,17.59,7.914,20.78,14.074,2.488,3.279,5.72,25.94,15.225,8.877,8.354,1.474,4.617,19.703,9.79,18.825,3.172,14.175,6.9,2.698,4.741,0.636,33.54,15.91,12.973,20.96,3.558,96.35,2.46
2018-06-29,15.715,17.76,7.962,20.99,14.296,2.487,3.309,5.805,26.64,15.502,9.055,8.466,1.485,4.632,20.622,9.9,19.135,3.186,14.37,7.045,2.67,4.757,0.637,34.06,15.906,13.022,21.34,3.576,97.7,2.512
2018-07-02,15.64,17.81,7.922,20.76,14.244,2.468,3.313,5.755,26.16,15.505,8.381,8.368,1.457,4.626,20.26,9.815,18.745,3.143,14.165,7.045,2.67,4.744,0.628,29.82,15.774,12.88,21.3,3.54,96.3,2.533
2018-07-03,15.89,17.98,8.018,20.81,14.67,2.519,3.382,5.895,26.22,15.502,8.707,8.592,1.492,4.672,21.04,9.863,18.975,3.174,14.305,7.165,2.72,4.821,0.649,28.63,16.156,13.057,21.84,3.597,97.5,2.579
2018-07-04,15.935,17.85,8.126,20.59,14.638,2.532,3.422,5.875,25.42,15.384,8.427,8.552,1.51,4.683,20.61,9.865,18.41,3.177,14.275,7.11,2.758,4.804,0.652,29.04,16.146,13.086,21.96,3.611,96.4,2.607
2018-07-05,15.93,17.69,8.232,20.6,14.684,2.565,3.397,5.91,25.86,16.276,8.59,8.626,1.525,4.675,20.52,9.825,18.96,3.165,14.6,7.17,2.782,4.854,0.654,29.4,16.216,13.096,22.3,3.597,95.55,2.66
2018-07-06,16.01,17.69,8.102,20.67,14.688,2.562,3.461,5.92,25.98,16.088,8.466,8.576,1.541,4.69,20.51,9.89,18.995,3.227,14.54,7.375,2.79,4.885,0.655,29.96,16.18,13.106,21.96,3.621,96.0,2.672
2018-07-09,16.42,17.48,8.154,20.82,14.828,2.566,3.424,5.985,26.32,16.208,8.451,8.606,1.523,4.696,21.25,10.277,19.14,3.238,14.545,7.27,2.77,4.853,0.653,30.25,16.316,13.366,22.24,3.629,95.8,2.703
2018-07-10,16.495,17.0,8.044,21.15,14.59,2.526,3.377,5.94,26.66,16.31,9.071,8.58,1.526,4.664,21.72,10.417,19.54,3.175,14.48,7.265,2.76,4.846,0.637,31.0,16.53,13.509,22.48,3.598,95.9,2.68
2018-07-11,15.935,16.99,7.908,20.7,14.32,2.475,3.344,5.72,26.28,15.813,8.645,8.614,1.517,4.658,21.46,10.432,19.09,3.122,14.365,7.36,2.72,4.811,0.632,31.01,16.252,13.096,22.06,3.572,96.15,2.634
2018-07-12,16.02,17.27,7.942,20.76,14.33,2.446,3.38,5.695,26.54,15.718,9.055,8.61,1.543,4.75,21.39,10.593,19.41,3.162,14.38,7.315,2.774,4.864,0.615,30.63,16.26,12.895,21.66,3.622,98.2,2.674
2018-07-13,16.095,17.35,8.048,20.73,14.282,2.461,3.405,5.81,26.82,15.792,9.086,9.0,1.533,4.733,21.72,10.465,19.455,3.144,14.445,7.255,2.756,4.872,0.607,30.6,16.28,12.831,21.58,3.6,97.65,2.668
2018-07-16,15.925,17.11,8.076,20.59,14.316,2.455,3.438,5.8,26.72,15.691,9.102,9.126,1.549,4.736,21.8,10.018,19.5,3.165,14.515,7.365,2.756,4.847,0.607,30.74,16.054,12.782,21.74,3.63,97.9,2.668
2018-07-17,15.86,17.3,8.15,20.49,14.386,2.48,3.465,5.86,27.06,15.786,9.156,9.308,1.57,4.77,21.8,10.061,19.665,3.187,14.66,7.4,2.8,4.88,0.608,30.05,16.138,12.919,21.78,3.64,96.5,2.682
2018-07-18,15.845,17.46,8.1,20.64,14.17,2.464,3.456,5.92,27.3,15.735,9.257,9.326,1.572,4.764,21.8,10.169,20.29,3.162,14.67,7.45,2.806,4.905,0.605,29.9,16.136,13.17,22.16,3.658,95.95,2.655
2018-07-19,15.855,17.26,8.13,19.915,13.944,2.424,3.429,5.91,27.06,15.948,9.257,9.254,1.582,4.771,21.67,10.214,20.21,3.131,14.61,7.535,2.78,4.903,0.606,30.03,16.08,13.15,22.14,3.658,96.75,2.617
2018-07-20,15.87,17.43,8.068,19.205,13.96,2.405,3.394,5.82,27.02,15.579,9.203,9.06,1.558,4.762,21.7,10.287,20.24,3.094,14.51,7.645,2.78,4.906,0.602,31.2,16.086,12.978,21.8,3.692,96.4,2.607
2018-07-23,15.74,17.42,8.178,19.155,14.016,2.401,3.38,5.755,26.64,15.346,9.249,9.198,1.543,4.705,21.93,10.206,19.795,3.073,14.545,7.58,2.758,4.727,0.607,31.03,16.13,12.988,21.76,3.669,94.5,2.593
2018-07-24,15.745,18.04,8.418,19.29,14.514,2.475,3.438,5.785,26.78,15.712,9.304,9.238,1.506,4.67,22.05,10.317,20.61,3.135,14.72,7.6,2.718,4.691,0.608,31.29,16.238,13.165,22.3,3.633,94.0,2.642
2018-07-25,15.48,18.5,8.514,18.98,14.522,2.447,3.417,5.795,26.48,13.277,9.319,9.18,1.525,4.673,22.04,10.538,18.79,3.132,14.74,7.64,2.702,4.663,0.617,31.48,16.228,12.949,21.9,3.656,94.35,2.622
2018-07-26,15.695,18.93,8.594,18.905,14.734,2.477,3.467,5.94,26.76,13.742,9.404,9.17,1.54,4.755,22.1,11.188,19.06,3.178,14.77,7.48,2.85,4.678,0.625,31.46,16.31,13.951,23.12,3.681,92.45,2.653
2018-07-27,15.57,18.4,8.752,19.35,14.918,2.51,3.525,5.975,27.16,13.704,9.846,9.21,1.546,4.814,22.28,11.221,19.185,3.223,14.84,7.4,2.804,4.716,0.656,31.11,16.2,13.833,22.8,3.71,93.0,2.662
2018-07-30,15.63,19.07,8.674,19.08,15.004,2.53,3.5,5.94,27.06,13.902,9.691,9.268,1.539,4.773,22.18,11.401,18.66,3.191,14.955,7.295,2.804,4.703,0.66,31.3,16.286,13.892,22.64,3.658,92.5,2.682
2018-07-31,15.63,19.16,8.884,18.85,15.164,2.634,3.558,6.145,26.94,13.854,10.009,10.25,1.571,4.79,21.95,11.223,18.625,3.236,15.2,7.21,2.836,4.77,0.659,31.98,16.464,14.113,23.08,3.675,91.8,2.72
2018-08-01,15.64,19.74,8.774,18.74,14.86,2.513,3.525,6.385,26.82,13.488,10.009,10.395,1.553,4.713,21.62,11.105,18.605,3.221,15.05,7.35,2.824,4.585,0.65,32.01,16.342,14.093,23.16,3.629,93.0,2.647
2018-08-02,14.655,19.13,8.684,18.0,14.226,2.416,3.379,6.21,26.34,13.476,9.963,10.375,1.54,4.679,21.54,10.518,18.755,3.106,14.815,7.355,2.8,4.495,0.638,31.69,16.204,13.681,22.26,3.616,85.05,2.524
2018-08-03,14.865,19.42,8.826,17.75,14.394,2.445,3.434,6.25,26.48,13.862,9.846,10.48,1.566,4.703,21.73,10.508,18.985,3.098,14.94,7.265,2.78,4.526,0.64,32.1,16.204,13.617,22.4,3.69,87.35,2.503
2018-08-06,14.875,19.25,8.68,17.76,14.378,2.44,3.406,6.185,27.6,13.843,9.963,10.63,1.555,4.674,21.73,10.821,19.03,3.1,14.885,7.415,2.8,4.527,0.635,32.25,16.292,13.862,22.52,3.718,87.5,2.355
2018-08-07,15.135,19.06,8.794,18.22,14.792,2.44,3.458,6.27,27.2,13.784,9.932,10.67,1.584,4.74,22.25,11.045,19.065,3.127,14.985,7.325,2.864,4.586,0.639,32.58,16.61,14.088,22.76,3.779,88.75,2.351
2018-08-08,15.08,18.84,8.788,18.08,14.74,2.411,3.427,6.2,27.18,13.871,10.218,10.535,1.609,4.763,22.31,10.96,19.185,2.942,15.02,7.34,2.862,4.584,0.63,32.6,16.5,14.093,22.74,3.786,87.85,2.375
2018-08-09,15.2,18.6,8.806,17.91,14.46,2.385,3.358,6.14,26.9,13.731,10.335,10.485,1.615,4.711,22.37,11.233,18.97,2.909,14.995,7.39,2.82,4.563,0.63,32.46,16.386,14.044,22.68,3.786,88.1,2.359
2018-08-10,15.08,18.76,8.716,17.67,13.776,2.298,3.35,6.05,26.7,13.48,10.304,10.175,1.587,4.63,21.96,11.133,18.01,2.869,14.685,7.255,2.794,4.469,0.616,31.72,15.956,13.71,22.38,3.731,87.85,2.312
2018-08-13,14.94,18.73,8.544,17.6,13.42,2.26,3.426,6.085,26.66,13.351,10.017,9.904,1.589,4.611,21.79,11.2,18.075,2.798,14.61,7.37,2.778,4.446,0.611,31.72,15.958,14.039,22.34,3.714,86.9,2.243
2018-08-14,14.865,19.3,8.32,17.31,13.146,2.24,3.564,6.065,26.66,13.334,10.032,10.075,1.597,4.645,21.5,11.632,17.905,2.771,14.55,7.43,2.782,4.478,0.609,32.0,16.114,14.167,22.1,3.712,88.15,2.185
2018-08-15,14.865,19.3,8.32,17.31,13.146,2.24,3.564,6.065,26.66,13.334,10.032,10.075,1.597,4.645,21.5,11.632,17.905,2.771,14.55,7.43,2.782,4.478,0.609,32.0,16.114,14.167,22.1,3.712,88.15,2.185
2018-08-16,14.575,19.38,8.496,17.835,13.002,2.2,3.692,6.03,26.66,13.028,9.497,9.922,1.592,4.645,20.91,11.441,17.335,2.768,14.6,7.545,2.754,4.431,0.608,31.68,15.912,14.059,22.32,3.728,86.55,2.099
2018-08-17,14.46,19.3,8.402,17.695,12.94,2.182,3.61,5.925,26.1,13.011,9.342,9.684,1.594,4.602,20.73,11.06,16.94,2.708,14.455,7.57,2.746,4.425,0.601,30.97,15.824,14.0,22.04,3.689,86.85,2.036
2018-08-20,14.555,19.2,8.428,17.64,12.908,2.169,3.543,6.02,26.4,13.429,9.497,9.764,1.564,4.617,20.91,10.761,16.945,2.708,14.485,7.785,2.738,4.41,0.601,30.53,16.012,14.167,22.3,3.693,93.2,2.035
2018-08-21,14.68,19.02,8.566,18.02,13.182,2.243,3.626,6.085,26.78,13.63,9.521,9.9,1.563,4.669,21.54,11.512,17.175,2.768,14.665,7.66,2.798,4.457,0.612,31.03,16.174,14.206,22.84,3.735,93.75,2.078
2018-08-22,14.65,19.1,8.394,17.9,13.276,2.211,3.658,6.065,26.32,13.467,9.691,9.844,1.565,4.636,21.26,11.665,17.01,2.767,14.815,7.625,2.804,4.438,0.61,30.91,16.32,14.196,23.44,3.719,91.5,2.062
2018-08-23,14.805,19.21,8.296,17.895,13.126,2.2,3.642,6.08,26.54,13.319,9.808,9.774,1.566,4.646,21.21,11.517,16.99,2.745,14.74,7.605,2.786,4.387,0.6,30.65,16.234,14.123,23.02,3.712,91.85,2.045
2018-08-24,15.015,19.05,8.304,18.28,13.196,2.204,3.669,6.09,26.22,13.752,9.808,9.96,1.545,4.601,21.23,11.605,17.425,2.739,14.775,7.635,2.776,4.405,0.599,30.72,16.4,14.128,22.92,3.64,91.6,2.062
2018-08-27,15.275,19.13,8.288,18.215,13.016,2.203,3.681,6.075,26.46,14.228,9.947,10.02,1.531,4.583,21.37,11.61,17.705,2.728,14.855,7.67,2.76,4.388,0.6,30.43,16.432,14.152,22.84,3.66,91.15,2.055
2018-08-28,15.025,18.92,8.238,17.85,12.676,2.179,3.647,6.0,25.94,14.213,10.172,9.896,1.485,4.557,21.59,11.296,17.665,2.684,14.765,7.54,2.708,4.356,0.594,30.03,16.316,13.892,22.24,3.634,91.7,2.009
2018-08-29,15.03,19.02,8.274,18.08,12.726,2.208,3.624,5.965,26.62,14.198,10.11,10.055,1.497,4.569,22.01,11.371,17.815,2.701,14.72,7.605,2.712,4.371,0.585,30.17,16.404,13.971,22.16,3.573,92.9,2.043
2018-08-30,14.19,18.99,8.154,17.675,12.598,2.156,3.594,5.86,27.3,14.088,10.056,9.8,1.467,4.532,22.01,11.467,17.69,2.599,14.515,7.615,2.7,4.309,0.568,30.2,16.2,13.695,21.42,3.543,93.8,2.001
2018-08-31,14.45,18.54,8.016,17.32,12.434,2.128,3.555,5.82,27.12,13.818,9.893,9.65,1.481,4.526,22.22,11.554,17.695,2.571,14.345,7.625,2.702,4.26,0.549,30.17,15.98,13.45,21.16,3.536,93.8,1.939
2018-09-03,14.415,19.21,8.238,17.34,12.492,2.171,3.592,5.89,26.98,13.909,10.653,9.678,1.497,4.579,22.11,11.522,17.715,2.584,14.585,7.67,2.722,4.243,0.555,30.33,16.084,13.283,21.48,3.569,92.45,1.958
2018-09-04,14.32,19.4,8.482,17.315,13.0,2.283,3.678,5.98,26.84,14.148,10.591,9.746,1.518,4.68,21.69,11.7,17.28,2.678,14.535,7.6,2.744,4.291,0.525,30.16,16.124,13.317,21.46,3.647,92.35,2.008
2018-09-05,13.895,18.81,8.758,17.625,13.23,2.332,3.764,6.14,26.76,13.829,10.963,9.86,1.506,4.691,21.71,11.655,16.48,2.793,14.79,7.48,2.748,4.29,0.517,30.49,15.96,13.548,21.78,3.636,89.4,2.152
2018-09-06,13.78,19.0,8.682,17.61,13.088,2.3,3.742,6.105,27.52,13.666,10.808,9.768,1.51,4.675,21.57,11.271,16.23,2.798,14.825,7.41,2.76,4.378,0.523,30.05,15.826,13.386,21.74,3.636,89.7,2.134
2018-09-07,13.555,19.13,8.684,17.495,12.942,2.263,3.741,6.005,27.6,13.676,10.908,9.732,1.51,4.68,21.12,11.205,16.195,2.777,14.8,7.46,2.78,4.402,0.529,30.39,15.726,13.219,21.34,3.664,87.9,2.135
2018-09-10,13.425,19.13,9.066,17.69,13.546,2.365,3.831,6.07,27.74,13.809,10.916,10.43,1.55,4.811,21.6,11.582,16.19,2.873,15.125,7.505,2.826,4.56,0.544,30.55,15.85,13.469,21.9,3.756,88.95,2.238
2018-09-11,13.51,19.77,9.018,17.585,13.378,2.328,3.778,6.085,27.96,13.716,10.885,10.24,1.569,4.8,21.75,11.502,15.905,2.858,15.035,7.525,2.85,4.586,0.546,30.06,15.88,13.533,22.1,3.772,88.4,2.204
2018-09-12,13.83,20.4,9.064,17.89,13.34,2.34,3.78,6.095,28.4,14.319,10.815,10.42,1.567,4.817,21.0,11.926,15.26,2.861,15.015,7.605,2.842,4.558,0.541,30.51,16.018,13.465,21.82,3.769,88.7,2.193
2018-09-13,13.815,20.48,9.004,17.7,13.416,2.329,3.773,6.045,28.48,14.173,10.877,10.285,1.558,4.739,20.8,11.328,15.605,2.852,15.05,7.255,2.838,4.526,0.533,30.6,15.988,13.381,21.64,3.709,89.5,2.214
2018-09-14,13.82,20.44,9.028,17.695,13.386,2.344,3.815,6.04,27.96,14.215,10.808,10.26,1.554,4.734,21.1,11.723,15.895,2.873,15.035,7.365,2.844,4.518,0.529,29.97,15.986,13.474,22.0,3.703,89.0,2.22
2018-09-17,13.9,20.24,9.182,17.815,13.736,2.398,3.882,6.11,28.26,14.272,10.815,10.175,1.578,4.74,21.11,12.049,15.55,2.908,15.125,7.35,2.852,4.559,0.55,29.75,16.132,13.651,22.38,3.714,90.7,2.3
2018-09-18,14.085,20.1,9.212,18.515,13.708,2.395,3.906,6.175,28.44,14.321,10.978,10.46,1.574,4.739,22.22,12.21,15.645,2.917,15.115,7.35,2.856,4.549,0.571,29.8,16.18,13.735,23.12,3.704,93.75,2.306
2018-09-19,14.095,19.75,9.308,18.92,13.904,2.428,3.903,6.19,28.68,14.581,11.04,10.555,1.553,4.686,21.63,12.348,15.685,2.961,15.14,7.245,2.81,4.514,0.568,29.67,16.228,13.764,23.32,3.662,95.85,2.307
2018-09-20,14.01,19.42,9.174,19.01,14.05,2.415,3.913,6.22,28.94,14.799,11.087,10.705,1.546,4.731,21.45,12.132,16.235,2.934,15.155,7.255,2.79,4.548,0.569,29.46,16.338,13.754,23.56,3.739,97.2,2.322
2018-09-21,13.91,19.46,9.172,18.975,14.082,2.448,3.97,6.38,28.98,14.758,11.66,10.645,1.543,4.786,21.52,12.024,16.255,2.877,15.325,7.245,2.756,4.633,0.569,29.35,16.31,13.617,23.66,3.801,92.25,2.319
2018-09-24,14.05,19.54,9.106,18.785,13.962,2.397,3.95,6.355,28.86,14.625,11.242,10.465,1.521,4.697,21.01,12.458,16.14,2.911,15.31,7.17,2.74,4.57,0.561,29.12,16.156,13.543,23.58,3.74,91.5,2.309
2018-09-25,14.825,19.8,9.276,18.765,14.328,2.47,3.993,6.375,28.84,14.659,11.296,10.715,1.546,4.705,20.72,13.123,16.445,2.946,15.5,7.29,2.74,4.599,0.558,29.36,16.548,13.602,24.34,3.757,93.1,2.348
2018-09-26,14.71,20.0,9.26,18.615,14.136,2.432,4.02,6.395,28.38,14.741,11.281,10.8,1.548,4.744,20.82,13.209,16.175,2.976,15.525,7.375,2.734,4.611,0.547,29.53,16.596,13.592,24.4,3.774,92.95,2.354
2018-09-27,14.64,19.71,9.168,18.545,13.9,2.404,4.051,6.27,28.64,14.674,11.087,10.765,1.536,4.745,20.75,13.234,15.895,2.945,15.435,7.42,2.718,4.58,0.545,29.73,16.532,13.371,24.0,3.78,91.0,2.344
2018-09-28,14.43,19.14,8.604,17.88,12.964,2.201,3.836,5.86,28.2,14.372,10.839,10.38,1.495,4.601,20.06,13.324,15.675,2.699,14.88,7.335,2.682,4.412,0.523,29.16,16.282,12.772,22.28,3.589,90.6,2.123
2018-10-01,14.82,19.52,8.342,18.53,12.66,2.115,3.827,5.89,28.72,14.703,11.071,10.44,1.482,4.615,19.99,13.55,16.025,2.593,14.815,7.485,2.676,4.382,0.495,29.42,16.32,12.615,22.02,3.613,91.3,2.001
2018-10-02,14.89,19.03,8.304,18.1,12.426,2.108,3.73,5.8,28.74,14.723,11.087,10.565,1.5,4.618,19.75,13.51,16.33,2.548,14.645,7.4,2.672,4.409,0.483,29.58,16.342,12.723,22.3,3.657,91.0,1.961
2018-10-03,15.1,18.99,8.38,18.48,12.516,2.119,3.773,5.86,28.96,14.621,10.947,10.86,1.54,4.679,20.22,13.756,16.395,2.515,14.715,7.4,2.702,4.521,0.485,30.66,16.376,13.091,22.74,3.726,90.6,2.003
2018-10-04,15.04,18.25,8.368,18.56,12.596,2.165,3.844,5.875,28.58,14.501,11.11,10.705,1.5,4.61,19.675,13.63,15.965,2.53,14.835,7.22,2.65,4.46,0.496,30.34,16.278,13.013,22.74,3.646,89.2,2.02
2018-10-05,14.695,17.76,8.228,18.3,12.412,2.099,3.823,5.695,27.48,14.391,10.722,10.365,1.511,4.59,19.24,13.033,15.18,2.484,14.78,7.04,2.602,4.423,0.496,29.86,16.268,12.89,21.98,3.634,86.8,1.979
2018-10-08,14.625,17.47,7.844,17.875,11.97,2.03,3.671,5.505,26.82,14.055,10.389,10.185,1.488,4.52,18.79,12.666,14.95,2.443,14.45,6.97,2.534,4.377,0.486,30.02,15.846,12.502,21.0,3.578,82.3,1.851
2018-10-09,15.115,16.95,7.91,18.025,12.114,2.075,3.642,5.55,26.5,14.203,10.296,10.205,1.52,4.606,18.585,13.088,14.995,2.394,14.425,6.99,2.56,4.409,0.497,30.22,16.262,12.374,20.8,3.658,81.5,1.872
2018-10-10,14.69,16.3,7.844,17.745,12.154,2.086,3.687,5.55,25.9,13.416,10.017,10.065,1.486,4.576,18.005,12.762,14.13,2.446,14.485,6.645,2.502,4.376,0.503,29.1,16.154,12.384,20.76,3.643,80.3,1.864
2018-10-11,14.07,16.44,7.744,17.39,11.938,2.034,3.553,5.39,25.18,13.325,9.839,9.798,1.441,4.48,17.59,12.348,14.41,2.4,14.28,6.505,2.502,4.346,0.502,28.93,15.71,11.927,20.14,3.561,79.7,1.84
2018-10-12,14.08,16.53,7.678,17.855,11.914,2.026,3.554,5.395,25.46,13.258,9.994,9.896,1.424,4.438,17.435,12.451,14.385,2.419,14.17,6.42,2.458,4.288,0.49,28.77,15.62,11.888,19.95,3.555,81.95,1.872
2018-10-15,14.14,15.83,7.688,17.575,11.918,2.042,3.558,5.425,24.56,13.292,9.932,9.814,1.449,4.434,17.47,12.707,14.41,2.435,14.14,6.35,2.406,4.309,0.5,28.99,15.762,11.78,20.12,3.587,79.5,1.88
2018-10-16,14.295,16.27,7.808,17.635,12.014,2.07,3.571,5.515,25.26,13.736,10.249,10.295,1.474,4.56,18.9,12.702,14.83,2.414,14.31,6.525,2.474,4.454,0.512,29.6,15.832,12.079,20.66,3.699,79.85,1.867
2018-10-17,14.205,16.31,7.718,17.35,12.052,2.046,3.529,5.43,25.6,13.161,10.311,10.28,1.445,4.512,18.38,12.333,14.95,2.418,14.235,6.63,2.418,4.414,0.511,29.17,15.584,11.858,20.24,3.643,81.6,1.856
2018-10-18,14.02,16.02,7.644,16.235,11.642,1.979,3.516,5.29,25.82,13.063,10.311,10.055,1.441,4.48,17.81,11.8,14.205,2.366,14.01,6.585,2.446,4.363,0.515,29.62,15.292,11.559,19.73,3.609,82.0,1.75
2018-10-19,14.005,16.67,7.878,15.94,11.53,1.984,3.556,5.26,25.64,12.757,10.28,9.932,1.457,4.568,17.185,12.034,13.95,2.375,14.05,6.65,2.456,4.43,0.499,30.16,15.39,11.387,19.0,3.651,82.4,1.723
2018-10-22,13.69,16.59,7.736,16.085,11.308,1.968,3.505,5.185,25.08,13.137,10.04,9.764,1.462,4.554,17.14,11.77,14.005,2.288,14.005,6.66,2.418,4.437,0.501,29.99,15.174,11.126,18.53,3.609,83.7,1.669
2018-10-23,13.15,15.77,7.754,15.855,11.276,1.968,3.486,5.15,24.24,13.304,9.676,9.83,1.456,4.588,16.58,11.188,13.53,2.238,13.825,6.43,2.416,4.411,0.503,29.7,14.95,11.072,17.86,3.603,79.75,1.638
2018-10-24,13.015,15.9,7.492,15.69,10.896,1.901,3.391,5.055,24.46,12.975,9.676,9.768,1.428,4.554,16.07,11.898,12.155,2.175,13.75,6.46,2.402,4.38,0.498,29.4,14.722,10.861,17.37,3.597,80.55,1.56
2018-10-25,12.97,15.82,7.78,15.925,11.14,1.953,3.459,5.09,24.86,13.416,9.924,9.976,1.419,4.587,16.7,11.923,12.08,2.225,14.045,6.705,2.49,4.437,0.49,29.79,14.974,10.91,17.43,3.64,80.85,1.587
2018-10-26,12.855,15.8,7.57,15.84,10.974,1.938,3.43,5.01,24.54,13.258,9.606,9.708,1.404,4.545,16.525,11.798,12.18,2.208,13.89,6.62,2.45,4.38,0.484,29.29,15.134,10.507,17.24,3.628,79.15,1.556
2018-10-29,12.895,16.27,7.786,16.275,11.448,1.997,3.551,5.13,25.42,13.486,9.777,9.528,1.444,4.576,16.915,11.923,12.865,2.305,14.19,6.62,2.442,4.4,0.505,30.3,15.362,10.694,17.41,3.663,81.0,1.634
2018-10-30,12.755,15.84,7.806,16.5,11.37,1.992,3.514,5.15,25.48,13.051,9.815,9.384,1.416,4.562,17.025,11.886,12.885,2.292,14.165,6.67,2.428,4.387,0.515,30.93,15.386,10.802,17.37,3.694,82.2,1.661
2018-10-31,13.135,15.66,7.752,16.975,11.316,1.953,3.558,5.125,25.5,12.765,9.994,9.59,1.424,4.565,17.16,12.137,13.4,2.273,14.28,6.795,2.44,4.334,0.519,29.92,15.706,10.694,17.03,3.654,83.8,1.661
2018-11-01,13.35,15.46,7.828,17.205,11.432,1.986,3.581,5.215,25.48,12.922,10.001,9.522,1.421,4.569,17.755,11.723,13.835,2.287,14.305,6.79,2.438,4.379,0.534,30.02,15.426,10.792,17.36,3.66,86.9,1.708
2018-11-02,13.43,15.51,7.932,17.21,11.8,2.007,3.643,5.3,25.46,13.452,10.28,9.626,1.426,4.599,18.405,11.554,13.81,2.379,14.385,6.75,2.46,4.407,0.541,30.09,15.36,10.812,18.11,3.674,86.55,1.77
2018-11-05,13.435,15.48,7.842,16.905,11.588,1.976,3.625,5.285,25.36,13.611,10.218,9.55,1.412,4.593,17.98,11.703,13.27,2.297,14.325,6.855,2.428,4.431,0.535,30.15,15.452,10.65,18.05,3.705,87.55,1.732
2018-11-06,13.42,15.45,7.812,16.595,11.658,2.001,3.628,5.295,25.32,13.581,10.304,9.646,1.425,4.637,17.915,11.459,13.44,2.28,14.28,7.105,2.482,4.418,0.531,29.95,15.338,10.665,18.15,3.727,86.85,1.748
2018-11-07,13.295,15.75,7.846,17.105,11.806,2.055,3.627,5.29,27.22,13.896,10.311,9.76,1.456,4.725,18.185,11.617,13.275,2.322,14.375,7.36,2.54,4.495,0.535,30.1,15.634,10.753,18.45,3.82,81.6,1.792
2018-11-08,13.25,15.88,7.868,17.045,11.356,2.029,3.633,5.29,27.5,13.945,10.575,9.716,1.442,4.746,18.19,11.725,13.115,2.339,14.385,7.335,2.478,4.47,0.542,29.83,15.574,10.94,18.63,3.839,82.5,1.845
2018-11-09,12.945,16.02,7.862,17.035,11.23,2.006,3.653,5.25,26.9,13.562,8.916,8.862,1.466,4.808,17.82,11.125,12.99,2.36,14.435,7.435,2.556,4.483,0.516,30.23,15.456,10.699,18.41,3.878,83.35,1.83
2018-11-12,12.84,15.6,7.868,16.46,11.024,1.96,3.77,5.2,26.2,13.429,8.459,9.014,1.459,4.86,17.415,11.138,12.155,2.364,14.29,7.465,2.544,4.46,0.53,29.85,15.488,10.478,18.34,3.878,82.2,1.814
2018-11-13,12.45,15.75,7.908,16.425,11.23,2.003,3.798,5.25,27.2,13.978,8.645,9.064,1.487,4.942,17.835,10.801,12.545,2.366,14.39,7.66,2.554,4.47,0.538,29.63,15.148,10.669,19.01,3.902,82.3,1.808
2018-11-14,12.33,15.45,7.842,16.875,11.058,1.979,3.773,5.195,27.0,13.837,8.389,8.9,1.495,4.906,17.49,10.661,12.435,2.295,14.34,7.475,2.508,4.494,0.521,28.92,14.926,10.699,18.4,3.861,81.6,1.769
2018-11-15,12.48,14.57,7.758,16.3,10.994,1.954,3.663,5.125,26.7,13.651,7.986,8.608,1.493,4.863,16.595,10.54,12.35,2.314,14.25,7.505,2.494,4.452,0.516,29.0,14.976,10.434,18.11,3.84,80.0,1.751
2018-11-16,12.36,14.48,7.78,16.12,10.894,1.919,3.657,5.13,26.88,13.63,8.427,8.462,1.511,4.959,16.14,10.417,12.16,2.272,14.445,7.69,2.486,4.5,0.526,29.14,14.9,10.38,17.94,3.891,81.2,1.746
2018-11-19,12.105,13.85,7.4,16.03,10.824,1.926,3.699,5.035,27.04,13.642,8.195,8.324,1.512,4.883,16.045,10.041,12.195,2.293,14.46,7.68,2.48,4.562,0.547,28.79,14.72,10.522,17.87,3.887,81.0,1.803
2018-11-20,11.765,13.8,7.226,16.0,10.52,1.879,3.6,4.81,25.92,13.287,7.846,8.228,1.515,4.866,15.695,9.315,11.98,2.266,14.16,7.47,2.474,4.598,0.535,28.38,14.452,10.168,17.78,3.862,77.25,1.705
2018-11-21,11.99,14.12,7.302,16.37,10.712,1.932,3.563,5.015,25.94,13.419,7.908,8.248,1.49,4.823,15.785,9.35,12.55,2.348,14.285,7.385,2.458,4.659,0.542,28.37,14.628,10.286,18.13,3.852,77.4,1.835
2018-11-22,11.82,13.99,7.288,16.045,10.64,1.932,3.489,5.005,25.6,13.262,7.962,8.258,1.475,4.795,15.675,9.037,12.36,2.362,14.225,7.35,2.444,4.657,0.532,27.93,14.316,10.35,18.18,3.847,77.85,1.89
2018-11-23,11.625,14.13,7.342,16.365,10.862,1.952,3.455,5.11,26.24,13.378,7.908,8.396,1.494,4.823,15.905,8.773,12.445,2.363,14.255,7.51,2.458,4.705,0.547,27.92,14.06,10.532,18.59,3.822,78.8,1.88
2018-11-26,11.955,14.4,7.668,17.055,11.464,2.04,3.581,5.35,26.52,14.044,8.187,8.564,1.531,4.924,15.805,9.652,12.795,2.49,14.615,7.45,2.49,4.755,0.572,27.99,14.296,10.989,19.08,3.882,80.05,1.981
2018-11-27,11.73,14.23,7.7,16.885,11.438,2.039,3.61,5.3,26.06,14.061,8.063,8.618,1.524,4.936,15.575,9.544,12.725,2.402,14.7,7.395,2.49,4.764,0.576,27.76,14.194,10.886,19.8,3.849,79.2,2.016
2018-11-28,10.9,13.95,7.734,16.8,11.654,2.054,3.612,5.295,25.78,13.854,8.141,8.536,1.481,4.906,15.39,9.539,12.685,2.424,14.72,7.35,2.466,4.78,0.57,27.76,14.154,10.841,19.57,3.799,77.8,2.105
2018-11-29,10.83,14.63,7.808,16.65,11.516,2.033,3.599,5.3,26.44,13.979,8.141,8.658,1.479,4.884,15.99,9.659,12.995,2.4,14.755,7.315,2.406,4.758,0.565,27.92,14.216,10.773,19.48,3.833,77.6,2.101
2018-11-30,10.625,14.78,7.806,16.675,11.386,2.048,3.663,5.285,26.22,13.829,8.063,8.706,1.486,4.938,16.17,9.699,12.95,2.436,14.89,7.38,2.426,4.79,0.575,28.41,14.246,10.665,19.49,3.871,75.1,2.068
2018-12-03,10.99,15.29,7.856,17.18,11.73,2.112,3.701,5.35,26.74,14.346,8.296,8.938,1.505,4.965,16.995,10.234,13.73,2.548,15.01,7.4,2.494,4.814,0.575,28.8,14.512,11.092,20.3,3.875,75.0,2.198
2018-12-04,10.845,15.0,7.714,16.805,11.494,2.064,3.632,5.26,27.16,14.063,8.086,8.756,1.495,4.966,16.295,10.031,13.29,2.505,14.845,7.465,2.504,4.798,0.569,28.77,14.414,10.827,19.96,3.894,75.4,2.207
2018-12-05,10.64,14.94,7.73,16.1,11.63,2.08,3.611,5.25,26.7,13.845,8.063,8.662,1.5,4.995,15.94,9.865,12.86,2.552,14.72,7.53,2.474,4.83,0.571,28.6,14.29,10.827,19.77,3.917,78.1,2.224
2018-12-06,10.29,15.09,7.498,15.86,10.982,1.973,3.48,5.055,25.46,13.139,7.885,8.284,1.483,4.905,15.245,9.235,12.09,2.471,14.285,7.47,2.416,4.747,0.554,28.0,13.834,10.439,18.76,3.852,73.15,2.112
2018-12-07,10.315,15.45,7.492,15.625,10.932,1.982,3.62,5.025,25.72,13.061,7.792,8.324,1.498,4.96,15.1,9.752,11.96,2.431,14.325,7.73,2.438,4.748,0.56,28.1,14.114,10.571,18.9,3.93,73.8,2.09
2018-12-10,10.0,15.12,7.32,15.1,10.646,1.94,3.507,4.966,24.94,12.651,7.792,8.054,1.499,4.933,14.97,9.31,11.625,2.39,14.175,7.53,2.414,4.742,0.548,27.94,13.94,10.306,18.42,3.912,73.3,2.068
2018-12-11,10.14,14.55,7.284,15.4,10.54,1.934,3.482,5.05,25.54,12.981,7.718,8.214,1.543,5.016,15.89,9.335,12.0,2.339,14.245,7.5,2.516,4.807,0.565,27.9,14.066,10.335,18.2,3.978,72.95,2.12
2018-12-12,10.255,14.49,7.524,15.46,10.802,2.013,3.533,5.14,26.0,13.235,7.807,8.256,1.582,5.058,16.685,9.355,12.235,2.367,14.355,7.565,2.566,4.931,0.57,28.43,14.236,10.674,18.93,4.025,74.0,2.141
2018-12-13,10.23,14.34,7.554,15.105,10.936,2.032,3.577,5.235,26.14,13.247,7.908,8.18,1.605,5.102,16.765,8.926,12.245,2.358,14.415,7.69,2.67,5.02,0.565,28.4,14.262,10.812,19.0,4.08,73.2,2.099
2018-12-14,10.0,14.51,7.622,15.11,10.806,2.014,3.55,5.12,25.58,13.144,7.629,8.168,1.619,5.152,16.6,8.811,12.24,2.321,14.385,7.685,2.704,5.018,0.562,28.6,14.148,10.758,19.13,4.046,71.75,2.061
2018-12-17,9.868,14.66,7.504,15.05,10.548,1.973,3.438,5.085,25.16,13.068,7.226,8.02,1.6,5.148,16.55,8.233,12.11,2.276,14.315,7.58,2.63,5.014,0.558,28.7,13.96,10.566,18.93,4.015,70.1,2.006
2018-12-18,9.644,14.71,7.57,15.09,10.468,1.985,3.419,5.15,25.14,13.057,7.195,8.142,1.589,5.106,16.825,8.256,12.115,2.265,14.345,7.445,2.668,5.012,0.549,29.0,13.814,9.908,18.57,4.0,70.55,1.99
2018-12-19,9.646,15.21,7.708,15.285,10.748,2.019,3.48,5.08,25.58,13.262,7.474,8.256,1.613,5.142,17.015,8.565,12.025,2.311,14.645,7.685,2.71,5.124,0.545,29.2,13.95,9.815,18.8,4.033,70.4,2.044
2018-12-20,9.23,14.53,7.54,15.005,10.21,1.945,3.453,4.846,25.26,12.865,7.365,7.998,1.625,5.11,16.81,8.173,11.67,2.267,14.535,7.64,2.7,5.148,0.52,29.65,13.826,9.437,18.45,3.993,70.95,1.991
2018-12-21,9.246,13.42,7.356,15.04,9.822,1.912,3.377,5.1,24.92,12.455,7.121,7.738,1.601,5.076,17.015,8.128,11.97,2.25,14.53,7.465,2.77,5.186,0.5,30.3,13.774,9.447,18.0,3.94,72.45,1.936
2018-12-24,9.246,13.42,7.356,15.04,9.822,1.912,3.377,5.1,24.92,12.455,7.121,7.738,1.601,5.076,17.015,8.128,11.97,2.25,14.53,7.465,2.77,5.186,0.5,30.3,13.774,9.447,18.0,3.94,72.45,1.936
2018-12-25,9.246,13.42,7.356,15.04,9.822,1.912,3.377,5.1,24.92,12.455,7.121,7.738,1.601,5.076,17.015,8.128,11.97,2.25,14.53,7.465,2.77,5.186,0.5,30.3,13.774,9.447,18.0,3.94,72.45,1.936
2018-12-26,9.246,13.42,7.356,15.04,9.822,1.912,3.377,5.1,24.92,12.455,7.121,7.738,1.601,5.076,17.015,8.128,11.97,2.25,14.53,7.465,2.77,5.186,0.5,30.3,13.774,9.447,18.0,3.94,72.45,1.936
2018-12-27,9.182,13.85,7.244,14.86,9.596,1.909,3.377,4.846,25.42,11.975,7.032,7.584,1.564,4.93,16.75,7.859,11.875,2.219,14.37,7.33,2.69,5.048,0.482,31.01,13.52,9.149,17.59,3.798,69.35,1.889
2018-12-28,9.44,14.05,7.376,15.025,9.894,1.94,3.518,5.09,26.0,12.036,7.148,7.678,1.572,4.953,16.87,8.196,12.23,2.277,14.6,7.385,2.662,5.044,0.483,30.29,13.748,9.367,18.13,3.819,70.7,1.968
2018-12-31,9.44,14.05,7.376,15.025,9.894,1.94,3.518,5.09,26.0,12.036,7.148,7.678,1.572,4.953,16.87,8.196,12.23,2.277,14.6,7.385,2.662,5.044,0.483,30.29,13.748,9.367,18.13,3.819,70.7,1.968
2019-01-02,9.518,13.91,7.304,15.185,9.772,1.906,3.46,5.045,26.34,11.926,7.253,7.682,1.604,5.068,17.45,8.233,12.135,2.231,14.505,7.37,2.718,5.084,0.49,30.02,13.78,9.369,18.39,3.94,71.2,1.987
2019-01-03,9.502,14.5,7.298,14.83,9.634,1.901,3.6,5.05,25.88,11.783,7.358,7.508,1.607,5.154,16.62,8.374,10.72,2.216,14.545,7.53,2.78,5.086,0.5,29.8,13.84,9.369,18.24,3.962,70.8,1.958
2019-01-04,9.86,14.4,7.732,15.255,10.208,1.999,3.685,5.12,27.0,12.444,7.633,7.816,1.63,5.208,17.12,8.916,10.915,2.291,14.73,7.82,2.83,5.156,0.506,30.12,14.34,9.817,19.1,4.036,74.75,2.046
2019-01-07,10.02,14.84,7.718,15.395,10.478,2.033,3.757,5.245,27.22,12.537,7.776,7.816,1.633,5.184,17.27,9.13,11.34,2.305,14.685,7.75,2.834,5.154,0.504,29.75,14.214,10.193,19.3,4.009,74.2,2.059
2019-01-08,10.075,15.65,7.694,15.69,10.306,2.01,3.747,5.3,27.5,12.685,7.641,7.926,1.635,5.176,17.73,9.175,11.39,2.254,14.675,7.695,2.834,5.176,0.506,29.6,14.126,10.173,19.14,4.038,73.9,2.02
2019-01-09,10.375,16.09,7.654,16.235,10.382,2.007,3.8,5.295,27.86,13.057,7.28,8.044,1.642,5.162,18.43,9.489,12.0,2.245,14.81,7.505,2.814,5.164,0.496,29.75,14.256,10.109,19.85,4.062,74.35,2.03
2019-01-10,10.4,15.7,7.658,16.15,10.508,2.021,3.861,5.3,27.66,13.159,7.365,7.958,1.586,5.278,18.54,9.393,12.155,2.251,14.79,7.575,2.8,5.25,0.5,29.92,14.242,9.972,20.1,4.112,75.55,2.034
2019-01-11,10.305,15.77,7.754,15.95,10.592,2.011,3.896,5.285,27.66,13.488,7.501,7.95,1.593,5.298,18.205,9.471,12.285,2.213,14.915,7.75,2.848,5.2,0.501,29.8,14.17,10.129,19.93,4.103,74.9,1.974
2019-01-14,10.29,15.91,7.67,15.93,10.39,1.982,3.929,5.225,27.2,13.418,7.497,7.762,1.579,5.31,18.09,9.31,12.15,2.128,14.95,7.705,2.844,5.21,0.502,29.63,14.12,10.119,19.92,4.134,74.5,1.926
2019-01-15,10.215,16.01,7.66,16.08,10.062,1.957,3.754,5.17,27.62,13.702,7.381,7.47,1.583,5.346,17.85,9.463,12.315,2.027,14.98,7.72,2.854,5.22,0.502,29.92,14.25,9.844,19.5,4.13,75.7,1.847
2019-01-16,10.255,15.91,7.836,16.51,10.648,2.03,3.838,5.29,27.58,13.864,7.532,7.622,1.579,5.31,18.225,9.689,12.55,2.072,15.23,7.615,2.88,5.218,0.516,30.68,14.28,10.006,20.1,4.119,77.5,1.901
2019-01-17,10.285,15.98,7.846,16.345,10.586,2.013,3.9,5.32,28.08,13.799,7.458,7.592,1.573,5.318,18.34,9.697,12.31,2.08,15.26,7.93,2.852,5.24,0.526,30.75,14.218,9.849,20.2,4.12,78.0,1.893
2019-01-18,10.655,16.15,7.878,16.51,10.668,2.039,3.935,5.385,28.3,13.998,7.451,7.894,1.589,5.336,18.615,10.081,12.86,2.068,15.37,7.985,2.846,5.308,0.488,30.91,14.608,9.938,20.48,4.136,80.35,1.857
2019-01-21,10.57,16.2,7.9,16.285,10.634,2.039,3.96,5.355,28.16,14.01,7.753,8.084,1.578,5.33,18.61,9.94,12.915,2.079,15.395,7.93,2.842,5.186,0.476,31.62,14.546,9.888,20.64,4.079,80.2,1.849
2019-01-22,10.405,16.13,7.874,16.21,10.406,2.026,3.966,5.32,28.14,13.78,7.792,7.986,1.57,5.318,18.455,9.79,12.475,2.067,15.315,7.835,2.84,5.174,0.446,31.2,14.476,9.705,20.36,4.063,80.05,1.799
2019-01-23,10.5,15.97,7.88,16.045,10.578,2.039,3.97,5.3,28.42,13.598,7.799,7.978,1.569,5.328,18.32,9.79,12.495,2.037,15.38,7.865,2.864,5.134,0.448,30.7,14.316,9.614,20.3,4.061,79.65,1.811
2019-01-24,10.67,15.85,7.894,15.8,10.66,2.028,4.036,5.35,28.32,13.809,7.699,8.18,1.564,5.324,18.4,9.712,13.765,2.043,15.35,7.815,2.876,5.18,0.453,30.17,14.416,10.345,20.62,4.075,80.15,1.781
2019-01-25,11.035,16.01,7.976,16.515,11.002,2.065,4.121,5.355,28.34,13.907,7.893,8.254,1.548,5.318,18.73,9.955,14.375,2.132,15.455,7.79,2.854,5.192,0.46,29.94,14.572,10.773,20.78,4.09,80.4,1.825
2019-01-28,10.74,15.75,7.876,16.765,10.722,2.046,4.121,5.315,28.46,13.754,7.877,8.298,1.558,5.336,18.685,9.996,14.055,2.106,15.435,7.82,2.864,5.164,0.459,29.97,14.432,10.891,20.54,4.103,79.75,1.802
2019-01-29,10.83,15.75,7.816,16.65,10.59,2.049,4.124,5.365,28.34,13.759,7.854,8.318,1.579,5.404,18.95,10.088,13.835,2.112,15.445,8.005,2.92,5.242,0.458,30.06,14.522,11.21,20.72,4.189,81.75,1.784
2019-01-30,10.88,15.74,7.832,16.715,10.508,2.061,4.094,5.365,28.16,13.941,8.009,8.35,1.583,5.386,18.625,10.176,13.895,2.13,15.455,7.905,2.922,5.234,0.463,30.43,14.644,11.043,20.68,4.195,81.3,1.778
2019-01-31,10.965,15.64,7.596,16.67,10.088,1.995,3.998,5.325,28.12,14.158,7.831,8.458,1.592,5.372,18.73,10.42,13.875,2.001,15.295,7.845,2.952,5.266,0.486,31.64,14.806,10.876,20.6,4.17,79.95,1.692
2019-02-01,10.95,15.68,7.38,16.55,9.812,1.963,3.995,5.26,27.98,14.302,7.706,8.548,1.553,5.238,18.97,10.282,13.91,2.007,15.18,7.835,2.962,5.17,0.484,31.38,14.772,10.92,20.02,4.079,82.1,1.634
2019-02-04,11.035,15.76,7.334,16.84,9.69,1.962,4.042,5.31,27.96,14.065,7.598,8.652,1.554,5.308,18.785,10.345,13.955,2.01,15.25,7.845,2.948,5.184,0.493,32.11,14.786,10.974,20.1,4.114,82.2,1.645
2019-02-05,11.17,16.47,7.582,16.885,9.9,1.993,4.066,5.315,28.0,14.405,7.637,8.742,1.565,5.362,18.97,10.405,13.81,2.014,15.32,7.86,2.95,5.174,0.502,33.15,14.94,10.979,20.14,4.16,84.05,1.704
2019-02-06,11.24,16.57,7.744,16.805,10.332,2.04,4.08,5.39,28.12,14.463,7.737,8.828,1.561,5.354,19.12,10.43,14.51,2.061,15.23,7.84,2.958,5.184,0.504,33.1,14.86,11.013,20.4,4.147,83.95,1.74
2019-02-07,10.96,15.89,7.718,16.35,10.134,1.984,3.98,5.33,27.9,12.698,7.458,8.528,1.546,5.228,18.015,9.795,13.845,2.04,15.05,7.87,2.932,5.132,0.488,32.28,14.534,10.807,20.06,4.074,85.1,1.755
2019-02-08,10.71,16.05,7.752,16.195,10.236,1.975,3.765,5.3,27.42,12.33,7.4,8.552,1.526,5.22,17.995,9.757,13.54,2.22,14.915,7.89,2.914,5.102,0.472,31.7,14.516,10.728,20.04,4.06,84.65,1.726
2019-02-11,10.935,16.4,7.888,16.535,10.428,2.0,3.817,5.5,27.88,12.283,7.412,8.666,1.543,5.292,18.225,9.955,13.925,2.312,14.99,7.99,2.946,5.14,0.48,32.04,14.65,11.156,20.42,4.117,85.0,1.848
2019-02-12,11.195,16.31,7.928,16.585,10.67,2.006,3.922,5.71,28.2,12.243,7.505,8.76,1.556,5.328,18.03,10.144,14.675,2.305,15.075,7.94,2.974,5.198,0.482,32.48,14.756,11.426,20.48,4.149,84.6,1.883
2019-02-13,11.515,16.28,8.07,16.76,10.9,2.013,3.946,5.8,26.98,12.434,7.509,8.846,1.571,5.358,18.67,10.101,14.62,2.289,15.19,8.025,2.972,5.216,0.489,33.44,14.856,11.902,21.32,4.159,85.0,1.876
2019-02-14,11.53,16.24,8.02,16.6,10.66,1.984,3.841,5.695,28.58,12.262,7.699,8.774,1.577,5.368,18.68,10.242,14.585,2.28,15.015,8.12,2.98,5.212,0.483,33.52,14.78,11.622,21.02,4.166,84.8,1.823
2019-02-15,11.8,16.34,8.306,16.81,11.224,2.047,3.972,5.8,28.7,12.362,7.846,8.904,1.581,5.352,18.84,10.643,14.72,2.385,15.23,8.195,2.968,5.236,0.514,33.83,15.12,11.853,22.0,4.185,85.2,1.95
2019-02-18,11.87,16.2,8.326,16.895,11.578,2.065,3.962,5.885,29.12,12.341,7.931,8.932,1.589,5.326,18.9,10.796,14.615,2.376,15.305,8.26,2.956,5.244,0.53,33.96,15.176,12.025,22.04,4.18,85.45,1.978
2019-02-19,11.945,15.59,8.288,16.89,11.416,2.056,4.001,5.88,28.68,12.347,7.854,8.8,1.577,5.318,18.735,10.696,14.465,2.375,15.165,8.25,2.918,5.226,0.536,33.35,15.198,12.006,21.44,4.198,84.4,1.966
2019-02-20,12.0,15.72,8.318,17.115,11.43,2.056,3.986,5.945,28.54,12.586,7.885,8.918,1.586,5.324,18.88,10.618,14.69,2.356,15.225,8.28,2.932,5.232,0.538,33.53,15.252,12.035,21.4,4.17,84.6,1.941
2019-02-21,12.2,16.06,8.234,16.985,11.114,2.04,3.98,6.025,28.64,12.442,7.854,8.65,1.596,5.382,17.09,10.656,14.66,2.318,15.22,8.32,2.962,5.246,0.529,33.06,15.27,12.119,21.3,4.196,85.3,1.896
2019-02-22,12.045,16.03,8.256,17.105,11.14,2.042,4.002,5.95,28.42,12.461,7.823,8.758,1.586,5.438,17.595,10.683,14.835,2.345,15.29,8.28,3.002,5.278,0.538,32.83,15.288,12.138,21.36,4.214,85.1,1.877
2019-02-25,12.025,16.4,8.36,16.97,11.466,2.085,4.026,5.96,28.8,12.527,7.885,8.87,1.588,5.47,18.015,10.744,15.26,2.368,15.45,8.28,2.96,5.266,0.536,32.8,15.212,12.246,21.62,4.25,84.6,1.942
2019-02-26,11.9,16.29,8.49,16.955,11.468,2.076,4.012,5.95,28.74,12.442,9.141,8.928,1.577,5.458,17.87,10.844,15.03,2.384,15.52,8.35,2.912,5.312,0.529,33.08,15.21,12.089,21.64,4.292,86.15,2.011
2019-02-27,11.895,16.21,8.58,17.035,11.714,2.132,4.026,5.97,28.38,12.355,9.769,8.94,1.56,5.41,18.085,10.937,14.705,2.448,15.53,8.225,2.92,5.3,0.531,32.92,15.222,12.148,21.84,4.297,85.75,2.103
2019-02-28,11.73,16.36,8.822,17.2,11.966,2.169,4.007,6.13,28.5,12.32,9.745,8.866,1.558,5.468,17.95,11.459,14.385,2.515,15.695,8.385,2.93,5.32,0.536,33.07,15.166,12.629,21.96,4.345,86.25,2.132
2019-03-01,11.67,16.6,8.644,17.41,11.984,2.158,4.034,6.08,28.5,12.271,9.606,8.812,1.564,5.45,17.995,11.236,14.69,2.503,15.79,8.41,2.926,5.314,0.532,33.31,15.038,12.458,22.06,4.332,87.6,2.091
2019-03-04,11.745,17.33,8.722,17.455,11.87,2.165,4.052,6.155,28.34,12.176,9.567,8.7,1.574,5.37,17.9,11.517,14.855,2.496,15.885,8.465,2.946,5.304,0.534,33.85,15.11,12.674,22.08,4.296,87.25,2.08
2019-03-05,11.71,16.84,8.736,17.445,11.824,2.161,4.088,6.14,28.6,12.277,9.521,8.776,1.564,5.35,17.95,11.672,14.78,2.488,15.875,7.91,2.97,5.328,0.55,34.0,15.184,12.998,22.2,4.289,86.9,2.049
2019-03-06,11.86,16.24,8.9,17.325,11.84,2.182,4.097,6.24,28.32,12.725,9.676,8.78,1.57,5.39,17.395,11.888,14.245,2.509,15.985,7.895,2.966,5.398,0.565,33.85,15.28,12.983,22.24,4.314,86.85,2.105
2019-03-07,11.57,16.1,8.752,17.025,11.482,2.134,4.054,6.1,27.92,12.434,9.466,8.63,1.605,5.486,17.275,11.848,13.945,2.435,15.795,7.92,2.988,5.502,0.561,33.93,15.28,13.15,21.8,4.39,86.85,2.021
2019-03-08,11.395,16.21,8.662,16.77,11.192,2.119,4.051,6.17,27.4,12.108,9.164,8.482,1.609,5.482,16.9,11.612,13.93,2.379,15.725,8.0,2.998,5.484,0.557,33.77,14.968,13.573,22.04,4.4,86.75,1.964
2019-03-11,11.78,16.28,8.786,16.895,11.478,2.138,4.127,6.245,27.58,12.184,9.071,8.636,1.61,5.436,16.93,11.873,14.165,2.41,15.8,8.02,2.968,5.46,0.553,33.73,15.122,13.573,22.0,4.372,86.75,1.976
2019-03-12,11.955,16.4,8.756,17.185,11.424,2.136,4.148,6.25,28.32,12.169,8.908,8.72,1.6,5.46,16.815,11.971,14.1,2.395,15.765,8.165,2.966,5.498,0.52,34.37,15.164,13.671,21.96,4.352,87.8,1.937
2019-03-13,12.31,16.65,8.88,17.48,11.58,2.155,4.148,6.27,27.9,12.064,8.908,8.634,1.605,5.432,16.24,12.257,13.96,2.409,15.81,8.155,2.932,5.486,0.523,34.52,15.544,14.123,22.04,4.343,86.65,1.919
2019-03-14,12.375,17.3,8.918,17.44,11.728,2.17,4.173,6.33,28.36,11.977,8.924,9.776,1.589,5.502,16.365,12.315,13.97,2.458,16.005,8.3,2.916,5.488,0.532,34.94,15.538,14.211,22.16,4.38,85.8,2.003
2019-03-15,12.315,17.6,8.988,17.635,11.748,2.199,4.283,6.27,28.56,11.99,8.815,9.948,1.591,5.512,16.5,12.109,14.62,2.443,16.34,8.435,2.892,5.47,0.539,36.03,15.588,14.314,22.04,4.4,85.4,1.966
2019-03-18,12.34,17.6,9.18,17.68,12.074,2.233,4.337,6.285,28.34,12.095,9.11,10.22,1.595,5.516,16.45,12.215,14.255,2.507,16.48,8.405,3.028,5.498,0.55,36.17,15.744,14.624,22.32,4.456,86.65,2.059
2019-03-19,12.485,17.6,9.124,17.71,12.224,2.236,4.363,6.32,28.72,12.7,9.032,10.4,1.605,5.546,16.695,12.335,14.405,2.526,16.46,8.445,3.074,5.52,0.536,36.67,15.89,14.845,22.3,4.503,87.85,2.042
2019-03-20,12.31,17.77,8.952,18.03,12.13,2.23,4.352,6.33,28.4,12.381,8.947,10.39,1.61,5.528,17.41,12.393,14.22,2.527,16.42,8.47,3.076,5.544,0.523,36.75,15.776,14.589,22.18,4.532,88.1,1.987
2019-03-21,12.55,17.64,9.018,18.07,11.92,2.215,4.336,6.34,29.18,12.432,8.924,10.38,1.612,5.55,17.195,12.21,14.845,2.504,16.475,8.61,3.104,5.58,0.53,36.56,15.83,14.452,22.02,4.581,88.65,1.972
2019-03-22,12.89,17.6,8.946,17.65,11.38,2.157,4.314,6.285,28.7,12.125,8.815,10.135,1.608,5.544,16.7,11.597,14.515,2.47,16.35,8.47,3.136,5.634,0.526,35.64,15.7,14.309,21.94,4.595,88.9,1.886
2019-03-25,12.76,17.4,8.862,17.525,11.396,2.149,4.319,6.295,28.4,12.37,8.474,10.095,1.613,5.608,16.815,11.537,13.955,2.46,16.34,8.74,3.14,5.62,0.527,35.75,15.624,14.427,21.88,4.59,88.55,1.86
2019-03-26,12.59,17.43,8.93,17.435,11.238,2.144,4.353,6.295,28.62,12.423,8.435,10.235,1.632,5.66,17.005,11.75,14.135,2.439,16.33,8.865,3.198,5.702,0.532,35.89,15.616,14.54,21.88,4.61,89.35,1.836
2019-03-27,12.375,17.08,9.114,17.565,11.546,2.16,4.363,6.36,28.28,12.748,8.637,10.105,1.631,5.612,16.855,11.733,13.21,2.477,16.42,8.755,3.222,5.714,0.536,35.56,15.59,14.653,21.9,4.577,88.6,1.885
2019-03-28,12.29,17.12,9.214,17.75,11.328,2.164,4.381,6.275,28.28,12.489,8.552,10.255,1.625,5.612,16.54,11.655,12.745,2.467,16.385,8.8,3.216,5.686,0.541,34.33,15.48,14.683,21.88,4.6,89.75,1.841
2019-03-29,12.515,17.35,9.262,18.235,11.428,2.171,4.44,6.315,29.08,12.596,8.497,10.36,1.627,5.648,16.865,11.836,13.18,2.465,16.5,8.75,3.224,5.704,0.554,34.71,15.754,14.884,22.18,4.579,89.7,1.842
2019-04-01,12.85,17.64,9.352,18.79,11.922,2.205,4.468,6.39,29.6,12.897,8.637,10.415,1.625,5.584,16.7,12.112,13.71,2.498,16.675,8.69,3.24,5.658,0.545,34.95,15.83,14.997,22.4,4.562,90.55,1.896
2019-04-02,12.72,17.81,9.218,18.98,11.866,2.198,4.413,6.345,30.1,13.025,8.474,10.37,1.648,5.6,16.785,12.197,14.085,2.479,16.635,8.69,3.292,5.661,0.535,35.59,15.79,15.056,22.64,4.607,91.6,1.901
2019-04-03,12.685,17.67,9.24,19.2,12.19,2.217,4.586,6.545,30.92,13.051,8.521,10.465,1.605,5.616,17.155,12.252,14.9,2.498,16.715,8.645,3.256,5.708,0.54,35.84,15.904,15.469,23.06,4.627,92.75,1.941
2019-04-04,12.45,17.43,9.294,19.075,12.11,2.234,4.582,6.525,30.96,13.03,8.459,10.505,1.57,5.598,16.97,12.137,15.145,2.504,16.705,8.67,3.232,5.695,0.539,35.48,15.756,15.395,23.3,4.573,92.0,1.951
2019-04-05,12.825,17.32,9.356,19.02,12.026,2.234,4.625,6.52,31.2,13.032,8.575,10.545,1.543,5.58,16.885,12.486,15.585,2.506,16.63,8.675,3.25,5.694,0.537,36.09,15.848,15.557,23.46,4.566,92.0,1.951
2019-04-08,12.905,17.4,9.274,19.03,11.914,2.233,4.608,6.515,31.4,13.279,8.559,10.5,1.528,5.59,17.14,12.631,15.66,2.528,16.695,8.74,3.232,5.676,0.534,36.14,15.814,15.67,23.54,4.63,91.65,1.945
2019-04-09,12.56,17.73,9.274,18.9,11.946,2.237,4.523,6.505,31.46,13.131,8.358,10.275,1.512,5.596,16.32,12.139,15.525,2.53,16.635,8.575,3.224,5.66,0.535,35.82,15.888,15.67,23.66,4.58,91.5,1.964
2019-04-10,12.515,17.65,9.304,18.89,11.836,2.221,4.457,6.5,31.62,13.188,8.296,10.22,1.514,5.628,16.295,12.099,15.61,2.548,16.67,8.725,3.256,5.676,0.532,36.06,15.94,15.641,23.52,4.611,91.0,1.967
2019-04-11,12.425,17.82,9.438,18.93,11.9,2.234,4.462,6.545,31.86,13.19,8.288,10.23,1.503,5.564,14.96,11.773,15.695,2.569,16.71,8.785,3.232,5.643,0.522,36.16,15.924,15.754,23.6,4.583,91.0,1.965
2019-04-12,12.51,17.58,9.514,19.13,12.4,2.283,4.502,6.64,32.06,13.478,8.35,10.49,1.494,5.516,15.31,11.783,16.035,2.618,16.815,8.77,3.18,5.61,0.515,36.29,15.816,15.768,23.9,4.537,90.9,2.05
2019-04-15,12.575,17.77,9.57,19.12,12.482,2.301,4.502,6.73,32.6,13.575,8.327,10.685,1.515,5.514,15.425,11.65,15.85,2.687,16.905,8.795,3.202,5.581,0.522,36.67,15.67,16.201,24.08,4.557,91.45,2.084
2019-04-16,13.0,17.79,9.61,19.36,12.882,2.322,4.51,6.765,32.64,13.714,8.311,10.69,1.507,5.418,15.41,11.534,16.22,2.732,17.0,8.7,3.184,5.477,0.525,36.1,15.426,16.643,24.22,4.493,91.0,2.1
2019-04-17,13.165,17.14,9.582,19.35,12.98,2.342,4.56,6.725,32.8,13.957,8.195,10.685,1.482,5.344,16.04,11.773,16.48,2.804,17.2,8.62,3.144,5.521,0.521,35.5,15.43,16.672,24.22,4.451,87.65,2.125
2019-04-18,13.04,16.77,9.5,19.85,12.76,2.332,4.59,6.715,32.54,13.909,8.218,10.615,1.485,5.344,16.33,11.715,16.6,2.831,17.045,8.63,3.164,5.525,0.513,35.48,15.432,16.702,24.3,4.448,86.85,2.132
2019-04-19,13.04,16.77,9.5,19.85,12.76,2.332,4.59,6.715,32.54,13.909,8.218,10.615,1.485,5.344,16.33,11.715,16.6,2.831,17.045,8.63,3.164,5.525,0.513,35.48,15.432,16.702,24.3,4.448,86.85,2.132
2019-04-22,13.04,16.77,9.5,19.85,12.76,2.332,4.59,6.715,32.54,13.909,8.218,10.615,1.485,5.344,16.33,11.715,16.6,2.831,17.045,8.63,3.164,5.525,0.513,35.48,15.432,16.702,24.3,4.448,86.85,2.132
2019-04-23,13.495,16.76,9.388,19.405,12.34,2.321,4.589,6.52,32.84,13.288,8.288,10.63,1.485,5.382,16.315,12.056,16.03,2.804,17.045,8.8,3.198,5.519,0.499,35.93,15.798,16.898,24.5,4.498,87.8,2.094
2019-04-24,13.205,16.8,9.36,19.63,12.11,2.275,4.522,6.39,32.72,13.139,8.156,10.55,1.483,5.364,16.585,11.898,16.84,2.779,17.01,8.815,3.168,5.504,0.491,35.51,15.55,16.967,24.52,4.45,85.75,2.054
2019-04-25,12.925,16.72,9.352,19.445,12.056,2.277,4.545,6.45,33.26,13.032,8.117,10.515,1.477,5.41,16.6,11.815,16.57,2.825,17.06,8.935,3.186,5.538,0.488,35.54,15.506,17.306,25.22,4.503,85.15,2.044
2019-04-26,12.51,17.12,9.414,19.415,12.072,2.285,4.505,6.455,33.26,13.152,8.017,10.48,1.485,5.4,16.54,11.391,16.235,2.848,17.24,8.885,3.184,5.585,0.499,36.21,15.342,17.321,24.96,4.527,85.7,2.056
2019-04-29,12.415,17.25,9.586,19.635,12.362,2.332,4.525,6.575,33.12,13.12,8.319,10.415,1.472,5.35,16.77,11.547,16.165,2.856,17.195,8.86,3.16,5.553,0.501,35.97,15.098,17.66,25.16,4.505,87.1,2.13
2019-04-30,12.38,17.13,9.45,19.83,12.33,2.337,4.536,6.545,33.48,13.034,8.451,10.295,1.49,5.338,17.19,11.339,16.38,2.9,17.3,8.985,3.174,5.639,0.499,35.99,15.218,17.684,25.16,4.537,87.1,2.12
2019-05-01,12.38,17.13,9.45,19.83,12.33,2.337,4.536,6.545,33.48,13.034,8.451,10.295,1.49,5.338,17.19,11.339,16.38,2.9,17.3,8.985,3.174,5.639,0.499,35.99,15.218,17.684,25.16,4.537,87.1,2.12
2019-05-02,12.025,16.77,9.504,20.08,12.378,2.327,4.555,6.5,33.3,12.86,8.195,10.18,1.466,5.33,17.0,10.869,16.385,2.853,17.295,8.81,3.192,5.577,0.496,36.17,15.034,17.635,25.34,4.445,87.1,2.112
2019-05-03,12.18,17.05,9.45,19.915,12.226,2.322,4.519,6.515,33.02,13.452,8.567,10.08,1.464,5.35,17.18,10.977,16.4,2.844,17.31,8.87,3.176,5.595,0.5,36.19,15.088,17.453,25.38,4.48,88.65,2.115
2019-05-06,12.01,16.79,9.304,19.45,11.826,2.289,4.436,6.3,31.9,13.152,8.241,9.888,1.459,5.372,16.885,10.837,15.61,2.809,17.155,8.855,3.134,5.561,0.493,35.45,14.872,17.306,24.64,4.482,87.4,2.059
2019-05-07,11.805,18.46,9.206,18.925,11.448,2.242,4.295,6.315,32.1,12.975,7.939,9.774,1.46,5.422,16.98,10.392,15.315,2.785,17.09,9.05,3.162,5.602,0.484,35.66,14.49,17.375,24.5,4.499,89.5,1.972
2019-05-08,12.015,18.63,9.24,18.81,11.434,2.216,4.284,6.335,32.5,12.901,7.869,9.756,1.442,5.376,17.15,10.533,15.56,2.77,17.07,9.2,3.134,5.576,0.475,36.47,14.48,17.63,24.68,4.471,89.9,1.978
2019-05-09,11.77,19.08,8.992,18.83,11.126,2.164,4.189,6.18,31.66,12.417,7.687,10.02,1.434,5.406,16.375,10.141,14.775,2.71,16.855,9.125,3.138,5.519,0.466,35.37,14.324,16.584,24.14,4.462,90.0,1.816
2019-05-10,11.68,18.26,9.108,19.25,11.208,2.159,4.35,6.18,30.52,12.292,7.675,10.05,1.447,5.534,16.5,10.058,14.915,2.68,16.915,9.22,3.212,5.551,0.467,35.17,14.266,16.859,24.34,4.532,91.1,1.779
2019-05-13,11.62,18.23,8.898,18.55,10.894,2.118,4.309,6.115,28.14,12.06,7.52,9.58,1.465,5.534,16.02,10.204,14.155,2.64,16.815,9.16,3.216,5.507,0.458,33.87,14.422,16.26,24.34,4.53,91.5,1.713
2019-05-14,11.93,18.99,8.952,18.94,10.71,2.15,4.502,6.2,28.22,12.246,7.602,9.676,1.467,5.55,17.17,10.518,15.1,2.664,17.06,9.09,3.268,5.575,0.454,34.51,14.604,16.908,24.52,4.547,94.15,1.7
2019-05-15,12.02,18.8,8.7,18.865,10.638,2.132,4.414,6.12,28.06,12.431,7.439,9.856,1.51,5.552,17.1,10.407,15.6,2.617,16.99,9.065,3.278,5.574,0.446,35.33,14.518,16.908,24.46,4.506,95.55,1.711
2019-05-16,12.46,19.69,8.924,19.225,10.82,2.184,4.526,6.205,27.92,12.569,7.687,10.03,1.546,5.59,17.3,10.719,15.755,2.676,17.13,9.085,3.282,5.59,0.462,36.58,14.75,17.09,24.6,4.61,97.45,1.784
2019-05-17,12.525,19.38,8.868,19.33,10.602,2.171,4.467,6.2,27.9,12.687,7.544,10.025,1.55,5.63,17.29,10.455,15.575,2.68,17.005,9.165,3.286,5.629,0.463,36.54,14.84,16.898,24.54,4.6,97.4,1.727
2019-05-20,12.255,19.45,8.846,18.805,10.374,1.978,4.267,6.18,26.84,11.352,7.482,9.942,1.488,5.65,16.545,10.334,14.15,2.519,16.3,9.125,3.302,5.69,0.458,36.55,14.416,15.86,23.6,4.579,97.0,1.707
2019-05-21,12.44,19.76,8.9,19.135,10.342,1.977,4.276,6.15,27.4,11.271,7.501,10.1,1.505,5.718,16.525,10.51,14.78,2.452,16.33,9.195,3.304,5.771,0.468,37.08,14.54,15.4,23.78,4.665,96.45,1.7
2019-05-22,12.05,20.52,8.702,19.1,10.238,1.942,4.33,6.145,27.78,11.178,7.42,10.19,1.504,5.72,16.235,10.435,14.55,2.4,16.295,9.155,3.276,5.762,0.456,36.68,14.418,15.395,23.78,4.663,97.5,1.686
2019-05-23,11.54,20.42,8.6,18.4,10.126,1.903,4.159,6.06,27.44,10.842,7.261,10.05,1.462,5.656,15.655,9.895,13.725,2.368,15.955,9.09,3.25,5.68,0.442,36.18,13.92,14.87,23.04,4.61,96.85,1.65
2019-05-24,11.4,19.82,8.63,18.315,10.36,1.919,4.332,6.075,27.48,10.872,7.303,10.09,1.504,5.78,15.56,9.898,13.66,2.393,16.275,9.085,3.302,5.789,0.438,36.69,14.054,15.095,22.94,4.702,96.1,1.673
2019-05-27,11.2,19.84,8.55,18.22,10.124,1.908,4.229,6.08,27.38,11.74,7.9,9.876,1.483,5.75,15.36,9.84,13.7,2.329,16.09,9.085,3.274,5.771,0.436,36.35,14.07,14.84,23.0,4.635,95.85,1.633
2019-05-28,11.19,19.88,8.492,18.07,9.978,1.887,4.16,6.03,27.52,11.635,7.61,9.658,1.47,5.73,15.565,9.87,13.545,2.331,15.975,9.03,3.266,5.771,0.445,36.62,14.026,14.88,22.84,4.626,94.35,1.627
2019-05-29,11.02,19.47,8.382,17.55,10.2,1.866,4.078,6.0,26.78,11.493,7.323,9.426,1.454,5.534,15.35,9.86,13.51,2.318,15.805,8.91,3.252,5.639,0.442,36.85,13.734,14.68,22.3,4.559,93.45,1.641
2019-05-30,10.985,19.59,8.37,18.06,10.168,1.865,4.125,6.03,26.2,11.398,7.199,9.786,1.442,5.456,15.45,9.88,13.585,2.302,15.895,8.8,3.222,5.557,0.44,36.96,13.692,14.825,22.48,4.506,93.95,1.66
2019-05-31,10.55,19.86,8.272,17.535,10.188,1.834,4.131,5.97,26.16,10.855,7.14,9.942,1.459,5.466,14.93,9.622,13.695,2.291,15.715,8.745,3.25,5.57,0.44,37.0,13.58,14.875,22.54,4.504,91.55,1.673
2019-06-03,10.85,19.93,8.224,17.41,10.136,1.826,4.087,6.01,26.36,10.794,7.296,10.175,1.47,5.542,15.285,9.84,13.775,2.272,15.68,8.74,3.256,5.614,0.438,37.52,13.82,14.795,22.24,4.545,95.3,1.647
2019-06-04,11.11,20.14,8.37,17.9,10.43,1.866,4.168,6.095,26.68,11.212,7.462,10.35,1.47,5.534,16.21,10.106,14.125,2.312,15.89,8.775,3.276,5.709,0.454,37.51,14.018,15.315,22.98,4.59,96.65,1.704
2019-06-05,10.745,20.3,8.438,17.755,10.07,1.85,4.137,6.175,26.8,11.104,7.513,10.35,1.482,5.588,16.175,10.232,13.98,2.27,15.76,8.81,3.312,5.726,0.451,38.0,13.868,15.375,23.36,4.595,97.3,1.666
2019-06-06,10.755,19.99,8.392,17.57,9.958,1.826,4.114,6.16,27.08,11.113,7.509,10.41,1.504,5.676,16.12,10.257,13.825,2.243,15.815,8.745,3.346,5.806,0.442,37.96,13.9,14.905,22.86,4.646,98.5,1.634
2019-06-07,10.735,20.1,8.434,17.46,10.02,1.833,4.134,6.22,27.3,11.075,7.548,10.535,1.506,5.74,16.605,10.583,14.15,2.239,15.855,8.78,3.362,5.891,0.448,38.1,13.96,14.995,22.72,4.727,101.1,1.63
2019-06-10,11.08,20.02,8.562,17.875,10.242,1.846,4.171,6.195,27.76,11.267,7.602,10.61,1.507,5.704,16.645,10.769,14.47,2.31,15.98,8.69,3.364,5.828,0.462,38.08,14.0,15.005,23.22,4.704,102.0,1.691
2019-06-11,11.245,19.99,8.56,17.95,10.266,1.847,4.18,6.205,27.56,11.373,7.509,10.74,1.515,5.718,16.86,10.809,14.81,2.331,16.145,8.81,3.358,5.848,0.467,37.63,14.046,15.17,23.74,4.715,98.5,1.706
2019-06-12,10.755,20.16,8.52,17.5,10.05,1.828,4.173,6.125,27.38,11.195,7.482,10.655,1.51,5.776,16.56,10.415,14.54,2.305,16.11,8.825,3.362,5.89,0.462,37.61,13.82,15.43,23.88,4.714,99.25,1.668
2019-06-13,10.935,20.84,8.57,17.895,10.198,1.842,4.22,6.165,27.24,11.29,7.831,10.88,1.512,5.732,16.66,10.533,14.6,2.333,16.18,8.785,3.36,5.991,0.463,37.4,13.904,15.88,23.76,4.703,102.7,1.672
2019-06-14,10.8,21.1,8.526,17.84,10.13,1.837,4.184,6.07,26.62,11.237,7.602,10.78,1.503,5.766,16.93,10.455,14.155,2.324,16.135,8.76,3.344,6.07,0.458,37.05,13.944,15.965,23.64,4.718,103.5,1.652
2019-06-17,10.855,21.22,8.524,17.815,10.104,1.831,4.115,6.075,26.86,11.337,7.683,10.8,1.507,5.782,16.84,10.395,14.07,2.342,16.235,8.8,3.34,6.08,0.459,35.97,13.87,16.2,23.9,4.698,105.1,1.66
2019-06-18,11.2,21.56,8.71,17.915,10.486,1.873,4.188,6.205,27.26,11.438,7.71,10.89,1.553,5.94,17.2,10.781,14.505,2.395,16.555,8.92,3.418,6.237,0.472,36.44,14.156,16.515,24.86,4.841,107.2,1.718
2019-06-19,11.065,21.52,8.842,17.76,10.658,1.907,4.271,6.255,27.24,11.567,7.784,10.965,1.544,5.948,17.6,10.834,14.825,2.439,16.65,8.745,3.426,6.17,0.475,36.98,14.222,16.575,25.1,4.81,104.4,1.79
2019-06-20,11.365,21.78,8.814,17.87,10.602,1.891,4.244,6.285,27.3,11.707,7.838,11.145,1.564,5.982,17.975,11.188,15.19,2.437,16.555,8.965,3.468,6.19,0.484,37.3,14.358,16.775,25.54,4.799,105.0,1.778
2019-06-21,11.485,21.1,8.882,17.495,10.626,1.875,4.238,6.325,27.22,11.683,7.749,10.99,1.574,6.01,18.18,11.07,14.99,2.478,16.68,8.965,3.508,6.232,0.501,37.39,14.606,16.745,25.8,4.794,102.5,1.79
2019-06-24,11.31,20.9,8.898,17.415,10.45,1.875,4.285,6.47,26.98,11.694,7.528,11.285,1.558,5.86,17.49,10.929,14.97,2.451,16.69,9.2,3.384,6.225,0.49,36.21,14.522,16.9,25.38,4.632,103.3,1.768
2019-06-25,11.185,20.78,8.852,17.665,10.268,1.868,4.28,6.38,26.62,11.497,7.571,11.31,1.536,5.816,17.625,10.703,14.87,2.395,16.615,8.935,3.362,6.201,0.486,36.69,14.44,16.71,25.48,4.599,102.0,1.763
2019-06-26,11.52,20.4,9.032,18.045,10.532,1.878,4.335,6.385,26.62,11.516,7.567,11.25,1.53,5.716,17.5,10.922,15.145,2.45,16.56,8.635,3.366,6.075,0.475,36.31,14.508,16.595,25.86,4.53,101.5,1.783
2019-06-27,11.47,20.22,9.092,17.97,10.75,1.879,4.267,6.465,26.58,11.594,7.559,11.055,1.514,5.648,17.9,11.05,15.395,2.464,16.51,8.58,3.326,6.084,0.48,36.1,14.466,16.9,25.5,4.462,101.9,1.806
2019-06-28,11.51,20.56,9.066,17.845,10.826,1.882,4.283,6.475,27.06,11.641,7.637,11.145,1.526,5.6,18.15,10.982,15.6,2.425,16.56,8.615,3.364,6.14,0.48,36.66,14.606,16.93,25.32,4.371,102.1,1.79
2019-07-01,11.8,20.6,8.95,17.9,10.664,1.868,4.343,6.48,27.62,11.719,7.831,11.285,1.523,5.568,18.29,11.243,16.255,2.412,16.63,8.72,3.346,6.126,0.483,36.79,14.64,16.99,25.5,4.35,102.9,1.772
2019-07-02,11.525,20.6,9.052,17.925,10.55,1.885,4.375,6.515,27.64,11.675,8.04,11.19,1.557,5.764,18.3,10.937,16.1,2.462,16.765,8.845,3.426,6.26,0.478,37.19,14.498,17.01,25.6,4.465,102.6,1.768
2019-07-03,11.55,21.04,9.288,18.15,11.138,1.981,4.44,6.665,27.56,12.003,8.071,11.54,1.577,5.87,18.29,10.869,16.005,2.558,17.065,9.03,3.528,6.408,0.492,37.59,14.568,17.195,26.28,4.558,105.3,1.884
2019-07-04,11.67,20.88,9.472,18.69,11.69,2.026,4.517,6.72,28.56,12.04,8.048,11.465,1.58,5.844,18.375,10.829,16.14,2.632,17.1,8.855,3.524,6.447,0.498,37.73,14.646,17.455,26.34,4.529,104.0,1.946
2019-07-05,11.665,20.58,9.426,18.9,11.55,2.032,4.511,6.65,27.52,11.994,7.978,11.465,1.574,5.76,18.445,11.027,15.75,2.638,17.015,8.8,3.494,6.4,0.496,37.59,14.55,17.445,26.36,4.46,103.0,1.956
2019-07-08,11.925,20.42,9.342,18.8,11.346,2.017,4.486,6.64,27.26,11.935,7.931,11.38,1.581,5.77,18.465,11.213,15.665,2.614,17.115,8.825,3.48,6.41,0.493,38.25,14.654,17.195,26.38,4.503,103.9,1.906
2019-07-09,11.81,20.42,9.312,18.6,11.382,2.007,4.491,6.585,26.58,11.804,7.846,11.335,1.597,5.814,18.1,10.852,15.505,2.592,17.165,8.79,3.492,6.409,0.492,37.72,14.55,17.55,26.38,4.548,102.8,1.888
2019-07-10,11.99,20.48,9.4,18.79,11.464,2.031,4.583,6.65,26.5,11.797,7.869,11.495,1.605,5.792,18.355,11.221,15.705,2.603,17.21,8.76,3.51,6.426,0.495,38.0,14.706,17.43,26.34,4.6,102.7,1.904
2019-07-11,12.21,20.66,9.384,18.715,11.596,2.056,4.615,6.69,26.04,11.707,7.916,11.435,1.607,5.82,18.73,11.228,15.655,2.582,17.205,8.735,3.508,6.51,0.495,38.52,14.8,17.575,26.74,4.655,103.2,1.908
2019-07-12,12.155,20.66,9.392,18.785,11.54,2.051,4.605,6.68,26.14,11.931,7.986,11.655,1.608,5.762,18.685,11.399,15.835,2.593,17.135,8.68,3.508,6.451,0.501,38.5,14.826,17.52,26.6,4.624,102.7,1.918
2019-07-15,12.02,21.26,9.322,19.03,11.438,2.049,4.616,6.73,26.54,11.929,7.823,11.58,1.617,5.762,18.785,11.238,15.75,2.575,17.17,8.68,3.548,6.492,0.503,39.3,14.712,17.72,26.6,4.667,103.0,1.873
2019-07-16,12.015,21.24,9.422,19.2,11.736,2.062,4.634,6.76,26.8,11.559,7.986,11.665,1.608,5.738,19.09,11.472,15.9,2.611,17.165,8.66,3.528,6.451,0.503,39.33,14.666,17.65,26.98,4.644,101.8,1.921
2019-07-17,11.555,21.18,9.372,19.245,11.584,2.043,4.606,6.695,26.52,11.567,7.893,11.555,1.612,5.77,19.25,11.16,15.885,2.569,17.065,8.58,3.522,6.513,0.505,39.21,14.414,17.305,26.82,4.652,101.9,1.891
2019-07-18,11.355,21.68,9.396,19.17,11.652,2.05,4.619,6.695,26.2,11.584,7.792,11.495,1.635,5.834,18.71,10.954,15.95,2.592,17.08,8.645,3.548,6.559,0.506,39.65,14.3,17.18,26.88,4.705,102.5,1.883
2019-07-19,11.15,21.18,9.2,19.09,11.226,2.008,4.527,6.62,25.94,11.394,7.703,11.305,1.595,5.592,18.7,10.678,16.315,2.537,16.9,8.535,3.426,6.288,0.491,39.62,14.22,16.905,26.36,4.518,101.3,1.77
2019-07-22,11.3,21.66,9.244,19.035,11.188,2.011,4.719,6.595,25.92,11.398,7.737,11.285,1.599,5.63,18.8,10.771,16.645,2.545,16.95,8.56,3.462,6.273,0.491,39.77,14.316,17.215,26.5,4.584,102.7,1.751
2019-07-23,11.385,21.38,9.346,19.17,11.484,2.035,4.687,6.59,26.08,11.749,7.939,11.635,1.618,5.638,19.9,11.042,16.99,2.532,16.93,8.52,3.444,6.274,0.496,39.93,14.39,17.325,26.7,4.593,102.0,1.758
2019-07-24,11.725,21.18,9.304,19.15,11.448,2.035,4.711,6.63,26.48,11.971,8.04,11.7,1.625,5.668,19.955,11.296,17.59,2.467,16.995,8.61,3.45,6.33,0.498,40.39,14.414,17.305,26.84,4.64,101.4,1.766
2019-07-25,11.625,20.98,9.31,18.945,11.44,2.02,4.715,6.59,26.02,11.78,7.877,11.61,1.62,5.642,19.975,11.494,17.09,2.447,16.88,8.54,3.428,6.247,0.497,40.1,14.35,17.3,26.74,4.641,101.0,1.758
2019-07-26,11.33,21.08,9.33,19.175,11.354,2.01,4.729,6.6,26.04,11.719,7.749,11.685,1.607,5.584,19.55,11.585,17.415,2.421,16.91,8.53,3.424,6.21,0.517,40.19,14.338,17.28,26.84,4.536,101.9,1.73
2019-07-29,11.19,21.08,9.31,19.11,11.036,1.991,4.667,6.6,25.86,11.605,7.482,11.44,1.61,5.634,18.905,11.205,17.09,2.388,16.95,8.45,3.43,6.246,0.524,40.14,14.248,17.17,26.66,4.56,102.4,1.7
2019-07-30,11.065,21.14,9.088,18.335,10.68,1.966,4.61,6.45,25.2,11.104,7.195,11.07,1.577,5.54,18.51,10.997,16.725,2.295,16.71,8.505,3.35,6.169,0.506,39.79,14.094,16.71,26.18,4.446,101.3,1.674
2019-07-31,11.385,22.28,9.054,18.4,10.656,1.96,4.637,6.465,25.48,11.423,7.257,11.04,1.58,5.504,18.67,11.276,16.71,2.28,16.84,8.42,3.37,6.199,0.511,40.53,14.204,16.95,26.36,4.439,105.0,1.688
2019-08-01,10.92,22.18,9.068,18.06,10.672,2.0,4.715,6.715,25.52,11.459,7.299,11.11,1.583,5.6,19.33,11.183,16.935,2.341,16.855,8.39,3.434,6.24,0.512,40.55,14.096,17.09,26.6,4.514,108.0,1.696
2019-08-02,10.655,22.18,8.9,17.565,10.398,1.953,4.606,6.66,25.0,11.113,7.133,10.715,1.606,5.624,18.915,10.741,15.805,2.305,16.615,8.32,3.402,6.198,0.5,39.61,13.68,16.68,26.4,4.478,106.3,1.674
2019-08-05,10.47,21.4,8.836,17.63,10.364,1.968,4.513,6.57,26.12,11.077,7.071,10.425,1.594,5.57,18.745,10.385,15.125,2.341,16.44,8.13,3.382,6.124,0.488,38.83,13.48,16.365,26.22,4.449,103.9,1.691
2019-08-06,10.225,20.96,8.758,18.025,10.276,1.945,4.437,6.55,24.98,11.165,6.978,10.25,1.6,5.518,18.625,10.425,15.015,2.308,16.335,7.955,3.396,6.134,0.483,38.93,13.384,16.395,26.42,4.397,104.9,1.694
2019-08-07,10.14,21.54,8.66,18.3,9.768,1.91,4.41,6.57,24.8,11.104,6.92,10.33,1.602,5.494,18.705,10.066,15.095,2.352,16.31,7.95,3.43,6.134,0.482,39.7,13.194,16.385,26.56,4.433,106.3,1.773
2019-08-08,10.325,21.98,8.732,18.98,9.908,1.945,4.486,6.63,25.64,11.246,7.129,10.43,1.605,5.512,19.16,10.372,15.7,2.329,16.435,7.995,3.422,6.14,0.489,39.89,13.434,16.665,27.08,4.496,107.7,1.809
2019-08-09,10.12,22.1,8.5,18.295,9.4,1.875,4.323,6.26,24.94,11.015,6.904,9.98,1.553,5.318,18.505,10.292,15.68,2.166,15.99,7.83,3.37,6.036,0.46,39.18,13.192,16.05,26.08,4.358,106.5,1.645
2019-08-12,9.792,22.16,8.484,18.415,9.264,1.836,4.291,6.265,24.78,11.009,6.571,9.9,1.542,5.318,18.52,10.041,15.705,2.12,16.04,8.06,3.394,6.064,0.456,38.86,13.17,15.75,25.96,4.391,105.9,1.621
2019-08-13,9.954,22.26,8.528,18.64,9.547,1.887,4.403,6.275,25.12,11.176,6.714,10.18,1.574,5.434,18.42,10.317,16.205,2.144,16.13,7.925,3.432,6.078,0.451,38.52,13.42,15.84,26.2,4.485,105.7,1.686
2019-08-14,9.436,22.02,8.33,18.3,9.19,1.846,4.242,6.17,24.36,10.783,6.458,9.81,1.547,5.314,17.68,9.845,15.48,2.039,15.92,7.785,3.372,6.009,0.442,38.2,13.102,15.3,26.26,4.386,104.1,1.62
2019-08-15,9.436,22.02,8.33,18.3,9.19,1.846,4.242,6.17,24.36,10.783,6.458,9.81,1.547,5.314,17.68,9.845,15.48,2.039,15.92,7.785,3.372,6.009,0.442,38.2,13.102,15.3,26.26,4.386,104.1,1.62
2019-08-16,9.484,22.3,8.508,18.41,9.531,1.882,4.313,6.3,24.5,10.491,6.706,10.095,1.567,5.432,17.725,10.096,15.805,2.083,15.98,7.84,3.466,6.285,0.445,38.8,13.04,15.595,25.8,4.487,106.0,1.685
2019-08-19,9.844,22.88,8.6,18.7,9.763,1.914,4.419,6.455,25.14,10.686,6.838,10.175,1.592,5.514,18.36,10.387,16.28,2.104,16.175,7.99,3.498,6.359,0.456,39.06,13.274,15.84,26.32,4.539,108.3,1.722
2019-08-20,9.644,23.54,8.574,18.16,9.544,1.903,4.459,6.46,24.94,10.588,6.885,9.978,1.57,5.472,18.545,10.179,16.27,2.037,16.22,7.93,3.486,6.236,0.447,38.64,13.144,15.92,26.42,4.474,108.1,1.678
2019-08-21,9.76,23.62,8.704,18.66,9.633,1.923,4.586,6.605,25.76,10.941,7.005,10.305,1.582,5.55,19.405,10.447,16.46,2.073,16.375,8.255,3.496,6.318,0.456,39.85,13.35,16.405,27.02,4.511,109.8,1.699
2019-08-22,9.888,23.58,8.77,18.605,9.755,1.942,4.573,6.59,25.68,10.954,7.047,10.13,1.577,5.57,19.175,10.505,16.34,2.081,16.32,8.3,3.508,6.284,0.46,39.51,13.312,16.335,26.38,4.509,109.0,1.736
2019-08-23,9.736,23.14,8.67,18.455,9.453,1.903,4.528,6.48,25.08,10.717,6.892,9.994,1.564,5.576,18.755,10.284,15.61,2.063,16.165,8.165,3.498,6.223,0.453,39.98,13.142,15.96,26.36,4.429,105.8,1.737
2019-08-26,9.866,23.3,8.778,18.68,9.59,1.94,4.525,6.535,24.98,10.865,6.869,10.035,1.556,5.57,18.725,10.355,15.735,2.077,16.185,8.225,3.53,6.33,0.459,39.9,13.218,16.16,26.52,4.429,107.0,1.762
2019-08-27,9.932,23.58,8.808,19.005,9.719,1.948,4.572,6.59,25.26,11.009,6.908,10.315,1.597,5.73,19.055,10.618,15.775,2.171,16.43,8.46,3.616,6.499,0.466,40.97,13.302,16.09,26.8,4.563,107.7,1.82
2019-08-28,10.045,23.0,8.884,18.485,9.89,1.969,4.515,6.595,25.04,11.043,6.962,10.725,1.599,5.72,19.0,10.759,15.61,2.157,16.265,8.45,3.612,6.501,0.472,39.93,13.4,15.785,26.72,4.556,106.5,1.837
2019-08-29,9.98,22.98,9.068,18.865,10.176,2.013,4.6,6.655,25.68,11.142,7.179,11.185,1.604,5.812,19.875,10.909,16.12,2.199,16.42,8.565,3.658,6.632,0.484,40.25,13.618,16.275,27.04,4.664,107.6,1.893
2019-08-30,9.914,23.36,9.01,19.085,10.06,1.993,4.57,6.58,25.94,11.235,7.113,11.13,1.599,5.71,19.905,10.854,16.11,2.182,16.47,8.525,3.628,6.594,0.484,39.86,13.68,16.025,27.02,4.599,107.7,1.829
2019-09-02,9.86,23.66,9.068,19.24,10.114,2.003,4.563,6.6,25.86,11.239,7.187,11.28,1.598,5.764,19.86,10.907,16.04,2.186,16.505,8.625,3.622,6.68,0.486,40.6,13.712,16.285,27.4,4.615,109.7,1.816
2019-09-03,9.61,23.82,9.12,19.125,10.122,2.0,4.567,6.605,25.98,11.337,7.137,11.035,1.597,5.794,20.08,10.643,15.83,2.223,16.545,8.645,3.624,6.681,0.489,40.46,13.602,16.41,27.52,4.605,109.5,1.812
2019-09-04,9.786,23.88,9.262,19.355,10.33,2.027,4.617,6.71,26.44,11.597,7.261,11.25,1.63,5.824,20.68,10.877,16.31,2.245,16.835,8.71,3.66,6.738,0.493,40.52,13.67,16.825,27.96,4.64,108.9,1.864
2019-09-05,10.04,23.1,9.444,19.32,10.69,2.056,4.584,6.74,26.96,11.937,7.296,11.22,1.653,5.794,20.18,11.08,17.32,2.252,17.045,8.655,3.624,6.665,0.492,39.94,13.868,16.955,28.16,4.636,107.0,1.891
2019-09-06,9.99,23.28,9.466,19.445,10.632,2.067,4.589,6.74,27.28,11.962,7.327,11.31,1.646,5.706,20.24,11.06,17.415,2.263,17.105,8.655,3.634,6.62,0.497,39.96,13.77,16.88,28.18,4.59,106.2,1.883
2019-09-09,10.285,22.36,9.514,19.635,10.938,2.102,4.638,6.865,27.92,12.072,7.482,11.41,1.63,5.642,20.17,11.308,17.65,2.339,17.2,8.475,3.528,6.545,0.5,38.22,13.922,17.06,28.44,4.508,104.3,1.93
2019-09-10,10.405,21.44,9.584,19.84,10.896,2.124,4.746,6.88,27.62,11.924,7.598,11.49,1.618,5.544,20.32,11.467,17.4,2.366,17.175,8.39,3.514,6.49,0.504,38.22,14.102,16.65,28.16,4.46,101.0,1.921
2019-09-11,10.315,21.42,9.512,20.3,10.76,2.108,4.825,6.85,28.5,11.78,7.664,11.68,1.618,5.606,20.93,11.396,18.095,2.343,17.34,8.385,3.504,6.442,0.509,39.21,14.074,16.655,27.98,4.468,102.3,1.877
2019-09-12,10.165,22.12,9.56,20.36,10.984,2.122,4.746,6.85,28.62,11.931,7.606,11.755,1.63,5.752,20.68,11.406,18.175,2.379,17.5,8.525,3.57,6.613,0.514,39.46,13.9,16.855,27.98,4.546,103.8,1.914
2019-09-13,10.235,21.76,9.65,20.61,11.456,2.182,4.823,7.01,28.98,11.922,7.737,11.87,1.625,5.662,21.01,11.436,18.265,2.439,17.475,8.345,3.536,6.592,0.521,38.19,14.044,17.12,28.32,4.5,102.4,1.954
2019-09-16,10.52,21.86,9.558,20.44,11.26,2.144,4.779,6.94,28.82,11.941,7.668,11.67,1.605,5.592,21.0,11.755,18.055,2.45,17.375,8.15,3.54,6.482,0.517,38.25,14.314,17.04,28.36,4.442,101.5,1.929
2019-09-17,10.32,22.08,9.518,19.93,10.884,2.125,4.729,6.97,28.6,11.759,7.551,11.325,1.597,5.618,20.2,11.216,17.805,2.37,17.325,8.26,3.572,6.517,0.508,38.85,14.152,17.08,28.18,4.46,102.6,1.852
2019-09-18,10.17,22.76,9.586,20.17,10.904,2.126,4.746,7.04,28.62,11.759,7.563,11.15,1.617,5.67,19.6,11.185,18.1,2.385,17.5,8.23,3.648,6.65,0.513,39.45,14.324,17.22,28.54,4.499,103.9,1.87
2019-09-19,10.05,22.52,9.7,20.75,11.152,2.164,4.832,7.05,28.8,11.768,7.656,11.2,1.607,5.654,19.92,11.133,18.15,2.489,17.885,8.17,3.622,6.615,0.524,39.71,14.414,17.51,28.78,4.483,106.0,1.913
2019-09-20,10.025,22.22,9.972,20.35,11.17,2.166,4.813,7.0,28.78,11.707,7.629,11.05,1.622,5.65,20.17,11.105,17.73,2.447,17.845,8.19,3.644,6.576,0.523,39.8,14.552,17.515,28.68,4.474,104.8,1.902
2019-09-23,9.746,22.38,9.896,20.07,10.786,2.141,4.807,6.875,28.2,11.576,7.489,10.885,1.613,5.664,19.72,10.882,17.635,2.414,17.91,8.23,3.6,6.671,0.515,39.8,14.14,17.27,28.32,4.465,104.4,1.842
2019-09-24,9.606,23.0,9.91,19.8,10.698,2.13,4.813,6.915,28.14,11.341,7.412,10.765,1.64,5.808,19.95,10.786,17.505,2.378,17.865,8.35,3.704,6.768,0.514,39.94,13.996,17.26,27.94,4.566,106.8,1.814
2019-09-25,9.6,22.52,9.966,19.98,10.574,2.135,4.753,6.85,27.86,11.185,7.365,10.735,1.632,5.742,19.825,10.56,17.49,2.353,17.96,8.245,3.702,6.73,0.517,39.08,13.862,17.085,27.82,4.546,104.9,1.814
2019-09-26,9.45,22.62,10.105,19.965,10.654,2.143,4.812,6.86,28.18,11.208,7.327,10.82,1.681,5.84,19.56,10.452,17.545,2.367,17.9,8.39,3.79,6.832,0.515,39.48,13.934,17.145,28.36,4.625,106.1,1.821
2019-09-27,9.79,22.7,9.976,20.59,10.804,2.161,4.847,6.895,28.8,11.261,7.35,10.82,1.668,5.808,19.545,10.45,17.79,2.385,17.86,8.25,3.72,6.786,0.52,39.35,14.054,17.23,28.28,4.605,105.5,1.839
2019-09-30,9.734,22.5,10.02,21.04,10.82,2.175,4.886,6.89,29.0,11.267,7.551,10.79,1.684,5.894,19.7,10.422,17.745,2.4,17.78,8.29,3.766,6.851,0.524,39.36,14.034,17.22,28.3,4.634,106.7,1.874
2019-10-01,9.552,22.6,9.98,21.02,10.69,2.155,4.865,6.885,27.94,11.159,7.385,10.665,1.69,5.834,19.535,10.216,17.69,2.398,17.74,8.3,3.766,6.817,0.522,38.65,13.98,17.105,28.2,4.615,105.4,1.896
2019-10-02,9.154,21.62,9.704,19.985,10.256,2.094,4.773,6.795,27.08,10.857,7.144,10.35,1.666,5.69,18.815,10.068,17.205,2.361,17.445,8.055,3.71,6.669,0.494,37.15,13.556,16.555,27.5,4.497,101.5,1.891
2019-10-03,9.246,21.58,9.822,19.78,10.198,2.091,4.742,6.795,26.9,10.709,7.047,10.305,1.662,5.72,18.805,10.033,17.33,2.375,17.54,8.2,3.728,6.639,0.497,37.35,13.408,16.485,27.48,4.543,103.8,1.94
2019-10-04,9.228,21.46,9.778,19.83,10.208,2.095,4.696,6.94,27.42,10.696,7.102,10.345,1.689,5.8,18.72,10.038,17.885,2.354,17.65,8.35,3.784,6.754,0.498,36.82,13.544,16.48,27.66,4.595,106.7,1.832
2019-10-07,9.336,22.26,9.804,20.11,10.286,2.108,4.767,6.955,27.4,10.766,7.218,10.295,1.688,5.842,18.855,10.337,17.9,2.368,17.77,8.395,3.792,6.845,0.504,37.33,13.652,16.545,28.08,4.645,106.0,1.86
2019-10-08,9.18,21.84,9.746,19.85,10.166,2.086,4.727,6.95,26.88,10.658,7.156,10.08,1.668,5.77,18.63,10.154,17.405,2.361,17.745,8.385,3.79,6.772,0.507,36.7,13.534,16.305,27.7,4.589,99.9,1.87
2019-10-09,9.222,21.86,9.762,20.19,10.16,2.103,4.79,6.945,27.0,10.722,7.028,9.904,1.668,5.738,19.01,10.161,17.65,2.362,17.83,8.45,3.77,6.815,0.522,37.06,13.6,16.465,27.5,4.552,100.2,1.87
2019-10-10,9.31,21.4,9.91,20.73,10.564,2.149,4.849,6.975,27.18,11.026,6.916,9.916,1.673,5.704,19.595,10.342,17.925,2.376,17.87,8.47,3.738,6.767,0.532,37.0,13.682,16.675,27.48,4.552,99.3,1.929
2019-10-11,9.634,21.34,10.09,21.44,10.924,2.186,4.95,7.19,27.82,11.258,7.063,10.45,1.698,5.692,19.935,10.493,19.2,2.462,18.065,8.485,3.768,6.8,0.536,37.3,13.836,16.795,27.02,4.546,99.25,2.003
2019-10-14,9.38,21.88,10.105,21.44,10.868,2.18,4.893,7.25,27.92,11.328,7.148,10.395,1.694,5.746,19.975,10.365,19.015,2.49,17.965,8.49,3.782,6.779,0.533,37.47,13.744,16.7,26.46,4.566,99.55,2.033
2019-10-15,9.504,22.12,10.315,21.86,11.214,2.21,4.887,7.305,25.68,11.459,7.187,10.505,1.684,5.742,20.37,10.493,19.48,2.543,18.105,8.485,3.79,6.838,0.538,38.17,13.838,16.99,27.98,4.542,99.75,2.09
2019-10-16,9.466,21.92,10.43,21.67,11.412,2.239,4.93,7.365,26.4,11.578,7.237,10.37,1.668,5.69,20.41,10.508,19.405,2.58,18.11,8.36,3.738,6.805,0.539,37.46,13.816,17.05,27.6,4.519,100.1,2.155
2019-10-17,9.35,22.18,10.58,21.8,11.436,2.231,4.973,7.425,25.82,11.525,7.292,10.59,1.676,5.762,20.41,10.42,19.02,2.593,18.1,8.28,3.744,6.77,0.539,37.7,13.744,17.245,28.24,4.57,100.0,2.15
2019-10-18,9.3,22.22,10.62,21.96,11.5,2.234,5.006,7.515,25.1,11.252,7.206,10.245,1.675,5.818,20.2,10.42,19.0,2.651,18.195,8.09,3.794,6.768,0.535,37.35,13.78,17.425,28.38,4.546,99.55,2.148
2019-10-21,9.368,21.28,10.59,21.8,11.742,2.253,4.998,7.56,25.38,11.39,7.443,10.33,1.679,5.82,20.65,10.329,19.23,2.72,18.375,8.06,3.76,6.828,0.538,36.78,13.838,18.2,28.62,4.516,96.95,2.154
2019-10-22,9.392,21.24,10.56,21.58,11.684,2.275,4.984,7.58,25.66,11.313,7.412,10.225,1.688,5.84,20.64,10.279,19.02,2.749,18.355,7.91,3.782,6.838,0.539,37.4,13.954,18.5,28.72,4.511,97.7,2.136
2019-10-23,9.416,20.66,10.66,21.51,11.66,2.27,5.016,7.595,25.4,11.237,7.307,10.185,1.685,5.796,20.15,10.114,18.48,2.786,18.39,7.975,3.722,6.745,0.536,36.53,14.072,18.15,28.12,4.455,96.6,2.109
2019-10-24,9.314,21.4,10.765,21.62,11.606,2.271,5.042,7.625,25.72,11.254,7.346,10.295,1.696,5.888,20.06,10.656,20.05,2.735,18.4,8.03,3.77,6.853,0.532,36.56,14.138,18.25,28.48,4.542,97.65,2.068
2019-10-25,9.404,21.3,10.845,21.73,11.534,2.273,4.986,7.675,25.1,11.244,7.443,10.53,1.686,5.886,20.49,10.804,20.21,2.733,18.355,8.18,3.756,6.88,0.533,36.86,14.04,18.26,28.4,4.553,97.05,2.084
2019-10-28,9.548,21.52,10.835,22.0,11.582,2.279,5.026,7.69,25.68,11.303,7.478,10.63,1.682,5.874,20.91,10.894,20.66,2.754,18.395,8.18,3.772,6.864,0.533,37.09,13.938,18.5,28.74,4.603,97.35,2.09
2019-10-29,9.64,21.84,10.875,22.11,11.704,2.272,5.066,7.685,25.04,11.151,7.4,10.585,1.747,5.902,20.7,10.726,20.97,2.754,18.365,8.28,3.766,6.872,0.531,36.85,13.828,18.535,29.06,4.575,98.55,2.097
2019-10-30,9.362,23.0,10.675,22.07,11.484,2.249,5.038,7.695,24.3,12.214,7.327,10.48,1.752,5.924,20.67,10.322,20.67,2.702,18.235,8.155,3.822,6.903,0.524,38.02,13.698,18.8,29.1,4.6,100.9,2.032
2019-10-31,9.054,22.52,10.65,21.64,11.368,2.246,4.999,7.685,24.56,13.218,7.327,10.41,1.799,5.924,20.71,10.191,20.34,2.712,18.175,8.215,3.838,6.94,0.525,37.67,13.57,18.42,29.24,4.6,101.0,2.037
2019-11-01,9.826,23.1,10.735,21.89,11.524,2.273,5.048,7.71,24.98,13.296,7.408,10.535,1.801,5.936,21.2,10.44,20.75,2.708,18.375,8.22,3.826,6.931,0.525,37.0,13.704,18.61,30.08,4.63,101.1,2.054
2019-11-04,9.996,22.86,10.965,22.15,11.768,2.306,5.1,7.7,25.96,13.636,7.524,10.955,1.796,5.908,21.74,10.834,21.01,2.795,18.5,8.28,3.852,6.968,0.53,37.46,13.974,18.85,29.94,4.648,100.9,2.11
2019-11-05,10.175,22.7,10.895,21.98,11.962,2.34,5.142,7.71,26.28,13.714,7.617,10.93,1.794,5.904,21.53,11.19,21.31,2.827,18.59,8.345,3.802,6.91,0.527,36.6,14.198,19.5,30.18,4.66,100.3,2.135
2019-11-06,10.005,23.06,10.78,21.85,12.086,2.338,5.2,7.8,26.52,13.721,7.23,11.105,1.805,6.012,21.85,11.118,21.19,2.846,18.595,8.3,3.832,6.899,0.528,37.22,14.164,19.835,30.8,4.69,104.3,2.114
2019-11-07,10.045,23.6,10.59,22.19,12.806,2.356,5.274,8.26,26.92,13.765,7.288,11.23,1.774,5.848,21.45,11.231,21.59,2.888,19.23,8.22,3.782,6.752,0.532,36.92,14.176,20.55,31.06,4.592,103.9,2.133
2019-11-08,10.02,23.82,10.435,21.9,12.61,2.343,5.292,8.395,27.32,13.888,6.877,11.255,1.804,5.95,21.3,11.14,21.62,2.856,19.18,8.27,3.848,6.866,0.538,37.48,14.19,20.5,30.74,4.587,104.6,2.067
2019-11-11,10.02,23.72,10.435,22.16,12.5,2.357,5.326,8.63,27.12,13.771,6.598,11.355,1.803,5.922,20.73,11.057,21.59,2.903,19.19,8.24,3.83,6.86,0.53,37.43,14.136,20.89,30.9,4.594,103.5,2.059
2019-11-12,10.07,24.1,10.645,22.55,12.754,2.378,5.416,8.78,27.48,13.936,6.633,11.45,1.795,5.99,20.4,11.115,22.08,2.924,19.5,8.2,3.856,6.983,0.536,37.52,14.254,21.43,31.04,4.634,103.6,2.067
2019-11-13,9.908,24.56,10.56,22.86,12.476,2.345,5.388,8.6,27.26,13.776,6.881,11.37,1.78,5.986,18.94,10.852,21.86,2.944,19.335,8.195,3.858,6.93,0.536,37.83,14.182,21.6,31.2,4.656,106.6,2.029
2019-11-14,9.906,24.84,10.55,22.76,12.374,2.326,5.334,8.6,26.78,13.767,6.83,11.45,1.754,5.898,19.215,10.904,21.72,2.934,19.18,8.21,3.89,6.875,0.541,37.7,14.136,22.16,31.56,4.616,109.1,2.017
2019-11-15,9.902,25.04,10.645,22.91,12.44,2.338,5.358,8.62,27.02,13.79,6.85,11.48,1.768,5.92,19.635,11.055,22.0,2.955,19.17,8.335,3.982,6.862,0.544,37.9,14.22,22.76,31.86,4.626,110.7,2.024
2019-11-18,9.688,25.04,10.31,22.65,12.34,2.35,5.274,8.535,26.86,13.4,6.823,11.24,1.762,5.918,19.755,10.754,22.04,2.991,19.05,8.335,4.012,6.898,0.545,37.16,14.11,22.43,31.6,4.617,112.1,2.035
2019-11-19,9.602,24.68,10.27,22.83,12.376,2.348,5.264,8.765,27.16,13.414,6.823,11.13,1.752,5.804,19.895,10.611,21.86,3.078,18.7,8.26,4.008,6.83,0.552,37.0,13.97,22.72,31.52,4.547,114.5,2.022
2019-11-20,9.76,25.22,10.24,23.18,12.362,2.345,5.284,8.97,26.86,13.256,6.745,11.04,1.749,5.826,19.84,10.744,21.88,3.119,18.64,8.3,4.038,6.804,0.565,38.09,14.012,22.98,31.84,4.57,113.9,2.003
2019-11-21,9.702,24.92,10.32,22.78,12.47,2.354,5.3,8.99,26.54,12.755,6.869,10.92,1.735,5.77,19.925,10.736,21.46,3.101,18.655,8.315,4.01,6.775,0.581,37.9,14.042,22.82,31.52,4.517,115.4,2.058
2019-11-22,9.856,25.0,10.28,22.7,12.44,2.343,5.298,9.115,26.54,12.683,6.854,10.895,1.713,5.73,19.825,10.754,21.75,3.027,18.655,8.275,3.968,6.75,0.584,37.42,13.996,23.01,31.02,4.506,119.1,2.078
2019-11-25,9.834,25.1,10.25,22.5,12.8,2.352,5.296,9.04,27.42,12.905,6.9,10.82,1.71,5.756,20.8,10.816,22.16,3.044,18.54,8.315,3.99,6.84,0.584,37.18,14.048,23.42,30.9,4.488,119.1,2.092
2019-11-26,9.84,25.52,10.325,23.13,12.73,2.342,5.346,9.2,27.78,12.897,7.047,10.9,1.713,5.794,20.85,10.668,22.52,3.036,18.69,8.46,3.96,6.899,0.581,37.43,13.932,23.68,31.16,4.479,120.4,2.08
2019-11-27,9.756,26.04,10.28,23.35,12.66,2.328,5.29,9.23,28.48,12.92,7.133,10.74,1.718,5.784,20.8,10.641,22.56,3.009,18.695,8.465,3.996,6.903,0.574,37.79,13.89,23.56,31.0,4.465,119.8,2.043
2019-11-28,9.772,26.28,10.25,23.2,12.534,2.31,5.326,9.305,28.7,12.804,7.14,10.74,1.708,5.766,20.85,10.714,22.46,2.97,18.595,8.4,3.984,6.871,0.569,37.32,13.8,23.13,30.76,4.481,120.1,2.025
2019-11-29,9.652,26.56,10.15,22.48,12.562,2.3,5.32,9.215,28.36,12.736,7.016,10.615,1.707,5.83,20.69,10.417,22.3,2.975,18.53,8.285,4.004,6.856,0.568,38.07,13.714,22.9,29.96,4.512,121.3,2.021
2019-12-02,9.478,25.48,10.055,22.02,12.368,2.271,5.19,9.13,27.86,12.615,6.962,10.16,1.633,5.636,20.27,10.232,21.79,2.914,18.29,8.12,3.842,6.605,0.553,36.16,13.572,22.67,30.14,4.343,118.3,1.982
2019-12-03,9.412,26.16,10.0,21.72,12.312,2.245,5.166,9.105,27.64,12.529,6.912,10.22,1.641,5.606,20.17,10.214,21.78,2.936,18.27,8.16,3.874,6.677,0.551,36.71,13.48,22.1,30.0,4.349,121.6,1.962
2019-12-04,9.612,26.48,10.085,22.47,12.548,2.291,5.258,9.21,27.78,12.687,6.997,10.365,1.644,5.676,20.49,10.435,22.28,2.972,18.39,8.17,3.92,6.73,0.56,36.78,13.652,22.58,30.74,4.41,122.7,2.02
2019-12-05,9.7,26.1,10.045,22.12,12.38,2.288,5.256,9.28,27.78,12.579,6.896,10.52,1.633,5.61,20.85,10.427,22.33,2.987,18.24,8.17,3.892,6.723,0.554,36.6,13.644,22.48,30.68,4.363,124.0,1.991
2019-12-06,9.908,26.2,10.075,22.69,12.75,2.313,5.284,9.205,27.88,12.586,6.881,10.615,1.637,5.606,21.44,10.593,22.99,3.016,18.21,8.195,3.884,6.775,0.554,36.53,13.77,22.44,30.56,4.355,123.8,2.01
2019-12-09,9.946,25.78,9.91,22.27,12.744,2.297,5.194,9.035,27.54,12.478,6.873,10.38,1.62,5.546,20.92,10.603,23.09,2.98,18.195,8.165,3.854,6.677,0.548,35.43,13.626,21.63,30.02,4.308,122.0,2.004
2019-12-10,9.976,26.12,10.11,21.87,12.856,2.304,5.106,9.06,27.42,12.41,6.854,10.545,1.644,5.606,21.05,10.56,23.39,3.012,18.22,8.185,3.894,6.731,0.55,36.03,13.666,21.95,30.1,4.366,122.0,2.013
2019-12-11,10.01,26.0,10.075,22.37,12.858,2.311,5.076,9.1,27.28,12.22,6.799,10.465,1.649,5.664,20.73,10.395,23.71,3.008,18.26,8.225,3.904,6.805,0.554,36.25,13.592,21.78,30.16,4.393,121.0,2.01
2019-12-12,10.295,25.8,10.125,22.46,13.266,2.352,5.164,9.105,27.76,12.522,6.842,10.595,1.631,5.634,21.0,10.583,24.19,3.048,18.36,8.18,3.89,6.846,0.554,36.45,13.65,21.83,30.28,4.414,120.0,2.075
2019-12-13,10.185,25.1,9.934,22.51,13.086,2.328,5.226,9.065,28.22,12.647,6.939,10.535,1.636,5.662,21.17,10.528,24.57,3.026,18.34,8.06,3.84,6.925,0.55,36.39,13.604,21.52,29.58,4.442,116.0,2.02
2019-12-16,10.21,25.6,10.0,22.31,13.32,2.346,5.322,9.165,28.22,12.784,6.92,10.57,1.655,5.76,21.59,10.668,24.46,3.036,18.485,8.135,3.924,6.94,0.554,37.06,13.624,21.81,29.56,4.534,117.7,2.033
2019-12-17,10.145,25.7,10.075,22.51,13.236,2.363,5.332,9.135,27.96,12.905,6.873,10.595,1.676,5.848,21.66,10.794,24.33,3.048,18.51,8.135,3.98,7.01,0.556,37.74,13.702,21.72,29.44,4.568,117.0,2.035
2019-12-18,10.125,25.7,10.03,22.55,13.294,2.366,5.312,9.125,27.84,12.911,6.815,10.66,1.656,5.852,21.42,10.746,23.93,3.064,18.575,8.195,3.976,6.982,0.559,37.95,13.818,21.54,29.54,4.581,116.7,2.028
2019-12-19,10.11,25.5,9.986,22.07,13.494,2.38,5.308,9.085,27.82,12.909,6.927,10.63,1.681,5.896,21.77,10.776,24.1,3.087,18.495,8.14,3.97,7.001,0.559,37.58,13.846,21.5,29.1,4.62,117.6,2.049
2019-12-20,10.17,25.82,10.09,22.04,13.46,2.405,5.396,8.965,27.92,12.954,7.047,10.655,1.703,6.004,22.0,10.678,24.35,3.057,18.975,8.255,4.042,7.206,0.574,38.2,13.974,21.5,28.94,4.722,118.2,2.038
2019-12-23,10.25,25.84,9.99,22.41,13.34,2.401,5.36,8.92,28.2,12.818,6.962,10.775,1.692,5.948,22.06,10.784,24.27,3.053,18.68,8.295,3.966,7.175,0.573,37.96,14.016,21.47,29.38,4.684,117.5,2.025
2019-12-24,10.25,25.84,9.99,22.41,13.34,2.401,5.36,8.92,28.2,12.818,6.962,10.775,1.692,5.948,22.06,10.784,24.27,3.053,18.68,8.295,3.966,7.175,0.573,37.96,14.016,21.47,29.38,4.684,117.5,2.025
2019-12-25,10.25,25.84,9.99,22.41,13.34,2.401,5.36,8.92,28.2,12.818,6.962,10.775,1.692,5.948,22.06,10.784,24.27,3.053,18.68,8.295,3.966,7.175,0.573,37.96,14.016,21.47,29.38,4.684,117.5,2.025
2019-12-26,10.25,25.84,9.99,22.41,13.34,2.401,5.36,8.92,28.2,12.818,6.962,10.775,1.692,5.948,22.06,10.784,24.27,3.053,18.68,8.295,3.966,7.175,0.573,37.96,14.016,21.47,29.38,4.684,117.5,2.025
2019-12-27,10.09,25.8,9.9,22.34,13.118,2.355,5.238,8.935,28.24,12.746,7.032,10.535,1.698,6.002,21.91,10.997,24.33,3.015,18.6,8.265,3.972,7.138,0.562,38.2,14.0,21.2,29.1,4.7,116.0,2.004
2019-12-30,10.05,25.64,9.814,22.45,13.02,2.349,5.112,8.855,28.24,12.522,7.14,10.45,1.672,5.954,21.49,10.934,23.97,3.034,18.395,8.14,3.9,7.072,0.556,37.57,13.846,21.28,28.96,4.686,115.4,2.028
2019-12-31,10.05,25.64,9.814,22.45,13.02,2.349,5.112,8.855,28.24,12.522,7.14,10.45,1.672,5.954,21.49,10.934,23.97,3.034,18.395,8.14,3.9,7.072,0.556,37.57,13.846,21.28,28.96,4.686,115.4,2.028
2020-01-02,10.1,25.82,10.0,22.6,13.488,2.381,5.206,8.895,29.2,12.675,7.133,10.475,1.676,5.924,21.7,10.997,24.76,3.11,18.51,8.12,3.904,7.212,0.559,37.95,14.008,21.65,29.44,4.657,116.5,2.05
2020-01-03,10.235,25.72,9.914,22.0,13.328,2.349,5.058,8.775,28.74,12.412,7.04,10.58,1.663,5.902,21.3,11.093,24.59,3.108,18.415,8.18,3.858,7.211,0.558,38.33,14.106,21.22,28.76,4.664,116.2,2.001
2020-01-06,10.295,25.74,9.824,21.89,13.082,2.34,5.01,8.595,28.24,12.243,6.943,10.875,1.656,5.848,21.19,11.118,24.03,3.045,18.28,8.15,3.852,7.226,0.553,37.76,14.316,21.08,28.34,4.646,114.8,1.954
2020-01-07,10.51,25.8,9.852,22.1,13.16,2.345,5.128,8.6,28.72,12.3,7.016,11.02,1.658,5.89,21.14,11.173,24.64,3.053,18.415,8.05,3.854,7.23,0.548,37.95,14.32,21.91,28.78,4.703,118.4,1.967
2020-01-08,10.495,25.86,9.942,21.84,13.328,2.338,5.17,8.8,28.5,12.144,6.997,11.35,1.686,5.954,21.31,11.283,24.62,3.083,18.395,8.115,3.886,7.27,0.532,37.89,14.206,22.44,29.34,4.723,118.8,1.98
2020-01-09,10.475,26.5,9.958,21.81,13.518,2.374,5.144,9.115,28.88,12.178,7.028,11.29,1.698,5.986,21.44,11.037,25.21,3.124,18.47,8.225,3.9,7.305,0.526,38.79,14.14,23.55,30.32,4.704,119.5,2.087
2020-01-10,10.385,26.28,9.898,21.73,13.4,2.357,5.058,9.0,28.44,12.176,7.024,11.345,1.722,6.05,21.45,11.168,24.71,3.127,18.54,8.115,3.898,7.417,0.525,38.77,14.1,23.66,30.24,4.774,117.3,2.062
2020-01-13,10.38,25.78,9.844,21.84,13.29,2.341,5.016,8.935,28.78,12.1,6.954,11.31,1.715,5.984,20.99,11.12,24.92,3.114,18.4,8.115,3.866,7.4,0.512,38.76,14.04,23.43,30.62,4.762,116.7,2.025
2020-01-14,10.195,26.0,9.846,21.7,13.398,2.347,5.024,8.855,28.76,12.064,7.078,11.11,1.727,6.048,21.28,11.045,25.09,3.124,18.43,8.205,3.862,7.4,0.515,39.22,13.874,23.84,29.96,4.79,115.8,2.036
2020-01-15,10.135,26.54,9.716,21.14,13.05,2.32,4.883,8.735,28.88,11.836,7.005,11.06,1.724,6.1,21.25,11.037,24.59,3.096,18.2,8.27,3.89,7.421,0.506,39.84,13.798,23.98,30.6,4.819,117.0,2.003
2020-01-16,10.2,26.02,9.816,21.22,13.116,2.322,4.941,8.73,29.1,11.819,6.989,11.0,1.74,6.098,21.0,11.065,24.76,3.088,18.295,8.43,3.944,7.611,0.51,39.02,13.888,23.68,30.28,4.871,113.7,2.048
2020-01-17,10.29,26.5,9.75,21.95,13.15,2.336,4.949,8.875,28.88,11.799,6.985,11.115,1.783,6.198,21.61,11.055,25.15,3.112,18.34,8.655,3.998,7.725,0.512,39.49,13.916,23.68,30.28,4.96,116.9,2.047
2020-01-20,10.26,26.18,9.678,21.82,12.92,2.319,4.915,8.77,29.08,11.823,7.028,11.085,1.788,6.186,21.9,11.125,25.34,3.093,18.305,8.61,3.994,7.629,0.511,39.22,13.882,23.72,30.38,4.853,114.8,2.02
2020-01-21,10.22,26.4,9.706,21.63,12.994,2.304,4.924,8.62,28.92,11.702,6.989,10.985,1.775,6.084,21.41,11.113,25.1,3.133,18.255,8.575,3.93,7.61,0.507,39.58,13.714,23.64,30.16,4.793,114.3,2.068
2020-01-22,10.155,26.98,9.594,21.59,12.57,2.28,4.859,8.66,28.88,11.597,6.83,10.965,1.773,6.12,20.95,10.671,25.34,3.045,18.135,8.66,3.982,7.546,0.499,40.0,13.558,24.24,30.16,4.8,115.8,2.01
2020-01-23,10.105,26.82,9.514,21.33,12.556,2.268,4.809,8.66,28.32,11.432,6.745,10.91,1.794,6.222,20.58,10.437,27.0,3.018,17.935,8.63,4.106,7.62,0.494,40.32,13.458,24.27,30.4,4.851,114.1,1.974
2020-01-24,10.235,26.76,9.562,21.97,12.444,2.278,4.844,8.59,28.34,11.523,6.784,11.175,1.804,6.322,21.2,10.292,27.75,3.019,18.14,8.72,4.238,7.819,0.504,40.29,13.47,23.6,30.18,4.878,115.1,1.954
2020-01-27,9.722,26.34,9.288,21.31,12.336,2.255,4.73,8.33,27.22,11.252,6.637,10.765,1.791,6.268,20.27,10.016,26.15,3.0,17.72,8.7,4.158,7.674,0.493,39.93,13.196,22.91,29.4,4.804,112.6,1.951
2020-01-28,9.878,26.82,9.58,21.74,12.642,2.306,4.834,8.515,27.3,11.402,6.699,10.835,1.855,6.46,20.7,10.041,27.06,3.061,18.175,8.76,4.326,7.899,0.505,40.29,13.398,23.4,30.02,4.954,115.5,1.99
2020-01-29,9.998,27.04,9.508,21.85,12.64,2.32,4.881,8.62,27.84,11.512,6.741,11.205,1.845,6.522,20.99,10.046,26.9,3.034,18.245,8.885,4.324,8.009,0.517,40.88,13.288,23.54,30.48,4.978,115.6,2.021
2020-01-30,9.508,25.94,9.26,21.33,12.384,2.292,4.688,8.41,26.44,11.318,6.606,10.97,1.83,6.442,20.44,9.74,26.45,2.928,17.89,8.82,4.24,8.088,0.505,39.69,12.926,22.93,29.52,4.949,113.2,1.948
2020-01-31,9.328,25.68,9.012,21.1,12.082,2.246,4.603,8.15,25.46,11.134,6.361,11.18,1.803,6.296,20.08,9.408,25.28,2.809,17.595,8.73,4.102,7.855,0.487,38.63,12.658,22.19,28.72,4.837,111.0,1.85
2020-02-03,9.22,26.08,9.214,21.37,12.206,2.285,4.6,8.165,26.36,11.22,6.276,11.14,1.814,6.344,20.88,9.255,25.76,2.786,17.685,8.85,4.112,7.966,0.482,39.34,12.61,22.22,28.76,4.876,111.9,1.874
2020-02-04,9.414,26.54,9.332,22.14,12.58,2.352,4.669,8.29,27.16,11.398,6.396,11.5,1.824,6.396,21.48,9.383,26.67,2.867,17.945,8.925,4.124,8.0,0.492,40.03,12.788,22.88,29.7,4.943,114.0,1.939
2020-02-05,9.542,26.88,9.572,22.63,12.832,2.45,4.721,8.33,27.84,11.683,6.478,11.485,1.846,6.462,22.11,9.76,27.39,2.931,18.135,8.97,4.182,8.07,0.489,40.02,13.028,22.98,30.18,5.01,113.7,1.961
2020-02-06,9.57,27.46,9.42,22.9,13.878,2.471,4.801,8.24,27.62,11.778,6.536,11.46,1.846,6.494,22.07,9.682,27.22,2.963,18.325,9.045,4.232,8.13,0.502,40.5,12.97,22.75,30.44,5.052,114.8,2.044
2020-02-07,9.396,27.52,9.678,22.71,13.906,2.476,4.763,8.31,27.4,11.586,6.474,11.82,1.827,6.474,22.02,9.413,27.22,2.935,18.355,9.02,4.248,8.177,0.495,40.19,12.906,23.07,30.36,5.074,114.3,2.095
2020-02-10,9.454,27.64,9.604,22.92,13.964,2.459,4.801,8.4,27.34,11.373,6.334,11.71,1.824,6.478,22.43,9.285,27.55,2.946,18.44,9.065,4.278,8.2,0.491,40.59,12.78,23.75,31.1,5.056,114.7,2.08
2020-02-11,9.532,28.42,9.656,23.22,14.174,2.483,4.9,8.45,27.96,11.514,6.28,11.63,1.852,6.586,23.06,9.541,28.26,2.96,18.495,9.03,4.3,8.193,0.498,40.92,12.926,23.39,31.6,5.094,116.0,2.094
2020-02-12,9.756,28.5,9.682,23.55,14.122,2.507,4.938,8.44,28.08,11.943,6.4,11.755,1.844,6.504,23.52,9.79,28.58,3.069,18.575,9.07,4.316,8.132,0.507,41.31,13.1,23.92,32.1,5.05,114.8,2.171
2020-02-13,9.66,28.82,9.684,23.11,14.028,2.51,4.941,8.41,27.58,11.799,6.485,11.635,1.84,6.544,23.52,9.634,29.35,3.087,18.6,8.97,4.364,8.207,0.525,41.0,12.988,23.95,32.56,4.997,114.6,2.208
2020-02-14,9.63,29.0,9.606,23.0,13.886,2.507,5.258,8.445,29.48,11.637,6.466,11.475,1.851,6.494,23.77,9.516,28.95,3.043,18.72,8.96,4.332,8.277,0.518,40.35,12.892,23.92,32.52,4.995,116.6,2.182
2020-02-17,9.612,29.14,9.644,22.9,14.15,2.54,5.276,8.545,31.92,11.692,6.536,11.375,1.864,6.578,24.3,9.556,28.18,3.143,18.775,8.91,4.338,8.394,0.52,41.1,13.028,23.79,32.86,5.04,117.3,2.3
2020-02-18,9.416,29.52,9.656,22.55,14.06,2.6,5.35,8.695,31.3,11.584,6.59,11.39,1.879,6.664,23.93,9.416,27.84,2.803,18.78,8.985,4.354,8.467,0.519,41.53,12.91,23.87,32.84,5.058,120.9,2.41
2020-02-19,9.46,30.14,9.75,22.88,14.132,2.603,5.498,8.745,32.08,11.643,6.613,11.255,1.896,6.786,24.71,9.514,29.12,2.793,18.88,8.68,4.462,8.566,0.522,42.16,12.938,24.19,33.0,5.1,121.1,2.456
2020-02-20,9.81,29.62,9.59,22.57,13.718,2.55,5.392,8.53,31.96,11.65,6.458,11.05,1.866,6.678,24.08,9.619,28.7,2.839,18.595,8.52,4.438,8.433,0.515,41.0,12.9,23.66,32.4,5.014,117.5,2.45
2020-02-21,9.374,29.2,9.412,21.99,13.184,2.522,5.266,8.295,31.52,11.464,6.284,11.03,1.85,6.65,23.14,9.426,28.29,2.756,18.43,8.55,4.412,8.444,0.534,40.63,12.764,22.28,31.8,5.004,116.3,2.38
2020-02-24,8.9,27.2,8.848,20.56,12.64,2.376,4.925,7.855,30.04,10.762,5.885,10.29,1.735,6.374,22.05,8.703,26.29,2.597,17.435,8.08,4.19,8.03,0.513,38.49,12.168,20.72,29.62,4.79,110.6,2.222
2020-02-25,8.78,26.2,8.806,19.84,12.412,2.33,4.832,7.785,29.32,10.684,5.966,10.0,1.723,6.3,21.66,8.602,26.09,2.599,17.335,8.04,4.152,7.805,0.51,38.64,11.976,20.48,28.94,4.742,106.3,2.132
2020-02-26,8.8,26.42,8.758,20.19,12.552,2.381,4.875,7.81,29.34,11.176,6.012,10.07,1.703,6.38,22.27,9.027,26.69,2.657,17.265,8.125,4.188,7.955,0.528,39.79,12.064,20.76,29.56,4.809,107.2,2.156
2020-02-27,8.416,25.1,8.548,19.955,12.002,2.289,4.676,7.625,28.92,10.973,5.745,9.636,1.656,6.296,21.29,8.698,24.86,2.557,16.9,7.77,4.114,7.916,0.527,39.81,11.758,19.68,28.4,4.75,106.2,2.065
2020-02-28,8.168,25.76,8.19,19.765,11.538,2.198,4.477,7.36,27.34,10.669,5.559,9.238,1.574,5.99,21.38,8.572,24.38,2.436,16.26,7.54,3.878,7.576,0.5,38.68,11.158,19.2,27.86,4.471,102.5,1.982
2020-03-02,8.106,24.72,7.902,18.625,11.03,2.136,4.335,7.275,26.66,10.276,5.218,8.952,1.561,6.072,20.36,8.304,24.31,2.305,15.98,7.49,3.906,7.64,0.486,38.47,11.118,18.59,27.2,4.496,102.3,1.858
2020-03-03,8.144,25.62,7.83,19.075,10.562,2.119,4.255,7.245,26.9,10.383,5.245,9.082,1.586,6.128,20.57,8.183,24.98,2.251,15.98,7.62,3.984,7.793,0.478,39.24,11.12,18.59,27.28,4.606,105.3,1.705
2020-03-04,7.934,24.54,7.728,18.65,10.294,2.128,4.189,7.195,26.04,10.432,5.163,8.798,1.642,6.406,20.54,7.975,24.71,2.192,16.07,7.685,4.112,8.24,0.481,39.24,11.152,18.545,26.4,4.779,104.9,1.631
2020-03-05,7.788,23.6,7.404,18.6,10.134,2.046,3.981,6.83,24.82,10.29,4.807,8.888,1.597,6.39,19.885,7.566,24.43,2.113,15.735,7.66,4.092,8.145,0.458,39.36,10.968,17.62,25.36,4.744,104.5,1.562
2020-03-06,7.34,23.82,7.246,17.99,9.952,1.977,3.909,6.67,24.74,9.982,4.423,8.5,1.531,6.02,18.55,7.111,23.29,2.068,15.24,7.405,3.886,7.891,0.432,38.59,10.234,16.725,24.76,4.496,104.3,1.51
2020-03-09,5.77,22.22,6.202,15.595,8.614,1.75,3.489,6.2,22.8,8.904,3.818,7.52,1.367,5.576,17.06,5.583,20.93,1.787,13.76,6.99,3.554,7.106,0.391,36.82,8.1,14.745,22.6,4.082,101.0,1.293
2020-03-10,5.62,20.76,5.776,15.965,8.314,1.709,3.35,5.46,22.44,8.853,3.896,7.568,1.268,5.42,16.195,5.583,21.1,1.7,13.55,6.99,3.336,6.704,0.367,34.35,8.165,13.825,21.16,3.877,104.4,1.23
2020-03-11,5.504,20.26,5.94,15.93,8.54,1.779,3.378,5.4,22.96,9.037,4.07,7.386,1.242,5.54,16.335,5.51,20.68,1.704,13.55,6.64,3.376,6.52,0.382,33.83,8.05,14.0,21.04,3.936,113.0,1.324
2020-03-12,4.68,16.32,4.83,14.02,7.066,1.463,2.787,4.892,20.38,7.422,3.518,5.75,1.005,4.712,13.955,4.896,17.38,1.402,11.795,5.57,2.786,5.226,0.311,28.26,6.592,11.775,18.14,3.181,103.0,1.102
2020-03-13,4.799,18.14,5.178,14.72,7.713,1.554,2.932,5.46,21.72,7.954,3.701,6.082,1.06,4.964,15.155,5.168,18.145,1.716,12.07,5.79,3.21,5.619,0.335,33.55,6.911,13.585,19.57,3.499,109.6,1.268
2020-03-16,4.488,16.47,4.578,14.82,6.743,1.403,2.74,4.896,22.32,6.804,3.357,5.344,1.03,4.829,15.195,4.95,16.445,1.585,11.295,5.615,3.094,5.486,0.294,33.09,6.492,12.05,17.6,3.512,107.8,1.168
2020-03-17,4.646,16.88,4.464,14.82,7.01,1.451,2.619,4.482,22.32,6.515,3.275,5.218,1.064,5.206,15.79,5.163,16.19,1.579,10.85,5.535,3.15,5.72,0.327,34.17,6.866,11.445,17.3,3.71,105.6,1.248
2020-03-18,4.76,17.7,4.205,14.78,7.0,1.409,2.521,4.13,21.62,5.808,3.289,4.719,1.031,5.414,16.25,5.186,13.96,1.537,10.385,6.125,3.158,5.89,0.359,34.8,6.694,10.995,16.86,3.905,106.8,1.249
2020-03-19,5.018,18.35,4.172,14.505,7.37,1.425,2.968,4.078,22.0,5.51,3.469,4.766,1.035,5.714,16.725,5.741,15.085,1.561,10.735,6.74,3.088,5.83,0.377,36.16,6.965,11.095,17.36,4.1,114.4,1.265
2020-03-20,5.22,18.58,4.253,14.46,7.934,1.465,2.75,4.232,21.5,5.831,4.144,4.702,1.017,5.37,15.1,5.643,15.91,1.743,10.89,6.35,3.242,5.889,0.375,34.8,7.293,10.7,16.95,3.756,111.6,1.253
2020-03-23,5.144,18.99,4.356,13.515,7.605,1.449,2.854,4.22,19.51,5.583,4.334,4.59,1.0,5.162,15.54,5.515,16.07,1.987,10.895,6.3,3.064,5.972,0.384,35.23,7.287,10.845,17.17,3.704,116.8,1.242
2020-03-24,5.35,19.72,4.962,15.5,8.365,1.584,3.007,4.73,20.56,6.302,4.334,5.25,1.079,5.462,16.84,5.856,18.39,2.037,12.1,6.575,3.094,6.311,0.396,35.24,8.375,11.825,18.52,3.908,115.2,1.323
2020-03-25,5.382,19.86,5.354,16.2,8.433,1.616,3.012,4.872,20.8,6.486,4.528,5.842,1.094,5.53,16.57,5.826,19.44,2.005,12.45,7.065,3.034,6.3,0.387,34.93,8.723,12.93,18.67,3.95,112.7,1.304
2020-03-26,5.68,19.0,5.5,17.375,8.303,1.631,3.167,5.14,21.42,6.54,4.652,6.196,1.088,5.582,16.55,5.894,19.205,1.966,12.66,7.14,3.062,6.279,0.368,36.13,8.711,13.835,19.42,3.924,110.5,1.322
2020-03-27,5.568,19.08,5.162,15.86,7.86,1.567,2.958,4.966,21.86,6.148,4.233,6.04,1.067,5.744,15.7,5.603,18.47,1.839,12.375,6.82,3.14,6.155,0.363,36.35,8.217,12.915,18.75,3.928,108.5,1.258
2020-03-30,5.538,18.97,4.975,15.975,7.274,1.471,3.024,4.722,21.0,5.988,4.233,5.964,1.131,5.774,15.315,5.623,19.405,1.838,12.365,6.65,3.29,6.386,0.36,39.13,8.593,12.66,18.67,4.136,116.5,1.212
2020-03-31,5.58,18.72,5.028,16.67,7.147,1.488,3.134,4.65,21.98,6.237,4.338,6.072,1.133,5.77,14.6,5.623,19.875,1.895,12.41,6.55,3.268,6.339,0.372,38.54,9.22,13.18,19.12,4.204,120.7,1.2
2020-04-01,5.484,18.2,5.004,15.78,6.86,1.435,3.134,4.636,21.5,6.001,4.125,5.858,1.12,5.456,14.865,5.573,18.935,1.84,12.095,6.292,3.172,6.068,0.372,37.7,9.2,12.665,18.91,3.896,118.3,1.176
2020-04-02,5.736,18.23,5.176,15.88,6.779,1.438,3.184,4.652,22.8,5.965,4.09,6.08,1.155,5.61,14.925,6.067,18.485,1.826,12.33,6.378,3.218,6.145,0.379,38.19,9.838,12.95,19.07,4.121,118.3,1.208
2020-04-03,5.776,17.6,5.082,15.925,6.54,1.329,3.082,4.57,22.4,5.884,4.039,6.314,1.147,5.52,14.3,5.959,17.94,1.817,12.185,6.112,3.176,6.069,0.38,37.07,9.325,12.39,18.72,3.931,117.6,1.186
2020-04-06,5.92,18.48,5.446,16.84,7.107,1.458,3.278,4.736,23.36,6.279,4.032,6.786,1.192,5.56,14.835,6.022,19.595,1.852,12.545,6.734,3.21,6.14,0.392,37.65,9.315,12.875,19.67,3.968,118.1,1.215
2020-04-07,6.192,19.67,5.556,17.98,7.35,1.469,3.294,5.0,23.76,6.685,4.051,6.96,1.193,5.5,14.925,6.035,20.6,1.845,12.785,6.66,3.202,6.375,0.387,37.37,9.428,13.54,20.6,3.951,124.9,1.215
2020-04-08,6.05,19.3,5.566,17.98,7.314,1.449,3.21,5.225,24.6,6.756,4.094,7.036,1.173,5.498,15.23,5.901,21.2,1.754,12.785,6.598,3.086,6.285,0.38,36.74,9.295,14.51,22.36,3.833,129.4,1.185
2020-04-09,6.006,19.315,5.542,17.76,7.437,1.445,3.178,5.46,25.2,7.098,4.221,7.15,1.202,5.536,15.65,6.05,22.17,1.771,12.87,6.63,3.232,6.453,0.371,37.78,9.308,14.61,22.54,3.937,133.4,1.218
2020-04-10,6.006,19.315,5.542,17.76,7.437,1.445,3.178,5.46,25.2,7.098,4.221,7.15,1.202,5.536,15.65,6.05,22.17,1.771,12.87,6.63,3.232,6.453,0.371,37.78,9.308,14.61,22.54,3.937,133.4,1.218
2020-04-13,6.006,19.315,5.542,17.76,7.437,1.445,3.178,5.46,25.2,7.098,4.221,7.15,1.202,5.536,15.65,6.05,22.17,1.771,12.87,6.63,3.232,6.453,0.371,37.78,9.308,14.61,22.54,3.937,133.4,1.218
2020-04-14,5.926,19.65,5.31,17.1,7.1,1.406,3.244,5.47,26.0,7.08,4.311,7.084,1.22,5.528,15.725,5.969,22.09,1.692,13.135,6.69,3.222,6.447,0.368,38.5,9.167,14.095,22.98,3.933,140.0,1.171
2020-04-15,5.66,18.35,4.962,15.605,6.622,1.348,3.014,5.015,24.6,6.72,4.179,6.68,1.215,5.43,14.745,5.457,20.4,1.567,12.6,6.688,3.196,6.207,0.353,38.28,8.582,13.27,20.92,3.815,149.8,1.102
2020-04-16,5.764,18.8,4.909,15.175,6.666,1.36,2.98,5.075,24.3,6.747,4.241,6.622,1.231,5.44,15.3,5.475,20.62,1.499,12.39,6.756,3.192,6.249,0.349,37.75,8.454,13.48,21.18,3.807,150.1,1.11
2020-04-17,5.8,19.72,5.002,15.84,6.863,1.376,3.008,5.23,25.14,6.949,4.411,6.662,1.25,5.496,15.4,5.495,21.39,1.515,12.53,6.95,3.272,6.209,0.345,38.33,8.587,13.58,21.22,3.826,144.5,1.112
2020-04-20,5.766,21.85,5.064,16.42,6.897,1.383,2.952,5.13,25.7,7.051,4.613,6.576,1.25,5.362,15.2,5.573,21.1,1.516,12.53,6.73,3.288,6.192,0.349,38.81,8.434,13.685,21.0,3.85,153.5,1.112
2020-04-21,5.478,21.04,4.885,15.81,6.59,1.32,2.84,4.886,25.0,6.736,4.718,6.2,1.212,5.288,15.155,5.284,19.705,1.451,12.165,6.676,3.16,6.005,0.337,38.16,7.96,13.205,20.18,3.761,152.6,1.076
2020-04-22,5.648,20.18,4.821,16.515,6.718,1.338,2.84,5.065,25.24,6.881,4.818,5.96,1.219,5.402,15.765,5.588,21.35,1.449,12.365,6.658,3.25,5.985,0.335,38.61,8.348,13.32,20.48,3.85,165.0,1.074
2020-04-23,5.872,19.735,5.128,16.84,6.9,1.384,2.944,5.18,25.76,7.123,4.884,6.24,1.207,5.362,15.935,5.673,22.36,1.497,12.465,6.62,3.238,5.926,0.347,38.28,8.472,13.55,20.62,3.795,159.1,1.102
2020-04-24,5.918,20.1,5.002,16.715,6.688,1.344,2.938,5.155,26.5,6.975,4.954,6.128,1.221,5.588,16.03,5.457,22.65,1.435,12.37,6.672,3.272,5.9,0.337,38.3,8.25,13.52,20.62,3.861,162.6,1.062
2020-04-27,5.908,20.95,5.244,17.66,6.969,1.395,3.098,5.35,26.22,7.306,5.194,6.146,1.244,5.71,16.71,5.505,23.9,1.476,12.745,6.83,3.35,6.07,0.345,39.08,8.404,14.8,22.22,3.965,166.9,1.097
2020-04-28,6.022,21.2,5.424,17.315,7.228,1.447,3.196,5.605,25.98,7.489,5.427,6.114,1.237,5.656,16.945,5.555,24.29,1.568,12.97,6.85,3.354,6.15,0.345,38.59,8.684,15.435,22.5,4.121,167.1,1.128
2020-04-29,6.374,20.93,5.516,18.405,7.376,1.48,3.19,5.83,26.46,7.763,5.729,6.446,1.234,5.756,17.265,5.864,24.96,1.593,13.3,7.034,3.336,6.27,0.364,40.85,8.957,16.0,23.1,4.114,162.2,1.156
2020-04-30,6.394,20.91,5.288,17.885,7.029,1.423,3.144,5.57,26.58,7.608,5.474,6.294,1.242,5.72,17.17,5.876,23.71,1.524,13.015,7.07,3.378,6.236,0.362,39.67,8.714,15.525,22.66,4.088,155.3,1.113
2020-05-01,6.394,20.91,5.288,17.885,7.029,1.423,3.144,5.57,26.58,7.608,5.474,6.294,1.242,5.72,17.17,5.876,23.71,1.524,13.015,7.07,3.378,6.236,0.362,39.67,8.714,15.525,22.66,4.088,155.3,1.113
2020-05-04,6.04,20.7,5.21,16.925,6.634,1.376,3.142,5.32,26.42,7.179,6.102,6.0,1.196,5.444,16.925,5.733,22.43,1.492,12.7,6.858,3.236,6.007,0.345,39.48,8.211,15.355,22.02,3.98,155.4,1.094
2020-05-05,6.33,21.65,5.164,16.69,6.655,1.451,3.172,5.32,26.42,7.284,5.904,5.886,1.207,5.694,18.34,5.791,22.78,1.489,12.935,6.928,3.228,6.088,0.353,40.49,8.687,15.5,22.3,4.1,155.0,1.116
2020-05-06,6.086,22.79,5.154,16.395,6.6,1.42,3.176,5.24,26.82,7.239,5.567,6.0,1.193,5.608,17.4,5.62,22.91,1.472,12.735,7.006,3.168,6.067,0.35,39.88,8.423,15.03,21.98,4.0,152.9,1.108
2020-05-07,6.178,22.39,5.14,16.44,6.496,1.404,3.192,5.3,26.28,7.213,5.35,5.99,1.204,5.65,17.415,5.768,23.2,1.435,12.82,7.03,3.128,6.188,0.343,40.91,8.556,15.13,22.36,4.003,154.8,1.092
2020-05-08,6.23,22.3,5.196,17.0,6.58,1.414,3.196,5.36,26.92,7.374,5.373,6.1,1.21,5.776,18.14,5.809,23.4,1.447,12.975,7.194,3.168,6.2,0.346,41.4,8.631,15.14,22.36,4.026,156.2,1.148
2020-05-11,6.118,22.86,5.37,17.115,6.615,1.409,3.128,5.365,27.42,7.244,5.342,5.91,1.204,5.658,18.06,5.766,22.88,1.431,12.86,7.206,3.252,6.08,0.348,44.0,8.631,15.3,22.52,4.027,162.5,1.16
2020-05-12,6.01,23.39,5.284,16.5,6.656,1.421,3.13,5.595,26.3,7.205,5.303,5.9,1.255,5.742,18.87,5.663,23.7,1.421,12.805,7.336,3.286,6.145,0.368,43.12,8.714,15.04,23.26,4.119,160.5,1.153
2020-05-13,5.764,22.82,5.05,16.105,6.4,1.394,3.084,5.695,26.62,6.999,5.443,5.7,1.281,5.806,18.1,5.553,22.78,1.374,12.56,7.184,3.214,6.03,0.365,43.69,8.525,14.86,22.78,4.044,172.5,1.128
2020-05-14,5.748,22.01,4.909,15.82,6.284,1.384,3.06,5.51,27.18,6.803,5.288,5.47,1.25,5.644,17.625,5.595,22.27,1.363,12.405,6.944,3.106,5.884,0.358,42.3,8.514,14.995,22.22,3.917,177.0,1.122
2020-05-15,5.784,22.44,4.886,15.695,6.213,1.384,3.014,5.385,28.0,6.836,5.377,5.35,1.25,5.538,17.69,5.575,21.62,1.359,12.56,6.904,3.09,5.761,0.361,44.86,8.52,14.88,22.66,3.897,184.2,1.115
2020-05-18,6.224,22.89,5.224,16.61,6.58,1.452,3.274,5.57,28.16,7.396,5.388,5.588,1.215,5.596,18.75,5.974,22.27,1.385,12.415,7.186,3.154,5.964,0.38,44.46,8.657,14.65,23.34,4.047,184.8,1.169
2020-05-19,5.67,21.94,5.128,16.65,6.491,1.431,3.134,5.535,26.38,7.061,5.055,5.392,1.161,5.5,17.835,5.655,22.21,1.308,12.195,6.742,3.138,6.037,0.347,40.87,8.384,13.93,22.8,4.001,179.2,1.084
2020-05-20,5.852,23.03,5.142,16.825,6.53,1.439,3.122,5.545,27.0,6.949,4.9,5.44,1.176,5.628,18.355,5.608,22.5,1.285,12.26,6.91,3.204,6.252,0.32,41.56,8.429,14.33,22.94,4.031,189.2,1.079
2020-05-21,5.564,22.68,5.07,16.79,6.45,1.422,3.054,5.695,27.12,6.965,4.838,5.246,1.171,5.592,18.165,5.387,21.88,1.261,11.895,6.764,3.198,6.33,0.32,41.18,8.222,14.165,22.96,3.984,190.9,1.043
2020-05-22,5.548,23.0,5.172,16.94,6.73,1.445,3.124,5.7,27.62,7.038,4.904,5.182,1.174,5.69,18.8,5.322,21.93,1.262,12.175,6.9,3.218,6.41,0.321,42.16,8.174,14.335,22.82,4.018,202.8,1.051
2020-05-25,5.6,24.12,5.19,17.44,6.772,1.458,3.214,5.75,27.86,7.284,4.83,5.49,1.217,5.858,19.245,5.485,22.23,1.265,12.13,6.914,3.334,6.51,0.326,42.1,8.26,14.475,23.16,4.12,209.4,1.061
2020-05-26,5.688,24.23,5.484,17.325,7.073,1.501,3.202,5.865,27.62,7.531,4.853,5.858,1.25,5.814,19.56,5.462,22.95,1.397,12.465,6.968,3.35,6.516,0.33,42.34,8.274,14.61,23.18,4.136,197.0,1.112
2020-05-27,5.696,23.33,5.708,17.7,7.404,1.538,3.188,5.92,27.22,7.742,4.791,5.712,1.223,5.746,18.975,5.309,21.73,1.448,12.72,6.95,3.338,6.586,0.331,41.33,8.45,14.605,23.56,4.04,173.0,1.122
2020-05-28,5.836,24.61,5.922,17.98,7.665,1.559,3.256,6.06,26.94,7.83,4.83,5.83,1.25,5.986,19.2,5.573,22.22,1.506,12.775,7.4,3.424,6.792,0.335,41.78,8.492,15.12,24.46,4.188,181.8,1.164
2020-05-29,5.592,24.95,5.836,17.885,7.666,1.552,3.156,5.99,26.88,7.537,4.698,5.6,1.247,6.07,19.145,5.359,22.09,1.453,12.485,7.3,3.45,6.901,0.332,40.92,8.123,14.9,24.36,4.184,188.5,1.151
2020-06-01,5.844,24.63,6.308,18.05,7.906,1.58,3.176,5.94,27.08,7.802,4.741,5.912,1.263,6.11,18.87,5.522,22.32,1.489,12.89,7.19,3.45,6.998,0.341,40.65,8.34,15.075,24.62,4.295,181.5,1.225
2020-06-02,6.088,24.97,6.444,18.815,8.035,1.625,3.364,6.16,28.42,7.913,4.764,6.17,1.294,6.226,19.17,5.598,22.75,1.516,13.28,7.364,3.528,7.189,0.352,41.12,8.771,15.335,25.24,4.398,178.9,1.245
2020-06-03,6.392,24.94,6.794,19.5,8.45,1.673,3.474,6.23,29.24,8.321,5.187,6.694,1.342,6.392,19.555,5.799,24.64,1.565,13.945,7.35,3.572,7.504,0.349,41.03,8.999,15.705,25.54,4.491,173.5,1.275
2020-06-04,6.458,24.46,6.792,19.48,8.515,1.694,3.552,6.465,28.9,8.26,5.443,6.68,1.342,6.37,19.45,5.909,24.28,1.566,14.005,7.4,3.578,7.485,0.35,41.68,8.964,16.095,25.68,4.502,174.2,1.331
2020-06-05,6.796,23.76,7.108,20.18,8.919,1.773,3.71,6.765,28.86,8.837,5.435,7.08,1.326,6.268,20.26,6.469,25.05,1.718,14.385,7.396,3.584,7.578,0.361,41.35,9.506,16.895,26.28,4.51,166.0,1.421
2020-06-08,6.896,23.33,7.33,19.91,9.269,1.803,3.682,6.92,28.98,8.928,5.427,7.142,1.354,6.284,20.39,6.592,23.98,1.801,14.42,7.398,3.616,7.577,0.371,41.22,9.664,17.3,26.44,4.495,159.6,1.44
2020-06-09,6.774,23.7,7.094,19.775,8.925,1.72,3.612,6.655,28.4,8.536,5.338,6.846,1.321,6.184,20.45,6.414,24.05,1.775,14.265,7.392,3.534,7.542,0.369,41.48,9.376,16.56,25.76,4.489,161.5,1.398
2020-06-10,6.678,23.72,6.966,19.165,8.63,1.703,3.504,6.655,27.46,8.305,5.214,6.668,1.302,6.162,20.3,6.253,23.9,1.686,13.97,7.432,3.484,7.512,0.372,41.89,9.23,16.5,26.04,4.51,164.0,1.38
2020-06-11,6.192,22.92,6.67,18.06,7.951,1.618,3.348,6.2,26.32,7.665,4.846,6.228,1.235,6.002,19.255,5.783,23.01,1.578,13.43,7.31,3.36,7.327,0.341,40.54,8.581,15.505,24.5,4.342,167.8,1.273
2020-06-12,6.254,23.11,6.808,18.01,7.942,1.622,3.354,6.295,26.52,7.776,4.768,6.196,1.23,6.042,19.205,5.864,22.93,1.543,13.425,7.46,3.36,7.345,0.353,40.56,8.587,15.455,25.36,4.325,167.0,1.278
2020-06-15,6.26,23.77,6.908,17.945,7.895,1.627,3.36,6.32,26.34,7.778,4.861,6.214,1.258,6.174,19.0,5.992,22.82,1.557,13.405,7.32,3.402,7.362,0.347,41.55,8.58,15.33,25.88,4.426,169.9,1.288
2020-06-16,6.458,24.02,7.082,19.565,8.418,1.699,3.476,6.53,26.88,8.0,5.001,6.544,1.301,6.336,19.95,6.105,23.83,1.659,13.705,7.572,3.516,7.566,0.373,42.58,8.935,15.67,26.5,4.519,170.8,1.382
2020-06-17,6.252,24.4,7.048,19.865,8.398,1.704,3.446,6.46,26.56,7.97,5.016,6.582,1.309,6.292,19.885,5.987,24.01,1.626,13.605,7.59,3.5,7.505,0.374,45.25,8.896,15.53,26.46,4.503,170.3,1.377
2020-06-18,6.19,23.75,7.174,19.82,8.24,1.686,3.484,6.43,26.32,7.945,4.97,6.538,1.299,6.368,20.21,5.927,24.33,1.581,13.435,7.648,3.476,7.473,0.367,44.23,8.835,15.32,26.56,4.517,169.5,1.352
2020-06-19,6.188,23.78,7.022,19.53,8.255,1.685,3.45,6.495,25.3,8.022,4.985,6.43,1.311,6.554,20.56,6.017,24.2,1.597,13.615,7.712,3.48,7.6,0.38,45.39,8.874,15.595,26.28,4.629,167.4,1.337
2020-06-22,6.082,24.24,6.82,19.52,8.241,1.682,3.434,6.475,26.88,8.131,4.892,6.234,1.301,6.156,20.46,5.889,23.69,1.536,13.43,7.704,3.46,7.6,0.38,45.41,8.803,15.405,26.52,4.345,170.7,1.34
2020-06-23,6.204,24.57,6.852,20.14,8.427,1.711,3.484,6.535,27.38,8.602,4.923,6.32,1.306,6.158,20.9,6.004,24.36,1.574,13.63,7.85,3.456,7.811,0.379,46.14,8.896,15.745,26.86,4.328,175.8,1.378
2020-06-24,5.82,23.48,6.46,19.285,8.069,1.667,3.382,6.255,26.14,8.223,4.768,6.03,1.25,5.996,20.35,5.708,23.73,1.494,13.265,7.648,3.374,7.624,0.362,45.0,8.472,15.0,25.74,4.211,170.3,1.305
2020-06-25,5.896,23.54,6.514,19.125,8.053,1.685,3.404,6.24,26.1,8.343,4.776,5.958,1.251,6.006,20.62,5.771,23.71,1.505,13.3,7.4,3.31,7.663,0.367,45.19,8.481,15.24,26.04,4.218,173.0,1.334
2020-06-26,5.744,23.62,6.252,19.05,7.909,1.66,3.412,6.305,26.54,8.195,4.687,5.85,1.24,6.076,20.43,5.507,23.47,1.471,13.28,7.53,3.338,7.639,0.353,44.91,8.397,14.91,25.8,4.308,171.4,1.285
2020-06-29,5.808,23.52,6.53,19.445,8.259,1.702,3.494,6.36,26.54,8.378,4.768,5.986,1.258,6.078,20.67,5.615,23.51,1.543,13.42,7.526,3.392,7.724,0.362,45.0,8.625,15.28,26.58,4.3,169.7,1.362
2020-06-30,5.748,23.71,6.39,19.17,8.188,1.704,3.462,6.39,26.44,8.488,4.745,5.9,1.26,6.118,20.62,5.57,24.22,1.497,13.47,7.5,3.346,7.678,0.35,44.45,8.49,15.21,26.66,4.334,170.4,1.328
2020-07-01,5.678,23.81,6.466,19.12,8.112,1.691,3.424,6.285,26.34,8.338,4.768,5.834,1.266,6.15,20.74,5.588,23.73,1.468,13.465,7.604,3.388,7.702,0.35,45.42,8.475,15.13,26.04,4.338,171.0,1.298
2020-07-02,5.854,24.37,6.746,19.53,8.568,1.753,3.564,6.58,26.5,8.54,4.877,5.972,1.286,6.284,21.28,5.683,24.02,1.479,13.835,7.816,3.43,7.947,0.355,45.73,8.72,15.525,26.72,4.475,171.3,1.363
2020-07-03,5.746,24.34,6.724,19.225,8.422,1.747,3.562,6.42,26.5,8.446,4.787,5.844,1.283,6.21,21.04,5.64,24.23,1.472,13.745,7.718,3.42,7.874,0.349,45.84,8.674,15.365,26.78,4.386,171.1,1.347
2020-07-06,5.948,24.65,6.754,19.655,8.738,1.792,3.6,6.575,26.58,8.545,4.818,5.99,1.278,6.27,21.28,5.686,24.67,1.517,13.885,7.897,3.34,7.914,0.361,46.64,8.758,15.68,27.4,4.393,174.7,1.404
2020-07-07,5.846,24.86,6.762,19.51,8.673,1.787,3.62,6.545,26.8,8.525,4.772,5.912,1.265,6.25,21.72,5.57,24.55,1.5,13.755,7.942,3.288,7.975,0.349,45.99,8.82,15.67,27.54,4.451,178.5,1.39
2020-07-08,5.752,24.96,6.692,19.21,8.594,1.763,3.632,6.475,27.04,8.348,4.787,5.862,1.265,6.31,21.7,5.522,23.84,1.493,13.615,7.98,3.306,8.086,0.346,46.0,8.698,15.655,26.5,4.548,179.2,1.359
2020-07-09,5.546,24.83,6.578,19.255,8.298,1.731,3.534,6.27,26.1,8.191,4.772,5.608,1.233,6.156,21.37,5.276,24.13,1.454,13.395,8.12,3.218,7.936,0.342,46.15,8.434,15.275,25.66,4.459,171.5,1.309
2020-07-10,5.576,24.88,6.76,19.67,8.52,1.765,3.57,6.425,26.92,8.383,4.811,5.618,1.237,6.124,21.45,5.236,25.35,1.527,13.495,8.143,3.208,8.03,0.345,45.6,8.492,15.535,25.98,4.448,172.9,1.334
2020-07-13,5.592,25.3,6.926,19.885,8.702,1.781,3.61,6.5,27.26,8.595,4.904,6.012,1.251,6.208,21.67,5.221,25.86,1.597,13.64,8.092,3.258,8.122,0.365,46.68,8.66,15.785,26.08,4.526,173.7,1.354
2020-07-14,5.644,24.97,7.046,20.12,8.665,1.781,3.61,6.495,26.66,8.521,4.807,6.03,1.237,6.224,21.17,5.289,24.77,1.687,13.71,8.025,3.214,8.014,0.371,47.02,8.783,15.765,25.86,4.479,173.2,1.367
2020-07-15,5.74,25.47,7.056,21.21,8.77,1.814,3.672,6.59,27.48,8.608,4.842,6.416,1.236,6.248,21.85,5.367,25.52,1.688,13.815,8.205,3.228,8.169,0.375,47.4,8.836,16.45,26.48,4.51,175.8,1.39
2020-07-16,5.82,25.9,7.084,21.4,8.807,1.839,3.718,6.595,27.36,8.706,4.974,6.36,1.253,6.28,22.04,5.477,25.55,1.697,13.82,8.194,3.282,8.253,0.392,47.61,8.895,16.4,26.44,4.566,178.1,1.401
2020-07-17,5.75,25.82,7.038,21.29,8.81,1.832,3.704,6.625,27.86,8.695,4.931,6.4,1.252,6.386,22.1,5.48,26.16,1.719,13.69,8.106,3.326,8.427,0.391,48.32,8.813,16.45,26.52,4.648,178.2,1.398
2020-07-20,5.766,26.47,7.202,21.37,8.838,1.854,3.736,6.78,28.06,8.746,4.869,6.45,1.268,6.428,23.0,5.537,26.78,1.683,13.78,8.173,3.33,8.322,0.397,48.76,8.781,17.04,26.76,4.667,180.9,1.475
2020-07-21,5.904,26.25,7.206,21.04,8.964,1.885,3.768,6.705,28.18,8.766,4.935,6.302,1.271,6.38,22.79,5.645,26.48,1.742,13.98,8.268,3.332,8.33,0.387,48.33,8.929,16.905,27.1,4.75,178.3,1.482
2020-07-22,5.772,26.1,7.29,21.74,8.973,1.876,3.742,6.645,28.2,8.691,4.853,6.222,1.306,6.394,23.0,5.628,26.68,1.725,13.91,8.152,3.368,8.194,0.386,47.66,8.707,16.95,27.08,4.748,175.0,1.475
2020-07-23,5.674,26.24,7.164,21.36,8.751,1.849,3.89,6.585,28.32,8.745,4.811,6.182,1.268,6.342,23.19,5.565,26.57,1.666,13.78,8.311,3.32,8.134,0.384,48.14,8.601,17.085,27.14,4.695,169.3,1.428
2020-07-24,5.632,25.92,7.08,20.72,8.681,1.815,3.726,6.48,27.6,8.614,4.745,6.144,1.252,6.296,22.85,5.565,25.89,1.641,13.59,8.165,3.242,7.944,0.382,46.96,8.52,16.73,26.46,4.627,162.7,1.426
2020-07-27,5.526,26.12,7.03,20.88,8.562,1.801,3.68,6.41,28.08,8.611,4.745,5.93,1.222,6.308,22.88,5.44,26.15,1.572,13.515,8.116,3.19,7.921,0.363,47.32,8.463,16.785,26.78,4.622,170.8,1.372
2020-07-28,5.418,26.32,6.964,20.54,8.465,1.786,3.68,6.385,27.26,8.8,4.791,5.892,1.228,6.398,22.28,5.46,24.78,1.577,13.59,8.556,3.21,7.9,0.36,47.33,8.477,16.47,26.1,4.635,170.6,1.381
2020-07-29,5.154,27.81,6.938,20.19,8.225,1.789,3.668,6.435,27.74,8.69,4.652,5.836,1.249,6.4,21.99,4.921,24.58,1.526,13.5,8.726,3.292,7.975,0.362,47.11,8.41,16.555,26.34,4.627,173.3,1.348
2020-07-30,5.058,27.76,6.75,19.515,7.819,1.735,3.458,6.195,27.28,8.348,4.462,5.704,1.195,6.25,22.0,4.599,23.66,1.507,12.81,8.511,3.208,7.737,0.347,45.68,7.818,16.075,24.92,4.451,167.5,1.276
2020-07-31,4.932,28.95,6.778,19.215,7.721,1.707,3.534,6.295,27.68,8.181,4.462,5.41,1.214,6.306,21.63,4.5,23.81,1.443,12.66,8.513,3.274,7.729,0.341,45.24,7.541,16.05,25.2,4.5,166.0,1.271
2020-08-03,5.166,29.56,6.49,19.63,7.752,1.708,3.584,6.44,27.76,8.575,4.551,5.538,1.23,6.28,22.64,4.574,24.57,1.406,12.735,8.575,3.158,7.856,0.349,45.81,7.534,16.465,25.48,4.505,167.5,1.248
2020-08-04,5.18,28.8,6.6,19.58,8.006,1.794,3.76,6.435,27.56,8.912,4.648,5.804,1.235,6.224,22.2,4.714,24.69,1.388,12.935,8.524,3.18,7.869,0.371,44.72,7.859,16.44,25.24,4.448,160.6,1.304
2020-08-05,5.412,28.89,6.784,20.59,8.079,1.834,3.744,6.435,27.96,8.919,4.667,5.888,1.237,6.15,22.16,4.998,24.4,1.468,13.035,8.59,3.17,7.833,0.386,44.66,8.096,16.605,25.48,4.4,157.6,1.324
2020-08-06,5.144,28.44,6.778,20.43,7.766,1.814,3.778,6.535,27.56,8.824,4.601,5.856,1.227,6.12,21.97,4.84,24.34,1.5,12.775,8.425,3.162,7.73,0.379,44.62,7.942,16.63,25.24,4.354,154.4,1.296
2020-08-07,5.084,28.85,6.738,20.37,7.731,1.805,3.874,6.45,28.0,8.812,4.625,5.878,1.242,6.136,22.2,4.799,24.49,1.472,12.705,8.499,3.152,7.815,0.375,44.82,7.806,16.6,25.0,4.36,158.6,1.272
2020-08-10,5.176,28.29,6.826,20.83,7.868,1.814,4.068,6.63,28.18,8.964,4.722,6.054,1.263,6.19,22.35,4.969,24.17,1.506,12.775,8.51,3.25,7.865,0.382,44.54,7.986,16.63,25.08,4.4,152.8,1.307
2020-08-11,5.352,28.31,7.23,21.58,8.251,1.861,4.12,6.74,29.56,9.436,4.749,6.254,1.294,6.316,22.7,5.146,25.02,1.584,13.245,8.559,3.318,7.964,0.389,45.6,8.244,17.075,26.18,4.5,157.5,1.398
2020-08-12,5.326,28.67,7.25,21.45,8.36,1.883,4.076,6.81,29.64,9.401,4.749,6.268,1.309,6.486,22.9,5.048,25.48,1.604,13.3,8.735,3.394,8.11,0.386,46.2,8.373,17.03,26.06,4.6,160.2,1.387
2020-08-13,5.214,28.51,7.26,21.28,8.226,1.866,4.112,6.7,29.62,9.263,4.71,6.14,1.294,6.39,22.7,4.965,25.31,1.606,13.17,8.695,3.382,8.008,0.375,45.84,8.245,16.895,25.86,4.512,159.5,1.436
2020-08-14,5.16,28.33,7.134,21.1,8.26,1.852,4.03,6.59,28.94,9.196,4.71,5.988,1.278,6.306,22.54,4.875,24.7,1.584,13.11,8.571,3.36,7.885,0.379,45.07,8.179,16.85,25.42,4.446,156.1,1.424
2020-08-17,5.16,28.57,7.014,21.25,8.135,1.824,3.988,6.645,29.08,9.158,4.683,5.84,1.28,6.33,22.57,4.794,25.1,1.568,12.91,8.602,3.326,7.808,0.37,45.89,8.1,16.77,25.54,4.421,162.8,1.39
2020-08-18,5.114,27.82,7.038,21.38,8.16,1.815,4.03,6.525,29.22,9.117,4.671,5.884,1.26,6.278,22.55,4.753,24.74,1.572,12.935,8.535,3.248,7.788,0.367,45.41,8.054,16.58,25.18,4.387,159.1,1.401
2020-08-19,5.064,28.32,7.194,21.26,8.328,1.845,4.066,6.635,29.22,9.137,4.687,6.0,1.273,6.354,23.0,4.712,24.76,1.586,13.14,8.64,3.3,7.865,0.375,45.62,8.128,16.66,25.4,4.473,162.2,1.441
2020-08-20,4.952,27.97,7.032,20.75,8.177,1.816,4.01,6.525,29.12,8.967,4.621,5.898,1.265,6.26,22.57,4.659,24.32,1.56,13.03,8.575,3.268,7.755,0.369,45.68,7.935,16.435,25.08,4.412,162.9,1.409
2020-08-21,4.93,27.75,6.99,20.82,8.124,1.812,3.998,6.47,29.12,8.852,4.652,5.806,1.258,6.296,22.43,4.496,24.34,1.543,12.94,8.52,3.244,7.731,0.364,45.3,7.873,16.265,24.98,4.386,163.0,1.41
2020-08-24,5.096,27.7,7.196,21.25,8.297,1.839,4.106,6.68,29.68,9.136,4.667,6.008,1.28,6.438,23.1,4.669,25.09,1.584,13.215,8.688,3.35,7.866,0.375,46.1,8.191,16.86,25.94,4.488,163.5,1.438
2020-08-25,5.038,27.92,7.236,21.21,8.248,1.834,4.13,6.565,29.16,9.032,4.667,5.986,1.27,6.372,23.23,4.635,25.3,1.59,13.29,8.639,3.316,7.804,0.37,46.14,8.078,16.785,25.7,4.467,163.9,1.438
2020-08-26,4.987,27.7,7.466,21.17,8.32,1.843,4.164,6.61,29.8,9.082,4.601,5.93,1.249,6.276,23.29,4.617,26.01,1.589,13.395,8.733,3.25,7.798,0.388,46.5,8.1,16.805,26.02,4.41,167.7,1.423
2020-08-27,4.896,27.79,7.512,20.97,8.165,1.804,4.146,6.545,29.44,8.968,4.559,5.896,1.242,6.166,23.37,4.536,25.6,1.578,13.3,8.605,3.224,7.617,0.402,45.4,7.986,16.65,26.0,4.365,153.2,1.428
2020-08-28,4.926,27.5,7.438,20.79,8.447,1.825,4.15,6.4,29.12,8.935,4.59,5.834,1.238,6.1,23.86,4.531,25.27,1.611,13.24,8.471,3.2,7.64,0.401,45.4,7.962,16.49,25.72,4.334,145.8,1.434
2020-08-31,4.92,27.92,7.282,20.52,8.25,1.805,4.04,6.215,29.3,8.761,4.594,5.668,1.223,6.058,23.44,4.506,25.14,1.558,13.005,8.592,3.202,7.589,0.399,45.67,7.8,16.205,25.54,4.29,151.5,1.412
2020-09-01,4.826,27.71,7.316,20.56,8.151,1.802,4.064,6.41,29.46,8.657,4.512,5.634,1.234,6.036,23.4,4.428,25.51,1.516,13.025,8.784,3.186,7.504,0.391,45.34,7.776,16.06,26.38,4.272,152.1,1.408
2020-09-02,4.78,28.9,7.296,20.5,8.07,1.794,4.016,6.44,31.72,8.707,4.477,5.73,1.24,6.208,23.95,4.378,26.0,1.511,13.02,9.082,3.268,7.648,0.394,45.79,7.676,16.325,26.2,4.401,151.0,1.385
2020-09-03,4.813,27.93,7.168,19.74,8.02,1.779,3.958,6.305,31.08,8.806,4.431,5.704,1.243,6.102,23.1,4.39,24.2,1.463,12.96,8.891,3.28,7.58,0.398,44.94,7.696,15.94,25.28,4.422,142.6,1.368
2020-09-04,4.827,28.02,7.168,19.97,8.122,1.779,3.92,6.325,31.24,8.95,4.45,5.66,1.224,5.964,23.49,4.292,23.62,1.478,12.82,8.78,3.164,7.412,0.394,44.38,7.645,15.94,26.02,4.309,141.8,1.42
2020-09-07,4.797,28.8,7.15,20.09,8.17,1.794,4.082,6.45,31.6,9.144,4.551,5.722,1.243,6.056,23.72,4.264,24.14,1.47,12.91,9.027,3.226,7.593,0.392,45.2,7.773,16.18,26.2,4.386,144.5,1.42
2020-09-08,4.632,28.5,6.968,19.73,7.866,1.762,4.05,6.33,31.1,9.121,4.462,5.598,1.227,5.944,23.28,4.154,23.31,1.43,12.685,8.966,3.216,7.473,0.383,43.94,7.519,15.82,26.02,4.301,144.3,1.397
2020-09-09,4.638,28.68,7.1,20.25,8.12,1.79,4.14,6.425,31.2,9.122,4.477,5.516,1.255,6.036,23.64,4.193,24.95,1.45,12.95,9.066,3.266,7.651,0.387,45.18,7.628,16.065,26.44,4.45,152.3,1.408
2020-09-10,4.616,28.74,7.394,20.38,8.222,1.801,4.112,6.47,31.26,9.382,4.462,5.57,1.233,6.002,24.05,4.187,25.21,1.487,12.96,9.023,3.246,7.604,0.386,44.62,7.626,16.12,26.52,4.389,150.7,1.51
2020-09-11,4.56,29.51,7.244,20.71,8.056,1.779,4.154,6.48,31.46,9.409,4.47,5.468,1.24,6.036,24.48,4.079,25.4,1.483,12.84,9.134,3.266,7.66,0.379,44.85,7.599,16.25,26.52,4.473,154.7,1.481
2020-09-14,4.521,29.69,7.266,20.72,8.087,1.779,4.162,6.545,31.66,9.474,4.446,5.516,1.234,6.02,24.61,4.016,26.35,1.482,12.825,9.134,3.242,7.561,0.372,45.14,7.476,16.465,27.4,4.424,155.4,1.459
2020-09-15,4.586,29.85,7.236,20.9,7.95,1.769,4.164,6.525,31.54,10.327,4.423,5.578,1.245,6.086,24.51,4.054,26.6,1.464,12.775,9.265,3.264,7.629,0.375,45.23,7.612,16.485,27.04,4.432,157.0,1.455
2020-09-16,4.777,30.36,7.25,21.14,7.92,1.76,4.132,6.545,31.2,10.261,4.392,5.64,1.235,6.054,24.62,4.23,26.81,1.475,12.805,9.334,3.286,7.575,0.372,44.82,7.651,16.655,27.24,4.412,160.9,1.445
2020-09-17,4.781,30.15,7.112,21.08,7.808,1.743,4.102,6.615,31.38,10.215,4.427,5.72,1.265,5.978,24.32,4.225,26.1,1.462,12.675,9.36,3.304,7.38,0.362,44.73,7.594,16.81,27.46,4.362,158.2,1.421
2020-09-18,4.649,30.05,6.976,20.81,7.564,1.715,4.02,6.74,31.74,9.849,4.392,5.5,1.237,6.022,24.4,4.164,25.94,1.403,12.325,9.382,3.266,7.42,0.354,45.0,7.388,16.54,27.52,4.31,167.4,1.39
2020-09-21,4.344,28.88,6.718,19.7,7.097,1.636,3.804,6.3,30.1,9.431,4.284,5.13,1.207,5.876,24.17,3.854,25.23,1.365,11.845,9.167,3.208,7.259,0.343,44.36,6.95,15.78,26.42,4.196,169.4,1.309
2020-09-22,4.296,28.96,6.738,19.76,6.964,1.642,3.868,6.36,30.74,9.697,4.315,4.975,1.218,5.862,24.48,3.803,25.32,1.367,11.78,9.257,3.212,7.321,0.345,44.89,7.056,15.75,26.12,4.228,169.0,1.317
2020-09-23,4.26,28.9,6.71,19.3,6.745,1.612,3.794,6.36,31.18,9.861,4.315,4.836,1.207,5.92,24.65,3.699,25.52,1.327,11.73,9.336,3.224,7.46,0.346,44.84,6.928,15.72,26.22,4.36,169.3,1.268
2020-09-24,4.173,28.77,6.688,19.275,6.899,1.608,3.806,6.295,31.06,9.843,4.241,4.958,1.212,5.928,24.51,3.536,25.67,1.397,11.635,9.372,3.196,7.37,0.346,44.77,6.812,15.465,26.58,4.374,167.7,1.342
2020-09-25,4.099,28.99,6.528,19.095,6.74,1.579,3.74,6.15,30.96,9.709,4.175,4.985,1.201,6.018,24.45,3.419,25.05,1.323,11.55,9.118,3.176,7.335,0.338,44.85,6.689,15.085,26.02,4.411,170.5,1.373
2020-09-28,4.268,30.77,6.79,20.14,7.107,1.625,3.838,6.29,31.72,10.094,4.268,5.156,1.25,6.062,24.9,3.627,25.75,1.358,12.005,9.411,3.222,7.448,0.347,44.99,6.86,15.66,27.24,4.492,170.2,1.389
2020-09-29,4.131,31.38,6.686,19.735,7.023,1.607,3.756,6.215,31.74,9.859,4.225,5.0,1.251,6.034,24.87,3.511,26.19,1.32,11.935,9.331,3.204,7.5,0.341,44.63,6.665,15.44,27.12,4.481,173.3,1.39
2020-09-30,4.261,30.55,6.698,19.885,7.045,1.603,3.73,6.15,31.72,9.935,4.26,5.0,1.24,5.974,24.84,3.684,26.25,1.346,12.025,9.319,3.152,7.418,0.342,43.74,6.688,15.42,25.94,4.389,171.9,1.445
2020-10-01,4.152,30.87,6.642,19.77,6.958,1.586,3.728,6.115,31.36,9.849,4.198,4.878,1.235,6.014,25.24,3.563,28.08,1.319,11.865,9.369,3.106,7.468,0.336,43.89,6.462,15.26,26.1,4.48,176.8,1.505
2020-10-02,4.248,31.24,6.752,19.795,6.949,1.592,3.674,6.195,31.62,9.823,4.14,4.825,1.233,6.03,25.27,3.694,27.76,1.283,11.935,9.367,3.158,7.468,0.34,44.1,6.497,15.125,26.16,4.459,178.1,1.587
2020-10-05,4.29,31.44,6.978,20.06,7.062,1.633,3.744,6.22,32.24,9.95,4.194,4.901,1.242,6.028,25.72,3.864,28.06,1.188,12.07,9.349,3.116,7.394,0.353,45.67,6.69,15.59,26.66,4.446,184.0,1.57
2020-10-06,4.408,30.54,7.144,20.25,7.45,1.668,3.772,6.55,32.18,10.128,4.26,5.164,1.237,5.954,25.58,3.94,28.03,1.237,12.375,9.272,3.1,7.364,0.359,45.42,6.918,15.81,26.8,4.362,184.4,1.658
2020-10-07,4.32,30.71,6.974,20.53,7.367,1.649,3.692,6.4,32.46,10.157,4.171,5.134,1.221,5.912,25.63,3.866,28.23,1.186,12.335,9.315,3.062,7.596,0.35,45.64,6.73,15.755,26.68,4.311,186.9,1.661
2020-10-08,4.452,31.21,7.248,21.05,7.545,1.675,3.74,6.45,32.74,10.136,4.268,5.234,1.227,5.988,26.1,3.991,28.51,1.196,12.585,9.29,3.07,7.547,0.358,45.82,6.885,15.91,26.84,4.362,182.5,1.692
2020-10-09,4.421,31.91,7.176,20.76,7.418,1.679,3.702,6.595,32.9,9.995,4.357,5.1,1.223,5.974,25.79,3.915,29.28,1.202,12.51,9.365,3.048,7.524,0.348,46.71,6.862,16.24,27.32,4.344,188.0,1.67
2020-10-12,4.347,32.45,7.136,20.87,7.346,1.671,3.678,6.595,35.24,10.092,4.365,4.955,1.217,6.104,26.46,3.794,29.68,1.172,12.48,9.54,3.012,7.687,0.347,46.36,6.819,16.36,27.28,4.4,190.1,1.655
2020-10-13,4.239,32.2,6.872,20.9,7.077,1.633,3.6,6.445,35.12,9.923,4.225,4.845,1.196,6.142,26.45,3.656,29.88,1.112,12.35,9.566,2.95,7.712,0.347,46.5,6.686,16.125,26.86,4.407,187.5,1.604
2020-10-14,4.352,32.2,6.884,20.94,7.053,1.617,3.606,6.465,34.54,10.031,4.295,4.863,1.198,6.156,26.46,3.714,29.52,1.117,12.345,9.5,2.976,7.73,0.347,46.42,6.698,16.51,27.12,4.441,191.3,1.611
2020-10-15,4.135,31.98,6.612,20.22,6.822,1.538,3.46,6.32,34.16,9.817,4.152,4.669,1.159,6.044,25.96,3.592,29.1,1.11,11.915,9.383,2.874,7.463,0.339,46.11,6.418,15.9,26.6,4.334,189.0,1.61
2020-10-16,4.284,32.38,6.64,20.8,6.866,1.556,3.522,6.4,34.78,10.233,4.194,4.764,1.163,6.068,26.28,3.671,29.24,1.201,12.14,9.449,2.904,7.527,0.343,47.25,6.563,16.105,26.96,4.346,194.6,1.656
2020-10-19,4.375,32.19,6.582,20.55,6.896,1.56,3.502,6.495,34.3,10.198,4.21,4.763,1.164,6.002,25.66,3.772,29.45,1.184,12.205,9.352,2.938,7.469,0.346,46.61,6.586,16.175,27.62,4.35,193.6,1.622
2020-10-20,4.477,32.39,6.65,20.74,7.056,1.58,3.514,6.43,33.82,10.229,4.225,4.922,1.156,6.06,25.24,3.795,29.14,1.3,12.235,9.398,3.0,7.582,0.341,47.3,6.562,16.08,27.62,4.426,191.1,1.671
2020-10-21,4.366,32.17,6.5,20.93,6.79,1.536,3.556,6.25,33.26,10.16,4.117,4.687,1.13,5.92,24.63,3.596,28.94,1.217,11.93,9.112,2.918,7.515,0.333,46.93,6.34,15.72,26.88,4.293,194.9,1.635
2020-10-22,4.389,32.13,6.508,20.73,6.815,1.537,3.498,6.28,32.64,10.409,4.047,4.66,1.14,5.91,24.71,3.626,28.66,1.186,11.945,9.252,2.894,7.45,0.324,47.11,6.341,15.575,26.64,4.26,192.6,1.646
2020-10-23,4.429,32.27,6.568,20.66,6.947,1.561,3.416,6.3,33.14,10.534,4.055,4.766,1.16,5.98,24.96,3.685,28.61,1.204,12.06,9.264,2.896,7.569,0.319,47.75,6.444,15.785,26.6,4.344,188.0,1.679
2020-10-26,4.312,31.92,6.536,19.83,6.85,1.527,3.376,6.26,32.68,10.61,3.896,4.621,1.14,5.944,24.13,3.622,27.96,1.191,11.875,9.05,2.82,7.5,0.317,47.73,6.245,15.34,26.02,4.287,189.0,1.65
2020-10-27,4.192,32.0,6.364,19.235,6.58,1.491,3.338,6.05,32.42,10.434,3.832,4.427,1.13,5.942,23.56,3.509,27.2,1.117,11.635,9.204,2.792,7.395,0.309,47.72,6.1,15.0,25.4,4.255,191.0,1.617
2020-10-28,4.066,30.08,6.048,18.0,6.318,1.418,3.172,5.87,31.76,10.029,3.635,4.25,1.082,5.786,23.05,3.548,25.94,1.036,11.36,8.97,2.722,6.95,0.295,46.9,5.885,14.41,24.26,4.151,188.6,1.549
2020-10-29,3.828,30.59,6.128,17.965,6.262,1.399,3.14,5.8,31.62,10.026,3.69,4.109,1.068,5.768,23.54,3.489,26.54,1.023,11.395,8.804,2.676,6.937,0.291,46.33,5.918,14.17,24.16,4.146,187.3,1.513
2020-10-30,4.072,31.21,6.088,18.575,6.401,1.42,3.128,5.86,32.4,10.005,3.728,4.088,1.092,5.804,23.34,3.784,26.17,1.017,11.51,8.964,2.7,6.834,0.291,44.49,6.011,14.495,24.4,4.19,188.5,1.551
2020-11-02,4.285,32.36,6.3,19.54,6.606,1.482,3.24,6.18,32.58,10.269,3.867,4.242,1.107,5.822,24.05,4.073,26.68,1.055,11.805,8.812,2.724,6.986,0.302,42.78,6.362,14.975,25.1,4.253,185.7,1.612
2020-11-03,4.386,33.5,6.514,19.805,6.864,1.541,3.336,6.325,33.8,10.445,3.927,4.475,1.122,5.958,23.86,4.22,27.45,1.082,12.035,8.902,2.746,7.217,0.312,44.23,6.514,15.5,25.96,4.33,187.1,1.642
2020-11-04,4.452,34.45,6.642,19.295,7.01,1.598,3.412,6.385,34.3,10.601,4.032,4.6,1.156,6.058,24.01,4.162,27.94,1.107,12.2,9.078,2.814,7.368,0.315,45.05,6.597,15.735,26.72,4.383,194.2,1.645
2020-11-05,5.06,35.24,6.71,19.78,7.022,1.637,3.494,6.53,35.14,10.842,4.113,4.678,1.148,6.104,24.65,4.208,28.82,1.083,12.38,9.206,2.808,7.611,0.316,46.23,6.596,16.01,27.38,4.37,199.7,1.649
2020-11-06,5.034,34.88,6.66,19.8,6.806,1.617,3.37,6.44,35.3,10.663,4.024,4.34,1.134,6.098,24.56,4.179,29.0,1.048,12.35,9.282,2.778,7.712,0.313,46.31,6.542,15.825,27.22,4.38,201.2,1.648
2020-11-09,5.514,34.0,7.164,20.41,7.74,1.766,3.608,6.88,36.3,11.314,4.318,5.046,1.213,6.268,26.14,4.694,30.48,1.196,13.16,9.574,2.99,8.051,0.336,45.92,7.378,16.75,28.14,4.556,168.0,1.768
2020-11-10,5.594,34.9,7.28,20.8,8.14,1.844,3.55,6.995,35.96,11.597,4.404,5.42,1.209,6.174,25.02,4.801,28.65,1.186,13.47,9.59,2.954,8.047,0.335,44.48,7.678,16.55,27.46,4.53,166.0,1.8
2020-11-11,5.606,35.14,7.126,20.73,8.098,1.825,3.558,7.17,34.84,11.694,4.574,5.356,1.229,6.336,25.14,4.671,29.16,1.204,13.48,9.85,2.984,8.212,0.331,45.61,7.592,16.555,27.68,4.547,172.4,1.766
2020-11-12,5.642,35.74,7.08,20.37,7.988,1.802,3.596,7.0,35.22,11.447,4.497,5.21,1.218,6.35,24.9,4.599,28.72,1.194,13.46,9.686,3.036,8.08,0.336,46.0,7.618,16.52,27.3,4.53,173.0,1.786
2020-11-13,5.726,35.01,7.138,20.72,8.112,1.818,3.606,7.22,35.02,11.59,4.516,5.264,1.225,6.302,25.69,4.651,28.96,1.239,13.635,9.628,3.02,8.02,0.337,45.91,7.66,16.85,28.0,4.538,173.8,1.793
2020-11-16,6.17,36.07,7.33,21.1,8.295,1.84,3.668,7.56,36.8,11.948,4.667,5.674,1.234,6.266,26.42,4.87,29.78,1.319,13.965,9.778,3.12,8.089,0.347,47.29,7.968,17.49,28.72,4.55,173.3,1.821
2020-11-17,6.288,35.41,7.564,20.87,8.43,1.849,3.82,7.625,36.9,11.983,4.648,5.728,1.222,6.282,26.06,4.9,29.69,1.335,14.13,9.766,3.056,8.112,0.352,46.72,8.086,17.58,28.52,4.582,173.5,1.867
2020-11-18,6.362,35.53,7.674,21.0,8.505,1.873,3.896,7.55,37.08,12.032,4.791,5.796,1.219,6.32,26.1,4.895,30.12,1.416,14.23,9.686,3.04,8.122,0.362,46.18,8.194,18.05,28.46,4.588,169.9,1.895
2020-11-19,6.266,34.2,7.562,20.91,8.401,1.854,3.856,7.36,36.58,12.281,4.834,5.686,1.225,6.322,25.4,4.876,30.43,1.426,14.07,9.578,3.036,8.164,0.361,45.79,8.077,17.62,28.0,4.673,172.6,1.87
2020-11-20,6.25,34.21,7.658,20.76,8.47,1.87,4.002,7.45,36.98,12.224,4.815,5.732,1.225,6.482,25.95,4.802,31.11,1.485,14.205,9.456,3.05,8.233,0.354,46.26,8.125,17.65,27.82,4.774,173.7,1.939
2020-11-23,6.434,34.4,7.54,20.76,8.757,1.863,3.992,7.595,36.9,12.193,4.919,5.898,1.227,6.23,26.01,5.02,31.32,1.516,14.22,9.552,3.022,8.08,0.361,44.99,8.33,17.6,27.54,4.711,173.5,1.867
2020-11-24,6.84,33.0,7.856,20.94,9.2,1.916,4.132,7.62,36.2,12.427,5.067,6.228,1.235,6.254,25.99,5.445,31.43,1.52,14.38,9.39,3.016,8.418,0.372,43.83,8.62,17.62,27.6,4.762,165.1,1.89
2020-11-25,6.774,33.1,7.888,21.1,9.299,1.942,4.182,7.82,36.3,12.512,5.105,6.22,1.256,6.212,26.58,5.422,31.98,1.525,14.495,9.52,3.072,8.487,0.38,44.42,8.672,18.2,28.24,4.743,167.5,1.883
2020-11-26,6.682,33.48,7.822,20.95,9.07,1.929,4.102,7.655,36.12,12.421,5.043,6.088,1.309,6.216,26.2,5.307,32.54,1.485,14.47,9.498,3.088,8.47,0.395,44.86,8.558,17.78,27.84,4.694,169.2,1.852
2020-11-27,6.704,34.28,7.73,20.95,9.094,1.945,4.124,7.765,36.58,12.552,4.993,5.986,1.315,6.332,26.9,5.211,33.24,1.511,14.47,9.554,3.176,8.502,0.401,45.31,8.582,17.81,28.0,4.701,172.8,1.856
2020-11-30,6.486,33.57,7.474,20.41,8.643,1.925,4.02,7.605,36.38,12.4,5.036,6.064,1.278,6.272,27.43,5.133,32.83,1.465,14.32,9.694,3.06,8.37,0.393,44.63,8.303,17.67,27.84,4.703,176.6,1.85
2020-12-01,6.586,32.38,7.582,20.34,7.95,1.977,4.094,7.7,36.96,12.554,4.989,6.086,1.264,6.25,27.07,5.116,34.31,1.486,14.47,9.45,3.036,8.32,0.392,43.79,8.415,18.02,28.02,4.618,172.2,1.876
2020-12-02,6.618,32.73,7.494,20.01,7.983,1.971,3.968,7.495,37.0,12.508,4.861,6.144,1.255,6.17,26.54,5.249,33.42,1.47,14.425,9.472,3.01,8.282,0.386,43.04,8.499,17.555,27.12,4.629,171.0,1.83
2020-12-03,6.658,32.38,7.6,19.84,8.022,1.986,3.954,7.43,37.04,12.556,4.935,6.33,1.257,6.062,26.69,5.194,33.67,1.484,14.47,9.454,2.972,8.209,0.383,42.94,8.452,17.68,27.54,4.586,170.0,1.867
2020-12-04,6.93,32.34,7.682,19.965,8.13,1.991,3.924,7.42,37.76,12.86,4.884,6.54,1.283,6.094,27.25,5.357,34.1,1.472,14.57,9.484,3.006,8.206,0.394,43.79,8.744,17.68,27.66,4.556,168.4,1.849
2020-12-07,6.804,32.48,7.586,19.6,8.034,1.971,3.914,7.335,38.08,12.776,4.822,6.484,1.275,6.122,26.71,5.404,34.39,1.464,14.5,9.5,2.978,8.181,0.394,43.19,8.767,17.69,27.4,4.586,170.0,1.834
2020-12-08,6.814,32.6,7.528,19.54,7.92,1.969,3.896,7.28,38.08,12.723,4.83,6.332,1.263,6.144,26.79,5.377,33.98,1.474,14.36,9.446,2.96,8.16,0.391,43.66,8.79,17.61,27.22,4.612,171.2,1.828
2020-12-09,6.818,32.33,7.538,19.635,8.029,1.976,3.916,7.27,38.04,13.074,4.95,6.33,1.271,6.106,26.75,5.352,29.94,1.511,14.325,9.324,2.942,8.12,0.398,44.12,8.843,17.67,27.1,4.53,168.5,1.851
2020-12-10,6.922,32.55,7.508,19.305,7.9,1.961,3.906,7.15,37.42,13.125,4.892,6.154,1.267,6.108,27.06,5.502,29.44,1.517,14.355,9.46,2.91,8.21,0.399,43.97,8.936,17.52,26.84,4.567,169.7,1.812
2020-12-11,6.8,33.11,7.336,19.165,7.824,1.936,3.808,7.105,37.4,12.945,4.83,5.936,1.268,6.078,27.07,5.432,29.1,1.467,14.085,9.38,2.88,8.049,0.383,44.02,8.808,17.215,26.74,4.518,170.5,1.775
2020-12-14,6.712,33.61,7.352,19.1,7.694,1.939,3.81,7.115,38.18,13.116,4.78,5.852,1.283,6.104,27.52,5.402,28.96,1.464,14.26,9.366,2.916,8.122,0.385,44.77,8.678,17.65,27.18,4.563,170.7,1.791
2020-12-15,6.794,32.84,7.594,19.285,7.89,1.975,3.818,7.12,38.2,13.406,4.807,6.03,1.251,6.07,27.8,5.467,30.19,1.477,14.28,9.15,2.882,8.045,0.386,43.44,8.752,17.535,27.32,4.496,167.6,1.817
2020-12-16,6.76,33.67,7.532,19.385,7.801,1.943,3.884,7.1,39.08,13.585,4.563,5.9,1.255,6.126,27.27,5.432,30.0,1.457,14.295,9.188,2.928,8.162,0.387,44.39,8.756,17.56,26.96,4.559,166.7,1.801
2020-12-17,6.826,33.45,7.444,19.565,7.786,1.944,3.938,7.17,38.98,13.67,4.28,5.864,1.281,6.2,27.6,5.457,29.65,1.467,14.325,9.27,2.986,8.173,0.375,44.42,8.711,17.565,26.98,4.57,167.1,1.809
2020-12-18,6.726,33.95,7.392,19.775,7.721,1.935,3.968,7.075,39.4,13.788,4.229,5.84,1.264,6.124,27.73,5.425,30.01,1.452,14.38,9.256,2.95,8.16,0.379,44.77,8.621,17.325,26.74,4.515,170.7,1.783
2020-12-21,6.55,33.19,7.206,19.0,7.419,1.868,3.84,6.93,38.76,13.524,4.121,5.654,1.229,5.994,27.59,5.211,29.08,1.393,13.89,9.184,2.85,7.856,0.365,44.01,8.244,17.07,26.34,4.433,171.7,1.73
2020-12-22,6.532,33.73,7.376,19.48,7.524,1.881,3.876,7.03,39.4,13.854,4.132,5.752,1.25,6.122,27.96,5.279,30.18,1.425,14.1,9.204,2.908,8.071,0.374,44.47,8.36,17.74,26.7,4.491,170.2,1.786
2020-12-23,6.714,33.24,7.532,19.315,7.692,1.913,3.878,7.055,39.5,13.943,4.136,5.88,1.267,6.164,28.2,5.432,30.33,1.48,14.28,9.196,2.938,8.271,0.382,44.29,8.584,17.885,27.2,4.602,167.4,1.805
2020-12-24,6.714,33.24,7.532,19.315,7.692,1.913,3.878,7.055,39.5,13.943,4.136,5.88,1.267,6.164,28.2,5.432,30.33,1.48,14.28,9.196,2.938,8.271,0.382,44.29,8.584,17.885,27.2,4.602,167.4,1.805
2020-12-25,6.714,33.24,7.532,19.315,7.692,1.913,3.878,7.055,39.5,13.943,4.136,5.88,1.267,6.164,28.2,5.432,30.33,1.48,14.28,9.196,2.938,8.271,0.382,44.29,8.584,17.885,27.2,4.602,167.4,1.805
2020-12-28,6.666,33.5,7.57,19.46,7.699,1.922,3.93,7.11,39.84,14.033,4.237,5.922,1.295,6.276,28.95,5.46,30.41,1.5,14.365,9.284,2.988,8.345,0.382,44.72,8.596,17.965,27.38,4.63,167.3,1.806
2020-12-29,6.576,33.8,7.576,19.41,7.696,1.92,3.904,7.11,40.04,13.94,4.21,5.98,1.307,6.278,28.88,5.45,30.14,1.49,14.315,9.462,2.996,8.276,0.381,45.0,8.562,17.88,27.3,4.617,167.9,1.81
2020-12-30,6.624,34.04,7.54,19.5,7.648,1.913,3.91,7.1,40.34,13.913,4.253,5.91,1.304,6.25,29.08,5.535,30.55,1.485,14.26,9.34,2.98,8.276,0.377,45.33,8.548,17.77,27.24,4.601,170.1,1.808
2020-12-31,6.624,34.04,7.54,19.5,7.648,1.913,3.91,7.1,40.34,13.913,4.253,5.91,1.304,6.25,29.08,5.535,30.55,1.485,14.26,9.34,2.98,8.276,0.377,45.33,8.548,17.77,27.24,4.601,170.1,1.808
2021-01-04,6.536,33.94,7.408,20.21,7.583,1.905,3.89,7.1,41.0,14.122,4.299,5.83,1.331,6.232,29.22,5.593,31.72,1.462,14.07,9.22,3.052,8.457,0.381,44.86,8.448,17.755,27.5,4.618,169.6,1.797
2021-01-05,6.77,33.56,7.436,19.915,7.5,1.884,3.88,6.92,40.56,14.084,4.353,5.974,1.317,6.16,29.37,5.824,32.01,1.474,13.915,8.972,2.974,8.395,0.383,45.16,8.761,17.57,26.98,4.608,168.5,1.796
2021-01-06,7.132,33.02,7.718,21.5,7.957,1.948,3.986,7.145,41.52,13.788,4.411,6.062,1.34,6.246,29.96,6.115,32.1,1.553,14.5,8.898,3.034,8.929,0.399,43.56,9.048,17.855,27.24,4.625,161.8,1.898
2021-01-07,7.122,32.68,7.696,22.19,8.032,1.968,4.026,7.1,41.86,14.034,4.404,6.01,1.34,6.23,30.75,6.173,32.38,1.648,14.47,8.844,3.006,8.777,0.398,41.92,9.068,17.87,27.36,4.643,160.8,1.956
2021-01-08,7.082,33.84,7.548,21.77,8.178,1.955,4.024,7.065,40.1,13.774,4.439,5.916,1.337,6.208,30.36,6.107,33.0,1.63,14.5,8.856,3.028,8.938,0.394,42.79,9.03,17.835,27.18,4.65,161.8,1.94
2021-01-11,6.954,33.68,7.49,21.4,8.036,1.943,4.1,7.08,40.44,13.647,4.287,5.876,1.332,6.212,30.54,6.017,33.34,1.663,14.42,8.72,3.1,8.948,0.388,42.84,8.978,17.825,26.98,4.644,159.5,1.921
2021-01-12,7.154,33.62,7.556,21.77,8.027,1.938,4.062,7.335,40.3,13.926,4.392,5.984,1.305,6.076,28.7,6.05,33.63,1.666,14.48,8.678,3.07,8.803,0.376,42.86,9.054,18.21,27.06,4.562,159.4,1.926
2021-01-13,7.054,33.91,7.508,21.57,7.956,1.929,4.058,7.245,40.78,13.867,4.369,5.87,1.335,6.132,28.87,6.087,33.67,1.645,14.545,8.774,3.16,8.925,0.376,43.62,9.06,18.915,27.28,4.602,163.7,1.906
2021-01-14,7.116,34.16,7.5,21.26,7.844,1.915,4.0,7.195,41.0,12.472,4.373,5.914,1.328,6.086,29.08,6.007,33.34,1.62,14.4,8.722,3.088,8.833,0.379,43.82,9.005,18.58,26.96,4.575,162.5,1.894
2021-01-15,6.818,34.0,7.47,21.3,7.701,1.902,3.906,7.355,40.3,11.929,4.284,5.86,1.313,6.092,27.8,5.841,32.9,1.609,14.365,8.724,3.06,8.859,0.373,43.67,8.831,18.41,27.14,4.563,162.6,1.878
2021-01-18,6.826,34.19,7.512,21.48,7.771,1.917,3.898,7.325,41.04,11.929,4.287,5.848,1.327,6.094,28.13,5.856,33.1,1.645,14.46,8.85,3.096,8.585,0.366,43.71,8.856,18.495,27.24,4.447,166.2,1.882
2021-01-19,6.75,34.35,7.38,21.61,7.783,1.91,3.866,7.315,40.4,13.167,4.276,5.856,1.326,6.026,28.39,5.859,32.75,1.621,14.505,8.794,3.05,8.574,0.359,43.52,8.827,18.42,26.92,4.408,171.2,1.872
2021-01-20,6.732,34.12,7.502,21.59,8.109,1.926,3.934,7.315,40.34,13.237,4.256,6.112,1.372,6.094,28.1,5.806,33.49,1.649,14.81,8.784,2.99,8.578,0.367,42.55,8.901,18.545,27.08,4.406,171.1,1.896
2021-01-21,6.516,33.88,7.406,21.24,8.005,1.917,3.84,7.195,40.28,12.951,4.163,5.866,1.38,6.024,28.3,5.527,33.4,1.62,14.655,8.89,2.9,8.459,0.363,42.65,8.668,18.28,26.84,4.358,173.7,1.882
2021-01-22,6.29,33.58,7.412,20.82,7.749,1.884,3.77,7.065,39.88,12.565,4.117,5.65,1.347,5.984,28.0,5.329,32.6,1.576,14.51,8.814,2.846,8.345,0.358,42.93,8.542,17.89,26.6,4.354,175.0,1.829
2021-01-25,6.178,33.19,7.296,20.51,7.42,1.823,3.774,6.855,39.04,11.981,3.97,5.486,1.342,6.084,27.93,5.239,32.65,1.528,14.405,8.808,2.872,8.335,0.356,42.42,8.353,17.6,25.9,4.388,179.7,1.781
2021-01-26,6.26,33.55,7.472,20.73,7.75,1.84,3.864,6.855,39.78,12.216,3.973,5.646,1.362,6.138,26.87,5.342,32.7,1.571,14.545,8.942,2.884,8.4,0.366,42.51,8.528,17.845,26.3,4.433,178.8,1.809
2021-01-27,6.368,34.1,7.346,20.13,7.69,1.808,3.718,6.685,37.28,11.795,4.105,5.68,1.355,6.2,26.4,5.59,31.68,1.524,14.38,8.9,2.838,8.241,0.364,42.5,8.547,17.45,25.54,4.456,188.3,1.785
2021-01-28,6.562,33.85,7.398,20.52,7.727,1.834,3.72,6.6,38.26,12.07,4.028,5.708,1.366,6.134,27.34,5.625,33.01,1.559,14.42,8.96,2.882,8.401,0.362,42.13,8.548,17.705,25.9,4.429,177.7,1.844
2021-01-29,6.43,32.73,7.364,20.33,7.557,1.805,3.624,6.545,37.04,11.892,4.008,5.736,1.34,5.994,26.64,5.442,33.27,1.52,14.09,8.876,2.884,8.191,0.353,42.72,8.352,17.36,25.62,4.328,180.6,1.812
2021-02-01,6.42,33.43,7.408,19.98,7.668,1.822,3.722,6.71,38.08,11.964,4.148,5.72,1.344,6.07,27.22,5.45,33.94,1.533,14.255,8.882,2.9,8.221,0.354,43.48,8.2,17.955,26.1,4.397,180.0,1.819
2021-02-02,6.686,34.16,7.558,20.19,7.744,1.871,3.756,6.79,38.26,12.328,4.295,5.818,1.355,6.06,27.44,5.65,33.93,1.544,14.475,9.14,2.91,8.2,0.356,44.07,8.311,18.06,26.38,4.409,179.4,1.855
2021-02-03,6.686,34.6,7.858,20.4,8.068,1.951,3.948,7.08,38.9,12.351,4.276,5.904,1.426,6.174,27.94,5.756,33.71,1.63,14.95,9.182,3.0,8.552,0.366,43.94,8.489,18.265,27.34,4.504,176.5,1.925
2021-02-04,6.792,35.39,8.09,20.56,8.279,2.009,4.034,7.31,38.52,12.442,4.338,6.002,1.426,6.252,28.32,5.889,33.63,1.698,15.42,9.258,3.008,8.556,0.37,43.45,8.57,19.105,27.86,4.54,176.2,2.009
2021-02-05,6.928,36.23,8.2,20.45,8.459,2.061,4.148,7.455,39.56,12.683,4.342,6.032,1.462,6.192,28.18,5.982,33.72,1.778,15.535,9.668,3.038,8.447,0.381,44.88,8.611,19.415,28.36,4.482,179.1,2.03
2021-02-08,7.074,36.11,8.466,21.38,8.683,2.09,4.408,7.73,40.68,12.907,4.396,6.16,1.485,6.218,28.58,6.163,34.3,1.91,15.72,9.648,3.11,8.5,0.386,45.4,8.681,20.04,28.92,4.49,177.7,2.155
2021-02-09,6.948,36.59,8.544,21.25,8.637,2.087,4.37,7.64,40.56,12.806,4.574,6.158,1.452,6.106,28.19,6.223,34.57,1.87,15.82,9.736,3.058,8.284,0.384,45.58,8.775,20.04,29.06,4.417,182.9,2.174
2021-02-10,7.032,36.53,8.8,21.09,8.708,2.08,4.48,7.665,40.0,12.558,5.016,6.134,1.464,6.12,28.17,6.195,33.65,1.9,15.76,9.676,3.074,8.318,0.384,45.25,8.844,20.09,28.62,4.451,182.2,2.173
2021-02-11,7.04,36.65,8.922,20.97,8.433,2.086,4.432,7.645,40.98,12.489,5.388,6.044,1.47,6.108,28.3,6.152,34.87,1.865,15.7,9.718,3.112,8.462,0.38,45.29,8.777,20.04,28.68,4.47,184.5,2.182
2021-02-12,7.11,37.49,8.886,21.23,8.396,2.096,4.418,7.645,40.92,12.59,5.357,6.054,1.512,6.17,28.4,6.248,35.36,1.862,15.665,9.78,3.12,8.468,0.38,44.63,8.879,20.0,28.88,4.472,185.6,2.185
2021-02-15,7.53,37.23,9.04,21.76,8.488,2.118,4.444,7.665,41.06,12.721,5.598,6.208,1.495,6.158,28.27,6.552,35.56,1.883,15.825,9.85,3.154,8.465,0.389,44.84,9.123,20.23,29.24,4.519,185.3,2.188
2021-02-16,7.542,37.0,8.964,21.52,8.467,2.112,4.4,7.595,40.94,12.812,5.33,6.224,1.465,6.052,28.23,6.657,35.14,1.855,15.75,9.922,3.102,8.303,0.384,44.25,9.079,20.04,28.82,4.444,186.4,2.16
2021-02-17,7.372,35.87,9.022,21.36,8.3,2.096,4.278,7.49,40.2,12.537,5.218,6.152,1.443,6.042,27.9,6.346,34.4,1.821,15.655,9.764,3.09,8.303,0.381,44.0,9.163,19.76,28.74,4.43,183.5,2.139
2021-02-18,7.2,35.5,8.974,21.02,8.137,2.08,4.19,7.38,39.2,12.607,5.167,5.988,1.46,5.98,27.24,6.351,33.95,1.79,15.43,9.776,3.076,8.2,0.375,43.74,9.097,19.595,28.42,4.391,178.8,2.126
2021-02-19,7.236,34.94,9.08,21.28,8.346,2.109,4.238,7.4,39.98,12.698,5.21,6.59,1.45,5.934,26.74,6.409,34.62,1.861,15.58,9.684,3.058,8.196,0.378,43.8,9.198,19.86,28.8,4.363,169.5,2.164
2021-02-22,7.508,34.89,9.07,21.13,8.331,2.1,4.27,7.485,39.44,12.531,5.369,6.586,1.434,5.842,26.52,6.632,33.83,1.834,15.54,9.532,3.016,8.077,0.38,42.32,9.356,19.73,29.12,4.332,164.3,2.143
2021-02-23,7.43,33.28,9.026,21.05,8.51,2.112,4.338,7.305,38.56,12.596,5.334,6.662,1.42,5.87,26.27,6.454,32.92,1.834,15.505,9.618,3.01,7.977,0.38,42.45,9.424,19.345,28.5,4.372,159.7,2.144
2021-02-24,7.688,33.31,8.96,21.28,8.743,2.128,4.41,7.455,38.68,12.888,5.466,6.93,1.431,5.808,26.7,6.624,32.74,1.863,15.565,9.646,3.008,7.92,0.415,42.87,9.577,19.435,28.68,4.353,158.2,2.16
2021-02-25,8.744,33.28,8.77,21.37,8.734,2.152,4.388,7.345,38.68,12.867,5.377,6.796,1.406,5.774,26.66,6.009,32.43,1.834,15.835,9.672,2.984,7.84,0.403,42.8,9.68,19.21,28.56,4.372,164.1,2.165
2021-02-26,8.646,33.0,8.618,20.95,8.54,2.134,4.304,7.225,38.04,12.749,5.322,6.63,1.395,5.768,26.69,5.819,31.99,1.814,15.55,9.378,2.954,7.844,0.393,42.14,9.482,19.01,28.22,4.296,162.4,2.124
2021-03-01,8.846,33.99,8.916,21.3,8.846,2.16,4.494,7.465,38.7,13.214,5.493,6.89,1.434,5.888,27.2,5.708,31.43,1.865,15.83,9.518,3.022,7.947,0.392,42.44,9.561,19.9,29.18,4.366,164.0,2.153
2021-03-02,8.99,34.25,8.824,21.35,8.815,2.155,4.46,7.495,39.16,13.186,5.373,6.812,1.424,5.762,27.09,5.558,30.75,1.862,15.875,9.488,2.972,7.802,0.384,42.67,9.492,19.68,29.16,4.307,165.3,2.17
2021-03-03,8.97,31.39,8.95,21.84,9.037,2.203,4.52,7.505,39.18,13.161,5.427,6.85,1.388,5.66,27.08,5.532,30.36,1.862,16.03,9.37,2.91,7.626,0.388,43.01,9.66,19.58,29.08,4.218,161.8,2.211
2021-03-04,9.288,30.88,9.012,21.79,8.902,2.192,4.576,7.475,39.5,13.137,5.384,6.888,1.398,5.74,26.69,5.726,29.27,1.843,16.075,9.596,2.962,7.843,0.398,43.7,9.876,19.52,29.24,4.27,164.1,2.19
2021-03-05,9.576,30.04,9.066,21.37,8.925,2.194,4.43,7.4,39.5,12.985,5.4,6.748,1.386,5.712,26.11,5.917,28.47,1.854,16.005,9.494,2.926,7.873,0.4,43.35,10.062,19.2,28.64,4.29,162.0,2.204
2021-03-08,9.716,30.37,9.222,22.0,9.348,2.268,4.644,7.7,40.92,13.746,5.505,6.9,1.426,5.8,26.39,6.072,29.07,1.932,16.5,9.7,3.008,8.084,0.407,44.78,10.18,19.695,29.64,4.343,158.0,2.293
2021-03-09,9.55,31.82,9.236,21.88,9.178,2.27,4.628,7.615,42.02,13.996,5.621,7.09,1.431,5.87,27.4,6.062,29.9,1.984,16.53,9.862,3.052,8.103,0.4,45.15,10.14,19.65,29.36,4.39,156.8,2.323
2021-03-10,9.676,32.09,9.29,21.97,9.156,2.274,4.636,7.695,43.48,14.283,5.582,7.484,1.455,5.952,26.38,6.077,29.14,1.975,16.62,10.11,3.08,8.215,0.419,44.33,10.22,19.85,29.4,4.451,154.8,2.314
2021-03-11,9.91,32.96,9.394,22.4,9.041,2.266,4.646,7.745,44.44,14.45,5.547,7.44,1.483,6.028,25.74,6.147,30.29,1.959,16.765,9.826,3.11,8.326,0.438,45.13,10.3,19.515,29.68,4.508,144.3,2.276
2021-03-12,9.916,31.96,9.414,22.51,9.16,2.28,4.68,7.77,43.76,14.649,5.54,7.43,1.478,6.012,25.6,6.125,29.68,1.97,16.905,9.804,3.112,8.255,0.453,44.53,10.418,19.18,29.76,4.51,139.6,2.271
2021-03-15,9.67,32.18,9.464,22.76,9.119,2.265,4.652,7.75,43.44,14.858,5.431,7.74,1.486,6.294,25.76,6.095,30.23,1.947,16.835,9.72,3.16,8.181,0.45,45.22,10.334,18.895,29.92,4.563,142.1,2.273
2021-03-16,9.698,32.59,9.626,22.38,9.306,2.294,4.718,7.76,43.46,14.77,5.505,7.806,1.497,6.256,25.47,5.972,30.8,1.99,16.89,9.778,3.18,8.238,0.457,44.94,10.24,18.795,30.08,4.516,145.9,2.358
2021-03-17,9.66,31.99,9.728,22.12,9.472,2.315,4.744,7.925,43.42,14.946,5.567,7.814,1.485,6.21,25.34,5.962,30.57,2.052,16.75,9.76,3.164,8.162,0.46,44.93,10.3,18.905,30.08,4.521,142.0,2.448
2021-03-18,9.54,31.44,9.732,22.45,9.509,2.349,4.812,8.125,43.98,15.392,5.524,7.71,1.474,6.108,25.63,5.969,30.41,2.037,16.86,9.696,3.122,8.064,0.464,44.74,10.338,19.005,30.4,4.51,140.1,2.47
2021-03-19,9.324,30.93,9.434,22.33,9.184,2.314,4.742,8.005,42.84,14.85,5.415,7.572,1.484,6.166,25.57,5.937,30.82,1.956,16.73,9.612,3.13,8.306,0.43,45.21,10.174,19.065,30.22,4.628,143.1,2.426
2021-03-22,9.246,31.57,9.38,22.11,9.076,2.299,4.718,8.035,42.94,14.684,5.388,7.43,1.475,6.198,25.86,5.849,32.02,1.907,16.805,9.588,3.1,8.324,0.424,45.33,10.146,19.195,30.46,4.619,140.2,2.429
2021-03-23,9.09,33.16,9.296,22.01,9.01,2.289,4.594,7.855,42.06,14.194,5.291,7.32,1.507,6.298,26.21,5.691,31.37,1.905,16.8,9.57,3.17,8.4,0.428,45.48,9.98,19.13,30.16,4.67,141.0,2.429
2021-03-24,9.428,31.84,9.462,22.22,9.087,2.296,4.61,7.915,42.52,14.206,5.342,6.874,1.531,6.328,26.26,5.864,31.25,1.931,16.89,9.484,3.172,8.426,0.432,45.19,10.246,19.105,30.12,4.662,140.0,2.461
2021-03-25,9.176,32.0,9.47,21.25,9.074,2.295,4.636,7.97,42.18,14.406,5.226,6.804,1.55,6.398,26.67,5.783,31.46,1.917,16.825,9.592,3.28,8.442,0.437,45.29,10.112,19.025,30.06,4.707,142.3,2.442
2021-03-26,9.51,32.22,9.49,21.55,9.083,2.297,4.636,8.005,42.7,14.638,5.35,6.8,1.553,6.482,26.98,5.861,32.27,1.918,16.925,9.616,3.326,8.427,0.452,45.17,10.232,19.195,30.14,4.711,139.0,2.434
2021-03-29,9.562,32.11,9.516,21.56,8.961,2.286,4.656,7.98,42.18,14.662,5.35,6.81,1.564,6.542,27.0,5.846,31.9,1.898,17.06,9.676,3.33,8.507,0.459,45.64,10.348,19.255,30.2,4.745,137.3,2.443
2021-03-30,9.658,31.98,9.648,21.76,9.141,2.323,4.798,8.09,42.7,15.1,5.408,7.02,1.566,6.46,27.17,5.836,31.93,1.9,17.14,9.682,3.282,8.433,0.461,45.48,10.412,19.63,30.4,4.723,137.7,2.497
2021-03-31,9.612,31.74,9.456,22.17,9.013,2.31,4.756,8.05,42.98,15.084,5.415,6.904,1.552,6.438,27.71,5.834,32.52,1.877,17.06,9.552,3.268,8.493,0.461,45.87,10.494,19.435,30.02,4.728,136.8,2.435
2021-04-01,9.664,32.4,9.464,22.2,9.015,2.318,4.76,8.024,43.5,15.136,5.489,7.018,1.549,6.414,28.02,5.879,33.085,1.901,17.03,9.558,3.25,8.435,0.459,46.88,10.57,19.425,30.07,4.753,139.75,2.442
2021-04-02,9.664,32.4,9.464,22.2,9.015,2.318,4.76,8.024,43.5,15.136,5.489,7.018,1.549,6.414,28.02,5.879,33.085,1.901,17.03,9.558,3.25,8.435,0.459,46.88,10.57,19.425,30.07,4.753,139.75,2.442
2021-04-05,9.664,32.4,9.464,22.2,9.015,2.318,4.76,8.024,43.5,15.136,5.489,7.018,1.549,6.414,28.02,5.879,33.085,1.901,17.03,9.558,3.25,8.435,0.459,46.88,10.57,19.425,30.07,4.753,139.75,2.442
2021-04-06,9.674,32.75,9.392,22.45,9.009,2.303,4.79,8.07,43.36,15.292,5.493,7.134,1.555,6.212,27.88,5.831,33.15,1.899,17.135,9.732,3.292,8.554,0.454,46.16,10.474,19.52,30.51,4.71,142.5,2.434
2021-04-07,9.522,32.42,9.408,22.68,8.962,2.3,4.813,8.05,43.46,15.29,5.485,7.212,1.575,6.198,27.52,5.801,33.2,1.891,17.17,9.66,3.308,8.586,0.458,45.92,10.456,19.82,30.69,4.7,140.15,2.413
2021-04-08,9.278,32.68,9.286,22.19,8.661,2.263,4.684,7.964,43.16,14.928,5.388,7.13,1.556,6.23,27.01,5.906,33.115,1.859,17.105,9.8,3.304,8.651,0.445,45.46,10.26,19.76,30.75,4.754,139.75,2.361
2021-04-09,9.18,33.07,9.334,22.51,8.557,2.253,4.641,7.854,43.18,14.8,5.322,7.07,1.541,6.136,26.7,5.728,33.28,1.87,16.965,9.75,3.267,8.594,0.434,45.46,10.2,19.765,30.39,4.673,139.6,2.335
2021-04-12,9.114,32.82,9.38,22.23,8.638,2.26,4.69,7.936,42.8,14.938,5.311,7.048,1.561,6.106,26.52,5.721,32.52,1.9,17.07,9.682,3.306,8.58,0.438,45.37,10.162,20.3,30.42,4.643,153.05,2.355
2021-04-13,9.102,35.08,9.35,22.17,8.621,2.274,4.727,7.868,44.0,15.146,5.299,7.01,1.564,6.1,26.85,5.723,32.845,1.903,17.085,9.98,3.324,8.621,0.436,45.56,10.226,20.1,30.62,4.658,151.05,2.36
2021-04-14,9.542,34.49,9.338,22.31,8.526,2.281,4.738,7.872,43.56,15.05,5.299,7.05,1.561,6.086,27.3,5.841,32.8,1.882,17.085,9.808,3.299,8.509,0.442,45.54,10.488,20.12,30.86,4.642,149.15,2.334
2021-04-15,9.194,35.47,9.306,22.36,8.429,2.275,4.714,7.8,43.86,15.042,5.291,6.978,1.549,6.112,27.13,5.839,32.59,1.893,17.025,9.904,3.284,8.581,0.44,45.46,10.364,20.06,30.92,4.624,151.0,2.325
2021-04-16,9.166,35.39,9.396,22.75,8.519,2.296,4.823,7.826,44.44,15.262,5.28,7.04,1.56,6.144,27.55,5.751,32.67,1.891,17.12,9.986,3.303,8.659,0.445,45.72,10.35,20.04,31.14,4.683,153.2,2.378
2021-04-19,9.232,35.22,9.39,22.87,8.625,2.31,4.848,7.908,44.98,14.792,5.268,7.208,1.579,6.198,26.63,5.794,31.905,1.951,17.225,10.06,3.328,8.662,0.442,45.89,10.324,20.21,31.33,4.706,154.4,2.387
2021-04-20,8.822,35.53,9.2,22.49,8.18,2.245,4.675,7.836,44.38,14.194,5.117,6.872,1.562,6.14,26.14,5.588,30.69,1.846,16.75,9.838,3.32,8.555,0.431,45.95,10.074,19.6,30.7,4.665,155.9,2.253
2021-04-21,8.912,35.21,9.108,22.21,8.116,2.22,4.616,7.742,43.98,14.344,5.136,6.904,1.56,6.138,26.4,5.57,31.045,1.805,16.845,10.025,3.308,8.487,0.437,47.13,10.15,19.635,30.52,4.687,155.75,2.226
2021-04-22,8.904,35.79,9.13,22.26,8.058,2.226,4.64,7.836,44.66,14.38,5.105,6.946,1.59,6.264,26.74,5.598,31.71,1.808,16.835,10.125,3.373,8.718,0.438,47.02,10.168,19.72,30.73,4.716,153.9,2.245
2021-04-23,8.88,35.83,9.114,22.12,8.085,2.221,4.666,7.816,44.74,14.39,5.105,6.934,1.593,6.178,27.13,5.517,32.2,1.817,16.825,10.06,3.363,8.735,0.439,46.54,10.102,19.725,30.7,4.685,152.55,2.259
2021-04-26,9.186,36.64,9.374,22.43,8.263,2.273,4.689,7.81,45.26,14.36,5.121,6.786,1.59,6.184,26.27,5.553,32.615,1.873,16.875,9.992,3.355,8.64,0.438,46.46,10.148,19.945,31.0,4.694,152.4,2.305
2021-04-27,8.994,36.47,9.306,22.32,8.41,2.285,4.65,7.85,45.28,14.308,5.055,6.654,1.594,6.176,26.68,5.404,32.75,1.852,16.825,9.916,3.35,8.552,0.442,46.17,10.11,20.04,30.97,4.7,144.1,2.329
2021-04-28,9.296,35.92,9.336,22.39,8.525,2.296,4.669,7.872,44.96,14.392,5.008,6.7,1.599,6.152,26.57,5.131,32.0,1.894,16.925,9.894,3.356,8.448,0.445,46.05,10.204,19.99,31.09,4.707,143.9,2.393
2021-04-29,8.666,34.67,9.362,22.37,8.598,2.318,4.622,7.814,44.32,13.844,5.001,6.644,1.622,6.12,26.08,4.879,32.52,1.883,16.78,9.894,3.357,8.338,0.439,45.73,10.202,19.69,31.03,4.707,140.25,2.384
2021-04-30,8.958,35.13,9.402,22.21,8.562,2.321,4.555,7.772,44.3,13.824,4.977,6.794,1.627,6.13,26.05,4.823,31.145,1.898,16.685,9.812,3.345,8.267,0.456,45.84,9.93,19.915,31.82,4.68,141.25,2.37
2021-05-03,9.038,35.4,9.5,22.34,8.72,2.334,4.661,7.938,44.5,14.022,5.008,6.876,1.641,6.168,26.53,4.917,30.7,1.907,17.0,9.92,3.403,8.356,0.457,46.46,10.1,20.18,32.31,4.714,140.85,2.414
2021-05-04,9.112,34.8,9.298,22.11,8.625,2.308,4.605,7.812,43.76,13.888,4.923,6.858,1.622,6.104,26.04,4.999,30.05,1.875,16.84,10.175,3.365,8.206,0.448,45.8,10.1,19.93,32.09,4.689,137.7,2.382
2021-05-05,9.52,35.7,9.434,22.72,8.846,2.341,4.656,7.98,44.36,14.86,5.036,6.906,1.628,6.102,26.42,5.093,30.79,1.896,17.05,10.3,3.357,8.289,0.446,45.86,10.308,20.12,32.85,4.745,141.2,2.429
2021-05-06,9.694,35.16,9.474,22.7,9.288,2.359,4.662,7.904,43.44,14.914,5.074,6.98,1.645,6.158,26.1,5.035,30.105,1.933,17.22,10.395,3.37,8.267,0.421,44.47,10.326,20.08,32.7,4.778,138.5,2.462
2021-05-07,9.542,35.83,9.526,22.78,9.35,2.362,4.816,8.016,44.28,14.942,5.125,6.908,1.679,6.184,26.45,5.061,30.945,1.923,17.37,10.28,3.407,8.268,0.418,45.02,10.32,20.15,32.58,4.789,140.8,2.461
2021-05-10,9.792,35.24,9.654,23.27,9.854,2.389,4.905,8.108,44.14,15.1,5.443,6.97,1.696,6.184,26.96,5.146,30.14,1.998,17.56,10.24,3.457,8.274,0.427,44.8,10.408,20.44,33.02,4.817,142.65,2.529
2021-05-11,9.56,33.79,9.674,22.99,9.91,2.381,4.891,8.076,42.92,14.662,5.322,6.81,1.663,6.128,26.34,5.116,29.125,2.016,17.41,10.065,3.375,8.064,0.428,43.78,10.246,20.31,32.86,4.785,138.25,2.554
2021-05-12,9.882,33.41,9.618,23.11,10.2,2.382,4.919,7.88,42.54,14.722,5.396,6.862,1.671,6.096,26.79,5.121,28.53,1.99,17.48,10.16,3.377,7.992,0.434,43.69,10.458,20.34,32.5,4.761,135.0,2.583
2021-05-13,9.658,33.39,9.714,23.09,10.008,2.372,4.899,7.812,43.1,14.65,5.35,6.808,1.695,6.164,27.53,5.078,28.915,1.986,17.54,10.115,3.367,8.092,0.43,44.06,10.304,20.33,32.03,4.732,138.3,2.595
2021-05-14,9.778,33.5,9.728,23.72,10.208,2.388,4.905,7.884,44.5,14.856,5.373,6.962,1.712,6.234,28.78,5.153,29.19,2.005,17.64,10.105,3.407,8.204,0.436,44.2,10.43,20.96,32.59,4.796,138.0,2.674
2021-05-17,9.8,33.6,9.782,23.94,10.24,2.41,5.032,7.912,44.98,15.098,5.35,6.898,1.733,6.264,28.74,5.246,29.035,2.006,17.645,10.12,3.487,8.157,0.444,44.97,10.464,21.12,32.53,4.816,140.85,2.727
2021-05-18,9.696,34.5,9.87,23.93,10.332,2.402,5.04,7.904,44.94,15.092,5.315,6.91,1.729,6.228,28.39,5.266,29.195,2.015,17.68,10.09,3.45,8.128,0.439,45.21,10.434,21.09,32.23,4.811,141.65,2.746
2021-05-19,9.43,34.7,9.68,23.08,10.202,2.352,4.968,7.75,44.76,14.73,5.272,6.822,1.735,6.196,28.1,5.179,29.185,1.977,17.435,10.085,3.438,7.966,0.435,45.32,10.196,20.82,31.91,4.796,142.1,2.761
2021-05-20,9.372,35.4,9.656,23.3,10.246,2.355,4.923,7.77,45.4,15.006,5.268,6.826,1.738,6.248,28.32,5.138,29.6,1.959,17.445,10.365,3.484,8.074,0.434,45.69,10.18,20.91,32.18,4.834,144.0,2.701
2021-05-21,9.46,36.44,9.728,23.11,10.234,2.374,4.96,7.848,45.74,15.316,5.353,6.936,1.766,6.306,28.57,5.108,29.68,1.995,17.66,10.47,3.506,8.188,0.442,46.49,10.284,20.86,32.27,4.845,144.15,2.735
2021-05-24,9.354,37.35,9.69,23.15,10.258,2.363,4.799,7.932,45.78,15.388,5.505,7.024,1.72,6.312,28.13,5.128,29.935,2.08,16.9,10.54,3.512,8.159,0.442,46.04,10.11,20.48,32.8,4.847,143.1,2.78
2021-05-25,9.17,38.15,9.672,22.92,10.354,2.361,4.679,7.868,45.72,15.474,5.466,6.932,1.689,6.308,28.36,5.083,30.07,2.126,16.74,10.56,3.517,8.167,0.435,46.32,9.985,20.38,32.85,4.832,142.85,2.817
2021-05-26,9.198,37.43,9.58,23.09,10.144,2.346,4.5,7.866,45.68,15.446,5.474,6.894,1.697,6.302,27.97,5.083,30.025,2.024,16.56,10.49,3.511,8.159,0.439,45.94,10.03,20.13,32.7,4.845,144.0,2.83
2021-05-27,9.456,38.27,9.71,23.44,10.354,2.394,4.556,7.886,45.72,16.078,5.543,7.072,1.692,6.226,27.98,5.168,30.25,2.05,16.705,10.45,3.49,8.147,0.442,45.32,10.1,20.15,33.04,4.808,143.95,2.903
2021-05-28,9.356,38.59,9.776,23.27,10.494,2.409,4.536,7.932,46.04,16.106,5.598,7.17,1.714,6.27,28.33,5.118,30.63,2.037,16.845,10.535,3.485,8.143,0.44,45.79,10.094,20.22,33.05,4.83,144.25,2.906
2021-05-31,9.33,38.95,9.76,23.49,10.5,2.417,4.58,8.106,46.76,16.258,5.857,7.11,1.709,6.248,28.23,5.174,30.65,2.028,16.815,10.585,3.491,8.056,0.439,45.49,10.056,20.33,33.44,4.807,144.65,2.928
2021-06-01,9.582,38.64,9.802,23.43,10.576,2.445,4.633,8.086,46.94,16.346,6.074,7.178,1.701,6.306,28.49,5.379,30.525,2.034,16.93,10.58,3.488,8.064,0.44,45.45,10.294,20.28,33.59,4.832,142.05,2.958
2021-06-02,9.692,38.53,9.89,23.85,10.54,2.473,4.602,8.066,49.9,16.51,6.385,7.25,1.713,6.322,28.71,5.432,30.52,2.044,16.95,10.62,3.501,7.981,0.443,45.23,10.37,20.15,33.43,4.827,139.0,2.971
2021-06-03,9.774,38.64,9.97,23.67,10.576,2.476,4.614,8.082,50.05,16.698,6.214,7.198,1.706,6.306,29.26,5.507,30.115,2.035,17.085,10.62,3.529,7.892,0.445,45.74,10.44,20.4,33.54,4.859,138.9,2.998
2021-06-04,9.628,39.22,10.015,23.51,10.494,2.48,4.592,8.052,50.3,17.166,6.125,7.154,1.732,6.352,29.47,5.658,30.57,2.022,17.085,10.7,3.572,7.931,0.447,46.12,10.38,20.46,33.69,4.9,141.4,2.995
2021-06-07,9.64,39.8,10.01,23.62,10.858,2.486,4.632,8.114,50.7,17.454,6.214,7.268,1.748,6.388,29.69,5.598,30.15,2.049,17.25,10.89,3.604,8.003,0.454,46.96,10.454,20.86,33.99,4.914,142.3,3.04
2021-06-08,9.604,39.31,9.95,23.71,10.742,2.46,4.596,8.27,50.3,17.476,6.199,7.27,1.76,6.406,29.6,5.558,30.185,2.036,17.225,10.95,3.62,8.012,0.458,47.34,10.496,20.85,34.4,4.966,143.65,3.023
2021-06-09,9.536,39.43,9.966,23.31,10.766,2.454,4.582,8.32,50.3,17.232,6.136,7.22,1.791,6.428,29.78,5.512,30.56,2.053,17.18,11.135,3.685,8.013,0.454,47.8,10.444,20.8,34.37,4.985,144.85,3.034
2021-06-10,9.55,39.31,9.898,23.41,10.8,2.439,4.576,8.168,49.7,17.0,6.45,7.206,1.767,6.446,29.2,5.48,31.09,2.038,17.125,11.14,3.66,7.961,0.453,47.37,10.514,20.69,34.28,4.965,145.4,3.028
2021-06-11,9.604,39.57,9.884,23.61,10.78,2.425,4.569,8.218,50.2,17.15,6.311,7.208,1.766,6.462,29.15,5.568,31.41,2.031,17.14,11.155,3.664,8.022,0.451,47.61,10.582,20.72,34.34,4.994,149.6,3.029
2021-06-14,9.744,40.85,9.96,23.42,10.74,2.45,4.538,8.252,50.15,16.968,6.28,7.214,1.78,6.548,29.26,5.648,31.59,2.041,17.15,11.145,3.704,8.102,0.45,47.71,10.728,20.48,34.7,5.04,150.75,3.007
2021-06-15,9.568,40.19,9.948,23.23,10.66,2.451,4.498,8.214,50.7,16.898,6.299,7.116,1.781,6.55,29.25,5.638,31.55,2.009,17.18,11.145,3.676,8.08,0.446,47.97,10.734,20.27,34.45,5.068,150.45,2.962
2021-06-16,9.556,40.22,9.918,23.22,10.444,2.415,4.462,8.352,51.0,16.9,6.249,7.18,1.791,6.622,29.59,5.613,31.49,1.981,17.165,11.18,3.71,8.213,0.445,48.41,10.742,20.43,35.28,5.114,152.8,2.908
2021-06-17,9.342,40.95,9.922,22.94,10.472,2.417,4.415,8.37,50.45,16.958,6.16,7.156,1.79,6.614,29.05,5.507,31.865,1.967,17.24,11.18,3.68,8.079,0.445,48.5,10.63,20.52,35.31,5.1,152.3,2.896
2021-06-18,9.186,40.17,9.81,22.26,10.022,2.344,4.312,8.214,49.56,16.464,6.078,6.98,1.791,6.516,29.02,5.404,30.445,1.922,16.89,11.075,3.663,8.054,0.436,48.17,10.314,20.3,35.13,5.076,153.9,2.858
2021-06-21,9.22,40.38,9.84,22.7,10.208,2.366,4.345,8.222,49.58,17.02,6.171,7.058,1.788,6.312,29.83,5.404,30.18,1.941,16.935,11.065,3.641,8.12,0.436,48.17,10.418,20.21,35.25,4.888,153.4,2.899
2021-06-22,9.312,40.3,9.922,22.6,10.104,2.342,4.299,8.19,49.44,16.986,6.086,6.992,1.781,6.298,29.74,5.304,30.54,1.915,16.885,11.105,3.603,8.108,0.43,48.08,10.414,20.3,35.5,4.878,153.8,2.85
2021-06-23,9.374,40.18,9.904,22.26,10.088,2.316,4.264,8.132,48.76,16.952,6.067,6.902,1.758,6.22,29.7,5.234,30.18,1.89,16.655,11.155,3.535,7.971,0.426,47.56,10.422,20.12,35.41,4.832,149.8,2.842
2021-06-24,9.432,41.23,9.984,22.42,10.366,2.364,4.36,8.228,49.74,16.992,6.133,6.946,1.773,6.32,30.34,5.304,30.77,1.911,16.93,11.415,3.561,8.034,0.421,48.25,10.54,20.58,36.1,4.889,154.6,2.81
2021-06-25,9.486,41.27,9.976,23.3,10.422,2.385,4.36,8.46,50.5,17.062,6.133,6.972,1.774,6.284,30.51,5.299,30.8,1.902,17.015,11.405,3.527,8.009,0.422,48.27,10.556,20.59,36.65,4.88,156.1,2.84
2021-06-28,9.172,41.37,9.874,22.72,10.1,2.329,4.268,8.202,50.0,16.842,6.016,6.812,1.753,6.336,30.24,5.158,30.945,1.842,16.75,11.39,3.521,7.974,0.415,48.43,10.342,20.28,36.14,4.902,157.0,2.76
2021-06-29,9.174,42.15,9.942,22.75,10.1,2.356,4.315,8.392,50.55,16.822,5.985,6.858,1.742,6.318,30.64,5.141,31.175,1.827,16.81,11.375,3.522,8.038,0.419,48.42,10.338,20.95,36.48,4.903,159.9,2.737
2021-06-30,9.192,41.64,9.85,22.37,9.95,2.329,4.592,8.204,49.94,16.554,5.892,6.812,1.724,6.284,30.23,5.123,30.605,1.836,16.905,11.295,3.484,7.832,0.419,48.2,10.27,20.48,35.98,4.875,159.5,2.713
2021-07-01,9.368,41.43,9.864,22.06,10.2,2.355,4.505,8.208,50.05,16.702,5.838,6.97,1.735,6.3,30.25,5.229,30.75,1.847,17.065,11.39,3.492,7.849,0.421,48.74,10.46,20.44,36.01,4.922,157.5,2.76
2021-07-02,9.362,41.6,9.856,21.75,10.01,2.336,4.449,8.236,50.55,16.698,5.846,6.94,1.74,6.29,30.45,5.219,31.43,1.834,17.0,11.33,3.526,7.851,0.424,48.67,10.398,20.44,36.1,4.928,158.3,2.717
2021-07-05,9.428,41.22,10.095,22.01,10.184,2.369,4.484,8.234,50.6,16.932,6.016,6.938,1.743,6.318,30.32,5.221,31.745,1.848,17.145,11.235,3.433,7.906,0.423,48.65,10.456,20.59,36.25,4.94,156.6,2.761
2021-07-06,8.984,41.38,9.792,21.88,9.901,2.32,4.38,8.238,50.5,16.73,5.904,6.774,1.736,6.332,30.39,5.106,31.625,1.799,16.84,11.215,3.418,7.941,0.41,50.1,10.27,20.55,36.22,4.941,160.75,2.674
2021-07-07,8.85,41.63,9.804,22.51,9.746,2.303,4.375,8.186,51.65,16.592,5.908,6.7,1.763,6.462,30.72,4.963,31.87,1.783,16.935,11.325,3.493,8.064,0.402,51.74,10.17,20.66,36.26,4.954,163.3,2.646
2021-07-08,8.728,40.67,9.494,21.91,9.437,2.236,4.272,8.046,50.2,16.036,5.764,6.596,1.694,6.378,29.89,4.906,30.98,1.725,16.57,11.15,3.382,7.883,0.386,50.1,9.963,20.48,34.97,4.855,159.2,2.551
2021-07-09,9.002,38.07,9.752,22.16,9.745,2.284,4.388,8.166,51.2,16.486,5.908,6.776,1.696,6.422,30.52,4.971,32.14,1.764,16.885,11.18,3.38,7.924,0.391,50.2,10.08,20.69,35.54,4.892,160.65,2.699
2021-07-12,8.97,39.1,9.914,22.18,9.716,2.306,4.404,8.298,51.85,16.486,5.85,6.762,1.719,6.512,30.8,4.946,32.395,1.772,17.005,11.28,3.46,8.062,0.393,52.6,10.094,21.03,36.19,4.978,162.05,2.695
2021-07-13,8.778,39.09,9.858,22.35,9.551,2.27,4.426,8.212,51.6,16.248,5.854,6.58,1.741,6.56,30.76,4.885,32.425,1.712,17.01,11.305,3.461,8.058,0.39,51.78,10.004,20.92,36.0,5.01,162.4,2.669
2021-07-14,8.932,39.94,9.88,22.62,9.627,2.284,4.421,8.24,51.7,16.24,5.869,6.466,1.724,6.524,30.65,4.99,33.23,1.704,16.925,11.325,3.448,8.024,0.394,51.36,10.024,20.89,36.0,4.995,161.95,2.628
2021-07-15,8.774,40.38,9.798,22.01,9.529,2.256,4.37,8.12,51.4,16.008,5.788,6.362,1.709,6.534,30.36,4.902,32.52,1.69,16.8,11.19,3.417,7.932,0.387,50.52,9.91,20.66,35.62,4.951,162.6,2.627
2021-07-16,8.526,40.57,9.73,21.79,9.4,2.232,4.358,8.104,51.5,15.686,5.66,6.328,1.722,6.602,30.42,4.825,32.17,1.635,16.735,11.18,3.453,8.01,0.388,50.54,9.832,20.84,35.46,4.972,163.05,2.57
2021-07-19,8.23,40.76,9.418,20.9,9.063,2.138,4.181,7.768,49.8,15.122,5.415,6.078,1.655,6.43,29.56,4.596,31.34,1.553,16.225,10.97,3.354,7.604,0.371,49.96,9.454,20.43,34.49,4.862,166.0,2.488
2021-07-20,8.372,40.05,9.538,21.31,9.186,2.179,4.249,7.83,50.55,15.16,5.458,6.168,1.669,6.48,29.6,4.719,31.095,1.565,16.39,11.035,3.364,7.613,0.369,49.79,9.503,20.6,34.65,4.904,167.3,2.542
2021-07-21,8.536,40.85,9.852,21.81,9.467,2.237,4.419,8.084,51.45,15.68,5.64,6.4,1.699,6.524,29.83,4.757,32.33,1.585,16.745,11.15,3.417,7.81,0.374,50.62,9.75,20.94,35.16,4.926,169.45,2.61
2021-07-22,8.44,41.06,9.856,21.72,9.486,2.25,4.422,8.148,51.8,15.59,5.543,6.316,1.714,6.57,30.04,4.828,32.32,1.613,16.79,11.32,3.478,7.957,0.375,50.74,9.644,21.3,35.1,4.922,170.95,2.586
2021-07-23,8.538,41.37,9.92,22.14,9.655,2.285,4.428,8.22,52.55,15.752,5.574,6.4,1.763,6.696,29.73,4.891,33.23,1.615,16.735,11.495,3.54,8.05,0.372,51.24,9.669,21.75,34.7,5.01,172.35,2.627
2021-07-26,8.784,40.78,10.025,22.06,9.818,2.338,4.496,8.424,52.5,15.886,5.714,6.484,1.767,6.672,29.9,5.073,33.335,1.639,16.845,11.38,3.514,8.081,0.373,50.7,9.866,22.21,35.37,5.006,168.95,2.648
2021-07-27,8.706,40.44,9.992,21.9,9.62,2.313,4.479,8.432,52.05,15.688,5.687,6.46,1.783,6.736,30.09,5.073,32.52,1.62,16.755,11.74,3.529,7.962,0.37,51.0,9.808,21.96,34.63,5.048,168.1,2.613
2021-07-28,8.78,41.04,9.994,21.98,9.633,2.32,4.544,8.402,52.75,15.822,5.702,6.544,1.814,6.742,30.2,5.078,33.195,1.622,16.79,11.81,3.579,8.055,0.371,52.0,9.917,21.79,34.66,5.126,169.6,2.628
2021-07-29,8.776,40.35,9.93,22.41,9.833,2.347,4.524,8.396,52.6,16.354,5.718,6.562,1.816,6.722,30.06,5.086,35.04,1.626,16.815,11.835,3.616,8.015,0.371,51.48,10.014,21.86,35.19,5.112,172.45,2.632
2021-07-30,8.576,41.68,9.886,22.3,10.108,2.332,4.49,8.304,52.65,16.19,5.586,6.636,1.791,6.704,30.22,4.86,34.525,1.646,16.85,11.86,3.588,7.78,0.371,52.18,10.024,21.72,35.01,5.104,171.15,2.534
2021-08-02,8.648,42.3,9.816,22.34,9.91,2.315,4.543,8.324,53.3,16.37,5.826,6.788,1.811,6.636,30.43,4.901,35.065,1.646,16.85,11.94,3.593,7.739,0.377,52.66,9.972,22.14,34.91,5.104,176.45,2.524
2021-08-03,8.704,42.39,9.672,21.78,9.88,2.326,4.477,8.28,53.5,17.062,5.78,6.636,1.806,6.65,30.3,4.911,35.11,1.623,16.675,11.905,3.567,7.694,0.373,52.6,10.136,22.17,34.97,5.12,171.95,2.488
2021-08-04,8.59,42.0,9.78,21.44,9.908,2.34,4.47,8.338,53.9,17.448,5.706,6.674,1.817,6.686,30.64,4.862,35.51,1.634,16.575,11.845,3.552,7.703,0.375,53.3,10.12,21.9,35.01,5.092,175.65,2.545
2021-08-05,8.56,42.37,9.888,21.38,10.16,2.345,4.504,8.414,53.9,17.444,5.753,6.756,1.804,6.762,30.75,4.852,35.78,1.634,16.625,11.95,3.542,7.752,0.376,53.9,10.2,22.06,35.5,5.088,176.4,2.551
2021-08-06,8.794,41.9,10.0,21.55,10.408,2.398,4.634,8.52,54.1,17.874,5.764,6.816,1.817,6.81,30.85,4.925,35.95,1.808,16.88,11.925,3.564,7.759,0.381,53.8,10.302,22.27,35.81,5.116,173.45,2.738
2021-08-09,8.746,41.98,10.0,21.77,10.46,2.405,4.804,8.628,53.8,17.996,5.772,6.806,1.817,6.86,30.98,4.993,36.505,1.804,16.965,11.91,3.595,7.798,0.383,54.94,10.284,22.69,36.11,5.124,176.2,2.747
2021-08-10,8.798,41.91,10.0,21.94,10.492,2.408,4.788,8.64,53.8,17.95,5.784,6.796,1.834,6.858,31.4,5.123,36.38,1.797,17.03,11.955,3.582,7.788,0.383,54.9,10.35,22.7,36.01,5.148,175.85,2.724
2021-08-11,8.85,42.1,10.0,22.66,10.744,2.449,4.802,8.764,55.2,18.018,5.985,6.96,1.851,6.958,32.3,5.166,36.23,1.85,17.195,11.94,3.641,7.833,0.395,56.18,10.416,22.95,36.44,5.184,176.6,2.828
2021-08-12,8.81,42.69,9.99,22.55,10.65,2.439,4.851,8.738,56.0,18.498,5.9,6.906,1.872,6.934,32.39,5.126,36.6,1.837,17.315,12.07,3.655,7.844,0.391,56.44,10.478,22.96,36.47,5.206,178.8,2.793
2021-08-13,8.78,42.82,9.988,22.65,10.648,2.448,4.833,8.794,56.65,18.61,5.896,7.012,1.89,7.01,32.24,5.093,36.49,1.827,17.375,12.215,3.695,7.889,0.391,56.84,10.518,23.14,36.82,5.258,177.85,2.789
2021-08-16,8.582,43.03,10.01,22.26,10.51,2.421,4.821,8.794,56.65,18.342,5.784,6.898,1.893,7.022,31.85,4.973,36.52,1.805,17.275,12.095,3.712,7.847,0.388,57.16,10.372,23.22,36.82,5.278,179.0,2.744
2021-08-17,8.59,42.91,9.99,22.15,10.324,2.388,4.831,8.74,56.75,17.844,5.71,6.798,1.904,7.058,32.04,4.964,36.095,1.773,17.18,12.04,3.725,7.777,0.384,56.54,10.376,23.12,36.79,5.254,183.9,2.691
2021-08-18,8.62,42.92,10.005,22.0,10.41,2.408,4.94,8.806,58.2,17.98,5.803,6.91,1.944,7.12,32.0,4.981,36.48,1.785,17.28,12.03,3.753,7.855,0.385,56.86,10.366,23.4,37.0,5.308,184.85,2.717
2021-08-19,8.22,43.26,9.86,21.77,10.128,2.356,4.88,8.616,57.6,17.34,5.698,6.758,1.949,7.184,31.94,4.845,35.84,1.756,17.07,11.7,3.772,7.922,0.382,57.06,10.076,23.13,36.75,5.308,185.05,2.646
2021-08-20,8.154,43.8,9.856,21.85,10.168,2.369,4.867,8.582,57.2,17.14,5.621,6.692,1.923,7.168,31.58,4.802,36.385,1.75,17.065,11.59,3.759,8.001,0.38,57.44,10.062,23.17,36.52,5.258,188.15,2.657
2021-08-23,8.31,44.84,9.914,21.91,10.366,2.386,4.98,8.668,57.85,17.206,5.675,6.772,1.946,7.174,31.52,4.91,36.485,1.788,17.155,11.825,3.761,7.832,0.384,57.06,10.234,23.35,36.71,5.288,187.55,2.703
2021-08-24,8.336,43.97,9.864,22.0,10.452,2.38,5.006,8.654,57.7,17.25,5.66,6.962,1.91,7.118,31.79,4.951,36.635,1.794,17.125,11.765,3.737,7.788,0.384,56.72,10.318,23.26,36.65,5.232,186.0,2.695
2021-08-25,8.41,43.75,9.942,22.15,10.78,2.39,5.012,8.69,58.5,17.29,5.799,6.926,1.882,6.844,31.84,5.02,36.79,1.832,17.13,11.72,3.693,7.761,0.383,55.96,10.33,23.37,37.01,5.056,185.4,2.789
2021-08-26,8.488,43.47,9.934,22.45,10.67,2.364,5.01,8.672,58.65,17.13,5.784,6.87,1.876,6.69,31.6,5.035,36.515,1.808,17.08,11.705,3.66,7.678,0.383,55.5,10.306,23.56,36.91,4.959,185.75,2.753
2021-08-27,8.624,43.68,9.966,22.6,10.676,2.378,5.044,8.746,59.4,17.164,5.795,6.906,1.878,6.692,31.91,5.004,37.295,1.836,17.15,11.67,3.677,7.679,0.383,56.14,10.428,23.66,37.23,4.983,189.45,2.799
2021-08-30,8.53,44.2,9.958,22.61,10.5,2.369,5.014,8.766,60.75,17.018,5.799,6.88,1.87,6.67,31.95,5.083,37.88,1.814,17.115,11.71,3.671,7.748,0.383,55.86,10.432,23.76,37.27,4.973,190.9,2.783
2021-08-31,8.536,44.28,9.98,22.48,10.568,2.398,5.022,8.79,60.2,16.932,5.733,6.898,1.86,6.696,31.87,5.038,37.68,1.842,17.27,11.71,3.663,7.717,0.383,55.56,10.454,23.78,37.64,5.004,193.25,2.808
2021-09-01,8.536,44.41,9.974,22.27,10.738,2.421,5.002,8.788,59.4,16.84,5.757,7.054,1.866,6.848,32.28,4.988,37.94,1.85,17.35,11.935,3.702,7.804,0.381,55.7,10.496,23.78,37.48,5.044,198.5,2.829
2021-09-02,8.63,44.74,9.98,22.46,10.786,2.409,5.028,8.82,59.95,17.124,5.788,7.028,1.85,6.758,32.48,5.04,37.92,1.854,17.37,12.045,3.685,7.788,0.376,55.86,10.632,23.83,37.57,4.98,201.0,2.827
2021-09-03,8.492,44.12,9.886,22.16,10.856,2.388,4.962,8.746,59.35,17.13,5.726,6.958,1.839,6.694,32.46,4.961,37.895,1.845,17.32,11.91,3.67,7.722,0.37,55.46,10.53,23.7,37.54,4.937,201.9,2.772
2021-09-06,8.476,44.65,10.03,22.06,10.988,2.403,5.016,8.824,60.05,17.242,5.776,7.118,1.87,6.682,32.97,4.97,38.22,1.867,17.535,11.915,3.688,7.715,0.373,55.92,10.586,23.77,37.8,4.937,204.3,2.802
2021-09-07,8.538,43.74,9.842,22.0,10.91,2.384,4.935,8.78,59.75,17.086,5.722,7.008,1.834,6.628,32.96,4.924,38.21,1.842,17.535,11.835,3.636,7.59,0.37,54.66,10.582,23.75,37.56,4.932,200.2,2.755
2021-09-08,8.4,43.69,9.864,21.81,10.832,2.359,4.934,8.754,58.6,16.598,5.714,6.92,1.86,6.68,32.05,4.877,37.525,1.818,17.66,11.92,3.67,7.518,0.372,53.86,10.59,23.63,37.37,5.004,205.7,2.714
2021-09-09,8.338,43.23,9.834,21.11,10.886,2.372,4.92,8.75,59.65,16.688,5.714,6.9,1.862,6.632,32.63,5.017,37.655,1.814,17.745,11.855,3.67,7.53,0.369,53.3,10.586,23.72,37.45,4.966,205.6,2.737
2021-09-10,8.302,43.15,9.662,20.9,10.754,2.346,4.83,8.708,58.9,16.704,5.648,6.778,1.826,6.542,32.58,4.998,38.255,1.804,17.43,11.94,3.583,7.375,0.358,52.9,10.544,23.54,37.84,4.876,206.2,2.697
2021-09-13,8.588,41.34,9.734,20.93,10.894,2.394,4.896,8.92,59.25,16.828,5.722,6.872,1.829,6.632,32.55,5.194,38.12,1.832,17.65,11.855,3.627,7.499,0.364,52.56,10.806,23.88,38.85,4.946,196.7,2.74
2021-09-14,8.528,42.68,9.786,20.83,10.76,2.386,4.873,8.978,60.15,16.952,5.687,6.832,1.831,6.712,32.81,5.086,39.5,1.822,17.6,11.925,3.657,7.435,0.358,52.48,10.904,23.95,39.14,4.98,201.8,2.703
2021-09-15,8.778,41.65,9.944,20.59,10.598,2.377,4.855,8.912,59.1,17.34,5.64,6.75,1.754,6.572,32.17,5.121,39.6,1.811,17.715,11.75,3.599,7.025,0.357,51.1,10.99,24.02,39.3,4.91,198.85,2.676
2021-09-16,8.67,42.3,9.982,20.63,10.752,2.408,4.947,8.986,59.55,17.41,5.636,6.772,1.783,6.632,32.25,5.028,39.96,1.81,17.87,11.895,3.639,7.001,0.356,51.86,11.024,24.32,39.01,4.984,200.6,2.71
2021-09-17,8.392,42.5,9.976,20.25,10.694,2.374,4.875,8.904,59.15,16.81,5.508,6.7,1.796,6.518,31.67,4.992,38.865,1.788,17.685,12.055,3.639,6.959,0.361,50.6,10.942,24.19,38.51,4.921,202.6,2.685
2021-09-20,8.08,42.74,9.756,19.595,10.19,2.302,4.757,8.634,57.35,16.058,5.439,6.646,1.796,6.538,30.75,4.912,38.23,1.693,17.45,11.905,3.589,6.84,0.356,50.02,10.414,23.52,37.64,4.896,200.2,2.548
2021-09-21,8.078,44.83,9.802,19.97,10.276,2.322,4.835,8.754,57.9,16.032,5.427,6.766,1.822,6.626,31.32,5.071,38.785,1.715,17.715,12.215,3.642,6.899,0.351,51.06,10.606,23.9,37.85,4.974,204.6,2.562
2021-09-22,8.498,44.93,9.94,20.24,10.638,2.373,4.88,8.908,58.95,16.552,5.532,6.86,1.816,6.556,32.08,5.148,39.09,1.765,17.98,12.305,3.638,6.94,0.353,50.58,10.886,24.0,38.15,4.95,204.3,2.628
2021-09-23,8.566,46.12,10.075,20.39,10.992,2.428,4.985,9.194,59.95,16.768,5.602,6.91,1.823,6.618,32.42,5.181,39.62,1.789,18.125,12.285,3.649,7.079,0.354,51.18,10.902,24.41,38.88,5.008,203.2,2.695
2021-09-24,8.61,44.98,10.1,20.13,10.984,2.424,4.982,9.128,58.95,16.788,5.625,6.86,1.789,6.412,32.04,5.231,39.495,1.834,18.33,12.145,3.583,7.018,0.351,50.86,10.932,24.26,38.8,4.858,195.85,2.673
2021-09-27,8.9,43.66,10.255,20.0,11.544,2.472,5.058,9.164,57.85,16.936,5.76,7.148,1.788,6.362,31.7,5.319,39.55,1.905,18.625,12.11,3.568,6.947,0.362,50.2,11.186,24.19,38.91,4.824,188.6,2.75
2021-09-28,8.858,41.41,10.06,19.75,11.086,2.43,4.972,9.16,55.6,16.432,5.605,6.96,1.766,6.274,30.93,5.312,37.565,1.895,18.25,12.055,3.51,6.837,0.356,48.92,11.264,23.74,38.07,4.787,182.8,2.677
2021-09-29,8.93,41.92,10.335,19.68,11.5,2.459,5.054,9.27,55.95,16.66,5.543,7.158,1.776,6.216,30.78,5.372,37.485,1.944,18.42,12.16,3.557,6.793,0.346,48.99,11.388,23.57,37.94,4.782,181.85,2.705
2021-09-30,9.092,41.2,10.44,19.745,11.5,2.454,5.054,9.35,56.0,16.522,5.547,7.114,1.776,6.136,30.32,5.344,37.765,1.933,18.39,12.18,3.536,6.651,0.339,50.28,11.546,23.76,37.9,4.796,181.35,2.717
2021-10-01,9.08,40.79,10.54,19.565,11.476,2.449,5.106,9.5,55.7,16.268,5.497,7.15,1.769,6.244,30.17,5.394,37.31,1.98,18.41,12.1,3.535,6.729,0.338,49.37,11.482,23.79,38.02,4.778,175.15,2.706
2021-10-04,9.332,40.44,10.405,19.555,11.344,2.421,5.098,9.522,54.35,16.138,5.481,7.262,1.789,6.198,29.4,5.55,36.04,1.963,18.375,12.095,3.538,6.738,0.341,48.91,11.642,23.57,37.57,4.781,171.85,2.67
2021-10-05,9.428,41.13,10.61,19.475,11.836,2.503,5.188,9.712,55.45,16.556,5.586,7.31,1.827,6.21,30.09,5.497,36.94,2.032,18.745,12.28,3.545,6.793,0.343,49.19,11.848,23.64,37.91,4.79,172.85,2.82
2021-10-06,9.024,41.3,10.24,19.165,11.806,2.475,5.152,9.57,54.75,15.966,5.412,7.158,1.824,6.186,29.36,5.266,36.325,2.01,18.585,12.18,3.494,6.728,0.338,49.19,11.666,23.32,37.13,4.774,170.05,2.823
2021-10-07,9.166,41.74,10.29,19.73,11.862,2.51,5.25,9.746,56.2,16.572,5.423,7.128,1.847,6.25,29.94,5.186,36.89,2.033,18.76,12.375,3.523,6.903,0.341,48.97,11.588,23.6,37.92,4.77,170.7,2.814
2021-10-08,9.586,41.3,10.22,19.795,11.994,2.517,5.284,9.658,57.35,16.674,5.404,7.086,1.798,6.244,29.46,5.387,36.025,2.065,18.795,12.415,3.435,6.919,0.343,48.89,11.858,23.64,37.83,4.789,172.1,2.826
2021-10-11,9.814,40.6,9.894,19.665,11.904,2.503,5.258,9.73,56.8,16.826,5.427,7.168,1.775,6.142,29.55,5.427,35.955,2.067,18.895,12.395,3.396,6.748,0.337,49.41,12.006,23.11,37.39,4.728,169.35,2.761
2021-10-12,9.65,40.66,9.99,19.665,11.926,2.513,5.238,9.858,57.15,16.856,5.388,7.228,1.811,6.228,30.6,5.558,35.37,2.059,18.99,12.55,3.436,6.765,0.34,49.56,11.974,23.14,37.82,4.743,173.95,2.761
2021-10-13,9.524,41.27,9.858,19.61,11.656,2.495,5.166,9.736,57.85,16.83,5.373,7.174,1.839,6.252,31.22,5.44,35.865,2.024,18.71,12.51,3.476,6.83,0.34,50.84,11.822,22.99,37.33,4.74,178.5,2.7
2021-10-14,9.576,41.65,10.005,20.06,11.714,2.523,5.156,9.812,59.55,17.028,5.388,6.668,1.854,6.3,31.27,5.497,36.42,2.06,18.725,12.755,3.511,6.94,0.34,51.14,11.98,23.36,37.82,4.761,178.9,2.817
2021-10-15,9.876,41.54,10.12,20.35,11.804,2.575,5.218,9.862,59.5,17.206,5.373,6.726,1.845,6.282,31.26,5.512,36.535,2.031,18.79,12.93,3.485,6.919,0.337,51.08,12.208,23.62,38.31,4.77,180.1,2.844
2021-10-18,9.818,41.85,10.165,20.16,11.69,2.491,4.972,9.136,59.5,16.892,5.35,6.668,1.827,6.284,31.54,5.442,36.71,2.063,18.405,12.795,3.451,6.906,0.334,51.06,12.236,23.87,38.85,4.781,179.35,2.906
2021-10-19,9.942,42.0,10.19,20.25,11.62,2.451,5.02,8.97,59.55,16.778,5.477,6.606,1.847,6.282,31.76,5.515,37.045,2.049,18.485,12.795,3.474,7.081,0.33,51.4,12.172,23.71,38.91,4.778,181.5,2.923
2021-10-20,10.115,42.93,10.33,20.3,11.654,2.467,5.046,8.978,60.0,16.82,5.431,6.624,1.879,6.382,32.04,5.603,36.89,2.078,18.64,12.93,3.543,7.21,0.337,51.7,12.318,24.76,39.55,4.85,185.65,2.956
2021-10-21,9.918,43.32,10.27,20.07,11.58,2.445,4.979,8.866,60.45,16.854,5.388,6.556,1.888,6.404,32.05,5.558,37.455,2.048,18.575,12.9,3.58,7.173,0.332,52.04,12.134,24.59,39.58,4.845,189.55,2.912
2021-10-22,9.862,43.69,10.33,19.99,11.532,2.451,4.965,8.85,61.1,16.85,5.353,6.544,1.934,6.446,32.22,5.598,37.92,2.053,18.615,12.905,3.598,7.127,0.331,52.48,12.078,24.75,39.88,4.868,188.9,2.955
2021-10-25,10.065,44.54,10.395,19.97,11.334,2.463,4.965,8.782,61.05,17.514,5.288,6.534,1.913,6.45,32.56,5.678,38.275,2.047,18.69,12.94,3.561,7.061,0.336,52.72,12.278,24.84,40.49,4.895,191.05,2.965
2021-10-26,10.055,43.27,10.43,20.24,11.5,2.481,5.014,8.914,62.4,17.572,5.361,6.564,1.913,6.498,32.68,5.553,38.835,2.052,18.82,12.395,3.602,7.145,0.34,52.42,12.358,25.14,40.92,4.905,191.0,2.989
2021-10-27,9.9,42.85,10.44,20.03,11.426,2.453,5.0,8.844,63.0,17.56,5.361,6.502,1.87,6.53,32.44,5.475,38.84,2.002,18.755,12.29,3.588,7.216,0.337,52.66,12.268,24.88,40.65,4.897,187.35,2.936
2021-10-28,9.626,44.28,10.365,19.98,11.492,2.438,5.006,8.786,63.45,17.286,5.319,6.438,1.852,6.55,32.73,4.874,41.33,2.025,18.84,12.37,3.557,7.27,0.317,52.86,12.164,24.96,40.88,4.926,195.45,2.897
2021-10-29,9.63,43.95,10.315,20.17,11.424,2.457,4.97,8.706,63.75,17.25,5.288,6.338,1.818,6.442,32.7,4.761,40.895,1.895,18.85,12.28,3.537,7.236,0.308,54.12,12.404,24.89,40.66,4.897,195.35,2.686
2021-11-01,9.89,44.7,10.48,20.19,11.368,2.495,5.032,8.808,64.85,17.45,5.373,6.434,1.831,6.556,32.87,4.835,41.135,1.883,18.96,12.435,3.555,7.285,0.31,55.08,12.746,25.34,40.9,5.0,197.15,2.694
2021-11-02,9.852,44.11,10.52,20.29,11.278,2.512,5.002,8.694,65.2,17.468,5.353,6.45,1.829,6.574,33.44,4.82,41.73,1.918,18.98,12.535,3.534,7.231,0.306,56.18,12.54,25.43,40.92,4.996,197.65,2.743
2021-11-03,9.726,44.13,10.655,20.25,11.468,2.502,5.05,8.694,66.4,17.548,5.35,6.616,1.833,6.66,33.04,4.781,42.4,1.914,19.075,12.7,3.581,7.256,0.312,56.32,12.38,25.48,40.62,5.046,194.75,2.797
2021-11-04,10.335,44.76,10.65,20.14,11.444,2.457,4.993,8.77,68.25,17.64,5.319,6.616,1.866,6.69,33.29,4.812,43.4,1.892,18.995,12.68,3.638,7.252,0.326,56.5,12.56,25.41,40.99,5.088,193.05,2.761
2021-11-05,10.62,45.76,10.815,19.96,11.518,2.484,5.01,8.942,67.55,17.718,5.326,6.522,1.855,6.678,33.83,4.875,44.06,1.933,19.105,12.79,3.673,7.294,0.341,56.54,12.672,25.44,42.3,5.1,182.5,2.9
2021-11-08,10.905,45.65,10.8,20.63,11.482,2.493,4.961,8.91,67.9,17.536,5.373,6.558,1.839,6.676,34.03,4.909,44.67,1.924,18.975,12.67,3.65,7.195,0.334,56.34,12.682,25.48,42.9,5.068,184.1,2.836
2021-11-09,10.85,46.54,10.715,20.45,11.386,2.47,4.93,8.918,67.55,17.44,5.311,6.548,1.815,6.634,33.58,4.958,44.29,1.919,18.985,12.78,3.638,7.094,0.329,56.0,12.62,25.37,43.2,5.012,182.8,2.78
2021-11-10,10.49,46.07,10.72,20.56,11.534,2.477,5.004,9.016,66.95,17.882,5.365,6.628,1.843,6.734,33.31,4.993,43.42,1.91,19.02,12.815,3.607,7.16,0.335,56.22,12.664,25.41,42.27,5.086,183.4,2.78
2021-11-11,10.38,45.51,10.83,20.47,11.616,2.472,5.032,9.068,61.6,17.886,5.288,6.594,1.844,6.702,33.41,4.956,44.24,1.923,19.15,12.785,3.56,7.099,0.331,56.34,12.646,25.65,42.82,5.034,185.0,2.797
2021-11-12,10.335,45.8,10.84,20.65,11.526,2.471,5.0,9.078,61.55,17.876,5.466,6.55,1.854,6.68,34.03,4.931,44.8,1.911,19.135,12.92,3.608,7.099,0.324,56.46,12.512,26.49,43.03,5.018,188.0,2.788
2021-11-15,10.265,46.01,10.805,20.53,11.65,2.49,5.08,9.16,61.4,17.95,5.319,6.548,1.859,6.802,33.99,4.928,44.89,1.926,19.24,13.02,3.657,7.15,0.334,57.18,12.546,26.84,43.08,5.02,188.95,2.797
2021-11-16,10.24,45.21,10.685,20.69,11.506,2.483,5.046,9.142,63.4,18.09,5.299,6.504,1.867,6.69,34.11,4.87,45.14,1.901,18.765,13.155,3.622,7.087,0.338,56.7,12.598,26.86,42.45,4.958,191.7,2.764
2021-11-17,10.025,43.98,10.61,20.47,11.566,2.482,5.032,9.024,62.6,17.956,5.26,6.448,1.862,6.732,35.05,4.832,45.755,1.895,18.765,13.35,3.567,7.068,0.339,56.1,12.592,26.54,41.47,4.997,183.75,2.75
2021-11-18,9.742,44.61,10.625,19.985,11.442,2.467,5.012,8.916,62.3,17.964,5.14,6.418,1.847,6.73,35.0,4.782,45.41,1.847,18.6,13.345,3.626,7.042,0.334,55.04,12.43,26.59,41.1,5.0,184.5,2.716
2021-11-19,9.492,44.55,10.56,19.825,10.968,2.384,4.944,8.784,62.8,17.514,4.989,6.194,1.816,6.714,34.87,4.635,45.79,1.796,18.285,13.325,3.578,6.95,0.347,56.52,12.168,26.19,41.36,5.016,188.9,2.646
2021-11-22,9.586,43.8,10.16,19.825,11.052,2.327,4.992,8.742,62.25,17.458,5.008,6.21,1.831,6.612,35.0,4.772,45.71,1.808,18.4,13.465,3.575,6.952,0.451,56.28,12.328,26.54,39.17,5.034,183.65,2.645
2021-11-23,9.524,42.34,9.928,19.98,11.12,2.302,4.912,8.58,60.45,17.01,4.935,6.22,1.811,6.55,34.13,4.72,43.875,1.804,18.37,12.955,3.537,6.907,0.43,55.4,12.38,25.62,37.67,4.997,179.3,2.621
2021-11-24,9.636,42.74,9.926,19.645,11.45,2.303,4.9,8.83,60.95,16.808,4.706,6.304,1.816,6.58,33.86,4.761,43.69,1.795,18.4,12.97,3.541,7.045,0.497,55.58,12.37,25.52,37.39,5.038,177.45,2.621
2021-11-25,9.516,43.3,10.05,19.76,11.272,2.288,4.825,8.716,60.75,16.708,4.632,6.352,1.796,6.552,34.3,4.7,43.515,1.773,18.32,13.295,3.534,7.149,0.484,56.0,12.296,25.45,36.9,5.024,177.45,2.58
2021-11-26,8.842,42.2,9.582,18.81,10.494,2.157,4.6,8.324,59.0,15.566,4.508,6.064,1.71,6.46,32.96,4.466,41.915,1.697,17.66,12.855,3.37,6.816,0.481,54.76,11.53,24.21,35.86,4.945,187.3,2.43
2021-11-29,8.922,42.76,9.724,18.7,10.57,2.143,4.619,8.39,59.8,15.568,4.516,6.044,1.727,6.496,33.29,4.503,43.0,1.684,17.8,13.085,3.387,6.789,0.471,54.96,11.8,24.48,36.26,4.997,185.1,2.471
2021-11-30,8.662,43.12,9.77,18.525,10.69,2.115,4.603,8.248,59.6,15.14,4.57,5.982,1.727,6.576,32.79,4.422,43.1,1.682,17.73,12.87,3.405,6.707,0.46,55.44,11.642,24.5,36.21,4.974,188.75,2.466
2021-12-01,9.02,43.11,9.794,18.865,11.118,2.168,4.695,8.462,60.9,16.0,4.702,6.108,1.754,6.602,33.45,4.508,44.945,1.73,18.13,12.845,3.49,6.755,0.466,55.02,11.904,24.68,37.42,5.014,182.9,2.517
2021-12-02,8.934,41.77,9.82,18.725,11.01,2.148,4.681,8.396,60.45,15.928,4.644,6.028,1.714,6.542,32.83,4.518,41.97,1.714,18.04,12.71,3.41,6.59,0.475,53.72,11.94,24.47,37.27,4.992,177.9,2.554
2021-12-03,8.96,41.9,9.806,18.51,11.13,2.147,4.65,8.44,60.05,15.744,4.644,5.982,1.727,6.572,32.67,4.483,41.885,1.698,18.19,12.67,3.417,6.526,0.464,53.44,12.01,24.3,37.49,5.04,176.7,2.547
2021-12-06,9.092,41.8,10.015,19.07,11.43,2.213,4.735,8.534,60.8,16.292,4.749,6.06,1.773,6.764,33.0,4.594,42.03,1.752,18.61,13.015,3.54,6.723,0.458,53.82,12.292,24.38,38.08,5.164,172.3,2.624
2021-12-07,9.294,42.95,10.215,19.385,11.706,2.258,4.835,8.71,63.0,16.872,4.772,6.114,1.783,6.792,33.92,4.621,44.465,1.766,18.7,13.255,3.57,6.811,0.451,55.26,12.568,24.59,39.04,5.162,176.4,2.68
2021-12-08,9.18,41.82,10.105,19.115,11.55,2.231,4.74,8.628,62.55,16.682,4.679,6.09,1.758,6.75,33.06,4.567,43.175,1.736,18.495,12.97,3.519,6.701,0.457,53.94,12.39,24.44,38.99,5.084,174.95,2.63
2021-12-09,8.996,41.64,10.06,18.935,12.8,2.225,4.728,8.55,62.9,16.448,4.621,6.036,1.791,6.792,32.63,4.468,42.885,1.745,18.585,12.985,3.55,6.702,0.442,53.92,12.266,24.24,38.63,5.128,178.0,2.626
2021-12-10,8.918,41.78,10.04,18.87,12.876,2.216,4.709,8.49,62.85,16.49,4.64,5.998,1.786,6.81,32.8,4.463,42.435,1.732,18.5,12.96,3.557,6.69,0.441,53.56,12.206,24.11,38.78,5.134,180.0,2.586
2021-12-13,8.838,41.96,9.918,18.88,12.792,2.205,4.686,8.478,62.35,16.366,4.609,5.888,1.786,6.796,32.43,4.41,42.46,1.725,18.485,12.93,3.515,6.604,0.44,54.34,12.02,23.84,39.01,5.09,180.65,2.599
2021-12-14,9.134,42.77,9.98,18.78,13.378,2.224,4.688,8.462,60.4,16.27,4.508,5.994,1.791,6.812,31.95,4.446,41.7,1.752,18.45,12.745,3.515,6.626,0.442,53.46,12.148,23.75,38.92,5.12,176.3,2.636
2021-12-15,8.852,43.7,9.978,18.8,13.138,2.201,4.748,8.484,61.05,16.316,4.663,5.966,1.755,6.92,32.14,4.373,42.595,1.858,18.5,12.9,3.544,6.697,0.443,54.86,12.0,23.76,38.8,5.15,180.5,2.631
2021-12-16,9.106,43.2,10.09,18.675,13.068,2.243,4.706,8.502,61.45,16.854,4.605,6.034,1.709,6.984,32.21,4.409,41.93,1.779,18.64,12.86,3.545,6.648,0.439,55.18,12.198,24.1,38.74,5.158,178.15,2.581
2021-12-17,9.028,44.08,10.035,18.7,13.122,2.205,4.681,8.398,61.0,16.414,4.462,6.092,1.686,7.016,31.57,4.389,41.39,1.776,18.495,12.65,3.569,6.746,0.44,55.52,12.052,23.78,38.1,5.166,158.85,2.572
2021-12-20,8.826,44.1,9.67,18.185,12.996,2.182,4.581,8.138,60.2,15.82,4.419,5.946,1.63,7.034,31.73,4.338,41.37,1.732,18.37,12.645,3.538,6.653,0.432,55.26,11.834,23.22,37.04,5.162,160.55,2.502
2021-12-21,9.116,44.3,9.834,18.675,13.45,2.233,4.688,8.378,61.3,16.308,4.524,6.114,1.653,7.086,32.44,4.517,41.86,1.788,18.27,12.565,3.58,6.835,0.435,55.56,12.18,23.73,37.86,5.2,160.25,2.584
2021-12-22,9.114,45.31,9.918,18.75,13.44,2.23,4.71,8.44,62.5,16.452,4.559,6.262,1.656,7.082,32.85,4.541,42.5,1.778,18.39,12.81,3.594,6.876,0.443,56.52,12.174,23.74,38.05,5.2,161.85,2.587
2021-12-23,9.13,45.44,9.886,18.8,13.508,2.251,4.714,8.448,62.5,16.598,4.59,6.266,1.681,7.14,33.09,4.551,42.94,1.762,18.635,12.74,3.6,6.916,0.437,55.76,12.24,23.97,38.03,5.208,161.65,2.571
2021-12-24,9.13,45.44,9.886,18.8,13.508,2.251,4.714,8.448,62.5,16.598,4.59,6.266,1.681,7.14,33.09,4.551,42.94,1.762,18.635,12.74,3.6,6.916,0.437,55.76,12.24,23.97,38.03,5.208,161.65,2.571
2021-12-27,9.228,46.23,9.928,18.905,13.528,2.263,4.746,8.586,63.4,16.832,4.613,6.354,1.685,7.108,33.05,4.575,43.91,1.791,18.55,12.805,3.612,6.928,0.436,55.94,12.294,24.29,38.52,5.218,166.35,2.582
2021-12-28,9.302,46.91,10.06,19.04,13.576,2.283,4.816,8.67,64.25,16.854,4.617,6.36,1.72,7.136,33.19,4.682,44.005,1.813,18.75,12.79,3.678,7.036,0.435,56.36,12.404,24.53,38.93,5.304,166.0,2.625
2021-12-29,9.286,47.22,10.045,19.02,13.536,2.277,4.783,8.66,64.35,16.702,4.644,6.304,1.717,7.154,33.07,4.651,43.795,1.827,18.68,12.87,3.663,7.01,0.434,56.54,12.28,24.6,38.82,5.304,165.0,2.624
2021-12-30,9.21,47.45,10.11,18.975,13.544,2.274,4.779,8.68,64.45,16.686,4.679,6.3,1.72,7.114,33.11,4.631,43.76,1.823,18.63,12.855,3.661,7.046,0.434,56.5,12.22,24.68,38.75,5.3,167.45,2.64
2021-12-31,9.21,47.45,10.11,18.975,13.544,2.274,4.779,8.68,64.45,16.686,4.679,6.3,1.72,7.114,33.11,4.631,43.76,1.823,18.63,12.855,3.661,7.046,0.434,56.5,12.22,24.68,38.75,5.3,167.45,2.64
2022-01-03,9.574,46.64,10.19,19.3,13.752,2.345,4.84,8.788,64.1,17.328,4.694,6.388,1.728,7.19,33.45,4.783,44.005,1.885,18.82,12.765,3.706,7.195,0.449,55.54,12.408,25.0,38.86,5.368,163.2,2.716
2022-01-04,9.706,45.68,10.395,19.54,14.276,2.394,4.85,8.854,63.75,17.714,4.776,6.434,1.719,7.16,33.08,4.832,43.23,1.911,19.005,12.87,3.672,7.172,0.445,54.62,12.61,25.22,38.88,5.27,158.95,2.754
2022-01-05,9.78,45.85,10.415,19.545,14.394,2.418,4.946,8.93,64.4,18.428,4.795,6.442,1.701,7.1,33.43,4.851,43.62,1.921,18.895,12.775,3.643,7.12,0.457,54.66,12.756,25.28,38.83,5.296,160.5,2.785
2022-01-06,9.782,44.33,10.39,19.285,14.15,2.433,4.85,8.684,62.55,18.246,4.722,6.312,1.669,6.92,33.38,4.876,42.82,1.91,18.465,12.395,3.572,6.949,0.452,53.94,12.65,24.51,37.89,5.208,156.1,2.76
2022-01-07,9.798,43.58,10.385,19.29,14.248,2.451,4.853,8.844,61.9,18.002,4.714,6.35,1.665,6.862,33.09,4.915,44.385,1.91,18.57,12.04,3.572,6.909,0.454,54.36,12.79,24.81,37.6,5.174,154.8,2.826
2022-01-10,9.748,41.66,10.375,19.18,14.222,2.463,4.863,8.926,59.45,17.864,4.605,6.468,1.67,6.858,32.85,4.855,42.375,1.916,18.46,12.105,3.588,6.93,0.449,54.08,12.684,24.86,37.57,5.164,148.1,2.819
2022-01-11,9.948,42.68,10.455,19.35,14.064,2.482,4.895,9.09,60.2,18.04,4.644,6.566,1.668,6.82,33.4,4.99,42.865,1.93,18.59,12.02,3.56,6.931,0.452,54.48,12.81,25.38,38.39,5.128,150.2,2.871
2022-01-12,10.035,41.65,10.59,19.46,13.61,2.546,4.915,9.26,60.35,18.38,4.698,6.55,1.689,6.862,33.76,5.009,42.595,1.928,18.745,11.985,3.556,6.922,0.451,54.92,13.052,26.45,38.42,5.146,154.2,2.865
2022-01-13,10.06,40.87,10.51,19.61,13.652,2.56,5.0,9.294,59.15,19.01,4.687,6.636,1.68,6.896,33.95,5.01,43.9,1.962,18.725,11.78,3.533,6.961,0.448,54.36,13.024,26.53,37.98,5.136,147.7,2.873
2022-01-14,10.26,40.52,10.385,19.605,13.54,2.562,4.99,9.112,57.3,18.974,4.687,6.762,1.666,6.848,33.29,5.03,42.965,1.955,18.44,11.485,3.534,6.807,0.451,53.94,13.16,26.08,37.78,5.112,146.1,2.862
2022-01-17,10.505,40.87,10.41,19.785,13.632,2.578,4.981,9.072,57.8,19.14,4.621,6.778,1.661,6.84,33.52,5.068,43.625,1.936,18.58,11.55,3.506,6.863,0.437,53.58,13.212,26.21,37.71,5.074,148.25,2.857
2022-01-18,10.725,39.95,10.33,19.28,13.704,2.575,4.97,8.858,57.05,19.094,4.636,6.824,1.638,6.858,32.59,4.931,42.665,1.936,18.855,11.33,3.474,6.811,0.423,52.22,13.27,25.75,36.7,5.066,143.35,2.813
2022-01-19,10.725,39.74,10.35,19.12,13.572,2.534,4.969,8.788,56.9,18.99,4.636,6.91,1.627,6.814,31.85,5.116,41.335,1.915,18.72,11.375,3.46,6.811,0.41,51.2,13.42,25.41,35.96,5.082,145.15,2.79
2022-01-20,10.765,40.38,10.315,19.48,13.57,2.552,5.026,8.85,56.75,18.794,4.663,6.914,1.662,6.942,32.17,5.048,41.435,1.918,18.875,11.41,3.518,7.003,0.424,52.0,13.29,25.45,36.6,5.122,147.0,2.801
2022-01-21,10.36,38.72,10.11,18.995,13.18,2.552,4.925,8.738,55.6,18.128,4.605,6.8,1.648,6.936,30.95,5.014,40.65,1.882,18.27,11.395,3.48,6.905,0.419,51.5,13.106,25.2,36.02,5.084,142.85,2.777
2022-01-24,9.85,37.24,9.79,18.11,12.848,2.467,4.729,8.35,53.05,16.788,4.435,6.602,1.605,6.834,29.52,4.772,38.695,1.794,17.8,11.135,3.432,6.665,0.409,50.52,12.686,23.77,34.51,4.945,134.7,2.644
2022-01-25,10.305,35.93,9.724,18.265,13.176,2.489,4.78,8.362,52.5,16.602,4.446,6.226,1.637,6.83,28.85,4.939,38.63,1.788,17.895,11.015,3.443,6.666,0.407,49.95,13.094,23.08,33.85,4.953,132.55,2.616
2022-01-26,10.765,36.43,9.848,18.5,13.652,2.565,4.91,8.536,54.25,17.404,4.539,6.336,1.677,6.906,29.96,5.121,39.84,1.87,18.05,10.96,3.509,6.715,0.41,49.48,13.484,23.15,34.46,4.927,134.75,2.688
2022-01-27,11.075,36.47,10.0,18.175,13.772,2.612,4.971,8.494,53.4,17.542,4.559,6.398,1.738,6.91,29.26,5.116,40.61,1.913,18.28,10.935,3.589,6.852,0.408,49.51,13.812,23.31,34.85,4.974,135.1,2.731
2022-01-28,10.87,35.87,10.035,18.03,13.746,2.597,4.906,8.426,53.05,17.068,4.477,6.46,1.688,6.884,28.67,4.857,39.995,1.84,18.265,10.83,3.63,6.752,0.407,49.51,13.574,23.13,34.95,4.904,135.1,2.661
2022-01-31,10.765,37.53,10.11,18.405,13.99,2.619,4.956,8.564,54.35,16.97,4.38,6.382,1.679,6.95,29.73,3.391,41.25,1.855,18.58,11.09,3.678,6.781,0.416,49.54,13.308,23.72,35.58,4.96,136.9,2.743
2022-02-01,11.405,38.2,10.32,18.79,14.25,2.67,4.992,8.694,54.65,17.344,4.501,6.44,1.694,6.976,30.13,3.349,41.465,1.926,18.68,11.31,3.672,6.854,0.42,49.76,13.456,23.83,36.06,4.964,137.0,2.812
2022-02-02,11.34,39.41,10.425,19.02,14.71,2.697,5.036,8.814,55.75,17.476,4.419,6.404,1.691,7.04,29.97,3.307,41.355,1.939,18.765,11.405,3.715,6.849,0.425,49.96,13.356,24.12,36.2,4.98,137.9,2.879
2022-02-03,11.195,37.01,10.315,18.96,15.05,2.728,4.986,8.728,53.35,17.374,4.377,6.346,1.683,6.88,28.97,3.096,39.67,1.977,18.665,11.185,3.698,6.779,0.426,48.54,13.288,23.92,35.94,4.918,133.4,2.929
2022-02-04,11.42,36.31,10.025,18.75,14.97,2.667,4.845,8.66,52.25,16.462,4.303,6.146,1.64,6.758,28.23,2.996,38.84,1.957,18.405,11.03,3.623,6.639,0.417,47.35,13.48,23.66,35.9,4.83,131.6,2.89
2022-02-07,11.43,36.07,10.06,18.8,14.784,2.715,4.809,8.416,51.5,16.302,4.287,6.082,1.609,6.602,27.7,3.029,38.935,1.955,18.19,10.84,3.468,6.431,0.418,46.91,13.186,23.36,35.87,4.677,125.9,2.918
2022-02-08,11.33,35.09,10.36,18.66,15.128,2.77,4.9,8.528,51.2,16.438,4.264,6.23,1.576,6.534,27.82,2.911,39.345,2.047,18.345,10.76,3.399,6.331,0.414,46.09,13.036,23.23,35.64,4.65,124.75,2.994
2022-02-09,11.45,36.55,10.58,19.8,15.36,2.853,5.006,8.73,52.2,17.106,4.307,6.316,1.598,6.766,28.65,2.828,40.86,2.029,18.44,10.845,3.444,6.477,0.417,46.55,13.252,23.7,36.55,4.762,127.75,3.236
2022-02-10,11.565,36.19,10.55,20.09,15.85,2.92,5.064,8.86,51.8,16.96,4.361,6.484,1.604,6.704,28.38,2.903,40.685,2.026,18.65,10.8,3.467,6.432,0.422,45.8,13.298,23.82,36.22,4.73,126.05,3.234
2022-02-11,11.685,35.35,10.47,19.925,15.69,2.853,5.032,8.56,50.65,16.77,4.388,6.53,1.585,6.642,28.04,2.912,40.0,2.057,18.62,10.645,3.452,6.394,0.425,45.4,13.528,23.74,36.05,4.708,123.2,3.551
2022-02-14,11.505,34.74,10.165,19.65,15.026,2.767,5.042,8.268,47.98,16.34,4.28,6.462,1.553,6.62,27.54,2.862,39.1,1.978,18.355,10.39,3.375,6.32,0.413,44.78,13.324,22.96,35.25,4.747,119.75,3.528
2022-02-15,11.59,36.16,10.395,20.24,15.346,2.853,5.038,8.5,48.72,17.012,4.404,6.78,1.584,6.782,28.32,2.877,39.74,2.159,18.69,10.485,3.407,6.429,0.415,45.75,13.172,23.6,36.3,4.803,122.3,3.63
2022-02-16,11.855,35.67,10.38,20.12,15.092,2.791,5.036,8.434,48.86,17.17,4.473,6.786,1.577,6.782,29.18,2.908,39.885,2.133,18.955,10.47,3.39,6.51,0.414,45.51,13.308,23.66,36.56,4.821,121.75,3.562
2022-02-17,11.52,35.68,10.135,20.01,14.68,2.739,5.026,8.32,47.72,16.85,4.338,6.646,1.574,6.732,29.26,2.828,39.12,2.048,18.61,10.495,3.355,6.482,0.411,45.81,13.334,23.28,35.97,4.806,120.75,3.518
2022-02-18,11.305,35.54,10.205,19.615,14.632,2.722,5.024,8.292,47.22,16.692,4.287,6.6,1.568,6.742,28.84,2.801,38.24,2.059,18.54,10.57,3.349,6.435,0.406,46.2,13.47,23.21,36.05,4.812,117.3,3.584
2022-02-21,10.95,35.15,9.996,19.265,14.376,2.674,4.921,8.204,47.16,16.304,4.21,6.414,1.541,6.698,28.33,2.712,37.565,2.038,18.355,10.255,3.301,6.296,0.395,46.11,13.314,22.57,35.26,4.793,117.45,3.512
2022-02-22,11.04,35.21,9.864,18.76,14.07,2.66,4.848,8.124,48.18,16.346,4.136,6.416,1.51,6.69,27.91,2.652,37.695,2.019,18.12,10.3,3.314,6.344,0.396,46.29,13.492,22.49,34.62,4.777,121.4,3.494
2022-02-23,10.925,35.98,9.87,18.31,14.008,2.621,4.751,8.19,48.24,17.066,4.101,6.4,1.536,6.758,28.02,2.515,37.475,1.96,18.17,9.294,3.333,6.314,0.383,46.1,13.426,22.72,34.78,4.81,125.5,3.359
2022-02-24,10.805,36.69,9.346,16.875,12.118,2.412,4.466,7.494,47.62,16.034,3.962,6.678,1.505,6.834,27.89,2.562,36.68,1.811,17.465,9.462,3.234,6.192,0.374,43.35,13.362,21.09,31.78,4.758,128.6,3.084
2022-02-25,11.14,37.4,9.374,17.595,12.58,2.477,4.64,7.672,48.46,16.884,4.059,6.95,1.574,7.172,29.42,2.542,38.295,1.844,17.89,9.812,3.37,6.549,0.381,44.65,13.78,21.77,33.05,4.95,128.35,3.151
2022-02-28,11.54,38.45,9.326,17.105,11.388,2.293,4.533,7.362,48.46,16.37,4.904,8.0,1.597,7.342,29.52,2.651,37.96,1.795,17.73,9.748,3.465,6.599,0.378,43.76,13.832,21.4,33.03,4.965,133.65,3.081
2022-03-01,11.44,37.96,8.596,16.21,10.596,2.116,4.307,7.088,46.96,15.236,4.644,8.116,1.541,7.476,29.25,2.518,36.89,1.661,17.335,9.312,3.342,6.174,0.344,42.44,14.252,20.38,31.71,4.876,132.8,2.874
2022-03-02,12.005,37.94,8.658,16.555,10.82,2.146,4.276,7.12,47.52,15.392,4.439,7.994,1.509,7.298,30.49,2.614,36.805,1.655,17.225,9.314,3.292,6.17,0.344,43.17,14.53,21.08,31.74,4.807,129.3,2.871
2022-03-03,11.76,37.6,8.594,16.305,10.538,2.084,4.203,6.954,46.82,14.96,4.159,7.984,1.473,7.198,29.32,2.568,36.535,1.569,17.15,9.332,3.26,5.955,0.296,42.83,13.866,20.86,31.0,4.799,128.65,2.66
2022-03-04,11.55,36.2,7.872,15.605,9.0,1.896,3.857,6.5,43.48,13.822,3.87,7.558,1.452,7.178,27.75,2.377,33.995,1.403,16.23,9.106,3.185,5.67,0.25,42.05,12.854,19.52,28.6,4.79,125.45,2.429
2022-03-07,13.055,36.69,7.654,15.545,8.497,1.843,3.699,6.424,42.06,12.938,4.167,8.034,1.452,7.08,28.99,2.314,33.555,1.33,15.865,9.102,3.2,5.561,0.236,41.85,13.406,19.58,28.02,4.826,127.7,2.317
2022-03-08,13.475,34.96,7.824,15.665,9.017,1.866,3.951,6.608,40.32,12.932,4.458,8.026,1.477,6.992,28.79,2.618,32.69,1.401,16.175,8.798,3.274,5.722,0.25,40.35,13.67,19.85,28.79,4.875,122.75,2.435
2022-03-09,12.73,37.1,8.53,17.055,10.07,2.072,4.276,7.332,41.76,14.52,4.427,8.068,1.543,7.3,30.69,2.58,36.085,1.541,16.96,9.416,3.395,6.039,0.267,44.24,13.602,21.64,31.09,5.048,126.2,2.646
2022-03-10,12.93,35.08,8.124,16.79,9.348,1.915,4.133,6.906,40.5,13.47,4.326,8.188,1.531,7.078,28.97,2.504,35.13,1.426,16.8,9.258,3.379,5.739,0.275,43.02,13.104,19.25,30.25,4.918,120.7,2.498
2022-03-11,12.925,35.84,8.164,17.09,9.246,1.919,4.264,7.062,41.9,13.496,4.497,9.132,1.529,7.048,29.48,2.434,34.99,1.418,17.17,9.22,3.371,5.728,0.289,43.53,13.036,19.655,30.98,4.959,122.85,2.555
2022-03-14,12.605,36.57,8.5,17.945,9.553,1.99,4.422,7.18,43.74,14.0,4.582,8.984,1.512,7.038,29.97,2.416,34.63,1.476,17.645,9.266,3.342,5.819,0.303,44.8,12.978,20.09,31.49,4.908,127.3,2.628
2022-03-15,12.185,36.35,8.564,17.87,9.63,2.008,4.484,7.334,42.88,14.156,4.629,9.128,1.502,7.196,29.79,2.465,35.14,1.506,17.91,9.3,3.365,5.826,0.297,44.19,12.924,20.44,31.61,4.901,125.9,2.647
2022-03-16,12.005,37.75,9.14,18.23,10.228,2.148,4.697,7.716,46.26,15.06,4.675,8.684,1.5,7.004,30.58,2.486,37.775,1.617,18.575,9.87,3.327,5.824,0.302,45.43,12.77,21.6,33.21,4.891,127.7,2.878
2022-03-17,12.445,37.6,9.088,17.87,9.77,2.072,4.637,7.664,46.36,14.716,4.625,8.816,1.505,6.992,30.67,2.588,37.635,1.569,18.61,9.836,3.368,5.72,0.298,45.66,13.11,21.28,33.0,4.926,137.6,2.737
2022-03-18,12.645,37.8,9.29,18.11,9.693,2.086,4.629,7.642,47.1,14.664,4.512,8.76,1.492,7.056,31.02,2.638,38.74,1.58,18.775,10.04,3.368,5.76,0.299,45.65,12.728,21.03,33.23,4.925,138.2,2.729
2022-03-21,13.415,37.35,9.086,17.485,9.668,2.066,4.66,7.586,46.98,14.608,4.582,9.018,1.52,7.04,31.11,2.673,38.77,1.57,18.735,9.908,3.371,5.824,0.295,45.72,13.094,20.88,32.78,4.913,132.35,2.726
2022-03-22,13.49,37.45,9.166,17.57,9.831,2.1,4.7,7.782,46.4,14.822,4.725,9.054,1.536,7.092,31.13,2.632,39.18,1.59,18.82,9.97,3.412,5.823,0.299,46.16,13.104,21.31,33.18,4.916,132.25,2.768
2022-03-23,13.865,36.97,9.026,17.12,9.54,2.048,4.704,7.7,46.98,14.594,4.71,9.294,1.505,6.972,30.83,2.821,39.1,1.566,18.88,9.924,3.29,5.709,0.301,45.87,13.222,21.27,33.14,4.88,130.85,2.722
2022-03-24,13.905,36.53,9.086,16.615,9.489,2.031,4.902,7.652,45.54,14.412,4.784,9.32,1.508,7.162,30.56,2.749,39.905,1.551,19.065,9.912,3.253,5.77,0.326,45.42,13.314,20.82,33.04,5.0,129.75,2.703
2022-03-25,14.25,37.22,9.064,15.98,9.505,2.033,4.909,7.722,46.04,14.434,4.849,9.46,1.518,7.416,30.16,2.681,40.195,1.561,19.42,10.255,3.321,5.824,0.332,45.4,13.464,20.89,33.09,5.098,128.65,2.719
2022-03-28,13.925,37.69,9.088,16.24,9.57,2.045,4.926,7.768,45.88,14.45,4.892,9.186,1.544,7.486,30.84,2.863,40.325,1.582,20.14,10.38,3.336,5.878,0.337,45.01,13.272,21.22,33.48,5.15,131.05,2.726
2022-03-29,13.545,40.08,9.294,17.38,10.29,2.161,4.991,7.982,48.52,15.41,4.764,8.97,1.566,7.258,30.99,2.875,41.42,1.674,19.73,10.565,3.368,6.077,0.336,46.97,13.096,21.85,34.44,5.064,139.8,2.87
2022-03-30,13.775,40.61,9.136,16.99,10.14,2.134,4.991,7.908,46.64,15.166,4.873,9.2,1.545,7.534,31.29,2.799,40.725,1.641,20.12,10.585,3.367,6.097,0.359,46.88,13.382,21.47,34.16,5.154,141.8,2.777
2022-03-31,13.755,40.54,9.22,16.855,9.855,2.083,4.98,7.756,45.7,14.8,4.834,9.02,1.554,7.786,30.96,2.877,39.61,1.589,20.77,10.555,3.346,6.068,0.333,45.64,13.294,21.13,33.72,5.232,141.9,2.69
2022-04-01,13.89,41.88,9.39,17.04,10.002,2.105,5.024,7.888,44.84,14.79,4.853,9.086,1.547,7.872,31.53,2.939,38.65,1.617,21.11,10.73,3.367,6.104,0.322,46.11,13.414,21.28,34.25,5.272,145.55,2.713
2022-04-04,13.88,42.68,9.29,16.965,9.926,2.095,4.947,7.804,44.12,14.888,4.849,9.33,1.582,7.8,31.39,2.879,38.7,1.607,20.3,10.73,3.394,6.11,0.316,47.23,13.442,21.24,34.25,5.136,145.85,2.771
2022-04-05,13.995,42.98,9.152,16.585,9.644,2.042,5.07,7.732,41.84,14.34,4.679,9.32,1.594,7.966,30.98,2.844,36.635,1.58,20.21,10.96,3.396,6.232,0.313,48.88,13.508,20.68,33.78,5.158,148.45,2.765
2022-04-06,13.84,42.56,8.972,16.445,9.427,1.982,5.106,7.464,39.46,13.702,4.601,9.214,1.594,7.93,29.9,2.779,35.595,1.538,19.98,10.695,3.431,6.208,0.305,47.78,13.388,19.97,32.5,5.254,145.25,2.711
2022-04-07,13.9,42.35,8.86,16.395,9.374,1.952,5.062,7.448,39.2,13.54,4.574,9.036,1.64,8.04,28.9,2.717,35.245,1.541,19.36,10.82,3.547,6.168,0.312,49.12,13.262,19.53,32.75,5.28,142.25,2.735
2022-04-08,14.525,41.46,9.044,16.45,9.658,1.982,5.174,7.632,39.7,13.766,4.644,9.066,1.692,8.252,29.44,2.803,35.03,1.602,19.585,10.745,3.641,6.31,0.309,49.21,13.818,20.0,32.91,5.402,141.3,3.015
2022-04-11,14.39,40.35,9.032,16.725,9.714,1.981,5.15,7.588,39.34,13.922,4.722,9.488,1.674,8.264,30.67,2.759,34.87,1.599,19.44,10.725,3.661,6.287,0.306,48.62,13.796,20.17,32.89,5.394,138.55,2.956
2022-04-12,14.855,40.21,8.934,16.88,9.339,1.941,5.18,7.52,39.68,13.906,4.66,9.748,1.661,8.07,30.87,2.794,34.78,1.548,19.275,10.635,3.642,6.248,0.307,47.68,13.866,20.28,32.49,5.344,134.8,2.957
2022-04-13,14.98,41.03,9.144,17.115,9.474,1.944,5.194,7.582,39.6,13.974,4.71,9.92,1.667,7.882,30.41,2.757,34.7,1.551,19.185,10.3,3.579,6.198,0.316,48.11,14.174,20.14,32.44,5.294,134.85,3.056
2022-04-14,15.06,40.6,9.25,17.11,9.605,1.971,5.228,7.64,39.6,14.074,4.706,10.13,1.656,7.994,30.56,2.736,34.19,1.567,19.265,10.555,3.596,6.202,0.309,48.19,14.2,20.11,32.25,5.35,134.3,3.06
2022-04-15,15.06,40.6,9.25,17.11,9.605,1.971,5.228,7.64,39.6,14.074,4.706,10.13,1.656,7.994,30.56,2.736,34.19,1.567,19.265,10.555,3.596,6.202,0.309,48.19,14.2,20.11,32.25,5.35,134.3,3.06
2022-04-18,15.06,40.6,9.25,17.11,9.605,1.971,5.228,7.64,39.6,14.074,4.706,10.13,1.656,7.994,30.56,2.736,34.19,1.567,19.265,10.555,3.596,6.202,0.309,48.19,14.2,20.11,32.25,5.35,134.3,3.06
2022-04-19,15.025,40.82,9.236,17.45,9.288,1.973,5.23,7.21,40.04,13.348,4.745,9.984,1.651,8.088,29.88,2.84,34.6,1.574,18.75,10.455,3.546,6.181,0.306,48.14,14.15,19.805,31.39,5.358,134.15,2.912
2022-04-20,15.025,40.2,9.48,17.75,9.432,2.02,5.28,7.332,40.78,13.42,4.718,10.155,1.676,8.036,30.76,2.829,35.72,1.63,18.765,10.78,3.66,6.165,0.302,48.7,14.228,20.22,32.12,5.414,132.1,3.042
2022-04-21,14.99,39.53,9.576,18.0,9.461,2.025,5.296,7.3,41.4,13.55,4.822,10.11,1.645,7.85,30.76,3.163,35.985,1.641,18.67,10.78,3.592,6.11,0.3,47.88,14.0,20.3,32.26,5.238,130.1,3.071
2022-04-22,14.585,38.31,9.346,18.255,9.249,1.983,5.274,7.188,39.98,13.112,4.787,10.1,1.623,7.818,30.35,2.924,35.305,1.617,18.415,10.59,3.609,6.013,0.287,46.26,13.58,20.12,31.97,5.2,126.4,3.07
2022-04-25,13.59,38.14,9.23,18.245,9.139,1.949,5.22,7.036,38.46,12.8,4.656,10.005,1.627,7.772,30.27,2.736,35.285,1.6,18.12,10.63,3.592,6.103,0.28,45.67,12.93,20.17,31.72,5.204,124.0,3.09
2022-04-26,14.07,37.82,9.21,18.05,8.845,1.918,5.172,6.92,38.0,12.392,4.605,10.065,1.639,7.794,30.63,2.695,34.855,1.582,18.06,10.68,3.598,6.093,0.278,44.95,12.958,20.02,30.99,5.21,120.75,3.031
2022-04-27,14.005,36.9,9.49,17.475,8.831,1.921,5.198,6.968,37.84,12.64,4.57,9.892,1.635,7.802,30.65,2.814,35.025,1.594,18.105,10.67,3.559,6.073,0.281,44.73,12.93,19.965,31.01,5.254,120.4,3.069
2022-04-28,14.07,37.73,9.488,17.62,8.736,1.926,5.21,6.902,38.9,12.796,4.551,9.788,1.646,7.894,30.97,2.742,35.6,1.583,18.0,10.675,3.597,6.22,0.279,45.81,13.158,20.06,30.94,5.272,123.95,3.042
2022-04-29,14.81,38.22,9.612,17.75,8.905,1.955,5.22,6.976,38.78,12.982,4.516,9.824,1.632,7.766,31.22,2.716,35.77,1.605,18.1,10.785,3.556,6.218,0.278,45.99,13.39,20.39,31.72,5.224,125.05,3.027
2022-05-02,14.24,37.61,9.82,17.545,8.66,1.922,5.21,6.918,37.56,12.59,4.485,9.632,1.612,7.692,30.05,2.698,34.865,1.57,17.95,10.475,3.508,6.173,0.271,44.47,13.2,20.37,31.43,5.172,123.45,2.971
2022-05-03,14.89,37.1,10.14,17.6,8.649,1.96,5.328,6.954,37.54,12.99,4.512,9.97,1.617,7.75,30.45,2.837,35.695,1.594,18.305,10.71,3.559,6.249,0.271,43.39,13.528,20.5,31.59,5.21,122.9,3.049
2022-05-04,14.72,37.18,9.96,17.66,8.405,1.925,5.27,6.91,37.12,12.822,4.493,9.85,1.658,7.708,30.47,2.858,35.015,1.556,18.2,10.305,3.572,6.194,0.271,43.39,13.6,20.18,31.49,5.216,119.5,2.935
2022-05-05,14.65,36.76,10.0,17.24,8.58,1.925,5.246,6.99,37.02,12.73,4.454,9.766,1.662,7.702,30.66,2.825,35.115,1.531,17.99,10.415,3.578,6.055,0.267,42.84,13.51,19.82,31.04,5.222,119.95,2.916
2022-05-06,14.535,35.46,9.648,17.01,8.23,1.88,5.184,6.948,35.84,13.144,4.47,9.796,1.654,7.582,29.71,2.855,34.75,1.533,17.735,9.778,3.521,6.008,0.261,42.11,13.604,19.66,30.56,5.228,120.65,2.886
2022-05-09,13.98,33.59,9.62,17.14,8.021,1.83,5.108,6.842,35.02,12.7,4.307,9.932,1.63,7.454,28.06,2.661,33.395,1.521,17.44,9.562,3.484,5.873,0.254,41.44,13.078,19.005,29.37,5.11,114.15,2.79
2022-05-10,14.12,34.33,9.778,16.885,8.459,1.862,5.232,6.914,35.52,12.848,4.206,9.634,1.65,7.648,28.35,2.485,33.435,1.641,17.71,9.818,3.524,5.842,0.261,42.41,13.258,19.22,29.75,5.21,111.35,2.818
2022-05-11,14.605,34.32,9.82,17.26,9.372,1.94,5.362,7.226,36.56,13.23,4.307,9.754,1.702,7.764,28.44,2.538,34.38,1.7,17.76,9.92,3.615,5.98,0.271,42.01,13.62,19.88,31.63,5.24,114.55,2.916
2022-05-12,14.22,32.32,9.704,17.38,9.646,1.962,5.384,7.042,37.06,13.254,4.264,9.536,1.637,7.732,27.91,2.46,35.75,1.742,17.67,9.9,3.353,5.838,0.274,39.9,13.356,19.945,31.39,5.138,111.95,2.938
2022-05-13,14.755,34.25,9.924,17.9,9.696,1.972,4.94,7.098,38.66,13.77,4.38,9.58,1.635,7.816,28.02,2.688,37.905,1.742,17.735,10.21,3.381,5.937,0.278,41.34,13.64,19.98,32.29,5.232,119.1,2.915
2022-05-16,15.385,34.26,9.9,17.68,9.668,1.954,4.907,7.138,40.62,13.682,4.423,9.766,1.671,7.972,27.71,2.907,37.16,1.726,17.815,10.245,3.515,5.987,0.272,41.83,13.826,20.22,32.35,5.386,120.0,2.892
2022-05-17,15.59,34.31,9.912,17.99,9.765,1.99,5.07,7.166,41.1,13.728,4.574,9.864,1.671,7.968,28.29,2.911,38.15,1.765,18.1,10.15,3.457,6.01,0.278,41.87,13.932,20.31,32.46,5.392,118.5,2.98
2022-05-18,15.495,32.55,9.672,17.92,9.965,1.99,5.03,7.074,40.88,13.508,4.535,9.854,1.656,8.096,28.55,2.761,37.32,1.757,18.0,9.828,3.485,5.938,0.27,41.36,13.832,20.28,32.37,5.46,115.5,2.956
2022-05-19,15.095,31.58,9.572,17.72,10.1,1.988,5.028,7.11,40.68,13.472,4.532,9.85,1.648,8.076,29.13,2.821,37.33,1.768,18.1,9.622,3.436,5.936,0.273,41.51,13.786,20.03,32.61,5.474,118.1,3.02
2022-05-20,15.295,31.93,9.5,17.67,9.94,1.983,5.024,7.042,41.02,13.54,4.439,9.86,1.666,7.978,28.88,2.708,36.745,1.747,17.995,9.586,3.482,6.123,0.272,42.56,13.89,20.27,32.45,5.432,119.15,2.98
2022-05-23,15.35,32.22,9.558,17.74,10.36,1.975,4.873,7.33,39.56,13.572,4.489,9.9,1.63,8.108,29.23,2.852,36.85,1.8,17.43,9.848,3.585,6.133,0.277,42.33,13.714,19.52,32.53,5.498,117.0,3.108
2022-05-24,15.14,32.01,9.336,17.62,10.406,1.979,4.838,7.156,39.8,13.136,4.427,10.03,1.59,8.166,29.09,2.826,35.575,1.819,17.275,9.63,3.51,6.039,0.272,41.5,13.61,19.08,31.61,5.512,115.85,3.144
2022-05-25,15.415,31.95,9.438,17.975,10.664,2.033,4.998,7.172,40.1,13.38,4.411,10.065,1.602,8.334,29.67,2.737,35.765,1.87,17.355,9.698,3.547,6.132,0.275,41.38,14.12,19.185,31.26,5.558,115.9,3.205
2022-05-26,15.835,32.26,9.6,17.985,10.77,2.052,5.018,7.4,40.56,13.71,4.528,10.205,1.609,8.236,29.75,2.975,36.41,1.893,17.425,9.7,3.578,6.184,0.279,41.81,14.246,19.72,32.56,5.55,117.4,3.228
2022-05-27,16.03,32.37,9.528,18.26,10.818,2.047,5.064,7.388,41.2,13.748,4.508,10.28,1.584,8.022,30.4,2.96,37.265,1.885,17.08,9.89,3.526,6.186,0.28,42.09,14.192,19.89,32.68,5.476,121.45,3.202
2022-05-30,16.22,32.72,9.602,18.28,10.916,2.059,5.022,7.4,43.04,14.0,4.617,10.25,1.577,7.982,30.89,3.021,37.83,1.885,17.04,10.02,3.5,6.162,0.289,42.79,14.2,20.08,33.02,5.45,122.6,3.24
2022-05-31,15.625,32.06,9.554,18.145,10.9,2.03,4.98,7.352,42.5,13.934,4.501,10.02,1.562,7.89,30.06,2.965,37.185,1.916,16.95,9.942,3.465,6.044,0.298,41.68,14.198,19.95,32.57,5.41,122.5,3.246
2022-06-01,15.745,31.17,9.422,18.065,10.714,2.0,4.898,7.21,42.38,14.176,4.446,10.17,1.545,7.748,29.29,2.843,37.045,1.912,16.91,9.746,3.411,5.924,0.287,40.76,14.098,19.68,32.29,5.396,120.9,3.216
2022-06-02,15.78,31.17,9.54,17.995,10.682,2.0,4.893,7.27,43.58,14.264,4.45,10.215,1.528,7.718,29.61,2.791,37.705,1.929,16.835,9.926,3.383,5.954,0.292,40.72,14.072,19.935,32.5,5.372,124.05,3.23
2022-06-03,15.73,31.07,9.5,17.8,10.596,1.973,4.841,7.15,43.12,13.792,4.423,10.415,1.515,7.77,29.17,2.724,36.875,1.863,16.715,9.896,3.337,5.905,0.287,39.54,14.258,19.64,31.56,5.372,120.4,3.15
2022-06-06,15.89,31.6,9.686,18.09,10.876,2.037,4.953,7.32,42.64,14.058,4.497,10.36,1.546,7.782,29.79,2.735,37.04,1.931,16.935,10.11,3.377,6.029,0.289,39.84,14.432,20.01,32.51,5.39,122.45,3.202
2022-06-07,16.005,31.33,9.64,18.105,10.758,2.003,4.972,7.218,42.58,13.888,4.45,10.7,1.522,7.772,29.34,2.718,36.795,1.884,16.825,9.912,3.348,5.988,0.28,39.24,14.428,19.85,31.83,5.382,121.9,3.173
2022-06-08,15.96,31.45,9.88,18.11,10.598,1.99,4.865,7.116,41.92,14.008,4.384,10.74,1.525,7.768,29.51,2.689,36.985,1.939,16.635,9.778,3.35,5.846,0.28,39.46,14.392,19.61,30.95,5.376,122.95,3.15
2022-06-09,15.26,30.75,9.652,18.1,10.568,1.967,4.853,6.904,42.1,13.712,4.268,10.47,1.476,7.664,29.84,2.58,36.005,1.951,16.485,9.776,3.218,5.729,0.272,38.74,14.026,19.215,30.13,5.294,119.15,3.103
2022-06-10,14.8,29.21,9.016,17.26,9.606,1.822,4.455,6.434,40.0,12.992,4.14,10.035,1.379,7.51,28.55,2.374,34.475,1.699,15.68,9.25,2.987,5.481,0.254,37.03,13.24,17.47,27.63,5.194,115.75,2.729
2022-06-13,14.57,27.11,8.876,16.885,9.486,1.759,4.388,6.134,38.38,12.482,3.908,9.636,1.335,7.426,27.95,2.022,32.57,1.643,15.495,9.422,2.852,5.388,0.246,37.57,12.978,17.125,26.94,5.16,114.85,2.595
2022-06-14,14.445,26.37,8.958,17.005,9.715,1.77,4.395,6.38,38.12,12.478,3.981,9.66,1.29,7.228,27.68,2.079,32.525,1.655,15.515,9.026,2.781,5.333,0.248,37.58,13.17,17.35,27.57,5.084,111.5,2.626
2022-06-15,14.015,27.16,8.936,17.46,10.078,1.851,4.517,6.476,39.44,12.83,4.225,9.828,1.337,7.366,27.93,1.966,33.705,1.72,16.145,9.426,2.901,5.556,0.257,37.82,13.254,17.77,28.31,5.18,116.65,2.716
2022-06-16,13.16,26.22,8.524,17.085,9.753,1.793,4.371,6.23,37.3,12.152,4.202,9.668,1.296,7.384,27.06,2.017,31.58,1.647,15.675,9.332,2.819,5.4,0.249,37.72,12.606,16.94,27.07,5.102,113.8,2.645
2022-06-17,12.965,26.3,8.48,17.1,9.803,1.804,4.386,6.282,37.92,12.236,4.291,9.702,1.341,7.442,27.78,2.266,31.71,1.678,15.615,9.75,2.853,5.442,0.248,39.02,12.01,17.045,27.65,5.086,118.75,2.713
2022-06-20,13.21,26.29,8.59,17.12,10.236,1.873,4.458,6.364,37.66,12.388,4.431,9.738,1.268,7.25,27.53,2.23,31.52,1.708,15.9,9.796,2.693,5.489,0.255,39.44,12.044,17.13,27.83,4.939,116.8,2.83
2022-06-21,13.285,26.36,8.67,17.115,10.328,1.886,4.444,6.366,38.08,12.698,4.528,10.08,1.238,7.062,27.45,2.216,32.33,1.716,15.685,9.694,2.648,5.465,0.259,38.1,12.08,17.13,27.57,4.879,117.95,2.889
2022-06-22,12.6,26.72,8.638,16.7,10.216,1.881,4.408,6.406,37.22,12.48,4.563,9.68,1.207,7.024,26.78,1.738,31.68,1.714,15.52,9.784,2.629,5.351,0.261,37.51,11.66,17.205,27.58,4.802,117.55,2.871
2022-06-23,12.22,28.84,8.444,16.0,9.812,1.84,4.323,6.406,36.44,12.214,4.411,9.52,1.227,7.266,26.24,1.598,31.125,1.631,15.445,9.68,2.684,5.422,0.26,38.89,11.43,16.865,27.26,4.885,124.45,2.787
2022-06-24,12.45,29.8,8.628,16.12,9.824,1.882,4.491,6.592,38.86,12.428,4.38,9.59,1.28,7.45,27.31,1.249,31.81,1.684,16.02,10.025,2.783,5.513,0.261,41.86,11.666,17.405,28.21,4.96,127.75,2.873
2022-06-27,12.47,29.87,8.442,16.1,9.71,1.893,4.374,6.426,38.08,12.42,4.28,9.5,1.262,7.348,27.59,1.798,31.845,1.658,15.535,10.095,2.79,5.409,0.258,41.11,11.43,17.22,27.89,4.949,127.15,2.797
2022-06-28,12.78,29.27,8.546,16.205,9.8,1.899,4.389,6.44,38.14,12.54,4.287,9.85,1.273,7.526,27.7,3.051,31.44,1.656,15.72,10.155,2.825,5.476,0.263,41.18,11.5,17.175,27.76,5.034,126.95,2.796
2022-06-29,12.59,29.17,8.488,15.995,9.568,1.876,4.384,6.402,37.18,12.19,4.225,9.742,1.249,7.522,27.25,3.264,30.79,1.632,15.56,10.05,2.799,5.402,0.261,41.47,11.602,16.93,27.54,5.066,125.15,2.802
2022-06-30,12.27,29.25,8.258,15.61,9.065,1.78,4.336,6.278,36.38,11.792,4.109,9.678,1.212,7.488,26.21,2.555,29.985,1.567,15.225,10.035,2.76,5.22,0.25,41.51,11.328,16.585,26.96,4.999,125.2,2.716
2022-07-01,12.04,30.39,8.252,15.795,9.08,1.768,4.349,6.306,36.42,11.72,4.094,9.862,1.24,7.62,25.96,2.767,29.105,1.519,15.565,9.958,2.812,5.313,0.257,43.04,11.228,16.4,26.86,5.088,126.35,2.652
2022-07-04,12.48,30.96,8.212,16.04,9.086,1.725,4.368,6.284,36.62,11.596,3.985,9.798,1.238,7.548,25.98,2.575,28.56,1.518,15.415,9.9,2.809,5.281,0.262,43.02,11.498,16.52,26.82,5.122,131.05,2.603
2022-07-05,11.45,31.73,8.012,15.62,8.828,1.671,4.102,5.972,35.32,11.24,3.892,9.066,1.216,7.562,25.59,2.502,28.01,1.441,14.54,9.892,2.728,5.077,0.25,42.91,10.832,15.86,25.56,5.014,132.1,2.484
2022-07-06,11.105,32.61,8.13,16.01,8.834,1.678,4.125,6.078,36.58,11.204,3.9,9.252,1.221,7.472,25.91,2.7,29.365,1.418,14.705,10.195,2.778,5.176,0.254,43.24,10.756,16.34,25.92,5.014,134.4,2.44
2022-07-07,12.23,31.19,8.302,16.32,9.416,1.745,4.261,6.26,37.82,11.998,4.028,9.556,1.245,7.474,26.58,3.356,30.19,1.492,15.3,10.24,2.809,5.263,0.257,43.51,11.046,16.785,26.29,4.993,135.3,2.59
2022-07-08,12.68,31.15,8.428,17.14,9.492,1.763,4.288,6.436,38.9,12.458,4.121,9.95,1.249,7.362,27.19,3.6,30.825,1.51,15.37,10.305,2.816,5.252,0.259,43.52,11.226,17.01,26.9,4.995,135.8,2.592
2022-07-11,12.755,31.32,8.344,16.885,9.278,1.732,4.175,6.258,38.0,12.2,4.473,10.005,1.242,7.476,26.4,3.789,30.765,1.441,15.17,10.405,2.8,5.242,0.26,43.81,11.2,16.765,26.11,5.01,136.2,2.501
2022-07-12,12.645,29.13,8.244,16.955,9.095,1.708,4.151,6.352,37.8,12.298,4.57,10.325,1.221,7.414,26.54,1.949,31.11,1.406,15.215,10.305,2.78,5.178,0.252,43.19,11.138,17.025,26.52,4.99,130.05,2.439
2022-07-13,12.5,28.65,8.174,16.715,9.052,1.701,4.12,6.264,37.06,12.0,4.539,10.035,1.193,7.364,26.46,1.107,31.145,1.37,14.96,10.545,2.685,5.127,0.25,43.0,11.116,16.84,26.24,4.941,132.5,2.395
2022-07-14,11.995,29.24,7.79,16.525,8.499,1.607,3.939,6.042,36.08,11.692,4.295,9.656,1.164,7.05,25.68,1.17,31.245,1.285,14.465,10.29,2.605,4.835,0.234,42.16,10.644,16.155,25.16,4.724,129.4,2.268
2022-07-15,12.19,29.86,7.784,16.82,8.575,1.632,3.997,6.108,38.1,11.956,4.361,9.884,1.189,7.112,26.13,0.82,32.28,1.293,14.565,10.18,2.688,5.0,0.226,42.98,10.838,16.225,25.69,4.795,132.45,2.316
2022-07-18,12.685,29.8,7.972,17.025,8.717,1.674,4.022,6.2,37.84,12.254,4.4,9.96,1.193,7.234,26.59,0.762,32.645,1.31,14.545,10.175,2.698,4.909,0.226,43.15,11.014,16.38,26.32,4.89,132.2,2.389
2022-07-19,12.725,29.8,8.142,17.205,9.266,1.773,4.075,6.368,39.38,12.724,4.497,10.355,1.224,7.268,27.5,0.781,33.055,1.399,14.685,10.205,2.726,4.973,0.229,43.41,11.304,16.9,27.22,4.89,131.95,2.512
2022-07-20,12.595,29.78,8.048,16.99,9.009,1.71,4.002,6.23,39.02,12.642,4.45,10.16,1.204,7.092,27.18,0.75,33.795,1.359,14.265,10.125,2.698,4.818,0.231,42.79,11.174,16.765,27.2,4.773,134.0,2.453
2022-07-21,12.35,30.66,7.998,17.1,8.705,1.663,3.856,6.136,39.52,12.568,4.493,9.762,1.209,7.026,27.79,0.721,34.065,1.316,14.24,10.375,2.694,4.748,0.22,43.61,11.0,16.24,26.59,4.742,140.3,2.354
2022-07-22,12.49,31.16,8.032,17.12,8.5,1.66,3.849,6.24,40.1,12.648,4.423,9.802,1.212,7.198,28.38,0.713,33.93,1.296,14.295,10.48,2.72,4.724,0.216,42.9,10.97,16.32,27.17,4.813,140.9,2.346
2022-07-25,12.68,30.6,8.048,17.155,8.668,1.688,3.895,6.236,39.1,12.852,4.388,9.79,1.225,7.21,28.37,0.743,34.155,1.329,14.55,10.665,2.735,4.75,0.21,42.85,11.062,16.36,27.2,4.83,137.55,2.42
2022-07-26,12.625,30.43,7.944,16.955,8.642,1.657,3.832,6.172,38.42,12.75,4.377,9.798,1.206,7.35,27.99,0.74,33.85,1.292,14.26,10.43,2.714,4.735,0.204,42.47,11.02,15.965,26.57,4.872,133.35,2.345
2022-07-27,13.02,31.34,8.022,17.3,9.389,1.677,3.877,6.208,38.36,12.93,4.07,9.818,1.196,7.336,28.6,0.777,35.0,1.317,14.21,10.41,2.735,4.731,0.205,42.19,11.2,16.07,26.7,4.89,130.4,2.409
2022-07-28,13.185,32.38,8.172,17.405,9.298,1.706,3.97,6.352,39.12,13.566,3.958,9.892,1.23,7.48,30.2,0.762,36.27,1.32,14.44,10.82,2.778,4.793,0.209,41.7,11.092,16.865,27.34,4.9,134.85,2.432
2022-07-29,13.605,32.21,8.36,17.795,9.58,1.729,4.085,6.45,41.56,13.922,3.973,9.136,1.256,7.478,30.95,0.81,36.935,1.35,14.585,10.82,2.802,4.909,0.216,43.23,11.716,17.035,28.3,4.898,135.6,2.518
2022-08-01,13.24,32.44,8.416,17.69,9.46,1.749,4.093,6.48,41.32,14.046,3.942,9.272,1.211,7.508,30.92,0.844,37.265,1.365,14.885,10.615,2.747,4.953,0.213,43.23,11.702,17.07,28.4,4.886,135.5,2.507
2022-08-02,13.27,30.94,8.422,17.5,9.433,1.747,4.051,6.414,40.82,14.282,3.923,9.336,1.219,7.574,31.0,0.81,37.575,1.387,14.6,10.36,2.766,4.864,0.214,42.68,11.444,16.76,28.26,4.944,133.2,2.571
2022-08-03,13.12,31.87,8.482,17.95,9.628,1.774,4.116,6.784,40.44,14.424,3.946,9.268,1.248,7.558,31.1,0.834,38.42,1.442,14.675,10.405,2.837,4.875,0.223,43.34,11.4,17.165,28.84,4.963,134.75,2.7
2022-08-04,12.62,32.1,8.548,18.115,9.716,1.783,4.215,6.956,41.08,14.324,3.939,9.014,1.266,7.558,32.42,0.788,38.615,1.433,14.8,10.44,2.832,4.913,0.216,43.54,11.39,17.285,28.96,5.012,140.6,2.612
2022-08-05,12.59,30.38,8.616,18.08,9.888,1.814,4.305,6.848,40.8,14.332,3.966,8.98,1.241,7.302,31.46,0.8,37.645,1.572,15.04,10.05,2.747,4.951,0.22,42.37,11.456,16.91,28.28,4.95,135.3,2.656
2022-08-08,12.86,30.7,8.552,17.945,9.846,1.817,4.326,6.826,41.4,14.782,3.935,8.994,1.262,7.428,31.45,0.81,37.395,1.61,15.04,10.215,2.793,5.032,0.221,42.25,11.446,16.955,28.17,4.962,136.9,2.596
2022-08-09,12.99,29.93,8.54,17.685,9.791,1.816,4.304,6.792,39.68,14.406,3.923,9.03,1.251,7.414,31.36,0.798,35.42,1.623,15.12,10.045,2.761,5.008,0.221,41.67,11.492,16.835,27.68,4.991,135.55,2.574
2022-08-10,12.85,30.41,8.562,18.005,9.922,1.833,4.382,6.844,40.9,14.608,3.942,8.99,1.24,7.372,32.6,0.805,36.62,1.66,15.28,10.11,2.758,4.988,0.22,42.76,11.424,17.15,28.09,4.986,136.6,2.554
2022-08-11,13.165,31.32,8.646,17.96,9.908,1.84,4.381,6.884,40.36,14.686,3.973,9.058,1.258,7.394,33.26,0.82,37.0,1.638,15.36,10.03,2.762,5.0,0.227,42.84,11.59,17.2,28.3,4.993,140.3,2.6
2022-08-12,13.135,30.73,8.704,18.04,10.172,1.854,4.421,6.924,40.58,14.832,3.97,8.926,1.262,7.34,32.31,0.822,37.125,1.643,15.485,10.015,2.791,5.035,0.241,42.27,11.63,17.275,28.49,5.014,139.9,2.705
2022-08-15,13.135,30.73,8.704,18.04,10.172,1.854,4.421,6.924,40.58,14.832,3.97,8.926,1.262,7.34,32.31,0.822,37.125,1.643,15.485,10.015,2.791,5.035,0.241,42.27,11.63,17.275,28.49,5.014,139.9,2.705
2022-08-16,12.885,29.11,8.714,18.13,10.03,1.855,4.418,6.852,40.52,14.9,3.935,9.09,1.293,7.492,32.55,0.8,37.545,1.645,15.365,10.115,2.798,5.102,0.232,42.3,11.578,17.36,28.5,5.122,137.6,2.696
2022-08-17,12.755,28.79,8.642,17.695,10.034,1.829,4.344,6.718,39.46,14.64,3.931,8.97,1.279,7.536,31.94,0.768,35.94,1.631,15.28,10.275,2.769,5.097,0.226,42.06,11.692,17.05,27.75,5.09,136.45,2.64
2022-08-18,13.295,29.11,8.608,17.7,10.026,1.827,4.315,6.768,40.58,14.872,3.931,8.876,1.281,7.632,32.52,0.762,37.105,1.638,15.41,10.355,2.756,5.092,0.224,42.41,11.934,17.155,28.03,5.15,136.6,2.629
2022-08-19,12.965,28.71,8.288,17.38,9.645,1.773,4.206,6.632,39.14,14.444,3.97,8.694,1.258,7.598,32.05,0.755,36.62,1.585,15.1,10.39,2.752,5.003,0.216,43.29,11.77,16.58,27.25,5.09,135.45,2.536
2022-08-22,12.84,28.33,8.066,16.79,9.324,1.718,4.098,6.456,37.96,13.852,3.908,8.596,1.232,7.682,31.45,0.709,35.58,1.532,14.945,10.305,2.72,4.935,0.207,44.01,11.96,16.33,26.61,5.158,136.7,2.451
2022-08-23,13.975,27.67,8.128,16.91,9.474,1.75,4.19,6.57,37.3,14.04,3.942,8.648,1.245,7.678,31.5,0.787,35.76,1.554,15.04,10.155,2.739,4.94,0.208,43.63,12.408,16.55,27.26,5.128,132.2,2.484
2022-08-24,13.85,27.64,8.092,16.81,9.479,1.764,4.138,6.502,37.32,14.19,3.954,8.614,1.235,7.716,31.72,0.781,35.9,1.553,14.87,10.395,2.72,4.945,0.21,44.25,12.254,16.535,27.08,5.12,136.15,2.491
2022-08-25,14.105,27.73,8.046,16.94,9.328,1.738,4.142,6.42,37.38,14.09,3.931,8.63,1.23,7.72,32.1,0.745,36.49,1.53,15.075,10.43,2.718,4.946,0.207,43.58,12.506,16.43,26.89,5.122,137.0,2.429
2022-08-26,13.905,26.06,7.932,16.905,9.1,1.685,4.075,6.284,35.92,13.74,3.888,8.486,1.181,7.62,31.69,0.722,35.575,1.48,14.725,10.22,2.678,4.832,0.207,42.12,12.316,15.97,26.09,5.008,132.5,2.362
2022-08-29,14.57,25.84,7.912,16.765,9.264,1.701,4.085,6.268,35.68,13.756,3.915,8.27,1.158,7.48,30.82,0.725,35.065,1.48,14.645,10.07,2.596,4.804,0.212,41.08,12.5,15.95,26.01,4.945,131.0,2.436
2022-08-30,13.76,25.77,7.988,16.77,9.378,1.729,4.145,6.396,35.58,13.62,3.9,8.262,1.161,7.424,30.98,0.716,35.28,1.505,14.82,10.15,2.66,4.813,0.213,40.52,12.236,16.175,26.28,4.87,132.4,2.478
2022-08-31,13.75,26.05,7.908,16.725,9.798,1.723,4.184,6.378,35.34,13.354,3.88,8.166,1.12,7.1,30.61,0.701,34.79,1.505,14.64,9.808,2.5,4.695,0.206,40.74,11.808,15.935,26.44,4.736,130.95,2.483
2022-09-01,13.69,25.48,7.814,16.6,9.691,1.694,4.191,6.228,34.06,13.13,3.88,7.892,1.1,7.058,30.62,0.683,34.275,1.484,14.51,9.674,2.501,4.642,0.207,40.69,11.726,15.59,25.89,4.692,130.35,2.443
2022-09-02,14.155,26.36,8.112,16.95,9.996,1.738,4.276,6.524,35.24,13.474,3.892,7.89,1.125,7.202,31.69,0.687,35.59,1.52,15.025,9.854,2.536,4.754,0.209,41.39,12.086,16.165,26.94,4.832,133.75,2.57
2022-09-05,14.285,25.9,7.986,16.2,9.723,1.697,4.146,6.318,33.54,12.828,3.799,7.84,1.099,7.132,30.9,0.672,34.695,1.474,14.615,9.428,2.47,4.7,0.202,40.22,12.29,15.925,26.26,4.743,132.6,2.481
2022-09-06,13.795,25.86,7.964,16.2,9.77,1.704,4.151,6.362,33.86,13.0,3.692,7.804,1.084,7.114,30.98,0.684,34.925,1.477,14.6,9.552,2.343,4.677,0.203,40.89,11.952,16.005,26.36,4.713,133.5,2.489
2022-09-07,13.36,25.31,8.008,16.2,9.613,1.7,4.134,6.444,34.14,13.138,3.559,7.708,1.091,7.138,31.85,0.671,35.66,1.457,14.575,9.348,2.406,4.749,0.202,40.49,11.618,16.035,26.36,4.742,130.7,2.479
2022-09-08,13.365,25.76,8.082,16.275,10.192,1.74,4.133,6.464,34.84,13.128,3.633,7.71,1.069,7.018,32.24,0.667,36.14,1.502,14.68,9.422,2.392,4.806,0.192,40.99,11.582,15.97,26.5,4.668,133.7,2.607
2022-09-09,14.03,25.92,8.282,16.275,10.372,1.833,4.266,6.612,35.68,13.292,3.773,7.66,1.122,7.104,32.59,0.675,36.94,1.548,14.95,9.554,2.488,4.855,0.197,40.63,11.682,16.4,27.24,4.765,134.6,2.69
2022-09-12,14.315,26.03,8.46,16.585,10.612,1.896,4.375,6.888,36.74,13.738,3.856,7.856,1.133,7.288,33.14,0.697,36.92,1.625,15.42,9.686,2.554,4.991,0.205,41.13,11.944,16.805,28.25,4.879,136.65,2.77
2022-09-13,14.25,25.3,8.468,16.25,10.604,1.881,4.347,6.734,35.64,13.544,3.866,7.758,1.107,7.158,32.03,0.679,35.69,1.609,15.185,9.518,2.521,4.949,0.205,40.53,11.836,16.7,27.63,4.81,133.35,2.721
2022-09-14,14.245,25.04,8.554,15.695,10.866,1.9,4.352,6.832,34.76,13.666,3.876,7.702,1.076,7.128,31.84,0.683,35.855,1.669,15.325,9.54,2.43,4.92,0.205,40.1,11.81,16.69,27.62,4.794,132.4,2.807
2022-09-15,13.93,24.96,8.528,15.78,10.964,1.92,4.364,6.576,34.44,13.684,3.888,7.704,1.081,7.116,32.05,0.662,35.765,1.676,15.27,9.18,2.427,4.897,0.199,40.16,11.54,16.505,27.09,4.794,129.55,2.859
2022-09-16,13.575,24.67,8.456,15.265,10.712,1.915,4.38,6.536,33.86,13.4,3.807,7.654,1.061,7.118,31.88,0.643,35.31,1.686,15.12,9.222,2.396,4.919,0.183,39.76,11.444,16.325,26.74,4.746,127.85,2.89
2022-09-19,13.545,25.21,8.498,15.4,10.664,1.915,4.372,6.628,34.08,13.51,3.785,7.738,1.071,7.094,31.79,0.607,35.79,1.694,15.17,9.25,2.381,4.931,0.188,39.58,11.224,16.435,26.84,4.707,125.7,2.859
2022-09-20,13.415,24.6,8.196,15.15,10.504,1.849,4.248,6.328,33.28,13.22,3.734,7.726,1.061,6.962,30.78,0.585,35.705,1.666,14.875,9.154,2.349,4.84,0.18,39.0,11.14,15.86,25.26,4.666,125.0,2.817
2022-09-21,13.8,24.87,8.334,15.285,10.682,1.837,4.252,6.404,33.66,13.33,3.72,8.154,1.072,7.106,31.34,0.593,36.865,1.679,14.915,9.292,2.344,4.85,0.191,38.95,11.34,15.98,25.39,4.714,127.5,2.859
2022-09-22,13.605,24.79,8.28,15.015,11.25,1.852,4.23,6.452,32.9,13.008,3.769,8.16,1.059,7.0,30.67,0.612,34.655,1.735,14.8,8.99,2.309,4.834,0.188,37.1,11.34,15.575,25.2,4.62,119.15,2.916
2022-09-23,12.475,24.98,7.932,14.69,10.798,1.764,4.106,6.212,32.58,12.482,3.647,7.67,1.026,6.834,29.39,0.591,33.76,1.666,14.43,8.894,2.236,4.644,0.18,36.45,10.802,15.12,24.55,4.47,115.4,2.787
2022-09-26,12.745,25.65,7.982,14.775,10.876,1.768,4.151,6.416,33.2,12.72,3.68,7.842,1.033,6.774,30.02,0.597,34.105,1.664,14.57,9.108,2.243,4.548,0.185,37.3,10.734,15.125,24.91,4.434,116.45,2.78
2022-09-27,13.13,26.64,7.834,14.575,10.648,1.727,4.065,6.324,33.02,12.834,3.642,7.748,0.99,6.402,30.08,0.62,34.515,1.628,14.215,9.056,2.124,4.302,0.191,37.82,10.752,14.865,24.39,4.26,115.6,2.732
2022-09-28,13.515,26.11,7.756,14.5,10.474,1.699,3.999,6.386,33.42,12.826,3.686,7.33,1.003,6.414,29.69,0.623,33.63,1.602,14.07,9.096,2.177,4.319,0.19,37.57,10.786,14.72,24.57,4.245,114.75,2.704
2022-09-29,13.24,26.06,7.612,14.26,10.19,1.655,3.955,6.202,32.38,12.214,3.582,7.4,0.992,6.27,28.31,0.607,31.815,1.556,13.845,8.932,2.166,4.248,0.183,36.74,10.802,14.24,24.01,4.195,111.6,2.646
2022-09-30,13.265,26.9,8.06,14.585,10.458,1.703,3.994,6.47,33.42,12.272,3.605,7.272,1.0,6.25,29.62,0.638,32.25,1.581,14.02,9.112,2.186,4.224,0.19,37.69,10.91,14.705,28.6,4.146,114.8,2.694
2022-10-03,14.18,26.4,8.288,14.65,10.708,1.734,4.027,6.576,33.76,12.514,3.695,7.388,1.021,6.402,29.89,0.635,32.7,1.612,14.02,8.944,2.198,4.357,0.196,37.58,11.242,14.945,27.46,4.277,114.0,2.783
2022-10-04,14.445,27.58,8.472,15.37,11.064,1.788,4.167,6.788,35.9,12.93,3.69,7.504,1.049,6.552,31.53,0.675,34.47,1.68,14.5,9.226,2.263,4.464,0.203,38.46,11.54,15.6,28.38,4.38,118.75,2.843
2022-10-05,14.51,27.04,8.332,15.04,10.808,1.741,4.105,6.712,35.7,12.624,3.666,7.382,1.009,6.436,30.96,0.733,34.975,1.648,14.205,9.096,2.148,4.321,0.195,37.03,11.724,15.305,28.84,4.271,116.8,2.752
2022-10-06,14.81,26.77,8.014,14.98,10.666,1.712,3.996,6.688,36.18,12.534,3.673,7.212,0.991,6.24,31.17,0.734,35.53,1.598,13.88,8.998,2.08,4.17,0.188,36.1,11.73,15.09,28.03,4.173,117.85,2.65
2022-10-07,15.005,26.46,7.966,14.995,10.708,1.706,3.956,6.62,35.6,12.3,3.669,7.436,0.97,6.214,31.14,0.728,33.66,1.609,13.745,9.102,2.064,4.122,0.187,35.3,11.84,14.83,27.65,4.135,115.85,2.665
2022-10-10,14.57,26.15,7.948,15.365,10.896,1.708,3.979,6.636,35.0,12.184,3.687,7.5,0.983,6.244,30.7,0.697,33.015,1.619,14.0,9.008,2.114,4.189,0.182,35.36,11.782,14.885,27.66,4.149,114.8,2.715
2022-10-11,14.49,25.42,7.908,15.2,10.714,1.695,3.989,6.574,34.22,12.32,3.687,7.366,0.973,6.15,31.16,0.7,32.005,1.599,13.985,9.16,2.04,4.076,0.176,35.83,11.57,14.74,27.54,4.087,115.25,2.678
2022-10-12,13.81,24.61,7.842,14.935,10.688,1.675,3.917,6.398,33.78,12.194,3.707,7.018,0.953,6.06,30.84,0.672,31.755,1.587,13.805,9.196,2.004,4.003,0.171,35.53,11.396,13.915,26.92,4.04,112.35,2.68
2022-10-13,14.49,23.66,8.014,15.17,10.93,1.706,3.979,6.602,34.84,12.486,3.799,7.182,0.959,6.048,31.23,0.655,32.505,1.627,14.055,8.996,2.035,4.072,0.172,35.44,11.688,14.34,27.67,4.003,113.0,2.766
2022-10-14,13.935,24.69,8.078,15.6,11.052,1.712,4.041,6.66,34.5,12.498,3.791,7.15,1.003,6.256,31.21,0.641,31.995,1.654,14.235,9.2,2.069,4.113,0.173,36.57,11.782,14.86,27.93,4.145,119.05,2.787
2022-10-17,14.585,25.23,8.3,15.74,11.194,1.743,4.046,6.806,35.72,12.814,3.836,7.364,1.021,6.348,32.04,0.647,32.58,1.689,14.4,9.176,2.123,4.215,0.178,36.8,11.864,15.175,28.36,4.246,122.6,2.839
2022-10-18,14.295,26.17,8.384,16.34,11.354,1.803,4.054,6.892,36.76,13.022,3.835,7.35,1.026,6.28,32.48,0.642,32.81,1.701,14.475,9.052,2.128,4.258,0.189,36.82,11.73,15.275,28.73,4.229,128.15,2.836
2022-10-19,14.705,25.64,8.416,16.33,11.204,1.792,4.08,6.98,37.04,12.968,3.876,7.448,1.026,6.208,31.99,0.648,32.805,1.713,14.655,8.806,2.106,4.284,0.189,35.95,11.866,15.26,28.75,4.227,126.0,2.837
2022-10-20,15.035,26.89,8.53,16.345,11.288,1.829,4.143,7.02,37.78,13.174,3.873,7.6,1.022,6.288,32.17,0.732,33.555,1.719,14.685,8.932,2.12,4.241,0.19,36.06,12.094,15.245,28.58,4.295,129.0,2.863
2022-10-21,14.975,26.19,8.586,15.95,11.446,1.828,4.123,7.052,37.54,13.074,3.876,7.792,1.012,6.194,32.36,0.739,33.35,1.742,14.445,8.654,2.093,4.194,0.19,35.45,12.058,15.295,29.28,4.213,130.1,2.87
2022-10-24,15.16,25.87,8.814,16.27,11.508,1.856,4.2,7.136,38.94,13.474,3.861,7.77,1.042,6.382,32.65,0.758,34.07,1.791,14.84,8.93,2.162,4.293,0.196,36.67,12.354,15.775,29.69,4.335,132.2,2.906
2022-10-25,15.045,26.25,8.806,16.34,11.52,1.865,4.249,7.34,40.2,13.53,3.954,7.742,1.103,6.572,33.51,0.805,35.2,1.78,14.855,9.122,2.259,4.379,0.197,37.93,12.322,16.23,30.5,4.435,136.25,2.916
2022-10-26,15.385,25.15,8.816,16.43,12.016,1.866,4.235,7.366,40.5,13.652,3.997,7.88,1.102,6.64,33.55,0.829,34.93,1.783,14.88,9.006,2.28,4.385,0.196,38.0,12.484,16.05,30.67,4.469,136.0,2.894
2022-10-27,15.81,24.52,9.09,16.42,12.312,1.906,4.291,7.514,40.14,13.634,4.07,7.952,1.141,6.802,33.28,0.959,32.5,1.833,15.075,9.012,2.396,4.522,0.199,37.7,12.918,16.355,31.04,4.589,125.6,3.025
2022-10-28,15.31,24.68,9.132,16.575,12.258,1.905,4.356,7.606,40.4,13.564,3.993,8.082,1.128,6.766,33.12,0.969,31.795,1.845,15.07,8.916,2.403,4.472,0.197,38.37,13.136,16.38,31.15,4.519,129.1,3.06
2022-10-31,15.705,25.14,9.172,16.795,12.548,1.929,4.356,7.58,39.18,13.66,3.989,8.132,1.122,6.708,32.99,0.984,31.6,1.872,15.19,9.094,2.412,4.519,0.198,38.03,13.254,16.3,30.26,4.502,132.3,3.061
2022-11-01,16.11,25.09,9.124,16.84,12.646,1.945,4.402,7.492,39.16,13.792,4.059,8.166,1.123,6.748,33.24,0.981,31.81,1.895,15.335,9.212,2.424,4.54,0.208,38.08,13.464,16.34,30.37,4.519,131.15,3.07
2022-11-02,15.93,24.68,9.244,16.6,12.9,1.945,4.506,7.542,38.82,13.734,4.035,8.264,1.122,6.774,32.0,0.957,31.405,1.926,15.25,9.326,2.422,4.593,0.212,38.47,13.53,16.6,30.67,4.568,129.35,3.096
2022-11-03,16.155,24.12,9.196,16.77,12.818,1.97,4.496,7.568,38.3,13.286,3.946,8.2,1.11,6.686,32.02,0.969,30.905,1.928,15.4,9.178,2.41,4.574,0.218,37.86,13.72,16.735,30.33,4.513,126.65,3.06
2022-11-04,16.645,25.19,9.398,17.255,13.042,2.065,4.551,7.728,39.58,13.564,4.063,7.566,1.13,6.862,32.47,0.934,31.94,2.013,15.685,9.312,2.462,4.68,0.22,38.48,14.01,17.015,31.09,4.648,129.2,3.158
2022-11-07,16.79,25.65,9.632,17.445,12.8,2.129,4.599,7.798,40.22,13.76,4.179,7.55,1.155,6.776,32.01,0.955,32.1,2.05,16.0,9.334,2.476,4.738,0.243,37.87,14.268,17.46,32.25,4.561,129.45,3.188
2022-11-08,16.45,26.65,9.678,17.13,12.87,2.148,4.631,7.77,41.5,13.71,4.14,7.236,1.167,6.882,32.05,0.956,33.5,1.893,16.215,9.19,2.524,4.784,0.238,38.45,14.214,17.725,31.8,4.644,130.95,3.104
2022-11-09,16.34,26.56,9.744,17.28,12.858,2.154,4.695,7.784,42.26,13.706,4.047,7.284,1.174,7.094,32.46,0.991,33.18,1.84,16.325,9.276,2.577,4.819,0.233,40.58,14.022,17.825,31.77,4.731,133.15,3.161
2022-11-10,15.665,28.15,9.814,17.61,13.034,2.177,4.802,8.004,44.34,14.158,4.113,7.178,1.23,7.316,34.15,0.957,35.79,1.878,16.66,9.642,2.609,5.01,0.245,41.53,14.07,19.2,33.27,4.825,136.75,3.104
2022-11-11,15.995,29.05,9.954,17.755,12.8,2.161,4.741,7.908,45.44,14.228,4.159,7.088,1.262,7.072,33.18,1.032,35.87,1.852,16.865,9.796,2.609,5.048,0.237,40.75,14.278,19.995,33.33,4.667,138.25,3.075
2022-11-14,15.925,28.57,9.978,17.63,12.87,2.187,4.708,8.032,45.34,14.408,4.175,7.294,1.291,7.192,32.4,1.075,36.995,1.845,17.08,9.77,2.578,5.079,0.24,40.28,14.474,19.79,33.15,4.733,135.4,3.083
2022-11-15,16.68,28.64,10.09,17.68,13.054,2.19,4.762,8.078,44.28,14.516,4.322,7.472,1.296,7.218,32.91,1.128,37.66,1.87,17.105,9.72,2.599,5.11,0.233,39.83,14.476,19.965,33.6,4.781,135.8,3.156
2022-11-16,16.76,27.57,10.035,17.475,12.99,2.191,4.774,8.038,43.4,14.25,4.245,7.634,1.304,7.22,32.4,1.097,36.675,1.876,17.075,9.794,2.639,5.139,0.227,39.32,14.358,19.96,33.35,4.768,132.85,3.2
2022-11-17,16.285,27.16,10.05,17.225,13.016,2.178,4.784,8.028,43.56,14.108,4.202,7.4,1.285,7.168,32.28,1.033,36.695,1.883,16.995,9.968,2.62,5.0,0.224,39.2,14.086,19.925,33.2,4.72,131.1,3.21
2022-11-18,16.415,27.63,10.175,17.54,13.102,2.217,4.807,8.088,44.14,14.41,4.19,7.414,1.309,7.316,32.62,1.035,36.98,1.91,17.26,10.03,2.641,5.157,0.224,39.49,14.188,19.68,33.43,4.769,132.1,3.25
2022-11-21,15.525,27.38,9.418,17.35,13.264,2.141,4.792,7.854,44.0,14.542,4.241,7.39,1.304,7.24,32.56,0.976,36.935,1.914,17.07,9.996,2.632,5.085,0.214,39.07,13.444,19.42,33.26,4.786,132.75,3.28
2022-11-22,16.545,27.17,9.422,17.42,13.43,2.161,4.8,7.882,43.66,14.682,4.361,7.55,1.299,7.184,33.02,0.983,36.975,1.919,16.98,10.125,2.631,5.11,0.222,38.62,14.052,19.5,33.57,4.8,132.45,3.344
2022-11-23,16.17,27.7,9.446,17.525,13.218,2.145,4.781,7.916,43.84,14.464,4.326,7.53,1.274,7.268,33.77,1.031,37.385,1.941,16.91,10.21,2.607,5.063,0.219,39.15,14.12,19.61,33.9,4.818,132.45,3.369
2022-11-24,16.27,27.75,9.372,17.73,13.34,2.16,4.731,7.816,43.84,14.654,4.291,7.588,1.294,7.432,33.65,1.046,37.425,1.957,16.95,10.37,2.651,5.153,0.225,40.2,14.184,19.455,32.1,4.869,133.2,3.315
2022-11-25,16.36,27.88,9.422,18.045,13.124,2.158,4.778,7.834,43.5,14.65,4.256,7.658,1.324,7.352,33.68,1.04,37.175,1.969,16.93,10.22,2.657,5.155,0.226,40.23,14.298,19.44,32.21,4.863,132.6,3.331
2022-11-28,15.915,28.02,9.33,17.99,13.1,2.116,4.767,7.878,42.98,14.554,4.311,7.722,1.291,7.274,33.7,1.005,36.37,1.952,16.705,10.2,2.636,5.07,0.223,40.19,14.018,19.19,31.89,4.816,131.55,3.292
2022-11-29,16.38,27.11,9.256,18.23,12.96,2.135,4.828,7.872,42.66,14.71,4.311,7.8,1.299,7.198,33.72,1.048,35.745,1.96,16.94,10.035,2.649,5.106,0.218,40.01,14.196,19.255,31.82,4.797,128.9,3.313
2022-11-30,16.715,26.85,9.214,18.39,13.024,2.122,4.894,8.058,42.5,14.892,4.287,7.664,1.277,7.31,33.4,1.025,36.045,1.972,16.94,10.025,2.639,5.134,0.206,40.64,14.324,19.45,32.22,4.868,126.95,3.312
2022-12-01,16.325,27.65,9.164,18.28,12.55,2.085,4.844,7.88,43.14,14.908,4.276,7.69,1.291,7.454,33.49,1.02,36.88,1.949,17.125,10.075,2.661,5.25,0.214,41.6,14.09,19.335,31.91,4.891,131.75,3.232
2022-12-02,16.055,28.54,9.186,18.37,12.536,2.096,4.789,7.98,43.46,14.602,4.249,7.748,1.311,7.372,33.68,1.021,36.7,1.939,17.23,10.275,2.681,5.267,0.209,41.49,13.892,19.695,32.67,4.848,133.9,3.211
2022-12-05,15.81,27.82,9.216,18.33,12.424,2.079,4.736,7.932,42.82,14.658,4.303,7.682,1.319,7.38,33.71,1.044,36.65,1.929,17.215,10.2,2.69,5.278,0.206,41.4,13.834,19.575,32.47,4.834,132.7,3.191
2022-12-06,15.67,27.0,9.152,17.92,12.51,2.066,4.71,7.858,42.08,14.448,4.225,7.74,1.313,7.318,33.85,1.016,36.22,1.928,17.21,10.04,2.686,5.206,0.206,40.42,13.642,19.58,32.19,4.786,128.15,3.151
2022-12-07,15.33,27.54,9.092,17.75,12.586,2.062,4.754,7.812,41.92,14.482,4.198,7.728,1.319,7.318,34.44,0.979,35.7,1.938,17.32,10.03,2.75,5.224,0.202,40.5,13.436,19.695,31.95,4.811,129.35,3.138
2022-12-08,15.52,27.56,9.12,17.66,12.55,2.057,4.726,7.854,41.9,14.082,4.194,7.754,1.306,7.3,34.73,0.999,36.42,1.943,17.2,9.922,2.804,5.174,0.201,40.5,13.524,19.825,32.2,4.806,129.7,3.147
2022-12-09,15.385,27.97,9.182,18.08,12.53,2.067,4.742,7.874,43.14,13.724,4.218,7.626,1.301,7.362,35.5,0.999,36.89,1.952,17.315,9.956,2.83,5.222,0.204,40.84,13.526,20.09,32.56,4.874,130.7,3.137
2022-12-12,15.235,28.01,9.162,17.92,12.702,2.069,4.688,7.804,43.34,13.784,4.194,7.666,1.303,7.354,35.24,1.01,36.48,1.952,17.265,9.99,2.778,5.198,0.21,41.89,13.608,19.88,32.54,4.89,134.1,3.16
2022-12-13,15.755,28.56,9.312,18.06,12.868,2.101,4.734,7.898,44.88,13.8,4.245,7.708,1.312,7.44,35.58,1.034,37.75,1.964,17.445,10.165,2.765,5.248,0.209,41.88,13.814,20.23,33.17,4.874,136.35,3.288
2022-12-14,15.785,28.88,9.282,18.03,12.774,2.088,4.674,7.902,44.82,13.892,4.156,7.738,1.33,7.496,35.6,1.03,37.235,1.949,17.38,10.19,2.75,5.252,0.21,41.63,13.61,20.11,33.43,4.905,139.2,3.268
2022-12-15,15.48,27.3,8.944,17.67,12.566,1.994,4.544,7.77,43.44,13.554,4.063,7.74,1.298,7.234,34.77,1.024,35.39,1.882,16.56,9.89,2.612,5.055,0.205,40.45,13.05,19.315,32.03,4.69,134.45,3.192
2022-12-16,15.37,26.94,8.908,17.695,12.788,2.058,4.476,7.712,42.84,13.354,4.125,7.768,1.27,7.184,34.99,1.007,34.93,1.88,16.5,9.814,2.551,5.05,0.203,39.6,12.9,20.48,31.99,4.663,129.5,3.248
2022-12-19,15.71,26.91,8.936,17.975,12.686,2.034,4.569,7.712,42.78,13.474,4.074,7.654,1.28,7.184,35.26,1.051,34.635,1.865,16.685,9.852,2.569,5.046,0.212,39.22,12.99,20.47,31.54,4.666,128.15,3.22
2022-12-20,15.925,26.73,8.966,17.79,13.196,2.076,4.594,7.816,42.34,13.254,4.07,7.8,1.25,7.15,35.11,1.049,34.53,1.949,16.73,9.538,2.524,5.047,0.211,38.47,13.0,20.44,31.64,4.637,124.55,3.353
2022-12-21,16.29,27.31,9.126,18.06,13.4,2.101,4.68,7.912,43.2,13.54,4.117,7.968,1.28,7.18,35.25,1.086,35.135,1.969,16.98,9.738,2.557,5.13,0.216,39.18,13.462,20.8,32.38,4.66,127.8,3.387
2022-12-22,16.29,26.67,9.014,18.085,13.238,2.084,4.657,7.86,42.24,13.124,4.144,7.914,1.258,7.15,34.95,1.094,33.875,1.946,16.855,9.628,2.534,5.074,0.213,38.73,13.376,20.61,32.15,4.645,126.1,3.367
2022-12-23,16.58,26.9,9.032,18.05,13.284,2.092,4.646,7.878,42.96,13.19,4.148,8.076,1.259,7.148,35.2,1.11,33.61,1.944,16.8,9.586,2.552,5.101,0.219,39.12,13.476,20.71,32.2,4.647,127.9,3.373
2022-12-26,16.58,26.9,9.032,18.05,13.284,2.092,4.646,7.878,42.96,13.19,4.148,8.076,1.259,7.148,35.2,1.11,33.61,1.944,16.8,9.586,2.552,5.101,0.219,39.12,13.476,20.71,32.2,4.647,127.9,3.373
2022-12-27,16.645,26.81,9.034,17.97,13.262,2.082,4.623,7.878,42.58,13.158,4.086,8.16,1.258,7.08,35.33,1.136,33.23,1.935,16.755,9.612,2.549,5.078,0.218,38.63,13.546,20.98,32.39,4.603,127.4,3.348
2022-12-28,16.52,27.16,8.976,18.085,13.324,2.08,4.603,7.832,42.82,13.118,4.097,8.122,1.242,7.002,34.94,1.098,32.82,1.939,16.695,9.648,2.49,5.049,0.219,39.05,13.508,21.01,32.26,4.59,127.0,3.348
2022-12-29,16.57,27.88,9.106,18.1,13.316,2.107,4.63,7.912,43.3,13.378,4.109,8.18,1.268,7.084,35.31,1.149,33.52,1.941,16.815,9.684,2.546,5.101,0.225,39.67,13.592,21.18,32.56,4.639,132.15,3.364
2022-12-30,16.285,27.82,8.984,18.0,13.272,2.078,4.558,7.798,42.16,13.264,4.113,8.06,1.245,6.9,34.66,1.128,33.005,1.918,16.615,9.484,2.519,5.03,0.216,38.75,13.286,20.93,32.06,4.527,130.4,3.334
2023-01-02,16.82,27.11,9.044,18.295,13.446,2.123,4.6,7.896,42.72,13.648,4.198,8.294,1.266,7.004,35.38,1.184,33.44,1.959,16.775,9.558,2.586,5.171,0.219,38.82,13.708,21.19,32.39,4.616,129.55,3.425
2023-01-03,16.24,27.49,9.136,18.58,13.91,2.172,4.684,7.918,43.64,13.826,4.198,8.242,1.278,7.02,35.33,1.181,33.55,1.985,16.85,9.66,2.588,5.3,0.223,38.75,13.786,21.4,32.71,4.658,129.3,3.495
2023-01-04,15.095,27.74,9.286,18.815,14.43,2.228,4.768,8.062,45.0,14.192,4.249,8.09,1.306,7.23,34.68,1.145,34.41,2.037,17.27,9.82,2.688,5.487,0.231,38.92,13.576,21.65,33.34,4.774,129.85,3.626
2023-01-05,15.535,26.99,9.27,18.9,14.534,2.215,4.702,8.02,45.52,14.34,4.303,8.046,1.29,7.09,33.87,1.149,34.58,2.03,17.275,9.628,2.596,5.478,0.232,38.4,13.608,21.32,32.95,4.696,127.2,3.641
2023-01-06,15.775,27.1,9.264,19.15,14.712,2.234,4.769,8.126,46.76,14.446,4.404,8.15,1.308,7.242,34.59,1.22,35.445,2.083,17.34,9.784,2.632,5.601,0.236,38.68,13.838,21.31,33.29,4.776,126.5,3.641
2023-01-09,15.835,27.84,9.356,19.515,14.612,2.228,4.746,8.284,47.62,14.554,4.442,8.078,1.323,7.234,35.01,1.26,37.295,2.093,17.18,9.99,2.64,5.599,0.249,39.34,13.944,21.8,33.62,4.797,127.6,3.622
2023-01-10,15.845,28.01,9.408,19.3,14.598,2.25,4.72,8.3,47.22,14.666,4.473,8.06,1.332,7.254,34.57,1.247,37.12,2.11,17.33,9.862,2.626,5.536,0.249,39.04,13.974,21.81,33.61,4.828,126.2,3.601
2023-01-11,16.035,26.82,9.552,19.43,14.38,2.26,4.714,8.448,48.12,14.648,4.489,8.05,1.38,7.302,35.0,1.196,37.355,2.109,17.4,10.07,2.77,5.63,0.247,38.8,14.24,22.38,34.34,4.839,126.55,3.555
2023-01-12,16.265,26.29,9.676,19.375,14.588,2.284,4.723,8.448,47.64,14.77,4.543,8.21,1.387,7.4,35.05,1.196,37.45,2.121,17.385,9.88,2.78,5.707,0.25,39.39,14.416,22.42,34.59,4.872,124.4,3.577
2023-01-13,16.155,26.95,9.664,19.515,14.754,2.288,4.756,8.494,48.36,14.23,4.551,8.226,1.392,7.326,35.23,1.204,37.85,2.19,17.355,9.888,2.771,5.728,0.25,40.17,14.422,22.49,34.3,4.863,127.2,3.683
2023-01-16,16.025,27.46,9.64,19.695,14.788,2.285,4.774,8.586,49.1,14.316,4.559,8.242,1.395,7.386,35.7,1.237,37.965,2.214,17.425,9.896,2.74,5.808,0.258,40.08,14.328,22.76,34.0,4.935,130.0,3.838
2023-01-17,16.51,27.5,9.658,19.705,14.658,2.261,4.777,8.588,49.88,14.362,4.563,8.646,1.4,7.456,36.5,1.225,38.75,2.18,17.51,10.075,2.746,5.76,0.26,41.85,14.372,22.69,33.88,4.94,130.4,3.814
2023-01-18,17.195,27.09,9.55,19.825,14.618,2.25,4.779,8.574,50.4,14.268,4.625,8.684,1.406,7.376,36.81,1.311,39.51,2.252,17.525,9.88,2.721,5.764,0.256,42.24,14.46,22.73,34.0,5.01,129.85,3.827
2023-01-19,16.35,26.43,9.436,19.675,14.62,2.223,4.726,8.412,49.14,13.91,4.586,8.848,1.362,7.294,36.26,1.268,38.025,2.25,17.37,9.848,2.678,5.657,0.255,41.63,14.254,22.35,33.54,4.9,127.35,3.782
2023-01-20,16.55,25.71,9.58,19.69,14.958,2.181,4.777,8.428,49.68,14.024,4.663,8.91,1.337,7.302,36.98,1.377,38.065,2.293,17.76,9.9,2.654,5.65,0.255,41.6,14.456,22.8,33.91,4.886,125.2,3.82
2023-01-23,16.245,25.86,9.624,19.57,15.03,2.24,4.793,8.536,49.4,14.016,4.663,9.218,1.373,7.334,37.17,1.387,39.06,2.307,17.84,9.976,2.684,5.466,0.26,41.43,14.4,22.98,34.06,4.753,125.3,3.86
2023-01-24,16.04,25.89,9.684,19.59,15.256,2.286,4.784,8.588,49.06,14.02,4.714,9.21,1.383,7.364,37.64,1.34,39.105,2.34,17.915,9.944,2.7,5.496,0.257,41.31,14.18,22.96,34.05,4.733,124.75,3.909
2023-01-25,16.07,25.69,9.742,19.93,15.31,2.295,4.83,8.608,47.64,13.916,4.776,9.446,1.398,7.366,37.28,1.316,39.435,2.345,17.865,9.95,2.729,5.478,0.257,41.02,14.076,22.94,33.88,4.741,123.7,3.926
2023-01-26,16.1,25.8,9.866,20.0,15.736,2.342,4.876,8.676,48.54,14.054,4.83,9.568,1.399,7.306,37.32,1.332,42.67,2.394,17.91,9.67,2.715,5.483,0.256,40.57,14.198,22.99,34.07,4.734,123.85,4.008
2023-01-27,16.465,25.74,9.902,20.49,15.888,2.351,4.856,8.696,48.74,14.196,4.818,9.548,1.407,7.286,37.5,1.392,43.66,2.431,17.945,9.654,2.709,5.485,0.254,40.76,14.292,23.06,34.0,4.74,124.45,4.035
2023-01-30,16.215,25.54,9.938,20.58,15.926,2.344,4.84,8.768,47.66,14.024,4.795,9.616,1.388,7.306,37.13,1.408,43.595,2.43,18.01,9.664,2.653,5.433,0.266,41.25,14.17,22.92,34.0,4.71,120.5,4.02
2023-01-31,16.25,25.27,9.856,20.64,17.884,2.41,4.8,8.766,47.78,14.376,4.691,9.454,1.379,7.252,37.4,1.405,43.11,2.517,17.9,9.828,2.631,5.391,0.264,40.13,14.136,22.88,33.8,4.674,119.25,4.127
2023-02-01,15.9,25.64,9.97,20.71,18.08,2.453,4.914,8.856,48.76,14.488,4.745,9.6,1.378,7.28,37.64,1.389,44.205,2.6,18.185,9.89,2.646,5.273,0.262,39.11,13.846,22.91,34.07,4.717,117.2,4.175
2023-02-02,15.35,27.64,9.996,21.12,18.138,2.455,4.952,8.93,51.5,15.208,4.818,9.57,1.406,7.464,37.88,1.36,45.525,2.528,18.15,9.948,2.726,5.382,0.287,39.98,13.75,23.5,34.02,4.811,119.75,4.103
2023-02-03,15.26,27.84,10.04,20.92,18.018,2.383,4.884,8.934,52.1,15.2,4.811,9.496,1.38,7.258,37.4,1.382,46.12,2.54,18.05,10.19,2.65,5.362,0.283,40.26,13.844,23.6,34.07,4.714,121.35,4.103
2023-02-06,15.135,28.5,10.145,20.96,18.302,2.447,4.936,8.998,51.4,15.08,4.784,9.482,1.398,7.366,37.75,1.368,45.11,2.54,18.11,10.27,2.678,5.379,0.292,40.62,13.696,23.65,34.1,4.75,121.9,4.215
2023-02-07,15.25,27.8,10.17,20.78,18.262,2.468,4.912,9.046,50.65,15.088,4.838,9.474,1.411,7.46,37.46,1.439,45.27,2.582,18.105,10.14,2.725,5.359,0.299,40.92,13.906,23.64,34.35,4.791,121.95,4.295
2023-02-08,15.535,28.0,10.205,20.99,18.222,2.469,4.897,9.098,51.0,15.122,4.873,9.634,1.406,7.458,36.93,1.525,45.215,2.546,18.155,10.155,2.718,5.346,0.305,41.26,14.16,23.59,34.09,4.799,121.05,4.209
2023-02-09,15.64,27.7,10.36,21.41,18.974,2.504,4.942,9.1,51.1,15.678,4.873,9.764,1.405,7.438,37.34,1.5,46.16,2.571,18.22,10.215,2.68,5.34,0.3,41.09,14.344,23.52,34.04,4.834,118.3,4.204
2023-02-10,15.905,26.6,10.2,21.31,18.742,2.477,4.914,9.018,50.35,15.412,4.768,9.858,1.388,7.364,36.7,1.5,44.925,2.553,18.245,10.065,2.618,5.411,0.295,40.25,14.75,22.72,33.23,4.793,116.4,4.153
2023-02-13,15.86,27.63,10.37,21.35,18.68,2.499,4.953,9.156,51.7,15.508,5.067,10.025,1.378,7.392,37.3,1.415,45.35,2.608,18.265,10.29,2.587,5.403,0.295,40.75,14.768,22.98,33.96,4.785,117.25,4.16
2023-02-14,16.195,27.34,10.41,21.32,18.926,2.503,4.95,9.194,51.4,15.576,5.039,10.105,1.367,7.378,37.07,1.441,45.61,2.595,18.25,10.275,2.588,5.38,0.296,41.05,14.826,23.17,34.0,4.799,118.1,4.135
2023-02-15,16.055,27.5,10.245,21.6,18.632,2.495,4.96,9.218,51.85,15.87,4.931,10.215,1.367,7.39,37.59,1.406,46.18,2.593,18.345,10.385,2.595,5.387,0.298,40.97,14.69,22.61,33.86,4.796,115.75,4.1
2023-02-16,17.345,28.16,10.28,21.7,19.426,2.551,4.969,9.26,51.6,15.904,4.904,10.445,1.384,7.378,37.93,1.427,46.5,2.674,18.305,10.515,2.6,5.374,0.306,41.38,14.714,22.64,34.05,4.793,117.85,4.17
2023-02-17,16.515,27.4,10.255,21.61,19.558,2.565,4.997,9.282,51.85,15.95,4.849,10.455,1.373,7.392,37.7,1.41,45.915,2.792,18.32,10.49,2.612,5.353,0.313,41.1,14.3,22.78,34.0,4.772,116.3,4.207
2023-02-20,16.26,27.5,10.125,21.72,19.0,2.554,4.977,9.08,51.5,16.138,4.846,10.23,1.38,7.384,37.0,1.456,45.4,2.747,18.365,10.55,2.594,5.35,0.305,41.1,14.35,22.6,33.16,4.772,116.55,4.103
2023-02-21,16.245,27.05,10.115,21.82,18.6,2.553,4.935,9.004,51.0,15.868,4.656,10.465,1.385,7.37,36.54,1.434,45.025,2.733,18.345,10.445,2.562,5.315,0.301,40.59,14.268,22.52,32.55,4.789,115.25,4.05
2023-02-22,15.735,27.48,9.992,21.71,18.104,2.477,4.917,9.042,51.85,16.218,4.532,10.345,1.37,7.22,36.13,1.403,44.6,2.613,18.13,10.585,2.526,5.239,0.31,39.55,14.114,22.08,32.37,4.67,115.6,3.972
2023-02-23,16.02,27.36,10.015,21.94,18.452,2.514,4.949,9.12,52.95,16.804,4.601,10.445,1.378,7.158,36.28,1.458,45.235,2.64,18.16,10.73,2.517,5.26,0.303,40.03,13.358,22.49,32.51,4.68,116.05,4.068
2023-02-24,15.68,27.09,9.83,21.74,18.236,2.495,4.896,9.042,51.05,16.45,4.555,10.47,1.382,7.186,35.82,1.487,44.615,2.579,18.15,10.5,2.512,5.234,0.307,39.45,13.192,22.08,32.3,4.684,113.3,3.992
2023-02-27,16.065,27.73,10.03,22.12,19.078,2.533,4.938,9.1,52.35,16.632,4.617,10.625,1.396,7.236,36.55,1.476,45.56,2.653,18.34,10.62,2.557,5.306,0.308,40.12,13.4,22.42,32.62,4.752,115.0,4.084
2023-02-28,15.68,27.38,10.1,21.75,19.348,2.562,5.002,9.176,51.95,16.554,4.648,10.615,1.395,7.128,36.37,1.517,45.4,2.687,18.71,10.595,2.523,5.317,0.309,40.14,13.366,22.47,32.69,4.646,114.15,4.125
2023-03-01,15.71,27.11,9.972,21.9,18.872,2.537,5.018,9.166,51.8,17.056,4.702,10.62,1.359,6.964,36.67,1.535,45.695,2.663,18.53,10.455,2.459,5.2,0.307,39.12,13.17,22.47,32.63,4.569,111.0,4.126
2023-03-02,16.135,28.22,9.96,22.08,18.636,2.542,5.01,9.172,52.35,17.172,4.722,10.705,1.375,7.086,36.39,1.533,44.215,2.679,18.525,10.84,2.481,5.265,0.305,39.3,13.344,22.51,32.46,4.618,109.95,4.069
2023-03-03,16.185,30.12,10.07,22.08,18.938,2.575,5.046,9.25,52.6,17.668,4.749,10.795,1.379,7.104,37.95,1.5,45.315,2.701,18.6,10.79,2.521,5.301,0.309,39.62,13.434,22.64,32.63,4.635,112.5,4.113
2023-03-06,16.3,29.47,10.135,22.05,19.278,2.592,5.076,9.312,52.6,17.576,4.71,10.905,1.391,7.108,37.9,1.478,45.805,2.754,18.76,10.72,2.516,5.334,0.319,39.55,13.536,22.66,32.64,4.634,112.7,4.208
2023-03-07,16.385,29.36,10.075,22.0,19.084,2.565,5.122,9.322,52.25,17.53,4.59,10.885,1.372,7.112,37.83,1.428,44.99,2.757,18.765,10.69,2.49,5.295,0.311,39.28,13.422,22.41,32.54,4.619,111.95,4.163
2023-03-08,16.04,29.7,10.14,22.05,19.402,2.572,5.074,9.384,52.15,17.49,4.392,10.76,1.377,7.162,38.51,1.407,46.5,2.827,18.81,10.64,2.466,5.32,0.314,39.3,13.418,22.3,32.45,4.653,114.85,4.221
2023-03-09,15.77,30.12,10.005,21.05,19.22,2.532,5.062,9.322,51.8,17.202,4.132,10.72,1.365,7.142,39.72,1.365,47.025,2.817,18.625,10.64,2.431,5.319,0.313,39.07,13.392,21.58,31.11,4.628,111.55,4.14
2023-03-10,15.445,29.15,9.726,21.68,18.62,2.482,4.96,8.994,51.25,16.888,4.094,11.025,1.357,7.166,38.02,1.357,46.25,2.691,18.42,10.49,2.388,5.326,0.312,38.71,13.43,20.89,30.17,4.6,109.75,4.017
2023-03-13,14.54,29.02,9.29,21.0,16.942,2.33,4.78,8.296,49.16,16.204,4.097,11.035,1.337,7.21,36.69,1.258,44.39,2.435,17.8,10.445,2.383,5.227,0.302,38.64,12.924,19.895,29.29,4.626,108.0,3.692
2023-03-14,14.75,29.97,9.524,21.57,17.654,2.408,4.835,8.488,51.3,16.394,4.187,11.36,1.385,7.312,37.42,1.265,45.875,2.475,18.445,10.67,2.416,5.364,0.309,38.8,13.04,20.14,30.0,4.68,107.7,3.761
2023-03-15,13.43,29.35,8.99,20.84,16.054,2.243,4.55,8.046,48.56,15.794,4.07,10.585,1.344,7.34,35.41,1.14,44.105,2.296,17.365,10.725,2.405,5.246,0.298,38.0,12.31,19.26,28.75,4.602,105.55,3.493
2023-03-16,13.465,29.97,8.956,21.2,16.49,2.248,4.582,8.124,50.1,15.916,4.121,10.75,1.374,7.416,35.91,1.186,45.275,2.301,17.54,10.93,2.427,5.296,0.295,38.86,12.162,19.5,28.89,4.742,107.35,3.54
2023-03-17,13.22,29.83,8.85,20.97,15.898,2.193,4.44,7.856,48.82,15.716,4.039,10.435,1.375,7.22,35.55,1.206,45.445,2.237,17.215,10.77,2.393,5.287,0.283,38.28,12.162,18.99,27.99,4.67,105.7,3.532
2023-03-20,13.255,29.86,8.956,21.55,16.286,2.275,4.552,8.158,49.66,15.846,4.214,10.535,1.453,7.39,36.04,1.235,45.385,2.269,17.615,10.885,2.474,5.388,0.288,38.54,12.206,19.53,28.82,4.75,101.2,3.668
2023-03-21,13.7,29.7,9.27,22.19,17.42,2.355,4.686,8.446,51.05,16.186,4.307,10.845,1.467,7.342,36.83,1.328,45.915,2.38,18.185,10.88,2.494,5.48,0.29,39.07,12.464,20.05,29.75,4.777,102.45,3.76
2023-03-22,13.555,30.13,9.21,21.87,17.2,2.343,4.686,8.288,50.3,16.196,4.303,11.03,1.436,7.302,36.84,1.326,46.395,2.346,18.09,11.015,2.511,5.504,0.29,38.82,12.478,19.53,29.24,4.724,101.05,3.66
2023-03-23,13.25,30.62,9.088,21.82,16.916,2.319,4.663,8.164,50.45,16.18,4.353,11.055,1.456,7.5,36.48,1.28,47.195,2.303,18.04,11.13,2.523,5.507,0.291,38.69,12.454,19.425,29.2,4.807,98.5,3.55
2023-03-24,12.825,30.41,8.994,21.51,16.23,2.263,4.585,8.062,48.8,15.902,4.365,10.67,1.44,7.434,35.58,1.245,45.41,2.21,17.69,11.12,2.491,5.392,0.283,38.82,12.172,19.11,28.71,4.744,102.05,3.403
2023-03-27,12.945,30.66,8.95,21.88,16.43,2.272,4.643,8.156,49.62,16.23,4.415,10.975,1.438,7.596,36.56,1.289,45.835,2.236,17.84,11.09,2.521,5.464,0.288,39.96,12.308,19.335,28.84,4.819,98.0,3.438
2023-03-28,13.33,31.15,9.058,22.25,17.15,2.293,4.653,8.05,49.46,16.252,4.45,10.87,1.413,7.612,37.28,1.309,44.53,2.243,17.855,11.035,2.503,5.45,0.296,39.24,12.546,19.135,28.5,4.828,100.0,3.471
2023-03-29,13.26,31.65,9.198,22.79,17.25,2.328,4.746,8.246,50.25,16.41,4.539,10.925,1.423,7.694,38.16,1.327,47.345,2.304,18.08,11.14,2.535,5.508,0.298,39.15,12.674,19.39,29.02,4.913,98.02,3.6
2023-03-30,13.075,32.01,9.256,22.77,17.46,2.365,4.768,8.366,51.4,16.582,4.543,10.875,1.454,7.612,38.39,1.364,48.59,2.29,18.295,11.095,2.586,5.61,0.302,39.26,12.886,19.74,29.36,4.91,98.44,3.655
2023-03-31,13.1,31.94,9.268,22.36,17.41,2.368,4.741,8.358,51.65,16.736,4.59,10.82,1.47,7.566,38.7,1.383,48.95,2.273,18.38,11.25,2.602,5.627,0.304,38.96,12.906,19.7,29.38,4.889,97.06,3.605
2023-04-03,13.495,31.83,9.302,22.84,17.93,2.365,4.778,8.462,50.9,16.67,4.582,10.955,1.462,7.6,38.0,1.443,48.345,2.293,18.35,11.295,2.598,5.602,0.309,39.06,13.432,19.68,29.34,4.903,97.0,3.601
2023-04-04,13.16,32.27,9.3,22.66,17.948,2.328,4.791,8.408,50.38,16.44,4.435,11.05,1.472,7.682,37.72,1.48,47.565,2.329,18.29,11.27,2.594,5.585,0.306,39.24,13.31,19.625,29.18,4.933,97.06,3.627
2023-04-05,12.995,32.5,9.218,22.08,17.74,2.309,4.805,8.316,47.13,16.114,4.373,10.99,1.503,7.862,36.66,1.454,45.675,2.328,18.41,11.395,2.65,5.662,0.308,39.36,13.434,19.38,28.77,5.068,98.0,3.596
2023-04-06,12.96,32.64,9.444,21.62,18.238,2.358,4.914,8.448,46.6,16.248,4.435,11.29,1.528,7.98,37.1,1.444,45.95,2.364,18.55,11.515,2.716,5.849,0.308,39.62,13.54,19.595,29.41,5.15,97.06,3.686
2023-04-07,12.96,32.64,9.444,21.62,18.238,2.358,4.914,8.448,46.6,16.248,4.435,11.29,1.528,7.98,37.1,1.444,45.95,2.364,18.55,11.515,2.716,5.849,0.308,39.62,13.54,19.595,29.41,5.15,97.06,3.686
2023-04-10,12.96,32.64,9.444,21.62,18.238,2.358,4.914,8.448,46.6,16.248,4.435,11.29,1.528,7.98,37.1,1.444,45.95,2.364,18.55,11.515,2.716,5.849,0.308,39.62,13.54,19.595,29.41,5.15,97.06,3.686
2023-04-11,13.31,32.59,9.44,21.78,18.36,2.377,5.004,8.51,47.99,16.75,4.404,11.41,1.543,7.906,37.14,1.492,46.455,2.36,18.82,11.495,2.726,5.904,0.31,39.85,13.784,19.72,29.87,5.122,99.62,3.707
2023-04-12,13.26,32.37,9.454,21.76,18.84,2.395,5.028,8.53,48.25,16.796,4.497,11.355,1.548,7.924,37.25,1.49,45.645,2.406,18.84,11.48,2.738,5.992,0.308,39.91,13.666,19.82,30.1,5.154,99.18,3.709
2023-04-13,13.485,33.18,9.422,21.76,18.82,2.388,5.066,8.542,48.42,16.828,4.504,11.72,1.554,7.794,37.12,1.499,46.35,2.398,18.84,11.475,2.698,5.757,0.308,40.31,13.864,19.85,29.6,5.116,99.1,3.701
2023-04-14,13.44,32.7,9.638,21.84,19.37,2.468,5.072,8.638,48.65,17.164,4.543,11.775,1.53,7.63,37.71,1.487,46.13,2.51,18.93,11.525,2.622,5.708,0.306,40.73,13.802,20.35,30.02,5.004,97.32,3.825
2023-04-17,13.335,32.29,9.558,21.8,19.028,2.441,5.062,8.542,49.28,16.978,4.497,11.78,1.535,7.686,37.67,1.428,45.745,2.522,18.78,11.555,2.65,5.72,0.308,40.83,13.88,20.09,29.54,5.022,96.84,3.94
2023-04-18,13.27,32.95,9.75,22.16,19.45,2.478,5.108,8.642,49.35,17.032,4.435,11.565,1.533,7.66,38.32,1.409,46.04,2.625,18.895,11.59,2.648,5.759,0.312,40.43,13.89,20.11,30.21,4.992,97.3,4.021
2023-04-19,13.125,33.02,9.786,22.04,19.784,2.499,5.146,8.666,48.95,16.968,4.38,11.425,1.57,7.718,38.25,1.374,45.07,2.67,19.065,11.62,2.716,5.809,0.286,40.24,13.754,20.31,30.45,5.028,97.38,4.103
2023-04-20,13.105,32.81,9.704,22.06,19.434,2.49,5.084,8.55,48.99,16.05,4.326,11.41,1.556,7.792,38.06,1.395,43.385,2.679,19.09,11.645,2.688,5.84,0.282,39.86,13.584,20.19,30.1,5.06,97.16,4.061
2023-04-21,13.05,33.42,9.78,22.22,19.528,2.484,5.032,8.618,49.65,15.944,4.326,11.305,1.571,7.784,38.0,1.409,43.205,2.706,19.095,11.805,2.708,5.931,0.269,42.03,13.766,20.4,30.49,5.05,98.92,4.235
2023-04-24,13.335,33.56,9.786,22.26,18.864,2.507,5.086,8.382,49.87,14.938,4.342,11.095,1.579,7.754,37.32,1.385,42.42,2.745,19.135,11.79,2.69,6.028,0.266,41.38,13.818,20.45,30.56,5.02,99.36,4.094
2023-04-25,12.955,33.04,9.732,22.06,18.354,2.461,5.06,8.26,49.6,14.754,4.334,10.9,1.579,7.768,37.16,1.35,41.88,2.734,18.99,11.885,2.678,6.056,0.26,40.7,13.614,20.29,30.34,4.979,97.52,3.969
2023-04-26,13.16,33.38,9.762,22.06,18.0,2.434,5.074,8.208,49.6,14.67,4.225,10.78,1.571,7.75,35.94,1.36,42.3,2.55,18.885,11.815,2.702,6.09,0.262,40.02,13.746,20.18,30.19,4.974,96.46,3.748
2023-04-27,12.69,33.79,9.846,22.24,18.638,2.458,5.12,8.258,49.87,14.754,4.256,10.86,1.587,7.77,36.19,1.347,38.61,2.652,19.005,11.85,2.792,6.165,0.269,41.31,13.482,20.21,30.5,5.002,97.32,3.845
2023-04-28,13.05,33.28,9.73,22.52,17.94,2.385,5.096,8.194,50.48,15.0,4.287,10.805,1.6,7.86,37.07,1.386,38.555,2.545,18.88,11.68,2.824,6.199,0.267,41.73,13.746,20.24,30.09,5.04,98.48,3.685
2023-05-01,13.05,33.28,9.73,22.52,17.94,2.385,5.096,8.194,50.48,15.0,4.287,10.805,1.6,7.86,37.07,1.386,38.555,2.545,18.88,11.68,2.824,6.199,0.267,41.73,13.746,20.24,30.09,5.04,98.48,3.685
2023-05-02,12.35,33.12,9.398,22.52,17.626,2.329,5.008,7.934,50.0,14.738,4.21,10.66,1.561,7.768,37.39,1.285,39.14,2.505,18.58,11.99,2.726,6.098,0.26,40.93,13.17,19.895,29.37,4.967,97.72,3.607
2023-05-03,12.27,35.49,9.758,22.6,18.288,2.369,5.066,8.02,50.68,14.462,4.233,10.95,1.589,7.9,36.71,1.25,38.465,2.548,18.655,12.165,2.764,6.099,0.248,41.43,13.038,19.94,29.53,5.052,97.96,3.666
2023-05-04,12.1,34.86,9.642,22.88,18.058,2.345,4.972,7.866,49.85,14.36,4.21,10.315,1.589,7.972,36.42,1.248,37.575,2.507,18.505,12.125,2.76,6.087,0.249,41.11,12.974,19.665,29.26,5.056,99.78,3.575
2023-05-05,12.42,35.89,9.98,23.1,18.94,2.432,5.084,8.102,51.4,14.726,4.318,10.445,1.612,7.972,37.46,1.324,38.56,2.607,18.84,12.29,2.822,6.162,0.269,42.48,13.57,20.13,30.17,5.074,104.45,3.717
2023-05-08,12.52,35.85,10.0,23.18,18.98,2.463,5.114,8.104,50.64,14.82,4.28,10.445,1.627,7.93,37.68,1.32,38.71,2.64,18.99,12.33,2.862,6.119,0.268,42.08,13.644,20.29,30.36,5.07,102.05,3.764
2023-05-09,12.5,35.44,9.932,23.16,19.062,2.457,5.198,8.098,50.0,14.942,4.303,10.465,1.625,7.922,36.81,1.292,38.62,2.743,18.975,12.1,2.852,6.112,0.267,42.0,13.52,20.13,30.2,5.096,102.2,4.048
2023-05-10,12.25,35.32,9.962,22.6,18.802,2.415,5.174,7.922,49.96,14.97,4.473,10.67,1.641,7.928,36.53,1.311,39.165,2.73,18.86,12.1,2.872,6.093,0.278,42.26,13.432,20.26,29.99,5.084,105.55,3.897
2023-05-11,12.11,35.79,9.688,22.58,18.866,2.401,5.128,7.792,51.48,14.91,4.295,10.635,1.663,7.966,35.13,1.26,38.265,2.669,18.605,12.235,2.966,6.044,0.271,43.14,13.194,19.99,29.76,5.07,104.75,3.84
2023-05-12,12.255,36.01,9.702,22.62,18.872,2.428,5.148,7.91,51.46,14.946,4.365,11.065,1.691,8.1,35.36,1.274,38.945,2.729,18.72,12.28,2.996,6.058,0.273,44.09,13.386,20.15,30.36,5.148,105.6,3.901
2023-05-15,12.215,35.73,9.746,22.66,18.77,2.421,5.148,7.852,50.6,14.862,4.373,11.055,1.704,8.05,35.8,1.276,38.765,2.712,18.865,12.29,3.026,6.018,0.268,45.9,13.346,20.25,30.58,5.112,105.05,3.918
2023-05-16,12.13,34.92,9.828,22.74,18.866,2.41,5.13,7.854,50.82,14.692,4.357,11.125,1.683,8.062,35.16,1.259,39.485,2.711,18.77,12.39,3.028,6.02,0.262,45.62,13.23,19.995,30.95,5.1,105.55,3.91
2023-05-17,12.295,34.11,9.852,22.6,18.936,2.403,5.1,7.956,51.52,14.84,4.373,11.3,1.67,8.004,35.26,1.258,39.745,2.67,18.63,12.14,2.982,5.978,0.266,45.0,13.396,19.985,30.54,5.08,101.55,3.871
2023-05-18,12.255,33.91,9.942,22.6,19.048,2.389,5.1,7.94,51.86,15.146,4.388,11.32,1.602,7.794,35.3,1.3,41.15,2.694,18.68,12.17,2.868,5.901,0.264,44.56,13.34,20.18,30.67,4.984,101.6,3.925
2023-05-19,12.335,34.22,10.035,23.1,19.01,2.417,5.16,8.138,54.14,15.432,4.466,11.235,1.638,7.914,35.4,1.321,41.54,2.7,19.005,12.26,2.956,6.009,0.269,45.0,13.45,20.46,30.82,5.086,102.4,3.899
2023-05-22,12.125,33.95,10.2,22.74,19.102,2.341,4.796,8.176,53.98,15.322,4.419,11.2,1.564,7.882,35.11,1.31,41.805,2.612,18.045,12.435,2.976,6.039,0.273,44.05,13.27,19.335,30.24,5.07,102.85,3.972
2023-05-23,12.3,33.06,10.175,22.54,19.126,2.342,4.85,8.118,52.58,15.238,4.326,11.02,1.569,7.854,34.92,1.357,41.52,2.587,18.105,12.335,2.964,6.031,0.275,44.34,13.364,19.3,30.22,5.038,101.7,3.963
2023-05-24,12.33,32.81,10.37,21.96,18.324,2.252,4.74,7.894,50.8,14.62,4.225,10.47,1.528,7.754,35.08,1.296,39.27,2.476,17.875,12.26,2.882,5.965,0.266,43.13,13.368,18.9,29.38,4.955,99.04,3.81
2023-05-25,11.875,32.2,10.4,21.98,18.686,2.251,4.755,7.854,51.38,14.47,4.179,10.49,1.519,7.634,35.09,1.258,39.16,2.47,17.955,12.22,2.858,5.88,0.26,42.68,13.046,18.67,29.46,4.86,98.98,3.823
2023-05-26,11.98,33.0,10.445,21.98,18.708,2.245,4.76,8.036,52.8,14.772,4.218,10.61,1.526,7.716,35.34,1.26,40.685,2.475,17.945,12.25,2.916,5.954,0.259,43.17,13.192,19.105,29.76,4.914,99.22,3.82
2023-05-29,12.21,33.35,10.335,22.0,18.664,2.226,4.739,8.03,52.56,14.75,4.202,10.64,1.52,7.746,35.17,1.245,40.155,2.462,17.875,12.28,2.918,5.957,0.255,42.67,13.216,19.075,29.79,4.924,98.78,3.771
2023-05-30,11.88,32.91,10.33,21.82,18.574,2.21,4.711,7.946,51.8,14.7,4.156,10.455,1.544,7.874,36.17,1.222,40.675,2.431,17.875,12.16,2.95,6.012,0.252,41.97,12.906,18.965,29.35,4.937,97.56,3.73
2023-05-31,11.67,32.28,10.295,21.36,17.914,2.155,4.667,7.876,50.18,14.182,4.032,10.03,1.548,7.832,34.67,1.183,40.57,2.39,17.715,12.21,2.924,5.858,0.248,40.62,12.45,18.575,28.8,4.89,96.2,3.658
2023-06-01,11.915,32.37,10.625,21.58,18.732,2.23,4.712,8.014,51.1,14.384,4.032,10.33,1.571,7.834,35.79,1.206,41.75,2.453,17.885,12.46,2.928,5.958,0.25,42.56,12.788,18.905,29.41,4.916,98.12,3.75
2023-06-02,12.345,33.45,10.705,21.92,18.858,2.272,4.808,8.226,51.98,14.786,4.101,10.415,1.599,7.918,36.5,1.274,42.0,2.508,18.14,12.445,2.956,6.046,0.252,42.84,13.142,19.34,29.99,4.979,98.84,3.841
2023-06-05,12.425,33.95,10.605,21.84,18.418,2.259,4.785,8.154,51.74,14.816,4.07,10.3,1.599,7.95,35.62,1.263,41.57,2.496,18.05,12.44,2.87,5.997,0.248,43.0,13.102,19.39,29.78,4.957,97.0,3.787
2023-06-06,12.71,34.75,10.695,21.9,18.7,2.286,4.82,8.172,51.7,14.75,4.094,10.23,1.627,7.954,35.52,1.269,41.755,2.502,18.16,12.7,2.908,6.05,0.251,44.12,12.984,19.6,30.35,5.014,98.26,3.843
2023-06-07,12.81,35.1,10.675,22.1,18.482,2.303,4.81,8.198,51.84,14.964,4.109,10.01,1.616,7.912,35.59,1.314,43.1,2.497,18.105,12.645,2.876,6.012,0.25,44.62,13.08,19.595,30.65,4.95,97.52,3.824
2023-06-08,12.875,34.85,10.92,22.36,18.658,2.324,4.83,8.184,51.88,15.18,4.078,10.18,1.633,7.95,35.75,1.31,43.565,2.498,18.3,12.805,2.886,6.074,0.251,44.85,13.116,19.85,30.7,4.969,96.94,3.86
2023-06-09,12.825,34.97,10.945,22.2,18.35,2.309,4.798,8.186,51.6,15.052,4.055,10.31,1.64,7.958,35.7,1.284,44.08,2.449,18.3,12.645,2.886,6.073,0.251,44.39,12.984,19.55,30.56,4.974,96.72,3.802
2023-06-12,12.75,35.61,11.06,22.42,18.51,2.306,4.806,8.218,52.34,15.296,4.109,10.385,1.636,8.02,36.82,1.266,45.43,2.486,18.605,12.8,2.898,6.111,0.246,44.34,12.83,19.82,30.85,5.01,97.38,3.83
2023-06-13,13.055,35.5,11.18,22.66,18.516,2.312,4.859,8.264,53.3,15.562,4.094,10.485,1.635,8.026,37.56,1.288,45.64,2.492,18.8,12.9,2.882,6.07,0.247,45.5,12.96,19.81,30.92,4.988,97.44,3.817
2023-06-14,12.93,35.23,11.31,23.06,19.122,2.35,4.9,8.304,53.16,15.766,4.078,10.3,1.648,8.01,37.45,1.266,46.17,2.551,18.93,12.85,2.884,6.108,0.258,44.98,12.986,19.995,31.15,5.008,97.86,3.884
2023-06-15,13.025,35.03,11.19,22.36,18.846,2.358,4.918,8.338,52.38,15.732,4.078,10.3,1.655,8.036,37.0,1.253,45.485,2.548,18.91,12.86,2.86,6.098,0.257,44.93,13.05,19.985,31.11,5.01,97.76,3.903
2023-06-16,12.875,35.09,11.225,22.82,19.258,2.373,4.917,8.362,52.38,15.858,4.047,10.5,1.666,8.054,37.13,1.255,45.62,2.603,18.695,12.85,2.904,6.111,0.259,45.26,12.978,20.01,31.2,5.046,100.75,4.006
2023-06-19,12.825,34.54,11.2,22.58,19.696,2.395,4.887,8.374,51.34,15.74,4.063,10.585,1.646,7.79,36.72,1.238,44.98,2.681,18.665,12.7,2.724,6.098,0.263,44.4,12.99,19.825,31.17,4.782,98.96,4.034
2023-06-20,12.515,34.46,11.08,22.48,19.9,2.386,4.863,8.32,50.56,15.38,4.047,10.62,1.651,7.794,36.07,1.22,44.56,2.72,18.585,12.495,2.736,6.101,0.264,44.06,12.816,19.785,30.97,4.791,97.8,4.009
2023-06-21,12.92,34.0,11.115,22.56,20.55,2.406,4.896,8.34,49.98,15.366,4.032,10.615,1.621,7.714,36.17,1.252,43.555,2.758,18.465,12.335,2.744,6.044,0.267,43.28,13.066,19.675,30.86,4.733,97.1,4.093
2023-06-22,12.745,33.59,10.895,22.74,20.255,2.379,4.874,8.24,49.76,15.224,4.008,10.65,1.644,7.644,35.99,1.217,43.71,2.745,18.325,12.285,2.714,6.044,0.259,42.78,12.886,19.505,30.64,4.702,97.08,4.069
2023-06-23,12.805,33.3,10.76,22.86,20.145,2.335,4.826,8.17,49.33,15.116,3.977,10.675,1.644,7.61,35.08,1.163,42.645,2.685,18.26,12.295,2.732,6.057,0.258,43.13,12.796,19.295,30.55,4.701,96.1,3.986
2023-06-26,12.955,32.76,10.74,22.9,20.29,2.332,4.772,8.04,48.61,15.184,3.931,10.175,1.64,7.596,34.93,1.168,43.515,2.65,18.28,12.175,2.714,6.08,0.249,42.93,12.938,19.14,30.48,4.692,95.26,3.978
2023-06-27,12.96,32.38,10.775,22.74,20.58,2.362,4.857,8.128,48.84,15.314,3.923,10.16,1.654,7.666,36.0,1.177,43.09,2.7,18.385,12.195,2.73,6.137,0.251,42.71,12.746,19.26,30.8,4.722,91.12,4.044
2023-06-28,12.995,32.58,10.8,22.94,20.57,2.364,4.856,8.156,49.3,15.47,3.9,10.3,1.664,7.706,37.12,1.21,44.335,2.719,18.35,12.48,2.738,6.148,0.259,43.1,12.802,19.405,31.18,4.745,93.08,4.087
2023-06-29,13.345,33.25,10.895,23.02,21.12,2.386,4.87,8.226,49.86,16.02,3.915,10.43,1.674,7.738,37.02,1.242,44.605,2.755,18.56,12.505,2.714,6.137,0.258,43.32,12.888,19.52,31.25,4.771,92.64,4.2
2023-06-30,13.715,33.59,10.96,22.94,21.265,2.4,4.891,8.282,50.88,16.09,3.946,10.395,1.673,7.806,38.28,1.275,45.56,2.782,18.62,12.69,2.722,6.168,0.258,43.75,13.182,19.755,31.5,4.787,95.4,4.25
2023-07-03,13.71,32.58,11.13,22.86,21.49,2.437,4.933,8.298,49.77,16.292,3.962,10.44,1.696,7.816,38.02,1.314,45.775,2.813,19.25,12.535,2.742,6.24,0.26,43.37,13.412,19.905,32.09,4.818,93.6,4.329
2023-07-04,13.785,32.74,11.14,22.52,21.13,2.421,4.922,8.148,49.59,16.256,3.993,10.34,1.692,7.778,38.08,1.376,45.545,2.742,19.165,12.56,2.73,6.339,0.262,43.58,13.464,19.71,31.64,4.772,93.3,4.247
2023-07-05,13.67,32.64,11.05,22.66,21.35,2.409,4.884,8.08,48.63,16.16,3.939,10.525,1.676,7.644,37.72,1.391,45.375,2.728,18.915,12.45,2.666,6.21,0.261,43.69,13.37,19.39,31.14,4.76,93.78,4.251
2023-07-06,13.285,30.81,10.8,22.0,20.845,2.341,4.832,7.87,47.14,15.878,3.892,10.385,1.64,7.532,36.31,1.395,43.025,2.665,18.465,12.42,2.61,6.038,0.254,42.22,13.034,18.975,30.61,4.635,90.9,4.13
2023-07-07,13.635,30.29,11.01,21.88,21.28,2.349,4.862,8.004,47.91,16.208,3.892,10.645,1.64,7.464,36.84,1.46,43.805,2.737,18.445,12.435,2.606,6.097,0.254,41.96,13.052,19.245,31.04,4.604,91.5,4.222
2023-07-10,13.605,30.51,11.015,22.2,21.295,2.357,4.869,8.06,48.12,16.266,3.865,10.87,1.64,7.4,36.7,1.472,44.095,2.806,18.435,12.67,2.618,6.076,0.257,42.32,13.12,19.515,31.19,4.581,91.56,4.283
2023-07-11,13.985,30.44,11.025,22.76,21.28,2.381,4.92,8.122,49.23,16.344,3.857,11.1,1.669,7.416,36.53,1.485,44.375,2.829,18.575,12.655,2.648,6.12,0.256,42.25,13.234,19.51,31.25,4.622,92.32,4.318
2023-07-12,14.24,31.01,11.23,23.08,21.68,2.408,4.944,8.262,50.66,16.728,3.873,11.26,1.691,7.506,37.73,1.468,46.5,2.874,18.8,12.72,2.676,6.23,0.26,42.91,13.534,19.83,31.8,4.68,94.96,4.418
2023-07-13,14.255,31.53,11.3,22.98,21.95,2.444,4.952,8.344,50.46,16.812,3.865,11.3,1.69,7.586,37.53,1.464,47.145,2.937,18.88,12.85,2.708,6.33,0.261,42.89,13.62,19.955,32.07,4.717,94.36,4.467
2023-07-14,14.19,31.75,11.29,23.18,21.79,2.431,4.957,8.342,50.36,16.706,3.834,11.295,1.67,7.576,37.06,1.439,47.325,2.913,18.88,12.93,2.704,6.238,0.262,43.08,13.426,19.885,32.01,4.701,93.8,4.371
2023-07-17,14.2,31.88,11.34,22.86,22.02,2.435,4.983,8.366,49.23,16.604,3.791,11.58,1.661,7.542,36.9,1.433,46.805,2.969,18.885,12.715,2.706,6.23,0.262,43.01,13.294,19.97,32.08,4.693,92.2,4.457
2023-07-18,14.41,31.78,11.49,23.12,22.07,2.466,5.02,8.548,50.0,16.604,3.799,11.83,1.664,7.558,36.78,1.46,46.78,2.961,18.9,12.655,2.71,6.277,0.263,43.29,13.43,20.17,32.33,4.68,94.04,4.475
2023-07-19,14.42,31.06,11.44,23.34,21.975,2.492,4.967,8.592,50.18,16.59,3.807,11.68,1.68,7.654,36.69,1.477,46.93,2.935,18.765,12.475,2.734,6.275,0.261,43.48,13.43,20.31,32.39,4.746,93.92,4.426
2023-07-20,14.805,30.97,11.52,23.82,22.205,2.522,5.004,8.6,50.14,16.66,3.939,11.715,1.684,7.762,36.31,1.48,46.23,2.995,19.0,12.48,2.75,6.294,0.264,43.16,13.54,20.25,32.5,4.807,93.4,4.45
2023-07-21,14.845,31.08,11.475,24.42,22.205,2.531,5.036,8.64,50.28,16.51,3.869,11.515,1.685,7.792,36.37,1.466,45.73,3.016,19.09,12.535,2.746,6.336,0.263,45.33,13.64,20.26,32.77,4.839,93.38,4.437
2023-07-24,15.04,31.17,11.55,24.5,22.38,2.536,5.056,8.642,50.9,16.776,3.873,11.575,1.709,7.802,36.4,1.491,45.635,3.038,19.1,12.535,2.798,6.195,0.265,45.06,13.808,20.19,32.61,4.842,94.02,4.438
2023-07-25,14.955,31.65,11.56,24.74,22.49,2.539,5.02,8.682,50.0,16.786,3.818,11.595,1.699,7.76,35.88,1.487,46.765,3.055,19.055,12.75,2.772,6.197,0.261,44.45,13.71,20.29,33.14,4.823,95.54,4.436
2023-07-26,14.91,31.13,11.53,24.92,22.555,2.539,5.058,8.706,49.59,17.23,3.826,11.575,1.706,7.786,35.4,1.475,46.315,3.174,19.05,12.36,2.806,6.22,0.265,45.28,13.59,20.3,33.14,4.875,95.96,4.486
2023-07-27,15.005,31.58,11.955,26.32,22.59,2.573,5.088,8.738,50.14,18.148,3.865,11.8,1.717,7.732,36.85,1.48,50.48,3.123,19.255,12.38,2.848,6.311,0.267,46.49,13.73,21.14,33.58,4.856,100.7,4.489
2023-07-28,15.0,31.44,12.12,26.38,22.435,2.609,5.092,8.864,50.2,18.58,3.977,11.88,1.703,7.726,36.12,1.48,48.41,3.135,19.265,12.38,2.836,6.275,0.265,46.81,13.658,21.63,34.54,4.8,101.3,4.488
2023-07-31,15.13,30.79,12.12,25.84,23.0,2.629,5.066,8.84,49.48,18.644,4.047,12.315,1.735,7.688,36.25,1.456,48.64,3.147,19.38,12.23,2.824,6.272,0.262,46.95,13.884,21.48,34.08,4.782,102.05,4.548
2023-08-01,15.08,30.09,11.97,26.0,22.62,2.609,5.026,8.508,49.15,18.294,4.039,12.425,1.734,7.672,36.59,1.452,48.54,3.088,19.135,12.32,2.814,6.21,0.266,45.98,13.776,21.11,33.69,4.762,98.78,4.501
2023-08-02,14.945,30.57,11.855,26.02,22.285,2.563,4.959,8.446,49.11,18.056,4.132,12.56,1.693,7.522,37.22,1.425,47.9,3.006,18.73,12.2,2.75,6.076,0.265,45.6,13.534,20.69,33.26,4.687,97.66,4.429
2023-08-03,14.635,30.45,11.845,28.0,22.24,2.546,4.949,8.43,49.67,17.892,4.016,12.55,1.663,7.284,36.59,1.41,46.58,2.883,18.705,12.14,2.714,6.006,0.255,44.58,13.666,20.66,33.28,4.583,97.8,4.327
2023-08-04,14.96,30.36,11.835,27.7,22.33,2.543,4.96,8.434,47.32,17.858,3.993,12.91,1.658,7.224,36.07,1.417,45.42,2.836,18.735,12.135,2.658,5.943,0.251,43.51,13.724,20.73,33.26,4.58,95.2,4.298
2023-08-07,14.875,29.89,11.885,28.06,22.625,2.56,4.997,8.416,45.81,17.804,3.954,13.31,1.645,7.214,35.83,1.396,44.965,2.843,18.79,12.015,2.596,5.932,0.249,43.32,13.678,20.67,33.14,4.547,95.06,4.401
2023-08-08,14.935,30.34,11.59,28.06,21.28,2.338,5.032,7.914,45.19,17.554,3.915,13.345,1.676,7.256,35.7,1.362,44.4,2.532,18.66,12.025,2.646,5.923,0.255,44.4,13.626,20.77,32.1,4.582,94.0,4.001
2023-08-09,15.41,30.01,11.71,28.18,22.21,2.392,5.13,8.126,46.12,17.396,3.939,13.32,1.693,7.296,35.6,1.393,44.155,2.588,18.445,12.02,2.666,6.007,0.269,44.95,14.068,20.81,32.53,4.621,94.8,4.219
2023-08-10,15.425,30.11,11.74,28.38,22.35,2.438,5.164,8.26,45.86,17.45,3.931,13.345,1.712,7.394,35.66,1.4,44.485,2.587,18.38,12.135,2.692,6.096,0.276,45.46,14.126,20.98,32.71,4.663,94.88,4.343
2023-08-11,15.38,29.89,11.715,28.0,22.15,2.44,5.104,8.228,45.25,16.85,3.9,13.185,1.7,7.344,35.38,1.492,43.13,2.643,18.465,12.04,2.674,6.006,0.276,45.0,14.048,20.83,32.48,4.605,91.5,4.322
2023-08-14,15.385,30.11,11.825,27.86,22.32,2.445,5.19,8.35,46.23,16.898,3.865,13.085,1.72,7.368,36.0,1.52,43.55,2.713,18.64,12.115,2.672,6.054,0.282,45.45,14.014,21.01,32.85,4.602,91.28,4.382
2023-08-15,15.385,30.11,11.825,27.86,22.32,2.445,5.19,8.35,46.23,16.898,3.865,13.085,1.72,7.368,36.0,1.52,43.55,2.713,18.64,12.115,2.672,6.054,0.282,45.45,14.014,21.01,32.85,4.602,91.28,4.382
2023-08-16,15.36,30.34,11.76,27.96,21.875,2.429,5.196,8.258,45.8,16.668,3.876,12.87,1.703,7.262,35.67,1.465,43.095,2.723,18.55,11.9,2.622,5.953,0.279,45.36,13.93,20.96,32.76,4.555,90.28,4.385
2023-08-17,15.295,29.76,11.66,27.84,21.78,2.42,5.174,8.158,44.58,16.476,3.83,12.815,1.672,7.196,34.97,1.471,42.3,2.684,18.465,11.66,2.578,5.884,0.278,44.81,13.974,20.65,32.45,4.519,89.22,4.376
2023-08-18,15.275,29.23,11.63,28.06,21.58,2.411,5.11,8.086,44.07,16.354,3.814,12.83,1.678,7.23,34.54,1.436,42.13,2.685,18.405,11.61,2.61,5.924,0.277,44.65,14.034,20.37,32.02,4.532,89.8,4.349
2023-08-21,15.38,29.38,11.7,27.38,21.89,2.439,5.184,8.106,43.89,16.644,3.811,12.93,1.67,7.228,34.54,1.507,42.565,2.762,18.43,11.685,2.606,5.924,0.278,44.68,14.09,20.39,32.35,4.537,89.44,4.393
2023-08-22,15.25,29.78,11.875,28.02,22.02,2.46,5.212,8.16,44.63,16.716,3.83,12.905,1.697,7.27,35.92,1.503,43.615,2.75,18.5,11.6,2.632,5.989,0.276,45.28,14.114,20.56,32.55,4.512,91.92,4.372
2023-08-23,15.1,30.01,11.855,28.24,21.92,2.455,4.998,8.14,45.02,16.734,3.845,13.075,1.724,7.426,36.33,1.496,43.6,2.746,18.55,11.78,2.7,6.063,0.277,45.76,14.074,20.65,32.64,4.616,92.88,4.34
2023-08-24,15.06,29.98,11.82,27.98,21.455,2.448,4.996,8.132,44.52,16.546,3.807,13.0,1.725,7.448,36.12,1.475,42.485,2.717,18.515,11.8,2.728,6.074,0.275,45.56,14.128,20.67,32.7,4.614,93.18,4.34
2023-08-25,14.975,29.87,11.805,27.82,21.75,2.45,5.01,8.216,44.68,16.72,3.822,12.955,1.738,7.496,36.4,1.485,42.43,2.717,18.61,11.9,2.748,6.109,0.275,45.84,14.154,20.73,32.99,4.673,93.02,4.34
2023-08-28,15.155,30.21,11.94,28.08,22.17,2.477,5.032,8.32,45.83,16.932,3.876,13.07,1.741,7.5,37.63,1.518,43.18,2.778,18.77,11.96,2.76,6.13,0.284,46.19,14.298,20.98,33.26,4.684,94.74,4.403
2023-08-29,15.29,30.46,12.105,27.98,22.6,2.493,5.106,8.37,46.53,17.22,3.908,13.11,1.763,7.586,38.05,1.543,44.105,2.801,19.05,12.13,2.79,6.207,0.284,46.89,14.356,21.15,33.65,4.729,95.08,4.415
2023-08-30,15.255,30.27,12.14,27.52,22.7,2.502,5.118,8.39,46.76,17.166,3.923,13.25,1.75,7.592,37.88,1.574,43.655,2.828,19.175,12.225,2.778,6.185,0.286,46.47,14.368,21.25,33.44,4.739,95.54,4.451
2023-08-31,14.76,30.04,12.07,27.62,22.565,2.472,5.144,8.44,46.75,17.176,3.97,13.315,1.77,7.62,37.79,1.491,43.665,2.788,19.13,12.07,2.796,6.21,0.287,46.38,14.284,21.38,33.71,4.764,97.56,4.416
2023-09-01,14.905,29.48,12.075,27.58,22.345,2.46,5.136,8.414,46.75,16.8,4.008,13.315,1.747,7.608,37.75,1.501,43.525,2.772,19.05,11.995,2.786,6.156,0.294,45.79,14.538,21.38,33.58,4.771,96.76,4.374
2023-09-04,14.84,29.36,12.08,27.68,22.43,2.454,5.106,8.44,47.02,16.816,3.923,13.375,1.734,7.58,37.31,1.467,43.49,2.741,19.01,12.075,2.772,6.149,0.305,45.57,14.602,21.35,33.47,4.743,96.36,4.32
2023-09-05,15.07,29.53,12.17,27.42,22.035,2.447,5.09,8.44,46.92,16.906,3.985,13.66,1.734,7.596,37.48,1.505,43.47,2.72,18.91,12.12,2.756,6.133,0.305,45.26,14.834,21.31,33.5,4.777,95.0,4.276
2023-09-06,14.935,29.24,12.025,27.28,20.935,2.391,5.054,8.262,46.4,16.92,3.9,13.795,1.717,7.496,37.52,1.471,42.845,2.622,18.765,11.815,2.732,6.103,0.304,44.36,14.792,21.2,33.22,4.728,93.34,4.144
2023-09-07,14.76,28.82,12.145,27.58,20.71,2.385,5.074,8.234,45.68,16.952,3.876,13.86,1.747,7.702,37.69,1.473,41.105,2.586,19.02,11.75,2.82,6.209,0.31,45.01,14.74,21.03,33.16,4.819,93.5,4.06
2023-09-08,14.965,29.05,12.065,27.34,20.745,2.414,5.098,8.298,45.52,17.0,3.865,13.74,1.757,7.772,37.9,1.544,41.395,2.607,19.09,11.86,2.816,6.191,0.311,45.59,14.798,21.07,33.21,4.802,91.86,4.1
2023-09-11,15.045,28.89,12.165,26.88,21.1,2.48,5.138,8.4,45.46,17.376,3.892,13.86,1.77,7.778,38.42,1.62,41.085,2.679,19.35,11.86,2.862,6.21,0.313,45.22,15.052,21.16,33.58,4.79,92.84,4.179
2023-09-12,15.165,28.99,12.175,26.96,21.17,2.476,5.144,8.41,45.01,17.826,3.873,13.805,1.789,7.756,38.1,1.612,41.28,2.723,19.475,11.36,2.854,6.199,0.315,45.47,15.102,21.11,33.66,4.79,91.56,4.247
2023-09-13,15.05,29.27,12.16,26.68,21.2,2.463,5.18,8.388,44.0,17.768,3.865,13.81,1.824,7.68,37.84,1.594,41.335,2.768,19.495,11.31,2.87,6.126,0.314,45.64,15.122,21.03,33.67,4.743,91.68,4.267
2023-09-14,15.435,29.87,12.27,26.44,21.705,2.475,5.226,8.454,45.01,17.574,3.9,13.765,1.88,7.77,39.0,1.604,41.755,2.797,19.81,11.34,2.938,6.322,0.311,46.35,15.37,21.15,33.98,4.797,92.5,4.3
2023-09-15,15.43,28.98,12.21,25.96,21.685,2.469,5.226,8.454,45.18,17.906,3.865,13.98,1.895,7.778,39.16,1.607,41.33,2.812,19.825,11.38,2.926,6.285,0.314,46.82,15.336,21.13,33.67,4.818,92.12,4.3
2023-09-18,15.38,28.59,12.135,25.24,21.645,2.43,5.188,8.286,44.77,17.786,3.838,13.86,1.835,7.726,38.76,1.61,40.645,2.863,19.66,11.48,2.858,6.236,0.31,46.93,14.974,21.0,33.48,4.76,90.96,4.37
2023-09-19,15.16,28.73,12.3,26.4,22.055,2.441,5.226,8.326,44.44,18.052,3.814,14.08,1.842,7.71,38.68,1.62,40.435,2.913,19.925,11.495,2.886,6.225,0.32,46.98,15.3,21.19,33.77,4.783,86.42,4.478
2023-09-20,15.09,30.35,12.405,26.3,23.1,2.513,5.244,8.424,45.55,18.616,3.822,14.03,1.867,7.754,38.99,1.573,40.7,2.988,20.0,11.76,2.914,6.275,0.325,47.4,15.236,21.32,34.13,4.815,90.32,4.578
2023-09-21,14.67,30.44,12.305,25.88,23.665,2.493,5.216,8.238,43.61,18.162,3.776,13.75,1.794,7.5,37.54,1.51,40.37,2.984,19.84,11.48,2.774,6.087,0.319,44.9,15.016,21.0,33.63,4.711,87.28,4.657
2023-09-22,14.66,29.14,12.2,25.62,23.345,2.461,5.222,8.224,43.45,18.286,3.787,13.605,1.755,7.414,37.19,1.485,40.255,2.959,19.685,11.4,2.714,6.045,0.325,45.3,15.238,20.95,33.5,4.638,86.54,4.632
2023-09-25,14.71,28.0,12.255,25.86,23.115,2.46,5.196,8.238,43.22,18.068,3.76,13.625,1.735,7.3,36.91,1.462,40.345,2.961,19.505,11.215,2.686,5.975,0.314,44.79,15.218,20.87,33.47,4.557,86.0,4.724
2023-09-26,14.715,28.15,12.38,25.42,22.56,2.426,5.198,8.16,42.35,17.982,3.745,13.47,1.719,7.23,36.2,1.434,39.725,2.827,19.555,11.045,2.688,5.948,0.306,44.78,15.178,20.86,33.64,4.511,84.82,4.631
2023-09-27,15.085,28.13,12.425,25.56,22.595,2.423,5.106,8.184,42.71,17.858,3.671,13.675,1.668,7.122,36.4,1.456,39.81,2.795,19.355,10.88,2.606,5.851,0.302,44.03,15.372,20.94,33.52,4.451,84.8,4.555
2023-09-28,15.255,27.65,12.465,25.88,22.5,2.45,5.124,8.166,43.03,18.164,3.659,13.77,1.658,7.034,37.47,1.467,40.515,2.883,19.44,10.97,2.57,5.788,0.294,44.15,15.42,20.68,33.64,4.403,84.52,4.618
2023-09-29,14.985,28.12,12.53,25.92,22.73,2.44,5.122,8.102,43.49,18.21,3.652,13.66,1.686,7.128,38.15,1.445,40.985,2.897,19.365,11.165,2.59,5.82,0.296,44.71,15.256,20.68,33.51,4.449,86.42,4.535
2023-10-02,14.47,27.87,12.375,26.18,22.055,2.411,5.042,8.048,43.01,18.1,3.617,13.54,1.644,7.016,38.23,1.392,41.055,2.859,19.075,11.08,2.514,5.661,0.297,44.07,14.9,20.56,33.13,4.341,86.28,4.546
2023-10-03,14.575,28.12,12.29,25.82,21.675,2.386,5.02,8.0,42.33,17.806,3.57,13.48,1.633,6.986,36.26,1.387,40.375,2.818,18.99,11.15,2.478,5.517,0.292,43.74,14.728,20.28,32.54,4.327,85.54,4.527
2023-10-04,14.25,27.39,12.235,25.36,21.545,2.362,4.993,7.96,41.73,17.726,3.636,13.2,1.65,7.026,35.66,1.37,41.21,2.82,18.76,11.465,2.544,5.557,0.29,44.02,14.498,20.19,32.39,4.367,86.92,4.535
2023-10-05,14.41,27.32,12.14,25.34,21.835,2.364,5.028,8.004,41.86,17.822,3.594,13.08,1.658,7.088,37.17,1.426,41.005,2.83,18.605,11.52,2.562,5.554,0.282,44.69,14.44,20.38,32.61,4.415,87.38,4.6
2023-10-06,14.63,27.26,12.15,25.9,22.46,2.401,5.08,8.064,42.92,17.998,3.632,12.94,1.669,7.078,36.74,1.418,42.065,2.915,18.75,11.355,2.544,5.601,0.265,45.28,14.64,20.65,33.12,4.397,87.72,4.759
2023-10-09,15.205,26.15,12.06,25.64,22.14,2.376,5.062,7.92,41.78,17.998,3.601,13.56,1.68,7.156,36.67,1.444,41.57,2.779,18.57,11.27,2.546,5.604,0.261,44.64,14.972,20.37,32.72,4.446,85.82,4.624
2023-10-10,15.34,27.3,12.18,26.32,22.815,2.425,5.122,8.028,43.32,18.556,3.64,13.745,1.703,7.226,36.8,1.473,42.675,2.882,19.05,11.525,2.594,5.711,0.273,45.62,15.15,20.59,32.83,4.493,88.54,4.746
2023-10-11,15.285,27.14,12.19,26.08,22.95,2.443,5.196,8.04,43.25,18.938,3.683,13.95,1.711,7.274,36.93,1.496,42.385,2.962,19.045,11.235,2.606,5.781,0.272,45.26,15.086,20.65,33.12,4.52,85.5,4.748
2023-10-12,15.37,27.64,12.26,26.4,22.925,2.447,5.184,8.054,43.52,18.908,3.648,14.31,1.712,7.274,37.38,1.505,42.45,2.94,19.225,11.245,2.608,5.754,0.27,45.54,15.296,21.03,33.53,4.508,86.28,4.75
2023-10-13,15.765,27.74,12.11,26.16,22.425,2.406,5.156,7.916,42.38,18.83,3.594,13.96,1.721,7.238,35.51,1.533,41.15,2.96,19.09,10.865,2.594,5.723,0.274,45.26,15.498,20.37,32.03,4.478,83.5,4.752
2023-10-16,15.655,28.11,12.09,26.26,23.005,2.417,5.174,7.942,42.61,18.7,3.632,14.27,1.739,7.332,36.24,1.511,41.25,3.029,19.17,11.065,2.632,5.744,0.257,45.49,15.48,20.36,31.82,4.522,84.4,4.847
2023-10-17,15.875,27.34,11.84,26.38,23.02,2.428,5.214,7.93,42.15,18.894,3.648,14.395,1.733,7.3,35.58,1.528,40.65,3.058,19.15,10.98,2.626,5.742,0.267,44.83,15.532,20.29,31.77,4.513,84.2,4.911
2023-10-18,15.885,26.9,11.38,25.28,22.79,2.4,5.202,7.868,40.51,18.772,3.597,14.35,1.709,7.278,35.52,1.584,39.875,3.017,18.97,10.94,2.602,5.701,0.269,44.01,15.64,20.07,31.48,4.463,83.66,4.902
2023-10-19,15.625,27.08,11.23,25.36,22.505,2.375,5.162,7.804,40.6,18.086,3.574,14.0,1.69,7.24,35.11,1.544,38.95,2.94,18.58,10.935,2.588,5.682,0.267,44.62,15.452,19.85,30.95,4.425,82.22,4.759
2023-10-20,15.26,27.24,11.035,24.7,22.125,2.344,5.062,7.698,39.53,17.648,3.578,13.865,1.683,7.26,34.52,1.449,37.73,2.86,18.145,10.925,2.566,5.647,0.257,43.99,15.398,19.655,30.5,4.399,82.58,4.692
2023-10-23,15.395,27.06,11.16,25.0,22.69,2.374,5.106,7.724,40.22,18.022,3.597,13.675,1.697,7.206,34.81,1.428,37.82,2.981,18.255,10.96,2.542,5.691,0.25,44.03,15.436,19.535,30.69,4.367,83.68,4.74
2023-10-24,15.44,27.28,11.005,24.82,22.995,2.362,5.11,7.666,40.21,17.726,3.555,13.895,1.732,7.278,34.62,1.414,37.435,2.903,18.39,11.09,2.57,5.773,0.249,44.37,15.406,19.585,30.52,4.392,84.3,4.652
2023-10-25,15.34,27.29,11.01,24.5,22.495,2.356,5.088,7.594,39.88,17.778,3.551,14.055,1.73,7.27,33.84,1.411,37.125,2.929,18.38,11.06,2.532,5.752,0.239,43.97,15.42,19.325,30.18,4.392,82.78,4.696
2023-10-26,15.1,26.84,10.895,24.86,22.825,2.37,5.086,7.604,39.73,17.672,3.675,14.05,1.753,7.28,33.79,1.336,38.97,2.914,18.475,10.31,2.548,5.779,0.241,43.71,15.482,19.4,30.33,4.386,82.0,4.7
2023-10-27,14.805,25.76,10.68,24.18,23.08,2.378,5.018,7.598,39.1,17.318,3.702,13.85,1.747,7.17,33.78,1.388,37.515,2.927,18.41,10.17,2.54,5.755,0.241,43.42,15.51,19.415,30.44,4.307,82.4,4.683
2023-10-30,14.945,25.38,11.05,25.08,23.49,2.401,5.074,7.646,38.79,17.04,3.915,14.175,1.758,7.252,34.33,1.432,35.255,2.96,18.545,10.385,2.578,5.886,0.242,43.23,15.364,19.57,30.45,4.301,82.08,4.723
2023-10-31,14.945,26.64,11.27,25.0,23.625,2.457,5.112,7.706,39.4,17.6,3.908,14.235,1.771,7.226,35.29,1.436,35.97,3.069,18.745,10.43,2.654,5.988,0.244,43.6,15.428,19.88,30.62,4.33,84.5,4.823
2023-11-01,15.11,26.5,11.35,25.88,23.915,2.491,5.144,7.744,39.31,17.942,3.939,14.465,1.797,7.32,34.9,1.449,36.145,3.138,18.915,10.37,2.696,6.033,0.253,44.13,15.48,19.87,30.73,4.372,85.92,4.886
2023-11-02,16.36,27.53,11.41,26.18,23.5,2.524,5.166,7.898,40.23,18.336,4.07,14.42,1.793,7.326,35.7,1.487,37.74,3.141,19.045,10.68,2.774,6.114,0.259,44.3,15.704,20.15,31.27,4.413,88.42,4.866
2023-11-03,16.318,27.7,11.495,26.04,23.43,2.563,5.158,8.056,41.07,18.696,4.194,14.34,1.791,7.358,35.81,1.475,38.435,3.155,19.015,10.785,2.756,6.16,0.26,43.95,15.366,20.47,31.69,4.389,90.24,4.872
2023-11-06,16.706,27.76,11.5,25.66,23.435,2.566,5.106,7.962,40.86,18.326,4.039,14.205,1.789,7.368,36.09,1.466,38.09,3.193,18.89,10.735,2.72,6.146,0.251,44.1,15.404,20.46,31.37,4.395,86.8,4.904
2023-11-07,16.19,27.64,11.515,25.68,23.56,2.564,5.132,7.99,40.9,18.086,4.024,14.15,1.786,7.408,35.16,1.436,38.31,3.168,18.825,10.93,2.732,6.119,0.249,45.01,15.012,20.48,31.37,4.407,87.58,4.864
2023-11-08,15.686,27.57,11.47,26.14,23.76,2.569,5.108,8.01,41.24,18.312,4.024,14.18,1.763,7.392,34.97,1.401,38.295,3.135,18.85,10.9,2.702,6.088,0.251,43.8,14.826,20.59,31.54,4.378,88.9,4.927
2023-11-09,15.974,27.55,11.525,26.0,23.94,2.578,5.222,8.2,41.97,18.126,4.101,14.205,1.775,7.396,35.6,1.415,38.565,3.282,18.965,10.96,2.664,6.156,0.253,44.76,14.936,21.27,32.0,4.423,88.38,5.07
2023-11-10,16.09,27.1,11.54,26.46,23.865,2.566,5.238,8.18,41.75,17.982,3.993,14.87,1.776,7.342,34.84,1.39,38.63,3.294,19.105,10.54,2.656,6.129,0.252,44.26,14.998,20.85,31.79,4.348,84.82,5.086
2023-11-13,16.325,26.96,11.7,26.48,24.645,2.602,5.398,8.386,42.52,18.314,4.063,14.83,1.791,7.31,35.0,1.459,38.675,3.529,19.395,10.48,2.674,6.184,0.261,44.91,15.232,21.33,32.4,4.333,85.14,5.32
2023-11-14,16.1,28.24,11.895,27.0,24.695,2.629,5.342,8.54,43.94,18.672,4.156,14.395,1.862,7.48,35.97,1.447,40.145,3.507,19.6,10.6,2.784,6.275,0.263,45.85,15.25,21.59,33.17,4.481,91.0,5.288
2023-11-15,16.12,27.4,11.805,26.68,24.685,2.645,5.362,8.52,44.14,18.878,4.117,14.355,1.885,7.43,35.51,1.48,42.3,3.562,19.655,10.52,2.796,6.249,0.263,44.98,15.19,21.8,33.23,4.437,89.42,5.322
2023-11-16,15.475,27.0,11.71,26.88,24.76,2.647,5.302,8.392,43.15,18.498,4.117,14.38,1.933,7.488,35.1,1.415,41.78,3.463,19.585,10.255,2.834,6.302,0.26,44.54,14.86,21.59,32.79,4.442,86.36,5.25
2023-11-17,15.665,27.52,11.765,27.14,25.035,2.684,5.346,8.418,42.24,18.47,4.109,14.655,1.931,7.52,35.76,1.459,41.91,3.484,19.46,10.275,2.84,6.405,0.259,45.18,15.012,21.94,32.86,4.498,88.76,5.274
2023-11-20,15.73,28.17,10.88,26.96,25.21,2.562,5.346,8.254,42.85,18.894,4.132,14.92,1.934,7.464,36.3,1.493,42.21,3.541,19.23,10.3,2.856,6.49,0.262,44.62,15.008,22.27,33.3,4.54,88.48,5.324
2023-11-21,15.54,27.92,10.75,27.68,24.815,2.526,5.302,8.216,41.83,18.556,4.109,14.665,1.933,7.482,35.75,1.442,41.405,3.404,19.035,10.25,2.84,6.416,0.253,44.88,14.934,22.11,32.61,4.505,87.94,5.11
2023-11-22,15.33,28.34,10.855,27.54,24.725,2.541,5.28,8.184,42.5,18.564,4.109,14.39,1.922,7.38,35.98,1.432,41.74,3.373,18.895,10.51,2.842,6.391,0.256,44.39,14.724,22.04,32.57,4.478,88.8,5.078
2023-11-23,15.42,28.26,10.845,27.3,25.07,2.559,5.302,8.14,42.39,18.672,4.07,14.51,1.93,7.376,35.43,1.447,41.595,3.416,18.905,10.405,2.834,6.382,0.256,44.55,14.936,21.98,32.24,4.544,88.52,5.1
2023-11-24,15.565,28.42,10.84,27.26,25.12,2.599,5.33,8.192,42.52,18.798,4.125,14.52,1.955,7.378,35.62,1.455,41.805,3.417,19.07,10.43,2.846,6.414,0.26,44.61,15.068,22.1,32.65,4.575,88.08,5.094
2023-11-27,15.46,28.61,10.77,27.22,24.795,2.6,5.314,8.094,41.94,18.748,4.109,14.01,1.967,7.388,34.94,1.441,41.61,3.39,19.04,10.405,2.886,6.432,0.267,44.42,15.03,22.0,32.53,4.56,87.6,5.048
2023-11-28,15.46,28.2,10.76,27.1,24.755,2.625,5.252,8.116,41.67,18.73,4.14,14.17,1.988,7.35,34.56,1.421,41.82,3.35,19.01,10.185,2.9,6.442,0.265,44.37,15.198,21.85,32.42,4.539,85.16,5.06
2023-11-29,15.335,28.24,10.73,26.54,25.325,2.647,5.244,8.136,42.53,19.714,4.094,14.125,1.965,7.408,35.27,1.423,43.05,3.458,18.97,9.936,2.906,6.433,0.263,44.32,15.108,22.16,32.52,4.559,86.16,5.09
2023-11-30,15.75,28.53,10.775,26.8,24.985,2.641,5.26,8.166,42.7,19.902,4.132,14.07,1.973,7.396,35.33,1.471,43.45,3.43,19.005,10.02,2.9,6.486,0.267,44.17,15.168,22.32,32.72,4.623,86.94,5.074
2023-12-01,16.085,28.15,10.805,26.9,25.18,2.666,5.292,8.22,42.92,20.105,4.148,14.335,1.967,7.432,36.5,1.507,43.74,3.464,18.955,10.015,2.908,6.507,0.267,44.19,15.25,22.29,32.84,4.654,86.58,5.168
2023-12-04,15.99,27.96,10.745,26.44,25.31,2.695,5.246,8.21,41.92,20.305,4.194,14.13,1.951,7.456,36.08,1.474,43.38,3.44,18.845,10.045,2.884,6.535,0.265,45.22,14.96,22.1,32.46,4.684,85.32,5.112
2023-12-05,15.885,27.69,10.67,26.94,25.265,2.684,5.26,8.2,42.1,20.465,4.225,13.905,1.957,7.498,36.78,1.495,44.06,3.422,18.94,10.09,2.902,6.55,0.264,45.9,15.09,22.11,32.63,4.688,87.34,5.1
2023-12-06,15.605,27.96,10.965,26.86,25.565,2.705,5.262,8.258,43.86,21.06,4.249,13.915,1.952,7.568,37.4,1.462,44.57,3.448,19.075,10.015,2.904,6.548,0.263,46.24,14.912,22.32,33.01,4.699,91.88,5.132
2023-12-07,15.605,27.61,11.05,26.7,25.03,2.678,5.248,8.232,44.14,20.915,4.233,13.58,1.956,7.626,37.37,1.401,43.84,3.354,19.115,9.968,2.91,6.542,0.263,45.66,14.77,22.41,33.03,4.673,91.02,4.93
2023-12-08,15.745,28.17,11.13,27.02,25.3,2.7,5.254,8.28,44.55,21.025,4.311,13.85,1.962,7.672,38.52,1.401,44.395,3.35,19.14,10.06,2.968,6.566,0.266,46.7,15.01,22.5,33.24,4.696,90.24,4.989
2023-12-11,15.51,28.74,11.095,26.72,25.3,2.691,5.262,8.378,45.06,21.01,4.256,13.815,1.949,7.55,38.8,1.406,44.51,3.381,19.145,10.165,2.934,6.517,0.263,46.65,14.984,22.64,33.66,4.681,89.74,5.028
2023-12-12,15.255,29.45,11.15,27.24,25.04,2.682,5.242,8.456,44.77,20.97,4.225,13.84,1.914,7.554,38.87,1.371,44.535,3.339,19.235,10.09,2.916,6.55,0.259,47.22,14.804,22.94,33.79,4.655,89.02,5.09
2023-12-13,15.355,30.45,11.085,27.32,24.98,2.681,5.216,8.422,44.98,20.91,4.225,14.43,1.945,7.62,38.32,1.377,44.255,3.326,19.215,10.085,2.958,6.612,0.249,47.01,14.75,22.81,33.55,4.676,88.44,5.008
2023-12-14,15.64,31.64,11.15,27.66,23.85,2.622,5.188,8.542,46.97,21.26,4.225,14.435,1.974,7.704,39.07,1.416,45.59,3.13,19.035,10.305,3.03,6.722,0.263,47.33,14.848,23.32,33.92,4.703,97.28,4.817
2023-12-15,15.64,31.68,11.125,27.64,23.685,2.635,5.206,8.618,46.73,21.545,4.194,14.78,1.939,7.652,39.49,1.413,46.84,3.061,19.095,10.01,3.018,6.67,0.269,47.88,14.814,23.64,33.95,4.669,91.9,4.734
2023-12-18,15.815,31.15,11.12,27.46,24.12,2.625,5.142,8.53,46.29,21.515,4.14,14.56,1.903,7.582,39.84,1.421,45.49,3.067,19.09,10.1,2.98,6.663,0.281,47.87,14.992,23.51,33.87,4.674,90.12,4.778
2023-12-19,15.925,31.65,11.125,27.6,24.33,2.652,5.142,8.506,46.69,21.285,4.171,14.705,1.91,7.588,40.65,1.434,45.815,3.066,19.19,10.15,3.024,6.7,0.28,47.99,15.026,23.57,33.72,4.654,91.32,4.814
2023-12-20,16.08,31.97,11.2,27.2,24.345,2.637,5.124,8.538,46.91,21.24,4.179,14.62,1.881,7.566,40.6,1.449,45.855,3.029,19.19,10.245,3.014,6.668,0.296,47.59,15.204,23.63,33.63,4.666,91.5,4.744
2023-12-21,15.97,31.81,11.135,27.46,24.34,2.63,5.114,8.464,46.84,21.245,4.218,14.685,1.862,7.606,40.69,1.444,45.53,3.021,19.085,10.185,2.994,6.674,0.301,48.13,15.2,23.65,33.51,4.645,92.66,4.711
2023-12-22,16.045,31.53,11.245,27.56,24.42,2.647,5.124,8.46,46.89,21.225,4.202,14.75,1.859,7.606,40.91,1.446,45.515,3.045,19.16,10.21,3.01,6.719,0.3,48.22,15.288,23.6,33.55,4.682,93.52,4.766
2023-12-25,16.045,31.53,11.245,27.56,24.42,2.647,5.124,8.46,46.89,21.225,4.202,14.75,1.859,7.606,40.91,1.446,45.515,3.045,19.16,10.21,3.01,6.719,0.3,48.22,15.288,23.6,33.55,4.682,93.52,4.766
2023-12-26,16.045,31.53,11.245,27.56,24.42,2.647,5.124,8.46,46.89,21.225,4.202,14.75,1.859,7.606,40.91,1.446,45.515,3.045,19.16,10.21,3.01,6.719,0.3,48.22,15.288,23.6,33.55,4.682,93.52,4.766
2023-12-27,16.045,31.42,11.215,27.68,24.45,2.657,5.16,8.528,47.03,21.23,4.28,14.875,1.85,7.562,41.24,1.487,45.68,3.049,19.245,10.26,2.982,6.721,0.301,48.33,15.436,23.65,33.66,4.663,93.16,4.793
2023-12-28,15.96,31.41,11.175,27.64,24.39,2.642,5.164,8.48,46.83,21.185,4.311,14.95,1.854,7.548,41.13,1.483,45.49,3.025,19.09,10.26,2.964,6.709,0.299,48.44,15.358,23.67,33.72,4.648,93.2,4.759
2023-12-29,15.745,31.34,11.205,27.54,24.565,2.644,5.162,8.534,46.87,21.15,4.326,14.935,1.859,7.554,41.17,1.47,45.21,3.026,19.105,10.215,2.972,6.73,0.294,48.83,15.348,23.64,33.64,4.655,93.24,4.781
2024-01-02,15.895,31.25,11.2,27.96,25.03,2.694,5.294,8.582,46.05,21.175,4.326,15.24,1.847,7.484,41.66,1.487,44.57,3.135,19.36,10.075,2.96,6.709,0.299,49.0,15.556,23.77,33.62,4.641,93.2,4.868
2024-01-03,15.8,30.57,11.115,27.16,24.85,2.692,5.26,8.576,45.36,20.45,4.233,15.445,1.842,7.462,40.4,1.489,43.01,3.117,19.34,9.946,2.906,6.626,0.29,48.02,15.438,23.64,33.47,4.593,89.98,4.869
2024-01-04,15.61,30.5,11.235,27.92,25.615,2.754,5.338,8.682,45.52,20.425,4.303,16.33,1.884,7.686,40.31,1.537,41.35,3.215,19.76,10.05,2.962,6.724,0.292,48.52,15.52,23.89,33.82,4.709,88.72,5.066
2024-01-05,15.555,30.56,11.32,28.12,25.79,2.787,5.366,8.658,45.75,20.51,4.28,16.205,1.888,7.678,40.74,1.567,41.01,3.278,19.74,9.948,2.968,6.691,0.293,47.82,15.54,23.89,33.85,4.723,89.4,5.154
2024-01-08,15.23,31.6,11.35,28.76,25.99,2.796,5.448,8.82,46.11,20.67,4.241,16.37,1.908,7.672,40.65,1.507,41.27,3.279,19.795,9.922,2.984,6.709,0.291,48.2,15.08,24.2,34.3,4.76,90.58,5.12
2024-01-09,15.0,31.65,11.285,29.32,25.555,2.757,5.42,8.826,46.05,20.555,4.233,16.46,1.913,7.708,40.9,1.472,40.69,3.153,19.68,9.926,3.006,6.699,0.29,48.92,14.924,24.39,33.84,4.821,90.94,4.871
2024-01-10,14.77,31.4,11.235,29.58,25.865,2.749,5.37,8.844,46.42,20.78,4.194,16.635,1.918,7.564,40.41,1.445,40.3,3.167,19.735,9.278,3.04,6.737,0.286,49.1,14.884,24.79,33.98,4.783,90.38,4.877
2024-01-11,14.705,31.62,11.2,29.7,25.615,2.727,5.326,8.742,46.18,20.61,4.063,16.96,1.862,7.472,39.81,1.408,39.925,3.106,19.72,9.326,2.966,6.672,0.284,49.22,14.812,24.07,33.54,4.751,89.64,4.795
2024-01-12,14.725,32.0,11.28,29.62,25.655,2.727,5.338,8.894,47.09,20.455,4.419,17.275,1.89,7.74,41.18,1.447,39.72,3.184,19.7,9.32,3.04,6.79,0.284,50.96,15.042,24.54,34.15,4.849,89.24,4.797
2024-01-15,14.565,31.48,11.27,29.38,25.6,2.723,5.362,9.102,46.37,20.135,4.396,17.04,1.855,7.782,40.84,1.416,39.645,3.175,19.8,9.176,3.03,6.807,0.282,49.99,14.996,24.73,34.41,4.893,88.0,4.746
2024-01-16,14.49,30.5,11.54,29.58,25.805,2.716,5.37,9.176,45.47,19.916,4.264,17.095,1.832,7.848,40.75,1.441,39.84,3.16,20.06,9.25,3.026,6.75,0.283,50.26,14.932,24.9,34.68,4.87,87.2,4.732
2024-01-17,14.495,30.76,11.835,29.24,25.895,2.728,5.408,9.174,45.33,19.638,4.125,17.05,1.809,7.762,40.15,1.44,38.875,3.191,20.14,9.234,2.97,6.636,0.286,50.5,14.652,25.0,34.8,4.776,86.06,4.798
2024-01-18,14.51,29.76,11.92,29.0,26.6,2.75,5.416,9.174,46.32,19.838,4.109,16.88,1.805,7.742,40.7,1.434,40.31,3.304,20.42,9.066,2.97,6.622,0.282,49.79,14.608,25.09,34.76,4.754,85.54,4.86
2024-01-19,14.43,29.32,12.015,29.06,26.44,2.756,5.452,9.298,45.41,19.67,3.985,16.44,1.824,7.754,40.13,1.426,40.52,3.324,20.33,9.012,2.976,6.662,0.283,49.76,14.45,25.06,34.78,4.734,84.92,4.9
2024-01-22,14.705,29.62,11.98,29.82,26.55,2.768,5.568,9.372,45.71,19.7,3.977,16.5,1.803,7.78,40.54,1.437,41.565,3.302,20.47,8.97,2.956,6.383,0.287,49.57,14.34,25.44,35.01,4.653,84.4,4.9
2024-01-23,14.79,29.69,11.94,29.54,26.485,2.772,5.548,9.362,45.69,19.566,3.939,16.135,1.755,7.738,40.07,1.478,42.33,3.29,20.39,9.19,2.872,6.334,0.29,49.72,14.358,25.32,35.2,4.607,85.34,4.874
2024-01-24,14.98,29.88,12.09,29.98,26.995,2.835,5.612,9.478,46.24,19.564,3.939,16.36,1.771,7.704,40.78,1.522,42.615,3.349,20.41,9.02,2.962,6.316,0.284,49.94,14.49,25.63,35.49,4.627,84.48,4.959
2024-01-25,14.975,29.85,12.07,30.68,26.52,2.808,5.63,9.54,46.65,19.422,3.826,16.4,1.789,7.674,40.55,1.518,42.41,3.266,20.35,8.98,3.1,6.296,0.282,49.98,14.566,25.57,35.53,4.496,84.64,4.86
2024-01-26,15.06,30.64,12.11,30.94,26.69,2.811,5.666,9.524,47.36,19.524,3.908,16.125,1.788,7.746,41.04,1.508,41.28,3.244,20.43,9.47,3.236,6.271,0.286,50.9,14.756,25.89,35.7,4.514,86.44,4.823
2024-01-29,14.985,30.08,12.125,31.42,26.675,2.782,5.598,9.352,46.19,19.474,3.78,16.2,1.788,7.628,40.2,1.518,40.945,3.229,20.52,9.25,3.224,6.223,0.279,50.64,14.92,25.47,34.85,4.448,86.4,4.787
2024-01-30,14.685,30.1,12.27,31.28,27.035,2.877,5.704,9.464,46.29,20.22,3.799,16.235,1.826,7.704,40.93,1.324,41.1,3.32,20.55,9.4,3.212,6.256,0.273,50.8,14.924,25.72,35.38,4.471,85.9,4.935
2024-01-31,14.715,30.37,12.3,31.52,27.16,2.863,5.76,9.494,46.04,20.495,3.803,16.205,1.84,7.828,40.99,1.334,40.905,3.355,20.69,9.41,3.27,6.341,0.279,51.3,14.814,25.9,35.4,4.529,85.54,5.01
2024-02-01,14.77,29.76,12.085,31.18,26.505,2.803,5.686,9.424,47.27,20.77,3.776,16.015,1.789,7.724,41.11,1.337,40.495,3.328,20.48,9.388,3.166,6.204,0.278,50.96,14.798,25.8,35.19,4.514,85.02,4.945
2024-02-02,15.02,29.74,12.155,30.98,26.665,2.8,5.726,9.432,47.76,21.25,3.776,15.995,1.776,7.668,41.3,1.314,40.19,3.393,20.61,9.388,3.154,6.182,0.284,50.7,14.586,25.99,35.51,4.49,84.46,5.018
2024-02-05,14.53,29.98,12.085,31.04,28.825,2.865,5.74,9.54,47.08,21.075,3.671,16.245,1.76,7.63,40.91,1.288,41.205,3.476,20.61,9.546,3.11,6.127,0.272,50.82,14.374,25.83,35.5,4.43,84.96,5.03
2024-02-06,14.8,31.18,11.975,31.52,28.77,2.902,5.8,9.574,43.82,21.45,3.764,16.85,1.741,7.58,41.73,1.301,40.94,3.502,20.62,9.656,3.138,6.076,0.272,51.1,14.602,26.29,35.84,4.386,85.22,5.022
2024-02-07,14.57,31.23,11.895,31.8,28.665,2.84,5.766,9.558,42.63,21.675,3.725,16.665,1.722,7.504,41.77,1.26,40.425,3.538,20.54,9.644,3.158,6.03,0.268,50.44,14.37,26.2,35.8,4.348,87.0,5.044
2024-02-08,14.745,31.42,11.84,31.5,28.815,2.817,5.77,9.698,42.23,22.135,3.749,16.46,1.704,7.416,41.73,1.262,41.855,3.53,20.59,9.81,3.132,5.953,0.265,50.46,14.366,26.13,34.89,4.319,86.1,5.086
2024-02-09,14.705,31.5,11.635,31.2,29.055,2.786,5.758,9.814,42.98,22.465,3.733,17.01,1.66,7.308,42.03,1.259,42.7,3.514,20.4,9.87,3.056,5.874,0.266,50.56,14.294,26.14,34.48,4.289,86.96,5.192
2024-02-12,14.91,31.39,11.59,31.6,29.57,2.823,5.792,9.898,43.74,22.64,3.706,17.205,1.658,7.404,41.93,1.333,43.205,3.553,20.55,9.92,3.098,5.917,0.274,50.7,14.438,26.53,34.56,4.358,87.78,5.308
2024-02-13,14.82,30.87,11.51,30.86,29.39,2.806,5.722,9.616,43.18,22.39,3.721,17.245,1.638,7.404,41.17,1.355,41.65,3.57,20.55,9.79,3.134,5.883,0.27,50.38,14.47,25.99,33.59,4.361,86.76,5.102
2024-02-14,14.74,31.14,11.485,30.36,29.765,2.816,5.744,9.826,45.48,22.575,3.733,18.29,1.635,7.372,41.0,1.347,41.715,3.53,20.54,9.744,3.14,5.914,0.275,50.48,14.502,26.33,33.66,4.348,86.78,5.106
2024-02-15,14.96,31.61,11.665,30.6,29.63,2.829,5.744,9.746,43.74,23.87,3.756,18.58,1.665,7.42,42.93,1.371,42.16,3.476,20.71,9.95,3.166,5.925,0.276,50.7,14.604,26.32,33.91,4.388,89.38,4.949
2024-02-16,15.085,31.86,11.695,30.62,29.79,2.825,6.952,9.756,43.94,23.775,3.826,18.77,1.657,7.354,43.7,1.375,42.56,3.524,20.87,9.972,3.138,5.874,0.278,51.02,14.154,26.58,34.3,4.383,90.26,4.916
2024-02-19,14.925,31.48,11.78,31.2,29.81,2.839,7.0,9.696,44.0,23.615,3.845,19.19,1.677,7.456,43.24,1.39,41.725,3.516,20.8,9.82,3.17,5.861,0.294,51.24,14.17,26.24,33.77,4.428,89.44,4.92
2024-02-20,14.77,31.47,11.85,31.84,29.95,2.849,7.148,9.666,43.65,23.4,3.884,19.15,1.702,7.538,43.63,1.367,40.935,3.434,20.93,9.818,3.224,5.903,0.287,52.12,14.132,26.23,33.17,4.476,92.46,4.933
2024-02-21,15.025,31.46,12.35,32.2,30.445,2.885,7.25,9.72,44.42,23.54,3.876,19.03,1.702,7.54,44.08,1.381,40.98,3.569,21.19,9.872,3.24,5.957,0.285,52.08,14.302,26.33,33.56,4.453,92.92,4.98
2024-02-22,16.12,32.5,12.3,32.08,30.46,2.897,7.346,9.76,44.7,24.23,3.873,19.08,1.691,7.4,44.64,1.406,42.24,3.61,21.44,9.97,3.232,5.933,0.285,51.68,14.23,26.44,34.4,4.4,93.14,5.184
2024-02-23,16.42,32.28,12.945,31.62,31.01,2.939,7.41,9.884,44.48,24.61,3.826,19.0,1.689,7.4,45.23,1.401,41.53,3.688,22.14,9.77,3.234,5.958,0.285,52.88,14.256,26.6,35.34,4.368,92.64,5.464
2024-02-26,16.575,32.04,12.805,31.54,30.825,2.954,7.432,9.952,44.89,24.305,3.838,19.98,1.666,7.32,44.29,1.432,41.34,3.801,22.14,9.556,3.174,5.876,0.284,51.66,14.252,26.6,34.98,4.32,95.6,5.53
2024-02-27,16.685,31.93,12.7,31.42,30.765,2.953,7.434,9.94,44.57,24.245,3.861,19.51,1.674,7.342,44.3,1.493,43.055,3.75,21.92,9.836,3.202,5.94,0.286,50.98,14.38,26.43,34.56,4.358,95.66,5.44
2024-02-28,16.585,31.24,12.62,31.2,31.0,2.95,7.466,9.92,44.58,24.365,3.807,19.64,1.684,7.254,44.89,1.484,41.675,3.709,21.89,9.504,3.19,5.853,0.286,50.72,14.356,26.42,34.33,4.303,94.56,5.392
2024-02-29,16.42,30.89,12.595,31.24,30.91,2.938,7.432,9.954,43.86,24.135,3.772,19.755,1.68,7.244,46.05,1.681,41.74,3.706,21.92,9.372,3.196,5.883,0.278,51.76,14.248,26.52,34.16,4.321,93.38,5.374
2024-03-01,16.475,31.39,12.61,31.02,30.995,3.004,7.458,9.934,44.05,24.435,3.826,20.24,1.67,7.262,46.01,1.821,43.28,3.755,21.95,9.474,3.222,5.892,0.284,51.96,14.328,26.53,34.36,4.37,92.48,5.454
2024-03-04,16.405,31.0,12.58,31.24,31.305,3.0,7.516,10.0,43.99,24.625,3.667,20.54,1.661,7.238,46.18,1.91,42.91,3.803,21.99,9.492,3.194,5.903,0.283,51.72,14.388,26.97,34.45,4.339,93.94,5.55
2024-03-05,16.99,30.66,12.69,31.04,31.41,3.06,7.52,10.055,43.42,24.73,3.683,20.71,1.724,7.362,46.35,1.979,42.415,3.828,22.17,9.42,3.28,6.038,0.279,51.72,14.508,27.2,34.69,4.425,93.04,5.572
2024-03-06,17.18,30.98,12.85,31.22,31.365,3.103,7.546,10.025,44.08,25.0,3.946,20.88,1.745,7.466,46.98,1.935,42.915,3.836,22.16,9.416,3.292,6.101,0.278,51.96,14.628,27.31,34.87,4.46,93.7,5.562
2024-03-07,17.26,32.8,12.795,32.36,31.37,3.087,7.546,9.91,44.03,25.18,3.954,20.77,1.737,7.484,46.97,1.972,44.41,3.788,22.07,9.466,3.314,6.139,0.212,52.58,14.632,25.7,34.99,4.476,95.26,5.502
2024-03-08,17.31,33.67,12.795,32.78,30.785,3.102,7.618,9.876,44.2,25.105,3.993,20.69,1.751,7.516,46.85,1.998,43.45,3.8,22.22,9.536,3.346,6.13,0.222,52.86,14.702,24.36,35.0,4.529,97.0,5.5
2024-03-11,17.3,32.96,12.81,33.08,31.03,3.071,7.63,9.762,43.74,25.295,4.458,19.85,1.688,7.552,45.89,1.977,43.565,3.881,22.3,9.578,3.334,6.156,0.212,52.74,14.558,24.1,34.94,4.519,94.66,5.522
2024-03-12,17.545,33.81,12.945,33.7,31.74,3.142,7.568,9.928,43.78,25.765,4.543,20.01,1.684,7.502,46.93,1.998,44.32,3.999,22.42,9.566,3.338,6.151,0.211,53.08,14.692,24.34,35.74,4.488,96.8,5.614
2024-03-13,17.71,33.63,12.995,33.88,32.15,3.183,7.542,9.98,44.16,25.435,4.559,20.7,1.64,7.51,47.38,1.979,43.46,3.975,22.64,9.65,3.334,6.209,0.212,52.86,14.978,25.07,35.42,4.49,95.84,5.65
2024-03-14,17.87,32.95,12.915,34.08,32.205,3.171,7.594,9.952,44.07,25.37,4.605,21.36,1.642,7.52,48.1,2.068,42.885,3.964,22.66,9.648,3.348,6.129,0.22,52.78,14.522,24.92,35.43,4.481,95.64,5.614
2024-03-15,17.74,32.39,13.1,34.5,32.9,3.227,7.61,10.15,44.06,26.03,4.776,21.28,1.672,7.474,47.61,2.105,41.42,4.019,22.73,9.554,3.374,6.131,0.218,52.84,14.506,25.01,36.09,4.362,91.72,5.698
2024-03-18,17.68,31.72,13.1,34.44,33.17,3.229,7.534,10.035,43.46,26.15,4.815,21.76,1.651,7.58,47.96,2.112,41.235,4.099,22.75,9.45,3.31,6.074,0.219,51.86,14.216,24.83,36.14,4.329,93.48,5.802
2024-03-19,17.955,32.28,13.275,35.0,33.87,3.276,7.636,10.26,43.84,26.61,4.846,22.11,1.648,7.572,48.72,2.087,40.005,4.214,22.95,9.25,3.288,6.076,0.219,51.22,14.556,24.78,36.41,4.337,94.7,5.942
2024-03-20,17.99,32.37,13.255,35.82,33.91,3.271,7.636,10.3,43.57,26.66,5.21,22.22,1.641,7.844,49.41,2.109,39.93,4.255,22.98,9.254,3.28,6.103,0.223,50.86,14.326,24.57,36.52,4.37,91.82,5.992
2024-03-21,18.145,32.03,13.32,36.94,33.91,3.293,7.67,10.3,44.3,26.915,5.202,22.01,1.617,7.638,49.01,2.071,40.53,4.226,23.17,9.296,3.252,6.07,0.214,51.38,14.36,24.94,36.71,4.308,89.04,5.986
2024-03-22,18.26,31.85,13.4,37.2,33.595,3.295,7.688,10.31,44.13,26.935,5.179,22.36,1.635,7.724,49.39,2.025,39.97,4.231,23.2,9.21,3.29,6.081,0.215,52.36,14.354,24.78,36.71,4.362,88.18,6.028
2024-03-25,18.285,33.15,13.565,37.52,34.08,3.322,7.714,10.35,44.19,27.155,5.171,22.97,1.638,7.778,49.78,2.148,39.88,4.322,23.46,9.126,3.32,6.067,0.224,52.0,14.554,24.92,36.93,4.41,87.7,6.122
2024-03-26,18.31,34.02,13.625,37.56,34.52,3.345,7.702,10.33,44.65,26.58,5.171,23.04,1.633,7.73,49.72,2.248,39.855,4.444,23.54,9.236,3.272,6.084,0.228,51.4,14.55,24.8,36.99,4.388,87.7,6.186
2024-03-27,18.4,34.05,13.785,37.82,34.42,3.348,7.714,10.25,44.64,26.685,5.226,22.96,1.67,7.726,48.68,2.194,40.45,4.34,23.67,9.238,3.288,6.168,0.225,51.74,14.57,25.13,36.94,4.413,88.9,6.126
2024-03-28,18.315,33.8,13.81,36.4,35.175,3.363,7.766,10.18,45.19,26.345,5.272,23.28,1.673,7.66,48.39,2.262,39.935,4.38,23.46,9.314,3.266,6.119,0.225,51.24,14.648,25.18,36.82,4.376,89.5,6.168
2024-03-29,18.315,33.8,13.81,36.4,35.175,3.363,7.766,10.18,45.19,26.345,5.272,23.28,1.673,7.66,48.39,2.262,39.935,4.38,23.46,9.314,3.266,6.119,0.225,51.24,14.648,25.18,36.82,4.376,89.5,6.168
2024-04-01,18.315,33.8,13.81,36.4,35.175,3.363,7.766,10.18,45.19,26.345,5.272,23.28,1.673,7.66,48.39,2.262,39.935,4.38,23.46,9.314,3.266,6.119,0.225,51.24,14.648,25.18,36.82,4.376,89.5,6.168
2024-04-02,18.26,33.26,13.675,35.08,35.15,3.348,7.86,10.04,43.56,25.48,5.505,22.98,1.649,7.686,47.92,2.304,38.945,4.37,23.42,9.174,3.218,5.988,0.221,50.75,15.03,24.0,36.06,4.376,86.18,6.234
2024-04-03,18.6,33.03,13.82,35.0,35.65,3.403,8.045,10.15,42.98,25.015,5.947,23.29,1.641,7.666,48.06,2.292,39.315,4.474,23.42,9.06,3.162,5.99,0.233,50.55,15.176,24.21,36.44,4.432,85.5,6.362
2024-04-04,18.64,32.69,13.81,35.4,35.45,3.385,8.02,10.27,42.56,25.05,5.815,23.08,1.651,7.716,48.25,2.253,39.435,4.441,23.16,9.192,3.178,6.046,0.228,49.82,15.348,24.9,36.48,4.427,83.92,6.332
2024-04-05,18.445,31.9,13.695,34.88,34.9,3.329,7.945,10.22,42.06,24.6,5.667,23.27,1.617,7.514,48.24,2.233,38.52,4.393,22.94,9.092,3.12,5.907,0.226,48.7,15.508,24.4,36.38,4.252,83.3,6.26
2024-04-08,18.585,32.51,13.705,34.7,35.385,3.356,8.085,10.25,44.08,24.895,5.83,23.7,1.65,7.568,49.15,2.254,39.09,4.445,23.12,9.03,3.146,5.899,0.232,49.92,15.514,24.78,36.56,4.247,85.76,6.298
2024-04-09,18.325,31.72,13.6,33.94,34.52,3.312,7.91,10.13,43.9,25.075,6.055,21.58,1.652,7.57,48.33,2.255,39.595,4.371,22.79,9.09,3.134,5.825,0.236,49.56,15.446,24.36,36.22,4.235,88.78,6.236
2024-04-10,18.5,30.44,13.65,34.18,34.95,3.35,7.98,10.27,44.52,25.23,6.032,21.63,1.629,7.504,48.52,2.311,39.43,4.449,22.82,9.05,3.134,5.699,0.234,50.0,15.376,24.45,36.14,4.221,86.8,6.384
2024-04-11,18.355,30.37,13.565,34.52,33.97,3.282,7.87,10.01,44.44,25.21,5.892,21.71,1.646,7.384,48.2,2.324,39.42,4.276,22.65,8.972,3.144,5.707,0.23,49.1,15.318,24.28,35.72,4.197,87.5,6.158
2024-04-12,18.425,31.41,13.575,34.6,34.045,3.29,7.94,10.02,41.94,24.385,5.97,22.12,1.688,7.48,48.52,2.415,39.005,4.274,22.76,8.898,3.166,5.873,0.228,49.42,15.73,24.2,35.48,4.288,86.7,6.084
2024-04-15,18.145,30.84,13.675,34.72,34.35,3.326,8.055,10.09,42.3,24.995,6.024,22.63,1.685,7.376,50.7,2.397,38.815,4.268,22.66,8.932,3.164,5.848,0.226,49.98,15.534,24.38,35.44,4.255,87.54,6.156
2024-04-16,17.85,31.12,13.395,34.32,33.645,3.252,7.94,9.895,41.48,24.25,6.016,22.67,1.674,7.26,49.42,2.34,37.985,4.212,22.36,8.944,3.12,5.794,0.223,49.34,15.2,23.99,34.6,4.209,87.36,6.13
2024-04-17,17.945,30.83,13.445,34.24,34.385,3.299,8.0,9.99,41.1,24.27,5.993,22.29,1.69,7.268,48.68,2.332,38.035,4.329,22.47,9.15,3.132,5.786,0.223,48.94,15.33,24.13,34.82,4.222,90.56,6.25
2024-04-18,17.87,31.01,13.58,33.66,35.08,3.349,8.13,10.18,41.12,24.35,6.04,21.97,1.706,7.266,50.22,2.288,37.57,4.416,22.53,9.384,3.2,5.872,0.219,49.74,15.23,24.16,35.66,4.25,89.58,6.354
2024-04-19,17.7,31.34,13.495,32.92,35.275,3.377,8.24,10.17,40.76,24.23,5.962,21.68,1.73,7.426,50.4,2.24,36.71,4.411,22.67,9.476,3.214,5.955,0.222,49.86,15.258,24.01,35.34,4.284,91.18,6.39
2024-04-22,17.665,31.57,13.615,32.64,34.13,3.428,8.265,9.77,41.02,23.135,5.939,21.75,1.752,7.518,49.58,2.222,36.7,4.514,22.77,9.534,3.262,6.049,0.224,51.1,15.34,24.26,35.62,4.306,94.94,5.892
2024-04-23,17.535,32.02,13.705,33.06,35.33,3.52,8.335,9.9,41.4,23.305,5.885,22.23,1.817,7.6,49.97,2.256,37.26,4.669,23.09,9.586,3.346,6.12,0.228,52.6,15.52,24.74,36.26,4.377,95.86,6.116
2024-04-24,17.45,31.33,13.645,33.08,34.985,3.517,8.37,10.03,41.26,23.275,5.66,21.98,1.816,7.566,50.82,2.181,39.235,4.634,23.03,9.488,3.368,6.088,0.225,49.98,15.236,24.55,36.2,4.339,96.02,6.11
2024-04-25,17.35,31.02,13.4,33.48,34.785,3.503,8.31,9.915,40.46,22.89,5.536,21.42,1.791,7.446,49.44,2.143,39.62,4.723,22.76,9.38,3.396,6.06,0.222,48.8,15.254,24.2,36.02,4.273,93.66,6.102
2024-04-26,15.98,31.51,13.405,34.04,35.48,3.55,8.375,10.03,41.28,23.045,5.613,21.76,1.791,7.474,51.18,2.187,38.675,4.784,22.8,9.388,3.364,6.13,0.223,49.1,15.26,24.61,36.32,4.309,94.9,6.216
2024-04-29,15.89,31.72,13.45,34.3,35.07,3.543,8.475,10.09,41.44,23.225,5.574,22.09,1.873,7.55,51.16,2.214,38.155,4.818,22.93,9.368,3.422,6.2,0.226,49.42,15.274,24.75,36.6,4.331,96.24,6.164
2024-04-30,15.675,31.43,13.35,33.86,34.58,3.526,8.42,10.18,41.08,20.88,5.512,21.63,1.855,7.524,51.18,2.164,37.645,4.891,22.9,9.42,3.39,6.181,0.223,50.05,15.136,24.77,36.82,4.302,94.94,6.184
2024-05-01,15.675,31.43,13.35,33.86,34.58,3.526,8.42,10.18,41.08,20.88,5.512,21.63,1.855,7.524,51.18,2.164,37.645,4.891,22.9,9.42,3.39,6.181,0.223,50.05,15.136,24.77,36.82,4.302,94.94,6.184
2024-05-02,15.575,31.5,13.35,34.14,34.9,3.574,8.43,10.21,40.32,19.98,5.21,21.53,1.882,7.534,51.06,2.192,36.265,4.931,23.2,9.368,3.416,6.242,0.222,50.2,14.824,24.72,36.96,4.265,92.12,6.298
2024-05-03,15.595,31.55,13.475,34.38,34.195,3.462,8.33,10.18,41.48,20.33,5.187,21.81,1.86,7.47,51.5,2.147,37.2,4.786,23.01,9.442,3.428,6.25,0.226,50.75,14.708,24.8,36.82,4.309,92.02,6.116
2024-05-06,15.87,33.0,13.68,34.96,34.84,3.563,8.415,10.28,41.48,20.23,5.187,22.46,1.88,7.46,52.04,2.179,37.24,4.84,23.34,9.436,3.456,6.325,0.226,50.35,14.854,25.25,37.16,4.344,92.98,6.222
2024-05-07,15.86,33.85,13.97,35.02,36.09,3.599,8.535,10.44,42.04,20.2,5.249,21.46,1.892,7.524,52.86,2.16,38.33,4.934,23.94,10.08,3.508,6.384,0.224,50.5,14.968,25.49,37.66,4.372,93.88,6.344
2024-05-08,15.665,33.36,14.0,35.36,35.965,3.593,8.635,10.48,42.68,19.8,5.233,22.05,1.911,7.708,52.84,2.113,37.475,4.906,23.9,9.874,3.472,6.446,0.222,51.2,14.936,25.75,38.18,4.427,92.2,6.226
2024-05-09,15.97,33.82,14.11,36.9,35.995,3.579,8.555,10.52,42.42,20.23,4.838,22.1,1.918,7.724,54.82,2.148,37.6,4.76,24.08,9.91,3.468,6.508,0.225,50.35,15.032,25.54,38.82,4.422,93.32,6.138
2024-05-10,15.96,34.47,14.45,38.5,36.025,3.601,8.575,10.79,43.1,20.28,4.807,22.76,1.924,7.872,56.0,2.157,37.665,4.742,24.4,9.822,3.5,6.755,0.226,50.8,15.18,25.62,39.96,4.426,98.54,6.228
2024-05-13,16.02,33.53,14.61,38.26,35.88,3.626,8.795,10.91,43.08,21.03,4.76,22.0,1.967,7.882,55.94,2.131,37.8,4.758,24.49,9.76,3.564,6.752,0.232,50.5,15.238,25.75,40.58,4.472,101.35,6.226
2024-05-14,16.16,33.98,14.93,38.76,36.42,3.703,8.85,10.9,43.42,21.47,4.861,21.93,1.977,7.742,55.82,2.197,38.42,4.996,24.68,9.768,3.536,6.714,0.237,50.75,15.176,26.03,40.6,4.455,103.2,6.402
2024-05-15,16.145,34.26,15.195,39.4,36.28,3.727,8.905,10.84,45.88,21.375,4.791,22.5,2.012,7.912,56.64,2.198,38.995,5.012,24.6,9.958,3.494,6.842,0.243,51.8,15.112,26.11,40.4,4.498,101.15,6.47
2024-05-16,16.07,34.39,15.18,39.28,36.31,3.733,9.02,10.8,45.7,21.17,4.745,23.22,2.025,7.938,57.48,2.212,38.845,5.17,24.84,10.015,3.472,6.819,0.246,50.8,14.78,26.48,40.56,4.504,101.55,6.534
2024-05-17,16.11,34.36,15.245,39.98,36.28,3.769,9.26,10.84,44.54,20.79,4.644,23.28,2.015,7.858,56.64,2.274,38.325,5.294,24.88,9.796,3.47,6.8,0.246,51.2,14.828,26.32,40.26,4.526,102.05,6.72
2024-05-20,15.795,34.54,14.835,39.78,36.32,3.559,9.01,10.84,44.78,20.675,4.706,23.6,1.926,7.818,57.64,2.282,38.71,4.887,23.84,9.768,3.434,6.761,0.248,50.35,14.66,25.21,39.04,4.532,99.94,6.6
2024-05-21,15.965,33.17,14.625,39.78,36.5,3.55,9.15,10.67,44.04,20.435,4.722,23.4,1.925,7.816,57.62,2.373,37.665,4.863,23.47,9.624,3.416,6.735,0.245,48.82,14.588,24.91,38.92,4.474,99.86,6.598
2024-05-22,15.64,33.62,14.58,39.7,35.95,3.539,9.085,10.69,44.24,20.395,4.667,23.46,1.926,7.796,57.78,2.331,38.835,4.794,23.25,9.538,3.376,6.674,0.247,49.16,14.45,24.66,39.1,4.391,99.4,6.532
2024-05-23,15.605,33.56,14.6,39.54,36.145,3.544,9.09,10.73,44.1,20.36,4.691,23.58,1.9,7.654,59.7,2.313,38.905,4.823,23.37,9.54,3.33,6.606,0.247,48.52,14.488,24.73,39.08,4.267,98.34,6.482
2024-05-24,15.55,33.87,14.63,39.38,36.21,3.551,9.35,10.69,43.9,20.55,4.768,23.47,1.888,7.632,59.82,2.3,38.65,4.829,23.38,9.544,3.332,6.556,0.246,48.34,14.384,24.76,39.28,4.312,98.3,6.48
2024-05-27,15.81,33.78,14.665,39.9,36.44,3.564,9.38,10.6,44.14,20.855,4.776,23.8,1.91,7.716,60.94,2.382,38.405,4.812,23.53,9.542,3.352,6.661,0.252,48.68,14.582,24.66,38.96,4.383,98.82,6.482
2024-05-28,15.75,33.77,14.55,39.3,36.485,3.606,9.45,10.6,44.36,20.7,4.776,23.53,1.898,7.686,59.7,2.373,38.515,4.901,23.54,9.434,3.328,6.66,0.25,48.1,14.558,24.58,38.6,4.345,98.62,6.526
2024-05-29,15.54,33.68,14.455,39.18,36.005,3.532,9.475,10.49,42.72,20.33,4.644,23.06,1.897,7.626,58.76,2.294,37.48,4.805,23.34,9.134,3.318,6.57,0.245,47.7,14.386,24.08,38.18,4.319,100.75,6.432
2024-05-30,15.17,33.88,14.5,39.9,36.425,3.613,9.6,10.43,42.78,20.475,4.621,23.09,1.923,7.634,59.32,2.325,37.775,4.944,23.49,9.086,3.35,6.62,0.249,47.46,14.368,24.58,38.38,4.317,100.65,6.604
2024-05-31,15.095,33.85,14.52,38.78,36.385,3.606,9.455,10.55,43.06,20.2,4.567,23.57,1.929,7.722,60.02,2.286,37.79,4.931,23.6,9.174,3.39,6.656,0.242,48.4,14.496,24.44,38.52,4.349,98.94,6.604
2024-06-03,14.94,32.92,14.625,39.28,36.82,3.64,9.455,10.61,42.98,20.14,4.567,24.14,1.954,7.73,60.08,2.233,38.325,4.94,23.64,9.276,3.432,6.75,0.252,48.36,14.418,24.5,38.34,4.417,99.4,6.584
2024-06-04,14.85,33.51,14.42,38.84,35.29,3.547,9.265,10.59,42.9,19.926,4.504,23.69,1.962,7.856,58.88,2.137,39.04,4.784,23.65,9.412,3.458,6.736,0.247,48.2,14.014,24.37,38.36,4.486,99.5,6.436
2024-06-05,14.735,34.0,14.33,38.42,35.595,3.543,9.255,10.82,43.38,20.18,4.489,23.8,1.984,7.812,58.62,2.153,40.23,4.76,23.84,9.48,3.466,6.813,0.241,48.6,13.946,24.5,38.8,4.503,100.5,6.384
2024-06-06,14.82,33.69,14.375,38.46,36.5,3.601,9.345,10.93,43.18,20.31,4.567,23.74,1.978,7.796,59.04,2.156,41.21,4.889,23.94,9.692,3.46,6.798,0.239,49.24,14.07,24.5,38.84,4.466,100.7,6.49
2024-06-07,14.905,34.0,14.345,38.38,36.57,3.587,9.145,10.83,43.56,20.19,4.489,24.17,1.934,7.734,58.52,2.171,41.415,4.918,23.79,9.754,3.38,6.71,0.237,49.7,13.992,24.17,38.5,4.383,101.55,6.506
2024-06-10,15.03,33.63,14.18,38.5,36.255,3.568,9.14,10.79,43.36,20.255,4.481,24.4,1.925,7.762,57.88,2.154,41.235,4.852,23.63,9.722,3.426,6.679,0.231,49.54,14.108,23.89,38.46,4.409,99.86,6.438
2024-06-11,14.95,33.83,14.025,38.36,34.895,3.477,8.93,10.54,42.18,20.075,4.411,23.31,1.868,7.62,56.96,2.065,40.405,4.677,23.24,9.66,3.314,6.568,0.228,48.42,13.988,23.46,37.98,4.329,99.18,6.158
2024-06-12,14.805,34.22,14.335,38.96,35.685,3.53,9.145,10.83,42.92,20.22,4.365,22.86,1.922,7.66,57.98,2.102,41.73,4.667,23.54,9.854,3.39,6.641,0.223,49.26,13.942,23.93,38.48,4.33,100.45,6.21
2024-06-13,14.515,34.24,13.835,38.5,34.445,3.415,8.935,10.54,41.72,19.66,4.125,22.36,1.91,7.608,56.74,2.03,40.72,4.541,23.23,9.732,3.406,6.554,0.224,48.78,13.718,23.08,37.6,4.32,100.65,6.054
2024-06-14,14.315,34.64,13.525,37.84,32.535,3.33,8.93,10.3,40.68,18.82,4.008,21.18,1.844,7.492,56.64,2.024,39.39,4.361,22.59,9.62,3.262,6.337,0.224,48.1,13.508,22.48,36.92,4.284,97.98,5.88
2024-06-17,14.4,34.35,13.62,38.44,33.155,3.365,9.165,10.43,40.92,18.984,3.939,21.79,1.837,7.476,56.64,2.019,39.76,4.444,22.8,9.53,3.246,6.319,0.226,47.42,13.534,22.72,36.96,4.232,97.16,5.936
2024-06-18,14.615,34.28,13.69,38.82,34.09,3.419,9.32,10.49,41.16,19.026,3.959,22.41,1.839,7.548,57.48,2.09,40.065,4.579,23.06,9.622,3.298,6.45,0.229,48.4,13.784,22.77,37.26,4.319,98.38,6.03
2024-06-19,14.36,33.81,13.585,38.64,34.07,3.46,9.355,10.36,41.22,18.98,3.871,22.64,1.84,7.542,57.74,2.09,38.195,4.569,23.06,9.506,3.288,6.4,0.224,47.84,13.898,22.39,36.92,4.284,96.8,6.086
2024-06-20,14.51,34.39,13.81,38.06,34.8,3.493,9.46,10.55,42.04,19.074,3.924,22.84,1.886,7.636,58.62,2.129,38.435,4.65,23.33,9.72,3.354,6.489,0.23,49.24,14.132,22.93,37.7,4.353,97.32,6.176
2024-06-21,14.34,33.09,13.62,37.08,34.055,3.453,9.27,10.48,41.88,19.032,3.864,22.47,1.865,7.606,57.64,2.154,38.015,4.593,23.23,9.6,3.402,6.469,0.224,49.2,13.936,22.55,37.62,4.3,94.58,6.064
2024-06-24,14.5,34.01,13.935,37.4,35.365,3.532,9.38,10.73,42.72,19.386,4.789,22.29,1.9,7.434,58.88,2.159,37.775,4.822,23.66,9.562,3.242,6.542,0.231,50.1,14.124,22.89,38.26,4.131,95.96,6.2
2024-06-25,14.405,33.46,13.87,37.22,34.915,3.516,9.385,10.62,41.62,19.37,4.341,21.64,1.912,7.406,58.0,2.237,37.23,4.803,23.55,9.402,3.232,6.578,0.225,49.4,14.236,22.56,37.96,4.164,93.86,6.124
2024-06-26,14.085,33.16,13.775,36.82,34.79,3.526,9.28,10.5,41.02,19.342,4.53,21.45,1.888,7.406,58.0,2.29,36.83,4.857,23.35,9.3,3.208,6.548,0.225,49.62,14.24,22.28,37.76,4.144,93.26,6.092
2024-06-27,14.02,33.68,13.65,37.62,34.56,3.464,9.155,10.38,41.38,18.544,4.539,21.42,1.872,7.34,58.2,2.363,36.305,4.8,23.3,8.96,3.204,6.497,0.224,48.36,14.314,22.23,37.66,4.161,93.48,6.026
2024-06-28,14.35,33.24,13.69,37.58,34.605,3.471,9.28,10.31,41.48,18.47,4.531,21.68,1.86,7.218,57.82,2.392,36.875,4.721,23.29,8.824,3.194,6.494,0.223,48.7,14.354,22.02,37.46,4.131,93.06,6.014
2024-07-01,14.245,33.22,14.09,37.28,36.205,3.582,9.435,10.59,41.0,18.634,5.02,21.82,1.89,7.304,56.7,2.398,36.225,4.996,23.93,8.684,3.236,6.607,0.226,48.8,14.532,22.38,37.8,4.179,93.28,6.216
2024-07-02,14.385,33.47,13.92,36.02,35.72,3.53,9.255,10.51,41.16,18.208,5.008,21.56,1.86,7.204,57.88,2.404,37.07,4.869,23.65,8.546,3.19,6.585,0.231,48.96,14.528,22.34,37.82,4.121,96.48,6.206
2024-07-03,14.405,33.4,14.06,36.64,36.355,3.564,9.55,10.57,41.48,18.316,5.02,22.38,1.873,7.264,58.74,2.336,37.875,5.044,23.76,8.65,3.212,6.633,0.233,48.7,14.462,22.49,37.6,4.149,98.32,6.282
2024-07-04,14.475,33.28,14.155,36.9,37.025,3.579,9.56,10.54,42.06,18.298,5.028,22.86,1.878,7.306,58.66,2.323,38.08,5.146,23.94,8.738,3.258,6.649,0.237,49.08,14.606,22.65,37.9,4.17,99.84,6.322
2024-07-05,14.29,31.12,14.1,36.44,37.015,3.549,9.525,10.44,41.86,18.108,4.88,22.45,1.88,7.356,58.24,2.325,38.925,5.08,23.78,8.85,3.28,6.706,0.23,49.14,14.454,22.68,37.74,4.209,99.42,6.294
2024-07-08,14.125,30.61,14.19,37.1,37.13,3.566,9.71,10.65,41.5,18.02,5.118,22.23,1.875,7.27,57.72,2.27,39.085,5.294,23.93,8.642,3.272,6.674,0.228,49.08,14.302,22.91,37.78,4.19,98.1,6.37
2024-07-09,14.145,30.45,14.165,37.14,36.725,3.553,9.615,10.57,40.96,18.068,4.886,22.45,1.875,7.31,60.0,2.234,38.205,5.248,23.5,8.486,3.26,6.649,0.226,48.8,14.112,22.62,37.62,4.211,98.9,6.344
2024-07-10,14.29,30.54,14.35,37.08,37.11,3.575,9.825,10.7,42.04,18.48,4.829,23.03,1.89,7.454,62.06,2.328,39.005,5.272,23.64,8.424,3.332,6.732,0.237,50.0,14.18,23.23,37.9,4.268,99.28,6.312
2024-07-11,14.255,30.64,14.385,37.5,36.635,3.591,9.78,10.65,42.6,18.564,4.898,22.96,1.901,7.508,63.08,2.317,38.82,5.2,23.57,8.57,3.354,6.789,0.241,50.25,14.2,23.39,38.26,4.324,100.6,6.218
2024-07-12,14.36,31.17,14.285,38.58,37.115,3.619,9.74,10.75,42.96,18.64,4.869,22.94,1.885,7.526,62.62,2.354,39.47,5.176,23.55,8.67,3.342,6.885,0.24,50.95,14.294,23.61,38.28,4.347,101.15,6.218
2024-07-15,14.555,30.79,14.29,37.6,37.14,3.608,9.77,10.81,42.48,18.656,4.772,23.24,1.867,7.48,61.46,2.403,38.925,5.126,23.4,8.53,3.296,6.791,0.239,51.05,14.238,23.47,38.52,4.302,99.26,6.236
2024-07-16,14.545,30.42,14.415,37.84,37.42,3.623,9.71,10.87,42.28,18.492,4.847,23.35,1.859,7.46,62.76,2.368,38.68,5.196,23.39,8.536,3.316,6.741,0.24,51.1,14.012,23.47,38.96,4.309,101.5,6.284
2024-07-17,14.48,30.02,14.395,37.14,37.64,3.648,9.73,10.79,42.54,18.658,5.164,22.81,1.918,7.442,61.7,2.384,38.465,5.224,23.42,8.564,3.34,6.768,0.241,51.75,14.134,23.49,38.78,4.301,101.75,6.32
2024-07-18,14.705,29.77,14.435,37.22,37.655,3.668,9.785,10.74,42.5,19.006,5.388,22.73,1.948,7.518,60.7,2.408,37.905,5.252,23.55,8.648,3.392,6.8,0.244,51.25,14.29,23.42,39.24,4.38,101.8,6.356
2024-07-19,14.5,30.01,14.34,37.14,37.52,3.645,9.775,10.75,41.96,18.584,5.468,22.77,1.912,7.446,61.06,2.367,36.775,5.268,23.31,8.536,3.39,6.746,0.244,50.95,14.08,23.2,38.76,4.341,102.75,6.356
2024-07-22,14.555,30.26,14.5,36.96,38.655,3.715,9.98,10.96,42.38,18.814,5.432,23.05,1.952,7.518,62.6,2.389,37.84,5.446,23.47,8.628,3.452,6.564,0.233,51.4,14.072,23.42,39.26,4.403,103.65,6.512
2024-07-23,14.375,29.67,14.74,36.78,39.02,3.744,10.02,10.96,42.8,18.378,5.45,23.08,1.961,7.584,63.38,2.419,37.145,5.426,23.63,8.502,3.438,6.585,0.226,51.4,14.026,23.25,40.14,4.363,103.65,6.544
2024-07-24,14.41,29.94,14.78,36.5,39.1,3.725,9.885,10.89,42.36,18.26,5.48,22.15,1.972,7.574,63.46,2.3,37.03,5.506,23.49,8.494,3.448,6.631,0.225,51.85,14.058,23.32,39.92,4.378,103.35,6.55
2024-07-25,14.43,29.3,14.745,35.76,38.05,3.7,9.835,10.82,39.2,16.674,5.32,21.28,1.982,7.728,61.5,2.325,31.94,5.432,23.58,8.622,3.476,6.66,0.227,52.25,14.02,23.3,40.68,4.385,103.8,6.488
2024-07-26,14.58,29.48,14.86,36.48,37.84,3.704,9.9,10.89,40.16,16.166,5.418,21.93,1.972,7.738,61.9,2.228,30.705,5.422,23.81,8.75,3.476,6.67,0.228,51.95,14.488,23.36,40.38,4.351,104.4,6.402
2024-07-29,14.5,28.96,14.74,35.9,37.89,3.668,9.805,10.85,39.76,15.628,5.31,22.24,1.964,7.672,62.26,2.198,31.04,5.38,23.76,8.5,3.446,6.65,0.228,52.4,14.63,23.07,40.46,4.385,104.4,6.37
2024-07-30,14.545,28.17,14.995,36.28,38.34,3.797,9.985,11.07,39.66,15.486,5.22,22.64,1.94,7.712,63.1,2.185,30.4,5.5,24.11,8.26,3.426,6.63,0.231,48.82,14.64,23.25,40.56,4.392,98.36,6.48
2024-07-31,14.64,29.4,14.995,36.26,37.955,3.75,9.96,10.91,40.1,15.404,5.148,22.01,1.957,7.69,63.54,2.197,30.6,5.402,23.93,8.34,3.38,6.594,0.227,50.35,14.798,23.16,40.2,4.417,101.0,6.4
2024-08-01,13.365,28.46,14.37,34.94,35.79,3.603,9.525,10.29,38.7,15.19,5.088,21.6,1.931,7.516,58.1,2.179,29.57,5.124,23.44,8.15,3.296,6.518,0.229,50.75,14.55,22.72,39.72,4.36,100.95,6.096
2024-08-02,12.96,28.82,14.055,33.66,34.0,3.444,9.22,10.04,37.42,14.684,4.95,20.8,1.896,7.668,56.82,2.062,27.865,4.889,22.73,8.094,3.294,6.486,0.217,50.15,14.216,21.33,38.56,4.466,101.55,5.85
2024-08-05,12.71,28.04,13.81,33.44,33.135,3.411,8.905,9.755,37.36,14.304,4.947,20.8,1.867,7.46,55.84,1.971,26.77,4.757,22.05,7.954,3.162,6.297,0.21,48.5,13.934,20.57,37.3,4.296,100.2,5.728
2024-08-06,12.685,28.23,13.72,32.94,32.6,3.362,8.815,9.725,36.98,14.17,4.87,21.01,1.885,7.422,56.6,1.965,26.6,4.673,21.9,7.974,3.148,6.298,0.212,49.0,13.922,20.37,37.0,4.272,100.15,5.728
2024-08-07,12.825,28.28,14.04,33.32,34.16,3.455,9.045,10.03,36.88,14.238,4.968,21.36,1.929,7.546,58.74,2.013,26.86,4.725,22.33,8.042,3.25,6.43,0.218,49.44,14.216,20.73,37.68,4.35,99.68,5.846
2024-08-08,12.71,28.13,13.9,33.0,34.18,3.444,9.085,9.9,37.1,14.238,4.924,21.16,1.95,7.552,58.3,1.985,26.765,4.747,22.58,7.892,3.266,6.428,0.217,48.98,14.268,20.57,37.56,4.341,99.48,5.758
2024-08-09,12.74,27.78,13.905,33.42,34.445,3.452,8.965,10.1,37.0,14.064,4.93,21.65,1.962,7.544,58.72,1.98,26.705,4.778,22.15,7.952,3.282,6.409,0.22,49.34,14.302,20.61,37.8,4.342,99.62,5.798
2024-08-12,12.83,28.15,14.03,33.6,34.57,3.47,8.975,10.23,37.42,13.98,4.917,21.91,1.98,7.58,59.06,1.992,26.83,4.765,22.45,7.98,3.294,6.438,0.221,49.46,14.456,20.9,38.08,4.368,100.1,5.782
2024-08-13,12.76,28.38,13.99,33.56,34.635,3.464,8.93,10.32,37.04,13.878,4.901,21.83,1.985,7.658,59.82,1.985,26.93,4.706,22.46,7.948,3.34,6.505,0.218,49.82,14.354,21.05,38.4,4.387,99.82,5.802
2024-08-14,12.695,28.38,14.085,33.92,35.05,3.489,9.005,10.4,37.22,14.096,4.92,22.52,2.009,7.684,60.64,1.988,26.89,4.783,22.68,8.014,3.36,6.489,0.225,49.96,14.326,21.26,38.82,4.407,99.44,5.822
2024-08-15,12.695,28.38,14.085,33.92,35.05,3.489,9.005,10.4,37.22,14.096,4.92,22.52,2.009,7.684,60.64,1.988,26.89,4.783,22.68,8.014,3.36,6.489,0.225,49.96,14.326,21.26,38.82,4.407,99.44,5.822
2024-08-16,12.8,28.86,14.69,34.46,36.34,3.597,9.335,10.66,38.1,14.366,5.042,22.62,2.026,7.688,61.22,2.02,27.795,4.948,23.24,8.12,3.376,6.57,0.227,50.6,14.498,21.56,39.78,4.414,100.45,5.958
2024-08-19,12.85,29.14,14.78,34.3,36.67,3.614,9.34,10.74,38.5,14.732,5.046,22.44,2.034,7.68,61.3,2.061,27.93,5.002,23.45,8.148,3.398,6.591,0.236,50.4,14.618,21.85,39.74,4.409,101.0,6.004
2024-08-20,12.5,28.74,14.755,34.28,35.845,3.595,9.28,10.7,38.02,14.734,4.987,22.06,2.034,7.662,61.36,2.002,27.8,4.937,23.61,7.992,3.396,6.579,0.234,50.65,14.494,21.72,39.76,4.392,101.5,5.912
2024-08-21,12.605,28.82,14.88,34.18,35.775,3.616,9.325,10.68,38.46,14.878,5.044,22.08,2.045,7.636,61.56,2.069,28.105,4.954,23.7,8.038,3.376,6.603,0.232,51.85,14.516,21.82,39.76,4.374,101.5,6.026
2024-08-22,12.635,28.76,14.895,34.6,36.145,3.622,9.275,10.7,38.26,14.736,5.006,22.05,2.014,7.626,61.82,2.062,27.92,4.932,23.78,8.062,3.39,6.607,0.232,51.4,14.402,21.78,39.66,4.38,101.4,6.018
2024-08-23,12.685,29.05,15.02,35.44,36.545,3.678,9.42,10.8,38.6,14.966,5.072,22.22,2.018,7.726,61.8,2.074,28.145,4.993,24.02,8.112,3.42,6.714,0.233,51.6,14.598,22.06,39.92,4.412,103.0,6.084
2024-08-26,12.845,28.91,14.965,34.84,36.415,3.663,9.335,10.72,38.36,14.934,5.06,22.12,2.015,7.724,61.72,2.072,27.91,4.95,24.04,8.14,3.418,6.709,0.238,51.05,14.736,22.19,39.66,4.409,102.2,6.042
2024-08-27,12.695,28.88,15.0,34.98,36.485,3.7,9.34,10.79,38.32,15.02,5.012,22.25,2.02,7.72,61.72,2.038,28.01,4.98,24.3,8.244,3.412,6.771,0.237,51.4,14.702,22.28,39.72,4.413,102.6,6.042
2024-08-28,12.485,29.1,14.925,35.0,36.55,3.701,9.5,10.88,38.34,14.988,5.016,22.74,2.061,7.8,62.44,2.016,27.76,4.96,24.55,8.234,3.484,6.83,0.238,52.75,14.672,22.33,39.96,4.459,105.3,5.996
2024-08-29,13.17,29.53,15.135,35.3,36.905,3.728,9.59,10.94,39.16,15.146,5.058,22.99,2.049,7.748,63.16,2.046,28.585,4.94,24.84,8.374,3.446,6.846,0.235,52.55,14.806,22.4,39.98,4.429,105.65,6.05
2024-08-30,13.175,29.13,15.285,35.44,37.38,3.764,9.58,11.05,39.74,15.138,5.07,22.96,2.062,7.862,63.4,2.03,28.76,5.06,24.88,8.344,3.48,6.864,0.239,53.0,14.674,22.8,40.34,4.483,104.0,6.144
2024-09-02,13.365,28.87,15.335,35.62,37.515,3.773,9.63,11.11,39.24,15.02,4.771,21.3,2.059,7.834,63.38,2.023,28.665,5.05,25.0,8.374,3.52,6.888,0.235,52.65,14.7,22.51,40.42,4.466,101.0,6.156
2024-09-03,13.25,28.9,15.1,35.06,36.77,3.711,9.565,10.86,38.66,14.606,4.682,20.92,2.045,7.898,63.3,1.88,27.35,4.906,24.87,8.08,3.504,6.893,0.229,52.8,14.33,22.26,40.06,4.484,101.1,5.97
2024-09-04,13.27,28.02,14.94,34.88,36.76,3.714,9.575,10.97,38.08,14.534,4.69,20.73,2.033,7.898,62.0,1.922,27.0,4.883,24.72,8.068,3.504,6.882,0.234,52.05,14.164,21.98,39.98,4.5,103.0,5.952
2024-09-05,13.065,28.1,15.08,34.3,36.83,3.751,9.72,11.05,38.08,14.294,4.65,20.7,2.061,7.978,61.6,1.895,26.645,4.915,24.97,8.008,3.508,6.995,0.239,51.3,14.2,22.0,40.02,4.552,101.55,6.01
2024-09-06,12.885,27.99,14.935,34.5,36.225,3.667,9.5,10.91,37.38,14.06,4.57,20.38,2.083,7.994,59.2,1.868,25.825,4.808,24.98,7.936,3.556,7.051,0.232,51.4,13.988,21.59,39.68,4.553,101.15,5.906
2024-09-09,13.0,28.34,15.165,34.82,36.605,3.727,9.635,11.05,38.16,14.064,4.57,20.39,2.093,8.12,60.46,1.883,26.1,4.825,25.29,8.22,3.598,7.054,0.231,51.85,14.08,21.76,40.22,4.595,103.25,5.95
2024-09-10,12.725,27.8,14.93,34.52,36.075,3.689,9.23,10.9,37.96,13.68,4.508,20.31,2.092,8.108,60.58,1.797,25.18,4.744,24.98,8.046,3.572,7.082,0.226,51.45,13.762,21.81,40.0,4.578,104.0,5.834
2024-09-11,12.69,27.37,14.685,33.54,36.155,3.695,9.41,10.8,37.68,13.62,4.448,20.21,2.099,8.122,60.58,1.827,25.185,4.773,24.97,8.138,3.59,7.054,0.225,50.95,13.732,21.65,39.78,4.574,102.95,5.788
2024-09-12,12.935,27.23,14.775,34.16,37.195,3.734,9.535,10.95,38.18,13.512,4.45,20.58,2.082,8.056,61.02,1.85,25.275,4.877,24.92,8.268,3.53,7.082,0.24,50.9,13.85,21.82,40.14,4.53,102.05,5.958
2024-09-13,12.845,27.66,14.83,34.66,36.905,3.755,9.505,10.92,38.7,13.614,4.628,20.8,2.071,8.076,61.94,1.863,25.76,4.88,25.17,7.802,3.566,7.118,0.246,50.85,14.008,22.13,40.28,4.563,104.0,5.992
2024-09-16,12.82,27.27,14.95,34.74,37.1,3.739,10.11,10.98,38.24,13.59,4.635,20.78,2.077,8.144,61.52,1.956,24.895,4.869,25.98,7.602,3.604,7.132,0.249,50.55,14.114,22.1,40.26,4.601,103.6,5.974
2024-09-17,13.21,27.41,15.08,34.96,37.46,3.765,10.15,11.04,38.86,13.642,4.615,19.85,2.073,8.15,62.84,1.954,25.575,4.88,25.8,7.542,3.606,7.184,0.25,50.95,14.22,22.36,40.14,4.607,102.95,6.012
2024-09-18,13.2,26.7,15.165,35.02,37.435,3.768,10.22,11.07,38.82,13.664,4.647,20.19,2.078,8.074,63.18,2.009,25.26,4.961,25.8,6.978,3.574,7.094,0.257,50.25,14.25,22.53,40.24,4.567,102.45,6.188
2024-09-19,13.375,26.99,15.34,36.16,37.9,3.802,10.29,11.25,40.18,13.95,4.825,20.92,2.041,7.914,65.68,2.085,26.15,4.975,25.88,7.644,3.504,6.973,0.255,50.35,14.454,22.81,40.6,4.483,104.2,6.138
2024-09-20,13.22,25.99,15.38,35.88,37.995,3.825,10.26,11.3,38.88,13.47,4.706,20.86,2.046,8.022,65.68,2.024,24.865,4.934,25.87,7.414,3.542,6.99,0.24,49.94,14.282,22.56,40.0,4.505,102.95,6.11
2024-09-23,13.23,26.1,15.255,36.2,36.735,3.753,10.33,11.16,39.2,13.778,4.716,20.81,2.064,8.042,65.88,2.034,24.85,4.857,25.99,7.29,3.602,7.06,0.242,49.82,14.102,22.44,40.08,4.58,103.0,5.952
2024-09-24,13.805,26.45,15.25,35.98,37.26,3.777,10.43,11.23,39.66,13.994,4.701,20.77,2.055,8.08,64.46,2.062,25.29,4.916,25.98,7.33,3.6,7.113,0.244,49.8,14.162,22.81,40.18,4.56,102.4,6.068
2024-09-25,13.83,26.35,15.16,36.26,37.87,3.777,10.41,11.19,39.7,13.784,4.744,20.87,2.049,8.086,65.82,2.036,25.195,4.917,25.93,7.232,3.574,7.098,0.243,50.15,13.996,22.58,40.36,4.585,103.5,6.08
2024-09-26,13.745,26.34,15.425,36.66,39.7,3.876,10.62,11.47,41.16,13.992,4.755,20.57,2.059,8.09,66.54,1.92,25.92,5.152,25.95,7.57,3.578,7.156,0.245,50.7,13.57,23.24,41.14,4.589,102.7,6.276
2024-09-27,14.165,26.72,15.445,36.16,39.98,3.871,10.59,11.48,42.5,14.55,4.743,20.41,2.07,8.124,64.84,1.947,27.465,5.15,26.13,7.668,3.61,7.213,0.248,50.75,13.67,23.33,40.62,4.592,106.35,6.23
2024-09-30,14.135,25.81,15.325,35.8,39.365,3.838,10.67,11.32,41.88,12.408,4.65,20.02,2.074,8.088,65.2,1.979,26.64,5.05,25.95,7.6,3.582,7.175,0.25,50.8,13.682,23.18,40.24,4.571,104.9,6.058
2024-10-01,14.535,25.82,15.07,35.36,38.28,3.736,10.54,11.17,41.42,12.428,4.605,20.36,2.068,8.124,65.16,2.0,26.0,4.815,25.89,7.6,3.586,7.221,0.247,51.1,13.89,22.84,40.02,4.621,104.1,5.792
2024-10-02,14.69,26.33,14.985,35.24,37.69,3.716,10.56,11.18,41.86,12.408,4.71,21.1,2.041,8.006,65.5,2.033,26.3,4.885,25.78,7.606,3.538,7.112,0.247,49.94,14.118,22.87,39.96,4.566,104.95,5.802
2024-10-03,14.695,25.83,14.785,34.7,37.7,3.686,10.41,10.95,41.12,11.912,4.617,20.56,1.973,7.84,64.98,1.96,25.7,4.906,25.16,7.38,3.47,6.984,0.251,49.5,14.106,22.39,39.7,4.471,100.7,5.798
2024-10-04,14.88,25.73,15.01,35.84,38.82,3.763,10.68,11.08,41.32,12.12,4.723,21.03,1.974,7.816,64.4,2.044,25.765,5.116,25.48,7.378,3.484,6.955,0.256,51.85,14.324,22.79,40.2,4.479,101.75,5.906
2024-10-07,14.735,26.89,15.12,35.56,39.37,3.803,10.77,11.14,41.02,12.214,4.768,20.96,1.984,7.77,65.4,2.057,25.79,5.222,25.49,7.358,3.47,6.94,0.255,53.0,14.504,22.73,40.7,4.472,102.4,5.956
2024-10-08,14.435,27.37,15.15,35.4,39.205,3.786,10.83,11.2,41.0,11.988,4.735,20.91,1.987,7.832,65.08,2.006,25.32,5.276,25.46,7.236,3.488,6.977,0.252,52.1,14.194,22.69,40.9,4.474,104.25,5.928
2024-10-09,14.555,27.06,15.245,35.66,39.375,3.808,10.93,11.25,41.06,12.22,4.87,21.08,2.0,7.882,65.9,2.01,25.745,5.32,25.56,7.31,3.5,7.001,0.255,52.75,14.166,22.96,40.96,4.493,103.05,6.0
2024-10-10,14.715,27.07,15.29,35.68,40.0,3.85,11.43,11.2,40.5,12.194,4.831,20.38,2.023,7.83,64.7,2.023,25.615,5.758,25.99,7.388,3.502,6.982,0.253,52.1,14.262,22.99,40.98,4.486,102.45,6.16
2024-10-11,14.77,27.41,15.42,35.6,40.08,3.891,11.52,11.25,40.94,11.856,4.844,20.4,2.084,7.914,65.74,2.031,25.565,5.868,26.15,7.396,3.548,7.066,0.241,52.55,14.322,23.03,41.54,4.506,103.9,6.164
2024-10-14,14.735,27.18,15.55,35.86,40.23,3.922,11.75,11.3,41.44,12.042,4.902,21.06,2.141,8.024,66.4,2.026,25.83,5.834,26.66,7.54,3.6,7.176,0.241,54.1,14.354,23.14,41.54,4.526,103.3,6.212
2024-10-15,14.475,26.89,15.65,35.36,40.24,3.931,11.96,11.34,41.42,12.002,4.889,20.96,2.169,8.108,65.5,1.974,25.01,5.84,26.75,7.602,3.67,7.209,0.246,53.4,13.964,23.18,41.9,4.53,103.4,6.32
2024-10-16,14.485,27.38,15.695,34.88,40.305,3.92,12.06,11.38,40.72,12.01,4.873,21.53,2.185,8.154,66.24,2.012,25.11,5.83,26.71,7.548,3.684,7.285,0.252,53.55,14.036,23.17,42.04,4.528,103.55,6.356
2024-10-17,14.55,27.81,15.865,35.22,40.735,3.97,12.13,11.5,41.2,11.956,4.938,21.82,2.201,8.166,67.7,2.062,25.425,5.828,26.88,7.768,3.696,7.32,0.253,54.5,14.162,23.65,42.62,4.537,105.65,6.428
2024-10-18,14.53,27.76,16.125,35.0,40.825,4.0,12.2,11.6,41.32,12.184,4.988,21.99,2.238,8.216,67.92,1.992,25.615,5.856,26.98,7.78,3.712,7.332,0.253,54.2,14.102,23.85,42.7,4.579,104.75,6.402
2024-10-21,14.675,27.57,15.925,34.72,40.55,3.964,12.1,11.47,40.76,11.926,4.91,21.83,2.211,8.19,67.52,2.018,25.115,5.77,26.74,7.742,3.694,7.337,0.25,53.75,14.256,24.09,42.26,4.53,104.0,6.286
2024-10-22,14.845,27.36,15.77,35.0,40.325,3.931,11.67,11.44,40.86,12.02,5.016,22.12,2.153,8.038,66.52,2.065,25.565,5.716,26.22,7.798,3.604,7.17,0.249,53.35,14.278,23.95,41.72,4.479,103.5,6.278
2024-10-23,14.72,27.29,15.59,34.92,40.255,3.884,11.72,11.36,40.6,12.38,4.83,21.87,2.162,8.092,66.12,2.028,26.03,5.606,26.22,7.758,3.654,7.177,0.243,53.7,14.18,23.74,41.46,4.494,102.45,6.208
2024-10-24,14.54,27.59,15.43,34.74,40.06,3.879,11.7,11.33,40.62,12.56,4.801,21.93,2.157,8.08,66.94,2.122,26.035,5.58,26.11,7.764,3.658,7.201,0.242,53.8,14.226,23.6,41.42,4.497,102.8,6.082
2024-10-25,14.815,27.46,15.345,35.32,40.155,3.876,11.51,11.34,40.62,12.672,4.932,21.79,2.156,8.09,68.0,2.189,26.18,5.544,25.96,7.734,3.622,7.188,0.24,53.75,14.428,23.62,41.6,4.493,102.0,6.088
2024-10-28,14.85,27.63,15.43,36.3,40.72,3.927,11.7,11.45,41.1,12.704,4.885,22.07,2.168,8.15,68.56,2.188,26.29,5.572,26.24,7.77,3.678,7.208,0.239,54.1,14.194,23.77,41.8,4.53,104.55,6.192
2024-10-29,15.1,27.19,15.38,36.3,41.055,3.973,11.65,11.51,41.14,12.398,4.901,21.91,2.138,8.082,67.78,2.163,26.71,5.624,26.07,7.762,3.624,7.138,0.238,53.85,14.036,23.65,41.78,4.476,103.8,6.196
2024-10-30,15.01,25.95,15.19,36.54,41.015,3.944,11.63,11.47,40.7,12.238,4.955,22.2,2.141,8.07,65.36,2.167,25.755,5.636,25.71,6.326,3.596,7.081,0.236,53.1,13.992,23.07,41.02,4.455,101.4,6.182
2024-10-31,15.145,25.7,15.17,35.98,40.68,3.937,11.43,11.38,40.84,12.596,5.116,21.97,2.1,7.964,64.82,2.184,25.03,5.6,25.55,6.178,3.52,6.97,0.233,52.1,14.012,22.76,40.74,4.418,100.0,6.196
2024-11-01,15.37,25.88,15.295,36.06,42.125,4.034,11.51,11.43,41.56,12.724,5.25,22.31,2.089,8.002,64.6,2.222,24.86,5.696,25.69,6.198,3.548,7.012,0.234,52.65,14.034,22.86,40.64,4.444,99.66,6.354
2024-11-04,15.265,25.17,15.4,35.16,42.275,4.069,11.48,11.37,40.9,12.608,5.2,21.76,2.078,7.926,63.86,2.222,24.1,5.772,25.34,6.198,3.502,7.031,0.231,51.9,14.022,22.71,40.58,4.408,100.55,6.402
2024-11-05,15.465,25.55,15.31,37.46,42.84,4.1,11.64,11.52,41.64,12.65,5.162,22.57,2.067,7.95,64.08,2.238,24.475,5.818,25.48,6.28,3.486,6.998,0.229,51.75,14.116,22.44,40.6,4.409,101.45,6.51
2024-11-06,16.51,25.41,15.27,39.26,40.565,3.972,11.65,11.5,40.92,12.872,5.184,23.35,2.013,7.852,63.2,2.249,24.69,5.704,25.36,5.98,3.432,6.815,0.225,51.75,14.004,22.49,40.46,4.33,107.1,6.312
2024-11-07,17.31,25.1,15.315,39.96,40.005,3.855,11.93,11.52,43.36,13.02,5.388,24.35,2.028,7.7,60.82,2.275,25.025,5.976,25.23,6.086,3.416,6.696,0.226,52.05,14.09,23.71,42.08,4.194,108.95,6.878
2024-11-08,17.235,24.37,15.345,40.2,39.985,3.836,11.2,11.66,42.82,12.538,5.384,24.71,2.065,7.738,62.16,2.324,24.64,5.714,25.21,6.024,3.41,6.678,0.223,51.5,13.93,22.44,41.98,4.218,109.5,6.716
2024-11-11,17.55,25.23,15.58,41.7,40.79,3.899,11.5,11.84,43.2,12.762,5.8,25.78,2.092,7.778,64.22,2.355,25.28,5.866,25.54,6.076,3.484,6.755,0.226,52.35,14.01,23.36,42.28,4.228,110.5,6.826
2024-11-12,17.305,24.16,14.31,41.08,40.1,3.803,11.22,11.63,42.38,12.54,5.71,25.68,2.033,7.718,60.7,2.318,25.555,5.87,25.2,5.892,3.408,6.591,0.217,51.05,13.812,22.83,41.76,4.2,108.9,6.78
2024-11-13,17.405,23.96,14.425,41.5,40.64,3.823,11.38,11.59,42.4,12.46,5.688,25.34,2.009,7.704,62.26,2.305,24.435,5.986,25.51,5.8,3.35,6.62,0.217,51.9,13.718,22.95,42.2,4.197,107.05,6.76
2024-11-14,17.455,24.01,14.44,41.72,41.8,3.905,11.39,11.7,44.0,12.792,5.612,25.14,2.084,7.828,63.0,2.317,25.14,6.07,25.81,5.912,3.444,6.771,0.235,52.05,14.01,23.31,43.16,4.309,104.95,6.966
2024-11-15,17.59,23.74,14.795,41.94,40.77,3.9,11.42,11.6,42.9,12.702,5.738,24.78,2.094,7.89,60.92,2.333,24.165,5.94,27.06,5.75,3.384,6.788,0.234,51.2,14.096,23.3,43.12,4.31,107.1,7.044
2024-11-18,17.475,23.68,14.29,41.64,39.65,3.756,11.43,11.38,41.84,12.656,5.65,24.88,2.083,7.746,61.26,2.368,23.66,6.078,27.01,5.7,3.376,6.699,0.239,50.0,13.896,23.42,43.48,4.331,104.35,6.868
2024-11-19,17.39,23.6,14.08,41.12,38.765,3.714,11.39,11.02,41.46,12.388,5.65,25.22,2.07,7.748,59.94,2.342,23.225,5.954,26.87,5.664,3.392,6.643,0.229,49.9,13.734,22.88,43.0,4.331,104.35,6.724
2024-11-20,17.48,23.23,14.02,41.5,38.88,3.697,11.49,11.0,41.8,12.208,5.644,25.11,2.067,7.77,60.56,2.327,22.955,5.948,26.75,5.662,3.388,6.564,0.234,50.45,13.728,22.91,43.14,4.306,104.9,6.734
2024-11-21,17.62,23.26,13.925,41.64,38.815,3.668,11.68,11.05,41.92,12.17,5.674,25.6,2.099,7.754,61.22,2.371,23.09,5.934,26.94,5.584,3.438,6.58,0.23,50.65,13.814,22.96,43.48,4.292,104.1,6.73
2024-11-22,17.87,23.24,14.035,41.62,38.09,3.634,11.78,11.06,42.5,12.514,5.716,25.51,2.115,7.97,61.92,2.403,23.41,5.844,27.01,5.612,3.49,6.723,0.232,52.1,13.916,23.05,43.52,4.395,107.45,6.644
2024-11-25,17.905,23.33,14.0,41.84,36.275,3.609,11.61,11.06,43.88,12.814,5.766,25.0,2.149,7.96,62.82,2.375,24.475,5.74,27.27,5.792,3.512,6.742,0.236,52.25,13.74,23.25,43.7,4.372,107.4,7.008
2024-11-26,17.965,23.25,13.855,40.82,35.87,3.582,11.37,10.91,43.06,12.2,5.748,25.13,2.132,8.032,61.8,2.405,24.44,5.684,27.7,5.65,3.514,6.712,0.232,51.75,13.456,23.41,43.54,4.432,106.75,6.932
2024-11-27,17.92,23.24,13.93,39.6,35.815,3.578,11.33,10.88,43.2,12.136,5.738,24.95,2.124,8.014,62.16,2.431,23.87,5.714,27.08,5.75,3.526,6.739,0.234,51.7,13.416,23.46,43.68,4.401,107.05,7.01
2024-11-28,18.13,23.5,13.97,40.2,36.22,3.602,11.24,10.97,43.8,12.35,5.804,25.48,2.144,8.008,62.56,2.426,23.77,5.722,27.1,5.69,3.518,6.77,0.231,51.35,13.424,23.59,43.88,4.41,105.55,7.148
2024-11-29,18.16,24.03,13.805,40.1,36.385,3.627,11.42,10.93,44.06,12.536,5.942,25.47,2.137,8.008,62.42,2.441,24.28,5.778,27.08,5.678,3.51,6.81,0.227,51.55,13.406,23.89,44.34,4.412,105.8,7.204
2024-12-02,18.23,23.93,13.715,39.64,36.805,3.632,11.35,10.92,44.06,11.746,5.898,25.85,2.129,7.962,63.04,2.435,24.62,5.758,27.54,5.812,3.508,6.831,0.224,51.15,13.342,23.91,43.7,4.399,104.85,7.164
2024-12-03,18.38,24.2,13.85,40.72,37.5,3.681,11.48,11.06,44.74,11.934,5.952,26.17,2.144,7.96,64.36,2.504,24.41,5.78,27.7,5.838,3.51,6.912,0.224,51.75,13.47,23.53,44.22,4.441,104.15,7.266
2024-12-04,18.34,24.21,13.935,38.96,37.565,3.731,11.75,11.25,45.18,12.09,6.076,26.32,2.17,7.936,64.96,2.546,24.73,5.8,27.81,6.09,3.506,6.943,0.227,51.75,13.486,23.8,43.94,4.458,104.0,7.286
2024-12-05,18.6,24.2,14.045,39.64,39.455,3.816,11.93,11.42,45.14,12.548,6.614,26.63,2.212,8.0,64.4,2.542,24.895,6.062,28.21,6.106,3.548,7.012,0.237,51.4,13.454,24.09,44.6,4.466,104.75,7.482
2024-12-06,18.05,24.3,14.155,39.18,39.21,3.839,11.77,11.41,45.54,12.948,6.628,26.41,2.2,7.938,64.5,2.49,25.095,5.89,28.08,6.27,3.516,6.986,0.24,51.95,13.42,24.15,44.66,4.448,103.4,7.51
2024-12-09,18.455,24.64,14.185,38.4,38.72,3.839,11.71,11.38,45.46,13.146,6.69,25.15,2.171,7.79,61.8,2.502,25.335,5.834,27.66,6.166,3.46,6.923,0.243,51.15,13.494,24.37,44.68,4.393,103.7,7.678
2024-12-10,18.495,24.87,14.21,38.2,38.835,3.819,11.6,11.32,45.3,13.274,6.682,24.86,2.188,7.79,62.22,2.487,25.015,5.788,27.52,6.124,3.448,6.936,0.243,51.05,13.404,24.58,44.5,4.386,103.95,7.772
2024-12-11,18.525,25.35,14.28,38.94,38.99,3.855,11.66,11.46,46.0,13.194,6.774,25.62,2.169,7.754,63.4,2.551,24.99,5.836,28.17,6.17,3.418,6.918,0.25,51.1,13.374,24.84,45.0,4.376,103.0,7.77
2024-12-12,18.57,25.63,14.3,38.1,39.24,3.905,11.87,11.48,45.64,13.208,6.698,25.73,2.172,7.736,61.8,2.569,25.06,6.122,28.03,6.278,3.438,6.909,0.253,51.2,13.32,24.92,45.26,4.325,101.85,7.86
2024-12-13,18.43,25.3,14.345,37.72,38.93,3.927,11.86,11.63,45.28,13.348,6.786,25.75,2.175,7.716,61.68,2.574,24.865,6.224,28.3,6.206,3.438,6.943,0.26,50.65,13.296,25.09,45.08,4.314,102.6,7.846
2024-12-16,18.395,24.73,14.345,37.12,38.88,3.944,12.09,11.67,45.34,12.73,6.808,26.01,2.179,7.7,62.4,2.6,24.39,6.298,28.03,6.162,3.43,7.019,0.275,50.85,13.1,24.91,45.8,4.32,101.65,7.944
2024-12-17,18.145,24.75,14.33,36.8,38.2,3.866,11.83,11.58,44.42,12.758,6.748,25.69,2.15,7.69,61.08,2.545,24.495,6.126,27.65,6.084,3.4,6.955,0.274,50.6,12.784,24.59,45.12,4.307,100.7,7.96
2024-12-18,18.175,24.8,14.26,37.0,38.7,3.9,11.88,11.55,44.68,12.744,6.854,25.87,2.126,7.626,61.84,2.555,25.115,6.212,27.31,6.026,3.36,6.916,0.272,50.75,12.892,24.5,45.2,4.272,101.25,7.904
2024-12-19,18.005,24.4,13.86,36.42,37.595,3.853,11.78,11.39,42.54,12.362,6.834,25.61,2.122,7.574,61.1,2.643,23.54,6.068,27.08,6.09,3.354,6.801,0.251,50.35,12.782,23.97,44.32,4.238,99.44,7.686
2024-12-20,17.95,24.8,13.76,36.34,37.65,3.834,11.72,11.36,42.82,12.378,6.826,25.55,2.118,7.61,61.08,2.482,23.675,6.016,27.06,6.012,3.356,6.806,0.242,50.4,12.724,23.8,45.34,4.238,100.25,7.684
2024-12-23,17.965,25.49,13.83,36.24,37.71,3.82,11.8,11.37,42.46,12.342,6.834,25.75,2.124,7.614,61.54,2.482,23.87,5.994,27.06,5.992,3.374,6.799,0.242,50.5,12.702,23.74,44.52,4.25,100.15,7.684
2024-12-24,17.965,25.49,13.83,36.24,37.71,3.82,11.8,11.37,42.46,12.342,6.834,25.75,2.124,7.614,61.54,2.482,23.87,5.994,27.06,5.992,3.374,6.799,0.242,50.5,12.702,23.74,44.52,4.25,100.15,7.684
2024-12-25,17.965,25.49,13.83,36.24,37.71,3.82,11.8,11.37,42.46,12.342,6.834,25.75,2.124,7.614,61.54,2.482,23.87,5.994,27.06,5.992,3.374,6.799,0.242,50.5,12.702,23.74,44.52,4.25,100.15,7.684
2024-12-26,17.965,25.49,13.83,36.24,37.71,3.82,11.8,11.37,42.46,12.342,6.834,25.75,2.124,7.614,61.54,2.482,23.87,5.994,27.06,5.992,3.374,6.799,0.242,50.5,12.702,23.74,44.52,4.25,100.15,7.684
2024-12-27,18.16,24.8,14.01,35.94,38.345,3.865,11.91,11.41,43.16,12.596,6.878,25.9,2.127,7.616,62.12,2.511,24.4,6.048,27.29,6.062,3.392,6.847,0.246,50.9,12.954,24.03,44.98,4.276,99.94,7.832
2024-12-30,18.07,24.85,14.075,35.58,38.525,3.863,12.03,11.49,42.66,12.59,6.93,25.93,2.145,7.62,61.66,2.509,24.01,6.134,27.27,6.018,3.432,6.886,0.247,50.6,13.09,23.99,44.86,4.277,99.56,7.812
2024-12-31,18.07,24.85,14.075,35.58,38.525,3.863,12.03,11.49,42.66,12.59,6.93,25.93,2.145,7.62,61.66,2.509,24.01,6.134,27.27,6.018,3.432,6.886,0.247,50.6,13.09,23.99,44.86,4.277,99.56,7.812
2025-01-02,18.445,24.93,14.13,35.96,38.38,3.85,11.89,11.46,43.28,12.62,6.934,26.06,2.187,7.74,63.06,2.662,23.805,5.956,27.6,6.1,3.462,7.025,0.25,51.75,13.462,24.14,45.22,4.35,100.5,7.77
2025-01-03,18.22,24.36,14.07,35.46,38.345,3.849,11.7,11.42,42.48,12.176,6.916,26.18,2.174,7.706,62.88,2.72,23.49,5.902,27.48,5.782,3.434,7.013,0.243,51.35,13.47,24.19,44.92,4.329,99.38,7.694
2025-01-06,18.47,25.71,14.375,36.34,39.54,3.93,11.78,11.66,43.94,12.652,7.052,26.0,2.156,7.682,64.06,2.748,25.345,6.008,27.68,5.946,3.406,7.03,0.244,51.8,13.64,24.42,45.1,4.325,101.95,7.87
2025-01-07,18.58,26.08,14.475,35.86,39.64,3.911,11.97,11.72,44.14,12.788,7.384,26.23,2.193,7.66,64.1,2.725,25.82,6.086,28.17,5.956,3.426,6.994,0.254,52.6,13.662,24.28,45.24,4.347,102.95,7.812
2025-01-08,18.92,25.65,14.46,36.76,40.595,3.968,12.22,12.13,43.38,12.45,7.6,27.3,2.215,7.64,63.96,2.716,24.69,6.278,28.22,5.892,3.434,6.987,0.258,53.35,13.672,24.49,45.14,4.318,102.6,7.816
2025-01-09,18.935,25.68,14.57,36.82,40.55,3.99,12.26,12.28,43.76,12.42,7.634,27.31,2.253,7.728,66.4,2.754,24.475,6.266,28.54,5.966,3.482,7.033,0.259,54.0,13.738,24.82,46.0,4.346,103.45,7.91
2025-01-10,18.885,25.2,14.5,36.26,40.015,4.011,12.12,12.15,42.84,12.276,7.664,27.7,2.181,7.614,65.88,2.73,24.04,6.274,28.38,5.678,3.404,6.97,0.255,53.35,13.744,24.5,45.8,4.302,102.8,7.968
2025-01-13,19.07,25.83,14.465,35.9,40.315,3.961,12.0,12.06,42.22,12.04,7.428,27.4,2.176,7.622,63.86,2.731,23.415,6.316,28.26,5.572,3.398,6.885,0.256,52.6,13.872,24.34,45.74,4.344,101.45,7.992
2025-01-14,18.915,26.02,14.69,35.64,40.93,4.071,12.23,12.17,42.52,12.1,7.496,27.87,2.212,7.612,63.96,2.729,23.505,6.46,28.69,5.418,3.412,6.921,0.257,52.65,13.744,24.25,46.34,4.343,100.4,8.122
2025-01-15,19.02,26.41,15.09,36.66,41.76,4.076,12.59,12.35,42.9,12.33,7.418,27.82,2.262,7.712,66.78,2.596,24.06,6.46,29.01,5.47,3.46,7.049,0.258,54.2,13.984,24.57,47.2,4.377,101.65,8.256
2025-01-16,18.92,26.55,15.105,36.58,41.92,4.098,12.59,12.37,43.64,12.208,7.422,28.37,2.285,7.796,66.86,2.571,24.17,6.424,29.18,5.47,3.508,7.104,0.26,54.55,13.944,24.78,47.9,4.388,100.5,8.22
2025-01-17,18.97,26.14,15.29,38.16,42.465,4.144,12.76,12.58,44.46,12.55,7.35,28.64,2.311,7.868,68.62,2.556,24.66,6.524,29.53,5.6,3.57,7.156,0.263,54.9,14.092,25.51,48.26,4.389,101.9,8.324
2025-01-20,18.99,26.07,15.39,38.32,43.12,4.168,12.72,12.67,44.18,12.848,7.224,28.76,2.301,7.758,69.16,2.528,24.755,6.58,29.43,5.558,3.512,6.791,0.262,54.6,13.892,25.74,48.26,4.233,101.9,8.298
2025-01-21,18.83,25.98,15.34,39.0,42.825,4.161,12.75,12.87,44.4,12.652,7.362,28.87,2.307,7.834,68.5,2.513,24.68,6.57,29.19,5.538,3.524,6.793,0.259,55.15,13.726,25.55,49.06,4.316,104.85,8.366
2025-01-22,18.73,26.27,15.075,39.18,42.45,4.097,12.77,12.75,45.1,12.7,7.434,29.32,2.239,7.766,70.84,2.473,24.54,6.464,29.1,5.428,3.452,6.688,0.257,55.75,13.676,25.59,49.08,4.319,105.6,8.23
2025-01-23,18.6,26.09,15.29,39.26,43.525,4.178,13.03,12.87,44.78,12.662,7.464,29.71,2.271,7.792,71.78,2.483,24.565,6.618,29.5,5.37,3.424,6.668,0.259,55.8,13.594,25.61,49.14,4.411,106.4,8.262
2025-01-24,18.45,25.65,16.47,39.7,43.755,4.194,12.95,12.73,45.54,12.794,7.26,29.44,2.25,7.714,72.0,2.412,24.29,6.63,29.68,5.658,3.378,6.681,0.255,56.0,13.408,25.55,49.02,4.411,104.8,8.418
2025-01-27,18.64,25.84,16.5,39.06,43.845,4.176,12.92,12.73,45.0,12.982,7.484,29.2,2.231,7.798,65.7,2.382,24.37,6.55,30.25,5.598,3.506,6.759,0.258,56.8,13.41,25.52,49.22,4.46,106.2,8.4
2025-01-28,18.185,25.85,15.78,39.02,44.275,4.194,12.85,12.8,45.66,12.83,7.286,29.24,2.242,7.926,63.62,2.31,23.59,6.52,29.96,5.69,3.484,6.79,0.267,57.5,13.432,25.62,48.7,4.51,106.55,8.39
2025-01-29,18.16,25.86,15.85,39.0,44.855,4.25,13.06,12.84,45.44,12.87,7.38,29.48,2.269,7.882,65.44,2.359,23.77,6.696,30.07,5.568,3.486,6.77,0.266,58.15,13.45,25.13,48.52,4.47,103.75,8.51
2025-01-30,18.32,25.93,15.955,39.4,44.82,4.218,13.18,12.92,45.38,13.03,7.422,29.62,2.277,7.982,66.46,2.348,21.215,6.604,30.41,5.656,3.536,6.866,0.267,59.0,13.636,25.38,48.22,4.472,104.6,8.52
2025-01-31,18.38,25.89,15.83,39.62,44.42,4.193,13.12,13.02,45.72,12.962,7.508,30.26,2.285,7.964,67.34,2.369,21.825,6.594,30.63,5.588,3.536,6.869,0.266,58.75,13.7,25.31,48.44,4.466,103.7,8.52
2025-02-03,18.395,25.57,15.705,39.02,44.1,4.172,13.12,12.98,44.6,12.376,7.682,30.58,2.281,7.988,65.96,2.288,21.16,6.526,30.73,5.52,3.542,6.886,0.269,59.25,13.63,24.9,48.18,4.468,103.5,8.412
2025-02-04,18.59,25.89,15.765,39.26,44.61,4.252,13.15,13.05,44.22,12.61,7.574,30.2,2.281,7.966,64.08,2.318,21.64,6.552,30.9,5.38,3.582,6.917,0.273,59.1,13.784,24.8,48.0,4.478,102.85,8.56
2025-02-05,18.525,25.88,15.865,39.32,44.625,4.223,13.04,13.13,44.44,12.55,7.562,30.04,2.306,7.986,62.78,2.308,21.2,6.604,30.65,5.248,3.61,6.952,0.276,59.45,13.744,24.72,48.94,4.52,102.85,8.54
2025-02-06,18.43,26.19,16.37,42.08,46.205,4.349,13.42,13.51,45.08,12.674,7.368,29.19,2.255,7.932,63.56,2.295,21.605,6.892,31.13,5.346,3.58,6.892,0.282,59.65,13.812,25.3,49.72,4.468,102.15,8.958
2025-02-07,18.435,26.1,16.445,43.66,47.025,4.351,13.49,13.49,44.18,12.532,7.316,29.35,2.238,7.896,63.38,2.302,21.74,6.37,31.2,5.21,3.57,6.894,0.3,58.6,13.862,25.28,49.56,4.49,100.35,9.042
2025-02-10,19.33,26.48,16.55,44.22,47.225,4.341,13.48,13.52,45.26,12.628,7.328,29.4,2.274,7.902,64.3,2.299,21.765,6.268,31.58,5.142,3.6,6.921,0.304,58.5,13.886,25.77,51.1,4.467,98.88,8.872
2025-02-11,19.12,26.63,16.99,43.76,46.88,4.422,13.77,13.58,45.2,12.662,7.358,29.95,2.266,7.816,66.4,2.302,22.19,6.428,31.8,5.174,3.59,6.87,0.305,58.55,14.062,26.47,53.2,4.452,99.58,8.916
2025-02-12,18.93,26.51,16.915,44.04,46.57,4.42,13.73,13.74,45.72,12.674,7.418,29.91,2.232,7.736,65.74,2.312,22.315,6.454,31.97,5.156,3.52,6.806,0.305,59.05,14.026,26.36,52.75,4.425,99.66,8.862
2025-02-13,18.64,26.95,16.79,44.56,46.135,4.378,13.63,13.75,47.12,13.25,7.992,30.58,2.231,7.88,67.4,2.308,22.955,6.374,32.32,5.352,3.562,6.91,0.298,60.95,13.992,26.65,52.15,4.491,100.4,8.698
2025-02-14,18.435,26.89,16.755,45.7,46.86,4.398,13.72,13.7,39.44,13.424,7.926,31.68,2.219,7.824,66.88,2.289,23.33,6.394,31.95,5.35,3.598,6.876,0.275,59.6,14.038,26.4,52.1,4.44,100.75,8.76
2025-02-17,18.76,26.29,16.665,45.38,47.61,4.469,14.3,13.76,38.2,13.432,8.452,34.26,2.216,7.814,68.98,2.309,23.245,6.612,32.28,5.346,3.562,6.834,0.273,59.75,14.076,26.52,52.25,4.421,100.55,8.812
2025-02-18,18.755,25.66,16.855,45.9,48.4,4.553,14.42,13.88,38.76,13.558,8.62,35.0,2.189,7.782,69.26,2.341,23.12,6.71,32.43,5.42,3.552,6.817,0.28,59.9,14.094,26.36,52.4,4.412,99.58,9.04
2025-02-19,18.69,25.14,16.635,44.34,47.91,4.511,14.13,13.7,38.28,13.332,8.908,35.91,2.202,7.846,68.7,2.31,24.95,6.758,31.89,5.376,3.556,6.825,0.275,55.85,14.054,25.99,51.5,4.433,99.98,8.944
2025-02-20,18.185,25.11,16.505,43.82,47.79,4.489,13.83,13.52,37.96,13.334,8.728,34.8,2.132,7.818,67.92,2.281,26.37,6.798,31.5,5.364,3.532,6.795,0.271,54.85,14.056,25.89,51.4,4.425,99.92,9.036
2025-02-21,18.28,25.22,16.495,43.34,47.785,4.521,13.81,13.54,37.86,13.488,8.968,35.15,2.145,7.826,68.7,2.322,26.74,6.802,31.33,5.7,3.558,6.847,0.271,54.1,13.962,25.91,51.35,4.474,99.5,9.096
2025-02-24,18.005,25.24,16.57,42.58,47.965,4.533,13.76,13.53,37.68,13.47,9.022,35.85,2.139,7.918,65.6,2.313,26.42,6.958,31.33,5.652,3.61,6.94,0.272,54.2,14.036,25.73,50.5,4.521,102.3,9.178
2025-02-25,17.65,24.62,16.825,43.18,49.325,4.615,13.96,13.58,37.0,13.49,9.5,36.74,2.154,7.976,63.56,2.269,25.815,7.096,31.31,5.638,3.638,6.985,0.272,53.7,14.138,25.69,50.4,4.579,100.3,9.368
2025-02-26,17.785,24.65,17.085,44.14,50.85,4.769,14.32,13.83,37.02,12.944,9.652,37.51,2.146,7.972,65.04,2.203,25.165,7.292,31.8,5.828,3.652,6.992,0.271,54.15,14.274,25.84,51.0,4.609,100.7,9.606
2025-02-27,18.095,24.49,17.095,43.34,50.86,4.753,14.31,13.69,36.46,12.27,9.74,39.0,2.19,7.99,57.12,2.249,24.155,7.296,31.74,5.718,3.68,6.987,0.269,54.5,14.074,26.0,50.3,4.621,100.8,9.584
2025-02-28,18.0,24.39,17.15,43.56,50.61,4.733,14.34,13.59,36.46,12.36,9.446,38.56,2.189,8.06,57.04,2.202,23.72,7.348,31.74,5.726,3.742,7.059,0.271,54.3,13.854,26.04,50.05,4.649,101.45,9.62
2025-03-03,18.005,23.79,17.27,44.58,51.97,4.805,14.48,13.82,36.0,12.328,9.86,44.78,2.178,7.976,56.18,2.154,23.78,7.492,32.04,5.768,3.74,6.985,0.27,54.95,13.85,26.2,50.55,4.602,100.0,9.748
2025-03-04,16.93,23.28,16.805,42.34,49.76,4.663,14.2,13.29,34.36,11.076,9.638,43.5,2.186,8.088,53.32,2.044,21.79,7.174,31.79,5.846,3.726,6.856,0.255,54.25,13.264,25.18,49.16,4.693,99.44,9.376
2025-03-05,16.845,24.19,17.29,49.24,53.45,4.834,14.41,13.49,36.12,11.576,9.998,45.21,2.147,7.74,55.96,2.03,22.995,7.408,32.13,6.256,3.574,6.714,0.258,53.85,13.144,25.96,49.88,4.484,98.72,9.852
2025-03-06,17.35,20.4,17.43,53.2,54.58,4.863,14.48,13.8,36.28,11.816,9.972,46.17,2.136,7.622,56.02,1.982,24.035,7.642,32.12,6.374,3.576,6.651,0.265,53.55,13.216,26.74,50.5,4.433,95.4,9.958
2025-03-07,17.275,20.86,17.385,51.5,53.36,4.894,14.46,13.91,37.0,11.646,9.594,43.2,2.17,7.766,54.24,2.035,23.72,7.594,32.11,6.198,3.68,6.788,0.275,53.55,13.536,26.45,50.6,4.501,96.42,9.86
2025-03-10,16.79,21.29,17.08,48.34,51.59,4.79,14.43,13.62,36.0,11.948,9.526,43.0,2.211,7.93,52.7,1.978,23.335,7.348,31.9,6.4,3.784,6.94,0.275,54.1,13.63,25.3,49.5,4.634,100.9,9.638
2025-03-11,16.715,20.67,16.675,48.42,50.4,4.689,14.15,13.4,35.54,11.324,9.672,43.75,2.238,7.936,53.2,1.967,22.685,7.252,31.56,6.14,3.75,6.963,0.268,52.3,13.546,24.98,49.2,4.593,99.26,9.564
2025-03-12,17.085,20.32,17.09,51.2,51.95,4.769,14.5,13.8,36.02,11.262,9.75,43.72,2.236,7.876,56.3,2.082,22.725,7.378,31.9,6.038,3.762,6.968,0.274,53.0,13.65,25.46,50.6,4.578,98.86,9.764
2025-03-13,17.1,20.15,16.85,50.0,51.04,4.719,14.66,13.75,35.42,11.004,9.746,44.06,2.256,7.928,55.42,2.011,22.125,7.304,31.85,5.778,3.814,6.995,0.28,52.95,13.656,25.21,49.98,4.597,98.06,9.718
2025-03-14,17.58,19.975,17.045,53.5,52.7,4.8,14.88,14.01,35.58,11.274,10.77,47.2,2.26,7.874,56.84,2.066,22.61,7.42,31.96,5.75,3.836,7.039,0.297,52.7,13.718,25.97,51.2,4.533,95.44,9.948
2025-03-17,17.785,19.95,17.515,53.6,53.63,4.83,14.93,14.19,35.96,11.43,10.88,46.7,2.272,7.996,57.4,2.129,22.92,7.544,32.05,5.872,3.848,7.066,0.297,53.35,14.024,25.99,51.7,4.622,95.16,10.085
2025-03-18,17.805,19.83,17.885,53.8,54.99,4.939,15.32,14.47,36.34,11.586,11.17,47.74,2.289,7.91,59.48,2.17,23.48,7.684,32.81,5.972,3.894,7.076,0.292,53.45,14.15,26.42,52.05,4.595,95.94,10.215
2025-03-19,18.285,19.8,18.075,53.3,54.95,4.948,15.36,14.6,36.02,11.62,11.5,48.21,2.309,7.908,59.64,2.197,23.525,7.708,32.75,5.848,3.9,7.178,0.29,53.3,14.336,26.45,52.35,4.606,95.54,10.215
2025-03-20,18.255,19.715,17.98,52.05,53.41,4.804,15.25,14.55,35.8,11.272,11.22,47.44,2.235,7.996,58.0,2.195,22.645,7.56,32.43,5.982,3.928,7.249,0.288,54.0,14.446,26.53,52.2,4.628,94.1,10.0
2025-03-21,18.19,19.45,17.855,51.2,53.31,4.827,15.29,14.62,35.22,11.1,11.1,45.89,2.215,8.048,57.76,2.188,22.11,7.608,32.5,5.814,3.93,7.306,0.291,53.45,14.376,26.31,51.75,4.64,94.98,10.145
2025-03-24,18.325,19.465,17.905,51.35,53.52,4.833,15.37,14.93,35.24,11.316,10.785,44.81,2.18,8.052,57.5,2.21,22.445,7.672,32.33,5.722,3.91,7.208,0.297,53.3,14.062,26.55,52.5,4.628,95.58,10.055
2025-03-25,18.63,19.715,18.18,51.3,55.28,4.94,15.45,15.27,35.36,11.4,10.135,45.26,2.2,8.058,56.76,2.184,22.45,7.774,32.48,5.694,3.944,7.251,0.298,53.9,14.22,26.97,53.25,4.633,94.94,10.27
2025-03-26,18.755,19.5,17.995,50.0,55.02,4.902,15.47,15.35,35.04,11.394,10.235,45.94,2.19,8.1,53.24,2.216,21.54,7.742,32.46,5.624,3.922,7.287,0.3,53.0,14.386,26.73,53.2,4.619,94.52,9.81
2025-03-27,18.365,19.55,17.98,47.96,54.55,4.917,15.27,15.33,34.48,10.912,10.125,46.28,2.211,8.17,54.06,2.199,21.29,7.66,32.81,5.524,3.978,7.371,0.315,53.15,14.486,26.57,53.05,4.658,94.36,9.788
2025-03-28,18.105,19.235,17.835,46.78,53.2,4.822,14.73,15.21,33.98,10.482,9.956,45.05,2.249,8.316,52.9,2.171,20.5,7.462,32.63,5.644,4.036,7.535,0.313,53.25,14.3,26.42,52.55,4.77,93.68,9.59
2025-03-31,18.06,18.675,17.265,44.22,51.53,4.734,14.72,14.87,32.82,10.262,10.275,44.83,2.225,8.364,50.36,2.141,19.994,7.21,32.38,5.414,4.0,7.497,0.311,52.3,14.298,25.76,51.8,4.795,91.5,9.346
2025-04-01,18.23,18.895,17.625,45.02,52.67,4.791,15.14,15.04,33.12,10.284,10.31,46.04,2.234,8.354,50.7,2.115,20.135,7.376,32.8,5.488,4.012,7.517,0.319,52.85,14.404,26.05,52.1,4.818,92.08,9.544
2025-04-02,18.13,18.485,17.485,46.1,52.14,4.788,14.95,14.93,33.0,10.192,10.32,44.62,2.229,8.366,50.64,2.128,19.906,7.262,32.92,5.65,4.038,7.577,0.315,51.7,14.312,25.87,51.85,4.801,91.36,9.558
2025-04-03,16.345,18.6,16.57,44.34,48.51,4.455,14.53,14.1,31.5,9.371,10.14,46.1,2.307,8.678,47.46,1.936,18.25,6.79,32.49,5.58,4.14,7.784,0.32,51.35,13.672,24.85,50.25,4.967,91.74,9.024
2025-04-04,15.47,18.51,14.855,41.54,43.865,4.129,13.0,12.74,28.94,8.776,9.488,40.38,2.149,8.334,43.21,1.788,17.014,6.078,30.43,5.438,3.95,7.42,0.3,50.65,13.052,21.72,45.38,4.805,93.26,8.298
2025-04-07,14.55,17.33,14.105,40.1,42.65,3.9,12.41,12.11,27.06,8.289,9.135,39.04,1.965,7.83,41.12,1.69,16.872,5.858,29.31,5.228,3.654,6.858,0.282,46.36,12.044,20.46,43.9,4.584,90.76,8.016
2025-04-08,14.615,17.835,14.375,41.66,43.595,3.995,13.31,12.76,27.38,8.219,9.8,41.95,2.008,7.978,41.82,1.752,17.26,5.976,30.36,5.438,3.736,6.963,0.284,47.4,11.89,21.24,45.88,4.616,93.72,8.218
2025-04-09,13.81,17.1,14.045,40.86,43.515,3.907,12.84,12.24,26.18,7.77,9.63,40.72,1.913,7.802,40.65,1.622,16.678,5.88,29.07,5.184,3.626,6.791,0.276,44.78,11.234,20.48,44.16,4.509,90.72,8.078
2025-04-10,14.035,17.76,14.585,43.44,47.155,4.133,13.565,12.88,28.06,7.971,9.91,42.31,1.97,7.968,43.7,1.702,16.912,6.218,29.97,5.492,3.722,6.971,0.299,45.86,11.558,21.63,46.58,4.637,91.54,8.69
2025-04-11,13.79,17.84,14.52,43.26,46.32,4.125,13.42,12.7,27.82,7.667,9.9,42.56,1.982,8.052,43.27,1.708,17.572,6.21,28.92,5.532,3.796,6.994,0.299,46.64,11.498,21.22,45.38,4.637,94.5,8.552
2025-04-14,14.165,17.56,15.21,44.92,48.15,4.234,14.125,13.25,28.56,7.814,10.17,44.22,2.036,8.194,44.75,1.757,17.976,6.438,29.81,5.64,3.866,7.08,0.315,47.64,11.778,22.06,47.08,4.683,96.08,8.996
2025-04-15,14.34,16.75,15.745,46.28,49.65,4.356,14.455,13.62,29.04,8.319,10.49,46.5,2.08,8.336,45.73,1.801,18.304,6.626,30.37,5.55,3.938,7.214,0.317,48.36,11.96,22.59,47.96,4.737,97.16,9.32
2025-04-16,14.615,16.36,15.66,44.16,50.62,4.397,14.5,13.45,28.36,8.229,10.39,45.32,2.11,8.444,44.71,1.823,18.052,6.736,30.77,5.712,4.014,7.293,0.321,48.5,12.174,22.45,47.34,4.849,98.12,9.428
2025-04-17,14.545,16.21,15.675,43.96,49.89,4.359,14.49,13.26,28.08,8.291,10.34,45.05,2.127,8.434,44.91,1.862,17.944,6.636,30.86,5.622,4.012,7.372,0.323,48.36,12.272,22.23,47.08,4.88,97.92,9.276
2025-04-18,14.545,16.21,15.675,43.96,49.89,4.359,14.49,13.26,28.08,8.291,10.34,45.05,2.127,8.434,44.91,1.862,17.944,6.636,30.86,5.622,4.012,7.372,0.323,48.36,12.272,22.23,47.08,4.88,97.92,9.276
2025-04-21,14.545,16.21,15.675,43.96,49.89,4.359,14.49,13.26,28.08,8.291,10.34,45.05,2.127,8.434,44.91,1.862,17.944,6.636,30.86,5.622,4.012,7.372,0.323,48.36,12.272,22.23,47.08,4.88,97.92,9.276
2025-04-22,14.54,16.33,15.745,43.12,48.545,4.419,14.755,12.37,27.86,7.712,10.45,44.64,2.153,8.612,42.65,1.859,18.14,6.65,31.31,5.64,4.076,7.497,0.33,48.3,12.398,22.4,46.84,4.965,97.88,9.222
2025-04-23,14.555,16.92,16.125,43.98,49.91,4.543,14.93,12.73,28.36,7.938,10.34,43.85,2.125,8.438,44.96,1.882,19.234,6.812,31.24,5.676,4.028,7.454,0.333,48.98,12.43,23.02,47.96,4.9,98.48,9.418
2025-04-24,14.7,17.05,16.5,44.52,49.51,4.557,14.94,12.83,29.36,8.128,10.71,44.36,2.141,8.542,46.53,1.964,20.25,6.892,31.54,5.7,4.042,7.5,0.338,49.22,12.692,23.42,47.76,4.955,99.5,9.53
2025-04-25,14.78,16.935,17.59,45.96,50.87,4.665,15.3,13.15,29.46,8.199,11.17,44.62,2.161,8.52,48.07,2.011,20.42,7.044,31.96,5.574,4.062,7.53,0.339,49.46,12.758,23.97,48.78,4.941,99.04,9.738
2025-04-28,14.805,16.81,17.45,45.82,51.74,4.693,15.465,13.27,30.3,8.221,11.24,43.85,2.185,8.608,48.05,2.046,20.14,7.162,31.6,5.646,4.098,7.55,0.341,49.04,12.718,24.3,51.3,4.972,98.72,9.88
2025-04-29,14.75,16.79,18.37,46.16,52.45,4.755,15.61,13.28,30.02,8.301,11.54,45.2,2.197,8.676,47.48,2.05,20.145,7.262,32.11,5.66,4.126,7.64,0.348,50.15,12.686,24.39,52.2,5.018,99.34,9.98
2025-04-30,14.685,16.805,17.985,46.12,50.97,4.682,15.75,13.12,30.08,8.14,11.45,45.8,2.239,8.768,47.94,2.041,19.816,7.138,32.14,5.884,4.166,7.644,0.348,51.85,12.7,24.39,52.1,5.06,100.5,9.794
2025-05-01,14.685,16.805,17.985,46.12,50.97,4.682,15.75,13.12,30.08,8.14,11.45,45.8,2.239,8.768,47.94,2.041,19.816,7.138,32.14,5.884,4.166,7.644,0.348,51.85,12.7,24.39,52.1,5.06,100.5,9.794
2025-05-02,14.74,17.43,18.21,47.6,52.62,4.754,16.04,13.49,31.64,8.38,11.87,48.15,2.225,8.656,50.96,2.08,20.65,7.314,32.59,5.996,4.168,7.676,0.354,52.7,12.656,25.06,53.2,5.022,99.0,9.994
2025-05-05,14.75,17.45,18.56,47.16,51.96,4.801,16.47,13.56,32.14,8.378,12.1,48.77,2.234,8.736,50.6,2.058,20.425,7.358,33.64,5.946,4.19,7.72,0.353,53.15,12.574,25.42,54.75,5.062,100.7,9.95
2025-05-06,14.895,18.54,18.73,48.44,52.4,4.764,16.66,13.61,32.18,8.32,12.1,47.97,2.25,8.738,50.66,2.052,20.03,7.396,34.16,5.984,4.178,7.696,0.359,53.2,12.716,25.48,55.4,5.05,98.7,9.846
2025-05-07,14.665,19.05,18.84,46.74,51.55,4.668,16.645,13.75,32.06,8.298,12.02,47.79,2.257,8.652,50.54,2.064,20.15,7.344,33.88,5.998,4.208,7.743,0.356,53.0,12.65,25.47,55.4,5.062,95.7,9.758
2025-05-08,14.965,19.135,19.335,47.82,53.26,4.812,16.6,14.1,32.76,8.711,12.23,49.0,2.212,8.568,53.48,2.098,20.535,7.596,34.19,6.056,4.188,7.583,0.359,52.5,12.746,25.55,56.2,5.12,96.8,9.854
2025-05-09,15.09,18.7,20.38,47.82,53.77,4.854,16.92,14.23,32.98,8.757,12.27,47.38,2.242,8.592,52.76,2.178,21.22,7.842,34.8,5.892,4.17,7.74,0.368,52.15,13.0,26.06,56.15,5.106,95.38,10.045
2025-05-12,15.59,19.285,20.77,48.32,56.02,4.885,16.795,14.29,34.42,9.357,11.48,45.34,2.225,8.426,54.16,2.231,22.655,7.848,34.71,6.008,4.076,7.687,0.362,51.65,13.268,26.8,56.65,4.999,96.7,10.375
2025-05-13,15.625,19.945,21.12,48.94,55.19,4.886,16.645,14.5,34.88,9.768,11.3,45.43,2.172,8.42,55.94,2.283,23.3,7.948,34.31,5.83,4.064,7.73,0.364,51.75,13.474,26.83,55.95,4.991,96.62,10.31
2025-05-14,15.605,19.95,21.27,49.02,56.25,4.955,17.115,14.63,34.68,9.692,11.59,45.48,2.218,8.496,56.3,2.282,23.275,7.966,34.79,5.794,4.016,7.744,0.366,50.35,13.446,27.47,57.0,5.022,94.7,10.305
2025-05-15,15.33,19.655,21.01,48.82,56.06,4.975,17.185,14.7,34.9,9.572,11.8,47.31,2.255,8.552,55.22,2.27,23.17,7.874,34.81,5.796,4.106,7.869,0.373,51.1,13.324,27.51,56.15,5.088,93.9,10.2
2025-05-16,15.235,19.68,21.0,48.16,56.48,4.977,17.26,14.82,35.02,9.572,12.05,48.92,2.303,8.654,54.64,2.25,23.065,7.852,34.85,5.86,4.15,7.956,0.382,51.5,13.392,27.31,55.85,5.172,95.12,10.225
2025-05-19,14.665,19.335,20.33,48.34,57.2,4.861,16.52,14.93,34.34,9.448,12.51,49.94,2.212,8.72,55.2,2.096,22.805,7.592,33.48,5.798,4.234,8.014,0.388,51.45,13.078,25.95,54.25,5.156,93.96,9.912
2025-05-20,14.82,19.44,20.3,48.04,57.83,4.923,16.84,14.97,34.82,9.574,14.01,51.04,2.265,8.824,56.04,2.094,22.975,7.62,33.43,5.83,4.248,8.091,0.389,51.5,13.128,26.08,53.75,5.224,93.62,9.972
2025-05-21,14.65,19.215,20.47,47.78,57.85,4.951,16.985,15.19,34.26,9.535,14.47,51.76,2.259,8.868,55.22,2.099,22.925,7.662,33.3,5.712,4.268,8.081,0.395,52.45,13.02,26.25,53.5,5.21,92.98,10.02
2025-05-22,14.325,19.28,20.53,46.76,57.27,4.924,17.075,15.04,33.74,9.165,15.05,51.22,2.268,8.926,54.46,2.076,22.465,7.86,33.34,5.632,4.286,8.124,0.389,51.6,12.82,25.87,52.75,5.25,91.72,10.015
2025-05-23,14.305,19.285,20.3,46.66,55.57,4.752,16.98,14.76,32.7,8.742,14.81,51.36,2.263,8.99,54.3,2.049,21.525,7.634,33.03,5.548,4.284,8.079,0.388,51.35,12.756,25.81,52.5,5.254,90.2,9.8
2025-05-26,14.555,19.435,20.54,47.4,56.18,4.833,17.0,14.8,33.56,9.18,15.43,53.06,2.278,9.052,55.28,2.143,22.12,7.7,33.22,5.68,4.338,8.13,0.391,51.65,12.93,26.16,53.1,5.27,91.22,9.824
2025-05-27,14.365,19.94,20.57,47.12,56.5,4.845,17.005,14.73,34.2,9.22,16.27,54.3,2.264,8.996,57.8,2.143,22.465,7.684,33.19,5.688,4.334,8.07,0.383,51.8,12.998,25.92,53.3,5.238,91.6,9.856
2025-05-28,14.915,19.97,20.85,46.9,56.96,4.843,16.89,14.67,34.18,9.014,16.24,55.34,2.268,8.962,58.32,2.185,22.355,7.726,32.7,5.7,4.328,8.035,0.382,51.8,12.964,25.83,52.5,5.252,91.04,10.09
2025-05-29,14.825,20.19,20.91,45.9,56.46,4.851,17.06,14.6,34.34,9.066,15.68,54.12,2.254,8.872,57.42,2.175,22.54,7.738,32.22,5.678,4.314,8.026,0.383,51.65,12.93,25.82,51.55,5.23,91.18,10.12
2025-05-30,14.77,20.23,20.92,45.22,56.56,4.91,17.23,14.63,34.34,8.965,15.71,54.22,2.284,8.958,56.6,2.183,22.105,7.812,32.05,5.744,4.372,8.085,0.376,52.8,12.972,25.7,51.35,5.266,91.36,10.11
2025-06-02,15.505,19.895,20.72,44.68,56.68,4.901,17.19,14.64,33.92,8.52,15.59,53.66,2.289,9.058,56.6,2.233,21.685,7.748,32.11,5.596,4.408,8.076,0.379,52.8,13.17,25.75,51.6,5.312,90.4,10.12
2025-06-03,15.51,20.4,20.09,44.68,57.24,4.891,17.26,14.63,34.22,8.74,15.83,54.48,2.266,8.972,57.58,2.246,22.43,7.718,31.45,5.556,4.384,8.067,0.376,53.15,13.302,25.66,50.7,5.242,90.3,10.17
2025-06-04,15.21,20.77,19.565,45.2,56.55,4.869,17.13,14.51,34.84,8.678,15.3,53.14,2.297,8.944,58.84,2.297,24.93,7.668,31.89,5.91,4.386,8.077,0.379,52.6,13.178,25.75,51.7,5.252,90.94,10.14
2025-06-05,15.205,20.77,19.95,46.48,57.81,4.948,17.3,14.59,34.88,8.585,16.12,54.3,2.306,8.874,58.28,2.308,25.185,7.844,32.4,5.634,4.34,8.013,0.383,52.95,13.208,26.04,52.45,5.19,91.06,10.35
2025-06-06,15.205,20.63,19.975,46.62,58.2,5.02,17.595,14.68,35.36,8.673,15.33,52.62,2.329,8.93,58.58,2.32,25.05,7.948,32.49,5.674,4.354,8.03,0.386,54.95,13.35,26.28,52.5,5.232,92.12,10.33
2025-06-09,15.465,20.82,19.86,46.8,58.29,5.011,17.46,14.59,35.48,8.718,15.04,52.06,2.307,8.88,58.08,2.345,25.77,7.934,31.79,5.798,4.28,7.94,0.384,54.45,13.35,26.45,51.25,5.202,93.9,10.38
2025-06-10,15.835,21.07,19.675,45.88,56.78,4.88,16.915,14.35,35.98,9.151,14.5,48.78,2.305,8.888,58.2,2.418,26.17,7.686,31.8,5.812,4.29,7.957,0.385,55.1,13.672,26.24,51.05,5.232,95.1,10.11
2025-06-11,15.625,21.1,19.635,45.64,57.02,4.89,17.15,14.31,35.74,9.028,14.77,48.33,2.35,8.928,58.36,2.368,26.48,7.68,31.57,5.794,4.29,7.972,0.388,55.25,13.65,26.91,50.9,5.236,94.58,10.045
2025-06-12,15.525,21.32,19.51,44.92,56.98,4.86,17.01,14.44,34.94,8.781,14.53,48.4,2.34,8.93,57.28,2.396,25.835,7.648,31.28,5.83,4.336,8.025,0.384,55.3,13.858,26.89,50.55,5.246,94.38,10.06
2025-06-13,15.55,20.65,19.185,44.04,56.15,4.82,16.755,14.15,34.26,8.483,14.5,48.61,2.361,8.942,55.8,2.342,25.58,7.55,30.82,5.632,4.32,7.982,0.375,54.35,14.002,26.03,49.94,5.256,93.32,9.916
2025-06-16,15.65,21.15,19.41,45.26,58.08,4.934,16.935,14.25,34.76,8.539,14.58,49.12,2.329,8.842,57.64,2.345,25.6,7.71,30.65,5.69,4.302,7.985,0.386,54.7,13.994,26.18,48.8,5.23,93.98,10.065
2025-06-17,15.91,20.58,19.22,44.64,55.98,4.801,16.65,14.08,34.3,8.399,14.44,48.24,2.299,8.878,56.54,2.394,25.285,7.55,30.28,5.67,4.244,7.968,0.389,54.25,14.152,25.98,47.78,5.258,93.44,10.025
2025-06-18,15.77,20.88,19.32,44.36,56.49,4.822,16.615,14.13,34.3,8.323,14.3,48.14,2.282,8.878,56.34,2.409,25.375,7.6,30.0,5.61,4.222,7.959,0.407,53.5,14.174,25.98,47.4,5.262,93.58,10.115
2025-06-19,15.71,20.52,18.96,43.72,55.35,4.75,16.54,14.01,33.38,8.155,14.02,47.14,2.269,8.932,55.7,2.398,24.925,7.45,29.95,5.61,4.172,7.95,0.393,53.3,14.256,25.62,47.02,5.274,93.04,9.81
2025-06-20,15.78,20.63,19.24,44.62,55.79,4.812,16.805,14.18,34.22,8.182,14.37,47.04,2.256,8.852,56.28,2.386,24.88,7.64,30.04,5.74,4.178,7.993,0.404,53.95,14.306,26.6,47.5,5.23,94.36,9.83
2025-06-23,15.79,20.47,19.135,44.22,55.01,4.754,16.725,13.99,33.74,8.01,13.98,45.5,2.287,8.688,55.56,2.345,25.0,7.478,29.91,5.68,4.07,8.086,0.394,53.9,14.224,25.9,46.94,5.08,94.0,9.632
2025-06-24,15.405,20.9,19.94,47.22,57.2,4.866,16.91,14.48,34.54,8.254,13.96,45.0,2.27,8.628,57.76,2.296,25.76,7.704,29.98,5.574,4.068,8.122,0.403,54.3,13.862,26.84,47.08,5.106,94.68,9.956
2025-06-25,15.445,20.78,19.825,46.42,56.31,4.832,16.915,14.37,34.12,8.509,14.37,46.21,2.244,8.576,57.28,2.29,25.27,7.598,30.01,5.558,4.02,8.035,0.409,53.35,13.74,26.92,47.08,5.048,93.66,9.888
2025-06-26,15.55,21.22,19.58,45.56,56.16,4.811,16.605,14.5,34.56,8.425,15.65,48.19,2.267,8.664,57.84,2.308,25.82,7.546,30.0,5.596,4.06,8.06,0.417,53.45,13.71,26.98,47.36,5.098,94.0,9.888
2025-06-27,15.77,19.67,19.575,47.52,56.52,4.878,16.605,14.58,35.42,8.818,15.63,46.63,2.281,8.604,61.1,2.302,25.75,7.596,30.19,5.61,4.066,8.065,0.417,53.8,13.83,27.26,46.9,5.066,92.04,9.976
2025-06-30,15.975,19.93,19.735,47.06,56.91,4.891,16.825,14.62,35.34,8.509,16.35,47.78,2.285,8.726,60.04,2.325,25.945,7.716,30.21,5.71,4.102,8.056,0.419,53.4,13.76,27.18,47.18,5.142,90.86,9.912
2025-07-01,15.75,19.8,18.905,46.5,55.93,4.845,16.435,14.31,35.02,8.601,15.41,45.39,2.321,8.748,59.42,2.297,25.48,7.478,30.22,5.906,4.09,8.242,0.41,54.05,13.79,26.8,46.28,5.146,91.66,9.824
2025-07-02,16.25,20.16,18.5,46.38,56.73,4.888,16.12,14.38,35.08,8.745,15.7,45.45,2.29,8.632,60.14,2.37,26.835,7.58,30.0,6.042,3.98,8.2,0.406,53.4,13.976,26.89,46.0,5.06,91.3,10.005
2025-07-03,16.32,20.27,18.585,46.32,57.02,4.918,16.35,14.4,35.26,8.747,16.19,45.77,2.265,8.602,59.98,2.385,27.445,7.652,30.09,6.06,3.968,8.16,0.414,53.5,13.982,27.12,46.6,5.056,90.34,10.1
2025-07-04,16.205,20.45,18.61,46.08,56.45,4.868,16.285,14.28,34.82,8.573,16.25,45.87,2.238,8.538,59.34,2.373,27.185,7.496,29.99,6.072,3.958,8.145,0.413,54.05,13.922,27.01,46.44,5.064,90.28,10.005
2025-07-07,16.195,20.25,18.66,48.26,57.35,4.938,16.625,14.5,34.48,8.394,16.27,46.62,2.215,8.44,59.38,2.31,27.265,7.65,30.75,6.066,3.914,8.085,0.416,53.75,13.856,27.55,46.82,4.998,89.28,10.125
2025-07-08,16.44,20.11,18.705,49.2,58.44,4.938,16.43,14.59,35.0,8.645,16.58,46.98,2.189,8.438,59.58,2.361,27.73,7.62,30.58,6.1,3.878,8.034,0.415,53.55,14.116,27.77,46.48,4.998,89.18,10.49
2025-07-09,16.515,19.97,18.9,50.3,61.12,5.068,16.625,14.88,35.14,8.706,16.39,46.95,2.194,8.47,61.12,2.39,27.1,7.688,31.27,6.096,3.92,8.119,0.419,53.9,14.254,29.37,46.94,5.012,89.82,10.73
2025-07-10,16.37,20.22,18.565,51.2,59.33,4.989,16.445,14.71,35.54,9.005,16.14,46.64,2.188,8.396,61.32,2.375,28.275,7.546,31.05,6.29,3.91,8.014,0.41,54.55,14.282,29.38,47.0,4.978,91.08,10.415
2025-07-11,16.51,19.45,18.25,51.6,57.94,4.92,16.465,14.64,34.44,8.586,16.47,47.29,2.189,8.442,61.1,2.401,27.66,7.406,31.14,6.15,3.922,7.986,0.405,54.45,14.288,29.37,47.7,5.006,90.64,10.025
2025-07-14,16.29,19.55,18.25,51.3,58.24,4.93,16.76,14.61,34.1,8.434,16.81,48.59,2.206,8.492,60.84,2.375,27.25,7.89,31.37,6.114,3.956,7.959,0.403,54.0,14.198,29.19,47.78,5.056,90.52,10.545
2025-07-15,16.125,19.62,18.175,50.1,57.58,4.876,16.47,14.59,34.4,8.53,16.72,47.78,2.187,8.438,62.0,2.37,27.43,7.71,31.1,6.17,3.914,7.9,0.401,52.1,14.196,29.22,47.02,5.04,90.2,10.275
2025-07-16,15.955,19.765,18.225,48.0,57.34,4.885,16.47,14.56,34.28,8.0,16.34,46.44,2.18,8.454,60.84,2.337,26.865,7.63,31.0,6.144,3.91,7.864,0.407,52.0,14.204,29.13,46.78,5.038,88.68,10.28
2025-07-17,16.0,19.64,18.21,46.24,57.96,4.925,16.48,14.79,34.64,8.173,16.39,47.59,2.163,8.434,64.18,2.356,27.665,7.512,31.4,6.228,3.93,7.888,0.405,52.45,14.148,29.82,47.32,5.044,90.2,10.34
2025-07-18,15.79,20.18,18.42,46.08,58.07,4.931,16.745,14.87,34.6,7.913,16.55,49.12,2.174,8.508,64.62,2.401,27.975,7.65,31.73,6.3,3.924,7.92,0.407,52.4,14.164,29.99,47.2,5.07,90.5,10.365
2025-07-21,15.93,19.95,18.635,46.34,58.04,4.923,16.78,14.89,34.68,8.035,16.42,48.7,2.195,8.552,64.32,2.415,28.4,7.576,31.71,6.212,3.95,7.712,0.404,52.0,14.158,29.84,47.1,5.1,89.0,10.2
2025-07-22,16.07,20.2,18.54,45.9,58.08,4.922,16.65,14.76,34.32,7.881,16.72,48.31,2.212,8.634,62.94,2.414,28.195,7.658,31.53,6.318,3.974,7.818,0.406,52.45,14.168,29.7,46.36,5.158,89.48,10.325
2025-07-23,16.43,20.02,18.85,46.36,60.19,5.018,17.115,15.01,35.76,8.601,17.32,48.65,2.172,8.436,64.42,2.448,26.97,7.79,32.04,6.462,3.892,7.734,0.401,53.15,14.3,29.84,47.22,5.072,91.12,10.07
2025-07-24,16.215,20.17,18.735,45.52,61.24,5.066,17.265,15.07,35.5,8.246,16.81,47.57,2.175,8.464,66.5,2.385,22.485,7.786,32.12,6.468,3.894,7.662,0.404,54.05,14.4,29.65,48.38,5.06,90.92,10.205
2025-07-25,16.195,20.19,18.81,45.66,61.23,5.059,17.07,15.0,37.32,8.505,16.54,47.56,2.193,8.462,65.68,2.307,22.255,7.848,32.16,6.5,3.9,7.715,0.407,53.65,14.662,29.66,47.92,5.068,90.5,10.32
2025-07-28,16.46,19.93,18.72,44.76,61.68,5.085,17.045,14.93,37.18,8.273,16.14,46.19,2.193,8.424,66.0,2.328,22.85,8.016,31.93,6.33,3.882,7.7,0.406,53.65,14.746,29.59,47.36,5.076,90.22,10.5
2025-07-29,16.405,20.03,19.06,45.42,63.0,5.198,17.43,15.23,37.36,8.286,16.23,47.85,2.181,8.424,66.82,2.335,22.935,8.406,32.54,6.262,3.894,7.684,0.407,54.3,14.806,29.8,48.14,5.078,89.86,10.81
2025-07-30,16.46,14.93,19.4,45.52,64.16,5.426,17.495,15.32,37.22,7.912,16.78,47.94,2.169,8.398,68.5,2.301,22.965,8.67,32.76,6.186,3.778,7.763,0.404,51.95,14.894,30.04,48.34,5.05,88.14,10.955
2025-07-31,15.44,14.765,19.34,45.72,64.63,5.295,17.615,15.5,35.96,7.763,17.01,47.27,2.133,8.452,70.38,2.344,22.45,8.636,32.72,6.06,3.746,7.733,0.404,50.4,14.91,29.87,49.04,5.074,85.7,11.2
2025-08-01,15.03,14.835,18.83,44.04,62.21,5.0,17.065,15.14,35.54,7.589,16.09,46.07,2.146,8.438,69.0,2.234,21.7,8.296,31.87,6.542,3.77,7.69,0.404,50.7,14.7,29.01,48.42,5.082,86.2,10.86
2025-08-04,15.065,14.455,19.7,44.48,64.48,5.162,17.53,15.58,35.52,7.567,16.77,47.33,2.161,8.478,70.36,2.211,21.775,8.44,32.47,6.474,3.758,7.854,0.407,50.55,14.67,29.44,49.48,5.13,85.0,11.105
2025-08-05,15.39,15.07,19.85,40.62,64.38,5.132,17.535,15.73,36.02,7.584,17.5,48.18,2.171,8.522,70.1,2.234,21.615,8.342,32.53,6.576,3.78,7.79,0.414,50.4,14.746,29.69,49.7,5.168,85.28,11.03
2025-08-06,15.47,15.08,20.65,40.56,64.73,5.173,17.815,16.0,37.24,7.633,17.45,49.67,2.164,8.498,70.68,2.271,21.31,8.61,33.27,6.52,3.768,7.814,0.422,50.25,14.894,29.8,50.95,5.162,83.4,11.27
2025-08-07,15.305,15.315,20.93,42.68,66.18,5.258,18.02,16.44,40.3,7.896,16.6,46.62,2.143,8.496,74.0,2.258,21.37,8.642,33.55,6.614,3.736,7.757,0.428,50.25,14.806,30.31,51.25,5.116,83.54,11.29
2025-08-08,15.395,15.18,21.09,43.44,67.53,5.336,17.33,16.68,40.2,8.086,16.77,45.43,2.132,8.418,73.92,2.26,21.775,8.72,33.33,6.63,3.692,7.782,0.433,49.72,14.8,30.2,51.8,5.104,82.9,11.56
2025-08-11,15.27,15.18,21.04,42.3,67.35,5.325,17.86,16.67,39.7,8.02,16.78,45.11,2.124,8.49,73.34,2.254,21.525,8.794,33.48,6.6,3.678,7.812,0.445,50.6,14.774,30.03,51.5,5.112,82.48,11.645
2025-08-12,15.44,15.08,21.02,43.32,68.41,5.343,17.97,16.75,40.48,8.274,16.97,45.92,2.12,8.462,74.96,2.306,22.425,8.958,33.3,6.534,3.668,7.842,0.448,50.25,14.92,30.24,50.3,5.116,82.3,11.695
2025-08-13,15.305,15.01,21.18,42.96,68.38,5.43,18.29,16.71,40.22,8.276,18.17,46.7,2.143,8.484,73.92,2.292,22.2,9.148,33.49,6.532,3.652,7.944,0.446,50.8,14.94,30.28,50.45,5.142,83.24,11.85
2025-08-14,15.47,14.935,21.27,44.1,68.95,5.509,18.17,17.09,40.18,8.324,17.72,47.8,2.169,8.588,74.62,2.28,22.115,9.1,34.17,6.51,3.702,8.019,0.459,51.2,14.972,30.4,50.6,5.21,84.04,11.945
2025-08-15,15.47,14.935,21.27,44.1,68.95,5.509,18.17,17.09,40.18,8.324,17.72,47.8,2.169,8.588,74.62,2.28,22.115,9.1,34.17,6.51,3.702,8.019,0.459,51.2,14.972,30.4,50.6,5.21,84.04,11.945
2025-08-18,15.365,14.84,21.15,43.62,68.52,5.489,18.28,17.12,40.2,8.316,18.4,49.31,2.169,8.6,75.48,2.352,22.23,9.068,34.19,6.568,3.686,7.979,0.469,51.75,14.948,30.8,50.75,5.186,84.74,11.915
2025-08-19,15.53,15.42,21.47,44.78,69.49,5.605,18.34,17.24,41.28,8.584,16.54,44.3,2.176,8.582,76.32,2.39,22.325,9.12,34.24,6.754,3.678,8.037,0.471,52.3,15.002,31.06,51.05,5.162,85.9,11.96
2025-08-20,15.34,15.28,21.28,43.84,68.79,5.573,18.215,17.4,40.84,8.428,16.56,44.86,2.184,8.688,73.06,2.322,22.145,9.09,34.43,6.728,3.712,8.098,0.463,52.45,15.086,30.77,51.0,5.258,86.74,11.92
2025-08-21,15.43,15.265,20.98,43.3,69.18,5.609,18.345,17.38,40.52,8.295,16.94,47.03,2.194,8.7,73.58,2.38,22.38,9.13,34.54,6.624,3.726,8.127,0.46,52.1,15.158,30.67,49.54,5.274,86.3,12.05
2025-08-22,15.645,15.545,21.51,43.8,69.19,5.642,18.33,17.51,41.5,8.646,17.43,47.35,2.196,8.672,75.5,2.409,23.425,9.146,34.52,6.684,3.736,8.112,0.461,52.45,15.228,31.58,51.3,5.266,86.94,12.065
2025-08-25,15.575,15.655,21.55,43.96,68.92,5.635,18.42,17.59,41.22,8.572,17.94,48.45,2.188,8.626,74.56,2.436,23.52,9.13,34.42,6.622,3.72,8.067,0.459,52.3,15.246,31.68,51.3,5.244,86.38,11.995
2025-08-26,15.49,15.46,21.03,43.94,66.43,5.528,18.145,17.55,40.92,8.412,18.5,48.54,2.175,8.542,75.3,2.461,23.36,9.012,34.06,6.502,3.702,8.012,0.455,52.7,15.19,31.1,50.05,5.218,90.46,11.9
2025-08-27,15.495,15.775,20.72,43.88,66.23,5.388,17.94,17.15,40.72,8.173,18.77,48.36,2.193,8.666,74.3,2.461,23.235,8.77,33.63,6.506,3.73,7.982,0.454,53.0,15.224,31.26,50.0,5.282,85.18,11.665
2025-08-28,15.545,15.65,20.79,44.02,66.16,5.409,17.975,17.26,41.12,8.215,19.38,48.36,2.178,8.64,76.48,2.395,23.775,8.882,33.52,6.572,3.698,7.968,0.414,53.15,15.18,31.26,50.05,5.252,86.0,11.71
2025-08-29,15.515,15.565,20.7,43.38,66.04,5.375,17.85,17.28,40.6,8.184,20.36,48.73,2.148,8.596,74.72,2.4,23.245,8.878,33.36,6.428,3.674,7.884,0.41,52.75,15.242,30.66,49.76,5.204,86.18,11.725
2025-09-01,15.515,15.475,20.7,44.0,66.7,5.4,17.845,17.23,40.78,8.23,20.36,50.94,2.138,8.494,75.42,2.409,23.065,8.896,33.51,6.338,3.672,7.866,0.423,53.3,15.318,30.61,49.4,5.174,85.38,11.71
2025-09-02,15.27,15.155,20.11,44.12,65.16,5.313,17.35,16.74,39.18,8.01,19.57,48.94,2.104,8.332,73.86,2.404,22.16,8.708,32.92,6.222,3.618,7.776,0.42,53.15,15.162,29.74,48.58,5.096,83.64,11.6
2025-09-03,15.12,15.085,19.71,43.68,65.85,5.318,17.145,16.79,39.7,7.792,19.0,49.2,2.1,8.372,75.46,2.349,21.79,8.758,32.66,6.19,3.628,7.815,0.417,54.45,14.888,29.77,49.04,5.098,85.26,11.625
2025-09-04,15.435,15.095,19.34,44.56,66.51,5.363,17.33,17.21,39.68,7.713,18.99,47.22,2.116,8.484,76.0,2.35,21.97,8.772,33.34,6.114,3.668,7.849,0.438,54.3,14.928,30.04,49.66,5.156,82.56,11.695
2025-09-05,14.965,15.28,19.385,44.24,64.92,5.291,17.215,16.98,40.68,7.75,18.8,47.14,2.127,8.536,76.48,2.274,22.81,8.674,33.21,6.12,3.682,7.841,0.433,54.05,14.626,29.84,49.24,5.172,82.34,11.495
2025-09-08,14.93,15.665,19.48,45.16,65.76,5.349,17.295,17.08,41.5,7.622,19.13,47.39,2.106,8.5,77.48,2.276,22.655,8.816,32.96,5.978,3.65,7.812,0.44,54.15,14.688,29.83,48.98,5.142,82.0,11.95
2025-09-09,15.13,15.525,20.63,45.68,66.25,5.424,17.405,17.12,40.7,7.62,18.88,47.26,2.112,8.462,78.38,2.327,22.27,9.024,33.01,5.834,3.678,7.76,0.446,54.25,14.944,30.02,49.02,5.114,82.04,12.21
2025-09-10,15.11,15.265,20.85,45.78,65.96,5.438,17.425,17.1,40.52,7.46,19.18,48.4,2.117,8.478,79.8,2.382,22.185,9.13,32.99,5.704,3.68,7.818,0.437,54.15,14.958,29.95,49.84,5.106,81.56,12.22
2025-09-11,15.3,15.35,21.28,48.88,66.62,5.473,17.4,17.28,41.34,8.145,19.7,49.79,2.131,8.474,79.24,2.391,22.265,9.244,32.95,5.66,3.678,7.818,0.442,54.6,14.922,30.47,49.98,5.116,80.1,12.305
2025-09-12,15.39,15.19,22.0,48.56,66.7,5.474,17.65,17.34,41.04,7.995,19.62,50.5,2.163,8.504,80.6,2.375,22.19,9.334,33.03,5.61,3.714,7.859,0.443,53.9,14.882,30.7,49.96,5.14,79.14,12.56
2025-09-15,15.25,14.84,22.01,48.42,67.54,5.613,17.835,17.43,40.68,8.15,20.16,52.36,2.175,8.5,80.62,2.369,23.075,9.506,33.42,5.646,3.706,7.92,0.447,53.55,14.86,30.88,50.85,5.106,78.3,12.755
2025-09-16,15.355,14.64,21.5,48.2,66.62,5.484,17.34,17.08,40.16,8.14,20.28,50.78,2.146,8.386,80.22,2.36,22.84,9.36,32.67,5.668,3.688,7.826,0.442,53.0,14.96,30.74,50.1,5.066,78.0,12.79
2025-09-17,15.015,14.68,21.26,47.36,64.23,5.412,17.245,16.72,39.88,8.238,19.7,49.5,2.13,8.394,79.3,2.363,23.105,9.236,32.69,5.716,3.678,7.796,0.449,52.75,14.86,30.65,48.28,5.046,78.72,12.61
2025-09-18,14.955,15.09,21.28,48.04,64.58,5.443,17.425,16.83,40.18,8.4,19.93,49.9,2.116,8.318,81.28,2.378,24.2,9.292,32.63,5.654,3.692,7.748,0.444,53.1,14.896,30.93,48.58,5.018,79.0,12.78
2025-09-19,14.89,14.97,20.9,48.3,64.92,5.469,17.93,17.0,39.56,8.447,19.72,49.84,2.132,8.318,81.38,2.35,23.515,9.426,32.46,5.64,3.696,7.756,0.442,52.8,14.786,31.15,49.0,5.05,78.66,12.675
2025-09-22,14.84,14.65,20.82,48.2,65.02,5.452,18.01,17.02,39.72,8.226,20.78,51.72,2.14,8.398,82.32,2.36,23.965,9.46,33.11,5.604,3.704,7.847,0.438,52.85,14.59,31.11,48.64,5.038,78.18,12.7
2025-09-23,15.13,14.68,19.59,48.06,64.13,5.451,17.85,16.86,40.4,8.485,20.44,50.6,2.147,8.45,83.64,2.446,24.61,9.432,32.79,5.69,3.71,7.864,0.43,52.5,14.84,31.0,47.76,5.026,77.86,12.46
2025-09-24,15.125,14.35,19.25,47.96,64.31,5.417,17.71,16.77,39.5,8.189,21.46,52.9,2.181,8.438,83.12,2.395,24.705,9.416,32.72,5.572,3.742,7.96,0.43,52.3,15.11,31.04,47.12,5.022,76.44,12.615
2025-09-25,14.975,13.985,18.95,47.08,64.43,5.439,17.675,16.68,38.58,7.99,21.06,52.84,2.16,8.484,81.38,2.469,24.31,9.418,32.6,5.476,3.72,7.957,0.437,50.7,15.156,30.78,46.6,5.02,74.18,12.845
2025-09-26,15.175,13.92,18.995,47.66,65.44,5.56,18.18,16.96,38.6,7.905,21.32,53.0,2.178,8.54,81.5,2.493,23.82,9.618,33.41,5.386,3.758,7.974,0.443,50.6,15.346,31.33,47.4,5.046,74.14,12.98
2025-09-29,15.28,14.14,18.505,46.56,63.64,5.556,18.08,16.95,38.92,7.989,22.42,54.1,2.18,8.55,83.28,2.548,23.975,9.426,33.42,5.378,3.782,7.982,0.441,51.15,15.082,31.65,47.42,5.07,75.3,12.62
2025-09-30,15.19,13.855,17.235,46.76,64.47,5.614,18.26,17.05,38.98,7.864,22.34,54.02,2.227,8.638,84.18,2.457,23.845,9.436,33.41,5.37,3.83,8.066,0.445,51.7,14.866,32.93,47.42,5.118,75.52,12.725
2025-10-01,15.815,14.34,17.505,46.78,64.88,5.694,18.305,17.0,39.4,8.14,22.1,54.0,2.226,8.566,84.24,2.487,24.1,9.614,33.37,5.392,3.828,8.149,0.461,53.0,14.986,33.0,47.48,5.078,77.66,12.9
2025-10-02,15.5,14.715,16.57,46.6,63.41,5.579,18.255,16.91,40.08,8.816,24.98,55.66,2.218,8.534,88.0,2.496,24.63,9.698,32.95,5.46,3.824,8.157,0.47,52.9,14.876,32.66,47.54,5.038,77.84,12.63
2025-10-03,15.47,14.825,16.46,46.24,63.84,5.609,18.32,17.05,40.4,9.02,26.12,55.8,2.233,8.594,87.0,2.505,24.825,9.684,32.66,5.64,3.872,8.208,0.482,53.65,14.906,33.06,48.02,5.05,78.88,12.815
2025-10-06,15.595,14.88,16.815,46.48,63.52,5.522,18.385,16.94,39.98,9.325,26.26,55.36,2.237,8.58,88.46,2.58,24.87,9.8,32.65,5.616,3.88,8.194,0.483,53.45,15.108,32.54,47.76,5.046,79.14,12.92
2025-10-07,15.605,14.92,16.71,46.64,63.16,5.51,18.755,17.01,39.74,9.433,26.36,54.88,2.225,8.62,87.46,2.551,24.41,9.624,32.83,5.62,3.88,8.167,0.486,53.45,15.174,33.23,47.92,5.062,79.04,12.695
2025-10-08,15.725,15.17,16.905,47.04,64.43,5.542,18.82,17.08,40.0,9.317,26.72,56.2,2.249,8.698,91.18,2.577,24.7,9.704,33.07,5.628,3.87,8.225,0.472,54.05,15.286,33.11,48.38,5.102,79.1,12.99
2025-10-09,15.515,15.035,16.72,49.42,63.51,5.508,18.885,17.14,39.98,9.231,26.92,55.48,2.265,8.782,89.82,2.549,24.685,9.798,33.25,5.574,3.896,8.264,0.486,52.6,15.378,33.31,48.4,5.12,77.9,12.935
2025-10-10,14.705,14.775,16.36,48.36,62.4,5.43,18.785,16.91,38.56,8.56,25.86,52.9,2.26,8.844,87.92,2.446,23.965,9.578,33.07,5.45,3.9,8.326,0.475,51.5,14.954,32.22,47.98,5.164,75.64,12.665
2025-10-13,14.755,14.89,16.4,49.86,62.55,5.48,18.81,17.04,39.58,8.793,25.3,52.8,2.253,8.826,88.62,2.452,24.74,9.64,33.14,5.458,3.872,8.349,0.484,52.25,14.972,32.55,48.38,5.136,74.8,12.675
2025-10-14,14.765,14.225,16.39,49.38,62.93,5.471,19.055,17.13,39.06,8.373,24.8,52.38,2.275,8.91,87.88,2.427,24.425,9.526,33.91,5.37,3.862,8.446,0.476,51.75,14.7,32.72,48.4,5.172,74.2,12.5
2025-10-15,14.85,14.6,15.95,49.34,62.69,5.384,18.485,17.01,40.22,8.642,22.9,50.18,2.28,8.916,88.62,2.375,24.74,9.236,32.94,5.434,3.862,8.437,0.479,51.35,14.722,32.79,48.0,5.18,74.24,12.15
2025-10-16,14.92,14.8,16.28,48.5,63.25,5.47,18.355,16.86,41.44,8.838,23.24,50.8,2.335,8.942,90.5,2.343,25.285,9.396,32.58,5.744,3.906,8.539,0.507,52.35,14.766,32.65,47.18,5.236,74.94,12.205
2025-10-17,14.715,14.575,15.96,48.5,61.59,5.348,18.105,16.45,41.0,8.915,22.06,48.1,2.321,9.016,87.46,2.297,24.825,9.246,31.93,5.8,3.896,8.518,0.507,52.1,14.844,31.92,46.48,5.258,75.26,12.01
2025-10-20,14.85,15.155,16.21,49.2,63.34,5.462,18.275,16.66,41.74,9.117,22.72,50.18,2.33,9.012,88.88,2.301,25.97,9.55,32.04,5.882,3.932,8.548,0.512,51.65,14.876,32.28,47.32,5.296,75.94,12.315
2025-10-21,14.965,15.61,16.22,49.2,63.04,5.484,18.52,16.62,41.9,9.55,22.7,50.82,2.362,9.094,88.6,2.291,26.57,9.98,32.45,5.898,3.968,8.565,0.508,51.1,14.9,32.27,47.48,5.356,75.96,12.21
2025-10-22,15.27,15.72,16.23,48.8,61.58,5.449,18.3,16.71,41.9,9.352,22.82,50.5,2.365,9.104,86.12,2.321,25.5,9.674,32.28,5.918,3.968,8.481,0.508,51.5,15.126,32.12,48.02,5.36,77.94,12.055
2025-10-23,15.695,15.53,16.16,48.96,62.37,5.45,18.695,16.73,42.24,9.229,23.06,51.34,2.437,9.084,88.62,2.352,21.9,9.478,32.56,5.818,3.98,8.522,0.493,51.3,15.586,32.39,47.6,5.37,78.3,12.16
2025-10-24,15.525,15.645,16.235,49.78,61.33,5.462,18.705,16.87,42.94,9.445,23.02,51.24,2.453,9.06,89.96,2.256,21.555,9.674,32.83,5.798,3.978,8.488,0.501,51.75,15.836,32.7,48.04,5.36,78.6,12.185
2025-10-27,15.945,15.43,16.525,50.4,62.74,5.561,19.15,17.0,43.06,9.443,22.88,51.06,2.464,8.978,90.5,2.284,21.77,9.94,33.08,5.678,3.976,8.556,0.503,51.35,15.942,33.18,48.4,5.342,77.7,12.39
2025-10-28,16.15,15.335,16.67,50.65,63.16,5.61,19.08,17.15,42.26,9.597,22.64,51.74,2.45,9.074,91.5,2.26,21.85,9.978,33.34,5.55,3.97,8.665,0.506,50.65,15.886,34.4,49.2,5.414,77.24,12.46
2025-10-29,16.5,14.99,16.695,51.85,63.67,5.672,18.96,17.27,42.44,9.707,22.3,51.1,2.513,8.99,91.7,2.274,21.485,10.24,33.23,5.44,3.974,8.71,0.499,50.8,15.962,34.23,49.22,5.376,76.44,12.61
2025-10-30,17.3,14.72,16.56,52.15,63.15,5.703,19.205,17.37,42.86,8.845,22.52,50.52,2.546,8.934,88.02,2.278,21.385,10.305,33.46,6.04,3.966,8.796,0.523,51.55,15.92,33.82,49.38,5.382,76.32,12.53
2025-10-31,17.285,14.8,16.535,52.15,64.03,5.576,18.965,17.41,44.7,8.778,22.24,50.88,2.526,8.886,89.82,2.256,21.335,10.355,33.35,6.034,3.89,8.772,0.511,51.5,15.944,33.9,49.0,5.348,76.7,12.605
2025-11-03,17.655,14.54,16.69,52.3,64.28,5.547,19.36,17.62,44.14,8.855,22.44,52.08,2.708,8.864,89.02,2.27,21.315,10.45,33.26,5.888,3.948,8.814,0.499,51.0,15.952,33.73,49.62,5.38,76.28,12.64
2025-11-04,17.355,14.575,16.54,51.25,64.26,5.574,19.385,17.69,44.1,8.642,21.72,51.02,2.712,8.95,87.0,2.254,20.78,10.36,32.87,5.958,3.956,8.957,0.494,51.2,15.91,33.42,49.6,5.454,76.36,12.605
2025-11-05,17.53,14.64,16.935,51.5,64.4,5.607,19.4,17.45,44.6,8.81,21.16,50.5,2.709,9.006,87.52,2.215,20.685,10.355,33.2,5.97,3.994,8.936,0.488,50.85,15.968,33.67,50.95,5.546,74.26,12.7
2025-11-06,17.6,14.24,16.35,49.64,63.5,5.576,19.415,17.85,43.82,8.738,20.64,49.63,2.724,8.98,85.62,2.209,20.525,10.315,33.19,5.65,3.964,8.892,0.48,50.1,15.948,35.35,51.05,5.526,60.32,12.64
2025-11-07,17.405,13.94,16.495,49.28,62.99,5.572,18.67,18.03,42.34,8.71,20.48,50.52,2.665,8.986,81.9,2.201,20.15,10.27,32.79,5.694,3.974,8.864,0.488,49.72,15.932,35.25,51.55,5.6,59.22,12.595
2025-11-10,17.625,14.09,17.215,50.65,65.6,5.77,19.15,18.64,43.22,8.916,20.72,50.8,2.696,8.994,83.56,2.235,20.385,10.725,33.04,5.814,4.008,8.903,0.492,50.35,16.15,35.81,52.65,5.64,59.0,13.19
2025-11-11,17.89,14.485,17.47,50.5,66.64,5.847,19.145,18.93,43.74,9.284,20.24,49.95,2.71,9.046,84.3,2.323,20.64,10.855,33.53,5.99,3.982,8.955,0.496,52.2,16.464,36.02,52.9,5.64,60.16,13.27
2025-11-12,17.8,14.305,17.995,51.65,68.06,5.94,19.57,19.24,43.84,9.225,18.92,50.18,2.458,9.014,85.26,2.315,20.675,10.815,33.83,5.934,3.942,8.938,0.495,53.45,16.43,36.24,53.6,5.648,60.5,13.265
2025-11-13,17.82,14.06,17.7,52.1,67.48,5.98,19.57,19.13,43.4,9.244,19.4,51.36,2.445,8.9,84.48,2.328,20.64,10.77,34.31,5.812,4.052,8.956,0.496,52.1,16.458,32.59,53.2,5.654,60.18,13.475
2025-11-14,17.605,13.65,17.8,51.1,64.48,5.795,19.255,18.88,42.86,9.004,18.89,50.46,2.43,8.992,84.1,2.293,20.335,10.36,33.75,5.74,4.0,8.979,0.499,52.8,16.474,33.73,53.35,5.692,58.92,13.035
2025-11-17,17.495,13.44,17.595,51.65,64.01,5.727,19.335,18.79,42.12,8.784,18.99,51.08,2.405,9.084,83.86,2.313,19.768,10.43,33.26,5.638,4.072,9.082,0.502,52.25,16.534,33.46,52.5,5.714,58.86,12.925
2025-11-18,17.13,13.15,17.34,50.15,62.78,5.558,18.9,18.43,42.02,8.394,18.74,50.16,2.382,9.07,81.04,2.256,19.268,10.075,32.77,5.488,4.104,9.005,0.468,51.85,16.33,32.83,52.05,5.69,58.36,12.58
2025-11-19,17.485,12.96,17.47,51.65,61.96,5.593,18.915,18.58,42.06,8.453,18.6,47.72,2.346,9.028,85.02,2.284,19.348,10.205,32.81,5.41,4.08,8.732,0.481,50.2,16.218,33.12,52.5,5.634,59.0,12.54
2025-11-20,17.42,12.95,17.76,51.5,62.84,5.646,19.16,18.63,41.84,8.196,18.68,49.1,2.397,9.102,84.28,2.296,18.94,10.185,33.03,5.364,4.208,8.789,0.49,50.45,16.296,33.73,53.15,5.714,58.8,12.6
2025-11-21,17.175,13.205,17.425,49.96,62.85,5.619,18.87,18.47,41.74,8.453,17.93,46.04,2.357,9.176,80.8,2.261,18.804,10.185,33.01,5.528,4.118,8.784,0.487,50.75,16.096,33.65,52.65,5.722,59.54,12.49
2025-11-24,16.775,13.42,16.7,49.82,61.44,5.445,19.21,18.11,43.18,8.74,17.82,44.97,2.322,8.994,83.0,2.327,19.142,10.045,33.07,5.62,4.114,8.86,0.496,50.1,15.71,34.03,53.2,5.682,60.66,12.065
2025-11-25,17.0,13.39,17.15,52.85,63.15,5.509,19.26,18.08,43.58,9.047,17.62,45.39,2.322,8.96,82.78,2.357,19.336,10.14,33.53,5.698,4.078,8.777,0.498,50.7,15.68,33.74,53.75,5.636,60.48,12.285
2025-11-26,17.205,13.16,17.075,53.55,63.83,5.584,19.605,18.37,43.44,8.949,17.46,45.57,2.336,9.052,85.22,2.354,19.596,10.35,34.06,5.638,4.122,8.83,0.501,50.55,15.986,34.72,54.15,5.696,60.8,12.46
2025-11-27,17.145,13.335,16.75,53.7,64.12,5.576,19.76,18.45,43.46,9.014,17.26,46.19,2.351,9.06,85.44,2.343,19.56,10.315,34.02,5.816,4.13,8.9,0.494,50.5,15.93,35.61,54.95,5.686,61.42,12.46
2025-11-28,17.38,13.24,16.725,53.1,64.09,5.586,19.755,18.44,43.8,9.193,17.01,46.91,2.359,9.088,86.3,2.347,19.788,10.38,34.18,5.866,4.124,8.908,0.485,50.9,16.132,35.66,54.85,5.734,61.78,12.415
2025-12-01,17.61,13.33,16.74,52.55,64.83,5.575,19.45,18.43,44.04,9.225,16.65,45.68,2.34,9.042,84.82,2.377,19.94,10.405,33.84,5.904,4.126,8.909,0.482,50.35,16.178,35.15,54.4,5.76,61.32,12.4
2025-12-02,17.095,13.19,16.69,51.75,65.37,5.601,19.57,18.69,43.56,9.129,16.83,45.96,2.324,9.104,84.76,2.29,20.18,10.6,34.53,5.872,4.124,8.953,0.489,49.52,16.188,35.06,55.5,5.768,61.2,12.44
2025-12-03,17.495,13.21,16.76,50.95,65.42,5.582,19.275,18.46,43.46,9.832,16.62,46.73,2.306,9.01,82.6,2.358,21.32,10.49,33.9,5.876,4.056,8.843,0.496,49.46,16.352,34.84,55.25,5.69,60.42,12.2
2025-12-04,17.715,13.42,16.57,50.85,65.71,5.618,19.19,18.42,45.16,10.184,17.21,47.35,2.28,8.984,84.5,2.426,22.065,10.505,33.76,5.798,4.04,8.822,0.499,48.88,16.35,34.82,55.2,5.686,60.08,12.075
2025-12-05,17.645,13.885,16.265,51.2,65.05,5.613,18.975,18.16,45.1,10.414,17.63,47.2,2.282,8.976,84.98,2.44,22.41,10.38,33.75,5.85,4.022,8.773,0.5,48.78,16.102,34.84,54.65,5.688,62.24,11.99
2025-12-08,17.63,13.525,16.54,51.75,65.17,5.623,19.17,18.14,44.46,10.28,18.39,48.19,2.283,8.924,85.96,2.467,22.23,10.47,34.04,5.712,4.0,8.762,0.495,49.1,16.068,35.0,54.55,5.626,61.68,12.23
2025-12-09,17.43,13.385,16.54,51.6,65.74,5.671,19.575,18.73,45.0,10.098,19.07,49.46,2.284,8.904,84.32,2.427,22.265,10.62,35.06,5.698,3.976,8.721,0.488,48.1,16.108,35.67,55.3,5.596,61.04,12.275
2025-12-10,17.24,13.445,16.545,50.85,66.76,5.634,19.43,18.65,44.3,10.17,18.38,48.64,2.274,8.824,86.34,2.394,22.255,10.69,34.74,5.726,3.962,8.681,0.486,47.26,16.014,35.71,56.15,5.58,61.24,12.345
2025-12-11,17.27,13.695,16.73,52.25,68.36,5.724,19.65,18.73,45.5,10.02,18.44,47.64,2.267,8.71,83.92,2.355,21.995,10.835,34.5,5.886,3.952,8.715,0.49,48.08,15.904,35.42,55.7,5.512,62.68,12.585
2025-12-12,17.17,13.975,16.665,51.85,67.48,5.669,19.455,18.42,46.04,10.04,18.4,48.18,2.299,8.828,82.64,2.328,22.36,10.755,33.99,5.982,3.994,8.72,0.492,48.2,15.938,34.98,55.75,5.55,63.68,12.375
2025-12-15,17.11,13.935,16.85,53.05,69.03,5.789,19.825,18.91,46.82,10.112,18.46,48.15,2.291,8.85,84.14,2.329,22.465,11.02,34.36,5.89,4.038,8.864,0.5,48.28,15.878,35.04,56.1,5.574,62.62,12.7
2025-12-16,16.79,13.88,17.035,53.25,69.5,5.783,19.77,18.94,46.82,10.11,16.79,46.27,2.26,8.796,83.76,2.315,22.05,10.915,34.49,5.83,3.966,8.778,0.5,47.94,15.6,35.05,56.65,5.56,63.1,12.515
2025-12-17,16.915,13.905,17.155,51.35,70.5,5.83,20.1,18.94,45.78,10.026,15.68,46.4,2.255,8.894,81.92,2.323,21.8,11.205,35.26,5.766,3.972,8.621,0.496,48.46,15.638,35.17,56.55,5.588,64.0,12.745
2025-12-18,16.45,13.775,17.335,52.1,70.9,5.884,20.23,19.18,46.36,10.002,16.03,48.3,2.271,8.876,84.32,2.331,21.925,11.4,35.19,5.75,3.978,8.622,0.493,48.56,15.722,35.42,57.4,5.584,63.74,12.76
2025-12-19,16.205,13.645,17.46,52.7,70.46,5.914,20.35,19.31,46.62,9.905,16.41,49.22,2.297,8.99,85.22,2.377,22.155,11.47,35.73,5.678,4.02,8.738,0.502,48.14,15.898,35.65,57.55,5.642,64.32,12.925
2025-12-22,16.28,13.795,17.42,52.35,69.84,5.882,20.54,19.34,46.42,9.446,16.51,49.41,2.283,8.92,85.86,2.48,22.12,11.435,36.02,5.542,3.988,8.703,0.515,48.42,16.052,35.72,57.65,5.618,67.32,12.805
2025-12-23,16.32,13.63,17.395,52.0,69.94,5.871,20.5,19.37,45.96,9.405,16.84,49.45,2.288,8.996,85.94,2.428,22.095,11.48,35.88,5.472,3.992,8.769,0.517,48.68,15.96,35.64,57.95,5.612,66.62,12.85
2025-12-24,16.32,13.63,17.395,52.0,69.94,5.871,20.5,19.37,45.96,9.405,16.84,49.45,2.288,8.996,85.94,2.428,22.095,11.48,35.88,5.472,3.992,8.769,0.517,48.68,15.96,35.64,57.95,5.612,66.62,12.85
2025-12-25,16.32,13.63,17.395,52.0,69.94,5.871,20.5,19.37,45.96,9.405,16.84,49.45,2.288,8.996,85.94,2.428,22.095,11.48,35.88,5.472,3.992,8.769,0.517,48.68,15.96,35.64,57.95,5.612,66.62,12.85
2025-12-26,16.32,13.63,17.395,52.0,69.94,5.871,20.5,19.37,45.96,9.405,16.84,49.45,2.288,8.996,85.94,2.428,22.095,11.48,35.88,5.472,3.992,8.769,0.517,48.68,15.96,35.64,57.95,5.612,66.62,12.85
2025-12-29,16.38,13.715,17.415,51.9,69.33,5.838,20.35,19.35,46.74,9.415,16.55,48.48,2.287,9.008,85.78,2.395,22.145,11.375,35.57,5.532,3.998,8.814,0.506,48.5,15.976,35.39,56.8,5.614,68.62,12.815
2025-12-30,16.38,13.715,17.415,51.9,69.33,5.838,20.35,19.35,46.74,9.415,16.55,48.48,2.287,9.008,85.78,2.395,22.145,11.375,35.57,5.532,3.998,8.814,0.506,48.5,15.976,35.39,56.8,5.614,68.62,12.815
