Date,ABX.TO,CNQ.TO,ATD.TO,TD.TO,IFC.TO,CVE.TO,SU.TO,ENB.TO,BMO.TO,FNV.TO,AEM.TO,BN.TO,T.TO,CSU.TO,NA.TO,BCE.TO,CM.TO,WCN.TO,MFC.TO,BNS.TO,L.TO,RCI-B.TO,TRP.TO,CNR.TO,IMO.TO,TRI.TO,RY.TO,CP.TO,WPM.TO,SLF.TO
2014-01-02,19.54,17.311,13.285,49.435,69.02,30.21,36.79,46.2,70.73,44.62,29.42,9.888,18.31,225.01,44.155,45.75,45.035,35.943,20.73,66.01,8.503,47.66,44.102,60.24,46.62,45.648,71.59,31.874,22.71,37.01
2014-01-03,19.31,17.155,13.302,49.425,68.78,29.97,36.58,46.09,71.04,44.12,28.81,9.876,18.39,224.71,44.125,45.62,44.73,35.929,20.88,65.46,8.398,47.28,43.947,60.08,46.47,45.762,71.39,31.89,22.47,36.91
2014-01-06,19.58,17.13,13.25,48.995,68.75,29.61,36.58,45.67,70.84,44.42,29.17,9.823,18.175,224.5,43.63,45.33,44.395,35.819,20.79,64.74,8.424,47.3,43.245,59.27,45.98,45.808,70.7,31.422,22.77,36.75
2014-01-07,19.67,17.218,13.667,48.955,68.5,30.01,37.17,46.17,70.94,44.46,29.37,9.758,18.415,225.64,43.515,45.51,44.215,35.431,20.85,64.48,8.412,47.6,43.373,59.58,46.58,45.911,70.97,31.646,22.91,36.62
2014-01-08,19.37,17.258,13.283,49.04,69.0,29.77,37.47,46.57,71.0,44.28,28.93,9.703,18.3,227.29,43.54,45.35,44.01,35.514,21.35,64.4,8.692,47.74,43.537,58.63,45.97,45.773,71.0,31.548,22.74,37.35
2014-01-09,19.24,17.194,13.337,49.03,68.9,29.78,37.29,47.14,71.21,44.93,28.22,9.682,18.14,225.3,43.965,45.27,44.315,36.026,21.99,64.51,8.764,47.05,43.865,58.57,46.07,46.036,71.12,32.238,22.09,38.01
2014-01-10,19.82,17.723,13.375,48.845,69.3,29.96,37.96,47.2,71.35,45.9,29.68,9.77,18.29,222.61,44.05,46.15,44.11,36.262,22.09,64.43,8.859,47.3,43.783,59.39,46.21,46.803,71.18,33.414,23.26,38.19
2014-01-13,19.73,17.556,13.133,48.9,69.49,29.76,37.27,46.71,71.7,46.94,31.03,9.722,18.405,223.43,44.05,46.41,44.325,35.694,21.59,64.27,8.842,47.04,43.938,58.83,45.36,46.551,71.21,32.688,23.58,37.74
2014-01-14,19.49,17.61,13.017,48.64,68.93,29.6,37.24,46.55,71.6,46.35,30.43,9.828,18.515,223.25,43.665,46.72,44.1,35.625,21.58,63.68,8.816,47.86,43.993,58.29,45.39,46.414,70.9,32.742,23.29,37.65
2014-01-15,19.78,17.576,13.28,48.8,69.4,29.59,37.35,46.36,71.74,47.29,31.46,9.914,18.605,226.26,44.005,46.63,44.395,35.708,21.96,63.73,8.907,47.53,43.865,59.73,45.66,46.791,71.06,32.85,23.61,38.2
2014-01-16,19.92,17.576,13.14,48.905,68.95,29.56,37.54,46.72,72.26,47.89,31.12,9.909,18.75,228.94,44.085,46.52,44.38,35.625,21.91,63.61,8.889,47.43,44.047,58.64,45.95,46.894,71.36,32.704,23.85,38.4
2014-01-17,20.61,17.493,13.498,49.055,69.23,29.53,37.38,46.84,72.65,49.36,32.21,9.955,18.685,233.35,44.38,46.56,44.465,35.694,21.91,63.86,8.933,47.4,44.312,58.58,45.99,47.146,71.86,32.788,24.49,38.42
2014-01-20,21.56,17.453,13.433,49.38,69.87,29.7,37.54,46.46,72.84,49.9,32.85,10.027,18.78,231.12,44.79,47.01,44.68,35.805,22.04,64.88,8.939,47.75,44.12,59.11,46.3,47.729,72.86,32.87,25.07,38.51
2014-01-21,21.09,17.507,13.54,49.455,69.4,29.5,37.5,46.71,72.71,49.96,32.69,9.904,18.7,231.74,44.515,46.68,44.595,35.929,21.9,64.74,8.828,47.45,44.184,58.88,46.32,47.626,72.98,32.706,24.82,38.41
2014-01-22,20.81,17.698,13.667,49.62,68.95,29.66,37.99,47.23,73.02,49.51,31.62,10.036,18.615,233.95,44.56,46.72,44.745,36.012,22.21,64.6,8.77,47.51,44.521,59.41,46.62,47.386,73.18,33.056,24.54,38.67
2014-01-23,21.43,17.718,13.555,49.41,68.93,29.52,37.8,47.21,72.72,51.41,33.91,10.132,18.625,232.6,43.96,46.75,44.46,35.652,21.8,64.21,8.738,47.33,44.676,59.7,46.35,47.009,71.42,32.82,25.01,38.38
2014-01-24,21.05,17.37,13.483,49.055,68.16,29.18,36.91,46.62,72.0,51.91,34.17,9.981,18.36,226.32,43.375,46.03,44.14,35.472,20.86,63.05,8.637,46.98,44.157,57.93,45.82,45.922,70.49,31.376,24.41,36.86
2014-01-27,20.61,17.321,13.25,48.5,67.5,28.87,36.32,46.69,70.46,50.31,33.54,9.861,18.5,234.0,42.73,45.96,43.4,35.68,20.56,61.69,8.605,46.85,44.257,57.95,45.72,45.899,69.38,31.5,23.81,36.25
2014-01-28,20.96,17.777,13.485,48.575,67.83,29.03,36.72,46.59,70.54,52.03,34.11,9.972,18.805,235.95,42.56,45.83,43.615,35.846,20.87,61.88,8.623,46.7,44.102,57.78,45.75,46.105,69.54,31.63,24.44,36.87
2014-01-29,21.83,17.63,13.483,48.22,66.89,28.94,36.44,46.35,70.21,54.23,35.34,9.811,18.73,236.1,41.9,46.32,43.475,34.836,20.5,61.35,8.654,46.3,43.172,58.08,45.79,45.968,68.77,33.0,24.69,36.37
2014-01-30,21.45,17.649,13.673,48.585,66.56,29.21,36.5,46.61,69.37,54.06,34.23,10.072,19.35,239.25,42.16,46.66,43.4,34.531,20.87,61.79,8.68,46.65,43.601,59.34,45.52,46.391,69.72,34.2,24.32,36.95
2014-01-31,21.46,17.884,13.708,48.16,67.8,29.14,36.59,46.76,68.06,54.05,34.66,10.132,19.465,239.33,41.72,46.76,43.285,35.445,20.55,61.1,8.645,46.85,44.139,59.61,45.55,45.956,68.93,33.768,24.19,36.73
2014-02-03,21.42,17.703,13.667,47.89,67.0,28.53,35.64,46.3,67.62,52.83,35.21,9.962,19.22,236.23,41.6,46.06,42.905,34.531,19.62,60.59,8.519,46.07,44.011,58.71,45.45,45.11,68.5,32.68,23.92,35.43
2014-02-04,21.21,18.11,13.655,47.62,67.51,28.65,35.01,45.89,67.4,54.43,34.61,9.864,18.86,238.43,42.005,45.5,42.745,34.905,19.75,60.24,8.505,45.48,43.5,59.32,45.41,44.893,68.06,32.874,24.12,35.39
2014-02-05,20.56,18.428,13.772,47.86,66.75,28.91,35.21,45.85,68.1,54.02,34.52,9.756,18.525,238.08,42.14,45.37,43.3,34.988,19.95,60.94,8.428,44.96,43.592,59.43,45.18,45.144,69.08,32.83,24.07,36.03
2014-02-06,20.46,18.565,13.653,48.63,66.26,29.4,35.79,46.25,69.02,52.59,34.55,9.876,18.75,238.52,42.53,46.3,43.76,34.919,20.16,61.99,8.439,45.57,44.057,60.06,46.09,45.808,69.98,33.34,24.31,36.87
2014-02-07,20.88,18.536,14.122,48.58,67.6,29.29,36.26,46.54,69.3,54.77,35.67,9.909,18.75,236.02,42.41,46.58,43.725,34.919,20.22,61.7,8.507,45.35,44.266,60.66,45.89,45.785,70.1,33.544,24.97,37.13
2014-02-10,21.35,18.31,14.122,48.61,66.66,29.19,36.14,46.61,69.54,56.52,37.53,10.036,18.67,237.5,42.295,46.79,43.845,35.057,20.02,61.75,8.471,45.18,44.503,60.75,45.82,45.728,69.98,33.544,25.85,37.03
2014-02-11,21.56,18.448,14.113,48.53,67.15,29.33,36.02,46.72,69.73,57.18,37.57,10.091,18.65,242.25,42.635,46.75,43.995,35.196,20.48,62.01,8.455,45.69,44.521,61.05,45.94,46.002,70.12,33.662,26.74,37.16
2014-02-12,20.81,18.854,14.315,48.7,66.94,29.64,36.16,46.88,70.51,54.97,36.16,10.213,18.53,240.39,43.05,46.88,44.16,35.528,20.91,62.33,8.428,43.28,44.786,61.7,46.88,43.177,70.55,34.0,26.1,37.53
2014-02-13,22.08,18.986,14.498,48.98,67.85,28.77,36.8,47.37,71.07,57.2,36.77,10.247,18.665,249.49,43.5,47.03,44.495,37.494,20.9,63.17,8.513,43.04,45.424,61.75,47.27,43.097,71.2,34.046,27.17,38.35
2014-02-14,22.36,18.854,14.678,49.28,67.2,28.41,36.72,47.82,71.34,57.01,37.1,10.36,18.915,250.49,43.81,47.07,44.69,38.505,21.41,63.29,8.553,43.28,45.369,61.87,47.71,43.097,71.21,33.974,27.88,38.87
2014-02-17,22.36,18.854,14.678,49.28,67.2,28.41,36.72,47.82,71.34,57.01,37.1,10.36,18.915,250.49,43.81,47.07,44.69,38.505,21.41,63.29,8.553,43.28,45.369,61.87,47.71,43.097,71.21,33.974,27.88,38.87
2014-02-18,22.3,19.187,14.45,49.25,66.75,28.37,36.61,47.41,71.71,57.59,36.92,10.46,18.965,248.53,43.43,47.14,44.745,38.159,21.1,63.37,8.501,42.94,45.314,61.28,47.81,43.257,71.45,34.346,28.21,39.0
2014-02-19,21.91,19.897,14.233,49.52,66.8,28.49,36.98,47.45,72.27,56.64,35.83,10.664,18.93,249.56,43.76,47.46,44.94,37.757,21.07,63.7,8.497,42.76,45.488,61.65,48.45,43.543,72.39,34.554,27.62,39.37
2014-02-20,23.29,20.024,14.75,49.84,66.85,28.41,36.73,47.61,72.44,59.12,37.99,10.671,18.98,250.54,43.85,47.57,45.065,38.172,21.19,63.95,8.901,42.9,44.512,61.87,48.62,43.577,72.8,34.728,28.79,39.47
2014-02-21,23.29,20.152,14.585,49.65,66.76,28.54,36.65,47.77,72.67,58.51,38.13,10.664,19.39,247.46,43.5,47.82,45.05,38.103,21.35,63.32,9.027,42.87,44.622,61.98,48.65,43.863,72.56,34.754,28.74,39.86
2014-02-24,23.52,20.093,14.695,49.44,66.71,28.89,36.97,47.52,72.57,59.0,37.97,10.796,19.64,237.43,43.61,47.95,45.045,37.882,21.2,63.51,9.102,42.69,44.695,62.26,49.2,44.081,72.49,34.974,28.6,39.61
2014-02-25,23.35,19.99,14.688,49.4,66.59,28.6,36.9,47.37,72.63,57.21,37.25,10.678,19.425,230.07,44.23,47.86,45.18,37.508,21.16,63.42,9.061,42.64,44.603,61.73,48.63,43.898,72.7,34.552,28.37,39.27
2014-02-26,23.12,19.961,14.605,49.42,66.64,28.68,36.79,47.11,73.14,56.88,36.7,10.681,19.3,241.03,44.23,47.85,45.295,38.366,20.92,63.42,9.162,42.76,44.686,62.33,48.78,43.818,72.09,34.5,28.12,38.57
2014-02-27,23.03,19.775,14.56,49.76,66.81,28.87,36.78,47.0,73.36,56.28,36.51,10.745,19.445,242.42,44.3,48.17,45.735,38.449,21.2,63.55,9.224,42.87,44.813,62.42,49.08,43.76,72.39,34.45,28.36,38.59
2014-02-28,22.56,19.843,14.73,50.16,66.61,29.31,36.53,46.8,72.94,56.59,35.53,10.748,19.615,244.92,44.44,48.3,46.34,38.768,21.01,63.32,9.182,42.8,44.43,62.56,49.82,43.463,71.95,34.75,28.25,38.34
2014-03-03,22.73,19.995,14.727,49.93,66.84,29.39,36.65,46.87,72.23,57.03,36.08,10.796,19.565,242.49,44.0,48.15,46.4,38.685,20.99,63.03,9.108,42.9,44.722,62.33,50.02,43.051,71.9,34.616,28.48,38.42
2014-03-04,22.63,20.044,14.663,50.06,66.7,29.3,36.72,49.0,72.5,56.04,36.0,10.815,19.485,241.68,43.95,48.19,46.695,38.74,21.18,63.12,9.2,42.8,44.877,62.32,50.36,43.36,71.84,35.05,28.17,38.95
2014-03-05,22.49,19.931,14.68,50.35,66.95,29.12,36.33,48.79,72.6,56.8,35.98,10.839,19.47,237.7,43.96,48.33,46.95,38.906,21.24,63.72,9.188,42.97,45.196,62.39,50.82,43.452,72.34,34.998,28.52,38.9
2014-03-06,22.32,19.985,14.7,50.28,66.4,29.17,36.5,48.54,72.29,57.04,36.41,10.676,19.48,236.72,43.91,48.26,47.065,38.145,21.22,63.69,9.256,43.15,45.15,62.01,51.17,43.223,71.87,34.742,28.58,38.82
2014-03-07,22.08,20.367,14.618,50.47,66.91,29.43,36.91,48.63,72.38,56.26,35.91,10.728,19.28,265.48,43.94,48.39,46.97,39.045,21.3,63.61,9.313,43.64,44.941,62.19,50.7,43.28,71.7,34.638,27.92,38.81
2014-03-10,21.9,20.279,14.583,51.0,67.7,29.75,36.94,48.95,72.34,55.04,35.82,10.671,19.245,260.0,43.88,48.44,47.28,38.962,21.38,63.98,9.315,43.51,44.804,62.43,51.16,43.383,71.69,34.262,27.98,38.51
2014-03-11,21.99,19.902,14.333,51.54,67.73,29.39,36.42,49.0,73.1,55.33,36.16,10.683,19.295,260.89,43.87,48.26,47.9,38.712,21.45,64.82,9.226,43.51,44.85,62.31,50.74,43.154,72.33,33.952,27.82,38.51
2014-03-12,22.62,19.618,14.237,51.75,68.56,29.29,36.7,49.4,73.29,56.56,37.86,10.712,19.315,255.48,43.79,47.4,47.885,38.463,21.48,65.12,9.303,43.05,44.923,63.53,51.06,42.88,72.34,34.814,28.96,38.58
2014-03-13,22.98,19.319,14.057,51.47,67.73,29.19,36.25,48.86,72.43,58.09,38.51,10.51,19.195,260.01,43.79,47.1,47.505,37.965,20.98,64.61,9.174,42.68,44.85,62.55,50.79,42.491,71.81,34.232,29.33,38.15
2014-03-14,23.19,19.471,14.057,51.23,66.63,29.2,36.24,49.14,71.98,58.43,38.41,10.499,19.325,257.4,43.6,46.85,47.345,38.255,20.75,64.35,9.174,42.75,45.105,61.98,51.07,42.434,71.17,33.998,29.63,37.91
2014-03-17,22.62,19.54,14.45,51.46,66.69,29.47,36.13,49.32,72.24,56.6,37.21,10.489,19.245,262.85,43.69,47.07,47.68,38.255,20.83,64.45,9.208,42.86,45.397,62.63,51.17,42.731,71.45,34.228,28.83,38.1
2014-03-18,22.55,19.873,14.74,51.74,67.32,29.77,36.35,49.87,72.37,55.66,37.05,10.63,19.63,264.11,43.85,47.78,47.82,38.519,20.99,64.83,9.345,43.52,45.88,63.39,50.95,43.36,71.9,34.736,28.82,38.35
2014-03-19,21.78,20.049,15.467,51.59,66.57,29.6,36.54,49.73,72.63,53.97,36.15,10.597,19.6,263.75,43.97,47.96,48.015,38.546,21.06,64.68,9.339,44.1,45.852,63.14,50.77,43.715,71.84,34.596,28.16,38.28
2014-03-20,21.82,20.362,15.217,51.8,66.51,29.96,36.47,49.76,72.9,53.02,36.41,10.558,19.515,263.5,44.35,47.99,48.13,38.56,21.61,64.76,9.289,44.45,45.743,62.84,51.0,43.383,72.19,34.024,28.24,38.91
2014-03-21,21.76,20.475,15.693,51.54,66.75,30.55,36.34,49.96,73.05,52.49,36.59,10.575,19.54,258.01,44.55,47.89,47.94,38.352,21.5,64.86,9.447,44.74,45.88,62.13,51.02,43.623,72.16,33.722,28.1,38.86
2014-03-24,20.75,20.504,15.833,51.7,66.85,30.53,36.86,50.18,73.49,51.41,34.53,10.573,19.665,262.0,44.73,47.41,48.0,37.632,21.59,64.86,9.526,44.19,45.989,61.92,51.18,43.772,72.43,33.576,26.07,39.11
2014-03-25,20.67,20.451,15.42,51.72,67.06,30.54,36.9,49.78,73.79,51.35,34.69,10.57,19.455,263.43,44.24,47.15,48.08,37.591,21.67,64.83,9.576,43.98,46.335,62.14,51.19,43.692,72.7,33.59,26.19,39.03
2014-03-26,19.8,20.25,15.143,51.58,67.18,30.51,36.61,49.62,73.53,50.12,33.34,10.582,19.585,262.0,44.1,46.91,47.1,37.909,21.42,64.65,9.566,44.24,45.634,61.31,50.94,43.223,72.64,33.084,24.79,38.52
2014-03-27,19.95,20.465,15.022,51.39,67.56,30.93,37.21,49.85,73.22,50.68,33.8,10.53,19.89,263.99,43.8,47.07,47.26,37.895,21.27,64.22,9.536,44.71,45.223,60.83,50.94,42.925,72.21,32.542,25.08,38.39
2014-03-28,20.24,20.612,15.042,51.47,68.0,31.52,38.19,50.03,73.53,51.68,34.29,10.736,20.175,264.62,44.02,47.45,47.415,38.075,21.02,63.6,9.451,45.85,45.506,61.43,51.43,43.017,72.44,32.732,25.57,38.23
2014-03-31,19.68,20.749,15.088,51.83,68.8,31.97,38.61,50.21,73.96,50.8,33.47,10.786,19.815,268.0,44.3,47.62,47.625,38.74,21.32,64.03,9.425,45.81,45.807,62.11,51.48,43.223,72.89,33.13,25.08,38.28
2014-04-01,19.74,20.784,15.067,51.61,69.31,31.81,38.61,51.08,74.06,50.3,33.28,10.846,19.75,264.22,44.89,47.88,47.675,39.114,21.5,64.67,9.409,46.25,46.5,62.28,51.86,43.795,73.18,33.232,25.19,38.21
2014-04-02,20.49,21.185,15.183,51.6,68.74,31.87,39.23,51.24,74.08,51.64,33.85,10.879,19.57,276.22,44.99,48.01,47.75,38.865,21.59,64.77,9.407,45.41,47.01,62.36,51.6,43.978,73.19,33.746,25.5,38.22
2014-04-03,20.24,21.327,15.35,51.59,68.79,31.76,39.21,50.65,73.82,51.33,33.6,10.855,19.05,278.37,45.09,47.67,47.405,38.74,21.52,64.86,9.337,45.0,46.691,61.98,51.69,44.309,72.91,33.94,25.25,37.92
2014-04-04,20.3,21.376,15.6,51.48,69.0,31.83,39.55,50.69,74.15,51.6,33.92,10.793,19.255,280.0,45.28,47.86,47.44,38.505,21.25,64.89,9.389,45.15,46.755,61.42,51.4,44.115,72.91,33.348,25.01,37.34
2014-04-07,20.14,21.205,15.117,51.35,68.68,31.36,39.06,50.51,74.48,51.84,34.07,10.731,19.395,269.37,45.51,48.07,47.55,38.699,20.79,64.66,9.373,45.04,46.618,60.47,50.61,43.829,73.02,32.514,24.84,36.5
2014-04-08,20.54,21.396,15.167,51.66,68.22,31.68,39.85,50.9,75.09,52.75,34.88,10.863,19.505,265.21,45.44,48.19,47.74,38.546,20.69,64.89,9.341,44.57,46.755,61.23,51.31,43.84,73.1,32.244,25.03,36.66
2014-04-09,20.6,21.572,15.158,51.8,69.28,31.7,39.62,50.95,75.36,52.6,34.16,10.812,19.41,276.99,45.73,48.25,47.94,38.712,20.85,64.92,9.335,45.02,46.363,60.92,51.89,43.657,73.25,32.414,25.12,37.01
2014-04-10,20.54,21.552,14.917,51.0,68.56,31.72,39.7,51.06,74.98,51.73,34.32,10.74,19.105,265.93,45.23,48.07,47.74,38.2,20.29,64.26,9.244,44.96,46.664,60.34,51.71,43.269,72.85,31.748,24.73,36.51
2014-04-11,20.45,21.205,15.097,51.04,68.8,31.9,39.47,51.17,75.11,50.86,34.03,10.896,19.025,264.84,45.02,48.18,47.78,37.328,20.14,64.24,9.19,44.8,46.809,60.02,51.67,42.582,72.85,31.6,24.49,36.08
2014-04-14,20.63,21.21,14.98,51.18,69.92,31.91,39.5,50.76,75.21,51.37,34.61,10.99,18.925,263.89,44.99,48.2,47.835,37.66,19.97,64.36,9.24,44.26,46.6,60.45,51.81,42.845,72.84,31.778,24.7,35.65
2014-04-15,20.37,21.435,14.755,51.23,69.42,31.92,39.37,50.68,75.42,50.49,33.45,11.021,19.105,261.0,44.99,48.45,47.74,37.535,20.06,64.63,9.244,44.01,46.39,60.88,52.0,43.074,72.91,31.894,24.48,35.75
2014-04-16,20.19,21.587,15.17,51.65,69.98,32.39,40.14,51.68,76.08,51.0,30.71,11.143,19.25,265.0,45.24,48.73,47.83,38.075,20.37,65.15,9.369,44.26,46.919,62.07,52.01,43.749,73.31,32.442,24.33,36.3
2014-04-17,19.81,21.915,14.803,51.78,70.22,32.22,40.47,51.75,76.22,50.95,31.26,11.102,19.21,265.01,45.59,48.96,48.205,37.591,20.66,65.5,9.317,44.27,46.764,62.45,52.01,43.863,73.42,32.642,24.07,36.85
2014-04-18,19.81,21.915,14.803,51.78,70.22,32.22,40.47,51.75,76.22,50.95,31.26,11.102,19.21,265.01,45.59,48.96,48.205,37.591,20.66,65.5,9.317,44.27,46.764,62.45,52.01,43.863,73.42,32.642,24.07,36.85
2014-04-21,19.03,21.787,14.853,51.8,69.69,32.14,40.41,51.69,76.3,49.98,30.05,11.088,19.21,270.5,45.56,48.78,48.215,37.452,20.53,65.46,9.254,44.28,45.014,62.98,52.41,43.852,73.54,32.798,24.01,36.86
2014-04-22,19.37,21.841,14.825,51.84,69.6,32.14,40.32,51.94,76.25,51.56,30.28,11.04,19.14,265.0,45.32,48.67,48.155,37.646,20.78,65.47,9.319,42.78,45.615,63.57,52.16,43.76,72.46,34.524,24.39,36.89
2014-04-23,19.59,21.993,15.705,51.64,69.55,32.66,41.37,51.86,76.11,52.35,31.44,10.918,19.07,267.61,45.32,48.53,47.825,37.812,20.6,65.4,9.287,42.88,45.433,63.38,52.61,43.371,72.13,34.1,24.62,36.98
2014-04-24,19.25,22.037,15.645,51.77,69.69,32.58,40.96,52.0,76.02,51.39,31.17,10.99,19.23,268.0,45.43,48.52,47.905,38.242,20.75,65.59,9.266,42.7,45.925,63.81,53.1,43.429,72.27,33.75,24.5,36.99
2014-04-25,19.74,21.866,15.825,51.75,70.06,32.52,40.96,52.33,75.79,52.48,32.05,10.827,19.02,262.0,45.33,48.46,48.015,37.895,20.43,65.44,9.208,42.28,46.226,63.73,52.98,43.657,72.41,34.238,24.8,36.47
2014-04-28,19.12,21.969,16.125,51.83,70.05,32.6,41.34,52.51,76.01,52.39,31.86,10.911,19.14,253.03,45.34,48.32,48.3,37.148,20.3,65.62,9.188,42.74,46.527,64.14,52.73,43.703,72.49,34.168,24.5,36.59
2014-04-29,19.35,22.013,15.95,52.1,70.16,33.02,42.6,52.77,75.13,53.24,32.53,10.954,19.19,248.14,45.35,48.14,48.315,36.289,20.44,65.92,9.204,42.98,46.673,63.26,53.4,43.635,72.75,33.096,24.64,36.92
2014-04-30,19.13,21.871,16.245,52.73,71.97,32.65,42.28,52.89,75.55,52.83,32.37,11.021,19.31,242.75,45.49,48.8,48.86,36.94,20.58,66.6,9.576,43.53,46.563,64.2,53.52,45.373,73.15,34.228,24.31,37.1
2014-05-01,18.77,21.92,16.145,52.27,70.3,32.06,42.53,53.28,75.36,52.04,32.42,11.064,19.315,254.0,45.53,48.95,48.7,37.563,20.74,66.62,9.463,43.58,46.655,64.03,53.7,44.904,72.94,34.266,24.41,37.27
2014-05-02,19.14,22.027,16.07,52.38,71.03,32.58,43.22,53.24,75.47,53.48,35.53,11.102,19.35,263.19,45.65,48.87,48.81,37.992,20.99,66.95,9.52,43.77,46.645,64.01,53.45,44.835,73.19,34.65,24.81,37.48
2014-05-05,19.1,21.934,16.075,52.22,70.78,31.94,43.08,53.06,75.3,53.34,35.09,11.002,19.4,249.16,45.48,48.96,48.73,37.868,20.85,66.53,9.552,43.63,46.518,63.69,53.64,44.252,73.1,34.314,24.49,37.61
2014-05-06,18.97,21.665,15.805,51.9,70.62,31.93,43.4,52.99,75.01,53.96,35.37,10.92,19.505,239.61,45.41,48.5,48.675,37.66,20.36,66.44,9.532,43.5,46.527,63.17,53.79,43.989,73.0,33.958,24.07,37.52
2014-05-07,18.82,21.783,15.605,52.11,72.39,31.73,43.15,53.31,75.08,53.35,34.98,11.018,19.725,242.75,45.75,48.93,48.69,37.965,20.59,66.56,9.566,44.17,46.782,63.87,53.74,44.206,73.11,34.45,23.59,37.62
2014-05-08,18.58,21.058,15.5,52.25,70.4,30.87,42.19,52.65,75.22,53.37,35.04,11.128,19.925,241.12,45.75,48.99,48.61,37.66,20.65,66.71,9.524,44.3,46.308,64.08,52.66,43.966,73.23,34.666,23.59,37.81
2014-05-09,18.79,21.009,15.575,52.18,70.5,31.14,42.14,52.35,75.17,53.54,35.38,11.205,19.835,242.12,45.76,49.01,48.42,37.757,20.31,66.78,9.542,44.31,46.071,64.13,52.68,44.332,73.09,34.678,23.64,37.59
2014-05-12,18.92,21.494,15.5,52.19,71.23,31.33,42.8,52.39,75.43,53.44,36.4,11.188,20.0,245.51,45.8,49.4,48.455,37.882,20.53,66.88,9.566,44.78,46.399,65.23,53.2,44.893,73.53,35.388,23.94,37.79
2014-05-13,18.83,21.606,15.465,52.34,71.0,31.69,43.15,51.97,75.64,52.5,35.79,11.282,20.13,247.04,45.79,49.62,48.595,37.563,20.52,66.98,9.566,45.04,46.49,64.86,53.3,45.053,73.58,34.988,23.99,37.86
2014-05-14,18.94,21.724,15.415,52.3,71.07,31.5,43.05,51.9,75.58,53.5,36.13,11.366,20.145,245.84,45.79,49.65,48.595,38.075,20.34,66.97,9.538,44.91,46.627,64.49,53.48,45.213,73.52,35.03,24.08,37.57
2014-05-15,18.3,21.494,15.395,51.86,72.8,31.31,42.86,51.85,75.12,53.22,35.67,11.483,20.435,241.0,45.77,49.89,48.645,37.591,20.07,67.53,9.5,45.19,46.673,64.01,53.1,44.652,73.2,34.576,23.61,37.11
2014-05-16,18.06,21.185,15.325,51.61,72.11,31.42,42.14,52.0,74.78,52.29,35.18,11.512,20.26,237.99,45.65,49.8,48.245,37.189,19.87,67.03,9.471,44.99,46.49,64.24,52.98,44.481,72.84,34.81,23.21,36.98
2014-05-19,18.06,21.185,15.325,51.61,72.11,31.42,42.14,52.0,74.78,52.29,35.18,11.512,20.26,237.99,45.65,49.8,48.245,37.189,19.87,67.03,9.471,44.99,46.49,64.24,52.98,44.481,72.84,34.81,23.21,36.98
2014-05-20,18.15,21.224,15.25,51.56,71.38,31.34,42.14,52.1,74.55,53.57,34.95,11.517,20.25,235.54,45.64,49.75,48.22,38.2,19.83,67.27,9.365,45.11,46.572,64.29,53.16,43.211,73.4,35.332,23.36,36.73
2014-05-21,18.32,21.69,15.145,51.9,72.61,31.66,42.51,52.81,75.25,53.12,35.13,11.615,20.675,240.24,45.9,50.04,48.69,39.086,20.16,67.59,9.403,45.37,47.046,64.94,53.71,44.115,74.29,35.682,23.55,37.05
2014-05-22,18.09,21.724,15.15,53.25,72.8,31.92,42.46,52.49,76.29,53.58,35.28,11.543,20.85,241.76,46.3,50.37,49.195,39.418,20.04,67.95,9.347,45.44,46.892,64.86,54.03,43.68,75.46,35.88,23.5,37.21
2014-05-23,17.96,21.885,15.2,53.39,72.25,31.81,42.39,52.41,76.27,52.78,34.87,11.591,20.82,241.0,46.5,50.1,49.4,39.155,20.04,67.96,9.349,45.68,46.709,65.12,53.84,43.749,75.3,36.03,23.15,37.12
2014-05-26,18.02,21.797,15.175,53.61,72.62,31.82,42.28,52.0,76.25,52.25,34.61,11.548,20.87,241.0,46.75,50.05,49.465,39.335,20.3,68.0,9.347,45.78,46.527,65.21,54.16,43.749,75.25,36.096,23.11,36.91
2014-05-27,17.3,21.518,15.15,53.93,72.22,31.46,41.88,51.93,76.8,50.26,32.79,11.507,20.685,248.5,47.03,49.83,49.44,39.142,20.3,68.77,9.389,45.49,46.381,65.11,54.23,43.795,75.32,36.18,22.38,37.22
2014-05-28,17.04,21.518,14.865,53.88,72.3,31.61,41.86,51.85,76.62,49.73,32.31,11.414,20.61,248.0,45.86,49.75,49.52,39.045,20.0,68.82,9.331,44.96,46.199,65.34,54.13,43.646,75.16,36.298,22.0,37.02
2014-05-29,17.12,21.685,14.92,53.6,72.2,31.73,41.71,51.22,76.29,50.09,32.25,11.272,20.5,247.16,45.43,49.45,48.84,38.948,19.94,69.13,9.277,43.8,46.317,65.5,53.57,43.177,74.76,36.28,22.18,36.63
2014-05-30,17.6,21.611,15.01,53.76,71.6,32.27,41.73,51.53,76.28,50.31,32.99,11.162,20.475,245.0,45.5,49.84,47.83,38.879,19.85,69.63,9.184,43.82,46.016,65.76,53.39,42.994,74.64,36.296,22.52,36.7
2014-06-02,17.34,21.812,14.85,53.99,72.0,32.16,42.04,51.82,76.24,50.02,33.21,11.301,20.755,246.5,45.47,50.31,48.095,39.488,20.12,69.77,9.214,44.45,46.208,66.24,53.66,43.875,74.66,37.014,22.38,36.91
2014-06-03,17.44,22.111,14.84,54.35,71.95,32.49,42.22,51.89,76.6,50.49,33.29,11.404,20.97,246.7,45.64,50.51,48.11,38.962,20.5,70.21,9.281,44.54,46.007,66.4,54.03,42.937,74.56,37.4,22.59,37.46
2014-06-04,17.4,22.287,14.8,54.7,73.52,32.54,42.55,51.79,77.0,51.3,33.24,11.428,21.145,246.02,45.86,51.01,48.405,39.142,20.69,70.5,9.301,44.64,45.807,66.41,54.23,43.177,74.9,38.144,22.52,38.02
2014-06-05,17.56,22.272,14.925,54.53,73.82,32.4,42.42,51.63,76.8,51.46,33.57,11.342,20.95,247.0,45.69,50.79,48.29,39.155,20.76,70.18,9.443,44.58,45.834,66.38,53.75,43.394,74.57,38.786,22.83,38.25
2014-06-06,17.52,22.522,15.1,54.87,74.36,32.42,42.85,51.23,76.66,50.75,33.56,11.399,20.53,247.04,45.67,50.43,48.505,39.363,20.82,70.47,9.536,44.26,46.244,67.31,53.98,43.726,74.73,39.286,22.9,38.18
2014-06-09,17.42,22.679,15.075,55.24,73.96,32.56,43.39,50.83,76.76,50.51,33.48,11.447,20.5,247.75,45.79,50.46,48.38,39.695,20.83,70.71,9.598,44.48,46.162,67.39,54.35,44.001,75.24,39.18,22.81,38.48
2014-06-10,17.72,22.708,15.0,54.99,74.55,32.71,43.65,50.65,77.21,51.13,34.35,11.425,20.55,249.53,46.02,50.47,48.375,39.322,20.8,70.83,9.713,44.7,45.98,67.64,54.29,44.138,75.23,39.16,23.23,38.48
2014-06-11,17.86,22.644,15.25,54.64,73.99,32.45,44.2,50.55,76.84,52.3,34.74,11.243,20.41,253.01,46.13,50.3,48.38,38.879,20.66,70.63,9.604,43.67,45.907,67.52,54.95,43.886,74.86,39.388,23.65,38.28
2014-06-12,18.16,23.046,15.275,54.37,73.32,33.5,45.44,50.77,76.64,54.36,35.77,11.172,20.535,256.0,46.07,49.4,48.415,38.726,20.47,70.4,9.532,43.32,46.044,67.36,55.35,43.898,74.69,39.484,24.14,38.17
2014-06-13,18.44,23.501,15.275,54.18,73.48,34.21,46.35,51.06,76.73,54.79,36.25,11.184,20.69,249.15,46.12,49.45,48.55,38.574,20.49,70.52,9.526,43.41,46.39,67.94,55.76,43.955,75.23,40.096,24.56,38.47
2014-06-16,18.37,23.359,15.21,54.33,73.47,34.21,46.75,51.51,76.73,54.3,36.29,11.128,20.775,247.89,46.05,49.58,48.7,38.56,20.49,71.07,9.632,43.61,46.563,68.81,56.14,43.955,75.12,39.962,24.77,38.7
2014-06-17,18.54,23.188,15.23,54.59,73.11,33.99,46.32,51.96,76.89,55.02,36.92,11.2,20.62,242.25,45.99,49.56,48.82,38.671,20.9,71.01,9.65,43.69,46.627,67.94,56.09,44.321,75.18,39.582,24.99,38.92
2014-06-18,18.88,23.306,15.275,54.85,72.92,33.93,46.31,51.38,77.08,56.42,38.28,11.227,20.705,246.15,45.85,49.66,48.855,38.449,21.03,71.21,9.588,43.49,46.645,68.46,56.38,44.412,75.36,39.648,25.61,38.96
2014-06-19,19.5,23.413,15.16,54.72,72.23,33.89,45.94,50.82,77.35,59.97,40.18,11.121,20.38,252.21,45.78,49.35,48.815,38.394,21.02,70.78,9.552,43.05,46.29,68.31,56.5,44.138,75.1,39.516,27.09,38.6
2014-06-20,19.12,23.786,14.925,54.8,71.23,34.16,46.07,51.09,77.57,59.26,40.12,11.093,20.095,248.53,45.77,48.99,48.7,38.062,21.34,70.9,9.477,42.84,46.39,68.28,56.65,44.264,74.97,39.514,26.69,38.88
2014-06-23,19.49,23.972,14.79,54.61,71.32,34.5,46.25,50.57,77.47,59.97,40.52,11.076,19.945,246.99,45.78,48.53,48.84,38.02,21.13,71.19,9.562,42.95,46.408,67.69,56.88,44.241,75.19,39.27,27.4,38.91
2014-06-24,19.04,23.482,14.835,54.29,71.32,33.9,44.58,50.63,77.53,59.33,39.45,11.054,19.8,245.69,45.33,48.33,48.76,38.103,21.08,71.18,9.504,42.69,46.253,67.28,55.52,44.206,75.08,38.03,26.87,38.8
2014-06-25,19.07,23.629,14.64,54.23,71.45,33.74,44.7,50.63,77.49,59.18,40.13,11.045,19.72,248.23,45.19,48.23,47.995,37.882,21.03,70.91,9.518,42.89,46.235,68.04,55.54,44.229,74.89,38.316,27.17,38.95
2014-06-26,19.23,23.746,14.75,54.3,71.75,34.23,45.38,50.49,77.87,59.9,39.84,11.083,19.725,249.61,45.24,48.16,48.045,37.757,21.13,71.43,9.512,42.86,46.053,68.75,56.17,44.115,75.34,38.48,27.62,39.16
2014-06-27,19.22,23.923,14.65,54.82,73.18,34.45,45.61,50.6,78.58,59.97,40.11,11.229,19.985,257.52,45.32,48.56,48.53,37.826,21.21,71.28,9.556,42.88,46.263,68.68,56.41,44.298,76.03,38.462,27.62,39.31
2014-06-30,19.54,24.011,14.76,54.93,73.58,34.59,45.5,50.63,78.58,61.25,40.86,11.26,19.885,271.96,45.26,48.4,48.55,37.923,21.21,71.14,9.57,42.94,46.427,69.4,56.23,44.435,76.28,38.662,28.08,39.22
2014-07-01,19.54,24.011,14.76,54.93,73.58,34.59,45.5,50.63,78.58,61.25,40.86,11.26,19.885,271.96,45.26,48.4,48.55,37.923,21.21,71.14,9.57,42.94,46.427,69.4,56.23,44.435,76.28,38.662,28.08,39.22
2014-07-02,19.57,24.03,14.85,55.06,73.69,34.64,45.92,50.91,78.79,60.85,41.38,11.291,19.785,266.25,45.43,48.19,48.67,37.812,21.43,71.34,9.544,43.05,46.664,70.05,57.35,44.561,77.01,38.682,28.2,39.71
2014-07-03,19.33,24.079,14.71,55.12,73.59,34.43,45.53,50.66,78.87,59.75,40.53,11.152,19.89,258.21,45.69,48.25,48.84,37.868,21.57,71.66,9.518,43.0,46.509,69.6,57.44,44.607,77.11,39.2,28.05,39.96
2014-07-04,19.29,24.001,14.71,55.28,73.81,34.46,45.31,50.59,78.89,60.0,40.99,11.184,19.965,258.9,45.8,48.52,48.925,37.951,21.82,71.8,9.59,43.02,46.518,70.02,57.12,44.675,77.16,39.79,28.19,39.94
2014-07-07,19.54,24.05,14.64,55.05,72.8,34.23,45.46,50.49,79.28,60.34,40.71,11.248,19.64,261.0,45.71,48.21,48.865,37.799,21.75,72.25,9.546,42.36,46.418,69.99,56.95,44.927,77.56,39.172,28.26,39.9
2014-07-08,19.95,24.055,14.58,54.99,72.3,34.05,45.35,50.42,79.48,61.44,41.55,11.222,19.235,260.01,45.93,47.92,48.825,37.314,21.64,71.89,9.534,42.2,46.727,69.73,57.37,44.904,77.83,38.926,28.59,39.7
2014-07-09,20.14,24.001,14.88,55.3,72.18,33.99,45.63,50.81,79.94,62.57,43.1,11.222,19.59,265.29,46.37,48.28,48.98,37.272,21.67,72.16,9.562,42.05,47.338,70.67,57.62,45.11,78.5,39.224,28.94,39.88
2014-07-10,19.76,23.781,14.735,55.17,71.96,33.79,44.98,50.72,79.78,62.16,42.2,11.251,19.48,261.15,46.3,48.39,48.905,37.175,21.47,72.03,9.576,42.06,47.903,69.63,57.03,45.007,78.34,38.7,28.22,39.96
2014-07-11,20.71,23.296,14.85,55.05,72.0,33.63,44.24,50.54,79.81,62.53,43.86,11.234,19.495,260.49,46.4,48.8,48.825,37.397,21.45,72.02,9.578,42.12,48.186,70.46,56.58,45.19,78.34,39.276,29.28,39.78
2014-07-14,20.24,23.766,14.75,55.23,71.89,33.92,44.99,50.96,80.09,60.82,43.3,11.287,19.545,261.74,46.57,49.0,49.015,37.231,21.88,72.49,9.636,41.95,48.35,70.51,56.99,45.465,78.76,39.214,28.48,39.98
2014-07-15,19.71,23.217,14.8,55.25,72.42,33.39,44.19,51.12,80.36,58.79,42.43,11.358,19.025,260.61,46.74,48.35,49.12,37.355,21.98,72.76,9.731,41.17,48.678,70.91,56.63,45.201,79.19,39.222,27.53,40.2
2014-07-16,20.28,23.575,14.895,55.52,73.12,33.68,44.72,51.7,81.03,60.06,43.1,11.538,19.28,260.66,46.97,48.88,49.285,37.452,22.11,73.22,9.904,42.01,49.763,71.45,57.29,45.487,79.7,39.566,27.92,41.01
2014-07-17,20.63,23.237,14.62,55.39,72.98,33.15,44.28,52.27,81.2,60.84,44.85,11.416,19.295,261.53,47.01,48.81,49.23,37.162,21.92,72.89,9.839,41.85,49.763,71.77,56.94,45.087,79.78,40.466,28.63,40.65
2014-07-18,20.62,23.663,14.765,55.49,72.36,33.39,44.62,52.5,81.55,60.45,44.82,11.466,19.405,260.62,47.73,48.84,49.28,37.134,22.06,73.01,9.936,42.07,49.617,73.08,57.56,45.133,79.7,41.818,28.59,41.06
2014-07-21,20.51,23.746,14.64,55.44,72.27,33.05,44.59,52.66,81.41,60.97,44.57,11.402,19.33,261.75,47.67,48.66,49.3,37.148,21.94,72.81,9.934,41.86,49.48,72.95,57.04,44.961,79.95,41.942,28.66,40.82
2014-07-22,20.21,23.976,14.75,55.67,71.8,33.11,44.94,53.32,81.9,60.68,44.06,11.435,19.225,261.0,48.08,49.01,49.63,37.535,21.98,73.32,10.229,42.14,49.973,74.39,57.28,45.144,79.4,42.386,28.45,40.66
2014-07-23,20.13,24.04,14.75,55.75,71.91,33.25,45.54,54.34,81.84,60.89,44.22,11.464,19.025,260.31,48.09,49.82,49.945,37.535,21.87,73.11,10.318,42.4,50.693,74.0,57.68,45.316,79.26,42.622,28.37,40.79
2014-07-24,19.66,24.089,14.82,55.95,71.68,33.39,45.44,55.05,81.89,60.54,43.8,11.464,19.04,261.01,48.26,49.61,50.09,37.342,21.86,73.3,10.428,42.88,51.121,73.17,57.78,45.476,79.31,42.064,27.95,40.98
2014-07-25,20.2,23.893,15.135,56.52,71.34,32.99,45.57,55.12,82.3,62.4,45.23,11.55,18.77,260.0,48.43,49.32,50.2,37.12,22.09,73.53,10.615,42.46,50.921,74.02,57.34,45.613,79.89,42.086,28.88,41.4
2014-07-28,20.18,23.58,14.875,56.8,71.01,32.69,45.34,55.17,82.37,62.92,45.52,11.557,18.69,259.3,48.83,49.53,50.475,37.106,22.07,73.8,10.736,42.5,50.884,73.87,56.97,45.785,79.87,41.62,28.94,41.5
2014-07-29,20.17,23.634,14.93,56.86,71.11,32.81,45.12,55.03,82.38,63.26,44.88,11.564,18.76,257.25,48.92,49.65,50.675,37.591,22.09,73.84,10.78,42.45,50.921,73.37,56.54,45.842,79.88,41.31,28.99,41.65
2014-07-30,20.14,23.928,15.125,57.3,72.92,33.61,45.79,54.81,81.84,63.05,44.42,11.749,19.115,258.0,49.15,49.76,51.03,37.799,22.46,74.35,10.852,42.88,50.137,73.87,56.55,47.375,80.66,42.054,28.81,42.31
2014-07-31,19.7,23.276,15.15,57.02,72.72,33.49,44.77,53.45,81.27,61.69,40.54,11.651,19.03,259.0,48.8,49.38,50.605,37.895,22.28,74.01,10.778,42.58,49.863,72.89,55.95,47.112,80.47,41.466,28.48,41.57
2014-08-01,19.89,22.502,15.21,56.52,72.3,33.53,43.43,53.9,80.0,61.94,41.15,11.603,18.985,277.93,48.31,49.12,50.11,37.868,21.92,73.48,10.665,42.35,49.207,72.11,55.15,46.883,79.37,40.926,28.51,41.08
2014-08-04,19.89,22.502,15.21,56.52,72.3,33.53,43.43,53.9,80.0,61.94,41.15,11.603,18.985,277.93,48.31,49.12,50.11,37.868,21.92,73.48,10.665,42.35,49.207,72.11,55.15,46.883,79.37,40.926,28.51,41.08
2014-08-05,19.78,22.547,15.275,56.24,72.61,33.59,43.19,53.62,80.14,62.0,41.21,11.586,19.09,274.59,48.16,49.36,49.925,37.535,21.96,73.32,10.752,42.71,49.28,72.36,54.62,46.505,79.57,41.736,28.63,41.16
2014-08-06,20.05,22.449,15.44,56.42,72.75,33.41,42.87,53.46,80.16,63.57,42.44,11.639,18.975,271.0,48.38,48.88,50.1,37.397,21.97,72.91,10.661,42.41,49.225,72.15,54.2,46.563,79.73,41.44,28.96,41.15
2014-08-07,20.18,21.949,15.125,55.94,72.45,32.84,42.56,53.19,79.46,65.62,42.26,11.667,19.115,270.85,48.23,48.57,50.025,37.245,21.7,72.19,10.581,41.96,49.125,72.13,53.61,46.62,79.39,40.97,29.04,40.1
2014-08-08,20.51,22.576,14.9,55.59,72.13,33.5,43.0,53.47,79.26,64.1,42.23,11.806,19.01,273.22,48.21,48.21,49.675,37.383,21.82,71.55,10.529,42.29,49.116,72.65,54.21,46.837,78.96,41.566,29.14,40.42
2014-08-11,20.45,22.561,15.03,56.48,72.13,33.65,43.16,53.52,79.63,64.56,42.41,12.209,19.15,278.48,48.66,48.41,49.815,37.411,21.73,72.05,10.575,42.74,49.271,73.2,53.83,46.894,79.37,41.876,29.36,40.44
2014-08-12,20.94,22.4,15.03,56.64,72.18,33.61,42.53,53.55,79.77,66.23,43.79,12.216,19.18,276.78,48.69,48.4,50.115,37.535,21.68,72.22,10.577,43.17,49.581,73.28,54.05,47.031,79.64,41.77,29.58,40.38
2014-08-13,20.82,22.081,14.955,56.49,72.36,33.38,42.18,53.5,79.7,66.41,43.79,12.345,19.155,278.14,48.59,48.23,50.5,37.439,21.58,72.35,10.531,43.07,50.173,73.47,53.96,46.929,79.55,41.614,29.65,40.13
2014-08-14,20.83,21.885,15.105,56.9,73.4,33.23,41.94,53.6,80.3,63.38,43.52,12.367,19.25,278.5,48.84,48.57,50.88,37.425,21.8,72.69,10.635,43.36,50.401,74.37,54.1,47.386,80.14,42.332,28.13,40.56
2014-08-15,20.64,22.262,15.44,56.65,73.79,33.38,42.95,53.81,80.22,63.41,42.96,12.391,19.24,277.35,48.84,48.29,50.66,37.702,21.51,72.4,10.603,43.24,50.675,74.17,54.46,47.237,79.85,42.574,27.88,40.46
2014-08-18,20.66,22.027,15.5,56.96,73.91,33.09,42.68,53.8,80.37,63.75,43.2,12.443,19.24,277.63,48.8,48.21,50.88,37.646,21.61,72.55,10.675,43.18,50.747,74.7,54.81,47.375,80.41,42.868,28.08,40.62
2014-08-19,20.6,22.478,15.955,57.22,73.9,33.61,43.25,54.43,81.29,63.85,42.96,12.554,19.23,276.69,49.16,48.4,51.435,37.909,21.8,73.19,10.723,43.51,51.568,75.02,55.71,47.054,81.6,43.254,27.7,40.71
2014-08-20,20.54,22.605,15.775,57.55,74.47,33.8,43.66,55.25,81.53,63.55,42.7,12.599,19.34,272.74,49.5,48.61,52.075,37.965,21.93,73.49,10.601,43.71,51.96,76.24,56.21,47.237,81.6,43.968,27.95,40.86
2014-08-21,20.18,22.738,15.65,57.9,74.63,33.65,43.75,54.95,81.94,60.62,40.94,12.606,19.29,274.69,49.73,48.63,52.565,37.923,22.31,73.8,10.571,43.77,51.486,75.85,56.75,47.169,81.66,43.782,27.18,41.43
2014-08-22,19.97,22.669,15.645,57.67,74.62,33.54,43.96,54.54,81.78,61.17,40.86,12.616,19.345,273.52,49.59,48.6,52.395,37.895,22.19,73.5,10.605,43.86,51.03,76.13,56.82,46.963,80.8,43.69,27.23,41.27
2014-08-25,19.75,22.831,15.925,57.82,74.76,33.87,44.3,54.83,81.81,60.72,40.05,12.63,19.43,274.5,49.64,48.72,52.525,38.103,22.28,74.19,10.802,44.14,52.37,76.82,57.32,47.237,80.98,43.872,26.82,40.96
2014-08-26,19.95,23.095,16.125,57.58,75.24,34.01,44.16,54.4,82.16,61.06,40.87,12.592,19.63,273.56,49.4,48.81,52.38,38.269,22.2,72.45,10.717,44.09,52.552,76.98,57.54,47.169,80.68,43.8,27.05,40.81
2014-08-27,19.66,22.899,16.25,57.82,75.8,34.08,44.19,54.7,83.14,60.42,40.35,12.59,19.615,271.63,50.91,48.85,52.755,37.937,22.18,72.35,10.725,44.46,53.282,76.94,57.33,47.203,80.98,43.516,26.62,40.76
2014-08-28,19.75,22.88,16.535,57.38,74.39,34.05,44.21,54.48,83.01,60.44,40.96,12.357,19.79,269.4,51.99,48.87,51.615,39.405,21.91,71.66,10.882,44.56,53.245,77.64,57.41,47.02,80.55,43.462,26.95,40.37
2014-08-29,19.99,23.208,16.375,57.25,73.91,34.68,44.63,54.23,83.66,61.26,41.58,12.443,19.825,269.48,52.31,48.95,51.955,38.92,21.95,72.04,10.892,44.32,53.263,78.09,57.86,47.123,80.77,43.558,27.16,40.43
2014-09-01,19.99,23.208,16.375,57.25,73.91,34.68,44.63,54.23,83.66,61.26,41.58,12.443,19.825,269.48,52.31,48.95,51.955,38.92,21.95,72.04,10.892,44.32,53.263,78.09,57.86,47.123,80.77,43.558,27.16,40.43
2014-09-02,19.52,22.61,16.71,57.3,73.9,34.08,43.67,54.95,84.62,60.53,40.3,12.515,19.96,271.0,52.53,49.19,52.385,39.266,22.17,72.27,10.953,44.37,53.911,79.1,56.78,47.398,81.14,44.576,26.65,40.89
2014-09-03,19.33,22.556,17.76,57.72,74.0,34.2,44.11,55.2,85.03,61.27,39.57,12.539,19.935,270.31,52.75,49.28,52.755,39.418,22.36,72.16,10.971,44.66,54.512,79.66,57.0,47.306,81.19,44.628,26.43,41.18
2014-09-04,18.51,22.223,18.5,57.78,73.25,34.09,44.08,54.95,84.86,59.43,37.93,12.432,19.965,270.01,53.19,49.28,52.915,39.903,22.05,72.12,11.059,44.87,54.439,80.09,56.39,47.443,81.11,44.974,26.04,41.36
2014-09-05,18.64,22.287,18.47,57.48,72.69,34.04,44.07,55.16,84.34,60.57,37.94,12.458,19.965,270.0,52.87,49.19,52.98,39.903,21.92,72.07,11.057,44.77,54.995,79.92,56.72,47.329,80.76,45.068,26.25,41.15
2014-09-08,18.37,21.9,18.675,57.44,72.83,33.6,43.55,55.43,84.23,59.05,37.08,12.36,19.675,272.99,53.2,49.15,52.985,40.277,22.0,71.87,11.089,44.64,54.968,80.69,55.84,47.512,80.81,45.158,25.8,41.59
2014-09-09,18.52,21.974,18.575,57.46,72.4,33.49,43.67,56.08,84.24,59.76,37.71,12.441,19.85,271.02,53.3,49.28,53.18,39.945,22.0,72.2,11.037,44.77,55.615,80.77,55.94,47.672,81.21,45.248,26.12,41.51
2014-09-10,18.32,21.881,18.1,57.63,72.33,33.5,43.18,55.75,84.3,58.5,37.28,12.355,19.865,273.02,53.33,49.34,53.1,39.751,22.0,72.36,11.095,44.28,54.649,79.98,56.21,47.523,81.24,44.718,25.87,41.34
2014-09-11,18.63,22.199,18.275,57.59,72.15,33.38,43.29,55.88,84.45,59.57,38.03,12.384,20.0,273.5,53.07,48.53,53.45,39.806,22.0,72.76,11.103,44.79,54.695,80.2,55.96,47.672,81.86,45.586,25.98,41.32
2014-09-12,18.33,22.189,18.425,57.77,72.55,33.24,42.92,55.12,84.58,58.62,37.7,12.312,19.845,273.23,53.02,48.34,53.505,40.083,22.24,72.97,11.16,44.87,54.221,80.56,55.79,47.695,82.16,44.578,25.55,41.91
2014-09-15,18.19,22.238,18.12,57.6,72.53,33.52,43.07,54.65,84.53,58.57,37.85,12.271,19.78,270.66,53.32,48.25,53.43,40.055,22.04,73.02,11.17,44.75,53.674,80.11,55.85,47.398,81.88,44.566,25.22,41.92
2014-09-16,18.18,22.4,18.475,57.47,72.24,33.46,43.47,54.78,84.85,58.58,38.18,12.348,19.75,270.93,53.85,48.1,53.44,39.862,22.06,73.13,11.499,44.18,53.619,80.72,56.33,47.1,82.3,45.192,25.29,41.81
2014-09-17,17.89,22.204,17.9,57.35,72.05,32.89,43.04,54.23,84.87,57.98,37.27,12.465,19.475,271.81,53.69,47.93,53.37,39.723,22.05,72.97,11.598,44.28,53.655,81.34,55.72,46.54,82.46,45.962,24.74,41.68
2014-09-18,17.52,22.091,17.64,57.56,72.1,31.79,43.05,55.2,85.42,56.53,35.57,12.602,19.605,271.62,53.88,48.09,53.44,39.585,22.39,72.94,11.652,44.3,55.433,82.01,55.77,46.62,83.11,45.27,24.37,42.01
2014-09-19,17.1,21.582,17.1,56.56,72.38,31.41,41.99,56.48,84.39,55.13,34.22,12.443,19.54,268.86,53.01,47.38,52.975,39.432,22.12,71.56,11.636,43.42,55.953,81.25,54.46,46.128,81.8,45.254,23.58,41.85
2014-09-22,17.0,21.332,17.47,56.79,72.2,31.02,41.33,55.61,84.25,54.15,33.18,12.479,19.54,267.69,52.62,47.66,52.875,39.1,21.94,71.25,11.616,43.44,55.314,80.71,53.27,46.311,81.62,44.75,22.98,41.86
2014-09-23,17.19,21.513,17.95,56.87,71.62,31.38,41.24,55.15,84.06,55.57,33.85,12.494,19.65,270.63,52.03,47.77,52.72,39.017,21.77,70.98,11.559,43.47,54.33,79.86,53.53,46.311,81.51,44.526,23.06,41.53
2014-09-24,16.93,21.606,17.81,56.42,72.0,30.92,40.85,54.29,83.43,53.95,33.12,12.367,19.72,277.25,52.18,48.06,52.48,39.917,21.74,70.11,11.449,42.94,53.947,79.41,53.18,46.334,81.22,44.696,23.01,41.57
2014-09-25,17.11,21.161,17.75,54.85,71.75,29.95,40.29,53.12,82.03,55.34,33.43,12.096,19.21,273.03,51.33,47.33,50.765,39.723,21.42,68.91,11.248,42.19,52.744,78.3,52.12,45.911,79.78,44.21,22.99,40.72
2014-09-26,17.02,21.709,17.675,55.39,72.27,30.55,40.69,53.84,82.74,55.16,33.37,12.276,19.285,279.15,51.6,47.8,51.08,39.446,21.69,69.35,11.218,42.78,52.999,79.74,53.31,46.311,80.44,45.186,22.9,41.29
2014-09-29,16.71,21.572,18.0,54.91,72.41,30.31,40.23,53.81,82.31,54.82,33.11,12.118,19.09,279.9,51.06,48.43,50.2,39.474,21.63,69.18,11.204,41.85,52.771,79.42,53.55,46.265,79.57,45.716,22.56,40.94
2014-09-30,16.47,21.308,18.25,55.27,72.51,30.13,40.53,53.61,82.43,54.97,32.39,12.043,19.12,281.49,51.03,47.89,50.295,39.889,21.54,69.27,11.264,41.92,52.58,79.51,52.91,46.665,80.05,46.486,22.34,40.6
2014-10-01,16.5,20.632,18.07,54.33,72.35,29.31,40.02,53.0,81.96,54.3,32.7,11.967,19.175,284.66,50.4,47.84,49.965,39.806,21.2,69.65,11.214,41.81,51.832,77.69,52.18,46.505,79.64,44.562,22.47,40.21
2014-10-02,16.43,20.514,17.825,53.97,72.44,29.52,40.04,52.38,81.75,54.33,33.8,11.909,19.43,284.98,50.87,48.18,49.63,39.695,21.27,68.92,11.286,42.1,51.677,77.18,52.08,46.62,79.67,46.94,22.39,40.01
2014-10-03,15.91,20.333,18.075,54.14,73.44,29.35,39.85,52.5,82.02,52.65,31.56,12.094,19.485,286.98,50.81,48.27,49.955,40.152,21.58,68.54,11.375,42.41,51.75,79.16,52.25,47.798,80.02,48.334,21.6,40.22
2014-10-06,15.84,20.255,17.975,54.05,74.11,29.06,39.55,52.29,81.91,53.36,31.84,12.012,19.555,286.18,50.94,48.28,50.135,39.765,21.51,68.41,11.32,42.5,51.987,77.72,52.33,47.603,80.09,47.772,21.79,40.37
2014-10-07,15.24,19.589,17.8,53.66,73.75,28.82,38.53,51.86,81.4,52.69,31.24,11.936,19.535,292.24,50.95,47.96,49.96,39.197,21.24,68.06,11.162,42.61,51.604,75.26,51.59,46.974,79.67,46.312,21.29,39.8
2014-10-08,15.94,19.471,18.225,54.12,74.06,28.47,38.24,51.57,82.67,57.68,34.05,11.955,19.55,290.72,51.63,48.14,50.55,39.446,21.32,69.15,11.274,42.67,50.866,75.8,51.4,47.226,80.99,46.182,22.84,39.94
2014-10-09,15.59,19.128,18.1,54.14,73.88,27.75,37.51,50.97,82.73,58.06,32.99,11.885,19.58,286.41,51.87,48.24,50.52,39.252,21.08,69.02,11.192,42.78,48.769,74.5,50.09,47.009,80.75,44.528,21.84,39.36
2014-10-10,15.11,18.844,17.875,53.24,73.35,27.28,36.66,50.31,81.63,57.66,32.82,11.818,19.22,280.5,51.34,47.67,49.825,39.238,20.57,67.99,11.065,42.15,48.778,72.25,49.86,46.631,79.64,42.44,21.78,38.63
2014-10-13,15.11,18.844,17.875,53.24,73.35,27.28,36.66,50.31,81.63,57.66,32.82,11.818,19.22,280.5,51.34,47.67,49.825,39.238,20.57,67.99,11.065,42.15,48.778,72.25,49.86,46.631,79.64,42.44,21.78,38.63
2014-10-14,15.45,17.904,17.425,52.58,73.28,26.75,36.1,48.63,80.82,60.48,33.98,11.883,19.015,281.13,50.8,47.74,49.195,38.754,20.28,67.22,11.125,41.67,46.062,70.81,49.39,46.094,78.79,42.606,22.43,37.96
2014-10-15,15.24,17.644,17.3,51.24,71.75,26.19,36.31,49.29,78.33,62.4,34.66,11.758,18.85,274.89,49.87,47.12,47.965,38.145,19.46,65.8,11.001,41.72,46.408,70.49,50.03,46.002,77.26,42.098,22.38,36.63
2014-10-16,15.5,18.399,17.75,52.07,72.8,26.39,37.14,50.75,78.44,61.51,34.18,11.981,18.985,275.0,49.7,47.18,48.245,38.782,19.48,65.86,10.91,41.7,47.821,71.9,51.28,45.739,77.34,43.624,22.28,36.99
2014-10-17,15.12,18.928,18.1,53.47,73.15,26.38,37.73,50.98,79.79,60.25,32.34,12.257,19.02,273.89,50.62,47.33,48.765,39.238,20.04,67.31,10.846,42.28,48.049,73.6,51.45,45.739,78.82,44.998,21.97,38.09
2014-10-20,15.43,18.737,18.13,53.67,72.17,26.37,38.1,51.62,80.48,62.5,34.22,12.35,19.16,282.6,50.75,47.89,49.075,39.28,20.0,67.27,10.926,43.67,48.806,73.99,51.42,45.991,79.2,44.33,22.54,38.05
2014-10-21,15.29,19.143,18.81,54.25,73.79,26.74,38.86,52.28,80.98,60.49,33.97,12.52,19.565,295.45,51.49,48.25,49.43,39.972,20.44,67.93,10.914,44.01,49.526,75.68,52.56,46.734,80.09,44.916,22.57,39.08
2014-10-22,15.07,18.844,18.25,53.77,72.58,26.27,37.9,51.09,80.3,58.75,32.37,12.309,19.415,293.35,51.19,48.09,49.14,40.042,20.09,66.77,10.836,43.43,48.733,75.18,50.99,46.288,79.46,44.232,21.76,38.57
2014-10-23,15.13,19.368,18.7,54.42,73.29,27.97,38.98,52.37,81.27,59.45,32.84,12.542,19.545,298.0,51.9,48.32,50.1,40.36,20.41,67.68,10.959,42.8,49.152,76.71,51.99,46.448,79.31,45.8,22.16,38.92
2014-10-24,15.18,19.07,19.175,54.28,74.15,27.5,38.87,52.56,81.51,60.27,32.81,12.638,19.78,295.59,52.28,48.59,50.33,40.692,20.54,67.99,11.397,43.22,49.508,77.27,51.48,47.455,79.28,46.056,22.17,39.16
2014-10-27,14.96,18.585,19.0,54.2,74.83,27.14,38.15,52.26,81.88,58.5,32.21,12.954,19.97,301.28,52.65,49.11,50.66,40.222,20.56,67.95,11.716,42.82,49.526,77.45,51.02,47.695,79.07,45.554,21.74,38.93
2014-10-28,15.1,18.972,19.225,54.77,74.62,27.95,39.0,53.26,82.45,58.6,32.91,12.946,20.255,303.75,52.9,49.31,51.125,40.858,20.76,68.55,11.758,42.83,50.41,78.25,52.31,47.992,79.47,45.936,22.22,39.26
2014-10-29,14.34,18.942,19.1,54.37,75.01,27.86,38.85,53.0,82.13,56.84,31.32,12.82,20.19,301.24,52.9,49.3,51.02,40.914,20.68,68.09,11.574,42.36,50.237,77.68,51.96,47.821,79.13,45.802,21.52,39.26
2014-10-30,13.75,18.727,19.3,54.75,74.74,27.33,39.0,52.92,81.19,54.18,27.67,12.937,20.205,303.0,52.6,49.76,51.045,43.821,20.88,68.27,11.654,42.2,50.328,78.17,51.81,47.844,79.61,45.854,20.0,39.43
2014-10-31,13.38,19.261,19.625,55.47,75.57,27.89,40.02,53.33,81.73,52.76,26.56,13.215,20.195,317.5,52.68,50.05,51.445,45.58,21.39,69.02,11.801,42.38,50.638,79.46,54.23,47.958,80.01,46.886,19.59,40.09
2014-11-03,13.54,18.746,19.425,55.41,74.65,27.33,38.57,53.16,81.81,54.98,27.22,13.22,20.215,316.01,52.68,50.18,51.465,46.937,21.23,68.78,11.527,42.83,50.164,78.26,52.96,48.255,80.01,46.0,20.34,39.81
2014-11-04,13.06,18.022,19.775,55.55,75.47,26.83,37.24,52.24,81.77,52.75,26.21,13.138,20.475,326.7,52.8,51.06,51.375,45.774,21.22,67.19,11.702,43.18,50.31,78.42,51.48,48.587,80.32,46.21,19.62,39.94
2014-11-05,12.5,18.737,19.895,55.98,77.99,28.21,38.52,52.04,82.49,51.28,25.17,13.284,20.685,315.43,54.3,51.08,51.72,45.995,21.48,67.34,11.722,43.4,51.832,78.72,52.99,49.33,81.27,46.436,19.43,40.53
2014-11-06,12.97,19.461,20.04,55.88,78.46,28.04,38.5,51.64,81.58,53.43,26.41,13.234,20.445,319.35,54.0,50.94,51.735,46.217,21.17,67.22,11.564,42.63,51.395,79.25,53.57,49.033,81.16,47.002,20.38,39.64
2014-11-07,13.79,20.015,19.75,55.8,79.83,28.62,39.19,52.04,81.27,57.34,27.83,13.457,20.505,314.05,54.09,50.98,51.575,45.954,21.23,67.48,11.491,42.19,51.094,78.91,53.92,48.77,81.08,46.77,21.38,40.07
2014-11-10,12.9,19.868,20.0,56.34,79.85,28.25,39.17,51.7,81.4,54.45,26.18,13.706,20.675,321.0,53.97,51.73,51.78,46.258,21.42,68.2,11.766,42.62,51.285,80.19,54.12,49.388,81.58,47.5,20.41,40.85
2014-11-11,13.21,20.137,19.87,56.45,78.9,28.37,39.29,52.23,81.23,57.63,27.27,13.454,20.75,320.71,54.24,51.87,51.79,46.674,21.41,68.39,11.68,42.65,51.358,80.32,53.66,49.136,81.79,47.608,21.17,40.91
2014-11-12,13.25,20.524,19.97,57.0,78.47,28.56,39.85,51.94,81.77,57.86,26.88,13.505,20.92,320.26,54.27,52.25,51.915,47.006,21.67,68.59,12.078,43.01,52.005,81.27,54.45,49.502,82.25,47.04,21.51,41.22
2014-11-13,13.11,19.917,20.425,57.05,79.87,27.39,39.19,51.7,82.3,57.1,26.65,13.524,21.16,323.49,54.5,52.73,52.295,47.269,21.6,68.74,12.046,43.36,51.459,80.96,54.03,49.571,82.15,47.072,21.7,41.15
2014-11-14,13.83,19.907,20.74,57.06,80.01,28.07,39.57,51.21,82.19,59.26,28.31,13.409,21.375,322.39,54.61,52.87,52.225,47.283,21.74,68.66,12.257,43.34,50.866,80.46,54.25,49.628,82.21,46.178,22.8,41.16
2014-11-17,14.07,19.657,20.375,57.23,80.26,27.71,39.19,50.96,81.94,60.85,29.04,13.447,21.665,323.38,55.06,53.5,52.275,48.183,21.83,68.77,12.118,44.15,51.568,79.99,54.25,49.696,82.23,46.128,23.27,41.39
2014-11-18,15.04,19.814,20.6,56.99,80.5,27.62,39.17,51.37,82.14,63.69,30.36,13.502,21.89,329.15,54.18,54.21,52.335,47.754,21.91,69.17,12.072,44.83,51.048,80.16,54.19,49.205,82.14,45.736,24.13,41.57
2014-11-19,14.09,19.902,21.13,56.98,81.21,27.54,38.71,52.21,82.55,60.34,29.56,13.531,21.815,327.24,54.23,54.06,52.39,47.629,21.93,69.66,12.283,45.64,52.416,80.83,54.01,49.399,82.9,45.92,23.44,41.51
2014-11-20,14.53,20.642,20.65,57.16,80.7,28.1,39.69,52.58,82.81,61.83,30.47,13.255,21.325,321.23,53.84,53.22,52.415,47.075,22.07,69.92,12.178,45.16,52.461,81.14,54.88,49.33,83.04,46.104,24.09,41.62
2014-11-21,14.44,20.901,20.07,56.88,80.45,28.6,40.52,52.35,82.75,61.55,29.95,13.327,21.215,317.24,53.58,53.32,52.41,46.964,21.91,70.0,12.341,45.16,51.896,81.01,55.42,49.216,82.53,46.006,23.96,41.54
2014-11-24,14.22,20.583,20.0,56.77,79.0,28.07,40.32,52.45,83.2,60.29,29.29,13.356,21.285,315.7,53.33,52.93,52.145,47.809,22.16,70.19,12.118,44.95,50.975,81.99,55.09,49.582,82.47,46.894,23.8,41.56
2014-11-25,14.83,20.597,20.36,56.79,79.0,27.81,39.63,52.85,83.23,63.07,30.29,13.505,21.145,323.64,53.22,52.6,52.665,48.141,22.45,70.13,12.028,45.25,50.593,83.34,55.08,49.902,82.32,46.854,24.66,41.71
2014-11-26,14.53,20.264,20.45,57.08,79.78,27.02,39.07,53.54,83.59,61.6,29.26,13.466,21.33,328.34,53.22,52.87,53.06,47.906,22.54,70.2,12.16,45.45,50.948,83.75,54.98,50.062,82.79,47.158,24.06,41.92
2014-11-27,14.3,18.83,20.525,57.5,79.37,25.76,36.86,52.8,83.88,59.41,28.64,13.627,21.495,335.0,53.22,53.33,53.24,48.28,22.67,70.85,12.287,45.84,51.048,85.0,51.0,50.669,83.33,47.2,23.84,42.24
2014-11-28,13.54,18.59,20.7,57.62,79.38,25.67,36.11,52.5,83.86,57.21,26.68,13.77,21.64,331.56,53.13,53.34,53.245,48.169,22.77,70.5,12.361,45.77,49.635,81.23,49.58,52.156,83.16,44.112,22.58,42.43
2014-12-01,14.07,18.81,20.85,57.07,79.61,25.37,36.48,51.98,83.29,59.15,28.43,13.512,21.625,330.54,52.32,53.21,53.05,47.85,22.62,69.13,12.458,45.87,49.407,77.09,50.56,51.767,82.78,42.536,24.21,42.46
2014-12-02,13.58,19.187,21.395,56.81,79.49,25.86,36.6,52.59,81.42,59.33,27.6,13.696,20.915,332.39,51.83,52.71,53.24,48.294,22.65,68.94,12.267,45.56,50.228,78.23,51.76,51.87,81.42,44.102,23.68,42.26
2014-12-03,14.02,19.07,20.95,56.91,79.2,26.09,37.36,54.43,81.01,61.11,28.73,13.672,21.015,337.92,51.26,52.77,53.58,48.75,22.93,68.99,12.058,45.43,50.629,79.43,53.2,51.95,81.59,44.958,24.63,43.15
2014-12-04,13.58,18.222,20.75,54.03,79.45,25.05,35.89,60.04,80.21,59.79,27.59,13.411,20.76,336.26,50.4,52.05,51.76,48.183,22.38,67.58,11.879,45.08,51.568,77.58,52.93,51.687,80.63,44.158,24.07,42.58
2014-12-05,13.21,18.188,21.115,54.25,79.3,24.39,35.75,58.46,80.27,58.13,27.09,13.624,20.715,345.3,49.7,52.24,51.165,48.626,23.01,66.2,11.895,45.1,51.057,77.61,52.22,51.801,80.4,43.786,24.17,43.17
2014-12-08,13.27,17.453,20.38,52.72,79.5,22.45,33.7,56.11,79.35,58.89,27.4,13.433,20.57,331.68,49.16,52.09,50.815,48.432,22.81,65.07,12.04,45.12,48.177,76.29,49.28,51.652,79.85,41.568,24.23,42.57
2014-12-09,13.79,17.615,20.99,52.75,79.98,22.54,34.02,56.59,79.29,60.64,29.34,13.45,20.525,337.22,47.93,52.18,50.85,47.712,22.45,65.38,12.275,44.73,48.815,76.79,49.11,51.252,79.91,42.228,24.98,42.32
2014-12-10,13.7,16.572,21.025,52.46,79.56,21.1,32.41,55.12,77.66,59.84,28.54,13.227,20.035,334.05,46.63,51.5,50.105,47.227,21.59,64.11,12.046,43.97,47.256,73.62,48.09,50.943,78.61,40.376,24.34,41.33
2014-12-11,13.64,16.768,21.29,52.5,80.37,20.8,32.56,55.38,78.21,58.26,28.3,13.392,20.82,333.7,47.15,52.23,49.97,48.197,21.66,64.32,12.018,45.06,47.794,74.2,47.7,51.629,78.49,40.262,23.99,41.77
2014-12-12,13.28,16.244,21.29,51.91,80.32,20.09,32.13,54.31,78.09,56.93,28.05,13.16,20.565,333.55,45.38,51.65,48.73,47.546,21.07,63.72,11.977,44.32,47.63,73.66,47.51,51.241,77.41,40.83,23.83,41.0
2014-12-15,12.21,15.597,21.95,52.13,80.67,19.29,31.37,54.57,79.37,53.79,25.86,13.323,20.805,331.0,45.83,51.76,48.645,47.269,21.08,63.71,12.034,44.23,47.685,74.55,46.56,51.549,77.58,41.52,22.47,40.93
2014-12-16,12.02,15.926,22.2,52.52,81.56,19.87,33.01,54.62,79.76,53.51,25.37,13.311,21.17,329.69,46.14,52.35,49.09,48.017,21.12,64.19,12.008,44.59,48.159,76.59,47.78,52.579,78.56,42.518,21.95,40.9
2014-12-17,12.58,16.91,22.28,53.1,81.73,21.87,35.71,55.27,80.26,55.58,27.0,13.473,21.32,330.8,47.21,52.61,49.51,48.307,21.72,65.03,12.074,44.88,49.526,78.16,49.86,52.636,79.63,44.306,23.67,41.19
2014-12-18,12.85,17.14,23.795,53.36,81.98,22.76,36.13,56.09,80.65,57.51,28.68,13.682,21.075,329.63,48.43,52.97,49.54,48.875,21.99,64.94,12.205,44.81,49.745,78.16,49.87,52.762,79.26,44.428,24.03,41.22
2014-12-19,12.59,17.938,23.775,54.0,81.96,23.98,36.1,57.55,80.14,56.82,28.97,13.632,20.785,327.03,48.03,53.02,49.535,48.335,22.2,65.09,12.335,45.12,50.383,77.42,51.17,53.345,79.22,43.994,23.77,41.56
2014-12-22,12.02,17.649,24.085,54.44,82.05,24.11,36.88,58.16,80.86,54.53,26.91,13.744,21.005,328.01,48.56,53.35,50.38,48.584,22.14,65.48,12.41,44.83,50.51,78.66,51.03,53.848,79.47,44.6,22.67,41.35
2014-12-23,11.81,17.997,24.45,55.16,83.4,24.4,37.8,58.77,81.68,54.49,26.75,13.83,21.08,331.0,49.64,53.41,50.355,48.626,22.41,66.23,12.615,45.24,51.796,80.09,51.56,54.18,80.24,45.386,22.69,42.17
2014-12-24,12.02,17.87,24.8,55.34,83.12,24.04,37.31,58.86,81.73,56.11,27.54,13.945,21.145,331.06,49.52,53.42,50.31,48.986,22.43,66.27,12.566,45.49,51.714,79.86,51.19,54.466,80.31,45.33,23.2,42.18
2014-12-25,12.02,17.87,24.8,55.34,83.12,24.04,37.31,58.86,81.73,56.11,27.54,13.945,21.145,331.06,49.52,53.42,50.31,48.986,22.43,66.27,12.566,45.49,51.714,79.86,51.19,54.466,80.31,45.33,23.2,42.18
2014-12-26,12.02,17.87,24.8,55.34,83.12,24.04,37.31,58.86,81.73,56.11,27.54,13.945,21.145,331.06,49.52,53.42,50.31,48.986,22.43,66.27,12.566,45.49,51.714,79.86,51.19,54.466,80.31,45.33,23.2,42.18
2014-12-29,12.18,17.713,24.775,55.7,83.67,24.39,37.4,59.64,82.37,56.06,27.73,13.976,21.135,339.41,49.97,53.69,50.455,49.069,22.42,66.96,12.564,45.28,52.015,80.62,50.61,54.077,80.82,45.512,23.04,42.5
2014-12-30,12.6,17.556,24.51,55.44,83.76,23.82,37.09,59.63,82.03,57.32,29.06,14.015,21.005,341.2,49.4,53.45,49.935,48.529,22.28,66.39,12.52,45.25,52.015,80.28,50.3,53.871,80.43,44.86,23.49,42.33
2014-12-31,12.52,17.591,25.12,55.51,83.85,23.97,36.9,59.74,82.18,57.21,28.92,13.945,20.945,345.44,49.44,53.28,49.92,48.363,22.18,66.31,12.494,45.17,52.051,80.02,50.05,53.608,80.24,44.75,23.63,41.92
2015-01-02,12.86,17.777,24.84,55.22,84.36,24.38,37.35,60.49,82.55,57.72,31.72,14.175,21.01,344.51,50.05,53.71,50.18,48.626,22.24,65.54,12.592,45.6,52.89,80.23,50.18,53.7,80.7,44.406,24.53,42.12
2015-01-05,12.81,16.552,24.1,53.94,83.55,23.1,35.72,58.11,80.71,60.93,32.2,14.039,20.695,340.58,47.6,53.1,49.19,48.57,21.65,64.29,12.329,44.68,50.893,77.7,48.0,52.098,78.88,42.536,24.82,41.27
2015-01-06,13.31,16.072,22.95,53.06,82.83,23.12,35.23,56.01,79.59,62.06,34.3,13.96,20.63,336.87,47.51,53.49,47.805,48.46,21.15,63.49,12.082,45.07,49.417,77.12,47.23,52.156,78.32,41.932,25.81,39.99
2015-01-07,13.15,15.759,23.54,52.89,82.83,22.92,35.28,55.52,79.56,60.86,33.69,14.199,20.84,339.83,48.09,54.4,47.815,49.014,21.26,63.67,12.201,45.34,49.134,77.42,47.39,52.201,78.35,41.736,25.26,40.65
2015-01-08,12.79,16.21,23.25,53.23,82.79,23.52,35.98,56.14,79.56,59.79,33.13,14.614,21.085,347.57,48.65,54.81,47.6,48.834,21.68,64.18,12.201,45.79,50.073,79.75,48.11,52.956,78.83,42.82,24.96,40.8
2015-01-09,13.04,16.244,23.265,52.59,82.3,23.77,35.61,55.49,78.27,61.74,35.29,14.575,20.755,345.36,47.33,54.35,46.92,48.764,21.32,63.01,11.996,45.75,50.447,79.38,47.88,52.705,77.48,42.52,25.76,40.2
2015-01-12,13.58,15.578,23.225,52.09,82.5,23.01,34.32,54.63,77.52,64.93,37.0,14.693,20.925,340.45,45.84,54.88,46.575,47.809,21.33,62.07,12.008,46.2,48.778,78.99,45.34,53.002,76.81,42.432,27.26,40.05
2015-01-13,12.76,15.642,23.69,51.95,85.26,22.75,34.81,53.47,76.33,61.6,35.55,15.021,21.15,344.6,45.86,55.3,46.875,47.49,21.18,61.92,12.014,46.55,47.858,78.3,44.86,53.425,76.7,42.318,26.88,39.97
2015-01-14,12.41,16.038,23.14,50.54,83.46,23.32,34.87,53.92,75.31,60.34,35.1,14.853,21.135,338.15,45.02,55.14,45.945,46.923,20.44,61.65,11.797,46.08,47.94,78.33,45.15,53.013,75.68,42.182,26.65,38.06
2015-01-15,13.62,15.989,23.27,49.93,83.3,23.07,34.22,53.94,75.22,64.09,37.55,14.762,21.0,336.39,44.9,55.17,45.745,47.85,19.89,61.34,12.062,46.17,47.311,78.62,44.94,53.402,75.12,42.384,27.28,37.41
2015-01-16,14.09,17.39,23.005,50.21,82.97,24.64,36.0,56.55,75.68,65.96,39.18,14.793,21.345,341.5,44.66,56.9,45.29,48.709,20.23,61.62,11.967,47.01,48.377,79.79,47.43,54.58,75.51,42.744,27.92,37.47
2015-01-19,14.21,16.851,22.815,50.54,83.07,23.8,35.55,56.02,75.48,65.94,38.94,14.599,21.385,345.0,45.12,57.05,45.465,48.612,20.3,61.65,12.042,46.92,48.478,80.44,46.29,54.5,75.8,43.162,28.25,37.9
2015-01-20,15.18,16.738,23.045,50.43,83.33,23.3,34.93,57.25,75.62,69.22,40.15,14.563,21.415,345.9,45.08,57.41,45.495,49.11,19.93,61.64,11.887,46.35,48.277,80.97,45.64,54.958,75.41,44.13,28.85,37.5
2015-01-21,15.69,17.542,23.395,50.95,84.2,24.07,36.4,59.87,76.87,68.75,40.29,14.956,21.325,344.99,45.15,57.53,46.285,49.747,20.24,62.79,12.016,45.9,49.225,83.07,46.87,54.821,76.61,45.392,28.88,37.89
2015-01-22,15.87,17.742,23.95,51.84,87.01,24.46,37.05,61.4,78.05,68.95,41.43,15.454,22.1,348.61,44.75,58.65,46.5,50.758,20.59,63.78,12.098,46.73,50.465,86.33,47.05,56.479,74.71,45.27,29.21,39.4
2015-01-23,15.43,17.806,24.165,52.42,86.03,24.39,37.34,61.69,78.44,67.91,40.38,15.493,22.085,358.93,45.53,58.57,46.495,52.018,20.9,63.82,12.275,46.98,50.747,84.48,47.37,56.49,75.42,43.756,28.62,39.38
2015-01-26,15.82,17.762,24.005,52.45,84.77,24.61,37.21,62.41,78.14,69.71,40.78,15.548,21.77,361.5,45.41,57.87,46.295,51.63,20.96,63.49,12.235,45.0,50.501,85.44,48.05,56.936,75.31,44.426,29.29,39.32
2015-01-27,16.26,17.938,23.885,52.23,85.3,24.67,37.63,62.8,78.11,72.6,42.58,15.474,21.595,365.63,45.26,57.78,46.1,51.34,20.44,63.22,12.49,44.7,51.039,85.16,48.85,56.239,75.12,44.522,29.77,38.55
2015-01-28,15.79,17.277,24.49,51.19,84.64,22.94,36.74,61.56,77.25,70.06,41.2,15.397,21.46,348.5,45.22,57.9,45.68,50.647,20.3,62.52,12.538,44.55,50.428,84.03,46.69,56.159,73.93,44.156,28.67,38.44
2015-01-29,15.49,17.125,24.75,51.64,85.11,22.75,36.44,61.58,76.23,68.96,41.24,15.612,21.99,346.5,45.55,58.31,45.685,50.647,20.57,62.48,12.659,44.86,51.03,84.55,46.09,55.861,74.11,44.956,28.07,39.0
2015-01-30,16.25,18.041,25.325,50.6,84.92,24.07,37.9,61.55,72.93,73.33,42.84,15.509,21.795,352.09,44.21,58.36,44.09,50.204,20.38,61.06,12.687,45.18,51.541,83.72,47.24,55.77,71.74,44.294,29.19,38.86
2015-02-02,16.21,19.05,25.485,51.33,84.75,25.13,39.35,62.57,74.18,73.04,43.48,15.68,21.96,356.0,45.02,58.48,44.63,50.481,20.52,62.05,12.741,44.92,52.343,84.9,49.35,56.102,72.91,45.526,29.1,40.35
2015-02-03,15.7,19.383,24.25,52.79,86.71,25.6,39.55,63.07,76.01,69.61,41.86,15.459,21.63,365.77,46.82,57.88,45.795,49.567,21.11,63.84,12.611,44.6,53.482,85.83,50.7,55.964,74.83,46.078,28.02,41.35
2015-02-04,16.22,18.452,24.44,52.55,85.89,25.04,37.49,62.78,75.29,72.24,42.85,15.526,21.815,371.5,46.52,58.79,45.67,50.357,21.4,63.43,12.508,45.07,53.382,86.52,49.56,57.2,74.13,46.354,29.04,41.35
2015-02-05,16.24,19.07,24.065,53.66,86.9,25.4,38.55,63.11,76.91,71.28,42.84,15.732,21.865,376.15,46.97,58.97,46.44,50.62,21.36,64.6,12.402,45.0,53.519,87.1,50.8,56.891,75.39,46.648,29.02,40.85
2015-02-06,15.44,19.182,23.53,54.26,88.24,25.59,38.74,61.24,77.79,67.68,39.54,15.68,21.58,376.94,47.8,56.74,46.77,50.938,21.77,65.13,12.351,44.62,52.726,87.13,50.8,57.039,76.07,47.024,27.96,41.28
2015-02-09,15.56,19.329,23.55,54.52,88.33,25.49,39.3,60.79,77.92,67.86,39.97,15.512,21.14,381.55,47.73,54.8,46.91,50.273,21.89,65.47,12.231,44.62,52.397,86.53,50.28,56.673,76.4,46.482,28.05,41.64
2015-02-10,15.3,18.918,24.245,54.56,89.04,25.1,38.42,61.22,77.81,65.84,39.46,15.809,21.42,392.01,46.85,55.68,46.66,50.44,21.72,65.5,12.637,45.18,52.908,87.36,49.68,56.914,76.42,47.312,27.87,42.18
2015-02-11,15.1,19.065,24.465,55.0,90.12,24.68,38.49,61.54,77.75,65.25,38.82,16.008,21.77,394.34,46.62,56.12,46.84,51.063,21.84,65.87,12.761,45.75,53.172,87.67,49.74,55.816,76.73,46.828,27.88,41.96
2015-02-12,15.15,19.07,24.625,55.5,89.5,24.63,39.1,61.98,78.5,65.27,40.65,16.024,21.765,394.63,47.65,55.77,47.2,51.16,21.33,66.52,12.661,45.09,53.327,88.05,50.83,55.678,77.42,46.698,28.02,39.23
2015-02-13,15.12,19.295,24.0,55.5,90.61,24.18,39.4,61.52,78.69,65.07,40.66,16.235,21.725,399.5,47.71,55.8,47.45,50.08,21.56,67.2,12.665,45.76,52.17,87.29,51.29,55.896,77.54,46.37,28.35,38.98
2015-02-16,15.12,19.295,24.0,55.5,90.61,24.18,39.4,61.52,78.69,65.07,40.66,16.235,21.725,399.5,47.71,55.8,47.45,50.08,21.56,67.2,12.665,45.76,52.17,87.29,51.29,55.896,77.54,46.37,28.35,38.98
2015-02-17,14.87,19.368,24.6,55.56,90.64,23.29,39.15,61.79,78.97,61.88,38.69,16.278,21.805,394.62,47.95,55.57,47.695,48.834,21.95,67.37,12.836,46.09,51.96,87.2,50.78,56.307,77.7,47.936,26.89,39.26
2015-02-18,15.21,18.707,24.33,54.63,90.64,22.12,38.49,61.61,78.31,65.05,39.64,16.185,21.83,394.05,47.77,55.63,46.915,49.664,22.09,66.39,12.775,46.35,51.577,88.1,49.96,56.273,76.79,47.834,27.68,39.18
2015-02-19,16.03,18.629,24.33,54.45,89.81,22.11,38.47,61.64,78.48,62.99,38.59,16.149,21.97,397.0,47.79,55.34,46.765,49.373,22.14,66.36,12.88,46.34,51.194,87.67,49.65,55.804,77.23,47.43,27.12,39.34
2015-02-20,16.17,18.364,24.33,53.96,90.0,22.22,38.47,61.82,77.89,63.39,38.11,16.324,22.22,403.0,47.6,55.95,46.02,48.432,22.19,66.25,13.037,45.99,50.647,87.7,48.63,56.399,76.01,47.632,26.86,39.81
2015-02-23,15.99,18.315,24.215,53.54,89.88,22.05,38.67,61.21,77.38,64.88,38.76,16.611,22.285,406.0,47.05,55.86,45.415,48.307,21.73,65.92,13.105,45.75,50.246,86.72,49.13,57.234,75.13,47.402,26.66,38.46
2015-02-24,15.7,18.389,24.86,53.27,88.65,22.08,38.34,60.37,75.83,64.18,38.18,16.448,22.05,409.25,46.9,55.21,45.75,48.266,22.01,65.22,13.187,45.31,50.091,86.59,49.22,57.051,75.05,46.942,26.39,39.02
2015-02-25,15.88,18.423,24.86,53.93,89.31,22.19,38.37,59.16,77.01,64.74,39.92,16.432,22.15,410.0,48.43,54.93,46.11,48.404,21.77,65.82,12.932,44.71,49.672,86.54,48.99,56.616,77.8,47.272,26.55,38.74
2015-02-26,15.97,18.09,24.665,54.47,89.94,21.76,38.19,57.61,77.41,66.35,40.25,16.422,22.26,436.0,48.21,55.05,47.615,48.224,21.78,66.57,12.996,44.67,49.38,86.57,48.52,56.731,78.07,47.206,26.86,38.25
2015-02-27,16.26,17.806,24.85,54.8,89.95,21.57,37.53,58.13,77.46,65.96,40.17,16.252,22.22,421.0,48.11,54.71,47.835,48.349,21.77,66.81,12.82,44.21,49.945,86.35,48.24,56.113,78.31,46.82,27.0,38.5
2015-03-02,16.01,18.056,24.645,54.61,92.27,21.4,37.08,58.16,77.15,65.65,40.13,16.561,21.985,433.02,48.4,54.75,47.75,49.235,21.86,66.93,12.578,44.11,50.337,87.1,48.09,56.422,78.22,47.396,26.6,38.72
2015-03-03,15.61,18.075,24.025,54.17,91.86,21.82,37.56,57.92,76.12,64.49,39.52,16.194,22.05,421.0,47.75,54.55,47.335,49.29,21.42,65.78,12.446,43.66,50.246,85.36,48.59,56.696,77.04,46.88,24.97,38.38
2015-03-04,15.09,18.012,24.235,54.16,93.25,22.24,37.39,57.49,76.27,63.33,38.21,16.312,21.9,430.03,47.55,55.11,47.19,49.983,21.36,65.17,12.596,43.47,50.365,85.59,47.96,56.41,77.04,47.348,24.7,38.65
2015-03-05,15.23,18.923,24.395,54.12,91.77,22.2,37.11,58.07,76.3,63.85,39.17,16.436,21.9,432.05,47.57,55.1,46.925,49.969,21.27,65.18,12.512,43.61,50.693,86.4,47.42,57.017,77.1,48.482,24.47,39.25
2015-03-06,14.26,18.35,24.125,54.3,93.06,22.05,36.91,59.05,76.06,61.68,36.13,16.374,21.715,429.83,47.49,54.24,47.22,49.789,21.73,64.63,12.363,43.7,50.0,85.66,47.0,56.319,77.16,47.4,23.71,39.65
2015-03-09,13.59,17.953,24.095,54.22,93.22,21.92,35.95,58.28,76.18,60.3,34.84,16.23,21.04,434.5,47.21,53.69,47.14,49.872,21.55,64.54,12.367,42.96,49.772,84.74,46.46,56.776,76.93,46.83,23.3,39.37
2015-03-10,13.59,17.821,23.765,53.2,93.8,21.72,35.54,57.57,75.07,59.15,34.82,16.12,20.655,425.21,46.1,53.24,45.99,49.83,21.3,62.62,12.331,42.66,48.861,83.53,46.05,56.445,75.69,46.468,23.06,38.64
2015-03-11,13.95,18.026,23.8,53.53,93.37,21.96,36.02,58.17,75.66,62.0,36.48,16.204,21.08,441.22,45.99,53.38,46.29,49.983,21.28,62.74,12.331,42.47,48.797,85.73,46.75,57.68,75.98,47.364,23.78,39.09
2015-03-12,13.5,17.811,24.09,53.9,92.45,21.36,35.38,58.94,76.65,60.04,36.19,16.465,21.315,439.53,46.34,53.1,46.665,50.218,21.63,63.24,12.488,42.81,48.824,86.26,46.69,58.217,76.35,47.44,23.56,39.92
2015-03-13,13.56,17.865,24.045,53.57,91.81,21.28,35.34,59.11,76.0,60.72,36.23,16.307,21.125,429.8,45.71,53.08,46.345,50.73,21.46,62.85,12.416,42.69,48.751,86.37,46.57,58.16,75.69,47.236,24.13,39.81
2015-03-16,13.47,18.178,24.725,53.95,94.21,21.31,35.22,59.57,76.84,60.84,36.32,16.336,21.12,440.07,46.31,53.39,46.325,51.616,21.85,63.75,12.54,43.62,49.562,87.88,46.88,58.721,76.3,48.378,23.96,40.54
2015-03-17,13.17,18.423,25.33,54.12,94.38,21.45,35.11,61.31,76.25,61.43,35.9,16.417,21.295,435.0,46.26,53.79,45.905,52.073,21.83,63.33,12.625,43.5,50.593,87.78,47.43,58.961,76.16,48.272,23.58,40.49
2015-03-18,13.82,18.482,25.775,54.0,94.51,21.97,35.93,61.98,76.09,61.98,36.79,16.329,21.4,439.5,46.21,53.53,46.06,51.963,21.65,63.08,12.797,43.7,50.811,87.5,48.31,58.629,75.95,47.888,23.91,40.17
2015-03-19,13.91,17.982,25.0,53.64,92.92,20.81,35.41,61.46,75.6,62.55,36.27,16.345,21.275,446.0,46.11,53.73,45.83,51.146,21.69,63.06,12.661,43.54,50.52,87.11,47.34,58.618,75.64,47.906,24.69,40.11
2015-03-20,14.02,18.222,25.5,54.18,93.25,21.04,35.45,60.9,76.34,64.31,37.46,16.458,21.04,439.89,47.03,52.99,46.6,52.475,21.9,63.46,12.749,44.06,50.611,85.9,48.35,58.641,76.39,47.552,25.48,40.88
2015-03-23,14.27,18.291,25.475,54.12,93.73,21.29,35.74,60.58,76.41,64.78,38.03,16.23,20.99,435.5,47.28,53.18,46.525,52.392,21.9,63.75,12.701,44.01,50.438,84.16,49.69,58.046,76.71,46.392,25.51,40.27
2015-03-24,14.22,18.575,26.235,54.45,94.92,21.64,35.97,62.08,76.7,63.42,37.81,16.441,21.235,435.0,47.75,54.14,46.91,51.783,21.98,63.89,13.016,44.17,50.902,85.56,50.56,58.561,77.02,46.688,25.48,40.62
2015-03-25,14.18,18.844,25.915,53.92,94.03,21.47,36.16,62.2,75.82,62.26,37.68,16.077,20.91,426.25,47.6,53.5,46.0,50.952,21.65,62.8,12.791,43.39,50.93,83.95,50.57,57.714,76.05,46.0,25.17,39.95
2015-03-26,14.09,19.138,25.45,53.64,94.2,21.06,36.55,61.06,75.79,61.92,36.36,15.926,20.97,439.03,46.72,53.34,45.745,50.91,21.44,62.69,12.605,43.18,50.21,83.62,50.89,57.543,75.79,45.982,24.58,39.67
2015-03-27,14.21,18.937,25.83,53.18,93.91,20.68,36.63,61.06,75.2,60.39,36.31,16.151,20.985,438.12,46.11,53.77,45.45,51.173,21.2,62.32,12.524,43.54,49.362,83.35,50.43,57.806,75.09,45.848,24.72,39.09
2015-03-30,14.13,19.123,26.05,53.3,93.98,21.52,36.87,61.13,75.03,60.83,35.5,16.398,21.08,446.5,45.88,54.0,45.465,51.284,21.44,62.71,12.494,43.19,49.909,83.66,51.35,58.149,75.11,46.176,24.34,39.16
2015-03-31,13.85,19.011,25.95,54.21,95.42,21.35,37.01,61.05,75.9,61.38,35.19,16.226,21.035,437.76,46.24,53.62,45.91,51.478,21.51,63.54,12.444,42.4,49.371,84.82,50.55,58.732,76.24,46.38,24.06,39.03
2015-04-01,15.18,19.143,25.94,54.58,94.38,21.59,37.25,60.0,75.81,62.8,38.13,16.156,21.03,434.14,45.9,53.4,45.745,51.34,21.28,63.46,12.518,42.75,49.006,83.84,50.85,58.549,76.25,46.37,25.02,38.78
2015-04-02,14.93,19.256,26.015,54.13,94.01,21.97,38.65,60.64,76.4,62.36,37.38,16.472,21.2,448.52,46.06,53.88,45.96,52.71,21.56,63.09,12.735,43.0,49.626,83.69,51.37,59.281,76.8,46.37,24.1,39.17
2015-04-03,14.93,19.256,26.015,54.13,94.01,21.97,38.65,60.64,76.4,62.36,37.38,16.472,21.2,448.52,46.06,53.88,45.96,52.71,21.56,63.09,12.735,43.0,49.626,83.69,51.37,59.281,76.8,46.37,24.1,39.17
2015-04-06,15.74,19.711,25.595,54.1,94.73,21.99,38.72,61.39,76.45,64.01,38.5,16.523,21.19,461.0,46.47,53.7,46.055,52.766,21.5,63.14,12.789,42.98,49.207,82.52,51.78,59.476,77.07,45.672,24.51,39.16
2015-04-07,15.46,20.098,26.0,54.54,94.41,22.39,38.98,61.95,77.23,62.37,37.1,16.604,21.29,480.25,46.93,54.01,46.34,52.807,21.55,63.78,12.99,42.98,49.772,82.86,52.03,59.464,77.81,45.892,24.4,39.38
2015-04-08,15.42,19.584,26.05,54.65,94.3,21.79,38.84,61.92,77.28,61.62,36.29,17.009,21.45,496.28,47.71,54.59,46.355,52.89,21.99,63.69,12.994,43.16,49.845,83.17,52.15,59.784,78.4,46.316,24.21,39.72
2015-04-09,15.63,19.843,25.805,55.25,94.85,22.1,39.37,62.95,78.13,61.72,36.27,17.359,21.65,487.0,47.67,54.66,46.92,52.613,22.14,64.22,13.075,43.5,50.337,84.12,53.2,60.15,79.08,47.322,24.17,39.75
2015-04-10,15.95,19.907,25.5,55.29,92.88,22.13,39.68,63.34,78.33,62.42,37.36,17.325,21.735,497.74,47.72,54.94,47.19,52.447,22.24,64.41,13.053,43.42,50.565,84.38,53.55,60.276,79.6,47.49,24.66,39.42
2015-04-13,15.59,19.838,25.975,55.37,93.16,22.2,39.53,63.52,78.53,61.88,36.63,17.313,21.815,488.25,47.69,55.35,47.175,52.267,22.31,64.44,13.137,43.12,50.31,83.01,54.12,59.967,80.19,47.252,24.07,39.44
2015-04-14,15.62,20.191,26.115,55.35,93.29,22.74,39.9,64.04,78.56,60.82,36.69,17.296,21.6,481.9,47.55,55.51,47.33,51.478,22.13,64.66,12.98,42.83,50.474,82.26,54.57,59.967,80.32,46.632,23.72,39.69
2015-04-15,15.79,20.568,25.65,55.9,93.41,23.43,40.67,64.13,79.61,60.3,37.35,17.086,21.375,499.71,48.16,54.65,47.92,50.772,22.28,65.43,12.832,42.1,51.194,81.37,54.98,59.544,81.25,46.434,23.94,40.04
2015-04-16,15.4,20.0,25.095,56.03,93.3,23.02,40.07,64.42,79.62,59.34,36.63,16.88,21.035,494.85,48.96,53.98,48.09,50.08,22.08,65.73,12.731,42.03,50.93,80.99,54.9,58.08,81.24,45.932,23.44,39.77
2015-04-17,15.62,20.201,24.665,55.75,93.75,23.07,40.12,64.82,79.33,60.09,36.99,16.803,21.035,491.3,48.87,53.97,47.995,50.301,22.0,65.88,12.679,41.54,51.431,81.2,54.54,57.646,80.76,46.426,23.79,39.16
2015-04-20,15.58,20.054,24.35,56.15,93.6,23.22,40.27,65.26,79.77,61.29,36.86,16.937,21.08,488.25,49.0,54.02,48.555,47.947,22.14,66.26,12.675,41.86,51.504,83.35,55.05,57.554,81.27,47.452,23.83,39.32
2015-04-21,15.76,19.652,24.3,55.99,93.62,22.89,39.92,64.95,79.9,62.89,37.57,16.319,21.135,496.23,48.83,54.28,48.52,48.764,22.07,66.6,12.912,42.06,51.413,80.78,54.6,57.337,80.3,46.424,23.94,39.0
2015-04-22,15.13,19.819,24.49,55.89,93.37,22.91,40.14,65.25,79.67,60.36,35.58,16.276,21.33,493.99,48.61,54.43,48.0,48.667,22.08,66.56,12.743,42.99,52.033,80.87,54.68,57.817,79.99,47.918,23.29,39.11
2015-04-23,15.34,20.02,24.49,56.04,93.29,23.44,40.09,65.26,79.91,61.03,37.11,16.163,21.385,494.54,48.71,54.64,48.52,48.487,22.24,66.84,12.643,43.3,52.097,80.74,55.14,57.668,80.45,47.982,23.48,39.32
2015-04-24,15.24,20.054,24.5,56.13,92.7,23.34,40.22,65.5,80.21,60.04,36.33,16.197,21.39,488.14,49.15,54.66,48.245,48.086,22.44,66.91,12.659,43.77,52.279,80.54,54.22,57.6,80.58,48.036,23.31,39.54
2015-04-27,15.52,19.873,24.54,56.17,92.15,23.23,39.85,65.85,80.4,60.08,36.41,16.051,21.23,483.17,49.15,54.57,48.525,47.615,22.17,66.93,12.655,43.99,52.935,79.27,54.23,56.479,80.68,47.284,24.04,39.33
2015-04-28,15.99,19.682,24.9,56.12,92.87,23.13,39.71,64.76,80.6,61.35,38.57,15.991,21.33,485.0,48.99,54.37,48.81,47.38,22.19,67.34,12.55,43.95,51.996,78.64,53.71,56.159,80.9,46.91,24.63,39.48
2015-04-29,16.22,19.78,24.72,56.08,92.68,22.6,39.88,63.95,79.64,61.74,38.31,15.85,21.18,493.02,48.9,54.15,48.775,46.729,22.18,67.28,12.47,43.35,51.085,78.99,53.73,56.696,80.9,46.524,24.75,39.34
2015-04-30,15.68,19.633,23.47,55.7,92.93,22.73,39.29,63.06,78.82,62.64,36.52,15.562,20.865,473.0,48.75,53.19,48.44,48.28,21.96,66.53,12.325,43.1,51.048,77.9,53.18,56.696,80.11,46.006,23.8,38.61
2015-05-01,15.9,19.559,23.125,55.96,91.47,23.09,39.13,63.37,79.03,64.88,38.59,15.766,20.985,469.68,48.9,53.88,48.495,48.1,22.1,66.82,12.462,43.0,51.276,80.09,52.59,57.371,80.24,47.226,24.52,39.06
2015-05-04,15.92,19.393,24.04,56.11,92.6,22.83,39.09,63.59,79.04,65.2,38.16,15.763,20.83,482.73,49.12,53.78,48.47,48.487,22.39,67.13,12.566,43.04,51.568,79.84,52.15,57.325,80.44,47.274,24.5,39.7
2015-05-05,15.81,19.407,23.5,55.64,92.5,22.22,38.33,62.74,78.09,65.48,38.34,15.399,20.43,478.3,48.67,53.31,47.91,47.657,22.53,66.48,12.402,42.12,50.447,78.62,51.61,56.33,79.62,45.654,23.96,39.43
2015-05-06,15.21,18.844,23.25,55.24,90.85,20.88,37.03,61.05,77.4,63.64,36.93,15.241,21.01,480.23,48.54,53.31,47.485,47.657,22.51,65.9,12.803,43.93,49.225,77.82,50.11,55.987,79.09,45.096,23.6,40.09
2015-05-07,15.4,18.702,23.075,55.27,90.7,20.8,36.39,61.2,77.53,64.21,38.11,15.56,21.4,484.8,48.5,53.37,47.455,47.767,22.91,65.39,12.771,43.89,49.034,78.45,50.0,56.296,78.83,45.918,24.11,40.96
2015-05-08,15.39,18.727,23.46,55.59,89.51,21.07,36.77,62.14,77.94,64.42,38.32,15.802,20.985,491.45,48.64,53.5,47.63,47.518,22.98,65.41,12.801,43.47,49.362,78.78,50.11,56.559,79.18,45.644,24.0,40.92
2015-05-11,15.48,18.673,23.655,55.62,88.98,20.93,36.83,62.28,78.08,64.57,39.24,15.852,21.19,487.0,49.05,53.6,47.67,47.13,23.08,65.6,12.807,43.48,49.143,78.34,49.99,56.25,79.17,45.272,24.2,40.95
2015-05-12,15.41,18.653,23.575,55.37,88.83,20.7,36.44,62.08,77.81,64.51,40.22,15.656,20.805,490.0,48.93,52.96,47.39,47.366,23.02,65.19,12.767,42.82,49.088,76.53,49.38,55.358,78.72,43.888,24.23,41.0
2015-05-13,15.84,18.751,23.04,55.34,88.9,20.36,36.24,61.04,77.62,65.41,40.83,15.565,20.805,484.98,48.97,52.91,47.395,47.075,22.92,65.09,12.619,42.46,48.76,74.11,49.18,54.843,78.44,42.852,24.82,40.63
2015-05-14,15.81,18.511,23.61,55.48,89.72,20.57,36.3,60.44,77.48,65.78,40.75,15.697,20.77,497.0,49.16,53.24,47.31,47.227,22.91,65.17,12.737,42.77,48.87,73.57,48.83,55.93,78.88,42.79,24.62,40.49
2015-05-15,15.8,18.599,24.19,55.36,89.63,20.79,36.58,61.84,77.36,65.37,40.29,15.78,20.78,498.23,49.14,53.53,47.205,47.38,22.62,65.0,12.866,42.95,49.763,74.96,48.84,56.353,78.78,43.15,24.56,40.41
2015-05-18,15.8,18.599,24.19,55.36,89.63,20.79,36.58,61.84,77.36,65.37,40.29,15.78,20.78,498.23,49.14,53.53,47.205,47.38,22.62,65.0,12.866,42.95,49.763,74.96,48.84,56.353,78.78,43.15,24.56,40.41
2015-05-19,15.26,18.477,24.115,56.09,89.9,20.5,36.13,61.5,77.84,65.06,39.77,15.967,20.8,497.5,49.39,53.37,47.655,48.349,23.13,65.27,12.846,42.57,49.389,74.58,48.66,57.005,80.09,42.554,24.05,41.0
2015-05-20,15.14,18.585,23.855,55.88,89.8,20.65,36.41,61.07,77.63,65.78,40.0,15.816,20.675,511.0,49.29,53.44,47.26,48.003,22.94,64.44,12.793,42.8,48.943,73.74,49.16,56.582,79.6,42.39,23.91,40.68
2015-05-21,15.19,19.025,24.08,56.13,88.4,20.87,36.85,62.67,78.4,64.37,39.9,15.949,20.925,505.0,50.01,53.58,47.83,48.03,23.1,64.98,12.811,43.4,49.562,74.49,50.5,56.788,80.37,43.184,23.93,41.0
2015-05-22,15.11,18.908,24.075,56.18,88.36,21.33,37.11,62.0,78.29,64.71,40.08,15.852,21.045,505.5,49.67,53.76,47.745,48.252,22.92,64.61,12.803,43.53,49.243,74.41,50.43,56.936,80.4,43.554,23.82,40.44
2015-05-25,15.12,18.805,24.055,56.39,88.5,20.95,36.95,60.71,78.3,64.61,39.79,16.006,21.15,507.07,49.68,54.09,47.715,48.183,22.94,64.64,12.87,43.6,49.025,74.9,49.77,56.742,80.31,43.49,23.57,40.33
2015-05-26,14.56,18.585,23.68,55.69,87.62,20.69,36.21,60.52,77.9,63.79,38.61,15.996,21.175,516.26,49.34,54.06,47.23,48.127,22.72,64.21,12.884,43.45,49.143,74.18,49.03,56.548,79.57,43.206,23.34,39.82
2015-05-27,14.58,18.58,24.095,55.98,87.77,20.47,36.32,60.38,77.9,64.11,39.08,16.024,21.23,511.05,49.36,54.48,47.51,48.474,22.86,64.45,12.966,43.2,49.672,75.24,48.72,57.017,79.94,43.554,23.34,40.1
2015-05-28,14.92,18.727,24.5,55.37,88.53,20.52,36.5,60.49,77.11,64.43,39.91,16.057,21.27,515.95,49.32,54.67,47.815,47.989,23.02,64.57,12.888,43.14,49.772,73.95,48.77,57.302,80.05,41.76,23.58,40.0
2015-05-29,14.72,18.795,24.34,54.15,89.19,20.52,36.35,59.48,75.91,63.96,40.02,15.802,21.17,509.0,48.51,54.5,47.45,48.1,22.83,65.4,12.711,42.79,49.134,73.77,48.78,56.799,79.07,40.984,23.75,39.7
2015-06-01,14.82,18.648,24.46,54.2,89.31,20.62,36.19,60.48,75.95,64.13,40.23,15.945,21.28,513.7,48.69,54.62,47.39,48.418,22.94,65.88,12.671,42.91,48.806,73.88,49.46,57.337,78.83,41.936,23.93,39.87
2015-06-02,14.88,18.849,24.7,54.36,89.92,20.97,36.14,60.6,76.18,64.24,40.5,15.92,21.235,519.2,49.07,54.66,47.47,46.369,23.01,66.17,12.675,43.21,48.824,73.55,49.43,56.811,79.13,41.516,24.02,39.92
2015-06-03,14.94,18.599,25.34,54.9,90.14,20.58,36.3,60.35,76.45,63.74,39.67,15.802,21.33,525.86,49.59,55.32,47.78,47.449,23.54,66.73,12.882,43.25,48.149,73.66,49.32,57.131,80.27,41.6,23.72,40.7
2015-06-04,14.63,18.472,25.015,54.43,89.1,20.25,36.13,59.19,75.62,63.11,39.6,15.557,21.305,534.0,48.95,55.21,47.515,47.089,23.55,66.33,12.84,43.2,47.192,73.91,49.24,56.868,80.0,41.958,23.6,40.77
2015-06-05,14.24,18.369,25.335,54.35,89.12,20.41,36.01,58.37,75.59,62.19,38.4,15.342,21.14,528.0,49.23,54.84,47.335,47.227,23.68,66.28,12.793,42.42,47.019,73.51,48.78,56.136,79.58,42.12,23.23,41.15
2015-06-08,14.2,17.904,25.2,53.51,88.47,19.7,35.06,56.28,74.28,61.49,38.94,15.234,20.79,530.73,48.61,54.39,46.68,46.867,23.43,65.25,12.751,42.32,46.108,71.92,48.01,55.129,78.63,41.024,23.12,40.94
2015-06-09,14.24,18.119,25.635,54.44,88.05,19.97,35.88,56.7,74.79,59.58,38.18,15.583,20.78,523.53,48.58,54.37,46.725,47.075,23.63,66.08,12.82,42.28,46.235,72.6,48.9,54.809,77.92,40.73,22.77,41.6
2015-06-10,14.25,18.144,26.045,54.54,88.68,20.56,36.23,56.87,74.9,59.17,38.72,15.622,20.66,520.78,48.44,54.5,47.025,47.2,23.97,66.29,12.908,41.7,47.448,72.56,48.99,55.026,78.26,40.754,23.08,42.7
2015-06-11,13.87,17.968,26.05,54.57,88.24,20.22,35.52,56.5,74.52,59.23,38.3,15.6,20.55,527.19,48.42,53.5,47.1,47.366,23.8,66.12,12.779,41.74,47.375,73.02,48.58,55.267,78.15,41.014,22.87,42.6
2015-06-12,13.86,17.282,26.245,54.01,87.35,19.83,34.8,55.75,74.16,58.84,38.0,15.399,20.435,524.5,48.31,53.31,47.075,47.532,23.63,65.83,12.767,41.87,47.046,73.01,47.37,54.821,78.2,41.166,22.61,42.27
2015-06-15,14.15,17.062,26.9,54.22,86.41,19.92,34.24,55.81,74.89,59.54,38.28,15.496,20.54,514.06,48.6,53.37,47.18,47.13,23.64,66.0,12.852,41.94,47.302,73.21,47.35,54.821,78.24,41.16,22.98,42.14
2015-06-16,13.77,17.125,26.96,54.31,86.48,20.48,34.49,55.62,75.18,59.58,37.25,15.345,20.575,516.0,48.67,53.28,47.32,47.186,23.73,65.83,12.892,41.75,47.32,73.38,47.53,54.901,78.52,41.13,22.62,42.28
2015-06-17,14.13,17.194,26.81,53.86,86.4,20.69,34.46,55.52,74.57,60.86,37.89,15.18,20.385,516.15,48.47,52.98,47.065,47.31,23.74,65.28,12.85,41.81,47.575,73.95,47.73,54.912,78.05,41.146,22.91,42.23
2015-06-18,14.31,17.238,26.845,53.64,87.17,21.51,34.0,55.55,74.47,61.15,39.02,15.662,20.62,512.12,47.84,53.04,46.975,47.49,23.79,65.14,12.862,41.83,47.366,74.92,47.38,55.038,77.85,41.494,23.16,42.23
2015-06-19,14.08,16.895,27.125,53.15,88.36,21.04,33.7,57.31,73.58,60.08,38.08,15.748,21.09,497.81,47.39,52.7,46.55,47.352,23.68,64.36,12.832,41.4,47.211,75.4,46.95,54.912,76.82,41.22,22.36,41.32
2015-06-22,13.76,17.16,26.995,53.64,87.9,20.91,34.0,58.78,74.17,59.67,37.23,15.92,21.305,517.11,47.51,53.48,47.01,47.504,23.8,65.15,12.916,42.23,48.004,75.28,48.11,55.312,77.4,41.458,22.47,41.77
2015-06-23,13.77,17.595,26.975,54.14,87.15,21.15,34.78,59.53,75.12,59.79,37.11,15.971,21.145,521.48,48.01,53.71,47.395,47.975,24.0,65.9,12.994,42.59,48.87,75.23,48.77,55.495,77.94,41.396,22.3,42.36
2015-06-24,13.77,17.566,27.17,54.28,87.33,21.15,35.7,60.47,75.17,60.61,37.19,16.183,21.43,523.0,48.13,54.01,47.96,48.003,23.98,66.35,13.055,43.35,49.225,74.22,49.71,55.061,78.11,40.368,22.21,42.76
2015-06-25,13.57,17.204,27.32,54.2,88.41,21.07,34.56,59.87,75.63,59.96,36.49,16.168,21.485,515.0,48.23,54.5,47.295,47.435,23.95,66.53,13.147,43.47,48.897,73.06,49.05,54.786,78.14,40.016,21.91,42.95
2015-06-26,13.43,16.993,27.435,54.34,87.85,20.77,34.37,59.23,75.79,59.83,35.93,16.262,21.525,516.22,48.15,54.22,47.33,47.31,23.88,66.64,13.016,43.58,47.411,72.66,49.3,55.152,78.26,39.79,21.83,42.97
2015-06-29,13.38,16.533,26.875,53.07,86.27,19.8,33.79,57.99,74.13,59.61,36.03,15.565,21.225,500.12,47.01,52.98,46.17,46.189,23.14,64.65,12.743,43.55,46.49,71.55,48.02,54.1,76.47,39.61,21.62,41.6
2015-06-30,13.35,16.601,27.06,53.04,86.79,19.97,34.4,58.41,74.01,59.57,35.46,15.68,21.515,495.86,46.92,53.06,46.035,46.383,23.21,64.47,12.677,44.3,46.272,72.06,48.25,54.397,76.38,40.004,21.65,41.7
2015-07-01,13.35,16.601,27.06,53.04,86.79,19.97,34.4,58.41,74.01,59.57,35.46,15.68,21.515,495.86,46.92,53.06,46.035,46.383,23.21,64.47,12.677,44.3,46.272,72.06,48.25,54.397,76.38,40.004,21.65,41.7
2015-07-02,13.25,16.577,26.95,53.1,87.81,19.67,34.63,58.83,74.01,59.56,35.65,15.942,21.81,508.52,46.69,53.69,45.905,46.466,23.26,64.07,12.805,44.67,46.49,73.42,48.23,55.026,76.21,40.54,21.74,41.76
2015-07-03,13.39,16.499,27.0,53.59,88.78,19.44,34.6,58.47,74.2,60.3,36.44,15.967,21.92,514.41,46.64,53.86,46.235,46.3,23.45,64.21,12.942,44.51,46.317,73.86,47.79,55.152,76.71,41.014,21.71,42.26
2015-07-06,13.73,16.317,27.225,53.23,87.97,18.72,34.18,57.51,73.94,60.81,37.65,16.175,21.87,517.53,47.06,53.83,45.915,46.424,23.09,63.93,12.809,44.04,45.834,72.9,47.37,55.175,76.37,40.542,22.21,41.75
2015-07-07,13.1,16.42,27.285,52.91,90.55,19.18,34.95,58.67,74.27,59.29,36.16,16.366,21.99,512.56,47.06,53.5,46.2,46.424,23.04,64.27,12.811,44.39,46.098,73.61,47.78,55.884,76.45,40.872,19.62,41.86
2015-07-08,13.12,16.156,27.02,52.22,89.29,18.66,34.44,58.29,73.6,59.08,36.36,15.996,21.835,503.77,46.52,52.91,45.54,45.524,22.7,63.62,12.753,43.92,45.506,72.43,47.63,54.878,75.6,39.688,19.57,41.43
2015-07-09,12.87,16.068,26.585,51.8,89.51,18.47,33.79,57.41,73.32,58.5,36.35,15.683,21.75,495.15,46.19,52.57,45.375,44.971,22.63,63.08,12.709,43.19,44.886,71.75,46.6,54.512,75.48,39.258,19.43,41.09
2015-07-10,12.82,16.166,26.685,52.36,89.91,18.19,34.0,57.69,74.19,57.97,35.4,15.863,21.99,520.77,46.86,53.36,45.745,44.86,23.14,63.58,12.82,43.64,45.542,72.94,46.53,55.518,76.58,39.916,19.17,41.87
2015-07-13,12.69,16.249,27.125,52.38,91.11,18.24,34.38,58.76,74.51,57.86,34.84,16.075,22.085,526.55,46.66,54.0,45.625,45.317,23.36,63.91,13.027,43.9,46.117,74.0,46.92,56.079,76.92,40.022,19.24,42.28
2015-07-14,12.59,16.347,27.705,52.16,91.96,18.61,35.05,58.2,74.39,57.66,34.92,16.222,22.175,532.64,46.46,54.19,45.545,45.178,23.3,63.79,13.274,44.26,46.19,74.67,47.15,56.124,76.9,39.896,18.91,42.35
2015-07-15,12.47,16.156,28.815,52.71,91.82,18.48,35.16,58.51,75.1,57.3,34.81,16.517,22.385,537.5,46.74,54.69,45.76,45.4,23.54,64.12,13.477,45.0,46.828,76.58,47.11,56.593,77.25,40.458,18.61,42.83
2015-07-16,11.98,16.141,28.96,53.3,91.65,18.61,35.24,59.41,75.52,57.71,34.56,16.797,22.485,549.0,46.83,55.12,46.21,45.621,23.73,64.93,13.549,44.82,47.402,76.73,47.09,57.417,77.91,40.642,18.37,42.84
2015-07-17,11.4,16.053,29.245,53.03,91.4,18.17,34.58,59.55,75.28,55.75,32.72,16.88,22.5,551.59,46.2,55.35,45.97,45.815,23.71,64.37,13.65,44.68,47.338,77.81,46.91,57.188,77.3,40.988,17.78,42.99
2015-07-20,9.58,15.411,29.095,52.7,90.64,17.64,33.86,58.25,74.66,51.5,29.52,16.653,22.435,540.5,45.51,54.52,45.67,45.261,23.56,63.72,13.587,44.81,46.49,77.9,45.85,57.177,77.16,41.27,16.32,42.64
2015-07-21,9.68,15.553,29.005,52.46,91.05,17.87,33.35,57.66,74.2,52.35,30.18,16.553,22.01,554.37,45.55,53.51,45.575,45.386,23.52,63.21,13.521,44.25,45.789,79.59,45.9,56.376,76.62,38.994,16.57,42.72
2015-07-22,9.59,15.211,29.1,52.31,90.17,17.53,33.55,55.74,73.67,52.57,30.38,16.571,21.84,569.03,45.51,52.81,45.59,44.708,23.4,63.02,13.575,43.83,44.977,79.53,45.84,56.387,76.48,41.02,16.79,42.41
2015-07-23,9.21,15.093,29.12,52.18,90.46,17.65,33.65,55.32,73.38,51.29,29.16,16.341,21.915,569.0,45.18,52.19,45.44,44.569,22.81,62.63,14.035,45.56,44.613,78.56,46.01,56.159,75.53,40.276,16.19,41.74
2015-07-24,9.47,15.029,29.425,51.86,90.22,17.5,33.08,55.42,73.07,53.26,31.26,16.272,22.085,569.5,44.64,53.44,45.29,44.306,22.78,62.31,14.148,45.92,45.032,78.96,45.65,56.09,74.59,40.896,16.87,41.44
2015-07-27,8.98,14.789,29.07,50.99,90.2,17.25,32.72,54.86,72.0,53.06,29.88,16.111,21.98,570.5,43.78,52.94,44.775,44.237,22.4,61.07,14.138,45.68,44.932,78.53,45.15,55.655,73.52,40.344,16.49,41.1
2015-07-28,8.92,14.873,29.385,51.17,90.82,18.26,33.18,55.39,72.31,52.84,29.87,16.017,22.095,580.01,44.25,52.76,45.13,44.888,22.5,61.42,14.013,45.52,45.014,79.67,45.78,55.667,73.62,40.712,16.86,41.31
2015-07-29,9.38,15.059,29.475,52.64,91.75,18.61,34.62,55.48,72.81,52.97,30.29,16.283,22.11,598.0,45.52,53.09,45.96,46.037,22.98,63.36,14.047,45.31,44.904,81.08,46.66,58.034,75.65,41.852,17.13,42.4
2015-07-30,9.16,15.509,29.825,52.67,90.48,19.0,36.81,56.29,73.01,52.35,28.13,16.197,22.275,578.49,45.64,53.44,46.275,48.792,23.11,63.84,14.172,45.59,45.916,81.64,48.53,60.711,75.75,42.03,17.06,42.69
2015-07-31,9.25,15.632,29.315,52.77,90.2,19.06,36.84,57.01,72.98,53.1,28.94,16.405,22.325,581.52,45.74,53.83,46.73,49.29,23.17,64.19,14.333,45.86,46.335,81.59,48.39,60.562,76.26,42.108,17.12,42.69
2015-08-03,9.25,15.632,29.315,52.77,90.2,19.06,36.84,57.01,72.98,53.1,28.94,16.405,22.325,581.52,45.74,53.83,46.73,49.29,23.17,64.19,14.333,45.86,46.335,81.59,48.39,60.562,76.26,42.108,17.12,42.69
2015-08-04,8.97,15.793,30.21,52.81,91.94,18.75,36.93,57.57,73.13,52.77,28.09,16.488,22.075,563.78,45.81,53.84,46.5,49.346,23.27,63.52,14.496,45.51,45.779,82.66,47.71,61.317,76.48,41.848,16.81,42.9
2015-08-05,8.67,15.837,30.55,53.25,92.29,18.9,37.32,56.94,73.8,51.97,27.83,16.549,22.26,576.93,46.25,54.16,46.76,50.273,23.29,63.81,14.51,45.5,45.068,82.95,47.99,62.129,77.2,41.766,16.17,42.84
2015-08-06,8.99,16.068,30.425,52.81,90.91,18.77,37.51,56.53,73.17,52.84,28.72,16.42,22.405,571.73,46.0,54.21,46.375,50.357,23.32,62.63,14.518,45.77,44.932,81.87,48.57,61.26,77.06,41.162,16.55,45.17
2015-08-07,9.24,16.058,30.05,52.42,90.59,18.3,37.35,55.89,72.75,53.4,28.96,16.301,22.285,554.02,45.87,54.14,46.17,49.526,23.03,62.49,14.469,45.34,44.093,81.61,47.85,61.054,76.33,41.118,16.69,44.93
2015-08-10,9.9,16.224,29.88,53.25,92.04,19.03,37.71,56.11,73.79,56.15,30.79,16.218,21.96,548.18,46.33,54.01,46.715,50.204,23.27,63.0,14.451,44.83,43.984,82.18,48.92,60.677,77.28,41.852,17.4,45.15
2015-08-11,10.05,16.121,30.0,52.96,91.33,18.68,37.75,56.11,73.39,57.84,31.09,16.161,21.9,553.96,45.6,53.61,46.465,50.453,23.15,62.3,14.433,44.36,43.965,81.05,49.28,60.551,76.61,41.848,17.28,45.28
2015-08-12,10.55,15.642,29.485,52.59,92.23,18.68,37.49,55.33,72.97,60.94,33.51,16.046,22.05,546.79,45.29,53.4,46.295,49.789,22.68,61.82,14.389,44.98,43.792,80.17,48.77,61.065,75.84,41.316,18.29,44.23
2015-08-13,10.13,15.162,29.875,52.05,92.08,18.2,36.85,54.98,72.17,58.23,31.65,16.222,22.245,549.5,44.99,53.5,45.935,49.553,22.46,61.1,14.751,45.05,42.954,80.83,47.77,61.306,75.39,41.306,17.93,44.08
2015-08-14,10.07,14.936,29.975,51.88,93.4,17.74,37.26,55.89,72.93,57.66,30.99,16.236,22.245,552.51,45.34,53.76,46.025,50.218,22.56,61.49,14.883,45.57,43.045,80.95,48.08,61.614,75.97,41.668,17.78,44.28
2015-08-17,10.3,14.726,30.06,51.76,92.64,17.57,36.6,55.86,72.18,59.05,32.21,16.226,22.225,550.65,44.58,53.97,45.735,50.149,22.34,61.18,14.859,45.31,43.236,80.11,47.5,61.695,75.43,41.158,18.25,44.21
2015-08-18,9.97,14.677,30.3,52.31,92.5,17.52,36.33,55.22,72.09,58.17,32.08,16.204,22.375,551.09,44.43,54.09,45.775,49.858,22.07,60.62,14.803,45.68,43.345,79.51,47.54,60.951,75.6,40.536,17.82,44.06
2015-08-19,10.34,13.859,29.8,51.93,92.22,17.25,35.16,53.84,71.49,59.66,34.53,16.024,22.285,550.67,43.49,54.34,45.415,49.138,21.83,59.88,14.757,46.3,42.151,78.05,46.22,60.985,75.76,39.682,18.2,43.58
2015-08-20,10.77,13.482,29.5,50.91,91.8,16.68,34.22,52.13,70.05,61.93,35.49,15.608,21.995,548.84,42.84,53.88,44.69,48.986,21.34,58.58,14.473,45.89,41.103,75.91,45.39,59.361,74.08,38.298,18.17,42.6
2015-08-21,10.52,13.124,27.775,50.28,90.0,16.8,34.28,52.32,68.96,60.98,34.47,15.119,22.01,544.74,41.63,54.65,44.02,48.487,20.46,57.54,14.329,46.9,40.693,74.19,44.82,58.435,72.8,37.064,17.87,40.98
2015-08-24,9.57,12.738,27.125,49.02,89.6,15.92,32.93,50.58,66.18,57.78,32.74,14.616,21.29,526.71,40.9,52.26,43.0,48.21,19.97,55.88,14.096,44.85,39.59,72.74,43.39,56.639,70.71,36.094,16.42,39.26
2015-08-25,9.39,12.654,27.715,50.35,89.78,16.5,33.62,50.55,67.82,57.28,31.7,14.469,20.95,541.54,41.56,52.28,43.99,48.626,20.1,56.92,14.226,44.39,39.344,71.02,42.39,56.536,72.36,35.604,15.97,40.12
2015-08-26,8.72,12.733,28.645,51.8,90.91,17.14,34.52,51.11,71.05,53.83,30.04,15.054,21.405,554.57,43.76,52.63,45.155,49.304,20.97,58.5,14.383,44.76,39.508,71.56,42.36,58.16,72.1,36.272,15.34,41.39
2015-08-27,9.05,13.825,28.675,52.6,92.04,18.13,36.43,53.02,71.42,55.94,31.04,15.166,21.66,559.32,45.06,53.57,47.8,49.817,21.47,59.98,14.339,45.39,41.167,73.35,43.92,58.789,73.99,38.0,15.87,42.11
2015-08-28,9.44,14.109,28.775,52.91,92.44,18.68,36.81,53.64,71.1,57.67,32.51,15.212,21.6,555.25,43.7,53.33,48.17,49.997,21.45,59.6,14.289,45.2,41.477,73.54,45.6,59.064,73.7,38.636,16.38,41.96
2015-08-31,9.15,14.52,28.165,52.48,91.05,19.07,37.26,54.37,71.0,57.0,32.22,14.878,21.52,562.21,43.3,53.2,48.345,50.287,21.38,60.22,14.112,44.91,41.841,73.21,46.45,58.538,73.34,38.218,16.13,41.82
2015-09-01,8.89,13.888,28.95,51.22,90.51,17.8,36.05,52.74,68.74,56.23,31.91,14.62,21.025,561.51,42.29,51.99,47.255,49.235,20.33,58.24,13.861,43.76,40.128,71.75,44.61,57.245,71.33,37.122,15.63,40.72
2015-09-02,8.88,14.05,30.135,51.38,91.32,17.93,35.0,52.76,68.72,57.06,31.3,14.788,21.205,589.31,42.12,52.87,47.265,49.595,20.55,58.4,14.108,43.61,39.982,71.41,44.56,58.561,71.33,36.93,15.49,41.06
2015-09-03,8.53,13.874,30.6,51.79,92.35,17.97,34.95,53.83,69.28,55.99,30.06,14.903,21.58,575.02,42.84,53.85,47.46,49.553,20.61,59.05,14.152,44.7,40.428,72.0,43.66,59.178,71.95,37.21,15.28,41.52
2015-09-04,8.5,13.438,30.135,51.11,92.5,18.17,35.0,53.67,68.54,56.29,30.24,14.605,21.465,570.0,42.47,53.63,47.005,49.443,20.23,58.48,13.981,44.54,39.836,70.8,43.72,59.018,70.88,36.826,15.14,41.16
2015-09-07,8.5,13.438,30.135,51.11,92.5,18.17,35.0,53.67,68.54,56.29,30.24,14.605,21.465,570.0,42.47,53.63,47.005,49.443,20.23,58.48,13.981,44.54,39.836,70.8,43.72,59.018,70.88,36.826,15.14,41.16
2015-09-08,8.6,13.653,31.0,52.01,94.16,18.06,35.14,53.85,69.35,55.8,29.96,14.799,21.25,576.22,42.69,54.55,47.435,49.512,20.41,59.5,13.967,45.22,40.018,72.73,44.12,59.624,72.41,37.93,15.41,41.31
2015-09-09,8.29,13.31,30.75,51.94,91.15,17.86,34.77,53.53,69.11,54.69,28.56,14.702,21.22,566.86,42.64,54.37,47.24,49.443,20.48,58.92,13.927,44.3,39.818,73.07,42.99,59.796,72.42,38.03,15.09,41.08
2015-09-10,8.22,13.497,30.55,52.1,92.37,18.15,35.03,53.22,69.38,54.14,28.85,14.684,21.18,565.43,43.25,54.13,46.995,49.443,20.5,58.69,13.822,43.96,39.818,73.62,43.17,60.15,72.36,38.47,15.08,42.36
2015-09-11,8.43,12.982,30.45,51.82,92.14,17.67,34.08,51.89,68.92,53.54,29.36,14.684,20.95,562.45,43.33,53.25,46.88,49.36,20.35,58.12,13.728,43.88,38.933,73.23,42.11,60.425,72.4,38.052,15.42,42.53
2015-09-14,8.26,12.777,30.265,51.68,92.73,17.35,33.59,50.67,69.23,53.95,29.41,14.551,20.715,564.5,43.22,53.0,46.785,49.373,20.25,58.2,13.666,43.61,39.398,73.07,41.37,60.299,72.6,37.946,14.76,42.61
2015-09-15,8.29,12.894,30.21,52.08,92.72,17.5,33.42,50.45,69.73,54.02,29.23,14.684,20.89,579.59,43.0,53.46,47.085,49.955,20.55,58.27,13.67,44.29,38.979,74.43,40.58,60.322,73.2,38.834,15.22,42.79
2015-09-16,8.83,13.702,30.575,53.14,94.32,18.84,34.81,51.88,71.38,56.51,31.24,14.656,21.09,575.86,44.01,53.85,47.745,49.844,21.05,59.44,13.778,44.94,40.036,76.17,42.2,60.722,74.49,39.334,16.26,43.18
2015-09-17,8.99,13.688,30.185,52.64,94.09,19.84,35.13,51.46,71.18,57.45,31.96,14.63,21.07,580.7,43.91,53.89,47.745,50.107,20.62,59.15,13.74,45.03,40.191,76.4,42.59,60.322,73.97,39.336,16.48,42.48
2015-09-18,8.93,13.198,30.695,51.66,94.08,20.39,34.05,51.11,70.21,57.92,32.3,14.67,21.31,580.77,42.99,54.27,47.015,49.817,20.42,58.1,13.867,46.42,40.091,74.71,42.05,60.333,72.41,38.764,16.35,41.55
2015-09-21,8.72,13.364,31.47,52.6,94.55,20.65,34.8,52.89,71.33,57.65,31.92,14.947,21.54,592.34,43.57,54.87,47.705,50.246,21.08,59.14,13.897,46.54,41.714,76.71,43.03,61.443,73.11,39.248,16.15,43.36
2015-09-22,8.09,13.041,30.88,51.5,93.8,20.22,34.55,52.5,70.19,55.76,30.54,14.727,21.345,580.83,43.29,53.75,47.12,49.969,20.61,58.13,13.867,45.93,40.948,74.67,42.61,60.048,71.88,38.004,15.61,42.43
2015-09-23,7.9,12.669,31.16,51.19,94.5,19.84,34.08,51.71,69.95,56.69,30.82,14.742,21.24,583.52,42.79,53.91,47.055,49.789,20.45,57.51,13.838,45.99,39.836,73.39,41.43,60.825,71.74,37.566,15.43,42.19
2015-09-24,8.72,12.703,30.84,51.02,94.45,19.93,34.48,50.98,69.79,59.31,34.28,14.706,21.225,565.68,41.81,53.86,46.33,49.304,20.41,57.24,13.776,45.77,39.809,73.15,41.36,60.745,71.35,37.032,16.66,41.99
2015-09-25,8.75,12.831,31.125,51.61,94.37,20.16,35.07,51.29,70.28,58.96,34.59,14.997,21.345,570.94,42.26,54.23,46.57,48.875,20.72,57.75,13.738,45.64,40.255,74.37,41.66,60.734,71.91,37.632,16.57,42.68
2015-09-28,8.39,12.473,30.75,51.11,94.91,19.86,34.6,49.95,69.6,57.66,33.15,14.569,21.3,546.14,41.61,53.98,46.225,48.404,20.27,57.28,13.71,45.63,37.876,73.62,41.21,59.784,71.05,36.826,15.79,41.96
2015-09-29,8.34,12.845,30.35,51.43,93.68,20.42,35.5,48.53,70.73,57.44,33.09,14.415,21.235,551.3,41.87,54.4,46.825,48.141,20.31,58.01,13.72,46.31,37.721,74.42,41.88,60.265,72.0,37.1,15.87,42.56
2015-09-30,8.49,12.728,31.095,52.6,93.72,20.24,35.69,49.55,72.78,58.81,33.83,15.087,21.025,559.35,42.6,54.62,47.94,48.861,20.64,58.83,13.808,45.98,38.469,75.78,42.28,61.351,73.79,38.308,16.04,43.04
2015-10-01,8.19,12.571,30.675,52.74,92.98,19.67,35.25,49.47,73.17,56.81,32.75,15.044,20.785,579.79,43.16,54.59,48.13,48.612,20.68,59.08,13.668,45.55,38.569,75.49,41.29,61.111,73.57,38.834,15.27,42.94
2015-10-02,8.67,12.777,30.745,51.62,92.63,20.19,35.37,51.21,72.49,61.83,36.6,15.133,21.235,578.92,40.89,55.14,48.04,48.46,20.44,57.22,13.75,46.34,39.061,76.47,41.89,61.168,71.97,39.36,16.81,42.56
2015-10-05,8.96,13.81,31.675,52.45,93.18,20.86,34.6,54.25,73.68,62.75,37.01,15.302,21.31,573.15,41.39,55.93,48.945,49.166,20.82,58.38,13.772,46.76,40.793,77.26,42.39,61.1,72.53,39.506,17.75,43.63
2015-10-06,9.51,14.471,30.95,52.75,91.19,21.2,34.87,54.22,74.44,62.87,37.6,15.169,20.915,567.75,41.88,55.19,49.48,48.307,21.02,59.4,13.517,46.9,40.975,76.43,43.92,61.134,73.22,38.902,18.85,44.15
2015-10-07,9.45,15.294,31.17,53.5,90.89,21.8,35.45,55.89,75.29,63.27,36.81,15.353,21.12,561.62,42.22,55.22,49.925,48.82,21.43,60.29,13.388,47.0,42.088,78.36,43.85,61.34,74.07,39.95,18.86,44.38
2015-10-08,9.33,15.754,30.95,53.55,92.13,22.22,37.16,55.85,75.91,62.42,35.78,15.468,21.36,542.06,42.57,55.75,49.895,48.903,21.62,60.63,13.422,47.47,41.787,80.03,45.24,61.466,74.4,40.676,18.47,44.66
2015-10-09,9.84,15.691,30.42,53.05,92.51,21.9,36.67,55.22,75.51,63.28,37.16,15.586,21.28,532.25,42.01,55.53,49.68,49.18,21.58,60.28,13.318,47.83,41.067,80.43,45.64,61.294,73.9,40.738,18.68,44.34
2015-10-12,9.84,15.691,30.42,53.05,92.51,21.9,36.67,55.22,75.51,63.28,37.16,15.586,21.28,532.25,42.01,55.53,49.68,49.18,21.58,60.28,13.318,47.83,41.067,80.43,45.64,61.294,73.9,40.738,18.68,44.34
2015-10-13,9.7,14.931,31.175,52.97,93.09,21.24,36.5,55.63,75.35,63.87,36.68,15.511,21.4,548.02,40.97,55.92,49.47,49.664,21.56,60.3,13.569,47.89,40.957,78.0,44.59,61.797,73.77,39.37,17.8,44.29
2015-10-14,10.56,15.196,30.565,52.37,92.1,21.3,37.01,55.77,74.41,66.54,39.07,15.493,21.125,539.41,40.75,56.0,49.095,49.152,21.26,59.71,13.666,47.61,41.167,77.42,44.89,61.134,73.53,38.99,19.06,43.46
2015-10-15,10.47,15.01,30.515,52.17,91.95,21.38,36.75,56.45,74.56,66.82,38.71,15.428,21.185,536.56,41.13,56.34,49.205,49.014,21.08,59.77,13.867,48.19,40.921,77.59,44.54,61.248,73.42,39.052,19.09,43.45
2015-10-16,10.1,15.147,30.59,52.35,91.99,21.41,36.86,56.52,75.36,67.16,37.67,15.791,21.1,532.51,41.07,56.94,49.495,48.806,21.27,60.2,13.804,48.53,41.048,76.78,44.65,61.283,74.02,38.284,18.46,43.56
2015-10-19,9.83,14.829,30.585,52.85,93.86,20.89,36.36,56.15,75.35,66.0,36.85,15.981,21.15,554.98,40.96,57.11,49.465,48.806,21.33,60.38,13.981,48.83,40.374,77.1,43.25,61.843,73.55,38.044,17.78,43.84
2015-10-20,10.26,15.255,31.245,53.17,94.3,21.0,36.84,56.91,76.15,68.4,37.64,16.175,21.46,541.28,41.82,57.55,49.61,41.703,21.61,60.76,13.951,49.16,40.884,78.59,43.49,62.518,74.39,39.344,18.2,44.03
2015-10-21,9.84,14.907,31.0,53.21,94.28,19.91,37.02,57.13,75.91,67.54,37.36,16.247,21.735,554.99,41.75,58.22,49.62,41.108,21.73,60.62,14.182,49.68,40.793,78.85,43.5,62.449,74.56,38.986,17.79,44.41
2015-10-22,9.97,15.26,31.21,54.1,96.01,20.0,38.11,57.2,76.9,68.98,38.15,16.553,22.13,574.06,42.44,59.0,50.61,42.16,22.07,61.66,14.488,52.25,40.93,80.82,43.92,63.296,74.39,40.2,18.2,44.6
2015-10-23,10.21,15.235,31.085,54.39,95.61,19.88,37.5,56.9,77.53,70.0,38.34,16.703,22.105,573.94,42.94,58.75,50.935,42.326,22.44,62.05,14.305,53.02,40.93,81.42,43.78,62.449,74.85,40.434,18.97,45.17
2015-10-26,9.88,14.848,30.83,54.21,93.52,19.25,37.05,55.63,77.42,70.0,36.82,16.768,22.095,578.09,43.1,58.47,50.555,40.235,22.15,61.77,14.17,53.13,40.374,81.81,43.76,61.763,74.93,40.234,18.8,44.99
2015-10-27,10.02,14.481,29.75,54.87,93.28,18.93,36.71,54.96,77.56,71.44,37.18,16.876,22.045,553.5,43.48,57.74,50.775,40.775,22.04,62.22,14.13,53.27,40.328,79.51,43.25,61.443,75.43,38.352,19.23,45.06
2015-10-28,10.15,15.01,29.275,55.38,94.26,19.24,37.53,56.92,78.5,70.71,36.66,16.707,22.095,555.0,44.23,57.65,51.37,41.094,22.57,63.03,14.275,53.92,40.784,81.79,43.81,61.683,75.95,38.006,19.28,45.62
2015-10-29,10.31,14.853,28.895,55.17,94.3,19.78,38.81,57.12,76.93,67.72,37.0,16.754,22.035,581.5,44.34,57.51,51.145,40.983,22.23,63.04,14.096,53.17,40.684,81.81,44.14,62.369,76.48,37.886,18.11,45.1
2015-10-30,10.05,14.848,28.755,53.68,93.39,19.48,38.91,55.89,76.04,66.32,36.96,16.412,21.82,565.0,43.31,56.52,50.14,43.531,21.68,61.49,13.846,52.03,40.109,79.87,43.51,61.397,74.77,36.75,17.77,44.1
2015-11-02,10.17,15.289,28.555,54.17,93.0,20.47,39.17,55.73,75.67,65.98,36.84,16.441,21.78,566.48,43.18,56.7,50.105,43.281,21.81,61.85,13.746,51.83,40.31,79.81,43.7,61.935,74.63,36.674,17.98,44.35
2015-11-03,10.23,15.656,29.49,54.11,92.83,21.61,39.49,55.96,75.44,65.52,36.25,16.448,21.81,550.87,43.17,56.36,49.96,43.24,21.85,61.91,13.816,52.33,40.51,79.47,44.85,61.786,75.75,37.032,17.85,44.49
2015-11-04,9.94,15.642,30.435,54.16,88.03,21.19,39.82,54.75,75.95,65.9,36.32,16.43,21.855,569.89,43.53,56.3,50.12,42.672,21.68,61.61,13.899,52.09,41.112,79.51,44.63,61.237,75.85,36.3,17.94,44.67
2015-11-05,9.7,16.508,30.57,54.06,90.9,21.21,39.33,52.88,76.4,63.81,34.76,16.438,20.955,570.0,44.02,56.45,50.165,43.226,21.57,61.51,14.001,53.01,41.249,78.78,44.5,61.18,76.53,35.818,17.08,43.86
2015-11-06,9.38,16.484,30.115,54.64,89.63,21.17,39.47,51.74,76.88,61.52,33.45,16.459,20.755,563.89,44.0,56.79,50.315,43.005,22.36,61.66,13.724,52.47,39.49,78.67,43.64,61.02,76.65,35.726,16.67,45.04
2015-11-09,9.77,16.126,30.145,54.44,89.08,20.87,38.97,50.44,76.41,62.65,34.31,15.539,20.62,560.27,43.72,57.04,49.75,43.738,22.11,60.99,13.557,51.87,39.362,79.29,42.77,60.516,76.06,37.758,16.87,44.87
2015-11-10,9.56,15.901,29.83,54.91,88.85,20.54,39.11,50.09,76.69,61.49,34.03,15.909,20.51,566.89,43.59,57.11,49.86,43.946,22.11,60.74,13.485,51.9,38.952,77.98,43.06,60.562,76.05,37.156,16.53,44.85
2015-11-11,9.66,15.529,30.04,54.72,88.9,20.06,38.19,50.07,76.66,62.49,35.03,16.024,20.6,569.69,43.82,57.26,49.875,43.586,22.16,60.9,13.501,51.95,38.414,77.98,42.37,61.775,75.98,36.486,16.38,44.74
2015-11-12,10.06,15.23,29.285,54.04,87.07,19.31,37.29,48.68,75.29,62.49,34.75,15.859,20.39,556.09,43.25,56.66,49.23,42.935,21.35,59.88,13.386,51.14,37.484,76.7,41.52,60.597,74.96,36.524,16.4,43.81
2015-11-13,10.05,15.451,28.705,53.37,86.68,19.5,36.93,48.24,74.24,62.93,34.71,15.881,20.075,552.78,42.47,56.1,48.66,43.101,21.29,59.0,13.406,50.94,37.63,76.42,41.32,59.396,73.94,36.224,16.51,43.34
2015-11-16,10.17,16.249,30.0,53.95,87.0,20.47,38.32,49.44,75.66,62.94,34.86,15.949,20.54,557.49,43.19,57.41,49.47,43.42,21.66,60.11,13.768,52.18,38.797,76.77,42.68,60.162,75.22,36.65,16.7,43.77
2015-11-17,9.29,16.185,29.925,54.29,87.6,20.38,38.57,49.63,75.8,61.43,33.37,15.989,20.58,556.98,43.46,57.44,49.585,43.226,21.77,60.54,13.933,51.58,38.724,76.99,42.82,60.025,75.49,36.936,16.09,43.7
2015-11-18,9.63,16.234,30.19,54.49,88.2,20.67,37.48,50.28,76.0,63.56,35.1,16.269,20.77,553.29,43.39,57.84,49.95,42.631,21.94,60.67,14.134,51.98,39.325,78.72,42.68,60.677,75.5,38.988,16.88,44.0
2015-11-19,10.04,16.19,30.505,54.62,88.65,20.07,37.11,49.61,76.55,63.95,35.96,16.369,20.925,559.0,43.35,58.4,50.23,42.34,22.17,60.78,13.764,52.08,39.69,79.85,42.35,60.539,76.16,39.438,17.19,44.71
2015-11-20,9.57,16.136,30.615,54.58,88.4,19.51,36.6,48.52,76.58,62.73,34.92,16.463,20.885,562.72,43.23,58.52,49.995,42.188,21.87,60.63,13.756,52.49,39.672,80.43,41.84,60.642,76.07,39.776,16.74,44.56
2015-11-23,9.52,16.161,30.74,54.5,88.85,19.96,36.67,48.46,76.82,62.91,34.68,16.373,20.695,559.39,42.6,58.0,50.065,42.34,21.67,60.18,13.901,51.94,39.189,79.12,42.38,60.414,75.49,39.332,16.65,43.7
2015-11-24,9.84,16.303,31.275,54.43,88.1,20.3,37.0,48.71,76.74,63.76,35.51,16.33,20.665,561.22,42.67,56.45,49.895,42.174,21.75,60.31,13.983,51.42,39.48,78.06,43.36,60.528,75.26,38.936,16.89,43.74
2015-11-25,9.81,16.028,31.5,54.33,87.66,19.88,36.6,48.09,76.9,63.97,35.5,16.294,20.73,563.97,43.09,56.98,49.69,42.451,21.78,60.12,14.138,51.34,39.098,78.48,42.84,60.848,75.23,39.3,16.89,43.46
2015-11-26,9.9,16.014,31.7,54.45,87.84,19.79,36.42,47.01,77.05,64.16,35.73,16.33,20.895,563.56,43.42,57.06,49.8,42.16,21.85,60.59,13.933,51.52,39.034,79.28,42.59,61.111,75.27,39.278,17.21,43.8
2015-11-27,9.47,15.558,31.5,54.48,88.43,19.47,36.28,46.55,76.64,63.1,34.83,16.341,20.985,568.15,43.64,57.13,49.97,42.852,21.8,60.83,13.569,51.45,38.678,79.67,42.39,61.157,75.25,38.966,16.98,43.85
2015-11-30,9.83,15.837,31.055,54.54,89.02,19.76,36.9,47.43,77.11,64.19,35.48,16.474,21.22,573.15,43.77,57.48,50.14,43.724,21.98,60.89,13.549,51.51,38.414,79.71,43.38,61.775,76.08,39.378,17.55,44.04
2015-12-01,10.16,15.842,31.465,55.26,89.91,20.19,37.79,48.26,78.22,65.06,36.5,16.689,21.23,585.8,44.11,57.69,50.61,43.309,22.47,60.83,13.545,51.38,39.48,80.17,43.54,62.735,76.88,39.366,18.08,44.9
2015-12-02,9.9,15.176,31.925,55.05,90.15,19.67,36.77,47.24,79.65,64.75,35.82,16.384,21.1,582.65,43.91,57.5,50.4,43.364,22.45,59.87,13.424,50.84,38.915,78.42,42.55,62.712,76.87,38.194,17.84,44.59
2015-12-03,10.09,15.098,31.575,54.3,89.65,19.82,36.75,45.82,79.13,64.51,35.96,16.29,20.925,576.91,43.41,56.95,49.29,41.994,22.08,59.19,13.324,50.46,37.94,76.74,42.8,61.82,76.36,37.56,17.93,44.2
2015-12-04,10.81,15.034,31.625,54.77,90.45,19.2,36.03,45.1,79.7,68.01,38.93,16.506,20.95,583.0,43.3,57.02,48.905,41.98,22.31,59.44,13.392,50.72,38.077,76.14,41.95,61.935,76.59,36.03,18.69,44.38
2015-12-07,10.37,14.104,31.85,54.04,90.34,18.35,34.77,41.92,78.14,65.26,37.62,16.251,20.695,567.27,42.95,56.6,47.845,42.091,21.84,57.99,13.505,50.09,37.657,74.3,40.41,61.203,75.41,35.222,17.93,43.5
2015-12-08,10.23,14.128,31.275,53.15,89.16,18.61,34.95,41.86,77.27,65.24,38.15,15.92,20.385,575.0,42.17,55.77,47.225,42.091,21.07,57.46,13.294,49.3,37.393,72.98,40.48,61.077,74.3,34.328,17.88,43.43
2015-12-09,10.49,14.172,30.805,53.78,89.8,18.68,35.38,43.13,77.43,64.29,37.87,15.816,19.835,573.0,42.14,55.65,47.405,41.745,20.96,57.52,13.153,48.87,39.927,73.77,40.73,60.242,74.55,34.992,17.94,43.04
2015-12-10,10.46,14.672,31.595,53.98,90.12,18.35,35.67,43.47,78.4,65.07,37.46,15.891,19.935,590.02,41.94,55.48,46.65,41.745,21.01,57.27,13.219,48.65,40.729,73.5,40.89,60.242,74.15,34.36,17.88,44.04
2015-12-11,10.64,14.197,31.245,53.3,88.65,17.43,35.22,41.52,77.23,66.65,38.26,15.6,19.545,585.38,40.36,53.99,46.06,41.135,20.47,56.08,12.984,48.66,40.201,72.47,39.75,59.933,72.99,33.954,18.29,42.78
2015-12-14,9.69,14.114,31.35,53.25,88.85,17.23,34.55,41.09,77.02,63.17,36.52,15.464,19.91,581.01,39.97,54.58,46.08,40.443,20.36,55.66,13.127,49.21,42.27,74.08,40.9,60.414,72.45,33.816,17.35,42.76
2015-12-15,9.77,14.53,32.035,53.92,88.63,17.77,35.13,42.53,78.69,63.46,36.31,15.597,19.93,580.55,40.54,54.64,46.485,41.468,20.68,56.55,13.213,49.69,42.844,74.85,41.68,60.837,73.65,34.326,17.24,43.21
2015-12-16,10.53,14.197,32.2,54.99,88.92,17.58,35.24,44.01,79.41,65.35,37.6,16.028,20.31,583.0,41.01,54.86,47.085,42.34,21.03,57.17,13.268,50.26,43.911,76.78,42.25,61.065,75.05,35.416,17.72,43.9
2015-12-17,9.69,13.825,31.545,54.9,88.15,17.44,35.44,43.9,78.99,62.65,34.93,16.017,18.96,582.13,40.58,53.52,47.06,43.184,20.43,57.15,13.123,47.45,42.443,77.61,42.5,60.402,74.94,35.46,16.65,43.66
2015-12-18,10.09,14.275,31.475,54.7,87.76,17.55,35.99,43.78,78.75,64.01,36.31,15.733,19.215,584.58,40.21,53.41,46.23,43.808,20.52,56.14,13.041,48.68,41.686,77.85,43.41,59.979,74.25,35.0,17.22,43.1
2015-12-21,10.44,14.104,31.425,54.8,88.32,17.19,35.84,43.57,78.71,65.15,37.34,15.683,19.225,582.0,40.08,53.57,46.28,44.168,20.94,56.29,13.159,48.5,40.72,78.85,43.12,59.716,74.55,34.462,17.37,43.28
2015-12-22,10.4,14.202,31.5,54.6,88.09,17.34,35.96,44.58,77.89,64.43,36.9,15.773,19.335,582.41,40.24,53.94,46.49,44.638,20.93,56.39,13.151,48.61,41.249,78.97,43.82,60.048,74.39,35.224,17.44,43.25
2015-12-23,10.64,15.245,31.25,54.87,88.0,18.03,37.19,46.41,78.27,64.59,36.99,15.874,19.475,581.32,40.71,54.19,46.35,44.694,21.28,57.48,13.201,48.86,42.771,78.69,45.47,60.425,75.0,35.592,17.69,43.89
2015-12-24,10.85,15.211,31.63,55.03,88.09,17.99,36.89,46.42,78.71,66.34,37.73,15.989,19.535,580.87,40.87,54.03,46.52,44.624,21.24,57.95,13.238,48.5,42.589,78.78,45.43,60.402,75.64,35.376,17.91,44.07
2015-12-25,10.85,15.211,31.63,55.03,88.09,17.99,36.89,46.42,78.71,66.34,37.73,15.989,19.535,580.87,40.87,54.03,46.52,44.624,21.24,57.95,13.238,48.5,42.589,78.78,45.43,60.402,75.64,35.376,17.91,44.07
2015-12-28,10.85,15.211,31.63,55.03,88.09,17.99,36.89,46.42,78.71,66.34,37.73,15.989,19.535,580.87,40.87,54.03,46.52,44.624,21.24,57.95,13.238,48.5,42.589,78.78,45.43,60.402,75.64,35.376,17.91,44.07
2015-12-29,10.49,15.25,31.695,55.33,89.27,17.74,36.46,46.09,79.51,64.23,37.16,15.949,19.59,589.0,41.12,54.77,46.51,44.306,21.33,58.17,13.465,48.79,41.896,78.27,45.56,61.1,75.87,35.51,17.22,44.49
2015-12-30,10.25,14.848,31.4,55.01,89.33,17.41,35.78,45.58,78.94,63.59,36.38,15.924,19.455,581.04,40.99,54.31,46.2,44.514,21.17,57.7,13.338,48.41,41.24,78.37,44.98,60.94,75.59,35.398,17.07,43.96
2015-12-31,10.24,14.799,30.815,54.24,88.68,17.5,35.72,46.0,78.08,63.3,36.37,15.683,19.13,576.88,40.31,53.46,45.595,45.137,20.74,55.97,13.131,47.72,41.194,77.35,45.08,59.945,74.15,35.346,17.2,43.15
2016-01-04,10.81,14.721,30.2,53.72,87.74,17.33,35.28,45.88,76.66,65.31,37.57,15.202,18.99,555.61,39.89,53.6,45.86,44.846,20.43,55.54,13.031,47.87,41.285,76.47,44.86,59.201,73.04,35.232,17.42,42.61
2016-01-05,10.7,15.029,30.115,53.51,88.25,17.34,35.4,46.0,76.62,64.03,38.64,15.266,19.075,550.0,40.09,54.21,45.94,48.127,20.2,56.13,12.862,48.85,41.048,75.47,44.91,59.258,72.82,35.286,17.07,42.31
2016-01-06,11.19,14.373,29.83,52.18,87.0,17.33,34.1,44.58,74.92,67.15,40.07,14.943,18.85,547.5,39.4,54.71,45.64,48.501,19.73,55.16,13.207,48.26,40.665,73.45,43.64,59.579,71.57,32.986,17.23,41.77
2016-01-07,12.34,13.482,29.875,51.03,86.37,16.66,33.3,43.7,73.52,69.58,42.28,14.555,18.86,515.0,38.76,53.88,44.84,48.21,18.86,54.31,13.171,47.68,39.143,71.93,42.4,56.936,70.25,31.754,18.32,39.84
2016-01-08,11.92,13.369,30.24,51.05,86.94,16.5,33.25,44.89,73.52,69.05,41.82,14.444,18.71,519.72,38.8,54.21,44.57,49.014,19.01,54.56,13.113,48.0,39.626,72.62,42.38,57.531,70.07,31.91,18.07,40.07
2016-01-11,11.6,12.64,30.005,51.39,88.09,16.31,31.92,44.33,73.61,67.96,40.69,14.727,18.7,516.0,38.58,54.59,44.365,48.363,18.94,54.19,12.878,48.55,40.046,73.47,41.18,57.451,70.41,31.86,16.74,39.79
2016-01-12,11.28,12.243,30.545,52.4,88.06,16.56,32.42,44.53,74.18,66.6,40.7,14.864,18.9,525.82,38.2,55.7,44.445,48.681,18.83,54.05,12.818,49.16,40.939,74.91,41.5,58.103,70.92,31.758,15.95,40.03
2016-01-13,11.53,12.106,29.89,51.5,87.4,16.36,31.33,42.82,72.0,67.25,41.61,14.702,18.55,512.08,36.93,54.9,43.3,47.172,18.52,53.0,12.743,48.15,40.346,72.9,40.37,57.646,69.15,30.11,16.11,39.25
2016-01-14,10.9,12.684,30.675,51.29,85.47,17.29,32.39,44.78,73.05,66.3,40.06,15.033,18.615,519.81,37.27,55.08,43.31,47.615,18.82,53.63,13.119,48.62,41.021,74.16,42.23,58.778,69.57,30.622,15.94,39.86
2016-01-15,11.49,11.969,30.0,49.45,84.9,17.16,31.22,44.04,70.85,65.65,40.76,14.497,18.175,517.99,36.11,54.79,42.445,47.31,18.04,52.27,13.113,48.42,39.034,72.42,41.68,58.446,67.05,30.328,16.2,38.45
2016-01-18,11.62,11.714,29.25,49.38,83.38,16.88,29.77,43.54,70.82,65.24,40.85,14.515,18.175,491.93,36.34,54.09,42.225,46.826,17.86,52.38,12.721,48.27,38.614,73.2,39.69,57.588,66.87,30.52,16.11,38.1
2016-01-19,11.01,11.224,29.695,50.29,84.92,17.22,29.09,44.07,71.3,61.75,38.99,14.519,18.405,499.92,36.63,54.48,42.92,51.755,18.04,53.27,12.715,49.36,39.216,71.7,39.64,58.984,67.43,30.996,15.31,38.18
2016-01-20,11.79,11.214,29.45,49.41,84.28,16.54,28.43,41.23,70.17,61.59,39.0,14.275,18.18,510.83,35.83,53.55,41.71,54.399,17.75,51.87,12.518,49.13,39.253,69.04,38.41,58.103,65.62,30.234,15.23,37.87
2016-01-21,11.9,12.155,30.25,50.18,82.59,16.95,29.76,44.66,70.97,60.86,38.9,14.39,18.395,509.0,36.29,54.01,42.28,53.749,18.26,52.74,12.828,48.38,40.875,69.24,38.75,58.355,66.83,29.968,15.03,38.27
2016-01-22,12.16,12.762,30.75,51.68,84.56,17.8,31.33,47.42,73.75,60.15,38.64,14.706,18.765,512.73,37.87,55.37,44.04,54.469,18.71,54.47,13.016,49.65,42.744,70.46,41.12,59.121,69.34,33.148,14.99,39.23
2016-01-25,13.24,12.194,30.905,50.18,84.12,17.3,29.94,44.98,71.69,60.73,39.78,14.548,18.48,511.35,36.82,55.16,42.815,54.566,18.21,52.92,13.113,49.74,41.851,70.15,39.42,58.526,67.03,32.478,15.12,38.2
2016-01-26,13.4,12.938,31.445,50.87,83.75,17.16,31.0,45.87,72.78,61.3,40.46,14.598,18.82,517.04,37.13,55.51,43.5,54.69,18.41,53.26,13.014,50.87,42.963,71.29,40.72,59.041,67.62,32.72,15.8,38.35
2016-01-27,13.89,13.555,30.305,51.72,83.71,16.91,31.41,45.39,74.09,61.49,40.82,14.702,18.64,497.99,37.57,55.0,43.84,53.998,18.5,54.3,12.998,48.13,43.127,71.74,40.67,58.503,68.63,32.514,15.87,38.87
2016-01-28,13.56,14.29,30.26,52.75,83.46,17.22,32.83,46.45,74.57,60.1,40.69,14.982,19.305,490.97,38.86,55.72,45.11,53.887,19.13,56.4,13.061,47.29,44.275,74.17,42.96,59.43,71.05,33.828,15.58,39.53
2016-01-29,13.93,14.687,30.895,53.15,84.0,17.26,33.18,48.66,75.22,62.03,41.52,15.194,19.485,510.0,39.97,56.43,45.62,54.538,19.47,57.39,13.221,47.97,44.348,75.95,42.95,59.933,72.55,33.68,16.51,40.18
2016-02-01,14.03,14.251,30.675,52.27,83.44,16.62,31.83,46.97,74.3,62.66,41.89,14.918,19.48,512.26,39.62,56.78,45.19,54.039,19.21,56.34,13.075,48.66,43.674,74.45,41.83,59.773,71.27,33.36,16.83,39.46
2016-02-02,13.84,13.59,30.215,51.85,83.78,15.85,31.18,46.11,73.58,62.03,41.75,14.58,19.61,491.51,38.83,56.4,44.54,53.929,18.21,55.57,13.004,48.59,43.318,72.99,41.08,59.499,70.08,31.808,16.54,38.48
2016-02-03,14.77,14.662,30.27,51.91,82.98,16.59,31.55,47.87,73.97,65.11,43.22,14.318,19.855,479.0,39.0,56.74,44.53,53.763,18.16,55.78,13.157,48.83,43.801,73.44,42.33,59.155,70.14,31.806,17.65,38.44
2016-02-04,15.41,14.838,30.0,52.63,83.08,16.53,31.82,47.64,74.51,67.07,45.0,14.58,20.01,465.56,40.14,57.51,44.915,53.956,18.66,56.86,13.059,48.74,44.686,75.72,43.66,59.327,70.99,33.96,18.46,39.32
2016-02-05,16.19,14.794,29.38,52.4,82.18,16.38,31.88,47.16,74.33,69.63,46.55,14.404,20.225,447.67,39.83,58.16,44.785,53.112,18.78,56.8,12.908,47.95,45.032,74.22,43.68,58.126,71.14,33.712,19.62,39.3
2016-02-08,16.59,14.309,27.73,51.51,79.86,15.63,31.37,46.42,73.53,74.12,47.24,13.833,20.08,447.77,37.9,58.23,44.21,52.406,18.24,55.68,12.693,46.94,44.294,75.15,43.54,57.097,69.29,33.888,20.48,38.47
2016-02-09,15.57,13.771,27.755,50.28,78.46,14.76,29.95,44.77,71.53,71.5,45.91,13.739,19.835,474.51,37.38,58.12,43.085,52.309,17.54,54.17,12.83,47.34,43.546,76.61,42.42,56.559,67.64,34.508,19.66,37.94
2016-02-10,16.11,13.399,28.2,49.7,83.61,13.52,29.54,44.0,70.29,70.13,46.47,13.912,19.92,473.77,36.94,57.67,42.345,53.001,17.31,52.66,12.874,47.09,43.965,75.73,41.38,56.788,66.19,34.74,19.68,37.93
2016-02-11,16.7,13.017,27.575,49.02,84.36,13.95,29.43,42.98,69.56,74.83,49.04,13.678,19.845,475.0,35.95,57.29,41.665,52.987,15.84,52.06,12.727,47.71,43.974,76.15,40.52,55.141,65.0,33.768,20.71,37.24
2016-02-12,16.95,13.59,27.865,50.81,85.21,14.51,30.57,44.13,71.9,75.42,49.4,14.296,19.725,480.24,36.79,57.7,43.53,54.649,16.31,54.02,12.836,47.58,44.357,76.54,41.14,56.57,67.98,34.342,21.15,38.86
2016-02-15,16.95,13.59,27.865,50.81,85.21,14.51,30.57,44.13,71.9,75.42,49.4,14.296,19.725,480.24,36.79,57.7,43.53,54.649,16.31,54.02,12.836,47.58,44.357,76.54,41.14,56.57,67.98,34.342,21.15,38.86
2016-02-16,16.11,13.639,28.825,51.88,85.06,14.55,31.01,45.27,73.18,72.78,47.41,14.821,19.4,505.0,37.6,58.12,44.505,55.784,16.63,55.07,12.928,48.31,44.631,77.13,41.17,56.868,69.41,34.796,20.45,39.6
2016-02-17,16.26,14.594,30.025,52.6,84.98,15.05,32.89,45.51,74.64,72.65,46.46,15.331,19.22,518.95,38.37,58.1,45.45,55.715,17.88,56.23,13.061,48.7,45.542,78.21,42.36,57.314,70.95,35.534,20.64,41.05
2016-02-18,17.36,14.256,30.35,52.6,86.3,14.97,33.0,44.05,74.69,78.79,48.2,15.291,19.61,515.0,38.8,58.67,45.54,56.919,18.0,56.33,13.364,49.89,45.861,78.51,42.28,57.428,71.0,34.872,21.73,40.97
2016-02-19,17.26,13.756,30.42,52.42,85.53,14.53,32.86,43.14,74.39,78.75,47.62,15.033,19.695,515.0,38.42,59.06,45.25,56.462,17.55,56.01,13.344,49.36,45.561,78.48,42.46,56.616,71.28,34.678,21.43,40.45
2016-02-22,17.55,14.123,30.32,52.23,86.37,15.01,33.89,43.68,73.87,79.81,47.45,15.191,19.79,535.21,38.32,58.38,44.94,55.479,17.59,55.48,13.505,49.78,46.308,78.81,42.83,57.28,70.49,34.892,21.37,40.26
2016-02-23,18.63,13.492,30.49,52.18,86.77,14.49,32.73,42.77,73.68,81.57,48.53,15.076,19.88,546.27,37.44,58.73,44.6,55.466,17.46,54.79,13.537,50.01,46.335,78.52,42.54,57.314,69.63,33.666,21.65,40.16
2016-02-24,18.4,13.384,30.5,51.23,85.36,14.52,33.02,43.16,73.19,81.18,48.21,15.108,20.02,555.81,36.35,58.42,43.725,55.992,17.18,53.57,13.573,49.81,46.299,78.87,42.93,57.268,67.81,32.958,21.64,39.63
2016-02-25,18.37,13.11,30.945,51.92,85.33,14.26,33.37,45.6,73.36,81.5,48.21,15.047,19.72,551.12,36.12,58.25,44.83,56.061,17.53,53.53,13.503,50.11,44.421,78.71,42.64,57.108,67.78,32.596,21.47,40.33
2016-02-26,18.27,13.413,31.0,52.21,86.82,14.9,32.89,46.98,74.15,80.09,46.72,15.051,19.58,553.83,36.52,58.03,44.99,56.047,17.89,53.98,13.816,49.49,45.287,78.95,42.67,56.513,68.29,32.604,20.85,40.65
2016-02-29,18.8,13.849,30.83,52.43,84.25,15.48,33.08,47.79,74.65,80.75,47.61,14.921,19.705,564.52,36.86,58.44,44.975,55.978,18.11,54.76,13.812,50.08,45.26,78.6,43.19,56.696,69.07,32.978,21.34,40.34
2016-03-01,17.82,14.099,31.16,53.34,86.75,15.78,33.62,47.03,75.98,77.1,44.86,15.5,19.83,572.76,37.65,58.56,45.745,56.601,18.86,57.93,14.1,50.72,44.913,79.19,43.19,56.742,70.14,33.044,20.35,41.1
2016-03-02,18.23,14.775,31.375,53.18,86.16,16.16,33.39,46.75,75.69,77.63,45.51,15.083,19.565,557.0,37.93,57.77,46.105,56.449,18.62,57.75,13.957,50.47,44.594,77.65,43.48,56.239,70.13,32.278,20.8,40.57
2016-03-03,18.64,16.087,30.625,53.47,87.31,16.34,33.41,47.32,76.34,77.3,46.04,15.044,19.6,559.07,38.67,57.05,46.345,56.656,18.39,58.62,14.029,50.0,44.932,77.55,43.73,56.056,70.75,32.674,21.59,40.61
2016-03-04,18.28,16.846,29.725,53.67,87.38,16.71,33.75,48.91,76.21,76.33,45.67,15.309,19.595,530.78,39.33,57.51,46.38,56.102,18.43,59.5,14.11,49.85,44.941,78.82,44.13,55.919,71.38,33.396,21.95,40.54
2016-03-07,18.44,16.988,29.675,54.25,87.14,16.96,34.58,50.0,76.32,76.62,46.78,15.173,19.73,527.72,40.06,57.57,47.015,56.213,18.5,60.53,14.283,50.24,45.05,79.75,44.64,56.342,72.22,34.972,22.47,40.56
2016-03-08,17.86,16.435,29.85,54.65,87.8,16.71,34.32,49.87,77.13,76.5,45.75,15.313,20.075,518.72,40.56,58.44,47.59,56.753,18.28,61.23,14.449,51.0,45.169,79.83,44.36,56.765,72.7,33.71,22.04,40.97
2016-03-09,18.14,17.071,30.05,54.88,88.01,16.88,34.51,50.59,77.53,76.8,45.46,15.353,20.18,515.87,41.1,59.41,47.825,56.532,18.34,61.81,14.232,51.23,44.85,79.98,44.13,56.994,73.21,34.184,21.86,41.0
2016-03-10,18.92,17.253,30.08,54.61,88.3,16.65,34.28,50.87,77.51,80.86,48.49,15.349,20.21,513.1,41.14,58.76,47.84,57.113,18.24,61.56,13.999,50.61,43.418,78.7,43.55,56.605,73.24,33.564,22.95,40.6
2016-03-11,18.45,17.684,30.895,55.15,88.1,17.38,34.62,51.23,78.24,81.17,47.26,15.715,20.42,514.91,41.38,57.64,48.495,56.809,18.88,62.27,14.184,50.73,43.382,79.88,44.4,57.44,74.25,34.942,22.53,41.61
2016-03-14,18.15,17.679,30.875,55.03,87.45,17.34,34.78,50.01,78.15,78.6,46.55,15.737,20.405,513.76,41.84,58.0,48.615,56.393,18.76,62.05,14.268,50.77,43.254,79.95,44.31,57.874,74.25,35.024,22.27,41.32
2016-03-15,18.98,17.346,30.795,55.39,88.18,17.5,35.76,50.03,78.54,81.43,47.84,15.938,20.58,509.0,41.9,58.53,48.755,57.238,18.64,62.36,14.514,51.22,44.157,80.83,45.85,58.4,74.6,33.976,22.57,41.42
2016-03-16,19.93,17.738,30.515,55.42,87.75,17.63,36.12,50.31,78.46,86.78,49.59,16.05,20.435,509.18,42.06,58.4,48.56,56.601,18.44,62.43,14.66,51.13,43.892,79.95,45.27,58.252,74.62,33.4,23.38,41.37
2016-03-17,19.21,17.855,30.15,56.0,89.3,17.75,36.56,50.75,79.34,85.17,49.35,16.344,20.79,517.94,43.73,58.69,49.49,56.767,18.62,63.9,14.92,51.43,45.05,81.83,45.6,59.19,75.86,33.834,23.06,42.14
2016-03-18,19.12,17.517,29.175,55.38,89.2,17.73,36.0,49.67,78.61,85.51,49.51,16.086,20.52,500.68,43.91,57.83,49.28,56.601,18.48,63.57,14.618,50.38,44.74,80.84,44.85,58.4,75.22,34.884,23.26,41.95
2016-03-21,19.21,17.429,29.475,55.68,89.27,17.76,36.31,49.55,79.04,84.85,49.77,16.157,20.83,513.8,44.15,58.37,49.23,56.449,19.02,63.66,14.668,50.94,44.157,81.52,44.81,59.087,75.32,35.286,23.31,41.9
2016-03-22,18.91,17.644,28.525,55.35,89.0,17.36,36.28,49.58,78.66,83.27,48.86,16.121,20.75,513.4,44.46,58.12,49.095,56.186,18.67,63.4,14.701,50.57,44.786,79.56,44.52,58.949,74.79,34.052,23.29,41.69
2016-03-23,17.54,17.027,29.2,55.54,89.42,16.76,35.57,49.28,78.68,80.23,46.85,16.168,20.78,511.0,43.0,59.03,48.27,56.449,18.64,63.27,14.787,50.94,45.278,79.68,43.23,59.682,74.94,34.104,22.65,41.63
2016-03-24,17.96,17.248,29.52,55.31,89.45,16.89,35.86,49.57,77.95,81.17,47.82,16.024,20.825,530.63,41.56,59.3,47.915,56.559,18.44,62.42,14.853,51.5,45.561,80.46,43.74,59.624,73.97,34.23,22.82,41.5
2016-03-25,17.96,17.248,29.52,55.31,89.45,16.89,35.86,49.57,77.95,81.17,47.82,16.024,20.825,530.63,41.56,59.3,47.915,56.559,18.44,62.42,14.853,51.5,45.561,80.46,43.74,59.624,73.97,34.23,22.82,41.5
2016-03-28,17.97,17.199,29.665,55.73,89.85,17.01,35.8,49.86,78.45,80.13,47.55,15.985,21.0,526.0,42.36,59.31,48.225,55.853,18.67,62.91,14.867,51.96,45.67,80.32,43.78,60.082,74.75,33.84,22.7,41.92
2016-03-29,18.36,17.096,29.28,55.76,90.13,16.78,35.51,49.1,78.39,83.56,48.73,16.132,21.06,540.8,42.39,59.35,48.65,56.476,18.09,63.22,14.859,52.3,45.178,80.61,43.34,60.048,74.78,34.262,23.24,41.29
2016-03-30,17.82,16.974,29.565,56.27,90.41,17.03,35.65,50.09,79.02,81.3,47.66,16.258,21.245,540.0,42.81,59.43,48.9,55.286,18.45,63.55,14.833,52.19,46.235,81.27,43.24,60.036,75.44,34.75,22.88,41.65
2016-03-31,17.64,17.204,29.525,56.06,90.93,16.9,36.17,50.56,78.87,79.76,46.99,16.229,21.14,531.79,42.49,59.19,48.51,55.909,18.38,63.47,14.614,52.0,46.545,81.16,43.39,60.185,74.83,34.51,21.55,41.9
2016-04-01,17.78,16.454,29.55,56.1,91.23,16.6,36.03,49.32,78.87,79.36,47.55,16.193,21.065,544.99,42.62,59.41,48.78,56.047,18.27,62.72,14.57,52.19,45.205,81.12,42.43,60.299,75.1,34.344,21.4,41.85
2016-04-04,17.64,16.391,29.5,56.14,91.19,16.59,35.33,49.52,78.67,78.69,46.78,15.417,21.035,538.14,42.68,59.85,48.435,56.102,17.99,62.48,14.62,52.27,45.068,80.68,41.13,60.379,74.76,34.382,20.58,41.86
2016-04-05,18.46,16.332,29.035,55.94,91.41,16.21,35.07,48.73,78.46,82.11,47.96,15.485,21.025,543.85,42.37,59.55,48.265,54.607,17.8,61.98,14.266,50.92,44.512,80.66,40.6,60.322,74.11,34.396,21.36,41.44
2016-04-06,18.28,17.14,28.84,54.93,91.07,16.46,35.73,49.53,78.4,82.43,47.84,15.453,20.98,534.18,42.48,59.4,48.08,54.843,18.04,62.03,13.941,49.77,44.831,80.55,41.25,60.116,73.93,34.05,21.43,41.71
2016-04-07,19.11,16.832,29.28,54.16,90.93,16.41,35.39,49.54,77.42,84.48,49.76,15.468,20.795,529.23,41.78,59.61,47.56,55.576,17.09,61.31,13.907,49.99,44.977,80.15,40.63,59.75,73.61,34.216,21.51,40.84
2016-04-08,19.75,17.615,29.5,54.47,91.34,17.0,35.82,50.68,78.33,84.77,50.07,15.514,20.68,529.09,42.31,59.86,48.135,54.981,17.21,61.85,13.899,50.05,45.843,80.64,40.95,59.464,74.81,35.062,21.49,41.31
2016-04-11,21.04,17.444,29.375,54.41,90.92,16.86,35.57,50.42,78.62,87.24,52.34,15.266,20.585,527.29,42.75,59.24,48.15,54.386,17.32,61.54,13.887,49.41,45.953,79.83,39.99,59.579,74.91,35.982,22.23,41.26
2016-04-12,20.87,18.364,28.73,54.97,91.2,18.11,36.89,51.33,79.28,88.25,52.4,15.288,20.48,533.5,43.17,59.51,48.57,53.818,17.81,62.54,13.897,49.78,45.725,79.93,40.74,59.624,75.74,36.788,22.73,41.68
2016-04-13,20.56,18.379,28.92,55.23,92.35,17.84,37.05,52.03,80.11,86.12,51.84,15.324,20.355,532.51,44.11,59.65,49.035,54.87,18.19,63.65,13.919,49.95,45.643,81.41,40.37,59.67,76.77,38.362,22.45,42.18
2016-04-14,19.81,18.374,29.105,55.75,92.57,17.83,36.91,52.14,80.6,85.29,50.83,15.371,20.415,534.39,44.34,59.95,49.31,54.746,18.43,63.88,14.194,50.4,46.016,82.37,40.58,59.796,77.39,37.996,21.6,42.44
2016-04-15,20.11,17.963,29.5,55.54,92.95,17.23,35.92,52.0,81.2,86.84,51.94,15.439,20.185,535.3,44.42,59.74,49.25,54.524,18.23,63.64,14.212,50.31,45.807,81.18,40.0,59.704,77.54,37.53,21.9,42.42
2016-04-18,20.25,18.399,29.455,55.3,93.83,17.3,36.22,52.97,81.28,87.02,51.3,15.561,20.36,537.63,44.52,59.68,49.325,54.593,18.46,63.66,14.154,50.2,46.572,81.26,40.53,59.762,77.77,37.298,21.67,42.66
2016-04-19,20.7,18.648,29.485,55.91,92.49,17.97,37.14,53.56,81.65,88.03,52.56,15.489,20.125,533.0,45.14,59.65,49.885,54.067,18.61,64.33,14.17,49.27,46.983,81.42,41.03,59.807,78.34,37.99,23.41,42.89
2016-04-20,20.06,18.663,29.62,56.4,91.49,18.56,36.53,53.53,82.0,87.52,51.61,15.565,20.01,535.49,45.56,59.58,50.355,54.164,19.13,65.23,14.184,49.32,47.147,81.76,41.13,59.327,78.72,37.714,24.11,42.99
2016-04-21,20.79,18.957,28.5,56.25,91.5,18.66,36.06,53.69,81.75,85.5,53.24,15.173,19.755,530.96,45.16,58.77,50.255,54.123,18.96,65.04,14.007,49.08,47.238,82.88,40.59,59.19,77.51,38.234,24.28,42.84
2016-04-22,20.41,18.942,27.995,56.19,91.81,19.24,36.3,53.84,82.17,84.73,52.39,15.371,19.7,525.01,45.06,58.48,50.08,54.413,18.78,65.29,13.941,48.77,46.463,83.45,40.58,59.132,77.58,37.86,23.33,43.08
2016-04-25,20.49,18.692,27.585,55.67,91.9,18.91,36.17,53.05,81.95,82.88,51.49,15.525,19.785,522.32,44.96,58.37,50.1,54.123,18.82,64.93,13.949,48.45,46.308,82.77,41.14,59.258,77.29,36.698,23.25,43.05
2016-04-26,20.78,18.879,27.475,55.57,91.53,18.87,36.35,52.49,82.2,83.9,51.86,15.45,19.625,518.88,45.14,57.91,50.585,54.178,18.66,65.24,13.935,48.76,46.445,78.57,41.75,60.116,77.81,36.158,23.58,43.16
2016-04-27,20.98,18.952,26.765,55.72,92.12,19.18,36.25,52.9,82.47,83.88,52.26,15.579,19.73,513.26,45.25,58.2,50.685,54.303,18.69,65.43,14.13,48.99,47.147,79.04,41.83,59.99,77.96,36.646,23.77,43.4
2016-04-28,22.03,18.555,27.575,55.6,92.34,19.56,36.85,52.52,81.47,86.07,54.38,15.406,19.845,487.0,44.95,58.83,50.88,55.659,18.38,65.24,14.049,48.85,47.393,78.68,42.06,59.007,77.78,36.282,24.93,43.02
2016-04-29,24.29,18.452,27.74,55.85,92.85,19.89,36.83,52.12,81.74,88.1,59.31,15.234,19.89,490.34,44.84,58.84,50.67,55.909,18.5,65.8,13.913,48.8,47.493,77.26,41.61,59.064,77.92,36.206,26.29,42.8
2016-05-02,23.96,17.953,28.225,55.71,92.75,19.28,35.58,51.76,81.66,86.18,58.69,15.313,19.92,495.0,44.52,58.64,50.245,56.393,18.37,65.17,13.945,49.01,47.63,77.14,40.49,59.155,77.71,36.478,25.36,43.02
2016-05-03,23.33,17.595,27.88,55.9,91.37,18.98,34.95,51.35,81.16,85.93,58.12,15.263,19.695,496.74,42.7,58.44,49.43,57.169,18.0,63.43,13.957,49.01,47.046,77.52,40.33,58.995,76.21,36.31,24.77,42.18
2016-05-04,22.48,17.6,27.5,55.77,87.82,18.88,34.18,50.95,81.06,83.51,56.37,15.665,19.83,499.4,42.53,59.1,48.975,57.805,18.07,62.61,14.124,49.44,46.983,75.93,40.37,59.762,75.68,36.298,24.19,42.29
2016-05-05,23.0,17.556,27.595,55.64,85.82,18.86,33.16,50.32,80.57,87.59,57.89,15.618,19.815,493.99,42.2,59.05,49.105,58.027,18.26,61.9,13.919,49.3,47.056,76.0,40.15,59.521,75.68,36.032,24.42,42.37
2016-05-06,23.83,17.507,27.64,55.55,87.5,19.06,33.84,50.69,80.55,90.59,59.49,15.683,19.965,494.62,41.7,59.28,49.21,58.761,18.35,62.13,13.84,49.22,46.882,76.65,41.32,59.922,76.09,35.864,25.18,42.33
2016-05-09,22.52,17.547,27.63,55.35,87.71,18.56,33.24,49.93,80.48,87.23,57.18,15.633,19.98,495.02,40.98,59.15,49.455,59.55,18.14,61.69,13.871,49.1,46.627,75.91,40.52,60.356,75.62,35.436,23.61,42.2
2016-05-10,23.19,18.095,27.805,55.93,88.67,18.72,34.52,51.66,81.5,90.03,58.57,15.888,20.205,517.91,41.35,59.69,50.085,59.785,18.36,62.32,14.013,49.37,47.001,77.37,41.17,61.214,76.61,35.65,23.79,42.81
2016-05-11,23.71,18.164,27.47,56.05,88.52,19.0,34.47,51.25,81.5,89.74,59.94,15.651,20.31,510.09,41.73,59.59,50.265,59.453,18.3,62.79,13.867,49.4,47.201,76.49,40.5,60.311,76.62,35.4,24.76,43.14
2016-05-12,23.27,18.335,27.36,56.21,89.6,19.05,34.11,51.69,81.88,87.39,58.73,15.597,20.38,510.05,42.33,59.76,50.49,59.425,18.25,62.97,13.961,49.55,47.201,76.63,40.22,60.802,76.97,35.262,24.29,43.55
2016-05-13,23.86,18.09,27.655,56.09,89.13,19.08,34.07,51.7,82.07,87.66,59.65,15.421,20.265,504.08,42.03,59.72,50.57,59.744,17.9,62.62,13.975,49.25,47.174,76.03,40.15,60.802,76.82,34.574,24.86,43.48
2016-05-16,24.41,18.477,28.02,56.18,89.36,19.82,34.98,52.14,82.35,88.22,61.39,15.989,20.38,503.0,42.03,59.99,50.63,59.592,18.08,62.93,14.164,49.53,47.967,76.07,41.16,61.111,77.01,34.5,25.11,43.57
2016-05-17,24.99,18.756,27.715,56.12,88.0,19.7,35.12,52.77,82.06,89.95,62.34,15.802,20.26,502.72,42.06,60.17,50.3,59.245,18.21,62.8,13.899,49.48,48.04,75.99,41.14,59.99,76.84,34.388,26.06,43.62
2016-05-18,22.94,18.614,27.575,56.55,89.45,19.34,34.4,52.37,82.57,83.52,58.46,15.902,20.325,505.87,42.53,60.06,50.74,59.245,18.69,63.2,13.911,49.82,47.63,76.87,41.21,60.288,78.16,34.342,24.31,44.36
2016-05-19,23.76,18.335,28.285,56.27,89.15,19.2,34.3,52.1,82.25,84.95,59.84,15.769,20.21,515.97,41.99,60.0,50.4,60.325,18.4,62.73,13.863,49.7,48.168,75.38,40.7,60.642,77.57,33.604,25.01,44.05
2016-05-20,23.87,18.57,28.7,56.5,89.71,19.16,34.5,52.86,82.69,86.0,60.44,15.971,20.3,522.82,42.45,60.34,50.72,61.336,18.79,63.1,14.104,50.0,48.742,76.46,41.02,61.912,77.85,33.9,25.12,44.77
2016-05-23,23.87,18.57,28.7,56.5,89.71,19.16,34.5,52.86,82.69,86.0,60.44,15.971,20.3,522.82,42.45,60.34,50.72,61.336,18.79,63.1,14.104,50.0,48.742,76.46,41.02,61.912,77.85,33.9,25.12,44.77
2016-05-24,22.24,18.668,29.38,57.0,91.88,19.36,35.39,53.1,83.23,81.27,58.03,16.589,20.57,509.19,43.09,60.85,51.375,61.336,19.37,63.76,14.275,50.43,48.906,76.65,41.54,62.324,78.52,33.668,24.14,45.5
2016-05-25,22.5,19.055,29.155,57.38,90.93,19.81,35.7,53.27,84.27,83.08,58.38,16.499,20.57,515.0,43.6,60.54,51.68,58.719,19.46,64.59,14.244,50.43,49.079,76.98,41.93,62.141,79.25,33.68,24.45,45.7
2016-05-26,22.21,19.04,29.105,57.46,91.08,19.9,35.7,52.69,83.8,82.16,58.55,16.366,20.725,518.04,43.8,60.73,51.15,57.792,19.3,64.51,14.349,50.83,49.098,78.09,41.96,62.106,80.0,33.498,24.44,45.28
2016-05-27,21.67,19.05,29.225,57.67,92.1,20.17,35.9,52.78,83.44,81.8,57.72,16.721,20.785,529.0,44.03,60.48,51.095,59.079,19.51,65.0,14.327,50.61,49.699,78.22,42.26,63.021,80.55,33.966,23.74,45.75
2016-05-30,21.55,18.874,29.495,57.62,92.31,20.08,35.99,52.16,83.35,81.68,58.0,16.7,20.815,525.0,43.91,60.73,51.035,58.262,19.43,64.95,14.367,50.75,49.38,78.3,42.12,63.067,80.39,34.178,23.69,45.45
2016-05-31,21.92,19.084,29.29,57.11,91.7,19.77,36.22,52.28,82.3,82.94,58.86,16.535,20.785,533.0,43.52,60.45,50.875,57.321,19.52,64.14,14.283,50.0,49.535,77.75,41.79,62.987,78.83,33.944,24.45,45.42
2016-06-01,22.07,18.575,29.125,57.36,91.69,19.91,35.36,52.48,82.35,83.85,59.01,16.535,20.75,533.77,43.2,60.43,50.965,58.7,19.35,64.89,14.283,50.14,50.346,77.2,41.46,62.827,79.1,34.17,24.28,45.13
2016-06-02,22.23,18.879,29.445,57.58,91.15,19.95,35.96,52.96,82.66,83.76,59.14,16.606,20.765,537.54,44.39,60.51,51.105,60.367,19.42,65.45,14.355,50.26,50.757,77.15,41.49,63.021,79.62,34.132,24.58,45.14
2016-06-03,24.81,18.683,29.555,57.25,90.6,19.76,35.6,53.13,82.87,90.13,64.9,16.47,20.81,528.01,44.83,60.78,51.18,60.62,19.04,65.47,14.544,50.76,50.665,77.59,41.46,62.621,79.26,34.35,26.39,44.44
2016-06-06,24.27,18.8,29.25,57.36,90.05,19.89,35.82,53.79,83.35,88.73,64.45,16.168,20.78,538.63,45.14,60.53,51.33,61.867,19.04,65.86,14.554,50.46,51.222,77.43,41.9,62.141,79.33,34.288,26.52,44.42
2016-06-07,24.03,19.594,29.045,57.76,90.33,20.88,36.5,54.49,83.78,87.56,64.08,16.344,20.92,538.78,46.65,60.4,52.02,62.267,19.0,67.07,14.582,50.95,50.948,77.44,42.81,62.141,79.95,34.74,26.58,44.37
2016-06-08,24.4,18.903,28.1,57.6,89.95,19.94,35.47,54.02,83.8,88.29,64.33,16.265,20.5,535.81,46.06,60.3,52.095,62.333,19.02,66.9,14.532,50.12,50.009,77.17,41.19,61.958,79.8,34.688,26.83,44.92
2016-06-09,24.91,18.648,28.315,57.2,90.06,19.28,35.18,53.93,83.51,89.88,64.97,16.398,20.415,532.0,45.73,60.24,51.775,61.727,18.55,66.32,14.407,49.87,50.273,76.56,40.53,61.74,79.34,34.126,27.07,44.41
2016-06-10,25.0,17.929,27.825,56.76,88.8,18.79,34.38,53.47,83.13,90.48,64.52,16.373,20.29,525.51,45.37,59.87,51.365,62.473,18.02,65.25,14.094,49.51,49.809,75.46,39.89,61.18,78.57,33.162,27.06,43.64
2016-06-13,25.9,18.012,27.635,56.56,87.38,18.94,34.42,54.21,82.52,90.14,65.93,15.741,20.06,519.23,44.9,58.53,51.01,61.753,17.97,64.97,14.112,49.13,50.009,74.99,39.83,61.031,78.5,32.796,27.09,43.49
2016-06-14,25.42,18.188,27.29,55.86,87.16,18.76,34.15,53.39,81.48,88.69,64.16,15.378,20.38,512.52,44.49,59.12,50.655,62.353,17.85,64.55,14.027,49.15,50.255,74.99,39.73,60.951,77.11,32.704,26.1,43.13
2016-06-15,26.52,18.173,27.24,55.6,87.34,18.46,33.96,53.28,81.69,91.08,66.24,15.274,20.48,512.28,45.04,59.04,50.675,62.5,17.87,64.29,13.951,49.13,50.283,75.03,39.66,60.951,77.01,32.638,27.2,42.89
2016-06-16,25.99,18.217,27.0,55.78,88.04,17.79,34.04,52.65,81.6,91.95,65.45,15.41,20.78,511.0,43.55,59.25,50.615,62.533,18.02,64.24,13.885,49.92,50.565,75.13,39.65,61.043,77.32,32.264,26.93,43.3
2016-06-17,25.81,18.506,26.8,55.7,87.48,18.07,34.34,52.69,81.5,90.82,64.69,15.845,20.69,508.72,43.61,59.06,50.835,60.933,17.97,64.48,13.79,50.45,50.675,75.12,39.81,60.391,77.6,32.84,27.05,43.21
2016-06-20,25.3,18.834,26.89,55.9,88.44,18.63,34.52,53.79,81.89,90.57,64.63,15.561,20.83,506.88,43.92,59.22,51.045,60.587,18.37,65.05,13.842,50.87,51.139,75.48,40.3,60.585,78.01,32.62,27.16,43.68
2016-06-21,24.54,19.025,26.595,56.35,89.23,18.77,34.7,54.22,82.65,88.02,63.53,15.859,20.725,507.31,44.25,59.74,51.61,59.993,18.4,65.15,13.885,51.28,52.151,74.8,40.3,60.745,78.62,31.86,26.67,43.84
2016-06-22,25.23,18.648,26.465,56.17,88.99,18.21,34.79,54.37,82.82,88.41,64.63,15.82,20.65,509.02,44.54,59.72,51.44,60.093,18.37,64.91,13.798,51.24,52.069,75.86,39.84,60.757,78.47,32.672,26.78,43.57
2016-06-23,24.69,19.3,26.915,56.66,89.57,18.74,36.2,54.92,83.27,86.89,63.56,15.798,20.7,507.01,44.92,60.25,51.955,59.827,18.74,65.55,13.865,51.31,52.27,76.03,40.47,61.237,79.69,33.222,26.58,44.19
2016-06-24,26.65,19.021,26.625,55.24,88.6,17.86,34.85,53.99,81.46,94.05,67.51,15.421,20.47,500.84,44.05,59.89,50.11,60.067,17.35,64.03,13.72,50.37,52.215,74.08,39.53,59.499,77.21,32.196,27.69,42.02
2016-06-27,27.6,18.443,26.73,54.51,88.78,17.04,34.33,53.67,80.26,94.83,68.81,15.083,20.525,498.31,43.35,60.17,49.48,60.66,16.47,62.8,13.712,50.85,52.215,73.73,38.86,57.6,75.2,31.636,28.75,40.28
2016-06-28,26.87,18.756,27.22,55.32,90.07,17.37,34.94,53.99,81.97,94.88,68.2,15.194,20.75,498.22,44.11,60.31,50.24,61.773,16.97,63.77,13.796,51.15,52.142,74.96,39.28,58.023,76.38,32.198,28.55,40.8
2016-06-29,26.94,19.427,27.895,55.54,91.99,17.88,35.59,54.62,82.24,96.52,68.7,15.421,20.945,506.24,44.09,60.87,48.96,62.4,17.42,64.51,13.893,51.89,52.78,76.02,40.25,59.407,76.9,32.81,29.59,42.21
2016-06-30,27.58,19.52,28.165,55.48,92.29,17.87,35.84,54.73,81.95,98.24,69.14,15.356,20.8,500.01,44.19,61.14,48.52,62.227,17.67,63.31,13.889,52.3,53.291,76.29,40.88,59.784,76.34,33.266,30.41,42.44
2016-07-01,27.58,19.52,28.165,55.48,92.29,17.87,35.84,54.73,81.95,98.24,69.14,15.356,20.8,500.01,44.19,61.14,48.52,62.227,17.67,63.31,13.889,52.3,53.291,76.29,40.88,59.784,76.34,33.266,30.41,42.44
2016-07-04,28.7,19.662,28.03,56.13,92.84,18.34,36.7,55.5,82.36,99.34,70.95,15.651,21.07,508.1,44.41,61.2,48.535,63.2,17.72,63.69,13.907,52.5,53.756,77.66,41.41,60.082,77.19,34.22,32.47,42.24
2016-07-05,29.12,19.691,27.86,56.0,93.36,17.87,36.73,54.84,82.2,101.71,71.93,15.633,21.465,501.58,44.3,61.73,48.47,62.993,17.15,63.29,14.068,53.1,54.704,76.98,41.2,60.219,76.93,33.802,32.06,41.5
2016-07-06,30.03,19.956,27.455,54.83,93.28,17.72,36.43,54.69,82.55,103.24,73.0,15.719,21.565,499.04,44.17,61.64,48.46,63.173,16.86,63.1,13.999,53.73,55.059,76.97,41.19,60.048,76.61,34.0,33.17,40.75
2016-07-07,29.08,19.368,27.25,54.85,91.77,17.28,36.06,53.81,82.3,100.45,71.93,15.561,21.58,498.01,43.99,61.59,48.42,63.227,16.91,62.89,13.933,53.64,54.758,76.81,40.97,60.025,76.73,33.884,32.37,40.77
2016-07-08,29.08,19.736,27.35,55.11,91.6,18.03,36.28,53.86,82.95,103.39,72.84,15.845,21.41,498.75,43.98,61.26,48.555,63.653,16.97,63.3,13.927,53.19,54.968,78.11,40.79,60.928,77.35,34.78,33.64,41.05
2016-07-11,28.92,19.554,28.5,55.53,91.83,17.94,36.29,54.57,83.29,103.6,73.0,16.078,21.475,503.61,44.18,61.84,49.04,64.047,17.16,63.89,14.055,53.3,55.242,78.05,41.37,62.221,78.11,34.89,34.63,41.52
2016-07-12,26.89,20.279,29.27,56.29,91.0,18.73,37.23,55.48,83.88,98.68,70.76,16.258,21.63,508.66,44.93,62.54,49.35,63.18,17.68,64.62,14.216,53.41,55.105,79.79,41.96,62.781,79.08,35.588,33.12,42.1
2016-07-13,27.36,20.191,29.96,56.46,90.33,18.2,36.68,54.62,84.16,100.68,73.73,16.326,21.655,502.25,45.35,62.63,49.33,63.287,17.52,64.97,14.216,53.5,55.351,80.21,41.42,63.227,79.27,36.122,34.0,41.97
2016-07-14,27.69,20.289,29.66,56.43,90.5,18.39,36.59,53.91,84.38,98.34,72.45,16.441,21.69,502.56,45.65,62.75,49.005,63.227,17.73,65.23,14.268,54.04,55.378,80.54,41.45,63.559,79.82,36.54,33.88,42.47
2016-07-15,27.69,20.255,29.275,56.65,90.19,18.33,36.08,53.94,84.73,97.18,72.55,16.42,21.485,500.13,45.52,62.52,49.245,63.053,17.76,65.63,14.236,53.91,55.779,80.58,41.53,63.456,80.1,36.57,33.65,42.5
2016-07-18,27.97,20.333,29.475,56.57,90.28,18.54,36.19,54.31,84.84,98.42,72.58,16.427,21.48,506.23,45.03,62.35,49.235,63.04,17.86,65.45,14.248,53.6,55.041,81.19,41.92,64.096,80.01,37.22,34.16,42.74
2016-07-19,28.09,20.269,29.645,56.72,90.35,18.64,35.8,54.58,84.78,98.83,72.58,16.395,21.56,508.94,44.98,62.4,49.225,63.72,17.77,65.6,14.369,53.1,55.223,81.55,41.36,64.44,79.94,37.2,34.35,42.75
2016-07-20,26.0,20.426,29.925,57.04,91.97,18.66,36.05,53.55,84.92,95.06,68.22,16.524,21.64,519.91,45.15,62.44,49.6,64.54,18.01,65.93,14.445,53.6,54.923,83.13,41.67,64.897,80.72,39.252,33.24,43.35
2016-07-21,26.72,20.167,29.8,56.92,92.37,18.51,35.98,53.22,84.84,96.97,69.68,16.412,21.635,514.3,44.86,62.75,49.615,64.66,17.95,65.75,14.339,55.67,55.087,82.41,41.52,64.828,80.38,38.966,34.24,43.09
2016-07-22,27.03,20.357,30.165,57.11,92.89,18.62,36.0,52.81,84.76,97.04,70.66,16.581,21.98,510.39,45.07,63.15,49.92,64.78,18.2,66.06,14.313,56.81,54.913,83.24,41.82,65.297,79.6,39.196,34.39,43.6
2016-07-25,26.21,19.461,30.08,57.17,92.84,17.95,34.82,52.13,84.99,95.88,67.78,16.463,21.925,515.49,44.98,63.03,49.885,65.253,18.15,65.8,14.206,57.8,54.986,83.99,40.57,65.663,79.87,38.852,33.66,43.4
2016-07-26,26.97,19.476,30.0,57.31,93.13,18.05,35.02,51.8,85.37,96.44,69.6,16.366,22.005,514.01,45.09,62.94,50.095,65.373,18.07,66.26,14.238,57.44,54.758,83.54,40.56,65.766,80.41,38.684,34.04,43.55
2016-07-27,28.22,19.207,29.9,57.07,94.23,17.5,34.66,51.06,84.01,99.18,72.19,16.244,21.925,522.02,45.04,62.63,49.63,65.007,18.02,66.31,14.761,57.85,54.193,83.9,40.25,65.4,79.43,38.606,35.52,43.24
2016-07-28,28.03,19.212,29.99,57.0,93.5,18.67,35.19,51.4,83.96,98.96,74.53,16.168,21.91,529.63,44.84,62.59,49.57,64.927,17.91,66.4,14.701,57.4,55.014,83.66,40.4,63.627,79.77,38.964,35.68,43.23
2016-07-29,28.51,19.363,29.97,56.89,93.59,18.69,35.14,53.71,83.7,100.67,75.98,16.2,21.845,531.51,44.71,62.53,49.595,64.853,17.8,66.31,14.636,57.67,55.187,82.77,40.17,62.918,79.59,39.122,36.45,43.02
2016-08-01,28.51,19.363,29.97,56.89,93.59,18.69,35.14,53.71,83.7,100.67,75.98,16.2,21.845,531.51,44.71,62.53,49.595,64.853,17.8,66.31,14.636,57.67,55.187,82.77,40.17,62.918,79.59,39.122,36.45,43.02
2016-08-02,29.74,18.996,29.02,56.19,93.82,17.95,34.06,52.94,82.69,102.99,77.83,15.834,21.49,527.15,44.18,62.21,48.755,64.187,17.6,65.67,14.64,57.08,55.342,80.99,38.85,61.958,78.64,38.43,38.31,42.48
2016-08-03,29.32,19.309,29.125,56.17,93.18,18.65,34.56,53.01,82.44,101.88,77.56,16.046,21.445,523.14,44.25,61.81,48.98,63.413,17.92,65.62,14.801,56.72,55.041,81.31,39.64,61.98,78.79,38.498,37.92,42.79
2016-08-04,29.12,19.324,29.07,56.11,93.3,19.22,34.72,53.81,82.1,102.51,77.91,16.125,21.3,526.06,44.14,62.39,49.075,65.833,16.95,65.51,14.584,56.95,55.205,80.36,39.72,61.717,78.8,37.32,37.97,41.96
2016-08-05,27.97,19.892,29.28,56.88,94.27,19.08,35.03,54.42,82.85,101.57,76.22,16.43,21.725,545.0,44.53,62.78,49.675,67.993,17.21,66.35,14.634,57.95,55.57,81.54,39.86,62.129,79.46,37.97,37.93,42.68
2016-08-08,28.21,20.162,29.46,57.04,93.79,19.43,35.64,55.21,83.49,102.49,75.39,16.441,21.75,549.29,45.31,62.84,49.9,67.673,17.4,66.67,14.666,58.15,56.281,82.05,40.46,62.163,79.87,38.022,38.49,42.63
2016-08-09,28.19,20.186,29.46,57.31,93.38,19.31,35.9,54.77,83.8,104.05,76.63,16.621,21.905,550.94,45.87,63.17,50.225,68.34,17.47,66.9,14.805,58.48,56.399,82.36,40.68,62.77,80.22,38.008,39.05,42.75
2016-08-10,28.42,19.99,29.78,57.22,93.57,18.74,36.04,54.39,83.65,103.18,77.19,16.589,21.98,543.18,45.83,63.09,50.125,68.72,17.33,66.71,14.666,58.65,55.925,81.93,40.43,62.461,80.24,37.744,39.39,42.02
2016-08-11,28.21,20.25,30.025,57.28,92.7,19.16,36.31,54.44,83.92,101.97,76.03,16.47,21.94,546.5,46.12,63.18,50.335,68.407,17.35,66.92,14.6,58.89,56.463,82.47,40.89,62.632,80.45,38.098,39.67,41.63
2016-08-12,28.2,20.387,30.225,57.17,92.83,19.15,36.45,54.3,83.65,100.8,75.8,16.326,21.84,541.64,45.97,63.25,50.195,67.76,17.01,66.8,14.504,58.23,56.582,81.8,41.26,62.152,80.15,38.258,39.52,41.66
2016-08-15,27.8,20.553,30.19,57.16,93.02,19.75,36.68,53.97,84.03,100.76,75.14,16.168,21.77,543.69,45.94,62.95,50.225,67.133,17.2,66.8,14.572,58.01,56.8,81.79,40.85,61.98,80.16,38.446,39.73,41.57
2016-08-16,27.39,20.343,31.15,56.91,92.26,19.76,36.59,53.72,83.57,100.52,74.67,16.1,21.575,540.01,45.81,62.24,50.0,66.207,17.08,66.5,14.697,57.32,55.943,81.5,40.62,60.677,79.94,38.37,39.68,40.98
2016-08-17,26.78,20.397,31.285,56.99,91.99,19.58,36.33,53.43,84.07,101.14,73.67,16.046,21.55,535.01,45.89,62.18,50.005,66.86,17.12,66.73,14.699,57.19,55.697,82.53,40.37,61.168,80.34,38.4,38.96,41.22
2016-08-18,26.88,20.544,31.315,56.74,91.86,19.96,36.64,54.02,83.66,100.67,73.76,15.827,21.555,535.0,45.74,61.68,49.845,66.58,17.0,66.5,14.389,56.78,55.661,82.61,40.57,61.157,80.14,38.82,39.09,40.96
2016-08-19,26.48,20.455,31.15,56.78,91.98,19.84,36.55,53.52,84.05,99.8,72.21,15.798,21.575,538.21,46.02,61.66,50.075,67.44,17.36,66.42,14.289,56.95,55.798,83.34,40.51,61.18,80.96,39.22,37.61,41.51
2016-08-22,26.41,20.416,33.565,56.9,92.7,19.58,36.72,53.05,84.42,100.76,72.99,16.039,21.74,544.49,46.12,62.2,50.245,67.727,17.35,66.65,14.431,57.4,56.335,84.07,40.76,61.534,81.07,39.568,37.43,41.39
2016-08-23,25.93,20.372,33.49,57.15,93.0,19.42,36.49,53.6,86.27,98.56,72.19,16.053,21.64,550.3,46.77,61.97,50.715,67.153,17.35,67.35,14.477,56.84,55.88,84.17,41.03,61.363,82.23,39.516,36.8,41.64
2016-08-24,23.49,20.201,34.25,57.56,93.13,19.39,36.31,52.66,86.29,93.34,67.24,15.906,21.67,555.26,47.11,61.98,51.0,66.807,17.46,68.59,14.459,56.68,55.141,83.87,41.09,61.466,81.86,39.322,33.88,41.55
2016-08-25,23.65,20.264,34.15,57.5,93.36,19.36,36.27,51.76,86.79,93.66,67.86,15.726,21.585,557.44,46.95,61.92,51.64,66.693,17.66,68.87,14.287,56.69,55.014,83.96,40.33,61.512,81.37,39.386,34.52,41.64
2016-08-26,23.69,20.299,34.235,57.29,93.35,19.3,36.48,51.95,86.84,94.07,68.16,15.798,21.55,560.02,46.97,61.62,51.92,66.513,17.82,68.93,14.323,56.36,54.868,84.64,40.05,61.66,81.54,39.806,34.54,41.79
2016-08-29,23.96,20.387,34.05,58.06,93.26,19.32,36.14,51.56,86.99,94.69,69.41,15.949,21.665,559.86,47.12,62.25,52.115,66.993,17.9,68.86,14.417,56.3,54.886,85.12,40.04,61.912,81.75,40.286,34.92,41.45
2016-08-30,22.81,20.328,33.95,58.7,94.14,19.47,36.42,51.8,87.24,90.98,66.51,15.945,21.635,565.0,47.58,62.04,52.23,66.933,18.31,69.93,14.266,56.32,54.549,85.02,40.53,62.221,81.79,40.6,33.49,41.98
2016-08-31,22.29,19.946,33.935,58.52,95.18,18.95,35.56,51.72,86.98,91.63,66.47,15.899,21.51,572.18,46.09,61.27,52.05,66.707,17.89,69.81,14.339,56.16,54.211,84.27,40.01,62.118,81.53,40.17,33.24,41.38
2016-09-01,23.31,19.971,34.25,58.67,96.3,19.11,35.2,51.79,87.02,94.03,68.15,15.909,21.815,577.99,46.57,61.35,52.06,67.927,17.86,70.08,14.375,56.8,55.077,84.65,40.02,62.667,81.46,40.286,34.35,41.29
2016-09-02,23.59,20.255,34.36,58.77,96.66,19.27,35.63,53.25,87.02,96.27,69.73,16.035,21.96,579.96,46.84,61.86,52.015,68.26,17.81,70.49,14.457,57.22,55.296,85.09,40.87,62.964,81.5,40.194,35.67,41.19
2016-09-05,23.59,20.255,34.36,58.77,96.66,19.27,35.63,53.25,87.02,96.27,69.73,16.035,21.96,579.96,46.84,61.86,52.015,68.26,17.81,70.49,14.457,57.22,55.296,85.09,40.87,62.964,81.5,40.194,35.67,41.19
2016-09-06,24.45,20.25,34.145,58.7,95.52,18.97,35.36,55.3,86.65,97.62,71.8,15.798,21.895,564.61,47.38,61.78,51.87,67.347,17.77,70.62,14.415,57.06,54.129,83.9,40.65,62.369,81.6,39.956,37.14,40.7
2016-09-07,24.38,20.215,33.275,58.48,94.77,18.8,35.29,56.44,86.55,98.04,72.37,15.845,21.445,559.68,47.57,61.6,51.93,66.84,17.72,70.7,14.266,55.62,54.667,83.95,40.69,62.129,81.38,40.218,37.76,40.79
2016-09-08,23.84,20.309,33.0,58.18,95.57,19.77,35.76,59.1,86.15,96.82,70.49,15.726,21.35,560.29,47.57,61.76,51.735,67.493,17.92,70.32,14.045,55.29,55.643,83.79,40.62,61.683,81.06,39.832,37.37,40.7
2016-09-09,22.88,19.574,32.68,58.07,94.38,19.11,35.05,58.11,85.58,93.43,66.48,15.453,21.015,548.0,47.55,60.94,51.42,66.64,18.16,69.76,13.786,54.76,55.57,81.14,39.89,60.665,80.72,38.522,35.64,41.08
2016-09-12,23.18,19.74,32.595,57.97,94.5,18.85,34.93,58.81,85.61,95.19,68.79,15.597,21.05,557.94,47.47,61.29,51.12,66.853,18.0,69.61,13.766,54.75,56.117,81.96,39.68,61.66,80.7,39.164,36.45,40.78
2016-09-13,22.77,19.001,31.805,57.33,93.93,18.11,34.29,56.94,84.9,92.67,67.49,15.392,20.85,548.33,46.97,59.92,50.635,66.84,17.77,68.64,13.682,54.58,55.369,80.93,39.05,60.974,80.18,38.874,35.17,40.36
2016-09-14,22.66,18.786,32.48,56.99,92.58,17.77,34.24,57.53,84.96,92.4,67.33,15.435,20.85,553.59,46.95,60.13,50.7,67.233,17.76,68.88,13.758,54.68,55.588,80.92,39.2,60.951,80.11,38.794,35.48,40.62
2016-09-15,23.24,18.81,32.375,57.55,92.77,17.95,34.45,57.8,85.63,93.39,67.96,15.644,21.065,563.52,47.31,60.48,50.87,67.313,18.17,70.06,13.879,55.99,56.053,82.46,39.39,61.466,81.36,39.012,35.52,41.51
2016-09-16,22.88,18.893,32.335,57.18,92.37,17.89,34.25,58.44,85.21,92.74,67.99,15.59,21.015,561.78,47.13,60.01,50.43,65.207,18.03,69.9,13.76,54.9,56.381,83.17,39.5,62.667,80.76,38.966,35.16,41.5
2016-09-19,22.71,18.996,32.49,57.28,93.61,17.75,34.5,58.05,85.39,93.86,68.78,15.701,21.02,573.2,47.57,60.05,50.445,66.433,18.19,70.0,13.836,55.43,56.582,83.1,39.64,61.534,80.76,38.8,35.56,41.91
2016-09-20,22.71,18.937,32.36,57.6,94.3,17.52,34.05,57.62,85.44,94.01,69.08,15.845,21.175,584.88,47.65,60.31,50.615,65.053,18.36,70.43,13.919,55.76,56.481,82.99,39.43,61.992,81.06,38.148,35.34,42.16
2016-09-21,24.51,19.261,32.645,57.88,94.49,17.9,34.4,57.91,85.96,97.87,73.44,15.874,21.365,586.34,47.56,60.55,51.2,65.667,18.52,70.73,13.909,55.83,56.946,84.27,39.23,61.672,81.6,38.762,37.84,42.57
2016-09-22,24.16,19.589,32.8,58.24,95.44,18.12,34.94,57.44,86.35,96.3,73.87,16.488,21.5,591.01,46.97,61.03,51.405,65.58,18.74,71.1,13.957,56.04,57.557,84.81,40.13,62.587,81.88,38.586,37.49,42.94
2016-09-23,23.86,19.114,32.81,58.16,95.51,17.82,34.85,57.55,85.81,94.58,71.54,16.531,21.46,591.24,46.76,60.63,51.16,65.333,18.49,70.47,13.82,55.67,57.393,84.46,39.6,62.312,81.4,38.592,36.62,42.55
2016-09-26,23.73,19.138,32.49,57.82,95.09,17.75,34.68,57.12,85.49,94.23,71.65,16.531,21.49,589.91,46.48,60.69,50.275,65.567,18.23,70.43,13.597,55.79,56.828,84.23,39.88,61.889,80.89,38.716,36.46,41.97
2016-09-27,23.2,18.854,32.49,57.91,94.86,17.3,34.18,56.82,85.61,92.92,71.29,16.628,21.505,591.78,46.2,60.6,50.3,65.353,18.15,70.09,13.627,56.08,56.682,84.47,39.33,61.809,80.75,38.802,35.95,42.07
2016-09-28,23.59,20.162,31.995,58.33,95.51,18.3,35.58,57.92,86.28,93.28,72.01,16.693,21.61,593.35,46.7,60.57,50.64,65.707,18.4,70.77,13.615,56.06,56.928,84.39,40.54,61.809,81.46,39.338,36.47,42.35
2016-09-29,23.58,20.637,31.825,58.28,95.38,18.8,36.41,57.72,85.99,93.11,72.51,16.682,21.64,592.68,46.64,60.95,50.525,65.673,18.35,70.63,13.597,56.05,57.065,84.85,41.55,61.5,81.23,39.6,36.37,42.35
2016-09-30,23.23,20.539,32.05,58.24,94.84,18.83,36.42,57.66,85.97,91.66,70.95,16.574,21.645,591.42,46.52,60.59,50.865,65.233,18.51,69.52,13.565,55.66,56.8,85.76,41.04,62.049,81.26,40.038,35.44,42.69
2016-10-03,22.78,20.666,32.16,58.28,95.42,18.84,36.27,57.7,85.83,90.3,69.12,16.671,21.655,604.81,46.46,60.51,50.505,65.047,18.45,69.43,13.545,55.58,56.755,86.42,41.33,62.141,80.95,40.072,34.42,42.35
2016-10-04,20.39,20.568,32.1,58.42,94.45,18.87,36.38,57.33,84.3,85.19,62.66,16.718,21.55,609.0,46.12,60.19,50.09,64.113,18.6,69.52,13.459,55.37,56.481,86.98,41.27,61.912,81.15,40.03,31.1,42.72
2016-10-05,21.07,20.999,32.1,58.18,93.99,19.4,36.69,56.98,84.14,85.02,61.63,16.862,21.4,600.0,46.3,59.87,49.98,63.48,19.11,69.8,13.39,55.12,56.345,88.32,42.44,62.118,81.62,40.8,30.64,43.33
2016-10-06,20.59,20.901,32.2,58.16,94.0,19.98,36.9,56.79,84.06,83.63,60.26,16.955,21.43,595.01,46.18,59.97,49.85,64.067,19.21,69.72,13.374,55.26,56.144,88.5,43.09,61.923,82.12,40.454,30.11,43.44
2016-10-07,20.91,20.759,32.125,58.27,93.51,19.79,36.88,57.1,83.95,84.3,59.67,16.98,21.15,593.1,45.65,59.43,49.9,63.867,19.17,69.52,13.334,54.2,56.026,88.27,42.7,61.546,81.9,40.398,29.93,43.1
2016-10-10,20.91,20.759,32.125,58.27,93.51,19.79,36.88,57.1,83.95,84.3,59.67,16.98,21.15,593.1,45.65,59.43,49.9,63.867,19.17,69.52,13.334,54.2,56.026,88.27,42.7,61.546,81.9,40.398,29.93,43.1
2016-10-11,20.55,21.117,32.69,57.92,92.63,20.4,37.4,57.3,83.93,82.08,59.22,16.779,21.17,590.79,45.62,59.71,49.77,64.053,19.22,69.87,13.278,54.24,55.105,88.11,43.12,60.208,82.03,40.378,29.89,43.19
2016-10-12,21.02,21.082,32.785,57.92,92.9,20.29,37.19,57.94,84.28,84.39,61.09,16.923,21.41,589.99,45.58,60.34,50.01,65.033,19.27,69.99,13.362,54.52,55.734,87.84,43.13,60.368,82.11,40.122,30.57,43.43
2016-10-13,21.15,20.965,33.525,58.23,92.63,20.5,37.59,58.21,84.54,85.41,61.16,17.016,21.425,586.75,45.64,60.38,50.175,64.767,19.14,70.24,13.34,54.62,55.697,87.83,43.39,60.208,82.61,40.216,30.54,43.27
2016-10-14,20.6,20.681,33.285,58.29,92.94,20.52,37.38,57.8,84.48,83.27,60.01,16.793,21.355,581.3,45.31,60.3,50.145,65.073,19.16,70.2,13.368,54.34,55.169,87.15,42.59,59.83,82.61,39.63,30.04,43.49
2016-10-17,20.86,20.705,33.49,58.48,93.31,20.26,37.57,57.8,84.65,84.86,60.61,16.754,21.215,584.99,45.39,60.2,50.09,66.0,19.07,70.12,13.366,54.21,55.734,87.06,42.5,59.739,82.78,39.484,30.41,43.47
2016-10-18,21.47,20.793,33.975,58.93,92.85,20.29,37.96,58.16,85.2,86.62,62.89,16.966,21.4,586.01,45.68,60.57,50.535,65.26,19.27,70.78,13.42,54.54,56.591,87.81,42.62,59.773,83.53,40.262,31.59,43.99
2016-10-19,22.69,21.273,33.8,59.09,92.43,20.49,38.38,58.79,85.27,86.77,64.89,17.012,21.35,590.93,46.26,60.65,50.5,65.093,19.35,70.87,13.481,53.97,56.946,87.62,43.09,59.659,83.67,39.482,31.94,43.9
2016-10-20,22.51,21.45,33.71,59.37,92.66,20.47,38.77,58.08,85.45,87.83,64.96,16.977,21.25,590.37,46.68,60.59,50.355,65.293,19.38,70.98,13.487,53.69,56.828,86.83,43.16,59.876,83.93,38.678,32.28,43.99
2016-10-21,22.56,21.626,33.8,60.0,91.98,20.88,39.19,58.76,85.52,87.99,65.33,17.117,21.46,589.5,46.78,60.86,50.3,66.1,19.48,71.25,13.27,54.08,57.284,87.41,43.65,60.585,84.5,39.202,32.41,44.24
2016-10-24,22.09,21.68,33.91,60.16,91.5,20.7,39.33,58.22,86.26,85.71,64.55,17.174,21.565,592.49,46.95,61.13,50.38,66.853,19.62,71.79,13.324,53.87,56.463,87.81,44.28,60.802,83.79,38.986,31.95,44.53
2016-10-25,22.57,21.391,33.875,60.32,91.2,20.45,39.0,58.05,86.1,86.65,66.24,17.002,21.455,582.04,46.67,60.57,50.26,67.027,19.39,71.81,13.294,53.4,55.725,87.67,43.9,60.231,83.48,39.274,32.41,43.97
2016-10-26,22.24,21.332,33.815,60.63,90.88,20.16,39.38,58.32,86.67,85.06,64.42,17.002,21.465,588.0,46.9,60.51,50.335,67.34,19.48,71.76,13.439,53.47,55.962,84.3,43.69,60.688,83.65,38.434,32.04,44.75
2016-10-27,22.55,21.308,33.65,60.75,91.09,20.72,41.61,59.07,86.94,84.9,65.11,16.804,21.61,599.96,47.72,60.47,50.4,66.02,19.62,72.23,13.394,53.5,55.971,84.76,44.88,60.574,83.75,38.796,31.33,44.89
2016-10-28,22.89,21.219,33.65,60.52,91.19,20.03,41.29,58.37,85.35,85.98,66.17,16.811,21.635,605.0,47.68,60.53,50.485,67.093,19.36,72.09,13.4,53.66,55.442,84.45,43.38,60.494,83.72,38.592,31.37,44.71
2016-10-31,23.6,20.847,34.065,60.86,91.18,19.35,40.25,57.92,85.36,87.79,68.12,16.876,21.715,628.35,47.88,60.94,50.25,67.107,19.43,72.08,13.3,53.96,55.351,84.32,43.5,60.459,83.8,38.348,32.32,44.89
2016-11-01,24.66,20.764,33.73,60.78,90.8,19.32,40.15,57.46,84.94,90.13,69.23,16.747,21.65,635.77,47.9,60.28,49.625,66.707,19.22,72.03,13.234,53.79,55.232,83.21,44.25,62.85,83.22,37.78,32.63,44.58
2016-11-02,24.24,20.661,33.75,60.42,91.2,18.8,39.73,55.96,84.39,89.34,68.56,16.509,21.305,626.71,47.32,59.88,48.88,66.473,18.98,71.31,13.089,53.12,52.707,83.46,43.7,62.793,82.58,38.098,32.14,44.46
2016-11-03,24.52,20.049,33.8,60.38,92.0,18.34,39.55,54.96,84.47,91.29,69.39,16.567,21.2,629.12,47.11,59.63,49.015,66.147,19.14,71.62,13.069,53.23,52.461,83.48,43.67,62.69,82.73,37.738,32.65,44.61
2016-11-04,24.5,19.647,33.375,59.71,92.02,18.47,39.13,55.24,83.83,90.3,69.26,16.538,21.2,629.0,46.83,59.27,49.085,66.353,19.12,70.98,12.95,52.72,52.817,83.05,43.28,62.678,82.06,37.65,31.9,44.32
2016-11-07,23.21,19.902,33.375,60.37,92.55,18.78,40.1,57.02,84.94,87.21,66.31,16.887,21.485,635.29,47.21,59.7,49.89,67.38,19.55,71.77,13.037,52.75,53.227,84.94,43.65,63.41,83.08,38.376,31.21,45.19
2016-11-08,22.85,19.897,33.785,60.53,92.8,18.66,40.15,57.09,84.99,86.76,66.17,16.847,21.51,631.36,47.64,59.6,49.97,67.813,19.48,72.21,13.053,52.64,53.09,85.03,43.48,63.296,83.51,38.236,31.35,45.12
2016-11-09,23.06,20.333,33.5,60.56,93.21,19.27,40.76,56.93,85.55,89.74,67.68,16.761,21.285,644.71,47.87,59.2,50.5,68.567,20.09,71.63,13.037,51.72,54.658,84.76,43.84,63.913,84.34,38.436,32.24,46.35
2016-11-10,21.22,20.436,31.95,61.89,94.36,19.0,40.09,56.64,86.17,83.93,62.75,16.538,20.945,637.36,48.08,57.69,51.11,68.233,21.94,71.72,12.878,50.77,54.877,87.31,43.75,64.451,85.78,39.4,27.01,50.9
2016-11-11,20.06,20.225,31.71,61.66,94.03,18.98,39.53,55.12,86.06,77.56,57.19,15.891,20.85,638.77,47.71,57.45,51.0,66.773,22.43,71.03,12.759,50.63,53.701,85.67,42.99,64.222,85.98,38.888,24.28,50.74
2016-11-14,19.86,20.46,31.375,62.92,93.85,19.03,39.78,54.15,86.58,75.67,56.92,15.974,20.615,617.75,47.95,56.95,51.355,66.767,23.16,69.88,12.834,50.82,53.327,86.43,43.39,64.44,86.63,38.7,24.91,52.04
2016-11-15,20.92,20.93,31.605,62.4,93.54,19.74,41.34,55.25,86.94,78.64,59.48,15.996,20.81,617.12,48.33,57.88,51.57,66.687,23.06,70.41,13.023,51.49,54.239,86.51,44.43,63.879,86.02,38.96,26.5,51.53
2016-11-16,20.98,20.857,32.0,62.4,93.24,19.68,41.01,55.53,86.75,80.16,59.49,15.978,20.84,617.5,48.16,57.95,51.495,66.987,22.87,70.61,13.447,51.76,54.695,85.36,44.32,64.005,86.03,38.976,26.65,51.0
2016-11-17,20.67,20.754,31.9,62.75,93.18,19.52,41.22,56.65,87.6,78.65,57.77,16.265,21.0,635.55,48.65,58.43,51.75,67.42,22.93,71.63,13.714,51.86,55.041,86.68,44.49,64.737,86.83,39.448,25.87,51.56
2016-11-18,20.66,21.102,31.455,63.27,93.57,19.63,41.81,57.1,87.84,77.7,57.04,16.369,20.915,623.14,49.28,58.5,52.04,68.0,22.95,72.0,13.762,51.51,55.041,87.0,44.75,65.16,87.27,39.358,25.3,51.99
2016-11-21,20.65,21.587,31.625,63.32,94.1,20.54,42.8,58.25,88.34,78.2,58.06,16.193,20.99,619.37,49.6,57.98,52.435,68.78,23.14,72.62,13.889,51.68,55.688,88.49,45.49,65.023,88.95,39.9,25.25,52.73
2016-11-22,20.65,21.587,32.135,63.59,93.56,20.22,42.63,58.04,88.4,78.1,57.5,16.218,20.975,619.83,49.53,57.68,52.57,69.727,23.54,72.66,13.881,51.9,55.798,88.97,45.81,65.583,89.25,40.436,25.72,53.02
2016-11-23,19.72,21.601,32.005,63.95,93.41,20.29,42.54,57.93,89.06,76.87,53.78,16.154,21.13,620.79,49.65,57.85,52.675,69.673,23.71,72.63,13.921,51.8,55.834,89.13,45.43,65.698,89.83,40.27,24.71,53.34
2016-11-24,19.65,21.552,32.14,64.13,93.07,20.27,42.5,57.47,88.8,76.25,54.37,16.165,21.17,618.59,49.81,57.95,52.65,69.88,23.51,72.62,13.842,52.03,55.98,89.16,45.77,66.064,89.65,40.286,24.27,53.38
2016-11-25,20.04,21.381,32.075,64.32,92.7,20.04,41.96,57.47,88.82,76.72,55.11,16.373,21.22,628.65,49.95,58.16,52.86,69.907,23.54,72.9,13.923,52.32,56.117,90.2,45.04,66.395,89.73,40.372,24.36,53.49
2016-11-28,20.69,20.881,31.7,63.93,92.7,19.45,41.26,57.42,88.94,79.55,56.66,16.251,21.14,628.97,50.0,58.14,52.785,68.887,22.93,72.52,13.913,52.36,55.552,89.48,44.45,66.281,89.27,39.826,25.28,51.67
2016-11-29,20.75,20.406,32.255,64.09,92.8,18.96,40.35,56.69,89.14,79.55,56.37,16.236,21.205,631.39,50.14,58.51,53.005,68.913,23.09,73.7,14.049,52.52,55.114,89.77,44.22,66.636,90.12,40.038,25.1,51.43
2016-11-30,20.15,22.199,31.5,63.57,93.5,20.77,42.78,56.5,88.53,78.03,55.2,16.071,20.98,626.44,50.32,57.89,52.99,68.387,23.39,74.14,14.025,51.9,54.995,89.81,45.99,66.327,87.08,41.126,24.44,51.58
2016-12-01,20.02,22.218,30.275,63.07,93.57,20.82,42.97,55.2,88.66,77.05,53.43,15.618,20.8,615.49,50.83,57.05,54.17,67.48,23.44,74.09,13.921,50.64,53.674,90.24,45.26,65.732,87.3,41.374,24.11,52.56
2016-12-02,20.81,22.189,30.75,63.32,93.47,20.75,42.82,55.5,89.0,77.5,54.6,15.536,21.045,606.39,51.52,57.37,54.245,67.28,23.24,74.37,13.981,51.1,53.473,89.6,44.7,65.801,87.73,40.152,24.83,51.87
2016-12-05,20.85,22.135,30.5,63.6,92.84,20.68,43.09,55.62,89.58,76.51,54.28,15.543,21.095,599.0,52.28,57.66,54.38,67.62,23.06,74.29,13.945,51.11,53.437,89.92,45.27,65.812,87.92,40.224,25.03,51.54
2016-12-06,20.55,21.983,30.48,63.98,93.1,20.87,42.97,55.4,92.06,75.74,53.79,15.708,21.14,596.23,53.5,57.71,54.74,67.88,23.4,74.68,13.945,51.07,53.92,89.95,46.2,65.824,88.02,40.224,25.27,51.41
2016-12-07,20.92,21.543,30.97,64.56,92.73,20.54,43.03,55.82,93.14,75.25,53.33,15.874,21.05,617.43,53.78,58.3,55.39,67.573,23.69,75.6,14.049,52.39,54.695,91.48,46.21,66.773,88.33,40.95,25.27,51.69
2016-12-08,21.0,21.415,30.685,65.17,92.64,20.48,42.84,55.67,95.02,75.21,53.31,15.715,21.18,592.0,54.4,58.28,55.845,67.373,24.36,76.17,14.24,51.94,54.221,92.11,46.19,66.761,89.43,41.184,25.08,51.74
2016-12-09,20.38,21.533,30.885,65.75,92.67,20.67,42.97,55.39,96.2,74.34,50.4,15.715,21.25,590.72,54.69,58.4,56.0,69.433,24.47,76.87,14.327,51.59,53.637,91.64,46.45,67.482,90.3,41.136,24.45,51.99
2016-12-12,20.1,21.675,31.515,65.45,92.82,20.97,42.77,55.29,95.96,74.97,51.06,15.877,21.295,604.89,54.62,58.85,55.69,68.1,24.31,76.53,14.307,51.97,53.756,89.52,47.65,67.436,90.3,40.02,24.72,51.5
2016-12-13,20.66,22.453,31.89,66.05,93.17,20.96,43.75,56.33,96.51,75.42,52.07,16.039,21.495,600.61,54.76,58.07,55.98,68.047,24.39,77.09,14.355,52.21,55.242,89.86,47.97,68.134,91.2,39.642,25.31,51.62
2016-12-14,19.54,21.925,31.43,65.77,92.76,20.4,43.23,55.45,96.15,73.36,50.29,15.816,21.26,581.01,54.8,57.23,55.68,68.053,24.37,76.59,14.23,51.74,54.932,88.9,47.04,68.111,90.67,38.722,24.81,51.24
2016-12-15,18.68,21.636,31.485,66.51,92.78,20.9,43.79,55.94,96.6,73.07,48.62,15.917,21.31,590.84,54.87,57.37,55.8,68.873,25.01,76.47,14.192,51.38,54.768,89.58,47.51,67.939,91.49,38.816,22.75,52.12
2016-12-16,18.95,21.89,31.585,66.44,93.95,21.2,43.79,57.35,96.9,75.21,49.7,16.035,21.325,604.14,55.55,57.28,55.44,68.86,24.56,76.04,14.172,50.87,56.153,89.51,48.21,67.676,91.63,38.746,23.2,51.55
2016-12-19,19.1,21.738,31.99,66.71,94.21,21.26,43.82,57.09,96.62,76.73,51.18,16.075,21.39,617.53,55.61,57.4,55.595,69.653,24.46,76.04,14.212,51.73,56.226,90.0,47.71,67.756,91.79,38.646,23.5,51.41
2016-12-20,19.17,21.611,31.5,66.97,95.14,20.89,43.95,56.45,96.92,75.94,50.42,16.179,21.19,614.21,55.64,57.38,55.79,69.153,24.69,75.89,14.182,51.2,55.925,90.75,47.84,67.791,91.95,38.742,23.37,52.47
2016-12-21,18.98,21.469,31.735,66.95,96.91,20.89,43.97,56.6,97.11,76.35,51.27,16.053,21.185,611.21,55.78,57.46,55.935,70.593,24.61,75.82,14.18,51.5,56.29,91.16,48.1,67.962,91.96,38.878,23.37,52.38
2016-12-22,19.04,21.445,31.365,67.23,96.7,20.85,44.44,57.75,97.38,77.27,51.44,16.021,21.33,617.99,55.29,58.14,55.48,70.82,24.44,76.14,14.2,52.06,56.901,91.5,48.11,67.974,92.02,38.706,23.4,52.15
2016-12-23,19.69,21.312,31.135,67.07,97.13,20.47,44.36,57.59,97.17,78.42,52.61,16.032,21.385,612.54,55.14,58.26,55.43,71.307,24.43,76.04,14.192,52.07,56.636,91.52,47.34,67.997,91.68,38.774,23.74,51.69
2016-12-26,19.69,21.312,31.135,67.07,97.13,20.47,44.36,57.59,97.17,78.42,52.61,16.032,21.385,612.54,55.14,58.26,55.43,71.307,24.43,76.04,14.192,52.07,56.636,91.52,47.34,67.997,91.68,38.774,23.74,51.69
2016-12-27,19.69,21.312,31.135,67.07,97.13,20.47,44.36,57.59,97.17,78.42,52.61,16.032,21.385,612.54,55.14,58.26,55.43,71.307,24.43,76.04,14.192,52.07,56.636,91.52,47.34,67.997,91.68,38.774,23.74,51.69
2016-12-28,20.71,21.376,31.185,67.1,96.35,20.5,44.09,56.99,97.19,80.66,54.9,15.992,21.375,615.42,55.01,58.05,55.41,70.987,24.16,76.22,14.228,51.94,55.588,91.74,47.28,67.802,91.8,38.57,25.06,51.42
2016-12-29,22.12,21.17,31.18,66.75,96.33,20.52,44.29,57.06,97.0,82.92,58.57,16.01,21.51,618.41,54.96,58.34,55.2,70.88,24.03,75.39,14.319,52.33,55.688,91.84,47.18,67.734,91.41,38.64,27.32,51.48
2016-12-30,21.49,20.955,31.175,66.22,96.1,20.3,43.9,56.5,96.57,80.28,56.45,15.917,21.375,610.12,54.53,58.03,54.78,70.227,23.91,74.76,14.236,51.79,55.187,90.36,46.71,67.207,90.87,38.312,25.94,51.55
2017-01-02,21.49,20.955,31.175,66.22,96.1,20.3,43.9,56.5,96.57,80.28,56.45,15.917,21.375,610.12,54.53,58.03,54.78,70.227,23.91,74.76,14.236,51.79,55.187,90.36,46.71,67.207,90.87,38.312,25.94,51.55
2017-01-03,22.04,21.401,31.25,66.91,96.43,20.47,44.22,57.17,97.06,81.77,57.83,16.028,21.545,605.66,54.69,58.43,55.42,70.6,24.08,75.76,14.226,52.02,55.287,90.5,47.04,67.402,91.5,38.012,26.62,52.1
2017-01-04,21.81,21.405,31.525,67.65,97.15,20.27,44.0,57.04,97.4,81.15,57.56,16.021,21.755,611.91,55.37,58.67,55.83,71.307,24.35,76.4,14.254,52.22,55.26,91.72,46.86,67.482,92.84,38.872,26.52,52.38
2017-01-05,23.02,21.259,31.805,67.81,96.75,20.27,44.13,57.43,97.8,83.66,60.3,15.924,22.1,598.14,55.57,58.92,55.905,71.573,24.29,76.57,14.204,52.67,55.697,91.98,46.06,67.756,92.82,38.974,27.72,52.24
2017-01-06,22.37,21.126,31.615,67.35,96.57,20.25,44.11,57.7,97.55,81.08,59.39,15.852,22.04,599.98,55.51,58.56,55.845,71.967,24.34,76.59,14.17,52.2,55.469,91.45,46.29,67.859,92.72,39.348,26.85,52.22
2017-01-09,22.42,20.48,31.8,67.04,95.26,19.83,43.49,57.5,97.36,81.27,58.3,15.651,21.965,609.0,55.0,57.94,55.665,71.507,24.25,76.35,14.088,51.4,55.57,90.99,45.79,67.436,92.52,38.494,26.77,51.46
2017-01-10,22.22,20.167,31.5,67.1,94.36,19.54,43.01,56.66,97.68,81.71,58.68,15.737,21.97,599.8,54.76,57.99,55.345,71.58,24.55,76.96,14.076,51.2,55.205,91.69,45.6,67.493,92.97,38.672,26.99,51.64
2017-01-11,21.98,20.005,31.485,67.35,94.35,19.7,43.17,56.85,98.85,81.62,60.05,15.751,22.03,590.4,55.16,58.0,55.495,71.133,24.88,77.68,14.096,50.79,55.378,92.9,45.57,67.654,93.89,38.76,26.75,52.25
2017-01-12,22.16,19.789,31.11,67.1,93.52,19.33,42.78,56.6,97.97,82.41,59.92,16.024,21.985,589.19,55.01,58.11,55.425,69.993,24.43,77.2,14.017,51.48,55.406,92.68,45.23,67.516,93.75,38.768,26.37,51.48
2017-01-13,22.17,20.215,31.57,67.1,93.7,19.35,42.62,56.83,97.97,83.44,60.46,16.111,22.07,591.64,55.53,58.19,55.565,70.447,24.53,77.63,14.027,51.19,55.761,93.19,45.13,67.699,94.5,39.012,26.89,52.6
2017-01-16,22.5,20.162,32.345,67.0,93.94,19.38,42.81,57.27,98.23,83.9,61.17,15.999,22.005,595.0,55.23,58.26,55.33,70.3,24.3,77.37,14.035,51.21,55.798,93.37,45.16,67.402,94.27,38.93,26.96,52.51
2017-01-17,22.52,20.147,32.6,66.37,93.48,19.59,42.74,57.29,97.68,84.08,60.71,15.981,21.9,603.1,54.77,58.5,55.19,69.613,24.07,76.7,13.979,50.9,56.335,91.81,45.13,66.91,93.58,38.08,27.13,52.53
2017-01-18,22.3,19.882,32.305,66.68,93.35,19.27,42.43,57.22,97.46,82.83,60.48,16.175,21.765,599.69,54.9,58.06,55.395,70.373,24.32,76.48,14.098,51.98,56.5,92.48,44.61,67.276,93.29,38.496,27.28,52.67
2017-01-19,22.56,19.785,32.12,66.61,93.23,19.29,42.14,56.73,98.05,83.92,60.3,16.057,21.805,591.17,55.55,58.41,55.665,70.747,24.51,76.74,14.021,52.03,56.436,91.64,44.29,67.676,93.28,40.022,27.77,52.53
2017-01-20,22.82,20.059,32.325,67.45,93.81,19.46,42.28,57.23,98.6,85.1,60.85,16.531,21.92,596.35,55.38,58.93,55.915,70.7,24.87,77.39,14.148,52.8,57.001,93.45,44.46,68.626,94.17,40.298,28.31,52.88
2017-01-23,23.64,19.216,32.475,67.33,93.78,18.69,41.47,56.63,98.85,85.98,62.49,16.581,21.935,596.0,55.36,58.69,55.58,70.687,24.73,77.5,14.023,53.23,57.01,93.22,43.74,68.122,94.09,40.394,29.03,51.66
2017-01-24,23.84,19.378,32.895,67.6,93.98,18.69,42.45,57.54,99.25,84.58,62.16,16.355,22.1,611.46,56.07,58.76,55.955,69.133,25.01,77.92,13.997,53.37,58.56,93.76,44.0,67.825,93.38,40.222,28.78,51.6
2017-01-25,23.6,19.589,32.55,68.0,94.19,18.76,42.19,57.8,100.26,84.23,59.91,16.402,21.97,599.76,56.44,58.34,56.205,68.893,25.38,78.25,14.039,52.58,58.769,91.38,44.21,67.768,93.99,40.302,28.36,52.11
2017-01-26,23.4,19.711,32.0,68.35,95.06,18.57,41.74,58.09,100.66,82.32,58.87,16.391,22.08,599.69,56.6,58.61,56.515,70.06,25.48,78.61,13.977,56.04,57.931,91.91,43.75,67.676,94.36,40.528,27.44,52.1
2017-01-27,23.38,19.736,32.0,68.16,95.79,18.16,41.32,56.55,100.81,82.4,60.29,16.459,21.97,599.94,56.54,58.86,56.58,70.073,25.16,78.71,13.977,56.77,57.165,92.37,43.54,67.596,94.47,40.62,28.15,51.67
2017-01-30,23.62,19.148,32.04,67.91,94.75,17.86,40.64,55.7,99.08,81.92,60.6,16.186,21.71,592.03,56.46,58.83,56.125,70.007,24.88,78.25,13.77,56.61,56.217,91.51,42.82,67.07,94.06,39.832,27.85,51.34
2017-01-31,23.98,19.265,31.475,67.41,95.01,17.76,40.36,55.4,98.43,84.64,62.07,16.168,21.72,587.73,56.17,58.66,55.405,69.573,24.95,77.76,13.744,56.45,55.962,90.44,42.78,66.716,93.56,39.362,28.77,51.36
2017-02-01,24.11,19.246,31.985,67.41,94.52,17.76,40.53,55.14,98.27,85.41,61.91,16.236,21.63,577.28,55.74,58.39,55.975,69.527,24.98,77.89,13.629,56.34,56.135,90.12,43.08,66.464,93.69,39.414,28.87,51.07
2017-02-02,24.68,19.745,32.11,67.15,94.18,17.71,40.52,56.06,98.22,85.93,63.39,16.078,21.61,577.91,55.59,57.44,55.805,69.78,24.63,77.73,13.545,56.44,56.335,89.7,42.86,66.704,93.76,38.842,28.91,50.16
2017-02-03,24.67,19.549,32.245,67.49,94.7,17.91,40.73,57.05,98.99,87.26,64.13,16.373,21.78,589.16,56.02,57.42,56.445,69.98,24.83,78.4,13.577,56.42,56.955,90.36,42.89,67.047,94.6,39.116,28.92,50.57
2017-02-06,25.4,19.06,31.985,67.41,94.94,17.32,40.45,56.33,98.68,88.62,65.89,16.553,21.86,587.57,56.59,57.41,56.645,70.047,24.64,78.23,13.573,56.32,56.381,89.74,42.44,66.739,94.67,38.7,29.7,50.41
2017-02-07,25.45,18.604,31.815,67.59,95.29,17.31,40.62,55.67,98.9,89.28,65.93,16.761,22.035,590.0,56.71,57.74,56.95,70.58,24.76,79.06,13.639,56.43,55.998,90.99,42.14,67.093,95.28,38.68,29.86,50.57
2017-02-08,25.75,18.56,32.285,67.73,93.88,17.58,40.51,56.31,99.12,89.5,66.87,16.815,22.075,583.59,56.93,58.15,56.925,70.053,24.58,79.49,13.698,56.32,56.345,91.17,42.3,67.196,95.42,38.364,30.01,50.44
2017-02-09,25.18,19.123,32.0,68.19,94.13,17.6,41.47,56.37,99.55,89.26,66.0,17.354,21.57,584.25,57.26,58.2,57.3,70.16,24.45,79.83,13.766,56.73,56.5,91.6,42.45,64.966,96.17,38.618,28.94,51.14
2017-02-10,25.51,19.334,32.75,68.27,95.57,17.75,41.52,56.54,100.15,89.66,66.49,17.178,21.57,592.99,57.52,58.28,57.55,69.847,24.41,80.28,13.664,56.48,56.481,92.38,42.64,66.281,96.84,38.73,29.17,51.65
2017-02-13,25.38,19.197,32.965,68.43,95.52,17.61,41.72,56.47,100.73,89.21,65.05,17.304,21.535,588.29,57.77,58.15,57.735,70.22,24.59,80.51,13.643,56.13,56.919,93.46,42.36,67.059,97.12,39.214,29.02,52.18
2017-02-14,25.18,19.437,32.525,68.54,95.66,17.95,41.83,56.51,100.56,88.77,64.55,17.275,21.495,590.2,57.92,58.0,57.905,70.36,24.95,80.7,13.658,56.06,56.755,93.5,42.48,67.036,97.46,39.236,29.06,52.28
2017-02-15,25.28,19.486,32.55,69.16,96.55,17.97,42.45,55.92,101.29,88.77,64.58,17.494,21.515,593.5,58.14,58.65,58.19,71.967,25.03,81.52,13.748,56.53,56.673,93.49,42.68,67.139,98.53,39.658,29.02,52.62
2017-02-16,26.81,19.437,32.945,69.27,97.02,18.12,42.49,55.43,101.48,89.46,61.66,17.444,21.685,612.0,58.46,58.6,58.25,72.1,24.91,81.99,13.756,57.09,56.718,93.63,42.94,67.162,98.68,39.502,28.54,49.94
2017-02-17,26.41,19.28,32.7,69.44,96.69,17.88,42.13,54.97,101.41,88.06,61.32,17.573,21.965,610.94,58.23,58.76,58.245,72.853,24.83,81.82,13.704,57.52,56.737,93.85,42.87,67.333,99.09,39.178,28.22,49.89
2017-02-20,26.41,19.28,32.7,69.44,96.69,17.88,42.13,54.97,101.41,88.06,61.32,17.573,21.965,610.94,58.23,58.76,58.245,72.853,24.83,81.82,13.704,57.52,56.737,93.85,42.87,67.333,99.09,39.178,28.22,49.89
2017-02-21,26.45,19.515,32.895,69.81,96.59,18.56,42.69,55.57,101.42,88.42,61.41,17.62,21.97,627.0,58.27,58.8,58.775,73.86,24.95,81.89,13.869,57.45,56.645,94.64,43.15,66.681,99.19,40.092,28.07,49.08
2017-02-22,26.1,18.688,32.95,70.5,96.17,17.68,42.13,55.34,101.6,87.71,59.64,17.537,22.1,635.01,58.69,58.99,59.1,76.167,24.76,81.68,13.85,57.36,56.572,94.82,42.74,64.725,98.52,40.072,28.04,48.98
2017-02-23,25.83,18.883,32.5,70.19,96.01,17.69,42.85,54.74,101.7,87.51,59.53,17.476,22.015,630.44,58.7,58.83,59.7,76.1,24.34,81.68,14.279,57.15,56.335,93.37,42.76,64.462,98.26,39.326,28.22,48.7
2017-02-24,25.59,18.477,32.125,69.26,95.38,16.95,41.24,54.2,99.98,86.27,59.39,17.109,21.725,625.12,57.83,58.16,59.26,76.273,23.85,80.35,14.134,56.36,55.296,92.36,41.25,64.028,96.61,38.814,27.71,48.21
2017-02-27,24.73,18.624,31.5,68.91,94.5,17.18,41.25,56.35,98.58,84.04,55.33,17.232,21.68,624.99,57.0,58.12,59.045,76.52,23.9,79.25,14.003,56.67,55.15,93.07,41.79,64.074,96.72,38.9,25.77,48.7
2017-02-28,24.51,18.653,32.125,68.46,94.16,16.8,41.35,55.9,100.79,85.61,55.85,17.189,21.61,623.5,56.68,57.94,58.305,77.167,23.73,77.04,13.919,55.76,55.661,92.36,41.49,64.234,96.48,39.086,25.87,48.2
2017-03-01,25.23,18.834,32.72,69.5,95.4,16.99,41.7,55.27,101.9,86.91,56.28,17.415,21.605,630.65,57.66,57.82,59.225,78.42,24.34,78.75,13.913,55.81,55.597,94.8,41.07,64.668,97.53,39.572,26.34,48.66
2017-03-02,24.11,19.833,32.95,68.98,94.6,16.81,41.43,55.23,103.37,82.08,54.29,17.372,21.51,639.36,58.41,57.98,59.53,78.687,24.23,78.68,14.051,55.93,55.734,95.02,41.36,65.892,97.94,39.476,25.75,48.45
2017-03-03,24.43,20.475,33.22,69.62,94.94,17.09,41.76,54.84,102.85,83.8,55.16,17.397,21.51,642.37,58.25,57.98,59.6,78.307,24.45,79.96,14.039,55.94,55.46,96.31,41.11,65.629,98.29,39.91,26.03,48.74
2017-03-06,24.08,20.451,33.21,70.3,95.38,17.25,42.21,55.23,103.32,82.47,53.63,17.314,21.685,647.46,58.75,58.23,59.775,77.96,24.62,80.2,14.066,56.44,56.153,97.09,41.42,65.583,99.13,40.036,25.86,48.86
2017-03-07,23.85,20.24,32.655,70.06,95.17,17.06,42.14,56.13,103.5,81.73,53.63,17.408,21.585,645.13,58.72,58.02,59.93,77.933,24.47,79.99,14.144,56.67,56.782,97.16,41.52,65.846,98.74,40.0,25.63,49.05
2017-03-08,24.06,19.309,32.535,70.16,94.67,16.54,40.46,55.59,103.06,83.03,54.05,17.44,21.15,647.98,58.64,57.85,59.915,77.66,24.46,79.46,14.2,56.6,56.226,96.51,40.88,66.109,98.35,39.954,25.51,49.52
2017-03-09,23.89,21.21,32.25,69.88,94.43,16.12,40.55,55.38,102.61,81.99,53.82,17.383,21.23,648.99,58.31,58.4,59.815,77.773,24.24,79.09,14.194,56.04,56.235,96.86,41.38,66.292,98.31,39.774,25.32,49.4
2017-03-10,24.51,21.244,32.175,66.0,94.58,16.28,40.46,55.66,103.05,83.77,55.47,17.501,21.32,646.22,57.75,58.59,59.675,78.1,24.22,78.97,14.224,56.28,56.454,97.41,41.06,66.533,97.66,39.962,25.97,49.33
2017-03-13,24.54,20.916,32.675,66.96,94.24,16.11,40.45,55.38,103.1,84.15,55.46,17.616,21.355,644.1,58.04,57.77,59.495,78.307,24.43,79.7,14.335,56.24,56.791,97.83,41.07,66.636,97.44,39.874,26.15,49.4
2017-03-14,23.99,20.637,31.275,66.39,94.08,16.03,40.05,54.38,102.49,82.14,53.77,17.548,21.25,651.54,57.88,57.24,59.5,77.973,24.33,79.03,14.172,55.99,55.634,96.06,40.63,66.453,97.27,39.592,25.59,48.91
2017-03-15,25.33,21.43,30.625,65.95,94.17,16.68,40.76,55.05,101.24,85.22,57.25,17.613,21.35,654.53,57.46,57.57,58.95,77.52,24.49,78.22,14.341,55.77,55.679,96.62,40.88,66.521,96.66,39.276,26.81,48.81
2017-03-16,25.21,21.454,31.325,66.32,94.7,16.65,40.98,55.7,101.49,86.28,56.43,17.559,21.37,650.01,57.76,57.57,59.08,77.233,24.5,78.45,14.363,56.61,56.062,96.33,41.4,66.853,97.31,39.196,26.77,49.6
2017-03-17,25.14,21.381,31.055,66.05,94.2,16.5,41.15,54.96,100.96,86.06,56.5,17.415,21.485,655.92,57.15,58.3,58.82,77.793,24.13,77.79,14.236,56.36,55.789,96.3,41.26,66.281,96.76,39.254,26.51,49.27
2017-03-20,25.46,21.077,31.285,65.6,94.23,16.72,41.07,54.49,100.05,86.63,57.46,17.343,21.33,655.29,57.03,57.56,58.56,77.913,24.01,77.29,14.21,56.0,55.552,96.16,41.09,65.858,96.29,39.102,26.69,48.93
2017-03-21,25.99,20.774,30.605,64.84,94.27,16.53,40.55,54.12,98.65,87.56,58.91,17.264,21.3,652.24,56.31,58.0,58.13,76.967,23.04,76.27,14.2,56.21,55.688,95.3,40.88,65.972,95.43,38.486,26.56,47.96
2017-03-22,25.98,20.886,30.8,64.72,93.69,17.03,40.7,55.1,98.48,85.55,59.12,17.092,21.415,652.12,55.94,58.75,58.025,77.033,22.77,76.9,14.351,56.41,56.062,95.62,41.4,66.155,95.21,38.55,28.56,47.43
2017-03-23,25.84,20.872,30.8,65.39,93.83,16.79,40.86,54.54,99.23,86.64,59.15,17.092,21.5,651.97,55.66,58.89,58.98,77.413,23.23,77.43,14.52,56.75,56.299,96.73,41.21,66.636,96.64,38.872,27.51,48.36
2017-03-24,25.72,20.979,31.075,65.18,94.21,16.88,40.84,54.68,99.29,86.37,58.66,17.282,21.56,653.17,56.0,58.91,58.025,76.7,23.4,77.78,14.588,57.2,56.354,96.75,41.29,66.944,96.55,38.93,27.49,48.38
2017-03-27,26.2,20.764,31.455,65.13,94.37,17.04,40.47,55.13,99.24,88.82,59.71,17.275,21.575,654.2,55.98,59.0,58.16,76.713,23.39,78.36,14.652,57.96,56.837,97.16,41.03,66.693,96.79,38.976,28.14,48.4
2017-03-28,25.55,20.97,31.245,65.9,94.39,17.36,41.42,55.75,99.93,87.06,57.62,17.537,21.575,654.33,56.32,58.91,58.63,77.607,23.67,79.01,14.61,58.26,56.809,98.82,41.97,66.864,97.82,39.572,27.69,48.98
2017-03-29,25.57,21.479,31.245,66.13,94.42,17.45,42.05,55.87,100.04,87.63,57.53,17.652,21.57,654.49,56.09,58.91,58.6,77.847,23.77,79.36,14.536,58.32,56.381,98.37,41.5,66.258,98.19,39.452,27.34,48.76
2017-03-30,25.12,21.254,31.225,66.22,94.89,15.05,41.19,55.05,99.84,86.66,56.39,17.559,21.575,652.02,55.99,58.77,56.89,78.087,23.74,79.39,14.512,58.82,55.852,98.6,40.68,66.27,97.87,39.47,27.08,48.7
2017-03-31,25.26,21.322,31.065,66.61,94.58,15.05,40.83,55.71,99.33,87.12,56.42,17.408,21.585,653.5,55.84,58.88,57.335,78.28,23.59,77.8,14.502,58.8,55.943,98.16,40.52,65.778,96.89,39.07,27.71,48.56
2017-04-03,25.85,21.425,31.25,66.99,95.15,14.95,40.65,55.49,99.81,88.8,58.3,17.483,21.68,651.99,56.0,59.2,57.915,78.34,23.61,78.07,14.391,59.1,55.971,97.85,40.64,66.018,96.79,39.404,28.31,48.34
2017-04-04,26.1,21.851,31.3,67.26,95.3,14.86,41.02,55.88,99.95,89.0,59.44,17.67,21.87,653.0,56.19,59.67,57.945,78.56,23.58,78.06,14.389,59.46,56.363,98.98,41.25,65.755,96.88,39.858,28.54,48.19
2017-04-05,26.01,21.792,31.465,66.85,95.13,15.11,41.44,55.66,99.63,90.05,59.94,17.756,22.125,651.73,55.99,59.67,57.41,78.96,23.31,78.12,14.309,58.88,56.572,98.55,40.59,65.961,97.04,39.968,28.54,47.64
2017-04-06,25.87,21.949,31.405,66.34,94.53,15.09,41.69,56.6,99.95,90.27,60.27,17.767,22.11,645.0,56.26,59.77,57.785,78.76,23.38,78.73,14.208,59.4,57.119,99.11,40.73,65.869,97.81,40.326,28.57,47.73
2017-04-07,25.64,21.841,31.42,66.24,94.59,14.74,41.47,56.8,100.23,90.08,59.8,17.738,22.145,638.96,55.93,60.4,57.795,78.387,23.3,78.11,14.154,59.69,57.393,98.45,40.58,66.029,97.32,40.24,28.08,47.83
2017-04-10,25.99,22.189,31.475,66.42,94.44,15.01,41.79,56.97,99.91,90.86,60.36,17.727,22.2,640.02,56.02,60.41,57.42,78.753,23.35,77.68,14.252,59.72,57.73,99.43,41.28,65.698,97.18,40.784,28.11,47.83
2017-04-11,26.79,22.165,31.34,66.16,94.49,14.71,41.47,56.26,98.8,92.63,61.82,17.634,22.225,636.99,55.33,60.64,57.42,79.113,23.18,77.49,14.273,59.53,58.067,98.62,41.15,65.446,96.84,40.8,29.02,47.48
2017-04-12,26.84,21.9,31.68,65.57,94.36,14.45,41.35,56.41,98.25,92.78,62.51,17.551,22.32,633.18,55.12,60.87,56.695,77.893,22.86,76.78,14.407,60.1,57.849,97.37,40.96,65.252,96.06,40.056,29.02,46.89
2017-04-13,26.42,21.719,31.375,64.87,94.25,14.26,40.69,56.29,97.38,92.44,62.13,17.404,22.225,629.99,54.58,60.87,56.085,77.78,22.69,75.99,14.367,60.41,57.84,97.25,40.05,65.0,94.63,39.99,29.12,46.69
2017-04-14,26.42,21.719,31.375,64.87,94.25,14.26,40.69,56.29,97.38,92.44,62.13,17.404,22.225,629.99,54.58,60.87,56.085,77.78,22.69,75.99,14.367,60.41,57.84,97.25,40.05,65.0,94.63,39.99,29.12,46.69
2017-04-17,26.39,21.998,31.745,66.2,95.04,14.5,41.26,56.77,98.52,92.8,62.13,17.72,22.335,631.0,55.04,61.29,56.44,78.307,23.03,77.14,14.59,60.99,58.104,98.62,40.62,65.801,95.92,40.424,29.31,47.22
2017-04-18,26.37,21.65,31.35,65.93,94.7,14.31,40.97,56.42,98.1,93.3,62.16,17.688,22.13,630.0,54.49,60.9,56.085,79.187,22.89,76.61,14.654,61.42,57.931,98.44,40.43,66.27,95.43,40.544,29.31,46.95
2017-04-19,25.48,21.401,31.53,65.84,94.78,13.94,40.73,56.13,98.23,92.89,61.19,17.645,22.025,631.42,54.78,60.93,55.9,79.647,22.87,76.35,14.57,62.36,57.712,98.72,40.01,66.841,95.18,40.404,28.59,47.12
2017-04-20,25.86,21.459,31.5,66.04,94.75,13.85,40.65,56.43,99.04,93.35,61.35,17.771,22.1,635.0,54.36,61.26,56.27,80.613,23.24,76.8,14.658,62.5,57.94,100.36,40.09,65.869,95.78,41.452,28.63,47.8
2017-04-21,25.98,21.606,31.785,65.63,94.77,14.18,40.94,56.64,98.73,93.3,62.13,17.566,22.185,638.0,54.31,61.35,55.995,81.007,23.14,76.83,14.747,62.12,57.748,100.95,40.53,65.846,94.55,41.376,28.49,47.89
2017-04-24,25.71,21.68,31.78,66.68,95.5,14.15,41.41,57.08,100.04,91.78,61.68,17.871,22.29,638.99,55.0,61.42,56.53,81.34,23.84,77.97,14.807,62.53,57.922,102.21,40.58,66.556,96.07,41.642,28.31,48.89
2017-04-25,22.89,22.199,31.77,66.8,94.92,14.26,42.22,57.49,100.77,90.54,58.93,18.033,22.4,637.24,55.5,61.67,56.69,81.58,24.03,78.41,15.022,62.29,58.523,99.15,41.41,66.601,97.03,41.998,27.34,49.2
2017-04-26,23.05,22.071,31.7,65.77,93.24,14.01,41.63,56.69,99.7,91.26,59.3,18.033,22.675,627.75,53.69,62.7,55.465,81.013,24.08,77.41,15.213,62.79,58.022,98.5,41.05,66.99,95.47,41.544,27.68,49.06
2017-04-27,22.72,21.268,31.965,64.17,93.38,13.55,41.75,56.45,96.59,91.2,59.04,18.026,22.645,612.97,52.94,62.02,54.855,84.127,23.83,75.31,15.253,62.75,57.703,98.46,40.1,68.237,93.66,41.864,27.11,48.08
2017-04-28,22.82,21.293,32.155,64.23,93.51,13.61,42.78,56.58,96.66,92.84,65.25,18.13,22.71,624.33,53.05,62.15,55.125,83.72,23.94,75.88,15.396,62.59,57.776,98.67,39.71,70.948,93.47,41.832,27.24,48.21
2017-05-01,22.38,21.381,32.485,64.27,94.03,13.47,42.89,56.24,96.46,90.45,63.83,18.202,22.58,649.57,53.07,61.4,54.785,83.92,24.1,75.74,15.299,62.75,57.785,100.01,39.58,69.129,93.28,42.128,26.78,48.51
2017-05-02,22.5,21.259,32.275,63.7,93.68,13.37,43.14,56.94,95.94,91.75,64.25,18.608,22.78,665.85,52.61,62.08,54.56,84.787,24.08,75.76,15.472,62.97,58.569,101.34,39.44,69.93,92.66,42.648,27.1,48.84
2017-05-03,22.24,21.18,32.48,63.47,92.08,13.32,42.69,56.85,95.71,90.94,63.5,18.608,22.59,660.1,52.52,61.75,54.57,84.247,24.13,75.57,15.446,62.45,58.323,100.89,39.67,69.529,92.8,42.37,26.67,48.73
2017-05-04,22.01,20.289,31.975,63.29,92.32,12.67,41.75,55.73,95.41,90.01,62.41,18.478,22.51,686.39,52.22,61.63,53.685,84.687,24.44,75.16,15.587,62.15,57.11,101.15,39.03,69.449,92.75,41.996,26.03,48.56
2017-05-05,22.06,20.705,32.9,64.09,92.41,12.92,42.61,56.59,96.32,90.64,63.75,18.522,22.74,689.21,53.13,62.11,54.335,84.607,24.55,76.72,15.673,62.71,58.332,101.87,39.34,70.033,93.74,42.254,26.62,48.82
2017-05-08,22.28,21.077,32.795,64.13,92.03,13.18,43.24,56.98,96.57,91.82,63.89,18.55,22.855,690.37,53.49,62.31,54.475,84.533,24.66,76.72,15.671,62.95,58.778,101.93,39.56,69.872,94.18,42.566,26.8,48.95
2017-05-09,22.35,20.739,32.48,63.62,92.0,13.05,43.11,56.61,95.7,92.41,63.48,18.381,22.84,684.0,52.9,61.88,54.18,84.133,24.49,75.91,15.613,62.98,58.186,101.89,39.45,69.323,92.94,42.658,26.4,48.88
2017-05-10,22.37,21.024,32.4,63.89,92.0,13.5,43.63,56.54,95.69,94.08,63.85,18.324,22.845,690.22,54.16,61.71,54.365,83.793,24.39,76.5,15.665,62.84,58.268,102.02,39.62,69.049,93.33,42.906,26.7,47.23
2017-05-11,22.87,20.774,31.77,63.42,92.75,13.05,43.22,54.77,94.48,95.33,65.15,18.737,22.88,684.19,52.95,61.33,53.645,83.673,23.92,75.79,15.492,62.3,57.785,101.3,39.53,68.957,92.75,42.79,27.37,46.54
2017-05-12,23.11,20.686,31.77,63.1,92.53,13.15,43.45,54.95,94.04,96.71,66.33,18.881,22.96,677.33,52.6,61.33,53.56,83.307,23.6,75.3,15.529,62.72,57.985,101.66,39.76,69.015,92.48,42.62,28.29,46.18
2017-05-15,23.07,21.004,31.925,63.67,93.02,13.41,43.85,54.54,94.77,97.64,66.57,18.989,23.0,682.42,53.11,61.17,53.925,84.287,23.79,75.73,15.639,62.93,58.077,103.0,39.93,69.289,93.62,43.498,28.53,46.17
2017-05-16,23.02,20.759,31.66,63.13,92.94,13.02,43.43,53.84,93.8,99.5,66.77,18.748,22.81,682.9,53.06,60.71,53.555,83.307,23.72,75.65,15.623,62.1,57.347,102.22,39.25,67.882,93.03,42.846,29.26,45.5
2017-05-17,23.26,20.186,30.985,62.26,92.92,12.65,42.71,52.65,92.08,99.04,67.39,18.241,22.605,652.58,51.77,60.28,53.05,82.593,22.71,74.18,15.309,61.57,56.418,99.22,38.55,67.07,91.45,41.418,29.08,44.41
2017-05-18,22.46,20.294,31.035,62.53,92.24,12.62,42.74,52.76,92.74,98.35,66.38,17.975,22.7,675.67,52.13,60.26,53.0,83.187,23.1,74.42,15.301,62.09,56.472,99.94,38.55,67.082,92.42,41.514,28.57,44.55
2017-05-19,22.51,20.573,31.1,63.05,93.15,13.08,43.3,53.51,93.66,98.74,66.59,18.22,22.83,682.52,52.82,60.4,53.33,82.867,23.54,75.48,15.424,61.9,57.165,101.24,39.21,66.876,93.02,42.08,28.46,44.86
2017-05-22,22.51,20.573,31.1,63.05,93.15,13.08,43.3,53.51,93.66,98.74,66.59,18.22,22.83,682.52,52.82,60.4,53.33,82.867,23.54,75.48,15.424,61.9,57.165,101.24,39.21,66.876,93.02,42.08,28.46,44.86
2017-05-23,22.2,20.215,31.155,63.57,93.56,13.01,43.01,53.6,95.13,97.39,64.33,18.468,22.9,682.62,53.87,60.43,53.475,83.32,23.56,76.17,15.33,62.42,57.903,102.06,39.28,66.59,93.53,42.544,27.67,45.16
2017-05-24,22.44,20.093,31.165,63.04,93.25,12.86,42.73,53.46,91.98,98.45,64.79,18.367,22.92,687.49,53.25,60.59,53.15,83.313,23.54,75.64,15.287,62.68,58.131,102.49,38.81,66.922,93.0,42.49,27.87,44.21
2017-05-25,21.96,19.691,31.25,64.01,93.29,12.42,42.19,52.97,90.99,98.8,65.0,18.277,23.01,693.18,53.14,60.89,52.62,84.253,23.69,75.66,15.271,62.86,58.122,104.41,38.56,68.26,93.74,42.946,27.82,44.46
2017-05-26,22.07,19.589,31.25,64.25,93.27,12.64,42.58,52.48,91.17,99.09,66.13,18.457,22.975,688.88,52.87,60.77,52.685,84.76,23.7,75.91,15.257,62.63,57.685,103.7,38.76,67.39,93.92,42.748,28.12,44.7
2017-05-29,22.07,19.491,31.5,64.26,93.06,12.82,42.58,52.42,91.51,98.42,65.28,18.46,22.87,693.4,53.11,60.73,53.1,84.16,23.65,76.12,15.217,62.67,57.767,103.38,38.71,67.253,94.47,42.898,27.8,44.32
2017-05-30,22.09,19.163,31.05,64.44,93.0,12.42,42.63,52.0,90.99,98.31,64.71,18.32,22.99,692.12,53.01,60.84,52.64,84.927,23.48,76.6,15.297,63.15,57.457,104.52,38.68,67.448,93.54,42.72,28.0,44.28
2017-05-31,22.34,19.07,31.79,64.4,92.78,12.05,42.28,52.0,90.67,100.87,65.29,18.374,22.97,698.59,53.28,61.21,52.81,85.68,23.33,76.22,15.344,63.0,57.165,104.73,38.22,67.39,93.37,42.744,27.6,44.35
2017-06-01,21.95,19.319,32.05,64.7,94.7,12.26,42.32,52.67,91.43,100.64,65.75,18.381,22.975,709.3,53.76,61.08,52.805,87.547,23.82,76.7,15.472,63.09,57.593,106.22,38.25,67.814,93.8,42.992,27.49,44.68
2017-06-02,21.87,19.07,32.55,64.84,94.48,11.61,41.94,52.73,91.27,100.9,65.96,18.389,22.905,711.98,54.05,61.08,52.815,87.2,23.58,76.68,15.535,63.23,57.739,105.86,37.85,68.157,93.76,42.666,27.54,44.28
2017-06-05,21.8,19.212,32.65,64.59,94.1,11.42,41.88,52.5,90.92,99.95,64.85,18.493,22.95,718.91,53.6,61.01,52.745,86.547,23.51,76.74,15.458,63.01,57.84,106.27,37.67,67.493,93.57,42.37,27.0,44.09
2017-06-06,22.86,19.388,32.65,64.18,93.64,11.59,42.25,53.22,90.6,101.87,67.91,18.468,22.985,703.17,53.36,61.03,52.545,86.053,23.15,76.57,15.448,63.24,58.341,105.98,37.97,67.448,92.81,42.078,28.03,43.83
2017-06-07,22.79,18.874,32.105,64.29,93.66,10.88,41.14,52.83,90.4,101.23,67.64,18.421,22.38,700.28,53.63,60.41,52.435,86.513,23.19,76.64,15.448,62.81,57.274,105.53,37.48,67.402,93.1,41.654,27.93,45.42
2017-06-08,22.45,18.942,32.005,65.06,94.23,10.63,40.84,51.77,91.64,99.91,66.99,18.507,22.42,705.63,54.03,60.66,52.71,85.953,23.62,77.85,15.44,62.32,57.976,107.21,37.69,67.539,93.97,41.754,27.85,45.5
2017-06-09,21.96,19.265,31.5,65.69,94.36,11.1,41.25,52.12,93.9,97.55,64.85,18.446,22.37,696.55,54.54,60.59,53.715,85.693,24.09,78.57,15.275,62.75,58.241,106.55,37.99,67.676,95.28,41.274,27.04,45.89
2017-06-12,21.86,19.182,31.5,65.28,93.56,11.37,41.03,51.0,93.24,96.83,64.2,18.213,22.37,685.5,54.47,60.6,53.395,86.833,24.11,77.83,15.181,62.77,57.931,105.83,38.42,67.585,94.26,41.224,26.52,45.56
2017-06-13,21.59,19.226,31.5,65.19,93.1,11.43,40.88,51.15,93.15,97.19,65.23,18.169,22.435,691.66,54.44,59.45,53.08,87.427,24.19,77.68,15.165,62.75,58.213,105.32,38.48,67.31,93.89,41.456,26.44,45.39
2017-06-14,21.1,18.296,31.255,64.71,92.59,10.95,39.4,49.81,92.24,94.14,62.18,18.198,22.29,690.89,53.84,59.32,52.735,87.693,23.99,77.26,15.147,62.51,57.065,104.46,38.33,67.493,93.36,40.75,25.58,45.32
2017-06-15,20.76,18.041,31.0,64.99,93.11,10.47,39.16,50.31,92.94,95.53,61.6,18.123,22.495,698.01,53.82,59.33,53.0,87.613,24.07,77.58,15.171,62.22,57.311,105.7,38.48,69.918,93.63,41.026,25.28,45.18
2017-06-16,20.71,18.266,31.495,65.05,93.82,10.51,39.26,51.44,92.96,95.11,62.0,18.166,22.73,685.76,54.0,59.43,53.265,87.333,24.09,77.92,14.628,62.12,57.849,107.57,39.31,69.198,93.55,40.968,25.28,45.23
2017-06-19,20.72,18.413,31.205,65.46,94.79,10.28,38.99,51.09,93.68,95.6,61.12,18.331,22.715,702.19,54.59,59.66,53.37,86.92,24.45,78.57,14.586,62.86,57.995,107.37,39.27,70.582,94.3,41.216,25.37,45.64
2017-06-20,20.67,18.139,31.89,65.11,95.19,9.44,38.11,50.06,93.29,95.6,60.71,18.195,22.57,694.18,54.46,59.42,53.065,86.4,24.27,78.85,14.586,62.28,57.138,106.02,38.58,69.735,93.76,40.978,25.37,45.38
2017-06-21,20.96,18.34,31.76,65.0,95.08,9.14,38.25,50.61,92.48,96.84,61.88,18.263,22.455,699.78,53.64,59.02,52.72,86.77,23.76,78.99,14.638,61.99,57.019,105.99,38.54,70.147,93.28,41.312,26.1,44.89
2017-06-22,21.28,18.443,31.25,65.28,95.59,9.0,38.11,51.61,93.49,97.29,61.6,18.335,22.34,709.05,53.76,58.91,53.53,86.19,23.58,79.69,14.666,62.23,56.6,105.65,38.36,70.238,94.02,41.648,26.38,44.7
2017-06-23,21.86,18.511,31.065,65.27,95.97,9.16,38.52,52.22,93.86,98.69,63.43,18.46,22.51,712.21,53.76,59.17,53.69,86.01,23.61,79.45,14.674,62.87,56.837,106.59,39.17,70.627,94.12,42.25,26.82,44.88
2017-06-26,21.65,18.379,32.14,65.21,95.85,9.15,38.07,52.45,94.03,97.42,62.58,18.633,22.55,711.99,53.97,59.23,52.435,85.54,23.53,79.38,14.689,63.39,57.329,107.01,38.5,70.273,93.99,42.174,26.67,44.97
2017-06-27,21.16,18.404,32.5,65.26,96.04,9.55,38.49,52.75,94.24,96.33,60.65,18.687,22.625,695.24,53.85,58.96,52.49,85.2,23.71,79.17,14.735,62.87,57.201,106.78,38.57,69.998,94.1,42.034,26.54,45.2
2017-06-28,21.03,18.737,32.66,65.69,96.71,9.57,38.53,52.56,95.58,96.02,60.55,18.766,22.675,685.51,54.69,59.0,53.18,84.92,24.08,79.59,14.689,63.29,56.8,107.63,38.78,69.781,95.06,42.02,26.55,46.03
2017-06-29,20.67,18.653,31.635,65.47,97.52,9.46,38.26,51.9,95.5,94.16,58.24,18.514,22.365,683.69,54.73,58.6,52.97,83.43,24.49,78.39,14.506,61.78,56.427,105.45,38.23,69.106,94.7,41.702,25.75,46.11
2017-06-30,20.63,18.325,31.25,65.35,97.96,9.56,37.89,51.66,95.22,93.57,58.48,18.284,22.385,678.41,54.53,58.4,52.695,83.53,24.31,78.01,14.498,61.25,56.354,105.22,37.8,68.671,94.16,41.73,25.76,46.36
2017-07-03,20.63,18.325,31.25,65.35,97.96,9.56,37.89,51.66,95.22,93.57,58.48,18.284,22.385,678.41,54.53,58.4,52.695,83.53,24.31,78.01,14.498,61.25,56.354,105.22,37.8,68.671,94.16,41.73,25.76,46.36
2017-07-04,20.02,18.384,31.5,65.47,97.5,9.63,37.54,51.84,95.8,91.01,56.3,18.083,22.285,662.59,54.66,58.35,53.075,83.35,24.18,77.81,14.383,60.6,56.29,104.65,37.86,68.694,94.18,41.944,24.77,46.29
2017-07-05,20.67,18.036,31.295,65.83,98.19,9.14,37.35,51.32,95.74,92.18,57.33,18.18,22.34,667.87,54.9,58.55,53.075,83.6,24.54,78.67,14.359,60.91,56.463,106.15,36.96,68.649,94.96,42.184,25.2,46.82
2017-07-06,20.34,18.051,30.175,65.15,96.65,9.18,36.93,51.46,95.74,91.56,57.05,18.13,22.425,659.99,55.18,58.36,53.18,83.25,24.83,78.44,14.307,61.1,57.019,105.58,36.59,67.974,95.13,42.106,25.05,46.57
2017-07-07,19.81,17.791,30.0,65.12,96.63,9.02,36.67,51.3,95.85,90.22,56.2,18.022,22.34,665.64,55.17,58.12,53.03,83.8,25.01,78.34,14.248,61.14,56.764,105.95,36.17,67.528,95.09,41.892,24.56,46.65
2017-07-10,20.37,18.095,29.8,65.31,97.09,9.08,36.53,51.3,96.08,91.76,57.32,18.008,22.325,659.06,55.08,57.97,53.05,83.76,24.92,78.49,14.277,61.45,56.791,106.47,36.17,67.265,94.9,41.936,25.02,47.06
2017-07-11,20.55,18.364,30.59,65.14,97.33,9.24,37.26,51.08,96.43,91.92,57.92,18.105,22.265,658.75,55.06,57.88,53.245,83.52,24.81,78.52,14.228,61.38,56.7,106.77,36.98,67.608,95.02,41.71,25.28,46.75
2017-07-12,20.18,18.281,31.805,65.16,96.75,9.22,37.3,50.98,96.82,90.44,56.88,18.04,22.395,657.7,55.47,58.01,53.705,82.29,24.74,78.62,14.277,61.73,57.165,106.76,37.35,67.116,94.9,41.81,24.79,46.59
2017-07-13,19.98,18.193,31.55,65.28,96.3,9.33,37.3,51.08,96.95,89.62,55.56,17.871,22.23,659.85,55.49,57.75,54.005,82.12,25.22,78.54,14.343,61.62,57.083,106.06,37.17,66.636,95.1,41.946,24.39,47.01
2017-07-14,20.22,18.154,31.325,65.17,96.25,9.26,37.62,51.67,96.91,90.07,56.46,17.925,22.345,655.2,55.63,58.16,54.08,81.62,25.23,78.42,14.321,62.42,57.739,105.92,36.92,66.67,95.25,42.162,24.59,47.15
2017-07-17,20.42,18.281,31.26,64.86,96.16,9.38,37.55,51.58,96.76,91.05,57.02,17.792,22.365,658.0,55.61,58.25,53.95,82.13,25.1,78.24,14.246,62.65,57.712,105.71,36.94,66.624,95.16,41.66,24.82,46.93
2017-07-18,20.32,18.492,31.295,65.09,95.63,9.45,37.75,51.56,96.55,91.77,56.81,17.731,22.29,662.0,55.74,58.12,53.79,81.52,24.95,77.99,14.268,62.96,58.04,105.6,36.87,66.59,94.68,41.258,24.62,46.83
2017-07-19,20.3,18.8,31.25,65.21,95.98,9.66,38.56,52.35,96.58,92.33,56.58,17.961,22.44,664.53,56.06,58.3,54.465,81.17,25.3,78.22,14.321,64.01,58.532,103.94,37.72,66.075,94.91,40.72,24.62,47.3
2017-07-20,20.55,18.697,31.01,65.48,95.43,9.58,38.82,52.75,96.71,93.76,57.41,18.051,22.61,664.44,56.16,58.7,54.595,80.65,25.31,78.32,14.413,64.88,58.87,103.22,37.41,66.064,95.21,40.94,25.15,47.5
2017-07-21,20.29,18.242,31.0,65.35,96.0,9.34,38.42,52.4,96.32,92.56,57.69,17.864,22.61,663.7,56.13,58.53,54.12,80.16,25.25,77.79,14.339,65.89,58.815,102.86,36.76,65.846,94.75,40.656,25.09,47.11
2017-07-24,19.29,18.276,30.8,65.02,96.03,9.32,38.37,52.17,96.23,91.2,57.4,17.771,22.54,682.05,56.28,58.2,53.865,79.92,25.45,78.15,14.238,66.05,58.624,101.63,36.7,65.743,93.67,39.938,24.55,47.35
2017-07-25,20.05,18.629,30.775,64.99,96.79,9.93,38.98,52.13,96.2,88.55,56.8,17.533,22.515,687.83,56.44,58.17,53.765,80.85,25.79,78.08,14.367,65.04,58.696,101.45,37.04,65.4,93.89,39.804,24.56,48.13
2017-07-26,20.18,18.761,31.25,64.61,96.59,9.95,38.98,51.93,95.79,90.72,59.02,17.523,22.465,696.57,56.31,58.29,53.575,82.14,25.38,77.47,13.826,64.75,58.195,99.0,36.97,65.446,93.25,39.306,25.21,47.61
2017-07-27,20.76,18.928,31.17,64.23,96.81,10.89,39.77,51.65,95.72,90.09,59.37,17.393,22.735,672.0,56.09,59.13,53.62,82.55,25.53,77.63,13.816,64.87,57.94,98.9,37.22,65.892,93.22,39.454,25.36,47.7
2017-07-28,20.99,18.849,30.6,64.07,96.67,10.57,40.36,51.13,94.19,90.23,58.85,17.293,22.595,669.99,56.16,58.41,53.785,80.87,25.44,77.54,13.678,64.37,57.885,98.41,36.08,65.515,92.77,39.278,25.5,47.63
2017-07-31,21.08,18.673,30.255,64.27,96.85,10.47,40.67,51.68,94.56,90.33,58.21,17.422,22.515,671.65,56.15,58.52,54.11,81.03,25.68,77.67,13.645,64.83,58.067,98.52,35.78,65.309,93.01,39.038,25.28,47.78
2017-08-01,21.59,18.727,30.375,64.18,97.22,10.15,40.36,52.18,95.0,91.79,57.9,17.444,22.87,679.99,56.22,58.98,54.03,81.93,25.74,77.77,13.607,65.24,58.532,99.78,35.77,68.82,93.4,39.186,25.25,48.2
2017-08-02,21.54,18.898,30.195,64.47,99.44,10.26,41.15,52.52,95.13,93.7,57.8,17.498,22.965,704.22,56.37,59.41,54.165,82.12,25.91,78.18,13.744,64.71,58.961,100.98,36.8,68.34,94.12,39.598,25.13,48.18
2017-08-03,21.47,19.54,30.025,64.02,98.69,10.13,41.19,52.47,94.72,93.06,57.35,17.411,22.875,696.65,56.05,58.76,54.145,82.06,25.7,78.0,13.658,64.98,58.678,100.19,36.47,68.363,93.96,39.214,25.05,48.11
2017-08-04,21.02,19.902,30.425,64.19,98.74,10.53,41.73,52.57,94.61,92.5,56.62,17.577,22.925,697.87,56.09,59.08,54.235,82.2,25.88,78.23,13.686,64.8,58.441,100.37,37.0,68.42,94.52,39.36,24.76,48.45
2017-08-07,21.02,19.902,30.425,64.19,98.74,10.53,41.73,52.57,94.61,92.5,56.62,17.577,22.925,697.87,56.09,59.08,54.235,82.2,25.88,78.23,13.686,64.8,58.441,100.37,37.0,68.42,94.52,39.36,24.76,48.45
2017-08-08,20.87,19.976,30.05,64.47,98.79,10.54,41.65,51.73,94.92,92.08,56.39,17.613,22.95,695.7,56.5,59.32,54.64,82.34,25.93,78.11,13.73,64.97,57.83,101.51,37.1,68.122,94.71,38.786,24.83,48.69
2017-08-09,21.26,19.936,30.495,64.45,98.85,10.43,41.61,51.56,94.12,95.65,56.82,17.778,22.885,691.08,56.21,59.08,54.25,81.71,25.64,77.99,13.67,64.42,57.621,101.65,37.06,68.237,94.32,39.102,25.22,48.5
2017-08-10,21.74,19.54,30.1,63.8,98.04,10.16,41.26,50.85,93.0,98.96,59.02,17.569,22.775,684.02,55.7,58.77,53.485,81.1,24.43,77.08,13.662,64.2,57.019,100.74,36.61,67.734,92.88,39.002,25.48,47.73
2017-08-11,21.59,19.358,30.75,63.56,98.37,10.15,41.11,50.05,92.01,98.46,58.53,17.436,22.41,693.63,55.31,58.6,53.38,81.24,24.88,76.65,13.662,64.03,57.01,100.87,36.52,67.425,92.51,39.064,24.19,48.35
2017-08-14,21.27,19.212,31.05,64.07,98.32,9.84,40.84,50.66,93.03,98.77,58.49,17.767,22.675,704.0,55.65,59.2,53.825,82.28,25.09,77.45,13.79,64.47,57.493,102.26,36.13,67.734,93.54,39.456,24.11,49.33
2017-08-15,21.11,19.236,31.275,64.18,98.76,9.74,40.72,50.0,92.66,99.8,58.24,17.799,22.635,698.98,55.47,59.39,53.765,81.93,25.14,77.76,13.746,64.5,57.274,102.1,36.02,67.505,93.33,39.628,23.37,49.2
2017-08-16,21.34,19.084,31.275,63.95,98.6,9.49,39.94,49.44,92.2,99.79,58.97,17.745,22.455,700.55,55.67,59.41,53.525,80.97,25.46,77.43,13.72,64.89,56.746,101.38,36.02,66.933,92.96,38.884,23.91,49.29
2017-08-17,21.36,19.094,31.25,63.73,99.5,9.45,39.58,49.61,91.77,99.58,59.62,17.699,22.395,707.22,55.58,59.15,53.335,81.37,25.3,77.4,13.712,64.42,56.636,101.21,36.1,66.601,92.5,38.554,23.96,48.78
2017-08-18,20.95,18.967,30.745,63.73,99.77,9.43,39.53,49.62,91.53,98.14,58.92,17.699,22.255,701.76,55.29,58.86,53.47,80.06,24.5,77.09,13.629,64.25,56.773,100.0,36.16,65.972,92.25,38.274,23.78,48.42
2017-08-21,21.24,18.609,31.0,64.41,100.71,9.25,38.88,49.39,91.85,99.11,59.33,17.674,22.35,704.3,55.53,58.97,53.36,80.59,24.46,77.14,13.69,64.53,56.436,99.91,35.57,65.812,92.07,38.14,24.14,48.24
2017-08-22,21.17,18.692,31.0,64.28,100.65,9.25,39.04,50.18,91.63,98.54,58.89,17.713,22.26,694.75,55.65,58.9,53.24,81.07,24.5,77.1,13.643,64.29,57.074,100.53,35.98,66.144,92.01,38.202,23.75,47.98
2017-08-23,21.35,18.962,30.75,64.51,101.19,9.37,39.31,51.18,92.49,98.59,58.96,17.695,22.34,708.95,55.85,59.08,53.8,81.08,24.56,77.23,13.65,64.9,57.712,99.81,36.29,65.961,93.01,37.946,23.88,47.91
2017-08-24,21.37,18.957,30.75,64.77,102.1,9.29,39.21,51.19,92.24,99.19,58.86,17.695,22.355,695.34,55.75,59.16,52.785,81.1,24.91,77.5,13.469,65.17,57.785,99.63,36.44,65.698,92.92,38.164,24.07,48.48
2017-08-25,21.4,18.923,30.89,64.82,102.46,9.28,39.18,50.4,92.31,99.2,59.24,17.724,22.295,683.4,55.65,59.32,52.96,80.98,24.78,77.64,13.451,64.68,57.329,99.32,36.51,65.297,93.25,38.2,24.41,48.51
2017-08-28,22.08,18.903,30.62,64.66,102.21,9.21,38.96,49.86,92.43,102.16,61.99,17.638,22.405,688.86,55.31,59.46,52.725,81.21,24.6,77.2,13.517,64.52,57.138,99.1,36.54,64.863,93.04,38.184,25.32,47.77
2017-08-29,22.27,19.089,30.285,64.71,102.37,9.41,39.5,49.81,90.07,102.69,63.9,17.692,22.49,683.05,55.42,59.5,52.27,82.3,24.56,77.33,13.575,64.78,57.384,99.46,36.58,64.794,92.84,38.492,25.87,48.09
2017-08-30,22.38,18.786,30.625,64.9,102.31,9.43,39.35,49.84,90.1,101.97,63.7,17.785,22.565,685.83,57.29,59.72,52.61,83.04,24.6,77.72,13.535,65.34,57.502,100.64,36.92,65.515,92.35,38.91,25.88,48.04
2017-08-31,22.49,18.839,30.42,67.06,102.94,9.77,39.13,49.92,89.61,102.16,64.01,17.745,22.605,694.36,57.48,59.44,52.455,83.31,24.53,77.69,13.611,65.19,57.803,101.22,36.86,65.309,92.68,38.862,25.94,47.95
2017-09-01,22.42,18.972,30.135,67.5,102.57,9.95,39.51,50.08,89.49,101.52,63.4,17.487,22.505,691.24,57.15,59.15,52.395,82.25,24.65,77.69,13.129,64.63,57.375,100.59,37.34,64.405,92.11,38.714,25.94,48.15
2017-09-04,22.42,18.972,30.135,67.5,102.57,9.95,39.51,50.08,89.49,101.52,63.4,17.487,22.505,691.24,57.15,59.15,52.395,82.25,24.65,77.69,13.129,64.63,57.375,100.59,37.34,64.405,92.11,38.714,25.94,48.15
2017-09-05,22.53,19.246,29.95,66.94,102.01,10.28,39.42,49.78,89.03,103.65,63.58,17.207,22.425,684.83,56.81,58.83,52.05,81.73,24.01,76.65,13.045,64.38,56.846,99.42,37.3,63.513,90.77,38.722,25.91,47.29
2017-09-06,21.83,19.598,30.285,66.56,101.61,10.29,39.79,49.9,89.0,101.34,61.78,17.092,22.31,680.31,56.82,58.6,52.49,80.73,23.92,76.55,13.129,63.96,56.828,99.22,37.41,63.719,90.89,38.616,25.21,46.83
2017-09-07,21.84,19.412,30.32,66.26,101.34,10.17,39.87,49.23,88.94,102.69,62.26,16.926,21.8,682.04,56.85,58.14,52.41,80.2,23.55,76.0,13.109,63.82,56.882,98.69,37.31,63.239,90.46,38.898,25.47,46.36
2017-09-08,21.61,19.187,30.26,66.13,101.14,9.85,39.72,49.21,89.89,102.68,62.12,17.03,21.78,679.18,56.57,58.19,52.61,81.7,23.63,76.13,13.002,64.43,56.6,98.92,37.28,63.239,90.53,38.896,25.2,46.46
2017-09-11,21.1,19.099,30.4,66.4,99.86,10.13,40.08,49.55,90.89,100.22,59.95,17.242,21.87,681.41,57.39,58.18,53.02,82.52,23.94,76.63,13.153,64.45,57.01,99.27,37.52,63.261,91.06,38.928,24.87,47.01
2017-09-12,21.25,19.148,30.525,66.68,100.41,10.55,40.64,49.91,91.43,101.52,60.41,17.343,22.01,689.13,57.69,58.43,53.355,84.49,24.29,77.03,13.129,64.85,57.457,99.66,37.92,63.799,91.82,39.198,25.15,47.29
2017-09-13,20.83,19.696,30.8,67.07,100.37,10.98,40.95,49.87,91.9,99.34,59.14,17.163,21.905,684.09,57.82,58.25,53.56,84.63,24.29,77.01,13.065,63.9,57.201,98.06,37.98,63.49,92.15,38.334,24.3,46.92
2017-09-14,20.89,19.677,30.575,67.27,99.84,11.11,41.63,50.09,91.89,99.84,59.5,17.145,22.035,684.67,57.91,57.68,53.71,84.34,24.41,77.2,13.219,62.9,57.065,98.64,37.87,63.296,92.1,38.748,24.17,46.67
2017-09-15,21.07,19.608,30.51,67.45,99.91,11.02,41.55,50.15,91.68,98.72,58.74,17.361,22.175,689.14,57.62,58.1,53.635,84.76,24.27,77.0,13.406,63.05,56.892,99.57,37.89,63.33,91.97,38.68,23.85,46.99
2017-09-18,20.81,19.74,30.65,67.49,100.28,11.24,41.77,50.34,91.84,98.43,58.05,17.731,22.26,687.0,57.5,58.33,53.605,84.83,24.16,77.15,13.436,63.66,56.664,100.49,38.34,63.913,92.17,39.598,23.71,47.24
2017-09-19,20.73,19.829,30.75,67.9,100.25,11.48,41.66,50.61,92.0,99.17,58.25,17.699,22.295,693.7,57.57,58.88,53.84,85.67,24.28,77.32,13.39,64.6,56.983,100.74,38.5,63.971,92.98,39.698,23.79,47.71
2017-09-20,20.31,20.294,30.755,68.54,101.04,12.44,42.13,50.96,92.16,97.85,57.83,18.011,22.345,689.45,57.81,58.93,54.0,86.8,24.44,77.95,13.434,64.57,56.955,101.1,38.5,64.382,93.69,40.246,23.5,47.94
2017-09-21,20.15,20.671,30.775,69.01,100.88,12.45,42.22,51.14,92.76,97.37,56.93,18.065,22.29,680.05,58.37,58.9,54.35,86.38,24.59,79.33,13.441,64.57,56.18,101.9,39.03,64.462,94.23,41.222,23.52,48.27
2017-09-22,20.19,20.612,30.6,69.13,101.63,12.69,42.09,50.66,92.76,97.88,57.67,18.019,22.175,674.33,57.98,58.64,54.705,86.17,24.71,79.72,13.338,63.73,55.816,101.07,39.1,64.783,94.4,41.512,23.69,48.51
2017-09-25,20.54,20.759,29.825,69.6,102.2,12.79,42.9,51.03,92.77,98.6,58.8,17.993,22.19,676.44,58.2,58.15,55.02,86.78,24.86,79.69,13.406,63.74,56.518,100.9,39.55,64.874,94.45,41.682,23.84,48.61
2017-09-26,20.28,20.602,30.0,69.38,102.3,12.68,42.66,50.94,92.84,97.41,56.78,17.857,22.18,681.25,58.66,57.98,54.965,86.54,24.77,79.25,13.487,63.5,56.609,101.38,39.33,64.542,94.49,41.556,23.61,48.77
2017-09-27,20.28,20.945,29.8,70.29,102.89,12.78,43.35,51.47,93.49,97.58,56.64,18.259,22.48,686.14,59.21,58.08,54.46,87.64,25.36,80.02,13.491,64.28,56.682,103.6,39.89,65.641,95.44,41.974,23.89,49.75
2017-09-28,20.15,20.759,29.35,70.21,103.8,12.6,43.31,51.68,93.97,97.82,56.72,18.191,22.51,678.24,59.96,58.37,54.555,87.07,25.22,80.08,13.593,64.15,56.253,103.38,39.54,64.897,95.93,41.858,23.93,49.62
2017-09-29,20.08,20.465,28.705,70.25,103.07,12.51,43.73,52.12,94.43,96.66,56.39,18.511,22.44,680.74,60.05,58.46,54.585,87.26,25.31,80.2,13.686,64.34,56.217,103.38,39.86,65.48,96.54,41.916,23.8,49.69
2017-10-02,20.17,20.627,29.275,71.24,101.57,12.35,43.38,52.23,95.36,96.5,56.54,18.687,22.46,691.53,60.19,58.63,55.0,88.25,25.33,79.95,13.75,64.44,56.199,103.16,39.84,65.721,97.07,41.882,24.23,49.96
2017-10-03,20.35,20.695,29.36,71.67,100.82,12.3,43.49,52.41,96.33,97.31,56.35,18.737,22.5,694.99,60.59,58.6,55.395,88.27,25.26,80.4,13.818,64.48,55.816,102.08,40.02,65.835,97.83,41.648,24.25,49.93
2017-10-04,20.5,20.504,29.5,71.4,101.23,12.26,43.68,52.15,96.35,98.34,56.68,18.895,22.465,700.01,60.35,58.69,55.41,87.06,25.34,80.7,13.875,64.38,55.506,101.33,39.47,66.212,97.74,41.672,24.56,49.77
2017-10-05,20.64,20.573,29.8,70.68,101.82,12.43,44.02,52.12,96.79,98.48,56.96,19.064,22.41,708.89,60.81,58.76,55.58,87.04,25.43,81.0,13.881,64.78,56.108,101.39,39.53,66.144,98.19,41.556,24.83,50.11
2017-10-06,20.81,20.137,30.0,70.4,101.92,12.05,43.5,51.81,96.51,99.3,57.46,18.917,22.445,709.43,61.09,58.62,55.555,86.39,25.43,80.55,13.917,64.99,56.29,100.96,39.24,65.972,98.11,41.346,24.96,49.9
2017-10-09,20.81,20.137,30.0,70.4,101.92,12.05,43.5,51.81,96.51,99.3,57.46,18.917,22.445,709.43,61.09,58.62,55.555,86.39,25.43,80.55,13.917,64.99,56.29,100.96,39.24,65.972,98.11,41.346,24.96,49.9
2017-10-10,20.83,20.328,29.79,71.06,102.87,12.02,43.24,51.71,96.8,99.39,57.52,18.992,22.47,717.73,61.24,58.84,55.785,87.36,25.93,80.82,13.901,65.82,56.436,100.98,39.69,65.961,98.33,41.278,25.11,50.41
2017-10-11,20.89,20.323,30.015,71.11,102.98,12.17,42.99,51.98,97.24,99.4,57.62,19.039,22.5,719.64,61.45,58.89,56.135,87.02,25.91,80.83,13.846,66.12,56.937,100.96,39.46,66.007,98.83,41.688,25.05,49.71
2017-10-12,20.78,19.912,31.0,70.99,102.98,11.9,42.06,51.69,97.08,100.14,57.74,18.974,22.405,721.01,61.04,58.68,55.91,87.45,25.72,80.21,13.81,66.06,56.901,100.79,38.7,66.132,98.56,42.116,25.23,49.19
2017-10-13,20.8,20.181,30.625,71.08,103.51,12.14,42.12,51.8,97.53,100.86,58.33,19.071,22.495,724.86,61.19,59.11,56.15,86.74,25.89,80.71,13.897,67.12,57.129,100.95,39.3,66.83,99.08,42.104,25.4,49.47
2017-10-16,20.35,20.338,30.175,71.02,103.41,12.18,42.1,52.01,97.6,99.91,57.0,19.172,22.51,740.78,61.0,58.87,56.135,87.03,26.0,80.73,13.846,67.2,57.256,100.47,39.49,67.711,99.28,42.186,25.06,49.29
2017-10-17,20.33,20.421,30.185,71.21,102.7,12.34,42.26,51.75,97.85,99.8,56.48,19.262,22.59,737.98,60.92,59.39,56.135,87.9,25.95,80.72,13.857,67.6,57.73,100.38,40.0,68.843,99.78,41.934,24.93,49.46
2017-10-18,20.16,20.279,29.98,71.45,102.37,12.22,42.08,50.42,98.0,99.13,55.84,19.237,22.52,746.17,61.39,59.03,56.42,87.89,25.86,80.65,13.75,66.85,56.481,101.05,39.64,67.848,100.07,44.072,24.93,49.55
2017-10-19,20.11,20.23,29.9,71.96,103.9,12.51,41.95,50.36,98.45,99.51,55.75,19.226,22.485,748.99,61.71,59.11,56.365,88.38,25.98,80.92,13.784,66.05,56.8,102.64,39.61,68.397,100.82,44.18,25.8,49.84
2017-10-20,20.22,20.421,29.99,71.67,104.4,12.49,42.06,49.62,98.76,100.58,55.99,19.456,22.51,752.11,61.6,59.24,56.29,89.11,26.02,80.95,13.706,66.9,56.399,102.98,39.45,68.82,101.23,44.832,26.39,50.01
2017-10-23,20.42,20.147,30.475,71.49,104.88,12.27,41.99,49.38,98.85,100.95,56.81,19.326,22.685,753.65,61.84,59.26,56.335,89.4,25.96,81.26,13.796,67.14,56.007,103.45,39.22,68.74,101.42,44.796,26.53,50.06
2017-10-24,20.09,20.215,30.375,71.9,105.15,11.99,42.0,49.31,99.31,101.8,56.12,19.33,22.86,754.35,62.05,59.1,57.005,89.08,26.03,82.01,13.808,67.4,55.515,105.46,39.29,68.889,102.1,44.95,26.14,50.42
2017-10-25,20.19,20.357,30.325,72.14,105.14,12.03,42.15,48.63,99.52,101.11,56.2,19.132,23.55,754.81,62.1,59.31,56.85,89.53,25.98,82.25,13.736,67.16,54.439,104.26,39.55,69.163,100.26,44.578,26.37,50.44
2017-10-26,18.64,20.671,30.73,72.43,105.62,12.05,43.1,48.8,100.01,101.14,58.33,19.186,23.535,758.0,62.74,59.41,56.58,92.8,26.0,82.6,13.643,67.34,54.722,104.54,39.88,69.644,101.02,44.812,26.2,50.56
2017-10-27,18.84,21.249,30.33,72.77,105.39,12.39,43.3,49.3,100.03,101.7,58.33,19.262,23.34,740.23,62.42,59.55,56.635,92.18,25.95,82.86,13.581,67.57,55.697,104.22,41.01,68.969,101.17,44.702,26.54,50.45
2017-10-30,18.85,21.856,30.375,72.84,105.26,12.38,43.4,49.49,100.01,102.49,57.98,19.366,23.42,739.0,62.49,59.57,56.775,91.14,25.95,82.87,13.569,67.71,55.688,104.16,41.33,68.992,100.94,44.81,27.18,49.98
2017-10-31,18.64,22.047,30.5,73.34,105.45,12.52,43.8,49.58,98.83,102.52,57.6,19.445,23.36,733.98,62.61,59.57,56.78,91.15,25.94,83.28,13.38,66.94,55.834,103.81,41.83,68.992,100.87,44.736,26.77,50.25
2017-11-01,18.32,22.071,30.35,73.16,105.65,13.01,44.26,49.4,98.67,102.69,57.0,19.201,23.44,725.34,62.88,59.48,56.78,89.87,26.27,83.09,13.461,66.46,56.29,102.96,41.46,65.137,100.76,44.58,26.67,50.17
2017-11-02,18.08,22.169,30.88,73.42,106.23,13.36,44.62,47.03,99.12,102.88,56.41,19.154,23.27,738.78,63.07,60.47,56.86,89.31,26.52,83.65,13.543,66.16,55.861,102.89,39.17,65.137,101.32,44.872,26.48,50.17
2017-11-03,17.89,22.532,31.3,73.28,106.45,13.57,44.99,46.85,99.27,101.59,56.3,19.122,23.235,735.6,63.15,60.58,57.055,88.89,26.59,83.65,13.473,66.24,55.752,102.44,39.82,65.069,101.42,44.132,26.13,50.38
2017-11-06,17.82,22.889,31.25,73.24,107.13,14.27,45.36,46.8,99.17,107.46,57.46,19.172,23.28,725.65,63.42,60.68,57.3,87.55,26.5,83.67,13.451,66.21,56.263,102.15,39.9,64.954,101.39,44.0,26.71,50.4
2017-11-07,17.9,22.649,31.085,73.47,106.94,14.33,46.08,46.95,99.17,106.7,57.57,19.19,23.495,730.58,63.71,60.99,57.325,88.35,26.54,83.74,13.382,66.7,57.065,102.47,40.02,65.069,101.35,44.058,27.05,50.05
2017-11-08,17.83,22.772,31.985,73.29,103.31,14.48,45.94,46.83,99.1,106.98,58.05,19.348,23.545,721.51,63.26,60.63,57.3,87.78,26.38,83.76,13.567,66.59,56.454,102.3,40.16,64.405,101.06,44.382,26.94,49.47
2017-11-09,17.89,22.62,32.335,72.98,103.29,14.44,45.82,46.48,98.61,107.0,57.47,19.143,23.76,723.29,62.6,60.8,57.06,87.53,27.47,83.59,13.676,66.55,56.29,102.2,40.58,64.703,100.69,44.69,26.72,49.65
2017-11-10,17.71,22.674,32.16,72.7,103.39,14.28,46.19,46.29,97.86,106.5,57.05,19.165,24.235,728.08,62.33,61.17,56.72,87.93,26.91,83.18,13.881,66.63,57.147,102.67,40.6,64.542,99.84,44.446,25.53,49.29
2017-11-13,17.77,22.473,32.255,72.81,103.44,13.93,46.22,46.14,98.16,106.17,57.36,19.305,24.245,737.98,62.69,61.26,56.505,89.29,26.83,83.2,13.82,66.69,57.393,102.28,40.28,64.474,100.04,44.142,25.74,49.58
2017-11-14,17.85,21.459,31.75,72.89,103.98,13.25,45.56,44.54,97.99,107.85,57.83,18.931,24.175,730.11,62.7,61.56,56.325,90.05,26.7,83.14,13.897,67.48,57.575,102.12,39.9,64.645,99.94,43.762,26.12,49.54
2017-11-15,17.82,21.773,32.5,72.89,104.11,12.99,45.4,44.06,98.29,108.12,57.92,18.866,24.01,738.01,62.79,61.52,56.405,89.45,26.83,83.23,13.919,67.55,57.329,101.87,39.71,64.165,99.92,43.072,26.26,49.59
2017-11-16,17.76,21.822,32.09,73.22,106.33,12.85,45.02,44.01,98.95,108.22,56.88,18.895,24.06,741.37,63.41,61.49,57.09,89.94,26.86,83.99,13.899,68.07,57.548,102.07,39.8,64.279,100.54,43.16,26.24,50.2
2017-11-17,17.96,21.807,31.98,73.55,106.52,12.98,45.21,44.86,99.0,107.71,56.92,19.01,24.235,740.27,63.57,61.72,57.55,88.65,26.93,84.59,13.915,68.49,57.01,101.85,39.83,64.165,100.89,43.062,26.72,50.24
2017-11-20,17.78,21.317,32.0,73.82,107.3,12.49,44.68,45.95,99.04,107.59,56.36,19.025,24.355,747.09,63.76,61.78,57.545,88.68,26.76,84.87,13.883,69.38,57.894,101.82,39.44,64.279,101.01,42.906,26.2,50.59
2017-11-21,17.81,21.454,32.225,74.26,107.98,12.28,44.99,47.07,99.22,107.52,56.82,19.003,24.355,756.99,63.72,61.67,57.39,88.09,26.98,84.12,13.855,69.58,58.569,101.98,39.56,64.359,100.92,43.598,26.79,50.79
2017-11-22,17.96,21.503,32.125,74.51,107.86,12.31,44.97,47.01,99.49,106.95,57.09,18.913,24.2,760.47,63.25,61.56,57.36,87.07,26.83,84.0,13.764,68.5,57.42,101.09,39.64,64.051,101.33,44.078,27.09,50.33
2017-11-23,18.34,21.548,31.955,74.11,108.41,12.45,44.82,47.53,99.28,107.56,57.25,18.92,24.25,762.0,63.26,61.51,57.28,86.68,26.76,83.81,13.712,68.46,57.347,101.45,39.62,64.68,101.02,44.172,27.46,50.38
2017-11-24,18.06,21.582,32.245,73.99,108.25,12.28,44.99,47.4,99.06,107.55,57.22,19.175,24.39,776.78,63.31,61.73,57.55,87.6,26.9,83.73,13.716,68.62,57.867,101.71,39.4,64.497,101.06,44.214,27.25,50.53
2017-11-27,18.17,20.965,32.25,74.11,108.05,11.84,44.43,46.29,99.25,108.99,57.93,19.157,24.395,777.5,63.35,62.29,57.49,87.77,26.91,83.48,13.708,68.82,57.876,100.72,39.3,64.714,101.0,44.558,27.06,50.57
2017-11-28,18.17,20.935,32.4,74.35,108.24,11.87,44.45,46.46,99.56,108.98,57.93,19.219,24.265,778.63,63.52,62.02,57.525,88.82,27.05,81.73,13.696,68.24,57.931,99.99,39.69,65.343,100.45,44.484,26.96,50.33
2017-11-29,18.05,20.955,32.71,75.05,108.48,11.82,44.38,45.75,99.44,106.65,56.05,19.107,24.025,755.09,63.78,61.69,57.4,88.85,27.09,81.7,13.702,67.4,56.463,98.2,39.54,65.194,101.38,44.558,26.56,50.89
2017-11-30,17.82,21.43,32.97,73.24,108.24,12.3,44.75,48.65,99.27,105.11,56.55,19.265,23.84,755.68,63.57,61.74,59.07,88.82,27.11,81.51,13.652,66.96,56.408,100.71,39.8,64.989,100.85,45.16,26.99,50.98
2017-12-01,17.85,21.915,32.85,73.32,106.89,12.87,44.55,48.63,99.48,102.34,55.42,19.24,23.85,760.22,63.71,61.44,60.6,87.5,26.99,81.84,13.672,66.26,56.208,99.87,39.63,64.668,101.16,45.17,26.62,51.25
2017-12-04,17.66,21.685,32.99,73.4,107.19,12.44,43.76,48.68,99.59,99.81,54.85,19.136,23.935,749.23,63.64,61.55,60.17,87.82,26.89,81.62,13.645,65.71,56.299,100.53,39.48,64.348,101.31,44.652,26.62,51.44
2017-12-05,17.51,21.866,33.025,72.43,106.9,12.28,43.93,48.77,99.14,99.9,53.89,19.312,23.835,767.84,63.39,61.59,59.71,86.72,26.69,81.14,13.66,65.42,56.418,100.75,39.68,64.222,100.94,44.326,26.63,51.43
2017-12-06,17.34,21.626,33.125,72.41,106.55,11.87,43.55,48.76,100.66,100.07,53.01,19.312,24.075,763.15,63.38,61.87,59.5,87.42,26.68,81.81,13.77,65.97,56.837,102.17,39.73,64.44,101.3,44.77,26.7,51.65
2017-12-07,17.57,21.773,33.35,72.61,106.63,12.19,44.11,49.43,100.6,99.97,54.21,19.851,24.275,767.22,64.0,61.97,59.73,87.9,26.87,82.78,13.656,65.74,57.593,102.89,39.71,64.668,101.99,45.448,26.86,52.21
2017-12-08,17.57,21.964,33.32,72.85,106.57,12.15,44.25,49.34,100.91,100.01,55.08,20.038,24.065,785.0,64.14,62.28,59.825,88.41,26.86,83.6,13.704,64.87,57.42,103.08,39.45,65.172,102.47,46.346,27.01,52.43
2017-12-11,17.54,21.797,33.5,72.64,106.04,12.31,44.69,49.57,100.86,98.15,54.68,20.031,24.2,785.0,64.19,62.6,59.89,88.51,26.7,83.24,13.726,64.65,57.247,102.75,39.24,65.229,101.83,45.78,27.35,52.59
2017-12-12,17.55,21.69,33.78,72.74,106.74,12.08,44.86,49.33,100.9,97.18,53.98,20.257,24.21,779.15,64.03,62.58,60.075,88.93,26.84,82.83,13.879,64.82,56.946,103.0,39.29,65.217,102.05,45.826,26.86,52.56
2017-12-13,18.13,21.254,33.5,72.37,106.86,11.92,44.0,49.56,100.8,98.82,54.69,20.26,24.3,779.75,63.94,62.8,60.01,89.94,26.72,82.99,13.71,65.05,56.964,103.2,38.45,64.828,102.11,46.126,27.71,52.12
2017-12-14,18.06,21.043,33.55,71.7,106.14,11.26,43.59,49.32,100.3,98.11,54.65,20.084,23.99,771.09,63.96,61.69,59.865,88.66,26.39,82.44,13.643,64.91,56.345,103.1,37.91,64.737,101.46,45.966,27.43,51.75
2017-12-15,18.13,20.842,33.595,71.83,104.68,10.86,43.66,49.89,100.63,97.91,55.36,20.203,24.0,772.7,63.72,61.35,59.715,90.66,26.7,82.16,13.702,64.33,56.144,103.35,38.0,65.08,101.92,46.01,27.76,52.24
2017-12-18,18.43,21.229,33.505,72.49,104.22,10.96,44.24,50.3,100.97,98.38,56.23,20.239,24.095,768.14,64.03,61.2,60.205,91.32,26.7,82.56,13.828,64.28,56.345,103.64,38.17,64.348,102.32,46.042,27.99,52.41
2017-12-19,18.38,21.298,33.3,72.52,104.0,10.98,44.27,49.96,101.11,98.22,56.44,20.07,24.005,763.56,63.52,61.33,60.825,90.55,26.82,82.37,13.796,64.54,56.308,104.63,38.59,64.039,102.66,46.112,28.06,52.18
2017-12-20,18.53,21.499,32.875,72.48,103.88,11.09,44.52,49.42,101.09,98.93,56.86,19.89,23.8,771.4,63.21,60.4,61.105,90.51,26.78,82.17,13.704,64.4,56.007,104.42,38.05,63.902,102.39,46.26,28.33,52.01
2017-12-21,18.37,21.748,32.805,72.85,103.96,11.21,44.54,49.25,101.18,99.0,56.74,19.639,23.775,767.23,63.28,60.27,61.74,90.43,26.91,82.41,13.728,64.24,56.408,103.94,38.26,63.25,102.85,46.454,28.03,52.09
2017-12-22,18.4,21.655,32.775,72.99,104.07,11.17,44.7,49.14,100.78,99.86,57.62,19.614,23.865,767.34,62.35,60.39,61.555,90.75,26.71,82.29,13.698,64.15,56.226,103.97,38.44,63.17,102.45,46.35,28.03,51.82
2017-12-25,18.4,21.655,32.775,72.99,104.07,11.17,44.7,49.14,100.78,99.86,57.62,19.614,23.865,767.34,62.35,60.39,61.555,90.75,26.71,82.29,13.698,64.15,56.226,103.97,38.44,63.17,102.45,46.35,28.03,51.82
2017-12-26,18.4,21.655,32.775,72.99,104.07,11.17,44.7,49.14,100.78,99.86,57.62,19.614,23.865,767.34,62.35,60.39,61.555,90.75,26.71,82.29,13.698,64.15,56.226,103.97,38.44,63.17,102.45,46.35,28.03,51.82
2017-12-27,18.32,21.993,32.975,73.35,104.67,11.34,45.82,49.19,100.32,100.0,58.14,19.696,23.81,758.45,62.33,59.96,60.905,89.83,26.32,81.71,13.684,64.11,55.998,104.09,38.82,62.907,102.22,46.424,28.03,51.75
2017-12-28,18.15,22.081,33.0,73.4,104.85,11.58,46.14,49.32,100.49,100.1,58.2,19.696,23.79,760.01,62.45,60.06,61.185,89.05,26.38,81.8,13.686,63.99,55.67,103.91,39.13,62.564,102.6,45.966,27.83,51.57
2017-12-29,18.18,21.998,33.005,73.65,104.99,11.48,46.15,49.16,100.59,100.46,58.04,19.66,23.81,762.02,62.72,60.38,61.27,89.16,26.22,81.12,13.71,64.05,55.77,103.65,39.23,62.667,102.65,45.932,27.79,51.88
2018-01-01,18.18,21.998,33.005,73.65,104.99,11.48,46.15,49.16,100.59,100.46,58.04,19.66,23.81,762.02,62.72,60.38,61.27,89.16,26.22,81.12,13.71,64.05,55.77,103.65,39.23,62.667,102.65,45.932,27.79,51.88
2018-01-02,19.01,22.4,32.775,73.71,104.6,12.18,46.83,50.25,100.36,99.41,58.48,19.362,23.695,759.94,62.44,59.79,61.205,87.58,26.1,81.48,13.784,63.1,56.244,104.19,39.48,62.621,102.95,45.856,27.88,51.48
2018-01-03,18.81,22.816,32.785,74.17,104.74,12.94,47.26,50.67,100.73,97.67,58.24,19.474,23.745,754.99,62.51,59.55,61.525,86.86,26.17,81.64,13.645,63.04,56.472,104.63,39.69,62.804,103.89,46.08,27.76,51.52
2018-01-04,18.79,22.782,33.075,74.79,104.09,12.97,47.64,50.98,101.6,98.11,58.56,19.61,23.64,742.84,63.17,59.49,61.895,87.75,26.76,81.9,13.65,62.59,56.408,105.31,39.72,62.964,104.89,46.008,27.81,52.0
2018-01-05,18.55,22.214,33.075,74.9,104.23,12.55,46.93,50.58,101.78,97.68,58.34,19.459,23.565,732.0,63.59,59.01,61.995,86.52,26.67,82.5,13.65,62.54,55.989,105.41,39.3,62.793,104.74,45.872,27.24,51.96
2018-01-08,18.29,22.287,33.485,74.73,103.68,12.5,46.85,50.58,101.65,97.52,58.54,19.423,23.495,731.3,63.45,58.83,61.745,87.23,26.5,82.46,13.515,62.95,55.843,104.76,39.54,62.564,104.31,46.314,26.86,51.61
2018-01-09,18.14,22.551,33.25,73.93,103.31,12.93,47.0,50.17,102.41,97.94,58.26,19.506,23.275,731.6,63.68,58.57,61.715,87.53,26.66,82.87,13.637,63.04,55.652,104.71,39.6,62.781,104.84,46.568,26.25,51.55
2018-01-10,18.28,22.429,33.205,73.97,103.3,13.11,47.0,49.11,102.59,97.47,58.41,19.01,23.29,727.17,63.8,58.29,61.55,87.82,26.83,82.6,13.571,62.43,54.303,101.87,39.73,62.747,105.01,45.104,26.41,51.93
2018-01-11,18.36,22.551,32.985,73.66,102.33,13.69,47.11,49.48,102.39,96.81,58.06,19.114,23.375,726.94,63.8,58.44,61.495,88.82,27.13,82.44,13.497,62.35,54.54,101.95,39.26,62.015,105.08,45.97,26.49,52.0
2018-01-12,18.88,22.679,32.535,73.37,102.6,13.6,47.35,49.57,102.42,97.52,58.88,19.165,23.53,733.17,63.85,57.92,61.475,88.44,27.21,82.11,13.541,62.42,54.412,101.04,38.93,62.152,105.16,45.646,27.33,52.32
2018-01-15,19.49,22.728,32.31,73.6,102.08,13.63,47.28,49.7,102.78,97.82,59.39,19.007,23.55,737.0,63.9,58.11,61.2,88.53,27.42,81.71,13.639,62.2,54.713,100.86,38.96,61.958,105.26,45.554,27.49,53.78
2018-01-16,18.88,22.424,32.475,73.32,102.1,13.07,47.06,49.46,102.63,97.94,59.57,19.06,23.46,787.87,63.86,57.75,61.21,88.99,27.11,81.47,13.656,61.67,54.439,100.94,39.14,61.992,105.77,45.146,27.64,54.0
2018-01-17,18.17,22.488,32.385,73.48,101.81,13.25,47.34,49.47,103.32,98.14,58.95,19.247,23.515,785.76,64.21,57.78,61.51,89.23,27.17,81.6,13.774,62.01,54.531,99.96,39.95,62.049,106.28,45.06,27.33,54.6
2018-01-18,17.71,22.062,32.8,73.76,101.41,13.04,47.03,49.38,103.72,97.64,57.99,19.168,23.405,798.1,64.39,57.8,61.15,88.7,27.22,81.65,13.907,62.25,54.549,99.99,39.49,62.015,106.91,45.43,27.25,54.24
2018-01-19,17.99,22.125,33.055,74.08,101.55,12.79,46.22,49.25,104.44,97.86,57.84,19.193,23.455,788.32,65.08,58.06,61.265,89.99,27.48,81.99,13.826,62.51,54.531,101.0,39.55,62.427,107.72,46.68,27.52,55.1
2018-01-22,18.04,22.013,33.275,74.41,101.67,12.95,46.39,49.29,104.7,94.51,57.15,18.935,23.46,787.97,65.35,58.04,61.165,90.28,27.28,82.35,13.921,62.61,54.467,99.39,40.0,61.98,108.05,46.332,27.06,54.94
2018-01-23,18.45,21.939,33.35,74.46,102.26,13.07,46.76,49.08,104.28,94.9,57.78,18.874,23.245,793.09,64.92,57.72,61.195,89.79,27.01,82.06,13.933,61.97,54.202,100.13,40.46,61.454,107.36,45.816,27.41,54.78
2018-01-24,18.54,21.856,33.125,74.04,102.64,13.22,45.95,48.72,103.7,96.39,60.57,18.795,23.105,785.0,64.91,57.2,61.105,89.2,26.86,81.82,13.919,60.92,54.029,98.01,40.18,61.5,106.01,46.242,27.54,54.29
2018-01-25,18.27,21.699,33.625,74.43,102.74,12.89,45.78,47.56,103.56,96.01,60.37,18.572,23.065,788.87,64.78,57.9,60.965,89.61,26.74,81.84,13.885,60.34,52.616,97.02,39.09,61.397,105.52,46.088,27.2,53.88
2018-01-26,18.2,21.738,33.5,74.05,103.5,12.85,46.2,47.05,103.46,96.19,60.72,18.482,23.225,797.04,64.51,58.09,60.895,90.27,26.83,81.71,14.007,60.8,52.179,97.61,39.08,62.015,105.72,46.092,27.34,54.02
2018-01-29,17.68,21.391,33.25,74.25,104.15,12.43,45.53,46.35,103.03,93.9,58.79,18.284,22.955,810.29,64.09,57.45,60.815,89.51,26.74,81.5,13.911,59.46,51.486,98.04,39.19,61.294,105.14,46.192,26.54,53.45
2018-01-30,17.64,20.847,32.5,74.61,103.84,11.93,44.35,45.37,102.63,93.99,58.4,18.288,22.95,791.02,63.87,57.2,60.8,88.75,26.54,81.84,13.471,59.8,50.966,97.43,37.99,65.618,105.45,45.974,26.44,53.18
2018-01-31,17.69,20.563,32.25,74.82,103.13,11.73,44.56,45.03,101.33,94.05,58.19,18.496,23.155,795.11,63.84,57.52,60.93,88.4,26.1,81.72,13.39,60.03,51.623,98.58,38.67,60.882,105.32,45.548,26.57,53.37
2018-02-01,17.7,20.808,31.8,74.57,102.99,11.58,44.62,43.99,101.2,93.5,57.85,18.396,22.75,806.12,63.77,57.06,60.52,87.89,25.89,80.75,13.159,59.57,50.611,97.88,38.79,60.642,104.67,45.282,26.55,53.52
2018-02-02,17.04,20.509,31.15,73.94,102.1,11.06,43.81,43.11,100.21,92.23,56.91,17.886,22.78,796.28,62.86,56.37,59.5,87.33,25.27,80.01,13.067,59.06,50.237,97.48,37.12,60.15,103.55,44.546,26.24,52.87
2018-02-05,17.07,19.652,30.975,71.79,100.04,10.61,42.47,43.06,97.22,93.04,56.12,17.426,22.695,790.01,61.76,56.12,57.91,84.4,24.83,78.08,13.035,57.87,49.654,96.67,35.53,59.132,101.14,43.474,26.38,51.54
2018-02-06,16.87,19.554,31.245,71.68,100.12,10.68,42.78,43.84,97.57,89.35,54.98,17.799,22.765,785.0,61.87,55.83,58.025,85.17,25.1,78.14,13.01,57.77,49.781,96.5,36.0,58.012,101.35,43.904,25.65,51.75
2018-02-07,16.83,18.888,31.11,71.71,98.51,10.45,42.45,44.19,97.86,88.51,55.09,17.724,22.645,777.38,62.3,56.71,58.275,85.11,25.07,77.61,13.053,57.84,49.827,95.82,35.5,58.4,101.07,44.202,24.94,52.06
2018-02-08,16.67,18.404,31.0,71.07,97.95,9.85,41.44,43.36,95.51,88.22,54.81,17.242,22.5,772.74,60.91,56.23,56.835,82.8,25.09,76.22,12.832,56.75,48.377,93.91,35.11,57.222,99.24,43.476,25.02,51.26
2018-02-09,16.42,18.575,31.2,70.81,97.89,9.37,42.38,42.79,95.34,87.16,54.09,17.472,22.45,767.82,60.64,55.82,56.78,84.01,25.08,76.61,12.86,56.91,48.295,94.57,35.2,56.731,99.08,43.196,23.96,51.26
2018-02-12,16.71,18.781,30.95,71.34,97.61,9.72,42.06,43.76,96.29,89.19,55.49,17.587,22.625,793.58,61.0,56.63,57.34,85.5,24.83,77.02,13.053,57.24,49.088,96.84,35.35,57.714,99.72,44.528,24.77,51.69
2018-02-13,16.64,18.913,30.79,71.39,96.86,9.49,42.2,44.13,96.38,90.06,55.32,17.648,22.365,799.2,61.1,56.03,57.355,86.27,24.7,76.87,12.932,57.41,49.298,95.28,34.4,57.394,99.81,45.032,24.53,51.44
2018-02-14,17.14,19.422,30.65,72.32,96.85,9.88,42.52,42.86,97.21,92.83,57.17,17.386,22.14,815.36,61.72,55.63,57.755,86.84,24.87,77.73,12.964,57.13,48.897,96.35,34.69,57.428,100.51,45.562,24.93,51.67
2018-02-15,16.62,19.109,31.095,72.81,97.63,9.36,42.41,43.23,97.81,93.63,56.29,17.76,22.6,840.85,62.09,55.57,57.71,86.2,24.94,77.46,13.006,58.1,51.349,95.97,34.19,57.325,100.6,46.024,24.84,53.11
2018-02-16,16.52,19.388,31.515,72.55,98.0,9.41,43.36,42.95,97.61,92.46,54.12,18.177,22.675,837.68,61.88,55.87,57.5,89.23,24.94,77.21,13.24,57.89,52.516,95.64,34.6,57.646,100.48,46.582,24.73,53.82
2018-02-19,16.52,19.388,31.515,72.55,98.0,9.41,43.36,42.95,97.61,92.46,54.12,18.177,22.675,837.68,61.88,55.87,57.5,89.23,24.94,77.21,13.24,57.89,52.516,95.64,34.6,57.646,100.48,46.582,24.73,53.82
2018-02-20,16.22,19.354,31.27,72.49,97.1,9.4,43.84,43.06,97.62,91.42,52.7,18.252,22.78,840.0,61.69,55.8,57.425,89.12,24.68,77.1,13.215,57.68,51.86,95.33,34.26,57.508,100.49,46.034,24.43,53.75
2018-02-21,16.06,19.319,31.175,73.29,97.44,9.32,42.87,43.3,99.23,90.77,51.29,18.36,23.205,826.64,62.58,56.12,58.235,89.22,24.78,78.01,13.125,58.26,52.443,98.03,34.28,57.657,102.5,46.712,24.69,54.76
2018-02-22,15.86,19.618,31.395,73.21,97.06,9.31,43.18,42.57,98.69,91.71,51.19,18.367,23.09,832.84,62.78,55.89,58.465,89.96,24.5,77.8,12.894,58.06,52.443,98.23,34.36,57.451,102.16,47.02,24.61,54.0
2018-02-23,15.4,19.956,31.38,73.97,97.72,9.63,43.6,42.74,99.46,92.96,51.39,18.392,23.285,840.51,63.76,56.3,59.5,89.88,24.38,78.39,13.035,58.64,53.099,97.86,34.57,57.737,102.56,47.28,24.77,54.22
2018-02-26,15.48,20.171,31.045,74.56,97.78,9.74,44.09,42.97,99.58,93.62,51.27,18.389,23.365,834.0,64.08,56.71,59.47,91.33,24.66,78.79,13.141,58.78,53.145,100.04,35.11,58.16,102.39,47.694,24.87,54.17
2018-02-27,14.99,20.299,31.6,75.24,98.91,9.78,43.63,42.09,98.2,90.79,49.3,18.119,23.37,831.89,63.72,56.96,59.64,91.47,24.68,79.88,13.3,58.66,52.242,101.34,35.28,58.343,102.88,47.178,24.4,53.96
2018-02-28,14.78,19.466,31.275,74.0,99.25,9.34,42.24,40.81,97.44,89.92,48.89,17.875,23.16,830.59,62.26,56.0,58.6,90.86,24.42,79.5,13.248,57.82,50.593,99.28,34.75,57.829,101.09,45.9,24.49,52.86
2018-03-01,14.6,19.481,31.15,74.92,97.35,9.4,42.09,40.78,96.44,90.52,49.59,17.72,23.13,840.0,63.18,55.79,58.375,90.92,24.19,79.32,13.067,57.8,51.021,97.49,34.27,57.543,100.57,45.386,24.7,52.4
2018-03-02,14.88,19.496,31.63,74.63,98.9,9.74,40.85,40.57,96.51,90.92,49.15,18.001,23.355,858.43,63.29,56.09,57.85,91.21,23.91,78.9,13.014,58.39,51.212,97.02,34.25,57.932,99.91,44.95,24.9,52.62
2018-03-05,15.13,19.726,31.25,75.35,98.82,10.26,41.5,41.02,96.64,91.12,49.83,18.313,23.49,868.14,63.09,56.49,58.15,92.72,24.24,79.0,13.119,58.7,51.978,97.15,35.13,58.675,100.91,45.636,25.33,53.68
2018-03-06,15.28,19.5,31.615,75.63,99.06,10.51,41.4,40.93,96.71,91.98,50.5,18.342,23.535,861.79,63.29,56.63,58.42,92.5,24.2,79.28,13.258,58.92,51.896,95.24,35.27,58.423,100.76,45.348,25.94,54.05
2018-03-07,15.06,19.241,31.71,75.83,98.69,10.18,41.59,40.5,96.51,91.12,49.47,18.371,23.605,872.69,62.75,56.58,58.45,92.82,24.11,79.38,13.181,58.89,50.729,94.09,35.11,58.08,100.56,45.318,25.65,54.05
2018-03-08,15.16,19.016,31.425,75.92,99.42,10.27,41.83,41.11,97.44,87.36,50.42,18.565,23.35,890.83,63.07,56.95,58.775,93.87,23.97,80.04,13.272,59.15,50.948,95.08,34.78,58.915,101.52,45.996,25.35,54.32
2018-03-09,15.14,19.05,31.975,75.83,99.47,10.46,41.74,40.99,98.0,87.25,50.04,18.504,23.37,879.54,63.43,56.9,59.05,94.42,24.19,80.75,13.364,58.53,51.121,95.53,35.09,59.201,101.76,46.32,25.25,54.56
2018-03-12,15.59,18.918,32.025,75.7,99.15,10.48,41.74,41.94,98.22,88.17,50.65,18.421,23.3,883.44,63.31,57.14,58.985,94.7,24.11,80.75,13.457,58.38,51.832,96.09,34.86,59.43,101.81,46.234,25.6,54.49
2018-03-13,15.81,19.025,31.125,75.67,99.0,10.48,42.29,42.65,98.07,89.91,51.25,18.41,23.29,884.99,63.37,57.39,59.0,95.39,24.14,81.28,13.449,58.46,52.27,96.41,34.51,59.167,101.81,46.22,25.78,54.53
2018-03-14,15.99,18.976,31.465,75.72,97.32,10.45,42.16,42.87,98.36,88.96,51.57,18.525,23.275,897.9,63.6,56.3,59.045,95.07,24.18,81.88,13.408,58.56,52.051,96.66,34.22,58.778,101.54,45.898,25.79,54.66
2018-03-15,15.93,19.099,31.935,76.12,98.12,10.58,42.25,41.06,98.6,89.11,51.01,18.823,23.435,892.84,63.61,56.34,58.875,96.42,24.38,82.1,13.306,58.74,50.948,96.17,34.1,58.995,102.19,46.154,25.59,55.21
2018-03-16,16.13,19.466,31.875,75.92,99.49,11.07,42.91,41.28,98.71,89.95,51.74,18.852,23.25,889.36,63.71,56.44,58.6,96.32,24.44,82.53,13.225,58.72,50.93,96.25,34.44,58.389,102.32,46.554,25.83,55.34
2018-03-19,16.02,19.06,32.245,75.69,98.6,10.87,42.05,40.09,98.41,90.59,51.96,18.514,23.095,884.5,63.43,56.28,58.525,95.63,24.23,82.33,13.308,58.13,49.945,95.0,34.34,58.583,102.04,45.952,25.79,54.96
2018-03-20,15.71,19.241,29.9,76.32,97.71,11.02,43.07,39.14,99.31,90.79,51.84,18.575,23.15,896.2,63.26,56.11,58.65,96.19,24.77,81.91,13.378,58.62,48.332,95.31,34.69,59.35,102.62,46.154,25.37,55.25
2018-03-21,15.94,19.868,29.265,76.32,98.74,11.52,43.6,40.19,99.46,90.84,52.34,18.522,22.94,896.41,63.34,55.61,58.93,94.67,24.65,81.56,13.248,58.37,49.407,94.98,35.54,58.286,102.27,45.924,25.57,55.34
2018-03-22,15.71,19.158,29.0,74.91,96.83,10.88,42.87,39.6,98.04,87.98,51.77,17.968,22.625,872.14,62.37,55.18,58.03,93.26,24.2,80.6,13.071,57.35,48.204,92.93,34.57,57.348,100.64,44.766,26.03,54.02
2018-03-23,16.12,18.898,28.47,73.21,95.49,10.47,42.9,38.48,96.87,89.37,53.86,17.889,22.29,863.19,60.31,54.53,57.035,91.54,23.89,79.27,12.842,56.27,47.876,91.05,33.94,57.463,99.21,44.262,26.24,53.04
2018-03-26,16.41,18.786,27.995,73.39,95.8,10.67,44.09,38.52,97.07,90.76,54.46,18.205,22.155,896.16,60.29,54.3,57.22,93.11,24.04,79.19,12.896,56.35,47.466,92.29,34.19,57.749,99.86,44.58,26.34,53.26
2018-03-27,16.19,19.344,27.94,72.59,95.8,10.58,44.41,39.23,96.54,90.24,53.97,17.965,22.285,873.56,60.2,54.82,56.475,91.67,23.67,78.62,12.757,56.69,47.858,92.36,33.93,56.799,98.88,44.856,26.16,52.61
2018-03-28,15.98,19.309,28.57,72.44,96.59,10.55,43.84,39.27,96.58,86.61,53.54,18.022,22.495,875.72,60.29,55.31,56.455,91.96,23.65,78.47,12.962,57.21,47.521,92.52,33.83,56.925,98.69,45.014,25.93,52.49
2018-03-29,16.05,19.833,29.0,73.11,96.81,10.97,44.49,40.52,97.32,87.9,54.2,18.044,22.62,874.15,60.64,55.44,56.86,92.44,23.92,79.36,13.081,57.54,48.569,94.16,34.12,56.948,99.52,45.44,26.25,52.91
2018-03-30,16.05,19.833,29.0,73.11,96.81,10.97,44.49,40.52,97.32,87.9,54.2,18.044,22.62,874.15,60.64,55.44,56.86,92.44,23.92,79.36,13.081,57.54,48.569,94.16,34.12,56.948,99.52,45.44,26.25,52.91
2018-04-02,16.33,19.398,28.955,72.6,96.37,10.81,43.62,39.49,96.57,89.81,55.02,17.846,22.43,868.28,60.17,54.98,56.39,92.1,23.71,77.75,12.952,56.91,47.557,94.03,33.77,57.085,98.73,44.922,26.49,52.46
2018-04-03,15.97,20.25,28.48,71.89,96.15,11.33,44.08,38.81,96.25,86.95,54.15,17.918,22.21,886.0,59.73,54.42,56.215,92.28,23.65,77.54,12.914,56.6,46.618,94.07,34.16,56.959,98.2,45.046,26.42,52.24
2018-04-04,15.99,20.294,28.75,71.59,95.68,11.63,44.07,39.46,95.95,86.17,53.2,17.853,22.33,875.96,59.65,54.84,55.925,91.83,23.63,76.89,12.978,57.42,47.375,94.13,34.71,57.737,97.59,44.84,26.01,52.23
2018-04-05,16.05,21.121,28.185,72.23,96.92,12.11,46.14,40.18,97.03,86.2,53.63,17.95,22.595,870.48,60.1,55.03,56.445,92.86,23.74,77.72,12.984,58.98,48.842,95.24,36.35,58.16,98.34,45.08,26.07,52.25
2018-04-06,16.19,20.651,28.15,71.33,96.49,11.94,46.11,39.86,96.33,86.57,54.33,17.684,22.465,861.0,59.46,54.56,55.705,92.43,23.24,77.04,12.884,58.42,48.295,94.51,35.61,57.966,97.3,44.252,26.29,51.53
2018-04-09,16.14,20.372,28.02,70.97,97.12,11.84,46.04,40.19,96.76,86.99,54.79,17.742,22.515,862.01,60.06,54.63,55.975,91.93,23.23,77.4,13.157,58.1,48.396,94.93,35.59,58.126,98.04,44.666,26.17,51.76
2018-04-10,16.09,20.754,27.57,70.84,96.82,12.41,46.33,40.42,96.27,87.28,54.64,17.681,22.46,844.41,60.05,54.43,55.975,90.84,23.3,77.6,12.902,57.62,48.332,93.62,35.8,57.657,98.05,44.56,26.21,51.73
2018-04-11,16.45,21.161,27.295,70.29,96.5,12.49,47.29,40.08,94.96,87.3,55.25,17.76,22.48,840.86,59.49,54.5,55.54,90.63,23.12,77.16,12.814,57.37,48.241,94.25,35.9,56.307,97.04,44.832,26.57,51.34
2018-04-12,16.17,21.273,27.165,70.27,96.95,12.44,47.19,40.22,95.06,87.66,54.79,17.907,22.28,861.17,59.24,54.3,55.315,91.15,23.31,76.85,12.83,56.66,48.469,94.08,36.69,56.799,96.76,44.708,26.48,51.53
2018-04-13,16.59,21.694,27.5,69.9,96.0,12.72,47.72,40.39,94.87,89.5,56.53,17.717,22.225,857.8,58.69,53.89,55.055,91.64,23.19,76.47,12.719,56.76,48.669,93.76,37.05,56.628,96.06,44.802,26.78,50.92
2018-04-16,16.37,21.327,27.1,69.76,95.81,12.47,47.16,41.0,95.17,89.82,56.79,17.688,22.29,878.59,59.19,54.18,55.26,92.23,23.46,76.47,12.749,57.23,49.289,94.74,36.96,56.616,96.39,45.276,26.8,51.2
2018-04-17,16.39,21.401,27.19,69.94,96.33,12.25,47.53,41.38,94.75,90.85,56.57,17.598,22.32,891.29,59.22,53.82,55.27,92.4,23.42,76.4,12.781,56.79,50.027,94.83,36.89,57.68,96.22,45.108,26.99,50.96
2018-04-18,16.74,22.096,27.185,69.97,96.47,12.96,48.61,41.8,94.99,91.36,57.45,17.789,22.46,896.01,59.42,53.89,55.41,93.3,23.64,76.8,13.01,57.24,51.103,96.16,37.58,57.886,97.0,45.258,27.39,51.34
2018-04-19,16.89,22.336,26.895,69.5,96.6,12.7,48.57,40.49,95.01,90.71,56.23,17.656,22.375,879.11,59.22,53.08,55.25,93.58,23.77,76.39,13.127,57.95,50.356,96.48,37.61,57.634,96.63,44.696,27.46,51.58
2018-04-20,16.76,22.027,26.785,70.19,96.85,12.28,48.8,39.77,95.57,90.77,56.28,17.681,22.545,882.42,59.23,53.45,55.175,94.0,23.99,76.86,13.153,61.34,50.419,96.21,37.49,57.851,97.28,44.696,27.13,51.82
2018-04-23,16.58,22.507,27.4,70.71,97.13,12.33,48.89,39.82,96.17,90.34,55.9,17.753,22.61,895.68,59.69,53.63,55.31,94.31,24.25,77.46,13.31,61.36,50.693,96.58,38.15,58.355,97.98,45.48,27.01,52.13
2018-04-24,17.15,22.414,27.385,71.03,97.08,12.19,48.76,37.68,96.68,91.0,55.86,17.72,22.485,891.66,59.89,53.72,55.125,93.17,24.4,77.52,12.968,60.94,50.155,96.13,37.44,58.561,96.55,45.17,26.95,52.42
2018-04-25,17.32,22.811,27.18,71.29,97.77,12.8,49.2,37.59,97.12,90.37,55.56,17.645,22.71,899.5,59.99,54.13,55.415,93.1,24.33,77.66,13.089,60.67,49.9,98.46,38.38,58.252,96.61,46.384,27.01,52.46
2018-04-26,17.56,22.889,27.725,72.15,97.89,12.97,49.73,37.92,97.93,91.57,56.22,18.123,22.96,897.23,60.84,54.66,55.99,93.93,24.45,78.62,13.159,61.35,49.909,99.9,38.71,58.824,97.18,47.01,27.37,53.19
2018-04-27,17.67,22.581,28.75,72.26,98.1,12.82,48.91,38.04,98.51,91.72,56.45,18.252,23.0,919.06,61.31,55.03,56.06,94.21,24.43,79.21,13.258,60.88,49.754,100.65,39.71,59.121,98.15,47.49,27.38,53.32
2018-04-30,17.28,22.684,28.15,72.11,97.9,12.86,49.1,38.89,97.51,91.07,54.03,18.284,22.975,917.63,60.98,54.49,55.915,92.8,24.23,78.92,13.123,60.61,49.626,99.17,39.93,59.052,97.64,46.856,26.65,53.0
2018-05-01,17.29,22.542,27.925,72.3,97.01,12.93,48.84,39.38,97.76,91.91,54.22,18.137,23.09,942.99,61.31,54.47,56.08,92.6,24.23,78.86,13.175,60.8,50.137,97.97,39.35,59.064,97.67,46.01,26.87,53.21
2018-05-02,17.22,22.762,27.35,72.81,96.08,13.12,48.9,39.51,97.84,92.57,54.23,18.08,23.005,930.42,61.42,53.92,56.0,90.76,23.45,79.08,13.153,60.49,50.146,98.05,39.87,58.538,97.71,45.596,27.02,52.97
2018-05-03,17.31,22.267,27.375,72.64,96.35,12.99,48.96,39.75,97.47,94.06,54.63,18.23,22.93,941.0,61.26,53.2,56.08,94.64,23.77,78.75,12.992,60.22,50.219,98.45,39.43,57.714,97.66,45.926,27.3,52.26
2018-05-04,17.34,22.37,27.74,72.93,96.57,13.02,49.39,40.37,98.05,94.72,55.01,18.389,23.08,940.2,61.41,53.35,56.25,95.6,24.09,78.94,13.016,60.68,50.319,100.62,39.92,57.932,97.83,46.686,27.4,52.77
2018-05-07,17.21,22.184,27.5,73.35,96.51,13.49,49.55,40.7,98.53,95.66,55.13,18.428,23.02,960.15,61.79,53.52,56.67,96.61,24.49,79.35,13.077,60.43,50.684,101.37,40.29,57.508,98.76,47.282,27.47,52.79
2018-05-08,17.17,21.758,27.205,73.53,96.9,13.9,49.79,40.41,99.42,96.45,55.81,18.435,22.975,964.53,61.93,53.58,56.86,96.9,24.46,79.55,13.185,60.2,50.966,102.08,40.77,57.451,98.88,47.494,27.79,52.88
2018-05-09,17.14,22.478,27.015,74.24,95.15,14.11,50.18,41.48,100.14,96.38,56.12,18.471,22.965,973.25,62.56,53.28,57.035,97.35,24.75,80.0,13.129,61.08,50.948,102.2,41.0,57.142,99.63,47.752,27.72,52.42
2018-05-10,17.25,22.752,27.4,74.28,96.4,14.07,50.37,42.25,100.34,94.5,57.01,18.543,22.87,973.12,62.99,53.26,57.365,97.05,24.74,79.95,13.328,61.33,50.912,102.5,41.35,57.177,99.96,47.826,27.25,53.33
2018-05-11,17.23,22.547,27.25,74.67,95.45,13.99,50.92,43.14,100.77,93.84,57.14,18.633,22.85,970.83,63.35,53.78,57.55,96.77,24.82,80.02,13.225,61.5,51.012,101.58,41.42,55.061,100.38,47.692,27.97,54.44
2018-05-14,17.25,23.026,27.325,75.08,95.69,13.98,52.7,42.57,101.14,93.0,57.39,18.791,22.81,972.89,63.51,54.0,58.1,96.36,24.8,80.48,13.3,61.73,51.121,101.95,42.27,56.216,100.99,47.816,27.96,55.07
2018-05-15,16.92,22.943,27.2,75.39,96.15,13.97,52.51,42.52,101.09,91.45,56.16,18.845,22.81,967.49,63.21,54.2,58.27,96.27,24.86,80.46,13.3,61.8,50.693,103.83,42.07,56.479,101.04,47.576,27.49,55.22
2018-05-16,16.91,22.987,27.58,75.53,96.05,13.92,52.44,41.8,101.38,90.84,56.12,18.601,22.845,976.81,63.16,54.18,58.385,96.32,24.94,80.78,13.213,62.18,49.854,106.35,41.74,57.017,101.31,46.992,27.47,55.55
2018-05-17,16.91,23.536,27.09,75.59,96.64,14.32,53.05,42.19,101.53,90.68,55.67,18.543,22.82,983.22,63.19,54.11,58.315,95.99,24.91,80.54,13.175,61.99,49.189,107.44,41.89,57.2,101.05,47.106,27.63,55.76
2018-05-18,16.95,23.585,26.75,75.6,96.84,14.21,52.76,41.45,101.07,91.1,55.46,18.672,22.84,997.68,63.24,54.33,58.15,96.46,24.83,80.31,13.219,62.54,50.264,107.1,42.12,57.177,100.57,46.974,27.91,55.83
2018-05-21,16.95,23.585,26.75,75.6,96.84,14.21,52.76,41.45,101.07,91.1,55.46,18.672,22.84,997.68,63.24,54.33,58.15,96.46,24.83,80.31,13.219,62.54,50.264,107.1,42.12,57.177,100.57,46.974,27.91,55.83
2018-05-22,16.83,23.149,26.465,75.85,96.51,14.35,52.6,40.49,101.89,90.71,54.87,18.698,22.745,982.71,63.2,54.4,58.43,97.08,25.1,80.36,13.169,62.96,50.219,106.51,42.0,56.616,101.75,46.704,27.87,55.71
2018-05-23,17.09,23.017,27.145,75.5,97.21,14.01,52.21,40.77,101.73,90.91,55.9,18.816,22.715,989.06,62.84,54.52,57.545,97.96,25.01,80.29,13.238,62.67,49.426,107.9,41.6,56.559,101.12,47.036,28.25,55.28
2018-05-24,17.38,22.532,27.33,75.83,97.49,13.99,52.11,40.7,101.45,92.05,57.06,18.73,22.725,1014.55,62.46,54.63,57.55,98.18,24.94,80.22,13.179,61.63,49.18,107.98,41.59,56.548,99.12,47.68,28.4,55.2
2018-05-25,17.35,21.827,27.65,76.4,96.99,13.42,50.76,40.53,101.47,92.13,56.94,18.813,22.885,1011.06,62.49,54.6,57.435,99.12,24.93,80.03,13.258,61.91,49.243,108.99,40.98,57.405,98.58,48.288,28.35,55.04
2018-05-28,17.22,21.802,27.33,76.61,97.19,13.2,50.17,40.36,101.6,91.39,56.65,18.874,22.95,1004.02,62.61,54.6,57.365,98.93,24.84,79.94,13.171,61.57,49.198,107.57,41.47,57.234,98.07,47.412,27.76,54.2
2018-05-29,17.35,21.836,27.6,75.45,97.21,13.47,50.72,39.82,99.67,91.51,58.52,18.572,22.865,996.36,61.5,54.32,56.415,99.13,24.12,76.96,13.278,61.14,49.107,108.0,41.89,56.662,96.88,48.202,28.0,53.23
2018-05-30,17.25,22.189,27.47,75.7,96.92,13.57,51.72,40.12,99.84,91.09,58.41,18.698,22.76,1016.68,61.8,54.17,56.48,99.68,24.36,77.83,13.394,61.13,49.398,108.93,42.71,57.646,96.79,49.078,28.18,53.6
2018-05-31,17.07,21.983,27.3,75.7,98.05,13.68,51.64,40.29,100.44,91.43,58.19,18.579,22.795,1021.22,62.02,54.01,56.6,99.7,24.46,78.24,13.475,60.85,49.48,108.25,42.42,57.657,98.0,50.002,28.34,53.59
2018-06-01,16.94,21.871,27.585,75.02,97.77,13.44,52.48,39.86,100.26,90.9,57.92,18.658,22.785,1025.84,61.45,54.0,56.575,100.91,24.69,76.96,13.489,60.58,48.997,108.13,42.39,57.932,98.14,49.628,28.39,53.73
2018-06-04,16.67,21.454,28.2,75.18,97.17,12.67,51.63,40.3,100.82,91.5,57.4,18.813,22.835,1034.68,61.73,54.18,56.43,99.98,24.76,76.91,13.43,60.84,49.161,107.79,41.72,58.423,98.94,49.69,28.05,53.87
2018-06-05,16.82,21.396,28.125,75.16,95.81,12.84,50.81,40.91,100.76,91.95,57.95,18.906,23.0,1039.72,61.97,54.58,56.62,100.24,24.6,76.37,13.41,61.51,49.59,107.24,41.74,58.652,99.32,49.944,28.54,54.23
2018-06-06,16.78,21.317,28.125,75.41,96.16,12.99,51.07,40.14,101.28,93.1,57.62,18.978,23.09,1048.08,62.5,54.4,57.3,100.31,24.66,76.46,13.185,61.73,48.833,107.71,41.25,58.595,99.24,50.026,28.84,54.48
2018-06-07,16.82,21.548,27.175,75.62,95.87,13.05,52.52,40.63,101.94,92.03,57.44,18.931,22.88,1030.59,62.9,54.65,57.4,99.66,24.75,76.18,12.96,61.99,49.207,107.3,42.7,59.796,99.4,49.564,28.58,54.89
2018-06-08,16.87,21.381,27.12,75.2,95.41,13.0,52.73,40.55,102.17,91.47,57.54,19.186,22.875,1034.33,63.08,54.78,57.625,99.26,24.74,76.36,13.137,61.51,49.325,107.88,42.47,60.322,99.89,49.766,28.69,55.03
2018-06-11,17.17,21.21,27.225,75.26,95.44,12.87,53.87,41.9,101.64,91.37,58.54,19.326,22.925,1036.7,63.58,55.12,57.495,99.38,24.82,75.86,13.193,61.8,50.201,108.24,43.41,60.882,99.94,50.32,28.73,55.07
2018-06-12,17.14,21.097,27.15,75.72,95.16,12.77,52.31,42.26,101.61,91.59,59.28,19.409,22.975,1045.0,63.63,55.34,57.635,99.78,24.84,75.72,13.258,61.72,49.672,108.35,42.9,60.722,100.06,50.566,28.86,54.54
2018-06-13,16.96,20.999,27.07,75.95,94.98,12.71,51.86,42.13,101.86,91.08,59.41,19.423,22.945,1040.52,63.89,55.08,57.93,98.93,24.94,76.13,13.183,61.65,49.161,108.31,42.88,60.597,99.92,50.368,28.8,54.79
2018-06-14,17.25,20.563,27.515,76.2,95.1,12.38,52.14,42.69,101.84,91.29,60.96,19.772,23.115,1049.99,63.77,54.31,57.6,99.9,24.87,75.98,13.219,61.94,49.708,109.43,43.16,61.454,99.85,50.884,29.16,54.72
2018-06-15,16.9,20.142,27.775,75.63,95.22,12.14,51.68,42.24,101.99,91.92,59.83,19.675,23.23,1054.08,63.48,54.39,57.585,101.02,24.92,75.98,13.308,62.35,50.0,109.58,43.19,61.66,100.26,51.2,29.16,54.76
2018-06-18,16.93,20.597,28.195,76.05,95.24,12.54,52.44,42.63,102.29,92.27,59.93,19.668,23.165,1058.87,63.54,54.03,57.725,100.47,24.96,76.15,13.4,62.11,51.577,108.83,43.72,61.614,100.44,51.114,29.31,54.51
2018-06-19,17.09,20.504,28.575,75.97,95.26,12.5,52.49,42.02,102.31,91.87,59.05,19.524,23.195,1032.49,63.44,53.84,57.765,100.79,24.84,75.91,13.31,61.81,51.613,107.57,42.84,61.123,99.97,50.536,29.19,54.5
2018-06-20,17.07,20.881,28.805,76.74,95.7,12.83,53.1,42.28,102.65,91.48,58.5,19.801,23.25,1056.09,63.78,54.05,58.27,100.71,24.84,76.27,13.656,62.12,52.89,107.53,43.35,61.534,100.44,50.968,29.08,54.69
2018-06-21,17.1,20.539,28.85,76.98,95.39,12.24,52.19,41.59,102.87,91.4,58.66,19.682,23.15,1050.98,63.98,53.98,58.415,100.76,24.89,76.8,13.541,62.45,52.47,106.07,42.9,61.58,100.66,49.55,28.51,54.22
2018-06-22,17.35,21.631,29.415,77.0,95.36,13.18,53.35,42.15,103.32,92.99,59.54,19.646,23.385,1049.95,64.29,54.37,58.84,101.43,25.15,77.0,13.551,62.63,52.58,107.03,43.23,61.855,101.37,49.822,28.81,54.32
2018-06-25,17.12,21.376,28.95,76.3,94.62,12.97,51.44,41.56,102.07,92.39,58.94,19.064,23.135,1027.19,62.69,53.81,57.985,100.62,24.35,75.9,13.551,61.59,51.586,105.26,42.62,61.146,99.8,48.092,28.48,53.17
2018-06-26,16.95,22.125,29.275,76.53,94.11,13.27,53.15,42.69,101.91,94.01,59.29,19.208,23.435,1027.07,62.83,53.92,58.13,100.73,24.31,75.72,13.664,62.56,52.106,107.18,43.51,61.363,99.61,48.412,28.85,52.8
2018-06-27,17.0,22.498,29.035,76.0,93.64,13.55,53.33,42.34,101.85,95.27,59.07,19.139,23.48,1021.79,63.11,53.93,57.27,99.71,24.05,75.62,13.732,62.8,52.069,106.77,43.47,60.928,99.03,48.276,29.03,52.75
2018-06-28,16.89,22.669,29.385,75.78,93.98,13.33,52.93,43.9,101.66,95.95,59.19,19.068,23.36,1014.19,62.96,53.5,57.055,99.5,23.63,75.06,13.575,62.49,51.367,107.31,43.26,60.734,98.82,48.064,28.76,52.36
2018-06-29,17.27,23.237,28.85,76.09,93.25,13.65,53.5,47.0,101.62,95.95,60.27,19.161,23.35,1019.55,63.12,53.24,57.18,99.03,23.62,74.44,13.585,62.44,51.851,107.53,43.7,60.677,98.99,48.184,29.02,52.83
2018-07-02,17.27,23.237,28.85,76.09,93.25,13.65,53.5,47.0,101.62,95.95,60.27,19.161,23.35,1019.55,63.12,53.24,57.18,99.03,23.62,74.44,13.585,62.44,51.851,107.53,43.7,60.677,98.99,48.184,29.02,52.83
2018-07-03,17.79,22.938,28.0,76.14,95.14,13.85,53.3,46.39,101.67,97.35,60.94,18.888,23.215,1021.47,62.66,53.67,57.245,99.34,23.67,74.17,13.505,62.19,51.805,105.79,43.35,60.86,99.49,47.388,29.48,52.86
2018-07-04,17.75,23.017,28.1,76.22,94.35,13.86,54.06,46.84,101.9,98.35,61.58,18.913,23.225,1010.9,63.17,53.59,57.265,100.07,23.69,74.36,13.485,62.41,51.513,105.86,43.55,61.466,99.37,47.538,29.56,52.84
2018-07-05,17.69,22.806,28.0,75.67,92.64,13.61,53.8,46.1,101.69,98.1,62.69,19.211,23.255,1022.0,63.0,53.65,57.495,99.2,23.51,74.9,13.334,62.92,51.285,106.0,43.4,61.203,99.59,47.366,29.65,52.52
2018-07-06,17.5,23.404,28.175,75.98,92.64,14.17,53.94,46.69,102.18,98.28,61.44,19.456,23.585,1036.48,63.38,54.57,57.63,99.25,23.47,75.1,13.455,64.08,52.033,107.49,43.88,61.614,100.2,47.446,29.74,52.81
2018-07-09,17.42,23.639,28.56,75.88,93.49,14.52,54.01,46.53,102.7,96.34,60.6,19.553,23.54,1055.5,63.69,54.45,57.9,99.73,23.68,75.19,13.465,63.91,51.878,110.41,43.92,61.592,100.79,49.04,29.38,53.14
2018-07-10,17.58,23.981,30.6,76.2,94.53,14.64,54.68,46.95,102.85,96.43,60.7,19.689,23.73,1077.49,63.83,55.0,57.94,100.65,23.86,75.18,13.527,64.26,51.741,111.48,44.14,61.889,101.31,49.232,29.47,53.34
2018-07-11,17.01,23.413,30.49,76.02,93.15,14.18,54.16,46.7,102.49,95.99,59.73,19.578,23.685,1060.53,63.64,55.2,57.83,101.86,23.43,74.97,13.686,64.46,52.015,110.9,44.09,62.724,100.58,48.246,29.01,52.69
2018-07-12,17.03,23.58,31.25,76.35,96.28,14.0,54.52,47.12,103.05,96.87,60.61,19.934,24.0,1109.62,63.64,56.0,57.915,103.12,23.53,75.47,13.911,65.54,52.343,112.78,44.45,63.57,101.51,48.95,29.14,53.26
2018-07-13,16.98,23.795,31.745,75.95,94.91,13.91,55.2,46.86,103.13,96.33,59.91,19.711,24.0,1095.0,63.25,55.93,58.035,102.78,23.68,75.47,13.903,65.85,52.142,112.92,44.79,63.959,101.46,49.382,28.95,53.18
2018-07-16,16.85,23.359,31.74,76.09,95.61,13.65,54.17,46.48,103.59,96.66,59.98,19.743,24.09,1086.54,63.16,55.97,58.12,101.6,23.74,75.99,13.965,66.29,52.069,111.37,44.33,63.708,101.94,48.75,28.96,53.38
2018-07-17,16.74,23.31,31.3,76.14,96.34,13.81,54.0,45.49,103.67,97.33,60.09,19.901,24.1,1105.01,63.24,56.06,58.19,101.92,23.86,76.15,14.013,66.62,51.595,111.06,43.98,63.891,102.0,49.094,28.91,53.71
2018-07-18,16.46,22.982,30.875,76.04,96.17,13.67,53.66,45.02,103.93,98.4,59.9,19.901,23.89,1107.76,63.12,55.75,57.935,100.75,24.01,75.99,13.931,67.1,51.386,112.5,43.73,63.513,101.49,49.766,28.67,53.71
2018-07-19,16.37,22.831,30.855,76.32,96.31,13.51,54.11,46.74,103.66,98.81,60.3,20.02,23.99,1116.39,63.12,55.69,57.96,102.46,23.87,76.17,13.985,67.06,54.157,114.23,43.14,63.822,101.4,50.92,28.19,53.44
2018-07-20,16.23,22.659,30.515,76.01,95.87,13.3,54.0,45.41,103.63,97.89,60.38,19.797,23.84,1102.7,63.06,55.34,58.025,101.2,23.58,75.98,13.931,65.9,52.926,113.68,42.73,63.57,101.48,51.14,27.95,52.97
2018-07-23,15.54,22.591,30.175,76.1,95.27,13.4,53.88,45.55,104.11,96.83,58.33,19.901,23.78,1081.62,63.4,55.29,58.255,101.27,23.9,76.11,13.947,65.79,53.181,112.61,42.45,63.33,101.8,51.048,27.7,53.37
2018-07-24,15.6,22.747,30.055,76.13,95.24,13.45,53.53,45.77,103.91,95.5,58.44,19.876,23.675,1056.0,63.46,55.21,58.38,99.26,24.03,76.42,13.818,65.5,53.099,112.0,42.73,63.181,102.03,49.93,27.92,53.25
2018-07-25,15.43,23.046,30.085,76.88,95.67,13.54,53.11,45.56,103.86,95.32,58.48,19.783,23.51,1066.67,63.59,54.82,58.66,101.93,23.89,76.58,13.772,64.76,53.136,116.74,43.33,62.655,100.88,50.562,28.03,53.35
2018-07-26,14.46,23.041,30.215,76.57,96.98,13.39,54.34,45.93,103.9,95.25,55.59,19.704,23.515,1054.6,63.46,55.05,58.925,101.32,24.1,76.43,13.993,65.15,53.336,117.8,44.05,62.472,101.08,51.114,27.69,53.12
2018-07-27,14.66,22.914,30.285,76.75,97.4,12.97,54.81,45.62,104.03,95.04,54.54,19.585,23.585,959.93,63.7,55.03,59.07,101.33,23.95,76.58,13.929,65.4,52.525,117.78,43.66,62.038,101.09,51.192,27.36,53.0
2018-07-30,14.52,23.266,29.9,76.85,96.95,13.13,55.09,46.0,103.98,95.14,54.62,19.502,23.63,919.66,63.77,55.04,59.29,100.23,23.88,76.8,13.816,65.76,52.625,117.78,44.04,61.763,101.33,51.206,27.02,53.0
2018-07-31,14.58,23.408,30.03,77.17,99.24,13.05,54.78,46.2,103.11,95.42,54.5,19.722,23.775,943.03,63.77,55.28,59.36,100.92,24.16,77.09,13.822,66.32,53.336,116.12,44.55,61.74,101.55,51.596,27.26,53.2
2018-08-01,14.19,23.222,29.995,77.16,104.24,13.03,54.29,45.87,102.96,95.11,53.73,19.499,23.845,930.0,63.96,55.28,59.715,101.51,24.06,77.05,13.652,66.37,53.209,115.04,43.73,61.534,101.81,51.85,27.06,53.15
2018-08-02,14.24,22.752,30.075,77.15,103.94,13.11,53.63,46.19,103.15,94.35,53.76,19.574,23.755,948.09,64.44,54.17,59.805,101.8,23.78,76.99,13.666,66.7,53.737,115.66,43.01,61.248,101.47,52.62,27.23,52.62
2018-08-03,14.42,22.659,30.1,76.91,105.04,13.15,53.72,46.53,103.22,94.97,53.99,19.592,23.595,935.55,64.4,54.14,59.68,101.72,23.58,76.9,13.676,66.59,53.555,114.68,43.06,61.5,101.42,52.344,27.54,52.27
2018-08-06,14.42,22.659,30.1,76.91,105.04,13.15,53.72,46.53,103.22,94.97,53.99,19.592,23.595,935.55,64.4,54.14,59.68,101.72,23.58,76.9,13.676,66.59,53.555,114.68,43.06,61.5,101.42,52.344,27.54,52.27
2018-08-07,14.09,22.292,30.06,76.65,104.26,13.07,53.38,46.81,102.81,92.97,52.51,19.431,23.685,917.78,63.63,53.39,59.375,103.0,23.36,76.37,13.523,66.55,52.871,115.24,42.72,61.226,100.51,52.26,26.99,51.52
2018-08-08,14.24,22.052,30.23,77.16,104.3,12.77,53.61,46.55,103.43,93.57,52.2,19.549,23.72,913.11,64.11,53.33,59.55,102.75,23.4,76.61,13.609,67.34,52.735,116.33,42.47,63.193,101.16,52.912,27.25,51.9
2018-08-09,14.17,22.228,30.5,77.78,104.44,12.92,53.7,47.26,104.12,94.53,52.75,20.569,23.88,940.57,64.7,53.49,59.76,103.55,24.12,77.02,13.7,67.68,53.108,116.37,42.39,63.284,101.89,53.082,27.39,52.1
2018-08-10,14.22,22.395,30.095,77.39,104.41,13.03,53.4,47.05,103.55,94.0,52.48,20.508,23.67,943.7,64.4,53.17,59.61,103.46,23.91,76.33,13.483,67.26,52.707,115.5,41.84,63.147,101.3,53.128,27.31,51.49
2018-08-13,13.76,22.179,30.275,77.51,104.86,13.0,53.16,46.91,103.74,93.41,50.75,20.163,23.79,955.92,64.62,53.26,59.745,103.31,23.93,76.18,13.535,67.56,52.507,115.47,41.65,63.81,101.36,53.088,26.32,51.03
2018-08-14,13.59,22.351,30.56,78.18,105.44,12.5,53.84,46.43,104.38,91.89,50.05,20.426,24.055,968.42,64.81,53.67,60.175,103.72,24.5,76.86,13.818,68.02,52.735,116.6,42.28,64.154,102.1,53.09,26.07,52.0
2018-08-15,13.1,21.582,30.5,77.81,105.37,11.76,51.56,46.05,103.97,86.76,46.62,20.44,24.125,945.4,64.97,53.56,59.87,103.64,24.36,76.33,13.716,68.53,52.416,115.69,40.83,63.57,101.48,52.68,24.08,52.38
2018-08-16,12.99,21.675,31.245,78.37,105.48,11.6,52.27,45.92,104.86,85.04,45.46,20.72,24.255,938.26,65.3,54.03,60.25,104.94,24.54,76.62,13.869,69.31,52.534,116.21,40.65,64.154,102.0,52.68,23.22,52.9
2018-08-17,13.1,21.861,31.73,78.7,106.99,11.96,52.69,47.04,105.83,87.4,46.52,20.638,24.46,941.77,65.59,54.25,60.83,104.6,24.54,77.42,13.929,69.47,52.808,116.33,40.48,64.154,102.8,52.658,24.13,53.03
2018-08-20,13.2,21.925,31.1,78.75,106.61,12.02,53.1,47.26,105.97,87.48,46.2,20.472,24.34,925.0,65.42,54.22,60.9,103.95,24.19,77.69,13.834,69.41,53.227,116.61,40.6,64.508,102.9,52.56,23.89,52.72
2018-08-21,13.28,22.101,31.345,78.66,105.74,12.15,52.51,46.81,105.72,87.4,46.38,19.959,24.32,920.0,65.63,54.0,60.795,103.02,24.16,77.5,13.824,69.26,52.47,115.53,40.5,64.302,102.59,53.204,23.87,52.46
2018-08-22,13.5,22.429,31.875,78.81,106.01,12.26,53.3,47.0,106.61,87.71,46.93,19.912,24.18,926.42,65.51,53.77,60.865,101.79,24.01,77.93,13.68,68.13,52.735,114.26,41.15,63.993,103.97,53.298,23.63,52.4
2018-08-23,13.38,22.4,31.32,78.64,105.21,12.29,53.64,47.12,106.26,85.79,45.38,20.138,24.34,931.45,65.23,53.62,61.2,102.19,23.95,77.92,13.748,68.06,52.981,115.0,41.34,64.131,103.68,53.644,23.06,52.35
2018-08-24,13.63,22.267,31.11,78.5,104.25,12.61,53.8,46.33,106.08,86.95,47.13,20.232,24.25,952.24,65.15,53.46,61.295,102.47,24.02,77.84,13.672,68.15,52.698,114.56,41.8,63.902,103.64,53.19,23.63,52.51
2018-08-27,13.76,22.61,31.53,78.85,104.37,12.7,54.16,46.11,106.16,87.53,47.62,20.343,24.25,946.5,65.19,53.51,61.225,102.13,24.25,78.3,13.66,68.51,52.489,116.29,41.54,64.085,103.96,53.82,23.52,52.7
2018-08-28,13.73,22.37,31.305,79.0,103.07,12.53,53.62,45.31,106.35,85.53,46.51,20.368,24.155,945.65,65.19,53.34,61.315,101.85,24.15,76.89,13.623,68.44,52.115,115.58,40.89,66.041,103.81,53.436,22.84,52.03
2018-08-29,13.71,22.507,31.505,79.31,103.38,12.6,53.97,45.0,107.27,84.96,46.02,20.483,24.24,962.61,65.27,53.5,61.425,102.21,24.24,75.93,13.633,68.29,51.449,115.36,41.58,66.407,104.49,53.57,22.85,52.19
2018-08-30,13.6,22.243,31.75,78.89,103.64,12.35,54.28,45.11,107.6,85.14,45.22,20.375,24.265,992.0,65.13,53.63,61.415,103.0,24.2,75.74,13.664,67.79,51.331,116.46,41.27,66.27,104.78,54.382,22.63,52.4
2018-08-31,13.35,21.822,31.475,78.65,103.5,12.1,53.72,44.51,106.97,83.42,44.98,20.034,24.195,995.09,65.31,53.23,61.15,103.57,23.88,75.53,13.565,67.62,50.665,116.06,40.67,66.384,103.66,54.898,22.36,51.87
2018-09-03,13.35,21.822,31.475,78.65,103.5,12.1,53.72,44.51,106.97,83.42,44.98,20.034,24.195,995.09,65.31,53.23,61.15,103.57,23.88,75.53,13.565,67.62,50.665,116.06,40.67,66.384,103.66,54.898,22.36,51.87
2018-09-04,12.95,21.533,31.575,78.76,102.84,11.85,52.73,44.94,107.33,81.88,43.75,20.167,24.085,979.0,64.68,52.57,61.18,105.21,23.62,75.19,13.312,67.04,50.629,115.15,40.35,66.807,103.77,54.78,21.6,51.51
2018-09-05,12.97,21.474,31.595,79.39,102.37,11.83,52.73,45.65,107.77,80.4,42.93,20.171,24.365,958.75,64.68,53.18,61.615,105.6,23.56,74.95,13.921,67.41,51.349,113.96,40.35,67.002,103.76,54.812,21.2,51.43
2018-09-06,13.03,21.107,33.15,79.63,102.54,11.61,51.66,44.99,107.87,80.1,42.95,20.163,24.55,944.31,64.72,53.14,61.65,106.4,23.3,75.24,13.678,68.02,50.93,114.2,39.99,67.516,104.06,54.854,20.95,51.46
2018-09-07,13.28,20.94,33.175,79.62,103.18,11.71,51.43,44.86,107.62,80.4,43.73,20.117,24.175,943.67,64.97,52.9,61.535,106.21,23.26,75.01,13.625,67.87,50.693,113.58,39.24,67.425,103.58,54.75,21.01,50.83
2018-09-10,12.83,20.896,33.125,79.41,103.01,11.84,50.7,44.43,107.15,79.12,43.47,20.088,24.16,958.43,64.86,52.87,61.595,106.3,23.31,74.91,13.609,68.29,50.346,113.88,38.66,67.265,103.65,53.916,20.29,50.78
2018-09-11,12.81,20.5,33.375,79.12,104.8,11.82,50.63,45.0,107.08,77.22,43.34,19.941,24.255,954.16,64.71,53.24,61.77,105.22,23.25,75.64,13.766,68.32,50.629,113.89,38.0,66.807,103.75,54.746,20.15,50.68
2018-09-12,13.14,20.338,33.15,78.57,105.0,11.83,50.13,44.42,106.13,81.26,44.4,19.646,24.08,946.84,64.69,52.83,61.285,103.4,22.73,74.96,13.664,67.99,50.091,112.1,38.3,67.219,103.18,53.836,20.69,50.3
2018-09-13,13.14,20.416,33.05,78.67,105.55,11.66,49.91,44.43,105.68,81.37,43.67,19.768,24.24,937.57,64.65,52.05,61.2,103.1,22.84,75.12,13.551,67.95,50.201,113.08,38.66,67.871,103.0,53.818,20.55,50.34
2018-09-14,13.19,20.299,32.765,78.93,105.18,11.55,49.82,44.15,106.42,80.68,43.38,19.815,24.14,935.75,64.72,52.04,61.28,103.13,23.09,75.43,13.354,68.04,49.717,113.64,38.99,67.848,103.07,53.59,20.81,50.54
2018-09-17,13.5,20.162,33.075,79.17,106.07,11.4,49.77,44.7,106.83,82.67,44.41,19.944,24.185,930.0,64.9,52.6,61.43,103.51,23.04,76.1,13.414,68.27,50.365,114.27,39.0,67.825,103.52,53.58,21.24,50.86
2018-09-18,13.61,20.813,33.375,79.68,107.25,11.64,51.33,44.85,107.42,82.9,44.76,20.063,24.155,943.49,64.95,52.63,61.6,104.09,23.15,76.62,13.696,68.35,49.836,113.52,39.44,67.722,103.95,53.742,21.46,51.3
2018-09-19,13.71,20.798,32.99,79.31,107.29,11.94,50.59,44.74,107.41,82.97,45.1,19.729,23.65,955.73,65.11,51.91,61.765,102.38,23.88,76.79,13.702,66.75,49.526,111.36,39.34,67.093,103.99,53.056,21.69,52.32
2018-09-20,13.71,20.455,32.95,79.73,108.18,11.89,49.98,44.41,107.6,83.43,45.4,20.138,23.745,950.07,65.1,52.38,62.2,103.0,23.98,77.58,13.79,67.24,48.997,113.69,39.77,67.162,104.55,53.488,21.95,52.27
2018-09-21,13.52,20.514,32.795,79.65,106.85,12.06,50.48,44.46,108.26,82.53,44.76,20.552,23.76,955.01,64.81,52.43,62.17,103.86,24.01,78.0,13.696,67.56,48.332,114.51,40.76,67.093,104.09,54.2,21.91,52.35
2018-09-24,14.3,20.906,32.625,79.4,106.51,12.47,51.15,43.77,108.32,81.5,44.46,20.523,23.535,949.51,64.69,51.81,62.295,102.87,23.68,77.8,13.617,66.59,48.423,112.36,42.27,67.368,104.34,54.22,21.67,52.06
2018-09-25,14.51,20.847,32.6,78.97,105.39,12.13,50.19,42.91,107.11,79.92,45.55,20.702,23.44,944.61,64.73,51.99,61.615,103.1,23.48,77.11,13.402,66.03,48.551,113.97,42.1,67.711,104.43,54.538,21.8,51.76
2018-09-26,14.09,20.999,32.695,79.22,104.99,12.01,50.58,42.17,107.83,80.86,43.91,20.835,23.88,930.71,65.05,52.86,61.8,102.91,23.66,77.58,13.386,66.65,48.049,116.47,41.92,67.654,104.38,54.98,21.69,52.18
2018-09-27,14.53,21.097,32.64,79.3,105.9,13.09,51.27,42.3,107.9,81.18,44.33,20.843,24.05,958.62,65.0,52.86,61.16,103.71,23.48,77.68,13.376,67.32,47.922,116.84,42.56,68.145,104.55,55.28,22.45,51.97
2018-09-28,14.29,20.666,32.435,78.49,107.4,12.97,49.98,41.68,106.54,80.8,44.12,20.656,23.805,949.87,64.51,52.33,60.515,102.96,23.09,76.99,13.336,66.43,47.639,115.9,41.8,67.413,103.54,54.646,22.6,51.35
2018-10-01,14.28,21.092,31.76,78.32,107.34,13.35,50.93,42.5,106.85,80.57,43.69,20.674,23.445,939.99,64.48,52.37,60.755,101.57,23.06,76.19,13.103,65.88,48.332,117.05,42.86,66.338,103.6,55.398,21.98,51.22
2018-10-02,15.0,20.568,32.12,77.52,105.5,12.97,50.43,42.78,106.29,83.77,45.97,20.552,23.33,925.01,64.53,52.27,60.355,101.13,22.85,75.49,13.063,65.31,48.97,115.35,42.75,65.606,102.91,54.75,22.14,50.74
2018-10-03,14.96,20.695,31.74,77.5,104.19,13.42,51.1,43.44,106.79,82.02,44.93,20.498,23.065,930.25,64.47,52.14,60.515,100.95,23.19,75.47,13.002,65.89,49.025,115.19,43.7,69.449,103.11,54.412,21.87,50.93
2018-10-04,15.06,20.622,31.425,77.22,104.48,13.23,51.68,43.83,106.64,82.38,45.28,20.235,23.02,925.0,64.0,52.03,60.46,100.31,22.54,75.08,12.918,66.45,48.642,116.59,43.5,69.152,103.38,56.016,22.09,51.38
2018-10-05,14.84,20.24,31.125,77.03,104.93,13.06,50.68,43.65,105.59,81.79,45.45,20.149,23.05,930.02,63.74,51.84,60.255,100.84,21.86,75.27,12.795,66.59,49.015,117.32,43.57,69.415,102.89,57.112,22.09,50.85
2018-10-08,14.84,20.24,31.125,77.03,104.93,13.06,50.68,43.65,105.59,81.79,45.45,20.149,23.05,930.02,63.74,51.84,60.255,100.84,21.86,75.27,12.795,66.59,49.015,117.32,43.57,69.415,102.89,57.112,22.09,50.85
2018-10-09,14.65,19.755,31.2,76.51,105.88,12.86,50.42,43.63,105.58,79.64,43.6,20.167,22.7,917.01,63.41,51.07,60.02,100.52,21.93,74.49,12.846,66.5,48.222,118.3,44.11,68.626,102.31,57.74,22.36,50.74
2018-10-10,15.01,19.158,30.57,75.65,105.08,12.11,48.8,42.61,104.74,80.66,45.29,19.747,22.355,879.9,62.53,51.4,59.27,98.5,20.97,73.83,12.711,65.26,47.949,111.85,42.83,67.105,100.7,53.932,22.52,49.82
2018-10-11,16.44,18.438,30.84,74.11,102.56,11.69,46.36,41.49,103.15,86.25,48.71,19.402,22.135,888.37,60.91,50.88,57.85,97.85,20.31,71.99,12.594,64.47,46.755,109.77,42.44,66.247,98.7,52.994,23.41,48.19
2018-10-12,16.23,18.536,30.96,74.29,104.1,11.42,47.75,41.68,102.89,86.11,48.59,19.574,22.16,891.17,60.6,50.91,57.855,98.97,20.52,71.71,12.767,64.68,46.746,110.49,42.72,68.294,98.78,54.002,22.64,48.12
2018-10-15,16.52,18.31,31.02,74.06,102.87,11.01,47.84,41.98,102.9,86.81,49.35,19.431,22.285,874.99,60.33,51.43,57.63,99.32,19.91,71.1,12.777,65.56,47.037,110.16,43.53,67.654,98.4,53.928,22.87,47.7
2018-10-16,16.48,18.595,31.07,74.9,102.55,11.39,47.66,43.25,103.86,85.05,48.23,19.65,22.56,927.14,61.06,51.79,58.2,100.83,20.06,71.83,12.83,66.53,47.356,111.96,43.98,68.694,99.66,54.232,22.79,48.05
2018-10-17,16.54,18.271,30.995,75.0,102.35,11.29,47.17,42.2,104.12,84.98,47.86,19.984,22.63,907.16,61.59,51.92,58.26,100.76,20.59,72.23,12.91,67.09,47.758,110.7,43.96,69.747,99.98,53.684,22.86,48.54
2018-10-18,17.26,18.144,30.555,74.3,100.77,11.12,46.4,42.35,103.68,84.83,48.44,19.589,22.605,889.97,60.99,52.59,57.86,100.99,20.22,71.42,12.968,67.49,47.967,109.01,43.23,70.135,98.96,52.118,22.89,48.34
2018-10-19,17.29,18.203,30.765,74.04,100.72,11.15,46.85,42.88,103.69,85.0,48.53,19.74,22.845,886.24,61.02,53.45,57.87,101.06,20.86,71.17,13.246,66.82,48.706,111.1,43.81,69.838,99.0,52.222,22.81,49.34
2018-10-22,17.17,18.345,30.875,73.47,101.0,11.27,46.45,42.19,102.9,84.1,47.56,19.725,22.75,905.92,60.54,53.05,57.78,100.22,21.15,70.85,13.143,67.68,48.067,111.52,43.83,70.399,98.26,53.032,22.45,49.43
2018-10-23,17.44,18.026,30.815,73.68,101.16,11.16,45.19,42.36,102.58,84.17,48.6,19.585,22.83,881.68,60.87,52.99,57.465,97.68,21.0,70.76,13.159,67.4,46.718,108.25,42.77,70.204,98.44,51.922,22.61,49.03
2018-10-24,17.03,17.659,30.375,72.46,100.34,10.89,43.44,41.17,99.69,82.79,47.82,19.021,22.735,860.0,59.53,52.7,56.44,94.63,20.17,69.15,13.193,67.78,46.007,107.79,41.09,69.266,94.6,51.308,22.16,47.38
2018-10-25,16.43,17.894,30.815,72.44,100.87,11.1,43.98,40.79,99.72,80.58,46.36,19.129,22.7,860.0,60.06,52.44,56.625,94.8,20.46,70.14,13.055,67.51,45.634,106.7,41.79,69.403,94.73,51.3,21.23,48.15
2018-10-26,16.84,18.075,30.295,72.31,100.63,11.12,44.36,40.96,98.86,81.33,46.06,18.924,22.42,871.46,59.6,51.56,56.12,95.76,20.15,69.99,12.988,66.75,45.378,107.57,41.5,68.763,94.49,51.398,21.49,47.69
2018-10-29,16.68,17.517,30.35,72.32,101.04,10.87,43.49,40.05,97.78,81.17,46.63,18.816,22.365,865.41,58.93,51.31,56.145,95.19,19.86,69.52,13.055,66.79,44.959,107.67,41.0,68.237,94.02,51.292,21.54,47.35
2018-10-30,16.75,17.811,31.175,72.89,101.36,11.09,43.5,40.03,99.14,82.07,46.76,19.1,22.505,888.2,59.71,51.56,56.78,99.47,21.02,69.99,13.179,67.95,45.305,111.7,41.26,68.912,95.39,53.304,21.77,48.27
2018-10-31,16.49,17.689,31.515,73.03,104.01,11.14,44.16,41.02,98.43,82.22,46.5,19.301,22.54,906.01,59.76,50.95,56.84,100.64,20.73,70.65,13.232,67.79,45.251,112.54,41.12,70.078,95.92,53.994,21.64,48.21
2018-11-01,17.5,18.531,31.62,72.67,104.37,11.49,44.06,41.53,98.57,84.99,48.56,19.362,22.665,903.24,59.61,53.46,56.955,98.4,20.8,70.73,13.103,66.81,46.418,111.5,41.5,69.312,95.86,53.676,22.49,48.19
2018-11-02,17.28,18.364,32.095,72.91,103.74,11.47,44.08,41.19,98.45,85.5,48.83,19.359,22.425,900.81,60.04,52.9,56.935,97.42,21.97,71.09,13.025,66.65,46.263,111.5,42.03,68.9,95.75,53.89,22.45,49.04
2018-11-05,17.31,18.805,32.41,73.21,104.74,11.8,44.63,42.38,98.93,84.29,47.56,19.531,22.405,896.0,60.58,53.15,57.2,98.29,21.61,70.97,13.648,66.7,46.709,111.85,42.25,68.946,95.64,54.326,21.94,48.89
2018-11-06,17.26,19.158,32.465,73.33,104.86,11.9,45.07,43.43,99.45,85.91,47.26,19.545,22.345,896.98,60.23,52.92,57.38,98.8,21.59,71.16,13.828,66.33,47.347,112.44,42.19,72.114,95.54,54.34,21.78,48.99
2018-11-07,17.0,18.741,33.13,73.41,104.09,12.06,46.1,43.54,99.32,85.64,46.81,19.585,22.505,913.58,60.29,53.59,57.465,100.07,21.44,70.99,14.203,66.97,47.284,113.08,41.5,71.577,95.93,54.886,21.49,49.41
2018-11-08,17.29,18.697,33.125,73.6,104.0,12.08,44.9,43.32,99.46,86.19,46.84,19.596,22.965,909.34,60.65,53.98,57.835,100.45,22.33,71.5,14.425,67.26,47.593,113.16,41.85,72.4,96.59,54.87,21.6,48.63
2018-11-09,17.09,18.198,33.4,73.24,105.04,11.82,44.41,43.49,98.87,85.69,45.25,20.544,22.94,893.66,60.45,54.1,57.615,101.58,22.33,70.79,14.583,67.54,46.782,113.17,40.88,72.629,95.95,55.13,21.54,48.45
2018-11-12,16.65,18.232,33.25,72.57,105.11,11.51,44.33,43.52,98.65,84.15,45.01,20.498,23.075,889.47,59.92,54.2,56.995,101.53,22.17,70.41,14.72,67.78,47.056,111.62,41.64,72.48,95.33,54.36,20.91,48.56
2018-11-13,16.44,17.664,33.38,73.07,104.7,11.04,43.09,43.25,98.97,83.93,44.48,20.857,23.1,892.16,60.51,54.83,57.24,101.77,22.33,70.92,14.65,70.09,46.481,112.41,40.6,72.663,95.75,54.902,20.82,48.83
2018-11-14,16.85,17.806,33.55,72.85,105.29,10.78,44.26,42.61,99.0,86.11,46.21,20.839,23.185,900.38,60.88,55.08,57.17,100.5,22.13,71.09,14.677,70.26,47.438,112.42,41.55,72.549,95.3,54.702,21.3,48.47
2018-11-15,17.1,17.507,32.925,72.98,105.62,10.94,44.17,42.55,99.38,87.02,46.52,20.796,23.125,900.0,60.88,54.8,57.355,101.53,22.0,71.09,14.717,70.15,47.776,112.33,42.04,73.796,95.65,55.206,20.28,49.03
2018-11-16,17.15,17.483,32.885,72.62,105.29,10.67,43.68,42.68,99.05,88.66,47.38,20.742,23.34,913.5,60.7,55.24,57.14,100.96,22.01,70.97,14.688,70.67,47.912,112.8,41.98,73.681,95.37,55.18,21.22,48.62
2018-11-19,17.26,17.561,32.65,71.71,103.21,10.6,43.18,43.79,98.01,88.81,47.08,20.692,23.52,894.21,60.34,55.7,56.78,101.01,21.77,70.76,14.698,70.25,48.514,113.7,41.52,73.018,94.82,55.078,21.09,48.44
2018-11-20,17.35,17.16,32.185,70.45,102.53,9.94,42.98,43.94,96.82,91.0,47.71,20.365,23.415,882.8,59.6,55.35,56.125,99.96,21.3,69.67,14.637,69.05,49.052,109.1,39.69,72.766,93.62,52.558,21.04,47.74
2018-11-21,17.85,17.449,32.655,71.12,102.45,10.13,44.5,44.32,97.76,93.0,49.41,20.591,23.57,910.15,60.19,55.79,56.745,100.46,21.42,70.28,15.092,69.87,49.161,112.4,40.29,72.617,95.88,54.31,21.59,48.35
2018-11-22,18.09,17.527,32.66,71.04,101.86,10.09,44.89,44.02,97.54,93.41,49.91,20.354,23.665,921.02,59.9,55.79,56.575,99.5,21.77,70.05,15.01,69.87,48.997,111.94,40.36,73.086,94.94,54.02,21.65,48.38
2018-11-23,17.4,16.45,32.925,71.45,102.5,9.25,43.05,43.4,97.69,91.18,47.63,20.548,23.725,905.0,60.04,56.2,56.84,99.93,21.68,70.18,15.25,69.4,48.824,112.22,39.58,73.761,95.06,53.992,21.07,48.53
2018-11-26,17.27,16.523,33.25,71.75,102.8,9.29,43.15,42.81,97.48,91.11,47.25,20.94,23.775,912.6,60.06,56.82,56.895,101.94,22.0,70.09,15.255,70.1,48.423,112.2,40.04,74.264,94.88,53.39,20.86,48.72
2018-11-27,16.93,15.984,32.865,71.95,102.39,9.4,43.29,42.51,98.08,89.51,46.46,21.112,23.795,902.47,60.05,57.01,57.37,102.15,21.77,70.15,15.283,71.03,48.769,111.63,39.87,67.965,95.49,53.546,20.37,47.74
2018-11-28,17.33,15.847,34.525,73.6,103.44,9.19,43.25,42.93,99.75,91.06,47.13,21.159,23.735,936.64,60.48,56.86,58.095,104.7,22.02,72.13,15.148,70.25,48.651,113.53,40.99,69.013,98.1,55.764,20.96,49.0
2018-11-29,17.34,16.381,34.97,73.48,103.54,9.75,43.55,43.95,99.36,90.64,46.4,21.13,23.78,938.0,60.46,57.12,56.23,104.07,21.77,72.8,15.333,70.34,49.59,112.87,40.56,68.972,97.82,55.888,20.88,48.58
2018-11-30,16.93,16.352,34.95,73.56,106.37,9.82,42.84,43.66,99.13,92.0,46.73,20.925,23.845,911.27,60.6,56.95,55.75,104.28,21.97,72.3,15.323,70.87,49.635,114.16,39.57,69.709,97.42,56.202,20.86,49.0
2018-12-03,17.2,17.914,34.77,73.06,104.64,10.99,42.93,44.19,99.0,91.59,47.35,20.875,23.815,934.4,60.39,56.76,55.415,103.24,22.03,72.57,15.365,71.08,50.483,112.73,38.09,68.359,97.45,55.212,21.34,49.03
2018-12-04,17.43,17.537,34.52,71.84,103.16,10.77,42.61,43.59,95.19,93.99,48.69,20.458,23.83,928.17,60.06,57.18,54.795,103.23,21.4,71.67,15.312,71.58,50.164,108.83,38.39,70.177,96.71,53.028,21.35,47.72
2018-12-05,17.63,18.281,34.445,72.05,103.17,11.08,44.02,44.5,93.99,93.56,49.41,20.609,23.95,939.99,60.2,57.32,54.825,105.42,21.66,72.13,15.517,71.23,50.428,111.3,39.57,71.194,97.6,53.742,21.51,47.97
2018-12-06,17.87,17.258,34.47,70.54,101.41,10.23,41.08,42.85,93.9,94.11,51.29,20.257,23.985,912.39,59.46,57.47,53.97,104.14,20.75,71.43,15.507,71.72,49.189,108.3,37.86,70.768,95.72,52.4,21.68,46.1
2018-12-07,18.22,17.547,33.415,69.83,100.31,10.16,41.88,42.43,92.71,96.08,53.13,19.934,23.9,900.57,58.96,56.96,53.735,102.37,20.19,71.6,15.252,71.22,48.806,104.88,37.46,69.761,94.56,50.4,21.99,45.56
2018-12-10,18.55,17.62,33.485,69.55,101.5,10.04,41.75,42.09,92.16,95.44,52.64,20.059,23.39,910.71,58.79,56.71,53.385,102.74,20.04,71.83,15.585,70.52,48.086,105.4,36.5,70.01,94.09,51.026,21.93,45.41
2018-12-11,18.22,17.042,34.425,69.39,100.44,10.1,40.84,42.12,91.19,94.76,52.36,19.775,23.415,890.77,58.7,56.56,52.775,103.37,19.85,71.48,15.43,70.37,48.149,104.52,35.75,69.823,93.36,51.268,21.93,45.01
2018-12-12,18.75,17.414,34.0,69.75,101.45,10.52,41.43,42.49,91.04,95.95,52.74,19.937,23.475,920.03,58.67,56.83,53.25,103.67,19.97,72.23,15.448,70.66,48.569,105.54,36.24,70.395,94.42,51.272,22.22,45.25
2018-12-13,18.85,17.287,33.975,69.72,99.68,10.6,40.96,43.11,90.07,97.76,53.45,19.829,23.37,911.01,58.67,55.99,53.545,103.55,19.81,72.05,15.52,70.79,48.888,105.18,35.53,71.246,94.21,50.832,22.16,45.07
2018-12-14,18.25,16.787,33.55,69.58,99.58,10.26,39.62,42.77,89.9,96.22,51.92,19.912,23.305,878.19,58.38,56.22,53.6,102.88,19.69,72.0,15.175,70.74,48.815,103.56,34.78,71.184,94.32,49.042,25.34,44.84
2018-12-17,18.3,16.234,33.225,68.8,97.82,9.85,39.09,41.92,89.01,95.93,52.88,19.445,22.985,865.59,57.57,55.78,52.76,100.98,19.18,71.64,15.235,70.18,47.694,101.0,35.1,70.218,93.5,48.432,25.54,43.83
2018-12-18,18.71,16.161,33.5,68.63,99.22,9.52,38.98,41.38,89.65,97.6,54.35,19.492,22.895,881.16,57.66,55.58,52.59,101.48,19.51,71.2,15.25,70.83,46.809,101.6,35.05,69.242,93.8,49.274,26.7,44.43
2018-12-19,17.34,15.96,33.025,67.58,98.74,9.39,38.41,42.44,89.03,93.08,51.6,19.125,22.855,887.19,57.36,55.48,52.13,101.62,19.52,69.94,15.283,70.48,47.557,100.94,35.04,69.117,92.68,48.452,25.31,43.94
2018-12-20,18.1,15.867,32.82,67.19,97.88,9.15,37.13,41.89,88.49,95.67,54.55,18.554,22.795,855.0,56.54,55.13,51.655,100.39,19.45,69.22,15.105,69.66,46.135,99.58,34.44,68.224,92.21,47.112,26.07,43.94
2018-12-21,17.85,15.47,32.82,66.15,96.51,9.01,36.33,41.92,87.18,94.09,54.09,18.241,22.41,824.35,55.4,54.3,50.655,98.6,18.62,67.09,15.172,68.55,45.57,98.08,34.66,66.656,90.95,46.818,25.73,43.57
2018-12-24,18.63,14.809,32.885,65.61,96.11,8.74,35.53,39.79,86.32,96.1,55.57,17.957,22.235,836.44,54.97,53.52,50.4,96.55,18.5,66.84,15.11,68.34,44.111,96.51,33.54,65.909,90.21,45.67,26.35,43.35
2018-12-25,18.63,14.809,32.885,65.61,96.11,8.74,35.53,39.79,86.32,96.1,55.57,17.957,22.235,836.44,54.97,53.52,50.4,96.55,18.5,66.84,15.11,68.34,44.111,96.51,33.54,65.909,90.21,45.67,26.35,43.35
2018-12-26,18.63,14.809,32.885,65.61,96.11,8.74,35.53,39.79,86.32,96.1,55.57,17.957,22.235,836.44,54.97,53.52,50.4,96.55,18.5,66.84,15.11,68.34,44.111,96.51,33.54,65.909,90.21,45.67,26.35,43.35
2018-12-27,18.68,15.803,33.85,67.51,97.7,9.29,37.57,41.37,88.62,95.98,55.66,18.658,22.48,883.94,55.62,53.75,50.53,100.63,19.08,68.26,15.185,69.08,44.904,99.95,34.74,67.57,92.71,47.682,26.52,44.36
2018-12-28,17.63,16.068,33.965,67.63,98.4,9.38,37.84,42.16,88.81,94.8,55.01,18.647,22.6,864.0,55.82,53.96,50.8,100.64,19.11,68.8,15.15,69.95,44.567,100.56,34.94,67.975,93.1,48.286,26.46,44.51
2018-12-31,18.43,16.131,33.975,67.86,99.19,9.6,38.13,42.41,89.19,95.73,55.1,18.798,22.625,873.86,56.05,53.93,50.84,101.33,19.37,68.05,15.278,69.96,44.439,101.11,34.59,68.463,93.44,48.448,26.65,45.29
2019-01-02,17.81,16.45,34.0,68.25,98.86,9.85,38.4,42.86,89.56,95.27,54.81,18.529,22.555,850.71,56.53,53.97,51.15,100.16,19.42,68.27,15.262,69.5,45.953,100.52,34.69,67.082,93.62,48.598,26.17,45.1
2019-01-03,17.57,16.469,32.985,67.3,97.67,9.76,38.07,42.9,88.74,96.0,55.6,18.367,22.46,825.48,56.27,54.03,50.96,98.92,19.28,67.83,15.167,70.0,46.062,98.76,34.06,65.659,92.57,47.098,26.55,44.54
2019-01-04,17.55,16.964,33.71,67.98,98.49,10.3,39.28,43.72,90.15,92.72,54.23,18.992,22.355,842.67,56.54,53.41,51.49,99.15,19.88,68.56,15.2,70.0,46.983,100.77,35.03,66.168,94.14,48.45,25.93,45.13
2019-01-07,17.19,16.881,34.615,67.69,98.38,10.34,39.52,44.58,89.93,91.08,52.96,19.122,22.415,880.71,57.31,53.7,51.76,99.32,19.88,68.76,15.342,70.34,47.429,103.0,34.83,65.566,93.91,49.02,25.54,45.15
2019-01-08,16.32,16.91,35.235,67.82,99.76,10.46,39.7,45.37,90.73,90.98,52.6,19.107,22.43,889.35,57.44,54.55,51.9,100.18,20.2,69.25,15.462,70.9,48.122,103.36,35.2,65.618,93.74,49.864,25.65,45.08
2019-01-09,16.43,17.184,35.4,68.14,100.48,10.72,40.56,45.7,91.89,92.27,53.47,19.359,22.58,916.41,58.69,54.35,52.58,100.5,20.64,70.47,15.62,71.17,48.168,104.97,35.28,66.251,95.74,50.398,25.75,46.33
2019-01-10,16.37,17.434,35.315,68.8,100.59,10.85,40.64,45.9,92.47,92.54,52.51,19.351,22.675,911.03,59.24,55.14,52.895,102.2,20.6,71.2,15.722,71.92,49.061,106.42,35.42,67.207,96.62,50.274,25.51,46.83
2019-01-11,16.52,17.654,35.5,68.86,100.53,10.75,40.35,45.9,92.76,93.31,52.84,19.391,22.74,910.04,59.5,55.49,53.365,102.79,20.63,71.37,15.965,72.38,49.098,105.98,35.3,67.643,96.6,50.19,25.65,47.02
2019-01-14,16.32,17.767,35.97,68.65,101.8,10.64,40.56,46.32,92.82,93.76,52.87,19.434,22.815,915.79,59.32,55.23,53.105,103.06,20.58,71.28,16.017,71.98,49.17,108.23,35.82,67.985,96.89,51.442,25.4,46.83
2019-01-15,15.71,18.217,35.985,69.33,101.0,10.78,41.35,47.25,93.62,92.81,51.9,19.459,22.79,924.05,59.29,55.62,53.405,104.67,20.86,71.57,16.155,71.57,49.736,107.82,36.25,68.339,97.27,51.388,25.21,47.23
2019-01-16,15.73,17.919,35.815,70.63,101.23,10.58,40.77,47.22,94.89,91.69,52.11,19.585,22.755,918.37,59.83,55.53,53.965,103.82,20.94,72.27,16.045,71.69,49.836,108.63,36.61,69.377,97.84,51.338,25.36,47.81
2019-01-17,15.78,17.831,35.9,71.34,102.67,10.69,41.55,47.38,95.7,91.75,52.38,19.89,22.96,921.86,60.18,55.57,54.285,104.91,21.06,73.1,16.075,72.37,50.1,109.0,36.95,69.605,98.42,51.818,25.35,48.28
2019-01-18,15.64,17.88,35.915,72.34,103.07,10.79,42.49,47.91,96.73,91.48,51.74,20.113,23.1,940.98,60.74,55.83,54.845,106.77,21.38,73.34,15.908,72.61,50.401,109.25,37.21,70.114,98.64,52.344,25.25,48.86
2019-01-21,15.89,17.865,35.76,72.9,102.93,10.62,43.28,48.45,96.76,92.52,52.07,20.102,22.96,918.0,60.93,55.67,54.88,106.56,21.25,73.77,15.925,72.56,50.41,111.8,36.71,69.553,99.74,52.654,25.18,48.5
2019-01-22,15.74,16.817,35.5,72.41,103.17,10.35,42.12,47.61,96.7,93.4,52.5,19.919,23.0,927.99,60.32,55.76,54.87,107.16,21.06,73.8,15.983,73.02,50.501,108.21,36.56,70.322,100.0,52.328,25.17,47.94
2019-01-23,15.74,16.773,35.725,72.2,103.72,10.12,41.51,47.57,96.61,93.97,52.27,19.865,23.06,956.17,60.51,55.82,54.555,107.23,21.09,73.37,15.86,72.61,49.991,108.48,36.51,70.903,98.65,52.382,25.15,48.02
2019-01-24,15.82,17.12,35.645,72.66,103.71,10.17,42.3,47.55,96.8,94.95,52.92,19.948,23.13,961.36,60.72,55.93,54.88,107.09,20.87,73.49,15.818,70.94,50.246,109.57,36.65,70.644,98.99,53.93,25.18,47.58
2019-01-25,16.2,17.096,35.15,72.83,102.69,10.28,42.35,47.74,97.24,96.35,54.64,19.987,23.085,964.63,60.86,56.03,55.12,107.09,20.86,73.57,15.8,69.69,50.438,110.37,36.99,70.145,99.06,54.3,25.89,47.53
2019-01-28,16.39,17.023,35.27,73.17,102.23,10.31,42.2,47.82,96.68,98.87,55.03,19.88,23.2,982.54,61.14,56.41,55.23,106.79,20.94,73.78,15.89,70.74,50.328,110.95,36.74,70.187,99.39,53.802,25.84,47.88
2019-01-29,17.21,17.302,35.66,73.71,103.02,10.46,42.5,48.34,97.05,101.41,56.26,20.027,23.04,980.68,61.31,56.95,55.525,107.51,21.03,74.32,15.852,70.77,51.094,110.43,36.6,70.779,99.71,54.5,26.72,47.8
2019-01-30,17.17,17.502,35.45,73.73,103.26,10.54,42.52,48.09,97.73,100.32,56.38,20.045,23.065,976.26,61.65,56.74,55.605,108.82,21.05,74.47,15.775,69.86,50.693,109.58,37.27,70.8,100.03,54.264,26.87,47.62
2019-01-31,17.59,17.272,35.66,74.0,103.86,10.26,42.38,48.01,96.18,101.93,57.15,20.314,23.01,980.62,61.8,57.13,55.705,109.65,21.11,74.8,15.908,71.08,50.939,109.65,37.28,71.35,100.02,53.862,27.68,47.4
2019-02-01,17.33,17.14,35.665,73.77,104.79,10.06,42.37,48.39,95.94,100.56,56.62,20.35,23.175,976.46,61.85,57.06,55.6,110.31,20.97,73.82,15.99,71.24,50.438,109.0,35.54,71.288,100.11,53.422,27.6,47.56
2019-02-04,17.51,17.419,36.05,74.26,104.5,10.11,43.38,49.08,96.72,100.83,57.14,20.598,23.225,992.19,62.12,56.99,55.66,109.65,20.69,74.23,16.13,71.47,50.82,108.89,36.39,71.848,100.54,53.564,27.83,47.42
2019-02-05,17.53,17.507,36.65,74.54,104.58,10.23,43.5,49.45,97.25,100.85,57.4,20.796,23.435,991.23,62.29,57.4,56.07,110.91,20.77,74.54,16.513,72.15,51.13,109.88,36.13,72.783,101.2,53.6,28.15,47.85
2019-02-06,17.5,17.248,36.65,74.78,108.43,10.36,43.76,49.41,97.2,100.28,56.78,20.724,23.41,983.73,62.41,57.56,56.14,111.12,21.0,74.61,16.642,71.37,51.139,109.02,36.19,72.513,101.39,53.226,27.79,47.69
2019-02-07,17.73,16.89,37.0,74.57,110.99,10.09,43.38,49.31,97.14,99.61,56.99,20.893,23.575,993.56,61.69,57.49,55.475,111.34,21.11,74.83,16.635,71.8,51.048,109.97,35.98,73.094,101.4,53.422,27.94,47.62
2019-02-08,18.07,16.719,36.985,74.62,111.42,9.93,42.81,47.92,96.95,99.98,57.48,20.832,23.59,993.0,61.59,57.34,55.475,111.02,20.82,74.48,16.657,71.94,50.328,109.64,35.49,73.354,100.91,53.158,28.31,47.4
2019-02-11,17.89,16.993,36.72,73.97,109.91,10.04,42.99,48.3,96.98,98.72,56.62,20.605,23.235,991.28,61.74,57.0,55.445,111.27,20.79,74.48,16.59,71.02,49.809,108.25,35.62,72.658,100.45,52.678,28.05,46.71
2019-02-12,17.71,17.463,36.755,74.63,110.34,10.43,43.08,47.24,97.82,98.43,55.6,20.609,23.415,1011.72,61.94,57.18,56.13,112.42,21.15,74.62,16.74,71.64,50.41,108.13,35.75,72.544,100.75,52.872,27.83,47.01
2019-02-13,17.02,17.36,36.75,74.87,109.03,11.04,42.86,47.57,97.87,98.21,55.12,20.516,23.45,991.46,62.05,57.06,55.955,111.21,20.93,74.59,16.63,71.27,50.738,108.15,35.66,72.253,100.84,52.344,27.67,46.38
2019-02-14,17.15,17.341,36.9,74.61,109.0,11.11,43.24,47.35,97.35,99.17,55.69,20.49,23.41,1132.67,61.79,57.18,55.915,107.56,21.4,74.32,16.712,72.7,51.376,109.94,35.44,72.69,100.67,53.632,28.16,46.87
2019-02-15,17.12,18.056,37.185,75.36,109.21,11.48,44.88,47.4,98.13,101.12,57.16,20.943,23.55,1095.31,62.19,57.33,56.525,109.8,21.47,74.77,16.68,72.59,51.723,111.38,36.22,72.825,101.41,54.144,28.24,49.06
2019-02-18,17.12,18.056,37.185,75.36,109.21,11.48,44.88,47.4,98.13,101.12,57.16,20.943,23.55,1095.31,62.19,57.33,56.525,109.8,21.47,74.77,16.68,72.59,51.723,111.38,36.22,72.825,101.41,54.144,28.24,49.06
2019-02-19,17.91,18.203,36.65,75.69,111.16,11.62,45.49,47.89,98.16,101.61,57.26,21.04,23.575,1132.24,62.34,57.63,56.61,108.89,21.83,74.89,16.673,72.55,51.869,112.05,36.76,72.544,101.79,54.602,28.81,49.11
2019-02-20,18.14,18.252,36.635,76.29,110.93,11.64,45.24,48.3,99.05,101.29,57.64,21.08,23.5,1158.44,62.56,57.68,57.1,109.9,22.27,75.58,16.635,72.64,52.935,113.39,36.42,72.025,102.78,54.782,28.99,49.64
2019-02-21,17.55,18.08,36.365,76.33,110.83,11.48,45.01,48.81,98.47,101.05,57.18,20.983,23.635,1159.97,62.64,57.89,56.96,109.82,22.18,75.5,16.375,73.0,53.464,113.59,36.03,72.7,102.27,54.584,28.69,49.66
2019-02-22,17.13,18.066,36.775,76.22,110.72,11.69,44.92,48.67,98.73,100.86,57.26,20.993,23.67,1158.29,62.58,58.09,57.12,109.63,22.31,75.38,16.022,73.21,53.528,112.76,36.0,72.69,101.74,54.718,29.47,49.7
2019-02-25,16.6,18.124,36.625,76.57,110.89,11.8,44.79,48.65,99.18,100.38,57.04,21.011,23.875,1123.35,62.52,58.36,57.305,109.33,22.76,75.42,16.237,73.07,53.701,113.69,35.88,72.388,102.42,55.02,29.65,50.43
2019-02-26,16.59,18.237,37.625,76.72,110.5,12.11,44.91,49.01,101.66,100.7,56.95,21.18,23.98,1112.15,62.53,58.43,56.755,108.85,22.52,73.17,16.353,72.85,53.947,113.72,35.59,74.528,102.64,54.662,29.36,50.58
2019-02-27,16.43,18.408,37.675,77.3,109.62,12.03,45.5,49.04,102.94,98.93,55.89,21.238,23.965,1114.8,62.13,58.42,57.365,110.25,22.46,72.72,16.41,72.88,53.747,114.02,35.96,73.79,103.3,54.888,28.91,51.11
2019-02-28,16.6,18.306,37.2,75.46,110.0,12.06,45.36,48.68,102.62,99.14,55.97,21.356,23.9,1123.73,62.09,58.52,55.815,109.71,22.24,73.14,16.385,72.71,53.646,112.92,35.63,74.309,102.85,54.384,28.62,49.82
2019-03-01,16.35,18.624,38.225,75.16,109.58,12.16,45.47,49.51,103.15,98.99,56.2,21.622,23.535,1141.59,62.16,57.91,55.95,111.32,22.52,72.67,16.222,70.18,54.157,113.48,35.45,74.881,103.46,54.382,28.41,50.37
2019-03-04,16.62,17.782,38.05,75.02,109.53,11.47,45.08,46.65,103.29,98.87,56.6,21.798,23.595,1144.14,62.33,58.25,56.36,112.32,22.6,72.76,16.33,69.77,54.403,114.87,36.29,74.87,103.42,55.15,28.6,50.66
2019-03-05,16.93,17.85,38.175,75.07,109.33,11.47,45.43,47.56,103.64,99.92,56.89,21.87,23.555,1150.0,62.18,58.35,56.485,112.43,22.73,72.43,16.192,69.73,54.494,115.33,36.24,75.265,103.74,54.97,29.07,50.85
2019-03-06,16.65,17.547,38.29,74.93,109.69,11.24,45.18,48.46,103.91,100.81,55.83,22.204,23.705,1160.38,62.0,58.9,56.4,113.38,22.48,72.72,16.243,70.68,55.032,116.33,36.43,76.012,103.68,54.7,28.8,50.91
2019-03-07,16.97,18.007,38.1,74.59,109.46,11.36,44.86,48.91,103.58,101.48,56.99,22.071,23.79,1143.08,61.85,58.97,56.165,114.09,22.23,72.37,16.302,70.68,54.84,116.69,36.78,76.002,103.23,55.1,29.14,50.69
2019-03-08,17.34,17.556,37.615,74.83,109.08,11.0,43.7,48.17,102.83,103.5,58.48,21.888,23.7,1134.22,61.61,59.18,55.935,113.67,22.16,72.25,16.195,70.94,54.631,115.96,36.54,74.953,102.87,55.008,29.62,50.35
2019-03-11,17.69,17.826,37.59,75.12,110.35,11.44,44.21,48.87,102.85,103.21,58.09,22.061,23.895,1129.47,61.83,59.52,56.23,114.53,22.54,72.53,16.24,71.59,54.904,117.13,36.2,76.054,102.98,55.244,29.47,50.5
2019-03-12,17.68,17.875,37.57,75.28,110.54,11.57,44.35,49.13,101.95,104.29,59.37,22.075,23.85,1122.35,61.97,59.6,56.085,113.7,22.48,72.83,16.25,71.64,55.059,117.09,36.44,76.272,102.65,54.446,29.59,50.78
2019-03-13,17.73,18.164,37.4,75.16,110.88,11.74,44.68,49.11,102.07,103.42,59.3,22.15,23.88,1114.52,61.79,59.59,55.975,113.16,22.65,72.76,16.225,71.59,54.84,117.4,36.7,76.916,102.76,54.446,29.85,50.9
2019-03-14,17.44,18.32,37.385,75.03,109.0,11.72,44.81,49.43,102.67,101.49,58.15,21.69,23.875,1097.69,61.86,58.31,56.09,113.02,22.42,72.86,16.253,72.39,54.886,116.73,36.76,77.175,102.64,54.296,29.27,50.61
2019-03-15,17.43,18.119,37.05,75.57,109.53,11.69,45.02,48.72,103.7,102.98,58.46,22.165,24.075,1106.56,62.28,58.92,56.45,112.69,22.61,73.09,16.415,72.48,54.877,116.88,36.39,78.141,103.54,54.716,30.4,51.28
2019-03-18,17.27,18.31,37.135,76.25,109.92,11.89,45.66,49.2,104.11,100.92,57.65,22.276,24.24,1109.41,62.65,59.13,56.845,113.22,23.31,73.7,16.368,72.85,55.706,118.4,37.11,78.162,104.17,55.2,29.96,51.71
2019-03-19,17.1,18.09,36.3,75.82,109.51,11.81,45.74,49.2,103.54,100.9,57.67,22.204,24.155,1107.38,62.62,58.92,56.67,112.6,23.58,73.48,16.282,71.97,55.16,116.06,36.67,78.359,103.6,53.904,30.28,51.85
2019-03-20,17.43,18.482,36.185,75.46,108.47,12.19,46.09,49.2,102.74,98.35,58.93,22.186,24.125,1110.32,62.33,58.71,56.045,111.99,23.2,72.78,16.173,72.35,55.415,115.36,37.08,78.245,102.91,53.288,30.5,51.12
2019-03-21,17.76,18.619,35.92,74.86,108.68,12.3,46.23,49.18,102.25,98.41,59.29,22.405,24.295,1122.74,62.49,59.03,55.9,113.92,22.92,72.48,16.433,72.23,55.296,117.16,37.18,79.709,102.48,54.444,32.25,51.35
2019-03-22,18.36,18.129,36.475,74.0,109.28,11.77,45.19,49.17,100.74,101.94,59.47,22.143,24.4,1103.49,61.34,59.17,54.64,114.61,22.36,71.39,16.407,72.7,55.305,116.2,36.43,80.675,102.13,53.822,32.93,50.32
2019-03-25,19.13,17.742,37.665,73.88,110.06,11.42,44.17,48.92,100.97,103.08,60.45,22.039,24.36,1092.63,60.92,59.18,54.6,115.77,22.13,70.79,16.465,71.39,55.488,115.4,35.85,80.218,102.03,53.752,33.3,50.25
2019-03-26,19.42,18.188,37.73,73.66,111.63,11.67,44.56,48.99,101.12,103.31,61.02,22.19,24.415,1120.75,61.13,59.41,54.3,117.65,22.42,70.62,16.385,71.51,55.488,117.18,36.49,80.125,102.74,53.97,33.57,50.5
2019-03-27,19.12,17.835,38.765,73.14,111.95,11.53,43.48,49.15,100.91,101.73,59.79,22.233,24.56,1115.66,61.04,59.53,53.36,118.28,22.65,70.78,16.507,71.92,55.333,117.99,36.0,80.862,102.07,54.294,33.69,51.14
2019-03-28,18.64,18.075,39.275,73.05,112.8,11.56,43.61,49.25,100.52,100.6,58.45,22.481,24.82,1134.98,60.75,59.39,53.51,119.22,22.67,71.29,16.615,72.05,54.877,119.84,36.7,82.274,101.78,55.038,32.78,51.36
2019-03-29,18.32,17.968,39.48,72.52,113.08,11.6,43.31,48.4,99.99,100.19,58.1,22.37,24.73,1132.5,60.31,59.34,52.8,118.37,22.6,71.14,16.48,71.87,54.713,119.63,36.48,82.108,100.82,55.068,31.81,51.34
2019-04-01,17.89,18.208,39.325,73.91,112.89,12.14,43.85,48.48,101.48,99.39,57.09,22.639,24.675,1151.15,61.29,59.14,53.78,116.69,23.22,71.15,16.49,71.46,55.624,120.69,36.64,81.963,102.5,55.69,31.63,52.13
2019-04-02,17.97,18.193,39.945,74.25,112.79,12.15,43.97,48.86,102.14,99.15,57.67,22.668,24.825,1182.44,61.44,59.62,54.06,116.43,23.25,70.82,16.642,72.18,55.697,120.53,36.61,81.641,103.02,55.202,31.52,52.21
2019-04-03,17.79,18.124,39.645,74.58,113.09,11.95,43.52,49.18,102.19,99.06,57.07,22.743,24.86,1159.26,61.7,59.56,54.145,117.72,23.44,71.1,16.745,72.49,55.779,120.46,36.2,82.43,103.39,55.208,31.3,52.73
2019-04-04,18.11,18.119,40.15,74.75,113.07,12.02,43.72,49.23,102.31,101.08,58.35,22.779,24.84,1152.61,61.8,59.65,54.625,117.13,23.42,71.3,16.718,72.1,55.624,120.95,36.15,81.277,103.44,55.414,31.63,52.51
2019-04-05,18.04,18.81,40.28,74.97,113.13,12.58,44.5,49.5,102.34,101.22,58.02,22.714,24.79,1171.18,61.97,59.79,54.765,117.6,23.62,71.37,16.65,71.89,56.117,120.7,36.57,81.547,103.6,55.742,31.4,52.86
2019-04-08,17.98,19.065,40.165,75.02,112.73,12.84,44.77,49.42,102.25,100.57,58.15,22.596,24.805,1168.51,61.77,59.69,54.71,116.75,23.6,71.24,16.62,72.37,56.19,121.12,37.47,81.381,103.44,56.004,31.75,52.88
2019-04-09,18.27,19.153,40.365,73.72,110.87,12.75,44.15,49.14,101.97,99.51,58.21,22.513,24.74,1165.98,61.81,59.51,54.56,116.89,23.54,71.05,16.625,71.83,55.889,120.41,37.47,81.173,103.16,55.95,31.36,52.5
2019-04-10,18.13,19.354,40.56,73.76,110.59,13.36,44.02,49.03,102.06,99.72,57.4,22.668,24.895,1175.56,61.94,59.83,54.575,117.71,23.7,71.35,16.667,71.97,56.19,120.31,38.66,81.661,103.5,56.118,31.38,52.66
2019-04-11,17.95,19.388,40.475,73.68,110.6,13.19,43.88,49.65,102.54,99.66,56.67,22.621,24.92,1189.42,61.96,60.21,54.625,116.88,24.0,71.26,16.635,71.46,56.472,120.7,38.73,81.921,103.78,56.498,30.98,53.17
2019-04-12,17.91,19.471,41.045,74.47,110.79,13.19,44.22,49.93,103.23,99.46,56.31,22.718,25.01,1196.45,62.54,60.51,54.975,117.38,24.17,71.78,16.6,71.09,56.563,121.99,38.77,82.617,104.69,56.942,30.84,53.56
2019-04-15,18.25,19.398,40.765,74.86,111.11,13.07,44.11,49.86,103.53,99.51,57.4,23.07,25.155,1174.49,62.82,60.68,55.175,119.09,24.3,72.04,16.585,71.44,56.609,122.74,38.9,83.157,105.05,56.85,31.23,53.73
2019-04-16,17.74,19.838,40.55,75.45,110.81,13.16,43.94,49.62,103.87,97.18,55.69,23.031,25.16,1147.0,62.82,60.57,55.39,118.41,24.54,72.54,16.545,71.19,56.609,123.06,39.39,82.908,105.68,56.44,30.66,54.48
2019-04-17,17.64,20.47,39.48,75.63,110.81,13.56,44.32,49.52,105.19,95.3,54.53,22.819,24.975,1167.55,62.96,60.51,55.44,117.62,24.73,72.85,16.462,70.94,56.837,124.28,39.34,82.866,106.44,57.38,29.53,54.5
2019-04-18,17.7,20.539,39.64,75.75,111.07,13.5,44.48,49.79,105.5,95.21,54.06,23.11,24.965,1181.49,63.31,60.81,55.495,118.45,24.64,73.16,16.59,68.9,57.101,125.4,39.38,83.281,107.06,57.998,29.36,54.89
2019-04-19,17.7,20.539,39.64,75.75,111.07,13.5,44.48,49.79,105.5,95.21,54.06,23.11,24.965,1181.49,63.31,60.81,55.495,118.45,24.64,73.16,16.59,68.9,57.101,125.4,39.38,83.281,107.06,57.998,29.36,54.89
2019-04-22,17.29,20.318,39.66,75.52,110.21,13.94,45.35,49.84,105.44,93.84,53.58,23.067,24.7,1166.43,63.44,60.06,55.3,118.48,24.43,72.6,16.58,66.31,57.849,125.25,39.61,83.24,107.04,58.49,29.09,54.77
2019-04-23,17.21,20.651,39.63,75.43,109.27,14.01,45.93,50.61,105.63,93.8,53.92,23.279,24.65,1185.37,63.4,60.28,55.64,119.83,24.67,73.16,16.515,65.81,58.232,126.68,40.41,83.458,107.85,59.0,29.06,55.36
2019-04-24,17.28,20.201,39.52,74.87,107.63,13.74,44.34,51.05,105.37,94.12,54.72,23.128,24.77,1170.11,63.32,60.02,55.445,120.53,24.38,72.59,16.22,66.2,58.715,125.97,39.88,83.634,105.46,60.592,29.1,54.94
2019-04-25,17.33,19.936,39.52,75.06,108.33,13.73,44.71,51.05,105.34,93.45,54.8,23.253,24.695,1176.62,63.5,60.05,55.825,122.84,24.45,72.9,16.34,66.77,58.505,126.78,39.94,85.151,105.38,60.076,28.84,55.26
2019-04-26,17.5,19.838,39.595,75.44,109.33,13.47,44.36,50.28,105.69,95.53,56.91,23.246,24.7,1183.07,63.6,60.2,56.12,123.68,24.53,73.41,16.28,67.82,58.642,127.37,39.19,85.171,105.91,59.83,29.8,55.18
2019-04-29,17.02,19.917,39.585,76.17,108.91,13.39,44.48,50.12,106.41,94.64,55.54,23.239,24.57,1197.33,63.6,60.01,56.34,124.02,24.44,73.59,16.327,67.16,58.478,126.22,39.0,85.358,106.58,59.956,28.95,55.57
2019-04-30,17.03,19.696,39.6,76.42,109.61,13.28,44.18,49.49,105.82,95.99,55.48,23.207,24.665,1182.07,63.82,59.94,56.405,124.34,24.67,73.78,16.407,67.45,58.286,124.44,38.92,85.971,106.77,60.034,28.98,55.66
2019-05-01,16.91,19.06,39.565,76.21,109.49,12.64,43.75,49.54,105.83,95.07,55.14,23.128,24.595,1207.03,63.84,60.05,56.565,123.83,24.7,73.67,16.085,67.93,58.159,123.78,38.73,86.106,106.45,60.048,28.52,55.58
2019-05-02,16.85,18.501,39.64,76.12,108.74,12.26,42.61,48.88,105.73,94.73,54.28,23.02,24.685,1187.66,63.79,59.78,56.36,124.23,24.62,73.18,16.312,68.16,57.776,124.21,38.3,86.199,106.39,59.322,27.88,55.67
2019-05-03,16.91,18.477,39.525,76.48,109.24,12.13,43.47,49.21,106.11,94.93,55.19,23.167,24.765,1167.54,63.95,59.66,56.505,124.74,24.95,73.41,16.308,68.42,57.092,125.35,38.61,85.805,106.89,59.804,28.04,55.45
2019-05-06,16.93,18.452,39.605,76.38,109.3,12.24,43.11,49.4,106.36,95.51,54.94,23.142,24.725,1180.0,63.77,59.69,56.365,124.87,24.64,73.46,16.507,68.44,57.493,124.92,38.5,86.179,107.06,59.772,27.94,55.41
2019-05-07,17.12,18.262,39.75,75.53,108.29,11.97,42.95,49.29,105.55,95.78,56.15,22.783,24.705,1139.06,63.52,59.71,55.99,122.79,24.18,72.93,16.858,69.35,57.247,123.94,38.11,85.358,106.32,58.942,28.3,54.88
2019-05-08,16.94,18.565,39.955,75.1,111.04,12.06,43.88,49.52,105.47,94.78,55.0,22.758,24.66,1150.67,63.62,59.76,55.91,123.18,24.46,72.44,16.888,69.27,57.521,125.02,38.47,87.902,105.93,59.526,27.37,55.39
2019-05-09,16.63,18.575,40.65,74.64,112.47,12.06,43.57,49.17,104.55,98.11,54.78,22.402,24.44,1146.95,63.49,59.88,55.58,123.22,24.25,72.06,17.093,68.39,57.448,124.98,38.33,88.442,105.98,59.114,27.0,53.85
2019-05-10,16.09,18.59,40.425,74.28,113.91,12.13,42.76,49.41,104.16,98.17,54.19,23.045,24.575,1152.07,63.38,59.8,55.385,124.41,23.8,72.33,16.993,69.08,57.384,124.08,37.95,89.2,105.42,58.88,27.03,53.71
2019-05-13,16.6,17.943,40.575,73.73,114.75,11.78,42.33,50.3,102.86,102.18,55.93,22.908,24.585,1147.85,62.87,59.86,54.695,124.17,23.15,71.14,16.948,69.11,57.438,123.39,37.35,88.806,104.39,58.482,27.75,52.65
2019-05-14,16.79,18.374,40.91,73.96,115.73,12.06,42.98,49.09,103.31,101.68,55.88,23.016,24.6,1165.87,62.94,60.25,54.89,124.88,23.63,71.37,17.278,68.67,58.259,124.28,37.77,89.823,104.7,59.068,27.42,53.06
2019-05-15,16.77,18.276,41.815,73.98,115.86,11.86,43.15,49.3,103.58,101.92,55.21,22.977,24.565,1174.78,63.3,60.21,55.02,126.32,23.48,71.1,17.265,68.41,58.496,124.66,37.82,90.405,104.71,59.834,27.23,53.37
2019-05-16,16.38,18.345,41.92,74.41,116.29,11.8,43.76,49.91,104.01,101.41,54.89,23.059,24.75,1192.43,63.45,60.85,55.29,127.83,23.64,71.53,17.552,68.88,59.143,127.38,38.01,91.163,105.41,61.576,26.8,53.63
2019-05-17,16.45,17.958,42.3,74.37,116.22,11.63,43.33,50.5,103.42,102.22,55.33,22.919,24.675,1200.02,63.08,60.59,55.32,127.16,23.25,71.45,17.493,68.75,59.708,126.35,37.61,90.779,105.12,61.598,27.04,53.41
2019-05-20,16.45,17.958,42.3,74.37,116.22,11.63,43.33,50.5,103.42,102.22,55.33,22.919,24.675,1200.02,63.08,60.59,55.32,127.16,23.25,71.45,17.493,68.75,59.708,126.35,37.61,90.779,105.12,61.598,27.04,53.41
2019-05-21,16.25,17.953,41.975,74.37,117.0,11.74,44.0,50.38,104.63,101.83,54.86,22.671,24.925,1182.22,63.06,61.0,56.06,126.82,23.8,71.79,17.448,69.95,60.146,125.72,37.86,90.841,105.2,60.9,27.19,54.13
2019-05-22,16.01,17.64,42.6,73.85,117.7,11.48,42.88,49.99,104.07,99.54,54.13,22.589,24.92,1209.23,62.81,61.0,53.605,127.46,23.6,71.28,17.478,70.4,59.863,124.91,37.56,90.737,105.18,60.918,26.56,53.73
2019-05-23,16.13,17.052,42.785,75.47,118.47,11.1,41.37,49.81,101.86,99.05,55.07,22.535,25.24,1210.0,62.32,60.88,51.935,127.76,23.09,70.5,17.5,71.16,59.371,123.02,36.49,90.374,102.64,59.8,27.08,53.21
2019-05-24,16.03,17.135,42.385,76.1,117.77,11.08,41.81,50.35,103.6,98.77,55.22,22.596,25.14,1202.85,62.15,60.87,52.28,127.13,23.26,70.6,17.49,71.18,60.055,122.98,36.75,90.509,103.89,60.042,27.25,53.83
2019-05-27,15.93,17.581,42.665,76.52,118.52,11.23,42.8,50.71,103.52,99.04,55.43,22.837,25.28,1203.99,62.57,60.86,52.23,128.46,23.67,70.57,17.595,70.88,59.872,124.5,37.1,90.592,104.74,60.872,27.43,54.23
2019-05-28,15.88,17.36,42.975,76.25,116.44,11.2,42.25,51.2,103.04,99.83,55.56,22.79,25.245,1195.02,62.27,61.35,51.84,126.42,23.22,70.15,17.698,71.53,60.766,123.03,36.78,91.36,104.05,60.64,27.7,53.31
2019-05-29,15.88,18.026,41.625,75.16,116.75,11.32,42.28,50.15,100.35,100.15,55.8,22.538,25.05,1165.13,61.89,61.24,51.61,125.63,23.14,69.85,17.395,71.42,59.799,120.76,36.9,89.065,102.66,59.8,27.97,53.28
2019-05-30,15.92,17.889,41.83,74.88,116.59,11.26,41.92,49.63,99.28,101.04,56.66,22.477,25.055,1184.24,61.3,60.94,51.325,126.55,23.14,69.4,17.335,71.08,59.535,120.79,36.69,89.273,102.59,59.714,28.55,53.03
2019-05-31,16.81,17.88,41.535,73.9,116.21,11.08,41.65,49.76,98.12,104.36,58.95,22.276,24.96,1170.36,60.71,60.86,51.245,127.87,22.68,68.56,17.34,71.11,60.064,119.82,36.13,89.2,101.58,59.252,29.89,52.46
2019-06-03,17.65,17.517,41.77,73.71,116.92,10.85,40.69,47.42,98.38,104.91,60.74,22.276,25.11,1148.92,60.73,61.08,51.59,126.62,22.82,69.21,17.358,71.39,59.572,120.44,35.96,89.024,101.78,59.854,30.43,52.81
2019-06-04,17.72,17.635,42.075,74.74,116.11,10.75,40.52,47.88,99.83,104.14,60.66,22.409,25.185,1146.31,61.6,61.32,52.5,122.46,23.53,70.07,17.46,71.42,60.301,121.14,35.79,88.266,103.07,60.508,30.32,53.57
2019-06-05,17.76,17.032,42.59,75.24,116.89,10.36,40.24,47.74,99.76,104.88,61.63,22.599,25.355,1162.07,61.97,61.98,51.93,124.68,23.67,69.95,17.677,71.5,60.346,122.65,36.3,90.955,103.5,61.392,30.41,53.56
2019-06-06,18.09,17.199,42.6,75.4,118.03,10.53,40.62,47.33,99.38,104.7,61.73,22.729,25.49,1167.2,61.78,62.4,51.695,124.53,23.7,70.03,17.663,71.65,60.273,121.57,36.46,91.34,103.21,61.784,30.48,53.65
2019-06-07,18.01,17.385,42.785,75.33,118.67,10.94,40.52,47.14,98.97,102.89,61.34,22.783,25.035,1182.79,61.89,62.24,51.74,124.8,23.73,70.4,17.688,70.92,60.738,121.15,36.43,92.222,103.22,62.342,30.47,53.83
2019-06-10,17.84,17.444,43.35,75.39,119.38,10.98,40.3,46.95,99.33,102.13,60.85,22.643,25.065,1208.02,62.07,62.11,51.905,124.16,23.56,70.72,17.567,70.76,60.237,119.9,36.26,90.457,103.34,61.674,29.85,53.39
2019-06-11,18.01,17.703,43.3,75.72,119.26,11.17,40.66,46.2,99.6,102.42,61.23,22.625,25.01,1208.52,61.73,62.02,51.78,123.69,23.57,70.77,17.487,70.39,60.164,120.55,35.99,90.249,103.28,61.88,30.28,53.37
2019-06-12,18.31,17.522,43.65,75.0,118.86,11.02,41.01,45.59,99.04,102.88,62.04,22.689,25.075,1197.16,61.35,62.52,51.295,125.25,23.12,70.22,17.575,71.17,59.499,122.04,35.99,91.329,102.36,62.146,30.58,52.39
2019-06-13,18.5,17.424,43.01,75.15,118.58,11.21,41.31,45.76,99.15,104.35,62.28,22.671,24.395,1189.09,61.33,59.88,51.465,124.79,23.12,70.33,17.37,69.2,59.727,121.72,35.95,89.813,103.03,62.022,30.66,52.27
2019-06-14,18.66,17.419,43.015,75.91,120.31,11.36,41.59,46.25,99.67,104.81,62.06,22.729,24.3,1202.5,61.73,59.88,51.755,126.7,23.32,70.59,17.355,69.05,59.854,122.57,36.14,90.654,103.55,62.22,30.82,52.71
2019-06-17,19.02,17.713,43.815,75.97,120.27,11.7,41.7,45.94,99.56,105.69,63.14,22.722,24.07,1218.94,61.94,59.44,51.79,126.36,23.23,70.61,17.51,69.23,59.572,121.84,36.55,90.478,103.67,62.856,31.41,52.84
2019-06-18,19.26,17.835,44.055,76.9,122.8,11.88,41.69,46.3,100.51,106.96,63.97,23.059,24.335,1239.87,62.3,60.25,52.175,126.3,23.73,71.16,17.53,70.24,60.155,122.73,36.66,90.945,105.36,62.508,31.65,53.5
2019-06-19,19.24,17.566,43.925,76.97,123.21,11.62,41.69,46.42,100.25,106.97,64.33,22.955,24.385,1223.47,62.55,60.46,52.15,126.76,23.7,71.26,17.573,70.74,60.201,122.52,36.74,92.004,105.19,62.736,31.49,53.6
2019-06-20,20.22,17.943,42.695,76.75,123.42,11.83,41.98,46.69,100.43,109.21,65.82,22.926,24.25,1226.68,62.57,60.15,52.51,126.12,23.93,71.38,17.397,69.76,60.082,122.91,37.46,91.173,105.43,63.426,32.21,53.84
2019-06-21,20.56,17.801,41.35,76.5,122.81,11.66,41.75,46.64,99.94,110.6,66.71,22.858,24.135,1219.58,62.61,59.9,52.55,126.08,23.85,71.51,16.835,69.38,59.982,122.94,36.73,90.436,105.0,63.462,31.93,53.7
2019-06-24,21.41,17.87,41.94,76.8,122.88,11.58,42.03,46.29,99.78,113.74,68.93,22.761,24.2,1223.93,61.8,60.12,52.575,126.11,23.82,71.69,16.8,69.29,59.69,121.56,36.62,90.104,104.99,62.822,32.96,53.63
2019-06-25,21.08,17.782,41.575,76.3,122.01,11.53,41.51,45.85,98.91,111.49,67.5,22.582,24.155,1207.27,61.68,59.98,52.2,124.81,23.81,71.36,16.75,69.44,59.198,120.34,36.38,88.463,104.15,61.822,32.4,54.04
2019-06-26,20.81,17.894,40.995,76.21,120.14,11.78,41.43,46.01,98.52,110.21,67.07,22.402,24.065,1201.66,61.33,59.42,52.03,122.56,23.8,71.13,16.653,69.03,59.161,119.25,36.64,86.854,103.74,61.284,31.85,54.14
2019-06-27,20.59,17.218,41.75,76.12,120.87,11.59,40.73,46.58,98.43,109.55,66.66,22.434,24.17,1220.25,61.43,59.73,51.01,125.14,23.78,70.98,16.76,69.49,58.578,120.0,35.87,87.383,103.46,61.35,31.36,54.0
2019-06-28,20.67,17.292,41.245,76.52,121.02,11.55,40.85,47.3,98.92,111.15,67.14,22.51,24.205,1234.25,62.21,59.58,51.49,125.1,23.8,70.34,16.763,70.1,59.18,121.2,36.26,87.726,104.07,61.686,31.67,54.23
2019-07-01,20.67,17.292,41.245,76.52,121.02,11.55,40.85,47.3,98.92,111.15,67.14,22.51,24.205,1234.25,62.21,59.58,51.49,125.1,23.8,70.34,16.763,70.1,59.18,121.2,36.26,87.726,104.07,61.686,31.67,54.23
2019-07-02,20.47,17.062,41.42,77.05,122.81,11.56,40.85,47.11,99.92,111.63,67.45,22.829,24.5,1225.99,62.52,60.44,52.075,126.72,24.28,70.77,16.683,71.38,58.897,123.51,35.94,89.221,104.83,61.906,31.32,54.64
2019-07-03,20.93,17.116,42.65,77.54,123.62,11.69,41.3,47.55,100.3,109.56,67.59,23.153,24.415,1250.31,62.96,60.42,52.19,127.18,24.29,71.16,16.81,71.37,60.146,124.27,36.02,89.72,105.61,62.568,31.37,54.76
2019-07-04,21.1,17.277,42.28,77.74,123.5,11.68,41.62,47.66,100.35,110.27,67.5,22.995,24.26,1245.4,63.11,60.4,52.12,126.79,24.29,71.2,16.788,71.55,59.699,124.65,35.92,89.907,105.42,63.032,31.6,54.73
2019-07-05,20.67,17.091,41.8,77.65,124.13,11.69,41.1,47.59,100.88,109.34,67.43,22.923,24.53,1244.19,63.31,60.45,52.225,126.58,24.27,70.98,16.757,71.44,59.417,123.99,35.93,89.782,105.69,62.368,30.66,55.16
2019-07-08,20.76,16.704,41.675,77.42,124.27,11.75,41.08,47.11,100.44,109.5,67.04,22.7,24.365,1250.91,63.22,59.93,51.89,125.61,24.24,70.87,16.69,70.92,59.125,122.77,36.13,89.927,105.16,62.4,30.6,54.95
2019-07-09,21.09,17.233,42.025,76.84,126.23,11.96,42.15,47.99,100.95,111.8,67.8,22.912,24.52,1243.79,63.89,60.56,51.65,127.84,24.64,71.01,16.763,70.65,59.845,123.03,36.79,90.384,105.52,62.666,31.18,55.25
2019-07-10,21.63,17.703,42.895,76.42,126.55,12.26,42.4,48.06,100.23,112.29,68.03,22.934,24.39,1244.58,64.0,60.32,51.685,126.59,24.08,70.78,16.827,70.36,60.72,121.74,36.82,90.395,105.17,61.582,31.65,54.93
2019-07-11,21.41,17.649,42.42,76.67,126.34,12.31,42.38,48.11,100.37,111.45,67.81,22.883,24.445,1244.85,63.74,60.44,51.755,126.05,23.99,70.52,16.897,70.42,60.902,122.16,37.04,90.623,104.85,62.038,31.18,54.75
2019-07-12,21.51,17.689,41.965,76.53,126.3,12.46,42.08,47.61,100.01,111.79,67.63,23.027,24.4,1245.33,63.28,60.33,51.57,126.26,24.02,69.83,16.77,70.35,60.201,122.13,37.25,91.173,104.33,62.35,31.42,54.66
2019-07-15,21.31,17.595,41.45,76.56,126.54,12.47,42.0,47.37,99.46,112.04,67.69,23.049,24.405,1261.52,63.32,60.46,51.465,126.56,24.07,69.49,16.788,70.86,60.064,122.12,37.29,92.046,104.25,61.932,31.53,55.0
2019-07-16,21.03,17.262,41.55,76.71,126.0,12.33,41.27,47.0,99.43,110.98,67.41,22.88,24.16,1244.12,63.23,60.0,51.17,126.96,24.17,69.42,16.715,70.33,60.009,124.57,37.01,91.776,104.42,64.45,32.27,55.43
2019-07-17,21.83,17.018,40.81,76.77,125.98,12.37,40.98,47.12,98.92,114.38,69.0,22.679,24.28,1236.29,63.1,59.9,50.9,126.31,24.03,69.07,16.728,70.05,59.763,120.83,36.5,91.734,104.33,63.836,34.3,55.44
2019-07-18,22.46,16.592,39.85,77.0,125.72,12.07,40.65,47.29,99.1,116.76,70.44,22.797,24.205,1247.58,63.06,60.1,51.19,124.93,24.14,69.37,16.728,69.98,59.918,120.83,36.12,92.471,104.5,62.926,35.17,55.16
2019-07-19,22.5,16.675,39.825,76.77,124.71,12.41,40.69,46.8,98.71,117.86,69.94,22.56,24.105,1237.81,63.33,59.59,51.34,123.55,24.32,69.37,16.715,69.59,60.164,119.69,36.37,91.765,104.91,62.154,34.91,55.36
2019-07-22,22.77,16.685,39.81,76.87,124.03,12.52,40.84,46.84,98.69,118.39,70.37,22.614,23.93,1246.92,63.31,59.84,51.385,124.23,24.44,69.36,16.798,69.9,60.602,119.48,36.86,92.731,104.72,62.388,35.65,55.41
2019-07-23,22.71,16.841,40.52,77.26,124.13,12.67,40.74,46.54,99.16,117.57,69.93,22.819,24.01,1253.17,63.47,60.42,51.565,124.86,24.47,69.82,16.965,69.34,60.301,119.53,37.14,93.281,105.5,62.332,35.45,55.53
2019-07-24,22.82,16.611,41.025,77.53,124.45,12.29,40.1,46.01,99.79,117.98,70.59,23.217,23.925,1282.08,64.01,60.17,51.935,123.72,24.51,70.29,16.603,70.43,59.49,123.46,37.36,92.274,105.04,62.798,36.02,55.46
2019-07-25,22.43,16.112,40.875,77.23,123.76,12.07,39.03,44.17,99.83,117.54,70.73,23.3,23.715,1265.67,63.88,59.88,51.9,123.7,24.25,70.73,16.7,69.75,59.581,124.24,36.11,92.295,104.5,62.542,35.69,54.97
2019-07-26,22.46,16.087,41.675,77.24,125.6,12.15,39.01,44.24,99.98,117.7,70.81,23.404,23.735,1288.4,64.16,60.0,51.8,124.83,24.36,70.54,17.007,69.59,58.797,125.0,35.96,96.303,104.77,62.758,35.64,55.16
2019-07-29,22.63,15.877,41.325,77.39,125.61,11.7,38.29,43.93,100.24,118.39,71.54,23.379,23.865,1254.28,64.04,60.26,51.755,124.05,24.19,70.8,17.21,69.85,59.316,125.31,36.0,93.344,104.77,62.942,35.71,55.09
2019-07-30,22.38,16.17,41.155,77.1,125.45,12.19,38.29,43.81,99.59,117.7,71.28,23.239,23.62,1256.21,63.84,59.98,51.695,120.6,23.9,70.48,17.077,68.96,58.906,125.45,36.39,93.499,104.15,62.822,35.75,54.82
2019-07-31,21.45,16.371,40.575,77.15,123.02,12.27,37.87,44.08,98.8,114.7,68.95,23.235,23.72,1255.69,63.88,59.64,51.915,119.71,23.9,70.46,17.12,68.51,58.906,124.92,36.14,92.046,104.22,63.022,34.5,54.84
2019-08-01,22.43,15.793,40.55,76.02,122.68,12.01,37.98,44.4,97.45,118.94,71.87,23.415,23.88,1266.53,63.82,60.7,51.25,119.15,23.11,70.07,17.237,69.11,59.243,123.57,35.49,93.655,102.83,62.166,35.47,53.4
2019-08-02,22.33,15.431,40.54,75.29,123.92,11.67,37.59,44.25,96.7,118.36,71.45,23.282,23.9,1262.44,63.34,60.97,50.905,118.98,22.6,69.57,17.202,69.03,58.514,122.91,34.14,91.745,102.2,61.45,34.52,52.42
2019-08-05,22.33,15.431,40.54,75.29,123.92,11.67,37.59,44.25,96.7,118.36,71.45,23.282,23.9,1262.44,63.34,60.97,50.905,118.98,22.6,69.57,17.202,69.03,58.514,122.91,34.14,91.745,102.2,61.45,34.52,52.42
2019-08-06,23.32,15.416,40.65,74.54,123.96,11.23,37.01,43.54,95.06,119.88,75.35,23.178,23.615,1258.02,62.81,60.77,49.915,119.38,22.04,68.54,17.222,68.45,58.195,121.93,33.23,91.433,101.01,61.078,35.18,51.9
2019-08-07,24.05,15.446,41.125,74.36,124.49,11.0,37.41,44.62,95.21,123.29,77.7,23.548,23.85,1269.95,63.12,61.61,50.21,120.96,21.89,68.99,17.33,68.99,57.958,122.81,32.87,93.084,101.32,60.692,35.9,52.7
2019-08-08,24.06,15.842,41.45,75.04,125.35,11.22,37.88,44.93,95.67,125.36,78.55,23.821,23.815,1285.77,63.16,61.34,50.675,122.32,22.29,69.37,17.44,68.8,57.976,124.23,33.06,92.71,101.82,61.422,36.67,52.79
2019-08-09,23.96,15.788,41.4,74.68,125.95,11.28,37.86,44.67,95.44,123.92,78.25,24.141,23.765,1264.99,62.96,61.31,50.46,121.17,22.16,69.12,17.628,68.28,57.885,123.97,33.04,93.063,101.08,61.584,36.64,52.62
2019-08-12,23.8,15.382,41.23,73.93,125.51,11.26,37.9,44.62,94.22,124.66,78.91,24.04,23.69,1260.0,62.8,61.13,49.925,121.36,21.99,68.81,17.675,68.24,58.213,123.15,33.05,91.911,99.98,61.816,35.95,52.37
2019-08-13,23.97,15.568,41.62,74.57,125.27,11.54,37.94,45.48,94.77,123.32,77.59,24.274,23.87,1261.64,62.51,61.65,50.265,123.13,22.37,69.07,17.81,68.34,59.681,124.13,33.08,92.378,100.71,63.406,35.09,52.69
2019-08-14,24.21,15.152,40.96,72.81,123.78,11.05,37.15,43.62,92.7,123.19,77.79,23.814,23.76,1233.18,61.0,61.65,49.57,120.41,21.96,67.71,17.628,67.61,57.976,121.1,32.39,90.602,98.83,62.492,35.24,51.7
2019-08-15,24.49,15.235,41.225,71.84,124.14,10.88,36.77,44.07,92.35,122.84,78.84,23.954,23.905,1243.16,60.56,61.8,49.1,121.52,21.95,67.41,17.747,67.57,57.976,120.5,32.38,90.914,98.75,62.046,35.49,52.15
2019-08-16,24.38,15.211,41.695,72.52,124.52,10.85,37.3,44.61,93.19,123.1,78.4,24.356,24.01,1254.99,61.05,62.01,49.52,122.76,22.21,67.72,17.995,67.79,58.551,122.73,32.66,92.897,99.74,63.168,35.15,52.81
2019-08-19,24.12,15.495,41.685,73.12,126.82,11.0,38.08,44.98,94.01,123.43,77.97,24.716,24.23,1261.02,61.21,62.5,49.955,124.4,22.18,68.47,18.073,68.45,59.061,124.28,33.13,93.458,100.46,64.142,35.13,53.33
2019-08-20,24.88,15.113,40.84,72.13,126.23,10.95,37.46,44.41,92.62,125.59,79.1,24.637,23.845,1269.47,60.92,61.85,49.375,122.94,21.84,67.93,18.062,67.03,58.45,122.71,32.64,93.261,99.34,63.73,35.72,52.66
2019-08-21,24.8,15.372,40.67,72.48,126.69,11.36,37.83,45.06,93.16,126.2,79.2,24.831,23.865,1279.34,61.15,62.03,49.75,122.92,22.23,68.22,18.05,67.2,59.234,123.37,32.71,93.219,99.91,64.324,36.13,53.27
2019-08-22,24.96,15.338,40.19,72.64,127.46,11.41,37.76,44.44,93.06,125.3,78.92,24.744,23.75,1294.55,61.28,61.97,50.8,121.67,22.15,68.48,17.955,66.66,59.061,122.28,32.46,93.011,99.35,63.97,35.96,53.46
2019-08-23,25.45,14.785,39.715,71.58,125.76,11.03,37.04,43.35,92.0,128.29,81.82,24.17,23.635,1246.29,60.38,61.38,50.015,118.44,21.67,67.71,17.75,66.05,58.678,119.45,31.62,90.696,97.6,62.148,38.19,52.85
2019-08-26,25.49,14.931,40.075,71.83,127.42,11.14,37.28,43.58,92.38,127.98,82.28,24.342,23.55,1254.38,60.63,61.41,50.425,119.92,21.81,67.77,17.805,65.72,58.961,119.84,31.9,91.319,97.88,62.554,38.39,53.42
2019-08-27,26.27,14.75,41.035,71.83,130.21,10.99,37.26,43.75,89.21,130.89,85.17,24.331,23.44,1282.6,60.45,61.54,50.115,121.43,21.51,68.57,17.903,65.16,59.736,120.78,31.71,92.908,97.92,62.876,39.72,53.0
2019-08-28,26.54,15.299,41.04,71.51,129.98,11.32,37.9,43.9,89.36,130.56,85.02,24.479,23.71,1284.7,60.9,62.44,51.11,121.43,21.6,69.33,17.955,64.86,60.811,120.39,32.4,93.167,98.3,62.656,39.81,53.54
2019-08-29,25.63,15.72,41.65,71.87,129.68,11.82,38.78,44.27,91.21,129.39,82.25,24.558,24.03,1289.14,62.13,62.8,51.44,121.31,21.97,70.47,18.167,65.65,61.531,122.7,32.6,94.611,99.42,63.52,38.82,54.31
2019-08-30,25.81,15.578,42.025,72.2,130.12,11.62,38.94,44.53,91.26,130.06,83.24,24.669,24.115,1296.71,62.52,63.0,51.565,122.3,22.09,70.8,18.218,65.91,62.188,122.6,32.67,95.005,99.58,64.114,39.16,54.57
2019-09-02,25.81,15.578,42.025,72.2,130.12,11.62,38.94,44.53,91.26,130.06,83.24,24.669,24.115,1296.71,62.52,63.0,51.565,122.3,22.09,70.8,18.218,65.91,62.188,122.6,32.67,95.005,99.58,64.114,39.16,54.57
2019-09-03,25.94,15.264,40.95,71.6,128.93,11.5,38.33,44.6,90.43,131.96,84.49,24.762,24.32,1284.64,62.23,63.05,51.44,120.85,21.76,70.44,18.288,65.59,63.209,121.34,32.51,95.099,99.43,62.632,40.16,54.23
2019-09-04,26.3,15.338,41.335,71.69,129.49,11.52,38.37,44.51,90.18,133.54,84.91,24.921,24.33,1298.96,62.27,63.22,50.97,121.39,21.91,71.02,18.442,65.41,62.607,121.2,32.85,95.784,99.38,62.794,40.75,54.86
2019-09-05,24.36,15.764,41.85,72.41,129.39,12.09,39.1,45.08,91.77,129.96,81.18,25.258,24.3,1320.03,63.51,63.3,51.635,121.39,22.64,71.63,18.562,65.21,61.923,124.04,33.35,97.144,100.69,64.142,39.73,55.92
2019-09-06,23.55,15.431,42.725,72.94,129.67,12.0,39.13,45.25,92.23,127.23,78.48,25.348,24.47,1303.81,63.26,63.54,51.77,121.16,22.71,72.08,18.555,65.63,61.395,122.39,33.6,96.843,100.94,63.67,38.0,56.25
2019-09-09,22.9,15.95,43.4,73.19,130.41,12.19,39.35,45.3,93.21,123.56,75.94,25.097,24.125,1290.8,63.43,63.66,52.22,118.24,23.15,72.57,18.625,66.28,61.404,121.45,34.15,94.642,101.24,62.098,36.99,56.66
2019-09-10,22.66,16.533,43.375,74.01,129.64,12.29,40.2,45.66,94.9,123.82,74.58,24.788,24.09,1260.62,63.73,63.49,52.72,117.43,23.5,72.92,18.485,66.42,61.185,122.56,34.95,92.783,102.32,62.07,36.72,56.91
2019-09-11,22.89,16.415,43.125,74.32,129.67,12.37,40.33,45.86,95.5,123.24,75.51,25.025,24.065,1276.23,64.16,63.9,53.53,117.47,23.75,73.71,18.163,67.18,60.246,122.03,35.42,91.454,103.23,61.764,37.06,57.25
2019-09-12,22.62,16.415,42.25,74.77,129.84,12.57,40.56,45.88,95.94,121.34,74.74,25.456,24.255,1292.08,64.53,64.33,53.765,117.88,23.92,74.26,18.06,67.39,60.109,122.14,35.15,92.492,104.18,60.848,36.54,57.9
2019-09-13,22.85,16.479,41.715,75.21,130.96,12.43,40.35,46.32,96.48,119.42,73.32,25.589,24.185,1288.92,64.52,63.64,54.41,117.69,24.16,74.97,18.11,67.45,60.182,122.33,35.31,92.285,105.25,60.768,35.46,58.55
2019-09-16,22.6,18.595,40.065,75.27,130.0,13.93,42.99,46.63,96.42,120.39,73.99,25.125,24.05,1292.0,64.63,62.95,54.675,117.15,24.15,74.47,17.98,66.83,60.319,121.01,36.31,91.07,105.39,61.328,35.41,58.28
2019-09-17,23.9,18.046,40.625,75.69,130.97,13.46,42.57,46.7,96.61,123.3,76.44,25.531,24.3,1288.69,64.59,63.56,54.7,118.8,24.24,74.75,18.052,67.3,60.985,121.11,36.57,93.053,105.89,61.606,36.22,58.51
2019-09-18,23.4,17.635,40.645,76.03,130.77,13.23,42.35,46.73,97.22,122.78,75.56,25.571,24.42,1294.33,64.83,64.0,54.94,119.43,24.18,74.58,18.298,67.17,61.322,120.56,36.83,92.814,106.29,61.564,35.92,58.52
2019-09-19,24.28,17.591,41.6,76.3,131.13,13.2,42.25,46.69,97.31,123.55,75.86,25.797,24.365,1306.92,64.99,63.69,55.575,119.65,24.43,74.5,18.317,66.77,61.513,121.19,36.44,93.011,106.89,62.03,36.2,59.02
2019-09-20,24.47,17.85,41.425,76.58,131.32,13.24,42.11,46.91,97.58,125.87,77.29,25.779,24.535,1286.01,65.33,64.17,55.555,120.35,24.51,74.75,18.72,66.8,62.543,118.9,36.19,92.108,107.96,61.344,36.39,59.35
2019-09-23,24.68,17.938,41.56,76.48,131.5,13.09,42.09,46.61,96.92,126.64,78.92,25.323,24.225,1299.37,65.53,64.06,55.32,120.61,24.42,74.85,18.763,66.0,62.799,118.4,36.19,92.253,107.36,59.946,37.25,59.14
2019-09-24,24.94,17.595,41.45,76.1,132.32,12.86,42.22,46.86,96.12,128.01,79.32,25.035,24.115,1300.51,65.77,64.36,54.765,120.87,24.16,75.33,18.942,66.57,62.753,118.55,35.57,92.596,106.83,60.082,37.67,59.0
2019-09-25,24.1,17.512,41.025,76.05,132.41,12.86,42.01,46.88,97.1,125.45,77.53,25.283,23.88,1305.0,66.15,64.22,55.275,120.72,24.2,75.67,18.92,66.21,62.762,118.98,35.41,93.24,107.37,58.424,36.41,58.84
2019-09-26,24.03,17.365,41.05,76.24,133.97,12.84,41.94,47.36,97.02,124.52,76.9,25.754,23.725,1320.02,66.57,64.26,54.455,122.37,24.04,76.14,18.765,66.23,63.263,118.95,35.0,93.115,107.46,58.928,36.49,58.72
2019-09-27,23.46,17.282,40.5,76.79,133.68,12.75,41.92,47.78,97.61,122.7,73.48,25.671,23.4,1310.4,65.95,64.09,54.665,119.61,24.16,76.25,18.688,64.81,62.407,118.49,34.82,91.205,107.45,58.368,35.43,58.81
2019-09-30,22.92,17.262,40.75,77.25,133.34,12.43,41.79,46.5,97.58,120.72,71.0,25.276,23.575,1323.15,65.92,64.08,54.655,121.71,24.3,75.25,18.865,64.53,62.534,118.96,34.5,91.952,107.47,58.884,34.74,59.24
2019-10-01,22.74,16.699,40.45,75.25,133.33,12.05,40.58,46.5,96.97,120.49,70.26,24.683,23.71,1309.48,65.95,64.15,54.38,120.65,23.83,74.6,18.702,64.87,62.097,114.76,33.93,91.277,106.73,57.466,35.01,58.38
2019-10-02,23.12,16.454,40.41,73.44,132.99,11.63,39.89,45.49,95.84,123.1,71.21,24.432,23.62,1310.96,65.27,64.01,53.615,120.32,23.01,73.93,18.72,64.73,61.595,113.01,33.35,91.07,105.31,56.63,35.93,57.63
2019-10-03,23.0,16.503,41.24,73.27,133.47,11.71,39.81,45.84,95.51,123.68,71.28,24.356,23.725,1323.56,65.15,64.33,53.36,122.07,23.17,73.8,18.8,64.96,61.778,113.52,32.92,92.046,105.18,56.958,35.41,57.43
2019-10-04,23.62,16.685,40.8,73.8,134.96,11.38,39.89,46.33,95.86,125.7,72.34,24.54,23.805,1333.46,65.75,64.76,53.75,123.97,23.48,74.25,18.712,64.99,62.379,113.03,33.11,92.96,105.85,56.276,35.92,57.73
2019-10-07,23.49,16.734,40.57,73.66,134.82,11.4,39.91,46.35,96.12,124.87,72.02,24.482,23.795,1336.81,65.27,64.51,54.06,123.4,23.42,74.31,18.778,64.57,62.525,113.12,33.13,92.825,105.59,56.102,35.85,57.58
2019-10-08,24.07,16.048,40.25,73.16,134.49,10.82,38.75,46.35,95.16,127.71,73.25,24.435,23.625,1321.89,65.85,64.55,53.655,121.12,23.03,74.2,18.507,63.96,61.696,111.61,32.04,91.163,104.48,55.452,36.7,56.83
2019-10-09,23.81,15.95,41.1,72.86,135.71,10.72,38.92,46.88,95.78,127.46,72.96,24.773,23.795,1337.95,66.08,64.75,54.295,122.79,23.27,74.82,18.538,63.89,62.407,112.75,31.7,92.804,105.49,56.242,36.21,57.32
2019-10-10,23.81,16.195,40.24,73.03,136.32,10.85,39.2,47.4,96.14,127.65,73.17,24.989,23.88,1337.26,66.09,65.06,54.33,122.79,23.46,74.81,18.358,63.67,62.106,113.7,31.73,92.565,105.76,56.948,36.31,57.63
2019-10-11,22.44,16.445,39.6,73.76,134.42,11.33,39.36,47.42,96.98,122.23,68.96,24.967,23.85,1331.99,66.39,64.53,54.945,121.62,24.0,75.15,18.253,63.65,61.604,114.78,32.31,91.651,106.33,57.07,34.61,58.13
2019-10-14,22.44,16.445,39.6,73.76,134.42,11.33,39.36,47.42,96.98,122.23,68.96,24.967,23.85,1331.99,66.39,64.53,54.945,121.62,24.0,75.15,18.253,63.65,61.604,114.78,32.31,91.651,106.33,57.07,34.61,58.13
2019-10-15,22.0,16.366,39.71,74.32,134.9,11.29,39.28,47.1,96.83,120.47,68.47,25.115,23.83,1345.29,66.87,64.73,55.105,120.82,24.17,75.58,18.15,64.03,61.422,114.53,32.39,90.924,107.02,57.664,33.26,58.51
2019-10-16,22.38,16.195,39.77,74.35,134.66,11.35,39.5,47.15,97.22,120.98,69.04,25.323,23.88,1330.4,67.23,64.62,55.465,121.51,24.28,75.76,17.905,65.33,61.632,115.12,32.32,90.779,107.16,57.418,33.7,58.77
2019-10-17,22.49,16.352,39.4,73.98,136.03,11.35,39.76,46.97,96.89,122.17,70.44,25.215,23.785,1307.49,67.32,64.21,55.255,121.32,24.14,75.49,17.875,65.16,61.677,115.12,32.63,91.059,106.63,57.186,34.11,58.39
2019-10-18,22.58,16.254,39.23,74.1,135.57,11.27,39.58,47.36,96.86,122.45,71.13,25.179,23.805,1288.5,67.41,64.11,55.525,123.58,24.33,75.57,17.805,65.28,61.586,114.84,32.46,90.883,106.95,56.768,34.69,58.47
2019-10-21,21.99,16.391,39.43,74.33,134.96,11.43,40.07,47.42,97.42,120.29,69.37,25.251,23.965,1304.98,67.45,64.26,55.6,122.57,24.55,75.29,17.855,66.25,61.841,116.08,33.01,91.308,107.7,57.244,34.02,58.85
2019-10-22,21.73,16.479,39.34,74.67,134.07,11.38,40.13,47.5,97.61,122.38,69.46,25.258,23.945,1296.25,67.51,63.91,55.71,121.89,24.55,75.19,17.692,66.39,61.468,117.38,33.22,90.498,107.27,57.532,34.25,58.78
2019-10-23,21.63,16.562,39.75,74.6,133.92,11.7,39.8,47.83,97.71,123.62,70.62,25.312,22.89,1290.94,67.48,61.06,55.945,120.35,24.53,75.09,17.462,61.0,61.577,117.1,33.21,90.187,106.27,57.422,34.4,58.82
2019-10-24,22.45,16.405,39.27,74.79,133.01,11.48,39.65,47.83,97.51,124.8,75.27,25.366,22.95,1303.94,67.38,61.0,55.88,120.82,24.33,75.08,17.305,60.36,61.249,115.98,33.0,91.111,105.81,59.442,35.27,58.43
2019-10-25,22.47,16.66,40.0,75.16,132.6,11.46,39.78,47.65,98.1,125.13,76.73,25.276,23.005,1305.01,67.47,60.91,56.035,119.24,24.48,75.13,17.4,61.17,60.839,116.23,33.26,89.668,106.02,59.296,35.89,58.4
2019-10-28,21.83,16.518,39.35,75.15,131.91,11.36,39.73,47.83,98.15,122.74,76.17,25.718,23.005,1291.99,67.71,61.57,56.11,117.27,24.77,75.19,17.45,61.93,60.501,117.36,33.16,89.917,105.92,59.164,35.26,58.97
2019-10-29,21.97,16.734,39.4,75.22,133.06,11.61,39.63,47.74,98.29,124.18,77.6,25.84,23.135,1281.98,67.81,62.02,56.365,120.76,24.7,75.55,17.42,61.44,60.264,117.45,33.15,91.163,106.04,59.272,35.42,59.02
2019-10-30,22.44,16.425,39.45,75.26,133.93,11.4,39.71,47.98,98.93,124.86,78.75,26.325,23.4,1308.93,67.94,62.74,56.6,121.89,24.7,75.76,17.538,61.63,60.51,119.01,32.76,92.523,106.5,60.258,35.95,59.39
2019-10-31,22.88,16.263,39.66,75.21,135.9,11.22,39.16,47.97,97.5,127.8,80.95,26.167,23.425,1300.83,68.02,62.48,56.155,121.66,24.53,75.54,17.56,62.01,60.52,117.8,32.8,91.911,106.24,59.902,36.92,59.09
2019-11-01,22.35,16.69,39.77,75.34,134.4,11.44,40.63,48.45,97.93,126.82,79.29,26.419,23.285,1307.23,68.25,62.45,56.475,120.94,24.82,75.8,17.475,61.77,61.24,120.25,33.08,92.233,106.65,61.356,36.65,59.14
2019-11-04,21.92,17.106,39.22,76.03,133.02,11.71,41.3,48.48,98.43,127.2,78.41,26.584,23.265,1305.87,68.25,62.51,56.76,118.34,25.12,76.22,17.278,61.59,60.793,122.06,33.76,91.599,107.38,61.97,35.23,59.7
2019-11-05,21.78,17.067,39.42,75.89,133.09,11.92,41.58,48.6,99.21,126.05,77.71,26.469,23.41,1263.34,68.56,62.64,57.14,118.32,25.25,76.38,17.243,61.99,59.708,123.33,34.84,91.121,107.9,62.006,35.4,60.05
2019-11-06,22.31,16.719,40.49,76.21,138.26,11.63,41.12,48.66,99.54,127.8,78.42,26.645,23.635,1253.1,68.64,62.79,57.375,118.99,25.47,76.47,17.448,62.81,60.51,123.88,34.85,91.381,108.1,62.002,35.65,60.66
2019-11-07,21.56,18.11,40.26,76.34,138.35,12.12,42.46,48.5,100.52,126.82,77.03,26.767,24.625,1242.0,68.99,63.31,57.49,118.1,25.78,76.42,17.573,63.21,59.699,125.0,35.36,91.381,108.46,62.39,34.86,60.98
2019-11-08,21.62,18.09,40.1,76.55,137.21,12.11,42.66,49.55,100.68,126.52,76.28,26.8,24.935,1277.06,69.39,63.21,57.49,117.5,26.13,76.5,17.65,62.45,60.611,125.1,35.31,92.43,108.44,62.236,34.77,61.19
2019-11-11,21.67,18.066,40.34,76.69,135.79,12.38,42.52,49.94,100.48,126.66,76.53,27.083,24.845,1293.7,69.48,63.84,57.265,117.13,26.07,76.5,17.577,63.1,60.775,123.83,35.42,94.372,108.2,61.966,34.85,61.02
2019-11-12,21.75,18.134,40.38,76.6,135.03,12.22,42.2,50.67,100.6,129.64,76.94,27.073,25.025,1290.51,69.45,64.04,57.28,117.11,26.38,76.43,17.577,62.95,61.778,123.27,34.24,93.811,108.28,62.244,34.88,61.0
2019-11-13,22.08,18.031,40.6,76.36,135.16,12.23,42.24,51.37,100.32,130.09,78.21,27.148,25.26,1321.7,69.37,64.1,57.145,117.94,26.26,76.07,17.715,63.66,61.604,123.0,33.67,95.358,108.2,63.132,35.24,60.99
2019-11-14,22.08,17.973,40.9,76.34,135.55,11.98,42.48,50.0,100.95,131.05,78.48,27.511,25.15,1327.82,69.64,64.14,57.26,118.94,26.26,76.1,17.32,63.35,61.559,123.5,33.09,95.95,108.27,63.334,35.06,61.04
2019-11-15,21.91,18.154,41.46,76.72,135.17,12.27,42.96,50.51,101.34,131.02,77.54,27.277,25.24,1342.13,69.68,64.13,57.665,118.01,26.31,76.01,17.42,63.74,61.996,123.94,34.06,96.76,108.81,63.982,35.61,61.22
2019-11-18,22.33,18.232,41.95,76.72,135.72,12.1,42.05,50.26,101.38,130.79,78.35,27.295,25.095,1355.75,69.81,64.42,57.695,119.07,25.96,76.28,17.548,63.2,61.923,123.76,33.13,97.466,108.8,64.404,36.95,60.94
2019-11-19,22.64,18.134,42.15,76.98,134.9,11.81,41.73,49.94,101.35,130.92,79.83,27.288,24.965,1362.95,69.86,64.21,57.585,119.69,26.08,76.5,17.565,63.47,61.969,122.65,33.02,98.567,108.86,63.192,36.9,61.19
2019-11-20,22.63,18.296,41.8,76.55,135.84,11.86,41.72,50.22,101.46,130.94,80.63,27.396,25.06,1376.01,70.3,63.92,57.285,119.62,25.85,76.22,17.618,63.24,61.905,120.45,33.08,98.754,108.84,62.946,37.19,61.29
2019-11-21,22.09,18.315,41.74,77.24,137.05,12.01,42.1,50.11,101.18,129.53,80.0,27.209,24.96,1394.62,70.27,63.82,57.475,118.91,25.78,76.02,17.685,62.94,62.033,119.95,33.46,98.868,109.16,62.774,36.53,61.06
2019-11-22,21.92,18.222,41.53,77.06,135.92,11.92,41.76,49.71,101.08,128.85,79.76,27.274,24.92,1400.03,70.69,63.59,57.73,118.83,25.8,75.56,17.638,63.21,61.459,120.2,33.21,98.349,109.25,62.688,36.39,60.93
2019-11-25,21.84,18.428,43.1,77.54,136.22,12.1,42.21,50.27,101.34,128.95,77.35,27.511,24.945,1414.0,70.92,63.74,57.7,119.0,26.06,75.8,17.753,63.55,61.814,120.91,33.55,99.024,109.36,63.638,35.86,61.43
2019-11-26,22.4,18.134,43.51,76.92,137.41,12.1,41.82,50.06,101.5,129.73,77.17,27.68,24.995,1435.77,70.83,63.6,57.65,121.38,25.93,75.18,17.9,63.26,61.422,122.49,33.61,98.474,108.62,63.458,36.57,60.11
2019-11-27,22.3,18.418,44.59,76.87,137.52,12.07,41.84,50.46,102.12,129.67,77.13,27.867,25.05,1425.05,70.95,63.67,57.775,121.15,25.99,74.92,17.92,63.25,61.823,122.86,33.86,97.747,108.8,63.384,36.25,60.6
2019-11-28,22.42,18.438,43.91,76.94,137.78,12.02,42.06,50.55,102.29,130.65,77.99,28.014,25.04,1425.5,70.9,63.85,57.88,120.69,26.16,74.92,18.007,63.75,61.759,122.25,33.74,97.051,108.67,63.588,36.51,60.46
2019-11-29,22.18,18.173,43.67,76.59,136.97,11.74,41.43,50.3,102.22,130.67,78.92,27.612,25.075,1420.01,71.15,63.94,57.73,119.77,26.13,74.94,17.9,64.42,61.258,120.61,33.26,96.449,108.73,62.914,36.5,60.61
2019-12-02,22.46,18.007,43.62,76.24,136.07,11.73,41.37,50.35,100.71,131.48,79.86,27.446,25.0,1392.71,70.9,63.58,57.58,119.16,26.08,74.68,17.96,63.23,61.212,119.75,33.15,96.75,108.06,62.678,37.19,60.29
2019-12-03,22.98,17.733,43.7,75.72,135.74,11.35,40.71,50.45,98.57,131.61,82.03,27.303,24.94,1366.54,70.85,63.54,57.145,119.51,25.38,73.94,18.013,63.21,60.784,117.15,32.1,96.033,107.18,61.85,37.6,58.77
2019-12-04,22.45,18.315,42.87,75.67,135.05,11.59,41.33,50.45,99.19,128.64,80.96,27.475,25.08,1372.5,72.24,63.93,57.415,119.08,25.27,74.2,17.888,63.8,60.538,117.26,32.38,95.472,104.95,63.2,37.02,58.38
2019-12-05,22.62,18.075,43.08,73.02,136.43,11.45,40.82,50.73,99.65,129.25,80.94,27.54,25.43,1364.47,72.97,64.03,54.44,119.66,25.1,74.9,17.935,63.96,60.93,117.05,32.28,96.334,104.76,63.164,37.0,58.4
2019-12-06,22.41,19.055,43.91,73.43,136.38,12.33,42.35,51.1,100.12,128.76,80.0,27.745,25.625,1351.68,71.86,64.57,54.935,120.79,25.45,75.21,18.025,64.58,61.395,119.0,33.39,97.653,104.99,65.094,36.16,59.06
2019-12-09,22.28,19.148,43.3,72.88,137.4,12.18,42.0,51.35,99.72,128.52,78.48,27.536,25.68,1304.47,71.98,64.45,54.72,119.56,25.42,74.96,17.99,64.02,61.559,117.79,33.17,97.394,104.45,64.93,35.85,58.84
2019-12-10,22.72,19.133,43.51,72.97,135.81,12.45,42.1,51.2,100.02,130.62,78.39,27.576,25.11,1278.81,72.08,64.39,54.525,119.43,25.52,74.67,17.975,63.07,62.088,118.56,33.47,97.674,103.97,64.89,36.39,59.31
2019-12-11,23.25,19.035,43.3,72.84,136.14,12.38,41.78,50.93,99.96,129.9,80.43,27.551,25.09,1278.8,72.27,64.53,54.42,118.84,25.48,74.59,17.923,63.08,62.033,118.86,33.2,97.892,103.73,65.384,36.86,59.01
2019-12-12,23.12,19.647,43.35,73.3,137.0,12.65,42.05,50.4,100.55,128.54,79.95,27.087,25.01,1276.88,72.2,64.21,54.725,117.58,25.65,74.71,17.555,63.23,61.623,119.32,33.47,97.757,103.75,65.848,36.45,59.13
2019-12-13,23.24,19.628,43.05,74.31,136.79,12.76,41.9,50.57,101.47,129.9,80.64,27.198,24.965,1266.87,72.2,62.69,54.715,118.27,25.4,73.82,17.312,63.91,61.276,118.72,33.36,98.889,104.84,66.276,37.21,58.76
2019-12-16,22.9,19.442,42.76,74.45,138.02,12.79,42.26,50.81,101.74,128.68,78.91,27.371,24.995,1255.75,72.1,63.01,54.95,117.98,25.72,74.05,17.355,64.14,61.96,119.3,33.32,99.128,104.8,66.598,36.34,59.21
2019-12-17,22.9,19.858,43.13,74.72,139.07,12.99,42.49,50.72,102.0,127.47,77.78,27.418,25.09,1249.36,72.14,61.51,55.135,118.95,25.93,74.48,17.325,63.66,62.461,119.58,33.4,99.481,104.75,67.238,36.1,59.53
2019-12-18,23.5,19.868,42.27,74.01,139.28,12.9,42.3,51.21,101.65,127.49,77.52,27.249,25.015,1235.47,71.98,60.66,54.865,118.3,26.11,73.61,17.195,62.71,62.808,119.06,33.56,97.913,103.89,66.59,36.55,59.5
2019-12-19,23.24,20.353,42.25,73.59,139.2,13.0,42.8,51.35,101.71,128.04,77.1,27.522,25.13,1289.25,72.55,60.87,55.075,118.15,26.02,73.31,16.915,64.84,62.881,118.33,34.14,97.861,103.83,66.094,36.83,59.31
2019-12-20,22.93,20.348,41.49,73.86,139.99,12.96,42.41,51.89,102.17,127.0,76.18,27.554,25.25,1331.09,72.87,60.88,55.575,119.37,26.41,73.67,16.975,64.75,63.637,119.42,34.08,98.328,104.41,66.724,35.8,60.08
2019-12-23,23.34,20.47,42.2,73.54,140.09,13.2,42.72,52.05,101.25,130.94,78.56,27.209,25.26,1290.55,72.79,60.86,55.16,118.7,26.32,73.47,16.92,64.99,63.81,118.9,34.58,97.57,103.52,67.08,37.47,59.69
2019-12-24,24.11,20.519,42.42,73.55,140.02,13.19,42.61,52.08,101.12,133.46,80.74,27.249,25.235,1276.02,72.94,60.7,54.36,119.11,26.32,73.42,16.917,64.78,63.665,119.16,34.56,97.892,103.43,67.3,38.92,59.51
2019-12-25,24.11,20.519,42.42,73.55,140.02,13.19,42.61,52.08,101.12,133.46,80.74,27.249,25.235,1276.02,72.94,60.7,54.36,119.11,26.32,73.42,16.917,64.78,63.665,119.16,34.56,97.892,103.43,67.3,38.92,59.51
2019-12-26,24.11,20.519,42.42,73.55,140.02,13.19,42.61,52.08,101.12,133.46,80.74,27.249,25.235,1276.02,72.94,60.7,54.36,119.11,26.32,73.42,16.917,64.78,63.665,119.16,34.56,97.892,103.43,67.3,38.92,59.51
2019-12-27,23.99,20.534,42.22,73.39,140.67,13.17,42.69,51.8,101.01,133.27,80.22,27.306,25.28,1273.06,72.15,60.61,54.145,118.93,26.34,73.52,16.945,64.84,64.129,118.97,34.4,97.715,103.47,67.268,38.6,59.59
2019-12-30,24.3,20.553,41.62,73.12,140.89,13.15,42.66,51.6,100.72,134.99,81.58,27.13,25.205,1269.12,72.18,60.33,54.07,118.32,26.36,73.36,16.833,64.54,62.707,117.59,34.55,97.009,103.18,66.42,39.25,59.23
2019-12-31,24.12,20.568,41.38,72.83,140.42,13.2,42.56,51.63,100.64,134.09,79.98,26.958,25.14,1261.16,72.08,60.16,54.03,117.95,26.36,73.35,16.75,64.48,63.045,117.47,34.35,96.459,102.75,66.206,38.64,59.21
2020-01-02,24.0,20.191,42.19,73.42,141.41,13.17,42.56,51.56,100.85,134.42,78.98,27.008,25.205,1273.12,71.62,59.66,54.115,119.15,26.7,73.66,16.688,64.54,62.397,119.17,34.52,97.331,103.55,67.036,38.59,59.57
2020-01-03,24.11,20.357,41.87,73.36,142.28,13.23,42.63,51.5,100.6,134.12,79.12,27.012,25.155,1262.99,71.68,59.7,53.935,119.01,26.47,73.59,16.753,64.33,62.653,118.4,34.46,97.923,103.17,66.9,38.4,59.21
2020-01-06,23.85,20.553,42.15,73.37,142.33,13.58,43.98,51.86,100.52,134.7,79.08,27.087,25.15,1286.93,71.56,60.26,53.77,120.42,26.55,72.42,16.677,64.35,62.935,117.9,34.86,98.764,103.19,67.168,37.94,59.51
2020-01-07,24.01,20.509,42.81,73.29,143.42,13.54,44.34,51.65,100.35,135.38,79.97,26.997,25.255,1326.24,71.76,60.48,53.665,120.44,26.84,71.74,16.805,64.83,62.589,117.92,34.52,99.491,103.23,67.812,38.18,60.62
2020-01-08,23.2,20.083,43.4,73.86,144.03,13.12,44.19,52.03,101.08,131.4,77.19,27.109,25.27,1346.23,71.94,60.64,53.975,121.62,27.17,72.39,16.892,65.1,62.908,119.51,34.66,100.571,104.05,67.748,36.53,62.1
2020-01-09,22.98,20.548,44.08,73.19,144.12,13.05,44.5,52.11,101.45,131.69,77.06,27.349,25.11,1363.51,71.97,60.29,53.815,122.54,27.48,72.28,16.972,64.97,62.963,120.29,35.14,102.274,104.43,67.42,36.28,62.8
2020-01-10,23.29,20.264,43.4,73.0,144.2,12.92,44.79,52.17,101.42,133.78,77.44,27.403,25.14,1352.38,72.18,60.52,53.895,122.55,27.63,71.99,16.962,64.63,62.343,120.02,35.11,101.859,104.3,67.46,36.27,62.62
2020-01-13,22.78,20.26,43.25,73.14,144.31,12.63,44.4,52.53,102.2,132.31,75.94,27.992,25.18,1369.56,72.47,60.92,54.075,124.09,27.55,72.28,16.747,64.91,62.689,121.9,35.06,103.219,104.71,68.548,35.84,62.55
2020-01-14,22.94,20.642,43.99,72.85,143.11,12.48,45.05,52.56,102.71,134.02,76.05,28.215,25.14,1355.0,73.41,60.89,53.775,124.27,27.49,72.11,16.743,64.98,62.862,122.95,35.04,103.998,105.05,68.424,36.21,62.5
2020-01-15,23.38,20.357,44.12,73.39,143.11,12.4,44.7,52.48,103.01,137.18,78.63,28.467,25.215,1347.21,73.26,61.11,54.1,125.53,27.1,72.29,16.83,64.75,63.555,123.02,35.07,104.798,105.45,68.38,36.72,62.57
2020-01-16,23.6,20.289,44.44,73.96,144.15,12.26,44.31,52.79,103.36,137.31,78.71,28.912,25.425,1350.0,73.31,61.55,54.3,127.4,27.25,72.54,17.013,64.85,63.92,124.7,35.66,106.49,106.15,68.054,36.52,63.03
2020-01-17,23.46,20.279,44.6,74.12,143.54,12.11,43.9,52.97,103.8,138.0,78.88,29.239,25.65,1349.99,73.52,62.1,54.385,128.22,27.61,72.48,17.095,64.94,64.585,125.62,35.45,107.051,106.55,68.616,36.88,63.55
2020-01-20,23.79,20.279,44.97,74.2,142.75,12.08,43.96,53.07,103.5,138.24,80.12,29.246,25.675,1352.02,73.42,61.95,54.6,127.67,27.71,72.65,17.138,64.75,64.758,126.4,35.0,107.279,107.06,68.456,37.15,63.77
2020-01-21,23.97,19.946,44.83,73.96,143.47,11.96,43.62,53.3,104.34,142.13,81.68,29.185,25.805,1396.84,73.5,61.82,54.07,128.2,26.97,72.63,17.198,64.57,65.05,125.11,34.33,107.082,106.79,67.634,37.77,63.22
2020-01-22,24.03,19.868,44.6,74.14,142.88,11.95,43.46,53.69,104.4,142.03,79.73,29.218,25.99,1403.61,73.41,62.2,54.36,128.29,27.27,73.35,17.272,66.67,64.913,123.88,34.19,107.508,106.73,67.854,38.32,63.67
2020-01-23,24.24,19.853,44.73,74.17,142.34,11.88,43.0,53.85,104.25,142.71,80.07,29.516,26.045,1396.5,73.71,62.54,54.48,128.04,27.31,73.45,17.237,66.76,65.688,125.15,34.09,107.445,107.31,68.412,38.35,63.59
2020-01-24,24.6,19.481,44.15,74.2,142.29,11.53,42.48,53.96,104.02,145.01,81.45,29.455,26.16,1394.9,73.79,62.44,54.475,129.36,27.14,73.34,17.233,66.12,65.925,124.31,33.58,108.058,105.77,68.696,39.06,63.5
2020-01-27,24.57,18.898,45.21,73.98,142.25,11.53,41.47,53.81,103.4,145.1,81.39,29.261,26.41,1378.72,73.95,62.69,54.38,129.91,26.44,73.27,17.417,66.7,65.962,122.22,32.6,109.294,105.35,67.82,38.62,63.14
2020-01-28,23.69,18.957,44.9,74.17,141.88,11.68,41.55,54.1,103.72,145.55,78.27,29.537,26.75,1392.94,73.84,63.14,54.725,129.29,26.65,73.11,17.315,67.06,66.591,123.47,32.69,109.844,105.7,68.752,38.01,63.61
2020-01-29,24.24,18.947,44.66,74.02,142.67,11.81,41.51,54.33,103.49,148.08,80.11,29.519,26.56,1376.36,73.92,62.76,54.63,127.93,26.49,72.93,17.372,66.58,66.609,123.94,32.62,110.27,105.78,69.712,38.03,63.26
2020-01-30,24.33,18.991,44.42,73.77,142.88,11.94,41.61,54.37,103.37,149.18,80.65,29.466,26.59,1383.26,74.22,62.82,54.565,129.21,26.48,72.6,17.435,66.29,66.363,125.47,32.14,110.935,105.54,71.07,38.24,62.96
2020-01-31,24.51,18.227,44.39,73.14,143.37,11.52,40.45,53.81,100.93,150.43,81.8,29.095,26.525,1391.05,73.43,62.36,53.96,127.55,25.78,72.28,17.31,66.26,66.153,123.67,31.38,110.478,104.58,70.31,38.96,62.22
2020-02-03,24.32,18.315,44.53,73.11,144.45,11.47,40.03,54.59,100.53,150.24,81.0,29.591,26.575,1418.89,73.25,62.33,53.895,130.96,25.82,72.28,17.298,66.07,65.989,123.46,30.67,111.423,104.76,70.552,38.45,62.57
2020-02-04,23.93,18.599,45.42,74.39,145.76,11.57,39.87,54.78,101.29,148.96,79.0,29.929,26.705,1458.77,73.16,62.71,54.15,131.82,26.09,72.98,17.385,66.26,66.235,125.24,30.82,112.451,106.44,71.38,38.23,62.91
2020-02-05,23.95,19.021,44.95,75.22,151.17,12.15,41.0,55.58,101.83,148.62,79.21,30.137,26.72,1450.11,73.25,62.87,54.62,132.52,26.59,73.3,17.455,66.31,66.226,126.85,31.75,110.8,106.95,72.334,37.81,63.61
2020-02-06,24.42,19.001,46.15,75.73,153.44,12.16,39.49,55.98,102.47,151.75,79.24,30.687,27.025,1471.7,73.75,64.2,55.125,133.23,26.77,74.04,17.647,66.73,66.691,127.61,31.77,113.011,107.63,72.152,38.64,63.7
2020-02-07,24.21,18.883,45.79,75.75,153.16,11.87,38.67,56.13,102.49,150.26,77.29,30.421,27.27,1469.11,73.64,64.22,55.03,132.49,26.56,74.35,17.6,66.58,66.773,125.28,31.21,112.233,107.24,71.046,37.97,64.1
2020-02-10,24.56,19.021,46.11,75.58,152.39,11.94,39.1,56.74,102.15,151.57,78.86,30.551,27.53,1484.08,73.5,64.39,55.035,133.09,26.56,74.35,17.737,66.32,67.056,125.81,31.09,113.167,107.42,71.312,38.7,64.35
2020-02-11,24.53,19.089,44.82,75.6,152.36,11.98,39.11,56.89,102.16,152.3,79.18,30.694,27.55,1480.82,73.67,64.24,55.255,132.5,26.9,74.28,17.685,65.97,67.001,125.32,31.29,112.295,107.77,71.744,39.11,64.9
2020-02-12,24.39,19.334,44.4,75.35,151.79,12.1,39.16,57.13,102.06,150.99,78.67,30.791,27.675,1493.65,73.8,64.46,55.26,132.77,26.62,74.64,17.653,66.16,67.32,125.48,31.96,112.108,108.06,72.484,38.27,65.31
2020-02-13,25.12,19.07,44.02,74.97,151.24,11.94,39.12,55.75,101.75,151.96,78.29,31.769,27.265,1511.49,73.72,64.15,55.31,136.4,26.15,74.69,17.71,65.84,67.366,124.53,31.77,112.43,108.31,72.57,38.49,65.27
2020-02-14,26.12,19.006,44.23,75.29,152.74,11.82,39.45,56.03,101.81,153.18,66.06,32.361,26.865,1473.13,73.76,64.33,55.025,137.53,26.11,74.73,17.772,65.71,68.022,124.5,31.8,112.721,108.3,71.776,39.75,66.44
2020-02-17,26.12,19.006,44.23,75.29,152.74,11.82,39.45,56.03,101.81,153.18,66.06,32.361,26.865,1473.13,73.76,64.33,55.025,137.53,26.11,74.73,17.772,65.71,68.022,124.5,31.8,112.721,108.3,71.776,39.75,66.44
2020-02-18,27.33,19.153,44.16,75.3,153.24,11.81,39.76,54.94,101.3,155.13,65.71,32.164,27.075,1460.03,73.79,65.19,54.565,138.77,26.0,74.62,17.77,66.43,68.423,122.75,31.71,112.253,107.85,71.312,41.65,65.47
2020-02-19,27.79,19.785,44.29,75.6,153.02,12.02,40.32,55.54,101.09,155.18,65.63,32.297,26.86,1454.33,74.48,65.07,54.52,135.83,26.33,74.63,17.772,66.62,69.015,123.13,32.13,112.658,107.76,71.48,42.55,65.32
2020-02-20,27.54,19.809,44.37,75.98,154.71,12.23,40.46,55.41,101.25,154.08,68.15,32.523,26.005,1457.08,74.69,64.87,54.62,135.99,26.59,74.63,17.48,66.0,69.335,124.14,32.16,112.523,108.0,71.66,43.03,65.65
2020-02-21,28.37,19.496,44.19,75.77,153.6,11.95,40.18,55.31,100.92,157.5,68.7,32.336,25.94,1433.22,74.79,64.47,54.585,136.59,25.79,74.24,17.538,65.02,69.17,123.75,31.57,111.381,109.21,70.21,43.52,65.23
2020-02-24,29.3,18.609,43.87,74.81,153.12,11.3,39.04,54.22,99.47,159.84,70.13,31.359,25.705,1406.18,74.18,63.91,53.75,135.56,23.9,73.15,17.5,65.35,68.514,122.25,31.21,110.696,108.32,70.074,44.28,63.6
2020-02-25,28.25,17.958,43.04,73.49,151.77,10.97,38.68,53.04,97.25,156.75,69.08,30.45,25.405,1372.3,73.43,62.9,53.01,134.75,23.46,72.48,17.44,64.07,67.73,118.44,30.81,111.319,106.22,68.542,44.05,62.12
2020-02-26,28.09,17.512,42.65,73.1,150.85,10.55,37.88,52.19,95.7,157.32,68.14,30.425,25.21,1388.95,73.09,62.52,53.535,133.09,23.39,72.5,17.42,64.34,67.776,117.77,29.55,107.207,103.97,68.3,43.38,62.0
2020-02-27,26.91,17.008,42.3,70.9,147.77,10.12,37.45,50.84,93.51,153.01,66.88,29.843,25.15,1402.09,70.93,61.65,52.37,132.41,22.83,71.42,17.337,64.42,66.427,116.24,29.02,107.009,102.52,67.962,42.16,60.69
2020-02-28,25.6,16.92,40.9,69.04,145.49,9.87,36.99,49.96,91.21,144.1,63.69,28.84,24.22,1367.43,69.77,58.95,51.08,129.24,22.56,70.22,16.625,61.51,63.774,113.79,29.39,103.541,99.82,66.534,38.17,57.99
2020-03-02,26.49,16.719,41.43,69.51,149.31,9.95,36.8,50.91,92.1,146.53,64.31,29.649,25.02,1373.96,69.93,61.95,51.72,132.55,22.91,70.57,16.84,64.03,64.731,114.98,30.13,105.566,102.29,67.51,39.04,59.03
2020-03-03,27.55,16.234,41.98,67.85,151.04,9.48,35.22,50.6,89.98,153.1,67.66,29.311,24.89,1362.07,68.47,61.83,50.8,131.33,22.31,69.64,17.288,63.73,64.649,113.96,29.77,105.493,100.58,66.328,40.79,57.98
2020-03-04,27.52,16.219,42.92,68.64,156.92,9.32,35.72,52.01,90.93,156.67,68.28,30.464,25.695,1387.0,68.92,63.59,51.875,136.19,22.64,70.73,17.895,65.62,66.773,118.01,29.96,108.962,101.18,68.876,40.98,59.74
2020-03-05,28.43,15.955,43.69,67.29,157.22,8.95,34.79,51.64,88.01,161.89,71.37,29.99,25.155,1397.21,66.29,62.67,50.735,137.08,22.32,68.76,17.968,64.04,66.819,114.66,29.37,105.857,99.8,67.018,41.2,57.86
2020-03-06,28.46,14.819,42.07,65.45,150.82,7.9,33.52,50.98,84.37,159.73,71.15,29.699,24.995,1336.79,62.3,62.39,49.495,135.01,21.55,67.09,18.087,63.71,65.998,115.52,28.23,104.154,97.5,65.928,40.92,56.48
2020-03-09,27.2,10.495,39.75,57.38,137.24,3.82,27.56,42.7,73.16,146.93,67.38,26.951,23.705,1270.22,54.86,57.54,42.73,131.33,19.46,59.39,16.778,59.14,58.523,103.59,23.54,100.239,89.35,55.564,38.86,50.81
2020-03-10,27.29,10.803,41.6,60.2,138.31,4.25,27.74,44.44,75.97,148.43,67.71,28.025,24.35,1318.01,55.6,60.44,44.085,134.09,20.52,60.3,16.993,61.04,59.389,109.61,23.28,103.531,92.38,61.612,40.48,53.53
2020-03-11,25.84,10.167,40.07,58.0,131.88,4.16,25.9,42.96,72.38,140.45,62.3,26.638,23.635,1300.0,53.77,58.02,42.84,128.72,19.41,58.48,16.66,59.73,57.767,106.43,20.03,98.474,87.87,59.73,38.21,50.78
2020-03-12,23.3,8.55,35.09,51.84,121.79,3.61,20.55,35.87,60.5,132.14,58.69,23.217,20.5,1231.58,47.03,50.77,35.5,116.54,16.11,50.66,14.868,51.87,45.141,97.97,16.48,88.577,78.61,55.446,37.25,43.23
2020-03-13,21.69,9.721,38.6,61.11,129.75,4.16,22.45,43.29,70.77,121.99,51.66,26.368,23.035,1280.27,54.96,55.82,42.23,122.58,17.96,59.19,16.622,58.99,54.148,106.92,17.77,93.001,90.32,60.47,33.47,48.17
2020-03-16,22.93,7.071,33.2,55.11,120.49,3.47,19.0,38.13,62.01,136.13,54.28,22.952,20.315,1172.65,45.75,50.69,38.74,113.3,14.74,52.66,16.15,55.79,49.316,95.9,15.17,83.884,83.85,52.698,34.33,43.51
2020-03-17,25.16,6.347,33.26,57.71,115.42,2.76,17.9,37.97,61.41,149.54,58.92,23.225,21.995,1182.12,46.11,53.76,37.71,122.18,14.25,54.02,17.438,58.03,48.724,101.32,12.67,85.182,89.1,56.058,38.08,42.88
2020-03-18,22.45,5.387,33.89,54.03,108.99,2.27,15.07,34.09,58.13,150.1,51.89,21.324,20.98,1144.07,44.0,51.54,36.1,122.66,13.1,49.95,16.823,54.16,44.686,100.37,11.18,85.109,80.0,53.368,37.32,39.87
2020-03-19,23.34,5.485,34.19,54.38,121.78,2.36,15.63,36.02,60.67,150.27,57.07,22.488,22.55,1239.87,44.2,54.6,36.095,120.46,14.34,50.68,16.7,56.96,49.052,104.67,13.13,87.58,82.1,55.888,36.16,38.9
2020-03-20,22.81,5.95,33.94,53.11,113.0,2.39,16.07,37.05,62.26,136.07,53.88,20.077,21.35,1182.31,42.96,51.79,36.645,112.65,13.62,50.03,16.688,54.63,48.113,99.33,13.01,83.084,78.5,53.632,34.76,36.44
2020-03-23,25.23,5.96,31.1,49.28,108.41,2.35,15.41,34.47,56.24,148.3,55.52,17.271,19.93,1156.96,38.73,46.44,33.805,105.29,12.97,46.72,14.925,47.27,44.166,98.56,12.69,79.398,72.25,52.862,37.39,35.56
2020-03-24,28.38,6.704,34.36,55.89,115.67,2.57,17.42,39.37,64.1,160.91,64.23,20.171,20.48,1240.0,46.31,50.85,37.55,109.34,15.58,52.26,15.91,52.75,50.702,108.8,14.22,85.504,81.75,59.91,40.72,40.13
2020-03-25,27.3,6.988,33.66,59.6,119.15,2.84,19.11,40.58,69.67,157.63,59.16,22.017,21.49,1207.69,51.44,53.53,40.82,101.77,16.77,57.25,16.802,54.92,53.564,106.0,15.01,89.574,85.12,59.88,41.43,41.99
2020-03-26,27.55,7.174,34.54,60.25,119.15,2.66,17.97,41.94,69.98,154.65,58.08,22.161,21.9,1255.19,54.04,54.96,40.84,109.96,16.94,58.07,17.15,55.87,55.615,109.35,14.44,89.958,86.41,61.79,41.63,44.56
2020-03-27,26.89,6.523,32.74,56.77,116.99,2.35,16.43,38.87,66.66,140.35,54.06,21.281,21.25,1207.28,50.44,53.68,38.835,104.87,15.76,54.29,16.805,53.81,53.063,103.25,13.31,90.405,82.54,58.808,39.42,42.38
2020-03-30,27.29,7.698,32.98,58.46,115.52,2.41,18.97,39.95,67.81,138.48,56.63,22.449,21.46,1275.9,52.03,55.15,39.5,109.7,17.0,54.81,17.285,57.2,53.118,108.33,14.86,97.871,84.8,61.582,39.47,44.2
2020-03-31,25.86,9.427,33.49,59.83,121.63,2.84,22.46,40.98,71.06,140.61,56.18,22.413,22.25,1279.02,54.39,57.73,41.0,109.2,17.67,57.47,18.138,58.74,57.019,110.03,15.91,99.564,87.17,62.11,38.73,45.27
2020-04-01,26.88,9.05,32.15,56.8,118.31,2.72,22.19,38.63,67.13,145.91,59.16,21.234,21.98,1289.71,52.15,55.33,39.04,106.27,16.81,54.38,17.993,58.18,52.744,106.45,15.71,96.459,83.05,59.662,38.99,43.31
2020-04-02,28.16,9.711,34.04,57.01,132.04,3.35,23.95,39.07,67.96,152.98,62.11,22.226,22.5,1274.15,51.58,57.39,39.505,108.13,16.41,55.13,17.753,58.59,54.594,108.71,17.43,98.204,83.66,60.84,40.32,43.71
2020-04-03,28.25,9.197,33.0,55.79,128.12,3.46,22.98,39.6,66.95,152.84,63.11,22.043,22.28,1248.0,50.82,56.73,38.31,106.5,16.04,54.59,18.12,58.23,55.287,107.73,16.97,97.394,82.08,60.204,39.35,42.43
2020-04-06,29.06,9.334,34.89,58.98,134.42,3.8,23.94,40.44,70.7,156.27,64.5,23.994,23.21,1263.18,53.3,57.53,40.89,111.49,16.56,55.29,18.86,61.77,57.876,113.07,17.2,100.571,85.9,62.832,41.5,45.27
2020-04-07,28.41,9.143,36.7,59.8,137.0,3.85,23.03,39.39,72.03,150.35,63.52,23.961,22.97,1292.15,53.28,57.66,41.57,115.09,16.68,55.51,18.805,62.9,58.323,112.02,17.12,99.055,85.67,61.914,41.14,46.0
2020-04-08,28.62,9.378,36.29,60.01,138.21,4.11,23.42,39.82,74.89,147.78,64.43,25.799,22.42,1332.68,56.04,57.25,42.515,118.4,17.15,56.4,18.673,60.83,58.933,113.01,18.07,101.994,87.41,63.664,41.23,46.69
2020-04-09,31.48,9.197,35.65,60.23,140.55,3.86,22.75,40.13,75.1,159.15,68.51,26.473,22.27,1290.78,56.94,57.41,43.085,122.27,17.88,57.4,17.993,60.13,60.419,111.19,18.07,103.136,88.25,63.152,44.71,48.65
2020-04-10,31.48,9.197,35.65,60.23,140.55,3.86,22.75,40.13,75.1,159.15,68.51,26.473,22.27,1290.78,56.94,57.41,43.085,122.27,17.88,57.4,17.993,60.13,60.419,111.19,18.07,103.136,88.25,63.152,44.71,48.65
2020-04-13,33.79,9.128,36.49,58.42,138.91,3.7,22.68,39.8,73.44,168.99,71.84,25.228,22.52,1289.54,55.78,58.0,42.125,115.67,17.57,55.69,18.147,60.36,60.529,109.78,17.56,101.963,86.11,61.688,47.05,47.03
2020-04-14,34.0,8.932,37.09,58.75,142.61,3.62,22.62,40.96,72.99,171.48,73.5,25.621,23.29,1320.5,54.64,58.55,41.92,118.29,17.49,55.53,18.292,60.62,60.747,109.92,17.43,104.32,87.39,63.356,46.98,46.96
2020-04-15,34.48,8.438,38.26,56.66,138.7,3.56,21.39,40.01,69.34,172.61,74.17,25.179,22.77,1304.33,52.49,58.03,40.39,118.41,16.69,53.66,18.208,59.25,59.198,108.71,16.37,102.835,85.26,61.332,46.88,44.96
2020-04-16,35.24,8.232,38.69,54.52,136.56,3.56,20.16,40.22,67.65,174.73,76.19,24.872,22.39,1334.8,50.36,57.64,39.025,121.02,16.27,51.95,18.368,59.24,57.092,109.93,15.77,103.811,83.63,61.7,48.1,43.91
2020-04-17,34.4,9.177,40.55,56.92,136.35,3.84,21.37,41.28,69.99,173.85,75.55,25.578,22.77,1369.95,54.36,58.48,40.45,123.4,17.36,54.45,18.483,60.28,57.685,111.87,17.18,105.649,87.47,62.79,48.16,46.25
2020-04-20,35.24,8.859,40.5,56.97,136.0,3.7,20.88,41.4,69.22,175.52,76.27,25.179,22.54,1418.85,53.84,58.04,40.415,122.01,17.12,54.76,18.68,60.16,57.83,110.54,17.13,104.05,86.81,61.73,49.41,45.27
2020-04-21,35.16,8.619,39.51,54.49,130.17,3.73,20.64,39.9,66.43,177.95,76.46,24.317,21.81,1324.71,51.44,56.69,38.9,119.22,16.27,52.46,18.222,57.44,57.247,107.7,17.34,101.973,83.73,61.1,49.63,42.98
2020-04-22,37.57,9.241,41.08,54.86,131.73,4.1,22.04,40.67,67.33,185.8,80.18,24.446,22.43,1346.63,51.83,57.19,39.48,122.0,16.4,53.1,18.737,58.15,57.83,109.08,18.1,104.798,83.0,64.002,52.23,43.83
2020-04-23,37.65,9.496,39.67,54.31,132.66,4.38,22.04,40.67,66.89,187.46,84.6,24.107,22.28,1353.39,52.15,56.43,39.0,120.3,16.09,52.78,18.58,57.26,58.387,108.72,18.29,102.856,82.26,63.854,54.59,43.09
2020-04-24,38.21,9.672,40.71,54.87,132.61,4.28,21.95,41.17,67.52,192.04,85.85,24.182,22.6,1350.0,52.43,56.48,39.5,120.93,16.06,53.35,18.625,58.22,58.605,111.43,18.55,103.801,83.2,64.64,55.8,43.75
2020-04-27,37.8,9.638,40.55,56.85,133.19,4.25,22.19,41.65,69.81,190.12,85.39,24.813,22.72,1354.56,54.9,57.02,40.985,123.38,16.32,54.5,18.75,58.12,58.687,113.91,18.93,104.33,84.95,64.834,55.73,45.45
2020-04-28,37.73,10.176,40.37,57.92,134.16,4.38,23.34,42.59,71.26,190.44,85.55,24.85,22.8,1355.69,56.38,57.29,41.34,121.67,16.69,55.45,18.343,59.16,59.508,115.35,20.12,103.728,86.13,64.772,55.53,46.88
2020-04-29,36.88,11.832,39.93,60.33,135.75,5.0,26.47,44.37,74.84,189.76,84.12,26.343,23.14,1356.12,59.02,57.32,42.705,120.94,18.13,57.85,17.638,59.33,61.522,117.81,22.67,103.614,88.34,65.42,56.06,49.17
2020-04-30,35.83,11.415,39.35,58.16,132.47,5.05,24.82,42.65,70.77,184.16,81.33,25.352,22.75,1338.53,56.14,56.29,41.24,119.76,17.53,55.8,17.125,58.3,58.396,115.11,22.49,101.838,85.63,63.272,52.89,47.71
2020-05-01,37.87,10.7,40.5,57.04,131.8,4.71,24.14,42.01,68.55,194.52,86.18,24.867,22.52,1350.75,55.05,55.61,40.5,118.11,16.9,54.25,17.02,57.94,57.429,113.22,21.82,100.976,84.48,62.38,57.84,46.6
2020-05-04,38.79,10.965,39.9,57.49,132.5,4.75,23.73,42.56,68.56,201.81,89.69,25.195,22.72,1359.84,55.46,56.3,40.88,120.4,16.73,53.59,16.942,57.19,59.243,111.81,22.16,102.347,85.14,61.464,58.42,46.78
2020-05-05,39.66,10.881,40.0,56.99,134.0,5.12,23.28,43.06,67.75,204.97,89.67,25.115,22.75,1370.28,55.7,56.52,41.025,122.5,16.44,53.17,17.21,57.3,60.638,112.84,21.37,101.973,84.88,61.0,59.83,44.79
2020-05-06,37.52,10.627,39.82,56.78,134.64,5.03,22.5,43.27,67.98,201.35,89.56,24.667,22.86,1389.45,55.5,56.93,41.23,122.1,16.69,52.95,17.147,57.32,60.875,113.91,20.76,99.72,84.62,62.562,59.48,47.81
2020-05-07,38.15,10.578,40.32,56.25,135.58,5.35,23.17,44.62,67.1,202.2,91.72,25.018,22.75,1402.38,54.6,56.54,40.92,128.74,16.4,52.4,16.853,56.68,58.505,112.98,20.81,99.408,84.18,62.81,61.2,47.79
2020-05-08,38.13,11.185,40.73,57.03,138.04,5.38,23.83,44.65,68.34,199.4,91.78,25.061,22.85,1465.09,55.5,56.75,41.615,129.19,17.08,52.95,17.315,56.92,58.541,114.14,21.2,98.692,85.34,63.832,60.38,48.41
2020-05-11,36.49,11.219,41.69,57.87,139.97,5.14,23.79,46.21,68.71,198.05,90.48,25.459,23.18,1483.19,56.23,57.13,41.765,130.99,17.13,53.41,17.923,58.04,60.027,116.33,21.0,99.398,86.6,64.45,59.77,48.23
2020-05-12,36.6,11.596,41.01,56.75,137.18,5.31,23.7,45.36,67.3,198.09,90.37,24.667,22.84,1460.82,55.09,56.03,41.175,130.29,16.94,52.74,17.525,56.87,58.706,114.57,21.1,97.632,84.89,64.332,59.66,47.43
2020-05-13,36.85,11.107,40.63,54.75,132.47,4.94,22.32,44.04,63.85,199.62,91.72,23.514,22.31,1462.58,51.99,54.65,40.16,128.23,16.24,50.46,17.013,55.87,56.727,111.73,19.73,95.639,82.5,64.13,61.1,45.67
2020-05-14,38.11,11.332,40.6,55.23,132.22,4.94,22.3,43.0,63.13,205.53,92.72,23.207,22.46,1449.03,51.82,55.14,39.88,128.22,16.1,50.55,17.035,55.54,56.345,110.2,19.7,96.625,83.14,62.334,61.74,45.23
2020-05-15,39.56,11.748,40.5,54.9,132.88,5.21,22.86,43.92,62.37,212.3,97.27,22.759,22.49,1460.36,51.38,54.9,39.635,127.15,15.74,49.97,16.845,55.19,57.165,109.99,20.09,97.29,82.64,62.068,64.33,45.44
2020-05-18,39.56,11.748,40.5,54.9,132.88,5.21,22.86,43.92,62.37,212.3,97.27,22.759,22.49,1460.36,51.38,54.9,39.635,127.15,15.74,49.97,16.845,55.19,57.165,109.99,20.09,97.29,82.64,62.068,64.33,45.44
2020-05-19,39.16,12.272,41.55,56.14,132.96,5.6,23.97,44.7,65.22,207.32,94.76,22.474,22.67,1489.39,53.47,55.32,40.935,127.54,15.9,51.08,17.175,55.5,55.953,113.38,20.84,98.515,83.73,64.59,65.04,46.09
2020-05-20,37.85,12.644,42.16,56.85,128.98,5.99,25.5,44.51,66.45,205.07,92.69,22.382,22.5,1533.77,54.24,55.03,41.395,128.03,16.17,51.62,16.875,56.02,54.394,116.19,21.67,96.729,86.01,67.896,64.09,46.88
2020-05-21,36.61,12.571,41.72,56.21,126.9,5.96,24.44,43.89,65.1,201.35,90.65,22.56,22.55,1532.43,53.25,54.39,41.3,126.97,16.15,51.46,16.71,55.2,52.835,114.48,21.57,95.877,83.68,67.112,62.2,47.06
2020-05-22,36.81,12.414,42.31,55.52,126.35,5.91,23.89,43.97,64.14,206.03,91.79,22.851,22.61,1575.67,52.42,54.62,41.15,128.13,15.89,51.1,16.6,54.81,53.692,115.25,21.31,96.158,82.27,67.428,62.56,46.6
2020-05-25,36.81,12.292,42.48,56.89,127.4,5.93,24.2,44.16,65.25,209.37,91.24,23.433,22.75,1592.26,54.02,55.09,41.305,127.99,16.27,51.99,16.71,55.65,53.61,117.06,21.45,96.636,82.9,68.038,61.8,47.17
2020-05-26,34.03,12.351,42.43,59.81,127.72,6.02,24.33,43.81,70.19,196.06,87.5,23.826,23.26,1600.86,57.08,55.72,43.96,126.84,17.28,55.84,16.733,56.55,54.986,117.78,22.26,95.524,88.03,68.84,59.31,48.31
2020-05-27,32.88,12.449,42.39,62.7,127.5,6.19,24.28,44.21,70.78,191.28,86.93,23.897,23.37,1528.3,61.15,56.35,45.9,125.43,17.69,57.97,16.685,57.5,55.378,118.61,22.7,94.258,92.25,69.718,58.16,48.39
2020-05-28,33.01,12.346,43.2,60.29,133.03,6.03,24.02,44.55,69.39,194.56,87.51,23.643,23.66,1539.16,61.79,57.0,44.97,129.67,17.33,57.35,17.05,57.58,55.98,119.03,22.09,96.729,91.33,69.176,59.49,48.09
2020-05-29,33.11,12.316,43.22,58.98,131.44,6.0,23.67,44.78,67.92,193.26,88.09,23.298,23.86,1565.13,59.96,57.23,44.145,129.58,17.1,55.17,17.04,57.7,56.563,118.6,21.51,95.763,89.33,69.02,59.32,47.23
2020-06-01,33.6,12.591,42.33,60.05,130.57,6.11,23.85,44.74,69.09,190.24,86.98,23.185,23.89,1522.35,61.27,57.11,45.365,128.04,17.25,56.18,16.75,56.41,55.524,117.64,22.22,96.262,91.25,67.668,59.38,47.99
2020-06-02,32.35,13.247,43.14,60.79,132.12,6.42,24.73,45.08,70.52,182.85,84.05,23.945,24.3,1523.45,63.95,57.67,46.23,128.12,17.76,57.2,16.895,57.14,56.08,118.42,22.82,98.567,93.64,68.34,56.38,49.22
2020-06-03,31.27,13.315,44.33,62.43,133.25,6.47,25.38,44.87,73.93,177.19,78.6,25.422,24.53,1532.35,65.03,58.56,47.72,128.02,18.38,58.93,16.99,57.96,56.572,120.82,23.07,99.128,94.36,70.33,52.97,51.17
2020-06-04,31.63,13.423,42.85,62.37,132.4,6.5,25.96,44.14,74.15,179.04,78.63,25.109,24.59,1515.39,64.53,58.86,47.815,126.44,18.48,59.05,16.772,57.96,56.509,120.21,23.52,97.84,94.91,69.858,52.68,50.92
2020-06-05,31.29,14.133,43.43,65.01,133.87,7.05,28.57,44.84,76.07,172.94,78.23,26.257,24.95,1499.44,65.52,59.5,48.95,132.17,19.52,60.54,16.865,58.75,57.603,122.28,24.86,99.097,96.8,71.494,50.7,52.8
2020-06-08,31.49,14.324,41.72,65.69,133.67,7.71,28.43,45.32,77.95,171.73,77.1,27.141,25.38,1505.07,65.54,59.77,49.435,128.8,20.1,60.96,16.577,59.42,58.888,121.7,26.28,96.168,96.07,70.168,50.65,52.38
2020-06-09,32.64,13.928,41.78,64.9,133.15,7.19,27.61,44.26,77.29,173.46,78.86,26.915,24.26,1501.7,64.14,59.22,49.36,127.03,19.93,60.67,16.497,58.94,57.046,123.0,25.67,96.449,94.64,70.75,51.2,51.65
2020-06-10,33.58,13.296,43.4,63.63,133.42,6.86,26.44,43.1,75.71,180.7,82.73,26.5,23.92,1514.14,62.89,59.35,48.26,126.98,19.7,59.93,16.7,58.92,55.424,121.91,24.49,97.497,93.24,69.624,53.95,51.13
2020-06-11,33.01,11.876,42.7,60.82,130.04,6.12,24.22,41.44,72.5,177.58,81.49,24.522,23.03,1481.38,60.08,57.85,46.26,121.78,18.72,57.36,16.378,58.41,53.017,118.06,22.6,94.86,89.89,67.356,52.15,49.31
2020-06-12,32.74,11.92,41.81,62.41,131.04,6.21,24.87,42.13,74.45,175.68,80.56,25.028,23.3,1471.03,60.99,57.29,47.01,122.34,18.78,58.51,16.61,59.58,53.674,119.52,23.14,95.171,91.35,68.478,51.86,50.15
2020-06-15,33.61,11.699,41.92,61.85,131.05,6.28,24.68,42.25,74.68,179.88,82.88,24.775,23.24,1481.8,60.71,56.62,46.95,123.85,18.61,58.19,16.545,57.56,54.193,119.0,23.48,95.431,91.37,68.418,54.36,49.85
2020-06-16,32.88,11.885,42.64,62.46,132.17,6.63,25.17,43.4,76.77,174.03,79.93,25.201,23.53,1499.62,62.01,57.94,47.455,124.99,18.89,58.75,16.667,57.9,55.415,120.84,23.64,95.462,92.75,69.634,52.58,50.56
2020-06-17,32.9,11.454,42.98,61.94,131.71,6.25,24.03,42.78,76.14,176.53,79.27,25.325,23.2,1498.42,61.9,57.35,47.015,124.52,18.61,58.41,16.48,57.15,54.494,122.11,22.64,96.21,92.27,69.86,53.61,49.98
2020-06-18,32.69,11.479,43.0,61.8,132.84,6.05,23.81,43.31,76.55,174.59,78.2,25.131,23.46,1500.0,61.55,57.67,46.98,123.99,18.63,57.9,16.567,57.24,54.995,120.88,22.43,96.376,93.0,69.79,53.41,50.12
2020-06-19,33.25,11.425,43.76,61.57,134.19,6.18,23.2,42.34,75.99,178.99,80.5,25.131,23.72,1471.8,61.97,57.96,46.745,123.08,18.69,57.03,16.788,56.65,54.084,118.98,21.89,95.587,92.36,69.316,56.75,49.96
2020-06-22,34.45,11.503,42.86,61.4,132.12,6.25,23.41,41.99,75.2,184.9,83.11,25.088,23.47,1498.03,62.05,57.32,46.855,123.16,18.54,56.74,16.635,56.02,54.385,118.9,21.86,96.428,92.1,68.448,57.46,49.88
2020-06-23,34.81,11.822,42.04,61.71,132.18,6.36,23.84,41.91,75.93,184.65,84.6,24.818,23.21,1510.68,62.81,57.08,47.1,124.05,18.72,56.78,16.302,55.62,55.077,118.7,22.27,95.805,92.6,68.012,58.01,50.0
2020-06-24,35.05,11.469,42.86,60.29,130.13,6.22,22.75,40.99,73.95,183.58,83.85,24.101,22.83,1500.0,61.98,56.52,46.32,121.72,18.2,55.64,16.532,55.28,53.555,116.47,21.49,94.424,91.71,66.924,56.58,48.82
2020-06-25,35.11,11.562,43.2,60.97,130.4,6.34,22.8,41.38,73.75,186.42,84.13,24.7,23.05,1529.3,62.05,56.92,46.515,124.55,18.53,56.01,16.657,55.34,53.382,118.61,21.44,95.13,93.17,68.33,57.56,49.38
2020-06-26,35.36,11.45,42.5,59.48,127.1,6.07,22.28,40.49,70.74,187.62,84.09,23.961,22.36,1526.58,60.14,55.8,45.065,123.94,17.85,54.44,16.335,54.09,52.097,118.18,21.03,94.694,91.2,67.942,57.74,48.38
2020-06-29,35.8,11.67,42.46,60.32,128.06,6.37,23.16,41.45,71.46,189.83,85.2,24.037,22.68,1540.0,61.0,56.76,45.065,125.75,18.19,55.62,16.8,55.22,52.261,118.91,21.67,95.016,92.21,68.432,58.02,48.65
2020-06-30,36.53,11.533,42.9,60.59,129.21,6.35,22.89,41.28,72.26,189.65,86.93,24.08,22.77,1532.89,61.52,56.62,45.37,127.19,18.47,56.18,16.528,54.55,52.871,120.11,21.84,95.784,92.11,69.064,59.71,49.89
2020-07-01,36.53,11.533,42.9,60.59,129.21,6.35,22.89,41.28,72.26,189.65,86.93,24.08,22.77,1532.89,61.52,56.62,45.37,127.19,18.47,56.18,16.528,54.55,52.871,120.11,21.84,95.784,92.11,69.064,59.71,49.89
2020-07-02,35.66,11.783,43.21,60.6,129.31,6.44,22.74,41.58,72.11,185.88,85.32,23.972,22.66,1551.02,61.58,56.4,45.575,125.29,18.41,56.46,16.647,55.04,52.999,120.34,21.59,95.192,92.77,68.928,58.81,49.23
2020-07-03,35.55,11.827,43.58,60.65,129.6,6.31,22.7,41.65,72.25,186.15,84.7,23.956,22.8,1545.01,61.72,56.56,45.56,125.47,18.27,57.0,16.677,55.33,52.963,119.4,21.45,95.379,92.17,68.448,58.46,49.11
2020-07-06,36.02,11.474,43.77,61.17,130.35,6.3,22.91,41.22,73.7,188.15,85.13,24.317,22.67,1566.74,62.01,56.12,46.06,125.3,18.85,56.24,16.872,54.82,52.397,120.18,21.93,95.535,93.41,68.93,60.06,50.12
2020-07-07,36.77,11.224,43.57,60.22,129.06,6.12,22.31,40.78,71.97,192.59,87.58,23.665,22.45,1568.81,60.66,55.62,45.675,124.87,18.36,54.95,16.827,54.7,51.851,120.11,21.61,94.361,92.47,69.47,61.38,49.22
2020-07-08,37.5,11.068,44.05,60.3,130.56,6.01,21.92,40.7,72.02,195.56,89.08,24.01,22.42,1624.99,60.72,55.25,45.7,124.45,18.25,54.73,16.722,53.35,51.714,121.31,20.84,95.182,91.98,70.056,63.39,49.44
2020-07-09,37.5,10.784,45.33,58.74,130.74,5.89,21.38,40.2,70.88,196.0,90.07,23.778,22.33,1629.34,60.08,54.84,45.095,130.5,17.93,54.13,16.715,52.99,50.994,120.79,20.34,95.877,91.27,69.528,63.47,48.96
2020-07-10,36.82,11.219,45.85,59.92,131.75,5.99,21.95,40.15,72.82,194.63,88.4,24.069,22.69,1611.99,61.25,55.15,45.81,133.6,18.34,55.54,16.858,53.59,51.805,121.88,20.9,95.431,93.08,70.216,63.41,49.85
2020-07-13,35.57,11.288,45.15,60.76,133.37,5.78,22.1,40.39,73.23,192.75,84.81,24.295,22.74,1605.0,61.34,55.87,45.965,130.56,18.69,56.19,17.025,54.08,52.343,122.02,20.98,95.265,93.44,69.052,61.52,50.3
2020-07-14,36.83,11.719,46.0,60.87,137.34,6.01,23.1,41.73,73.85,199.73,88.69,25.023,23.16,1594.87,61.93,55.97,46.35,133.84,18.76,56.07,17.105,54.92,54.139,125.06,22.07,96.604,94.83,70.948,64.07,51.17
2020-07-15,36.6,11.91,45.94,61.8,139.78,6.27,23.37,41.86,75.56,200.16,88.96,25.384,23.55,1603.5,63.2,56.35,46.84,134.84,18.98,56.57,17.34,55.87,54.877,126.28,22.5,97.985,95.78,71.602,63.85,51.76
2020-07-16,36.27,11.694,45.45,61.8,138.64,6.2,23.19,41.93,75.5,200.34,88.33,25.163,23.88,1578.14,62.85,57.22,46.955,135.79,19.17,57.05,17.4,56.71,55.251,127.75,22.3,98.39,95.76,72.92,63.53,52.2
2020-07-17,37.08,11.533,46.49,61.68,139.88,6.07,23.0,41.61,74.6,203.78,90.91,25.282,23.85,1601.75,63.0,57.58,46.77,138.97,19.14,56.58,17.587,57.27,55.032,129.5,22.08,99.699,95.86,74.184,65.42,52.92
2020-07-20,38.05,11.317,46.57,61.72,139.34,5.94,22.64,41.28,74.38,208.48,93.0,25.044,23.56,1599.49,63.31,56.7,46.645,137.89,19.04,56.06,17.542,55.53,54.166,129.8,21.64,99.232,94.94,73.812,66.94,52.76
2020-07-21,37.99,12.502,45.65,61.92,137.04,6.62,24.48,41.75,75.08,209.42,92.78,25.233,23.44,1570.33,63.08,56.43,47.075,135.41,19.17,56.39,17.198,55.79,54.95,128.69,23.42,98.245,95.7,73.002,68.88,52.89
2020-07-22,38.25,12.326,45.99,61.5,138.42,6.68,23.97,42.16,74.8,211.89,93.91,24.969,23.0,1572.36,62.93,55.89,46.88,136.07,19.0,56.31,17.105,54.96,54.95,129.87,22.76,98.027,95.39,73.094,70.09,53.26
2020-07-23,37.46,11.89,46.06,61.23,137.62,6.66,23.04,41.91,74.24,209.11,92.66,24.484,22.82,1561.61,62.53,55.81,46.855,134.59,18.9,55.98,17.365,55.1,54.531,128.3,22.49,96.334,95.11,73.73,68.1,53.15
2020-07-24,38.18,11.944,46.02,60.58,137.36,6.73,22.42,41.96,73.73,212.99,96.41,24.236,22.91,1546.32,62.09,55.88,46.69,133.39,18.68,55.55,17.282,54.33,54.959,129.53,22.43,95.14,93.72,73.54,71.93,53.2
2020-07-27,39.98,12.287,46.37,60.08,140.57,6.75,22.5,41.85,74.17,218.69,99.05,24.285,23.07,1561.94,62.87,56.05,46.58,133.97,18.65,55.4,17.312,54.61,54.64,129.45,22.59,95.005,93.4,74.0,75.14,53.52
2020-07-28,39.49,11.881,46.5,59.64,139.1,6.35,21.57,42.22,73.96,218.3,100.46,24.538,22.93,1566.41,62.72,56.26,46.31,133.61,18.53,55.04,17.2,54.62,54.904,128.38,21.82,95.556,92.49,73.392,74.33,52.52
2020-07-29,38.35,12.145,47.05,59.9,143.28,6.42,21.89,43.52,75.07,215.59,97.71,24.387,23.08,1537.5,63.48,56.2,46.6,135.42,18.58,55.67,17.448,54.76,55.934,131.75,22.45,96.854,93.08,74.75,73.17,52.94
2020-07-30,38.04,11.792,47.47,59.91,147.01,6.17,21.79,43.38,75.43,212.0,101.46,24.301,23.36,1590.01,63.9,56.57,46.795,137.13,18.45,55.78,17.5,55.38,55.816,131.19,22.01,97.238,93.24,74.062,71.1,53.44
2020-07-31,38.71,11.572,46.58,59.27,146.24,5.96,21.07,42.87,73.28,214.1,106.37,23.314,23.23,1584.37,63.24,56.16,46.365,136.9,17.95,55.01,17.372,54.7,55.652,130.84,20.95,97.051,92.4,73.674,72.67,52.21
2020-08-03,38.71,11.572,46.58,59.27,146.24,5.96,21.07,42.87,73.28,214.1,106.37,23.314,23.23,1584.37,63.24,56.16,46.365,136.9,17.95,55.01,17.372,54.7,55.652,130.84,20.95,97.051,92.4,73.674,72.67,52.21
2020-08-04,39.71,11.934,46.48,59.57,145.05,6.18,21.45,43.95,73.0,217.09,108.62,22.991,23.94,1599.1,63.83,56.88,46.18,134.55,18.01,55.23,17.442,56.32,57.748,129.82,21.87,98.349,92.49,72.322,74.83,51.87
2020-08-05,39.6,12.258,46.5,60.18,144.27,6.61,22.07,43.65,74.41,213.29,110.83,23.277,23.83,1590.0,63.87,56.38,46.775,134.53,18.83,55.92,17.475,55.55,57.867,130.73,22.21,98.515,93.8,72.702,74.65,53.53
2020-08-06,39.27,12.615,46.76,60.49,146.51,6.58,21.85,44.02,74.3,207.78,111.9,23.271,24.01,1631.83,63.89,57.07,46.82,137.21,19.43,56.17,17.493,55.67,58.341,132.45,21.98,102.575,94.59,74.29,73.7,53.98
2020-08-07,38.56,13.09,46.18,61.2,144.9,6.52,21.62,44.17,75.25,205.59,110.1,23.309,24.15,1552.7,64.91,56.73,47.375,136.45,19.59,56.9,17.452,54.99,58.478,133.9,21.7,103.956,95.4,75.476,70.79,55.0
2020-08-10,38.32,13.276,45.46,62.0,143.43,6.77,22.6,44.81,76.6,203.62,109.38,23.703,24.21,1516.0,65.51,56.85,47.97,133.88,19.93,57.84,17.382,55.1,59.407,135.47,22.3,102.949,96.23,76.602,70.5,56.12
2020-08-11,34.87,13.364,45.58,63.21,143.73,6.76,22.62,44.66,77.58,189.47,102.79,24.295,24.36,1559.83,65.58,57.23,48.355,132.5,20.45,58.24,17.55,55.69,59.38,135.87,22.41,103.022,97.66,77.4,65.5,56.61
2020-08-12,34.72,13.237,44.95,63.97,141.51,6.94,23.09,45.09,78.65,191.31,102.53,24.193,24.38,1543.71,65.81,57.27,48.82,132.6,20.55,58.75,17.587,55.52,59.717,136.43,22.93,104.102,98.04,78.302,65.62,56.88
2020-08-13,35.92,13.139,45.56,63.48,142.48,6.78,22.47,43.43,77.79,196.03,104.61,23.724,24.1,1518.29,65.9,56.72,48.485,132.19,20.39,58.18,17.683,55.43,59.061,135.59,22.6,103.24,97.65,77.672,67.2,56.52
2020-08-14,35.79,13.237,45.55,63.43,142.33,6.81,22.57,43.53,78.03,195.62,104.78,24.031,24.24,1518.58,66.41,56.76,48.585,132.41,19.98,57.68,17.698,55.79,59.098,135.9,22.63,103.468,97.46,77.856,67.01,56.71
2020-08-17,39.84,13.11,45.65,62.96,141.26,6.89,22.45,43.42,77.78,202.07,108.9,24.479,24.06,1510.55,66.41,56.44,48.665,131.97,19.77,57.21,17.677,55.74,59.344,137.43,22.68,103.136,97.1,78.774,69.87,55.96
2020-08-18,39.59,12.958,45.36,62.4,143.15,6.64,22.12,43.41,77.31,200.0,108.29,23.886,24.22,1504.25,66.27,56.91,48.305,131.67,19.67,57.03,17.75,56.14,59.307,137.62,22.17,103.385,97.32,79.248,69.58,55.74
2020-08-19,38.26,12.88,45.68,62.43,141.9,6.58,21.87,43.32,77.01,195.59,106.39,24.058,24.18,1505.99,66.64,57.06,48.935,131.63,19.76,56.58,17.725,55.84,59.453,137.95,22.06,104.278,97.69,78.93,68.12,56.04
2020-08-20,39.51,12.772,45.93,62.2,141.24,6.49,21.45,43.22,76.07,199.42,106.68,23.816,24.15,1559.22,66.75,57.24,48.81,131.13,19.56,56.04,17.688,55.46,59.161,138.33,21.85,105.202,97.92,78.662,69.2,55.89
2020-08-21,38.6,12.512,45.4,62.2,141.94,6.16,20.89,43.24,75.48,195.84,104.86,24.058,24.21,1539.61,67.01,57.56,48.975,131.06,19.49,55.55,17.775,55.89,59.562,139.47,21.43,105.607,97.92,78.724,68.36,56.32
2020-08-24,38.27,13.061,45.49,64.01,141.81,6.47,21.96,43.36,76.85,193.97,104.0,24.306,24.43,1530.27,67.63,57.7,49.495,132.35,19.97,56.48,17.782,56.08,59.298,140.1,22.52,106.116,98.94,78.882,67.68,57.19
2020-08-25,37.85,13.119,44.68,64.55,142.52,6.5,21.92,43.04,81.23,194.02,103.53,23.923,24.49,1502.67,68.05,57.75,49.7,133.82,19.88,56.1,17.583,55.82,58.332,139.9,22.54,104.569,99.92,78.738,67.7,55.96
2020-08-26,38.66,12.84,44.92,66.37,142.69,6.35,21.42,42.29,83.56,198.0,106.2,24.306,24.29,1552.03,71.0,57.53,51.03,133.8,19.97,56.71,17.42,55.8,57.393,140.09,22.09,105.4,101.4,78.778,69.79,56.23
2020-08-27,37.48,12.865,45.05,66.4,142.4,6.32,21.59,42.57,83.67,195.16,104.13,24.559,24.44,1526.13,71.4,57.72,52.005,132.62,20.01,57.54,17.452,56.07,57.138,140.33,21.94,105.41,101.9,79.076,67.48,56.91
2020-08-28,38.26,12.919,43.87,65.78,141.77,6.42,21.76,42.65,82.83,195.57,107.44,24.603,24.29,1509.06,71.5,57.05,52.06,131.4,19.91,56.79,17.1,55.72,56.718,139.3,22.12,104.86,101.07,78.38,69.47,55.97
2020-08-31,38.64,12.595,42.7,65.07,139.71,6.16,20.93,41.73,82.78,196.17,107.54,23.724,24.02,1509.99,71.7,56.06,51.78,130.44,19.24,56.37,16.853,54.26,55.597,137.06,21.51,103.541,99.33,77.178,69.66,54.44
2020-09-01,38.34,12.782,43.02,64.99,141.48,6.2,21.14,42.11,81.9,194.76,106.08,23.913,24.14,1540.45,71.79,55.74,52.05,130.91,19.45,55.62,16.722,54.35,55.634,137.66,21.6,105.483,99.03,77.352,69.28,54.88
2020-09-02,38.64,12.693,45.98,64.94,139.2,6.1,20.77,42.52,81.94,195.74,107.01,24.392,24.6,1546.02,72.65,57.05,52.04,133.94,19.63,55.88,17.15,56.9,55.661,137.05,20.87,107.352,99.14,77.374,69.9,55.77
2020-09-03,38.36,12.61,45.8,64.17,137.75,6.28,20.67,42.09,81.42,194.39,105.17,23.875,24.07,1518.47,72.59,56.37,52.14,132.24,19.2,55.29,16.993,56.74,55.634,136.17,20.92,105.452,97.84,76.81,69.07,54.69
2020-09-04,37.9,12.591,44.84,63.42,136.82,6.06,20.24,41.24,81.37,190.11,102.87,23.401,23.8,1472.81,72.58,55.84,52.045,129.62,19.16,55.34,16.695,55.52,54.239,135.38,20.91,103.105,96.91,75.826,67.4,54.38
2020-09-07,37.9,12.591,44.84,63.42,136.82,6.06,20.24,41.24,81.37,190.11,102.87,23.401,23.8,1472.81,72.58,55.84,52.045,129.62,19.16,55.34,16.695,55.52,54.239,135.38,20.91,103.105,96.91,75.826,67.4,54.38
2020-09-08,38.65,11.572,44.15,63.07,136.55,5.54,18.52,41.23,80.16,192.24,105.25,23.158,23.9,1480.44,71.85,56.45,51.785,130.71,19.06,54.85,16.7,55.54,54.339,134.62,19.64,103.499,96.29,75.928,68.66,54.23
2020-09-09,40.11,11.876,46.55,63.68,138.55,5.59,18.5,41.76,80.72,198.03,109.46,23.325,23.85,1516.79,72.57,56.99,51.95,131.86,19.44,55.44,17.138,55.38,55.469,137.25,19.81,105.151,97.5,77.532,72.18,55.31
2020-09-10,39.7,11.675,44.68,63.01,137.97,5.37,18.13,40.98,79.83,193.23,108.35,23.11,23.58,1505.77,72.33,56.52,51.15,130.67,18.89,55.19,17.103,53.96,54.758,136.87,19.18,103.956,96.41,78.086,70.37,54.32
2020-09-11,39.24,11.572,45.05,63.31,140.71,5.43,18.19,41.13,80.51,191.09,108.3,23.471,23.73,1504.02,72.85,56.94,51.28,131.47,19.06,55.38,17.055,53.73,55.141,139.09,19.28,104.735,97.18,79.278,69.73,55.05
2020-09-14,39.46,11.645,45.0,63.38,140.88,5.4,17.82,40.72,81.36,194.23,114.0,23.541,23.82,1508.19,72.8,55.75,51.38,133.6,19.31,55.32,17.065,53.26,54.722,140.74,19.0,106.303,97.87,80.484,70.96,55.33
2020-09-15,39.53,11.538,44.64,63.21,142.23,5.4,17.62,40.81,81.25,195.32,113.31,23.708,24.04,1507.53,72.0,56.42,51.305,133.78,19.28,55.53,17.165,53.88,54.613,142.52,18.98,107.539,98.13,81.17,71.18,55.69
2020-09-16,39.49,11.939,43.3,62.56,140.77,5.74,17.96,40.81,80.64,193.82,112.66,24.085,23.93,1489.23,71.34,55.75,51.17,131.96,19.27,55.07,16.858,53.31,54.43,139.21,19.32,106.397,96.67,79.576,70.32,55.12
2020-09-17,38.18,11.543,44.24,62.53,143.69,5.65,17.85,40.55,80.79,192.43,110.74,23.848,23.91,1471.0,70.74,56.06,51.235,132.23,19.23,55.18,16.997,52.72,54.622,140.81,18.85,105.618,96.53,79.79,69.25,55.16
2020-09-18,38.02,11.342,44.71,62.08,141.1,5.56,17.64,40.21,80.23,188.01,106.09,23.875,23.52,1460.41,69.57,55.5,50.98,133.25,19.11,55.15,16.923,51.83,55.123,138.68,18.4,106.158,95.47,79.392,67.53,54.82
2020-09-21,37.44,10.818,44.95,60.8,141.59,5.26,16.89,39.97,79.17,187.86,104.5,23.32,23.26,1474.47,68.31,54.87,50.91,134.65,18.53,54.58,16.94,51.31,54.248,137.44,17.57,106.282,94.35,79.042,65.87,53.72
2020-09-22,37.75,11.068,46.15,60.92,144.28,5.34,16.92,40.59,78.04,189.35,105.07,23.53,23.67,1508.49,67.73,55.77,50.945,136.35,18.45,54.31,17.475,51.87,55.77,139.86,17.6,107.985,94.32,80.144,66.56,53.96
2020-09-23,36.17,10.744,46.78,60.17,140.82,5.15,16.69,39.49,77.65,181.62,100.06,23.002,23.53,1495.38,66.07,54.94,50.475,134.75,18.17,54.13,17.445,51.0,53.446,140.37,16.92,107.684,93.63,79.844,63.17,53.1
2020-09-24,36.91,10.784,47.11,60.84,139.98,5.34,17.05,39.6,77.99,186.03,104.59,22.835,23.52,1515.62,66.26,55.05,50.725,135.06,18.27,54.21,17.475,51.56,53.464,141.41,16.87,107.394,94.19,80.15,65.12,53.07
2020-09-25,37.08,10.593,46.92,61.32,141.49,5.21,16.63,40.2,77.98,185.73,104.63,23.438,23.82,1550.75,65.71,55.45,49.875,138.71,18.4,54.46,17.675,52.03,54.43,142.13,16.4,109.263,94.49,80.482,64.79,53.94
2020-09-28,37.15,10.96,46.64,62.37,142.87,5.55,17.26,40.25,79.59,185.78,104.67,24.128,24.01,1520.04,67.21,56.07,50.6,140.38,18.95,55.97,17.68,53.0,53.965,142.68,16.71,111.308,95.56,80.73,64.62,54.98
2020-09-29,37.87,10.529,46.64,61.57,141.77,5.24,16.49,39.6,78.17,187.01,106.81,23.756,23.84,1506.63,66.54,55.77,49.96,139.63,18.64,55.44,17.567,53.2,52.78,142.59,16.11,111.153,93.91,81.436,65.7,54.44
2020-09-30,37.4,10.451,46.41,61.65,142.58,5.19,16.26,38.9,77.84,186.07,106.09,23.746,23.43,1479.63,66.14,55.22,49.765,138.4,18.52,55.32,17.433,52.82,50.957,141.81,15.94,110.343,93.49,81.01,65.33,54.26
2020-10-01,37.52,10.093,46.63,61.79,143.24,4.85,15.5,38.59,77.08,187.61,107.65,24.15,23.39,1531.06,66.22,55.19,49.62,136.78,18.5,55.39,17.407,52.83,50.401,141.38,15.31,111.059,93.56,80.22,66.65,54.34
2020-10-02,37.11,10.186,46.22,62.5,143.4,4.82,15.95,38.6,77.4,186.1,105.99,24.29,23.64,1528.09,66.78,55.45,49.86,136.68,18.89,56.09,17.337,53.43,50.966,141.93,15.56,110.758,94.27,80.85,65.18,54.88
2020-10-05,37.63,10.48,46.44,63.48,144.15,5.0,16.04,39.23,78.45,187.29,107.31,24.43,23.85,1543.12,68.01,55.49,50.615,135.76,19.17,55.8,17.46,53.45,50.957,143.54,15.76,111.641,95.52,81.04,66.12,55.57
2020-10-06,35.95,10.597,45.87,63.28,142.66,5.06,15.94,38.52,80.37,179.35,103.75,24.29,23.91,1521.16,67.0,55.25,50.8,136.2,19.13,55.95,17.403,52.5,50.164,143.18,15.67,111.07,95.64,80.228,62.98,55.52
2020-10-07,35.76,10.901,46.01,63.41,143.93,5.15,16.3,38.8,81.72,179.83,102.93,25.109,23.97,1526.78,67.52,55.5,51.09,137.6,19.47,56.67,17.36,53.39,50.738,145.67,16.04,111.89,97.67,82.19,63.38,56.2
2020-10-08,36.02,11.621,45.8,62.71,144.11,5.49,17.07,40.03,82.21,181.15,103.77,25.265,24.26,1522.58,67.97,55.8,51.245,136.46,19.38,56.74,17.325,54.23,52.799,144.39,16.95,111.859,97.71,81.812,63.48,55.83
2020-10-09,36.81,11.484,45.55,61.54,145.12,5.32,16.88,39.21,81.78,185.2,108.56,24.888,24.12,1513.85,67.76,55.7,50.8,136.2,19.26,56.43,17.215,53.86,52.343,144.43,16.52,112.295,97.35,82.422,66.95,55.55
2020-10-12,36.81,11.484,45.55,61.54,145.12,5.32,16.88,39.21,81.78,185.2,108.56,24.888,24.12,1513.85,67.76,55.7,50.8,136.2,19.26,56.43,17.215,53.86,52.343,144.43,16.52,112.295,97.35,82.422,66.95,55.55
2020-10-13,36.75,11.474,44.9,60.48,144.69,5.24,16.49,38.96,81.39,186.36,109.35,24.36,24.11,1537.75,66.43,56.54,50.29,138.4,18.87,56.17,17.233,54.11,52.242,145.62,16.28,113.219,97.3,83.362,66.51,54.71
2020-10-14,37.21,11.582,45.08,60.03,143.97,5.13,16.24,38.7,80.94,185.96,110.6,24.101,23.95,1510.13,66.37,56.15,50.14,137.73,18.66,55.85,17.195,53.52,51.969,146.27,16.37,112.856,97.08,84.638,66.85,54.64
2020-10-15,36.68,11.611,44.93,60.56,143.62,5.07,16.05,38.63,81.01,185.74,109.58,24.026,24.15,1506.75,66.65,56.68,50.28,137.77,18.71,56.12,17.362,54.12,52.716,146.99,16.54,113.853,97.07,85.95,66.74,54.64
2020-10-16,36.34,11.376,44.75,60.42,144.5,4.83,15.67,38.86,80.99,184.38,107.34,23.972,23.98,1521.49,66.55,56.21,50.505,137.42,18.81,56.18,17.345,53.59,51.696,147.42,16.36,113.333,97.34,85.748,65.77,54.64
2020-10-19,35.58,11.249,44.15,59.35,142.0,4.82,15.56,38.31,79.78,181.26,104.91,23.929,23.67,1530.69,66.45,55.21,50.065,135.02,18.48,55.76,17.138,52.74,50.711,146.47,16.5,112.295,96.15,85.142,63.96,54.37
2020-10-20,35.49,11.205,44.03,59.24,142.08,4.84,15.66,38.17,80.86,183.15,104.78,23.848,23.6,1498.44,66.18,55.26,50.235,134.66,18.44,55.58,17.09,52.35,51.468,146.95,16.97,112.285,95.9,84.032,64.08,54.24
2020-10-21,35.96,10.896,43.56,59.16,143.17,4.7,15.11,38.03,81.95,184.85,107.41,23.81,23.46,1498.0,66.6,55.0,50.485,134.55,18.57,55.63,17.142,52.35,50.483,138.04,16.65,112.326,96.73,82.834,65.08,54.67
2020-10-22,35.33,11.038,43.4,60.02,141.65,4.94,16.07,38.58,82.73,183.66,104.58,23.977,24.04,1472.22,66.38,56.17,50.74,134.1,18.89,56.39,16.907,58.4,50.729,137.36,17.3,111.848,97.35,83.022,64.02,55.3
2020-10-23,35.21,10.984,43.22,60.53,143.8,4.88,16.49,37.99,84.09,181.22,104.1,23.994,24.13,1460.76,67.03,56.2,51.25,136.09,19.21,57.18,16.892,57.92,50.465,137.98,17.71,111.765,96.29,82.7,63.76,55.68
2020-10-26,35.13,10.534,42.82,59.77,141.0,4.47,16.22,37.62,83.65,179.35,104.69,23.191,23.68,1446.95,65.88,55.32,50.55,135.15,18.72,56.66,16.757,56.59,49.9,134.7,17.29,110.945,94.5,81.312,63.22,54.34
2020-10-27,35.66,10.563,42.42,58.74,141.14,4.77,15.83,37.3,82.08,181.91,106.21,22.598,23.43,1420.05,64.77,55.24,49.78,133.85,18.21,55.75,16.785,56.25,49.991,134.54,17.08,109.948,92.91,81.136,62.99,53.36
2020-10-28,34.46,10.274,41.88,57.82,138.97,4.59,15.0,36.68,80.08,176.29,101.26,21.725,22.65,1387.95,62.99,53.93,48.605,131.77,17.78,54.28,16.683,55.07,48.678,133.23,16.53,107.975,91.19,79.962,59.02,51.88
2020-10-29,34.89,10.215,41.67,58.8,138.51,4.4,15.09,36.7,81.08,177.2,104.79,21.628,22.93,1407.02,63.51,54.07,49.295,131.65,18.16,55.21,16.688,55.17,48.149,133.91,16.66,107.819,92.89,79.44,58.9,52.87
2020-10-30,35.62,10.382,41.25,58.78,137.62,4.36,15.03,36.71,79.33,181.59,105.47,21.337,22.78,1398.59,63.94,53.54,49.69,132.06,18.06,55.35,16.58,54.12,47.803,132.35,17.72,107.56,93.16,79.628,61.14,53.01
2020-11-02,35.92,10.495,41.84,59.02,138.18,4.55,15.55,36.41,79.5,183.11,107.13,21.401,22.54,1380.0,65.54,53.53,50.08,131.7,18.19,55.59,16.558,54.38,46.992,135.59,18.51,108.567,93.29,83.0,61.82,53.36
2020-11-03,36.52,10.749,43.5,59.95,138.95,4.72,15.65,36.46,81.53,185.59,108.42,22.635,22.64,1447.87,66.07,53.71,50.985,132.53,19.04,56.32,16.468,54.28,47.867,138.02,18.88,112.42,94.94,84.272,62.01,54.89
2020-11-04,35.68,10.877,43.55,59.91,147.75,4.78,15.62,36.55,82.68,184.34,104.69,22.679,23.01,1516.97,66.47,54.39,51.275,133.45,18.53,56.53,16.532,55.19,48.004,134.13,18.65,114.403,97.23,81.988,60.45,54.96
2020-11-05,38.48,10.725,45.82,59.43,145.05,4.76,15.5,37.12,82.09,195.96,108.43,23.638,23.03,1531.72,66.75,53.23,50.955,138.25,18.87,56.63,16.468,55.65,47.666,136.51,18.61,116.282,96.27,83.372,64.31,56.4
2020-11-06,37.62,10.46,45.6,59.52,144.88,4.67,15.28,35.82,81.38,196.51,109.74,23.271,23.32,1572.59,67.06,52.93,50.655,138.72,18.83,56.51,16.65,55.36,46.135,137.12,18.42,117.695,96.74,83.426,65.61,56.42
2020-11-09,34.85,12.826,45.37,62.89,138.77,5.62,19.05,37.83,84.89,185.26,98.87,25.168,24.03,1522.72,67.6,54.82,51.08,138.44,20.89,59.78,16.5,57.0,48.669,140.46,21.63,113.884,97.67,84.698,60.62,58.96
2020-11-10,33.79,13.296,46.0,64.48,133.25,5.72,19.07,39.65,87.57,176.61,95.49,26.295,24.59,1477.76,68.5,55.74,52.76,139.44,21.98,61.35,16.495,59.38,50.784,142.18,22.04,112.856,99.4,85.382,57.65,59.52
2020-11-11,33.68,13.683,45.77,64.99,135.9,5.77,19.15,39.83,87.35,173.94,95.44,26.597,24.95,1499.07,69.31,56.39,53.27,142.06,21.44,61.48,16.665,60.72,50.593,142.08,22.19,114.704,100.14,85.722,58.22,59.73
2020-11-12,33.98,12.786,45.11,64.5,138.93,5.38,17.96,37.98,86.77,178.12,97.75,25.503,25.07,1472.47,68.98,56.3,52.965,141.9,20.72,60.87,16.9,60.36,48.915,141.54,21.28,113.562,100.29,86.218,59.21,58.93
2020-11-13,34.01,12.904,45.26,64.89,146.49,5.61,18.27,37.38,87.54,178.87,97.55,26.322,24.79,1502.16,69.18,55.88,53.19,142.8,20.8,60.8,16.425,59.98,49.891,142.46,21.12,113.458,100.4,87.38,59.7,58.41
2020-11-16,33.84,13.452,45.03,66.22,146.32,5.92,19.63,38.0,89.66,176.5,95.62,28.063,24.99,1493.72,69.67,56.38,53.905,140.58,21.85,62.09,16.312,60.34,51.276,142.96,22.31,111.713,101.75,88.148,58.42,59.41
2020-11-17,33.2,13.648,45.35,67.2,146.84,6.15,19.97,38.9,90.82,176.5,93.82,28.672,24.81,1533.39,69.99,56.77,54.445,140.49,21.85,62.03,16.292,60.39,51.322,142.51,22.62,110.062,103.46,88.368,58.14,59.14
2020-11-18,31.99,13.913,44.49,68.3,147.78,6.09,20.11,38.09,91.51,168.57,90.01,28.806,24.58,1545.74,70.94,56.65,54.7,138.35,21.8,62.87,16.035,59.34,49.872,142.66,22.5,109.117,104.08,88.246,54.85,59.33
2020-11-19,31.56,13.678,43.5,68.41,147.81,6.04,20.14,38.07,92.27,166.81,88.2,28.736,24.51,1551.77,70.47,56.75,54.72,138.36,21.75,62.99,16.07,59.76,50.556,142.9,22.59,109.242,103.97,88.27,53.49,58.87
2020-11-20,31.75,13.918,43.86,68.86,148.45,6.16,20.17,38.31,93.35,170.15,88.48,28.375,24.61,1601.38,70.64,56.62,54.96,138.65,21.5,63.48,16.065,59.85,51.231,142.41,22.57,109.699,104.33,87.068,54.02,59.5
2020-11-23,30.38,14.589,43.75,69.8,147.76,6.86,21.92,39.18,94.84,166.07,84.65,28.892,24.63,1634.24,72.09,56.46,54.805,138.47,21.71,63.87,16.212,59.87,52.133,142.64,24.01,108.92,105.6,86.072,51.85,59.26
2020-11-24,29.59,15.235,43.99,71.18,145.56,7.02,22.99,40.74,97.28,163.57,81.79,30.154,24.89,1620.09,73.35,56.93,55.53,136.42,22.58,64.45,16.022,60.96,53.391,144.14,24.91,107.352,107.71,84.814,49.91,59.58
2020-11-25,29.8,15.064,43.7,71.07,144.85,7.04,22.83,41.31,97.04,169.65,82.91,29.135,24.99,1603.94,73.62,56.78,55.735,135.09,22.23,64.65,15.962,60.75,53.409,143.69,24.32,108.027,107.71,84.82,50.04,58.91
2020-11-26,30.25,15.181,43.79,70.91,144.5,6.89,22.64,41.22,97.16,169.25,84.13,28.397,24.89,1610.02,73.69,56.86,55.615,135.91,22.3,64.88,16.015,60.78,53.692,142.27,24.48,107.404,108.25,84.43,51.68,58.68
2020-11-27,29.45,15.362,43.3,70.9,143.7,6.96,22.41,41.69,96.77,169.45,84.19,28.72,25.24,1620.32,73.48,57.03,55.57,136.62,22.42,64.89,16.075,60.9,54.066,141.58,24.23,107.684,108.16,84.36,51.01,59.18
2020-11-30,29.81,14.51,43.2,69.28,145.29,6.44,20.77,40.56,93.33,172.87,85.11,28.267,25.05,1608.28,71.94,56.3,54.74,135.01,22.13,63.2,16.05,61.26,52.078,136.0,22.48,106.895,106.06,83.914,50.13,57.67
2020-12-01,30.86,14.662,43.4,70.71,146.9,6.47,20.64,40.52,96.52,170.29,89.03,28.267,24.97,1608.19,73.43,56.09,55.17,133.49,22.21,65.0,15.9,60.01,52.507,137.82,22.9,107.061,107.04,83.514,53.01,57.09
2020-12-02,30.99,14.833,44.43,70.78,148.49,6.74,20.96,41.56,97.33,172.7,89.27,28.477,25.03,1607.79,72.59,56.27,55.03,131.47,22.43,66.15,15.885,60.08,53.008,137.56,22.74,107.362,106.39,83.014,53.53,57.25
2020-12-03,30.39,15.039,44.92,70.67,151.31,6.86,21.34,42.11,97.76,170.39,88.83,28.591,25.37,1614.2,72.08,56.74,55.16,130.27,22.64,66.4,16.01,61.09,52.972,137.51,23.21,107.456,105.84,83.488,52.29,56.68
2020-12-04,30.01,15.744,44.4,70.9,156.97,7.23,22.97,42.64,98.05,166.75,88.17,29.297,25.45,1589.07,71.84,57.29,55.395,129.53,23.3,67.5,15.882,61.07,53.655,139.0,24.26,108.141,105.15,85.244,51.28,57.16
2020-12-07,30.66,15.553,44.55,71.04,153.98,7.23,22.88,42.6,97.39,172.26,92.39,28.876,25.65,1629.24,71.55,57.54,55.94,130.9,23.06,67.22,15.8,60.27,53.045,139.27,24.28,107.414,105.73,85.678,53.82,57.25
2020-12-08,30.63,15.382,44.66,71.52,155.26,7.47,23.37,42.8,97.65,175.21,93.57,28.882,25.56,1628.87,72.02,57.85,55.81,132.01,23.15,68.21,15.995,60.21,52.689,139.44,24.61,107.29,105.81,86.296,54.2,57.17
2020-12-09,29.92,15.255,44.71,72.37,154.0,7.51,23.05,43.02,98.33,173.79,90.64,28.672,25.99,1642.75,72.75,58.39,55.88,130.85,23.15,68.36,16.455,61.02,52.78,141.72,24.77,107.508,106.25,87.134,52.34,57.41
2020-12-10,29.38,15.646,44.18,72.35,152.75,7.87,23.93,43.55,97.51,167.37,90.37,29.108,25.57,1652.9,72.4,58.46,55.885,129.79,23.01,68.29,16.302,60.76,53.136,140.1,25.55,106.386,106.44,86.466,52.08,57.07
2020-12-11,29.23,15.651,44.17,71.88,152.44,7.91,23.75,43.55,97.14,167.54,89.61,28.645,25.67,1621.97,72.23,58.55,55.765,130.4,22.81,68.71,16.372,60.65,52.817,140.82,25.27,107.29,106.37,86.484,52.36,56.85
2020-12-14,28.62,15.313,45.0,71.69,149.0,7.7,23.08,42.53,96.12,165.76,87.66,27.939,25.47,1668.18,72.39,56.52,55.375,129.16,22.4,68.16,16.3,60.1,51.422,139.63,24.52,106.573,104.86,85.52,51.34,56.59
2020-12-15,29.01,15.676,45.15,71.92,148.88,7.76,22.88,42.78,97.46,167.24,89.2,28.181,25.49,1640.61,72.53,55.66,55.445,130.33,22.44,68.12,16.285,59.82,51.869,140.6,24.83,106.698,104.42,85.79,52.62,56.92
2020-12-16,29.42,15.157,44.78,72.02,150.04,7.52,22.31,42.41,97.43,169.38,91.01,27.879,25.6,1635.84,72.73,55.76,55.7,129.86,22.5,68.09,16.353,59.72,51.422,140.48,24.35,106.179,104.76,86.458,53.19,57.21
2020-12-17,30.04,15.299,45.39,71.97,151.31,7.58,22.36,42.18,97.58,173.99,92.96,27.976,25.41,1641.32,72.11,55.43,55.745,130.39,22.46,68.11,16.167,59.45,50.602,141.46,24.41,106.584,104.43,87.326,54.96,56.71
2020-12-18,29.75,15.113,45.01,71.78,148.88,7.57,22.13,41.93,96.44,169.45,91.59,27.68,25.43,1645.75,71.63,55.51,55.99,129.17,22.21,67.93,16.15,59.72,49.964,141.54,24.41,107.279,104.05,87.946,53.79,55.82
2020-12-21,29.59,14.775,44.87,71.5,150.0,7.36,21.67,41.55,96.78,168.75,92.06,27.475,25.33,1695.31,71.51,54.75,55.89,130.53,22.21,67.87,16.015,59.17,48.332,140.3,23.86,106.791,103.72,87.278,54.73,55.54
2020-12-22,29.04,14.579,45.01,71.01,151.41,7.18,21.22,41.23,96.66,165.58,90.62,27.545,25.37,1773.76,71.64,54.6,55.715,132.65,22.19,67.99,16.005,59.03,47.949,140.59,23.56,106.625,103.48,87.758,53.38,55.36
2020-12-23,29.39,15.147,44.37,71.73,150.12,7.57,22.08,41.28,97.33,166.72,91.31,27.922,25.56,1687.22,71.69,54.66,56.13,130.09,22.49,68.43,15.922,59.64,48.159,140.01,24.56,106.625,104.86,87.816,54.16,56.0
2020-12-24,29.37,15.039,44.75,71.86,151.76,7.57,21.89,41.25,97.25,166.54,91.64,28.262,25.57,1671.52,71.79,54.81,55.17,130.13,22.44,68.54,15.93,59.9,48.277,140.7,24.45,107.29,104.91,88.126,54.33,56.16
2020-12-25,29.37,15.039,44.75,71.86,151.76,7.57,21.89,41.25,97.25,166.54,91.64,28.262,25.57,1671.52,71.79,54.81,55.17,130.13,22.44,68.54,15.93,59.9,48.277,140.7,24.45,107.29,104.91,88.126,54.33,56.16
2020-12-28,29.37,15.039,44.75,71.86,151.76,7.57,21.89,41.25,97.25,166.54,91.64,28.262,25.57,1671.52,71.79,54.81,55.17,130.13,22.44,68.54,15.93,59.9,48.277,140.7,24.45,107.29,104.91,88.126,54.33,56.16
2020-12-29,29.36,14.917,44.8,72.14,150.89,7.7,21.59,40.8,97.14,160.23,91.25,28.499,25.55,1660.96,71.57,54.69,54.79,130.15,22.6,68.68,15.865,60.02,47.967,141.03,24.45,108.577,105.2,88.97,53.44,56.25
2020-12-30,29.66,15.206,44.15,72.02,149.51,7.84,21.76,40.82,96.61,160.88,92.09,28.413,25.32,1648.73,71.58,54.6,54.505,129.99,22.52,68.78,15.78,59.62,46.746,139.64,24.62,108.619,104.82,89.108,54.8,56.26
2020-12-31,29.0,14.98,43.5,71.92,150.72,7.75,21.35,40.71,96.78,159.6,89.59,28.359,25.21,1652.92,71.64,54.43,54.36,130.52,22.65,68.8,15.703,59.26,47.174,139.94,24.16,108.183,104.59,88.306,53.16,56.6
2021-01-04,31.49,15.284,44.04,71.94,149.75,7.91,21.39,40.85,95.99,168.61,96.21,27.184,25.44,1642.41,71.59,54.98,54.01,129.38,22.43,67.72,15.938,60.67,47.575,140.03,24.75,107.373,104.68,88.152,57.93,56.45
2021-01-05,30.77,16.489,43.8,72.31,150.75,8.39,23.13,42.3,96.46,167.65,94.07,26.64,25.71,1656.16,71.18,55.87,54.575,128.89,22.73,67.93,15.958,61.03,48.888,140.66,26.68,108.037,105.35,89.5,57.4,56.67
2021-01-06,31.06,16.557,43.2,74.36,147.64,8.49,23.54,41.77,98.2,166.38,95.79,27.092,26.3,1637.64,72.39,55.79,55.61,130.7,23.54,68.5,16.115,61.22,48.159,143.04,27.42,106.76,106.88,91.316,57.44,59.8
2021-01-07,31.41,16.861,43.1,74.06,144.85,8.61,23.78,42.75,99.24,166.56,96.68,26.618,26.31,1629.12,72.59,55.16,55.87,131.87,23.96,68.99,16.083,60.39,49.535,144.05,27.91,106.189,108.07,93.952,57.45,60.69
2021-01-08,30.44,16.719,42.97,74.11,144.47,8.35,23.49,42.38,99.86,162.86,91.62,26.871,26.55,1647.33,73.1,55.26,56.255,133.74,23.97,68.06,16.278,60.85,49.198,147.34,27.61,106.397,107.98,95.772,55.16,60.71
2021-01-11,30.03,16.552,42.47,74.2,143.05,8.22,23.4,42.47,99.87,161.47,88.64,26.51,26.62,1623.39,73.06,55.11,56.44,132.58,23.96,68.06,16.118,60.95,49.18,145.68,27.55,105.753,107.84,93.104,54.54,60.4
2021-01-12,29.95,16.704,41.35,74.8,143.2,8.09,23.97,42.96,99.62,161.7,89.41,26.527,26.35,1614.99,73.71,54.9,56.635,130.96,24.13,68.84,16.015,60.38,49.17,145.02,27.59,104.59,108.46,92.648,54.13,60.63
2021-01-13,29.95,16.415,37.29,74.61,142.91,7.83,23.54,43.95,99.29,159.24,88.94,26.144,26.21,1611.42,73.59,54.87,56.915,130.51,24.34,69.03,15.885,60.91,50.046,144.4,27.04,104.766,108.56,92.29,52.25,60.56
2021-01-14,29.91,16.166,36.98,75.6,142.83,8.24,24.54,45.02,99.5,156.33,88.35,26.322,26.2,1602.09,73.18,54.95,56.93,128.5,24.55,69.96,15.755,60.34,51.021,142.01,27.88,103.053,108.18,90.288,51.97,59.59
2021-01-15,29.46,15.436,38.45,75.42,143.84,7.83,23.36,44.88,100.63,154.26,87.39,26.58,26.53,1603.64,73.22,55.84,56.835,129.61,24.18,70.21,16.055,60.61,51.568,142.12,26.81,106.096,108.4,90.846,50.75,59.51
2021-01-18,29.59,15.357,39.3,75.42,143.9,7.7,22.83,44.08,101.23,155.39,87.14,26.882,26.62,1616.5,73.29,55.76,56.89,129.81,24.47,70.4,15.95,60.59,49.225,141.56,26.66,106.49,108.3,91.214,51.56,60.8
2021-01-19,29.81,15.465,38.4,74.98,143.35,7.89,23.24,44.75,100.5,154.49,87.23,26.273,26.52,1639.15,73.37,55.27,56.74,130.58,24.59,70.76,15.915,60.26,51.568,139.84,26.95,106.438,107.8,89.454,51.32,61.34
2021-01-20,30.13,15.421,38.65,74.85,144.04,7.86,23.04,44.97,99.55,157.83,90.14,26.737,26.37,1659.13,73.51,55.14,56.295,130.1,24.5,70.57,15.8,60.1,50.975,139.21,26.8,107.809,108.07,89.648,52.22,61.57
2021-01-21,29.92,15.235,38.31,74.49,144.74,7.76,22.94,44.32,98.2,157.13,89.53,26.43,26.41,1630.01,73.71,55.02,55.845,130.05,24.36,69.98,15.88,60.71,52.17,136.8,26.15,106.978,107.84,88.162,51.61,61.25
2021-01-22,29.85,15.162,38.63,73.58,145.24,7.47,22.53,44.16,97.6,157.07,89.94,26.359,26.44,1624.05,73.55,54.74,55.53,131.03,24.15,69.4,15.837,61.51,51.404,136.0,25.61,107.705,107.36,86.342,51.47,60.73
2021-01-25,29.84,15.284,39.33,73.51,145.06,7.57,22.33,44.14,98.14,156.77,90.63,26.489,26.86,1628.0,73.51,55.21,55.485,129.96,23.96,69.94,15.985,62.37,51.13,137.59,25.9,109.958,106.29,87.718,51.37,60.47
2021-01-26,29.51,14.804,39.62,73.78,145.41,7.32,21.81,44.26,98.05,156.94,90.04,26.801,26.96,1592.42,73.33,55.39,55.43,128.94,23.87,69.54,16.015,62.34,50.538,136.27,24.62,108.993,105.99,86.814,50.44,60.16
2021-01-27,28.08,14.358,39.23,72.97,143.0,7.36,21.93,43.29,97.05,154.77,86.96,26.413,26.66,1553.46,73.64,55.14,54.74,126.99,23.23,68.27,15.852,61.95,49.79,129.82,24.49,106.438,104.08,84.634,47.72,59.01
2021-01-28,28.64,14.496,39.55,73.85,142.96,7.56,21.98,43.59,98.13,155.74,88.85,27.383,26.95,1616.09,73.81,55.37,55.17,127.63,23.61,69.16,15.76,58.85,50.93,133.11,24.87,108.962,105.17,88.938,51.55,59.85
2021-01-29,28.56,14.148,39.52,72.46,141.0,7.55,21.39,42.96,95.12,152.33,89.27,26.704,26.39,1557.78,71.87,54.24,54.49,125.98,23.11,68.2,15.438,57.71,49.964,129.52,24.33,108.276,103.5,85.928,52.52,59.1
2021-02-01,29.0,14.466,39.69,72.75,142.08,8.0,21.56,43.52,95.75,157.72,91.01,27.109,26.54,1630.01,72.3,54.51,54.61,126.64,23.43,68.67,15.755,58.05,50.529,131.63,25.21,111.547,104.52,86.922,55.67,60.05
2021-02-02,28.55,14.804,39.91,73.9,144.4,7.91,21.55,44.14,96.44,154.91,88.72,27.286,26.71,1665.37,72.83,55.09,55.17,127.85,23.68,69.28,15.688,59.1,50.246,135.1,24.21,112.586,105.66,90.768,52.56,61.05
2021-02-03,28.57,15.338,40.41,74.2,144.47,8.25,22.24,44.66,96.21,154.65,88.59,27.707,26.76,1612.55,72.86,54.88,55.95,126.73,23.74,69.11,15.45,59.47,49.79,133.76,25.42,112.17,105.54,89.766,52.04,60.76
2021-02-04,28.2,15.509,41.12,74.67,145.29,8.08,21.97,45.28,97.93,153.4,87.8,28.106,26.76,1611.94,72.96,56.05,56.3,126.76,24.03,69.88,15.562,59.32,50.346,133.83,25.93,111.734,106.3,89.966,50.98,61.1
2021-02-05,28.51,15.808,39.96,74.6,146.08,8.13,22.06,44.91,97.84,154.61,90.5,28.127,27.0,1592.43,72.92,55.46,56.47,126.32,24.11,69.99,15.505,59.16,50.273,135.42,25.81,111.661,106.68,90.894,51.87,60.91
2021-02-08,28.6,16.033,39.86,75.13,145.78,8.21,22.48,45.61,97.77,156.17,92.39,28.294,27.26,1606.41,73.13,55.57,56.67,126.07,24.44,70.79,15.523,59.54,50.119,135.38,25.9,110.498,107.13,90.572,53.04,61.2
2021-02-09,28.5,15.881,39.18,75.06,146.79,7.89,22.63,45.38,97.62,157.02,91.96,28.37,27.25,1596.34,73.04,55.45,56.6,125.42,24.69,70.93,15.627,58.38,49.48,136.26,25.66,109.927,107.07,90.246,52.71,61.6
2021-02-10,28.58,16.156,39.24,75.01,151.82,8.49,23.04,45.84,97.31,157.99,92.75,28.116,27.07,1613.5,72.83,55.62,56.58,124.98,24.6,70.59,15.565,58.39,49.635,135.36,26.0,108.629,105.93,89.824,52.04,61.74
2021-02-11,28.21,16.327,39.36,75.16,149.79,8.34,22.63,44.56,96.84,156.13,90.32,29.173,26.85,1620.0,72.66,55.35,56.49,124.95,24.94,70.72,15.51,57.73,50.237,137.31,25.54,109.086,105.81,90.202,50.67,62.46
2021-02-12,28.12,16.724,39.89,75.42,149.24,8.57,22.89,44.01,97.6,153.77,84.7,29.367,26.68,1613.99,72.67,55.49,56.715,126.2,24.88,71.01,15.645,57.5,51.586,140.49,25.74,109.211,106.2,92.738,51.03,62.0
2021-02-15,28.12,16.724,39.89,75.42,149.24,8.57,22.89,44.01,97.6,153.77,84.7,29.367,26.68,1613.99,72.67,55.49,56.715,126.2,24.88,71.01,15.645,57.5,51.586,140.49,25.74,109.211,106.2,92.738,51.03,62.0
2021-02-16,27.51,17.169,39.5,75.68,146.92,8.79,23.86,44.11,98.24,151.16,80.99,29.884,26.51,1670.0,73.39,55.49,56.96,124.87,24.75,71.26,15.65,57.34,51.522,139.73,26.57,108.359,106.46,92.732,49.71,61.82
2021-02-17,26.41,17.238,39.0,75.51,145.6,8.81,24.18,43.81,99.37,145.22,78.28,30.094,26.33,1686.95,73.99,55.89,57.01,124.74,25.08,71.0,15.545,56.57,51.55,138.28,26.69,108.214,107.37,92.288,48.26,61.6
2021-02-18,25.71,17.169,38.84,75.5,145.58,8.62,23.78,43.71,99.67,143.77,77.39,29.97,26.34,1726.82,74.25,55.72,57.115,126.16,25.0,71.08,15.538,56.43,52.051,136.87,26.17,108.349,109.11,91.178,47.89,61.75
2021-02-19,24.93,17.13,38.3,76.38,144.33,8.72,23.94,43.7,101.25,140.38,75.47,29.609,26.06,1724.27,75.13,55.0,57.38,126.09,24.91,71.51,15.47,55.77,51.404,137.85,26.7,107.487,109.77,92.75,47.46,62.93
2021-02-22,25.98,17.703,38.12,76.84,142.34,9.06,25.9,44.24,101.84,146.79,78.59,29.507,25.87,1699.55,75.6,54.9,57.545,124.42,24.62,72.08,15.355,55.03,51.832,135.46,28.55,105.151,111.07,91.652,50.14,63.28
2021-02-23,25.35,17.816,37.9,78.03,141.99,9.23,26.34,44.8,104.9,141.11,76.45,29.297,25.78,1704.54,75.81,54.92,58.35,122.82,24.44,74.1,15.443,55.18,50.948,136.85,28.56,116.459,112.17,91.584,49.89,62.59
2021-02-24,25.15,17.875,38.09,79.4,142.5,9.54,26.92,44.7,107.8,142.39,77.14,29.803,25.45,1698.46,79.48,54.81,58.92,123.41,25.59,76.32,15.215,55.1,51.194,138.38,29.04,115.836,111.88,91.508,49.86,63.38
2021-02-25,24.48,17.336,38.59,78.07,143.5,9.39,26.06,44.16,105.89,140.29,74.0,28.278,25.58,1675.9,80.64,54.99,59.0,124.83,25.76,75.64,15.757,55.49,49.562,139.64,28.57,116.075,110.35,91.562,47.56,63.0
2021-02-26,23.75,16.998,38.63,77.14,142.24,9.42,25.27,42.98,103.98,136.26,71.04,27.701,25.5,1647.72,80.16,54.43,58.665,124.27,25.37,74.4,15.333,55.13,48.587,138.91,27.89,114.953,108.36,90.704,45.52,61.24
2021-03-01,24.03,17.674,38.8,77.77,144.43,9.41,25.59,43.96,106.1,134.46,70.06,28.138,25.98,1701.28,80.36,54.99,59.33,125.78,26.01,75.55,15.435,55.45,49.061,141.6,27.94,115.639,109.74,93.416,45.11,61.63
2021-03-02,25.08,17.728,39.55,78.38,146.11,9.41,26.11,44.25,107.4,140.32,72.07,28.564,26.07,1695.55,81.33,55.48,59.985,125.57,25.98,76.64,15.675,56.38,49.973,141.41,27.99,116.428,109.7,92.522,46.57,63.28
2021-03-03,24.68,18.438,39.22,78.92,147.17,9.49,26.25,44.46,107.32,136.64,70.87,28.16,26.06,1655.88,82.11,55.57,60.6,125.56,26.1,76.98,15.66,56.54,50.766,140.89,28.72,114.922,109.76,91.362,45.25,63.24
2021-03-04,24.76,18.786,39.89,78.35,146.77,9.96,26.89,44.59,106.55,137.39,71.3,27.879,25.85,1623.15,82.99,55.72,60.61,126.09,25.77,76.27,15.988,57.24,51.139,137.87,29.18,113.396,109.88,88.988,45.16,62.4
2021-03-05,25.11,19.236,40.58,79.51,149.85,10.4,27.82,44.83,108.11,138.65,72.38,28.38,26.36,1671.09,83.51,56.93,61.26,128.72,26.79,77.43,16.175,59.71,51.905,141.92,30.0,113.52,112.57,91.82,45.86,63.07
2021-03-08,24.71,18.903,40.84,80.79,153.86,10.32,27.86,45.42,108.89,138.01,71.89,28.575,26.82,1673.96,85.47,57.76,61.545,129.53,27.16,78.04,16.302,60.27,52.771,143.53,30.64,112.773,114.49,92.06,45.18,64.1
2021-03-09,25.27,18.898,40.92,80.83,154.58,10.08,27.63,44.96,108.39,141.04,72.8,28.855,26.81,1738.23,86.24,57.7,61.785,129.66,26.82,78.02,16.37,58.23,52.215,142.76,31.06,114.611,114.3,93.548,47.37,64.5
2021-03-10,25.38,19.647,41.27,81.15,154.05,10.49,28.41,45.3,110.15,142.86,73.08,28.989,26.53,1706.12,86.36,58.16,62.255,129.93,27.13,79.08,16.497,58.8,52.917,144.46,31.84,114.05,115.94,94.042,47.34,64.85
2021-03-11,25.47,19.706,41.1,81.26,154.2,10.57,28.83,45.51,109.73,148.8,73.91,29.151,26.51,1719.81,86.48,57.54,61.98,128.14,27.12,79.2,16.525,58.99,53.263,144.45,32.05,113.499,116.22,93.772,47.9,64.58
2021-03-12,25.36,19.687,41.68,81.65,152.94,10.57,29.32,45.43,110.21,150.46,73.72,29.264,26.61,1703.19,87.08,56.48,62.245,128.49,27.22,79.31,16.385,59.55,53.09,144.29,32.24,113.531,116.45,93.058,48.95,64.47
2021-03-15,25.93,19.799,41.61,82.06,152.28,10.57,29.02,45.62,109.72,152.87,74.44,29.232,26.22,1710.03,87.5,55.9,61.955,129.0,26.88,78.76,16.54,61.57,53.683,145.35,31.5,113.52,115.92,92.928,49.86,64.18
2021-03-16,25.78,18.957,41.89,82.15,153.3,10.19,28.34,45.35,109.6,153.41,73.69,29.318,25.92,1736.13,87.62,55.81,62.195,129.44,26.71,78.92,16.855,65.05,53.172,146.32,30.68,114.154,115.99,93.17,49.25,64.06
2021-03-17,26.22,19.216,41.56,82.25,150.76,10.37,28.83,45.46,110.66,154.15,76.2,30.504,25.99,1722.08,87.87,56.39,62.505,126.62,26.98,78.94,16.67,61.8,52.926,146.59,30.8,113.209,116.41,94.716,49.76,63.84
2021-03-18,26.11,18.134,40.7,83.02,150.52,9.85,27.18,44.85,111.83,154.26,75.23,30.407,26.17,1706.05,88.72,56.85,63.35,129.94,27.35,79.13,16.66,61.26,51.933,147.88,29.64,114.424,117.04,96.16,49.33,63.98
2021-03-19,26.17,18.477,40.13,82.42,151.08,10.01,27.65,45.35,111.58,156.0,75.81,30.525,26.06,1703.54,88.78,56.74,63.405,128.81,27.15,78.73,16.647,60.58,52.16,146.55,29.85,113.51,116.54,94.854,49.18,64.73
2021-03-22,25.81,18.164,40.53,82.14,151.3,9.79,27.03,45.57,110.76,154.4,75.67,30.579,26.35,1759.62,87.8,57.72,62.945,129.69,26.95,78.56,16.737,60.87,52.033,141.61,29.45,114.434,115.98,89.72,49.11,64.39
2021-03-23,25.46,17.801,40.46,81.72,152.43,9.37,25.65,45.57,109.65,155.09,74.59,30.385,26.35,1760.9,86.86,57.59,62.6,131.79,26.56,78.05,17.323,61.02,52.106,143.11,28.73,115.898,115.84,89.162,47.89,63.86
2021-03-24,25.3,18.531,39.85,81.57,152.97,9.65,26.56,46.3,110.56,153.69,73.85,30.482,26.15,1734.69,86.86,57.42,62.93,133.09,26.68,78.15,17.25,60.8,53.528,146.24,30.21,114.382,115.96,89.75,47.72,63.78
2021-03-25,24.86,18.83,40.03,82.12,153.82,9.67,26.55,46.28,112.23,153.38,73.15,30.86,26.24,1727.93,87.18,57.53,63.36,132.97,26.97,78.61,17.125,61.1,54.239,146.66,30.61,115.275,116.29,89.164,47.36,63.72
2021-03-26,25.1,19.104,40.19,82.88,151.72,9.82,26.78,46.57,112.96,154.84,73.99,30.892,25.33,1720.63,86.36,57.48,62.585,133.93,27.07,79.52,17.118,59.82,54.74,146.92,31.05,115.535,117.06,90.016,47.88,64.03
2021-03-29,25.37,18.908,41.3,82.46,155.31,9.57,26.51,46.84,112.52,158.12,74.28,30.984,25.22,1728.4,85.9,57.73,62.06,136.14,26.95,79.37,17.47,60.37,54.704,147.09,31.08,115.753,117.12,91.844,48.19,63.92
2021-03-30,24.64,18.972,41.17,82.63,154.03,9.61,26.65,46.24,113.17,156.31,71.67,30.876,25.28,1746.89,85.76,57.6,62.08,136.03,27.25,79.55,17.55,59.64,53.209,146.53,31.06,114.922,117.14,93.454,47.6,64.09
2021-03-31,24.93,19.025,40.73,81.96,154.0,9.44,26.27,45.78,112.02,157.49,72.65,30.127,25.03,1755.04,85.37,56.73,61.525,135.77,27.03,78.62,17.55,57.95,52.516,145.84,30.44,114.32,115.87,96.0,48.0,63.51
2021-04-01,25.57,19.403,41.3,82.46,156.78,9.86,27.02,46.23,113.0,163.0,74.86,30.272,25.39,1794.0,85.34,57.18,61.91,137.3,27.28,79.0,17.59,58.9,53.519,147.79,31.58,116.771,116.0,96.634,50.06,64.04
2021-04-02,25.57,19.403,41.3,82.46,156.78,9.86,27.02,46.23,113.0,163.0,74.86,30.272,25.39,1794.0,85.34,57.18,61.91,137.3,27.28,79.0,17.59,58.9,53.519,147.79,31.58,116.771,116.0,96.634,50.06,64.04
2021-04-05,25.83,18.908,41.19,83.47,155.0,9.51,26.47,46.29,113.62,163.68,75.18,30.649,25.37,1786.29,85.4,57.46,62.155,138.13,27.36,78.31,17.663,58.69,53.646,148.0,31.1,117.456,116.5,96.542,50.35,64.21
2021-04-06,26.24,19.167,40.76,83.45,156.07,9.68,26.59,46.25,113.09,165.76,76.18,30.499,25.53,1782.68,85.23,57.71,62.09,139.46,27.4,78.18,17.77,59.52,53.792,146.6,31.41,117.902,116.49,94.558,52.03,64.35
2021-04-07,26.08,18.854,42.34,83.66,156.87,9.72,26.51,46.37,113.83,165.69,75.81,30.768,25.59,1794.89,85.49,57.95,62.175,141.78,27.33,78.08,17.698,60.05,54.221,147.09,31.63,117.788,116.55,95.198,51.26,64.55
2021-04-08,26.58,19.03,41.7,82.68,157.55,9.77,26.42,46.63,114.35,167.72,76.44,30.655,25.71,1834.75,86.13,57.8,61.975,142.66,27.08,78.3,17.507,60.22,53.929,146.0,31.57,118.224,116.8,94.306,52.64,64.32
2021-04-09,26.57,18.888,41.55,82.88,158.96,9.51,26.13,46.22,114.89,169.27,76.13,30.757,25.82,1879.11,86.0,57.9,61.955,143.5,27.02,78.32,17.55,60.47,53.491,147.22,30.93,118.432,117.11,94.216,52.64,64.36
2021-04-12,26.35,18.825,41.72,83.6,160.29,9.52,26.08,46.11,115.72,168.3,75.5,31.113,25.73,1914.12,86.8,57.93,62.23,143.94,27.47,78.49,17.622,60.64,53.646,147.08,31.96,118.546,117.59,94.908,51.22,65.1
2021-04-13,26.44,18.595,41.72,83.12,160.37,9.45,25.81,46.02,113.86,167.51,76.75,30.741,25.68,1900.26,86.64,58.12,62.025,143.99,27.0,77.51,17.395,60.85,53.665,146.73,31.6,119.367,117.18,93.536,51.43,65.11
2021-04-14,26.42,19.226,41.77,82.96,160.38,10.01,26.82,46.4,114.28,166.5,76.13,30.612,25.62,1891.47,86.89,57.92,62.205,142.96,27.04,77.59,17.267,60.64,54.093,146.42,32.29,118.432,117.34,93.624,50.5,64.84
2021-04-15,27.56,19.04,41.92,82.62,162.15,10.15,26.44,46.74,114.56,171.13,79.35,31.248,25.76,1907.55,86.87,58.27,62.065,145.04,26.76,77.43,17.39,60.08,54.777,147.16,32.05,119.585,118.02,92.808,52.69,64.77
2021-04-16,27.81,18.874,41.64,82.88,163.44,9.97,26.14,46.63,114.82,171.52,80.74,31.07,26.06,1898.08,87.92,58.11,62.4,146.03,26.97,77.59,17.47,60.58,54.312,148.67,31.95,120.26,118.49,92.344,53.01,65.36
2021-04-19,27.71,18.756,42.12,82.31,161.97,9.85,26.17,46.82,114.07,171.21,82.3,30.919,25.77,1830.0,87.5,58.16,62.295,145.97,27.07,77.17,17.485,61.68,54.357,148.16,31.84,119.678,117.95,91.58,53.27,65.7
2021-04-20,28.24,18.168,42.27,81.96,162.41,9.22,25.22,46.4,112.67,175.12,83.71,30.046,25.8,1808.82,87.75,58.5,61.8,147.25,26.48,76.76,17.667,61.54,54.366,138.85,31.36,120.322,116.6,89.542,53.74,65.4
2021-04-21,28.41,18.222,42.33,82.68,162.75,9.43,25.45,46.64,113.79,177.19,84.0,30.396,25.75,1865.17,88.22,58.51,62.125,146.21,26.51,77.46,17.597,61.81,54.521,138.59,31.84,119.886,116.04,88.8,54.24,65.7
2021-04-22,27.99,17.997,41.87,82.75,162.9,9.32,25.15,46.3,113.93,177.17,82.71,30.369,25.77,1857.44,87.88,58.18,62.515,146.4,26.3,77.51,17.567,61.74,53.911,137.23,31.18,119.263,115.85,91.792,53.62,65.45
2021-04-23,27.71,18.066,41.83,84.21,163.51,9.35,25.37,46.26,116.01,178.04,82.47,30.493,25.79,1838.52,88.04,58.13,63.26,147.19,26.6,78.0,17.325,61.07,53.974,135.85,31.71,119.097,116.56,92.388,53.34,66.27
2021-04-26,27.46,18.09,41.62,84.14,162.86,9.38,25.46,46.1,116.71,175.76,81.61,30.348,25.75,1847.68,88.57,57.87,63.41,143.95,26.8,78.02,17.358,61.1,54.038,136.43,31.67,118.401,116.75,92.002,52.47,66.12
2021-04-27,26.79,18.237,41.64,84.59,162.53,9.29,25.85,46.73,116.8,174.1,80.06,30.342,25.59,1840.01,88.67,57.7,63.605,145.04,26.83,78.27,17.183,61.01,55.05,133.89,32.06,119.408,117.11,92.772,51.57,66.28
2021-04-28,26.83,18.462,41.7,84.69,162.92,9.71,26.56,46.99,117.1,174.81,80.23,30.342,25.52,1834.94,89.15,57.69,63.66,144.27,26.77,78.33,17.075,60.84,55.415,134.19,33.24,118.048,117.74,92.244,52.15,66.27
2021-04-29,26.19,18.477,41.94,85.12,163.77,9.75,26.66,47.31,117.25,172.3,78.07,30.407,25.59,1828.87,89.42,57.99,63.84,145.37,26.99,78.53,17.04,60.93,55.533,132.77,33.88,118.619,118.11,91.888,51.55,66.54
2021-04-30,26.19,18.271,41.76,84.5,163.38,9.57,26.29,47.41,116.01,171.23,76.82,30.197,25.5,1803.93,89.36,58.1,63.89,146.42,26.84,78.27,17.062,60.54,55.433,132.33,35.5,118.37,117.31,91.742,50.99,66.31
2021-05-03,27.3,18.874,41.83,84.15,164.65,9.91,26.93,47.6,115.81,175.22,82.18,30.245,25.58,1828.39,89.64,58.21,64.115,147.64,27.0,78.44,17.08,60.7,55.77,134.06,37.37,119.065,118.09,91.812,52.94,66.36
2021-05-04,27.06,18.795,41.53,84.3,163.89,9.43,26.94,47.98,115.51,174.94,81.66,29.976,25.69,1820.76,89.47,58.56,64.32,149.75,26.79,78.35,17.055,60.44,55.652,133.7,36.51,123.655,117.92,92.352,52.01,66.47
2021-05-05,27.3,19.51,42.13,85.23,163.81,9.59,27.92,49.0,116.24,176.89,81.81,30.057,25.85,1809.0,89.86,58.87,64.735,151.16,27.19,78.83,17.35,60.83,56.153,134.95,37.44,122.17,119.04,93.774,52.01,67.13
2021-05-06,28.64,19.775,41.89,85.91,164.66,9.72,27.96,48.42,117.3,177.71,83.04,29.965,26.12,1806.85,90.11,58.93,65.1,149.92,26.27,79.26,17.517,60.7,56.326,134.02,37.7,120.987,119.57,94.35,53.15,66.11
2021-05-07,29.02,20.421,42.0,86.1,164.94,9.57,28.66,48.09,117.84,179.58,83.93,30.358,26.29,1802.86,90.88,59.11,65.35,149.64,25.85,79.43,17.653,61.64,56.463,136.42,38.09,122.575,120.26,96.604,53.16,66.2
2021-05-10,28.95,20.333,42.7,85.8,166.97,9.26,28.24,48.43,117.81,179.36,82.79,30.019,26.29,1759.14,90.73,59.49,65.385,149.42,26.02,79.45,17.89,62.08,56.472,136.82,37.53,120.987,120.38,96.474,52.65,65.91
2021-05-11,28.98,19.853,42.01,85.55,165.04,9.34,27.67,48.19,117.14,179.21,83.61,29.803,26.36,1721.43,90.62,59.01,65.155,146.43,25.62,78.51,17.798,61.65,55.98,136.02,37.44,120.831,119.41,95.72,53.94,65.13
2021-05-12,28.53,19.966,42.2,85.79,162.31,9.6,28.24,48.3,116.49,178.28,83.17,29.254,26.18,1763.6,90.35,58.71,64.94,144.62,25.55,78.24,17.87,60.98,55.314,134.48,37.67,118.152,119.94,95.15,52.81,64.53
2021-05-13,28.7,19.677,42.46,87.03,160.45,9.38,27.47,46.7,119.42,179.3,83.8,29.787,26.26,1752.6,91.08,59.16,65.88,146.33,25.87,79.32,17.965,61.58,55.014,135.08,38.38,118.899,121.14,97.454,53.43,64.95
2021-05-14,29.12,20.406,43.45,87.73,160.44,9.73,28.12,47.2,120.65,181.11,84.82,31.571,26.42,1733.08,91.56,59.34,66.265,147.11,26.18,79.76,18.035,61.89,55.825,130.07,38.91,119.252,121.86,97.01,54.77,65.7
2021-05-17,30.49,20.735,43.7,88.37,159.84,10.0,29.07,46.82,121.52,184.79,88.34,31.711,26.4,1714.21,92.79,59.16,66.625,147.24,25.68,80.04,18.085,61.53,55.953,130.98,39.93,118.837,122.29,93.78,57.38,65.84
2021-05-18,30.28,20.5,43.9,88.23,158.59,9.91,28.79,46.95,122.36,181.42,88.0,31.84,26.5,1719.46,93.28,59.43,66.66,146.36,25.42,79.55,18.16,61.47,55.515,130.79,39.33,118.255,123.14,93.01,57.29,65.79
2021-05-19,29.81,19.696,44.02,87.59,157.82,9.59,27.7,46.04,122.0,179.35,87.45,31.937,26.4,1728.96,92.33,59.44,66.895,144.9,24.91,79.27,18.542,61.64,54.84,128.99,38.29,117.726,122.84,95.05,56.97,65.15
2021-05-20,29.9,19.628,44.96,87.85,159.81,9.43,27.81,46.55,123.14,182.56,88.73,31.905,26.65,1786.28,93.07,59.78,67.175,146.88,24.91,79.08,18.63,61.74,55.314,128.27,38.69,118.889,122.97,97.21,57.39,64.91
2021-05-21,29.79,19.579,44.1,88.11,160.07,9.43,27.91,46.54,123.92,180.91,86.98,31.781,26.76,1759.73,93.67,59.71,67.675,146.33,24.82,79.03,18.542,61.49,55.16,125.8,39.11,118.92,123.47,97.77,56.97,65.13
2021-05-24,29.79,19.579,44.1,88.11,160.07,9.43,27.91,46.54,123.92,180.91,86.98,31.781,26.76,1759.73,93.67,59.71,67.675,146.33,24.82,79.03,18.542,61.49,55.16,125.8,39.11,118.92,123.47,97.77,56.97,65.13
2021-05-25,29.64,19.417,44.26,88.12,159.42,9.34,27.89,46.37,123.6,181.1,87.19,32.078,26.95,1755.27,94.33,59.8,67.795,145.76,24.8,79.57,18.692,61.53,55.378,127.24,38.84,121.163,123.46,98.83,57.73,64.21
2021-05-26,29.78,20.024,44.48,88.81,161.82,9.53,27.98,46.78,125.41,181.41,88.2,32.449,27.2,1758.96,94.81,60.29,68.56,146.16,25.0,80.4,18.862,62.2,56.263,130.57,39.48,122.046,124.45,98.72,58.28,64.37
2021-05-27,28.24,20.397,44.8,86.59,162.7,9.63,27.82,46.65,126.18,179.14,86.47,32.735,27.05,1737.73,96.97,59.81,70.54,145.97,25.17,80.99,18.53,61.9,56.026,134.14,40.05,122.243,126.0,96.78,57.7,64.73
2021-05-28,29.11,20.495,44.35,87.07,164.04,9.81,27.9,46.47,126.83,180.71,86.98,32.762,27.26,1733.88,94.28,60.06,71.23,146.64,25.24,81.32,18.585,62.37,56.253,136.0,39.86,122.866,125.62,98.1,57.95,65.07
2021-05-31,28.64,20.744,43.67,86.9,163.24,10.09,28.06,45.9,126.19,178.4,85.51,32.347,27.1,1716.74,95.01,59.82,70.355,144.92,25.27,81.21,18.442,61.8,55.533,134.5,40.61,121.267,124.21,97.06,57.27,64.68
2021-06-01,29.24,21.513,44.24,87.66,162.31,10.72,29.55,46.64,127.98,180.11,86.51,32.638,27.43,1753.65,92.87,60.41,71.89,145.74,25.41,80.88,18.733,62.0,56.618,135.4,41.44,122.866,125.85,99.32,58.31,65.21
2021-06-02,29.1,21.876,44.82,87.59,163.63,11.06,30.22,46.8,127.42,180.09,86.68,32.412,27.51,1742.21,92.46,60.55,72.48,145.94,25.13,81.88,18.667,61.9,56.846,134.37,40.93,123.583,125.98,98.02,58.57,65.08
2021-06-03,28.07,22.013,44.84,87.82,169.02,11.12,30.27,46.73,128.57,179.46,84.65,32.611,27.63,1759.52,93.04,60.68,72.645,145.99,25.29,81.64,18.698,62.36,57.119,135.07,40.77,123.219,126.12,98.24,57.21,65.33
2021-06-04,28.34,22.243,45.03,87.96,171.15,11.38,30.79,47.17,128.0,183.74,85.37,32.6,27.88,1764.46,92.98,61.07,72.595,146.51,25.25,81.21,18.823,63.08,57.894,135.85,41.08,123.52,126.21,97.89,58.41,65.21
2021-06-07,28.28,22.194,45.0,87.92,168.88,11.44,30.69,47.74,128.55,183.07,85.2,32.643,28.07,1758.76,92.96,61.33,72.54,145.85,25.14,81.15,18.878,63.74,58.377,134.08,41.29,121.952,126.03,96.93,58.22,64.97
2021-06-08,28.0,22.356,45.24,87.99,167.7,11.92,30.62,48.01,128.17,183.58,84.98,32.676,28.0,1767.23,92.39,61.42,72.38,146.1,25.18,81.17,18.917,63.25,58.532,133.46,41.01,123.375,125.68,97.91,57.18,64.86
2021-06-09,27.89,21.954,45.02,87.37,167.58,12.01,30.32,48.19,127.15,185.89,85.67,32.347,27.49,1772.76,91.91,61.26,72.2,145.71,25.0,80.97,18.865,62.47,58.769,133.14,41.25,122.523,124.92,97.43,57.36,64.55
2021-06-10,28.67,21.9,45.11,87.08,168.73,12.17,30.16,48.06,126.95,187.31,87.6,32.514,27.42,1769.81,91.56,61.39,72.09,146.1,24.64,80.83,19.025,62.35,58.496,133.31,41.78,122.928,124.7,96.79,59.16,63.97
2021-06-11,28.24,22.16,45.51,87.26,168.66,12.15,30.37,48.27,126.92,184.03,86.66,32.53,27.49,1779.99,91.46,61.66,72.19,147.16,24.74,80.96,19.0,62.5,58.979,134.21,41.24,123.562,126.1,97.76,58.33,64.16
2021-06-14,28.11,22.297,45.53,86.93,167.67,12.17,30.63,49.43,126.5,184.78,86.15,32.449,27.64,1809.4,91.21,60.77,72.19,147.75,24.59,80.84,18.997,62.56,58.487,134.77,40.99,124.123,126.41,97.9,58.05,63.52
2021-06-15,27.76,22.625,45.35,87.5,167.59,12.68,31.27,49.7,127.51,185.17,84.83,32.897,27.8,1817.65,91.73,61.35,72.945,148.38,24.71,81.23,19.045,63.8,59.043,134.08,41.67,125.192,127.33,97.87,57.18,63.63
2021-06-16,27.53,22.238,44.85,87.84,168.77,12.39,30.83,49.86,129.31,185.16,83.83,33.129,27.72,1805.49,92.93,61.16,73.57,147.77,24.6,81.95,18.913,63.51,59.079,132.3,41.49,124.663,127.68,96.71,56.77,63.66
2021-06-17,25.97,21.2,45.38,87.56,168.68,11.97,29.66,49.97,127.83,182.25,79.62,32.832,27.89,1835.0,92.66,61.21,72.745,148.45,24.26,80.81,19.025,64.11,59.407,130.98,39.36,126.002,127.08,95.88,54.78,62.95
2021-06-18,25.79,20.935,44.97,87.09,166.51,12.04,29.1,49.43,126.93,181.25,77.83,32.633,27.64,1847.89,91.6,60.92,72.355,147.03,24.08,79.37,18.708,63.81,58.323,129.91,38.89,125.265,125.96,94.42,54.3,62.24
2021-06-21,26.14,21.983,43.58,87.56,169.12,12.39,30.3,49.47,128.05,182.92,79.2,33.096,27.73,1846.34,92.82,61.22,73.165,148.19,24.1,79.85,18.795,64.4,58.314,129.8,40.27,126.355,126.26,94.79,54.98,62.71
2021-06-22,25.92,21.959,44.3,87.12,171.01,12.16,30.4,49.29,128.12,182.57,77.98,33.35,27.8,1881.14,93.45,61.2,73.02,148.3,23.9,79.63,18.933,64.39,57.712,129.94,39.87,125.815,125.84,94.14,54.53,62.85
2021-06-23,25.79,21.856,43.86,87.0,170.6,12.04,30.4,49.08,127.9,180.05,76.92,33.306,27.58,1885.85,93.33,60.72,73.135,147.52,23.81,79.93,18.945,64.64,57.329,129.73,39.94,125.005,125.64,93.86,54.29,62.74
2021-06-24,25.86,21.993,43.76,87.17,168.98,12.08,30.67,49.4,127.76,178.92,77.12,34.309,27.54,1878.5,93.71,60.69,73.0,148.07,24.18,80.24,19.073,64.58,57.448,130.55,39.98,125.005,125.71,93.96,54.19,63.04
2021-06-25,25.7,22.204,44.1,87.7,169.23,11.97,30.31,49.48,128.65,178.59,76.62,34.578,27.5,1887.83,93.7,60.69,71.97,147.79,24.62,80.89,18.962,64.68,57.448,131.04,39.69,125.504,126.17,94.87,54.16,63.73
2021-06-28,25.53,21.645,44.4,86.91,171.02,11.57,29.36,49.16,127.08,178.37,75.35,34.568,27.69,1894.88,93.56,60.75,70.785,147.97,24.26,80.24,19.01,65.12,56.718,130.25,37.75,125.857,125.53,94.77,54.23,63.49
2021-06-29,25.44,21.895,44.61,86.94,170.19,11.68,29.25,49.4,126.6,179.28,75.17,34.934,27.88,1894.65,93.49,61.11,70.24,149.08,24.28,80.58,19.052,65.5,55.861,131.82,37.28,127.134,125.66,95.74,54.28,63.99
2021-06-30,25.64,22.037,46.12,86.87,168.41,11.86,29.69,49.63,127.06,179.89,74.96,34.082,27.8,1877.41,92.77,61.13,70.555,148.1,24.4,80.62,19.073,65.9,55.916,130.79,37.78,127.861,125.59,95.32,54.64,63.92
2021-07-01,25.64,22.037,46.12,86.87,168.41,11.86,29.69,49.63,127.06,179.89,74.96,34.082,27.8,1877.41,92.77,61.13,70.555,148.1,24.4,80.62,19.073,65.9,55.916,130.79,37.78,127.861,125.59,95.32,54.64,63.92
2021-07-02,25.64,22.003,47.25,87.0,169.72,11.98,29.48,50.15,127.09,182.04,76.05,34.082,27.86,1881.0,93.19,61.28,70.735,147.58,24.4,81.0,19.285,66.27,56.19,131.56,38.09,128.006,126.03,95.55,55.19,63.71
2021-07-05,25.84,22.458,46.8,87.64,170.25,12.35,30.28,50.25,127.32,182.32,76.0,33.98,27.89,1905.0,93.79,61.28,70.835,146.98,24.62,80.16,19.18,66.03,56.39,131.04,38.24,127.85,126.38,95.32,55.44,63.91
2021-07-06,26.56,21.92,46.23,87.25,172.08,11.69,29.61,50.1,126.68,185.11,76.97,34.293,27.75,1894.99,93.44,61.53,70.785,150.21,24.31,79.34,19.028,66.55,56.436,129.86,37.21,128.972,125.98,95.09,55.7,63.36
2021-07-07,26.45,21.699,45.67,86.94,171.67,11.39,28.94,50.23,126.84,187.93,77.22,34.26,27.9,1909.09,93.25,61.94,70.84,153.22,24.1,79.02,19.298,66.66,56.636,132.31,36.8,130.841,125.95,96.79,55.95,63.22
2021-07-08,25.97,21.611,46.0,83.75,170.68,11.25,28.86,49.93,124.98,181.85,75.9,33.985,27.77,1897.81,91.92,61.99,70.215,151.57,23.7,77.93,19.597,66.87,56.445,132.07,35.59,130.332,125.78,91.27,54.66,62.4
2021-07-09,26.32,21.797,46.85,84.7,172.03,11.37,28.97,50.11,126.12,183.35,76.52,34.411,27.96,1919.74,93.5,61.99,70.935,152.07,23.99,78.9,19.642,66.69,57.028,133.74,36.45,131.163,126.37,93.04,55.32,63.29
2021-07-12,25.93,21.67,47.5,85.05,171.34,11.12,28.55,50.01,127.0,183.98,75.33,34.244,27.95,1911.36,94.28,62.02,71.415,151.63,24.22,79.29,19.585,66.45,56.846,131.69,35.79,131.07,127.72,91.7,54.66,64.23
2021-07-13,26.47,21.675,47.48,84.7,170.4,11.34,28.37,49.95,126.77,187.7,77.27,34.082,28.11,1912.53,94.22,62.35,71.64,152.15,24.1,79.1,19.747,66.8,56.91,132.01,35.83,131.433,127.98,91.25,56.01,63.74
2021-07-14,26.68,21.102,47.25,84.65,169.67,10.8,27.7,49.49,126.42,187.6,77.82,34.136,28.11,1913.57,94.43,62.4,71.68,152.66,24.1,79.07,19.565,66.84,56.044,131.27,35.56,131.558,128.74,90.02,56.44,63.73
2021-07-15,26.82,20.828,49.5,84.65,169.64,10.68,27.28,49.41,126.34,192.76,78.88,34.25,27.95,1929.99,94.85,62.28,71.85,153.86,24.16,79.22,19.86,66.6,56.335,132.24,35.09,132.201,129.31,91.35,57.38,64.17
2021-07-16,26.28,20.005,49.56,84.02,169.67,10.22,26.47,49.34,125.11,189.93,77.19,33.716,27.92,1907.44,94.71,62.36,71.415,155.17,23.98,78.52,20.052,67.22,56.18,131.65,34.45,133.998,127.54,91.27,55.74,63.96
2021-07-19,26.17,19.192,48.61,81.81,169.01,9.86,25.38,48.23,122.37,188.25,77.39,32.902,27.7,1905.45,92.39,61.84,70.3,154.66,23.54,76.77,20.125,67.2,54.923,129.25,33.41,133.24,125.54,90.34,54.92,63.08
2021-07-20,26.26,19.549,49.36,82.34,170.08,9.88,25.84,48.27,123.14,188.87,77.23,33.608,27.77,1917.52,93.25,61.93,70.505,156.74,23.73,77.65,20.073,66.96,55.05,129.79,33.6,135.047,125.99,91.11,55.29,63.45
2021-07-21,26.27,20.118,49.28,82.85,169.83,10.17,26.45,48.57,124.12,188.36,76.8,34.524,27.64,1909.24,93.68,61.71,71.28,156.02,24.28,77.99,19.81,64.43,55.524,131.12,33.89,135.182,126.3,90.93,55.45,64.16
2021-07-22,26.06,20.127,49.24,82.41,170.0,10.13,26.28,48.61,123.59,188.04,75.88,34.815,27.59,1918.09,93.58,61.65,71.26,156.03,24.02,77.38,19.823,64.55,55.634,131.77,34.13,135.244,125.86,91.47,55.22,63.95
2021-07-23,25.93,20.054,49.68,82.68,168.6,10.12,26.14,48.8,124.47,184.85,75.36,34.702,27.66,1928.54,94.02,61.99,71.56,156.81,23.97,77.92,20.062,64.49,55.624,132.99,34.06,136.407,125.32,92.81,54.94,63.98
2021-07-26,26.12,20.24,50.26,82.69,168.42,10.31,26.72,48.82,125.33,189.21,76.64,34.314,27.62,1920.03,93.74,61.84,72.08,156.0,24.01,77.97,20.212,64.37,55.852,131.63,34.4,135.358,125.86,91.45,55.31,64.03
2021-07-27,26.44,19.971,49.97,83.09,169.57,10.09,25.62,49.07,125.4,189.02,77.01,35.387,27.79,1931.07,93.83,62.09,72.25,157.23,23.88,77.89,20.403,64.45,56.18,133.93,33.6,136.573,126.54,90.82,55.88,63.97
2021-07-28,26.77,20.103,49.52,83.25,169.88,10.17,25.71,49.31,125.51,191.69,77.37,36.271,27.64,1942.74,93.89,61.87,72.54,155.93,23.97,78.2,20.61,63.81,56.454,133.32,34.11,135.784,126.64,90.29,56.53,63.95
2021-07-29,27.16,20.318,49.96,83.7,169.38,10.37,24.89,49.45,126.14,198.96,80.6,36.599,27.49,1954.61,94.99,61.76,72.91,155.6,24.24,78.65,20.968,63.42,55.889,133.73,34.87,136.49,127.0,91.53,57.43,64.7
2021-07-30,27.16,20.162,50.97,82.95,170.0,10.41,24.56,49.18,123.53,199.55,80.71,36.297,27.71,1998.43,95.49,62.27,72.535,158.05,24.12,77.87,21.1,63.68,55.442,135.56,34.18,137.279,126.18,92.64,57.63,64.98
2021-08-02,27.16,20.162,50.97,82.95,170.0,10.41,24.56,49.18,123.53,199.55,80.71,36.297,27.71,1998.43,95.49,62.27,72.535,158.05,24.12,77.87,21.1,63.68,55.442,135.56,34.18,137.279,126.18,92.64,57.63,64.98
2021-08-03,27.23,20.436,51.96,83.62,169.4,10.53,24.75,49.45,124.26,202.1,80.26,36.772,28.14,2000.0,95.75,62.58,71.71,159.81,24.01,78.18,21.522,63.99,55.734,135.16,34.95,137.061,126.28,93.1,58.07,64.87
2021-08-04,27.15,19.814,51.92,83.39,169.98,9.8,23.92,49.16,123.99,201.36,79.45,37.268,28.03,2025.03,95.38,62.39,72.115,159.69,24.12,78.11,21.585,63.97,55.561,135.27,33.21,137.84,127.2,92.57,57.81,65.05
2021-08-05,26.55,19.941,50.97,83.7,169.97,10.08,24.47,49.34,125.47,198.99,77.31,37.607,28.16,2038.81,95.74,63.15,72.5,157.53,24.56,78.7,21.37,64.08,55.579,135.8,33.73,145.493,127.92,92.11,56.76,64.72
2021-08-06,26.14,20.49,51.49,84.78,169.93,10.18,24.71,49.67,126.45,197.29,76.0,38.389,28.36,2038.26,96.34,63.71,73.705,157.88,25.19,79.59,21.448,64.18,55.834,135.47,34.15,146.127,129.14,92.3,55.67,65.41
2021-08-09,25.83,20.176,51.24,84.59,169.54,9.96,24.12,49.38,126.54,194.68,74.12,38.669,28.33,2031.81,96.91,63.39,73.515,157.48,25.25,79.79,21.448,63.63,55.05,135.9,33.69,144.995,129.35,91.5,53.64,65.69
2021-08-10,24.85,20.7,51.59,85.74,169.95,10.3,24.68,49.84,127.92,191.46,72.5,38.663,28.36,2025.59,97.3,63.57,73.71,156.61,25.14,80.71,21.538,63.56,55.287,134.43,34.41,147.051,130.36,90.41,53.33,66.05
2021-08-11,25.39,20.602,51.5,86.52,170.0,10.47,24.7,50.33,129.05,194.17,73.38,38.68,28.33,2033.17,98.03,63.67,74.045,157.83,25.5,81.07,21.5,63.91,55.579,135.13,34.61,148.204,130.96,91.82,54.24,66.51
2021-08-12,25.09,20.392,51.5,86.45,174.42,10.55,24.44,49.07,129.13,194.18,72.58,38.178,28.41,2047.55,97.14,63.72,74.245,158.46,25.6,81.11,21.74,63.59,54.913,135.56,34.52,148.193,131.08,90.96,53.84,66.64
2021-08-13,25.38,20.225,51.33,86.12,173.93,10.29,24.02,49.05,128.73,193.73,74.05,38.248,28.56,2057.07,96.74,63.98,74.565,158.75,25.46,80.97,21.72,63.6,54.804,134.5,34.18,148.993,131.06,90.82,55.63,66.71
2021-08-16,25.37,19.829,51.79,86.27,174.6,9.93,23.72,49.28,127.99,193.04,74.17,38.394,28.74,2067.01,96.39,64.44,74.565,159.83,25.18,81.03,21.802,63.37,55.105,134.15,33.17,151.028,131.18,89.76,55.69,66.58
2021-08-17,25.19,19.711,52.0,85.94,173.49,9.83,23.39,48.84,127.5,192.23,73.6,37.634,28.8,2076.77,96.28,64.69,73.955,160.33,24.93,80.55,21.895,63.81,54.831,133.72,32.71,151.35,130.75,89.8,55.7,66.33
2021-08-18,24.59,19.363,51.82,85.65,174.1,9.68,22.75,48.32,128.15,185.69,71.6,38.038,28.7,2073.58,97.25,64.62,74.15,159.0,25.02,80.37,21.942,63.02,54.111,134.45,32.23,148.39,130.66,89.77,54.38,65.98
2021-08-19,24.5,19.104,52.32,85.57,176.05,9.5,22.53,47.87,126.79,183.18,71.77,37.747,28.76,2097.09,97.43,64.79,73.425,162.35,24.81,79.61,22.257,63.42,53.464,136.55,31.43,150.249,130.35,90.81,54.48,66.13
2021-08-20,24.64,19.339,52.3,86.13,177.17,9.54,22.45,48.55,127.91,181.18,72.01,38.48,29.04,2149.76,98.89,65.11,73.805,164.04,24.93,79.93,22.24,63.7,53.555,135.83,31.79,151.931,131.72,90.47,54.72,66.52
2021-08-23,25.5,19.927,52.1,86.24,174.61,10.04,23.16,49.01,128.72,185.19,73.72,38.173,28.9,2162.15,99.54,64.95,74.315,160.9,24.98,80.23,22.225,63.65,53.902,136.36,32.58,150.748,131.74,90.16,55.97,66.34
2021-08-24,25.37,20.049,51.6,85.77,173.75,10.45,23.55,49.18,130.87,182.84,73.4,37.85,28.82,2142.6,99.69,64.75,74.865,159.72,24.96,79.6,22.2,63.84,53.874,136.26,32.89,149.221,132.05,89.34,55.68,65.5
2021-08-25,24.97,20.029,51.75,85.75,173.59,10.52,23.54,49.28,130.72,179.63,72.03,38.292,28.89,2146.25,99.14,64.7,75.68,159.79,25.14,80.63,22.25,63.36,54.02,136.63,33.13,149.72,133.15,89.72,54.99,65.39
2021-08-26,25.03,19.853,51.21,83.7,174.23,10.35,23.65,49.38,127.67,179.6,71.69,38.518,28.97,2119.99,99.35,64.83,74.095,161.41,25.03,79.8,22.188,63.69,53.984,138.49,33.12,150.54,132.57,90.24,54.96,65.15
2021-08-27,25.56,20.774,51.38,83.3,173.3,10.53,24.2,49.74,126.94,183.79,73.92,38.733,29.07,2130.77,99.32,64.95,73.235,161.63,25.1,79.39,22.03,64.01,54.494,139.21,33.76,151.101,132.28,90.61,56.67,65.69
2021-08-30,24.98,20.607,52.28,82.76,172.49,10.41,23.9,49.8,125.91,181.45,72.24,38.297,29.23,2145.58,99.7,65.39,72.79,162.47,24.63,78.59,22.225,63.98,54.658,138.23,33.28,152.077,131.07,90.82,55.87,65.18
2021-08-31,25.36,20.446,51.42,81.93,171.83,10.47,23.56,49.65,125.56,184.05,72.6,37.828,29.07,2138.19,100.14,65.8,72.57,163.03,24.57,78.15,22.222,64.28,54.603,148.4,33.39,153.084,129.6,86.69,56.86,64.96
2021-09-01,25.0,20.573,50.6,82.13,172.69,10.49,23.28,49.83,127.01,183.17,72.03,38.421,29.16,2166.74,99.89,65.95,72.6,164.04,24.56,78.05,22.278,64.35,54.695,154.0,33.31,156.075,129.49,91.15,56.55,65.02
2021-09-02,24.93,21.479,51.62,82.49,174.09,11.11,23.71,49.96,127.81,182.57,72.3,38.491,29.26,2186.42,98.56,65.95,72.85,164.11,24.5,78.31,22.392,64.08,55.105,156.01,34.46,155.649,129.65,93.15,56.44,64.91
2021-09-03,25.43,21.459,50.73,82.45,173.04,10.98,23.47,50.12,127.73,185.27,73.72,38.378,29.18,2192.52,98.18,65.73,72.785,164.48,24.42,78.12,22.452,63.49,55.214,159.01,34.32,154.528,129.48,90.59,58.36,64.69
2021-09-06,25.43,21.459,50.73,82.45,173.04,10.98,23.47,50.12,127.73,185.27,73.72,38.378,29.18,2192.52,98.18,65.73,72.785,164.48,24.42,78.12,22.452,63.49,55.214,159.01,34.32,154.528,129.48,90.59,58.36,64.69
2021-09-07,25.11,21.263,50.48,83.03,172.93,10.88,23.32,50.55,128.5,183.43,72.18,38.437,29.42,2210.0,97.79,66.02,73.0,163.64,24.62,78.15,22.448,62.93,55.679,155.51,33.97,154.714,129.95,89.72,57.26,64.71
2021-09-08,25.2,20.935,50.94,82.52,174.04,10.64,23.13,51.28,128.44,184.45,72.28,38.232,29.94,2192.95,97.56,66.95,72.815,166.18,24.61,78.06,22.955,62.43,56.19,155.25,33.82,156.978,129.44,91.42,57.54,65.66
2021-09-09,24.88,20.842,50.57,82.49,173.54,10.58,23.45,50.73,128.27,180.68,71.73,38.124,29.45,2204.35,97.5,66.71,73.32,166.19,24.59,78.15,22.823,61.89,55.624,151.93,34.08,155.691,129.84,87.82,57.01,65.54
2021-09-10,24.53,20.842,50.06,82.2,174.53,10.61,23.2,50.47,127.86,179.78,69.95,37.661,29.25,2220.31,97.66,66.57,73.135,167.44,24.44,78.05,22.68,60.6,55.679,150.74,34.03,156.147,129.63,86.91,56.75,65.4
2021-09-13,24.63,21.494,50.16,82.12,175.75,11.15,24.05,50.81,128.79,177.62,70.25,38.044,29.26,2189.15,98.5,66.66,73.495,165.91,24.72,78.36,22.185,60.58,57.238,147.87,35.84,156.532,129.16,86.81,56.2,65.74
2021-09-14,24.73,21.136,50.39,81.76,173.67,10.83,23.58,50.5,127.48,179.35,70.73,37.731,28.97,2184.42,98.35,65.15,72.84,165.08,24.54,77.69,21.907,59.91,56.718,145.73,35.34,156.127,128.43,86.48,56.6,65.4
2021-09-15,24.44,21.797,50.45,82.5,171.31,11.47,24.78,50.85,128.38,181.12,70.66,37.801,28.74,2196.48,98.07,64.82,73.705,164.66,24.87,78.34,21.933,59.41,57.247,147.79,36.1,156.012,129.56,86.77,55.9,65.38
2021-09-16,23.46,21.469,50.15,82.94,171.21,11.24,24.83,50.83,128.8,176.48,68.25,37.677,28.76,2196.98,98.53,64.98,74.025,163.25,24.95,78.51,21.858,59.81,56.946,146.85,35.5,155.452,129.57,86.52,52.77,65.53
2021-09-17,23.38,20.818,49.05,82.48,171.17,11.03,24.67,50.66,127.85,173.28,67.82,37.122,28.72,2181.32,97.98,64.68,72.995,162.85,24.51,78.19,21.41,59.79,57.156,150.32,34.59,155.057,127.66,85.73,52.52,64.69
2021-09-20,23.85,20.186,48.32,81.86,169.84,10.78,23.96,49.77,125.11,175.51,67.92,36.147,28.53,2196.19,96.28,64.31,71.415,163.61,23.85,76.72,21.37,59.51,55.88,146.01,34.01,153.853,125.73,83.95,52.47,63.5
2021-09-21,23.68,20.392,49.48,82.1,169.92,10.82,24.27,50.28,125.3,177.12,67.7,37.591,28.71,2185.46,95.0,64.89,71.47,165.26,23.67,76.83,21.595,60.11,56.308,147.61,35.15,154.735,125.33,82.82,52.81,63.08
2021-09-22,23.51,21.18,49.11,82.2,170.99,11.62,25.13,50.42,126.55,172.7,67.01,38.265,28.72,2174.9,95.83,64.81,71.845,166.99,23.98,77.13,21.54,59.83,56.326,146.69,36.97,154.289,126.41,82.68,52.11,63.62
2021-09-23,23.0,21.714,48.55,83.19,171.24,12.13,25.49,50.71,128.37,168.01,64.74,38.34,28.74,2196.75,96.6,64.89,72.975,166.61,24.51,78.09,21.3,59.54,56.773,147.06,37.61,149.418,128.15,82.94,49.92,63.86
2021-09-24,22.84,21.846,49.31,83.26,170.53,12.12,25.59,50.72,128.46,166.34,64.09,38.195,28.67,2177.54,95.8,64.74,72.92,167.5,24.43,78.25,21.337,59.72,57.32,146.55,38.02,151.205,127.9,83.29,49.76,64.13
2021-09-27,22.66,22.253,49.19,84.65,168.79,12.52,26.51,51.0,129.43,164.53,63.81,37.812,28.44,2154.42,97.54,64.25,72.835,162.92,24.94,79.09,21.132,59.64,58.049,148.29,38.76,148.505,127.96,84.5,48.91,64.98
2021-09-28,22.93,22.331,48.74,84.96,167.8,12.56,26.51,50.54,128.09,165.46,63.03,36.896,28.08,2095.81,96.41,63.49,71.42,160.89,24.77,78.74,20.97,59.3,55.98,147.12,39.15,146.864,126.57,84.01,48.42,65.23
2021-09-29,22.43,22.669,48.98,84.93,169.53,12.85,26.45,50.79,128.35,164.21,65.22,36.702,27.86,2076.66,96.69,63.28,71.25,161.48,24.75,78.83,21.415,59.63,55.953,147.59,40.03,146.989,126.71,84.2,47.93,65.91
2021-09-30,22.87,22.679,48.75,83.85,167.48,12.77,26.26,50.46,126.45,164.55,65.71,36.578,27.84,2075.02,97.28,63.45,70.5,159.64,24.38,77.96,21.73,59.15,55.57,146.78,40.03,145.431,126.03,82.71,47.68,65.2
2021-10-01,22.74,22.762,48.75,85.37,166.96,12.73,26.47,50.55,127.31,161.14,64.46,37.208,27.8,2090.95,98.24,63.24,71.09,159.37,24.55,78.65,21.612,58.82,56.044,149.09,41.04,144.621,126.11,83.81,46.72,65.06
2021-10-04,22.95,23.477,47.87,85.08,164.67,13.12,26.86,50.85,127.2,161.38,65.51,36.492,27.63,2061.83,98.57,63.09,71.25,156.51,24.45,77.47,21.903,58.85,56.354,147.0,41.67,142.991,126.2,83.53,47.04,66.65
2021-10-05,22.84,24.06,48.5,85.89,164.73,13.56,27.81,50.55,129.0,161.49,66.15,36.82,27.66,2037.38,99.83,63.21,72.035,157.02,24.68,77.93,22.34,58.8,55.934,148.24,41.79,144.247,127.25,84.4,47.0,67.88
2021-10-06,23.25,23.639,48.0,85.5,163.74,13.31,27.12,51.01,128.47,165.26,67.06,36.869,27.64,2071.56,99.75,63.21,72.0,158.31,24.34,77.55,22.65,58.5,55.789,148.44,41.06,146.106,127.32,85.95,47.48,68.39
2021-10-07,23.32,23.908,48.58,85.42,166.1,13.69,28.0,51.2,129.94,166.83,67.4,37.731,27.69,2117.43,100.07,63.49,72.555,160.41,24.43,77.71,22.688,59.08,56.208,146.7,41.81,147.965,127.88,85.57,47.42,68.3
2021-10-08,23.09,24.3,48.01,86.29,166.1,14.06,28.81,51.59,130.7,169.04,67.29,37.86,27.61,2084.53,100.44,63.19,73.05,160.08,24.65,78.37,22.49,59.08,56.627,145.83,42.56,147.394,128.41,86.24,47.63,68.5
2021-10-11,23.09,24.3,48.01,86.29,166.1,14.06,28.81,51.59,130.7,169.04,67.29,37.86,27.61,2084.53,100.44,63.19,73.05,160.08,24.65,78.37,22.49,59.08,56.627,145.83,42.56,147.394,128.41,86.24,47.63,68.5
2021-10-12,23.27,24.452,47.22,85.69,165.71,14.26,29.18,52.1,129.65,167.86,68.65,37.882,27.4,2089.25,100.45,62.96,72.69,159.25,24.64,78.53,22.612,58.01,58.204,144.75,42.56,149.107,128.3,85.49,47.95,68.31
2021-10-13,23.93,24.496,47.8,85.04,166.29,14.01,29.18,52.37,129.51,169.84,71.01,38.054,27.59,2131.73,100.63,63.35,72.25,159.84,24.51,78.58,22.94,58.4,58.505,147.81,42.08,149.533,128.67,86.69,49.54,68.44
2021-10-14,24.23,25.201,47.97,85.51,166.56,14.55,29.1,52.68,130.7,171.7,71.8,38.755,27.9,2172.22,100.88,63.8,72.96,162.07,24.85,79.07,22.823,60.04,59.253,150.49,42.33,150.395,129.87,88.58,51.26,68.78
2021-10-15,23.66,25.676,47.79,87.01,167.63,14.43,29.11,52.72,132.68,173.61,71.09,39.181,27.96,2165.17,101.85,63.59,73.785,160.72,25.01,79.69,23.04,60.68,60.52,151.67,42.82,149.668,130.66,90.2,50.75,69.16
2021-10-18,23.61,25.71,49.33,87.38,167.93,14.25,28.69,52.85,132.64,174.19,70.14,39.084,27.9,2223.53,102.59,63.33,73.92,161.09,24.94,79.99,23.265,60.35,60.62,153.0,42.61,150.955,131.28,90.87,50.58,69.05
2021-10-19,23.86,25.877,48.46,88.68,166.66,14.33,28.68,53.09,133.37,174.32,70.16,39.089,27.84,2201.72,102.23,63.38,73.985,161.15,25.01,80.98,23.01,60.39,61.395,153.52,42.5,151.194,131.56,90.82,50.99,69.19
2021-10-20,23.92,25.842,47.9,89.11,167.87,14.36,28.53,53.2,134.71,173.19,70.62,39.655,27.8,2212.62,102.23,63.18,74.34,161.41,25.05,81.85,22.897,61.26,61.96,161.53,42.97,151.07,132.14,92.05,50.73,69.75
2021-10-21,23.96,25.656,48.56,88.77,169.39,14.38,27.94,52.62,134.93,176.86,70.69,40.275,27.79,2242.74,102.56,62.93,74.405,164.47,25.06,81.57,23.33,60.19,61.623,164.24,42.5,152.378,132.37,92.74,51.2,70.16
2021-10-22,24.1,25.891,48.65,89.15,169.78,14.5,28.25,52.96,135.47,177.45,70.67,40.668,27.87,2244.36,103.54,63.18,75.005,165.92,25.13,81.75,23.503,60.02,62.005,167.5,43.16,152.721,133.23,94.16,51.22,70.54
2021-10-25,24.23,25.877,49.47,89.54,169.54,14.81,29.12,52.86,137.26,178.93,71.66,41.051,28.04,2246.08,103.6,63.17,75.315,163.49,25.12,82.36,23.728,56.55,61.896,165.42,44.68,153.053,132.45,92.93,51.56,70.75
2021-10-26,24.07,25.725,48.01,90.3,168.6,14.71,29.31,52.75,137.89,178.29,70.95,40.911,28.08,2219.12,104.32,63.26,75.55,163.62,25.09,83.0,23.7,56.31,61.577,165.25,44.91,152.43,132.7,93.51,51.04,71.23
2021-10-27,23.96,25.22,47.21,89.77,167.89,14.25,28.22,52.13,137.16,176.74,70.11,40.426,28.18,2173.83,103.34,63.03,75.125,162.18,24.63,82.6,23.25,58.2,61.349,164.21,43.69,151.745,130.99,93.48,51.02,71.04
2021-10-28,23.37,25.926,47.95,89.74,168.57,14.6,32.0,52.18,138.57,179.04,68.34,41.132,28.41,2231.52,103.64,63.63,75.31,163.87,24.68,82.4,23.255,57.99,61.486,164.14,45.1,152.482,131.13,95.44,50.67,70.87
2021-10-29,22.71,25.759,47.1,89.84,165.91,14.8,32.55,51.84,134.37,176.59,65.69,40.269,28.39,2174.99,102.46,63.71,75.085,168.4,24.11,81.14,23.27,57.56,61.03,164.48,41.9,154.59,128.82,95.79,49.96,70.53
2021-11-01,22.86,26.185,48.32,90.42,164.86,15.12,33.05,52.43,135.55,176.32,65.75,40.199,28.39,2185.7,102.64,64.15,75.485,168.13,24.41,81.96,23.298,58.44,61.44,164.83,43.62,152.43,129.3,95.61,49.28,70.78
2021-11-02,22.92,25.989,48.35,90.36,165.08,14.85,31.96,52.24,136.62,175.77,64.77,40.366,28.35,2190.48,103.59,63.86,75.715,170.73,24.56,82.2,23.733,58.6,61.276,164.3,43.31,151.952,130.69,96.38,49.16,71.14
2021-11-03,23.09,25.749,48.45,91.12,165.34,15.03,31.44,52.23,137.03,177.77,65.19,40.512,28.28,2173.9,104.31,63.93,76.125,166.82,25.0,82.86,23.493,59.3,60.921,164.45,41.66,148.557,132.17,95.94,49.74,71.34
2021-11-04,23.36,25.764,49.9,91.28,165.5,15.26,32.28,52.32,137.34,176.22,65.03,40.658,28.31,2162.53,104.48,64.43,74.955,169.66,24.04,82.92,23.917,59.92,60.766,164.39,41.19,153.863,132.51,95.04,50.15,71.24
2021-11-05,24.38,26.548,49.69,91.45,166.75,15.59,32.97,53.88,137.69,177.88,66.69,41.293,28.95,2157.87,104.17,63.27,74.405,167.28,24.37,82.88,23.843,58.95,58.387,165.44,42.17,152.565,132.07,95.47,51.05,70.71
2021-11-08,24.21,26.523,49.76,91.77,165.26,16.25,32.84,52.69,139.03,178.55,66.71,41.24,29.14,2198.09,104.3,63.52,73.785,167.65,25.0,82.65,23.965,60.74,57.411,164.1,42.61,155.421,132.0,95.86,51.42,71.51
2021-11-09,24.41,26.562,50.6,91.65,166.19,16.36,32.67,52.62,139.4,181.23,69.06,41.175,29.23,2189.05,104.47,63.86,74.215,166.69,24.82,82.84,24.245,60.9,57.274,164.28,43.33,155.805,132.23,96.91,52.44,71.18
2021-11-10,25.57,25.96,50.37,92.22,169.87,15.87,32.32,52.74,138.99,180.71,71.45,40.684,29.24,2169.4,104.88,64.07,74.545,169.13,24.95,82.71,24.415,61.32,56.983,163.52,42.81,156.179,132.39,96.8,53.74,70.39
2021-11-11,25.99,25.73,50.42,92.8,170.09,16.07,32.46,52.62,140.08,186.94,71.69,40.0,28.96,2156.03,105.07,64.08,74.78,170.53,25.07,82.68,24.608,60.88,56.828,163.43,42.68,156.002,133.22,96.8,54.89,70.78
2021-11-12,26.06,25.465,50.42,93.39,168.7,15.97,32.33,50.7,140.27,187.5,71.59,40.808,29.02,2192.79,105.44,63.91,75.035,170.3,24.98,83.39,24.517,60.58,56.727,162.79,43.85,156.158,133.22,97.26,55.94,70.52
2021-11-15,26.13,25.622,51.1,93.31,166.61,15.72,32.46,50.59,140.25,184.75,71.81,39.995,28.88,2165.04,105.18,64.21,74.675,170.07,24.87,82.94,24.59,60.59,56.545,161.63,44.31,156.314,132.45,96.34,56.4,70.36
2021-11-16,25.88,25.72,51.34,93.23,168.6,15.56,32.16,50.66,139.78,184.3,70.79,40.28,28.87,2203.81,104.41,64.02,74.515,171.37,25.81,82.74,24.575,60.45,55.871,162.77,44.89,157.985,132.65,97.05,56.06,70.64
2021-11-17,26.46,25.509,52.26,92.56,168.69,15.67,32.23,50.7,139.18,185.0,71.93,40.361,28.89,2229.67,104.31,64.35,74.58,173.99,25.63,82.58,24.27,59.79,55.661,161.05,44.43,157.767,132.16,94.23,56.81,70.85
2021-11-18,25.9,25.979,52.24,92.27,166.81,16.09,32.3,50.47,138.85,184.27,70.28,40.323,29.03,2227.77,105.4,64.36,74.19,174.27,24.97,82.76,24.573,59.26,55.324,162.8,43.87,159.844,131.79,95.25,55.89,70.42
2021-11-19,25.62,25.005,51.09,91.83,165.37,15.34,31.67,50.27,137.89,182.3,68.76,40.636,29.13,2249.95,104.81,64.72,73.55,174.06,24.43,82.56,24.5,58.83,54.904,163.68,42.76,162.004,131.96,94.71,55.89,70.67
2021-11-22,25.13,25.348,51.02,92.96,165.19,15.29,32.09,50.13,138.61,179.29,67.21,40.318,29.09,2204.0,105.44,64.78,74.305,173.79,24.43,82.32,24.003,59.16,55.232,164.17,43.15,159.896,131.63,93.72,54.71,70.68
2021-11-23,24.63,26.278,50.75,95.22,165.18,16.23,33.0,50.45,139.85,176.36,65.92,39.941,29.22,2192.99,104.82,64.9,74.565,173.58,24.71,83.4,24.397,59.37,56.071,165.3,44.03,159.792,131.67,95.26,53.64,69.88
2021-11-24,24.57,26.934,48.5,95.77,164.42,16.52,33.74,50.61,140.22,176.32,65.42,40.34,29.52,2225.08,104.05,65.09,74.48,173.8,24.78,83.22,24.103,59.18,56.19,165.85,44.54,160.177,132.11,94.57,54.04,69.64
2021-11-25,24.46,27.145,48.25,96.11,164.14,16.52,34.02,50.66,140.87,175.97,65.34,40.539,29.66,2232.15,104.04,65.3,74.68,174.42,24.93,83.88,24.333,59.59,56.263,165.5,44.57,160.53,132.75,94.72,54.31,69.77
2021-11-26,24.44,25.691,46.94,94.57,162.24,15.61,31.82,49.79,137.93,173.98,65.45,39.66,29.36,2194.86,102.33,64.56,73.28,169.89,24.15,81.51,24.11,58.65,55.515,161.85,41.79,160.218,130.7,91.82,53.22,68.91
2021-11-29,24.43,26.166,47.47,93.59,161.36,15.86,31.95,48.74,137.01,179.96,64.6,39.811,29.49,2205.32,101.87,64.86,72.795,175.03,23.92,81.43,24.215,57.72,55.624,163.76,42.85,161.994,129.73,91.44,53.95,68.67
2021-11-30,24.28,25.583,46.98,90.15,158.52,15.16,31.12,47.93,133.04,175.18,63.68,38.448,29.2,2173.69,99.27,64.29,71.225,170.14,22.84,79.78,24.075,57.16,54.622,161.86,42.23,158.723,126.3,89.4,53.42,67.83
2021-12-01,23.58,25.069,46.26,91.98,160.14,15.14,30.54,47.52,132.71,170.23,61.6,38.324,29.29,2140.9,95.84,64.43,70.63,169.84,23.07,82.51,23.895,57.31,53.245,161.9,42.12,158.245,125.74,88.19,52.0,67.56
2021-12-02,23.27,25.328,47.71,96.5,162.48,15.49,30.93,47.87,134.81,167.16,61.26,39.456,29.45,2171.89,96.56,65.54,68.64,173.6,23.4,84.65,24.448,58.47,53.71,165.21,43.83,160.55,128.14,89.35,51.35,68.73
2021-12-03,23.39,25.416,47.85,95.59,162.38,15.22,30.29,47.89,137.98,170.2,62.17,38.362,29.53,2146.53,96.11,65.84,70.05,171.92,23.29,83.92,24.347,58.54,53.81,164.34,43.2,158.515,128.64,88.41,51.19,68.41
2021-12-06,23.6,26.312,48.84,94.45,162.42,15.68,31.1,48.3,137.89,170.38,62.81,39.407,29.81,2188.82,97.85,66.23,70.66,172.4,23.52,84.76,24.56,58.88,53.692,165.9,44.08,157.788,129.06,91.6,51.35,68.97
2021-12-07,23.51,26.925,49.63,94.9,163.55,16.23,31.7,48.96,138.25,170.68,62.69,40.167,29.91,2227.75,98.01,66.17,71.015,171.17,23.85,85.46,24.51,58.82,54.376,166.7,44.48,159.367,130.32,92.2,51.96,69.14
2021-12-08,23.53,26.68,51.5,95.45,161.47,16.09,31.33,48.65,137.98,170.82,62.97,39.806,29.53,2194.99,97.24,65.69,71.095,169.44,23.9,85.46,24.263,58.64,53.692,164.25,44.59,160.26,129.64,91.19,52.29,69.39
2021-12-09,23.09,25.867,52.45,95.44,161.28,15.64,31.12,48.04,137.83,166.72,61.42,39.677,29.06,2178.34,96.69,65.51,70.895,168.79,23.87,85.8,24.618,57.63,52.926,163.66,44.24,159.034,129.73,91.61,51.81,69.46
2021-12-10,22.83,25.94,50.0,95.33,161.36,15.7,31.31,48.08,138.73,166.25,60.65,40.016,29.4,2182.12,96.5,65.77,71.015,168.81,24.01,86.12,24.802,57.76,52.954,164.71,44.38,159.45,130.18,92.33,51.73,69.38
2021-12-13,23.06,25.044,49.55,95.09,161.32,15.28,30.57,48.13,138.42,170.04,62.51,40.151,29.29,2175.08,96.35,65.79,70.795,168.99,23.67,85.9,25.013,57.63,53.473,160.88,42.78,159.47,128.48,90.27,52.46,69.19
2021-12-14,22.96,24.853,48.3,94.75,158.9,15.14,30.17,48.04,138.62,168.3,63.37,39.925,29.23,2200.0,96.36,64.53,71.18,168.71,23.88,86.15,25.215,58.01,53.464,161.63,42.5,157.269,128.62,93.54,51.53,69.26
2021-12-15,22.67,24.907,48.01,95.23,161.97,15.12,30.2,47.6,140.05,166.81,62.83,40.852,29.31,2252.57,95.28,64.92,71.71,169.36,23.9,86.68,25.632,57.06,53.227,164.37,42.57,157.02,130.32,94.59,50.28,69.43
2021-12-16,23.57,24.98,47.42,95.56,162.42,15.06,30.28,47.74,136.7,170.27,65.39,40.172,29.37,2186.98,96.84,65.13,72.88,169.06,23.54,87.05,25.74,57.24,53.4,164.61,42.92,155.234,131.47,94.36,52.18,69.61
2021-12-17,23.72,24.437,47.85,94.12,162.88,14.52,29.9,47.65,134.11,172.2,65.01,39.79,29.55,2230.69,96.8,65.69,72.5,167.94,23.43,87.29,25.885,58.97,53.519,164.12,42.41,153.78,130.98,93.4,53.1,69.14
2021-12-20,23.73,24.481,48.28,93.98,161.29,14.47,29.9,47.77,131.54,172.86,66.6,39.461,29.73,2188.05,94.37,65.69,72.35,166.34,23.18,86.83,25.747,59.28,53.683,154.5,42.58,154.06,129.99,92.06,53.14,68.46
2021-12-21,23.77,25.191,50.94,94.7,162.94,15.16,30.96,48.28,133.14,171.15,67.33,40.259,29.71,2255.06,96.38,65.87,73.055,166.73,23.51,87.69,25.833,59.54,54.202,155.55,44.41,154.683,131.57,91.55,53.63,69.3
2021-12-22,23.8,25.421,51.58,95.41,163.42,15.44,31.31,48.29,135.35,172.87,67.18,40.641,29.86,2290.01,96.7,65.81,73.605,167.48,23.67,88.67,25.938,59.88,54.603,155.6,45.22,155.472,132.59,92.09,53.72,69.48
2021-12-23,23.78,25.436,52.68,96.21,163.24,15.36,31.37,48.66,135.58,173.4,66.05,41.38,29.74,2323.39,97.54,65.68,74.205,169.32,23.98,89.31,25.795,59.94,54.959,155.79,45.27,155.462,133.64,91.3,54.15,69.98
2021-12-24,23.81,25.7,52.45,96.3,163.48,15.35,31.45,48.75,135.87,174.03,66.45,41.18,29.52,2325.0,97.36,65.65,73.445,168.27,23.89,89.76,25.895,59.81,55.105,156.66,45.04,155.587,133.99,92.25,54.26,70.03
2021-12-27,23.81,25.7,52.45,96.3,163.48,15.35,31.45,48.75,135.87,174.03,66.45,41.18,29.52,2325.0,97.36,65.65,73.445,168.27,23.89,89.76,25.895,59.81,55.105,156.66,45.04,155.587,133.99,92.25,54.26,70.03
2021-12-28,23.81,25.7,52.45,96.3,163.48,15.35,31.45,48.75,135.87,174.03,66.45,41.18,29.52,2325.0,97.36,65.65,73.445,168.27,23.89,89.76,25.895,59.81,55.105,156.66,45.04,155.587,133.99,92.25,54.26,70.03
2021-12-29,23.56,26.249,53.0,97.51,164.55,15.58,31.64,49.12,136.94,173.36,65.49,42.032,29.86,2372.76,97.01,65.92,73.95,174.24,24.21,91.22,26.105,60.09,55.068,156.19,45.28,157.684,134.79,92.22,54.29,70.42
2021-12-30,23.99,26.121,53.48,97.24,164.3,15.52,31.49,49.27,136.59,174.81,67.02,41.584,29.8,2368.69,96.93,65.94,73.735,172.83,24.31,91.26,25.945,60.11,53.665,155.19,44.79,157.092,134.46,91.26,54.53,70.29
2021-12-31,24.05,26.175,53.0,96.98,164.42,15.51,31.65,49.41,136.19,174.94,67.19,41.169,29.79,2346.94,96.44,65.81,73.725,172.4,24.11,89.55,25.91,60.23,53.628,155.38,45.62,157.082,134.25,90.98,54.28,70.41
2022-01-03,24.05,26.175,53.0,96.98,164.42,15.51,31.65,49.41,136.19,174.94,67.19,41.169,29.79,2346.94,96.44,65.81,73.725,172.4,24.11,89.55,25.91,60.23,53.628,155.38,45.62,157.082,134.25,90.98,54.28,70.41
2022-01-04,23.81,26.787,52.1,99.35,163.72,16.28,33.15,49.54,141.07,173.35,67.06,41.477,29.76,2329.0,99.3,65.91,74.815,170.32,24.9,90.85,25.683,60.91,54.448,154.89,47.1,153.167,136.84,93.81,53.02,70.78
2022-01-05,23.69,27.111,50.76,99.95,163.62,16.58,33.41,50.23,139.97,167.09,66.41,39.784,29.76,2198.74,98.41,66.06,75.76,166.21,24.9,90.23,25.505,61.72,54.549,153.33,46.58,149.273,138.32,93.19,51.71,70.87
2022-01-06,22.9,28.501,50.63,100.56,166.52,17.24,33.85,50.91,141.83,161.12,63.63,39.466,29.8,2162.9,98.19,66.03,77.36,166.99,25.28,91.25,25.812,61.23,55.269,155.83,48.1,149.377,139.81,93.73,49.19,70.78
2022-01-07,22.89,29.265,50.2,100.14,164.95,17.34,33.58,51.28,143.11,160.89,63.38,39.105,29.66,2144.5,99.75,65.87,78.435,164.65,25.52,91.49,25.535,61.6,56.226,156.1,48.59,148.048,141.75,95.77,48.71,70.92
2022-01-10,23.59,29.212,50.8,99.73,164.45,17.22,33.71,51.63,143.05,166.68,65.37,38.712,29.48,2164.42,98.78,65.72,78.53,162.11,25.63,90.93,25.397,61.78,56.873,155.36,48.77,146.158,142.53,96.09,49.85,70.9
2022-01-11,23.73,29.731,50.67,100.65,164.95,17.84,35.18,51.97,144.97,167.18,65.17,39.747,29.62,2177.06,99.1,65.63,79.945,162.11,25.87,91.81,25.295,62.03,57.302,153.81,48.97,146.594,143.79,94.08,50.02,71.35
2022-01-12,24.02,30.22,51.57,101.43,164.14,18.08,35.19,52.12,146.13,166.88,65.73,39.704,29.63,2187.53,99.9,65.66,80.545,161.33,25.79,91.7,25.282,61.49,57.794,154.03,49.43,146.199,144.99,94.74,50.39,71.55
2022-01-13,23.56,30.808,51.51,101.73,164.14,18.04,34.86,52.19,147.57,164.63,64.79,39.321,29.79,2145.0,100.84,66.18,81.835,159.77,25.85,92.19,25.125,61.68,57.967,153.27,49.81,144.06,145.4,96.46,49.97,72.07
2022-01-14,23.44,31.92,51.38,102.46,160.59,18.64,35.45,52.3,148.16,163.23,64.51,38.62,29.82,2126.08,101.31,66.45,82.55,157.67,25.98,92.29,24.8,61.96,57.247,154.97,50.98,142.949,147.29,97.33,49.76,72.18
2022-01-17,23.49,32.39,51.77,104.15,162.19,18.99,36.11,52.61,149.85,162.8,64.47,39.051,29.85,2173.57,103.03,66.79,83.04,158.27,26.17,93.34,24.765,61.89,57.694,155.27,51.8,142.731,149.15,98.36,50.03,72.65
2022-01-18,23.24,32.36,51.46,103.29,161.47,18.64,35.77,52.78,148.6,162.86,62.98,37.483,29.94,2107.0,102.34,66.62,82.66,155.68,26.08,92.36,24.17,62.92,57.657,152.14,51.03,139.803,148.69,94.64,49.26,72.53
2022-01-19,25.22,32.449,50.48,101.63,161.3,18.58,35.55,52.72,146.61,172.17,67.9,37.068,29.76,2066.68,99.6,66.29,81.665,155.7,25.66,91.1,23.942,62.18,58.022,154.05,51.52,139.45,147.0,94.91,52.83,71.44
2022-01-20,24.92,32.346,50.13,101.76,163.66,18.43,35.32,52.28,145.82,168.39,65.54,37.004,29.6,2042.59,99.43,65.74,80.92,154.08,25.61,91.04,23.345,61.54,58.159,154.35,51.76,138.795,145.31,95.67,52.19,71.21
2022-01-21,24.32,31.312,48.57,100.3,164.3,17.68,34.08,51.35,143.75,164.37,64.0,36.217,29.4,2062.57,97.93,65.47,80.065,154.47,25.28,89.97,23.115,61.14,57.511,154.54,50.6,138.411,144.65,93.98,51.34,70.38
2022-01-24,24.45,30.509,49.75,99.21,166.7,17.61,33.2,50.87,142.1,163.52,63.56,36.513,29.25,2080.97,97.25,64.96,79.13,155.83,25.04,88.99,23.325,60.73,56.855,153.59,50.58,139.564,143.34,93.2,50.83,69.74
2022-01-25,24.61,31.337,49.91,99.87,166.9,18.38,34.86,51.74,144.37,164.28,63.57,36.632,29.53,2019.99,98.47,65.3,79.82,153.78,25.28,89.57,23.465,61.48,57.776,154.94,51.71,137.508,141.22,92.92,51.03,69.88
2022-01-26,24.12,31.415,48.95,100.22,167.06,18.37,35.36,52.3,146.26,164.27,61.51,36.033,29.52,2068.31,100.11,65.24,80.565,155.35,25.73,90.48,23.925,61.8,58.432,150.56,52.11,137.778,141.46,93.54,50.32,70.22
2022-01-27,23.83,31.959,48.91,100.69,168.83,18.46,36.28,52.51,144.85,163.0,59.49,35.92,29.54,2027.65,99.14,65.61,79.695,154.83,26.04,90.68,24.433,63.85,58.997,151.59,52.62,136.729,142.13,93.82,49.7,70.37
2022-01-28,23.68,31.817,49.74,100.21,169.98,18.41,36.15,53.0,144.31,163.72,59.04,36.594,29.89,2088.43,100.26,66.44,79.485,157.77,26.15,90.33,24.51,65.14,59.809,153.05,51.89,139.024,143.18,92.27,49.8,71.41
2022-01-31,24.33,31.665,51.27,101.81,172.23,18.49,36.32,53.74,143.88,168.07,60.71,37.726,29.91,2189.35,101.7,66.4,79.81,158.47,26.47,91.56,24.517,64.47,59.836,154.93,52.01,141.703,144.93,90.94,51.25,71.99
2022-02-01,24.23,32.591,53.12,103.5,172.52,19.21,37.93,53.99,145.58,168.11,60.74,37.99,29.93,2189.71,102.47,66.22,80.75,158.34,26.63,92.24,24.4,64.51,58.715,155.7,54.8,141.599,146.14,90.68,51.51,72.7
2022-02-02,24.35,32.767,53.51,105.17,173.46,19.32,38.45,54.59,148.34,169.76,61.59,38.13,30.26,2218.43,102.6,66.84,81.755,159.6,26.61,93.1,25.257,65.13,59.289,158.32,54.44,142.43,146.76,92.52,51.5,73.32
2022-02-03,24.2,32.777,52.93,105.21,172.9,19.52,37.1,54.5,147.81,171.19,61.11,37.214,30.61,2107.11,102.28,67.48,81.55,157.01,26.37,92.84,25.312,65.28,58.742,155.15,54.66,140.052,146.16,90.14,50.78,72.68
2022-02-04,24.46,33.448,53.38,105.62,175.13,19.73,36.64,54.72,148.36,170.91,61.46,37.569,30.82,2169.54,102.99,67.93,81.905,156.93,26.45,93.35,25.325,65.26,58.824,156.04,54.82,139.699,146.87,90.1,51.1,72.89
2022-02-07,24.79,33.105,53.92,106.13,174.95,19.56,36.73,54.99,148.26,173.79,62.36,38.076,30.62,2150.29,103.19,67.07,82.445,154.86,26.55,93.45,25.125,64.99,59.225,153.5,55.68,138.255,145.77,89.11,51.86,72.82
2022-02-08,25.18,31.469,54.26,107.51,178.0,18.3,36.2,54.33,150.39,177.34,62.86,38.421,30.66,2173.61,103.9,66.63,83.225,154.9,26.86,94.49,25.36,65.78,59.398,155.91,54.85,136.106,147.53,90.57,52.81,73.71
2022-02-09,24.98,31.846,55.1,107.25,185.11,19.09,36.59,54.44,150.78,173.97,62.65,38.809,31.04,2208.69,104.59,66.78,82.48,157.1,26.9,94.04,25.475,65.97,60.027,158.0,54.82,138.411,146.43,92.9,52.57,73.81
2022-02-10,24.57,32.165,53.9,107.84,184.7,19.5,36.71,54.55,151.61,171.7,60.03,40.959,31.4,2177.0,103.37,66.48,81.625,155.61,27.89,93.2,25.155,65.35,59.745,156.53,54.97,137.778,145.62,92.6,50.87,69.72
2022-02-11,26.38,33.105,53.65,107.81,183.7,20.22,38.38,55.56,150.74,180.94,63.46,39.903,31.57,2129.56,102.9,66.66,81.6,153.73,27.41,93.14,25.378,65.53,60.975,155.21,57.33,136.22,146.25,91.65,53.52,69.73
2022-02-14,26.85,32.835,52.65,106.27,181.13,19.96,37.84,52.79,148.73,182.25,66.77,38.884,31.71,2126.35,102.43,66.45,80.74,152.04,27.05,92.52,25.188,65.91,60.738,156.43,56.27,134.559,145.0,91.61,54.02,68.33
2022-02-15,26.33,32.84,52.25,106.9,183.96,19.8,37.24,52.61,149.51,180.09,65.8,38.771,31.91,2115.81,103.47,66.57,81.45,152.28,27.68,93.03,24.995,66.51,61.222,159.69,55.8,135.431,145.0,93.75,53.31,68.42
2022-02-16,28.21,33.511,51.5,107.75,184.53,19.73,37.57,52.79,149.38,184.41,66.31,38.534,31.8,2092.13,102.9,66.52,81.455,151.67,27.48,92.74,24.772,67.04,60.611,161.04,55.51,135.057,144.87,94.43,54.32,68.77
2022-02-17,29.53,33.541,50.8,106.59,183.47,20.15,37.68,52.75,146.95,189.95,71.35,37.365,31.92,2046.84,100.65,66.77,80.39,153.07,26.98,92.02,24.705,67.27,60.711,160.33,56.08,132.876,141.46,93.24,56.03,68.3
2022-02-18,29.53,32.414,49.66,106.23,183.61,19.6,37.06,52.55,146.48,188.61,70.09,36.599,32.13,2058.83,101.64,66.72,80.305,154.35,26.9,91.87,24.542,66.33,60.902,159.13,55.4,132.71,141.05,92.33,55.49,67.68
2022-02-21,29.53,32.414,49.66,106.23,183.61,19.6,37.06,52.55,146.48,188.61,70.09,36.599,32.13,2058.83,101.64,66.72,80.305,154.35,26.9,91.87,24.542,66.33,60.902,159.13,55.4,132.71,141.05,92.33,55.49,67.68
2022-02-22,29.07,32.644,49.2,106.05,183.17,19.51,37.09,52.67,146.38,184.88,68.48,36.75,32.05,2085.59,102.29,66.44,80.755,154.08,26.28,91.67,24.462,66.6,60.392,157.21,55.06,131.62,142.35,90.23,54.78,68.12
2022-02-23,29.11,32.576,49.27,104.65,181.16,19.32,37.09,52.91,144.27,187.07,69.83,35.947,31.62,2028.41,101.21,65.95,80.2,151.23,26.0,91.02,24.312,65.82,60.693,153.38,55.26,130.208,140.49,87.86,55.74,67.59
2022-02-24,28.87,32.909,49.47,102.34,181.55,19.29,37.03,53.13,142.4,185.57,66.57,36.783,31.96,2095.0,100.83,66.76,77.45,155.6,25.44,88.8,25.265,65.63,60.055,155.95,55.02,133.499,137.61,88.11,54.73,66.42
2022-02-25,28.67,34.055,51.21,104.68,182.45,19.43,37.84,54.08,145.27,186.94,65.83,37.499,32.34,2113.56,102.78,67.15,81.805,157.42,25.9,91.68,25.237,65.82,60.784,158.24,55.66,133.375,140.37,90.01,55.84,67.29
2022-02-28,28.65,34.677,49.75,102.28,181.79,19.93,38.76,54.76,144.73,186.66,64.03,37.332,32.01,2136.16,101.63,66.57,80.215,156.5,25.68,91.85,24.718,65.49,62.078,157.24,56.89,133.084,140.21,89.25,55.54,66.66
2022-03-01,29.89,34.946,49.14,98.91,180.57,19.69,39.2,55.26,144.67,191.16,67.4,36.664,32.02,2136.76,99.63,67.05,78.675,160.27,24.85,90.89,24.505,65.59,62.106,151.79,56.94,134.933,137.4,87.91,58.42,65.04
2022-03-02,29.25,35.661,49.38,101.49,181.28,20.01,39.52,56.07,147.64,190.97,66.5,37.241,32.46,2149.73,100.63,68.19,80.13,162.47,25.27,93.19,24.872,67.28,63.345,157.9,57.82,136.231,137.63,91.78,57.21,65.88
2022-03-03,29.9,35.5,48.27,98.3,182.93,19.49,39.21,56.33,147.78,194.46,66.96,36.869,32.8,2168.29,100.14,69.37,79.965,165.79,25.48,93.84,25.55,67.68,64.002,158.17,57.12,137.217,139.04,94.04,57.79,66.33
2022-03-04,30.8,36.748,48.52,98.54,184.04,20.42,40.06,56.9,146.25,201.33,71.89,36.998,33.5,2093.96,99.04,71.15,79.78,171.54,25.13,93.19,26.505,68.26,65.387,161.48,58.77,140.343,138.25,98.97,59.46,66.23
2022-03-07,31.84,37.37,46.53,97.19,187.81,20.95,42.1,56.67,142.34,209.65,74.7,36.098,33.58,2096.24,96.56,71.18,78.155,171.33,24.78,92.16,27.688,69.52,65.114,161.82,58.92,139.782,136.3,99.83,61.35,65.55
2022-03-08,32.7,37.698,46.37,96.32,184.62,21.37,41.51,56.54,143.02,208.6,78.62,36.26,33.08,2053.0,96.57,69.17,78.0,166.51,24.86,90.48,28.02,68.94,65.661,158.26,57.92,137.092,135.24,97.99,62.31,66.12
2022-03-09,31.17,36.342,48.75,98.44,186.49,20.3,40.1,56.51,147.14,205.9,78.71,37.435,33.46,2122.0,98.31,69.22,79.655,169.27,25.17,92.65,28.173,68.39,65.041,159.02,57.54,139.148,137.75,98.83,61.8,67.0
2022-03-10,31.29,37.669,49.18,98.36,186.62,20.39,40.46,56.77,146.66,204.95,79.26,37.111,33.24,2100.85,98.04,69.36,79.63,170.59,25.0,92.13,28.718,68.63,65.333,163.16,56.72,136.999,138.31,99.46,62.75,67.15
2022-03-11,31.05,38.017,48.84,98.06,185.72,20.52,40.49,56.66,147.11,201.49,78.22,36.761,33.33,2048.03,97.75,70.35,79.47,170.97,25.27,91.8,28.688,68.61,63.5,160.98,57.77,137.051,138.15,98.91,61.27,67.48
2022-03-14,30.31,36.342,49.22,98.98,183.28,19.3,39.42,56.31,148.64,196.77,76.3,36.028,32.71,2037.57,99.14,68.06,79.62,172.6,25.39,92.46,28.635,68.59,62.58,158.26,55.89,136.542,139.08,98.21,60.0,67.91
2022-03-15,30.37,36.156,47.91,99.92,182.45,19.08,37.95,56.23,148.51,197.38,76.26,36.335,32.52,2043.21,98.22,67.77,79.59,173.61,24.52,91.84,28.325,68.25,63.2,157.86,54.27,136.386,140.08,98.28,59.91,68.24
2022-03-16,29.98,36.557,50.82,101.11,185.44,18.93,37.98,55.82,151.28,195.81,75.72,37.316,32.66,2126.59,99.65,68.06,80.7,172.09,25.49,92.73,28.448,67.75,62.042,161.54,53.36,137.248,140.85,100.78,59.86,69.6
2022-03-17,30.4,37.919,52.68,102.19,186.49,19.5,39.34,56.47,151.76,197.54,77.12,37.731,32.58,2160.82,99.97,68.16,81.075,173.86,25.77,92.71,28.505,67.99,62.808,161.22,54.25,140.197,141.75,100.89,60.29,69.71
2022-03-18,30.0,37.414,53.09,101.79,186.49,19.29,39.12,56.46,152.67,194.72,76.04,37.974,32.29,2157.45,100.83,67.94,81.695,173.88,25.57,92.77,27.79,67.5,62.726,164.52,54.07,142.16,142.13,100.45,60.14,70.18
2022-03-21,30.59,38.575,52.68,102.8,185.85,20.2,40.87,56.95,152.81,198.99,78.63,38.011,32.31,2155.61,100.92,68.03,81.92,172.69,25.88,92.82,27.685,67.33,64.312,166.21,55.67,140.852,142.71,101.17,61.08,70.29
2022-03-22,30.43,38.007,52.79,102.91,188.42,20.06,40.76,56.8,153.72,195.87,77.0,38.372,32.23,2192.24,101.08,67.81,82.05,169.99,26.34,93.73,27.522,67.34,64.148,167.6,56.04,139.335,142.96,102.8,60.44,70.64
2022-03-23,30.87,38.918,52.37,101.06,188.23,20.3,41.41,56.62,148.01,199.28,78.67,37.569,32.04,2163.6,98.99,67.64,79.54,168.9,26.14,90.94,27.61,66.71,64.467,167.64,57.47,137.871,140.39,102.55,60.83,70.03
2022-03-24,30.68,38.634,53.4,100.89,185.06,20.15,41.21,56.91,148.8,198.8,77.9,38.038,32.12,2123.77,98.28,67.66,79.4,167.51,26.13,91.18,27.38,66.88,64.777,168.14,56.8,138.058,140.49,102.85,60.55,69.72
2022-03-25,30.59,38.864,54.3,101.81,184.94,20.95,42.41,57.79,149.15,196.98,77.3,38.189,32.12,2090.2,97.43,67.92,78.94,168.11,26.34,91.97,27.368,68.09,65.971,169.73,58.91,137.103,141.28,103.32,60.16,70.09
2022-03-28,30.36,38.154,55.41,101.97,185.12,20.48,41.02,57.53,149.38,194.96,75.64,38.588,32.09,2117.79,96.67,68.41,78.215,172.03,26.6,91.99,27.675,68.53,65.643,169.98,59.12,139.647,140.82,103.66,58.77,70.09
2022-03-29,30.67,38.1,55.14,101.57,184.9,20.89,40.73,57.68,149.05,196.34,75.74,39.256,32.23,2151.3,97.18,68.17,78.14,172.81,26.75,92.17,27.775,69.14,66.208,169.93,58.96,140.145,140.37,103.1,59.43,70.31
2022-03-30,31.01,38.291,55.3,101.42,185.21,20.81,41.27,57.79,148.1,201.62,77.02,38.739,32.26,2137.0,97.18,68.46,77.57,174.23,26.91,91.41,27.79,70.07,65.05,170.5,60.07,141.288,139.88,104.21,60.29,70.37
2022-03-31,30.66,37.909,56.32,99.19,184.72,20.84,40.7,57.55,147.11,198.94,76.5,38.092,32.66,2137.0,95.83,69.3,75.875,174.83,26.66,89.6,28.045,70.76,64.275,167.7,60.5,140.945,137.64,103.18,59.45,69.8
2022-04-01,31.21,38.634,55.56,99.47,184.67,21.19,41.02,58.08,146.38,204.76,79.14,38.534,33.31,2175.63,95.38,70.23,75.685,174.85,26.74,89.07,27.72,71.44,65.141,159.94,61.58,140.343,137.32,97.84,61.13,69.81
2022-04-04,31.05,39.167,56.46,100.49,184.21,21.63,41.73,58.25,146.91,203.31,79.13,39.434,33.26,2249.24,96.13,70.08,75.95,175.42,26.74,88.54,27.95,70.95,65.542,162.46,62.68,140.872,138.23,98.37,61.0,69.46
2022-04-05,30.54,38.296,56.79,100.19,188.0,21.35,41.22,58.12,147.76,200.72,78.4,39.175,33.53,2240.98,95.26,71.34,75.175,175.67,26.84,89.22,28.805,71.46,65.916,161.02,61.99,141.454,137.99,97.36,59.63,69.34
2022-04-06,30.86,38.198,56.7,99.14,187.6,20.62,40.6,58.35,146.34,205.26,78.64,38.755,33.88,2200.0,93.58,72.12,73.685,177.72,26.67,87.99,28.85,72.21,67.138,159.71,61.47,140.717,137.15,96.93,60.53,69.39
2022-04-07,31.33,38.854,57.41,96.43,187.33,21.12,41.12,58.13,143.97,206.83,79.27,38.216,34.28,2200.85,93.36,72.94,73.095,181.57,26.52,87.49,29.308,73.16,67.211,159.85,62.46,142.139,135.57,96.05,61.6,68.56
2022-04-08,31.94,39.569,57.42,96.73,186.79,22.12,41.27,58.71,144.95,209.09,81.85,38.044,34.42,2149.91,94.39,73.22,73.37,182.15,26.94,87.58,29.435,73.52,67.256,156.38,64.23,141.994,136.66,94.35,62.47,69.1
2022-04-11,32.1,38.619,57.34,96.68,184.1,20.83,40.5,58.31,144.71,209.45,80.66,37.176,33.96,2134.56,94.78,73.18,73.135,181.58,26.94,86.96,29.61,73.83,65.998,156.84,63.3,141.184,137.56,94.55,62.88,69.99
2022-04-12,32.17,39.912,56.67,94.59,182.9,21.59,41.36,58.32,143.11,208.31,82.02,36.675,33.43,2177.0,93.73,72.85,72.54,178.98,26.76,85.75,29.528,73.8,65.798,155.21,64.7,139.232,136.45,94.53,63.32,69.98
2022-04-13,32.14,40.284,56.74,93.85,182.9,21.99,42.06,58.27,142.43,209.48,82.48,36.885,33.45,2229.76,93.71,72.86,72.29,175.69,26.83,85.24,29.003,73.89,65.971,158.0,64.12,142.16,136.4,94.93,64.41,69.54
2022-04-14,31.79,40.646,56.42,93.99,182.49,22.05,42.57,58.27,143.24,210.82,83.01,37.122,33.71,2179.59,94.18,73.41,72.325,175.48,26.93,85.16,28.865,74.7,66.044,160.43,63.99,139.45,136.86,96.36,64.7,68.88
2022-04-15,31.79,40.646,56.42,93.99,182.49,22.05,42.57,58.27,143.24,210.82,83.01,37.122,33.71,2179.59,94.18,73.41,72.325,175.48,26.93,85.16,28.865,74.7,66.044,160.43,63.99,139.45,136.86,96.36,64.7,68.88
2022-04-18,32.01,41.469,56.58,93.68,181.43,22.86,43.21,58.29,143.02,210.32,82.95,36.572,33.54,2229.17,94.06,73.11,72.455,174.59,26.9,84.64,28.63,74.03,65.871,159.38,65.06,138.172,137.18,96.09,64.46,68.51
2022-04-19,31.55,41.381,58.18,94.45,179.99,22.65,42.97,58.57,144.54,208.31,80.92,37.289,33.58,2272.62,94.61,73.28,72.995,174.56,26.88,85.83,29.605,73.79,65.989,160.7,63.79,139.429,138.72,98.0,64.02,68.46
2022-04-20,31.57,42.091,57.72,95.15,182.9,22.82,43.17,58.54,146.69,209.87,81.1,37.397,33.91,2186.2,95.45,73.76,73.69,174.9,26.79,86.12,29.267,76.07,65.861,160.81,64.41,138.744,139.01,97.84,64.62,68.23
2022-04-21,30.44,40.69,57.32,94.67,182.66,21.91,41.89,58.29,146.03,204.39,77.65,36.88,33.71,2129.85,94.85,73.13,73.59,175.26,26.73,86.42,29.087,74.73,66.682,160.23,62.41,136.812,138.57,97.56,61.77,67.97
2022-04-22,30.18,39.78,56.68,93.23,179.67,21.96,41.1,57.07,142.61,201.8,75.86,35.387,33.32,2053.34,93.28,72.34,72.145,174.33,26.02,85.06,29.12,73.62,66.089,156.86,61.34,135.234,132.76,94.94,61.16,66.62
2022-04-25,28.94,38.222,56.97,93.06,179.99,20.94,39.78,56.18,141.44,198.04,73.14,35.538,33.31,2144.64,92.19,71.57,71.915,173.38,25.76,84.93,29.288,73.28,64.868,158.09,59.4,137.02,131.6,94.88,59.28,66.04
2022-04-26,28.66,38.066,56.11,91.37,176.87,21.09,40.56,56.08,138.86,194.14,71.78,34.336,32.78,2095.0,90.5,70.68,71.615,176.19,25.14,83.49,29.015,72.31,64.284,156.87,59.99,133.842,130.15,93.06,58.18,64.57
2022-04-27,28.51,38.634,56.61,90.66,178.38,23.27,42.15,56.16,137.97,192.91,70.73,34.767,32.67,2100.0,89.33,70.25,70.64,179.4,24.91,81.96,29.515,71.98,64.366,155.34,62.58,135.597,129.68,93.31,57.76,63.84
2022-04-28,28.71,39.251,58.39,93.63,181.29,24.83,47.22,57.1,139.75,196.05,71.52,35.624,32.75,2070.34,90.56,70.07,71.65,181.04,25.28,82.12,29.573,71.98,65.333,155.06,64.12,136.843,131.45,96.66,58.34,64.73
2022-04-29,28.65,38.937,57.19,92.79,179.72,23.75,46.18,56.06,136.21,194.28,74.78,34.535,32.14,2021.87,89.72,68.3,71.01,177.23,25.12,81.35,29.378,69.98,61.942,151.08,64.68,133.375,129.75,93.97,57.58,63.91
2022-05-02,28.52,38.59,58.11,92.67,178.32,23.74,46.42,55.92,135.36,193.78,74.03,34.81,31.88,2035.18,89.73,68.19,70.92,173.29,25.02,81.66,29.12,68.62,62.242,151.29,65.17,133.105,129.7,92.54,56.92,63.6
2022-05-03,28.79,40.113,57.95,93.67,175.15,24.85,47.53,56.3,137.75,195.4,74.2,34.934,32.0,2059.27,91.69,68.6,71.09,171.99,25.13,82.78,28.505,68.76,63.263,151.63,68.04,132.056,130.97,92.91,57.8,64.42
2022-05-04,29.53,40.95,57.49,94.24,177.3,25.7,47.59,57.53,138.18,199.18,75.93,35.602,32.06,2021.78,92.94,69.41,71.665,167.02,25.43,83.38,28.167,68.76,65.023,156.25,67.79,129.065,132.6,95.7,58.39,65.13
2022-05-05,28.96,40.108,55.26,93.35,176.33,25.87,47.38,57.23,135.16,194.62,74.48,34.039,31.63,1985.42,92.14,69.04,70.055,163.51,24.89,82.48,28.062,68.07,64.23,151.86,67.33,126.147,130.32,93.48,56.86,63.94
2022-05-06,28.88,40.176,55.21,92.97,177.06,26.28,47.7,58.47,134.81,193.98,73.91,33.641,32.28,1979.25,91.16,69.5,69.91,163.26,24.96,82.07,27.94,66.96,65.114,149.89,68.02,126.293,129.59,93.28,56.89,63.68
2022-05-09,27.93,37.297,54.92,92.49,177.31,24.36,45.28,56.45,132.49,184.09,70.33,32.482,31.81,1922.75,89.4,69.97,69.655,159.94,24.53,81.4,29.045,64.19,63.51,144.31,63.39,127.279,127.73,89.99,55.31,64.1
2022-05-10,27.73,37.258,54.92,91.96,173.4,24.69,44.71,55.92,131.7,183.36,69.67,33.091,31.36,1889.13,89.09,68.97,68.89,160.64,24.68,80.91,28.872,65.01,63.692,143.2,62.95,126.719,126.37,88.64,54.23,63.59
2022-05-11,27.58,37.238,54.92,92.67,174.93,25.12,46.25,56.06,131.42,182.16,68.95,32.811,31.08,1934.74,88.9,68.21,68.17,159.44,24.35,80.58,27.823,64.48,63.655,144.6,62.24,124.974,126.39,89.27,53.96,62.72
2022-05-12,26.52,36.758,57.75,91.97,176.03,24.91,45.98,55.58,130.75,176.37,65.98,31.889,30.99,1893.91,88.81,67.87,67.62,160.04,21.86,80.34,28.403,63.83,64.676,145.07,61.88,125.919,125.34,88.8,51.36,61.06
2022-05-13,26.39,38.501,58.44,91.92,176.64,26.01,46.92,56.56,132.01,175.35,65.44,33.236,31.35,1925.64,89.96,68.35,68.645,162.63,22.52,81.07,28.573,64.25,65.223,142.92,64.29,127.238,126.62,89.5,51.28,61.54
2022-05-16,26.36,39.618,58.96,92.14,177.52,26.51,48.18,57.24,132.86,175.29,66.38,33.08,31.85,1946.4,90.79,69.16,69.36,162.91,22.5,81.45,28.722,65.18,65.998,144.7,65.21,127.861,126.89,89.66,51.17,60.93
2022-05-17,26.24,39.559,57.9,93.88,179.26,27.01,49.12,57.54,135.12,175.71,66.74,33.791,31.75,1957.09,92.42,68.91,70.53,163.19,23.04,82.66,28.317,65.41,66.782,147.57,65.08,128.723,127.22,91.62,51.64,62.65
2022-05-18,25.45,38.58,54.66,92.45,177.2,26.71,48.6,57.02,132.49,172.0,65.59,31.878,31.35,1938.54,91.59,68.32,69.03,158.92,22.73,80.64,27.733,64.92,66.892,145.18,64.47,126.812,125.97,90.04,50.66,61.96
2022-05-19,26.56,38.781,55.53,91.76,175.92,27.07,48.57,56.94,130.79,178.0,69.24,31.986,30.64,1954.63,92.09,67.09,68.53,156.67,22.63,80.48,27.448,64.42,66.664,142.1,65.22,127.217,126.98,87.98,53.08,61.77
2022-05-20,26.65,38.849,55.61,92.1,176.81,27.41,48.87,57.17,130.92,178.45,69.14,32.573,31.1,1982.0,92.04,67.53,68.57,159.84,22.43,80.24,27.795,64.81,66.873,143.24,66.79,128.92,127.25,88.34,53.37,61.56
2022-05-23,26.65,38.849,55.61,92.1,176.81,27.41,48.87,57.17,130.92,178.45,69.14,32.573,31.1,1982.0,92.04,67.53,68.57,159.84,22.43,80.24,27.795,64.81,66.873,143.24,66.79,128.92,127.25,88.34,53.37,61.56
2022-05-24,27.3,40.382,55.26,92.42,180.65,27.75,49.61,57.56,133.05,181.41,70.5,32.342,31.36,1942.16,94.28,68.3,69.66,162.04,22.45,81.37,28.325,65.31,67.448,141.3,67.45,128.442,128.62,87.84,54.75,62.58
2022-05-25,27.19,40.793,55.63,93.76,180.59,28.09,50.47,57.81,132.77,180.04,70.21,32.482,31.41,1960.9,94.58,68.55,70.1,160.23,22.7,83.75,28.382,66.05,66.372,141.09,68.67,126.874,128.55,87.64,54.51,62.43
2022-05-26,26.37,41.17,56.26,95.23,181.07,28.18,50.56,58.59,135.14,180.03,68.53,33.247,31.3,1955.92,94.88,68.39,68.67,161.44,23.11,84.33,28.698,65.88,66.481,143.78,69.0,129.107,128.54,89.42,54.1,62.92
2022-05-27,26.18,41.621,57.03,95.99,180.22,28.8,51.66,58.78,136.52,181.16,68.75,34.648,31.49,1969.07,97.1,68.82,69.18,163.41,23.16,85.3,29.017,65.63,66.664,145.11,71.05,130.415,130.95,90.63,53.97,63.38
2022-05-30,26.51,42.625,58.07,96.91,181.69,29.78,52.56,59.35,137.41,181.66,69.18,35.123,31.85,2007.58,96.94,69.06,69.95,164.08,23.41,85.43,29.058,64.95,66.901,145.82,72.27,130.478,132.1,90.2,53.66,63.86
2022-05-31,25.91,40.994,57.47,96.66,182.75,29.32,50.89,58.43,137.59,178.93,67.04,34.47,31.65,1990.74,97.08,68.91,69.58,161.4,23.43,85.78,29.173,64.87,66.737,143.82,69.28,130.0,132.17,90.25,52.24,61.78
2022-06-01,25.76,41.836,57.43,95.99,183.51,30.18,51.79,58.16,137.56,180.05,67.28,34.099,31.41,1941.94,97.46,68.6,69.92,161.27,23.34,85.48,28.33,64.78,67.019,144.34,70.57,129.034,132.45,92.47,52.38,62.53
2022-06-02,26.4,41.959,58.0,96.81,184.77,30.02,50.79,59.02,138.3,185.11,69.74,34.81,31.77,1954.94,97.87,68.97,70.97,163.81,23.54,86.03,28.92,64.48,67.539,148.67,69.2,131.568,132.87,96.06,54.63,62.61
2022-06-03,26.04,41.719,57.7,95.63,184.67,30.23,51.42,58.93,136.95,180.98,68.25,34.104,31.56,1910.28,97.31,68.57,70.34,162.63,23.28,85.21,29.407,63.94,67.338,147.66,69.69,130.561,131.95,94.69,53.31,62.42
2022-06-06,25.76,41.146,57.33,95.87,184.49,30.05,51.94,59.27,138.11,181.17,67.14,34.363,31.68,1935.08,97.11,68.21,70.31,162.28,23.61,84.61,29.243,63.63,66.928,148.03,70.09,130.602,132.49,95.21,52.54,62.81
2022-06-07,25.98,42.106,57.47,95.78,186.6,30.95,52.52,59.55,138.2,183.28,67.02,34.427,31.85,1913.68,96.41,69.01,70.42,163.95,23.63,85.26,28.81,64.26,67.42,146.05,71.75,130.395,133.09,95.7,52.98,62.99
2022-06-08,26.08,42.008,57.15,94.85,184.44,30.79,53.33,59.23,136.81,181.17,66.63,33.937,31.25,1888.32,95.96,68.06,70.05,161.56,23.56,84.42,28.603,62.79,67.247,144.2,72.54,129.18,131.87,93.26,52.44,62.52
2022-06-09,25.53,41.464,56.65,93.27,184.8,30.7,53.05,58.65,134.63,179.6,65.19,33.414,30.7,1929.53,94.79,67.66,68.53,158.2,23.31,83.32,28.585,61.79,66.281,143.16,71.36,130.997,130.93,92.77,51.46,62.75
2022-06-10,26.89,40.563,54.7,91.62,181.08,30.09,52.78,58.18,131.48,187.49,68.98,32.487,30.36,1872.15,92.72,67.11,67.33,157.83,22.79,81.94,28.733,61.29,66.199,140.46,69.19,129.595,128.55,89.1,53.98,61.17
2022-06-13,25.93,38.883,53.69,90.31,179.56,29.08,51.04,56.74,129.3,181.82,65.17,31.425,29.91,1887.79,90.23,66.01,65.6,154.1,22.02,81.05,28.255,60.3,64.613,138.94,70.0,128.962,126.68,88.0,51.52,59.9
2022-06-14,25.21,38.433,54.35,89.35,175.61,28.73,51.0,55.64,128.4,179.44,62.89,31.377,29.3,1859.47,89.1,63.45,64.98,152.06,21.91,80.66,28.13,59.39,63.984,140.52,69.0,130.602,126.01,88.74,50.4,59.32
2022-06-15,25.21,37.796,54.05,89.16,175.57,27.71,50.02,55.01,129.36,178.8,63.45,31.77,29.36,1854.19,89.91,63.8,65.76,152.42,22.29,81.0,28.14,59.72,62.881,142.21,67.9,131.298,126.58,88.9,50.07,59.7
2022-06-16,25.88,35.255,52.68,86.17,172.47,25.95,47.66,52.98,126.39,180.64,66.57,30.094,27.62,1816.32,85.61,61.45,63.73,148.7,21.53,79.39,27.657,57.93,60.529,140.03,65.7,129.533,124.77,87.5,50.35,57.4
2022-06-17,25.49,33.472,53.04,86.44,176.47,24.81,44.72,52.71,125.3,181.03,66.09,30.461,28.69,1831.75,85.7,61.93,64.15,149.57,21.45,79.29,27.435,59.01,59.544,140.89,63.21,133.354,124.53,87.87,50.0,58.23
2022-06-20,25.61,34.109,53.51,87.33,176.79,25.33,46.76,52.94,127.72,180.36,65.46,30.655,28.79,1857.72,88.47,62.72,65.44,151.05,21.97,80.19,27.81,62.48,61.03,141.3,64.58,133.749,125.97,89.3,50.31,58.87
2022-06-21,25.3,34.755,53.5,87.51,176.95,25.95,48.12,53.59,127.36,181.37,66.45,30.525,28.8,1857.6,87.81,62.58,65.35,151.44,22.13,80.19,27.917,60.83,61.048,141.13,65.14,134.039,126.38,89.78,50.59,59.27
2022-06-22,25.11,32.987,53.28,86.84,177.6,25.13,45.61,53.35,125.24,181.24,65.37,30.348,28.47,1835.01,86.95,62.12,64.28,153.28,21.68,77.94,27.833,60.89,60.638,142.28,62.19,134.933,125.23,91.08,49.54,58.32
2022-06-23,24.06,31.636,53.36,84.01,179.87,23.12,42.73,52.97,121.93,176.3,62.56,31.059,28.47,1879.17,83.41,62.17,62.33,156.45,21.43,75.61,28.077,61.55,60.529,142.2,58.23,137.695,123.35,88.9,48.25,57.89
2022-06-24,24.23,31.9,55.17,83.74,180.42,24.29,44.55,53.85,123.16,178.62,63.44,31.727,28.89,1948.66,83.6,63.28,63.25,158.25,21.92,75.56,28.677,62.43,60.902,146.75,60.42,139.346,124.34,90.95,49.27,59.05
2022-06-27,24.52,33.663,55.34,84.85,182.73,25.25,45.96,54.33,124.64,179.87,64.5,31.743,29.05,1946.11,84.33,63.53,62.98,158.52,22.13,76.89,28.603,61.82,62.242,146.02,62.33,139.533,124.77,90.97,49.94,59.05
2022-06-28,23.89,35.176,53.38,84.77,182.29,26.18,47.13,54.73,124.68,177.04,62.53,31.285,28.57,1942.34,84.72,63.08,62.91,156.61,22.5,76.64,28.503,61.61,62.853,142.97,63.54,135.379,125.34,90.26,48.79,59.42
2022-06-29,23.72,34.354,52.64,84.89,180.48,25.0,45.55,54.74,124.36,176.91,61.63,31.081,28.83,1919.8,84.55,63.47,62.66,160.74,22.31,76.98,29.147,61.76,61.349,145.2,61.33,137.248,126.04,91.53,48.38,59.28
2022-06-30,22.76,33.874,50.21,84.41,181.56,24.49,45.16,54.36,123.78,169.32,58.92,30.86,28.67,1910.87,84.47,63.27,62.51,159.6,22.32,76.18,29.022,61.68,60.784,144.79,60.68,139.346,124.64,89.91,46.38,58.98
2022-07-01,22.76,33.874,50.21,84.41,181.56,24.49,45.16,54.36,123.78,169.32,58.92,30.86,28.67,1910.87,84.47,63.27,62.51,159.6,22.32,76.18,29.022,61.68,60.784,144.79,60.68,139.346,124.64,89.91,46.38,58.98
2022-07-04,23.74,35.186,51.74,84.04,182.67,24.66,46.0,54.37,124.85,176.8,61.65,30.725,28.58,1929.99,85.27,63.37,62.7,160.9,22.73,75.09,29.17,62.26,61.03,146.19,61.24,137.196,125.69,91.92,48.05,59.68
2022-07-05,22.69,32.762,51.15,83.82,182.97,22.99,43.34,54.02,123.62,171.22,59.36,31.517,28.85,1935.23,84.92,63.74,62.41,162.55,22.23,74.76,29.665,63.13,60.939,147.79,58.01,140.623,124.87,92.12,45.64,58.54
2022-07-06,22.45,30.828,51.01,83.15,184.7,22.41,42.45,53.83,124.43,171.35,58.98,31.339,28.92,1922.25,84.77,63.85,62.33,164.64,22.04,74.78,28.9,61.89,60.474,148.16,55.49,142.015,125.54,93.44,45.47,58.15
2022-07-07,22.39,31.699,53.2,82.44,187.66,23.53,43.31,54.51,126.32,173.0,58.77,32.061,28.92,1972.57,87.01,63.84,63.54,163.6,22.69,75.36,29.722,62.27,60.975,146.97,57.38,142.669,127.48,93.53,45.81,59.15
2022-07-08,22.27,31.312,52.85,83.22,188.23,23.34,42.43,54.67,126.31,172.11,58.53,31.749,28.79,1993.18,87.67,63.53,63.54,162.64,22.76,75.65,29.778,61.54,61.112,146.06,57.49,143.271,127.56,93.55,45.59,58.92
2022-07-11,22.06,31.2,51.57,81.84,189.59,22.74,41.52,54.72,125.63,171.53,58.41,31.14,28.98,1958.8,86.96,63.4,63.36,162.65,22.48,75.44,29.66,58.7,61.176,145.21,56.76,142.96,127.37,93.46,45.22,58.87
2022-07-12,21.38,30.553,51.99,80.83,188.28,21.76,39.71,54.3,125.22,169.55,57.16,31.485,28.82,1915.0,87.07,63.49,63.1,159.51,22.5,74.95,29.343,60.24,59.526,144.09,55.5,142.253,127.67,91.89,45.09,58.96
2022-07-13,21.4,30.206,52.88,79.84,189.2,21.34,39.68,54.02,123.14,172.29,58.06,30.87,28.86,1915.02,86.44,64.28,62.0,159.73,22.43,74.06,30.433,59.44,60.219,143.9,54.99,141.34,126.35,91.27,45.48,58.07
2022-07-14,20.67,29.917,52.75,78.17,181.91,20.79,38.72,53.85,119.35,167.94,56.35,30.536,28.79,1924.2,83.33,64.02,59.26,162.72,21.91,71.71,30.045,59.35,60.419,145.2,53.25,142.897,119.24,91.65,44.63,56.6
2022-07-15,20.4,30.157,52.43,78.89,182.51,21.23,39.32,54.13,119.84,165.72,55.53,31.393,28.61,1917.84,83.85,63.5,59.55,162.04,22.03,72.42,29.85,59.14,60.501,145.38,54.3,143.977,118.63,92.44,44.04,56.49
2022-07-18,20.55,31.014,51.44,79.66,180.57,21.84,39.74,55.12,121.25,163.65,55.43,31.431,28.54,1908.72,85.13,63.31,60.4,159.37,22.38,73.34,29.608,60.15,61.686,145.91,55.22,141.402,120.8,92.66,43.94,56.29
2022-07-19,20.66,31.543,52.27,81.98,182.37,22.62,41.02,55.55,123.97,159.73,55.3,32.493,28.8,1956.16,87.88,63.62,62.14,161.29,22.62,74.88,29.583,60.73,62.142,148.6,57.85,142.897,123.28,95.21,43.76,57.53
2022-07-20,19.89,32.209,52.61,82.16,182.88,22.86,41.08,55.49,124.86,158.45,52.86,33.01,28.8,2023.33,89.0,63.3,62.4,161.29,22.59,75.0,29.667,60.4,61.933,147.77,58.36,142.928,123.7,93.81,41.61,57.43
2022-07-21,19.97,31.812,52.65,82.24,178.73,22.3,40.37,55.29,125.45,160.98,53.25,33.328,28.82,2044.92,89.16,63.07,62.7,164.27,22.6,75.35,29.655,60.06,61.96,149.33,56.72,145.659,124.08,95.34,42.11,57.28
2022-07-22,19.8,31.503,53.71,82.03,178.3,21.81,39.78,55.41,125.29,160.99,52.0,33.403,28.9,2058.76,88.96,63.39,62.96,163.15,22.47,75.09,29.845,60.39,62.562,149.27,55.78,145.483,123.62,95.6,41.97,57.25
2022-07-25,19.14,32.38,54.93,82.47,178.55,22.68,40.9,56.49,126.4,159.05,49.32,33.382,28.97,2072.52,89.92,63.17,63.29,163.51,22.68,75.74,29.858,60.27,64.202,150.48,57.17,144.849,123.1,96.34,40.84,57.39
2022-07-26,19.7,32.13,54.4,81.4,181.51,22.56,40.51,56.49,125.84,161.51,50.88,32.908,28.9,2056.39,87.76,63.41,63.05,162.87,22.57,75.86,30.42,59.83,64.467,150.61,57.13,145.545,121.85,96.13,41.82,57.22
2022-07-27,19.77,32.992,55.03,82.44,183.74,23.63,41.48,57.17,127.31,162.18,50.66,33.42,29.0,2094.08,89.02,63.39,63.68,164.31,22.99,76.7,29.272,60.16,64.284,156.91,58.22,147.124,122.65,98.53,42.16,57.8
2022-07-28,20.03,33.462,56.69,82.07,183.1,24.56,41.89,57.35,127.86,162.25,53.89,33.969,29.4,2110.02,89.49,64.34,64.16,167.85,23.13,77.2,29.92,59.13,63.273,159.27,59.06,148.66,123.75,99.54,42.76,58.5
2022-07-29,20.18,34.628,57.21,83.18,190.6,24.4,43.46,57.51,127.66,163.97,55.06,34.244,29.48,2178.36,89.85,64.7,64.78,170.67,23.44,78.01,29.142,58.87,62.233,162.23,61.37,149.315,124.86,100.97,43.94,59.46
2022-08-01,20.18,34.628,57.21,83.18,190.6,24.4,43.46,57.51,127.66,163.97,55.06,34.244,29.48,2178.36,89.85,64.7,64.78,170.67,23.44,78.01,29.142,58.87,62.233,162.23,61.37,149.315,124.86,100.97,43.94,59.46
2022-08-02,19.97,34.074,57.47,82.84,187.26,23.84,42.91,56.63,126.18,161.95,54.37,33.959,29.13,2105.1,90.61,64.08,64.37,169.42,23.25,77.4,29.118,57.61,60.146,160.85,59.16,148.401,124.23,99.87,43.27,58.52
2022-08-03,19.52,32.762,57.55,83.93,190.02,22.4,41.31,56.71,127.55,159.88,54.71,34.422,28.94,2145.67,90.98,63.64,64.93,174.3,23.43,78.02,29.038,57.25,60.529,160.58,56.91,148.276,126.27,99.83,42.07,59.14
2022-08-04,20.29,32.032,58.48,83.03,189.94,20.7,39.46,55.61,127.0,166.11,56.28,34.837,28.93,2168.81,90.33,64.02,64.89,179.1,23.42,78.17,29.597,56.56,59.827,162.36,53.7,154.299,126.44,102.06,43.44,60.47
2022-08-05,20.17,32.929,57.3,83.44,191.4,21.26,39.19,55.35,128.0,165.72,56.21,34.762,28.92,2150.51,91.13,63.72,65.25,178.97,23.58,78.47,29.13,55.93,57.931,164.33,54.98,153.178,126.47,103.5,43.62,60.4
2022-08-08,20.84,33.026,57.12,83.27,192.42,21.99,39.08,55.8,127.76,168.25,57.9,34.821,29.13,2143.96,90.59,63.65,64.92,179.38,23.65,78.33,28.89,57.31,57.63,163.7,54.24,152.752,124.6,102.35,44.11,60.46
2022-08-09,21.16,33.232,55.73,82.78,192.07,21.95,39.22,55.95,127.01,169.78,57.88,34.875,29.22,2104.29,90.74,64.02,64.62,180.05,23.62,77.72,28.735,58.08,57.11,162.6,55.97,152.409,124.21,102.18,43.98,60.06
2022-08-10,21.1,33.712,57.14,84.72,189.7,22.11,39.39,56.04,129.23,171.09,58.68,36.497,29.45,2124.33,91.6,64.43,65.89,178.88,24.19,79.44,29.058,59.26,57.666,164.49,56.08,153.188,125.9,104.13,44.27,60.74
2022-08-11,20.95,34.922,58.41,85.33,190.82,23.7,40.67,56.56,130.32,166.91,57.35,36.863,29.83,2112.09,92.67,64.29,66.64,177.54,23.89,79.71,29.55,58.71,59.034,162.22,58.77,153.105,126.89,103.04,42.99,61.09
2022-08-12,21.37,35.191,59.49,86.45,192.11,23.84,41.8,55.55,132.7,170.28,59.05,36.944,30.11,2150.0,93.31,64.47,67.04,180.76,24.41,80.39,29.497,59.02,59.544,163.73,58.87,154.528,128.03,103.73,43.53,62.14
2022-08-15,21.5,34.594,59.49,87.13,193.81,23.3,41.27,55.16,133.36,170.8,58.65,36.96,30.1,2189.48,93.7,64.85,67.24,182.92,24.38,81.12,30.052,58.77,59.134,164.34,58.07,155.784,128.45,104.14,43.78,61.89
2022-08-16,21.65,34.163,60.11,88.47,195.14,22.76,40.85,55.47,135.04,170.84,58.42,36.734,30.31,2206.23,94.37,65.57,68.3,184.53,24.44,81.62,30.595,59.34,59.216,164.98,57.93,155.763,129.26,105.59,43.43,62.12
2022-08-17,21.21,34.476,59.6,88.28,195.5,23.14,41.71,55.22,134.64,167.8,56.34,36.513,30.27,2175.0,94.37,65.54,68.41,185.76,24.29,81.68,31.05,58.9,58.359,165.23,59.28,155.628,129.07,106.59,41.98,62.04
2022-08-18,21.2,35.465,59.72,88.4,195.79,24.12,42.69,56.04,135.57,168.38,57.13,36.535,30.26,2172.32,93.99,65.41,68.46,184.18,24.33,81.79,30.75,58.69,58.724,164.71,61.3,155.774,129.6,105.97,42.13,62.31
2022-08-19,20.86,35.451,59.06,87.45,195.54,23.64,42.39,56.25,133.89,167.01,56.82,36.168,30.74,2139.45,94.25,66.04,67.81,184.36,24.16,81.24,30.897,58.97,58.569,164.73,61.54,156.075,129.05,106.14,41.5,61.73
2022-08-22,21.11,35.665,59.4,85.78,196.54,23.9,42.85,56.07,132.04,167.98,57.8,35.877,30.38,2112.59,93.02,65.46,66.84,184.68,23.15,80.78,30.987,58.61,59.325,162.86,62.51,155.566,127.63,105.32,41.89,60.64
2022-08-23,20.99,36.335,59.1,85.79,192.83,24.73,44.43,56.64,131.15,170.02,58.2,35.662,30.1,2088.56,92.33,65.15,66.65,182.55,23.28,76.54,30.49,58.31,60.0,161.36,64.92,152.814,126.49,103.95,42.11,59.43
2022-08-24,21.19,36.68,58.02,85.43,192.93,25.23,44.85,57.19,129.07,171.71,59.29,35.651,30.1,2062.39,91.46,64.97,65.51,183.36,23.19,74.98,29.92,57.76,60.501,162.02,65.42,152.461,123.2,104.44,42.56,59.18
2022-08-25,21.15,37.31,58.31,86.06,193.48,25.43,45.09,57.32,129.51,171.1,58.89,35.877,30.36,2079.45,91.12,65.14,65.38,184.06,23.53,75.69,29.71,58.18,60.073,163.15,66.29,152.513,125.76,105.17,42.5,60.32
2022-08-26,20.17,37.08,56.97,86.87,192.44,25.15,44.73,56.8,128.53,165.52,56.82,34.551,30.1,2025.0,89.76,64.65,64.94,182.07,23.26,74.8,29.327,57.4,59.927,160.99,65.66,149.813,124.97,103.57,41.26,59.19
2022-08-29,19.96,37.7,56.84,86.13,193.12,25.86,45.33,57.14,127.77,163.05,56.65,34.524,30.06,2035.0,89.29,64.62,64.11,183.1,23.13,74.31,29.115,57.63,60.51,159.77,67.68,149.159,125.07,102.06,40.77,58.85
2022-08-30,19.63,36.365,56.57,85.5,189.9,24.66,43.17,55.86,124.49,160.42,55.43,34.309,29.88,2039.91,88.22,63.95,63.35,182.65,22.84,73.55,29.118,57.46,59.198,155.97,65.44,149.512,123.15,98.51,40.4,58.23
2022-08-31,19.5,36.0,56.44,84.49,190.25,24.64,42.49,54.16,121.25,157.9,54.16,34.05,29.58,1977.02,86.89,63.38,62.11,182.86,22.72,72.62,29.017,56.55,57.694,156.19,64.46,150.177,122.13,98.32,40.09,57.86
2022-09-01,19.15,35.46,58.77,84.51,189.07,24.07,40.91,53.89,121.27,155.72,52.88,33.662,29.56,1967.23,86.98,63.45,61.38,183.44,22.38,71.38,29.285,56.53,57.375,154.38,62.73,150.675,121.89,97.24,39.11,57.49
2022-09-02,19.58,36.135,59.46,85.53,191.36,24.86,41.8,54.31,121.78,159.73,54.64,33.694,29.71,1966.25,87.32,63.57,61.67,184.68,22.57,71.41,29.333,55.95,57.53,153.76,64.27,149.014,123.04,97.32,40.97,57.75
2022-09-05,19.58,36.135,59.46,85.53,191.36,24.86,41.8,54.31,121.78,159.73,54.64,33.694,29.71,1966.25,87.32,63.57,61.67,184.68,22.57,71.41,29.333,55.95,57.53,153.76,64.27,149.014,123.04,97.32,40.97,57.75
2022-09-06,19.49,35.36,58.79,84.11,194.77,23.98,40.88,53.68,120.5,157.41,53.94,33.473,29.15,1935.57,86.9,62.78,61.36,185.82,22.28,70.68,28.96,55.39,56.454,153.01,63.31,150.903,122.5,96.65,40.54,57.19
2022-09-07,20.14,34.44,58.9,85.13,197.69,23.09,39.97,53.99,121.43,160.79,55.62,34.072,29.23,1979.55,87.54,63.21,61.84,189.44,22.5,70.91,28.86,55.06,57.311,155.53,61.16,151.828,123.92,98.66,42.01,57.62
2022-09-08,20.42,34.79,58.51,86.22,198.75,23.23,40.27,53.83,124.38,162.0,56.24,34.869,28.84,1987.85,89.51,62.94,62.91,190.52,22.74,72.61,28.593,54.41,56.873,156.3,61.79,152.326,125.64,99.85,42.43,58.09
2022-09-09,20.73,35.95,59.42,88.07,201.21,24.0,41.24,54.47,127.44,164.04,57.41,35.284,29.33,2033.26,91.58,63.71,63.8,190.67,23.15,73.33,29.365,54.5,57.666,158.88,63.1,152.96,127.68,102.0,43.06,59.36
2022-09-12,20.71,36.53,60.19,89.06,204.95,24.4,42.11,55.74,128.68,163.92,58.22,35.926,29.47,2047.51,92.56,64.3,64.52,192.2,23.43,73.61,29.525,55.09,58.35,160.96,63.33,154.86,128.93,103.67,43.82,59.79
2022-09-13,20.45,36.08,58.98,87.09,203.62,24.31,41.6,55.28,125.85,160.54,56.37,35.036,28.85,1995.25,91.98,62.5,63.41,192.53,23.02,72.01,29.035,54.34,57.685,158.68,62.83,153.634,126.89,102.16,42.85,58.63
2022-09-14,20.52,36.935,59.06,87.61,203.63,25.57,42.38,55.58,126.92,161.32,56.64,35.279,28.54,1986.22,91.68,61.09,63.47,193.04,22.86,71.78,28.685,54.07,58.168,157.89,63.95,153.396,126.98,101.61,43.03,58.13
2022-09-15,20.01,35.785,58.67,88.01,204.04,24.92,41.23,55.39,127.85,155.71,54.32,34.788,28.64,1958.23,92.05,61.58,64.13,192.94,22.86,71.35,28.198,55.5,57.593,156.87,61.44,153.531,127.91,100.28,41.9,58.21
2022-09-16,20.33,35.755,59.08,87.93,202.66,24.58,40.79,54.42,126.76,156.94,55.33,34.379,28.77,1939.42,90.94,62.29,63.31,192.2,22.74,71.25,28.45,56.47,56.873,154.61,60.85,152.523,126.45,97.35,42.61,57.71
2022-09-19,20.55,35.745,58.66,88.36,202.96,24.83,41.37,54.77,127.55,159.82,55.52,34.551,28.77,1960.39,90.94,62.56,64.01,193.07,23.1,71.59,28.528,55.68,57.475,156.16,61.85,153.375,127.61,98.34,42.99,58.17
2022-09-20,20.12,35.6,57.59,87.79,200.93,24.56,41.72,54.38,126.07,158.66,54.97,34.163,28.52,1926.24,90.33,61.74,63.02,192.48,22.66,71.08,28.215,54.88,57.375,156.18,61.91,151.682,127.25,97.6,42.43,57.32
2022-09-21,20.42,34.755,56.29,86.05,199.33,23.72,40.83,53.99,124.97,159.8,55.28,33.667,28.48,1914.4,89.23,61.72,62.45,192.03,22.51,70.22,27.782,55.1,57.119,153.87,60.97,150.935,125.61,96.58,42.6,57.07
2022-09-22,20.34,34.27,54.8,86.22,198.8,23.06,40.72,54.05,124.03,159.41,55.5,33.145,28.83,1915.04,88.63,62.33,62.2,190.29,22.09,69.88,28.138,55.89,56.983,153.51,60.84,147.29,124.98,95.97,42.36,56.28
2022-09-23,19.66,31.86,54.53,84.37,197.32,21.0,36.95,51.64,121.49,155.13,53.09,32.105,28.38,1897.98,85.73,61.45,60.87,189.91,21.5,69.23,27.995,55.32,53.974,150.97,57.09,147.445,123.4,95.19,40.83,55.27
2022-09-26,19.48,30.77,54.82,84.94,195.62,20.04,36.59,51.14,122.23,153.21,51.53,31.603,27.96,1890.44,85.95,60.93,61.27,191.5,21.57,67.3,28.135,54.54,52.926,150.28,55.45,147.705,123.89,94.25,39.92,55.17
2022-09-27,19.37,31.095,55.68,84.4,195.44,20.4,37.12,51.46,120.67,154.55,51.68,30.725,28.01,1886.76,85.53,60.42,59.89,189.08,21.48,66.76,28.163,53.88,52.562,149.24,57.52,147.155,123.01,93.66,40.53,54.66
2022-09-28,20.37,31.75,56.04,85.45,198.31,21.28,38.78,52.43,123.22,160.53,55.49,31.081,28.36,1922.99,87.11,60.7,61.04,189.54,21.86,67.0,27.83,53.98,52.844,152.35,60.09,148.38,124.72,93.98,42.73,55.39
2022-09-29,20.68,32.05,56.54,84.96,200.11,21.34,38.81,51.68,121.25,161.81,56.75,30.046,27.71,1931.5,86.09,58.7,60.47,187.67,21.55,66.09,27.817,53.09,51.477,150.61,60.54,147.539,124.43,93.96,43.46,55.02
2022-09-30,21.41,32.15,55.61,84.72,195.49,21.22,38.9,51.22,121.07,165.0,58.36,30.455,27.43,1922.09,86.58,57.92,60.46,186.65,21.68,65.7,27.345,53.21,50.72,149.18,59.81,147.248,124.37,92.21,44.73,54.93
2022-10-03,21.71,34.17,56.64,86.37,197.68,22.37,41.76,52.49,123.21,166.64,60.05,30.989,28.23,1971.7,87.96,60.06,61.56,188.11,22.0,65.58,28.003,54.33,52.726,153.74,62.82,147.83,125.45,95.65,45.82,56.16
2022-10-04,21.71,36.175,57.79,87.99,205.32,23.42,43.29,53.26,125.29,169.52,61.39,32.277,28.55,2024.54,90.33,60.81,62.28,192.72,22.83,67.11,28.153,54.77,53.546,156.29,64.83,150.415,128.7,97.82,47.02,58.0
2022-10-05,21.67,36.615,57.31,87.48,203.69,24.51,44.23,53.02,124.73,168.12,60.48,31.835,28.31,1948.25,89.49,59.87,61.43,192.97,22.4,66.56,27.88,53.34,52.716,154.8,64.87,151.038,128.15,96.59,46.43,57.0
2022-10-06,22.2,37.12,57.09,83.43,198.83,25.59,45.11,51.15,121.17,172.52,62.1,31.183,27.54,1915.41,87.7,58.29,59.68,185.18,22.29,65.33,26.67,51.71,51.012,154.31,65.97,149.429,124.56,95.86,47.37,56.24
2022-10-07,21.28,37.68,55.78,82.24,190.98,25.54,45.04,50.88,117.95,165.05,58.57,29.938,27.49,1881.76,85.33,57.7,58.48,178.64,21.87,64.86,26.917,51.76,51.586,150.85,64.92,145.556,121.01,94.42,44.34,55.44
2022-10-10,21.28,37.68,55.78,82.24,190.98,25.54,45.04,50.88,117.95,165.05,58.57,29.938,27.49,1881.76,85.33,57.7,58.48,178.64,21.87,64.86,26.917,51.76,51.586,150.85,64.92,145.556,121.01,94.42,44.34,55.44
2022-10-11,20.74,36.43,56.27,80.83,192.86,23.64,43.18,49.71,114.86,162.16,57.27,28.871,26.92,1848.6,83.12,57.21,56.03,178.65,21.26,64.06,26.845,51.68,50.365,148.96,62.56,144.476,118.08,93.67,43.77,54.35
2022-10-12,20.84,36.255,57.05,80.98,190.66,23.71,43.32,49.26,116.21,163.62,58.02,28.634,26.63,1840.0,84.07,56.36,56.53,176.05,21.23,64.03,27.12,51.18,49.936,147.82,63.38,143.146,118.67,92.74,44.27,53.97
2022-10-13,20.19,37.58,58.07,84.31,192.12,24.44,44.39,51.1,119.6,163.61,57.54,28.995,27.42,1840.3,86.53,58.86,57.9,177.16,21.86,65.87,27.302,52.12,51.942,151.06,66.36,145.763,122.02,95.11,43.89,55.33
2022-10-14,19.66,36.785,57.65,84.91,193.51,23.02,43.04,49.94,119.37,159.83,55.72,28.37,27.06,1829.77,86.09,58.07,57.9,172.98,21.73,65.47,27.317,51.47,51.231,148.6,64.12,142.731,121.94,93.08,42.63,54.83
2022-10-17,20.05,36.76,57.97,85.38,196.36,23.28,43.13,50.84,121.94,163.45,56.81,28.936,27.56,1850.03,88.31,58.9,59.38,175.94,22.0,66.17,27.435,52.28,51.987,152.65,64.41,146.417,123.58,95.3,43.01,56.09
2022-10-18,20.31,36.595,57.82,86.68,198.2,23.48,42.76,51.3,123.24,162.59,57.41,29.588,28.0,1869.27,89.14,59.65,59.82,179.36,22.08,66.54,27.55,52.65,53.227,156.07,64.49,146.885,124.2,97.47,43.79,56.29
2022-10-19,19.91,38.11,57.07,85.71,195.83,24.43,43.5,51.35,120.92,161.67,55.62,28.763,27.9,1840.06,88.28,59.13,59.07,181.89,21.93,64.89,27.26,52.87,53.282,155.52,67.06,145.68,123.28,97.56,42.79,56.25
2022-10-20,20.0,39.065,57.11,84.92,193.53,25.19,43.94,51.2,120.28,160.73,56.45,28.03,27.63,1856.6,87.82,58.6,58.41,178.6,21.67,63.95,27.353,52.53,52.707,151.12,66.85,144.403,121.73,94.96,43.11,55.49
2022-10-21,20.52,40.02,58.19,86.26,195.21,25.76,45.5,51.67,122.56,165.33,58.75,28.116,27.86,1881.78,89.12,58.93,59.46,178.19,22.06,64.85,27.78,52.84,53.537,153.96,67.84,145.182,123.73,96.66,44.6,56.32
2022-10-24,20.62,40.22,59.12,86.57,198.92,26.17,45.42,51.69,123.29,165.2,58.03,28.149,28.06,1920.48,89.82,59.38,59.67,180.87,22.09,64.65,27.745,53.2,53.063,155.61,66.65,145.784,124.54,97.25,44.77,56.7
2022-10-25,20.77,40.4,59.58,87.29,202.0,26.53,45.47,51.89,124.59,166.48,58.48,28.758,28.35,1949.41,90.76,59.78,60.09,180.32,22.28,65.34,27.84,53.63,53.017,157.25,65.8,147.996,123.88,97.74,44.87,56.93
2022-10-26,21.28,40.76,60.01,87.11,203.22,27.11,46.24,52.43,126.07,169.9,60.86,28.849,28.4,1965.22,90.88,60.2,60.81,179.3,22.14,65.39,28.358,56.76,53.783,161.98,66.72,147.695,124.35,99.29,45.86,56.92
2022-10-27,20.99,40.7,60.47,87.27,204.56,27.35,45.38,52.95,126.34,168.8,60.92,29.097,28.43,1975.7,90.87,60.69,60.98,180.71,22.26,65.74,28.097,57.35,54.913,160.01,67.47,148.567,124.7,99.75,45.71,57.35
2022-10-28,20.82,40.685,61.45,87.71,207.08,27.2,45.86,53.13,127.8,169.86,61.44,29.475,28.78,2019.52,92.2,61.88,61.61,180.67,22.66,66.18,28.478,56.96,54.257,162.04,73.63,151.599,125.57,100.53,45.42,58.17
2022-10-31,20.49,40.855,61.0,87.19,207.01,27.54,46.86,53.08,125.49,168.33,59.93,29.076,28.45,1969.89,92.76,61.45,61.87,179.81,22.58,65.85,27.905,56.71,54.549,161.4,74.11,150.457,126.05,101.56,44.57,57.86
2022-11-01,20.58,41.115,61.84,87.75,207.68,27.93,47.73,53.03,125.27,171.01,62.34,29.399,28.36,1972.58,92.86,61.57,61.82,178.51,22.67,65.99,28.04,57.38,54.348,160.76,75.13,145.691,126.07,101.33,44.95,57.65
2022-11-02,19.6,41.045,61.41,87.05,205.97,27.83,46.66,53.03,124.86,163.24,57.91,28.655,28.29,1947.55,92.16,61.74,61.42,178.08,22.47,65.54,28.015,57.08,55.023,159.06,74.76,145.504,125.72,100.79,42.87,57.1
2022-11-03,17.98,41.22,61.94,86.77,204.12,28.81,48.47,53.62,124.47,161.6,56.47,28.779,28.03,1938.27,91.56,61.97,60.99,190.21,22.07,64.81,27.677,56.77,54.749,159.15,77.76,147.477,125.43,101.51,42.13,58.87
2022-11-04,19.13,41.225,61.65,87.97,207.66,28.49,48.7,54.17,126.87,171.36,58.51,29.378,28.7,1835.35,93.81,61.75,62.44,183.98,22.6,65.85,28.09,56.66,54.749,160.67,77.12,146.916,127.32,102.28,46.27,59.95
2022-11-07,19.64,41.24,62.19,88.36,206.33,28.58,48.8,53.83,127.78,169.69,58.12,29.97,28.57,1882.45,94.71,61.6,62.47,188.02,22.43,66.22,28.155,57.51,54.749,162.06,76.96,147.664,128.21,103.94,46.18,59.72
2022-11-08,20.98,40.81,62.12,88.46,206.17,28.63,48.33,53.91,128.56,180.04,61.3,29.9,28.51,1899.87,95.02,61.45,62.41,187.19,22.54,66.48,28.435,56.84,54.84,163.26,76.15,149.117,128.71,103.86,48.08,60.02
2022-11-09,20.75,39.855,61.32,87.6,195.51,27.08,46.65,53.15,126.73,178.72,59.76,29.566,28.53,1905.79,94.96,61.31,61.69,186.23,22.23,66.01,28.218,57.75,56.208,161.27,74.44,149.294,127.87,101.83,48.28,59.0
2022-11-10,21.9,40.605,62.82,89.29,199.5,27.81,47.7,54.52,131.42,186.07,63.5,32.099,28.93,1994.74,96.43,62.46,63.94,186.1,23.05,69.04,27.975,57.48,57.557,164.36,75.92,152.648,130.89,104.01,50.58,61.05
2022-11-11,21.81,41.07,62.9,88.44,193.74,28.69,48.77,55.47,132.83,187.78,64.6,33.447,29.02,1995.68,96.76,62.53,64.75,180.69,23.53,68.68,27.445,57.5,58.359,161.97,76.72,151.329,131.68,101.82,50.38,61.47
2022-11-14,21.57,40.53,62.3,87.9,194.7,28.22,48.22,53.45,132.16,187.5,64.73,32.708,29.12,1979.98,96.14,62.55,64.23,179.83,23.39,68.48,26.98,58.43,57.53,161.51,75.32,150.831,131.66,101.36,50.25,61.03
2022-11-15,21.26,41.4,62.08,87.72,192.26,28.56,49.19,53.59,132.3,186.77,63.9,33.199,28.93,2000.97,96.36,61.98,63.17,180.96,23.49,69.55,26.812,57.44,57.931,161.27,75.92,152.679,131.78,100.19,49.67,61.09
2022-11-16,21.05,40.45,62.62,88.13,191.66,28.06,48.31,53.82,131.74,185.76,63.68,32.918,29.07,2045.68,96.23,62.35,63.28,184.41,23.33,68.81,27.44,57.44,58.797,163.65,75.33,155.628,131.52,103.43,49.61,61.5
2022-11-17,20.73,40.01,62.06,88.73,191.86,27.51,48.34,53.67,131.23,181.8,62.91,32.293,29.01,2023.17,96.53,61.96,63.1,185.0,23.4,68.81,27.642,58.6,58.341,164.68,75.48,154.714,132.32,103.57,48.66,61.95
2022-11-18,20.91,39.975,61.72,89.42,194.26,27.13,47.66,53.97,132.27,185.68,63.96,32.266,29.17,2022.29,97.39,63.37,63.56,187.64,23.57,69.04,27.735,59.71,58.341,166.49,75.58,157.788,132.7,105.09,49.55,61.82
2022-11-21,20.64,39.925,61.88,89.76,192.81,26.55,47.32,54.08,131.09,184.69,63.69,31.97,29.0,2047.77,97.39,63.38,63.97,189.25,23.29,70.19,28.345,59.97,58.149,167.01,75.24,158.754,132.95,106.46,49.73,61.89
2022-11-22,21.46,40.61,61.46,90.74,193.0,27.45,48.29,54.82,131.99,191.71,65.69,32.229,28.88,2061.93,98.54,63.38,64.29,189.72,23.66,70.51,28.73,60.03,59.116,167.65,76.88,159.948,134.83,107.53,51.07,61.71
2022-11-23,21.72,40.025,60.1,90.94,194.3,27.06,47.72,55.36,132.72,192.93,66.47,32.87,28.77,2087.86,99.04,63.61,64.74,189.63,23.8,70.91,29.28,60.06,59.407,168.69,76.47,160.26,134.69,107.7,51.49,61.89
2022-11-24,21.95,40.15,60.15,90.96,194.66,26.98,47.81,55.5,132.37,193.58,67.45,33.247,28.98,2080.98,99.01,63.84,64.66,190.53,23.96,71.03,29.255,60.01,59.48,169.14,76.52,161.34,134.79,107.43,51.77,61.98
2022-11-25,21.51,40.26,60.88,91.02,197.71,27.11,47.38,55.94,132.12,192.76,66.38,33.457,29.04,2097.73,99.13,64.15,65.1,191.07,24.03,71.36,29.438,60.54,60.137,169.17,76.57,161.506,134.81,108.5,51.18,62.47
2022-11-28,20.94,39.865,62.0,89.97,197.36,26.43,46.2,55.63,130.03,188.08,65.39,32.978,28.92,2100.82,97.11,64.08,64.36,191.94,23.62,71.46,30.33,60.96,59.599,170.13,75.95,162.804,133.21,108.62,50.44,62.04
2022-11-29,21.58,40.355,61.25,89.59,199.3,27.68,45.43,55.52,130.54,192.78,67.76,32.908,28.56,2109.03,98.42,64.01,64.19,191.29,23.95,69.67,30.315,61.38,55.843,169.99,77.98,160.125,133.77,108.92,51.26,62.67
2022-11-30,21.95,40.155,61.28,89.53,201.26,26.75,44.23,55.55,131.38,196.49,67.75,34.179,28.64,2168.52,95.93,64.06,64.79,194.14,24.23,70.18,30.35,61.88,54.33,172.69,76.53,164.476,133.78,110.13,52.5,63.74
2022-12-01,23.01,40.17,61.71,91.84,201.94,26.39,43.17,55.01,133.0,197.77,70.07,33.829,28.61,2199.96,95.86,63.86,59.81,193.43,24.35,70.16,30.382,62.89,53.582,172.67,75.69,163.603,134.67,110.83,53.89,63.73
2022-12-02,22.86,40.345,61.38,92.36,204.68,26.84,43.0,54.69,134.38,195.88,69.71,32.741,28.6,2147.73,95.83,63.65,59.39,195.8,24.41,68.94,30.57,62.24,53.045,172.04,75.35,164.777,134.21,110.87,53.36,63.54
2022-12-05,22.48,38.855,61.5,91.32,202.19,26.08,42.23,54.26,133.01,194.41,68.47,32.352,29.04,2109.02,94.43,64.01,58.82,194.49,24.21,67.95,30.517,63.18,52.634,172.35,72.62,164.787,133.68,109.06,52.85,63.5
2022-12-06,22.47,37.795,60.43,90.17,201.37,25.14,40.93,53.79,129.11,193.67,69.31,31.9,28.64,2087.45,94.52,63.73,58.87,192.4,24.16,68.34,30.263,62.52,52.954,171.3,70.66,161.869,132.28,107.74,52.99,63.26
2022-12-07,23.03,37.515,60.89,89.27,201.92,24.96,40.66,53.6,128.54,194.9,70.85,31.857,28.51,2089.69,93.96,63.65,58.96,191.63,24.17,67.97,30.548,62.01,52.917,170.37,71.39,163.063,131.89,107.81,53.81,62.98
2022-12-08,22.82,37.285,62.37,89.89,203.77,24.5,40.62,53.31,125.72,194.95,70.28,31.916,28.13,2065.95,93.69,63.36,58.2,190.87,24.06,68.14,31.2,61.05,52.862,171.16,70.51,162.399,131.29,109.04,53.64,62.73
2022-12-09,22.66,37.325,61.78,90.55,203.97,24.19,40.38,53.39,126.16,192.23,69.51,31.733,28.1,2088.99,94.96,63.34,58.52,191.06,24.19,68.66,31.388,60.83,52.634,170.04,68.22,162.949,130.91,107.77,53.22,63.25
2022-12-12,22.77,37.545,62.32,91.15,203.07,24.29,41.35,53.61,125.13,193.3,69.82,30.727,27.99,2143.91,94.8,63.2,57.6,191.54,24.32,68.19,31.06,60.99,52.735,173.02,66.32,163.655,132.13,108.13,53.25,63.4
2022-12-13,23.66,38.27,63.04,88.65,197.67,24.92,42.16,53.97,122.89,195.43,71.69,30.593,27.97,2135.45,94.05,63.12,56.45,190.88,24.42,67.64,30.99,60.39,53.409,172.56,66.59,164.071,130.16,108.26,54.02,63.7
2022-12-14,23.59,37.94,62.33,87.5,197.14,25.05,42.18,53.83,122.31,194.84,71.3,30.367,27.71,2147.73,93.53,61.74,56.09,190.46,24.18,66.62,30.855,61.38,52.325,170.53,65.89,163.79,129.42,106.22,53.74,63.13
2022-12-15,22.76,37.15,61.21,86.9,198.03,24.86,41.73,53.18,120.75,188.19,68.96,30.147,27.34,2138.62,93.01,60.69,55.66,187.61,23.93,65.5,30.378,61.14,51.559,168.23,64.82,161.703,128.22,104.36,52.51,62.45
2022-12-16,23.14,35.9,61.25,86.63,198.1,24.24,40.97,52.54,120.63,181.38,69.95,29.6,27.03,2118.26,92.4,60.39,55.44,184.27,23.97,65.24,30.535,60.91,50.292,166.46,63.86,161.734,127.96,103.2,53.35,62.5
2022-12-19,22.58,36.295,61.31,86.61,196.05,24.36,40.6,51.76,120.09,180.04,68.64,28.567,26.67,2121.71,91.23,59.67,54.35,182.1,23.91,64.48,30.702,59.64,49.508,163.62,63.99,158.463,126.76,101.62,52.29,61.91
2022-12-20,23.52,36.67,61.06,87.56,197.47,24.99,41.25,52.43,121.68,181.15,70.86,28.013,26.76,2117.95,92.05,59.62,55.19,180.59,23.95,65.29,30.622,60.21,49.271,162.86,63.94,158.058,127.5,101.85,54.48,62.42
2022-12-21,23.79,37.445,61.49,88.1,198.83,25.93,42.29,53.45,123.11,183.37,71.15,28.507,26.84,2144.5,92.95,59.89,55.84,182.26,24.44,65.86,30.653,61.05,50.109,165.09,65.32,158.681,128.67,103.17,54.47,63.44
2022-12-22,23.58,36.315,60.19,87.82,198.57,25.18,41.41,52.95,122.09,183.62,70.62,28.213,26.68,2137.13,91.4,59.84,55.32,180.29,24.15,65.82,30.558,61.27,49.307,163.2,63.78,158.671,127.73,102.23,54.28,62.94
2022-12-23,23.61,37.935,59.73,88.33,198.38,26.24,42.81,53.69,122.69,184.65,71.5,28.747,26.74,2127.37,92.17,60.02,54.72,181.27,24.29,66.38,30.915,61.33,50.456,163.69,65.57,159.938,128.28,102.59,54.61,63.14
2022-12-26,23.61,37.935,59.73,88.33,198.38,26.24,42.81,53.69,122.69,184.65,71.5,28.747,26.74,2127.37,92.17,60.02,54.72,181.27,24.29,66.38,30.915,61.33,50.456,163.69,65.57,159.938,128.28,102.59,54.61,63.14
2022-12-27,23.61,37.935,59.73,88.33,198.38,26.24,42.81,53.69,122.69,184.65,71.5,28.747,26.74,2127.37,92.17,60.02,54.72,181.27,24.29,66.38,30.915,61.33,50.456,163.69,65.57,159.938,128.28,102.59,54.61,63.14
2022-12-28,23.42,37.02,59.59,87.56,196.76,25.57,42.52,52.83,122.01,186.15,70.82,28.18,26.14,2114.48,91.02,59.07,53.77,180.32,23.97,65.44,30.468,60.41,49.626,162.4,64.93,158.91,127.71,101.38,54.14,62.81
2022-12-29,23.34,37.71,60.6,88.54,197.75,26.13,42.51,53.21,123.45,185.1,70.61,28.933,26.41,2134.79,91.7,59.72,54.96,180.81,24.31,66.63,30.055,60.98,48.952,163.04,65.69,160.685,128.66,102.14,53.71,63.36
2022-12-30,23.21,37.595,59.5,87.67,194.91,26.27,42.95,52.92,122.66,184.57,70.36,28.387,26.13,2113.96,91.23,59.49,54.77,179.48,24.15,66.34,29.93,63.37,49.207,160.84,65.95,160.395,127.3,100.95,52.9,62.85
2023-01-02,23.21,37.595,59.5,87.67,194.91,26.27,42.95,52.92,122.66,184.57,70.36,28.387,26.13,2113.96,91.23,59.49,54.77,179.48,24.15,66.34,29.93,63.37,49.207,160.84,65.95,160.395,127.3,100.95,52.9,62.85
2023-01-03,24.37,35.645,60.14,87.67,195.78,24.95,41.28,53.33,124.46,188.83,73.2,28.773,26.32,2129.32,91.68,60.23,55.4,180.03,24.35,65.19,30.083,64.04,48.587,162.88,63.3,163.728,128.03,102.36,55.45,63.44
2023-01-04,25.45,35.235,60.08,88.81,196.77,24.43,40.18,53.62,126.22,191.39,74.81,29.58,26.64,2165.4,93.04,60.53,55.98,178.65,24.63,66.41,29.875,64.37,48.377,163.05,62.11,165.099,129.17,103.36,56.56,64.05
2023-01-05,25.5,35.31,60.82,86.41,196.51,24.98,41.13,53.79,125.99,189.85,74.05,29.053,26.61,2159.48,92.65,60.79,55.85,174.65,24.44,66.52,29.59,63.84,47.703,160.52,63.3,161.848,128.79,101.21,56.99,63.32
2023-01-06,25.62,36.645,61.87,86.37,199.81,25.37,42.16,54.46,127.87,187.94,74.32,29.827,27.02,2194.14,93.97,61.62,56.56,178.49,24.68,67.19,30.052,63.98,49.444,164.44,64.9,162.918,130.43,104.22,58.2,63.77
2023-01-09,25.41,36.94,62.08,86.1,197.86,25.46,42.19,54.88,127.72,190.11,73.24,30.247,26.96,2220.7,94.25,61.37,56.82,177.16,24.65,67.29,30.015,63.84,49.945,164.81,64.15,161.547,131.4,104.03,57.44,63.13
2023-01-10,26.06,37.185,62.57,86.0,199.19,25.16,41.66,55.04,127.65,193.34,74.17,30.147,26.99,2242.56,95.25,61.45,56.93,176.14,24.77,67.61,29.772,63.39,49.927,163.14,64.18,161.371,132.9,102.64,58.36,62.94
2023-01-11,25.8,37.38,62.11,86.46,196.99,24.79,42.13,55.48,129.02,193.63,73.26,30.973,27.21,2223.31,97.11,61.18,57.27,177.42,25.19,67.74,29.438,64.07,50.875,164.33,63.65,162.804,132.77,103.8,58.09,63.96
2023-01-12,25.99,38.045,62.28,88.2,196.93,25.83,43.16,56.05,130.0,196.92,73.82,31.307,27.83,2255.19,97.79,62.04,57.85,171.01,25.33,68.56,29.03,64.1,51.477,164.55,64.49,161.796,133.45,104.18,58.86,64.67
2023-01-13,26.3,38.41,62.98,88.84,199.38,25.88,43.42,55.92,131.18,196.48,74.92,31.767,28.15,2262.49,98.11,62.48,58.5,174.79,25.39,69.19,28.955,64.7,52.242,165.64,65.77,163.832,134.28,105.96,59.62,64.72
2023-01-16,26.1,38.4,63.32,89.1,199.2,25.75,43.55,55.76,131.75,194.72,74.89,32.04,28.29,2270.5,97.66,63.05,58.58,176.14,25.39,69.58,29.522,65.07,52.334,165.99,65.8,164.444,134.69,105.53,59.35,64.79
2023-01-17,25.12,39.125,63.07,89.95,198.64,25.66,44.04,55.83,132.01,190.27,73.06,31.853,28.55,2275.1,97.95,62.93,58.89,176.26,25.46,69.65,29.565,65.37,52.58,166.65,66.5,164.403,135.3,107.39,59.0,64.99
2023-01-18,24.85,39.315,62.96,89.03,198.96,25.01,43.7,55.62,131.33,193.98,73.4,32.053,28.38,2294.78,97.67,62.54,58.39,173.15,25.24,69.22,29.333,64.98,52.625,165.85,66.07,164.206,134.57,105.73,59.39,64.64
2023-01-19,25.22,40.035,62.93,88.57,196.91,25.38,44.59,55.74,131.36,196.96,74.76,32.007,28.23,2275.11,97.33,62.16,57.98,171.51,25.13,68.96,29.435,64.77,52.789,163.8,68.34,163.634,134.47,104.81,60.54,64.65
2023-01-20,25.35,40.365,62.17,89.18,197.82,25.47,44.19,56.02,132.29,196.67,75.25,32.333,28.47,2325.15,98.2,62.46,58.24,172.1,25.5,69.19,29.54,65.43,52.89,165.02,68.21,163.925,134.71,106.04,60.47,65.54
2023-01-23,25.69,40.84,61.71,89.65,196.13,25.68,45.05,56.01,133.23,194.97,75.42,33.007,28.48,2338.08,99.19,61.84,58.69,172.85,25.57,69.61,29.642,64.59,53.036,165.32,68.92,163.115,134.73,106.64,60.72,65.49
2023-01-24,25.95,40.46,62.36,89.87,198.4,25.51,44.78,55.55,133.26,198.23,76.66,32.733,28.52,2336.99,99.2,61.91,58.37,173.63,25.74,69.42,29.847,66.49,52.352,165.91,69.49,164.102,135.12,106.94,61.13,65.59
2023-01-25,26.48,39.885,62.26,90.11,200.58,25.62,44.35,54.18,133.48,201.98,77.52,32.927,28.48,2320.59,98.66,62.2,58.39,176.21,26.03,70.11,30.08,65.9,52.252,158.17,69.78,163.738,133.49,102.96,62.21,65.61
2023-01-26,26.21,40.54,60.92,90.77,197.1,26.86,46.09,54.2,135.24,197.06,76.09,33.24,28.55,2322.9,99.2,62.44,58.78,174.18,26.54,71.2,29.962,65.36,52.461,157.91,72.06,163.863,135.61,102.46,61.24,66.44
2023-01-27,26.19,41.375,59.67,91.42,193.15,27.15,46.09,54.4,133.56,195.54,75.72,33.48,28.4,2355.0,99.68,62.32,59.47,174.71,26.15,70.97,30.247,64.58,52.598,157.51,72.69,163.261,134.65,103.12,60.76,66.37
2023-01-30,26.06,40.44,60.12,90.65,193.4,26.48,45.54,54.27,132.57,194.05,74.96,32.753,28.57,2322.97,99.76,62.88,59.71,175.46,26.11,71.05,29.8,64.5,51.768,157.25,70.65,163.78,135.07,103.56,60.43,66.2
2023-01-31,26.02,40.835,60.76,92.06,193.03,26.58,46.18,54.48,133.9,195.17,75.14,33.0,28.67,2350.77,99.95,62.9,60.74,176.56,26.33,72.03,29.8,64.69,52.261,158.38,72.72,164.361,136.16,105.02,60.84,66.86
2023-02-01,26.52,39.35,60.0,91.49,193.27,25.59,45.62,54.12,133.78,197.79,76.0,32.813,28.94,2373.06,100.52,63.24,61.08,176.77,26.61,72.35,28.872,64.62,49.325,158.61,70.33,166.147,136.49,103.62,60.88,67.11
2023-02-02,25.78,38.515,59.23,91.95,194.7,24.5,43.91,53.98,133.6,193.99,73.19,33.88,28.72,2374.98,100.64,61.39,61.46,175.74,26.21,73.39,28.73,64.4,50.693,159.2,67.79,167.497,136.39,105.58,59.59,66.89
2023-02-03,24.56,38.865,60.33,92.42,195.08,25.0,44.13,54.38,134.88,190.52,70.27,33.7,28.62,2386.26,100.93,61.77,61.76,177.15,26.23,73.36,28.81,65.34,51.094,160.66,67.56,167.051,138.15,106.04,58.93,67.04
2023-02-06,24.65,38.845,59.66,91.7,195.9,25.03,43.88,54.46,135.46,184.17,70.46,32.487,28.47,2356.39,100.27,61.78,61.4,178.66,25.82,72.82,29.103,65.92,51.322,159.12,67.13,165.4,138.12,104.87,58.71,67.18
2023-02-07,24.81,39.665,59.73,92.82,197.65,26.09,44.91,54.63,136.68,184.5,70.75,32.907,28.07,2370.01,100.93,61.19,62.16,178.61,25.97,73.75,28.535,65.2,51.048,158.19,68.57,164.06,138.62,104.12,59.03,67.21
2023-02-08,24.67,39.87,60.86,92.88,191.48,26.24,44.68,53.16,136.65,184.27,70.85,32.947,28.09,2376.3,101.21,61.3,61.93,179.35,26.09,73.22,29.173,65.78,50.611,157.85,69.57,163.78,139.55,104.45,58.73,67.44
2023-02-09,23.98,39.66,61.59,92.67,193.67,26.01,44.46,52.9,135.87,182.15,69.39,32.953,27.03,2372.48,101.4,60.65,61.55,179.86,26.13,73.12,29.36,65.22,50.219,157.11,69.59,160.758,139.25,104.54,58.17,68.26
2023-02-10,23.94,40.465,62.56,93.01,197.04,26.8,45.71,54.15,135.41,181.52,68.36,32.34,27.25,2370.5,100.6,60.82,61.66,180.62,26.09,73.57,29.278,64.59,50.565,159.9,71.75,167.009,138.76,106.31,57.5,67.67
2023-02-13,23.9,40.73,63.36,93.56,198.72,26.54,45.71,54.54,135.47,180.4,68.4,32.66,27.27,2382.92,101.27,61.12,62.19,179.57,26.2,74.16,29.577,64.99,50.72,160.89,71.22,169.917,138.99,106.47,57.37,68.54
2023-02-14,23.78,40.175,63.99,93.15,199.17,26.56,46.38,53.06,135.21,181.5,68.14,32.513,27.38,2405.91,100.91,61.15,62.46,179.63,26.11,73.95,29.347,65.49,51.431,159.52,70.66,172.004,138.85,106.35,57.61,68.16
2023-02-15,23.0,39.79,64.57,93.02,200.29,26.01,46.55,52.89,135.02,179.66,65.8,32.56,27.34,2364.04,100.51,61.06,62.46,181.35,26.13,73.64,29.653,65.07,51.65,158.6,69.8,174.185,138.67,106.18,56.76,67.98
2023-02-16,22.8,39.34,64.84,92.65,200.51,24.85,45.67,52.71,135.11,181.44,66.35,32.3,27.29,2364.7,100.49,60.99,62.23,183.35,27.12,73.47,29.608,65.55,52.005,158.03,69.21,173.115,138.54,105.48,57.0,68.2
2023-02-17,22.57,37.525,65.59,92.87,202.7,24.51,44.59,52.38,135.18,178.5,62.31,32.173,27.79,2370.61,101.5,61.78,62.52,183.47,27.07,72.95,29.722,66.17,51.814,157.22,67.57,172.409,138.79,104.58,56.97,68.91
2023-02-20,22.57,37.525,65.59,92.87,202.7,24.51,44.59,52.38,135.18,178.5,62.31,32.173,27.79,2370.61,101.5,61.78,62.52,183.47,27.07,72.95,29.722,66.17,51.814,157.22,67.57,172.409,138.79,104.58,56.97,68.91
2023-02-21,22.47,37.355,63.66,91.99,199.6,24.94,45.44,51.55,132.34,176.5,62.96,31.113,27.39,2355.02,100.02,61.11,61.42,183.07,26.72,71.82,29.22,65.97,49.699,157.37,68.07,171.796,138.23,103.91,56.76,67.68
2023-02-22,21.96,37.24,65.59,91.33,199.97,24.26,44.35,51.25,131.29,173.19,61.53,30.847,27.43,2361.32,99.02,60.93,61.29,184.34,26.94,71.57,29.093,65.81,50.036,156.17,66.69,171.267,136.55,103.36,55.59,66.89
2023-02-23,21.77,37.77,64.33,90.41,198.34,24.47,45.24,51.26,130.39,168.73,61.47,30.793,27.21,2360.24,98.77,60.84,61.23,182.56,26.72,71.31,29.61,65.24,50.593,157.1,67.48,171.454,135.87,104.11,55.23,66.01
2023-02-24,21.77,38.495,64.29,91.11,198.06,24.78,46.22,51.46,130.88,170.6,61.83,30.633,27.17,2317.58,99.08,60.46,62.89,182.41,26.74,71.34,29.907,65.34,51.249,156.76,67.91,171.724,137.22,103.6,55.08,65.95
2023-02-27,21.71,38.755,64.12,90.55,197.3,25.21,46.32,51.63,130.82,172.24,62.39,30.467,27.17,2332.15,99.74,60.39,62.74,184.49,26.57,71.53,29.272,64.81,50.292,157.4,68.75,171.485,138.04,104.91,55.93,66.49
2023-02-28,22.05,38.555,64.01,90.85,196.01,25.16,45.86,51.19,129.32,174.17,62.82,30.267,27.13,2346.16,100.22,60.37,62.4,182.72,26.98,67.44,29.153,65.18,49.508,155.41,67.49,171.61,138.54,103.63,56.85,65.94
2023-03-01,22.22,39.375,63.17,90.66,196.72,25.29,46.74,51.7,130.47,181.94,63.75,30.02,27.02,2285.48,101.86,60.21,62.44,181.52,27.19,68.44,29.308,64.72,50.055,157.21,68.85,170.748,133.62,104.68,56.62,66.3
2023-03-02,22.26,40.08,63.57,88.46,195.57,25.92,47.29,52.56,128.68,183.07,64.03,30.14,27.04,2274.06,101.99,59.86,62.03,181.8,27.15,68.77,28.865,63.91,50.574,160.22,69.62,171.173,136.21,106.35,56.54,66.23
2023-03-03,22.47,40.93,65.3,89.05,195.54,26.3,47.97,52.83,130.71,185.91,64.84,30.88,27.31,2295.88,102.74,60.5,63.08,182.3,27.38,69.96,29.2,64.39,51.212,162.17,70.07,171.09,136.75,106.85,56.99,67.0
2023-03-06,22.21,40.59,65.08,88.77,196.62,26.13,47.83,52.85,130.62,184.91,64.43,30.44,27.46,2269.28,102.54,60.7,63.05,184.38,27.29,70.29,29.395,64.28,51.167,160.63,70.62,172.181,137.21,105.7,56.16,67.28
2023-03-07,21.68,39.695,65.18,87.27,194.0,25.49,47.06,52.7,127.92,179.0,62.53,29.587,27.3,2244.35,102.51,60.53,61.73,183.32,27.11,69.04,29.365,63.52,50.957,159.88,69.92,174.206,136.54,103.74,53.47,67.2
2023-03-08,21.54,39.82,65.11,87.19,195.41,25.47,47.06,52.97,127.38,183.09,61.79,29.82,27.32,2315.46,103.45,60.59,61.37,183.8,27.06,68.71,29.42,63.23,50.939,162.17,70.54,175.618,137.06,104.03,53.41,66.53
2023-03-09,21.52,39.665,64.59,85.62,192.52,25.69,46.64,52.58,125.42,180.33,62.17,29.093,26.67,2340.0,102.43,60.04,58.82,183.15,26.44,67.3,29.215,61.11,49.891,160.64,70.13,174.559,135.39,102.33,54.0,65.43
2023-03-10,22.01,38.995,62.9,83.77,190.11,25.38,46.27,52.36,122.1,180.5,62.83,27.66,26.44,2289.84,100.43,59.76,57.71,181.24,25.95,65.73,28.895,61.97,49.015,159.71,69.46,172.066,133.11,101.18,55.95,64.28
2023-03-13,23.38,37.37,62.52,80.9,188.91,23.71,43.83,52.48,119.63,186.62,65.58,26.607,26.57,2310.0,98.24,60.07,56.82,182.09,25.34,65.76,28.647,60.91,49.025,159.55,66.62,172.274,131.27,100.72,59.41,62.6
2023-03-14,23.33,36.615,62.93,81.0,187.39,23.25,43.07,52.3,120.46,187.07,65.46,26.88,26.75,2350.0,100.04,59.17,57.41,184.44,25.72,66.0,28.542,61.67,49.389,158.76,65.22,174.361,132.76,99.8,60.02,62.95
2023-03-15,24.05,34.885,60.94,79.4,186.68,21.73,40.27,50.38,118.26,186.42,66.29,26.4,26.78,2312.35,95.84,59.76,56.57,185.77,24.88,65.22,29.163,60.64,46.901,158.51,62.95,173.666,130.54,106.1,60.51,61.33
2023-03-16,23.86,34.875,62.61,79.33,188.76,21.81,40.05,50.78,119.46,187.65,66.06,26.9,26.91,2330.96,97.09,59.83,57.26,186.68,24.71,65.72,28.95,61.0,46.901,162.59,62.85,176.511,130.5,109.3,59.51,61.57
2023-03-17,24.89,34.325,61.59,77.9,189.4,21.34,39.54,50.19,117.07,197.11,69.81,26.193,26.87,2316.19,93.88,60.02,57.02,184.62,24.06,65.81,29.015,61.48,46.518,158.3,61.56,177.3,127.26,106.14,62.16,60.56
2023-03-20,24.89,35.21,62.72,77.75,189.12,22.16,40.61,50.74,117.16,197.63,69.48,26.507,27.38,2380.0,95.48,60.75,56.78,185.14,24.42,65.76,29.097,62.49,47.101,157.62,63.6,178.515,128.55,105.8,62.94,61.56
2023-03-21,24.25,36.265,62.83,78.49,189.62,23.14,41.73,50.84,118.83,192.98,67.88,27.28,27.15,2357.79,96.44,60.6,57.67,182.94,24.67,66.6,28.555,62.35,47.666,157.46,65.49,179.19,129.78,105.97,61.8,62.32
2023-03-22,24.71,35.635,63.48,78.09,190.37,22.74,41.18,50.26,117.56,194.7,68.99,26.753,27.02,2352.57,95.49,60.21,57.38,181.45,24.46,66.48,28.653,62.12,47.384,156.3,64.78,179.18,127.99,104.22,63.03,62.02
2023-03-23,25.09,35.295,63.97,77.33,192.52,21.58,40.53,49.99,115.79,196.93,70.13,26.773,27.15,2384.69,94.01,60.29,56.72,179.98,24.37,66.17,28.8,62.5,46.764,154.61,63.68,180.156,127.07,102.59,63.84,61.27
2023-03-24,25.44,35.3,64.66,77.62,193.41,21.32,39.79,50.43,116.01,198.33,70.96,27.427,27.3,2391.35,92.67,60.79,56.66,183.43,24.34,65.85,29.073,62.76,47.402,156.11,63.5,181.308,126.81,103.19,64.62,61.43
2023-03-27,25.26,35.97,65.37,79.14,192.0,22.2,40.62,50.28,117.15,196.5,70.36,27.26,27.2,2439.9,93.9,60.7,56.29,182.33,24.32,66.5,29.68,62.7,47.803,156.52,64.8,181.007,127.77,103.51,64.17,62.1
2023-03-28,25.42,36.565,65.68,79.86,190.97,22.77,41.11,49.96,117.2,197.85,71.04,27.207,27.05,2425.03,93.21,60.41,55.99,183.36,24.21,66.66,29.99,63.44,47.967,156.28,66.38,180.685,127.14,103.35,65.43,62.1
2023-03-29,25.14,36.995,66.8,80.34,189.55,23.22,41.62,51.31,119.06,196.41,70.14,28.22,27.01,2432.55,95.04,60.59,56.68,184.61,24.38,67.83,30.305,63.55,49.098,156.45,68.1,180.914,128.12,102.95,65.28,62.26
2023-03-30,25.19,37.15,67.58,80.37,192.26,23.45,41.94,51.52,119.44,197.26,69.51,28.52,27.2,2490.0,96.08,60.98,56.84,186.63,24.57,67.79,30.673,64.5,47.931,157.3,67.99,181.475,128.46,102.72,65.11,62.51
2023-03-31,25.09,37.395,67.95,80.95,193.42,23.58,41.96,51.53,120.38,197.13,68.9,29.353,26.83,2540.91,96.67,60.54,57.31,188.1,24.8,68.07,30.792,62.64,47.922,159.47,68.73,182.596,129.25,104.07,65.09,63.14
2023-04-03,25.23,39.7,67.49,82.68,196.72,25.5,44.3,52.38,121.52,202.04,70.54,28.913,26.97,2519.11,97.33,60.87,57.72,187.15,24.95,67.4,30.958,61.42,48.578,160.02,72.86,182.565,130.94,103.66,66.01,63.52
2023-04-04,26.39,39.72,66.43,81.41,196.18,25.05,43.55,52.32,120.08,208.14,74.47,28.54,27.55,2578.47,97.06,62.31,57.14,186.16,24.79,67.07,31.445,63.55,49.015,161.76,72.66,183.281,130.46,103.82,67.28,63.17
2023-04-05,26.49,39.67,66.73,79.41,197.63,24.72,43.08,52.83,119.5,206.91,75.3,28.327,28.01,2562.33,96.28,63.19,56.83,184.57,24.97,67.5,31.478,64.54,49.736,157.63,72.57,182.897,130.33,102.02,66.9,63.07
2023-04-06,26.59,39.465,67.1,79.65,197.15,23.98,42.65,52.57,119.52,207.73,76.27,28.333,27.98,2583.96,97.08,62.95,57.04,185.86,25.07,67.48,31.5,64.17,50.082,159.84,72.24,183.157,130.55,102.42,66.87,63.19
2023-04-07,26.59,39.465,67.1,79.65,197.15,23.98,42.65,52.57,119.52,207.73,76.27,28.333,27.98,2583.96,97.08,62.95,57.04,185.86,25.07,67.48,31.5,64.17,50.082,159.84,72.24,183.157,130.55,102.42,66.87,63.19
2023-04-10,26.29,39.63,67.58,80.0,194.59,23.99,43.01,52.77,120.54,206.34,75.93,28.367,28.1,2609.67,97.71,62.89,57.28,186.8,25.25,67.61,31.42,65.76,50.21,159.08,72.85,182.451,131.17,102.38,65.85,63.61
2023-04-11,26.17,39.955,67.93,81.31,196.86,24.26,43.52,53.37,120.47,207.23,76.52,28.653,28.21,2628.37,97.06,63.13,57.73,188.67,25.39,68.07,31.673,65.62,50.647,160.11,73.77,180.457,131.78,102.92,66.72,63.84
2023-04-12,26.39,40.135,67.47,80.5,198.51,24.26,43.83,53.37,121.02,208.84,77.59,28.713,28.25,2613.44,97.1,63.24,57.68,191.44,25.42,68.03,31.497,65.7,51.495,162.28,74.22,181.703,131.87,103.64,68.23,64.0
2023-04-13,26.76,40.96,67.72,80.87,199.43,23.82,43.53,53.42,121.23,209.28,79.06,29.247,28.44,2627.89,97.3,64.11,57.7,191.88,25.53,68.47,31.282,65.72,51.741,161.97,73.89,181.755,132.09,103.83,69.64,63.95
2023-04-14,26.29,41.425,67.95,81.3,198.47,23.43,43.6,53.56,121.58,208.67,78.01,28.947,28.31,2654.32,98.1,63.55,57.96,191.3,25.61,68.46,31.54,65.84,51.55,163.57,74.61,180.27,132.79,104.44,68.01,64.11
2023-04-17,25.94,41.115,66.76,82.01,197.57,23.7,43.32,53.64,122.9,207.52,77.0,29.24,28.34,2627.97,98.11,64.08,57.96,192.78,25.82,68.72,31.035,65.35,51.668,163.9,74.36,180.706,133.53,105.29,66.6,64.54
2023-04-18,26.02,40.92,66.45,83.28,199.47,24.02,42.41,53.52,123.53,207.29,76.71,29.32,28.37,2603.79,98.96,63.81,58.14,191.46,26.18,69.05,30.698,65.34,50.912,164.28,73.18,181.298,134.29,106.68,67.04,64.94
2023-04-19,25.89,40.95,66.62,83.53,199.25,23.91,41.55,53.52,123.87,204.84,75.78,29.733,28.5,2601.33,98.86,63.8,58.44,192.39,26.22,69.01,30.77,65.27,51.085,164.79,72.47,181.838,134.69,107.91,66.17,65.14
2023-04-20,25.87,40.27,66.79,83.5,200.42,23.9,41.24,53.07,123.94,206.14,76.48,29.853,28.41,2607.35,98.98,63.95,58.19,193.81,26.17,68.79,30.73,65.12,51.085,165.28,71.77,184.091,134.75,108.82,66.5,65.32
2023-04-21,25.81,40.495,67.7,83.55,203.44,23.69,41.2,53.23,123.46,206.31,76.17,30.053,28.73,2644.63,99.22,64.44,57.7,196.36,26.19,68.19,31.228,65.12,50.848,166.53,71.94,186.636,135.3,110.06,66.51,65.27
2023-04-24,25.84,40.905,67.45,82.73,204.51,24.18,41.43,53.35,123.26,205.74,76.02,30.12,28.8,2652.1,99.03,64.48,57.34,192.55,26.25,67.65,31.435,64.41,50.036,168.27,71.96,186.542,133.47,110.06,66.86,65.31
2023-04-25,26.14,40.28,66.58,81.12,203.88,23.18,40.71,53.49,120.72,208.31,76.8,28.867,28.51,2634.98,97.96,64.68,55.51,192.69,25.84,66.41,31.433,64.64,50.602,161.63,70.49,185.909,131.76,108.12,67.57,65.12
2023-04-26,25.89,40.135,66.66,81.14,204.15,22.32,39.94,53.38,121.55,206.58,76.28,28.173,28.5,2658.46,98.03,64.46,55.99,191.3,25.9,66.57,31.875,66.37,50.128,159.24,69.39,184.289,132.23,105.71,66.56,65.26
2023-04-27,26.05,40.445,67.54,82.07,204.0,21.89,41.29,53.43,121.75,208.59,76.92,28.987,28.68,2654.67,100.24,65.2,56.66,186.16,26.41,67.34,31.972,66.76,50.255,160.85,69.5,185.452,133.79,105.99,67.82,66.08
2023-04-28,25.76,41.28,67.62,82.07,204.94,22.74,42.42,53.87,122.13,205.58,76.86,29.307,28.72,2651.82,101.03,65.12,56.8,188.46,26.75,67.63,31.858,66.94,51.331,161.5,69.06,185.005,134.51,106.8,66.85,66.46
2023-05-01,25.74,40.8,67.27,81.99,206.17,22.29,41.77,53.6,121.71,208.86,75.76,29.047,28.6,2695.0,101.19,65.45,56.54,188.54,26.83,67.48,32.125,67.26,51.386,162.35,67.88,185.95,134.37,107.4,66.33,66.4
2023-05-02,26.97,38.985,67.24,81.08,204.73,21.07,39.77,52.54,118.26,214.38,79.21,27.953,28.6,2731.95,100.57,65.36,55.09,189.43,26.68,65.93,32.165,66.85,50.31,161.24,63.31,184.964,131.44,106.43,69.49,65.68
2023-05-03,27.22,38.22,67.33,81.47,200.65,20.64,38.97,52.95,118.25,214.06,79.09,28.02,28.66,2721.13,100.02,65.38,55.2,189.45,26.6,66.15,31.157,66.32,50.729,160.75,62.22,176.625,131.12,107.44,69.03,65.53
2023-05-04,27.62,37.09,66.54,81.67,201.06,20.66,38.59,53.18,114.4,214.56,81.75,27.3,28.2,2620.29,100.12,64.44,54.01,188.54,26.08,65.66,30.505,65.75,50.41,160.62,60.27,167.394,129.27,106.1,69.6,64.39
2023-05-05,27.05,38.545,67.21,83.3,199.87,21.33,39.68,53.43,117.73,212.88,80.04,27.987,28.13,2603.72,101.56,64.44,55.56,188.45,26.49,66.94,30.585,65.89,50.994,163.07,62.34,166.532,131.08,108.39,69.72,65.13
2023-05-08,26.56,38.215,67.54,82.3,200.36,21.72,40.08,53.06,117.99,213.24,79.43,28.387,27.65,2636.72,101.42,64.26,55.63,189.73,26.73,67.28,30.835,66.12,51.13,161.71,62.57,168.484,131.35,108.36,69.36,65.24
2023-05-09,26.5,38.165,67.99,81.35,200.75,22.0,39.68,53.35,117.63,214.87,80.29,28.713,27.49,2639.7,101.18,64.06,55.17,191.08,26.65,65.88,31.045,65.94,51.267,161.11,63.29,171.526,129.43,108.4,69.48,65.19
2023-05-10,26.45,37.84,66.97,82.15,202.71,21.72,39.18,53.14,117.78,213.02,79.27,27.76,27.57,2635.16,100.48,64.14,55.64,193.76,26.24,66.09,30.897,66.18,50.811,162.45,62.14,174.393,128.96,109.21,69.29,64.71
2023-05-11,25.67,37.595,67.21,82.17,199.53,21.41,38.87,53.28,118.08,208.81,76.62,28.073,27.67,2597.19,101.05,64.29,56.21,193.72,26.19,66.56,30.865,66.0,50.912,161.96,61.16,172.253,129.84,109.24,67.74,64.53
2023-05-12,26.0,37.595,66.68,82.33,199.57,21.5,38.87,52.11,118.91,212.37,76.96,27.407,27.74,2533.24,101.47,64.17,56.43,195.05,25.58,66.52,30.862,66.14,50.994,163.41,61.29,173.967,129.89,111.04,68.25,64.97
2023-05-15,26.05,38.1,66.62,82.88,201.06,21.86,39.16,52.06,119.95,212.49,77.25,27.433,27.73,2630.12,102.72,63.98,57.08,193.52,25.98,67.09,30.632,66.15,51.039,163.58,62.07,172.939,130.92,111.67,68.41,66.32
2023-05-16,25.31,37.175,66.01,81.51,200.91,21.43,37.96,50.08,118.23,207.76,75.31,27.16,27.45,2613.75,102.08,63.56,56.09,191.59,25.78,66.14,30.31,66.21,49.453,161.73,61.18,174.6,128.3,111.66,66.91,66.08
2023-05-17,24.79,37.67,66.42,82.27,201.05,21.77,38.49,50.0,119.63,206.6,74.11,27.84,27.21,2614.91,101.86,63.2,56.73,189.07,26.01,66.94,30.16,65.94,49.59,160.25,61.92,172.492,128.62,110.79,66.2,66.48
2023-05-18,24.02,37.845,66.06,82.22,201.87,22.16,38.47,50.0,119.04,205.46,72.54,27.68,27.32,2645.0,102.51,63.15,56.57,188.35,26.02,67.02,30.392,65.61,49.298,161.0,62.84,176.127,127.9,111.63,64.59,66.9
2023-05-19,24.13,38.53,66.01,82.27,203.6,22.29,38.83,50.07,117.98,206.8,73.07,27.753,27.38,2729.36,102.72,63.43,56.14,189.53,26.14,66.53,30.745,65.92,49.553,161.39,63.27,176.667,127.19,111.58,64.94,67.18
2023-05-22,24.13,38.53,66.01,82.27,203.6,22.29,38.83,50.07,117.98,206.8,73.07,27.753,27.38,2729.36,102.72,63.43,56.14,189.53,26.14,66.53,30.745,65.92,49.553,161.39,63.27,176.667,127.19,111.58,64.94,67.18
2023-05-23,23.98,39.225,65.48,82.71,202.06,22.53,39.35,49.57,117.43,203.62,72.16,28.28,26.92,2603.25,101.28,62.88,56.25,185.8,25.59,66.51,29.84,64.4,49.325,156.13,64.62,174.579,125.88,106.74,62.33,66.9
2023-05-24,23.76,38.735,66.02,81.18,199.95,22.9,39.32,49.78,112.84,200.58,70.72,27.747,26.75,2599.79,99.11,62.41,55.64,186.51,25.02,65.66,30.17,64.22,49.417,153.91,63.91,173.821,123.75,104.39,61.11,65.94
2023-05-25,23.31,37.585,66.61,77.78,200.62,22.36,38.79,48.92,113.0,198.45,69.67,28.107,26.29,2637.98,99.24,61.46,56.78,187.55,25.19,66.72,29.93,62.19,48.943,155.04,63.95,174.455,121.48,104.92,60.36,66.32
2023-05-26,23.14,37.91,67.39,78.26,202.59,22.69,38.86,48.85,114.74,198.4,69.45,28.58,26.34,2688.93,100.1,61.87,57.54,188.48,25.53,66.8,30.212,61.51,49.325,155.16,63.99,175.639,123.08,104.92,60.77,66.95
2023-05-29,23.04,38.075,66.71,79.12,203.4,22.78,39.34,49.04,115.07,196.78,69.02,28.193,26.34,2669.02,100.45,61.72,57.6,188.15,25.66,67.3,29.962,61.15,49.426,156.04,63.83,175.441,123.49,104.92,60.57,67.34
2023-05-30,22.8,37.23,65.4,77.48,199.05,22.2,38.8,48.44,114.04,194.17,68.31,27.753,26.19,2674.08,100.12,61.79,57.03,186.2,25.56,66.41,29.897,60.36,48.66,155.43,63.38,176.49,123.11,104.92,59.99,65.77
2023-05-31,22.94,36.565,65.73,76.84,200.06,21.69,38.03,47.79,113.22,197.28,69.08,27.18,25.72,2768.01,97.32,61.24,55.97,185.52,25.15,65.57,29.673,59.85,48.168,153.06,61.62,179.252,121.43,103.44,61.52,65.75
2023-06-01,23.48,36.91,66.63,77.28,197.44,22.18,38.54,48.71,113.55,201.26,70.37,27.367,25.65,2740.02,95.28,61.08,55.42,184.93,25.25,65.57,29.452,59.88,48.97,154.77,62.68,173.209,121.59,102.63,62.18,65.84
2023-06-02,23.23,37.635,67.67,78.89,200.85,22.82,39.25,50.26,116.65,198.21,69.74,27.767,25.73,2775.84,98.65,61.38,57.36,187.25,25.88,66.71,29.622,59.61,50.346,157.98,64.44,172.295,124.06,105.66,60.89,67.43
2023-06-05,23.1,37.235,67.71,77.6,198.3,22.88,39.35,50.18,115.35,198.54,69.99,27.753,25.72,2756.69,96.56,61.3,56.39,185.75,25.7,65.89,29.3,59.0,49.909,157.12,64.23,172.544,122.92,104.75,61.59,67.41
2023-06-06,22.94,37.445,67.27,78.0,199.16,23.38,39.79,50.52,117.65,198.19,69.73,28.367,25.71,2788.55,97.24,61.22,57.39,183.22,25.84,66.5,29.292,59.15,50.228,154.3,65.22,171.651,123.71,102.81,61.8,67.77
2023-06-07,22.69,37.595,66.16,77.88,198.01,23.51,40.49,50.68,117.51,195.05,67.86,28.44,25.82,2718.15,96.44,61.34,57.4,180.55,25.92,66.43,28.865,58.69,50.766,156.08,66.37,171.101,123.09,105.91,60.14,67.62
2023-06-08,22.87,37.485,65.18,78.99,197.74,23.12,40.42,51.03,117.19,196.65,68.81,28.127,25.36,2695.67,95.76,61.4,57.33,181.59,25.73,66.31,28.855,58.1,50.766,153.61,66.26,170.592,123.3,104.05,60.5,67.38
2023-06-09,22.67,37.635,64.58,79.12,198.29,23.21,40.43,50.62,116.34,194.64,68.03,28.14,25.3,2702.64,96.22,61.37,57.05,181.18,25.72,66.13,29.115,57.51,50.365,152.41,67.03,170.415,123.89,102.04,59.87,67.4
2023-06-12,22.6,36.735,64.59,78.83,198.07,22.3,39.74,50.1,116.36,194.59,68.01,28.507,25.49,2754.87,96.19,61.64,56.99,181.48,25.79,65.79,29.14,57.4,49.79,152.26,65.86,172.368,123.97,102.03,60.17,67.28
2023-06-13,22.36,37.34,64.84,79.84,197.65,22.59,39.99,49.94,118.24,192.92,66.63,29.007,25.66,2750.32,97.76,61.8,57.27,180.2,25.8,66.42,29.302,57.63,49.654,153.21,66.79,172.409,124.82,102.5,59.77,67.75
2023-06-14,22.37,36.965,65.04,79.92,197.87,22.16,39.73,49.16,118.27,192.95,66.87,29.4,25.48,2758.4,98.8,60.37,57.64,182.49,25.67,66.31,29.255,58.41,49.626,155.49,66.19,175.514,125.18,103.61,59.43,67.36
2023-06-15,21.79,36.76,64.96,80.58,198.07,22.42,39.99,49.23,118.61,191.54,66.63,29.447,25.42,2747.75,99.54,60.0,58.02,181.68,25.53,66.69,29.15,58.4,49.644,155.89,66.2,176.189,125.83,103.5,59.05,67.24
2023-06-16,22.05,36.28,64.73,80.71,198.54,21.97,39.75,49.47,119.1,192.25,67.3,29.52,25.73,2719.92,99.43,60.28,58.26,181.5,25.04,66.21,28.805,58.03,48.833,156.99,65.39,177.819,125.88,103.53,59.22,67.18
2023-06-19,21.74,36.27,65.14,80.87,197.22,22.0,39.69,49.6,118.86,191.58,66.47,29.067,25.69,2707.99,98.5,60.13,58.36,180.74,25.09,66.51,28.945,58.18,48.724,156.33,65.2,177.29,125.36,102.65,58.95,66.85
2023-06-20,21.25,35.28,65.3,80.18,197.29,21.65,38.51,48.8,118.05,183.17,64.5,28.92,25.49,2695.36,98.16,59.7,57.14,180.84,24.78,65.28,28.952,58.07,48.879,155.3,64.69,179.117,124.76,102.59,56.87,66.66
2023-06-21,21.2,35.99,64.54,79.75,196.43,22.15,39.0,48.62,117.52,181.37,64.67,28.467,25.48,2682.96,97.85,59.33,56.59,180.03,24.62,64.58,28.692,58.21,48.778,156.33,65.72,176.604,124.59,104.38,56.18,66.57
2023-06-22,21.57,35.515,64.74,78.63,196.99,21.46,37.91,48.28,117.32,182.1,64.54,27.853,25.47,2650.22,96.48,59.18,55.84,180.26,24.29,63.91,28.985,58.99,48.514,157.75,64.33,178.474,123.61,106.13,56.26,66.84
2023-06-23,21.69,35.175,63.48,78.0,195.74,21.15,37.51,47.74,115.7,183.59,64.79,27.547,25.35,2660.96,94.62,58.82,55.25,179.63,24.02,63.28,29.097,58.57,47.229,155.32,63.38,176.17,122.32,105.57,56.21,66.4
2023-06-26,21.78,35.955,64.76,79.28,196.98,21.74,38.19,48.47,117.37,183.1,64.69,27.6,25.21,2650.37,96.25,58.91,56.34,181.19,24.11,64.04,29.585,58.87,48.933,156.24,65.82,177.91,123.62,105.11,56.53,67.4
2023-06-27,21.91,35.93,65.35,80.05,199.12,21.71,38.0,48.41,118.76,182.78,64.58,28.333,25.22,2687.0,97.03,59.14,55.82,182.91,24.49,64.58,29.622,59.49,48.669,157.61,65.69,182.49,125.23,105.88,56.61,67.71
2023-06-28,21.98,36.43,68.0,80.5,199.84,21.99,38.47,48.67,118.13,181.24,64.23,28.633,25.49,2723.93,96.93,59.49,56.01,184.04,24.68,64.65,29.785,60.25,48.815,157.8,66.78,179.26,124.92,104.77,56.39,67.82
2023-06-29,22.01,36.865,67.93,81.46,201.18,22.16,38.63,49.03,118.64,183.75,65.19,28.8,25.6,2704.03,97.95,59.8,56.29,185.81,24.73,65.54,29.81,60.55,48.149,158.67,67.5,177.66,125.51,105.1,56.35,68.2
2023-06-30,22.41,37.24,67.93,82.11,204.54,22.5,38.86,49.24,119.64,188.81,66.15,29.733,25.78,2744.76,98.7,60.4,56.56,189.33,25.04,66.28,30.32,60.44,48.806,160.42,67.78,178.86,126.52,107.0,57.29,69.06
2023-07-03,22.41,37.24,67.93,82.11,204.54,22.5,38.86,49.24,119.64,188.81,66.15,29.733,25.78,2744.76,98.7,60.4,56.56,189.33,25.04,66.28,30.32,60.44,48.806,160.42,67.78,178.86,126.52,107.0,57.29,69.06
2023-07-04,22.47,37.24,67.68,83.34,202.53,22.85,39.36,49.23,120.05,188.5,66.02,29.407,25.9,2751.98,98.94,60.39,56.75,186.85,25.12,65.3,30.132,61.1,48.687,160.74,68.12,176.63,126.72,107.84,58.64,68.93
2023-07-05,22.17,36.895,68.0,83.18,202.38,22.85,39.08,48.86,120.49,185.66,65.48,29.52,25.99,2698.52,98.6,60.5,56.43,187.49,24.82,64.79,30.122,60.77,48.095,159.15,68.04,177.55,127.08,106.62,56.81,68.62
2023-07-06,21.7,36.11,66.2,81.42,199.75,22.45,38.0,48.48,118.74,183.7,64.44,28.387,25.8,2656.35,97.58,60.13,55.9,187.24,24.58,63.29,29.968,60.25,47.758,156.7,65.61,179.24,125.51,105.25,55.35,67.89
2023-07-07,21.71,37.085,65.26,80.88,199.3,23.02,38.82,48.38,119.15,184.25,64.26,28.86,25.76,2659.64,98.21,59.54,55.84,184.32,24.6,63.95,29.665,60.2,47.402,153.52,65.42,172.36,125.52,104.03,55.21,67.63
2023-07-10,21.96,37.195,65.09,81.03,197.58,23.1,38.83,48.01,119.37,186.86,65.65,28.687,25.44,2615.11,97.86,58.81,55.62,184.17,24.38,63.52,29.692,58.74,47.201,153.93,64.57,174.18,125.27,103.56,56.11,67.06
2023-07-11,22.1,37.71,65.4,81.46,194.21,23.43,39.0,48.15,119.83,186.78,66.06,28.58,25.32,2626.57,98.23,58.63,55.62,183.37,24.56,63.8,29.25,59.07,47.229,153.01,65.61,172.44,125.84,103.69,55.66,66.83
2023-07-12,23.04,38.09,65.45,82.07,194.75,23.0,39.16,48.59,120.27,192.57,69.44,29.06,25.37,2612.95,99.32,58.72,55.74,183.45,24.6,64.67,29.11,58.8,47.065,154.28,64.81,172.18,126.08,104.7,58.13,67.01
2023-07-13,23.07,38.43,66.31,83.25,193.4,23.23,39.06,48.95,121.32,192.21,69.41,30.227,25.55,2684.07,99.48,59.09,56.77,184.99,24.89,65.53,29.295,59.44,47.603,155.51,65.77,171.64,127.42,105.46,58.48,67.23
2023-07-14,22.95,37.435,66.88,83.88,196.16,22.81,38.25,48.64,121.37,193.0,69.56,30.3,24.32,2698.04,99.8,58.57,56.68,187.02,24.92,65.32,29.925,58.91,47.101,156.5,64.75,175.44,128.12,106.59,59.13,67.56
2023-07-17,22.93,36.84,67.14,84.25,195.97,22.27,37.89,48.13,121.65,192.68,69.4,30.093,23.92,2751.46,100.63,57.65,57.08,186.57,25.35,65.54,30.07,57.95,46.317,155.08,64.27,174.92,129.07,105.29,58.62,68.0
2023-07-18,23.24,37.92,67.33,85.01,195.03,22.63,38.53,48.23,122.59,195.31,70.92,30.78,23.8,2798.17,100.45,57.25,57.74,184.37,25.38,66.28,29.75,59.04,46.071,154.67,64.92,173.54,129.66,105.89,59.19,68.27
2023-07-19,23.23,38.045,67.08,86.05,196.43,22.52,38.37,48.52,123.38,195.4,70.58,31.407,24.29,2813.15,100.95,57.77,57.87,185.49,25.43,67.02,29.663,59.31,46.308,155.37,63.92,174.66,130.17,106.33,59.06,68.46
2023-07-20,22.75,38.13,67.13,85.73,197.37,22.58,38.35,49.1,123.65,193.32,68.39,31.027,24.33,2800.0,100.95,58.17,57.96,189.29,25.62,67.21,29.835,59.01,47.311,155.01,65.25,174.07,130.43,106.1,57.91,68.97
2023-07-21,22.96,38.52,67.63,86.24,199.25,23.01,38.95,49.43,123.39,193.51,68.86,31.273,24.79,2811.43,101.4,58.73,57.9,191.15,25.8,67.26,30.09,59.28,47.612,156.71,67.17,173.99,131.03,107.63,58.39,69.45
2023-07-24,22.88,39.315,67.15,86.32,198.64,23.64,39.8,49.65,123.42,192.71,68.26,31.173,24.66,2806.13,102.03,58.39,58.07,191.3,25.91,67.11,30.15,59.44,46.39,156.72,68.98,173.29,132.06,108.32,58.64,69.35
2023-07-25,23.1,39.755,67.09,85.23,198.32,23.91,39.98,49.35,123.17,195.16,68.91,31.32,24.44,2815.65,102.05,57.75,57.4,188.54,26.1,65.36,29.87,59.15,44.211,156.38,68.82,176.9,130.01,109.09,60.06,69.55
2023-07-26,22.76,39.575,67.15,86.0,199.13,23.81,40.14,49.33,123.41,194.6,68.89,31.16,24.09,2768.84,102.4,57.52,57.61,188.67,26.23,65.71,29.205,60.82,44.613,156.69,68.88,175.01,130.17,110.89,59.4,69.63
2023-07-27,22.21,39.17,66.95,85.9,197.18,24.46,39.78,48.65,121.6,189.25,66.94,30.72,23.88,2748.26,102.45,57.1,57.53,186.5,26.3,65.81,29.173,57.48,43.118,156.71,68.25,175.23,130.16,109.94,57.93,69.48
2023-07-28,22.48,39.985,66.69,86.08,198.09,24.99,40.74,48.19,121.75,190.65,67.93,30.62,23.62,2785.39,102.88,57.04,57.89,187.18,26.32,66.05,29.188,58.36,41.249,159.91,71.63,177.35,130.31,109.93,58.23,69.63
2023-07-31,22.78,40.095,66.76,86.96,194.81,25.08,41.26,48.48,122.54,192.42,69.13,30.687,23.48,2785.96,103.28,56.96,58.08,186.23,26.36,66.4,29.25,57.74,43.081,159.84,71.04,178.0,130.73,108.5,59.13,69.4
2023-08-01,22.64,40.45,66.77,86.72,194.1,25.23,41.2,48.3,121.06,189.75,67.26,30.48,23.55,2761.71,103.19,56.8,57.24,189.86,26.26,65.54,29.035,58.07,43.2,158.74,71.06,179.43,129.67,107.97,58.2,69.48
2023-08-02,22.07,39.54,66.03,85.9,193.49,24.8,40.25,48.29,119.16,184.64,64.89,29.72,23.11,2666.83,102.57,56.17,56.81,188.75,25.73,64.72,29.183,56.48,43.829,155.84,69.74,182.56,128.49,106.83,56.4,68.63
2023-08-03,21.8,40.0,65.81,85.96,190.69,25.44,40.5,48.07,118.74,185.2,64.57,28.913,23.09,2664.5,100.94,55.52,56.51,187.85,25.67,64.24,28.862,55.99,44.239,156.53,69.96,175.11,127.7,108.06,56.63,68.33
2023-08-04,22.04,40.755,65.99,86.4,196.7,25.5,41.08,48.08,119.44,187.38,64.99,29.467,22.97,2689.24,101.63,56.28,56.96,190.15,25.99,64.37,28.975,56.09,43.929,156.45,71.11,176.07,128.25,108.2,58.79,69.02
2023-08-07,22.04,40.755,65.99,86.4,196.7,25.5,41.08,48.08,119.44,187.38,64.99,29.467,22.97,2689.24,101.63,56.28,56.96,190.15,25.99,64.37,28.975,56.09,43.929,156.45,71.11,176.07,128.25,108.2,58.79,69.02
2023-08-08,22.02,40.885,67.23,85.42,196.88,25.83,41.73,48.29,118.24,184.88,64.65,29.647,22.98,2704.7,101.89,56.07,56.39,188.09,26.06,63.81,29.16,55.48,44.248,157.02,72.51,174.87,127.48,108.3,58.69,68.52
2023-08-09,22.11,41.155,67.61,85.25,197.23,26.0,42.6,48.97,118.46,187.45,65.0,29.453,23.55,2725.41,102.4,56.65,55.79,191.27,25.87,63.84,29.34,56.21,44.585,158.21,72.78,175.97,127.48,108.98,59.36,68.27
2023-08-10,22.38,41.32,68.91,85.85,200.05,26.07,42.41,48.97,118.21,187.9,65.08,30.947,23.84,2772.19,102.86,56.89,56.0,188.01,26.23,64.2,29.735,56.79,44.467,156.54,73.5,176.65,127.7,108.87,59.25,67.87
2023-08-11,22.73,41.61,69.73,86.26,200.23,26.6,42.66,49.38,118.23,192.02,65.99,30.8,23.78,2762.14,103.58,56.78,56.0,189.13,26.18,64.6,29.503,56.7,44.968,157.23,74.62,177.72,127.57,109.18,60.87,67.85
2023-08-14,22.42,41.585,69.52,85.85,200.48,26.51,42.4,47.91,117.74,191.0,64.8,30.807,23.69,2699.9,103.24,56.27,55.63,190.34,25.97,64.2,29.462,56.18,44.768,156.43,74.4,179.12,126.87,108.23,59.59,67.3
2023-08-15,21.61,40.37,68.49,84.25,196.29,26.07,41.91,46.86,115.07,185.66,63.29,30.153,23.13,2669.94,101.35,55.6,54.17,186.88,25.37,63.22,28.98,54.69,44.011,153.7,73.04,177.36,124.04,106.54,57.29,65.99
2023-08-16,21.33,40.43,68.6,84.21,197.83,26.12,43.1,46.84,114.41,187.18,62.17,30.033,23.12,2703.79,101.69,55.48,54.22,188.18,25.28,63.15,29.17,54.5,44.093,153.75,73.46,176.01,123.42,106.21,56.17,65.88
2023-08-17,21.21,40.935,69.85,83.96,196.37,26.24,44.18,47.22,113.97,183.7,62.9,29.36,22.99,2648.27,100.63,55.04,53.87,186.1,25.16,62.8,29.118,53.99,43.993,153.3,75.1,171.95,122.49,106.27,55.82,65.27
2023-08-18,21.15,41.7,69.5,83.93,195.5,26.19,44.84,47.25,113.26,183.61,62.62,29.887,22.83,2643.72,100.33,55.14,53.76,186.89,24.45,62.42,28.93,53.55,44.157,153.95,76.12,171.44,121.47,106.43,55.56,64.51
2023-08-21,21.27,41.595,69.17,83.55,194.09,25.99,44.34,47.04,113.09,185.22,63.09,29.607,23.0,2682.16,99.45,54.89,53.43,186.87,24.26,62.08,28.875,53.43,44.111,152.54,75.75,172.36,121.24,106.0,55.95,64.03
2023-08-22,21.49,41.555,68.6,82.56,191.02,25.95,44.14,46.5,111.32,187.34,63.47,28.987,22.8,2691.93,98.55,54.77,53.21,185.97,23.84,61.62,28.698,53.24,43.61,151.98,75.32,171.07,119.71,106.03,56.43,63.61
2023-08-23,21.8,41.29,69.65,83.36,194.15,25.55,44.4,46.6,112.88,190.02,64.81,29.42,22.94,2758.41,100.01,54.85,53.58,186.52,24.13,62.47,28.833,53.38,43.747,152.92,74.95,172.73,120.26,107.16,57.85,64.35
2023-08-24,21.68,40.775,70.85,80.67,193.8,25.1,44.21,46.42,112.59,189.69,64.96,29.327,23.22,2711.36,99.38,56.19,53.92,185.25,24.33,62.4,28.882,53.82,43.446,151.7,74.3,171.38,122.62,106.07,57.41,64.53
2023-08-25,21.64,41.405,71.29,80.37,194.68,25.62,44.77,46.83,112.16,188.33,64.37,29.447,23.35,2723.35,98.16,56.32,53.98,187.55,24.33,62.12,29.138,53.41,43.82,152.98,75.03,172.42,121.02,106.87,57.25,64.59
2023-08-28,22.03,42.43,70.04,82.03,193.68,25.8,45.2,47.18,114.07,192.12,65.79,29.853,23.64,2723.03,99.44,57.26,54.51,187.31,24.45,62.82,29.263,54.83,44.221,152.67,75.78,172.2,122.02,107.14,58.49,64.89
2023-08-29,22.18,43.405,71.31,83.25,194.44,26.38,46.01,47.54,114.3,195.3,66.52,30.72,23.98,2752.53,100.47,57.73,55.26,188.52,24.91,64.52,29.855,55.49,44.558,153.2,76.62,174.13,122.66,107.47,59.34,65.16
2023-08-30,22.12,43.49,71.26,83.43,193.59,26.73,46.32,47.73,115.69,195.25,66.5,30.767,23.94,2790.55,96.54,57.66,55.32,187.29,24.96,64.48,29.858,55.41,44.758,154.32,77.24,174.65,122.98,108.46,59.28,65.45
2023-08-31,21.9,43.71,70.66,82.42,190.5,26.94,45.77,47.44,116.37,194.66,65.61,30.747,23.73,2775.46,94.17,57.24,53.54,185.24,24.98,64.12,29.333,54.97,44.485,152.2,76.73,173.99,121.74,107.26,58.94,65.91
2023-09-01,21.95,44.165,72.39,83.27,193.99,27.41,46.45,48.3,117.1,195.21,65.46,31.46,23.81,2847.35,94.88,56.4,54.16,189.41,25.34,65.48,29.642,55.84,45.132,153.91,78.81,175.29,122.85,109.32,58.74,66.68
2023-09-04,21.95,44.165,72.39,83.27,193.99,27.41,46.45,48.3,117.1,195.21,65.46,31.46,23.81,2847.35,94.88,56.4,54.16,189.41,25.34,65.48,29.642,55.84,45.132,153.91,78.81,175.29,122.85,109.32,58.74,66.68
2023-09-05,21.72,44.56,71.93,82.73,194.06,27.54,46.84,48.16,116.32,192.52,64.47,30.767,23.47,2830.21,94.24,56.0,54.13,189.71,25.3,64.51,29.785,54.99,45.187,151.91,78.79,174.16,122.02,108.26,57.07,66.54
2023-09-06,21.6,44.605,71.56,81.75,193.45,27.74,46.98,45.31,115.18,192.32,64.18,30.513,23.24,2792.3,92.38,55.42,53.78,187.66,25.23,64.32,29.77,54.48,44.211,149.29,79.16,173.1,121.24,106.63,57.1,67.27
2023-09-07,21.62,44.69,70.15,80.78,193.26,27.86,46.76,45.47,114.58,192.2,64.5,30.653,22.92,2803.17,91.33,55.29,53.51,189.97,25.3,63.8,29.298,53.89,44.275,147.34,78.71,175.69,120.3,105.68,57.14,66.02
2023-09-08,21.55,44.295,71.5,80.63,193.25,27.89,46.84,45.77,114.19,189.96,64.62,31.073,22.84,2761.97,92.51,55.28,53.19,188.01,25.15,63.47,29.532,53.25,44.713,147.15,79.01,175.41,120.1,104.22,57.56,65.55
2023-09-11,21.82,43.03,72.1,81.88,194.29,27.31,45.82,45.79,115.6,191.76,65.24,31.553,22.92,2800.57,93.37,55.62,53.86,189.0,25.52,63.92,29.645,53.83,44.603,148.34,78.19,175.15,120.4,105.26,58.58,66.52
2023-09-12,21.78,43.885,72.14,82.13,192.24,27.95,46.98,46.29,116.19,192.03,64.99,31.247,23.04,2789.66,94.3,55.78,54.1,189.98,25.58,64.11,29.52,54.52,44.959,148.27,79.36,173.63,121.22,105.27,58.4,66.77
2023-09-13,21.83,43.575,73.01,82.77,195.07,27.77,46.62,46.49,117.63,190.75,64.16,31.82,22.84,2786.73,93.88,55.89,54.56,192.34,25.53,64.81,29.397,55.67,45.032,150.86,78.71,174.65,121.96,105.7,57.57,66.89
2023-09-14,22.06,43.71,73.81,83.93,198.7,28.15,46.96,47.72,119.05,191.98,65.01,32.52,23.38,2871.25,93.93,55.4,55.02,192.15,26.0,65.18,29.42,55.98,46.171,156.16,80.78,176.04,123.46,107.99,58.06,68.06
2023-09-15,22.51,43.57,73.39,84.1,199.89,28.07,47.46,47.6,120.38,194.56,66.41,32.52,23.27,2879.96,94.25,55.15,55.56,191.85,26.21,65.54,28.843,56.28,46.199,157.48,80.03,175.67,124.12,108.52,59.82,68.43
2023-09-18,22.52,43.6,72.74,83.85,199.83,27.87,47.06,47.25,119.3,194.36,67.15,32.307,23.18,2844.05,95.04,55.04,55.22,190.86,26.12,65.38,28.892,56.51,45.825,156.17,79.27,175.78,123.35,106.81,60.01,68.1
2023-09-19,21.95,42.97,71.42,82.94,199.35,27.67,46.82,46.98,117.87,192.5,66.21,31.5,22.87,2784.73,94.65,54.55,54.99,189.84,26.35,64.83,28.382,55.77,45.606,152.72,78.63,172.46,122.36,105.32,58.86,67.86
2023-09-20,22.13,42.3,71.39,83.03,200.7,27.14,46.45,47.11,118.33,193.55,67.68,31.393,22.98,2787.98,94.71,54.63,55.15,190.91,26.16,64.52,28.42,56.32,45.697,152.58,78.26,172.85,122.77,105.63,60.13,67.88
2023-09-21,21.61,41.565,70.63,81.84,198.37,26.57,46.11,46.27,116.58,189.28,66.2,29.713,22.65,2715.78,92.96,53.56,54.45,186.91,25.55,63.43,28.28,54.56,44.439,148.58,77.84,168.98,120.84,102.98,58.48,66.97
2023-09-22,21.3,41.565,70.73,81.76,199.81,26.64,45.67,46.54,115.6,189.72,66.17,29.5,22.9,2705.0,91.73,53.74,54.04,185.51,25.54,63.33,28.263,54.85,44.722,148.52,78.77,169.25,120.19,103.11,58.43,67.09
2023-09-25,20.94,42.55,70.38,82.42,198.82,27.19,46.06,46.37,115.71,185.83,65.4,29.393,22.72,2716.7,91.19,53.1,54.04,185.92,25.34,62.57,28.03,54.12,44.722,150.1,81.15,169.45,120.42,103.45,57.39,66.83
2023-09-26,20.55,43.555,69.95,81.38,197.72,27.51,46.18,45.55,114.61,180.88,63.55,28.753,22.43,2723.35,89.59,52.08,53.79,184.2,25.03,62.02,28.475,53.03,43.965,149.48,81.63,167.3,118.86,100.7,56.21,66.31
2023-09-27,19.78,44.55,70.27,81.23,195.37,28.33,47.44,45.41,113.28,178.05,61.03,28.327,22.07,2748.3,88.77,51.51,52.01,183.54,24.63,61.55,28.3,52.08,44.43,146.74,84.34,166.71,117.3,99.85,54.33,65.42
2023-09-28,19.66,44.63,71.32,81.96,198.21,28.46,47.52,45.27,114.68,180.51,61.52,28.853,22.13,2794.16,90.88,51.56,52.74,184.05,24.94,62.0,28.82,52.22,42.58,147.96,83.98,166.76,118.76,100.74,54.6,66.06
2023-09-29,19.73,43.92,68.98,81.83,198.02,28.28,46.71,45.05,114.58,181.33,61.72,28.313,22.18,2804.07,90.23,51.85,52.43,182.37,24.82,60.88,28.85,52.15,42.58,147.09,83.66,166.16,118.7,100.96,55.12,66.27
2023-10-02,19.43,43.145,70.14,80.41,196.0,27.48,45.8,43.76,111.64,177.98,59.86,27.473,21.37,2787.26,88.72,50.13,51.46,181.16,24.46,59.56,29.03,50.62,41.705,145.46,81.9,166.29,115.95,99.67,53.24,65.39
2023-10-03,19.46,43.365,71.05,79.65,195.67,27.44,45.98,43.28,109.84,178.57,60.66,27.527,21.5,2801.24,87.49,49.88,50.36,182.4,24.19,58.15,29.298,50.81,41.933,145.44,81.78,165.99,113.14,100.72,53.8,64.39
2023-10-04,19.51,41.35,71.66,79.44,197.98,26.33,43.78,43.12,110.25,176.55,59.62,27.767,22.19,2825.0,87.5,50.16,50.94,183.65,24.31,59.12,29.395,51.26,41.231,146.27,78.61,168.48,114.19,100.41,53.33,64.85
2023-10-05,19.71,41.45,72.02,79.39,199.23,26.27,43.83,43.52,110.81,179.11,60.81,27.407,22.62,2849.99,88.31,51.23,51.16,185.65,24.62,59.69,29.263,52.03,41.832,146.2,77.77,169.95,115.07,99.73,53.72,65.49
2023-10-06,19.95,41.98,71.87,79.8,199.09,26.5,44.03,43.47,110.77,180.68,61.63,27.833,22.55,2877.15,88.69,51.02,51.09,185.83,24.9,59.41,29.115,51.99,41.686,146.35,78.34,170.86,114.9,99.54,54.29,66.15
2023-10-09,19.95,41.98,71.87,79.8,199.09,26.5,44.03,43.47,110.77,180.68,61.63,27.833,22.55,2877.15,88.69,51.02,51.09,185.83,24.9,59.41,29.115,51.99,41.686,146.35,78.34,170.86,114.9,99.54,54.29,66.15
2023-10-10,20.29,44.27,72.64,80.52,197.88,27.6,46.06,44.02,111.2,182.24,63.48,29.16,22.67,2848.09,88.42,51.61,51.67,187.35,25.11,60.15,28.933,53.22,42.771,147.66,81.94,172.14,115.51,98.95,55.29,66.21
2023-10-11,20.69,44.285,74.34,81.42,200.7,27.85,45.88,44.61,112.1,186.05,64.64,30.213,22.92,2870.46,89.46,52.22,51.89,187.66,25.52,60.53,29.028,54.25,43.455,148.39,81.95,173.57,116.38,99.74,56.45,67.6
2023-10-12,20.71,44.74,74.68,80.86,199.73,28.09,46.39,44.55,111.3,184.05,63.98,29.653,22.84,2846.07,88.47,51.82,51.52,187.66,25.27,59.9,29.103,53.07,43.4,147.5,83.12,173.03,115.55,99.07,55.75,67.03
2023-10-13,21.5,45.595,74.4,80.35,199.95,28.81,46.74,44.7,110.01,189.66,66.37,29.28,22.82,2827.77,87.74,51.66,51.02,189.03,25.06,59.34,28.45,52.78,43.665,147.15,82.99,172.81,114.54,98.18,58.01,66.7
2023-10-16,21.53,45.89,74.01,81.24,199.73,28.59,46.69,45.14,111.72,189.71,65.61,29.773,23.01,2846.38,88.78,52.53,51.84,188.8,25.22,60.09,28.743,53.62,43.865,148.9,83.08,173.11,116.2,99.1,58.08,66.96
2023-10-17,22.39,45.745,74.5,81.72,200.46,28.79,46.88,44.43,112.0,192.22,67.29,30.067,22.87,2843.52,88.43,52.36,52.13,189.86,25.32,59.95,28.688,53.02,43.655,148.58,83.33,172.48,115.53,98.68,58.86,66.94
2023-10-18,22.66,45.84,73.93,80.38,199.36,29.05,47.33,44.11,109.44,191.74,67.56,29.293,22.51,2830.0,86.85,51.32,50.93,188.71,24.86,58.65,28.25,51.94,43.218,144.51,83.64,170.29,113.65,97.26,58.95,65.99
2023-10-19,22.74,45.575,73.8,79.92,198.44,29.03,47.29,44.02,108.44,189.35,68.07,28.533,22.45,2857.61,88.55,51.51,50.32,186.56,24.43,58.23,27.968,52.01,43.163,144.12,83.58,168.01,113.03,97.78,58.95,64.12
2023-10-20,23.17,44.885,73.49,78.71,194.71,28.32,46.5,43.63,106.27,190.47,68.31,28.087,22.12,2835.65,85.15,50.68,48.64,187.11,23.88,56.68,27.88,50.52,42.397,145.93,82.03,166.92,111.01,97.6,59.17,63.09
2023-10-23,22.67,44.285,73.29,78.55,194.57,27.66,45.88,43.98,106.07,190.64,67.63,28.067,22.07,2816.04,85.07,51.17,48.76,185.61,23.97,56.66,27.94,50.87,42.47,144.73,80.39,168.64,111.33,96.58,59.68,63.0
2023-10-24,22.73,43.705,72.93,76.83,193.0,27.01,45.15,44.14,104.98,189.92,67.89,28.307,22.36,2812.36,84.97,51.55,48.22,184.54,23.9,56.19,27.74,51.93,42.598,144.99,79.43,168.64,110.38,95.34,59.95,62.64
2023-10-25,22.87,44.34,73.81,76.92,193.96,27.33,45.8,44.53,104.77,189.64,67.37,27.407,22.28,2781.31,85.24,51.22,48.19,189.49,23.88,55.97,27.885,52.0,43.2,146.57,80.85,167.91,109.11,96.2,59.94,62.74
2023-10-26,22.53,44.37,73.75,77.41,192.14,27.07,45.17,44.26,106.06,185.16,65.55,27.56,22.32,2714.14,85.91,51.35,48.44,176.94,24.08,56.12,27.827,51.8,43.154,144.65,81.3,165.98,110.21,96.48,59.13,62.79
2023-10-27,22.67,44.0,72.86,76.16,189.34,26.8,45.06,43.57,102.94,190.66,67.63,26.953,22.01,2671.94,85.61,50.83,48.15,177.6,23.79,55.41,27.653,51.01,42.799,145.05,79.74,163.51,108.47,96.5,60.36,62.04
2023-10-30,22.25,44.05,74.92,77.19,193.5,26.45,44.87,44.04,104.53,174.47,65.81,26.847,22.36,2753.42,87.33,51.55,48.78,179.42,24.17,56.17,28.325,51.38,43.154,146.54,79.9,166.52,110.12,98.2,60.07,62.89
2023-10-31,22.15,44.03,75.49,77.46,194.84,26.42,44.91,44.44,104.79,168.7,65.04,26.933,22.36,2780.01,86.22,51.48,48.91,179.56,24.14,56.15,28.355,51.38,43.537,146.73,79.03,166.11,110.76,98.46,58.57,63.34
2023-11-01,22.24,44.855,76.39,77.49,199.35,26.36,45.36,44.92,104.81,165.81,65.18,28.22,22.78,2830.65,86.5,52.52,49.22,179.88,24.52,56.5,28.8,52.43,44.23,147.93,80.41,169.46,111.27,99.32,59.72,63.97
2023-11-02,22.08,46.645,78.0,79.81,200.6,26.75,46.95,46.06,107.95,167.75,65.38,29.42,23.66,2852.81,88.49,53.69,51.33,182.37,25.18,58.88,29.45,54.88,45.369,149.63,80.46,174.38,114.79,100.8,59.43,65.24
2023-11-03,22.54,45.775,76.8,80.98,198.84,26.14,46.11,46.26,109.49,170.43,67.6,30.287,24.25,2864.51,88.66,54.52,51.82,182.08,25.48,59.17,29.892,55.76,45.506,151.77,78.5,174.24,116.05,101.55,61.39,65.68
2023-11-06,22.33,45.56,77.27,81.35,199.42,25.77,46.02,46.37,108.6,170.43,67.33,29.573,24.16,2858.22,88.22,54.2,51.92,181.38,25.39,59.24,30.285,55.46,45.324,151.47,78.48,176.54,116.22,101.79,61.0,65.34
2023-11-07,21.69,43.915,77.43,80.94,196.37,24.61,44.1,46.31,107.64,168.68,66.3,29.36,24.02,2883.98,87.23,53.6,51.7,181.26,25.15,59.13,30.198,55.67,45.059,151.42,76.93,176.66,115.78,101.14,59.66,64.86
2023-11-08,20.95,43.03,78.12,81.0,205.59,24.17,43.29,46.29,106.78,166.0,64.75,29.573,23.82,2925.45,88.26,53.32,51.67,181.28,24.92,58.63,29.958,55.34,45.433,152.15,75.52,178.49,116.0,101.78,58.52,64.72
2023-11-09,21.14,43.895,78.57,81.44,206.13,24.2,44.89,46.12,106.96,165.86,65.36,29.687,23.82,2924.99,89.02,53.37,51.82,180.2,25.67,58.98,30.08,57.1,45.305,152.39,75.59,181.86,116.24,100.55,59.31,65.49
2023-11-10,20.98,44.545,78.65,81.96,206.37,24.92,45.78,46.1,107.32,164.69,64.9,29.48,23.79,3034.0,88.65,53.12,51.98,180.2,25.79,58.95,30.327,56.93,45.114,154.14,77.28,180.58,116.78,97.54,59.31,65.72
2023-11-13,20.88,44.97,78.8,82.59,208.26,25.04,46.53,46.65,107.74,162.84,64.4,29.633,23.77,3091.74,87.11,53.17,52.15,180.19,25.73,59.15,30.618,57.19,45.15,155.34,78.35,183.47,116.88,95.89,59.78,66.05
2023-11-14,21.51,45.395,78.54,83.6,208.91,24.94,45.99,45.56,110.2,166.01,66.03,31.4,24.25,3053.87,89.99,54.07,53.28,184.82,25.96,60.23,30.757,57.84,45.406,156.97,77.8,183.26,119.14,97.07,61.37,68.54
2023-11-15,21.36,44.725,77.38,83.85,207.0,24.51,45.63,45.72,111.12,164.36,65.41,31.407,24.45,3125.33,90.67,54.04,53.52,183.37,25.97,60.51,30.073,58.21,45.615,156.21,77.1,182.59,119.89,97.87,60.99,68.99
2023-11-16,21.85,43.995,78.08,83.8,208.87,24.03,44.57,45.3,111.05,166.57,67.06,31.253,24.31,3161.69,90.52,54.2,53.59,185.81,25.89,60.57,30.73,58.08,45.351,157.01,76.47,188.19,119.76,98.62,63.13,69.18
2023-11-17,21.55,45.64,78.24,84.78,209.04,24.8,46.33,46.22,112.03,165.16,66.37,30.967,24.22,3154.17,91.34,54.19,54.22,184.82,26.29,61.09,30.44,58.67,45.889,158.14,79.11,188.36,120.49,98.39,62.71,69.48
2023-11-20,21.69,45.845,78.85,85.1,210.01,24.92,45.94,46.23,111.68,161.72,66.69,31.66,24.2,3184.43,90.98,54.19,54.3,184.39,26.49,60.99,30.192,58.54,45.998,157.38,79.26,190.66,120.53,98.13,62.95,69.77
2023-11-21,22.19,45.27,78.29,84.22,210.18,24.6,45.42,46.36,110.68,160.16,67.87,30.987,24.1,3179.14,90.29,53.93,53.39,180.32,26.13,60.41,29.772,58.55,46.144,156.78,78.88,189.76,119.78,97.21,64.36,69.47
2023-11-22,22.21,44.425,80.03,83.36,211.13,23.98,45.05,46.44,110.43,162.35,67.9,31.333,24.05,3180.36,89.89,53.77,53.67,182.38,26.09,60.17,30.587,58.65,46.335,155.78,78.02,189.59,118.97,97.22,64.72,69.8
2023-11-23,22.03,44.665,78.96,83.15,211.5,24.16,44.7,46.45,110.21,160.84,67.67,31.167,24.04,3194.46,89.61,53.77,53.65,182.53,26.22,60.17,30.427,58.83,46.162,157.67,78.8,189.33,118.66,98.0,64.65,69.65
2023-11-24,22.05,44.64,79.2,83.35,212.14,24.09,44.65,46.57,110.33,159.74,67.65,30.947,24.06,3182.4,90.2,53.76,53.69,181.79,26.39,60.13,30.417,58.7,46.126,157.24,78.87,189.15,118.96,97.81,63.98,69.9
2023-11-27,22.55,43.525,78.75,83.07,212.17,23.86,43.94,46.22,109.75,158.72,69.15,30.893,24.09,3207.59,90.19,53.57,52.88,181.99,26.28,60.25,30.433,58.48,45.497,152.48,78.16,192.31,118.13,94.85,64.83,69.65
2023-11-28,23.67,44.37,78.75,82.61,211.54,23.98,44.52,46.37,108.47,160.37,72.49,31.453,24.04,3211.4,88.03,53.27,52.39,180.47,26.22,57.57,30.017,57.92,46.18,153.28,78.48,190.32,117.32,95.33,66.71,68.55
2023-11-29,23.64,45.09,76.23,83.3,208.89,24.01,44.83,46.92,110.1,154.99,72.6,32.24,23.86,3215.72,89.52,53.12,53.36,180.3,26.24,59.71,30.115,57.42,45.953,155.53,78.23,189.08,118.81,96.95,66.68,68.38
2023-11-30,23.84,45.305,77.4,82.74,210.3,24.07,44.74,47.38,111.38,151.98,72.85,31.907,24.28,3187.3,89.92,53.43,56.1,183.79,26.58,60.7,29.25,58.43,46.39,157.46,76.45,189.58,122.62,97.69,66.35,68.52
2023-12-01,23.94,45.815,76.93,81.91,210.8,23.91,44.53,47.47,113.66,152.71,73.4,32.527,24.98,3226.0,94.28,54.39,56.55,188.37,26.63,61.0,29.548,60.27,46.545,160.23,77.09,190.28,122.94,100.99,66.84,68.83
2023-12-04,23.72,45.16,77.99,82.25,211.08,23.24,44.12,47.61,114.23,149.05,72.43,32.627,25.23,3236.0,93.47,54.97,56.94,189.38,26.86,60.75,29.695,60.69,47.056,160.61,77.12,191.41,123.25,101.02,66.21,69.37
2023-12-05,23.68,45.11,77.52,82.02,212.09,22.71,43.53,47.68,115.76,146.04,71.92,32.22,25.31,3272.56,94.15,55.0,57.49,190.44,26.93,60.26,30.235,60.87,46.992,159.29,76.85,193.2,124.0,99.87,65.43,69.64
2023-12-06,23.6,42.545,77.59,82.26,211.54,22.02,41.13,47.37,116.71,145.4,71.94,32.32,25.59,3251.56,93.92,55.31,57.7,189.18,26.82,59.71,30.695,61.84,46.955,160.04,74.87,192.01,123.83,100.55,65.2,68.97
2023-12-07,23.42,41.635,77.01,80.68,209.54,21.81,41.12,47.3,117.0,146.06,71.4,32.487,25.75,3272.79,94.08,55.42,57.96,188.17,27.02,60.14,30.845,61.91,47.165,160.87,72.75,192.42,124.26,99.64,65.02,69.36
2023-12-08,22.83,42.4,76.56,81.01,210.25,22.12,41.77,47.46,118.5,147.38,69.64,32.513,25.06,3291.95,94.55,55.2,58.45,187.95,27.08,60.9,31.013,61.75,47.083,160.06,75.32,192.2,125.24,99.06,64.29,69.9
2023-12-11,22.61,42.39,76.46,81.78,211.85,21.94,41.09,47.49,119.26,145.55,69.43,32.827,24.73,3321.25,95.03,54.84,58.25,192.06,27.95,60.94,31.25,61.62,47.612,161.44,73.74,191.87,125.47,99.14,64.79,70.29
2023-12-12,22.23,41.765,76.83,81.06,210.12,21.41,40.23,47.14,119.13,141.1,68.37,32.907,24.6,3287.04,94.93,54.69,58.6,197.76,28.4,60.94,31.3,61.66,47.229,161.83,72.71,195.04,125.53,100.45,63.02,70.09
2023-12-13,23.52,42.855,77.28,82.59,209.39,21.88,41.15,47.95,121.99,147.29,72.28,34.4,24.95,3298.07,96.81,55.32,60.04,200.64,28.38,62.08,31.52,62.44,47.721,161.9,73.9,193.97,128.62,101.17,65.38,70.53
2023-12-14,23.68,43.34,74.48,84.35,203.5,22.42,41.92,47.67,124.37,150.28,73.11,35.0,24.64,3324.0,98.74,53.72,60.94,197.5,28.66,63.17,29.997,61.6,47.794,162.03,75.75,188.2,130.86,103.0,65.81,69.67
2023-12-15,23.41,41.725,74.28,83.52,200.24,21.75,41.38,47.36,123.74,148.63,72.21,34.333,23.96,3317.12,98.6,51.78,60.89,194.59,28.26,61.99,29.645,60.06,47.402,161.01,73.98,185.9,131.39,101.6,65.29,68.43
2023-12-18,23.74,42.41,74.74,83.0,202.51,21.96,42.13,47.56,125.92,147.83,72.9,34.333,23.76,3257.86,99.29,51.64,60.91,197.59,28.23,62.39,30.03,60.46,47.603,161.92,75.78,188.59,132.4,102.03,65.41,68.36
2023-12-19,24.12,42.88,76.04,84.62,203.45,22.48,42.85,47.9,128.17,148.92,73.93,34.973,23.75,3153.39,100.97,51.35,62.12,196.48,28.95,62.99,30.56,61.07,47.903,163.89,76.41,188.23,133.38,103.66,66.63,68.26
2023-12-20,23.75,42.645,74.73,83.36,198.9,22.1,42.46,47.28,127.41,145.39,72.28,34.813,23.47,3191.16,100.27,51.23,62.53,195.72,28.91,62.35,30.975,61.53,47.739,163.33,74.87,188.71,132.33,103.24,65.2,67.32
2023-12-21,23.85,43.065,74.72,84.74,198.8,22.13,42.44,47.55,129.16,145.89,72.58,35.313,23.46,3231.16,99.08,51.45,63.31,195.71,28.96,62.92,31.292,61.7,48.131,164.18,74.77,189.61,133.09,105.07,65.79,67.39
2023-12-22,24.12,43.24,76.02,85.12,200.23,22.16,42.46,47.82,130.21,147.54,73.34,35.4,23.29,3247.5,100.01,51.41,64.17,195.44,29.06,63.32,31.515,61.08,48.323,165.67,75.06,189.69,133.67,105.41,66.14,67.48
2023-12-25,24.12,43.24,76.02,85.12,200.23,22.16,42.46,47.82,130.21,147.54,73.34,35.4,23.29,3247.5,100.01,51.41,64.17,195.44,29.06,63.32,31.515,61.08,48.323,165.67,75.06,189.69,133.67,105.41,66.14,67.48
2023-12-26,24.12,43.24,76.02,85.12,200.23,22.16,42.46,47.82,130.21,147.54,73.34,35.4,23.29,3247.5,100.01,51.41,64.17,195.44,29.06,63.32,31.515,61.08,48.323,165.67,75.06,189.69,133.67,105.41,66.14,67.48
2023-12-27,24.39,43.94,77.4,85.6,201.76,22.35,42.73,47.92,131.48,148.64,74.02,35.88,23.38,3294.17,100.51,51.49,63.68,195.56,29.17,63.9,31.763,61.73,48.669,166.22,75.79,191.72,134.23,105.35,66.64,67.95
2023-12-28,23.92,43.22,77.49,85.25,201.86,22.05,42.2,47.71,130.68,147.14,72.69,35.467,23.57,3285.6,100.78,51.8,63.5,196.8,29.22,64.23,31.843,61.83,47.229,165.46,74.81,192.47,134.04,104.91,65.62,68.12
2023-12-29,23.94,43.405,78.03,85.62,203.86,22.08,42.45,47.7,131.11,146.77,72.65,35.433,23.58,3285.27,101.0,52.17,63.8,197.86,29.28,64.5,32.07,62.03,47.183,166.55,75.48,193.73,134.0,104.84,65.37,68.72
2024-01-02,23.83,43.805,78.07,85.69,203.77,22.1,42.8,48.36,130.49,148.56,72.05,34.533,23.88,3251.16,100.51,53.82,63.77,198.08,29.1,63.33,32.05,62.0,47.721,167.18,77.16,191.95,133.95,105.41,64.57,68.39
2024-01-03,23.14,45.1,78.31,84.97,203.25,22.71,45.34,48.71,129.44,150.07,70.2,34.013,23.93,3302.72,100.07,54.29,63.17,197.02,28.86,62.72,31.875,62.34,48.122,167.08,79.8,191.42,133.58,105.38,63.54,68.33
2024-01-04,23.2,44.49,79.31,85.64,201.59,21.9,45.0,48.79,129.59,148.62,70.25,34.307,23.87,3325.2,100.29,54.3,63.38,196.99,28.89,63.09,31.647,62.17,48.387,168.05,78.77,192.5,133.77,105.99,64.05,68.5
2024-01-05,23.37,44.8,79.17,86.08,201.9,22.04,45.16,49.06,130.42,147.04,70.35,34.327,23.95,3348.61,100.67,54.48,63.72,195.7,29.14,63.41,31.695,62.51,48.687,168.24,78.6,192.27,134.63,105.14,63.65,68.48
2024-01-08,23.63,43.72,80.02,86.89,204.61,21.75,44.13,49.68,131.7,146.0,70.05,34.667,24.21,3437.14,101.59,54.62,64.06,196.26,29.25,64.19,31.9,63.03,48.924,167.25,76.78,195.04,135.3,105.37,63.92,68.72
2024-01-09,23.33,43.63,79.62,83.07,202.3,21.65,43.81,49.18,129.85,143.22,69.1,34.96,24.26,3452.35,100.77,54.4,63.74,197.35,28.86,63.62,31.645,63.22,48.323,165.71,77.92,193.55,135.33,105.15,63.86,68.24
2024-01-10,23.22,43.175,80.36,81.9,205.01,21.59,43.39,49.35,127.75,141.91,69.63,35.433,24.46,3477.6,101.09,54.72,63.07,198.92,28.93,63.6,31.897,63.51,48.368,166.4,77.45,193.62,134.64,105.58,64.57,68.48
2024-01-11,22.98,43.56,79.79,80.8,205.04,21.28,43.74,49.08,126.84,141.87,69.17,35.033,24.22,3486.92,100.82,54.5,62.05,198.41,28.77,62.74,32.455,63.4,48.077,166.76,78.28,193.1,133.32,103.27,63.98,68.31
2024-01-12,23.64,43.715,78.02,80.49,204.93,20.92,43.95,49.35,126.43,147.01,70.48,35.007,24.3,3570.0,99.73,54.82,61.7,199.61,28.61,62.91,32.353,63.53,48.232,169.22,77.96,194.93,132.2,103.81,65.0,68.35
2024-01-15,23.63,44.25,78.17,81.48,203.55,21.12,43.9,49.44,127.25,147.47,70.04,35.04,24.63,3615.83,100.11,55.47,61.71,199.38,28.62,62.94,32.842,64.04,48.642,168.61,78.52,196.73,132.45,104.01,64.73,68.34
2024-01-16,21.55,42.88,78.81,80.44,203.26,20.64,43.17,49.46,127.45,147.73,67.76,35.033,24.77,3609.01,99.64,55.92,62.0,198.21,28.68,62.65,33.2,64.21,48.587,168.82,77.77,199.13,132.8,104.44,64.54,68.42
2024-01-17,21.02,42.51,78.91,79.88,201.59,20.12,42.56,48.77,126.36,145.12,66.19,34.673,24.57,3555.39,98.1,55.85,61.7,198.24,28.39,61.98,32.92,63.45,47.894,165.87,74.62,199.75,131.72,102.67,62.2,67.59
2024-01-18,20.95,42.245,81.3,80.2,204.03,20.11,42.41,48.29,126.42,145.29,66.32,34.88,24.62,3624.0,100.06,56.02,61.0,201.84,28.34,61.31,33.75,63.49,47.666,168.34,74.92,203.14,132.52,104.22,62.56,68.05
2024-01-19,20.98,42.275,81.7,81.17,207.15,20.06,42.3,48.34,128.75,144.59,66.29,35.633,24.62,3660.57,100.18,55.99,61.69,204.4,28.47,62.02,33.49,63.97,47.475,169.44,74.91,203.07,133.81,105.45,62.06,68.48
2024-01-22,21.03,42.06,81.11,81.74,206.89,20.21,42.73,48.28,129.38,144.93,66.56,36.14,24.53,3621.4,100.13,55.18,61.34,205.71,28.86,61.8,33.325,63.78,47.621,168.2,74.39,201.14,133.41,105.4,62.18,68.6
2024-01-23,21.57,42.23,81.45,81.57,208.0,20.41,42.47,48.27,128.7,148.08,67.99,36.133,24.73,3658.68,101.03,55.45,60.99,206.51,28.98,61.15,33.655,64.24,47.885,169.44,74.24,202.18,133.74,105.09,63.66,68.49
2024-01-24,21.02,42.665,81.36,82.29,208.25,20.89,43.05,48.03,130.04,145.52,66.22,36.28,24.5,3657.15,102.26,55.04,61.47,205.35,29.24,61.67,33.597,64.04,47.393,166.39,75.23,202.49,132.34,105.44,62.22,69.17
2024-01-25,21.03,43.405,80.59,82.52,208.29,21.37,43.52,48.0,130.29,147.22,67.08,36.747,24.45,3661.86,102.29,54.58,61.87,206.68,29.53,61.86,33.542,63.63,47.776,166.67,76.49,200.66,132.34,106.14,63.04,69.11
2024-01-26,20.89,43.25,79.65,82.23,208.93,21.78,44.02,48.26,130.21,145.49,66.39,36.4,24.35,3694.98,102.21,54.79,61.54,207.51,29.39,62.38,33.388,63.79,48.259,166.65,77.12,200.87,132.99,105.65,62.86,69.11
2024-01-29,21.06,42.83,80.02,82.79,209.75,21.6,43.95,48.17,129.05,146.92,66.95,36.693,24.48,3760.01,103.36,55.15,62.0,209.07,29.33,62.73,33.658,63.97,48.396,166.48,76.68,200.56,132.71,106.22,64.01,69.36
2024-01-30,21.01,43.555,80.28,82.79,210.01,22.03,44.97,48.19,128.45,144.81,66.31,36.587,24.27,3799.99,103.38,54.64,61.6,209.83,29.78,62.89,33.678,63.4,48.642,167.53,78.86,201.97,133.09,106.37,63.52,69.51
2024-01-31,21.0,43.02,78.78,81.67,210.25,21.78,44.52,47.74,126.64,145.46,66.08,35.573,24.08,3715.86,102.83,54.25,60.76,208.71,29.72,62.87,33.588,62.8,48.35,166.78,77.55,199.61,131.21,108.19,63.01,69.69
2024-02-01,21.3,42.24,80.29,81.06,211.18,21.61,43.89,47.95,126.02,148.29,67.76,34.98,24.25,3746.86,103.29,54.72,61.05,212.0,29.3,63.43,33.967,63.22,48.633,169.95,76.61,203.0,131.49,111.37,64.34,69.56
2024-02-02,20.75,40.81,80.06,81.1,210.72,21.33,43.23,47.51,125.8,144.33,65.44,35.12,23.84,3790.01,102.7,53.23,61.13,212.69,29.44,63.11,34.015,63.66,47.931,170.55,75.93,203.19,131.22,112.09,63.53,69.54
2024-02-05,20.53,40.6,78.7,80.12,207.89,21.32,43.09,46.82,124.87,142.53,64.29,34.793,23.38,3646.99,102.03,52.82,60.73,212.76,29.58,62.59,33.67,63.06,46.819,171.11,76.4,202.16,130.53,112.33,62.94,69.15
2024-02-06,20.26,41.115,79.19,80.67,207.76,21.38,43.13,46.74,124.14,144.16,64.46,35.66,23.48,3631.63,101.9,53.46,60.52,211.68,30.01,62.97,33.725,62.87,46.755,173.0,77.47,201.3,130.73,113.67,63.33,70.54
2024-02-07,20.13,40.625,79.24,79.78,208.96,21.44,43.25,46.35,123.58,145.26,63.97,35.653,23.51,3659.99,101.86,53.07,60.3,211.38,30.41,62.54,33.69,62.52,46.335,173.89,76.93,200.99,130.65,114.92,62.82,70.78
2024-02-08,19.95,40.765,80.09,79.49,208.77,21.94,43.39,46.2,123.65,146.07,63.47,36.353,22.96,3675.33,101.79,51.08,60.08,209.97,30.25,61.71,33.5,61.66,45.953,172.53,79.27,209.62,130.2,115.01,61.76,71.03
2024-02-09,19.72,40.93,81.13,79.88,208.84,21.84,43.26,46.03,124.66,146.47,62.71,36.627,23.64,3732.08,102.39,50.52,60.7,210.95,30.41,63.26,33.5,61.38,46.016,173.01,78.5,213.34,131.01,114.81,61.22,71.47
2024-02-12,19.79,41.035,80.58,79.89,209.89,22.28,43.55,46.93,126.19,146.98,63.09,36.727,23.71,3660.89,102.6,51.11,61.28,207.64,30.46,63.78,33.45,61.14,46.983,172.66,80.49,207.94,131.48,113.5,61.28,71.07
2024-02-13,19.18,40.3,80.64,78.6,208.43,22.01,42.86,46.37,122.94,144.65,61.03,35.373,23.19,3602.75,101.24,50.33,60.1,212.36,30.13,62.84,33.292,60.1,46.454,170.25,79.51,206.91,128.54,112.54,58.74,70.33
2024-02-14,19.04,40.7,84.29,79.47,223.46,21.97,42.7,45.14,125.36,144.0,61.34,35.807,23.4,3719.4,102.31,50.14,60.83,222.18,30.67,63.38,33.985,61.0,46.345,174.53,79.88,212.56,131.05,114.76,58.55,71.23
2024-02-15,19.66,42.375,83.27,80.49,227.86,23.51,44.58,45.81,127.33,148.56,62.82,36.367,23.7,3707.78,103.15,50.23,61.55,222.8,33.35,63.62,34.193,61.27,47.402,174.92,81.3,214.14,131.94,115.42,59.71,72.03
2024-02-16,19.74,42.58,82.0,80.87,228.67,23.5,44.58,46.46,127.03,147.12,64.46,36.287,23.94,3710.83,103.71,50.83,61.93,226.39,33.3,63.86,34.44,61.55,48.605,175.06,80.75,216.26,131.94,115.19,59.91,72.77
2024-02-19,19.74,42.58,82.0,80.87,228.67,23.5,44.58,46.46,127.03,147.12,64.46,36.287,23.94,3710.83,103.71,50.83,61.93,226.39,33.3,63.86,34.44,61.55,48.605,175.06,80.75,216.26,131.94,115.19,59.91,72.77
2024-02-20,19.93,42.715,85.07,80.66,227.58,23.24,44.12,46.56,127.92,146.09,65.76,36.433,24.2,3722.93,104.48,51.23,62.82,226.16,32.99,64.13,34.755,61.54,48.943,173.12,79.84,213.34,132.55,114.79,59.78,73.43
2024-02-21,19.92,43.95,84.66,80.32,226.23,23.63,45.35,46.98,127.35,144.86,65.85,35.973,24.2,3663.48,103.89,51.2,62.55,225.93,32.41,63.9,34.528,61.33,49.061,174.27,82.29,211.9,131.91,115.33,55.0,72.53
2024-02-22,19.42,44.685,86.19,80.93,230.95,23.74,45.22,47.07,127.8,143.44,64.97,36.953,24.35,3707.5,104.94,50.73,63.08,229.87,32.72,63.89,35.73,61.77,49.025,177.22,83.06,213.15,132.3,116.35,53.39,73.83
2024-02-23,19.9,44.095,86.27,81.62,234.55,23.78,45.79,47.0,128.14,145.43,67.0,37.147,24.32,3750.0,104.67,50.76,63.38,229.79,32.81,64.26,36.15,61.86,48.952,177.69,83.24,213.84,133.22,116.83,53.82,74.43
2024-02-26,19.79,44.49,86.1,80.73,235.96,23.93,45.68,46.46,126.83,144.24,66.02,36.713,23.84,3754.12,104.54,50.32,62.81,229.62,32.74,63.87,36.435,60.83,48.396,177.79,84.57,214.83,132.32,116.91,52.92,74.0
2024-02-27,19.64,44.74,85.97,80.69,228.95,23.74,45.5,46.65,122.31,142.16,65.23,37.207,23.97,3757.05,103.67,50.49,62.89,227.78,32.62,65.9,36.607,60.94,48.614,177.66,85.32,213.19,131.22,116.48,53.45,72.93
2024-02-28,19.44,44.955,84.55,80.61,227.76,23.42,45.96,46.67,121.57,142.5,65.17,37.013,23.64,3773.07,106.07,50.42,62.83,226.94,32.24,65.08,36.825,60.31,48.669,176.14,84.3,212.81,130.93,115.29,53.98,73.08
2024-02-29,19.79,47.27,84.17,81.49,225.68,23.65,46.63,46.65,122.84,142.09,65.09,37.333,23.67,3778.39,105.93,50.36,64.22,225.82,32.21,65.81,36.16,60.06,48.933,175.97,84.92,214.24,131.8,115.23,55.93,72.08
2024-03-01,20.27,48.85,84.02,81.31,227.52,24.0,47.4,47.19,123.07,145.11,67.28,37.52,23.83,3853.01,106.71,50.15,65.77,224.35,32.38,65.98,36.283,60.39,49.152,176.69,86.17,215.9,131.94,116.98,56.93,72.55
2024-03-04,20.98,47.87,83.55,80.23,225.44,23.7,46.5,47.14,124.03,148.54,70.52,37.42,23.52,3792.43,107.68,49.19,65.82,225.4,32.55,66.66,35.665,60.26,49.225,175.97,84.81,215.2,131.91,117.07,58.05,72.29
2024-03-05,21.13,48.48,83.65,80.51,226.04,23.85,46.93,47.29,124.28,153.01,71.74,37.387,23.34,3702.99,107.74,48.79,66.27,227.63,32.67,67.24,35.535,59.55,49.48,176.19,86.06,213.32,133.12,117.37,58.08,72.97
2024-03-06,21.26,48.555,83.57,81.67,225.44,24.16,47.2,47.37,125.01,148.03,72.58,37.493,23.65,3683.88,107.95,49.13,66.33,227.15,32.38,67.16,36.125,59.69,49.353,171.58,86.28,212.75,132.82,118.45,59.29,73.33
2024-03-07,21.41,48.525,85.02,81.78,225.93,24.14,46.82,48.05,126.32,151.09,73.08,37.887,23.77,3848.49,107.92,49.39,66.56,226.22,32.25,67.49,37.415,59.77,49.417,173.65,86.76,210.86,133.81,121.07,59.55,74.21
2024-03-08,21.29,48.36,82.56,81.38,226.44,23.84,46.51,48.36,126.91,155.22,73.56,37.493,23.36,3793.84,108.82,49.31,66.92,225.14,32.04,67.64,37.165,59.62,49.48,173.69,86.65,211.56,133.98,121.08,60.34,74.21
2024-03-11,21.41,48.63,82.53,81.56,228.87,24.01,46.86,48.57,127.33,153.35,75.02,37.813,23.3,3794.99,109.83,49.13,66.85,226.2,32.1,67.33,37.365,59.69,49.936,173.44,88.35,213.43,134.87,120.83,60.61,74.04
2024-03-12,21.11,48.625,83.48,81.53,229.37,24.19,47.24,48.69,127.57,152.89,74.65,37.873,23.08,3777.1,110.17,48.81,66.9,227.71,32.25,67.41,37.423,58.93,50.046,175.27,89.24,213.72,135.72,122.2,60.23,73.97
2024-03-13,21.54,49.795,83.08,81.92,226.1,24.82,47.91,48.67,128.7,156.48,75.75,37.747,22.79,3772.19,111.03,48.19,67.21,228.69,32.71,67.71,37.875,58.45,50.173,175.48,90.38,210.75,136.17,123.13,61.44,74.3
2024-03-14,21.32,49.805,82.53,81.27,225.0,25.24,48.81,48.26,126.9,154.87,75.27,37.073,22.34,3750.73,110.98,46.06,66.6,229.03,32.74,66.97,37.56,57.57,49.836,173.41,91.75,212.8,134.99,121.42,60.93,73.85
2024-03-15,21.36,49.14,83.72,81.37,224.96,25.18,48.86,48.06,127.11,154.97,75.78,37.007,22.42,3750.81,110.22,46.61,66.69,231.53,32.67,67.44,37.66,57.65,49.672,174.28,91.36,213.15,134.63,121.46,60.13,73.97
2024-03-18,21.17,49.68,80.86,80.23,224.42,25.66,49.16,48.09,127.17,157.73,74.84,37.007,22.36,3684.38,111.39,46.31,67.17,232.46,32.6,67.28,37.46,57.15,49.699,176.05,91.56,212.18,134.34,121.6,59.79,73.86
2024-03-19,20.7,49.87,82.36,80.71,224.41,25.87,49.2,48.47,127.59,155.17,73.74,37.213,22.35,3733.66,111.68,46.36,67.46,233.46,32.83,67.17,37.557,56.92,49.827,175.04,91.27,213.36,134.08,119.22,58.85,74.13
2024-03-20,21.17,49.76,81.52,81.12,223.18,25.97,49.04,48.67,129.62,158.11,75.41,37.88,22.5,3769.01,112.74,46.35,67.85,229.83,32.87,67.84,37.463,57.86,49.262,177.77,90.76,212.63,135.36,120.92,60.88,74.29
2024-03-21,21.4,50.24,78.09,81.43,220.71,26.14,48.99,48.42,130.5,157.79,76.3,38.213,22.33,3797.96,114.68,46.25,68.48,232.1,32.88,68.3,37.585,56.92,49.827,179.65,91.38,211.5,136.53,121.76,61.44,74.52
2024-03-22,21.12,50.395,77.9,81.27,219.3,26.35,48.85,48.21,130.0,155.71,75.75,37.92,21.76,3752.85,114.6,45.86,68.28,232.57,32.66,68.38,38.208,56.18,50.109,179.28,92.16,212.65,135.26,121.52,61.11,73.8
2024-03-25,21.14,51.475,77.77,80.96,218.81,26.95,49.95,48.78,129.96,155.93,76.12,37.54,21.46,3741.88,114.6,45.95,68.32,231.47,32.98,68.36,38.415,55.77,50.155,176.29,93.7,211.27,135.07,118.72,61.01,73.48
2024-03-26,21.1,51.02,77.17,81.04,220.69,27.02,49.49,48.38,130.35,154.53,76.13,37.147,21.34,3743.06,113.73,46.0,68.35,231.06,32.83,68.46,37.97,55.78,50.055,176.8,93.09,210.81,134.72,118.57,60.63,73.76
2024-03-27,21.99,51.22,77.26,82.27,220.49,26.93,49.5,48.81,130.77,159.13,78.49,37.593,21.59,3730.29,114.57,46.5,67.9,233.02,33.43,69.42,37.875,55.9,49.043,178.63,93.29,211.67,136.23,120.08,62.79,73.8
2024-03-28,22.53,51.665,77.31,81.75,220.04,27.08,49.99,48.95,132.25,161.4,80.77,37.787,21.67,3700.0,114.06,46.03,68.67,232.87,33.83,70.07,37.525,55.5,49.626,178.37,93.43,210.8,136.62,119.43,63.8,73.91
2024-03-29,22.53,51.665,77.31,81.75,220.04,27.08,49.99,48.95,132.25,161.4,80.77,37.787,21.67,3700.0,114.06,46.03,68.67,232.87,33.83,70.07,37.525,55.5,49.626,178.37,93.43,210.8,136.62,119.43,63.8,73.91
2024-04-01,22.9,52.345,75.64,81.76,219.5,27.3,50.64,48.61,132.5,164.29,83.22,37.28,21.59,3664.97,113.64,45.89,68.32,231.25,33.38,68.35,37.63,55.28,49.818,178.51,94.69,210.72,136.08,119.3,64.86,73.25
2024-04-02,23.31,53.055,74.68,80.62,217.7,27.76,51.54,48.66,130.92,162.65,82.53,36.62,21.64,3591.64,112.48,44.72,67.63,229.99,33.16,67.66,37.41,54.01,49.499,176.84,96.43,207.2,135.17,118.08,66.76,72.44
2024-04-03,23.57,53.715,74.59,80.67,218.09,28.4,52.11,48.39,131.15,162.99,83.49,36.76,21.64,3589.25,112.92,44.66,67.51,227.72,33.22,67.98,37.487,53.55,48.459,176.75,97.84,206.2,135.69,118.55,69.14,72.23
2024-04-04,23.55,54.265,74.18,81.05,217.98,28.62,52.26,48.28,130.92,161.44,82.08,36.233,21.63,3548.36,112.47,44.94,67.03,226.81,32.91,67.66,36.835,53.33,47.885,174.86,97.7,206.11,136.77,117.82,67.81,72.02
2024-04-05,24.25,55.16,75.45,80.63,220.16,29.05,53.0,48.04,132.05,166.26,84.27,36.527,21.77,3641.45,112.82,44.75,67.55,228.28,33.13,67.94,37.38,53.83,47.338,176.3,99.04,206.41,139.11,118.87,68.74,72.59
2024-04-08,24.03,54.83,76.14,79.8,222.2,29.14,52.54,47.84,133.08,163.11,83.05,36.687,22.05,3637.98,113.61,44.5,68.13,228.46,33.45,68.46,37.292,53.86,47.129,177.15,99.3,209.01,139.95,120.03,67.97,72.4
2024-04-09,24.44,55.495,75.74,80.18,221.5,29.27,52.59,47.9,133.53,165.31,84.45,37.193,22.29,3664.45,113.79,45.01,68.14,228.46,33.45,68.48,37.272,54.74,47.411,177.76,98.56,209.76,139.48,121.09,69.19,72.18
2024-04-10,24.48,56.305,75.45,78.76,220.68,29.81,53.76,47.24,130.72,166.33,83.79,35.72,22.15,3629.99,113.07,44.82,67.16,230.33,32.98,67.04,37.2,53.82,46.335,179.48,100.99,209.56,138.08,120.47,70.16,71.77
2024-04-11,24.67,55.48,75.75,79.06,219.03,28.87,52.47,47.27,129.66,165.96,84.37,36.227,22.13,3692.33,112.17,44.84,66.53,229.22,32.45,66.98,37.075,53.57,45.825,177.12,97.43,211.35,137.25,118.57,72.01,70.7
2024-04-12,24.63,54.52,75.43,78.29,219.25,28.85,51.92,47.07,128.15,162.65,84.64,36.087,21.87,3581.7,110.96,44.23,66.15,230.29,31.95,66.41,36.647,52.42,45.333,176.95,96.35,209.89,135.66,118.55,71.34,70.21
2024-04-15,23.97,53.425,76.08,77.94,220.01,28.34,51.25,46.53,127.84,160.53,84.67,35.82,21.73,3590.0,110.69,44.66,65.74,228.52,31.68,65.47,37.307,52.24,45.214,177.43,94.58,210.31,134.99,117.87,70.59,69.95
2024-04-16,22.78,53.515,75.1,77.57,221.46,28.52,51.92,45.55,125.93,161.82,85.3,35.673,21.68,3649.71,110.81,44.54,64.94,227.49,31.47,64.08,37.068,52.11,44.303,175.88,96.15,210.45,133.11,116.44,70.83,69.53
2024-04-17,23.02,53.15,75.27,78.28,219.67,28.56,52.18,45.89,125.27,165.91,86.08,35.813,21.69,3711.46,110.43,44.42,64.8,226.82,31.44,64.22,37.252,52.18,44.038,174.93,95.46,210.6,133.3,115.57,72.52,69.16
2024-04-18,23.38,52.92,75.41,78.85,221.82,28.46,52.39,46.67,125.36,167.53,87.39,35.42,21.73,3700.18,110.12,44.34,65.02,226.37,31.59,64.14,37.057,52.77,44.248,175.11,94.51,207.81,133.52,115.59,72.53,69.8
2024-04-19,23.53,52.655,76.06,79.88,221.95,28.69,52.99,47.97,126.75,167.0,87.82,35.747,21.87,3661.67,110.12,44.8,65.43,226.87,31.72,64.28,37.068,53.01,44.713,175.47,95.63,206.67,134.57,116.41,72.38,70.3
2024-04-22,22.51,52.585,77.76,80.27,222.81,28.94,53.54,48.43,127.36,162.0,85.3,36.187,22.02,3681.53,111.32,45.06,65.32,227.86,32.14,64.51,37.645,53.59,44.84,177.19,96.49,209.58,135.93,118.41,70.59,70.68
2024-04-23,22.8,52.63,77.81,80.51,220.68,29.06,53.47,48.41,128.11,163.08,85.96,36.753,22.14,3730.88,111.58,45.46,65.61,226.99,32.21,64.6,37.583,54.09,44.859,176.79,96.51,209.92,136.41,119.77,71.66,70.83
2024-04-24,22.63,52.715,77.59,80.37,220.89,29.1,53.79,48.86,127.24,163.0,87.26,37.013,22.01,3696.96,111.8,45.29,65.16,227.66,32.15,64.12,38.068,52.3,44.822,168.35,96.91,209.09,133.31,112.23,71.99,70.86
2024-04-25,23.33,52.84,77.38,80.76,221.06,29.09,53.88,49.52,126.69,166.12,88.72,36.64,22.0,3655.01,112.06,44.92,64.76,225.65,31.94,63.15,38.107,52.0,44.968,170.4,97.36,208.35,133.47,112.14,73.41,70.14
2024-04-26,23.36,53.26,77.75,81.2,224.31,29.32,53.87,48.96,124.23,167.97,89.55,37.307,21.95,3635.0,111.93,44.59,65.37,223.55,32.07,63.62,38.092,51.87,44.941,171.25,96.56,211.07,134.14,111.63,73.79,70.67
2024-04-29,23.69,53.415,77.68,81.05,226.45,29.43,54.25,49.15,123.4,168.58,89.94,37.393,22.06,3612.12,111.51,44.73,64.79,224.95,32.27,63.48,38.16,52.17,44.804,169.61,97.22,209.83,134.01,110.5,73.2,70.52
2024-04-30,22.88,52.16,76.3,81.67,226.27,28.28,52.53,48.95,122.97,165.72,87.18,36.813,22.11,3544.28,110.54,45.23,64.26,223.2,32.11,63.16,37.74,51.57,44.959,167.09,94.65,207.93,133.19,108.0,71.72,70.29
2024-05-01,22.52,51.51,75.76,80.76,228.87,27.99,51.79,48.99,123.34,167.59,88.41,37.58,22.32,3616.7,111.64,45.76,64.51,223.02,32.43,63.68,38.21,51.52,44.804,166.5,92.7,208.41,133.97,106.76,72.85,70.84
2024-05-02,22.66,51.195,75.0,79.44,228.4,28.17,52.03,49.83,122.92,165.4,89.05,37.973,22.38,3544.54,112.63,45.14,64.7,223.5,32.42,63.3,38.653,51.85,45.406,166.8,93.23,222.72,135.74,108.85,72.52,71.21
2024-05-03,22.52,51.05,74.99,74.8,230.24,28.03,52.26,49.73,124.79,168.57,89.0,38.873,22.39,3638.01,113.55,45.96,65.51,224.64,32.86,64.13,38.482,52.57,46.892,168.97,93.11,225.32,138.38,109.09,72.08,71.75
2024-05-06,22.79,51.935,75.25,75.13,232.02,28.28,53.13,50.14,127.18,172.49,90.39,39.8,22.48,3750.01,114.13,45.86,66.11,227.64,33.42,64.82,38.87,52.97,46.846,172.48,94.67,228.41,139.14,111.43,73.48,72.65
2024-05-07,22.99,52.45,74.72,75.97,229.55,28.28,53.44,50.58,126.32,172.99,90.44,40.02,22.54,3755.35,113.61,45.91,65.85,227.07,33.27,64.69,38.625,52.66,46.901,171.89,94.84,229.08,138.65,111.56,73.9,72.52
2024-05-08,22.98,52.98,75.02,76.9,232.46,28.5,53.67,51.15,127.56,173.52,91.09,40.293,22.51,3820.47,114.52,46.16,66.73,227.19,33.6,65.64,39.188,53.47,47.402,172.89,95.68,229.43,139.89,112.14,74.64,72.83
2024-05-09,23.3,53.04,74.76,76.76,228.65,28.42,54.93,51.14,127.43,174.26,93.15,40.327,22.41,3826.89,115.26,46.23,67.18,227.19,35.19,65.55,38.905,53.82,47.584,174.06,95.85,229.61,140.96,112.91,76.3,73.43
2024-05-10,23.14,52.295,75.69,77.38,228.7,28.07,54.79,51.67,128.16,174.75,93.53,40.307,22.01,3736.3,116.02,46.39,67.55,228.73,35.6,65.67,39.03,54.06,48.113,174.21,95.44,229.48,141.08,113.34,75.11,68.51
2024-05-13,23.15,52.225,75.37,77.6,227.49,27.93,54.21,51.68,128.61,172.14,92.63,40.08,22.24,3707.87,115.39,46.39,67.39,226.98,35.14,65.73,38.925,54.15,48.131,172.94,95.13,229.05,142.98,112.17,74.58,69.27
2024-05-14,23.4,51.75,76.23,77.4,225.89,27.55,53.5,50.5,128.97,173.11,93.71,40.613,22.44,3644.03,115.59,46.64,66.89,226.07,35.5,65.53,38.94,54.41,48.159,172.57,94.18,229.08,142.34,110.94,75.55,69.31
2024-05-15,23.72,51.735,76.71,77.35,226.1,27.45,53.59,50.33,129.56,170.5,94.02,40.673,22.45,3654.67,115.98,47.03,66.97,225.57,35.55,65.99,38.785,54.26,48.286,170.68,94.14,230.91,143.52,109.93,76.09,69.17
2024-05-16,23.84,51.59,75.49,77.47,228.33,27.21,54.16,50.06,128.62,171.29,93.7,40.52,22.42,3683.26,115.42,46.75,66.62,226.93,35.96,65.7,39.268,54.3,48.541,172.34,94.31,232.95,144.32,111.29,76.07,70.12
2024-05-17,24.33,52.45,75.41,77.95,229.63,27.52,54.57,50.04,129.63,174.75,95.44,40.353,22.59,3694.99,115.66,46.76,67.24,228.0,36.34,65.91,39.37,54.27,48.268,173.19,95.24,232.72,145.34,111.67,77.59,70.37
2024-05-20,24.33,52.45,75.41,77.95,229.63,27.52,54.57,50.04,129.63,174.75,95.44,40.353,22.59,3694.99,115.66,46.76,67.24,228.0,36.34,65.91,39.37,54.27,48.268,173.19,95.24,232.72,145.34,111.67,77.59,70.37
2024-05-21,24.31,52.65,75.91,77.63,227.74,27.66,56.03,50.2,129.17,175.24,95.71,40.553,22.38,3707.93,115.37,46.22,67.02,225.41,36.0,66.21,39.005,53.57,48.715,172.96,95.07,236.22,144.53,110.86,78.92,69.91
2024-05-22,23.66,51.625,77.61,76.81,227.5,27.36,55.43,50.12,129.34,170.41,93.09,40.46,22.65,3709.05,113.88,46.75,66.3,226.61,35.98,65.16,38.917,53.83,48.45,174.58,93.25,236.39,145.01,109.95,77.47,69.47
2024-05-23,23.29,51.775,79.37,75.58,227.14,27.4,55.15,49.45,129.87,166.53,92.46,40.467,22.49,3722.08,113.96,46.44,66.19,225.99,35.92,64.98,39.062,53.59,47.73,173.49,93.49,237.19,143.67,108.97,76.47,69.11
2024-05-24,23.27,52.33,80.21,77.28,228.99,27.75,55.06,49.53,130.48,166.72,92.53,40.807,22.22,3818.0,114.71,45.89,66.39,226.16,36.31,65.27,39.165,53.69,47.794,173.35,94.44,240.37,143.92,109.15,77.08,69.75
2024-05-27,23.64,52.395,80.55,76.97,228.8,27.82,55.28,49.57,130.82,168.23,93.83,40.433,22.2,3723.03,113.97,46.02,66.42,226.67,36.52,65.59,39.022,53.64,47.912,174.26,94.38,237.07,144.15,109.53,77.68,70.2
2024-05-28,23.8,52.835,80.35,75.78,225.12,28.62,55.54,49.33,131.1,170.38,94.07,39.62,22.24,3780.01,113.01,45.84,66.21,222.2,35.79,65.04,38.5,53.78,47.648,169.35,96.56,235.35,143.31,106.13,78.39,68.96
2024-05-29,23.23,51.515,78.09,74.98,222.12,28.3,54.47,48.93,119.48,167.5,92.44,38.407,21.96,3760.84,115.89,45.53,64.66,220.09,35.15,63.51,38.763,53.11,47.001,168.96,94.96,231.85,140.96,105.0,76.79,67.44
2024-05-30,23.42,51.84,78.17,75.17,226.05,28.19,54.57,48.92,119.82,170.04,93.87,38.92,22.07,3718.82,116.03,46.04,69.19,220.99,35.08,64.12,38.995,54.15,47.229,169.73,94.93,231.87,148.27,106.12,76.86,67.29
2024-05-31,23.25,52.35,79.55,76.2,228.04,28.41,55.6,49.83,121.55,167.69,92.95,39.567,22.41,3791.07,116.49,46.62,67.58,223.82,35.4,64.52,39.575,55.07,47.912,173.5,96.3,234.54,148.98,108.49,74.65,68.31
2024-06-03,23.76,49.955,79.58,75.42,227.18,26.69,52.96,49.69,121.28,169.29,93.57,39.713,22.44,3791.08,117.2,46.85,68.11,222.62,35.32,64.38,39.905,55.17,47.685,171.61,90.73,229.9,148.08,106.18,75.13,67.8
2024-06-04,22.54,49.035,79.66,76.1,228.36,26.25,51.47,49.27,119.76,162.58,88.91,38.847,22.81,3793.42,118.17,47.11,67.63,227.46,35.32,64.57,40.228,54.78,48.122,171.51,89.09,232.96,146.95,105.63,72.2,67.81
2024-06-05,22.87,49.025,79.57,76.62,229.94,26.2,51.71,49.68,118.85,164.77,90.51,39.36,22.8,3824.31,117.71,47.25,67.49,230.75,35.34,64.99,40.39,54.76,49.681,172.52,88.99,235.04,146.69,106.69,73.47,67.75
2024-06-06,23.68,49.21,80.01,76.6,229.36,26.07,52.47,49.48,118.28,169.89,93.92,38.573,22.85,3807.95,118.03,47.16,67.29,230.96,35.38,64.71,40.465,54.09,50.036,173.1,89.87,235.46,147.12,107.27,76.0,67.32
2024-06-07,22.23,48.37,80.14,76.45,228.54,26.02,52.25,49.21,116.89,161.83,87.76,38.093,22.76,3841.84,117.74,47.09,67.39,227.79,35.59,64.6,40.232,53.86,49.389,170.91,88.89,235.05,146.35,106.29,72.35,67.52
2024-06-10,22.63,48.805,77.94,75.95,230.05,26.69,52.51,49.08,116.24,165.18,89.78,38.22,22.18,3869.98,117.67,46.64,67.11,230.88,36.11,63.87,39.923,52.54,48.979,171.11,90.49,234.99,146.21,105.63,74.04,68.07
2024-06-11,22.26,48.92,77.1,75.41,226.04,26.52,52.4,48.78,114.89,163.32,88.96,37.727,22.13,3816.78,116.34,46.87,66.08,229.39,35.48,63.72,39.65,52.57,48.587,169.48,90.29,234.01,144.89,105.45,73.33,67.11
2024-06-12,22.5,48.54,80.08,75.75,224.94,26.32,52.24,48.93,116.56,163.62,90.09,38.36,22.09,3856.99,109.49,47.05,66.83,229.14,35.43,64.97,39.715,52.8,48.915,169.08,90.13,233.84,144.83,104.97,73.47,66.59
2024-06-13,22.06,46.87,78.88,74.56,222.89,25.31,50.71,48.59,116.04,160.4,87.97,37.573,21.75,3785.12,107.77,46.67,65.96,229.48,34.61,64.61,39.417,52.12,48.788,167.11,88.46,231.14,143.41,104.67,72.63,65.19
2024-06-14,22.01,46.62,75.9,74.53,222.4,25.06,50.26,48.25,114.86,159.49,88.27,37.493,21.72,3800.0,106.43,45.18,65.31,231.56,34.5,63.7,39.088,51.93,48.541,167.29,88.11,229.65,142.87,105.62,72.7,65.34
2024-06-17,22.15,46.25,76.74,73.88,220.79,25.06,49.97,47.83,114.97,159.3,88.24,37.587,21.44,3771.15,106.21,44.82,65.15,237.12,34.98,63.65,39.268,51.8,47.812,165.71,88.53,229.5,142.28,107.25,72.33,65.65
2024-06-18,22.52,47.27,76.3,74.41,220.87,25.6,50.78,47.75,115.46,159.49,88.68,37.827,21.36,3783.74,107.47,44.57,65.64,237.44,35.02,63.42,38.975,51.58,47.675,162.49,89.88,228.49,142.39,106.48,72.3,66.23
2024-06-19,22.62,47.23,76.45,73.97,219.3,25.56,50.78,47.57,115.76,159.13,88.66,36.86,21.21,3764.07,106.93,44.41,65.67,235.25,35.07,63.06,38.76,51.88,47.666,160.01,90.0,227.69,141.76,105.31,72.44,65.87
2024-06-20,23.21,47.88,77.02,73.93,220.29,25.75,50.86,47.55,114.72,160.78,90.43,37.227,21.53,3745.84,106.86,44.86,64.88,237.99,35.22,62.01,38.465,51.67,47.603,161.47,91.08,228.28,141.52,107.73,73.75,65.95
2024-06-21,22.68,47.2,78.05,73.96,223.03,25.58,50.23,47.5,114.88,159.81,89.27,37.08,21.59,3810.09,106.39,44.65,65.04,239.17,35.17,61.83,38.56,51.64,48.049,160.11,90.55,226.25,142.03,107.74,72.58,66.37
2024-06-24,22.83,48.73,78.42,75.41,227.79,26.31,51.77,47.97,116.4,161.75,89.69,37.753,21.64,3848.34,106.72,45.41,66.15,239.75,35.79,62.84,39.125,51.93,48.669,161.58,93.95,225.74,145.1,108.9,72.84,67.07
2024-06-25,22.66,48.37,79.5,74.69,226.92,26.38,51.55,47.77,115.84,161.04,88.6,37.647,21.2,3876.95,108.55,44.65,66.22,239.07,36.17,62.55,39.255,51.4,48.769,161.0,93.59,229.48,145.24,108.19,72.74,66.78
2024-06-26,23.02,48.35,77.12,74.94,226.69,26.49,51.11,48.43,115.67,162.57,89.55,37.347,20.82,3868.23,108.4,44.61,65.95,238.03,35.47,62.33,39.502,50.75,48.14,161.99,93.05,230.64,144.71,109.18,72.41,66.58
2024-06-27,23.07,48.83,77.5,75.13,229.51,26.93,52.04,48.28,114.05,164.75,90.94,37.967,20.79,3927.5,108.9,44.37,66.45,240.74,36.29,62.4,39.778,50.35,48.131,161.55,94.48,233.48,145.4,108.19,72.58,67.01
2024-06-28,22.82,48.73,76.77,75.2,228.01,26.89,52.15,48.67,114.83,162.2,89.48,37.933,20.71,3941.88,108.51,44.31,65.05,240.03,36.43,62.58,39.675,50.6,47.274,161.66,93.28,230.61,145.65,107.74,71.73,67.08
2024-07-01,22.82,48.73,76.77,75.2,228.01,26.89,52.15,48.67,114.83,162.2,89.48,37.933,20.71,3941.88,108.51,44.31,65.05,240.03,36.43,62.58,39.675,50.6,47.274,161.66,93.28,230.61,145.65,107.74,71.73,67.08
2024-07-02,22.71,49.28,77.61,75.58,230.29,27.61,52.99,48.93,115.25,163.03,89.77,38.373,20.41,3972.65,109.22,42.84,65.7,239.46,36.15,62.61,39.938,49.49,47.037,160.82,93.91,230.0,146.97,107.8,71.93,66.97
2024-07-03,23.72,49.82,77.76,76.04,232.78,27.46,53.42,48.83,116.11,167.05,93.25,39.467,20.56,4043.02,110.22,42.83,66.24,242.01,36.58,62.24,40.447,50.13,47.548,162.94,95.39,231.51,149.22,110.77,74.36,67.6
2024-07-04,23.69,49.82,77.98,75.87,231.72,27.58,53.41,48.95,116.08,167.07,93.49,39.153,20.73,4036.72,110.94,43.03,66.24,244.25,36.73,62.06,40.513,50.42,47.575,162.71,96.35,231.29,149.56,110.46,74.64,67.49
2024-07-05,23.78,49.05,77.92,75.24,230.62,26.78,51.48,48.49,114.14,168.7,95.14,38.647,20.82,3979.22,109.85,43.09,65.77,241.61,36.33,61.6,40.838,50.37,47.001,160.77,93.59,230.65,148.21,109.36,76.05,66.72
2024-07-08,23.72,49.07,79.37,75.88,233.13,26.69,51.75,48.25,114.91,167.42,95.38,38.867,21.04,4048.63,110.45,43.31,65.84,242.31,36.85,61.72,41.197,50.21,46.618,159.27,93.25,229.16,149.1,109.12,76.58,67.05
2024-07-09,23.79,48.33,79.74,76.18,233.01,26.26,51.09,48.22,115.31,167.28,95.73,39.107,21.05,4050.0,112.12,43.01,66.18,242.84,36.74,62.31,41.173,49.73,46.591,157.57,92.19,227.81,149.44,106.96,76.45,66.99
2024-07-10,24.25,49.07,81.66,76.0,236.92,26.76,51.62,48.7,116.19,171.13,99.79,40.027,20.83,4115.18,113.37,43.28,66.76,245.16,37.01,63.08,41.522,49.52,47.748,161.5,94.13,228.46,150.86,110.6,79.44,67.89
2024-07-11,24.74,49.86,80.91,76.74,236.22,27.09,52.1,48.81,116.88,173.75,101.75,40.853,20.98,4094.45,113.02,43.99,67.25,243.99,37.1,63.88,41.39,50.47,48.295,162.71,95.58,225.19,150.36,113.49,80.81,68.23
2024-07-12,25.25,49.22,81.49,77.37,237.67,27.15,52.18,49.24,118.09,176.02,102.4,41.82,21.19,4147.15,113.65,44.28,66.99,246.04,37.0,64.15,41.577,50.86,48.469,163.81,95.97,225.23,151.58,113.63,81.21,68.54
2024-07-15,25.12,50.16,81.56,78.28,239.25,28.24,53.13,48.95,118.6,174.16,102.23,42.013,21.21,4190.0,112.88,44.71,68.19,246.19,37.04,64.47,41.52,51.24,48.806,166.19,97.87,224.3,151.51,114.22,81.35,69.01
2024-07-16,26.32,49.15,82.24,79.82,239.8,27.9,52.5,49.22,119.96,179.13,104.54,43.193,21.49,4200.62,111.15,45.03,68.68,249.27,36.56,65.58,41.56,51.74,49.772,168.93,96.6,225.64,151.1,115.24,84.96,69.42
2024-07-17,25.85,48.83,81.3,79.99,239.46,28.07,53.17,49.58,119.42,174.57,103.34,42.64,21.66,4187.08,111.49,45.66,68.43,249.65,36.22,64.84,41.377,52.1,50.0,168.37,96.58,224.55,153.32,114.9,83.99,69.21
2024-07-18,25.42,48.92,82.24,79.71,239.59,27.71,53.23,49.74,118.99,173.06,102.75,42.233,21.83,4197.86,111.45,45.73,68.66,248.7,35.84,64.92,41.54,51.79,50.392,166.08,95.65,223.69,153.75,114.27,83.57,68.56
2024-07-19,25.27,48.32,82.05,79.42,237.83,27.37,52.85,50.17,119.46,171.06,101.83,42.18,21.72,4214.73,112.5,45.62,68.67,247.72,35.62,64.16,42.32,51.47,51.422,165.66,95.25,223.44,152.64,114.78,82.45,68.0
2024-07-22,25.25,48.7,82.99,80.02,242.55,27.5,53.31,50.51,120.28,170.93,102.81,42.98,21.65,4288.99,113.43,45.35,69.69,249.78,36.06,64.06,42.22,51.83,52.233,167.94,96.66,227.72,153.56,114.99,82.5,68.83
2024-07-23,25.61,47.81,82.49,79.88,243.11,26.82,52.48,50.25,120.53,171.9,103.91,43.22,21.62,4309.74,112.96,45.34,69.8,249.2,35.99,63.56,42.455,51.8,52.015,165.35,95.55,227.43,152.25,112.98,83.14,68.43
2024-07-24,25.5,47.59,82.85,79.36,243.47,26.83,52.54,50.5,119.15,173.6,103.07,42.227,21.78,4304.21,113.13,45.78,69.26,248.37,35.46,63.19,42.248,51.16,52.124,159.98,96.58,225.75,152.21,111.99,82.79,68.24
2024-07-25,24.52,47.6,82.4,80.04,240.87,27.31,53.2,50.25,120.25,171.78,101.01,42.693,21.89,4352.56,113.24,45.86,69.89,242.74,35.7,62.96,42.075,51.0,52.306,156.82,97.53,224.44,151.52,111.96,81.23,68.56
2024-07-26,24.61,47.63,82.62,80.45,244.71,27.34,53.23,50.72,120.86,172.46,101.54,43.587,21.95,4471.67,113.99,46.15,70.82,243.09,35.97,63.4,42.182,52.35,52.908,159.6,98.16,223.65,153.13,113.79,80.66,69.02
2024-07-29,24.91,47.24,83.32,80.02,242.23,27.05,53.03,50.84,120.85,174.38,103.23,43.873,22.0,4349.25,114.41,46.1,70.51,243.85,35.87,63.63,42.002,52.84,52.899,159.0,95.58,224.45,152.69,114.06,81.23,68.67
2024-07-30,25.13,47.37,84.0,81.76,244.68,27.09,53.22,51.54,114.33,176.12,104.12,44.16,22.13,4246.97,115.07,46.48,71.0,244.37,36.14,64.21,42.35,53.05,52.926,159.52,96.53,222.56,153.9,113.76,81.56,69.13
2024-07-31,25.58,49.02,85.11,81.53,250.9,27.82,55.14,51.67,116.45,177.92,106.53,44.887,22.29,4356.29,115.48,46.57,71.4,245.55,36.78,64.47,42.562,53.39,53.437,159.83,98.91,223.75,154.28,115.78,82.55,68.54
2024-08-01,25.3,48.48,82.6,80.57,245.02,26.17,53.44,52.15,114.69,176.28,105.59,43.993,22.68,4179.53,115.21,47.07,70.09,247.95,35.62,63.82,42.068,52.84,54.43,157.05,95.96,220.48,152.37,111.51,81.11,67.33
2024-08-02,24.82,46.25,81.76,78.65,246.76,24.8,50.93,52.61,112.02,173.31,104.14,41.913,23.04,4049.73,112.88,47.6,69.03,248.81,34.29,63.33,41.84,53.59,54.047,155.73,94.5,218.24,148.96,109.26,79.97,66.59
2024-08-05,24.82,46.25,81.76,78.65,246.76,24.8,50.93,52.61,112.02,173.31,104.14,41.913,23.04,4049.73,112.88,47.6,69.03,248.81,34.29,63.33,41.84,53.59,54.047,155.73,94.5,218.24,148.96,109.26,79.97,66.59
2024-08-06,23.96,45.83,80.71,77.31,248.77,24.82,50.97,52.76,111.52,165.82,103.25,41.04,22.5,4038.81,111.98,48.2,68.62,244.87,33.99,62.52,41.257,54.0,53.974,153.86,94.12,218.35,147.95,106.94,75.71,65.49
2024-08-07,23.12,46.12,78.39,76.82,242.94,24.66,53.2,52.89,110.3,162.49,99.34,39.333,22.58,3996.41,112.17,47.93,68.2,246.39,33.19,62.59,40.705,54.12,54.002,151.37,95.62,217.02,147.74,106.43,73.43,64.75
2024-08-08,23.81,47.24,79.66,77.78,246.17,25.04,54.63,53.21,111.64,164.32,101.03,40.68,22.51,4064.38,114.04,48.08,69.53,247.03,34.01,63.12,41.14,54.5,54.43,152.79,98.41,220.08,149.2,107.57,74.65,65.32
2024-08-09,23.91,47.82,79.89,78.36,245.92,25.28,54.48,53.36,111.96,166.23,101.86,41.133,22.52,4075.0,113.97,48.03,69.94,247.62,34.44,63.67,41.243,54.6,54.202,152.21,99.36,221.72,149.84,106.85,76.65,66.01
2024-08-12,26.15,49.1,80.6,78.51,248.22,26.11,55.72,53.68,111.85,170.33,105.45,40.453,22.54,3959.54,114.42,47.84,69.69,247.35,34.32,61.49,41.443,54.17,54.512,152.2,103.28,220.81,148.76,106.14,78.61,65.94
2024-08-13,26.24,49.08,82.33,79.22,249.08,26.24,56.15,54.0,113.62,171.31,106.27,41.593,22.21,4097.75,114.46,47.27,70.12,247.35,34.89,62.39,42.145,54.37,54.868,152.11,103.21,223.02,150.11,106.33,79.81,69.23
2024-08-14,26.27,49.58,82.55,79.45,250.66,26.46,56.46,54.22,114.34,160.58,106.5,42.353,21.96,4178.48,115.26,47.0,70.67,249.07,35.48,63.05,42.732,54.61,54.585,152.41,104.08,227.43,151.49,107.05,79.05,69.9
2024-08-15,26.19,50.49,83.84,80.36,254.14,27.31,57.15,52.96,116.35,164.66,107.24,42.567,21.93,4241.12,116.38,47.12,70.73,251.39,35.73,63.82,43.38,54.21,54.868,155.24,105.47,225.49,152.04,109.05,79.35,70.82
2024-08-16,26.99,50.0,83.57,80.71,253.96,26.84,56.57,52.98,117.02,166.67,109.54,42.487,21.9,4228.74,117.38,46.95,71.99,248.86,35.76,64.5,43.17,54.1,55.387,154.51,104.76,223.94,153.2,108.16,80.82,71.64
2024-08-19,27.55,49.9,81.77,81.0,254.09,26.6,56.4,53.35,117.83,168.1,110.26,42.673,21.84,4217.04,117.87,46.84,72.55,249.13,35.88,64.96,42.798,54.48,55.779,155.04,103.5,223.39,153.77,108.6,82.52,71.62
2024-08-20,27.8,48.65,80.87,80.91,255.88,25.64,54.89,53.24,117.99,170.05,111.78,42.4,21.64,4225.25,117.74,47.03,72.76,248.73,35.54,64.74,42.8,54.1,55.26,155.1,101.35,223.03,153.4,108.03,84.0,71.33
2024-08-21,28.04,48.5,80.43,81.29,256.02,25.63,54.73,53.02,117.85,168.97,112.44,42.62,21.6,4300.03,118.46,47.05,72.7,250.79,35.49,64.77,42.923,54.6,54.704,155.28,101.56,225.52,153.56,108.52,84.16,72.34
2024-08-22,27.56,48.74,78.92,79.59,253.42,25.49,54.92,53.15,118.14,165.86,110.88,42.773,21.56,4261.49,119.13,47.03,73.09,251.2,35.68,64.68,43.077,54.67,55.16,156.18,101.68,225.7,154.3,109.43,83.03,72.62
2024-08-23,27.71,49.24,78.27,80.18,252.52,25.74,55.18,53.6,119.26,166.85,111.84,44.233,21.73,4307.5,119.96,47.26,73.54,251.83,36.68,65.45,43.228,55.18,55.506,158.71,102.9,224.73,156.09,110.84,83.91,73.62
2024-08-26,27.63,50.46,78.39,79.81,252.78,25.99,56.26,53.84,119.77,167.42,111.06,44.42,21.94,4321.53,120.63,47.39,73.62,251.6,36.65,65.6,43.298,54.9,55.871,159.25,104.1,225.62,156.04,111.41,84.05,73.61
2024-08-27,27.49,49.67,79.45,80.25,252.81,25.25,54.9,53.36,112.04,167.39,110.59,44.66,21.73,4291.73,119.89,47.37,74.12,250.17,36.84,67.22,43.255,55.29,55.98,158.89,102.19,229.88,156.57,111.86,83.9,73.56
2024-08-28,26.89,49.22,78.97,80.11,251.24,25.23,54.75,53.08,110.37,165.01,109.46,44.467,21.68,4265.07,126.91,47.21,73.5,250.03,36.81,65.94,43.312,55.03,55.834,158.04,101.89,229.63,159.98,111.3,82.72,72.67
2024-08-29,27.43,49.79,77.76,80.17,251.64,25.56,55.27,53.36,111.88,165.0,110.75,44.667,21.6,4294.61,124.0,47.06,77.55,250.53,36.92,66.4,43.5,54.87,56.217,157.78,102.96,228.77,160.75,110.98,83.15,73.04
2024-08-30,27.21,48.78,76.93,80.75,253.63,24.99,54.66,54.22,112.71,164.56,109.8,45.2,21.77,4400.69,123.49,47.21,78.76,251.32,37.21,67.27,43.97,54.63,56.901,158.79,101.5,230.82,162.98,111.87,83.29,73.46
2024-09-02,27.21,48.78,76.93,80.75,253.63,24.99,54.66,54.22,112.71,164.56,109.8,45.2,21.77,4400.69,123.49,47.21,78.76,251.32,37.21,67.27,43.97,54.63,56.901,158.79,101.5,230.82,162.98,111.87,83.29,73.46
2024-09-03,26.57,47.13,75.0,80.16,251.6,24.35,53.83,54.48,111.55,161.27,107.01,43.287,22.2,4257.74,123.79,47.87,78.46,250.93,37.15,67.8,43.87,54.69,57.11,159.77,98.71,227.93,163.75,112.98,80.91,74.26
2024-09-04,26.13,46.2,74.43,79.94,251.93,23.84,52.48,54.6,112.23,160.89,105.8,42.807,22.46,4250.15,124.26,48.48,79.6,249.62,37.32,68.69,43.98,54.88,57.338,160.16,96.04,228.99,164.99,114.11,80.63,74.89
2024-09-05,26.3,45.64,75.41,81.77,252.5,23.23,51.34,54.64,112.1,161.35,106.37,42.48,22.71,4181.45,124.12,48.59,80.71,249.79,37.25,68.42,43.995,55.66,57.639,158.54,94.31,226.93,164.1,112.81,80.87,74.5
2024-09-06,25.79,45.07,76.86,81.89,250.64,22.87,50.64,54.79,111.69,159.99,104.31,41.727,22.86,4186.49,123.47,48.5,80.47,247.71,36.73,68.51,43.562,55.5,57.739,156.46,92.28,225.52,164.08,112.39,78.64,74.09
2024-09-09,26.15,45.4,77.92,83.38,252.08,22.56,50.71,55.31,112.6,163.35,105.46,42.68,23.09,4219.71,124.59,48.95,82.1,250.87,37.1,69.57,44.015,55.3,58.222,158.98,92.22,228.62,166.88,114.78,79.4,74.61
2024-09-10,26.68,43.81,76.84,83.08,253.11,22.09,49.1,54.76,112.79,165.16,107.31,42.833,22.58,4258.49,124.66,48.03,82.03,251.22,37.33,69.98,43.93,54.83,56.782,157.65,89.96,233.32,166.4,114.33,80.8,74.86
2024-09-11,26.85,43.95,76.67,83.76,254.79,21.95,48.96,54.63,114.5,164.71,107.36,43.513,22.48,4265.0,127.8,47.77,83.04,251.5,37.5,70.22,44.143,54.82,56.746,158.08,89.04,233.57,167.46,116.79,80.42,75.06
2024-09-12,27.99,44.3,75.87,84.05,255.0,22.06,49.31,54.98,115.6,169.74,111.24,44.327,23.06,4272.44,127.73,47.89,82.69,252.63,37.93,70.24,45.01,54.58,57.037,162.2,89.51,235.98,168.38,117.83,83.39,76.04
2024-09-13,28.31,43.4,75.0,84.54,253.16,22.03,49.53,55.37,116.29,170.05,113.07,44.707,23.01,4286.48,127.21,48.11,83.49,252.39,38.15,70.72,45.118,55.26,57.675,161.44,90.0,234.8,168.02,117.35,85.01,76.24
2024-09-16,27.88,43.93,75.75,85.49,254.61,22.36,49.92,55.96,117.98,169.79,112.19,45.667,23.03,4355.41,126.88,46.71,83.59,252.06,38.44,71.53,45.2,55.62,57.931,163.87,91.05,234.87,167.58,118.61,84.6,76.81
2024-09-17,27.85,44.68,75.32,85.51,252.44,22.72,50.66,55.51,119.3,169.45,111.91,45.613,22.94,4313.86,127.37,46.95,83.74,246.7,38.43,71.49,43.757,55.49,57.493,161.83,91.48,228.52,167.05,117.79,83.92,76.69
2024-09-18,27.36,44.72,75.38,85.26,251.28,22.63,50.36,55.18,118.33,168.82,110.78,45.36,22.86,4256.85,126.85,48.52,82.94,242.22,38.49,71.46,43.502,54.0,57.147,159.34,91.15,229.07,166.81,117.11,83.52,76.79
2024-09-19,27.44,45.8,75.89,87.32,251.84,23.35,51.13,54.82,120.41,171.12,110.94,47.207,22.86,4396.31,128.05,47.73,83.63,243.05,39.17,72.01,42.675,54.09,55.634,161.37,93.27,230.96,166.93,117.85,84.36,77.12
2024-09-20,27.62,45.25,76.09,87.55,255.27,23.21,50.47,54.98,122.01,173.65,112.72,47.193,22.75,4375.12,127.22,47.56,83.66,243.0,38.99,73.35,43.615,54.84,57.11,158.87,93.09,230.12,165.3,116.46,84.85,76.77
2024-09-23,27.3,45.67,76.57,86.31,256.27,23.25,51.12,55.22,121.56,170.95,111.64,47.327,22.52,4400.02,127.48,47.4,83.1,243.83,38.97,72.86,44.327,54.43,57.995,158.17,94.97,232.06,166.36,115.6,84.09,76.84
2024-09-24,27.48,46.52,75.35,85.74,254.31,23.34,51.33,54.9,121.13,172.12,112.88,47.3,22.41,4410.02,126.67,47.24,82.9,240.99,39.24,72.9,44.185,54.59,57.603,158.48,95.92,231.42,166.19,116.09,85.32,77.32
2024-09-25,27.93,45.46,74.93,84.82,257.88,22.94,50.47,55.42,120.64,175.0,113.67,46.98,22.25,4372.0,127.3,47.05,83.62,243.32,39.29,72.7,44.435,54.26,58.76,156.08,94.9,232.7,166.7,114.78,86.55,77.72
2024-09-26,28.32,43.97,75.12,85.33,259.26,21.95,49.18,54.94,122.26,173.43,113.31,47.987,22.47,4434.52,128.1,46.91,83.86,240.64,39.92,73.82,44.535,54.0,58.842,157.3,92.66,230.99,167.78,115.46,86.53,78.2
2024-09-27,27.36,44.89,75.32,85.68,261.13,22.49,49.78,55.03,122.19,169.64,110.63,48.107,22.66,4338.85,126.71,47.54,82.78,239.75,39.93,73.54,44.435,54.42,57.593,157.34,94.82,229.61,167.84,115.54,84.45,78.17
2024-09-30,26.9,44.91,74.77,85.52,259.7,22.62,49.92,54.94,122.04,167.98,108.95,47.887,22.69,4400.0,127.74,47.02,82.96,241.75,39.97,73.69,45.02,54.38,58.605,158.37,95.15,230.69,168.8,115.67,82.6,78.45
2024-10-01,27.41,46.92,74.2,85.89,261.0,23.16,51.92,55.51,123.12,168.8,110.4,47.747,22.65,4350.0,127.41,47.0,81.59,239.94,39.85,73.53,44.86,53.14,59.49,158.03,99.32,229.32,167.08,113.57,82.55,78.3
2024-10-02,27.26,46.79,73.15,85.23,262.68,23.25,52.18,55.42,122.89,168.33,110.18,47.647,22.48,4378.5,128.4,46.49,82.28,239.64,40.06,71.81,43.932,52.87,59.4,156.55,99.85,230.25,165.9,112.65,83.2,78.17
2024-10-03,26.91,47.82,73.85,85.79,259.02,24.17,53.58,55.25,123.66,165.0,108.4,47.493,22.28,4315.1,127.84,45.88,81.31,241.46,40.16,71.5,43.763,52.66,60.12,154.9,103.25,228.95,164.54,111.0,82.24,78.09
2024-10-04,27.27,48.22,73.96,86.51,258.45,24.8,54.23,55.76,124.3,163.99,106.97,48.053,22.11,4353.81,128.15,45.76,81.74,239.52,41.03,72.01,43.228,52.95,61.22,154.03,104.79,225.22,166.2,111.77,81.89,79.11
2024-10-07,27.11,49.81,73.82,86.93,254.81,25.0,55.17,55.66,123.82,164.04,106.56,47.727,22.16,4335.34,127.82,45.68,81.52,240.68,40.74,71.88,43.57,52.54,61.13,154.14,107.98,225.51,165.9,110.56,81.23,78.45
2024-10-08,26.83,49.61,74.4,86.58,255.18,24.13,53.59,55.5,122.92,164.5,106.71,47.713,22.05,4314.86,128.65,45.77,82.04,245.47,40.72,71.5,43.853,52.59,60.95,154.96,105.31,229.26,166.44,110.01,81.47,78.3
2024-10-09,26.96,50.11,73.79,87.11,255.09,24.12,54.21,56.12,123.1,165.75,107.19,48.353,22.11,4368.03,129.01,45.68,82.68,249.26,40.85,71.1,44.255,52.46,61.99,156.31,105.75,230.38,167.73,110.3,81.63,78.35
2024-10-10,27.61,51.47,74.8,81.76,258.52,24.52,55.63,56.21,125.31,168.95,109.22,48.62,22.08,4340.0,128.73,45.16,81.94,247.16,41.38,71.51,44.2,52.78,61.93,158.27,108.01,229.18,167.03,111.59,83.78,78.7
2024-10-11,27.49,51.71,72.27,78.48,264.0,24.55,55.62,56.56,127.51,169.99,109.33,49.133,22.28,4416.24,130.35,45.45,83.88,249.6,41.82,72.18,44.353,52.48,62.81,159.43,107.85,230.2,170.38,112.94,83.57,78.76
2024-10-14,27.49,51.71,72.27,78.48,264.0,24.55,55.62,56.56,127.51,169.99,109.33,49.133,22.28,4416.24,130.35,45.45,83.88,249.6,41.82,72.18,44.353,52.48,62.81,159.43,107.85,230.2,170.38,112.94,83.57,78.76
2024-10-15,27.89,48.75,73.0,77.68,266.07,23.23,52.78,56.95,127.86,171.21,113.22,49.167,22.24,4409.78,131.49,46.09,84.75,251.01,41.8,72.86,44.388,52.75,64.54,159.56,103.67,233.36,171.53,112.24,85.18,79.05
2024-10-16,27.42,48.48,74.19,77.45,265.11,23.2,53.15,57.5,129.06,172.47,113.07,50.167,22.32,4409.8,131.71,46.04,85.89,250.1,42.16,73.83,44.278,52.57,65.09,159.31,104.81,231.04,173.37,112.72,86.3,78.36
2024-10-17,28.07,49.25,73.75,77.86,267.81,23.43,53.79,57.74,129.12,175.53,113.45,50.92,22.55,4431.07,131.55,46.24,86.45,251.78,42.18,73.87,44.333,53.34,65.6,157.93,106.83,232.45,174.56,112.05,87.76,78.9
2024-10-18,28.88,49.06,73.73,77.84,270.87,23.38,54.0,57.97,129.87,182.46,119.01,51.927,22.57,4431.06,131.32,46.31,86.48,252.13,42.1,73.96,44.307,53.97,66.42,156.84,106.31,232.76,174.08,110.57,91.81,78.9
2024-10-21,28.89,49.4,74.18,78.44,267.54,23.39,53.92,57.48,128.43,183.59,119.88,51.093,22.41,4370.02,130.65,46.23,86.31,251.32,41.57,73.2,43.46,54.08,65.53,155.35,106.68,232.18,173.01,108.98,92.6,78.77
2024-10-22,29.28,49.02,74.09,79.16,267.02,23.45,54.11,57.31,128.59,187.92,121.62,50.067,22.36,4396.0,131.11,46.05,86.38,250.6,41.61,72.7,43.522,53.94,65.52,155.11,105.76,230.44,172.86,110.04,94.71,78.3
2024-10-23,28.77,48.58,73.47,78.55,264.7,23.09,53.38,57.01,129.16,188.51,122.65,49.86,22.37,4328.68,131.15,45.95,86.83,249.53,41.56,72.5,43.52,54.28,64.95,155.07,103.96,231.3,173.29,109.07,93.33,78.52
2024-10-24,28.15,48.61,72.0,78.75,267.44,23.17,53.37,57.04,129.34,188.11,121.81,50.16,22.08,4338.5,131.76,45.91,87.35,247.61,41.53,72.69,43.6,52.66,65.08,153.52,104.33,230.63,171.2,108.76,93.0,78.63
2024-10-25,27.26,49.39,71.43,78.3,267.38,23.48,54.16,56.93,128.95,188.5,120.79,49.567,22.0,4281.75,131.67,45.57,87.32,244.45,41.41,71.99,43.25,51.6,65.68,154.25,105.72,229.02,170.22,107.18,91.91,78.4
2024-10-28,27.75,48.22,74.19,78.14,269.58,23.17,53.43,56.8,129.98,188.95,120.52,50.64,22.45,4304.75,132.97,45.39,87.95,245.81,42.01,72.19,43.995,51.84,65.01,154.5,103.82,231.21,172.33,108.21,92.3,79.16
2024-10-29,28.23,47.9,73.31,77.32,270.47,22.94,52.97,56.25,129.54,191.03,123.74,49.8,22.32,4362.79,133.37,45.2,87.95,251.27,41.89,72.78,44.042,50.52,64.48,153.56,103.08,231.91,172.09,108.66,94.43,79.09
2024-10-30,27.88,47.5,74.18,77.39,270.06,23.18,52.95,56.45,127.74,189.43,122.69,50.12,22.1,4331.55,134.23,44.84,88.04,247.21,41.66,72.66,44.833,51.18,64.59,152.72,103.22,231.53,171.84,108.69,93.89,78.61
2024-10-31,26.91,47.35,72.61,76.97,265.9,22.39,52.56,56.24,126.88,184.82,120.18,49.22,22.01,4199.04,132.8,44.89,87.11,246.13,40.67,71.69,44.01,50.57,64.76,150.35,103.9,227.91,168.39,107.41,91.95,77.2
2024-11-01,26.6,47.28,73.04,76.76,269.16,21.89,52.46,56.42,126.65,183.87,119.75,49.473,21.9,4257.9,132.14,44.81,87.88,247.15,41.13,72.44,44.353,50.34,64.61,150.98,98.57,230.12,170.12,107.56,90.93,77.63
2024-11-04,26.27,47.63,72.59,76.54,269.61,22.55,53.09,56.76,125.22,183.49,119.4,49.94,21.82,4263.21,132.4,40.47,87.92,246.95,41.32,73.74,44.493,50.97,65.21,150.2,98.5,229.44,170.03,108.61,90.18,77.45
2024-11-05,26.11,47.59,73.64,77.09,271.81,22.33,53.18,56.8,126.33,185.27,118.74,51.38,21.61,4251.02,132.8,39.92,88.23,247.37,41.49,73.52,45.193,51.61,65.65,150.89,97.66,236.87,170.42,109.76,90.77,79.94
2024-11-06,25.72,48.34,76.34,78.77,265.02,22.57,54.66,57.91,129.81,184.23,116.07,52.94,21.05,4345.0,133.38,40.06,88.6,250.02,43.57,74.22,45.943,50.97,67.36,156.45,101.02,231.81,171.1,109.45,87.67,82.08
2024-11-07,25.63,48.26,76.8,78.74,263.97,22.65,54.89,58.81,129.21,175.22,118.59,53.173,21.02,4398.39,133.11,38.94,89.66,252.22,44.76,75.0,46.46,50.95,68.83,157.17,102.58,233.53,172.66,109.28,89.28,82.63
2024-11-08,25.62,47.57,77.03,78.91,266.23,22.43,54.48,58.93,129.3,170.39,116.67,52.96,21.81,4357.0,133.91,39.49,89.55,256.05,44.24,75.05,46.377,50.55,67.82,154.15,101.86,234.03,172.04,108.04,90.23,82.46
2024-11-11,24.22,47.7,76.78,79.28,268.01,22.3,54.07,59.54,131.05,164.07,108.8,54.56,21.95,4454.39,132.92,38.79,89.81,258.11,45.11,75.27,46.5,49.9,69.1,155.49,102.69,235.69,172.78,107.81,84.93,82.96
2024-11-12,23.73,47.07,77.39,78.33,268.06,21.95,53.16,58.77,131.24,160.23,107.54,53.84,21.88,4489.9,132.77,38.6,89.89,261.57,45.38,75.25,46.847,49.91,67.42,155.53,101.68,236.5,172.75,107.25,83.23,83.43
2024-11-13,23.53,46.7,78.73,78.56,270.63,21.83,55.4,59.53,130.88,158.58,106.43,53.793,21.81,4572.98,132.51,38.09,89.69,262.65,45.42,75.04,45.72,50.36,67.83,156.02,101.88,235.81,172.43,106.48,82.68,84.43
2024-11-14,23.72,47.85,81.33,79.64,268.61,22.23,56.84,60.59,131.3,161.97,109.24,54.213,21.34,4488.16,133.21,37.74,89.84,258.44,46.23,75.71,45.158,50.81,68.65,154.75,104.87,231.43,172.05,106.7,83.42,85.95
2024-11-15,23.46,46.61,79.37,78.8,266.26,22.04,57.0,59.4,131.32,160.51,108.15,53.34,21.39,4420.89,133.67,37.81,89.5,258.61,46.05,75.94,45.373,50.39,69.05,153.35,104.53,227.74,171.13,104.29,82.66,84.88
2024-11-18,24.1,47.17,78.36,78.87,268.34,22.42,57.2,59.64,130.33,166.01,112.14,52.42,21.63,4449.27,135.2,38.16,89.72,260.64,45.33,77.43,44.495,50.03,69.93,152.0,105.73,225.8,171.6,103.73,85.32,85.05
2024-11-19,24.76,47.04,77.59,77.98,269.07,22.42,57.21,59.95,131.41,169.42,115.19,52.867,21.65,4436.1,135.5,38.14,89.85,261.85,45.51,78.38,43.8,49.98,69.6,149.08,105.98,224.48,171.69,103.07,87.4,84.25
2024-11-20,25.03,47.21,77.2,78.23,272.2,22.62,57.1,59.82,131.48,169.82,115.79,52.56,21.67,4503.07,137.09,37.74,90.72,260.8,45.03,78.71,44.315,49.33,68.79,149.43,106.33,224.58,170.3,102.88,88.06,85.05
2024-11-21,25.31,48.3,78.69,78.11,272.71,22.64,57.5,60.79,132.24,172.15,116.76,53.587,21.38,4644.55,137.4,37.27,91.11,264.02,45.66,78.5,44.535,49.19,70.14,152.52,107.88,226.18,174.76,105.08,88.66,85.74
2024-11-22,25.49,48.71,78.59,78.51,271.68,22.62,58.07,60.47,132.68,172.86,117.92,54.3,21.26,4587.9,137.81,37.42,91.48,265.37,45.37,78.91,44.572,49.44,69.65,155.44,108.03,225.25,174.71,107.21,89.19,85.53
2024-11-25,24.73,47.59,77.82,77.81,267.0,22.18,56.93,60.01,133.64,168.84,114.26,55.64,21.64,4608.28,137.39,37.81,91.42,269.43,44.7,78.99,44.67,50.15,68.6,156.29,105.92,224.36,173.77,107.78,85.1,86.13
2024-11-26,24.69,46.7,79.09,78.63,268.67,21.78,55.63,60.06,132.83,172.42,118.32,56.313,21.42,4679.01,137.43,37.46,91.06,271.92,44.81,79.09,44.655,49.76,68.54,154.23,103.68,226.2,174.66,104.62,87.29,86.55
2024-11-27,24.65,47.02,82.47,79.08,266.49,22.04,55.51,60.14,133.21,172.37,117.14,57.393,21.73,4721.57,138.43,37.92,90.7,270.83,44.71,79.52,45.193,49.79,67.93,156.06,102.69,226.74,175.77,105.67,86.57,85.45
2024-11-28,24.68,47.52,82.8,79.39,266.89,22.13,55.77,60.24,133.3,172.21,117.47,56.767,21.79,4700.0,137.92,37.98,90.42,271.42,44.87,79.8,45.487,50.02,67.91,156.33,103.86,226.56,175.8,106.3,86.84,85.62
2024-11-29,24.52,47.52,81.91,79.23,266.67,22.18,55.71,60.57,133.5,171.44,118.06,57.36,21.8,4734.16,138.71,37.9,90.88,271.42,45.07,79.85,45.425,50.0,68.26,156.34,103.69,228.44,176.16,107.11,87.12,86.17
2024-12-02,24.23,47.23,83.03,78.97,270.85,22.11,55.12,60.95,133.55,170.53,116.39,57.62,21.9,4790.3,139.97,38.02,90.05,268.12,45.37,79.79,46.048,50.38,68.24,156.12,103.59,231.23,175.8,107.22,86.35,86.74
2024-12-03,24.79,48.14,83.03,79.19,269.6,22.4,54.85,61.18,134.09,172.5,121.01,57.247,22.04,4650.03,140.76,38.44,89.3,269.47,45.13,77.1,46.583,50.46,68.48,153.65,102.45,231.67,175.8,106.37,88.81,86.2
2024-12-04,24.45,46.58,82.71,79.66,268.7,21.81,54.12,61.38,134.15,172.04,120.27,56.92,22.07,4735.49,135.39,37.79,89.57,268.84,45.41,77.8,46.708,50.7,68.91,154.25,100.29,237.1,176.26,107.36,88.56,87.07
2024-12-05,23.79,46.64,81.55,74.02,268.97,21.96,54.95,61.63,139.73,173.19,119.24,56.16,22.12,4708.14,135.18,37.84,93.54,267.03,45.69,78.29,48.193,50.65,68.69,153.35,102.15,237.25,179.57,107.13,88.3,87.98
2024-12-06,23.75,45.66,81.38,73.51,274.23,21.25,54.31,61.05,146.32,170.63,118.27,56.427,22.25,4698.66,132.75,37.94,94.35,269.35,45.81,78.94,47.928,49.75,68.29,151.37,101.01,241.65,178.27,106.61,86.84,87.95
2024-12-09,24.23,45.9,81.52,74.62,272.07,21.53,54.15,60.05,142.89,173.1,119.85,55.887,22.33,4702.43,135.32,38.13,93.86,264.12,45.28,79.17,48.158,49.03,67.1,150.86,102.48,239.74,178.63,107.1,88.17,87.45
2024-12-10,24.31,45.55,80.98,75.28,269.48,21.42,53.67,59.97,142.87,172.92,119.54,55.9,22.35,4625.54,133.87,37.53,94.26,263.24,44.57,79.16,48.1,48.93,66.87,150.72,103.09,241.31,178.47,107.13,87.56,86.61
2024-12-11,24.99,46.06,81.58,75.76,269.32,21.71,54.06,59.97,142.74,176.17,123.76,56.713,21.51,4687.1,133.96,36.82,95.38,261.97,44.6,79.13,48.24,48.43,66.98,149.05,104.02,238.75,178.57,107.83,90.73,86.05
2024-12-12,24.44,45.02,80.49,76.09,263.1,21.49,52.92,59.81,141.26,173.02,121.3,56.173,20.97,4650.05,134.46,36.74,94.4,262.21,43.85,78.58,48.728,47.95,66.53,148.88,97.03,240.5,177.42,106.2,87.36,85.99
2024-12-13,23.9,44.78,80.9,75.87,263.3,21.71,52.37,59.69,141.0,170.09,119.22,55.707,20.73,4659.43,133.91,36.32,94.2,256.0,44.07,78.92,48.493,47.54,66.11,147.89,96.0,239.41,177.31,105.89,86.22,85.61
2024-12-16,23.31,43.95,80.35,75.68,262.6,21.2,51.65,59.23,140.64,169.98,117.78,56.187,20.53,4621.89,133.37,34.05,94.28,253.93,44.26,78.36,48.72,45.45,65.63,146.5,94.62,238.06,177.39,105.69,85.58,85.61
2024-12-17,23.25,43.8,80.11,75.21,260.08,21.13,51.35,59.24,140.48,170.31,117.0,56.293,20.11,4656.93,132.58,33.79,94.12,252.35,44.02,78.37,48.035,45.34,65.9,147.4,94.21,237.98,177.07,105.19,85.55,85.22
2024-12-18,22.38,42.84,79.95,74.8,258.63,20.92,50.32,58.49,138.34,166.67,112.23,53.36,20.05,4467.12,132.74,33.81,92.54,252.2,42.9,77.16,47.728,44.38,65.12,146.4,92.6,237.43,173.01,105.43,82.58,84.03
2024-12-19,21.91,42.48,79.54,74.2,259.71,20.66,49.81,58.56,139.13,165.66,111.34,53.253,19.8,4423.74,131.29,33.29,91.79,250.58,43.33,76.9,47.795,43.73,65.22,144.87,90.0,234.18,172.31,102.25,81.88,84.5
2024-12-20,22.22,42.5,80.79,75.03,262.06,20.71,49.6,59.43,138.84,166.92,112.41,53.733,19.92,4452.56,131.91,33.28,92.5,250.47,43.53,77.09,47.655,44.19,65.79,145.34,88.61,233.16,173.4,103.8,82.12,84.65
2024-12-23,22.39,43.17,80.43,75.61,262.79,21.09,50.37,60.07,139.41,168.86,113.33,54.653,19.75,4510.27,132.69,32.83,92.31,245.68,44.03,77.08,47.975,43.89,66.37,147.24,89.64,234.53,173.45,105.13,82.43,85.17
2024-12-24,22.55,43.47,80.59,76.22,264.2,21.11,50.61,60.09,139.11,170.67,113.01,55.193,19.45,4547.45,132.7,32.93,92.53,248.6,44.05,77.03,47.768,43.8,66.54,148.07,90.65,234.13,173.53,105.63,82.62,85.17
2024-12-25,22.55,43.47,80.59,76.22,264.2,21.11,50.61,60.09,139.11,170.67,113.01,55.193,19.45,4547.45,132.7,32.93,92.53,248.6,44.05,77.03,47.768,43.8,66.54,148.07,90.65,234.13,173.53,105.63,82.62,85.17
2024-12-26,22.55,43.47,80.59,76.22,264.2,21.11,50.61,60.09,139.11,170.67,113.01,55.193,19.45,4547.45,132.7,32.93,92.53,248.6,44.05,77.03,47.768,43.8,66.54,148.07,90.65,234.13,173.53,105.63,82.62,85.17
2024-12-27,22.6,43.48,80.14,76.42,263.0,21.08,50.86,60.3,139.94,171.05,113.41,54.953,19.46,4534.73,132.22,32.65,90.65,247.06,44.29,77.52,47.785,43.78,66.74,147.02,89.51,233.73,174.36,104.58,82.27,85.77
2024-12-30,22.19,43.43,79.13,76.23,259.93,21.3,50.71,60.48,139.12,167.88,111.79,54.907,19.31,4475.67,130.89,32.37,91.09,245.86,44.01,77.42,47.24,43.75,67.03,144.76,87.8,231.42,173.06,103.29,80.5,85.21
2024-12-31,22.29,44.38,79.72,76.53,261.73,21.79,51.31,61.01,139.55,168.92,112.46,55.08,19.49,4444.91,131.04,33.32,90.93,246.6,44.16,77.19,47.292,44.19,66.99,145.97,88.59,230.82,173.32,104.08,80.91,85.35
2025-01-02,23.01,45.18,79.05,76.5,262.97,22.04,51.92,61.87,139.79,174.48,118.06,55.26,19.63,4440.17,130.48,33.52,90.42,244.76,43.94,77.25,47.555,43.77,68.22,146.78,89.9,232.3,172.27,106.11,83.66,84.92
2025-01-03,22.9,45.61,78.56,77.78,265.72,22.15,52.64,62.25,138.77,176.81,117.14,55.66,19.91,4458.44,132.48,34.4,90.63,247.07,44.3,77.13,47.875,44.54,68.56,148.18,90.02,234.36,173.91,106.79,83.17,85.54
2025-01-06,22.23,46.23,76.81,77.78,257.99,22.15,52.95,61.61,137.95,173.07,114.15,54.873,19.99,4318.55,132.18,34.32,90.57,246.36,44.17,76.93,47.243,44.11,67.87,148.53,90.6,230.76,174.25,109.41,80.92,84.41
2025-01-07,22.36,47.01,75.89,78.48,258.22,22.37,55.04,62.7,139.12,176.99,116.59,54.573,20.08,4162.69,131.77,34.27,89.77,247.45,44.01,74.71,47.13,44.57,68.57,149.86,94.55,230.39,174.28,110.8,81.63,84.21
2025-01-08,22.82,46.99,77.79,77.92,260.39,22.03,55.09,63.3,141.55,183.29,119.96,55.987,19.99,4325.0,132.27,33.99,90.81,253.01,44.1,74.33,46.0,43.91,68.68,147.24,95.25,229.6,175.01,109.63,83.2,84.12
2025-01-09,23.13,46.91,77.97,77.98,258.39,22.08,55.18,62.99,141.63,182.77,121.75,56.12,19.94,4320.48,132.77,33.69,91.55,250.88,44.18,74.62,46.143,43.48,68.91,146.4,94.53,228.45,174.47,108.49,84.25,84.19
2025-01-10,22.7,47.27,76.54,78.2,254.04,22.24,56.8,62.74,140.65,183.35,121.69,52.833,19.69,4275.47,132.49,33.1,89.59,252.36,42.99,74.1,45.732,41.83,67.31,144.15,96.41,223.89,170.92,107.86,82.5,82.69
2025-01-13,22.26,45.45,75.25,78.18,252.16,21.98,56.73,62.47,139.46,178.97,118.61,52.7,19.87,4298.37,131.85,33.38,89.05,254.34,42.53,72.8,45.34,42.26,66.15,144.32,95.83,223.17,170.81,106.19,80.25,82.41
2025-01-14,22.36,45.26,74.69,78.57,251.29,21.4,57.11,63.24,140.41,181.87,120.53,53.007,19.7,4264.66,132.25,32.39,88.64,251.56,42.8,73.61,44.075,41.01,66.54,143.91,96.29,221.65,170.38,106.55,81.73,82.65
2025-01-15,22.69,45.14,75.28,79.31,253.39,21.64,57.5,63.5,142.1,182.06,120.83,54.34,19.6,4340.82,132.66,32.54,89.46,253.14,43.98,74.18,44.405,40.78,67.16,144.32,97.79,225.83,171.57,106.39,83.29,84.41
2025-01-16,22.64,44.33,76.28,79.6,255.17,21.36,56.24,63.31,142.84,179.74,121.21,55.247,19.98,4401.16,131.37,32.84,90.31,256.48,44.37,74.43,44.938,40.99,66.44,146.8,98.8,227.64,172.86,107.3,82.75,84.98
2025-01-17,23.14,45.01,76.78,83.13,253.75,21.77,56.43,64.38,143.32,182.04,123.09,56.087,20.14,4392.37,128.79,33.5,90.66,258.01,44.26,73.57,45.34,40.81,68.56,146.93,98.86,230.51,174.28,108.27,83.53,85.16
2025-01-20,23.21,46.97,76.83,82.36,254.13,22.19,57.15,63.93,143.83,185.2,124.01,55.613,20.28,4361.61,130.06,33.62,90.63,257.03,44.24,73.86,45.3,41.25,69.18,148.25,99.36,231.01,173.79,109.98,84.04,84.96
2025-01-21,22.9,45.65,76.0,82.11,256.13,21.5,57.1,65.01,143.79,187.36,127.1,57.2,20.18,4440.93,131.95,33.54,90.97,256.56,44.23,74.34,45.283,40.55,68.07,148.65,100.85,232.87,175.5,111.4,85.31,84.54
2025-01-22,22.66,45.39,76.32,81.86,258.07,21.54,56.44,64.4,144.03,187.0,128.38,56.507,20.35,4500.02,130.05,33.34,91.54,256.88,43.79,74.05,45.987,40.44,67.89,150.18,101.98,236.26,174.11,112.84,84.86,84.07
2025-01-23,22.72,45.45,76.75,82.23,259.84,21.59,56.66,64.49,143.99,186.1,127.48,57.06,20.32,4563.27,130.48,33.38,91.5,257.85,44.08,74.35,46.79,40.68,67.72,152.71,103.08,236.84,175.58,115.05,84.75,84.67
2025-01-24,23.15,44.95,75.79,82.15,259.03,21.25,55.88,64.6,144.86,186.69,128.97,58.4,20.27,4633.11,131.05,33.77,91.2,255.28,43.81,74.49,46.635,40.83,68.25,151.4,100.75,234.17,175.96,114.49,86.07,83.97
2025-01-27,23.09,44.53,75.69,82.63,256.32,21.2,55.73,64.25,144.9,185.75,128.52,57.547,20.94,4594.38,130.09,34.56,91.46,261.04,43.61,74.91,46.095,41.75,65.69,153.38,100.54,236.32,176.19,115.95,85.1,84.61
2025-01-28,22.98,43.78,75.93,82.54,255.08,21.0,55.07,64.05,144.6,188.14,129.5,57.947,21.14,4716.82,129.46,34.41,92.9,263.37,43.46,75.1,46.123,41.87,65.27,151.39,101.29,239.17,177.03,114.02,86.93,84.2
2025-01-29,23.02,44.26,76.03,82.85,255.08,21.58,55.68,63.86,145.62,189.13,129.98,58.167,20.83,4725.0,129.5,34.21,92.7,261.11,43.82,74.91,46.232,41.46,65.47,152.23,101.36,240.8,176.03,113.64,87.19,84.5
2025-01-30,23.99,44.8,77.42,83.05,257.74,21.58,55.93,64.43,144.23,197.36,136.73,59.887,21.02,4798.13,131.21,34.61,92.4,270.0,44.15,75.07,45.688,41.46,65.5,152.26,103.49,244.65,178.67,115.62,91.42,83.54
2025-01-31,23.76,44.15,76.75,82.91,258.15,21.02,54.53,62.85,143.88,197.57,135.08,59.24,21.08,4753.02,128.99,34.61,91.55,267.05,43.46,74.36,45.495,39.92,65.49,151.82,96.67,244.23,177.18,115.5,90.68,83.81
2025-02-03,24.11,43.73,75.21,82.5,262.4,20.56,54.73,62.57,142.1,199.66,138.17,57.593,21.19,4820.0,127.37,34.99,87.34,272.72,42.66,72.07,45.09,39.56,65.97,143.84,97.32,246.34,173.09,108.9,92.53,83.05
2025-02-04,23.89,44.4,75.71,82.0,261.57,21.46,54.65,62.7,139.47,197.14,136.82,55.86,21.07,4800.0,125.93,34.91,88.31,268.68,42.54,71.87,45.153,39.69,66.87,145.66,95.58,240.55,169.92,110.28,91.64,82.7
2025-02-05,24.55,44.56,75.6,82.25,270.5,21.58,55.44,63.0,141.05,202.88,141.14,56.9,20.85,4902.64,126.55,35.9,88.27,270.0,42.74,72.32,44.982,41.29,67.4,148.75,95.16,237.57,170.41,111.87,94.44,82.81
2025-02-06,24.61,43.95,75.21,82.86,275.05,21.08,54.99,63.41,142.67,202.57,141.62,57.28,20.9,4931.87,126.49,33.7,88.52,270.69,42.91,72.89,44.845,38.51,67.28,147.82,95.42,253.21,170.88,112.01,95.69,84.18
2025-02-07,24.33,43.42,74.52,82.81,276.73,21.15,55.34,63.51,142.27,201.85,140.48,56.627,20.58,4908.66,125.23,31.62,89.0,271.74,43.06,72.77,44.618,38.53,66.95,145.02,96.38,252.31,170.44,110.2,94.55,84.58
2025-02-10,24.93,43.93,72.97,86.0,275.88,21.75,56.57,64.15,142.17,204.99,143.81,56.68,20.73,4934.17,125.25,32.21,87.85,271.34,42.74,72.43,44.537,38.55,67.54,146.63,98.18,256.07,168.88,111.75,96.87,84.23
2025-02-11,24.42,44.18,72.49,86.69,276.23,22.14,58.05,64.69,142.31,204.03,140.51,55.88,20.83,4882.25,125.46,32.69,87.78,271.35,42.33,72.84,44.525,39.14,67.53,147.03,101.52,255.22,169.06,111.99,95.48,83.5
2025-02-12,25.97,42.9,72.58,85.57,290.26,21.73,56.58,64.45,140.97,203.34,142.23,55.773,20.86,4877.0,126.5,33.23,88.16,271.02,42.25,72.93,44.6,39.65,66.88,146.6,100.66,251.25,169.13,111.18,97.56,84.63
2025-02-13,26.19,43.13,73.56,85.09,287.1,21.83,56.68,64.62,142.53,204.24,143.03,57.08,21.64,4961.55,126.65,33.52,88.05,268.05,42.05,72.63,44.987,40.11,67.2,145.54,99.67,253.86,169.34,110.97,98.25,78.45
2025-02-14,25.43,42.67,72.35,84.64,288.21,21.68,56.05,61.08,143.21,196.12,135.79,57.5,21.8,4934.84,126.23,33.78,88.01,267.86,42.07,72.59,44.59,39.75,65.14,144.04,98.25,246.24,168.67,109.88,95.71,78.2
2025-02-17,25.43,42.67,72.35,84.64,288.21,21.68,56.05,61.08,143.21,196.12,135.79,57.5,21.8,4934.84,126.23,33.78,88.01,267.86,42.07,72.59,44.59,39.75,65.14,144.04,98.25,246.24,168.67,109.88,95.71,78.2
2025-02-18,26.06,43.1,72.01,85.13,289.45,21.93,56.49,60.64,143.78,199.63,137.94,57.987,21.57,4949.89,125.05,33.13,88.33,266.21,42.57,72.42,44.77,39.49,65.77,145.76,100.77,246.35,171.54,112.52,97.51,78.81
2025-02-19,26.72,43.3,71.59,85.56,279.94,22.27,56.74,60.21,143.71,199.19,139.43,57.373,21.68,4886.81,123.99,33.33,87.92,267.08,42.32,72.4,44.865,39.93,65.26,145.73,101.7,245.45,171.52,111.38,98.85,79.64
2025-02-20,26.67,43.5,71.04,85.59,277.12,21.65,56.95,59.46,142.99,200.91,138.92,56.693,21.82,4870.33,123.48,33.41,87.37,266.27,45.14,72.48,43.688,39.71,64.48,147.22,103.28,250.32,169.4,110.56,99.12,78.19
2025-02-21,26.05,42.66,70.26,85.12,277.44,20.75,56.19,59.45,142.96,197.26,136.77,55.813,22.19,4840.0,124.43,34.1,86.59,266.64,43.16,71.89,43.972,40.11,63.98,147.94,99.26,250.58,169.22,110.12,96.86,77.72
2025-02-24,26.04,41.89,71.17,84.64,279.47,20.54,55.79,59.25,142.35,199.23,139.06,55.06,22.29,4876.33,125.03,34.32,87.09,268.07,42.94,72.23,45.125,40.29,63.19,144.18,98.43,251.81,169.14,108.84,98.2,78.6
2025-02-25,25.87,41.26,71.98,85.27,283.55,20.13,55.3,59.63,149.09,198.94,138.7,54.967,22.49,4900.01,127.44,34.23,86.22,270.54,43.97,71.4,46.562,40.68,63.37,143.91,97.97,256.14,170.69,110.87,98.65,79.16
2025-02-26,26.47,41.08,70.5,85.67,284.14,19.95,54.83,59.93,149.19,201.88,141.06,55.147,22.43,4935.34,120.47,33.56,86.78,269.85,44.16,72.38,46.75,40.49,63.69,144.19,97.8,253.76,171.42,111.44,100.81,78.27
2025-02-27,25.67,40.8,70.63,86.28,281.5,19.83,55.21,60.27,148.76,203.96,137.24,54.727,22.4,4892.58,120.01,33.78,86.43,269.07,44.42,71.72,46.595,40.3,64.03,144.11,97.73,254.57,166.52,110.44,98.21,78.99
2025-02-28,25.66,40.85,71.93,86.64,285.05,20.01,55.36,61.81,148.76,206.51,139.37,55.813,22.39,4986.97,120.41,33.42,87.67,274.36,45.06,71.82,47.357,40.18,64.75,146.68,98.09,258.63,170.98,112.69,99.89,80.46
2025-03-03,25.65,38.75,70.81,86.41,285.11,18.47,52.53,61.87,147.47,204.76,139.06,54.66,22.48,4861.85,118.63,33.95,86.67,278.32,44.42,71.64,46.525,40.11,65.01,142.58,96.13,258.56,169.56,109.98,99.66,81.06
2025-03-04,25.68,38.98,70.64,84.92,288.11,17.73,50.82,60.14,144.18,206.79,138.72,51.72,22.29,4867.66,117.56,34.16,83.1,276.11,42.27,70.26,46.06,39.82,65.2,141.12,94.94,254.51,163.02,107.49,99.79,79.88
2025-03-05,26.48,39.41,71.31,84.99,288.34,17.71,49.24,61.01,142.6,209.52,142.79,52.827,22.06,4988.92,116.31,34.02,83.49,272.51,43.01,69.7,46.857,40.25,66.45,143.55,92.24,252.42,165.56,110.17,101.78,80.26
2025-03-06,26.39,39.95,74.06,84.73,288.2,18.13,49.74,59.52,140.39,204.08,139.99,50.147,22.36,4908.63,115.91,35.02,81.23,265.81,42.03,68.88,47.607,40.54,65.1,145.78,93.33,250.47,163.41,112.11,100.44,78.98
2025-03-07,26.74,40.74,72.75,85.58,290.4,18.31,51.39,60.38,141.61,205.77,142.01,49.913,22.72,4948.19,117.42,35.61,81.52,270.63,42.08,69.49,48.158,40.81,65.93,145.24,98.75,255.3,165.38,111.59,101.34,79.89
2025-03-10,26.26,40.91,71.45,84.86,284.38,18.03,51.54,61.63,141.04,207.23,140.2,48.44,23.2,4800.0,116.84,36.35,80.38,268.81,41.21,69.11,48.21,40.45,66.75,141.72,99.92,250.8,163.16,107.32,100.66,78.47
2025-03-11,26.62,41.4,69.59,83.18,283.6,18.7,51.03,61.01,137.31,210.1,144.98,47.933,22.16,4722.5,116.17,35.78,79.8,265.62,41.29,68.54,46.678,40.5,66.79,137.5,95.79,247.48,159.01,105.37,102.5,77.92
2025-03-12,26.4,42.02,69.62,83.91,284.26,19.02,51.4,61.25,139.41,211.7,145.22,48.2,21.71,4754.94,116.24,35.04,80.43,263.4,42.06,68.44,46.785,40.24,67.01,139.26,96.38,245.85,160.0,106.52,102.4,78.78
2025-03-13,27.06,41.39,68.15,83.27,280.49,18.85,51.72,61.42,137.02,216.66,148.23,46.787,21.67,4628.59,115.11,35.16,79.51,264.35,41.0,68.18,46.34,40.21,67.3,138.48,96.04,245.4,157.05,105.08,105.02,78.38
2025-03-14,27.0,42.21,67.77,84.63,282.33,19.38,52.65,61.52,139.17,220.26,148.81,48.273,21.53,4698.8,116.96,33.7,80.73,266.11,42.33,68.87,46.857,40.19,67.71,140.3,97.44,247.36,160.0,108.09,106.04,79.5
2025-03-17,27.44,42.59,67.99,85.33,283.8,19.45,53.78,62.14,140.04,220.3,150.52,49.333,21.45,4693.72,117.98,33.85,81.71,268.28,43.02,69.66,46.423,40.44,68.2,140.29,98.72,248.34,161.03,107.54,108.56,80.68
2025-03-18,27.65,42.85,66.54,85.31,279.87,19.45,53.76,62.05,139.59,220.69,151.33,49.72,21.46,4600.0,117.89,34.01,81.18,268.09,42.95,69.1,46.502,40.95,68.23,139.47,98.84,246.43,160.84,106.31,107.99,80.68
2025-03-19,27.81,44.01,70.74,85.82,280.38,19.88,53.69,62.67,140.53,220.97,151.13,51.653,21.37,4655.71,118.07,33.52,81.35,273.05,43.69,69.07,47.507,40.52,69.2,139.89,100.56,244.85,163.62,106.39,109.17,81.2
2025-03-20,27.59,44.13,70.65,85.81,280.43,20.1,54.0,63.3,140.1,222.64,150.88,51.273,20.98,4654.98,118.01,32.99,81.11,271.73,43.71,68.86,47.515,40.0,70.42,139.9,101.97,243.46,162.95,105.37,108.19,81.14
2025-03-21,27.05,43.47,70.37,85.3,280.63,20.32,53.72,62.94,138.68,223.53,149.66,51.287,19.99,4626.66,118.77,32.57,81.4,271.32,43.68,68.87,47.998,39.21,69.5,138.4,102.2,243.72,162.92,103.21,107.63,80.57
2025-03-24,27.08,44.08,70.08,86.69,283.66,20.48,55.06,63.38,139.49,223.1,149.19,52.867,19.76,4729.54,119.87,32.26,82.46,273.19,44.92,69.2,48.182,38.82,70.56,141.29,104.43,245.71,166.0,104.97,107.3,82.19
2025-03-25,27.64,44.45,70.25,87.05,284.7,20.51,54.97,63.44,140.22,222.5,150.65,52.68,19.89,4700.49,120.06,32.2,82.87,275.39,44.9,69.68,49.045,39.14,69.79,140.34,104.46,246.29,166.65,103.4,108.49,82.28
2025-03-26,27.59,44.69,69.41,87.33,283.89,20.32,55.52,63.57,139.35,218.88,149.58,51.68,20.2,4645.74,120.47,32.34,82.99,273.76,44.45,69.61,48.82,39.55,69.19,142.84,104.46,245.53,166.09,104.72,107.51,81.65
2025-03-27,28.01,44.28,70.39,87.29,286.06,20.16,55.29,63.5,138.91,224.94,154.34,51.647,20.43,4662.09,120.35,33.13,82.02,277.38,44.55,69.2,49.13,39.71,69.11,142.7,103.45,247.05,164.24,102.6,109.67,81.77
2025-03-28,27.38,43.73,69.78,86.37,286.15,19.73,54.92,63.62,136.44,222.56,153.79,49.467,20.44,4564.8,119.22,32.87,80.4,275.99,44.06,68.36,49.575,39.06,68.82,139.52,101.55,244.7,160.58,99.4,110.03,81.12
2025-03-31,27.94,44.28,70.97,86.23,294.01,20.0,55.72,63.69,137.42,226.33,155.91,50.207,20.64,4557.37,118.77,33.03,80.95,280.49,44.84,68.23,50.415,38.43,67.96,140.04,103.95,248.33,162.1,100.99,111.67,82.36
2025-04-01,28.14,44.82,71.44,84.89,298.56,20.03,55.89,63.78,138.04,225.61,154.86,51.313,20.58,4603.16,119.68,32.63,81.55,281.05,45.46,67.09,50.865,36.17,68.5,141.1,104.15,249.2,162.69,101.71,109.95,83.14
2025-04-02,27.78,45.06,72.96,85.82,298.27,20.11,56.08,64.66,139.76,224.89,153.99,51.907,20.04,4740.0,121.52,31.24,82.93,281.55,46.35,68.1,51.14,36.2,69.92,143.53,105.26,251.41,164.27,103.84,111.22,84.15
2025-04-03,27.3,42.05,73.02,82.64,290.12,18.16,51.83,63.87,135.31,223.69,152.81,47.287,20.5,4519.58,118.51,31.92,83.04,281.53,43.18,68.18,52.39,36.71,68.66,138.37,96.75,247.78,162.21,99.22,110.64,82.1
2025-04-04,25.11,39.24,70.16,81.2,281.55,16.0,47.26,61.74,127.04,206.13,141.46,43.893,20.6,4365.01,112.96,32.38,80.66,266.45,39.5,66.54,51.285,36.73,65.42,137.37,90.27,236.22,157.82,99.86,100.93,77.55
2025-04-07,25.12,37.84,68.73,79.35,277.69,15.94,47.14,59.78,125.63,207.05,141.89,43.507,20.31,4345.0,110.64,31.49,78.29,263.12,39.07,63.48,49.623,35.23,65.13,135.0,87.86,231.61,155.54,97.68,100.66,76.6
2025-04-08,24.98,35.85,69.0,79.67,274.69,15.14,44.94,58.67,124.79,204.18,142.7,42.48,19.68,4284.13,107.01,29.77,77.81,261.33,38.37,63.56,49.518,34.11,63.5,132.07,85.74,230.24,154.49,95.7,100.59,76.11
2025-04-09,26.53,39.26,69.35,81.19,279.36,16.92,48.32,58.92,129.5,212.02,149.29,47.447,19.86,4664.75,113.98,29.59,80.69,272.23,41.1,65.61,49.15,34.24,65.14,138.75,90.88,239.89,160.39,103.25,105.37,78.5
2025-04-10,26.89,36.61,68.78,79.2,277.39,15.5,45.06,58.46,124.47,219.95,156.03,43.693,20.16,4365.0,110.21,29.32,78.89,268.26,38.18,63.64,49.623,32.92,63.52,133.79,84.39,233.82,153.6,99.48,108.92,75.94
2025-04-11,28.62,37.72,70.91,81.05,287.92,15.81,46.47,60.05,126.54,230.96,163.42,44.993,20.23,4549.67,113.39,29.61,79.29,270.54,38.95,63.97,51.312,33.97,65.85,138.53,86.78,239.93,157.28,102.17,114.05,76.98
2025-04-14,28.34,37.99,70.37,83.19,288.19,16.03,46.46,61.05,128.03,234.4,164.26,45.44,20.55,4565.0,113.63,30.03,80.7,271.54,39.94,65.01,52.535,35.01,66.59,138.98,86.29,244.59,159.96,102.61,114.22,78.54
2025-04-15,28.41,38.21,69.61,83.56,290.31,15.81,46.5,61.78,129.44,236.57,168.38,45.887,20.46,4664.25,114.53,29.67,81.5,273.66,40.49,65.53,52.655,34.84,67.83,137.52,85.03,253.75,160.8,102.93,116.44,78.97
2025-04-16,28.64,39.07,70.38,83.8,291.64,16.16,46.86,61.91,128.72,239.45,170.05,45.133,20.49,4718.46,115.12,29.99,81.48,272.5,39.66,65.33,53.335,34.84,67.81,136.65,86.24,250.04,160.34,101.16,117.61,78.35
2025-04-17,27.96,39.88,71.3,83.98,293.93,16.75,47.8,62.82,129.32,236.93,168.38,45.873,20.76,4682.54,115.68,30.47,81.6,273.36,39.65,65.69,53.42,35.84,68.46,137.31,88.37,251.88,160.91,103.16,116.36,78.11
2025-04-18,27.96,39.88,71.3,83.98,293.93,16.75,47.8,62.82,129.32,236.93,168.38,45.873,20.76,4682.54,115.68,30.47,81.6,273.36,39.65,65.69,53.42,35.84,68.46,137.31,88.37,251.88,160.91,103.16,116.36,78.11
2025-04-21,28.32,39.62,71.95,84.18,293.66,16.4,47.81,62.26,127.75,239.73,170.85,44.28,20.98,4605.31,115.2,30.99,80.87,269.21,39.32,65.66,53.857,35.37,67.07,136.49,89.62,249.37,159.38,101.18,117.84,78.26
2025-04-22,27.62,40.52,73.29,85.6,296.2,16.78,48.96,63.11,130.08,238.94,167.49,46.127,20.97,4644.13,116.88,30.77,82.64,273.37,40.39,66.62,54.065,35.12,67.78,134.91,94.1,251.86,163.03,100.72,115.45,79.03
2025-04-23,26.47,40.22,73.15,85.7,298.72,16.63,48.71,63.3,130.65,236.24,164.26,47.207,20.91,4769.97,117.56,30.84,83.55,271.29,41.32,67.27,53.9,34.84,67.91,135.72,93.25,252.68,163.5,101.28,113.19,80.27
2025-04-24,26.9,40.69,72.23,86.2,298.79,16.8,49.32,64.25,132.32,237.59,165.79,48.907,20.84,4888.91,118.48,30.48,83.66,272.68,41.85,67.31,53.827,34.98,68.58,135.3,94.67,252.28,163.04,101.24,113.88,80.84
2025-04-25,26.41,40.68,72.42,86.17,296.91,16.74,49.34,64.01,131.72,235.71,164.47,49.213,20.76,4883.41,118.73,30.03,84.71,269.5,41.93,67.65,54.105,34.89,68.86,134.62,95.49,251.73,163.3,100.45,113.15,80.82
2025-04-28,26.66,40.9,72.9,86.68,298.28,16.82,49.35,64.45,132.47,235.97,164.5,49.147,20.82,4927.71,119.39,30.13,85.55,268.3,42.14,68.03,54.44,35.23,69.4,133.29,96.18,252.04,163.88,99.25,113.42,81.16
2025-04-29,26.14,40.55,72.46,87.56,303.3,16.76,49.44,64.52,131.85,233.56,160.99,49.473,20.99,4982.0,120.23,30.31,86.47,270.52,42.46,68.53,54.59,35.53,69.5,133.45,96.08,254.72,165.91,99.64,113.24,81.97
2025-04-30,26.29,39.56,71.96,88.09,306.17,16.23,48.69,64.47,132.09,236.91,162.03,49.373,21.22,4968.35,121.08,30.64,86.95,272.27,42.25,68.98,55.95,35.94,69.65,133.51,92.99,256.53,165.47,100.13,115.11,82.15
2025-05-01,25.44,40.0,69.68,87.41,304.25,16.59,49.42,64.41,133.27,229.27,155.76,49.927,21.1,4986.15,121.09,29.68,87.32,271.62,42.7,69.0,55.963,35.18,69.29,132.38,93.91,257.05,166.15,100.66,112.26,81.88
2025-05-02,25.42,40.04,71.43,88.34,305.47,16.62,49.74,64.73,134.84,227.64,153.51,51.073,20.72,5042.62,122.0,29.6,88.0,273.18,43.57,69.61,56.255,35.22,70.34,139.98,95.06,254.64,167.43,103.53,111.68,82.95
2025-05-05,25.76,38.67,71.08,88.18,306.82,16.11,48.2,64.34,135.08,232.04,157.89,50.307,20.85,4994.41,122.46,29.54,88.07,273.39,43.25,69.42,56.737,35.1,70.3,136.3,93.44,256.6,167.0,102.16,115.19,83.01
2025-05-06,26.53,39.28,70.78,87.45,309.25,16.33,48.36,63.57,135.04,236.63,164.11,50.04,21.06,4967.42,122.48,29.71,87.73,273.08,43.09,68.91,56.717,35.02,69.61,135.6,94.29,256.31,165.45,101.19,118.09,82.42
2025-05-07,26.85,39.82,70.56,87.34,308.94,16.29,46.99,64.74,135.8,235.73,162.35,51.46,20.77,5050.01,123.7,29.38,88.43,274.32,43.43,69.41,57.257,35.26,70.63,138.05,94.72,260.92,166.4,102.18,117.47,83.62
2025-05-08,26.28,41.82,69.62,87.76,301.9,17.78,47.69,63.79,138.0,230.24,159.59,53.433,20.8,5181.96,124.34,30.96,88.79,272.23,43.4,69.74,55.15,35.41,68.3,141.1,96.65,260.34,166.84,102.64,114.99,83.5
2025-05-09,27.09,42.53,70.0,88.07,298.04,18.45,48.72,64.3,138.72,235.72,163.5,52.64,22.28,5113.43,124.98,31.6,88.45,272.07,42.88,70.02,54.542,35.57,68.84,139.97,99.26,261.13,167.59,102.19,119.56,86.54
2025-05-12,25.46,43.96,69.51,88.52,290.39,19.16,50.17,62.29,141.89,221.93,148.83,54.727,22.33,5130.01,126.02,31.56,89.08,260.92,44.22,70.74,53.472,36.05,67.33,146.51,101.46,258.29,169.01,107.13,110.49,87.38
2025-05-13,25.28,44.93,69.01,89.13,287.72,19.45,50.76,62.12,141.98,220.07,149.05,55.167,21.85,4936.46,126.21,30.63,90.31,258.96,44.28,70.61,53.64,35.41,67.66,146.59,102.52,256.85,169.78,109.46,109.38,87.01
2025-05-14,24.63,43.9,68.35,89.8,290.26,19.29,50.8,62.75,143.17,217.08,146.37,55.427,21.72,4984.67,126.11,29.74,91.56,260.19,44.38,71.37,53.248,34.89,68.4,148.7,101.58,258.95,171.24,113.64,106.89,88.0
2025-05-15,25.05,43.15,69.6,90.72,296.99,19.04,50.24,62.71,143.65,222.04,148.7,55.607,21.9,5063.48,127.64,30.2,91.78,266.49,44.53,71.78,54.338,35.4,69.68,150.95,100.96,264.74,174.19,113.78,109.98,88.12
2025-05-16,24.94,42.9,69.04,89.83,299.22,19.18,49.86,62.73,143.75,222.68,148.81,55.687,22.07,5066.89,128.6,30.11,92.71,268.33,44.77,71.97,54.903,35.71,69.68,150.99,101.36,267.55,175.84,114.0,109.77,87.94
2025-05-19,24.94,42.9,69.04,89.83,299.22,19.18,49.86,62.73,143.75,222.68,148.81,55.687,22.07,5066.89,128.6,30.11,92.71,268.33,44.77,71.97,54.903,35.71,69.68,150.99,101.36,267.55,175.84,114.0,109.77,87.94
2025-05-20,26.0,42.73,69.7,90.17,304.9,18.48,49.03,63.5,144.11,228.87,156.75,54.733,22.17,5050.48,128.32,30.15,92.91,272.74,44.27,71.88,55.678,36.01,69.65,149.49,100.09,272.77,175.82,114.04,115.44,88.35
2025-05-21,26.12,42.61,68.51,89.9,303.5,18.4,48.74,63.2,143.34,229.66,160.31,52.647,22.2,4880.71,129.18,29.79,92.63,271.45,42.68,71.49,56.053,35.88,69.08,147.13,99.82,270.43,174.36,112.32,118.24,87.53
2025-05-22,25.89,42.77,67.91,92.81,303.48,18.5,49.05,62.66,143.73,227.36,158.95,52.867,22.17,4900.0,128.29,29.75,92.85,270.14,42.94,71.55,56.045,36.09,68.71,147.29,98.71,269.13,175.41,111.47,117.28,87.54
2025-05-23,26.18,42.61,68.8,92.91,302.8,18.71,49.05,63.26,142.67,230.37,161.48,52.253,22.14,4841.07,129.13,29.53,93.57,269.89,42.83,71.69,56.092,35.81,69.23,144.21,98.5,267.77,176.08,109.98,118.91,87.32
2025-05-26,26.09,42.8,69.38,93.42,304.15,18.97,49.28,63.48,143.87,232.61,161.74,52.727,22.07,4858.8,128.87,29.4,93.92,270.42,43.22,71.74,56.263,36.28,69.33,145.11,98.59,269.3,176.39,111.56,119.62,87.6
2025-05-27,26.16,43.05,72.75,94.32,305.47,18.76,49.37,63.64,144.86,232.4,160.79,53.593,22.2,4870.13,129.36,29.67,94.55,271.5,43.92,72.91,57.255,36.74,69.21,145.48,99.97,269.26,177.87,111.45,118.27,88.84
2025-05-28,26.32,42.55,72.96,94.24,311.15,18.59,48.88,63.07,147.09,233.14,163.11,53.213,22.2,4869.42,134.29,29.27,93.99,270.46,43.61,72.19,58.028,36.37,69.05,145.22,99.34,271.95,178.6,111.76,119.28,88.22
2025-05-29,26.22,42.49,71.6,94.92,311.97,18.72,49.38,63.32,147.79,232.51,163.18,53.12,22.37,4896.58,133.57,29.71,93.71,268.39,43.83,73.54,57.715,36.69,68.8,145.01,99.08,271.21,172.4,112.09,118.83,88.57
2025-05-30,26.32,41.67,71.15,94.77,311.35,18.08,48.79,63.87,147.37,231.17,161.77,52.833,22.48,4975.76,135.07,29.9,93.43,270.26,43.7,73.43,57.882,36.84,69.54,144.26,97.98,272.66,173.94,112.09,118.91,88.4
2025-06-02,27.84,42.22,73.18,94.96,312.7,18.31,50.21,64.58,147.83,244.17,170.32,52.8,22.61,4960.0,133.59,30.52,92.84,268.91,43.79,73.29,58.528,36.77,70.43,143.79,99.54,270.47,175.16,111.54,125.82,89.26
2025-06-03,27.57,43.14,72.67,96.02,309.93,18.64,50.65,64.61,147.94,242.04,168.06,53.233,22.51,4945.36,134.26,30.11,92.91,265.19,43.86,73.16,57.265,36.71,70.36,145.38,100.96,267.2,174.93,112.76,125.84,89.05
2025-06-04,27.57,42.31,72.98,95.22,310.2,17.79,49.71,63.89,148.12,242.61,169.26,52.807,22.43,4964.68,134.39,30.08,92.92,262.08,43.73,73.13,56.315,36.73,70.27,145.15,99.03,267.73,174.25,112.22,126.99,88.68
2025-06-05,27.35,42.36,72.39,95.6,314.77,18.06,50.06,64.02,148.02,235.75,166.81,52.947,22.39,4898.27,133.5,29.87,93.9,262.43,43.83,73.27,56.188,36.5,70.2,144.3,99.65,266.75,173.48,111.9,125.21,89.1
2025-06-06,27.15,43.25,72.14,96.35,311.94,18.54,50.36,63.7,148.29,228.99,161.6,53.767,22.38,4911.09,133.8,29.82,94.24,260.5,44.42,73.83,55.395,36.42,69.48,143.75,100.8,267.04,174.57,112.19,121.52,89.38
2025-06-09,27.79,43.28,71.77,95.92,307.92,18.77,50.62,62.7,147.91,228.63,162.19,53.447,22.34,4881.2,134.88,30.25,94.03,258.69,44.28,73.99,55.355,36.46,67.66,143.16,100.54,263.63,174.66,111.78,121.96,89.02
2025-06-10,27.41,44.03,74.32,96.76,307.1,19.22,51.45,62.73,147.55,225.08,160.07,53.867,21.99,4888.32,134.49,30.79,93.69,258.5,43.84,73.98,55.885,37.25,67.81,144.59,102.9,262.59,175.47,111.14,120.6,88.54
2025-06-11,27.67,44.73,72.67,95.98,303.94,19.57,53.09,62.69,147.29,225.5,162.48,53.913,21.98,4904.26,134.5,30.69,92.87,258.76,43.73,73.57,55.292,36.99,67.72,142.73,105.81,266.05,174.72,110.41,121.8,88.42
2025-06-12,28.48,45.07,73.69,96.31,310.42,19.61,53.17,63.69,147.6,228.13,166.12,53.74,22.11,4923.89,135.0,31.25,92.93,260.59,43.74,73.9,55.88,37.63,68.07,143.24,107.29,268.2,175.27,110.44,123.0,88.41
2025-06-13,29.32,45.9,73.12,96.23,309.5,20.16,55.67,63.37,145.29,233.33,169.13,52.347,21.92,4829.99,135.42,31.01,92.61,259.2,42.34,73.78,55.577,37.56,67.35,141.09,111.15,264.98,173.55,109.24,124.57,87.29
2025-06-16,29.1,45.24,72.68,96.46,309.17,19.89,55.21,62.41,145.19,233.28,168.44,52.993,21.91,4842.24,135.94,30.41,93.32,254.08,42.38,74.46,55.103,37.91,66.79,142.24,110.29,266.35,174.99,110.88,124.69,87.84
2025-06-17,29.14,46.43,72.01,96.8,307.19,20.17,55.99,62.75,144.91,230.58,169.09,52.747,21.76,4832.94,135.54,30.02,93.69,256.12,42.12,74.25,55.373,37.41,65.92,139.29,111.3,267.4,174.66,109.33,124.56,87.69
2025-06-18,28.91,46.0,71.37,97.69,305.99,20.04,54.86,61.65,145.57,230.43,167.98,54.307,21.95,4919.99,135.09,29.89,93.78,256.41,41.94,74.35,55.673,37.81,65.42,139.54,110.91,268.4,175.33,109.83,124.77,87.81
2025-06-19,28.77,46.04,70.87,97.43,305.0,20.27,55.14,61.48,144.27,230.23,166.76,53.973,21.86,4865.0,134.97,29.93,94.57,255.4,42.11,74.5,55.63,38.09,65.0,139.75,112.01,267.15,175.03,110.31,123.15,87.54
2025-06-20,28.79,46.0,70.03,97.39,305.34,20.1,55.2,61.53,144.64,228.17,166.29,54.027,21.98,4828.13,135.4,29.83,94.69,255.06,42.13,74.46,55.59,38.15,65.16,140.05,111.81,266.18,174.84,110.2,122.66,88.05
2025-06-23,29.08,44.12,70.29,97.77,310.59,19.12,53.52,61.68,144.7,229.79,168.09,54.573,22.24,4887.84,136.74,30.06,95.66,257.66,42.98,74.37,56.54,38.69,64.83,140.53,108.55,269.01,174.67,109.67,123.88,88.98
2025-06-24,28.35,43.26,70.82,98.58,313.31,18.81,52.56,61.84,146.55,226.61,165.3,56.147,21.98,4968.01,137.32,30.17,96.42,258.17,43.28,74.61,57.272,40.01,64.8,140.17,108.14,270.66,176.13,108.77,121.5,89.37
2025-06-25,28.63,43.04,68.81,98.84,310.67,18.7,52.09,61.04,146.33,224.09,164.32,55.067,21.85,4909.13,137.58,30.1,96.35,254.85,42.94,74.49,56.232,39.94,64.52,139.14,109.9,268.33,175.72,106.93,122.54,89.09
2025-06-26,28.89,43.56,68.9,99.46,310.69,18.84,51.76,61.54,148.87,224.81,167.9,55.567,21.74,4926.79,138.81,29.83,96.21,255.6,43.75,75.14,55.947,40.01,65.41,141.74,111.01,268.86,177.61,107.77,123.11,89.25
2025-06-27,28.03,43.11,67.64,99.45,312.34,18.7,51.46,61.4,149.56,221.05,159.08,56.273,21.68,4983.69,139.64,29.89,95.56,254.72,43.83,75.16,55.895,39.87,67.0,141.65,108.79,271.15,177.7,107.37,119.7,90.35
2025-06-30,28.35,42.8,67.69,100.16,316.65,18.53,51.01,61.75,150.91,223.57,162.24,56.187,21.87,4993.2,140.52,30.2,96.66,254.38,43.54,75.3,56.312,40.39,66.48,141.89,108.18,273.84,179.47,108.18,122.46,90.61
2025-07-01,28.35,42.8,67.69,100.16,316.65,18.53,51.01,61.75,150.91,223.57,162.24,56.187,21.87,4993.2,140.52,30.2,96.66,254.38,43.54,75.3,56.312,40.39,66.48,141.89,108.18,273.84,179.47,108.18,122.46,90.61
2025-07-02,28.83,44.06,68.48,101.1,308.66,19.39,52.0,60.85,152.35,223.57,161.37,56.76,22.02,4973.24,140.89,31.04,97.34,241.97,42.74,74.98,55.045,43.29,65.19,144.9,109.94,269.9,178.11,111.1,121.91,87.89
2025-07-03,29.14,43.79,68.96,101.59,310.63,19.2,52.17,60.91,154.09,225.13,163.14,58.293,22.02,5030.09,141.53,30.81,97.75,244.31,42.85,74.96,55.715,43.88,65.56,144.88,110.31,272.44,179.53,110.28,123.32,88.06
2025-07-04,29.18,43.77,69.13,101.69,311.91,19.16,51.77,60.89,153.8,225.66,163.36,58.26,22.03,5005.0,141.41,30.84,97.89,244.68,42.79,74.92,56.033,44.04,65.43,144.12,110.5,271.86,179.55,109.95,124.25,88.18
2025-07-07,29.52,43.39,69.1,101.27,313.75,19.21,51.68,60.32,152.96,226.0,166.87,57.32,22.4,4998.97,141.02,31.82,98.56,248.99,41.85,75.01,56.05,43.54,64.75,140.7,109.46,274.85,180.12,108.83,126.52,85.78
2025-07-08,28.35,43.97,69.1,101.4,310.82,19.99,53.12,60.55,154.21,216.32,158.97,57.3,22.62,4972.02,140.18,32.69,98.07,248.0,41.74,75.11,56.257,44.15,64.66,143.66,110.43,274.1,180.39,110.54,118.65,85.14
2025-07-09,28.59,43.78,69.41,101.44,308.81,19.81,53.71,59.95,154.75,217.89,161.06,57.073,22.65,4956.28,141.27,32.6,99.56,249.13,41.73,75.02,56.415,44.0,63.77,143.42,109.39,273.73,181.29,111.45,121.6,84.3
2025-07-10,28.77,43.46,69.66,100.98,309.0,19.64,53.84,60.8,156.61,217.31,161.43,58.233,22.6,4955.59,141.22,32.87,100.34,248.8,41.99,75.3,55.807,44.92,64.61,144.92,110.56,275.34,182.33,112.66,122.8,84.77
2025-07-11,29.04,43.91,68.63,100.69,309.37,20.06,54.87,60.97,155.66,218.38,163.99,57.587,22.56,4888.06,140.85,32.57,100.04,251.03,41.71,74.67,55.408,45.82,64.78,143.93,112.89,272.45,180.37,111.69,124.55,85.0
2025-07-14,29.09,43.57,68.9,101.48,307.79,19.73,54.57,61.92,155.56,217.13,163.75,58.347,22.46,4959.37,141.0,32.71,98.98,252.71,41.74,74.79,56.007,45.53,66.31,142.39,113.85,293.53,180.63,111.22,125.19,85.98
2025-07-15,28.83,42.97,68.1,100.87,303.68,19.5,54.1,62.1,154.69,215.43,163.35,57.913,22.45,4913.6,140.4,33.03,98.87,252.06,41.49,74.84,55.08,45.88,66.69,141.35,112.7,288.51,179.35,111.33,124.33,85.11
2025-07-16,29.03,42.33,68.32,101.29,303.3,19.12,53.56,61.91,155.67,213.64,163.79,60.013,22.51,4976.98,141.53,33.42,99.39,250.29,41.69,75.35,55.5,46.05,66.24,140.76,112.17,288.99,180.63,110.62,123.85,85.45
2025-07-17,28.59,42.62,74.0,101.67,299.41,19.3,53.71,61.58,157.19,212.51,163.02,62.447,22.51,5040.07,142.74,33.12,100.34,250.65,42.48,75.66,54.597,45.51,65.59,140.0,112.63,287.65,182.78,110.29,122.35,85.51
2025-07-18,28.43,42.3,75.43,101.01,304.04,19.31,53.31,61.88,156.85,211.93,161.61,61.54,22.31,4984.83,143.36,32.5,100.61,250.84,42.29,75.76,55.21,45.21,65.52,136.61,112.97,287.16,182.14,106.35,121.23,85.35
2025-07-21,29.19,41.83,76.67,101.82,301.73,19.19,52.98,61.01,157.3,213.38,167.92,60.513,22.5,4916.44,142.54,32.83,100.55,249.09,41.75,76.0,54.768,45.63,64.87,136.26,112.23,278.31,182.36,106.03,125.09,83.75
2025-07-22,29.58,42.44,76.81,102.17,303.11,19.46,53.2,61.5,156.27,218.54,175.02,60.267,22.62,4850.24,142.8,33.15,101.22,251.48,41.89,76.69,54.39,46.44,65.24,136.56,113.62,275.61,181.21,106.52,130.19,85.1
2025-07-23,29.4,42.68,76.27,102.44,303.0,19.91,53.96,61.84,156.1,220.55,172.92,61.413,22.5,4844.17,143.94,33.42,100.96,250.58,42.58,77.27,54.377,46.99,65.41,130.98,114.07,276.5,182.42,105.12,129.09,85.11
2025-07-24,29.38,43.14,74.88,102.13,302.72,19.62,54.16,62.03,155.68,222.01,171.75,61.353,22.55,4845.77,144.64,33.34,100.65,257.03,42.45,77.34,55.585,47.06,64.9,130.17,114.54,280.31,180.07,103.86,128.25,85.0
2025-07-25,29.84,43.01,74.33,102.65,305.15,19.85,53.86,61.67,156.86,223.26,173.92,61.773,22.59,4890.29,144.62,33.16,101.44,256.3,42.9,77.63,55.548,47.04,64.74,131.4,114.76,278.86,180.97,105.42,128.83,85.6
2025-07-28,29.39,43.87,73.49,101.79,302.12,20.61,54.91,61.33,155.73,220.53,169.98,61.84,22.3,4842.54,144.45,32.75,101.52,255.57,43.2,77.29,55.357,46.62,64.34,130.47,116.74,275.73,179.19,104.29,125.98,84.97
2025-07-29,29.62,44.39,72.68,101.31,305.21,20.9,55.2,62.08,156.06,223.6,173.83,62.233,22.41,4860.32,144.96,32.62,99.98,264.24,43.35,77.1,56.382,46.4,64.74,131.13,118.12,275.78,178.61,105.0,128.6,85.49
2025-07-30,29.19,44.12,73.13,101.8,285.45,20.87,54.94,62.25,153.91,218.53,170.7,62.267,22.43,4862.16,144.06,32.58,99.36,261.92,42.48,77.51,56.143,46.16,65.02,130.35,116.68,276.23,179.07,104.83,125.92,84.67
2025-07-31,29.25,43.86,72.0,100.92,286.4,21.09,54.65,62.75,152.94,220.72,172.01,61.873,22.32,4780.28,144.13,32.32,99.03,258.74,42.87,77.09,56.018,46.28,66.16,129.38,115.53,278.08,177.79,101.9,126.72,84.48
2025-08-01,29.47,42.72,70.18,100.09,283.07,20.43,53.86,63.73,152.92,222.95,172.74,60.073,21.54,4718.31,143.4,32.53,99.07,257.48,42.02,76.53,55.89,46.5,66.76,128.04,114.9,277.45,177.48,100.56,127.06,83.33
2025-08-04,29.47,42.72,70.18,100.09,283.07,20.43,53.86,63.73,152.92,222.95,172.74,60.073,21.54,4718.31,143.4,32.53,99.07,257.48,42.02,76.53,55.89,46.5,66.76,128.04,114.9,277.45,177.48,100.56,127.06,83.33
2025-08-05,31.06,43.3,71.03,100.53,288.5,20.79,54.05,64.4,154.22,235.64,185.42,61.72,21.76,4790.56,144.77,32.45,99.77,257.58,42.42,76.63,56.717,46.38,67.42,129.6,116.96,275.03,180.06,103.42,135.03,83.71
2025-08-06,31.27,43.12,70.79,101.04,287.53,20.39,53.91,64.62,154.72,235.13,186.12,61.913,21.84,4723.53,145.17,32.0,99.2,258.01,43.0,76.43,56.908,45.39,68.42,129.39,117.54,247.36,181.78,105.18,135.47,84.91
2025-08-07,31.77,41.81,70.26,100.24,283.73,20.23,53.62,64.76,154.83,235.54,186.63,59.533,22.09,4650.01,146.0,32.66,99.0,258.45,41.34,76.7,56.857,46.29,68.34,127.07,116.76,249.7,182.12,103.64,137.19,84.57
2025-08-08,32.22,41.71,69.99,100.76,279.0,20.47,53.94,64.69,155.21,236.09,186.65,59.353,22.1,4599.93,146.69,33.51,99.95,258.63,41.41,77.03,57.018,46.74,67.97,127.33,117.65,247.39,182.37,103.27,138.56,77.85
2025-08-11,31.46,41.2,69.94,100.78,278.83,20.0,53.45,65.47,155.43,242.41,186.8,59.133,22.08,4801.81,146.94,33.58,100.3,262.45,41.19,77.3,57.325,46.7,68.89,128.52,114.97,241.0,183.87,102.7,134.3,78.45
2025-08-12,32.39,41.18,69.66,100.94,278.01,20.43,53.5,65.23,156.07,245.01,186.56,60.233,22.13,4681.2,148.09,33.77,100.73,258.29,41.55,77.71,57.775,47.05,69.05,129.27,115.04,234.63,185.73,103.28,132.82,79.37
2025-08-13,32.84,41.2,70.09,102.57,278.0,20.72,53.57,65.64,157.76,246.71,183.99,60.787,22.36,4507.58,149.09,34.53,100.92,255.6,41.96,78.01,56.635,47.92,70.24,129.23,114.75,233.51,187.03,104.17,130.91,79.79
2025-08-14,32.67,41.15,69.29,102.99,278.0,20.91,53.86,66.55,157.6,244.93,183.39,60.407,22.44,4256.68,149.93,35.03,102.0,255.24,42.25,78.22,56.86,48.44,70.77,128.08,115.03,231.86,188.61,102.03,130.25,80.21
2025-08-15,33.31,41.23,70.02,102.35,279.17,20.77,53.71,65.01,156.7,244.86,184.35,60.32,22.65,4353.38,150.51,35.37,101.99,255.31,42.0,78.47,56.838,48.78,70.56,128.92,115.46,236.67,188.5,102.56,130.33,80.25
2025-08-18,33.5,41.12,70.7,102.08,279.6,20.66,53.27,64.44,156.13,243.0,184.39,59.9,22.74,4394.28,150.63,35.28,101.9,255.26,42.29,78.53,57.697,48.57,69.67,128.68,115.52,238.76,188.41,101.6,128.97,80.64
2025-08-19,33.26,40.66,70.33,101.69,278.51,20.61,53.21,65.42,156.91,240.56,180.61,59.607,22.84,4334.02,151.02,35.44,101.38,258.21,42.15,78.57,58.76,48.83,70.93,130.7,114.49,242.62,189.03,103.83,126.23,80.92
2025-08-20,34.48,41.1,70.23,102.24,279.75,20.8,53.54,66.62,156.42,247.38,186.85,59.26,22.92,4360.35,150.27,35.67,101.48,258.01,41.74,78.71,59.14,49.04,71.95,130.17,115.69,243.79,189.35,103.1,129.37,81.25
2025-08-21,35.51,41.94,70.31,102.45,281.8,21.17,54.29,66.7,156.52,252.72,189.59,59.387,23.01,4438.01,150.82,35.72,101.6,259.39,41.8,78.7,58.77,49.52,71.62,130.75,117.43,244.87,189.41,101.87,131.22,81.67
2025-08-22,36.25,43.07,69.7,102.88,279.49,22.68,55.28,66.33,158.68,255.86,189.83,60.773,22.94,4549.91,151.55,35.24,101.22,255.55,42.49,79.7,56.88,49.3,70.8,132.58,120.77,246.86,190.65,103.48,132.16,81.49
2025-08-25,36.45,43.03,69.6,102.28,275.37,23.15,55.96,66.01,157.78,253.16,189.37,59.98,22.89,4470.99,150.54,34.98,100.68,252.57,41.67,79.53,56.76,49.21,70.4,131.59,121.69,244.95,188.88,101.72,132.39,80.51
2025-08-26,37.04,42.16,68.84,104.09,272.32,23.12,55.5,65.68,165.16,257.04,193.14,60.38,22.71,4393.0,150.41,34.46,102.07,252.83,41.63,84.98,55.74,48.77,70.5,133.62,121.39,242.16,190.39,105.49,133.72,81.03
2025-08-27,36.45,43.16,69.8,105.01,275.81,23.38,56.56,65.69,164.22,256.26,192.42,60.233,22.75,4399.01,144.71,34.44,103.81,252.65,41.82,85.13,55.8,49.34,70.7,134.14,123.85,241.2,200.07,106.0,133.2,79.73
2025-08-28,36.19,43.33,68.82,100.27,275.94,23.34,57.22,65.78,164.03,253.72,191.43,60.353,22.62,4421.93,143.41,34.14,105.91,252.08,42.2,85.82,55.51,49.13,71.03,132.2,124.34,245.13,200.77,104.95,133.7,80.12
2025-08-29,36.63,43.49,69.61,103.12,275.03,22.84,56.77,66.45,166.19,258.83,198.01,60.18,22.64,4550.34,144.36,34.27,106.09,253.8,42.25,85.77,56.09,49.21,71.52,132.95,124.62,243.91,199.58,104.61,137.92,80.22
2025-09-01,36.63,43.49,69.61,103.12,275.03,22.84,56.77,66.45,166.19,258.83,198.01,60.18,22.64,4550.34,144.36,34.27,106.09,253.8,42.25,85.77,56.09,49.21,71.52,132.95,124.62,243.91,199.58,104.61,137.92,80.22
2025-09-02,37.18,44.11,69.24,102.75,276.16,23.4,56.94,66.56,167.74,262.52,203.59,60.96,22.55,4568.78,144.72,33.68,106.47,251.91,42.02,85.62,56.55,49.0,71.28,133.24,122.93,244.88,199.53,105.31,139.93,79.53
2025-09-03,37.43,43.08,73.58,103.33,276.25,22.76,56.12,66.68,170.49,262.37,205.26,60.107,22.75,4603.32,144.56,33.84,108.19,249.31,42.07,86.73,56.79,49.27,71.88,133.29,121.63,244.76,200.97,105.78,141.52,80.09
2025-09-04,37.66,43.39,74.11,103.33,275.72,22.8,55.59,66.58,173.13,262.79,205.21,61.373,22.7,4605.4,144.41,33.82,109.42,250.67,42.73,87.85,56.75,49.25,71.07,133.83,120.93,247.18,201.72,106.14,142.05,79.94
2025-09-05,39.37,42.06,76.24,103.16,278.33,22.11,55.4,66.87,174.72,268.65,210.42,61.44,22.97,4599.69,145.91,34.23,108.42,248.41,42.48,87.86,56.62,49.7,71.83,133.76,120.9,241.93,200.22,106.17,144.44,79.98
2025-09-08,40.07,41.86,74.33,103.23,277.61,22.12,55.58,66.75,175.38,272.56,212.93,61.34,22.7,4579.23,145.88,33.67,107.91,246.28,42.47,88.3,56.37,49.36,71.65,131.57,120.85,239.63,199.77,105.11,146.46,80.73
2025-09-09,40.43,42.82,73.97,104.44,277.88,22.57,56.78,66.98,175.3,271.85,211.71,61.173,22.7,4582.11,147.37,33.55,108.21,246.16,42.79,88.35,56.49,49.23,71.79,129.25,123.98,243.34,199.7,103.61,145.03,81.05
2025-09-10,40.92,43.24,74.0,105.24,277.2,23.68,58.55,67.35,175.11,275.75,211.94,61.993,21.96,4421.93,148.31,33.48,109.28,244.3,42.82,88.57,56.15,49.14,72.02,128.15,126.79,236.3,199.94,103.26,146.24,81.38
2025-09-11,40.69,43.18,73.91,106.24,280.47,23.38,58.1,67.5,175.36,279.53,212.73,63.387,22.12,4430.27,149.5,33.59,110.03,246.54,43.96,88.87,56.23,49.74,72.06,129.91,126.98,239.95,200.82,104.71,148.44,82.42
2025-09-12,40.22,43.21,73.64,106.32,277.97,23.38,57.75,67.98,174.93,277.78,212.24,62.533,22.1,4392.79,149.45,33.46,109.59,243.84,44.14,87.74,55.58,49.53,72.45,129.39,125.99,239.5,199.63,103.98,147.63,82.06
2025-09-15,40.0,44.15,73.21,106.96,273.43,23.61,58.13,67.58,176.05,280.77,211.82,63.713,22.02,4301.83,150.64,32.65,109.66,242.07,44.53,88.16,54.2,49.26,71.98,131.27,127.97,235.79,200.25,104.57,148.38,82.21
2025-09-16,39.71,45.28,72.82,107.08,266.22,24.17,59.15,67.25,178.62,275.67,209.56,63.967,21.91,4355.17,150.37,32.22,110.33,238.65,43.28,89.13,53.76,49.25,71.64,131.54,130.94,233.3,201.02,104.66,144.78,80.87
2025-09-17,40.63,45.14,72.2,107.98,266.5,24.02,59.02,67.61,178.62,276.54,211.18,63.653,22.13,4281.59,150.3,32.36,110.5,238.91,42.71,88.99,54.27,49.22,72.15,130.32,130.14,232.9,201.52,103.69,144.71,81.32
2025-09-18,41.52,44.89,71.8,108.19,267.24,24.07,58.92,67.78,178.52,279.26,213.01,65.04,21.82,4310.95,150.17,31.91,110.96,241.98,43.29,89.18,54.89,48.52,72.65,129.0,129.7,221.7,201.64,104.33,144.56,82.0
2025-09-19,45.55,43.58,73.62,108.39,271.58,23.41,57.28,68.36,179.87,294.95,222.13,66.013,21.93,4417.32,152.0,32.0,112.53,240.22,43.57,89.6,55.47,48.82,72.46,128.66,126.62,224.0,203.14,104.42,148.53,83.01
2025-09-22,48.94,44.4,72.56,109.56,266.85,23.61,57.74,68.0,179.14,295.8,222.78,67.007,21.85,4200.28,151.95,31.91,112.39,238.86,43.86,89.06,53.95,48.49,73.13,127.18,128.16,225.43,205.5,103.13,148.89,82.77
2025-09-23,47.8,44.44,73.61,108.95,264.63,23.97,58.55,68.64,180.77,295.33,224.76,66.047,21.9,4000.01,151.62,32.21,113.08,238.12,43.02,89.11,54.4,48.87,73.78,127.52,129.35,222.52,205.04,102.63,149.01,82.63
2025-09-24,46.7,45.55,74.3,108.59,265.48,24.75,58.99,69.48,178.45,291.63,219.58,64.58,21.97,4137.62,152.53,32.15,112.17,239.35,43.05,89.09,53.92,48.19,74.43,128.06,130.55,219.29,204.77,102.93,146.34,82.0
2025-09-25,47.81,45.27,73.39,109.96,262.29,24.65,59.57,69.11,180.47,298.41,223.0,63.607,21.82,3891.4,149.9,32.12,111.99,238.84,42.77,89.76,53.93,48.97,74.87,128.8,130.05,220.29,203.85,103.5,149.71,82.25
2025-09-26,48.06,45.57,72.64,110.35,263.6,24.75,59.39,69.09,182.0,303.05,227.85,63.56,21.83,3660.0,150.64,32.21,112.44,240.08,42.89,89.75,53.46,49.7,74.43,129.38,129.97,218.79,203.63,102.47,152.01,82.1
2025-09-29,46.12,45.03,73.75,111.11,264.71,24.05,58.47,69.23,180.79,305.2,232.28,64.193,21.92,3766.74,148.92,32.39,110.86,242.54,43.17,90.2,53.89,49.63,74.38,130.74,128.24,217.52,204.7,102.28,153.85,82.68
2025-09-30,45.71,44.5,74.25,111.28,270.77,23.63,58.24,70.21,181.35,309.77,234.4,63.66,21.92,3777.98,147.83,32.52,111.21,244.66,43.36,89.99,53.83,47.91,75.67,131.24,126.19,216.1,205.12,103.65,155.74,83.57
2025-10-01,47.0,44.26,74.65,112.13,266.91,23.32,57.56,69.16,181.82,309.96,237.31,63.113,22.06,3832.23,149.44,32.71,112.14,244.01,43.85,90.07,54.02,48.56,75.12,131.75,125.58,212.78,205.25,104.32,155.42,83.91
2025-10-02,47.39,43.92,74.28,111.14,268.25,23.34,57.41,69.39,181.86,303.42,234.71,63.447,21.75,3901.84,149.27,32.43,112.7,241.63,43.84,90.87,54.82,49.11,75.75,131.84,124.68,211.55,204.44,105.9,153.32,83.98
2025-10-03,47.37,44.4,74.79,113.26,269.11,23.67,57.7,69.88,180.02,307.32,236.31,63.907,21.89,4029.53,151.19,32.6,113.65,243.29,44.57,91.03,54.89,48.47,76.89,134.49,125.49,213.48,205.06,108.27,152.98,84.17
2025-10-06,47.5,45.28,73.27,113.3,267.37,24.33,57.95,69.43,180.48,309.48,237.73,63.3,21.66,3897.6,151.14,32.33,113.88,242.97,45.02,91.15,53.62,48.82,75.96,134.78,127.02,212.22,205.03,107.94,153.18,85.23
2025-10-07,46.36,45.72,73.1,112.94,265.7,24.27,57.73,69.01,179.63,303.25,232.11,62.993,21.64,3837.43,151.2,32.49,113.88,242.03,44.83,89.61,54.35,50.0,76.29,135.25,126.7,211.35,203.61,108.48,151.12,84.87
2025-10-08,47.32,45.55,72.72,112.34,267.17,24.71,57.0,68.46,177.46,298.66,236.67,63.32,21.18,3869.33,149.34,32.44,112.21,242.39,45.45,88.42,54.87,49.6,75.67,134.51,124.91,211.75,202.51,108.46,149.62,86.45
2025-10-09,46.33,45.88,72.67,112.02,266.04,25.36,56.65,67.32,177.43,285.72,226.82,63.12,21.26,3949.97,150.13,32.88,112.14,238.74,44.78,89.2,55.26,50.76,73.9,133.96,123.56,210.48,203.81,106.21,144.98,85.28
2025-10-10,45.86,43.97,73.13,109.78,269.6,24.25,55.28,66.77,175.98,286.16,230.16,60.29,21.34,3936.19,149.77,33.46,111.82,241.95,44.41,88.84,56.5,51.5,73.93,132.24,121.95,212.03,201.2,104.86,147.64,86.24
2025-10-13,45.86,43.97,73.13,109.78,269.6,24.25,55.28,66.77,175.98,286.16,230.16,60.29,21.34,3936.19,149.77,33.46,111.82,241.95,44.41,88.84,56.5,51.5,73.93,132.24,121.95,212.03,201.2,104.86,147.64,86.24
2025-10-14,46.8,43.44,73.09,111.51,269.65,24.22,55.31,66.75,179.25,293.48,240.49,63.64,21.25,3955.01,151.3,32.75,112.9,242.4,45.4,90.11,57.03,51.62,73.1,134.58,123.42,217.14,204.19,107.04,152.16,87.6
2025-10-15,48.7,43.36,73.4,112.96,266.0,24.3,54.95,66.89,180.13,294.14,251.12,63.67,21.19,3970.35,151.94,33.21,114.87,238.55,45.17,90.59,57.44,51.76,72.68,136.43,120.76,223.78,206.3,107.85,154.88,87.38
2025-10-16,50.08,42.49,73.35,110.73,259.83,23.52,54.2,66.38,175.35,302.5,260.7,61.86,21.2,3855.64,151.72,33.28,112.69,240.02,44.5,89.91,58.08,52.27,72.33,132.99,119.06,219.75,204.2,106.03,159.41,85.72
2025-10-17,46.73,42.19,74.95,111.06,258.62,23.54,54.04,65.98,175.05,285.43,244.41,62.25,21.48,3814.13,150.99,33.99,112.52,242.01,44.34,89.32,59.18,52.2,72.1,134.05,119.15,222.18,204.27,107.23,146.5,84.9
2025-10-20,48.76,42.23,74.46,112.07,254.83,23.82,53.74,66.24,176.49,287.99,250.46,63.31,21.14,3709.99,152.48,33.48,113.34,244.2,44.71,89.87,58.28,51.39,72.33,133.81,121.26,225.74,206.21,107.38,147.95,85.84
2025-10-21,44.16,41.91,73.81,112.64,259.68,23.31,53.51,66.29,175.65,269.96,228.46,63.31,21.1,3678.31,152.75,33.58,113.21,243.24,44.56,90.28,58.21,51.91,72.01,133.2,119.57,225.71,205.44,106.09,134.31,85.64
2025-10-22,44.09,42.45,73.9,113.11,261.97,23.46,54.67,66.73,175.76,265.19,228.17,63.01,21.26,3690.0,152.12,33.64,113.41,249.42,44.58,89.73,58.81,52.24,72.5,134.43,123.22,228.2,205.27,107.02,135.87,86.04
2025-10-23,44.67,43.68,72.8,113.14,265.1,24.18,55.42,65.98,176.12,267.43,230.15,63.59,21.12,3727.91,152.83,33.39,114.04,247.37,45.04,90.18,58.48,54.0,71.32,134.25,125.62,228.64,206.34,106.24,137.36,85.85
2025-10-24,45.49,43.78,74.47,113.35,262.7,23.91,55.73,65.65,177.23,266.0,228.58,64.67,21.08,3782.39,154.46,33.33,115.26,247.45,45.67,90.68,57.95,55.05,70.55,133.43,127.26,227.55,206.89,105.64,137.43,85.98
2025-10-27,44.54,44.11,74.07,114.26,263.71,23.98,56.07,66.18,178.04,257.42,217.08,65.43,20.91,3844.22,155.69,32.87,116.1,244.67,46.04,91.33,57.25,55.59,70.68,132.66,128.03,227.22,207.45,104.18,132.14,87.19
2025-10-28,44.39,43.68,73.51,115.29,262.9,23.52,55.25,65.65,177.5,260.5,218.48,66.18,20.85,3753.03,156.58,32.84,116.82,242.72,45.78,91.86,56.65,55.75,70.86,131.99,127.46,225.46,207.8,103.71,133.0,86.92
2025-10-29,44.7,44.83,69.94,114.03,258.61,23.8,55.79,65.12,175.7,260.03,218.88,64.92,20.57,3453.88,155.01,32.79,115.34,234.73,45.4,91.1,54.7,55.46,70.26,129.9,128.83,213.19,204.55,101.99,132.75,86.12
2025-10-30,46.27,44.67,70.7,114.64,259.41,23.47,55.56,65.71,173.05,264.46,227.54,64.03,20.62,3586.89,155.75,32.35,115.25,239.05,44.97,91.86,55.19,55.13,70.62,130.55,127.84,216.17,204.12,101.63,137.22,85.48
2025-10-31,46.04,44.87,71.28,115.16,261.63,23.7,55.85,65.4,174.23,261.99,225.58,64.59,20.51,3691.08,156.7,32.06,116.21,235.22,45.39,91.99,55.74,54.89,70.38,134.49,124.05,214.84,205.47,100.93,135.45,85.31
2025-11-03,46.45,44.9,69.61,115.18,263.4,23.91,55.68,65.52,175.49,264.4,228.35,64.62,20.5,3584.85,158.21,31.88,117.84,232.94,46.42,92.36,55.71,54.05,70.33,134.4,126.19,218.92,207.22,99.36,136.6,85.74
2025-11-04,44.62,44.18,68.8,113.56,265.18,23.47,55.65,65.4,172.72,260.29,219.74,64.21,20.48,3507.03,157.57,31.44,117.41,237.75,46.28,92.68,56.36,53.67,70.16,134.94,124.52,206.63,205.4,99.5,133.01,86.5
2025-11-05,46.25,45.01,70.24,113.85,269.73,23.39,58.17,65.78,173.21,265.42,225.42,64.75,20.66,3570.98,158.08,31.61,117.62,234.29,47.02,92.4,57.73,52.51,71.1,135.5,125.64,203.53,205.64,99.3,136.35,87.03
2025-11-06,45.93,44.44,69.75,113.54,268.13,23.75,59.27,66.24,173.67,265.69,225.05,64.46,20.66,3392.88,156.88,32.7,118.73,233.41,46.82,93.0,56.74,51.93,71.27,133.47,128.6,196.24,205.25,97.27,135.99,83.41
2025-11-07,46.44,44.4,68.51,113.58,280.17,24.49,59.76,66.94,173.38,269.47,226.52,64.28,20.77,3385.76,157.16,32.53,118.92,233.15,46.85,93.54,56.62,52.49,73.26,133.31,130.98,192.99,204.01,99.47,138.98,82.12
2025-11-10,48.89,44.82,69.77,113.72,281.88,25.03,60.39,67.15,175.73,273.1,235.44,64.58,20.68,3304.88,158.49,32.14,120.08,232.61,46.85,94.21,56.54,52.88,74.77,132.5,133.93,190.0,205.84,99.51,143.39,81.37
2025-11-11,50.18,45.38,70.4,114.35,276.42,25.58,61.72,67.68,175.39,272.27,235.05,64.7,20.69,3257.27,160.93,32.79,120.12,234.49,47.0,93.54,56.53,53.45,74.97,134.43,134.68,192.46,206.81,100.04,145.8,81.18
2025-11-12,52.32,45.42,71.22,115.89,284.23,25.41,61.92,68.25,176.88,280.1,242.45,65.68,20.55,3355.73,163.03,31.9,121.89,236.5,48.24,95.0,58.62,53.79,76.72,137.11,135.56,193.75,208.76,101.46,150.99,82.8
2025-11-13,51.11,45.66,70.2,114.22,281.28,25.03,61.18,67.76,174.2,276.78,236.66,61.39,20.62,3277.56,162.09,32.41,120.93,234.9,48.3,94.42,59.09,53.84,76.37,135.48,134.92,197.12,205.85,99.8,148.27,82.66
2025-11-14,52.0,47.06,70.3,114.05,282.18,25.4,62.17,67.16,173.92,276.53,236.02,61.75,20.38,3343.01,161.8,32.01,122.27,236.89,48.26,94.65,60.51,53.86,77.45,134.81,138.89,198.05,205.46,99.13,146.15,83.11
2025-11-17,51.98,46.87,70.05,114.46,285.72,25.2,62.45,67.11,171.68,274.02,231.64,60.2,20.06,3245.53,161.71,32.38,122.05,237.99,47.48,94.66,61.32,54.14,76.61,134.09,138.72,192.69,206.93,98.85,143.68,83.02
2025-11-18,52.76,47.56,69.51,114.93,283.66,25.89,63.2,67.51,170.2,272.94,232.84,60.68,19.0,3238.35,161.54,32.21,119.99,240.67,46.95,94.8,60.71,53.84,75.71,131.35,140.84,189.81,208.38,97.15,144.07,82.82
2025-11-19,53.08,47.79,69.19,114.67,282.38,25.68,63.25,68.39,171.21,276.3,235.86,61.46,19.02,3201.66,162.12,32.07,118.19,245.64,47.66,94.03,61.33,53.93,76.83,131.55,139.21,188.86,208.51,97.4,146.34,82.48
2025-11-20,50.8,47.9,70.01,114.66,281.0,25.48,62.99,68.13,169.13,267.43,223.7,61.6,18.84,3220.99,161.73,32.37,117.01,244.86,47.8,93.59,62.17,53.25,76.5,129.85,138.2,185.77,207.98,97.12,140.41,82.77
2025-11-21,51.53,47.11,72.02,115.59,284.19,25.2,62.43,67.6,170.64,269.38,225.52,63.0,18.71,3291.41,162.59,32.6,118.45,247.18,48.66,94.0,63.03,54.01,75.98,131.11,137.26,190.48,211.38,98.64,139.91,84.0
2025-11-24,55.93,46.48,70.93,116.71,283.93,25.2,62.45,66.78,172.6,282.31,234.7,63.65,18.32,3382.96,163.65,32.54,118.6,244.31,49.28,93.96,61.89,53.88,75.89,128.08,137.58,186.9,211.39,98.71,144.93,83.3
2025-11-25,55.18,46.84,74.41,116.04,287.25,24.56,62.52,67.08,174.62,283.21,233.88,64.96,18.28,3396.27,165.49,32.47,119.77,248.88,49.8,95.68,63.02,54.24,75.7,130.69,138.0,188.71,214.72,100.92,144.58,84.37
2025-11-26,57.56,46.8,75.73,117.15,286.98,24.67,62.42,67.47,176.07,291.37,243.03,65.42,18.22,3420.0,167.74,32.6,120.3,248.46,48.81,96.88,62.65,54.95,75.8,132.03,138.6,188.16,215.06,101.28,149.96,82.41
2025-11-27,57.5,46.73,76.4,117.06,284.47,24.76,62.5,67.42,175.99,290.83,242.1,65.56,18.33,3422.01,168.26,32.76,119.94,248.52,49.02,96.89,62.7,54.5,75.82,131.82,139.52,189.0,215.41,101.07,149.43,82.13
2025-11-28,58.43,47.29,76.33,117.65,285.4,24.93,62.84,67.93,176.91,292.15,243.79,65.98,18.34,3382.25,168.95,32.92,120.83,248.11,49.47,96.94,62.0,54.63,75.5,133.83,139.7,189.55,216.14,101.23,153.47,82.83
2025-12-01,59.27,47.67,75.38,116.96,280.34,25.05,62.75,68.44,173.82,289.94,240.91,64.87,18.12,3319.39,168.11,32.91,119.3,244.01,49.21,96.03,62.6,54.54,75.92,133.81,137.5,186.49,214.09,101.28,154.1,80.86
2025-12-02,57.42,46.94,74.44,118.2,276.89,24.56,61.44,67.29,175.78,284.14,237.2,64.77,18.27,3321.04,171.12,32.65,121.06,242.33,48.9,98.72,61.7,54.08,75.24,134.21,132.67,186.42,216.21,100.5,150.63,80.54
2025-12-03,56.51,47.64,73.21,117.7,273.32,25.46,62.36,66.63,177.02,283.27,236.2,64.88,18.55,3293.42,168.4,32.35,121.27,243.15,48.99,98.08,60.84,52.77,74.88,137.69,134.33,187.47,218.64,103.11,150.7,80.7
2025-12-04,57.11,48.09,74.49,120.09,277.04,25.59,62.47,67.26,176.82,283.25,239.49,65.2,18.65,3309.98,172.3,32.41,126.3,241.9,49.24,98.33,62.17,52.4,76.48,137.54,131.32,186.64,224.06,103.19,151.85,80.58
2025-12-05,56.79,47.96,74.17,122.2,274.0,25.35,61.19,66.58,178.24,281.14,233.57,64.54,18.7,3325.82,170.76,32.59,126.15,239.44,48.83,99.26,62.17,51.87,75.52,135.78,127.84,184.66,224.72,101.95,149.57,81.12
2025-12-08,55.49,47.21,72.9,122.15,274.76,24.86,61.03,66.81,175.45,276.12,228.33,64.32,18.54,3336.47,171.86,32.38,125.04,236.25,48.46,99.39,61.82,50.63,75.74,136.2,125.63,179.74,226.45,102.69,145.49,81.1
2025-12-09,56.67,46.67,72.11,123.47,276.36,24.61,60.64,65.87,175.23,280.99,230.26,64.65,18.47,3341.58,172.78,32.09,125.4,233.18,48.82,100.04,61.42,50.69,74.96,135.38,125.7,178.26,226.03,101.22,151.3,81.89
2025-12-10,57.76,46.51,71.71,125.88,280.72,24.66,60.95,65.13,178.76,287.24,226.44,65.41,18.3,3315.0,173.13,32.01,126.62,231.85,48.98,100.2,61.27,49.51,74.17,135.56,126.84,179.32,227.75,103.34,155.71,81.13
2025-12-11,59.45,45.62,72.35,126.43,281.29,24.36,60.98,65.24,181.91,295.01,234.75,64.13,17.6,3258.08,172.56,32.24,127.64,235.97,49.08,100.4,61.42,49.83,74.81,134.9,127.08,181.69,230.0,103.55,161.5,82.23
2025-12-12,59.26,45.44,72.24,125.8,282.54,24.83,61.01,65.46,181.3,295.69,231.62,62.87,17.63,3285.39,172.62,32.62,127.84,237.52,48.85,100.17,61.21,49.87,75.27,134.71,126.51,179.89,228.29,103.36,161.74,83.16
2025-12-15,59.63,44.66,73.08,126.75,281.21,24.31,60.07,65.66,181.91,292.32,231.76,62.39,17.58,3336.0,173.21,32.5,128.38,242.91,49.23,100.55,61.61,50.51,75.36,135.46,123.82,181.64,230.1,102.47,159.4,83.75
2025-12-16,59.04,43.0,72.77,126.11,280.43,23.15,58.06,64.23,179.57,287.75,229.15,61.9,17.51,3260.0,174.08,32.09,128.11,242.07,49.44,100.22,61.61,50.64,73.83,133.42,117.32,182.21,228.78,100.92,157.61,84.23
2025-12-17,60.0,43.95,72.49,125.78,281.49,23.41,58.98,64.66,177.03,287.22,230.98,61.35,17.44,3315.0,172.32,31.92,126.23,242.84,49.1,98.51,61.76,51.3,74.46,134.32,117.2,182.11,227.86,101.4,158.49,84.38
2025-12-18,60.51,43.41,74.25,127.49,284.05,22.67,58.46,64.43,177.68,287.61,232.49,61.72,17.44,3325.58,173.57,31.49,127.27,242.02,49.87,99.34,62.48,50.51,74.52,137.18,115.28,181.23,230.36,102.34,159.04,84.56
2025-12-19,61.62,43.99,74.15,127.99,283.72,23.03,58.98,64.3,178.98,292.25,241.5,62.47,17.42,3375.08,176.03,31.53,128.17,241.64,49.92,100.12,61.86,50.51,74.97,135.49,116.04,182.02,232.71,102.43,164.88,84.86
2025-12-22,62.71,44.48,74.43,127.98,284.47,23.01,59.06,64.4,178.46,295.46,247.69,63.49,17.4,3307.82,175.72,31.25,126.99,243.4,50.24,100.4,61.89,50.55,75.48,135.1,117.19,182.89,233.56,102.44,168.04,85.43
2025-12-23,62.58,44.96,74.39,128.92,285.52,22.97,59.09,64.99,178.43,295.58,248.36,63.32,17.43,3331.32,175.48,31.13,126.56,243.26,50.36,101.04,61.55,50.7,76.46,135.24,117.66,182.22,234.05,101.98,168.18,85.68
2025-12-24,62.06,45.07,74.04,129.16,283.83,22.88,59.1,64.88,178.4,295.07,247.68,63.75,17.5,3316.17,176.1,31.44,126.61,243.29,50.12,101.31,61.45,50.85,76.31,134.95,117.29,181.76,233.85,101.94,166.29,85.41
2025-12-25,62.06,45.07,74.04,129.16,283.83,22.88,59.1,64.88,178.4,295.07,247.68,63.75,17.5,3316.17,176.1,31.44,126.61,243.29,50.12,101.31,61.45,50.85,76.31,134.95,117.29,181.76,233.85,101.94,166.29,85.41
2025-12-26,62.06,45.07,74.04,129.16,283.83,22.88,59.1,64.88,178.4,295.07,247.68,63.75,17.5,3316.17,176.1,31.44,126.61,243.29,50.12,101.31,61.45,50.85,76.31,134.95,117.29,181.76,233.85,101.94,166.29,85.41
2025-12-29,60.3,45.49,74.4,129.59,285.1,23.12,59.91,65.33,179.81,284.65,234.67,64.04,17.77,3344.59,175.22,32.02,125.6,244.53,50.23,101.28,61.91,51.33,76.48,136.25,117.62,182.48,235.18,102.38,160.76,86.0
2025-12-30,60.59,46.47,74.7,129.81,285.19,23.35,60.97,65.78,178.75,285.09,235.3,63.38,17.87,3313.07,173.68,32.3,125.31,244.14,50.06,101.33,62.01,51.82,76.94,136.09,119.19,181.92,235.0,101.77,162.77,85.84
