date,open,high,low,close,volume
2013/1/1,18.23,19.12,18.18,19.01,659492400
2013/1/2,19.78,19.82,19.34,19.61,560518000
2013/1/3,19.57,19.63,19.32,19.36,352965200
2013/1/4,19.18,19.24,18.78,18.82,594333600
2013/1/7,18.64,18.9,18.4,18.71,484156400
2013/1/8,18.9,19,18.62,18.76,458707200
2013/1/9,18.66,18.75,18.43,18.47,407604400
2013/1/10,18.88,18.88,18.41,18.7,601146000
2013/1/11,18.61,18.76,18.54,18.58,350506800
2013/1/14,17.95,18.12,17.8,17.92,734207600
2013/1/15,17.8,17.82,17.26,17.35,876772400
2013/1/16,17.67,18.19,17.59,18.07,690804800
2013/1/17,18.23,18.24,17.93,17.95,453678400
2013/1/18,17.8,17.94,17.73,17.86,472922800
2013/1/21,17.8,17.94,17.73,17.86,472922800
2013/1/22,18.02,18.14,17.74,18.03,461546400
2013/1/23,18.17,18.39,18.03,18.36,861509600
2013/1/24,16.43,16.63,16.08,16.09,1460852400
2013/1/25,16.13,16.29,15.54,15.71,1208026400
2013/1/28,15.64,16.19,15.57,16.07,785517600
2013/1/29,16.38,16.44,16.15,16.37,571158000
2013/1/30,16.32,16.52,16.23,16.32,417155200
2013/1/31,16.32,16.4,16.25,16.27,319334400
2013/2/1,16.4,16.41,16.01,16.2,539484400
2013/2/4,16.21,16.28,15.79,15.8,477117200
2013/2/5,15.86,16.42,15.79,16.35,573347600
2013/2/6,16.3,16.66,16.16,16.33,593706400
2013/2/7,16.54,16.79,16.22,16.72,704580800
2013/2/8,16.93,17.1,16.72,16.96,633158400
2013/2/11,17.02,17.32,16.9,17.14,517490400
2013/2/12,17.13,17.23,16.7,16.71,609053200
2013/2/13,16.69,16.92,16.54,16.68,475207600
2013/2/14,16.59,16.84,16.57,16.66,355275200
2013/2/15,16.74,16.79,16.43,16.43,391745200
2013/2/18,16.74,16.79,16.43,16.43,391745200
2013/2/19,16.47,16.53,16.21,16.43,435783600
2013/2/20,16.35,16.35,16.03,16.03,476302400
2013/2/21,15.93,16.04,15.81,15.93,447182400
2013/2/22,16.04,16.13,15.95,16.1,330654800
2013/2/25,16.21,16.25,15.81,15.81,372579200
2013/2/26,15.85,16.13,15.63,16.03,501499600
2013/2/27,16.02,16.16,15.74,15.88,587350400
2013/2/28,15.86,16,15.76,15.76,322515200
2013/3/1,15.64,15.65,15.36,15.37,552448400
2013/3/4,15.28,15.29,14.96,15,582755600
2013/3/5,15.05,15.54,15.03,15.4,638433600
2013/3/6,15.52,15.54,15.16,15.2,460250000
2013/3/7,15.16,15.43,15.04,15.38,468473600
2013/3/8,15.35,15.55,15.31,15.42,391482000
2013/3/11,15.35,15.68,15.18,15.64,474236000
2013/3/12,15.56,15.67,15.27,15.3,465911600
2013/3/13,15.3,15.52,15.19,15.3,405549200
2013/3/14,15.46,15.52,15.37,15.45,303875600
2013/3/15,15.64,15.87,15.62,15.85,643960800
2013/3/18,15.77,16.34,15.76,16.28,606197200
2013/3/19,16.41,16.46,16.02,16.23,526775200
2013/3/20,16.34,16.34,16.06,16.15,308660800
2013/3/21,16.08,16.36,16.08,16.17,383255600
2013/3/22,16.24,16.5,16.18,16.5,395105200
2013/3/25,16.6,16.78,16.49,16.56,501135600
2013/3/26,16.62,16.64,16.45,16.47,294294000
2013/3/27,16.3,16.31,16.1,16.15,331237200
2013/3/28,16.07,16.14,15.77,15.81,442839600
2013/3/29,16.07,16.14,15.77,15.81,442839600
2013/4/1,15.78,15.85,15.28,15.32,389732000
2013/4/2,15.27,15.65,15.23,15.35,529519200
2013/4/3,15.41,15.62,15.37,15.43,363216000
2013/4/4,15.49,15.54,15.19,15.28,358447600
2013/4/5,15.16,15.18,14.99,15.11,383695200
2013/4/8,15.17,15.27,15.09,15.22,300829200
2013/4/9,15.23,15.3,15.1,15.25,306614000
2013/4/10,15.29,15.61,15.21,15.56,375928000
2013/4/11,15.49,15.64,15.4,15.51,328364400
2013/4/12,15.51,15.51,15.32,15.35,238613200
2013/4/15,15.25,15.28,14.98,14.99,317520000
2013/4/16,15.06,15.24,15.02,15.22,305771200
2013/4/17,15.01,15.02,14.22,14.39,945056000
2013/4/18,14.46,14.49,13.92,14,666299200
2013/4/19,13.86,14.27,13.75,13.95,609274400
2013/4/22,14.02,14.36,13.97,14.24,429920400
2013/4/23,14.43,14.59,14.24,14.5,664238400
2013/4/24,14.06,14.83,14.02,14.48,969651200
2013/4/25,14.69,14.78,14.54,14.59,384837600
2013/4/26,14.64,14.96,14.58,14.9,764097600
2013/4/29,15.02,15.49,15,15.36,640326400
2013/4/30,15.54,15.9,15.43,15.81,691538400
2013/5/1,15.87,15.89,15.51,15.69,506909200
2013/5/2,15.78,16.02,15.74,15.91,421828400
2013/5/3,16.12,16.19,16.04,16.07,361300800
2013/5/6,16.28,16.51,16.23,16.45,496641600
2013/5/7,16.61,16.63,16.2,16.38,483753200
2013/5/8,16.39,16.62,16.28,16.57,472598000
2013/5/9,16.42,16.54,16.27,16.31,398487600
2013/5/10,16.36,16.42,16.09,16.18,334852000
2013/5/13,16.13,16.35,16.12,16.24,316948800
2013/5/14,16.21,16.26,15.79,15.85,447118000
2013/5/15,15.68,15.75,15.08,15.32,741613600
2013/5/16,15.12,15.64,14.96,15.52,603204000
2013/5/17,15.68,15.72,15.39,15.47,427904400
2013/5/20,15.43,15.92,15.36,15.82,451578400
2013/5/21,15.65,15.91,15.51,15.7,456022000
2013/5/22,15.86,16.01,15.65,15.76,443038400
2013/5/23,15.57,15.93,15.56,15.79,353021200
2013/5/24,15.74,15.92,15.73,15.9,276166800
2013/5/27,15.74,15.92,15.73,15.9,276166800
2013/5/28,16.07,16.11,15.74,15.77,386145200
2013/5/29,15.71,15.98,15.69,15.89,330576400
2013/5/30,15.92,16.23,15.88,16.13,353519600
2013/5/31,16.16,16.33,16.05,16.06,384302800
2013/6/3,16.1,16.16,15.8,16.1,372352400
2013/6/4,16.19,16.23,15.98,16.05,292728800
2013/6/5,15.92,16.1,15.85,15.9,290589600
2013/6/6,15.91,15.96,15.5,15.66,416934000
2013/6/7,15.59,15.83,15.46,15.78,404535600
2013/6/10,15.88,16.04,15.6,15.67,450153200
2013/6/11,15.56,15.81,15.48,15.63,286112400
2013/6/12,15.7,15.76,15.41,15.44,265227200
2013/6/13,15.45,15.61,15.31,15.57,285832400
2013/6/14,15.55,15.58,15.3,15.36,271866000
2013/6/17,15.41,15.56,15.37,15.43,259414400
2013/6/18,15.41,15.53,15.36,15.42,195025600
2013/6/19,15.41,15.42,15.11,15.11,310940000
2013/6/20,14.98,15.21,14.83,14.89,357310800
2013/6/21,14.95,15,14.57,14.77,481118400
2013/6/24,14.55,14.6,14.22,14.38,480746000
2013/6/25,14.49,14.56,14.24,14.38,314162800
2013/6/26,14.43,14.46,14.13,14.22,367724000
2013/6/27,14.26,14.34,14.06,14.06,337246000
2013/6/28,13.98,14.3,13.89,14.16,578516400
2013/7/1,14.38,14.72,14.33,14.61,391053600
2013/7/2,14.64,15.06,14.62,14.95,469865200
2013/7/3,15.03,15.11,14.91,15.03,240928800
2013/7/4,15.03,15.11,14.91,15.03,240928800
2013/7/5,15.01,15.12,14.83,14.91,274024800
2013/7/8,15,15.04,14.67,14.82,298138400
2013/7/9,14.77,15.12,14.66,15.08,352584400
2013/7/10,14.99,15.17,14.94,15.03,281405600
2013/7/11,15.11,15.29,15.04,15.26,326292400
2013/7/12,15.27,15.35,15.12,15.23,279563200
2013/7/15,15.18,15.41,15.17,15.27,241917200
2013/7/16,15.23,15.38,15.15,15.36,216538000
2013/7/17,15.35,15.44,15.29,15.37,198990400
2013/7/18,15.48,15.53,15.38,15.42,218878800
2013/7/19,15.47,15.5,15.16,15.18,268721600
2013/7/22,15.34,15.35,15.2,15.23,207796400
2013/7/23,15.21,15.25,14.95,14.96,369395600
2013/7/24,15.68,15.88,15.55,15.73,591936800
2013/7/25,15.74,15.76,15.56,15.66,229493600
2013/7/26,15.55,15.75,15.51,15.75,200152400
2013/7/29,15.74,16.07,15.72,15.99,248057600
2013/7/30,16.07,16.33,16.04,16.19,309422400
2013/7/31,16.25,16.33,16.05,16.16,322957600
2013/8/1,16.28,16.31,16.19,16.31,206250800
2013/8/2,16.36,16.53,16.31,16.52,274783600
2013/8/5,16.6,16.81,16.51,16.77,318855600
2013/8/6,16.72,16.85,16.51,16.62,334857600
2013/8/7,16.56,16.68,16.49,16.61,298858000
2013/8/8,16.57,16.58,16.36,16.46,255777200
2013/8/9,16.38,16.44,16.2,16.23,266865200
2013/8/12,16.32,16.74,16.31,16.69,364434000
2013/8/13,16.82,17.67,16.72,17.48,881941200
2013/8/14,17.78,18.01,17.62,17.8,756372400
2013/8/15,17.73,17.94,17.47,17.78,490294000
2013/8/16,17.86,17.96,17.82,17.94,362306000
2013/8/19,18.01,18.35,18,18.13,510518400
2013/8/20,18.2,18.23,17.89,17.9,358688400
2013/8/21,17.99,18.11,17.9,17.94,335879600
2013/8/22,18.03,18.06,17.79,17.96,244207600
2013/8/23,17.97,17.98,17.83,17.89,222731600
2013/8/26,17.88,18.22,17.88,17.96,330965600
2013/8/27,17.79,17.95,17.37,17.45,424188800
2013/8/28,17.36,17.71,17.36,17.53,307608000
2013/8/29,17.56,17.73,17.54,17.56,239657600
2013/8/30,17.57,17.61,17.38,17.4,272297200
2013/9/2,17.57,17.61,17.38,17.4,272297200
2013/9/3,17.61,17.88,17.41,17.45,331928800
2013/9/4,17.84,17.94,17.72,17.81,345032800
2013/9/5,17.87,17.88,17.63,17.69,236367600
2013/9/6,17.8,17.83,17.5,17.79,359525600
2013/9/9,18.04,18.14,17.98,18.08,340687200
2013/9/10,18.08,18.12,17.48,17.67,743195600
2013/9/11,16.68,16.92,16.6,16.7,898696400
2013/9/12,16.73,16.98,16.64,16.88,404051200
2013/9/13,16.76,16.85,16.6,16.6,298835600
2013/9/16,16.46,16.49,15.97,16.08,543706800
2013/9/17,16,16.42,15.98,16.26,399380800
2013/9/18,16.54,16.66,16.45,16.6,456862000
2013/9/19,16.81,16.99,16.76,16.87,404541200
2013/9/20,17.07,17.09,16.64,16.69,699302800
2013/9/23,17.72,17.75,17.24,17.52,762106800
2013/9/24,17.67,17.7,17.42,17.47,364344400
2013/9/25,17.47,17.49,17.19,17.2,316957200
2013/9/26,17.36,17.45,17.28,17.36,237221600
2013/9/27,17.28,17.31,17.17,17.24,228040400
2013/9/30,17.04,17.2,16.94,17.03,260156400
2013/10/1,17.09,17.47,17.08,17.43,353883600
2013/10/2,17.34,17.56,17.28,17.48,289184000
2013/10/3,17.52,17.58,17.17,17.26,322753200
2013/10/4,17.28,17.31,17.09,17.25,258868400
2013/10/7,17.38,17.59,17.33,17.42,312292400
2013/10/8,17.5,17.52,17.16,17.18,290917200
2013/10/9,17.31,17.42,17.08,17.38,301725200
2013/10/10,17.55,17.58,17.39,17.49,278602800
2013/10/11,17.39,17.64,17.33,17.6,267738800
2013/10/14,17.49,17.77,17.48,17.72,261898000
2013/10/15,17.77,17.93,17.7,17.81,320073600
2013/10/16,17.89,17.95,17.83,17.9,251101200
2013/10/17,17.86,18.03,17.85,18.02,253593200
2013/10/18,18.07,18.19,18.06,18.17,290542000
2013/10/21,18.28,18.73,18.27,18.62,398106800
2013/10/22,18.8,18.87,18.14,18.57,534063600
2013/10/23,18.54,18.77,18.54,18.75,313723200
2013/10/24,18.75,19.02,18.66,19,384764800
2013/10/25,18.98,19.04,18.75,18.78,337792000
2013/10/28,18.89,18.96,18.69,18.92,550440800
2013/10/29,19.15,19.26,18.38,18.45,635807200
2013/10/30,18.56,18.84,18.47,18.75,354163600
2013/10/31,18.75,18.84,18.62,18.67,275696400
2013/11/1,18.72,18.74,18.42,18.57,274890000
2013/11/4,18.61,18.82,18.53,18.81,244627600
2013/11/5,18.74,18.89,18.68,18.77,265213200
2013/11/6,18.72,18.75,18.51,18.6,223375600
2013/11/7,18.56,18.69,18.3,18.3,262620400
2013/11/8,18.38,18.61,18.31,18.59,279316800
2013/11/11,18.57,18.63,18.37,18.54,227452400
2013/11/12,18.49,18.71,18.46,18.57,204276800
2013/11/13,18.5,18.65,18.46,18.59,197220800
2013/11/14,18.67,18.9,18.64,18.86,282419200
2013/11/15,18.81,18.9,18.73,18.75,317920400
2013/11/18,18.75,18.83,18.51,18.52,244944000
2013/11/19,18.54,18.69,18.5,18.56,208938800
2013/11/20,18.54,18.59,18.37,18.39,193916800
2013/11/21,18.49,18.61,18.35,18.61,262026800
2013/11/22,18.55,18.65,18.52,18.56,223725600
2013/11/25,18.61,18.78,18.61,18.7,229311600
2013/11/26,18.72,19.15,18.71,19.05,401382800
2013/11/27,19.15,19.5,19.05,19.5,363448400
2013/11/28,19.15,19.5,19.05,19.5,363448400
2013/11/29,19.62,19.94,19.56,19.86,318127600
2013/12/2,19.93,20.15,19.67,19.69,472544800
2013/12/3,19.94,20.23,19.92,20.23,450968000
2013/12/4,20.2,20.33,20.03,20.18,377809600
2013/12/5,20.45,20.54,20.23,20.28,447580000
2013/12/6,20.21,20.24,19.98,20,344352400
2013/12/9,20.03,20.34,20.03,20.23,320493600
2013/12/10,20.13,20.28,20.04,20.2,278269600
2013/12/11,20.25,20.39,19.99,20.05,359718800
2013/12/12,20.08,20.19,20,20.02,262290000
2013/12/13,20.1,20.1,19.77,19.8,332822000
2013/12/16,19.82,20.09,19.82,19.91,282592800
2013/12/17,19.85,19.98,19.76,19.82,229902400
2013/12/18,19.63,19.69,19.24,19.67,565863200
2013/12/19,19.62,19.64,19.42,19.44,320308800
2013/12/20,19.48,19.7,19.46,19.61,436413600
2013/12/23,20.29,20.38,20.1,20.36,501306400
2013/12/24,20.35,20.42,20.22,20.27,167554800
2013/12/25,20.35,20.42,20.22,20.27,167554800
2013/12/26,20.29,20.34,20.12,20.14,204008000
2013/12/27,20.14,20.16,19.98,20,225884400
2013/12/30,19.91,20,19.73,19.8,253629600
2013/12/31,19.79,20.05,19.79,20.04,223084400
2014/1/1,19.79,20.05,19.79,20.04,223084400
2014/1/2,19.85,19.89,19.72,19.75,234684800
2014/1/3,19.75,19.77,19.3,19.32,392467600
2014/1/6,19.19,19.53,19.06,19.43,412610800
2014/1/7,19.44,19.5,19.21,19.29,317209200
2014/1/8,19.24,19.48,19.24,19.41,258529600
2014/1/9,19.53,19.53,19.12,19.16,279148800
2014/1/10,19.28,19.31,18.97,19.03,304976000
2014/1/13,18.93,19.38,18.92,19.13,378492800
2014/1/14,19.22,19.53,19.2,19.51,332561600
2014/1/15,19.77,20.01,19.7,19.91,391638800
2014/1/16,19.82,19.89,19.7,19.79,229278000
2014/1/17,19.7,19.72,19.28,19.31,426739600
2014/1/20,19.7,19.72,19.28,19.31,426739600
2014/1/21,19.32,19.65,19.3,19.61,328526800
2014/1/22,19.68,19.9,19.56,19.7,379985200
2014/1/23,19.64,19.88,19.46,19.86,403239200
2014/1/24,19.79,19.84,19.46,19.5,429354800
2014/1/27,19.65,19.81,19.49,19.66,554878800
2014/1/28,18.17,18.39,17.93,18.09,1065523200
2014/1/29,18,18.12,17.81,17.88,502810000
2014/1/30,17.95,18.09,17.74,17.85,678501600
2014/1/31,17.68,17.91,17.63,17.88,464797200
2014/2/3,17.95,18.13,17.83,17.91,401464000
2014/2/4,18.07,18.19,17.96,18.17,376681200
2014/2/5,18.09,18.4,18.08,18.31,328344800
2014/2/6,18.22,18.34,18.14,18.3,257765200
2014/2/7,18.62,18.68,18.48,18.56,370280400
2014/2/10,18.52,19,18.5,18.89,345559200
2014/2/11,18.95,19.21,18.91,19.14,282256800
2014/2/12,19.18,19.27,19.04,19.14,308100800
2014/2/13,19.09,19.46,19.08,19.44,307398000
2014/2/14,19.37,19.5,19.33,19.43,272924400
2014/2/17,19.37,19.5,19.33,19.43,272924400
2014/2/18,19.5,19.69,19.49,19.5,260251600
2014/2/19,19.46,19.53,19.08,19.19,313768000
2014/2/20,19.04,19.18,18.89,18.97,305858000
2014/2/21,19.03,19.09,18.74,18.76,278784800
2014/2/24,18.68,18.93,18.66,18.84,288909600
2014/2/25,18.91,18.91,18.61,18.65,231952000
2014/2/26,18.7,18.75,18.41,18.48,276217200
2014/2/27,18.47,18.89,18.43,18.85,301882000
2014/2/28,18.9,19.03,18.65,18.79,371968800
2014/3/3,18.69,18.95,18.67,18.85,238781200
2014/3/4,18.96,19.02,18.85,18.97,259140000
2014/3/5,18.96,19.1,18.9,19.01,200062800
2014/3/6,19.03,19.09,18.86,18.96,185488800
2014/3/7,18.97,19,18.79,18.94,220729600
2014/3/10,18.87,19.05,18.87,18.96,178584000
2014/3/11,19.12,19.24,19.02,19.15,279224400
2014/3/12,19.09,19.19,19,19.16,199326400
2014/3/13,19.19,19.27,18.9,18.95,257742800
2014/3/14,18.89,18.96,18.68,18.74,237199200
2014/3/17,18.85,18.93,18.78,18.81,199544800
2014/3/18,18.78,19,18.76,18.98,209647200
2014/3/19,19.01,19.15,18.89,18.97,224756000
2014/3/20,18.92,19.02,18.83,18.88,208398400
2014/3/21,19,19.06,18.8,19.03,374046400
2014/3/24,19.23,19.3,19.11,19.26,355700800
2014/3/25,19.34,19.49,19.27,19.46,282293200
2014/3/26,19.52,19.61,19.25,19.28,299768000
2014/3/27,19.29,19.34,19.11,19.19,222031600
2014/3/28,19.23,19.25,19.08,19.17,200564000
2014/3/31,19.26,19.31,19.14,19.17,168669200
2014/4/1,19.21,19.35,19.17,19.34,200760000
2014/4/2,19.37,19.41,19.3,19.38,180420800
2014/4/3,19.34,19.38,19.2,19.24,162344000
2014/4/4,19.28,19.29,18.95,18.99,275251200
2014/4/7,18.86,18.96,18.64,18.7,289850400
2014/4/8,18.76,18.79,18.52,18.69,243888400
2014/4/9,18.67,18.95,18.64,18.94,206169600
2014/4/10,18.95,19.01,18.68,18.7,239652000
2014/4/11,18.54,18.67,18.47,18.56,271717600
2014/4/14,18.64,18.65,18.47,18.63,205674000
2014/4/15,18.58,18.63,18.26,18.5,266490000
2014/4/16,18.5,18.61,18.36,18.54,214765600
2014/4/17,18.57,18.85,18.54,18.75,284334400
2014/4/18,18.57,18.85,18.54,18.75,284334400
2014/4/21,18.76,19,18.71,18.97,182548800
2014/4/22,18.87,18.99,18.8,18.99,202563200
2014/4/23,18.9,18.97,18.73,18.74,394940000
2014/4/24,20.29,20.36,20.03,20.28,759911600
2014/4/25,20.16,20.43,20.14,20.43,390275200
2014/4/28,20.46,21.28,20.45,21.22,669485600
2014/4/29,21.2,21.28,21.05,21.15,337377600
2014/4/30,21.17,21.41,21.06,21.07,456640800
2014/5/1,21.14,21.24,20.94,21.12,244048000
2014/5/2,21.16,21.22,21.06,21.16,191514400
2014/5/5,21.08,21.46,21.07,21.46,287067200
2014/5/6,21.49,21.59,21.23,21.23,374564400
2014/5/7,21.26,21.33,20.99,21.15,282864400
2014/5/8,21.01,21.23,20.94,21,230297200
2014/5/9,20.88,20.94,20.73,20.91,291597600
2014/5/12,20.98,21.2,20.98,21.17,213208800
2014/5/13,21.14,21.23,21.1,21.21,159737200
2014/5/14,21.16,21.34,21.13,21.21,166404000
2014/5/15,21.24,21.31,21,21.03,230846000
2014/5/16,21.02,21.34,20.91,21.34,276256400
2014/5/19,21.35,21.69,21.33,21.59,317755200
2014/5/20,21.59,21.66,21.45,21.6,234836000
2014/5/21,21.57,21.67,21.5,21.65,196859600
2014/5/22,21.66,21.78,21.58,21.69,200760000
2014/5/23,21.69,21.95,21.66,21.93,232209600
2014/5/26,21.69,21.95,21.66,21.93,232209600
2014/5/27,22,22.35,21.99,22.34,348866000
2014/5/28,22.36,22.49,22.28,22.29,315481600
2014/5/29,22.42,22.75,22.42,22.69,376474000
2014/5/30,22.78,23.01,22.46,22.61,564020800
2014/6/2,22.64,22.67,22.23,22.45,369350800
2014/6/3,22.44,22.81,22.44,22.77,292709200
2014/6/4,22.77,23.14,22.72,23.03,335482000
2014/6/5,23.08,23.19,22.95,23.12,303805600
2014/6/6,23.21,23.26,23.02,23.06,349938400
2014/6/9,23.17,23.47,22.94,23.42,301660000
2014/6/10,23.68,23.76,23.39,23.56,251108000
2014/6/11,23.53,23.69,23.37,23.47,182724000
2014/6/12,23.51,23.53,22.98,23.07,218996000
2014/6/13,23.05,23.11,22.72,22.82,218100000
2014/6/16,22.88,23.19,22.86,23.05,142244000
2014/6/17,23.08,23.17,22.95,23.02,118904000
2014/6/18,23.07,23.07,22.84,23.05,134056000
2014/6/19,23.07,23.08,22.83,22.97,142112000
2014/6/20,22.96,23.14,22.73,22.73,403592000
2014/6/23,22.83,22.91,22.65,22.71,174776000
2014/6/24,22.69,22.93,22.55,22.57,156144000
2014/6/25,22.55,22.67,22.41,22.59,147476000
2014/6/26,22.59,22.76,22.45,22.73,130516000
2014/6/27,22.7,23,22.69,23,256116000
2014/6/30,23.02,23.43,23.02,23.23,197929200
2014/7/1,23.38,23.52,23.28,23.38,152892000
2014/7/2,23.47,23.51,23.27,23.37,113860000
2014/7/3,23.42,23.52,23.3,23.51,91567200
2014/7/4,23.42,23.52,23.3,23.51,91567200
2014/7/7,23.53,24,23.52,23.99,225872000
2014/7/8,24.07,24.2,23.48,23.84,260888000
2014/7/9,23.86,23.99,23.69,23.85,145744000
2014/7/10,23.44,23.89,23.38,23.76,158744000
2014/7/11,23.84,23.97,23.72,23.81,136072000
2014/7/14,23.97,24.22,23.91,24.11,171240000
2014/7/15,24.2,24.21,23.76,23.83,181911600
2014/7/16,24.24,24.27,23.68,23.69,213585200
2014/7/17,23.76,23.82,23.14,23.27,229192000
2014/7/18,23.41,23.68,23.25,23.61,199952000
2014/7/21,23.75,23.75,23.43,23.49,156316000
2014/7/22,23.67,23.72,23.53,23.68,220788000
2014/7/23,23.85,24.47,23.79,24.3,371672000
2014/7/24,24.26,24.33,24.1,24.26,182916000
2014/7/25,24.21,24.46,24.16,24.42,173876000
2014/7/28,24.45,24.81,24.39,24.75,221272000
2014/7/29,24.83,24.86,24.56,24.59,172572000
2014/7/30,24.61,24.67,24.42,24.54,132040000
2014/7/31,24.29,24.36,23.83,23.9,227372000
2014/8/1,23.73,24.16,23.7,24.03,194044000
2014/8/4,24.09,24.15,23.79,23.9,159832000
2014/8/5,23.84,23.92,23.59,23.78,223732000
2014/8/6,23.69,23.87,23.68,23.74,154232000
2014/8/7,23.73,23.99,23.52,23.62,186844000
2014/8/8,23.57,23.7,23.32,23.68,167460000
2014/8/11,23.82,24.02,23.71,24,146340000
2014/8/12,24.01,24.22,23.9,23.99,135180000
2014/8/13,24.04,24.31,24.01,24.31,127664000
2014/8/14,24.33,24.39,24.2,24.38,112464000
2014/8/15,24.48,24.55,24.22,24.5,195804000
2014/8/18,24.62,24.84,24.5,24.79,190288000
2014/8/19,24.85,25.17,24.83,25.13,277596000
2014/8/20,25.11,25.27,24.99,25.14,210796000
2014/8/21,25.14,25.24,25.03,25.15,133912000
2014/8/22,25.07,25.37,25.05,25.33,176736000
2014/8/25,25.45,25.54,25.32,25.39,161080000
2014/8/26,25.35,25.38,25.22,25.22,132608000
2014/8/27,25.25,25.64,25.17,25.53,209476000
2014/8/28,25.4,25.69,25.39,25.56,273840000
2014/8/29,25.72,25.73,25.55,25.62,178380000
2014/9/1,25.72,25.73,25.55,25.62,178380000
2014/9/2,25.76,25.93,25.68,25.83,214256000
2014/9/3,25.77,25.8,24.65,24.74,501684000
2014/9/4,24.71,25.02,24.45,24.53,342872000
2014/9/5,24.7,24.85,24.58,24.74,233828000
2014/9/8,24.83,24.83,24.51,24.59,185426800
2014/9/9,24.77,25.77,24.03,24.5,759385200
2014/9/10,24.5,25.28,24.44,25.25,403478400
2014/9/11,25.1,25.36,24.91,25.36,249412400
2014/9/12,25.3,25.55,25.27,25.42,250504400
2014/9/15,25.7,25.76,25.36,25.41,245266000
2014/9/16,24.95,25.32,24.72,25.22,267632400
2014/9/17,25.32,25.45,25.15,25.4,243706000
2014/9/18,25.48,25.59,25.39,25.45,149197600
2014/9/19,25.57,25.59,25.12,25.24,283609600
2014/9/22,25.45,25.53,25.15,25.26,211153600
2014/9/23,25.15,25.74,25.14,25.66,253608800
2014/9/24,25.54,25.71,25.3,25.44,240687200
2014/9/25,25.13,25.18,24.43,24.47,400368000
2014/9/26,24.63,25.19,24.6,25.19,249482000
2014/9/29,24.66,25.11,24.66,25.03,199065200
2014/9/30,25.2,25.39,25.13,25.19,221056400
2014/10/1,25.15,25.17,24.67,24.8,205965200
2014/10/2,24.82,25.06,24.51,24.98,191031200
2014/10/3,24.86,25.05,24.76,24.91,173878400
2014/10/6,24.99,25.16,24.85,24.91,148204800
2014/10/7,24.86,25.03,24.68,24.69,168376800
2014/10/8,24.69,25.28,24.58,25.2,229618800
2014/10/9,25.39,25.59,25.15,25.25,309506000
2014/10/10,25.17,25.51,25.08,25.18,265326400
2014/10/13,25.33,25.44,24.95,24.95,214333600
2014/10/14,25.1,25.13,24.64,24.69,254754400
2014/10/15,24.49,24.79,23.8,24.39,403734400
2014/10/16,23.89,24.43,23.85,24.07,288618000
2014/10/17,24.38,24.75,24.2,24.42,272718800
2014/10/20,24.58,24.99,24.56,24.94,310069200
2014/10/21,25.75,25.75,25.32,25.62,378495600
2014/10/22,25.71,26.03,25.65,25.75,273052400
2014/10/23,26.02,26.26,25.91,26.21,284298800
2014/10/24,26.3,26.37,26.13,26.31,188215600
2014/10/27,26.21,26.37,26.17,26.28,136750800
2014/10/28,26.35,26.68,26.34,26.68,192243600
2014/10/29,26.66,26.84,26.59,26.83,210751600
2014/10/30,26.74,26.84,26.48,26.75,162619200
2014/10/31,27,27.01,26.8,27,178557200
2014/11/3,27.06,27.58,27,27.35,209130400
2014/11/4,27.34,27.37,26.93,27.15,166297600
2014/11/5,27.27,27.33,27.03,27.22,149743600
2014/11/6,27.15,27.2,26.95,27.17,139874000
2014/11/7,27.19,27.33,27.14,27.25,134766000
2014/11/10,27.25,27.33,27.17,27.21,108782000
2014/11/11,27.17,27.44,27.1,27.42,109769200
2014/11/12,27.34,27.86,27.34,27.81,187769600
2014/11/13,27.95,28.36,27.9,28.2,238091600
2014/11/14,28.29,28.55,27.8,28.55,176254400
2014/11/17,28.57,29.32,28.33,28.5,186986800
2014/11/18,28.49,28.92,28.47,28.87,176896000
2014/11/19,28.86,28.93,28.45,28.67,167476800
2014/11/20,28.73,29.22,28.71,29.08,173582000
2014/11/21,29.38,29.39,29.01,29.12,228717200
2014/11/24,29.21,29.69,29.16,29.66,189803200
2014/11/25,29.77,29.94,29.36,29.4,275361600
2014/11/26,29.49,29.77,29.46,29.75,163073200
2014/11/27,29.49,29.77,29.46,29.75,163073200
2014/11/28,29.82,29.85,29.51,29.73,99257600
2014/12/1,29.7,29.81,27.82,28.77,335256000
2014/12/2,28.38,28.94,28.19,28.66,237395600
2014/12/3,28.94,29.09,28.78,28.98,172253600
2014/12/4,28.94,29.3,28.82,28.87,168178000
2014/12/5,29,29.02,28.66,28.75,153275600
2014/12/8,28.52,28.66,27.91,28.1,230659600
2014/12/9,27.55,28.58,27.34,28.53,240832000
2014/12/10,28.6,28.71,27.89,27.99,178261200
2014/12/11,28.07,28.45,27.83,27.91,165606800
2014/12/12,27.61,27.97,27.4,27.43,224112400
2014/12/15,27.67,27.9,26.59,27.06,268872400
2014/12/16,26.59,27.54,26.57,26.69,243162800
2014/12/17,26.78,27.46,26.7,27.35,213647200
2014/12/18,27.97,28.16,27.67,28.16,236024800
2014/12/19,28.07,28.31,27.92,27.94,353719200
2014/12/22,28.04,28.37,27.99,28.24,180670000
2014/12/23,28.31,28.33,28.11,28.14,104113600
2014/12/24,28.15,28.18,28,28,57918400
2014/12/25,28.15,28.18,28,28,57918400
2014/12/26,28.02,28.63,28,28.5,134884000
2014/12/29,28.45,28.69,28.42,28.48,110395600
2014/12/30,28.41,28.48,28.03,28.13,119526000
2014/12/31,28.2,28.28,27.55,27.59,165613600
2015/1/1,28.2,28.28,27.55,27.59,165613600
2015/1/2,27.85,27.86,26.84,27.33,212818400
2015/1/5,27.07,27.16,26.35,26.56,257142000
2015/1/6,26.64,26.86,26.16,26.57,263188400
2015/1/7,26.8,27.05,26.67,26.94,160423600
2015/1/8,27.31,28.04,27.17,27.97,237458000
2015/1/9,28.17,28.31,27.55,28,214798000
2015/1/12,28.15,28.16,27.2,27.31,198603200
2015/1/13,27.86,28.2,27.23,27.56,268367600
2015/1/14,27.26,27.62,27.12,27.45,195826400
2015/1/15,27.5,27.51,26.67,26.7,240056000
2015/1/16,26.76,26.9,26.3,26.5,314053200
2015/1/19,26.76,26.9,26.3,26.5,314053200
2015/1/20,26.96,27.24,26.62,27.18,199599600
2015/1/21,27.24,27.76,27.07,27.39,194303600
2015/1/22,27.57,28.12,27.43,28.1,215185600
2015/1/23,28.08,28.44,27.88,28.25,185859200
2015/1/26,28.43,28.59,28.2,28.27,222460000
2015/1/27,28.1,28.12,27.26,27.28,382274800
2015/1/28,29.41,29.53,28.83,28.83,585908400
2015/1/29,29.08,29.8,28.89,29.73,337745600
2015/1/30,29.6,30,29.21,29.29,334982000
2015/2/2,29.51,29.79,29.02,29.66,250956400
2015/2/3,29.62,29.77,29.4,29.66,207662800
2015/2/4,29.62,30.13,29.58,29.89,280598800
2015/2/5,30,30.06,29.81,29.99,168984800
2015/2/6,30,30.06,29.61,29.73,174826400
2015/2/9,29.64,29.96,29.61,29.93,155559200
2015/2/10,30.04,30.54,30.04,30.5,248034000
2015/2/11,30.69,31.23,30.62,31.22,294247200
2015/2/12,31.51,31.87,31.39,31.61,297898000
2015/2/13,31.82,31.82,31.41,31.77,217088800
2015/2/16,31.82,31.82,31.41,31.77,217088800
2015/2/17,31.87,32.22,31.73,31.96,252609600
2015/2/18,31.91,32.19,31.86,32.18,179566800
2015/2/19,32.12,32.26,32.08,32.11,149449600
2015/2/20,32.15,32.38,32.01,32.38,195793600
2015/2/23,32.51,33.25,32.42,33.25,283896400
2015/2/24,33.24,33.4,32.79,33.04,276912400
2015/2/25,32.89,32.9,32.04,32.2,298846800
2015/2/26,32.2,32.72,31.65,32.6,365150000
2015/2/27,32.5,32.64,32.06,32.12,248059200
2015/3/2,32.31,32.57,32.08,32.27,192386800
2015/3/3,32.24,32.38,32.02,32.34,151265200
2015/3/4,32.28,32.39,32.08,32.13,126665200
2015/3/5,32.15,32.19,31.44,31.6,226068400
2015/3/6,32.1,32.34,31.57,31.65,291368400
2015/3/9,31.99,32.39,31.26,31.78,354114000
2015/3/10,31.6,31.81,30.95,31.13,275426400
2015/3/11,31.19,31.19,30.53,30.56,275756000
2015/3/12,30.58,31.23,30.41,31.11,193450800
2015/3/13,31.1,31.35,30.65,30.9,207309200
2015/3/16,30.97,31.24,30.72,31.24,143497200
2015/3/17,31.48,31.83,31.41,31.76,204092400
2015/3/18,31.75,32.29,31.59,32.12,261083600
2015/3/19,32.19,32.31,31.85,31.88,183238000
2015/3/20,32.06,32.1,31.29,31.48,274780400
2015/3/23,31.78,31.96,31.63,31.8,150838800
2015/3/24,31.81,32.01,31.64,31.67,131369200
2015/3/25,31.64,31.7,30.84,30.84,206620800
2015/3/26,30.69,31.22,30.65,31.06,190291600
2015/3/27,31.14,31.17,30.73,30.81,158184800
2015/3/30,31.01,31.6,31,31.59,188398800
2015/3/31,31.52,31.62,31.09,31.11,168362400
2015/4/1,31.2,31.28,30.77,31.06,162485600
2015/4/2,31.26,31.39,31.05,31.33,128880400
2015/4/3,31.26,31.39,31.05,31.33,128880400
2015/4/6,31.12,31.88,31.08,31.84,148776000
2015/4/7,31.91,32.03,31.5,31.5,140049200
2015/4/8,31.46,31.6,31.24,31.4,149316800
2015/4/9,31.46,31.65,31.17,31.64,129936000
2015/4/10,31.49,31.8,31.32,31.77,160752000
2015/4/13,32.09,32.14,31.65,31.71,145460400
2015/4/14,31.75,31.82,31.48,31.58,102098400
2015/4/15,31.6,31.78,31.5,31.69,115881600
2015/4/16,31.57,31.77,31.53,31.54,113476000
2015/4/17,31.39,31.53,31.11,31.19,207828000
2015/4/20,31.39,32.03,31.29,31.9,188217200
2015/4/21,32.03,32.05,31.67,31.73,129740400
2015/4/22,31.75,32.22,31.58,32.15,150618000
2015/4/23,32.08,32.6,32.03,32.42,183083600
2015/4/24,32.62,32.66,32.31,32.57,178103600
2015/4/27,33.08,33.28,32.79,33.16,387816800
2015/4/28,33.62,33.63,32.39,32.64,475696000
2015/4/29,32.54,32.9,32.08,32.16,253544400
2015/4/30,32.16,32.16,31.15,31.29,332781600
2015/5/1,31.52,32.53,31.33,32.24,234050400
2015/5/4,32.38,32.64,32.06,32.17,203953200
2015/5/5,32.04,32.11,31.44,31.45,197085600
2015/5/6,31.64,31.69,30.84,31.25,288564000
2015/5/7,31.19,31.52,31,31.32,175763600
2015/5/8,31.67,31.91,31.53,31.91,222201600
2015/5/11,31.85,31.89,31.41,31.58,168143200
2015/5/12,31.4,31.72,31.2,31.47,192640000
2015/5/13,31.54,31.8,31.47,31.5,138776800
2015/5/14,31.85,32.24,31.79,32.24,180814000
2015/5/15,32.27,32.37,32.05,32.19,152832000
2015/5/18,32.1,32.68,32.09,32.55,203531600
2015/5/19,32.67,32.72,32.41,32.52,178532800
2015/5/20,32.5,32.74,32.33,32.51,145819600
2015/5/21,32.52,32.91,32.46,32.85,158921600
2015/5/22,32.9,33.24,32.85,33.13,182384000
2015/5/25,32.9,33.24,32.85,33.13,182384000
2015/5/26,33.15,33.23,32.28,32.4,282790400
2015/5/27,32.58,33.06,32.51,33.01,183332800
2015/5/28,32.97,32.99,32.78,32.94,122933200
2015/5/29,32.81,32.86,32.47,32.57,203538000
2015/6/1,32.57,32.85,32.51,32.63,128451200
2015/6/2,32.47,32.67,32.33,32.49,134670400
2015/6/3,32.67,32.74,32.47,32.53,123934000
2015/6/4,32.4,32.65,32.23,32.34,153800400
2015/6/5,32.38,32.42,32.09,32.16,142507200
2015/6/8,32.22,32.3,31.71,31.95,210699200
2015/6/9,31.67,32.02,31.41,31.85,224301600
2015/6/10,31.98,32.33,31.96,32.22,156349200
2015/6/11,32.29,32.54,32.12,32.15,141563600
2015/6/12,32.05,32.08,31.78,31.79,147544800
2015/6/15,31.52,31.81,31.43,31.73,175955600
2015/6/16,31.76,31.96,31.59,31.9,125976400
2015/6/17,31.93,31.97,31.68,31.83,131672400
2015/6/18,31.81,32.08,31.81,31.97,141628800
2015/6/19,31.93,31.95,31.6,31.65,218867600
2015/6/22,31.87,32.01,31.77,31.9,136157200
2015/6/23,31.87,31.9,31.72,31.76,121075600
2015/6/24,31.8,32.45,31.78,32.03,221123600
2015/6/25,32.22,32.3,31.88,31.88,127752400
2015/6/26,31.92,32,31.63,31.69,176267200
2015/6/29,31.36,31.62,31.12,31.13,196645600
2015/6/30,31.39,31.53,31.22,31.36,177482800
2015/7/1,31.73,31.74,31.5,31.65,120955200
2015/7/2,31.61,31.67,31.44,31.61,108844000
2015/7/3,31.61,31.67,31.44,31.61,108844000
2015/7/6,31.24,31.56,31.21,31.5,112241600
2015/7/7,31.47,31.54,30.94,31.42,187787200
2015/7/8,31.12,31.16,30.64,30.64,243046400
2015/7/9,30.96,31.01,29.81,30.02,314380000
2015/7/10,30.49,30.96,30.3,30.82,245418000
2015/7/13,31.26,31.44,31.08,31.42,165762000
2015/7/14,31.51,31.59,31.26,31.4,127072400
2015/7/15,31.43,31.79,31.4,31.7,134596800
2015/7/16,31.93,32.14,31.84,32.13,144889600
2015/7/17,32.27,32.4,32.08,32.4,184658800
2015/7/20,32.74,33.24,32.67,33.02,235600800
2015/7/21,33.21,33.23,32.58,32.69,307025600
2015/7/22,30.5,31.38,30.5,31.31,461802400
2015/7/23,31.55,31.77,31.26,31.29,203998000
2015/7/24,31.33,31.43,30.98,31.12,168649200
2015/7/27,30.77,30.9,30.53,30.69,177822000
2015/7/28,30.84,30.98,30.64,30.84,134472400
2015/7/29,30.79,30.88,30.57,30.75,148046800
2015/7/30,30.58,30.64,30.43,30.59,134513200
2015/7/31,30.65,30.66,30.23,30.33,171540000
2015/8/3,30.38,30.64,29.38,29.61,279904000
2015/8/4,29.35,29.42,28.31,28.66,496554400
2015/8/5,28.24,29.36,28.02,28.85,397250400
2015/8/6,28.99,29.12,28.53,28.78,211612000
2015/8/7,28.65,29.06,28.62,28.88,154681600
2015/8/10,29.13,30,29.13,29.93,219806400
2015/8/11,29.45,29.55,28.33,28.37,388331200
2015/8/12,28.13,28.85,27.41,28.81,404870000
2015/8/13,29.01,29.1,28.64,28.79,194143200
2015/8/14,28.58,29.08,28.5,28.99,171718000
2015/8/17,29.01,29.41,28.88,29.29,163538800
2015/8/18,29.11,29.36,29,29.12,138242800
2015/8/19,29.02,29.13,28.67,28.75,193146000
2015/8/20,28.52,28.59,27.91,28.16,274006400
2015/8/21,27.61,27.98,26.41,26.44,513102000
2015/8/24,23.72,27.2,23,25.78,648825200
2015/8/25,27.78,27.78,25.88,25.93,414406400
2015/8/26,26.77,27.47,26.26,27.42,387098400
2015/8/27,28.06,28.31,27.5,28.23,338464400
2015/8/28,28.04,28.33,27.89,28.32,212657600
2015/8/31,28.01,28.63,28,28.19,224917200
2015/9/1,27.54,27.97,26.84,26.93,307383600
2015/9/2,27.56,28.08,27.28,28.08,247555200
2015/9/3,28.12,28.19,27.51,27.59,212935600
2015/9/4,27.24,27.61,27.13,27.32,199985200
2015/9/7,27.24,27.61,27.13,27.32,199985200
2015/9/8,27.94,28.14,27.58,28.08,219374400
2015/9/9,28.44,28.5,27.44,27.54,340043200
2015/9/10,27.57,28.32,27.48,28.14,251571200
2015/9/11,27.95,28.55,27.94,28.55,199662000
2015/9/14,29.15,29.22,28.72,28.83,233453600
2015/9/15,28.98,29.13,28.6,29.07,173364800
2015/9/16,29.06,29.14,28.86,29.1,148694000
2015/9/17,28.92,29.12,28.43,28.48,256450400
2015/9/18,28.05,28.58,27.97,28.36,297141200
2015/9/21,28.42,28.84,28.42,28.8,200888000
2015/9/22,28.34,28.55,28.13,28.35,201384800
2015/9/23,28.41,28.68,28.33,28.58,143026800
2015/9/24,28.31,28.88,28.09,28.75,200878000
2015/9/25,29.11,29.17,28.5,28.68,224607600
2015/9/28,28.46,28.64,28.11,28.11,208436000
2015/9/29,28.21,28.38,26.97,27.26,293461600
2015/9/30,27.54,27.89,27.18,27.58,265892000
2015/10/1,27.27,27.41,26.83,27.4,255716400
2015/10/2,27,27.75,26.89,27.59,232079200
2015/10/5,27.47,27.84,27.27,27.69,208258800
2015/10/6,27.66,27.93,27.44,27.83,192787200
2015/10/7,27.93,27.94,27.35,27.69,187062400
2015/10/8,27.55,27.55,27.05,27.38,247918400
2015/10/9,27.5,28.07,27.37,28.03,211064400
2015/10/12,28.18,28.19,27.86,27.9,121868800
2015/10/13,27.7,28.11,27.67,27.95,132197200
2015/10/14,27.82,27.88,27.39,27.55,177849600
2015/10/15,27.73,28.02,27.62,27.97,150694000
2015/10/16,27.94,28,27.63,27.76,156930400
2015/10/19,27.7,27.94,27.53,27.93,119036800
2015/10/20,27.83,28.54,27.7,28.44,195871200
2015/10/21,28.5,28.9,28.42,28.44,167180800
2015/10/22,28.58,28.88,28.52,28.88,166616400
2015/10/23,29.17,29.81,29.08,29.77,237467600
2015/10/26,29.52,29.53,28.73,28.82,265335200
2015/10/27,28.85,29.14,28.5,28.64,279537600
2015/10/28,29.23,29.83,29.01,29.82,342205600
2015/10/29,29.67,30.17,29.57,30.13,204909200
2015/10/30,30.25,30.31,29.86,29.88,197461200
2015/11/2,30.2,30.34,29.9,30.3,128813200
2015/11/3,30.2,30.87,30.17,30.64,182076000
2015/11/4,30.78,30.95,30.41,30.5,179544400
2015/11/5,30.46,30.67,30.05,30.23,158210800
2015/11/6,30.28,30.45,30.16,30.26,132169200
2015/11/9,30.24,30.45,30.01,30.14,135485600
2015/11/10,29.23,29.52,29.01,29.19,236511600
2015/11/11,29.09,29.35,28.8,29.03,180872000
2015/11/12,29.07,29.2,28.91,28.93,130102400
2015/11/13,28.8,28.89,28.07,28.08,183249600
2015/11/16,27.84,28.56,27.75,28.55,152426800
2015/11/17,28.73,28.76,28.33,28.42,110467600
2015/11/18,28.94,29.37,28.88,29.32,186698800
2015/11/19,29.41,29.94,29.19,29.69,173183200
2015/11/20,29.8,29.98,29.71,29.83,137148400
2015/11/23,29.82,29.93,29.33,29.44,129930000
2015/11/24,29.33,29.84,29.28,29.72,171212800
2015/11/25,29.8,29.81,29.48,29.51,85553200
2015/11/26,29.8,29.81,29.48,29.51,85553200
2015/11/27,29.57,29.6,29.4,29.45,52185600
2015/11/30,29.5,29.85,29.44,29.58,156721200
2015/12/1,29.69,29.7,29.22,29.33,139409600
2015/12/2,29.33,29.53,29.02,29.07,133546400
2015/12/3,29.14,29.2,28.56,28.8,166278000
2015/12/4,28.82,29.81,28.78,29.76,231108000
2015/12/7,29.75,29.97,29.45,29.57,128336800
2015/12/8,29.38,29.65,29.22,29.56,137238000
2015/12/9,29.41,29.42,28.77,28.91,185445600
2015/12/10,29.01,29.24,28.88,29.04,116850800
2015/12/11,28.8,28.85,28.21,28.3,187544800
2015/12/14,28.05,28.17,27.45,28.12,257274800
2015/12/15,27.99,28.2,27.59,27.62,213292400
2015/12/16,27.77,28,27.2,27.83,224954000
2015/12/17,28,28.06,27.25,27.25,179091200
2015/12/18,27.23,27.38,26.45,26.51,385813200
2015/12/21,26.82,26.84,26.39,26.83,190362400
2015/12/22,26.85,26.93,26.61,26.81,131157600
2015/12/23,26.82,27.21,26.8,27.15,130629600
2015/12/24,27.25,27.25,26.99,27.01,54281600
2015/12/25,27.25,27.25,26.99,27.01,54281600
2015/12/28,26.9,26.92,26.55,26.7,106816800
2015/12/29,26.74,27.36,26.72,27.18,123724800
2015/12/30,27.15,27.17,26.8,26.83,100855200
2015/12/31,26.75,26.76,26.2,26.32,163649200
2016/1/1,26.75,26.76,26.2,26.32,163649200
2016/1/4,25.65,26.34,25.5,26.34,270597600
2016/1/5,26.44,26.46,25.6,25.68,223164000
2016/1/6,25.14,25.59,24.97,25.17,273829600
2016/1/7,24.67,25.03,24.11,24.11,324377600
2016/1/8,24.64,24.78,24.19,24.24,283192000
2016/1/11,24.74,24.76,24.33,24.63,198957600
2016/1/12,25.14,25.17,24.71,24.99,196616800
2016/1/13,25.08,25.3,24.33,24.35,249758400
2016/1/14,24.49,25.12,23.93,24.88,252680400
2016/1/15,24.05,24.43,23.84,24.28,319335600
2016/1/18,24.05,24.43,23.84,24.28,319335600
2016/1/19,24.6,24.66,23.88,24.17,212350800
2016/1/20,23.77,24.55,23.35,24.2,289337600
2016/1/21,24.26,24.47,23.74,24.08,208646000
2016/1/22,24.66,25.36,24.59,25.35,263202000
2016/1/25,25.38,25.38,24.8,24.86,207178000
2016/1/26,24.98,25.22,24.52,25,300308000
2016/1/27,24.01,24.16,23.33,23.35,533478800
2016/1/28,23.45,23.63,23.1,23.52,222715200
2016/1/29,23.7,24.33,23.59,24.33,257666000
2016/2/1,24.12,24.18,23.85,24.11,163774000
2016/2/2,23.85,24.01,23.57,23.62,149428800
2016/2/3,23.75,24.21,23.52,24.09,183857200
2016/2/4,23.97,24.33,23.8,24.15,185886800
2016/2/5,24.13,24.23,23.42,23.5,185672400
2016/2/8,23.28,23.92,23.26,23.75,216085600
2016/2/9,23.57,23.99,23.48,23.75,177324800
2016/2/10,23.98,24.09,23.52,23.57,169374400
2016/2/11,23.45,23.68,23.15,23.42,200298800
2016/2/12,23.55,23.62,23.25,23.5,161405600
2016/2/15,23.55,23.62,23.25,23.5,161405600
2016/2/16,23.75,24.21,23.65,24.16,196231600
2016/2/17,24.17,24.55,24.04,24.53,179452800
2016/2/18,24.71,24.72,24.02,24.07,156084000
2016/2/19,24,24.19,23.95,24.01,141496800
2016/2/22,24.08,24.23,23.98,24.22,137123200
2016/2/23,24.1,24.12,23.64,23.67,127770400
2016/2/24,23.5,24.09,23.33,24.02,145022800
2016/2/25,24.01,24.19,23.81,24.19,110330800
2016/2/26,24.3,24.5,24.15,24.23,115964400
2016/2/29,24.22,24.56,24.16,24.17,140865200
2016/3/1,24.41,25.19,24.35,25.13,201628400
2016/3/2,25.13,25.22,24.91,25.19,132678400
2016/3/3,25.15,25.43,25.11,25.38,147822800
2016/3/4,25.59,25.94,25.34,25.75,184220400
2016/3/7,25.6,25.71,25.24,25.47,143315600
2016/3/8,25.19,25.44,25.1,25.26,126247600
2016/3/9,25.33,25.4,25.07,25.28,108806800
2016/3/10,25.35,25.56,25.04,25.29,134054400
2016/3/11,25.56,25.57,25.38,25.57,109632800
2016/3/14,25.48,25.73,25.44,25.63,100304400
2016/3/15,25.99,26.3,25.96,26.15,160270800
2016/3/16,26.15,26.58,26.15,26.49,153214000
2016/3/17,26.38,26.62,26.24,26.45,137682800
2016/3/18,26.58,26.62,26.3,26.48,176820800
2016/3/21,26.48,26.91,26.28,26.48,142010800
2016/3/22,26.31,26.82,26.3,26.68,129777600
2016/3/23,26.62,26.77,26.48,26.53,102814000
2016/3/24,26.37,26.56,26.22,26.42,104532000
2016/3/25,26.37,26.56,26.22,26.42,104532000
2016/3/28,26.5,26.55,26.26,26.3,77645600
2016/3/29,26.22,26.95,26.22,26.92,124760400
2016/3/30,27.16,27.6,27.15,27.39,182404400
2016/3/31,27.43,27.48,27.22,27.25,103553600
2016/4/1,27.19,27.5,27.05,27.5,103496000
2016/4/4,27.6,28.05,27.57,27.78,149424800
2016/4/5,27.38,27.68,27.35,27.45,106314800
2016/4/6,27.56,27.75,27.3,27.74,105616400
2016/4/7,27.49,27.6,27.03,27.14,127207600
2016/4/8,27.23,27.44,27.04,27.17,94326800
2016/4/11,27.24,27.65,27.21,27.25,117630000
2016/4/12,27.33,27.62,27.17,27.61,108929200
2016/4/13,27.7,28.08,27.7,28.01,133029200
2016/4/14,27.91,28.1,27.83,28.02,101895600
2016/4/15,28.03,28.08,27.43,27.46,187756000
2016/4/18,27.22,27.24,26.74,26.87,243286000
2016/4/19,26.97,27,26.56,26.73,129539600
2016/4/20,26.66,27.02,26.51,26.78,122444000
2016/4/21,26.73,26.73,26.38,26.49,126210000
2016/4/22,26.25,26.62,26.16,26.42,134732400
2016/4/25,26.25,26.41,26.13,26.27,112126400
2016/4/26,25.98,26.33,25.98,26.09,224064800
2016/4/27,24,24.68,23.92,24.45,458408400
2016/4/28,24.4,24.47,23.56,23.71,328970800
2016/4/29,23.5,23.68,23.13,23.43,274126000
2016/5/2,23.49,23.52,23.1,23.41,192640400
2016/5/3,23.55,23.93,23.42,23.8,227325200
2016/5/4,23.8,23.98,23.45,23.55,164102000
2016/5/5,23.5,23.52,23.17,23.31,143562000
2016/5/6,23.34,23.36,22.96,23.18,174799600
2016/5/9,23.25,23.44,23.15,23.2,131745600
2016/5/10,23.33,23.39,23.03,23.35,134747200
2016/5/11,23.37,23.39,23.11,23.13,114876400
2016/5/12,23.18,23.19,22.37,22.58,305258800
2016/5/13,22.5,22.92,22.5,22.63,177571200
2016/5/16,23.1,23.6,22.91,23.47,245039200
2016/5/17,23.64,23.67,23.25,23.37,187667600
2016/5/18,23.54,23.8,23.47,23.64,168249600
2016/5/19,23.66,23.66,23.39,23.55,121768400
2016/5/20,23.66,23.86,23.63,23.81,128104000
2016/5/23,23.97,24.3,23.92,24.11,152074400
2016/5/24,24.31,24.52,24.21,24.48,140560800
2016/5/25,24.67,24.93,24.53,24.91,152675200
2016/5/26,24.92,25.18,24.66,25.1,225324800
2016/5/27,24.86,25.12,24.81,25.09,145364800
2016/5/30,24.86,25.12,24.81,25.09,145364800
2016/5/31,24.9,25.1,24.7,24.97,169228800
2016/6/1,24.75,24.89,24.58,24.61,116693200
2016/6/2,24.4,24.46,24.16,24.43,160766400
2016/6/3,24.45,24.57,24.36,24.48,114019600
2016/6/6,24.5,25.47,24.39,24.66,93170000
2016/6/7,24.81,24.97,24.74,24.76,89638000
2016/6/8,24.75,24.89,24.67,24.74,83392400
2016/6/9,24.62,25,24.61,24.91,106405600
2016/6/10,24.63,24.84,24.62,24.71,126851600
2016/6/13,24.67,24.78,24.27,24.33,152082000
2016/6/14,24.33,24.62,24.19,24.36,127727600
2016/6/15,24.45,24.6,24.26,24.28,117780800
2016/6/16,24.11,24.44,24.02,24.39,125307200
2016/6/17,24.16,24.16,23.83,23.83,244032800
2016/6/20,24,24.14,23.76,23.77,137647600
2016/6/21,23.74,24.09,23.67,23.98,142185600
2016/6/22,24.06,24.22,23.84,23.89,116876400
2016/6/23,23.99,24.07,23.81,24.02,128960800
2016/6/24,23.23,23.67,23.16,23.35,301245600
2016/6/27,23.25,23.26,22.88,23.01,181958400
2016/6/28,23.23,23.42,23.03,23.4,161779600
2016/6/29,23.49,23.64,23.41,23.6,146124000
2016/6/30,23.61,23.94,23.58,23.9,143345600
2016/7/1,23.87,24.12,23.83,23.97,104106000
2016/7/4,23.87,24.12,23.83,23.97,104106000
2016/7/5,23.85,23.85,23.61,23.75,110820800
2016/7/6,23.65,23.92,23.59,23.88,123796400
2016/7/7,23.92,24.12,23.91,23.99,100558400
2016/7/8,24.12,24.22,24.01,24.17,115648400
2016/7/11,24.19,24.41,24.18,24.25,95179600
2016/7/12,24.29,24.42,24.28,24.35,96670000
2016/7/13,24.35,24.42,24.21,24.22,103568800
2016/7/14,24.35,24.75,24.33,24.7,155676000
2016/7/15,24.73,24.83,24.62,24.69,120548000
2016/7/18,24.67,25.03,24.65,24.96,145975600
2016/7/19,24.89,25,24.83,24.97,95119600
2016/7/20,25,25.11,24.93,24.99,105104000
2016/7/21,24.96,25.25,24.78,24.86,130808000
2016/7/22,24.82,24.83,24.58,24.67,113254800
2016/7/25,24.56,24.71,24.23,24.33,161531600
2016/7/26,24.2,24.49,24.1,24.17,224959200
2016/7/27,26.07,26.09,25.69,25.74,369379200
2016/7/28,25.71,26.11,25.7,26.08,159479200
2016/7/29,26.05,26.14,25.92,26.05,110934800
2016/8/1,26.1,26.54,26.1,26.51,152671600
2016/8/2,26.51,26.52,26,26.12,135266400
2016/8/3,26.2,26.46,26.19,26.45,120810400
2016/8/4,26.4,26.5,26.32,26.47,109634800
2016/8/5,26.57,26.91,26.55,26.87,162213600
2016/8/8,26.88,27.09,26.79,27.09,112148800
2016/8/9,27.06,27.24,27,27.2,105260800
2016/8/10,27.18,27.23,26.94,27,96034000
2016/8/11,27.13,27.23,26.96,26.98,109938000
2016/8/12,26.94,27.11,26.94,27.05,74641600
2016/8/15,27.03,27.39,27.02,27.37,103472800
2016/8/16,27.41,27.56,27.3,27.34,135177600
2016/8/17,27.27,27.34,27.08,27.31,101424000
2016/8/18,27.31,27.4,27.25,27.27,87938800
2016/8/19,27.19,27.42,27.09,27.34,101472400
2016/8/22,27.22,27.27,26.96,27.13,103280800
2016/8/23,27.15,27.33,27.13,27.21,85030800
2016/8/24,27.14,27.19,26.92,27.01,94700400
2016/8/25,26.85,26.97,26.67,26.89,100344800
2016/8/26,26.85,26.99,26.58,26.74,111065200
2016/8/29,26.66,26.86,26.57,26.7,99881200
2016/8/30,26.45,26.62,26.38,26.5,99455600
2016/8/31,26.42,26.64,26.41,26.52,118649600
2016/9/1,26.53,26.7,26.41,26.68,106806000
2016/9/2,26.92,27,26.7,26.93,107210000
2016/9/5,26.92,27,26.7,26.93,107210000
2016/9/6,26.98,27.08,26.88,26.92,107521600
2016/9/7,26.96,27.19,26.77,27.09,169457200
2016/9/8,26.81,26.82,26.31,26.38,212008000
2016/9/9,26.16,26.43,25.78,25.78,186228000
2016/9/12,25.66,26.43,25.63,26.36,181171200
2016/9/13,26.88,27.2,26.81,26.99,248704800
2016/9/14,27.18,28.26,27.15,27.94,443554800
2016/9/15,28.47,28.93,28.37,28.89,359934400
2016/9/16,28.78,29.03,28.51,28.73,319547600
2016/9/19,28.8,29.05,28.31,28.4,188092000
2016/9/20,28.26,28.53,28.13,28.39,138057200
2016/9/21,28.46,28.5,28.11,28.39,144012800
2016/9/22,28.59,28.74,28.5,28.66,124296000
2016/9/23,28.6,28.7,27.89,28.18,209924800
2016/9/26,27.91,28.35,27.89,28.22,119477600
2016/9/27,28.25,28.3,28.08,28.27,98429600
2016/9/28,28.42,28.66,28.36,28.49,118564400
2016/9/29,28.29,28.45,27.95,28.05,143548000
2016/9/30,28.11,28.34,27.95,28.26,145516400
2016/10/3,28.18,28.26,28.07,28.13,86807200
2016/10/4,28.26,28.58,28.16,28.25,118947200
2016/10/5,28.35,28.42,28.17,28.26,85812400
2016/10/6,28.42,28.58,28.28,28.47,115117200
2016/10/7,28.58,28.64,28.38,28.51,97433600
2016/10/10,28.75,29.19,28.68,29.01,144944000
2016/10/11,29.42,29.67,29.05,29.08,256164000
2016/10/12,29.34,29.5,29.19,29.33,150347200
2016/10/13,29.2,29.36,28.93,29.25,140769600
2016/10/14,29.47,29.54,29.28,29.41,142608800
2016/10/17,29.33,29.46,29.19,29.39,94499600
2016/10/18,29.55,29.55,29.36,29.37,98214000
2016/10/19,29.31,29.44,28.45,29.28,80138400
2016/10/20,29.22,29.34,29.08,29.26,96503200
2016/10/21,29.2,29.23,29.07,29.15,92770800
2016/10/24,29.27,29.43,29.25,29.41,94154800
2016/10/25,29.49,29.59,29.33,29.56,192516000
2016/10/26,28.58,28.92,28.33,28.9,264536800
2016/10/27,28.85,28.97,28.52,28.62,138248000
2016/10/28,28.47,28.8,28.36,28.43,151446800
2016/10/31,28.41,28.56,28.3,28.39,105677600
2016/11/1,28.36,28.44,27.63,27.87,175303200
2016/11/2,27.85,28.09,27.81,27.9,113326800
2016/11/3,27.75,27.86,27.39,27.46,107730400
2016/11/4,27.13,27.56,27.03,27.21,123348000
2016/11/7,27.52,27.63,27.36,27.6,130240000
2016/11/8,27.58,27.93,27.42,27.76,97016800
2016/11/9,27.47,27.83,27.01,27.72,236705600
2016/11/10,27.77,27.77,26.46,26.95,228538000
2016/11/11,26.78,27.22,26.64,27.11,136575600
2016/11/14,26.93,26.95,26.02,26.43,204702000
2016/11/15,26.64,26.92,26.54,26.78,129058000
2016/11/16,26.67,27.56,26.65,27.5,235362000
2016/11/17,27.45,27.59,27.21,27.49,110528000
2016/11/18,27.43,27.64,27.42,27.51,113715600
2016/11/21,27.53,28,27.5,27.93,117058400
2016/11/22,27.99,28.1,27.85,27.95,103862000
2016/11/23,27.84,27.88,27.58,27.81,109705600
2016/11/24,27.84,27.88,27.58,27.81,109705600
2016/11/25,27.78,27.97,27.74,27.95,45903600
2016/11/28,27.86,28.12,27.85,27.89,108776000
2016/11/29,27.69,28.01,27.52,27.86,114115200
2016/11/30,27.9,28.05,27.57,27.63,144649200
2016/12/1,27.59,27.74,27.26,27.37,148347600
2016/12/2,27.29,27.52,27.21,27.48,106112000
2016/12/5,27.5,27.51,27.06,27.28,137298000
2016/12/6,27.38,27.59,27.3,27.49,104782000
2016/12/7,27.32,27.8,27.29,27.76,119994800
2016/12/8,27.72,28.11,27.65,28.03,108273200
2016/12/9,28.08,28.67,28.08,28.49,137610400
2016/12/12,28.32,28.75,28.12,28.33,105497600
2016/12/13,28.46,28.98,28.44,28.8,174935200
2016/12/14,28.76,29.05,28.75,28.8,136127200
2016/12/15,28.84,29.18,28.81,28.95,186098000
2016/12/16,29.12,29.12,28.91,28.99,177404400
2016/12/19,28.95,29.34,28.94,29.16,111117600
2016/12/20,29.18,29.38,29.17,29.24,85700000
2016/12/21,29.2,29.35,29.19,29.26,95132800
2016/12/22,29.09,29.13,28.91,29.07,104343600
2016/12/23,28.9,29.13,28.9,29.13,56998000
2016/12/26,28.9,29.13,28.9,29.13,56998000
2016/12/27,29.13,29.45,29.12,29.32,73187600
2016/12/28,29.38,29.5,29.05,29.19,83623600
2016/12/29,29.11,29.28,29.1,29.18,60158000
2016/12/30,29.16,29.3,28.86,28.95,122345200
2017/1/2,29.16,29.3,28.86,28.95,122345200
2017/1/3,28.95,29.08,28.69,29.04,115127600
2017/1/4,28.96,29.13,28.94,29,84472400
2017/1/5,28.98,29.22,28.95,29.15,88774400
2017/1/6,29.19,29.54,29.12,29.48,127007600
2017/1/9,29.49,29.86,29.49,29.75,134247600
2017/1/10,29.69,29.84,29.58,29.78,97848400
2017/1/11,29.68,29.98,29.65,29.94,110354400
2017/1/12,29.73,29.83,29.55,29.81,108344800
2017/1/13,29.78,29.91,29.7,29.76,104447600
2017/1/16,29.78,29.91,29.7,29.76,104447600
2017/1/17,29.58,30.06,29.56,30,137759200
2017/1/18,30,30.12,29.93,30,94852000
2017/1/19,29.85,30.02,29.84,29.94,102389200
2017/1/20,30.11,30.11,29.93,30,130391600
2017/1/23,30,30.2,29.94,30.02,88200800
2017/1/24,29.89,30.02,29.88,29.99,92844000
2017/1/25,30.1,30.52,30.07,30.47,129510400
2017/1/26,30.42,30.61,30.4,30.49,105350400
2017/1/27,30.53,30.59,30.4,30.49,82251600
2017/1/30,30.23,30.41,30.17,30.41,121510000
2017/1/31,30.29,30.35,30.16,30.34,196804000
2017/2/1,31.76,32.62,31.75,32.19,447940000
2017/2/2,32,32.35,31.94,32.13,134841600
2017/2/3,32.08,32.3,32.04,32.27,98029200
2017/2/6,32.28,32.62,32.22,32.57,107383600
2017/2/7,32.63,33.02,32.61,32.88,152735200
2017/2/8,32.84,33.06,32.81,33.01,92016400
2017/2/9,32.91,33.11,32.78,33.1,113399600
2017/2/10,33.12,33.24,33.01,33.03,80262000
2017/2/13,33.27,33.46,33.19,33.32,92141600
2017/2/14,33.37,33.77,33.31,33.76,132904800
2017/2/15,33.88,34.07,33.65,33.88,142492400
2017/2/16,33.92,33.97,33.71,33.84,90338400
2017/2/17,33.78,33.96,33.78,33.93,88792800
2017/2/20,33.78,33.96,33.78,33.93,88792800
2017/2/21,34.06,34.19,33.99,34.17,98028800
2017/2/22,34.11,34.28,34.03,34.28,83347600
2017/2/23,34.35,34.37,34.08,34.13,83152800
2017/2/24,33.98,34.17,33.82,34.17,87106400
2017/2/27,34.28,34.36,34.07,34.23,81029600
2017/2/28,34.27,34.36,34.17,34.25,93931600
2017/3/1,34.47,35.04,34.4,34.95,145658400
2017/3/2,35,35.07,34.69,34.74,104844000
2017/3/3,34.69,34.96,34.65,34.94,84432400
2017/3/6,34.84,34.94,34.65,34.83,87000000
2017/3/7,34.76,34.99,34.7,34.88,69785200
2017/3/8,34.74,34.95,34.71,34.75,74828800
2017/3/9,34.69,34.7,34.26,34.67,88623600
2017/3/10,34.81,34.84,34.66,34.78,78451200
2017/3/13,34.71,34.86,34.71,34.8,69686800
2017/3/14,34.83,34.91,34.71,34.75,61236400
2017/3/15,34.85,35.19,34.76,35.12,102767200
2017/3/16,35.18,35.26,35.06,35.17,76928000
2017/3/17,35.25,35.25,34.97,35,175540000
2017/3/20,35.1,35.38,35.06,35.37,86168000
2017/3/21,35.53,35.7,34.93,34.96,158119600
2017/3/22,34.96,35.4,34.94,35.35,103440800
2017/3/23,35.31,35.4,35.15,35.23,81385200
2017/3/24,35.38,35.44,35.09,35.16,89582400
2017/3/27,34.85,35.31,34.65,35.22,94300400
2017/3/28,35.23,36.01,35.15,35.95,133499200
2017/3/29,35.92,36.12,35.8,36.03,116760000
2017/3/30,36.05,36.12,35.88,35.98,84829200
2017/3/31,35.93,36.07,35.75,35.92,78646800
2017/4/3,35.93,36.03,35.76,35.92,79942800
2017/4/4,35.81,36.22,35.79,36.19,79565600
2017/4/5,36.06,36.37,35.95,36.01,110871600
2017/4/6,36.07,36.13,35.86,35.92,84596000
2017/4/7,35.93,36.04,35.82,35.83,66688800
2017/4/10,35.9,35.97,35.72,35.79,75733600
2017/4/11,35.74,35.84,35.01,35.41,121517600
2017/4/12,35.4,35.54,35.25,35.45,81400000
2017/4/13,35.48,35.6,35.26,35.26,71291600
2017/4/14,35.48,35.6,35.26,35.26,71291600
2017/4/17,35.37,35.47,35.22,35.46,66328400
2017/4/18,35.35,35.51,35.28,35.3,58790000
2017/4/19,35.47,35.5,35.11,35.17,69313600
2017/4/20,35.31,35.73,35.29,35.61,93278400
2017/4/21,35.61,35.67,35.46,35.57,69283600
2017/4/24,35.88,35.99,35.79,35.91,68537200
2017/4/25,35.98,36.22,35.97,36.13,75486000
2017/4/26,36.12,36.15,35.85,35.92,80164800
2017/4/27,35.98,36.04,35.83,35.95,56985200
2017/4/28,36.02,36.08,35.82,35.91,83441600
2017/5/1,36.28,36.8,36.24,36.65,134411600
2017/5/2,36.88,37.02,36.71,36.88,181408800
2017/5/3,36.4,36.87,36.07,36.76,182788000
2017/5/4,36.63,36.78,36.45,36.63,93487600
2017/5/5,36.69,37.24,36.69,37.24,109310800
2017/5/8,37.26,38.42,37.26,38.25,195009600
2017/5/9,38.47,38.72,38.36,38.5,156521600
2017/5/10,38.41,38.49,38.03,38.31,103222800
2017/5/11,38.11,38.52,38.08,38.49,109020400
2017/5/12,38.67,39.1,38.67,39.03,130108000
2017/5/15,39,39.16,38.76,38.92,104038800
2017/5/16,38.99,39.01,38.68,38.87,80194000
2017/5/17,38.4,38.64,37.43,37.56,203070800
2017/5/18,37.82,38.33,37.78,38.13,134272800
2017/5/19,38.35,38.49,38.16,38.26,107843200
2017/5/22,38.5,38.65,38.23,38.5,91865600
2017/5/23,38.72,38.72,38.33,38.45,79675600
2017/5/24,38.46,38.54,38.17,38.33,76712000
2017/5/25,38.43,38.59,38.26,38.47,76942400
2017/5/26,38.5,38.56,38.33,38.4,87710400
2017/5/29,38.5,38.56,38.33,38.4,87710400
2017/5/30,38.35,38.61,38.33,38.42,80507600
2017/5/31,38.49,38.54,38.1,38.19,97804800
2017/6/1,38.29,38.33,38.06,38.29,65616400
2017/6/2,38.4,38.86,38.22,38.86,111082800
2017/6/5,38.58,38.61,38.37,38.48,101326800
2017/6/6,38.47,38.95,38.44,38.61,106499600
2017/6/7,38.76,38.99,38.62,38.84,84278400
2017/6/8,38.81,38.88,38.6,38.75,85003200
2017/6/9,38.8,38.8,36.51,37.24,259530800
2017/6/12,36.44,36.52,35.63,36.35,289229200
2017/6/13,36.79,36.86,36.29,36.65,136661600
2017/6/14,36.88,36.88,35.96,36.29,126124800
2017/6/15,35.83,36.12,35.55,36.07,128661600
2017/6/16,35.94,36.12,35.55,35.57,201444400
2017/6/19,35.92,36.69,35.92,36.58,130165600
2017/6/20,36.72,36.72,36.24,36.25,99600400
2017/6/21,36.38,36.52,36.15,36.47,85063200
2017/6/22,36.44,36.67,36.28,36.41,76425200
2017/6/23,36.28,36.79,36.28,36.57,141757600
2017/6/26,36.79,37.07,36.35,36.46,102769600
2017/6/27,36.25,36.54,35.9,35.93,99047600
2017/6/28,36.12,36.53,35.79,36.46,88329600
2017/6/29,36.18,36.28,35.57,35.92,125997600
2017/6/30,36.11,36.24,35.94,36.01,92096400
2017/7/3,36.22,36.33,35.78,35.88,57111200
2017/7/4,36.22,36.33,35.78,35.88,57111200
2017/7/5,35.92,36.2,35.68,36.02,86278400
2017/7/6,35.76,35.88,35.6,35.68,96515200
2017/7/7,35.72,36.19,35.72,36.04,76806800
2017/7/10,36.03,36.49,35.84,36.26,84362400
2017/7/11,36.18,36.46,36.1,36.38,79127200
2017/7/12,36.47,36.54,36.21,36.44,99538000
2017/7/13,36.38,37.12,36.36,36.94,100797600
2017/7/14,36.99,37.33,36.83,37.26,80528400
2017/7/17,37.21,37.72,37.14,37.39,95174000
2017/7/18,37.3,37.53,37.17,37.52,71475200
2017/7/19,37.62,37.85,37.49,37.76,83692000
2017/7/20,37.88,37.94,37.55,37.58,68974800
2017/7/21,37.5,37.61,37.22,37.57,105010400
2017/7/24,37.65,38.11,37.47,38.02,85972800
2017/7/25,37.95,38.46,37.95,38.19,75415600
2017/7/26,38.34,38.48,38.26,38.37,63124000
2017/7/27,38.44,38.5,36.83,37.64,129905200
2017/7/28,37.47,37.56,37.3,37.38,68854800
2017/7/31,37.47,37.58,37.03,37.18,79383600
2017/8/1,37.28,37.56,37.1,37.51,141474400
2017/8/2,39.82,39.94,39.04,39.28,279747200
2017/8/3,39.26,39.3,38.76,38.89,108389200
2017/8/4,39.02,39.35,38.92,39.1,82239600
2017/8/7,39.26,39.73,39.17,39.7,87481200
2017/8/8,39.65,40.46,39.57,40.02,144823600
2017/8/9,39.81,40.32,39.78,40.26,104526000
2017/8/10,39.97,40,38.66,38.83,163217200
2017/8/11,39.15,39.64,39.02,39.37,105028400
2017/8/14,39.83,40.05,39.69,39.96,88490800
2017/8/15,40.17,40.55,40.03,40.4,117862000
2017/8/16,40.49,40.63,40.04,40.24,110686400
2017/8/17,40.13,40.18,39.46,39.47,111762400
2017/8/18,39.47,39.88,39.18,39.38,109712400
2017/8/21,39.38,39.47,38.78,39.3,105474000
2017/8/22,39.56,40,39.51,39.94,86418400
2017/8/23,39.77,40.12,39.72,39.99,77596400
2017/8/24,40.11,40.19,39.64,39.82,79275600
2017/8/25,39.91,40.14,39.82,39.97,101920400
2017/8/28,40.03,40.5,39.98,40.37,103864000
2017/8/29,40.03,40.78,40,40.73,118067600
2017/8/30,40.95,40.97,40.65,40.84,109078400
2017/8/31,40.91,41.13,40.87,41,107140400
2017/9/1,41.2,41.24,40.91,41.01,66364400
2017/9/4,41.2,41.24,40.91,41.01,66364400
2017/9/5,40.94,41.06,40.14,40.52,117874000
2017/9/6,40.68,40.75,40.13,40.48,86606800
2017/9/7,40.52,40.56,40.09,40.31,87714000
2017/9/8,40.22,40.29,39.63,39.66,114446000
2017/9/11,40.12,40.51,39.97,40.38,126323200
2017/9/12,40.65,40.99,39.69,40.22,286856000
2017/9/13,39.97,39.99,39.48,39.91,179629600
2017/9/14,39.75,39.85,39.52,39.57,95042800
2017/9/15,39.62,40.24,39.5,39.97,196458400
2017/9/18,40.03,40.12,39.5,39.67,113077600
2017/9/19,39.88,39.94,39.61,39.68,83242400
2017/9/20,39.47,39.56,38.46,39.02,211805600
2017/9/21,38.95,38.95,38.19,38.35,150046800
2017/9/22,37.88,38.07,37.64,37.97,186581600
2017/9/25,37.5,37.96,37.29,37.64,177549200
2017/9/26,37.94,38.48,37.92,38.28,146640000
2017/9/27,38.45,38.68,38.38,38.56,102016800
2017/9/28,38.47,38.57,38.17,38.32,88022000
2017/9/29,38.3,38.53,38,38.53,105199200
2017/10/2,38.56,38.61,38.18,38.45,74795200
2017/10/3,38.5,38.77,38.48,38.62,64921200
2017/10/4,38.41,38.47,38.12,38.37,80655200
2017/10/5,38.54,38.86,38.51,38.85,85135200
2017/10/6,38.74,38.87,38.64,38.83,69630400
2017/10/9,38.95,39.18,38.87,38.96,65051600
2017/10/10,39.01,39.5,38.78,38.97,62468000
2017/10/11,38.99,39.24,38.94,39.14,67622400
2017/10/12,39.09,39.34,38.93,39,64500400
2017/10/13,39.18,39.32,39.1,39.25,65576800
2017/10/16,39.47,40,39.41,39.97,96486000
2017/10/17,39.94,40.22,39.81,40.12,75989200
2017/10/18,40.1,40.18,39.9,39.94,65496800
2017/10/19,39.19,39.27,38.76,38.99,170336800
2017/10/20,39.15,39.44,38.99,39.06,95896400
2017/10/23,39.22,39.42,38.88,39.04,87937200
2017/10/24,39.07,39.35,39.05,39.28,71028800
2017/10/25,39.23,39.39,38.82,39.1,84828400
2017/10/26,39.31,39.46,39.19,39.35,68002000
2017/10/27,39.82,40.9,39.67,40.76,177816800
2017/10/30,40.97,42.02,40.93,41.68,178803200
2017/10/31,41.97,42.41,41.74,42.26,144187200
2017/11/1,42.47,42.49,41.4,41.72,134551200
2017/11/2,41.65,42.12,41.32,42.03,165573600
2017/11/3,43.5,43.56,42.78,43.12,237594400
2017/11/6,43.09,43.75,42.93,43.56,140105200
2017/11/7,43.48,43.81,43.4,43.7,97446000
2017/11/8,43.67,44.06,43.58,44.06,97638000
2017/11/9,43.78,44.03,43.28,43.97,117930400
2017/11/10,43.78,43.85,43.57,43.67,100582000
2017/11/13,43.38,43.62,43.35,43.49,67928400
2017/11/14,43.26,43.37,42.79,42.83,99130000
2017/11/15,42.49,42.58,42.1,42.27,116632400
2017/11/16,42.79,42.97,42.58,42.78,94550000
2017/11/17,42.76,42.85,42.41,42.54,87598000
2017/11/20,42.57,42.64,42.39,42.49,65049600
2017/11/21,42.69,43.42,42.69,43.28,100525200
2017/11/22,43.34,43.75,43.26,43.74,102355600
2017/11/23,43.34,43.75,43.26,43.74,102355600
2017/11/24,43.78,43.88,43.66,43.74,56106800
2017/11/27,43.76,43.77,43.33,43.52,82867200
2017/11/28,43.58,43.72,42.97,43.27,105715200
2017/11/29,43.16,43.23,41.79,42.37,166665600
2017/11/30,42.61,43.03,42.11,42.96,166108800
2017/12/1,42.49,42.92,42.12,42.76,159037200
2017/12/4,43.12,43.15,42.41,42.45,130169600
2017/12/5,42.26,42.88,42.1,42.41,109400800
2017/12/6,41.88,42.55,41.62,42.25,114240000
2017/12/7,42.26,42.61,42.23,42.33,102693200
2017/12/8,42.62,42.75,42.21,42.34,93420800
2017/12/11,42.3,43.22,42.2,43.17,141095200
2017/12/12,43.04,43.1,42.87,42.92,77636800
2017/12/13,43.12,43.38,43,43.07,95273600
2017/12/14,43.1,43.28,42.91,43.06,81906000
2017/12/15,43.41,43.54,43.12,43.49,160677200
2017/12/18,43.72,44.3,43.72,44.1,117684400
2017/12/19,43.76,43.85,43.52,43.63,109745600
2017/12/20,43.72,43.85,43.31,43.59,93902400
2017/12/21,43.54,44.01,43.53,43.75,83799600
2017/12/22,43.67,43.85,43.62,43.75,65397600
2017/12/25,43.67,43.85,43.62,43.75,65397600
2017/12/26,42.7,42.87,42.42,42.64,132742000
2017/12/27,42.53,42.69,42.43,42.65,85992800
2017/12/28,42.75,42.96,42.62,42.77,65920800
2017/12/29,42.63,42.65,42.31,42.31,103999600
2018/1/1,42.63,42.65,42.31,42.31,103999600
2018/1/2,42.54,43.08,42.31,43.06,102223600
2018/1/3,43.13,43.64,42.99,43.06,118071600
2018/1/4,43.13,43.37,43.02,43.26,89738400
2018/1/5,43.36,43.84,43.26,43.75,94640000
2018/1/8,43.59,43.9,43.48,43.59,82271200
2018/1/9,43.64,43.76,43.35,43.58,86336000
2018/1/10,43.29,43.58,43.25,43.57,95839600
2018/1/11,43.65,43.87,43.62,43.82,74670800
2018/1/12,44.04,44.34,43.91,44.27,101672400
2018/1/15,44.04,44.34,43.91,44.27,101672400
2018/1/16,44.47,44.85,44.03,44.05,118263600
2018/1/17,44.04,44.81,43.77,44.78,137547200
2018/1/18,44.84,45.03,44.56,44.81,124773600
2018/1/19,44.65,44.9,44.35,44.62,129700400
2018/1/22,44.33,44.44,44.15,44.25,108434400
2018/1/23,44.33,44.86,44.21,44.26,130756400
2018/1/24,44.31,44.33,43.3,43.56,204420400
2018/1/25,43.63,43.74,42.63,42.78,166116000
2018/1/26,43,43,42.51,42.88,156572000
2018/1/29,42.54,42.54,41.77,41.99,202561600
2018/1/30,41.38,41.84,41.17,41.74,184192800
2018/1/31,41.72,42.11,41.62,41.86,129915600
2018/2/1,41.79,42.15,41.69,41.94,188923200
2018/2/2,41.5,41.7,40.03,40.12,346375200
2018/2/5,39.78,40.97,39,39.12,290954000
2018/2/6,38.71,40.93,38.5,40.76,272975200
2018/2/7,40.77,40.85,39.77,39.88,206434400
2018/2/8,40.07,40.25,38.76,38.79,217562000
2018/2/9,39.27,39.47,37.56,39.1,282690400
2018/2/12,39.62,40.97,39.38,40.68,243278000
2018/2/13,40.49,41.19,40.41,41.08,130196800
2018/2/14,40.76,41.88,40.72,41.84,162579600
2018/2/15,42.45,43.27,42.25,43.25,204588800
2018/2/16,43.09,43.71,42.94,43.11,160704400
2018/2/19,43.09,43.71,42.94,43.11,160704400
2018/2/20,43.01,43.56,42.85,42.96,135722000
2018/2/21,43.21,43.53,42.75,42.77,149886400
2018/2/22,42.95,43.49,42.93,43.12,123967600
2018/2/23,43.42,43.91,43.38,43.88,135249600
2018/2/26,44.09,44.85,44.05,44.74,152648800
2018/2/27,44.78,45.12,44.54,44.6,155712400
2018/2/28,44.81,45.15,44.51,44.53,151128400
2018/3/1,44.63,44.94,43.17,43.75,195208000
2018/3/2,43.2,44.08,43.11,44.05,153816000
2018/3/5,43.8,44.44,43.63,44.21,113605600
2018/3/6,44.48,44.56,44.03,44.17,95154000
2018/3/7,43.74,43.96,43.57,43.76,126814000
2018/3/8,43.87,44.28,43.77,44.24,95096400
2018/3/9,44.49,45,44.35,44.99,128740800
2018/3/12,45.07,45.6,45.05,45.43,128828400
2018/3/13,45.65,45.88,44.81,44.99,126774000
2018/3/14,45.08,45.13,44.45,44.61,117473600
2018/3/15,44.62,45.06,44.52,44.66,90975200
2018/3/16,44.66,44.78,44.4,44.51,157618800
2018/3/19,44.33,44.37,43.42,43.83,133787200
2018/3/20,43.81,44.2,43.74,43.81,78597600
2018/3/21,43.76,43.77,42.81,42.82,148219600
2018/3/22,42.5,43.17,42.15,42.21,165963200
2018/3/23,42.1,42.48,41.24,41.24,164115200
2018/3/26,42.02,43.28,41.61,43.19,150164800
2018/3/27,43.42,43.79,41.73,42.08,163690400
2018/3/28,41.81,42.51,41.3,41.62,166674000
2018/3/29,41.95,42.94,41.72,41.94,153594000
2018/3/30,41.95,42.94,41.72,41.94,153594000
2018/4/2,41.66,42.24,41.12,41.67,150347200
2018/4/3,41.91,42.19,41.22,42.1,121112000
2018/4/4,41.22,43,41.19,42.9,138422000
2018/4/5,43.15,43.56,43.02,43.2,107732800
2018/4/6,42.74,43.12,42.05,42.1,140021200
2018/4/9,42.47,43.27,42.46,42.51,116070800
2018/4/10,43.25,43.5,42.88,43.31,113634400
2018/4/11,43.06,43.48,42.92,43.11,89726400
2018/4/12,43.35,43.75,43.26,43.53,91557200
2018/4/13,43.69,43.96,43.46,43.68,100497200
2018/4/16,43.76,44.05,43.71,43.96,86313600
2018/4/17,44.12,44.74,44.1,44.56,106421600
2018/4/18,44.45,44.71,44.22,44.46,83018000
2018/4/19,43.44,43.85,43.17,43.2,139235200
2018/4/20,42.65,42.81,41.36,41.43,261964400
2018/4/23,41.71,41.73,41.02,41.31,146062000
2018/4/24,41.42,41.58,40.31,40.74,134768000
2018/4/25,40.65,41.35,40.6,40.91,113528400
2018/4/26,41.03,41.43,40.84,41.06,111852000
2018/4/27,41,41.08,40.16,40.58,142623200
2018/4/30,40.53,41.81,40.46,41.31,169709600
2018/5/1,41.6,42.3,41.32,42.28,214277600
2018/5/2,43.81,44.44,43.45,44.14,266157600
2018/5/3,43.97,44.38,43.61,44.22,136272800
2018/5/4,44.56,46.06,44.54,45.96,224805200
2018/5/7,46.29,46.92,46.19,46.29,169805600
2018/5/8,46.25,46.56,45.92,46.51,113611200
2018/5/9,46.64,46.85,46.31,46.84,92844800
2018/5/10,46.94,47.59,46.91,47.51,111957200
2018/5/11,47.37,47.51,46.86,47.15,104848800
2018/5/14,47.25,47.38,46.97,47.04,83115200
2018/5/15,46.69,46.77,46.28,46.61,94780800
2018/5/16,46.52,47.12,46.5,47.04,76732400
2018/5/17,47,47.23,46.59,46.75,69176000
2018/5/18,46.8,46.95,46.53,46.58,73190800
2018/5/21,47,47.32,46.73,46.91,73603200
2018/5/22,47.1,47.22,46.69,46.79,60962800
2018/5/23,46.59,47.12,46.44,47.09,80233600
2018/5/24,47.19,47.21,46.55,47.04,92936000
2018/5/25,47.06,47.41,46.91,47.15,69844000
2018/5/28,47.06,47.41,46.91,47.15,69844000
2018/5/29,46.9,47.19,46.72,46.97,90056400
2018/5/30,46.93,47,46.69,46.88,74762000
2018/5/31,46.81,47.06,46.53,46.72,109931200
2018/6/1,47,47.56,46.94,47.56,93770000
2018/6/4,47.91,48.35,47.84,47.96,105064800
2018/6/5,48.27,48.49,48.09,48.33,86264000
2018/6/6,48.41,48.52,47.98,48.49,83734400
2018/6/7,48.53,48.55,48.08,48.37,85388800
2018/6/8,47.79,48,47.44,47.92,106627200
2018/6/11,47.84,47.99,47.55,47.81,73234000
2018/6/12,47.85,48.15,47.79,48.07,67644400
2018/6/13,48.1,48.22,47.61,47.67,86553600
2018/6/14,47.89,47.89,47.56,47.7,86440400
2018/6/15,47.51,47.54,47.06,47.21,246876800
2018/6/18,46.97,47.31,46.8,47.19,73939600
2018/6/19,46.28,46.58,45.86,46.42,134314000
2018/6/20,46.59,46.8,46.43,46.62,82514800
2018/6/21,46.81,47.09,46.24,46.37,102847600
2018/6/22,46.53,46.54,46.17,46.23,108801600
2018/6/25,45.85,46.23,45.18,45.54,126652400
2018/6/26,45.75,46.63,45.63,46.11,98276800
2018/6/27,46.31,46.82,46.01,46.04,101141200
2018/6/28,46.03,46.55,45.95,46.38,69460800
2018/6/29,46.57,46.8,45.73,46.28,90950800
2018/7/2,45.96,46.83,45.85,46.79,70925200
2018/7/3,46.95,46.99,45.88,45.98,55819200
2018/7/4,46.95,46.99,45.88,45.98,55819200
2018/7/5,46.31,46.6,46.07,46.35,66416800
2018/7/6,46.35,47.11,46.3,46.99,69940800
2018/7/9,47.38,47.67,47.33,47.65,79026400
2018/7/10,47.68,47.82,47.54,47.59,63756400
2018/7/11,47.12,47.44,46.9,46.97,75326000
2018/7/12,47.38,47.85,47.33,47.76,72164400
2018/7/13,47.77,47.96,47.72,47.83,50055600
2018/7/16,47.88,48.16,47.6,47.73,60172400
2018/7/17,47.44,47.97,47.3,47.86,62138000
2018/7/18,47.94,47.95,47.48,47.6,65573600
2018/7/19,47.42,48.14,47.42,47.97,81147200
2018/7/20,47.94,48.11,47.54,47.86,82704800
2018/7/23,47.67,47.99,47.39,47.9,63957600
2018/7/24,48.11,48.42,48.01,48.25,74791600
2018/7/25,48.26,48.71,48.11,48.71,66839600
2018/7/26,48.65,48.99,48.4,48.55,76304000
2018/7/27,48.75,48.8,47.53,47.74,96096000
2018/7/30,47.97,48.05,47.27,47.48,84118000
2018/7/31,47.58,48.03,47.33,47.57,157492000
2018/8/1,49.78,50.44,49.33,50.38,271742800
2018/8/2,50.15,52.1,50.09,51.85,249616000
2018/8/3,51.76,52.19,51.37,52,133789600
2018/8/6,52,52.31,51.77,52.27,101701600
2018/8/7,52.33,52.38,51.69,51.78,102349600
2018/8/8,51.51,51.95,51.13,51.81,90102000
2018/8/9,52.38,52.44,51.8,52.22,93970400
2018/8/10,51.84,52.28,51.67,51.88,98444800
2018/8/13,52.33,52.74,51.92,52.22,103563600
2018/8/14,52.54,52.64,52.06,52.44,82992000
2018/8/15,52.31,52.69,52.08,52.56,115230400
2018/8/16,52.94,53.45,52.87,53.33,114001600
2018/8/17,53.36,54.49,53.29,54.4,141708000
2018/8/20,54.53,54.79,53.78,53.87,121150800
2018/8/21,54.2,54.3,53.51,53.76,104639200
2018/8/22,53.53,54.09,53.46,53.76,76072400
2018/8/23,53.66,54.26,53.65,53.87,75532800
2018/8/24,54.15,54.22,53.78,54.04,73905600
2018/8/27,54.29,54.69,54.08,54.49,82100400
2018/8/28,54.75,55.13,54.73,54.92,91107200
2018/8/29,55.04,55.87,54.85,55.74,109019200
2018/8/30,55.81,57.06,55.6,56.26,195175200
2018/8/31,56.63,57.22,56.5,56.91,173360400
2018/9/3,56.63,57.22,56.5,56.91,173360400
2018/9/4,57.1,57.29,56.66,57.09,109560400
2018/9/5,57.25,57.42,56.28,56.72,133332000
2018/9/6,56.56,56.84,55.33,55.78,137160000
2018/9/7,55.46,56.34,55.18,55.33,150479200
2018/9/10,55.24,55.46,54.12,54.58,158066000
2018/9/11,54.5,56.08,54.14,55.96,142996000
2018/9/12,56.24,56.25,54.96,55.27,197114800
2018/9/13,55.88,57.09,55.64,56.6,166825600
2018/9/14,56.44,56.71,55.63,55.96,127997200
2018/9/17,55.54,55.74,54.32,54.47,148780400
2018/9/18,54.45,55.46,54.28,54.56,126286800
2018/9/19,54.62,54.9,53.83,54.59,108495200
2018/9/20,55.06,55.57,54.79,55.01,106435200
2018/9/21,55.19,55.34,54.32,54.42,384986800
2018/9/24,54.21,55.31,54.16,55.2,110773600
2018/9/25,54.94,55.71,54.92,55.55,98217600
2018/9/26,55.25,55.94,54.94,55.1,95938800
2018/9/27,55.96,56.61,55.88,56.24,120724800
2018/9/28,56.2,56.46,56.01,56.44,91717600
2018/10/1,56.99,57.35,56.59,56.81,94403200
2018/10/2,56.81,57.5,56.66,57.32,99152800
2018/10/3,57.51,58.37,57.44,58.02,114619200
2018/10/4,57.69,58.09,56.68,57,128168000
2018/10/5,56.99,57.1,55.15,56.07,134322000
2018/10/8,55.55,56.2,55.05,55.94,118655600
2018/10/9,55.91,56.82,55.56,56.72,107564000
2018/10/10,56.37,56.59,54.01,54.09,167962400
2018/10/11,53.63,54.88,53.08,53.61,212497600
2018/10/12,55.1,55.72,54.21,55.53,161351600
2018/10/15,55.29,55.46,54.32,54.34,123164000
2018/10/16,54.73,55.75,54.19,55.54,116736000
2018/10/17,55.58,55.66,54.83,55.3,91541600
2018/10/18,54.47,54.94,53.25,54.01,130325200
2018/10/19,54.51,55.31,54.36,54.83,132314800
2018/10/22,54.95,55.84,54.74,55.16,115168400
2018/10/23,53.96,55.81,53.67,55.68,155071200
2018/10/24,55.65,56.06,53.63,53.77,163702000
2018/10/25,54.43,55.35,54.19,54.95,119423200
2018/10/26,53.97,55.05,53.17,54.08,189033600
2018/10/29,54.8,54.92,51.52,53.06,183742000
2018/10/30,52.79,53.79,52.32,53.33,146640000
2018/10/31,54.22,55.11,54.15,54.72,153435600
2018/11/1,54.76,55.59,54.2,55.56,233292800
2018/11/2,52.39,53.41,51.36,51.87,365314800
2018/11/5,51.08,51.1,49.54,50.4,264654800
2018/11/6,50.48,51.18,50.42,50.94,127531600
2018/11/7,51.49,52.51,51.03,52.49,133697600
2018/11/8,52.49,52.53,51.69,52.12,101450400
2018/11/9,51.39,51.5,50.56,51.12,137463200
2018/11/12,49.75,49.96,48.45,48.54,204542000
2018/11/13,47.91,49.29,47.86,48.06,187531600
2018/11/14,48.47,48.62,46.48,46.7,243204000
2018/11/15,47.1,47.99,46.72,47.85,185915200
2018/11/16,47.62,48.74,47.37,48.38,147713200
2018/11/19,47.5,47.67,46.25,46.47,167701200
2018/11/20,44.59,45.37,43.88,44.24,271300800
2018/11/21,44.93,45.07,44.14,44.19,124496800
2018/11/22,44.93,45.07,44.14,44.19,124496800
2018/11/23,43.74,44.15,43.03,43.07,94496000
2018/11/26,43.56,43.74,42.56,43.65,179994000
2018/11/27,42.88,43.69,42.72,43.56,165549600
2018/11/28,44.18,45.32,43.73,45.24,184250000
2018/11/29,45.67,45.7,44.42,44.89,167080000
2018/11/30,45.07,45.08,44.26,44.65,158126000
2018/12/3,46.12,46.24,45.3,46.21,163210000
2018/12/4,45.24,45.6,44.07,44.17,165377200
2018/12/5,45.24,45.6,44.07,44.17,165377200
2018/12/6,42.94,43.69,42.6,43.68,172393600
2018/12/7,43.37,43.62,42.08,42.12,169126400
2018/12/10,41.25,42.52,40.83,42.4,248104000
2018/12/11,42.92,42.95,41.75,42.16,189126800
2018/12/12,42.6,42.98,42.26,42.28,142510800
2018/12/13,42.62,43.14,42.39,42.74,127594400
2018/12/14,42.25,42.27,41.32,41.37,162814800
2018/12/17,41.36,42.09,40.68,40.99,177151600
2018/12/18,41.35,41.88,41.1,41.52,135366000
2018/12/19,41.5,41.86,39.77,40.22,196189200
2018/12/20,40.1,40.53,38.83,39.21,259092000
2018/12/21,39.22,39.54,37.41,37.68,382978400
2018/12/24,37.04,37.89,36.65,36.71,148676800
2018/12/25,37.04,37.89,36.65,36.71,148676800
2018/12/26,37.08,39.31,36.68,39.29,234330000
2018/12/27,38.96,39.19,37.52,39.04,212468400
2018/12/28,39.38,39.63,38.64,39.06,169165600
2018/12/31,39.63,39.84,39.12,39.44,140014000
2019/1/1,39.63,39.84,39.12,39.44,140014000
2019/1/2,38.72,39.71,38.56,39.48,148158800
2019/1/3,35.99,36.43,35.5,35.55,365248800
2019/1/4,36.13,37.14,35.95,37.06,234428400
2019/1/7,37.17,37.21,36.47,36.98,219111200
2019/1/8,37.39,37.96,37.13,37.69,164101200
2019/1/9,37.82,38.63,37.41,38.33,180396400
2019/1/10,38.12,38.49,37.72,38.45,143122800
2019/1/11,38.22,38.42,37.88,38.07,108092800
2019/1/14,37.71,37.82,37.31,37.5,129756800
2019/1/15,37.57,38.35,37.51,38.27,114843600
2019/1/16,38.27,38.97,38.25,38.74,122278800
2019/1/17,38.55,39.42,38.31,38.97,119284800
2019/1/18,39.38,39.47,38.99,39.21,135004000
2019/1/21,39.38,39.47,38.99,39.21,135004000
2019/1/22,39.1,39.18,38.15,38.33,121576000
2019/1/23,38.54,38.78,37.92,38.48,92522400
2019/1/24,38.53,38.62,37.94,38.17,101766000
2019/1/25,38.87,39.53,38.58,39.44,134142000
2019/1/28,38.95,39.08,38.42,39.08,104768400
2019/1/29,39.06,39.53,38.53,38.67,166348800
2019/1/30,40.81,41.54,40.06,41.31,244439200
2019/1/31,41.53,42.25,41.14,41.61,162958400
2019/2/1,41.74,42.24,41.48,41.63,130672400
2019/2/4,41.85,42.92,41.82,42.81,125982000
2019/2/5,43.22,43.77,43.09,43.54,144406400
2019/2/6,43.66,43.89,43.21,43.56,112958400
2019/2/7,43.1,43.49,42.58,42.74,126966800
2019/2/8,42.25,42.67,42.1,42.6,95280000
2019/2/11,42.76,42.8,42.31,42.36,83973600
2019/2/12,42.53,42.75,42.42,42.72,89134000
2019/2/13,42.85,43.12,42.48,42.54,89960800
2019/2/14,42.43,42.81,42.35,42.7,87342800
2019/2/15,42.81,42.92,42.44,42.6,98507200
2019/2/18,42.81,42.92,42.44,42.6,98507200
2019/2/19,42.43,42.86,42.37,42.73,75891200
2019/2/20,42.8,43.33,42.75,43.01,104457600
2019/2/21,42.95,43.09,42.58,42.76,68998800
2019/2/22,42.9,43.25,42.85,43.24,75652800
2019/2/25,43.54,43.97,43.49,43.56,87493600
2019/2/26,43.43,43.83,43.29,43.58,68280800
2019/2/27,43.3,43.75,43.18,43.72,111341600
2019/2/28,43.58,43.73,43.23,43.29,112861600
2019/3/1,43.57,43.79,43.22,43.74,103544800
2019/3/4,43.92,44.44,43.49,43.96,109744800
2019/3/5,43.99,44,43.63,43.88,78949600
2019/3/6,43.67,43.87,43.49,43.63,83241600
2019/3/7,43.47,43.61,43.01,43.12,99185600
2019/3/8,42.58,43.27,42.38,43.23,95997600
2019/3/11,43.87,44.78,43.84,44.72,128044000
2019/3/12,45,45.67,44.84,45.23,129870400
2019/3/13,45.56,45.83,45.23,45.43,124130000
2019/3/14,45.97,46.03,45.64,45.93,94318000
2019/3/15,46.21,46.83,45.94,46.53,156171600
2019/3/18,46.45,47.1,46.45,47.01,104879200
2019/3/19,47.09,47.25,46.48,46.63,126585600
2019/3/20,46.56,47.37,46.18,47.04,124140800
2019/3/21,47.51,49.08,47.45,48.77,204136800
2019/3/22,48.83,49.42,47.69,47.76,169630800
2019/3/25,47.88,47.99,46.65,47.19,175381200
2019/3/26,47.92,48.22,46.15,46.7,199202000
2019/3/27,47.19,47.44,46.64,47.12,119393600
2019/3/28,47.24,47.39,46.88,47.18,83121600
2019/3/29,47.46,47.52,47.13,47.49,94256000
2019/4/1,47.91,47.92,47.1,47.81,111448000
2019/4/2,47.77,48.62,47.76,48.51,91062800
2019/4/3,48.31,49.12,48.29,48.84,93087200
2019/4/4,48.7,49.09,48.28,48.92,76457200
2019/4/5,49.11,49.28,48.98,49.25,74106400
2019/4/8,49.1,50.06,49.08,50.03,103526800
2019/4/9,50.08,50.71,49.81,49.88,143072800
2019/4/10,49.67,50.19,49.54,50.15,86781200
2019/4/11,50.21,50.25,49.61,49.74,83603200
2019/4/12,49.8,50.03,49.05,49.72,111042800
2019/4/15,49.65,49.96,49.5,49.81,70146400
2019/4/16,49.87,50.34,49.64,49.81,102785600
2019/4/17,49.88,50.85,49.65,50.78,115627200
2019/4/18,50.78,51.04,50.63,50.97,96783200
2019/4/19,50.78,51.04,50.63,50.97,96783200
2019/4/22,50.71,51.24,50.58,51.13,77758000
2019/4/23,51.11,51.94,50.97,51.87,93292000
2019/4/24,51.84,52.12,51.76,51.79,70162400
2019/4/25,51.71,51.94,51.28,51.32,74172800
2019/4/26,51.22,51.25,50.53,51.08,74596400
2019/4/29,51.1,51.49,50.97,51.15,88818800
2019/4/30,50.76,50.85,49.78,50.17,186139600
2019/5/1,52.47,53.83,52.31,52.63,259309200
2019/5/2,52.46,53.16,52.03,52.29,127985200
2019/5/3,52.72,52.96,52.56,52.94,83569600
2019/5/6,51.07,52.21,50.88,52.12,129772400
2019/5/7,51.47,51.85,50.21,50.72,155054800
2019/5/8,50.47,51.33,50.44,50.72,105358000
2019/5/9,50.1,50.42,49.17,50.18,139634400
2019/5/10,49.35,49.71,48.19,49.29,164834800
2019/5/13,46.93,47.37,45.71,46.43,229722400
2019/5/14,46.6,47.42,46.35,47.17,146118800
2019/5/15,46.57,47.94,46.51,47.73,106178800
2019/5/16,47.48,48.12,47.21,47.52,132125600
2019/5/17,46.73,47.72,46.69,47.25,131516400
2019/5/20,45.88,46.09,45.07,45.77,154449200
2019/5/21,46.31,47,46.17,46.65,113459200
2019/5/22,46.17,46.43,45.64,45.69,118994400
2019/5/23,44.95,45.13,44.45,44.92,146118800
2019/5/24,45.05,45.53,44.65,44.74,94858800
2019/5/27,45.05,45.53,44.65,44.74,94858800
2019/5/28,44.73,45.15,44.48,44.56,111792800
2019/5/29,44.1,44.84,44,44.35,113924800
2019/5/30,44.49,44.81,44.17,44.58,84873600
2019/5/31,44.06,44.5,43.75,43.77,108174400
2019/6/3,43.9,44.48,42.57,43.33,161584400
2019/6/4,43.86,44.96,43.63,44.91,123872000
2019/6/5,46.07,46.25,45.28,45.63,119093600
2019/6/6,45.77,46.37,45.54,46.31,90105200
2019/6/7,46.63,47.98,46.44,47.54,122737600
2019/6/10,47.95,48.84,47.9,48.15,104883600
2019/6/11,48.72,49,48.4,48.7,107731600
2019/6/12,48.49,48.99,48.35,48.55,73012800
2019/6/13,48.67,49.2,48.4,48.54,86698400
2019/6/14,47.89,48.4,47.58,48.19,75046000
2019/6/17,48.22,48.74,48.04,48.47,58676400
2019/6/18,49.01,50.07,48.8,49.61,106204000
2019/6/19,49.92,49.97,49.33,49.47,84496800
2019/6/20,50.09,50.15,49.51,49.87,86056000
2019/6/21,49.7,50.21,49.54,49.69,191202400
2019/6/24,49.63,50.04,49.54,49.65,72881600
2019/6/25,49.61,49.81,48.82,48.89,84281200
2019/6/26,49.44,50.25,49.34,49.95,104270000
2019/6/27,50.07,50.39,49.89,49.94,83598800
2019/6/28,49.67,49.88,49.26,49.48,124442400
2019/7/1,50.79,51.12,50.16,50.39,109012000
2019/7/2,50.35,50.78,50.34,50.68,67740800
2019/7/3,50.82,51.11,50.67,51.1,45448000
2019/7/4,50.82,51.11,50.67,51.1,45448000
2019/7/5,50.84,51.27,50.72,51.06,69062000
2019/7/8,50.2,50.35,49.6,50.01,101354400
2019/7/9,49.8,50.38,49.7,50.31,82312000
2019/7/10,50.46,50.93,50.39,50.81,71588400
2019/7/11,50.83,51.1,50.43,50.44,80767200
2019/7/12,50.61,51,50.55,50.83,70380800
2019/7/15,51.02,51.47,51,51.3,67789600
2019/7/16,51.15,51.53,50.88,51.12,67467200
2019/7/17,51.01,51.27,50.82,50.84,56430000
2019/7/18,51,51.47,50.92,51.42,74162400
2019/7/19,51.45,51.62,50.59,50.65,83717200
2019/7/22,50.91,51.81,50.9,51.81,89111600
2019/7/23,52.12,52.23,51.82,52.21,73420800
2019/7/24,51.92,52.29,51.79,52.17,59966400
2019/7/25,52.22,52.31,51.68,51.76,55638400
2019/7/26,51.87,52.43,51.78,51.94,70475600
2019/7/29,52.12,52.66,52.11,52.42,86693600
2019/7/30,52.19,52.54,51.83,52.19,135742800
2019/7/31,54.1,55.34,52.83,53.26,277125600
2019/8/1,53.47,54.51,51.69,52.11,216071600
2019/8/2,51.38,51.61,50.41,51.01,163448400
2019/8/5,49.5,49.66,48.15,48.33,209572000
2019/8/6,49.08,49.52,48.51,49.25,143299200
2019/8/7,48.85,49.89,48.46,49.76,133457600
2019/8/8,50.05,50.88,49.85,50.86,108038000
2019/8/9,50.33,50.69,49.82,50.25,98478800
2019/8/12,49.9,50.51,49.79,50.12,89927600
2019/8/13,50.26,53.03,50.12,52.24,188874000
2019/8/14,50.79,51.61,50.65,50.69,146189600
2019/8/15,50.87,51.28,49.92,50.44,108909600
2019/8/16,51.07,51.79,50.96,51.62,110481600
2019/8/19,52.65,53.18,52.51,52.59,97654400
2019/8/20,52.72,53.34,52.58,52.59,107537200
2019/8/21,53.25,53.41,52.9,53.16,86141600
2019/8/22,53.3,53.61,52.69,53.12,89014800
2019/8/23,52.36,53.01,50.25,50.66,187272000
2019/8/26,51.47,51.8,51.26,51.62,104174400
2019/8/27,51.97,52.14,50.88,51.04,103493200
2019/8/28,51.03,51.43,50.83,51.38,63755200
2019/8/29,52.12,52.33,51.67,52.25,83962000
2019/8/30,52.54,52.61,51.8,52.19,84573600
2019/9/2,52.54,52.61,51.8,52.19,84573600
2019/9/3,51.61,51.74,51.06,51.42,80092000
2019/9/4,52.1,52.37,51.83,52.3,76752400
2019/9/5,53,53.49,52.88,53.32,95654800
2019/9/6,53.51,53.6,53.13,53.31,77449200
2019/9/9,53.71,54.11,52.77,53.54,109237600
2019/9/10,53.47,54.19,52.93,54.17,127111600
2019/9/11,54.52,55.93,54.43,55.9,177158400
2019/9/12,56.2,56.6,55.72,55.77,128906800
2019/9/13,55,55.2,54.26,54.69,159053200
2019/9/16,54.43,55.03,54.39,54.97,84632400
2019/9/17,54.99,55.21,54.78,55.17,73274800
2019/9/18,55.26,55.71,54.86,55.69,101360000
2019/9/19,55.5,55.94,55.09,55.24,88242400
2019/9/20,55.35,55.64,54.37,54.43,221652400
2019/9/23,54.74,54.96,54.41,54.68,76662000
2019/9/24,55.26,55.62,54.3,54.42,124763200
2019/9/25,54.64,55.38,54.28,55.26,87613600
2019/9/26,55,55.24,54.71,54.97,75334000
2019/9/27,55.13,55.24,54.32,54.71,101408000
2019/9/30,55.22,56.15,55.2,55.99,103909600
2019/10/1,56.27,57.06,56.05,56.15,139223200
2019/10/2,55.76,55.9,54.48,54.74,138449200
2019/10/3,54.61,55.24,53.78,55.21,114426000
2019/10/4,56.41,56.87,55.97,56.75,138478800
2019/10/7,56.57,57.48,56.46,56.76,122306000
2019/10/8,56.46,57.01,56.08,56.1,111820000
2019/10/9,56.76,56.95,56.41,56.76,74770400
2019/10/10,56.98,57.61,56.83,57.52,113013600
2019/10/11,58.24,59.41,58.08,59.05,166795600
2019/10/14,58.72,59.53,58.67,58.97,96427600
2019/10/15,59.1,59.41,58.72,58.83,87360000
2019/10/16,58.34,58.81,58.3,58.59,73903200
2019/10/17,58.77,59.04,58.38,58.82,67585200
2019/10/18,58.65,59.4,58.57,59.1,97433600
2019/10/21,59.38,60.25,59.33,60.13,87247200
2019/10/22,60.29,60.55,59.9,59.99,82293600
2019/10/23,60.53,60.81,60.31,60.79,75828800
2019/10/24,61.13,61.2,60.45,60.9,69275200
2019/10/25,60.79,61.68,60.72,61.65,73477200
2019/10/28,61.85,62.31,61.68,62.26,96572800
2019/10/29,62.24,62.44,60.64,60.82,142839600
2019/10/30,61.19,61.33,60.3,60.81,124522000
2019/10/31,61.81,62.29,59.31,62.19,139162000
2019/11/1,62.38,63.98,62.29,63.96,151125200
2019/11/4,64.33,64.46,63.85,64.38,103272000
2019/11/5,64.26,64.55,64.08,64.28,79897600
2019/11/6,64.19,64.37,63.84,64.31,75864400
2019/11/7,64.68,65.09,64.53,64.86,94940400
2019/11/8,64.67,65.11,64.21,65.04,69986400
2019/11/11,64.57,65.62,64.57,65.55,81821200
2019/11/12,65.39,65.7,65.23,65.49,87388800
2019/11/13,65.28,66.19,65.27,66.12,102734400
2019/11/14,65.94,66.22,65.53,65.66,89182800
2019/11/15,65.92,66.44,65.75,66.44,100206400
2019/11/18,66.45,66.86,66.06,66.78,86703200
2019/11/19,66.97,67,66.35,66.57,76167200
2019/11/20,66.39,66.52,65.1,65.8,106234400
2019/11/21,65.92,66,65.29,65.5,121395200
2019/11/22,65.65,65.79,65.21,65.44,65325200
2019/11/25,65.68,66.61,65.63,66.59,84020400
2019/11/26,66.74,66.79,65.62,66.07,105207600
2019/11/27,66.39,67,66.33,66.96,65235600
2019/11/28,66.39,67,66.33,66.96,65235600
2019/11/29,66.65,67,66.47,66.81,46617600
2019/12/2,66.82,67.06,65.86,66.04,94487200
2019/12/3,64.58,64.88,64.07,64.86,114430400
2019/12/4,65.27,65.83,65.17,65.43,67181600
2019/12/5,65.95,66.47,65.68,66.39,74424400
2019/12/6,66.87,67.75,66.82,67.68,106075600
2019/12/9,67.5,67.7,66.23,66.73,128042400
2019/12/10,67.15,67.52,66.46,67.12,90420400
2019/12/11,67.2,67.78,67.12,67.69,78756800
2019/12/12,66.94,68.14,66.83,67.86,137310400
2019/12/13,67.86,68.82,67.73,68.79,133587600
2019/12/16,69.25,70.2,69.25,69.96,128186000
2019/12/17,69.89,70.44,69.7,70.1,114158400
2019/12/18,69.95,70.47,69.78,69.93,116028400
2019/12/19,69.88,70.29,69.74,70,98369200
2019/12/20,70.56,70.66,69.64,69.86,275978000
2019/12/23,70.13,71.06,70.09,71,98572000
2019/12/24,71.17,71.22,70.73,71.07,48478800
2019/12/25,71.17,71.22,70.73,71.07,48478800
2019/12/26,71.21,72.5,71.18,72.48,93121200
2019/12/27,72.78,73.49,72.03,72.45,146266000
2019/12/30,72.36,73.17,71.31,72.88,144114400
2019/12/31,72.48,73.42,72.38,73.41,100805600
2020/1/1,72.48,73.42,72.38,73.41,100805600
2020/1/2,74.06,75.15,73.8,75.09,135480400
2020/1/3,74.29,75.14,74.12,74.36,146322800
2020/1/6,73.45,74.99,73.19,74.95,118387200
2020/1/7,74.96,75.22,74.37,74.6,108872000
2020/1/8,74.29,76.11,74.29,75.8,132079200
2020/1/9,76.81,77.61,76.55,77.41,170108400
2020/1/10,77.65,78.17,77.06,77.58,140644800
2020/1/13,77.91,79.27,77.79,79.24,121532000
2020/1/14,79.18,79.39,78.04,78.17,161954400
2020/1/15,77.96,78.88,77.39,77.83,121923600
2020/1/16,78.4,78.93,78.02,78.81,108829200
2020/1/17,79.07,79.68,78.75,79.68,137816400
2020/1/20,79.07,79.68,78.75,79.68,137816400
2020/1/21,79.3,79.75,79,79.14,110843200
2020/1/22,79.64,80,79.33,79.43,101832400
2020/1/23,79.48,79.89,78.91,79.81,104472000
2020/1/24,80.06,80.83,79.38,79.58,146537600
2020/1/27,77.51,77.94,76.22,77.24,161940000
2020/1/28,78.15,79.6,78.05,79.42,162234000
2020/1/29,81.11,81.96,80.35,81.08,216229200
2020/1/30,80.14,81.02,79.69,80.97,126743200
2020/1/31,80.23,80.67,77.07,77.38,199588400
2020/2/3,76.07,78.37,75.56,77.17,173788400
2020/2/4,78.83,79.91,78.41,79.71,136616400
2020/2/5,80.88,81.19,79.74,80.36,118826800
2020/2/6,80.64,81.31,80.07,81.3,105425600
2020/2/7,80.59,80.85,79.5,80.01,117684000
2020/2/10,78.54,80.39,78.46,80.39,109348800
2020/2/11,80.9,80.97,79.68,79.9,94323200
2020/2/12,80.37,81.81,80.37,81.8,113730400
2020/2/13,81.05,81.56,80.84,81.22,94747600
2020/2/14,81.18,81.5,80.71,81.24,80113600
2020/2/17,81.18,81.5,80.71,81.24,80113600
2020/2/18,78.84,79.94,78.65,79.75,152531200
2020/2/19,80,81.14,80,80.9,93984000
2020/2/20,80.66,81.16,79.55,80.07,100566000
2020/2/21,79.65,80.11,77.62,78.26,129554000
2020/2/24,74.32,76.04,72.31,74.54,222195200
2020/2/25,75.24,75.63,71.53,72.02,230673600
2020/2/26,71.63,74.47,71.62,73.16,198054800
2020/2/27,70.28,71.5,68.24,68.38,320605600
2020/2/28,64.32,69.6,64.09,68.34,426510000
2020/3/2,70.57,75.36,69.43,74.7,341397200
2020/3/3,75.92,76,71.45,72.33,319475600
2020/3/4,74.11,75.85,73.28,75.68,219178400
2020/3/5,73.88,74.89,72.85,73.23,187572800
2020/3/6,70.5,72.71,70.31,72.26,226176800
2020/3/9,65.94,69.52,65.75,66.54,286744800
2020/3/10,69.29,71.61,67.34,71.33,285290000
2020/3/11,69.35,70.31,67.96,68.86,255598800
2020/3/12,63.99,67.5,62,62.06,418474000
2020/3/13,66.22,69.98,63.24,69.49,370732000
2020/3/16,60.49,64.77,60,60.55,322423600
2020/3/17,61.88,64.4,59.6,63.22,324056000
2020/3/18,59.94,62.5,59.28,61.67,300233600
2020/3/19,61.85,63.21,60.65,61.19,271857200
2020/3/20,61.79,62.96,57,57.31,401693200
2020/3/23,57.02,57.12,53.15,56.09,336752800
2020/3/24,59.09,61.92,58.58,61.72,287531200
2020/3/25,62.69,64.56,61.08,61.38,303602000
2020/3/26,61.63,64.67,61.59,64.61,252087200
2020/3/27,63.19,63.97,61.76,61.94,204216800
2020/3/30,62.69,63.88,62.35,63.7,167976400
2020/3/31,63.9,65.62,63,63.57,197002000
2020/4/1,61.62,62.18,59.78,60.23,176218400
2020/4/2,60.08,61.29,59.22,61.23,165934000
2020/4/3,60.7,61.42,59.74,60.35,129880000
2020/4/6,62.72,65.78,62.35,65.62,201820400
2020/4/7,67.7,67.93,64.75,64.86,202887200
2020/4/8,65.68,66.84,65.31,66.52,168895200
2020/4/9,67.18,67.52,66.18,67,161834800
2020/4/10,67.18,67.52,66.18,67,161834800
2020/4/13,67.08,68.43,66.46,68.31,131022800
2020/4/14,70,72.06,69.51,71.76,194994800
2020/4/15,70.6,71.58,70.16,71.11,131154400
2020/4/16,71.85,72.05,70.59,71.67,157125200
2020/4/17,71.17,71.74,69.21,70.7,215250000
2020/4/20,69.49,70.42,69.21,69.23,130015200
2020/4/21,69.07,69.31,66.36,67.09,180991600
2020/4/22,68.4,69.47,68.05,69.03,116862400
2020/4/23,68.97,70.44,68.72,68.76,124814400
2020/4/24,69.3,70.75,69.25,70.74,126161200
2020/4/27,70.45,71.14,69.99,70.79,117087600
2020/4/28,71.27,71.46,69.55,69.64,112004800
2020/4/29,71.18,72.42,70.97,71.93,137280800
2020/4/30,72.49,73.63,72.09,73.45,183064000
2020/5/1,71.56,74.75,71.46,72.27,240616800
2020/5/4,72.29,73.42,71.58,73.29,133568000
2020/5/5,73.76,75.25,73.61,74.39,147751200
2020/5/6,75.11,75.81,74.72,75.16,142333600
2020/5/7,75.81,76.29,75.49,75.93,115215200
2020/5/8,76.41,77.59,76.07,77.53,133838400
2020/5/11,77.03,79.26,76.81,78.75,145946400
2020/5/12,79.46,79.92,77.73,77.85,162301200
2020/5/13,78.04,78.99,75.8,76.91,200622400
2020/5/14,76.13,77.45,75.38,77.39,158929200
2020/5/15,75.09,76.97,75.05,76.93,166348400
2020/5/18,78.29,79.12,77.58,78.74,135178400
2020/5/19,78.76,79.63,78.25,78.29,101729600
2020/5/20,79.17,79.88,79.13,79.81,111504800
2020/5/21,79.67,80.22,78.97,79.21,102688800
2020/5/22,78.94,79.81,78.84,79.72,81803200
2020/5/25,78.94,79.81,78.84,79.72,81803200
2020/5/26,80.88,81.06,79.12,79.18,125522000
2020/5/27,79.04,79.68,78.27,79.53,112945200
2020/5/28,79.19,80.86,78.91,79.56,133560800
2020/5/29,79.81,80.29,79.12,79.49,153532400
2020/6/1,79.44,80.59,79.3,80.46,80791200
2020/6/2,80.19,80.86,79.73,80.83,87642800
2020/6/3,81.17,81.55,80.57,81.28,104491200
2020/6/4,81.1,81.4,80.19,80.58,87560400
2020/6/5,80.84,82.94,80.81,82.88,137250400
2020/6/8,82.56,83.4,81.83,83.36,95654400
2020/6/9,83.04,86.4,83,86,147712400
2020/6/10,86.97,88.69,86.52,88.21,166651600
2020/6/11,87.33,87.76,83.87,83.97,201662400
2020/6/12,86.18,86.95,83.56,84.7,200146000
2020/6/15,83.31,86.42,83.14,85.75,138808800
2020/6/16,87.86,88.3,86.18,88.02,165428800
2020/6/17,88.79,88.85,87.77,87.9,114406400
2020/6/18,87.85,88.36,87.31,87.93,96820400
2020/6/19,88.66,89.14,86.29,87.43,264476000
2020/6/22,87.83,89.86,87.79,89.72,135445200
2020/6/23,91,93.1,90.57,91.63,212155600
2020/6/24,91.25,92.2,89.63,90.01,192623200
2020/6/25,90.18,91.25,89.39,91.21,137522400
2020/6/26,91.1,91.33,88.25,88.41,205256800
2020/6/29,88.31,90.54,87.82,90.44,130646000
2020/6/30,90.02,91.5,90,91.2,140223200
2020/7/1,91.28,91.84,90.98,91.03,110737200
2020/7/2,91.96,92.62,90.91,91.03,114041600
2020/7/3,91.96,92.62,90.91,91.03,114041600
2020/7/6,92.5,93.94,92.47,93.46,118655600
2020/7/7,93.85,94.65,93.06,93.17,112424400
2020/7/8,94.18,95.38,94.09,95.34,117092000
2020/7/9,96.26,96.32,94.67,95.75,125642800
2020/7/10,95.33,95.98,94.71,95.92,90257200
2020/7/13,97.26,99.96,95.26,95.48,191649200
2020/7/14,94.84,97.25,93.88,97.06,170989200
2020/7/15,98.99,99.25,96.49,97.72,153198000
2020/7/16,96.56,97.4,95.9,96.52,110577600
2020/7/17,96.99,97.15,95.84,96.33,92186800
2020/7/20,96.42,98.5,96.06,98.36,90318000
2020/7/21,99.17,99.25,96.74,97,103433200
2020/7/22,96.69,97.97,96.6,97.27,89001600
2020/7/23,97,97.08,92.01,92.85,197004400
2020/7/24,90.99,92.97,89.14,92.61,185438800
2020/7/27,93.71,94.9,93.48,94.81,121214000
2020/7/28,94.37,94.55,93.25,93.25,103625600
2020/7/29,93.75,95.23,93.71,95.04,90329200
2020/7/30,94.19,96.3,93.77,96.19,158130000
2020/7/31,102.89,106.42,100.82,106.26,374336800
2020/8/3,108.2,111.64,107.89,108.94,308151200
2020/8/4,109.13,110.79,108.39,109.67,173071600
2020/8/5,109.38,110.39,108.9,110.06,121776800
2020/8/6,110.4,114.41,109.8,113.9,202428800
2020/8/7,113.21,113.68,110.29,111.11,198045600
2020/8/10,112.6,113.78,110,112.73,212403600
2020/8/11,111.97,112.48,109.11,109.38,187902400
2020/8/12,110.5,113.28,110.3,113.01,165598000
2020/8/13,114.43,116.04,113.93,115.01,210082000
2020/8/14,114.83,115,113.04,114.91,165565200
2020/8/17,116.06,116.09,113.96,114.61,119561600
2020/8/18,114.35,116,114.01,115.56,105633600
2020/8/19,115.98,117.16,115.61,115.71,145538000
2020/8/20,115.75,118.39,115.73,118.28,126907200
2020/8/21,119.26,124.87,119.25,124.37,338054800
2020/8/24,128.7,128.79,123.94,125.86,345937600
2020/8/25,124.7,125.18,123.05,124.82,211495600
2020/8/26,126.18,126.99,125.08,126.52,163022400
2020/8/27,127.14,127.49,123.83,125.01,155552400
2020/8/28,126.01,126.44,124.58,124.81,187630000
2020/8/31,127.58,131,126,129.04,225702700
2020/9/1,132.76,134.8,130.53,134.18,151948100
2020/9/2,137.59,137.98,127,131.4,200119000
2020/9/3,126.91,128.84,120.5,120.88,257599600
2020/9/4,120.07,123.7,110.89,120.96,332607200
2020/9/7,120.07,123.7,110.89,120.96,332607200
2020/9/8,113.95,118.99,112.68,112.82,231366600
2020/9/9,117.26,119.14,115.26,117.32,176940500
2020/9/10,120.36,120.5,112.5,113.49,182274400
2020/9/11,114.57,115.23,110,112,180860300
2020/9/14,114.72,115.93,112.8,115.36,140150100
2020/9/15,118.33,118.83,113.61,115.54,184642000
2020/9/16,115.23,116,112.04,112.13,154679000
2020/9/17,109.72,112.2,108.71,110.34,178011000
2020/9/18,110.4,110.88,106.09,106.84,287104900
2020/9/21,104.54,110.19,103.1,110.08,195713800
2020/9/22,112.68,112.86,109.16,111.81,183055400
2020/9/23,111.62,112.11,106.77,107.12,150718700
2020/9/24,105.17,110.25,105,108.22,167743300
2020/9/25,108.43,112.44,107.67,112.28,149981400
2020/9/28,115.01,115.32,112.78,114.96,137672400
2020/9/29,114.55,115.31,113.57,114.09,99382200
2020/9/30,113.79,117.26,113.62,115.81,142675200
2020/10/1,117.64,117.72,115.83,116.79,116120400
2020/10/2,112.89,115.37,112.22,113.02,144712000
2020/10/5,113.91,116.65,113.55,116.5,106243800
2020/10/6,115.7,116.12,112.25,113.16,161498200
2020/10/7,114.62,115.55,114.13,115.08,96849000
2020/10/8,116.25,116.4,114.59,114.97,83477200
2020/10/9,115.28,117,114.92,116.97,100506900
2020/10/12,120.06,125.18,119.28,124.4,240226800
2020/10/13,125.27,125.39,119.65,121.1,262330500
2020/10/14,121,123.03,119.62,121.19,150712000
2020/10/15,118.72,121.2,118.15,120.71,112559200
2020/10/16,121.28,121.55,118.81,119.02,115393800
2020/10/19,119.96,120.42,115.66,115.98,120639300
2020/10/20,116.2,118.98,115.63,117.51,124423700
2020/10/21,116.67,118.71,116.45,116.87,89946000
2020/10/22,117.45,118.04,114.59,115.75,101988000
2020/10/23,116.39,116.55,114.28,115.04,82572600
2020/10/26,114.01,116.55,112.88,115.05,111850700
2020/10/27,115.49,117.28,114.54,116.6,92276800
2020/10/28,115.05,115.43,111.1,111.2,143937800
2020/10/29,112.37,116.93,112.2,115.32,146129200
2020/10/30,111.06,111.99,107.72,108.86,190272600
2020/11/2,109.11,110.68,107.32,108.77,122866900
2020/11/3,109.66,111.49,108.73,110.44,107624400
2020/11/4,114.14,115.59,112.35,114.95,138235500
2020/11/5,117.95,119.62,116.87,119.03,126387100
2020/11/6,118.32,119.2,116.13,118.69,114457900
2020/11/9,120.5,121.99,116.05,116.32,154515300
2020/11/10,115.55,117.59,114.13,115.97,138023400
2020/11/11,117.19,119.63,116.44,119.49,112295000
2020/11/12,119.62,120.53,118.57,119.21,103162300
2020/11/13,119.44,119.67,117.87,119.26,81581900
2020/11/16,118.92,120.99,118.15,120.3,91183000
2020/11/17,119.55,120.67,118.96,119.39,74271000
2020/11/18,118.61,119.82,118,118.03,76322100
2020/11/19,117.59,119.06,116.81,118.64,74113000
2020/11/20,118.64,118.77,117.29,117.34,73604300
2020/11/23,117.18,117.62,113.75,113.85,127959300
2020/11/24,113.91,115.85,112.59,115.17,113874200
2020/11/25,115.55,116.75,115.17,116.03,76499200
2020/11/26,115.55,116.75,115.17,116.03,76499200
2020/11/27,116.57,117.49,116.22,116.59,46691300
2020/11/30,116.97,120.97,116.81,119.05,169410200
2020/12/1,121.01,123.47,120.01,122.72,127728200
2020/12/2,122.02,123.37,120.89,123.08,89004200
2020/12/3,123.52,123.78,122.21,122.94,78967600
2020/12/4,122.6,122.86,121.52,122.25,78260400
2020/12/7,122.31,124.57,122.25,123.75,86712000
2020/12/8,124.37,124.98,123.09,124.38,82225500
2020/12/9,124.53,125.95,121,121.78,115089200
2020/12/10,120.5,123.87,120.15,123.24,81312200
2020/12/11,122.43,122.76,120.55,122.41,86939800
2020/12/14,122.6,123.35,121.54,121.78,79184500
2020/12/15,124.34,127.9,124.13,127.88,157243700
2020/12/16,127.41,128.37,126.56,127.81,98208600
2020/12/17,128.9,129.58,128.04,128.7,94359800
2020/12/18,128.96,129.1,126.12,126.66,192541500
2020/12/21,125.02,128.31,123.45,128.23,121251600
2020/12/22,131.61,134.41,129.65,131.88,168904800
2020/12/23,132.16,132.43,130.78,130.96,88223700
2020/12/24,131.32,133.46,131.1,131.97,54930100
2020/12/25,131.32,133.46,131.1,131.97,54930100
2020/12/28,133.99,137.34,133.51,136.69,124486200
2020/12/29,138.05,138.79,134.34,134.87,121047300
2020/12/30,135.58,135.99,133.4,133.72,96452100
2020/12/31,134.08,134.74,131.72,132.69,99116600
2021/1/1,134.08,134.74,131.72,132.69,99116600
2021/1/4,133.52,133.61,126.76,129.41,143301900
2021/1/5,128.89,131.74,128.43,131.01,97664900
2021/1/6,127.72,131.05,126.38,126.6,155088000
2021/1/7,128.36,131.63,127.86,130.92,109578200
2021/1/8,132.43,132.63,130.23,132.05,105158200
2021/1/11,129.19,130.17,128.5,128.98,100384500
2021/1/12,128.5,129.69,126.86,128.8,91951100
2021/1/13,128.76,131.45,128.49,130.89,88636800
2021/1/14,130.8,131,128.76,128.91,90221800
2021/1/15,128.78,130.22,127,127.14,111598500
2021/1/18,128.78,130.22,127,127.14,111598500
2021/1/19,127.78,128.71,126.94,127.83,90757300
2021/1/20,128.66,132.49,128.55,132.03,104319500
2021/1/21,133.8,139.67,133.59,136.87,120150900
2021/1/22,136.28,139.85,135.02,139.07,114459400
2021/1/25,143.07,145.09,136.54,142.92,157611700
2021/1/26,143.6,144.3,141.37,143.16,98390600
2021/1/27,143.43,144.3,140.41,142.06,140843800
2021/1/28,139.52,141.99,136.7,137.09,142621100
2021/1/29,135.83,136.74,130.21,131.96,177523800
2021/2/1,133.75,135.38,130.93,134.14,106239800
2021/2/2,135.73,136.31,134.61,134.99,83305400
2021/2/3,135.76,135.77,133.61,133.94,89880900
2021/2/4,136.3,137.4,134.59,137.39,84183100
2021/2/5,137.35,137.42,135.86,136.76,75693800
2021/2/8,136.03,136.96,134.92,136.91,71297200
2021/2/9,136.62,137.88,135.85,136.01,76774200
2021/2/10,136.48,136.99,134.4,135.39,73046600
2021/2/11,135.9,136.39,133.77,135.13,64280000
2021/2/12,134.35,135.53,133.69,135.37,60145100
2021/2/15,134.35,135.53,133.69,135.37,60145100
2021/2/16,135.49,136.01,132.79,133.19,80576300
2021/2/17,131.25,132.22,129.47,130.84,97918500
2021/2/18,129.2,130,127.41,129.71,96856700
2021/2/19,130.24,130.71,128.8,129.87,87668800
2021/2/22,128.01,129.72,125.6,126,103916400
2021/2/23,123.76,126.71,118.39,125.86,158273000
2021/2/24,124.94,125.56,122.23,125.35,111039900
2021/2/25,124.68,126.46,120.54,120.99,148199500
2021/2/26,122.59,124.85,121.2,121.26,164560400
2021/3/1,123.75,127.93,122.79,127.79,116307900
2021/3/2,128.41,128.72,125.01,125.12,102260900
2021/3/3,124.81,125.71,121.84,122.06,112966300
2021/3/4,121.75,123.6,118.62,120.13,178155000
2021/3/5,120.98,121.94,117.57,121.42,153766600
2021/3/8,120.93,121,116.21,116.36,154376600
2021/3/9,119.03,122.06,118.79,121.09,129525800
2021/3/10,121.69,122.17,119.45,119.98,111943300
2021/3/11,122.54,123.21,121.26,121.96,103026500
2021/3/12,120.4,121.17,119.16,121.03,88105100
2021/3/15,121.41,124,120.42,123.99,92403800
2021/3/16,125.7,127.22,124.72,125.57,115227900
2021/3/17,124.05,125.86,122.34,124.76,111932600
2021/3/18,122.88,123.18,120.32,120.53,121229700
2021/3/19,119.9,121.43,119.68,119.99,185549500
2021/3/22,120.33,123.87,120.26,123.39,111912300
2021/3/23,123.33,124.24,122.14,122.54,95467100
2021/3/24,122.82,122.9,120.07,120.09,88530500
2021/3/25,119.54,121.66,119,120.59,98844700
2021/3/26,120.35,121.48,118.92,121.21,94071200
2021/3/29,121.65,122.58,120.73,121.39,80819200
2021/3/30,120.11,120.4,118.86,119.9,85671900
2021/3/31,121.65,123.52,121.15,122.15,118323800
2021/4/1,123.66,124.18,122.49,123,75089100
2021/4/2,123.66,124.18,122.49,123,75089100
2021/4/5,123.87,126.16,123.07,125.9,88651200
2021/4/6,126.5,127.13,125.65,126.21,80171300
2021/4/7,125.83,127.92,125.14,127.9,83466700
2021/4/8,128.95,130.39,128.52,130.36,88844600
2021/4/9,129.8,133.04,129.47,133,106686700
2021/4/12,132.52,132.85,130.63,131.24,91420000
2021/4/13,132.44,134.66,131.93,134.43,91266500
2021/4/14,134.94,135,131.66,132.03,87222800
2021/4/15,133.82,135,133.64,134.5,89347100
2021/4/16,134.3,134.67,133.28,134.16,84922400
2021/4/19,133.51,135.47,133.34,134.84,94264200
2021/4/20,135.02,135.53,131.81,133.11,94812300
2021/4/21,132.36,133.75,131.3,133.5,68847100
2021/4/22,133.04,134.15,131.41,131.94,84566500
2021/4/23,132.16,135.12,132.16,134.32,78657500
2021/4/26,134.83,135.06,133.56,134.72,66905100
2021/4/27,135.01,135.41,134.11,134.39,66015800
2021/4/28,134.31,135.02,133.08,133.58,107760100
2021/4/29,136.47,137.07,132.45,133.48,151101000
2021/4/30,131.78,133.56,131.07,131.46,109839500
2021/5/3,132.04,134.07,131.83,132.54,75135100
2021/5/4,131.19,131.49,126.7,127.85,137564700
2021/5/5,129.2,130.45,127.97,128.1,84000900
2021/5/6,127.89,129.75,127.13,129.74,78128300
2021/5/7,130.85,131.26,129.48,130.21,78973300
2021/5/10,129.41,129.54,126.81,126.85,88071200
2021/5/11,123.5,126.27,122.77,125.91,126142800
2021/5/12,123.4,124.64,122.25,122.77,112172300
2021/5/13,124.58,126.15,124.26,124.97,105861300
2021/5/14,126.25,127.89,125.85,127.45,81918000
2021/5/17,126.82,126.93,125.17,126.27,74244600
2021/5/18,126.56,126.99,124.78,124.85,63342900
2021/5/19,123.16,124.92,122.86,124.69,92612000
2021/5/20,125.23,127.72,125.1,127.31,76857100
2021/5/21,127.82,128,125.21,125.43,79295400
2021/5/24,126.01,127.94,125.94,127.1,63092900
2021/5/25,127.82,128.32,126.32,126.9,72009500
2021/5/26,126.96,127.39,126.42,126.85,56575900
2021/5/27,126.44,127.64,125.08,125.28,94625600
2021/5/28,125.57,125.8,124.55,124.61,71311100
2021/5/31,125.57,125.8,124.55,124.61,71311100
2021/6/1,125.08,125.35,123.94,124.28,67637100
2021/6/2,124.28,125.24,124.05,125.06,59278900
2021/6/3,124.68,124.85,123.13,123.54,76229200
2021/6/4,124.07,126.16,123.85,125.89,75169300
2021/6/7,126.17,126.32,124.83,125.9,71057600
2021/6/8,126.6,128.46,126.21,126.74,74403800
2021/6/9,127.21,127.75,126.52,127.13,56877900
2021/6/10,127.02,128.19,125.94,126.11,71186400
2021/6/11,126.53,127.44,126.1,127.35,53522400
2021/6/14,127.82,130.54,127.07,130.48,96906500
2021/6/15,129.94,130.6,129.39,129.64,62746300
2021/6/16,130.37,130.89,128.46,130.15,91815000
2021/6/17,129.8,132.55,129.65,131.79,96721700
2021/6/18,130.71,131.51,130.24,130.46,108953300
2021/6/21,130.3,132.41,129.21,132.3,79663300
2021/6/22,132.13,134.08,131.62,133.98,74783600
2021/6/23,133.77,134.32,133.23,133.7,60214200
2021/6/24,134.45,134.64,132.93,133.41,68711000
2021/6/25,133.46,133.89,132.81,133.11,70783700
2021/6/28,133.41,135.25,133.35,134.78,62111300
2021/6/29,134.8,136.49,134.35,136.33,64556100
2021/6/30,136.17,137.41,135.87,136.96,63261400
2021/7/1,136.6,137.33,135.76,137.27,52485800
2021/7/2,137.9,140,137.75,139.96,78852600
2021/7/5,137.9,140,137.75,139.96,78852600
2021/7/6,140.07,143.15,140.07,142.02,108181800
2021/7/7,143.54,144.89,142.66,144.57,104911600
2021/7/8,141.58,144.06,140.67,143.24,105575500
2021/7/9,142.75,145.65,142.65,145.11,99890800
2021/7/12,146.21,146.32,144,144.5,76299700
2021/7/13,144.03,147.46,143.63,145.64,100827100
2021/7/14,148.1,149.57,147.68,149.15,127050800
2021/7/15,149.24,150,147.09,148.48,106820300
2021/7/16,148.46,149.76,145.88,146.39,93251400
2021/7/19,143.75,144.07,141.67,142.45,121434600
2021/7/20,143.46,147.1,142.96,146.15,96350000
2021/7/21,145.53,146.13,144.63,145.4,74993500
2021/7/22,145.94,148.2,145.81,146.8,77338200
2021/7/23,147.55,148.72,146.92,148.56,71447400
2021/7/26,148.27,149.83,147.7,148.99,72434100
2021/7/27,149.12,149.21,145.55,146.77,104818600
2021/7/28,144.81,146.97,142.54,144.98,118931200
2021/7/29,144.69,146.55,144.58,145.64,56699500
2021/7/30,144.38,146.33,144.11,145.86,70440600
2021/8/2,146.36,146.95,145.25,145.52,62880000
2021/8/3,145.81,148.04,145.18,147.36,64786600
2021/8/4,147.27,147.79,146.28,146.95,56368300
2021/8/5,146.98,147.84,146.17,147.06,46397700
2021/8/6,146.35,147.11,145.63,146.14,54126800
2021/8/9,146.2,146.7,145.52,146.09,48908700
2021/8/10,146.44,147.71,145.3,145.6,69023100
2021/8/11,146.05,146.72,145.53,145.86,48493500
2021/8/12,146.19,149.05,145.84,148.89,72282600
2021/8/13,148.97,149.44,148.27,149.1,59375000
2021/8/16,148.54,151.19,146.47,151.12,103296000
2021/8/17,150.23,151.68,149.09,150.19,92229700
2021/8/18,149.8,150.72,146.15,146.36,86326000
2021/8/19,145.03,148,144.5,146.7,86960300
2021/8/20,147.44,148.5,146.78,148.19,60549600
2021/8/23,148.31,150.19,147.89,149.71,60131800
2021/8/24,149.45,150.86,149.15,149.62,48606400
2021/8/25,149.81,150.32,147.8,148.36,58991300
2021/8/26,148.35,149.12,147.51,147.54,48597200
2021/8/27,147.48,148.75,146.83,148.6,55802400
2021/8/30,149,153.49,148.61,153.12,90956700
2021/8/31,152.66,152.8,151.29,151.83,86453100
2021/9/1,152.83,154.98,152.34,152.51,80313700
2021/9/2,153.87,154.72,152.4,153.65,71115500
2021/9/3,153.76,154.63,153.09,154.3,57808700
2021/9/6,153.76,154.63,153.09,154.3,57808700
2021/9/7,154.97,157.26,154.39,156.69,82278300
2021/9/8,156.98,157.04,153.98,155.11,74420200
2021/9/9,155.49,156.11,153.95,154.07,57305700
2021/9/10,155,155.48,148.7,148.97,140893200
2021/9/13,150.63,151.42,148.75,149.55,102404300
2021/9/14,150.35,151.07,146.91,148.12,109296300
2021/9/15,148.56,149.44,146.37,149.03,83281300
2021/9/16,148.44,148.97,147.22,148.79,68034100
2021/9/17,148.82,148.82,145.76,146.06,129868800
2021/9/20,143.8,144.84,141.27,142.94,123478900
2021/9/21,143.93,144.6,142.78,143.43,75834000
2021/9/22,144.45,146.43,143.7,145.85,76404300
2021/9/23,146.65,147.08,145.64,146.83,64838200
2021/9/24,145.66,147.47,145.56,146.92,53477900
2021/9/27,145.47,145.96,143.82,145.37,74150700
2021/9/28,143.25,144.75,141.69,141.91,108972300
2021/9/29,142.47,144.45,142.03,142.83,74602000
2021/9/30,143.66,144.38,141.28,141.5,89056700
2021/10/1,141.9,142.92,139.11,142.65,94639600
2021/10/4,141.76,142.21,138.27,139.14,98322000
2021/10/5,139.49,142.24,139.36,141.11,80861100
2021/10/6,139.47,142.15,138.37,142,83221100
2021/10/7,143.06,144.22,142.72,143.29,61732700
2021/10/8,144.03,144.18,142.56,142.9,58773200
2021/10/11,142.27,144.81,141.81,142.81,64452200
2021/10/12,143.23,143.25,141.04,141.51,73035900
2021/10/13,141.24,141.4,139.2,140.91,78762700
2021/10/14,142.11,143.88,141.51,143.76,69907100
2021/10/15,143.77,144.9,143.51,144.84,67940300
2021/10/18,143.45,146.84,143.16,146.55,85589200
2021/10/19,147.01,149.17,146.55,148.76,76378900
2021/10/20,148.7,149.75,148.12,149.26,58418800
2021/10/21,148.81,149.64,147.87,149.48,61421000
2021/10/22,149.69,150.18,148.64,148.69,58883400
2021/10/25,148.68,149.37,147.62,148.64,50720600
2021/10/26,149.33,150.84,149.01,149.32,60893400
2021/10/27,149.36,149.73,148.49,148.85,56094900
2021/10/28,149.82,153.17,149.72,152.57,100077900
2021/10/29,147.22,149.94,146.41,149.8,124953200
2021/11/1,148.99,149.7,147.8,148.96,74588300
2021/11/2,148.66,151.57,148.65,150.02,69122000
2021/11/3,150.39,151.97,149.82,151.49,54511500
2021/11/4,151.58,152.43,150.64,150.96,60394600
2021/11/5,151.89,152.2,150.06,151.28,65463900
2021/11/8,151.41,151.57,150.16,150.44,55020900
2021/11/9,150.2,151.43,150.06,150.81,56787900
2021/11/10,150.02,150.13,147.85,147.92,65187100
2021/11/11,148.96,149.43,147.68,147.87,41000000
2021/11/12,148.43,150.4,147.48,149.99,63804000
2021/11/15,150.37,151.88,149.43,150,59222800
2021/11/16,149.94,151.49,149.34,151,59256200
2021/11/17,151,155,150.99,153.49,88807000
2021/11/18,153.71,158.67,153.05,157.87,137827700
2021/11/19,157.65,161.02,156.53,160.55,117305600
2021/11/22,161.68,165.7,161,161.02,117467900
2021/11/23,161.12,161.8,159.06,161.41,96041900
2021/11/24,160.75,162.14,159.64,161.94,69463600
2021/11/25,160.75,162.14,159.64,161.94,69463600
2021/11/26,159.57,160.45,156.36,156.81,76959800
2021/11/29,159.37,161.19,158.79,160.24,88748200
2021/11/30,159.99,165.52,159.92,165.3,174048100
2021/12/1,167.48,170.3,164.53,164.77,152052500
2021/12/2,158.74,164.2,157.8,163.76,136739200
2021/12/3,164.02,164.96,159.72,161.84,118023100
2021/12/6,164.29,167.88,164.28,165.32,107497000
2021/12/7,169.08,171.58,168.34,171.18,120405400
2021/12/8,172.13,175.96,170.7,175.08,116998900
2021/12/9,174.91,176.75,173.92,174.56,108923700
2021/12/10,175.21,179.63,174.69,179.45,115402700
2021/12/13,181.12,182.13,175.53,175.74,153237000
2021/12/14,175.25,177.74,172.21,174.33,139380400
2021/12/15,175.11,179.5,172.31,179.3,131063300
2021/12/16,179.28,181.14,170.75,172.26,150185800
2021/12/17,169.93,173.47,169.69,171.14,195432700
2021/12/20,168.28,170.58,167.46,169.75,107499100
2021/12/21,171.56,173.2,169.12,172.99,91185900
2021/12/22,173.04,175.86,172.15,175.64,92135300
2021/12/23,175.85,176.85,175.27,176.28,68356600
2021/12/24,175.85,176.85,175.27,176.28,68356600
2021/12/27,177.09,180.42,177.07,180.33,74919600
2021/12/28,180.16,181.33,178.53,179.29,79144300
2021/12/29,179.33,180.63,178.14,179.38,62348900
2021/12/30,179.47,180.57,178.09,178.2,59773000
2021/12/31,178.09,179.23,177.26,177.57,64062300
2022/1/3,177.83,182.88,177.71,182.01,104487900
2022/1/4,182.63,182.94,179.12,179.7,99310400
2022/1/5,179.61,180.17,174.64,174.92,94537600
2022/1/6,172.7,175.3,171.64,172,96904000
2022/1/7,172.89,174.14,171.03,172.17,86709100
2022/1/10,169.08,172.5,168.17,172.19,106765600
2022/1/11,172.32,175.18,170.82,175.08,76138300
2022/1/12,176.12,177.18,174.82,175.53,74805200
2022/1/13,175.78,176.62,171.79,172.19,84505800
2022/1/14,171.34,173.78,171.09,173.07,80440800
2022/1/17,171.34,173.78,171.09,173.07,80440800
2022/1/18,171.51,172.54,169.41,169.8,90956700
2022/1/19,170,171.08,165.94,166.23,94815000
2022/1/20,166.98,169.68,164.18,164.51,91420500
2022/1/21,164.42,166.33,162.3,162.41,122848900
2022/1/24,160.02,162.3,154.7,161.62,162294600
2022/1/25,158.98,162.76,157.02,159.78,115798400
2022/1/26,163.5,164.39,157.82,159.69,108275300
2022/1/27,162.45,163.84,158.28,159.22,121954600
2022/1/28,165.71,170.35,162.8,170.33,179935700
2022/1/31,170.16,175,169.51,174.78,115541600
2022/2/1,174.01,174.84,172.31,174.61,86213900
2022/2/2,174.75,175.88,173.33,175.84,84914300
2022/2/3,174.48,176.24,172.12,172.9,89418100
2022/2/4,171.68,174.1,170.68,172.39,82465400
2022/2/7,172.86,173.95,170.95,171.66,77251200
2022/2/8,171.73,175.35,171.43,174.83,74829200
2022/2/9,176.05,176.65,174.9,176.28,71285000
2022/2/10,174.14,175.48,171.55,172.12,90865900
2022/2/11,172.33,173.08,168.04,168.64,98670700
2022/2/14,167.37,169.58,166.56,168.88,86185500
2022/2/15,170.97,172.95,170.25,172.79,62527400
2022/2/16,171.85,173.34,170.05,172.55,61177400
2022/2/17,171.03,171.91,168.47,168.88,69589300
2022/2/18,169.82,170.54,166.19,167.3,82772700
2022/2/21,169.82,170.54,166.19,167.3,82772700
2022/2/22,164.98,166.69,162.15,164.32,91162800
2022/2/23,165.54,166.15,159.75,160.07,90009200
2022/2/24,152.58,162.85,152,162.74,141147500
2022/2/25,163.84,165.12,160.87,164.85,91974200
2022/2/28,163.06,165.42,162.43,165.12,95056600
2022/3/1,164.7,166.6,161.97,163.2,83474400
2022/3/2,164.39,167.36,162.95,166.56,79724800
2022/3/3,168.47,168.91,165.55,166.23,76678400
2022/3/4,164.49,165.55,162.1,163.17,83737200
2022/3/7,163.36,165.02,159.04,159.3,96418800
2022/3/8,158.82,162.88,155.8,157.44,131148300
2022/3/9,161.48,163.41,159.41,162.95,91454900
2022/3/10,160.2,160.39,155.98,158.52,105342000
2022/3/11,158.93,159.28,154.5,154.73,96970100
2022/3/14,151.45,154.12,150.1,150.62,108732100
2022/3/15,150.9,155.57,150.38,155.09,92964300
2022/3/16,157.05,160,154.46,159.59,102300200
2022/3/17,158.61,161,157.63,160.62,75615400
2022/3/18,160.51,164.48,159.76,163.98,123511700
2022/3/21,163.51,166.35,163.01,165.38,95811400
2022/3/22,165.51,169.42,164.91,168.82,81532000
2022/3/23,167.99,172.64,167.65,170.21,98062700
2022/3/24,171.06,174.14,170.21,174.07,90131400
2022/3/25,173.88,175.28,172.75,174.72,80546200
2022/3/28,172.17,175.73,172,175.6,90371900
2022/3/29,176.69,179.01,176.34,178.96,100589400
2022/3/30,178.55,179.61,176.7,177.77,92633200
2022/3/31,177.84,178.03,174.4,174.61,103049300
2022/4/1,174.03,174.88,171.94,174.31,78751300
2022/4/4,174.57,178.49,174.44,178.44,76468400
2022/4/5,177.5,178.3,174.42,175.06,73401800
2022/4/6,172.36,173.63,170.13,171.83,89058800
2022/4/7,171.16,173.36,169.85,172.14,77594700
2022/4/8,171.78,171.78,169.2,170.09,76575500
2022/4/11,168.71,169.03,165.5,165.75,72246700
2022/4/12,168.02,169.87,166.64,167.66,79265200
2022/4/13,167.39,171.04,166.77,170.4,70618900
2022/4/14,170.62,171.27,165.04,165.29,75329400
2022/4/15,170.62,171.27,165.04,165.29,75329400
2022/4/18,163.92,166.6,163.57,165.07,69023900
2022/4/19,165.02,167.82,163.91,167.4,67723800
2022/4/20,168.76,168.88,166.1,167.23,67929800
2022/4/21,168.91,171.53,165.91,166.42,87227800
2022/4/22,166.46,167.87,161.5,161.79,84882400
2022/4/25,161.12,163.17,158.46,162.88,96046400
2022/4/26,162.25,162.34,156.72,156.8,95623200
2022/4/27,155.91,159.79,155.38,156.57,88063200
2022/4/28,159.25,164.52,158.93,163.64,130216800
2022/4/29,161.84,166.2,157.25,157.65,131747600
2022/5/2,156.71,158.23,153.27,157.96,123055300
2022/5/3,158.15,160.71,156.32,159.48,88966500
2022/5/4,159.67,166.48,159.26,166.02,108256500
2022/5/5,163.85,164.08,154.95,156.77,130525300
2022/5/6,156.01,159.44,154.18,157.28,116124600
2022/5/9,154.93,155.83,151.49,152.06,131577900
2022/5/10,155.52,156.74,152.93,154.51,115366700
2022/5/11,153.5,155.45,145.81,146.5,142689800
2022/5/12,142.77,146.2,138.8,142.56,182602000
2022/5/13,144.59,148.1,143.11,147.11,113990900
2022/5/16,145.55,147.52,144.18,145.54,86643800
2022/5/17,148.86,149.77,146.68,149.24,78336300
2022/5/18,146.85,147.36,139.9,140.82,109742900
2022/5/19,139.88,141.66,136.6,137.35,136095600
2022/5/20,139.09,140.7,132.61,137.59,137426100
2022/5/23,137.79,143.26,137.65,143.11,117726300
2022/5/24,140.81,141.97,137.33,140.36,104132700
2022/5/25,138.43,141.79,138.34,140.52,92482700
2022/5/26,137.39,144.34,137.14,143.78,90601500
2022/5/27,145.39,149.68,145.26,149.64,90978500
2022/5/30,145.39,149.68,145.26,149.64,90978500
2022/5/31,149.07,150.66,146.84,148.84,103718400
2022/6/1,149.9,151.74,147.68,148.71,74286600
2022/6/2,147.83,151.27,146.86,151.21,72348100
2022/6/3,146.9,147.97,144.46,145.38,88570300
2022/6/6,147.03,148.57,144.9,146.14,71598400
2022/6/7,144.35,149,144.1,148.71,67808200
2022/6/8,148.58,149.87,147.46,147.96,53950200
2022/6/9,147.08,147.95,142.53,142.64,69473000
2022/6/10,140.28,140.76,137.06,137.13,91437900
2022/6/13,132.87,135.2,131.44,131.88,122207100
2022/6/14,133.13,133.89,131.48,132.76,84784300
2022/6/15,134.29,137.34,132.16,135.43,91533000
2022/6/16,132.08,132.39,129.04,130.06,108123900
2022/6/17,130.07,133.08,129.81,131.56,134520300
2022/6/20,130.07,133.08,129.81,131.56,134520300
2022/6/21,133.42,137.06,133.32,135.87,81000500
2022/6/22,134.79,137.76,133.91,135.35,73409200
2022/6/23,136.82,138.59,135.63,138.27,72433800
2022/6/24,139.9,141.91,139.77,141.66,89116800
2022/6/27,142.7,143.49,140.97,141.66,70207900
2022/6/28,142.13,143.42,137.32,137.44,67083400
2022/6/29,137.46,140.67,136.67,139.23,66242400
2022/6/30,137.25,138.37,133.77,136.72,98964500
2022/7/1,136.04,139.04,135.66,138.93,71051600
2022/7/4,136.04,139.04,135.66,138.93,71051600
2022/7/5,137.77,141.61,136.93,141.56,73353800
2022/7/6,141.35,144.12,141.08,142.92,74064300
2022/7/7,143.29,146.55,143.28,146.35,66253700
2022/7/8,145.26,147.55,145,147.04,64547800
2022/7/11,145.67,146.64,143.78,144.87,63141600
2022/7/12,145.76,148.45,145.05,145.86,77588800
2022/7/13,142.99,146.45,142.12,145.49,71185600
2022/7/14,144.08,148.95,143.25,148.47,78140700
2022/7/15,149.78,150.86,148.2,150.17,76259900
2022/7/18,150.74,151.57,146.7,147.07,81420900
2022/7/19,147.92,151.23,146.91,151,82982400
2022/7/20,151.12,153.72,150.37,153.04,64823400
2022/7/21,154.5,155.57,151.94,155.35,65086600
2022/7/22,155.39,156.28,153.41,154.09,66675400
2022/7/25,154.01,155.04,152.28,152.95,53623900
2022/7/26,152.26,153.09,150.8,151.6,55138700
2022/7/27,152.58,157.33,152.16,156.79,78620700
2022/7/28,156.98,157.64,154.41,157.35,81378700
2022/7/29,161.24,163.63,159.5,162.51,101786900
2022/8/1,161.01,163.59,160.89,161.51,67829400
2022/8/2,160.1,162.41,159.63,160.01,59907000
2022/8/3,160.84,166.59,160.75,166.13,82507500
2022/8/4,166.01,167.19,164.43,165.81,55474100
2022/8/5,163.21,165.85,163,165.35,56697000
2022/8/8,166.37,167.81,164.2,164.87,60276900
2022/8/9,164.02,165.82,163.25,164.92,63135500
2022/8/10,167.68,169.34,166.9,169.24,70170500
2022/8/11,170.06,170.99,168.19,168.49,57149200
2022/8/12,169.82,172.17,169.4,172.1,68039400
2022/8/15,171.52,173.39,171.35,173.19,54091700
2022/8/16,172.78,173.71,171.66,173.03,56377100
2022/8/17,172.77,176.15,172.57,174.55,79542000
2022/8/18,173.75,174.9,173.12,174.15,62290100
2022/8/19,173.03,173.74,171.31,171.52,70346300
2022/8/22,169.69,169.86,167.14,167.57,69026800
2022/8/23,167.08,168.71,166.65,167.23,54147100
2022/8/24,167.32,168.11,166.25,167.53,53841500
2022/8/25,168.78,170.14,168.35,170.03,51218200
2022/8/26,170.57,171.05,163.56,163.62,78961000
2022/8/29,161.15,162.9,159.82,161.38,73314000
2022/8/30,162.13,162.56,157.72,158.91,77906200
2022/8/31,160.31,160.58,157.14,157.22,87991100
2022/9/1,156.64,158.42,154.67,157.96,74229900
2022/9/2,159.75,160.36,154.97,155.81,76957800
2022/9/5,159.75,160.36,154.97,155.81,76957800
2022/9/6,156.47,157.09,153.69,154.53,73714800
2022/9/7,154.82,156.67,153.61,155.96,87449600
2022/9/8,154.64,156.36,152.68,154.46,84923800
2022/9/9,155.47,157.82,154.75,157.37,68028800
2022/9/12,159.59,164.26,159.3,163.43,104956000
2022/9/13,159.9,160.54,153.37,153.84,122656600
2022/9/14,154.79,157.1,153.61,155.31,87965400
2022/9/15,154.65,155.24,151.38,152.37,90481100
2022/9/16,151.21,151.35,148.37,150.7,162278800
2022/9/19,149.31,154.56,149.1,154.48,81474200
2022/9/20,153.4,158.08,153.08,156.9,107689800
2022/9/21,157.34,158.74,153.6,153.72,101696800
2022/9/22,152.38,154.47,150.91,152.74,86652500
2022/9/23,151.19,151.47,148.56,150.43,96029900
2022/9/26,149.66,153.77,149.64,150.77,93339400
2022/9/27,152.74,154.72,149.95,151.76,84442700
2022/9/28,147.64,150.64,144.84,149.84,146691400
2022/9/29,146.1,146.72,140.68,142.48,128138200
2022/9/30,141.28,143.1,138,138.2,124925300
2022/10/3,138.21,143.07,137.69,142.45,114311700
2022/10/4,145.03,146.22,144.26,146.1,87830100
2022/10/5,144.07,147.38,143.01,146.4,79471000
2022/10/6,145.81,147.54,145.22,145.43,68402200
2022/10/7,142.54,143.1,139.45,140.09,85925600
2022/10/10,140.42,141.89,138.57,140.42,74899000
2022/10/11,139.9,141.35,138.22,138.98,77033700
2022/10/12,139.13,140.36,138.16,138.34,70433700
2022/10/13,134.99,143.59,134.37,142.99,113224000
2022/10/14,144.31,144.52,138.19,138.38,88598000
2022/10/17,141.07,142.9,140.27,142.41,85250900
2022/10/18,145.49,146.7,140.61,143.75,99136600
2022/10/19,141.69,144.95,141.5,143.86,61758300
2022/10/20,143.02,145.89,142.65,143.39,64522000
2022/10/21,142.87,147.85,142.65,147.27,86548600
2022/10/24,147.19,150.23,146,149.45,75981900
2022/10/25,150.09,152.49,149.36,152.34,74732300
2022/10/26,150.96,151.99,148.04,149.35,88194300
2022/10/27,148.07,149.05,144.13,144.8,109180200
2022/10/28,148.2,157.5,147.82,155.74,164762400
2022/10/31,153.16,154.24,151.92,153.34,97943200
2022/11/1,155.08,155.45,149.13,150.65,80379300
2022/11/2,148.95,152.17,145,145.03,93604600
2022/11/3,142.06,142.8,138.75,138.88,97918500
2022/11/4,142.09,142.67,134.38,138.38,140814800
2022/11/7,137.11,139.15,135.67,138.92,83374600
2022/11/8,140.41,141.43,137.49,139.5,89908500
2022/11/9,138.5,138.55,134.59,134.87,74917800
2022/11/10,141.24,146.87,139.5,146.87,118854000
2022/11/11,145.82,150.01,144.37,149.7,93979700
2022/11/14,148.97,150.28,147.43,148.28,73374100
2022/11/15,152.22,153.59,148.56,150.04,89868300
2022/11/16,149.13,149.87,147.29,148.79,64218300
2022/11/17,146.43,151.48,146.15,150.72,80389400
2022/11/18,152.31,152.7,149.97,151.29,74829600
2022/11/21,150.16,150.37,147.72,148.01,58724100
2022/11/22,148.13,150.42,146.93,150.18,51804100
2022/11/23,149.45,151.83,149.34,151.07,58301400
2022/11/24,149.45,151.83,149.34,151.07,58301400
2022/11/25,148.31,148.88,147.12,148.11,35195900
2022/11/28,145.14,146.64,143.38,144.22,69246000
2022/11/29,144.29,144.81,140.35,141.17,83763800
2022/11/30,141.4,148.72,140.55,148.03,111380900
2022/12/1,148.21,149.13,146.61,148.31,71250400
2022/12/2,145.96,148,145.65,147.81,65447400
2022/12/5,147.77,150.92,145.77,146.63,68826400
2022/12/6,147.07,147.3,141.92,142.91,64727200
2022/12/7,142.19,143.37,140,140.94,69721100
2022/12/8,142.36,143.52,141.1,142.65,62128300
2022/12/9,142.34,145.57,140.9,142.16,76097000
2022/12/12,142.7,144.5,141.06,144.49,70462700
2022/12/13,149.5,149.97,144.24,145.47,93886200
2022/12/14,145.35,146.66,141.16,143.21,82291200
2022/12/15,141.11,141.8,136.03,136.5,98931900
2022/12/16,136.69,137.65,133.73,134.51,160156900
2022/12/19,135.11,135.2,131.32,132.37,79592600
2022/12/20,131.39,133.25,129.89,132.3,77432800
2022/12/21,132.98,136.81,132.75,135.45,85928000
2022/12/22,134.35,134.56,130.3,132.23,77852100
2022/12/23,130.92,132.42,129.64,131.86,63814900
2022/12/26,130.92,132.42,129.64,131.86,63814900
2022/12/27,131.38,131.41,128.72,130.03,69007800
2022/12/28,129.67,131.03,125.87,126.04,85438400
2022/12/29,127.99,130.48,127.73,129.61,75703700
2022/12/30,128.41,129.95,127.43,129.93,77034200
2023/1/2,128.41,129.95,127.43,129.93,77034200
2023/1/3,130.28,130.9,124.17,125.07,112117500
2023/1/4,126.89,128.66,125.08,126.36,89113600
2023/1/5,127.13,127.77,124.76,125.02,80962700
2023/1/6,126.01,130.29,124.89,129.62,87754700
2023/1/9,130.47,133.41,129.89,130.15,70790800
2023/1/10,130.26,131.26,128.12,130.73,63896200
2023/1/11,131.25,133.51,130.46,133.49,69458900
2023/1/12,133.88,134.26,131.44,133.41,71379600
2023/1/13,132.03,134.92,131.66,134.76,57809700
2023/1/16,132.03,134.92,131.66,134.76,57809700
2023/1/17,134.83,137.29,134.13,135.94,63646600
2023/1/18,136.82,138.61,135.03,135.21,69672800
2023/1/19,134.08,136.25,133.77,135.27,58280400
2023/1/20,135.28,138.02,134.22,137.87,80223600
2023/1/23,138.12,143.32,137.9,141.11,81760300
2023/1/24,140.31,143.16,140.3,142.53,66435100
2023/1/25,140.89,142.43,138.81,141.86,65799300
2023/1/26,143.17,144.25,141.9,143.96,54105100
2023/1/27,143.16,147.23,143.08,145.93,70555800
2023/1/30,144.96,145.55,142.85,143,64015300
2023/1/31,142.7,144.34,142.28,144.29,65874500
2023/2/1,143.97,146.61,141.32,145.43,77663600
2023/2/2,148.9,151.18,148.17,150.82,118339000
2023/2/3,148.03,157.38,147.83,154.5,154357300
2023/2/6,152.57,153.1,150.78,151.73,69858300
2023/2/7,150.64,155.23,150.64,154.65,83322600
2023/2/8,153.88,154.58,151.17,151.92,64120100
2023/2/9,153.78,154.33,150.42,150.87,56007100
2023/2/10,149.46,151.34,149.22,151.01,57450700
2023/2/13,150.95,154.26,150.92,153.85,62199000
2023/2/14,152.12,153.77,150.86,153.2,61707600
2023/2/15,153.11,155.5,152.88,155.33,65573800
2023/2/16,153.51,156.33,153.35,153.71,68167900
2023/2/17,152.35,153,150.85,152.55,59144100
2023/2/20,152.35,153,150.85,152.55,59144100
2023/2/21,150.2,151.3,148.41,148.48,58867200
2023/2/22,148.87,149.95,147.16,148.91,51011300
2023/2/23,150.09,150.34,147.24,149.4,48394200
2023/2/24,147.11,147.19,145.72,146.71,55469600
2023/2/27,147.71,149.17,147.45,147.92,44998500
2023/2/28,147.05,149.08,146.83,147.41,50547000
2023/3/1,146.83,147.23,145.01,145.31,55479000
2023/3/2,144.38,146.71,143.9,145.91,52238100
2023/3/3,148.04,151.11,147.33,151.03,70732300
2023/3/6,153.79,156.3,153.46,153.83,87558000
2023/3/7,153.7,154.03,151.13,151.6,56182000
2023/3/8,152.81,153.47,151.83,152.87,47204800
2023/3/9,153.56,154.54,150.23,150.59,53833600
2023/3/10,150.21,150.94,147.61,148.5,68572400
2023/3/13,147.81,153.14,147.7,150.47,84457100
2023/3/14,151.28,153.4,150.1,152.59,73695900
2023/3/15,151.19,153.25,149.92,152.99,77167900
2023/3/16,152.16,156.46,151.64,155.85,76161100
2023/3/17,156.08,156.74,154.28,155,98944600
2023/3/20,155.07,157.82,154.15,157.4,73641400
2023/3/21,157.32,159.4,156.54,159.28,73938300
2023/3/22,159.3,162.14,157.81,157.83,75701800
2023/3/23,158.83,161.55,157.68,158.93,67622100
2023/3/24,158.86,160.34,157.85,160.25,59196500
2023/3/27,159.94,160.77,157.87,158.28,52390300
2023/3/28,157.97,158.49,155.98,157.65,45992200
2023/3/29,159.37,161.05,159.35,160.77,51305700
2023/3/30,161.53,162.47,161.27,162.36,49501700
2023/3/31,162.44,165,161.91,164.9,68749800
2023/4/3,164.27,166.29,164.22,166.17,56976200
2023/4/4,166.6,166.84,165.11,165.63,46278300
2023/4/5,164.74,165.05,161.8,163.76,51511700
2023/4/6,162.43,164.96,162,164.66,45390100
2023/4/7,162.43,164.96,162,164.66,45390100
2023/4/10,161.42,162.03,160.08,162.03,47716900
2023/4/11,162.35,162.36,160.51,160.8,47644200
2023/4/12,161.22,162.06,159.78,160.1,50133100
2023/4/13,161.63,165.8,161.42,165.56,68445600
2023/4/14,164.59,166.32,163.82,165.21,49386500
2023/4/17,165.09,165.39,164.03,165.23,41516200
2023/4/18,166.1,167.41,165.65,166.47,49923000
2023/4/19,165.8,168.16,165.54,167.63,47720200
2023/4/20,166.09,167.87,165.56,166.65,52456400
2023/4/21,165.05,166.45,164.49,165.02,58337300
2023/4/24,165,165.6,163.89,165.33,41949600
2023/4/25,165.19,166.31,163.73,163.77,48714100
2023/4/26,163.06,165.28,162.8,163.76,45498800
2023/4/27,165.19,168.56,165.19,168.41,64902300
2023/4/28,168.49,169.85,167.88,169.68,55275900
2023/5/1,169.28,170.45,168.64,169.59,52472900
2023/5/2,170.09,170.35,167.54,168.54,48425700
2023/5/3,169.5,170.92,167.16,167.45,65136000
2023/5/4,164.89,167.04,164.31,165.79,81235400
2023/5/5,170.98,174.3,170.76,173.57,113453200
2023/5/8,172.48,173.85,172.11,173.5,55962800
2023/5/9,173.05,173.54,171.6,171.77,45326900
2023/5/10,173.02,174.03,171.9,173.56,53724500
2023/5/11,173.85,174.59,172.17,173.75,49514700
2023/5/12,173.62,174.06,171,172.57,45533100
2023/5/15,173.16,173.21,171.47,172.07,37266700
2023/5/16,171.99,173.14,171.8,172.07,42110300
2023/5/17,171.71,172.93,170.42,172.69,57951600
2023/5/18,173,175.24,172.58,175.05,65496700
2023/5/19,176.39,176.39,174.94,175.16,55809500
2023/5/22,173.98,174.71,173.45,174.2,43570900
2023/5/23,173.13,173.38,171.28,171.56,50747300
2023/5/24,171.09,172.42,170.52,171.84,45143500
2023/5/25,172.41,173.9,171.69,172.99,56058300
2023/5/26,173.32,175.77,173.11,175.43,54835000
2023/5/29,173.32,175.77,173.11,175.43,54835000
2023/5/30,176.96,178.99,176.57,177.3,55964400
2023/5/31,177.33,179.35,176.76,177.25,99625300
2023/6/1,177.7,180.12,176.93,180.09,68901800
2023/6/2,181.03,181.78,179.26,180.95,61996900
2023/6/5,182.63,184.95,178.04,179.58,121946500
2023/6/6,179.97,180.12,177.43,179.21,64848400
2023/6/7,178.44,181.21,177.32,177.82,61944600
2023/6/8,177.9,180.84,177.46,180.57,50214900
2023/6/9,181.5,182.23,180.63,180.96,48900000
2023/6/12,181.27,183.89,180.97,183.79,54274900
2023/6/13,182.8,184.15,182.44,183.31,54929100
2023/6/14,183.37,184.39,182.02,183.95,57462900
2023/6/15,183.96,186.52,183.78,186.01,65433200
2023/6/16,186.73,186.99,184.27,184.92,101256200
2023/6/19,186.73,186.99,184.27,184.92,101256200
2023/6/20,184.41,186.1,184.41,185.01,49799100
2023/6/21,184.9,185.41,182.59,183.96,49515700
2023/6/22,183.74,187.05,183.67,187,51245300
2023/6/23,185.55,187.56,185.01,186.68,53117000
2023/6/26,186.83,188.05,185.23,185.27,48088700
2023/6/27,185.89,188.39,185.67,188.06,50730800
2023/6/28,187.93,189.9,187.6,189.25,51216800
2023/6/29,189.08,190.07,188.94,189.59,46347300
2023/6/30,191.63,194.48,191.26,193.97,85213200
2023/7/3,193.78,193.88,191.76,192.46,31458200
2023/7/4,193.78,193.88,191.76,192.46,31458200
2023/7/5,191.57,192.98,190.62,191.33,46920300
2023/7/6,189.84,192.02,189.2,191.81,45094300
2023/7/7,191.41,192.67,190.24,190.68,46815000
2023/7/10,189.26,189.99,187.04,188.61,59922200
2023/7/11,189.16,189.3,186.6,188.08,46638100
2023/7/12,189.68,191.7,188.47,189.77,60750200
2023/7/13,190.5,191.19,189.78,190.54,41342300
2023/7/14,190.23,191.18,189.63,190.69,41616200
2023/7/17,191.9,194.32,191.81,193.99,50520200
2023/7/18,193.35,194.33,192.42,193.73,48288200
2023/7/19,193.1,198.23,192.65,195.1,80507300
2023/7/20,195.09,196.47,192.5,193.13,59581200
2023/7/21,194.1,194.97,191.23,191.94,71951700
2023/7/24,193.41,194.91,192.25,192.75,45377800
2023/7/25,193.33,194.44,192.92,193.62,37283200
2023/7/26,193.67,195.64,193.32,194.5,47471900
2023/7/27,196.02,197.2,192.55,193.22,47460200
2023/7/28,194.67,196.63,194.14,195.83,48291400
2023/7/31,196.06,196.49,195.26,196.45,38824100
2023/8/1,196.24,196.73,195.28,195.61,35175100
2023/8/2,195.04,195.18,191.85,192.58,50389300
2023/8/3,191.57,192.37,190.69,191.17,61235200
2023/8/4,185.52,187.38,181.92,181.99,115956800
2023/8/7,182.13,183.13,177.35,178.85,97576100
2023/8/8,179.69,180.27,177.58,179.8,67823000
2023/8/9,180.87,180.93,177.01,178.19,60378500
2023/8/10,179.48,180.75,177.6,177.97,54686900
2023/8/11,177.32,178.62,176.55,177.79,52036700
2023/8/14,177.97,179.69,177.31,179.46,43675600
2023/8/15,178.88,179.48,177.05,177.45,43622600
2023/8/16,177.13,178.54,176.5,176.57,46964900
2023/8/17,177.14,177.51,173.48,174,66062900
2023/8/18,172.3,175.1,171.96,174.49,61172200
2023/8/21,175.07,176.13,173.74,175.84,46311900
2023/8/22,177.06,177.68,176.25,177.23,42038900
2023/8/23,178.52,181.55,178.33,181.12,52722800
2023/8/24,180.67,181.1,176.01,176.38,54945800
2023/8/25,177.38,179.15,175.82,178.61,51449600
2023/8/28,180.09,180.59,178.55,180.19,43820700
2023/8/29,179.7,184.9,179.5,184.12,53003900
2023/8/30,184.94,187.85,184.74,187.65,60813900
2023/8/31,187.84,189.12,187.48,187.87,60794500
2023/9/1,189.49,189.92,188.28,189.46,45766500
2023/9/4,189.49,189.92,188.28,189.46,45766500
2023/9/5,188.28,189.98,187.61,189.7,45280000
2023/9/6,188.4,188.85,181.47,182.91,81755800
2023/9/7,175.18,178.21,173.54,177.56,112488800
2023/9/8,178.35,180.24,177.79,178.18,65551300
2023/9/11,180.07,180.3,177.34,179.36,58953100
2023/9/12,179.49,180.13,174.82,176.3,90370200
2023/9/13,176.51,177.3,173.98,174.21,84267900
2023/9/14,174,176.1,173.58,175.74,60895800
2023/9/15,176.48,176.5,173.82,175.01,109259500
2023/9/18,176.48,179.38,176.17,177.97,67257600
2023/9/19,177.52,179.63,177.13,179.07,51826900
2023/9/20,179.26,179.7,175.4,175.49,58436200
2023/9/21,174.55,176.3,173.86,173.93,63149100
2023/9/22,174.67,177.08,174.05,174.79,56725400
2023/9/25,174.2,176.97,174.15,176.08,46172700
2023/9/26,174.82,175.2,171.66,171.96,64588900
2023/9/27,172.62,173.04,169.05,170.43,66921800
2023/9/28,169.34,172.03,167.62,170.69,56294400
2023/9/29,172.02,173.07,170.34,171.21,51861100
2023/10/2,171.22,174.3,170.93,173.75,52164500
2023/10/3,172.26,173.63,170.82,172.4,49594600
2023/10/4,171.09,174.21,170.97,173.66,53020300
2023/10/5,173.79,175.45,172.68,174.91,48527900
2023/10/6,173.8,177.99,173.18,177.49,57266700
2023/10/9,176.81,179.05,175.8,178.99,42390800
2023/10/10,178.1,179.72,177.95,178.39,43698000
2023/10/11,178.2,179.85,177.6,179.8,47551100
2023/10/12,180.07,182.34,179.04,180.71,56743100
2023/10/13,181.42,181.93,178.14,178.85,51427100
2023/10/16,176.75,179.08,176.51,178.72,52517000
2023/10/17,176.65,178.42,174.8,177.15,57549400
2023/10/18,175.58,177.58,175.11,175.84,54764400
2023/10/19,176.04,177.84,175.19,175.46,59302900
2023/10/20,175.31,175.42,172.64,172.88,64244000
2023/10/23,170.91,174.01,169.93,173,55980100
2023/10/24,173.05,173.67,171.45,173.44,43816600
2023/10/25,171.88,173.06,170.65,171.1,57157000
2023/10/26,170.37,171.38,165.67,166.89,70625300
2023/10/27,166.91,168.96,166.83,168.22,58499100
2023/10/30,169.02,171.17,168.87,170.29,51131000
2023/10/31,169.35,170.9,167.9,170.77,44846000
2023/11/1,171,174.23,170.12,173.97,56934900
2023/11/2,175.52,177.78,175.46,177.57,77334800
2023/11/3,174.24,176.82,173.35,176.65,79829200
2023/11/6,176.38,179.43,176.21,179.23,63841300
2023/11/7,179.18,182.44,178.97,181.82,70530000
2023/11/8,182.35,183.45,181.59,182.89,49340300
2023/11/9,182.96,184.12,181.81,182.41,53763500
2023/11/10,183.97,186.57,183.53,186.4,66133400
2023/11/13,185.82,186.03,184.21,184.8,43627500
2023/11/14,187.7,188.11,186.3,187.44,60108400
2023/11/15,187.85,189.5,187.78,188.01,53790500
2023/11/16,189.57,190.96,188.65,189.71,54412900
2023/11/17,190.25,190.38,188.57,189.69,50922700
2023/11/20,189.89,191.91,189.88,191.45,46505100
2023/11/21,191.41,191.52,189.74,190.64,38134500
2023/11/22,191.49,192.93,190.83,191.31,39617700
2023/11/23,191.49,192.93,190.83,191.31,39617700
2023/11/24,190.87,190.9,189.25,189.97,24048300
2023/11/27,189.92,190.67,188.9,189.79,40552600
2023/11/28,189.78,191.08,189.4,190.4,38415400
2023/11/29,190.9,192.09,188.97,189.37,43014200
2023/11/30,189.84,190.32,188.19,189.95,48794400
2023/12/1,190.33,191.56,189.23,191.24,45704800
2023/12/4,189.98,190.05,187.45,189.43,43389500
2023/12/5,190.21,194.4,190.18,193.42,66628400
2023/12/6,194.45,194.76,192.11,192.32,41089700
2023/12/7,193.63,195,193.59,194.27,47477700
2023/12/8,194.2,195.99,193.67,195.71,53406400
2023/12/11,193.11,193.49,191.42,193.18,60943700
2023/12/12,193.08,194.72,191.72,194.71,52696900
2023/12/13,195.09,198,194.85,197.96,70404200
2023/12/14,198.02,199.62,196.16,198.11,66831600
2023/12/15,197.53,198.4,197,197.57,128538400
2023/12/18,196.09,196.63,194.39,195.89,55751900
2023/12/19,196.16,196.95,195.89,196.94,40714100
2023/12/20,196.9,197.68,194.83,194.83,52242800
2023/12/21,196.1,197.08,193.5,194.68,46482500
2023/12/22,195.18,195.41,192.97,193.6,37149600
2023/12/25,195.18,195.41,192.97,193.6,37149600
2023/12/26,193.61,193.89,192.83,193.05,28919300
2023/12/27,192.49,193.5,191.09,193.15,48087700
2023/12/28,194.14,194.66,193.17,193.58,34049900
2023/12/29,193.9,194.4,191.73,192.53,42672100
2024/1/1,193.9,194.4,191.73,192.53,42672100
2024/1/2,187.15,188.44,183.89,185.64,82488700
2024/1/3,184.22,185.88,183.43,184.25,58414500
2024/1/4,182.15,183.09,180.88,181.91,71983600
2024/1/5,181.99,182.76,180.17,181.18,62379700
2024/1/8,182.09,185.6,181.5,185.56,59144500
2024/1/9,183.92,185.15,182.73,185.14,42841800
2024/1/10,184.35,186.4,183.92,186.19,46792900
2024/1/11,186.54,187.05,183.62,185.59,49128400
2024/1/12,186.06,186.74,185.19,185.92,40477800
2024/1/15,186.06,186.74,185.19,185.92,40477800
2024/1/16,182.16,184.26,180.93,183.63,65603000
2024/1/17,181.27,182.93,180.3,182.68,47317400
2024/1/18,186.09,189.14,185.83,188.63,78005800
2024/1/19,189.33,191.95,188.82,191.56,68903000
2024/1/22,192.3,195.33,192.26,193.89,60133900
2024/1/23,195.02,195.75,193.83,195.18,42355600
2024/1/24,195.42,196.38,194.34,194.5,53631300
2024/1/25,195.22,196.27,193.11,194.17,54822100
2024/1/26,194.27,194.76,191.94,192.42,44594000
2024/1/29,192.01,192.2,189.58,191.73,47145600
2024/1/30,190.94,191.8,187.47,188.04,55859400
2024/1/31,187.04,187.1,184.35,184.4,55467800
2024/2/1,183.99,186.95,183.82,186.86,64885400
2024/2/2,179.86,187.33,179.25,185.85,102551700
2024/2/5,188.15,189.25,185.84,187.68,69668800
2024/2/6,186.86,189.31,186.77,189.3,43490800
2024/2/7,190.64,191.05,188.61,189.41,53439000
2024/2/8,189.39,189.54,187.35,188.32,40962000
2024/2/9,188.65,189.99,188,188.85,45155200
2024/2/12,188.42,188.67,186.79,187.15,41781900
2024/2/13,185.77,186.21,183.51,185.04,56529500
2024/2/14,185.32,185.53,182.44,184.15,54630500
2024/2/15,183.55,184.49,181.35,183.86,65434500
2024/2/16,183.42,184.85,181.67,182.31,49752500
2024/2/19,183.42,184.85,181.67,182.31,49752500
2024/2/20,181.79,182.43,180,181.56,53665600
2024/2/21,181.94,182.89,180.66,182.32,41371400
2024/2/22,183.48,184.96,182.46,184.37,52292200
2024/2/23,185.01,185.04,182.23,182.52,45119700
2024/2/26,182.24,182.76,180.65,181.16,40867400
2024/2/27,181.1,183.92,179.56,182.63,54318900
2024/2/28,182.51,183.12,180.13,181.42,48953900
2024/2/29,181.27,182.57,179.53,180.75,136682600
2024/3/1,179.55,180.53,177.38,179.66,73563100
2024/3/4,176.15,176.9,173.79,175.1,81510100
2024/3/5,170.76,172.04,169.62,170.12,95132400
2024/3/6,171.06,171.24,168.68,169.12,68587700
2024/3/7,169.15,170.73,168.49,169,71765100
2024/3/8,169,173.7,168.94,170.73,76267000
2024/3/11,172.94,174.38,172.05,172.75,60139500
2024/3/12,173.15,174.03,171.01,173.23,59825400
2024/3/13,172.77,173.19,170.76,171.13,52488700
2024/3/14,172.91,174.31,172.05,173,72913500
2024/3/15,171.17,172.62,170.29,172.62,121752700
2024/3/18,175.57,177.71,173.52,173.72,75604200
2024/3/19,174.34,176.61,173.03,176.08,55215200
2024/3/20,175.72,178.67,175.09,178.67,53423100
2024/3/21,177.05,177.49,170.84,171.37,106181300
2024/3/22,171.76,173.05,170.06,172.28,71160100
2024/3/25,170.57,171.94,169.45,170.85,54288300
2024/3/26,170,171.42,169.58,169.71,57388400
2024/3/27,170.41,173.6,170.11,173.31,60273300
2024/3/28,171.75,172.23,170.51,171.48,65672700
2024/3/29,171.75,172.23,170.51,171.48,65672700
2024/4/1,171.19,171.25,169.48,170.03,46240500
2024/4/2,169.08,169.34,168.23,168.84,49329500
2024/4/3,168.79,170.68,168.58,169.65,47691700
2024/4/4,170.29,171.92,168.82,168.82,53704400
2024/4/5,169.59,170.39,168.95,169.58,42104800
2024/4/8,169.03,169.2,168.24,168.45,37425500
2024/4/9,168.7,170.08,168.35,169.67,42373800
2024/4/10,168.8,169.09,167.11,167.78,49709300
2024/4/11,168.34,175.46,168.16,175.04,91070300
2024/4/12,174.26,178.36,174.21,176.55,101670900
2024/4/15,175.36,176.63,172.5,172.69,73531800
2024/4/16,171.75,173.76,168.27,169.38,73711200
2024/4/17,169.61,170.65,168,168,50901200
2024/4/18,168.03,168.64,166.55,167.04,43122900
2024/4/19,166.21,166.4,164.08,165,68149400
2024/4/22,165.52,167.26,164.77,165.84,48116400
2024/4/23,165.35,167.05,164.92,166.9,49537800
2024/4/24,166.54,169.3,166.21,169.02,48251800
2024/4/25,169.53,170.61,168.15,169.89,50558300
2024/4/26,169.88,171.34,169.18,169.3,44838400
2024/4/29,173.37,176.03,173.1,173.5,68169400
2024/4/30,173.33,174.99,170,170.33,65934800
2024/5/1,169.58,172.71,169.11,169.3,50383100
2024/5/2,172.51,173.42,170.89,173.03,94214900
2024/5/3,186.65,187,182.66,183.38,163224100
2024/5/6,182.35,184.2,180.42,181.71,78569700
2024/5/7,183.45,184.9,181.32,182.4,77305800
2024/5/8,182.85,183.07,181.45,182.74,45057100
2024/5/9,182.56,184.66,182.11,184.57,48983000
2024/5/10,184.9,185.09,182.13,183.05,50759500
2024/5/13,185.44,187.1,184.62,186.28,72044800
2024/5/14,187.51,188.3,186.29,187.43,52393600
2024/5/15,187.91,190.65,187.37,189.72,70400000
2024/5/16,190.47,191.1,189.66,189.84,52845200
2024/5/17,189.51,190.81,189.18,189.87,41282900
2024/5/20,189.33,191.92,189.01,191.04,44361300
2024/5/21,191.09,192.73,190.92,192.35,42309400
2024/5/22,192.27,192.82,190.27,190.9,34648500
2024/5/23,190.98,191,186.63,186.88,51005900
2024/5/24,188.82,190.58,188.04,189.98,36327000
2024/5/27,188.82,190.58,188.04,189.98,36327000
2024/5/28,191.51,193,189.1,189.99,52280100
2024/5/29,189.61,192.25,189.51,190.29,53068000
2024/5/30,190.76,192.18,190.63,191.29,49889100
2024/5/31,191.44,192.57,189.91,192.25,75158300
2024/6/3,192.9,194.99,192.52,194.03,50080500
2024/6/4,194.64,195.32,193.03,194.35,47471400
2024/6/5,195.4,196.9,194.87,195.87,54156800
2024/6/6,195.69,196.5,194.17,194.48,41181800
2024/6/7,194.65,196.94,194.14,196.89,53103900
2024/6/10,196.9,197.3,192.15,193.12,97010200
2024/6/11,193.65,207.16,193.63,207.15,172373300
2024/6/12,207.37,220.2,206.9,213.07,198134300
2024/6/13,214.74,216.75,211.6,214.24,97862700
2024/6/14,213.85,215.17,211.3,212.49,70122700
2024/6/17,213.37,218.95,212.72,216.67,93728300
2024/6/18,217.59,218.63,213,214.29,79943300
2024/6/19,217.59,218.63,213,214.29,79943300
2024/6/20,213.93,214.24,208.85,209.68,86172500
2024/6/21,210.39,211.89,207.11,207.49,241805100
2024/6/24,207.72,212.7,206.59,208.14,80727000
2024/6/25,209.15,211.38,208.61,209.07,55549700
2024/6/26,211.5,214.86,210.64,213.25,66213200
2024/6/27,214.69,215.74,212.35,214.1,49772700
2024/6/28,215.77,216.07,210.3,210.62,82542700
2024/7/1,212.09,217.51,211.92,216.75,60402900
2024/7/2,216.15,220.38,215.1,220.27,58046200
2024/7/3,220,221.55,219.03,221.55,37369800
2024/7/4,220,221.55,219.03,221.55,37369800
2024/7/5,221.65,226.45,221.65,226.34,60412400
2024/7/8,227.09,227.85,223.25,227.82,59085900
2024/7/9,227.93,229.4,226.37,228.68,48076100
2024/7/10,229.3,233.08,229.25,232.98,62627700
2024/7/11,231.39,232.39,225.77,227.57,64710600
2024/7/12,228.92,232.64,228.68,230.54,53046500
2024/7/15,236.48,237.23,233.09,234.4,62631300
2024/7/16,235,236.27,232.33,234.82,43234300
2024/7/17,229.45,231.46,226.64,228.88,57345900
2024/7/18,230.28,230.44,222.27,224.18,66034600
2024/7/19,224.82,226.8,223.28,224.31,49151500
2024/7/22,227.01,227.78,223.09,223.96,48201800
2024/7/23,224.37,226.94,222.68,225.01,39960300
2024/7/24,224,224.8,217.13,218.54,61777600
2024/7/25,218.93,220.85,214.62,217.49,51391200
2024/7/26,218.7,219.49,216.01,217.96,41601300
2024/7/29,216.96,219.3,215.75,218.24,36311800
2024/7/30,219.19,220.33,216.12,218.8,41643800
2024/7/31,221.44,223.82,220.63,222.08,50036300
2024/8/1,224.37,224.48,217.02,218.36,62501000
2024/8/2,219.15,225.6,217.71,219.86,105568600
2024/8/5,199.09,213.5,196,209.27,119548600
2024/8/6,205.3,209.99,201.07,207.23,69660500
2024/8/7,206.9,213.64,206.39,209.82,63516400
2024/8/8,213.11,214.2,208.83,213.31,47161100
2024/8/9,212.1,216.78,211.97,216.24,42201600
2024/8/12,216.07,219.51,215.6,217.53,38028100
2024/8/13,219.01,221.89,219.01,221.27,44155300
2024/8/14,220.57,223.03,219.7,221.72,41960600
2024/8/15,224.6,225.35,222.76,224.72,46414000
2024/8/16,223.92,226.83,223.65,226.05,44340200
2024/8/19,225.72,225.99,223.04,225.89,40687800
2024/8/20,225.77,227.17,225.45,226.51,30299000
2024/8/21,226.52,227.98,225.05,226.4,34765500
2024/8/22,227.79,228.34,223.9,224.53,43695300
2024/8/23,225.66,228.22,224.33,226.84,38677300
2024/8/26,226.76,227.28,223.89,227.18,30602200
2024/8/27,226,228.85,224.89,228.03,35934600
2024/8/28,227.92,229.86,225.68,226.49,38052200
2024/8/29,230.1,232.92,228.88,229.79,51906300
2024/8/30,230.19,230.4,227.48,229,52990800
2024/9/2,230.19,230.4,227.48,229,52990800
2024/9/3,228.55,229,221.17,222.77,50190600
2024/9/4,221.66,221.78,217.48,220.85,43840200
2024/9/5,221.63,225.48,221.52,222.38,36615400
2024/9/6,223.95,225.24,219.77,220.82,48423000
2024/9/9,220.82,221.27,216.71,220.91,67180000
2024/9/10,218.92,221.48,216.73,220.11,51591000
2024/9/11,221.46,223.09,217.89,222.66,44587100
2024/9/12,222.5,223.55,219.82,222.77,37455600
2024/9/13,223.58,224.04,221.91,222.5,36766600
2024/9/16,216.54,217.22,213.92,216.32,59357400
2024/9/17,215.75,216.9,214.5,216.79,45519300
2024/9/18,217.55,222.71,217.54,220.69,59894900
2024/9/19,224.99,229.82,224.63,228.87,66781300
2024/9/20,229.97,233.09,227.62,228.2,318679900
2024/9/23,227.34,229.45,225.81,226.47,54146000
2024/9/24,228.65,229.35,225.73,227.37,43556100
2024/9/25,224.93,227.29,224.02,226.37,42308700
2024/9/26,227.3,228.5,225.41,227.52,36636700
2024/9/27,228.46,229.52,227.3,227.79,34026000
2024/9/30,230.04,233,229.65,233,54541900
2024/10/1,229.52,229.65,223.74,226.21,63285000
2024/10/2,225.89,227.37,223.02,226.78,32880600
2024/10/3,225.14,226.81,223.32,225.67,34044200
2024/10/4,227.9,228,224.13,226.8,37245100
2024/10/7,224.5,225.69,221.33,221.69,39505400
2024/10/8,224.3,225.98,223.25,225.77,31855700
2024/10/9,225.23,229.75,224.83,229.54,33591100
2024/10/10,227.78,229.5,227.17,229.04,28183500
2024/10/11,229.3,229.41,227.34,227.55,31759200
2024/10/14,228.7,231.73,228.6,231.3,39882100
2024/10/15,233.61,237.49,232.37,233.85,64751400
2024/10/16,231.6,232.12,229.84,231.78,34082200
2024/10/17,233.43,233.85,230.52,232.15,32993800
2024/10/18,236.18,236.18,234.01,235,46431500
2024/10/21,234.45,236.85,234.45,236.48,36254500
2024/10/22,233.89,236.22,232.6,235.86,38846600
2024/10/23,234.08,235.14,227.76,230.76,52287000
2024/10/24,229.98,230.82,228.41,230.57,31109500
2024/10/25,229.74,233.22,229.57,231.41,38802300
2024/10/28,233.32,234.73,232.55,233.4,36087100
2024/10/29,233.1,234.33,232.32,233.67,35417200
2024/10/30,232.61,233.47,229.55,230.1,47070900
2024/10/31,229.34,229.83,225.37,225.91,64370100
2024/11/1,220.97,225.35,220.27,222.91,65276700
2024/11/4,220.99,222.79,219.71,222.01,44944500
2024/11/5,221.8,223.95,221.14,223.45,28111300
2024/11/6,222.61,226.07,221.19,222.72,54561100
2024/11/7,224.63,227.88,224.57,227.48,42137700
2024/11/8,227.17,228.66,226.41,226.96,38328800
2024/11/11,225,225.7,221.5,224.23,42005600
2024/11/12,224.55,225.59,223.36,224.23,40398300
2024/11/13,224.01,226.65,222.76,225.12,48566200
2024/11/14,225.02,228.87,225,228.22,44923900
2024/11/15,226.4,226.92,224.27,225,47923700
2024/11/18,225.25,229.74,225.17,228.02,44633700
2024/11/19,226.98,230.16,226.66,228.28,36211800
2024/11/20,228.06,229.93,225.89,229,35169600
2024/11/21,228.88,230.16,225.71,228.52,42108300
2024/11/22,228.06,230.72,228.06,229.87,38168300
2024/11/25,231.46,233.25,229.74,232.87,90152800
2024/11/26,233.33,235.57,233.33,235.06,45986200
2024/11/27,234.47,235.69,233.81,234.93,33498400
2024/11/28,234.47,235.69,233.81,234.93,33498400
2024/11/29,234.81,237.81,233.97,237.33,28481400
2024/12/2,237.27,240.79,237.16,239.59,48137100
2024/12/3,239.81,242.76,238.9,242.65,38861000
2024/12/4,242.87,244.11,241.25,243.01,44383900
2024/12/5,243.99,244.54,242.13,243.04,40033900
2024/12/6,242.91,244.63,242.08,242.84,36870600
2024/12/9,241.83,247.24,241.75,246.75,44649200
2024/12/10,246.89,248.21,245.34,247.77,36914800
2024/12/11,247.96,250.8,246.26,246.49,45205800
2024/12/12,246.89,248.74,245.68,247.96,32777500
2024/12/13,247.82,249.29,246.24,248.13,33155300
2024/12/16,247.99,251.38,247.65,251.04,51694800
2024/12/17,250.08,253.83,249.78,253.48,51356400
2024/12/18,252.16,254.28,247.74,248.05,56774100
2024/12/19,247.5,252,247.09,249.79,60882300
2024/12/20,248.04,255,245.69,254.49,147495300
2024/12/23,254.77,255.65,253.45,255.27,40858800
2024/12/24,255.49,258.21,255.29,258.2,23234700
2024/12/25,255.49,258.21,255.29,258.2,23234700
2024/12/26,258.19,260.1,257.63,259.02,27237100
2024/12/27,257.83,258.7,253.06,255.59,42355300
2024/12/30,252.23,253.5,250.75,252.2,35557500
2024/12/31,252.44,253.28,249.43,250.42,39480700
2025/1/1,252.44,253.28,249.43,250.42,39480700
2025/1/2,248.93,249.1,241.82,243.85,55740700
2025/1/3,243.36,244.18,241.89,243.36,40244100
2025/1/6,244.31,247.33,243.2,245,45045600
2025/1/7,242.98,245.55,241.35,242.21,40856000
2025/1/8,241.92,243.71,240.05,242.7,37628900
2025/1/9,241.92,243.71,240.05,242.7,37628900
2025/1/10,240.01,240.16,233,236.85,61710900
2025/1/13,233.53,234.67,229.72,234.4,49630700
2025/1/14,234.75,236.12,232.47,233.28,39435300
2025/1/15,234.64,238.96,234.43,237.87,39832000
2025/1/16,237.35,238.01,228.03,228.26,71759100
2025/1/17,232.12,232.29,228.48,229.98,68488300
2025/1/20,232.12,232.29,228.48,229.98,68488300
2025/1/21,224,224.42,219.38,222.64,98070400
2025/1/22,219.79,224.12,219.79,223.83,64126500
2025/1/23,224.74,227.03,222.3,223.66,60234800
2025/1/24,224.78,225.63,221.41,222.78,54697900
2025/1/27,224.02,232.15,223.98,229.86,94863400
2025/1/28,230.85,240.19,230.81,238.26,75707600
2025/1/29,234.12,239.86,234.01,239.36,45486100
2025/1/30,238.67,240.79,237.21,237.59,55658300
2025/1/31,247.19,247.19,233.44,236,100959800
2025/2/3,229.99,231.83,225.7,228.01,73063300
2025/2/4,227.25,233.13,226.65,232.8,45067300
2025/2/5,228.53,232.67,228.27,232.47,39620300
2025/2/6,231.29,233.8,230.43,233.22,29925300
2025/2/7,232.6,234,227.26,227.63,39707200
2025/2/10,229.57,230.59,227.2,227.65,33115600
2025/2/11,228.2,235.23,228.13,232.62,53718400
2025/2/12,231.2,236.96,230.68,236.87,45243300
2025/2/13,236.91,242.34,235.57,241.53,53614100
2025/2/14,241.25,245.55,240.99,244.6,40896200
2025/2/17,241.25,245.55,240.99,244.6,40896200
2025/2/18,244.15,245.18,241.84,244.47,48822500
2025/2/19,244.66,246.01,243.16,244.87,32204200
2025/2/20,244.94,246.78,244.29,245.83,32316900
2025/2/21,245.95,248.69,245.22,245.55,53197400
2025/2/24,244.93,248.86,244.42,247.1,51326400
2025/2/25,248,250,244.91,247.04,48013300
2025/2/26,244.33,244.98,239.13,240.36,44433600
2025/2/27,239.41,242.46,237.06,237.3,41153600
2025/2/28,236.95,242.09,230.2,241.84,56833400
2025/3/3,241.79,244.03,236.11,238.03,47184000
2025/3/4,237.71,240.07,234.68,235.93,53798100
2025/3/5,235.42,236.55,229.23,235.74,47227600
2025/3/6,234.44,237.86,233.16,235.33,45170400
2025/3/7,235.11,241.37,234.76,239.07,46273600
2025/3/10,235.54,236.16,224.22,227.48,72071200
2025/3/11,223.81,225.84,217.45,220.84,76137400
2025/3/12,220.14,221.75,214.91,216.98,62547500
2025/3/13,215.95,216.84,208.42,209.68,61368300
2025/3/14,211.25,213.95,209.58,213.49,60107600
2025/3/17,213.31,215.22,209.97,214,48073400
2025/3/18,214.16,215.15,211.49,212.69,42432400
2025/3/19,214.22,218.76,213.75,215.24,54385400
2025/3/20,213.99,217.49,212.22,214.1,48862900
2025/3/21,211.56,218.84,211.28,218.27,94127800
2025/3/24,221,221.48,218.58,220.73,44299500
2025/3/25,220.77,224.1,220.08,223.75,34493600
2025/3/26,223.51,225.02,220.47,221.53,34466100
2025/3/27,221.39,224.99,220.56,223.85,37094800
2025/3/28,221.67,223.81,217.68,217.9,39818600
2025/3/31,217.01,225.62,216.23,222.13,65299300
2025/4/1,219.81,223.68,218.9,223.19,36412700
2025/4/2,221.32,225.19,221.02,223.89,35905900
2025/4/3,205.54,207.49,201.25,203.19,103419000
2025/4/4,193.89,199.88,187.34,188.38,125910900
2025/4/7,177.2,194.15,174.62,181.46,160466300
2025/4/8,186.7,190.34,169.21,172.42,120859500
2025/4/9,171.95,200.61,171.89,198.85,184395900
2025/4/10,189.07,194.78,183,190.42,121880000
2025/4/11,186.1,199.54,186.06,198.15,87435900
2025/4/14,211.44,212.94,201.16,202.52,101352900
2025/4/15,201.86,203.51,199.8,202.14,51343900
2025/4/16,198.36,200.7,192.37,194.27,59732400
2025/4/17,197.2,198.83,194.42,196.98,52164700
2025/4/18,197.2,198.83,194.42,196.98,52164700
2025/4/21,193.27,193.8,189.81,193.16,46742500
2025/4/22,196.12,201.59,195.97,199.74,52976400
2025/4/23,206,208,202.8,204.6,52929200
2025/4/24,204.89,208.83,202.94,208.37,47311000
2025/4/25,206.37,209.75,206.2,209.28,38222300
2025/4/28,210,211.5,207.46,210.14,38743100
2025/4/29,208.69,212.24,208.37,211.21,36827600
2025/4/30,209.3,213.58,206.67,212.5,52286500
2025/5/1,209.08,214.56,208.9,213.32,57365700
2025/5/2,206.09,206.99,202.16,205.35,101010600
2025/5/5,203.1,204.1,198.21,198.89,69018500
2025/5/6,198.21,200.65,197.02,198.51,51216500
2025/5/7,199.17,199.44,193.25,196.25,68536700
2025/5/8,197.72,200.05,194.68,197.49,50478900
2025/5/9,199,200.54,197.54,198.53,36453900
2025/5/12,210.97,211.27,206.75,210.79,63775800
2025/5/13,210.43,213.4,209,212.93,51909300
2025/5/14,212.43,213.94,210.58,212.33,49325800
2025/5/15,210.95,212.96,209.54,211.45,45029500
2025/5/16,212.36,212.57,209.77,211.26,54737900
2025/5/19,207.91,209.48,204.26,208.78,46140500
2025/5/20,207.67,208.47,205.03,206.86,42496600
2025/5/21,205.17,207.04,200.71,202.09,59211800
2025/5/22,200.71,202.75,199.7,201.36,46742400
2025/5/23,193.67,197.7,193.46,195.27,78432900
2025/5/26,193.67,197.7,193.46,195.27,78432900
2025/5/27,198.3,200.74,197.43,200.21,56288500
2025/5/28,200.59,202.73,199.9,200.42,45339700
2025/5/29,203.58,203.81,198.51,199.95,51396800
2025/5/30,199.37,201.96,196.78,200.85,70819900
2025/6/2,200.28,202.13,200.12,201.7,35423300
2025/6/3,201.35,203.77,200.96,203.27,46381600
2025/6/4,202.91,206.24,202.1,202.82,43604000
2025/6/5,203.5,204.75,200.15,200.63,55126100
2025/6/6,203,205.7,202.05,203.92,46607700
2025/6/9,204.39,206,200.02,201.45,72862600
2025/6/10,200.6,204.35,200.57,202.67,54672600
2025/6/11,203.5,204.5,198.41,198.78,60989900
2025/6/12,199.08,199.68,197.36,199.2,43904600
2025/6/13,199.73,200.37,195.7,196.45,51447300
2025/6/16,197.3,198.69,196.56,198.42,43020700
2025/6/17,197.2,198.39,195.21,195.64,38856200
2025/6/18,195.94,197.57,195.07,196.58,45394700
2025/6/19,195.94,197.57,195.07,196.58,45394700
2025/6/20,198.24,201.7,196.86,201,96813500
2025/6/23,201.63,202.3,198.96,201.5,55814300
2025/6/24,202.59,203.44,200.2,200.3,54064000
2025/6/25,201.45,203.67,200.62,201.56,39525700
2025/6/26,201.43,202.64,199.46,201,50799100
2025/6/27,201.89,203.22,200,201.08,73188600
2025/6/30,202.01,207.39,199.26,205.17,91912800
2025/7/1,206.67,210.19,206.14,207.82,78788900
2025/7/2,208.91,213.34,208.14,212.44,67941800
2025/7/3,212.15,214.65,211.81,213.55,34955800
2025/7/4,212.15,214.65,211.81,213.55,34955800
2025/7/7,212.68,216.23,208.8,209.95,50229000
2025/7/8,210.1,211.43,208.45,210.01,42848900
2025/7/9,209.53,211.33,207.22,211.14,48749400
2025/7/10,210.51,213.48,210.03,212.41,44443600
2025/7/11,210.57,212.13,209.86,211.16,39765800
2025/7/14,209.93,210.91,207.54,208.62,38840100
2025/7/15,209.22,211.89,208.92,209.11,42296300
2025/7/16,210.3,212.4,208.64,210.16,47490500
2025/7/17,210.57,211.8,209.59,210.02,48068100
2025/7/18,210.87,211.79,209.7,211.18,48974600
2025/7/21,212.1,215.78,211.63,212.48,51377400
2025/7/22,213.14,214.95,212.23,214.4,46404100
2025/7/23,215,215.15,212.41,214.15,46989300
2025/7/24,213.9,215.69,213.53,213.76,46022600
2025/7/25,214.7,215.24,213.4,213.88,40268800
2025/7/28,214.03,214.85,213.06,214.05,37858000
2025/7/29,214.18,214.81,210.82,211.27,51411700
2025/7/30,211.9,212.39,207.72,209.05,45512500
2025/7/31,208.49,209.84,207.16,207.57,80698400
2025/8/1,210.87,213.58,201.5,202.38,104434500
2025/8/4,204.51,207.88,201.68,203.35,75109300
2025/8/5,203.4,205.34,202.16,202.92,44155100
2025/8/6,205.63,215.38,205.59,213.25,108483100
2025/8/7,218.88,220.85,216.58,220.03,90224800
2025/8/8,220.83,231,219.25,229.35,113854000
2025/8/11,227.92,229.56,224.76,227.18,61806100
2025/8/12,228.01,230.8,227.07,229.65,55626200
2025/8/13,231.07,235,230.43,233.33,69878500
2025/8/14,234.06,235.12,230.85,232.78,51916300
2025/8/15,234,234.28,229.34,231.59,56038700
2025/8/18,231.7,233.12,230.11,230.89,37476200
2025/8/19,231.28,232.87,229.35,230.56,39402600
2025/8/20,229.98,230.47,225.77,226.01,42263900
2025/8/21,226.27,226.52,223.78,224.9,30621200
2025/8/22,226.17,229.09,225.41,227.76,42477800
2025/8/25,226.48,229.3,226.23,227.16,30983100
2025/8/26,226.87,229.49,224.69,229.31,54575100
2025/8/27,228.61,230.9,228.26,230.49,31259500
2025/8/28,230.82,233.41,229.34,232.56,38074700
2025/8/29,232.51,233.38,231.37,232.14,39418400
2025/9/1,232.51,233.38,231.37,232.14,39418400
2025/9/2,229.25,230.85,226.97,229.72,44075600
2025/9/3,237.21,238.85,234.36,238.47,66427800
2025/9/4,238.45,239.9,236.74,239.78,47549400
2025/9/5,240,241.32,238.49,239.69,54870400
2025/9/8,239.3,240.15,236.34,237.88,48999500
2025/9/9,237,238.78,233.36,234.35,66313900
2025/9/10,232.19,232.42,225.95,226.79,83440800
2025/9/11,226.88,230.45,226.65,230.03,50208600
2025/9/12,229.22,234.51,229.02,234.07,55824200
2025/9/15,237,238.19,235.03,236.7,42699500
2025/9/16,237.18,241.22,236.32,238.15,63421100
2025/9/17,238.97,240.1,237.73,238.99,46508000
2025/9/18,239.97,241.2,236.65,237.88,44249600
2025/9/19,241.23,246.3,240.21,245.5,163741300
2025/9/22,248.3,256.64,248.12,256.08,105517400
2025/9/23,255.88,257.34,253.58,254.43,60275200
2025/9/24,255.22,255.74,251.04,252.31,42303700
2025/9/25,253.21,257.17,251.71,256.87,55202100
2025/9/26,254.1,257.6,253.78,255.46,46076300
2025/9/29,254.56,255,253.01,254.43,40127700
2025/9/30,254.86,255.92,253.11,254.63,37704300
2025/10/1,255.04,258.79,254.93,255.45,48713900
2025/10/2,256.58,258.18,254.15,257.13,42630200
2025/10/3,254.67,259.24,253.95,258.02,49155600
2025/10/6,257.99,259.07,255.05,256.69,44664100
2025/10/7,256.81,257.4,255.43,256.48,31955800
2025/10/8,256.52,258.52,256.11,258.06,36496900
2025/10/9,257.81,258,253.14,254.04,38322000
2025/10/10,254.94,256.38,244,245.27,61999100
2025/10/13,249.38,249.69,245.56,247.66,38142900
2025/10/14,246.6,248.85,244.7,247.77,35478000
2025/10/15,249.49,251.82,247.47,249.34,33893600
2025/10/16,248.25,249.04,245.13,247.45,39777000
2025/10/17,248.02,253.38,247.27,252.29,49147000
2025/10/20,255.89,264.38,255.63,262.24,90483000
2025/10/21,261.88,265.29,261.83,262.77,46695900
2025/10/22,262.65,262.85,255.43,258.45,45015300
2025/10/23,259.94,260.62,258.01,259.58,32754900
2025/10/24,261.19,264.13,259.18,262.82,38253700
2025/10/27,264.88,269.12,264.65,268.81,44888200
2025/10/28,268.99,269.89,268.15,269,41534800
2025/10/29,269.28,271.41,267.11,269.7,51086700
2025/10/30,271.99,274.14,268.48,271.4,69886500
2025/10/31,276.99,277.32,269.16,270.37,86167100
2025/11/3,270.42,270.85,266.25,269.05,50194600
2025/11/4,268.33,271.49,267.62,270.04,49274800
2025/11/5,268.61,271.7,266.93,270.14,43683100
2025/11/6,267.89,273.4,267.89,269.77,51204000
2025/11/7,269.8,272.29,266.77,268.47,48227400
2025/11/10,268.96,273.73,267.46,269.43,41312400
2025/11/11,269.81,275.91,269.8,275.25,46208300
2025/11/12,275,275.73,271.7,273.47,48398000
2025/11/13,274.11,276.7,272.09,272.95,49602800
2025/11/14,271.05,275.96,269.6,272.41,47431300
2025/11/17,268.82,270.49,265.73,267.46,45018300
2025/11/18,269.99,270.71,265.32,267.44,45677300
2025/11/19,265.53,272.21,265.5,268.56,40424500
2025/11/20,270.83,275.43,265.92,266.25,45823600
2025/11/21,265.95,273.33,265.67,271.49,59030800
2025/11/24,270.9,277,270.9,275.92,65585800
2025/11/25,275.27,280.38,275.25,276.97,46914200
2025/11/26,276.96,279.53,276.63,277.55,33431400
2025/11/27,276.96,279.53,276.63,277.55,33431400
2025/11/28,277.26,279,275.99,278.85,20135600
2025/12/1,278.01,283.42,276.14,283.1,46587700
2025/12/2,283,287.4,282.63,286.19,53669500
2025/12/3,286.2,288.62,283.3,284.15,43538700
2025/12/4,284.1,284.73,278.59,280.7,43989100
2025/12/5,280.54,281.14,278.05,278.78,47265800
2025/12/8,278.13,279.67,276.15,277.89,38211800
2025/12/9,278.16,280.03,276.92,277.18,32193300
2025/12/10,277.75,279.75,276.44,278.78,33038300
2025/12/11,279.1,279.59,273.81,278.03,33248000
2025/12/12,277.9,279.22,276.82,278.28,39532900
2025/12/15,280.15,280.15,272.84,274.11,50409100
2025/12/16,272.82,275.5,271.79,274.61,37648600
2025/12/17,275.01,276.16,271.64,271.84,50138700
2025/12/18,273.61,273.63,266.95,272.19,51630700
2025/12/19,272.15,274.6,269.9,273.67,144632000
2025/12/22,272.86,273.88,270.51,270.97,36571800
2025/12/23,270.84,272.5,269.56,272.36,29642000
2025/12/24,272.34,275.43,272.2,273.81,17910600
2025/12/25,272.34,275.43,272.2,273.81,17910600
2025/12/26,274.16,275.37,272.86,273.4,21521800
2025/12/29,272.69,274.36,272.35,273.76,23715200
2025/12/30,272.81,274.08,272.28,273.08,22139600
2025/12/31,273.06,273.68,271.75,271.86,27293600
2026/1/1,273.06,273.68,271.75,271.86,27293600
2026/1/2,272.26,277.84,269,271.01,37838100
2026/1/5,270.64,271.51,266.14,267.26,45647200
2026/1/6,267,267.55,262.12,262.36,52352100
2026/1/7,263.2,263.68,259.81,260.33,48309800
2026/1/8,257.02,259.29,255.7,259.04,50419300
2026/1/9,259.08,260.21,256.22,259.37,39997000
2026/1/12,259.16,261.3,256.8,260.25,45263800
2026/1/13,258.72,261.81,258.39,261.05,45730800
2026/1/14,259.49,261.82,256.71,259.96,40019400
2026/1/15,260.65,261.04,257.05,258.21,39388600
2026/1/16,257.9,258.9,254.93,255.53,72142800
2026/1/19,257.9,258.9,254.93,255.53,72142800
2026/1/20,252.73,254.79,243.42,246.7,80267500
2026/1/21,248.7,251.56,245.18,247.65,54641700
2026/1/22,249.2,251,248.15,248.35,39708300
2026/1/23,247.32,249.41,244.68,248.04,41689000
2026/1/26,251.48,256.56,249.8,255.41,55969200
2026/1/27,259.17,261.95,258.21,258.27,49648300
2026/1/28,257.65,258.86,254.51,256.44,41288000
2026/1/29,258,259.65,254.41,258.28,67253000
2026/1/30,255.17,261.9,252.18,259.48,92443400
2026/2/2,260.03,270.49,259.21,270.01,73913400
2026/2/3,269.2,271.88,267.61,269.48,64394700
2026/2/4,272.29,278.95,272.29,276.49,90545700
2026/2/5,278.13,279.5,273.23,275.91,52977400
2026/2/6,277.12,280.91,276.93,278.12,50453400
2026/2/9,277.91,278.2,271.7,274.62,44623400
2026/2/10,274.89,275.37,272.94,273.68,34376900
2026/2/11,274.7,280.18,274.45,275.5,51931300
2026/2/12,275.59,275.72,260.18,261.73,81077200
2026/2/13,262.01,262.23,255.45,255.78,56290700
2026/2/16,262.01,262.23,255.45,255.78,56290700
2026/2/17,258.05,266.29,255.54,263.88,58469100
2026/2/18,263.6,266.82,262.45,264.35,34203300
2026/2/19,262.6,264.48,260.05,260.58,30845300
2026/2/20,258.97,264.75,258.16,264.58,42070500
2026/2/23,263.49,269.43,263.38,266.18,37308200
2026/2/24,267.86,274.89,267.71,272.14,47014600
2026/2/25,271.78,274.94,271.05,274.23,33714300
2026/2/26,274.95,276.11,270.8,272.95,32345100
2026/2/27,272.81,272.81,262.89,264.18,72366500
2026/3/2,262.41,266.53,260.2,264.72,41827900
2026/3/3,263.48,265.56,260.13,263.75,38568900
2026/3/4,264.65,266.15,261.42,262.52,39803100
2026/3/5,260.79,261.56,257.25,260.29,49658600
2026/3/6,258.63,258.77,254.37,257.46,41094000
2026/3/9,258.63,258.77,254.37,257.46,41094000
