date,open,high,low,close,volume
2013/1/1,56.47,57.49,56.24,57.48,5604600
2013/1/2,58.33,58.95,58.31,58.75,6091400
2013/1/3,58.80,59.26,58.63,59.00,5017000
2013/1/4,59.08,59.66,58.46,59.61,4017200
2013/1/7,59.28,59.99,59.28,59.86,3859400
2013/1/8,59.68,60.32,59.53,60.20,4960900
2013/1/9,60.42,60.90,60.15,60.26,5885600
2013/1/10,60.44,60.79,60.09,60.79,6545300
2013/1/11,60.50,61.97,60.31,61.24,10492500
2013/1/14,60.78,61.39,60.71,61.21,5176600
2013/1/15,60.15,60.84,60.03,60.76,6399000
2013/1/16,60.82,60.85,60.48,60.62,4020900
2013/1/17,61.10,61.20,60.58,60.74,4684200
2013/1/18,59.87,60.28,58.90,59.78,9935600
2013/1/21,59.87,60.28,58.90,59.78,9935600
2013/1/22,59.62,59.90,59.01,59.40,7228400
2013/1/23,59.22,59.29,58.80,58.93,6265300
2013/1/24,59.14,59.51,59.01,59.30,5430800
2013/1/25,59.57,59.70,59.19,59.50,4124000
2013/1/28,59.36,59.55,58.70,59.07,5216200
2013/1/29,59.08,59.57,58.95,59.45,5533100
2013/1/30,59.24,59.67,59.16,59.33,5894100
2013/1/31,59.37,59.82,58.81,58.81,5940900
2013/2/1,59.33,60.12,59.30,59.91,6036400
2013/2/4,59.46,59.74,59.21,59.41,4618600
2013/2/5,59.78,60.90,59.68,60.66,6394000
2013/2/6,59.93,60.81,59.93,60.56,6304600
2013/2/7,60.56,62.34,60.55,62.14,11977900
2013/2/8,62.06,62.33,61.48,61.80,6734900
2013/2/11,61.70,62.05,61.36,61.98,3436100
2013/2/12,62.09,62.56,61.95,62.20,4255200
2013/2/13,62.45,62.76,61.89,62.10,3409000
2013/2/14,62.08,62.65,61.83,62.34,4432600
2013/2/15,62.57,62.68,61.43,61.69,5354400
2013/2/18,62.57,62.68,61.43,61.69,5354400
2013/2/19,61.67,62.40,61.67,62.28,3598900
2013/2/20,62.06,62.47,61.87,61.91,5532700
2013/2/21,61.87,62.00,61.14,61.54,5287500
2013/2/22,61.86,62.58,61.79,62.57,5197100
2013/2/25,62.77,63.00,61.99,62.02,8624700
2013/2/26,62.06,62.18,61.55,61.92,5938100
2013/2/27,61.73,62.60,61.63,62.50,4755400
2013/2/28,62.43,62.65,61.88,62.15,5366500
2013/3/1,61.84,62.49,61.51,62.37,5265100
2013/3/4,62.22,63.00,62.04,62.89,4687900
2013/3/5,63.26,64.42,63.06,64.12,7315900
2013/3/6,64.41,64.94,64.35,64.65,5780900
2013/3/7,64.73,64.88,64.14,64.56,4446500
2013/3/8,64.66,64.76,63.67,64.70,5810000
2013/3/11,64.73,65.62,64.71,65.50,5307700
2013/3/12,65.63,65.79,65.06,65.29,5303700
2013/3/13,65.24,65.60,65.12,65.30,4203900
2013/3/14,65.42,65.75,65.29,65.38,3760100
2013/3/15,65.64,66.43,65.34,66.09,10265700
2013/3/18,65.06,66.13,64.76,65.78,4880300
2013/3/19,65.99,66.14,64.80,65.13,4587400
2013/3/20,65.45,66.14,65.45,66.00,4137800
2013/3/21,65.83,65.99,65.25,65.41,3600100
2013/3/22,65.59,66.35,65.54,66.22,3860600
2013/3/25,66.59,66.77,65.82,66.10,6599300
2013/3/26,66.40,67.24,66.37,67.17,4295600
2013/3/27,66.60,67.26,66.60,67.15,2905000
2013/3/28,67.31,67.48,67.00,67.46,4354300
2013/3/29,67.31,67.48,67.00,67.46,4354300
2013/4/1,67.42,67.75,67.01,67.26,3012600
2013/4/2,67.38,67.76,67.10,67.64,3921600
2013/4/3,67.66,67.69,66.04,66.25,5102000
2013/4/4,66.42,66.96,66.30,66.73,3633900
2013/4/5,65.77,65.80,64.77,65.30,6898300
2013/4/8,65.56,65.78,65.13,65.60,4662200
2013/4/9,65.64,65.68,65.15,65.22,4882200
2013/4/10,65.45,65.58,65.36,65.40,7882100
2013/4/11,65.47,65.93,65.20,65.74,6357700
2013/4/12,65.46,65.85,65.18,65.68,3967600
2013/4/15,65.53,65.60,64.09,64.10,7008600
2013/4/16,64.50,65.05,64.27,64.59,6198900
2013/4/17,64.12,64.31,63.43,64.13,6925000
2013/4/18,64.04,65.89,63.64,65.04,10457800
2013/4/19,65.33,67.25,65.33,67.24,8461600
2013/4/22,67.12,67.25,66.25,66.66,5791500
2013/4/23,66.81,67.54,66.64,67.45,4779900
2013/4/24,67.41,67.62,67.04,67.42,4077700
2013/4/25,67.75,69.05,67.64,68.13,5834100
2013/4/26,68.12,68.40,67.57,67.75,4355300
2013/4/29,68.01,68.20,67.61,67.63,2931000
2013/4/30,67.88,68.48,67.60,68.41,4685400
2013/5/1,68.25,68.85,68.16,68.28,3767300
2013/5/2,68.43,69.47,68.37,69.38,3575900
2013/5/3,69.92,71.09,69.90,70.23,6986600
2013/5/6,70.22,70.58,69.95,70.06,4685300
2013/5/7,70.07,70.46,69.96,70.24,4374900
2013/5/8,69.92,70.42,69.57,70.31,3587500
2013/5/9,70.25,70.51,69.71,70.21,3754900
2013/5/10,70.16,70.25,69.65,70.08,3543100
2013/5/13,70.09,70.21,69.34,69.79,5139300
2013/5/14,69.95,71.61,69.85,71.51,6114300
2013/5/15,71.33,73.04,71.33,72.78,5215300
2013/5/16,72.61,72.95,72.13,72.23,3861500
2013/5/17,72.28,73.38,72.26,73.32,4866500
2013/5/20,73.31,74.54,73.22,74.40,5345300
2013/5/21,74.47,75.46,74.40,75.11,5130200
2013/5/22,75.43,77.01,74.28,74.44,12449000
2013/5/23,73.88,74.99,73.61,74.69,7985100
2013/5/24,74.09,75.35,73.98,75.27,5564000
2013/5/27,74.09,75.35,73.98,75.27,5564000
2013/5/28,75.91,77.12,75.89,76.16,7341400
2013/5/29,75.80,76.65,75.39,75.83,5679200
2013/5/30,76.02,76.90,75.92,76.14,5417400
2013/5/31,76.13,77.39,75.71,75.71,7187700
2013/6/3,75.89,76.67,75.63,76.47,6777800
2013/6/4,76.50,77.24,75.96,76.06,5667700
2013/6/5,75.98,76.28,74.64,74.76,6267300
2013/6/6,74.75,76.25,74.64,76.24,5455600
2013/6/7,76.68,78.12,76.45,78.04,6826100
2013/6/10,77.98,78.61,77.69,78.28,4035100
2013/6/11,77.61,77.85,76.50,76.52,5442800
2013/6/12,76.94,77.00,74.68,74.72,7057200
2013/6/13,74.46,75.26,73.79,75.21,6738900
2013/6/14,74.79,74.98,72.72,72.97,8451000
2013/6/17,73.69,74.21,73.39,73.84,6020900
2013/6/18,74.08,75.47,74.03,74.98,5714700
2013/6/19,74.92,75.10,74.19,74.23,5989300
2013/6/20,73.76,74.00,72.81,72.92,5656500
2013/6/21,73.38,73.79,72.37,73.31,7547300
2013/6/24,72.57,72.84,71.68,72.01,6293100
2013/6/25,72.63,73.65,72.56,73.23,4754200
2013/6/26,73.64,74.25,73.33,73.90,4894200
2013/6/27,74.38,75.43,74.38,75.12,4215300
2013/6/28,75.01,75.33,74.33,74.76,7964400
2013/7/1,75.53,76.46,75.43,75.64,5007600
2013/7/2,75.43,76.29,74.30,74.62,5041200
2013/7/3,74.02,74.78,73.91,74.58,3007000
2013/7/4,74.02,74.78,73.91,74.58,3007000
2013/7/5,75.31,76.37,75.12,76.31,4501500
2013/7/8,76.91,77.81,76.85,77.04,5106200
2013/7/9,77.74,77.95,77.08,77.61,3915200
2013/7/10,77.39,77.57,75.94,76.33,4872200
2013/7/11,77.54,77.62,76.56,76.94,5715000
2013/7/12,77.33,78.45,77.29,78.33,4878200
2013/7/15,78.61,78.63,77.50,77.85,4243300
2013/7/16,78.09,78.34,77.75,78.27,4637600
2013/7/17,75.35,77.45,74.62,76.80,16305300
2013/7/18,75.44,75.75,73.86,74.01,10352300
2013/7/19,73.62,74.74,73.47,74.06,8072500
2013/7/22,74.43,75.20,74.21,74.72,5456700
2013/7/23,75.03,75.18,74.36,74.41,4113000
2013/7/24,74.85,76.07,74.75,75.36,6139000
2013/7/25,75.06,75.81,75.03,75.77,4080300
2013/7/26,75.50,75.55,74.41,75.34,3537600
2013/7/29,75.16,75.36,74.33,75.06,3249400
2013/7/30,75.48,75.54,74.83,75.19,3762200
2013/7/31,75.15,75.86,73.47,73.77,10320700
2013/8/1,74.53,76.10,74.51,75.63,5981400
2013/8/2,75.62,75.73,75.00,75.69,2485400
2013/8/5,75.47,76.04,75.21,75.93,2237100
2013/8/6,75.87,76.10,75.47,75.81,2566000
2013/8/7,75.46,75.71,74.85,75.14,3083900
2013/8/8,75.79,77.27,75.48,76.19,3293600
2013/8/9,76.18,76.36,75.01,75.50,3963600
2013/8/12,75.11,75.61,74.89,75.49,2292600
2013/8/13,75.49,76.44,74.89,76.23,2964900
2013/8/14,76.04,76.43,75.75,75.88,2945400
2013/8/15,75.27,75.43,74.62,74.88,3834400
2013/8/16,74.86,75.35,74.65,75.17,4248200
2013/8/19,75.12,75.21,74.30,74.34,3478900
2013/8/20,74.41,74.67,73.80,74.27,2900900
2013/8/21,74.01,74.33,73.25,73.44,2983100
2013/8/22,73.66,74.00,73.40,73.86,2354900
2013/8/23,73.87,74.00,73.13,73.65,2518500
2013/8/26,73.76,74.47,73.43,73.61,2372400
2013/8/27,72.80,72.93,71.77,71.91,3712600
2013/8/28,71.70,72.34,71.54,72.01,2963200
2013/8/29,71.81,72.62,71.58,72.22,2957100
2013/8/30,72.15,72.24,71.47,71.91,3779500
2013/9/2,72.15,72.24,71.47,71.91,3779500
2013/9/3,72.59,73.41,72.14,72.43,3994100
2013/9/4,72.52,73.50,72.23,73.14,2913300
2013/9/5,73.16,74.23,72.89,73.80,3600700
2013/9/6,73.92,74.02,72.40,73.35,3369200
2013/9/9,73.59,73.81,73.15,73.66,3189500
2013/9/10,74.22,74.66,74.00,74.60,3269100
2013/9/11,74.70,75.22,74.40,75.18,3297900
2013/9/12,75.29,75.61,74.97,75.29,2502200
2013/9/13,75.58,75.75,75.07,75.30,2664400
2013/9/16,76.34,76.43,75.44,75.60,4536200
2013/9/17,75.60,77.00,75.60,76.92,4047200
2013/9/18,76.99,77.81,76.54,77.64,4136000
2013/9/19,77.81,77.90,77.15,77.57,3997600
2013/9/20,77.62,77.89,77.15,77.32,10105500
2013/9/23,77.29,77.66,76.13,76.44,4078900
2013/9/24,76.39,76.94,75.96,76.07,3020200
2013/9/25,76.13,76.56,75.62,75.99,3090300
2013/9/26,76.00,77.00,75.78,76.32,2927000
2013/9/27,76.06,76.09,75.43,75.89,2522500
2013/9/30,74.97,75.85,74.64,75.52,3330500
2013/10/1,75.64,76.01,75.45,75.93,2969600
2013/10/2,75.13,75.29,74.17,74.58,4363400
2013/10/3,74.11,74.29,73.30,74.02,4364500
2013/10/4,73.88,74.33,73.61,74.31,2883500
2013/10/7,73.50,73.53,72.90,72.94,3320300
2013/10/8,73.03,73.10,72.13,72.22,3945800
2013/10/9,72.38,72.71,72.08,72.22,4701500
2013/10/10,73.19,74.67,73.01,74.66,3769900
2013/10/11,74.67,75.44,74.41,75.40,3913900
2013/10/14,75.33,76.11,75.10,76.07,3017200
2013/10/15,75.63,76.36,75.23,75.25,4113700
2013/10/16,75.64,76.75,75.45,76.32,6468200
2013/10/17,77.94,80.40,77.80,80.23,10366600
2013/10/18,80.11,80.68,79.31,80.52,7598200
2013/10/21,80.47,80.99,80.31,80.40,3691500
2013/10/22,80.77,81.17,80.43,80.87,3300000
2013/10/23,80.56,80.82,80.01,80.63,2895100
2013/10/24,80.77,81.00,80.45,80.90,3181800
2013/10/25,80.76,82.67,80.76,82.61,6291100
2013/10/28,82.72,83.14,82.03,82.76,4566100
2013/10/29,83.12,83.74,82.93,83.66,3485200
2013/10/30,83.70,83.83,82.80,83.10,3747800
2013/10/31,82.79,82.99,81.69,81.80,5637700
2013/11/1,82.12,82.64,81.79,82.16,3358900
2013/11/4,82.41,82.64,81.75,81.93,2643600
2013/11/5,81.63,82.13,81.09,81.90,2591400
2013/11/6,82.55,82.60,81.82,82.12,2636900
2013/11/7,82.33,82.60,80.88,80.92,3485800
2013/11/8,81.31,81.95,81.08,81.78,4369500
2013/11/11,81.59,81.68,81.19,81.40,2224200
2013/11/12,81.23,81.35,80.58,81.03,2237200
2013/11/13,80.57,81.47,80.22,81.44,2828200
2013/11/14,81.61,81.91,81.35,81.89,2284100
2013/11/15,83.03,83.26,82.37,82.80,4439700
2013/11/18,82.85,82.98,82.16,82.34,3104800
2013/11/19,82.38,82.88,82.27,82.46,2775000
2013/11/20,82.96,83.42,81.96,82.25,3510500
2013/11/21,82.63,84.00,82.57,83.95,4355200
2013/11/22,83.92,83.93,83.37,83.85,2690300
2013/11/25,84.32,84.76,84.08,84.59,3657700
2013/11/26,84.75,85.59,84.70,85.09,4896800
2013/11/27,85.26,85.66,84.98,85.59,2520000
2013/11/28,85.26,85.66,84.98,85.59,2520000
2013/11/29,85.88,86.19,85.51,85.80,2144600
2013/12/2,86.02,86.53,85.16,85.29,3620800
2013/12/3,84.89,85.33,84.20,84.61,3546100
2013/12/4,84.21,85.24,83.76,84.50,3579700
2013/12/5,84.27,84.99,84.15,84.54,3677800
2013/12/6,85.59,86.09,85.35,85.93,2666600
2013/12/9,86.17,86.40,85.35,85.75,2436500
2013/12/10,85.38,85.74,85.08,85.29,2354200
2013/12/11,85.28,85.67,83.81,83.90,3782300
2013/12/12,83.78,84.28,83.21,83.30,3574300
2013/12/13,83.32,83.92,83.23,83.68,3594900
2013/12/16,83.96,84.97,83.96,84.52,3599000
2013/12/17,84.71,84.72,83.99,84.11,2893700
2013/12/18,84.30,86.12,83.55,85.99,5332300
2013/12/19,85.94,86.53,85.91,86.41,3956300
2013/12/20,86.71,87.78,86.44,87.57,6294500
2013/12/23,88.00,88.58,87.94,88.31,3242600
2013/12/24,88.34,88.74,88.19,88.69,1042700
2013/12/25,88.34,88.74,88.19,88.69,1042700
2013/12/26,88.90,89.23,88.76,89.00,1745200
2013/12/27,88.82,89.51,88.82,89.19,1797400
2013/12/30,89.19,89.62,89.14,89.59,1769000
2013/12/31,89.87,90.79,89.52,90.73,3083500
2014/1/1,89.87,90.79,89.52,90.73,3083500
2014/1/2,90.90,91.08,89.38,89.45,5112000
2014/1/3,89.15,90.08,88.63,89.74,3888500
2014/1/6,89.70,90.25,89.38,89.70,2844700
2014/1/7,90.17,90.70,89.01,89.36,4039500
2014/1/8,88.66,89.64,88.66,89.41,3880200
2014/1/9,89.89,89.93,88.07,88.88,3469200
2014/1/10,89.26,89.56,88.10,88.55,2901600
2014/1/13,88.52,89.00,86.88,86.99,5641000
2014/1/14,87.08,87.45,86.07,87.12,4777900
2014/1/15,87.46,88.53,87.08,88.25,4494900
2014/1/16,88.00,88.24,87.26,87.78,3326100
2014/1/17,91.83,93.62,90.55,90.97,14989900
2014/1/20,91.83,93.62,90.55,90.97,14989900
2014/1/21,91.97,92.71,89.64,90.59,7954600
2014/1/22,90.64,91.42,90.62,91.13,3848700
2014/1/23,90.49,90.49,88.68,89.17,5260900
2014/1/24,88.56,89.37,86.66,86.95,6289300
2014/1/27,87.15,87.77,85.71,85.72,5651400
2014/1/28,85.85,87.18,85.60,86.64,4108700
2014/1/29,86.29,86.90,85.43,85.55,3357900
2014/1/30,86.45,86.98,86.07,86.62,4259000
2014/1/31,85.28,85.91,84.91,85.02,4778000
2014/2/3,84.99,85.42,82.77,82.86,5769800
2014/2/4,83.19,84.71,82.63,84.00,5380500
2014/2/5,83.51,84.12,82.95,83.72,3260100
2014/2/6,84.50,85.76,84.32,85.69,5432400
2014/2/7,85.96,87.17,85.78,87.00,4495200
2014/2/10,87.83,88.96,87.50,88.34,5387900
2014/2/11,88.36,88.84,88.17,88.58,3602400
2014/2/12,88.69,89.05,88.40,89.02,2488600
2014/2/13,88.37,88.98,88.01,88.90,2759700
2014/2/14,88.86,89.27,88.26,89.00,2671800
2014/2/17,88.86,89.27,88.26,89.00,2671800
2014/2/18,88.80,89.14,88.29,89.02,3591600
2014/2/19,88.89,90.32,88.75,88.84,4332300
2014/2/20,88.80,89.23,88.12,89.01,4411800
2014/2/21,89.06,89.41,88.56,88.75,3808700
2014/2/24,88.79,90.43,88.79,89.92,3261200
2014/2/25,90.00,90.37,89.15,89.91,2914800
2014/2/26,90.16,90.69,89.21,89.73,4840200
2014/2/27,89.65,90.43,89.51,90.29,3075600
2014/2/28,90.25,92.14,90.09,91.28,4689200
2014/3/3,90.60,90.63,89.16,89.97,3465300
2014/3/4,91.05,92.68,91.03,92.61,3752000
2014/3/5,92.59,92.59,91.91,92.14,3086400
2014/3/6,92.56,93.64,92.36,93.52,3957900
2014/3/7,94.11,94.35,93.36,93.86,3864600
2014/3/10,93.62,93.88,93.14,93.70,2218700
2014/3/11,93.83,93.88,93.03,93.20,1946200
2014/3/12,92.68,92.92,91.90,92.90,2486100
2014/3/13,93.20,93.48,90.41,90.69,3990200
2014/3/14,90.55,91.22,89.64,90.17,3583900
2014/3/17,90.51,91.73,90.49,91.26,3033000
2014/3/18,91.27,91.97,91.13,91.59,2348300
2014/3/19,91.67,91.96,90.28,90.73,3425700
2014/3/20,90.48,91.90,90.23,91.69,3779700
2014/3/21,92.78,93.72,91.36,91.52,6684500
2014/3/24,91.64,91.75,90.29,91.01,2520600
2014/3/25,91.37,91.90,90.63,90.84,2420000
2014/3/26,91.36,91.69,89.63,89.66,3011200
2014/3/27,89.70,90.43,89.27,89.99,3602800
2014/3/28,90.27,91.56,90.00,90.46,3138900
2014/3/31,91.08,91.94,89.88,90.03,5172400
2014/4/1,90.40,91.23,90.21,91.17,2821600
2014/4/2,90.85,91.09,90.13,90.40,2886700
2014/4/3,90.67,91.20,90.40,90.98,2483600
2014/4/4,91.17,91.40,89.07,89.17,2933600
2014/4/7,89.03,89.43,86.55,86.60,5557600
2014/4/8,86.63,86.80,85.58,86.49,3880300
2014/4/9,86.90,88.72,86.64,88.72,3592900
2014/4/10,88.47,88.75,85.30,85.36,5213800
2014/4/11,84.90,85.45,83.99,84.54,4014300
2014/4/14,85.09,86.34,84.04,85.50,4011900
2014/4/15,85.87,86.73,84.32,86.04,3741700
2014/4/16,86.84,87.48,86.48,87.40,4055100
2014/4/17,87.16,87.92,85.10,86.22,9244400
2014/4/18,87.16,87.92,85.10,86.22,9244400
2014/4/21,86.38,86.86,86.16,86.67,3762300
2014/4/22,86.71,87.44,86.43,87.07,3420400
2014/4/23,87.01,87.64,86.67,87.13,3788200
2014/4/24,87.26,87.98,86.91,87.41,3187000
2014/4/25,87.02,87.30,86.62,87.03,4226100
2014/4/28,87.44,87.58,85.85,87.06,4760400
2014/4/29,87.34,87.95,87.19,87.79,2852900
2014/4/30,87.61,87.66,86.96,87.43,4351600
2014/5/1,87.53,87.58,86.33,86.82,4679900
2014/5/2,86.77,87.31,86.41,86.93,3707400
2014/5/5,86.00,87.42,85.75,87.36,3340000
2014/5/6,87.25,87.25,86.08,86.20,3269400
2014/5/7,86.79,88.05,86.11,87.98,4601500
2014/5/8,87.88,89.28,87.66,88.62,4220200
2014/5/9,88.46,89.03,88.13,88.84,2344700
2014/5/12,89.42,89.97,89.32,89.66,2343800
2014/5/13,89.65,90.00,89.04,89.09,2298500
2014/5/14,89.17,89.43,88.31,88.46,2238500
2014/5/15,88.20,88.58,87.11,87.60,3324400
2014/5/16,87.60,87.76,86.90,87.50,3062400
2014/5/19,87.18,88.22,87.11,88.12,2000300
2014/5/20,87.82,88.05,86.86,87.09,2798400
2014/5/21,87.57,88.14,87.38,87.86,2525600
2014/5/22,87.79,88.39,87.55,88.15,2654800
2014/5/23,88.11,88.86,88.00,88.78,1858200
2014/5/26,88.11,88.86,88.00,88.78,1858200
2014/5/27,89.60,91.47,89.35,91.39,5093800
2014/5/28,91.31,91.36,90.63,91.06,2466800
2014/5/29,91.12,91.30,90.53,91.28,2668500
2014/5/30,91.00,91.68,90.89,91.50,3594800
2014/6/2,91.79,92.11,91.43,91.89,2832100
2014/6/3,91.61,91.85,91.27,91.73,2589100
2014/6/4,91.59,91.90,91.33,91.81,2637000
2014/6/5,91.92,93.21,91.53,92.80,3219200
2014/6/6,92.94,94.94,92.82,94.91,4550800
2014/6/9,95.08,95.88,94.65,95.57,3825200
2014/6/10,95.09,95.39,94.68,95.28,2418300
2014/6/11,94.94,95.26,94.64,95.08,1884000
2014/6/12,95.35,95.48,94.36,94.76,2870500
2014/6/13,94.95,95.17,94.38,94.85,1793000
2014/6/16,94.36,94.75,93.84,94.37,2832500
2014/6/17,94.37,95.20,94.01,94.66,2572300
2014/6/18,94.75,95.59,94.08,95.56,2454800
2014/6/19,95.46,95.70,94.53,95.07,3206400
2014/6/20,95.58,96.04,95.03,95.54,5387400
2014/6/23,95.33,95.75,94.79,95.51,2102500
2014/6/24,95.09,95.55,94.25,94.43,2088700
2014/6/25,94.26,95.21,94.20,94.64,2398400
2014/6/26,94.83,94.94,93.54,94.30,2594800
2014/6/27,94.25,95.05,94.13,94.93,3630700
2014/6/30,95.00,95.34,94.55,94.87,2634300
2014/7/1,95.42,96.24,95.28,95.35,3026300
2014/7/2,95.19,95.78,95.06,95.21,1595500
2014/7/3,95.58,95.94,95.22,95.84,1633800
2014/7/4,95.58,95.94,95.22,95.84,1633800
2014/7/7,95.50,95.66,95.12,95.40,1962800
2014/7/8,94.92,95.01,93.57,94.57,2828700
2014/7/9,95.44,95.55,94.41,94.74,2645500
2014/7/10,93.55,94.81,93.16,94.46,2230000
2014/7/11,94.27,94.59,93.75,94.47,2108500
2014/7/14,95.23,95.58,94.43,94.54,2388000
2014/7/15,94.79,95.16,94.00,94.45,3499200
2014/7/16,94.81,95.09,94.27,94.47,2738000
2014/7/17,93.96,94.70,92.91,92.99,3110800
2014/7/18,93.32,93.93,93.10,93.53,3363000
2014/7/21,93.29,93.40,92.38,92.88,2321800
2014/7/22,93.51,94.06,93.22,93.37,2411600
2014/7/23,93.19,93.59,92.82,93.28,1984800
2014/7/24,93.33,93.62,92.85,93.15,3023400
2014/7/25,92.74,93.07,91.58,91.93,3903500
2014/7/28,91.90,92.03,90.90,91.86,4274000
2014/7/29,91.83,92.23,91.51,91.71,4773300
2014/7/30,92.11,92.32,90.04,90.91,5069300
2014/7/31,90.07,90.26,87.99,88.00,7561100
2014/8/1,87.41,87.74,85.75,86.47,12258300
2014/8/4,86.60,87.24,86.45,86.93,5743800
2014/8/5,86.65,87.02,85.89,86.36,5004400
2014/8/6,86.04,86.79,86.00,86.40,4805600
2014/8/7,86.79,87.14,85.89,86.02,4539100
2014/8/8,86.09,87.51,85.91,87.47,4206700
2014/8/11,87.92,88.16,86.94,86.95,3594400
2014/8/12,87.00,87.09,86.70,87.08,3106600
2014/8/13,87.44,88.07,87.16,87.40,2590600
2014/8/14,87.50,87.80,87.10,87.27,3498800
2014/8/15,87.78,87.88,86.23,86.60,3290800
2014/8/18,87.29,87.48,86.98,87.16,2662100
2014/8/19,87.58,88.28,87.45,88.12,3523700
2014/8/20,88.01,88.65,87.90,88.49,3142900
2014/8/21,88.64,89.33,88.59,89.14,3019300
2014/8/22,88.89,89.51,88.83,88.88,2796200
2014/8/25,89.56,90.22,89.32,89.59,3730000
2014/8/26,89.61,89.93,89.08,89.15,2934600
2014/8/27,89.25,89.59,88.99,89.24,2632300
2014/8/28,88.84,89.33,88.61,89.02,3324900
2014/8/29,89.37,89.70,89.09,89.55,2672700
2014/9/1,89.37,89.70,89.09,89.55,2672700
2014/9/2,89.90,90.13,89.28,89.72,3592100
2014/9/3,90.13,90.49,90.00,90.14,2930800
2014/9/4,90.11,90.46,89.42,89.65,2594100
2014/9/5,89.64,89.74,89.02,89.61,2571200
2014/9/8,89.40,89.83,88.62,88.93,3617600
2014/9/9,88.85,88.90,87.75,87.90,4014300
2014/9/10,88.10,88.66,88.01,88.41,3471000
2014/9/11,88.01,88.60,87.88,88.42,2757000
2014/9/12,88.18,88.30,87.44,87.64,4724500
2014/9/15,88.35,88.35,87.11,87.38,3983800
2014/9/16,87.16,88.70,86.88,88.36,5946200
2014/9/17,88.61,89.56,88.33,89.07,4460700
2014/9/18,89.33,90.59,89.31,90.10,4309800
2014/9/19,90.68,90.68,89.42,89.70,7118600
2014/9/22,89.58,90.09,88.90,88.99,3134700
2014/9/23,88.55,89.26,88.23,88.31,3711000
2014/9/24,88.47,88.65,87.87,88.52,5089900
2014/9/25,88.51,88.82,86.76,86.76,5648000
2014/9/26,87.16,88.67,86.95,88.37,4480300
2014/9/29,87.63,88.03,87.14,87.95,3304100
2014/9/30,88.20,88.32,87.35,87.54,3867100
2014/10/1,86.90,87.31,85.51,85.81,4777800
2014/10/2,86.39,86.50,85.06,85.87,4216800
2014/10/3,86.66,87.31,86.22,87.16,4601400
2014/10/6,87.68,87.97,86.76,87.03,3147300
2014/10/7,86.45,86.45,85.33,85.35,3905000
2014/10/8,85.41,87.47,85.00,87.41,4238200
2014/10/9,87.33,87.98,85.82,85.89,5394400
2014/10/10,85.78,86.70,84.99,84.99,4226400
2014/10/13,84.76,85.25,82.61,82.78,5072300
2014/10/14,83.27,83.39,82.51,82.74,6165000
2014/10/15,81.30,81.79,78.41,80.93,9155600
2014/10/16,80.29,81.47,78.81,80.24,9159300
2014/10/17,80.91,84.52,80.90,82.58,9175000
2014/10/20,82.79,84.10,82.63,84.01,5231100
2014/10/21,84.70,85.66,84.44,85.64,4847100
2014/10/22,85.62,85.87,83.93,83.96,5182200
2014/10/23,85.13,85.85,84.87,85.61,5000300
2014/10/24,85.69,86.43,85.59,86.40,3608000
2014/10/27,86.01,86.75,85.76,86.63,3610100
2014/10/28,87.07,88.01,86.96,88.01,3598400
2014/10/29,88.24,88.99,87.65,88.34,4592500
2014/10/30,88.59,89.49,88.20,88.74,5072900
2014/10/31,89.94,90.60,89.37,89.95,6848600
2014/11/3,90.32,91.21,90.22,90.85,3707900
2014/11/4,90.62,91.43,90.50,91.38,3163100
2014/11/5,91.76,92.45,91.76,92.42,3617600
2014/11/6,92.13,92.20,91.11,91.58,6005800
2014/11/7,91.71,92.48,91.23,92.26,3669200
2014/11/10,92.21,92.43,91.85,92.40,2938700
2014/11/11,92.28,92.59,91.49,91.74,2719800
2014/11/12,91.16,91.67,91.10,91.55,3825500
2014/11/13,91.70,91.70,90.94,91.07,3638000
2014/11/14,91.07,91.24,90.35,90.67,2361600
2014/11/17,90.24,90.26,89.65,90.13,2620600
2014/11/18,90.21,90.93,90.03,90.58,2175500
2014/11/19,90.30,90.76,90.02,90.50,2661200
2014/11/20,89.83,90.91,89.82,90.62,2825700
2014/11/21,91.66,91.68,90.30,90.39,4039200
2014/11/24,90.80,91.17,90.21,91.04,3459500
2014/11/25,91.20,91.58,90.76,91.40,3313700
2014/11/26,91.71,91.71,90.93,91.45,2218200
2014/11/27,91.71,91.71,90.93,91.45,2218200
2014/11/28,91.61,92.55,91.58,92.42,3070000
2014/12/1,92.07,92.63,91.66,92.14,3343000
2014/12/2,92.60,93.00,92.32,93.00,3111900
2014/12/3,92.61,93.12,91.05,91.25,5911100
2014/12/4,91.85,91.85,91.19,91.83,3991000
2014/12/5,92.29,92.86,92.05,92.65,2872600
2014/12/8,92.68,93.89,92.40,93.56,4467600
2014/12/9,92.19,93.40,91.98,93.36,4069100
2014/12/10,92.86,93.69,92.56,92.75,4658000
2014/12/11,93.11,94.62,92.95,93.13,4419100
2014/12/12,92.40,93.02,90.94,91.00,4480300
2014/12/15,91.44,91.58,89.15,90.04,4766700
2014/12/16,89.37,90.79,88.19,88.24,4948800
2014/12/17,88.56,90.57,88.34,90.44,5204400
2014/12/18,91.70,93.21,91.49,93.17,4554200
2014/12/19,92.96,93.91,92.35,92.90,7170300
2014/12/22,92.99,93.66,92.83,93.62,2910800
2014/12/23,93.70,94.28,93.65,93.82,2864800
2014/12/24,93.96,94.79,93.96,94.08,1321500
2014/12/25,93.96,94.79,93.96,94.08,1321500
2014/12/26,94.20,94.80,94.20,94.29,1439900
2014/12/29,94.00,94.89,94.00,94.27,1483000
2014/12/30,94.23,94.46,94.03,94.27,1425100
2014/12/31,94.65,94.75,93.00,93.04,2306200
2015/1/1,94.65,94.75,93.00,93.04,2306200
2015/1/2,93.17,93.94,92.14,93.02,2437500
2015/1/5,92.46,92.78,90.32,90.56,3469600
2015/1/6,90.79,90.90,87.94,88.63,4800300
2015/1/7,91.01,91.01,89.53,90.30,5665200
2015/1/8,91.44,91.81,91.00,91.58,3774200
2015/1/9,91.58,91.80,90.24,90.42,3681700
2015/1/12,90.50,90.94,89.08,89.50,3230700
2015/1/13,90.27,91.14,88.43,89.23,3537600
2015/1/14,87.44,88.42,86.25,87.07,6628400
2015/1/15,87.50,88.03,84.55,85.88,5830900
2015/1/16,85.54,86.21,84.74,86.04,6768700
2015/1/19,85.54,86.21,84.74,86.04,6768700
2015/1/20,86.46,87.72,86.42,87.26,6364100
2015/1/21,87.56,87.72,86.77,87.67,7185700
2015/1/22,84.50,86.12,83.50,84.37,16390100
2015/1/23,84.43,85.32,83.96,84.13,7366100
2015/1/26,83.78,84.30,83.12,83.30,6632800
2015/1/27,82.50,83.28,82.08,82.40,6329500
2015/1/28,82.80,83.39,81.71,81.73,7942200
2015/1/29,82.07,82.33,81.16,82.00,7545900
2015/1/30,82.12,82.20,80.56,80.69,7210500
2015/2/2,80.96,82.25,80.85,82.13,5459300
2015/2/3,82.58,83.77,82.54,83.73,5586200
2015/2/4,83.50,84.47,83.33,83.61,6155700
2015/2/5,84.25,84.93,84.08,84.73,3966600
2015/2/6,85.11,86.01,84.77,85.01,5139700
2015/2/9,84.53,85.25,84.30,84.98,3101300
2015/2/10,85.60,85.97,85.12,85.84,3589900
2015/2/11,85.87,86.18,85.32,86.01,4374800
2015/2/12,80.03,81.53,80.00,80.48,32653100
2015/2/13,79.44,79.75,77.72,78.08,34874400
2015/2/16,79.44,79.75,77.72,78.08,34874400
2015/2/17,77.16,79.32,77.12,79.08,18578300
2015/2/18,78.72,80.27,78.72,79.78,13417000
2015/2/19,79.89,79.98,77.56,78.40,20858000
2015/2/20,78.22,79.88,78.20,79.83,11348700
2015/2/23,79.99,80.48,79.47,80.30,6868600
2015/2/24,80.30,81.70,80.26,80.86,10951000
2015/2/25,81.16,82.25,80.87,82.17,8184700
2015/2/26,83.01,83.47,82.41,83.25,8702800
2015/2/27,83.25,83.38,81.52,81.59,8121200
2015/3/2,81.59,82.21,81.56,82.03,5503100
2015/3/3,80.99,81.93,80.90,81.91,6856100
2015/3/4,81.55,81.56,80.56,80.63,6141000
2015/3/5,80.66,81.40,80.64,81.15,5571800
2015/3/6,80.63,81.15,80.06,80.31,6530200
2015/3/9,80.15,80.83,79.95,80.51,5846100
2015/3/10,79.73,79.77,78.87,79.11,7525000
2015/3/11,79.40,79.75,79.11,79.45,4546200
2015/3/12,80.10,82.00,80.03,81.56,9386600
2015/3/13,81.50,81.65,79.95,80.60,6919400
2015/3/16,80.88,81.65,80.75,81.50,5295100
2015/3/17,81.20,81.21,80.55,81.06,4258200
2015/3/18,80.58,82.32,80.27,81.86,6449400
2015/3/19,81.84,81.96,80.94,81.54,4677000
2015/3/20,81.79,83.06,81.50,82.70,9338100
2015/3/23,82.70,83.54,82.20,82.20,7291700
2015/3/24,82.04,82.16,81.27,81.37,5217800
2015/3/25,81.42,81.47,80.03,80.11,8908000
2015/3/26,79.67,79.78,77.89,78.48,16181300
2015/3/27,78.40,78.64,77.71,77.97,9022600
2015/3/30,78.35,78.75,78.00,78.05,7285200
2015/3/31,77.89,78.53,77.62,78.12,5918300
2015/4/1,78.05,79.32,77.85,78.93,6163500
2015/4/2,78.93,79.77,78.57,79.70,5695200
2015/4/3,78.93,79.77,78.57,79.70,5695200
2015/4/6,79.34,80.10,78.73,79.63,3831100
2015/4/7,78.59,79.38,78.26,78.33,5919200
2015/4/8,78.42,79.36,78.30,78.69,6405800
2015/4/9,78.63,79.33,78.41,79.16,4288100
2015/4/10,79.42,79.97,79.20,79.59,3442000
2015/4/13,79.73,79.99,79.26,79.27,4092000
2015/4/14,79.60,79.97,78.89,79.49,4213200
2015/4/15,79.43,80.30,79.42,79.75,6042700
2015/4/16,79.43,81.17,79.25,80.91,8084800
2015/4/17,78.40,78.50,76.53,77.32,22112500
2015/4/20,77.39,77.85,76.96,77.23,8432600
2015/4/21,77.38,77.80,77.24,77.28,5125000
2015/4/22,77.41,78.65,77.18,78.44,7318100
2015/4/23,78.06,78.37,77.74,78.15,4815400
2015/4/24,78.30,78.33,77.77,77.99,3400700
2015/4/27,77.83,77.96,77.04,77.49,6901700
2015/4/28,77.69,77.73,76.94,77.49,6493400
2015/4/29,77.13,77.47,77.00,77.16,4322600
2015/4/30,77.04,77.68,76.98,77.45,6754100
2015/5/1,77.85,77.89,77.31,77.68,3859200
2015/5/4,77.96,78.54,77.74,78.28,3896700
2015/5/5,77.98,78.52,77.78,77.84,5325800
2015/5/6,78.70,78.85,77.39,77.85,5896600
2015/5/7,77.84,78.74,77.60,78.43,7924600
2015/5/8,78.89,79.64,78.77,78.98,7198100
2015/5/11,79.05,80.25,79.01,79.70,5827400
2015/5/12,79.15,79.43,78.44,79.08,4575700
2015/5/13,79.50,80.01,79.27,79.86,5494500
2015/5/14,80.34,80.90,80.27,80.75,4450800
2015/5/15,80.90,81.16,79.99,80.22,4479300
2015/5/18,80.28,80.55,79.78,80.17,4579900
2015/5/19,80.37,81.60,80.37,81.36,6063500
2015/5/20,81.41,81.45,80.78,80.96,3986700
2015/5/21,80.54,81.17,80.41,80.76,4249700
2015/5/22,80.84,81.58,80.72,81.25,3395800
2015/5/25,80.84,81.58,80.72,81.25,3395800
2015/5/26,81.12,81.46,79.94,80.19,5282700
2015/5/27,80.45,80.63,79.84,80.11,5105100
2015/5/28,79.97,80.25,79.88,80.09,4443000
2015/5/29,80.04,80.10,79.58,79.72,7385100
2015/6/1,79.94,80.17,78.95,79.47,4716900
2015/6/2,79.26,80.27,79.18,79.99,4197300
2015/6/3,80.32,81.27,80.12,80.60,4321400
2015/6/4,80.05,80.34,79.20,79.36,5438100
2015/6/5,79.74,79.88,79.23,79.39,4817000
2015/6/8,79.43,79.84,78.80,78.81,5883600
2015/6/9,78.88,79.39,78.86,79.17,4506300
2015/6/10,79.20,80.49,79.20,80.19,5865400
2015/6/11,80.34,80.77,80.00,80.30,4013400
2015/6/12,80.43,80.45,79.11,79.53,6253500
2015/6/15,79.00,79.37,78.82,79.25,4929300
2015/6/16,79.04,79.80,79.00,79.36,6992700
2015/6/17,79.64,80.86,79.46,80.32,6945600
2015/6/18,80.24,80.90,79.81,80.77,4632300
2015/6/19,80.52,80.62,79.79,80.19,13054800
2015/6/22,80.68,81.71,80.66,81.25,5548600
2015/6/23,81.44,81.92,81.29,81.36,5356300
2015/6/24,80.94,81.36,80.74,80.74,5637600
2015/6/25,80.99,81.00,79.88,79.88,6591100
2015/6/26,80.17,80.45,79.83,79.88,15746700
2015/6/29,79.22,79.35,77.74,77.80,8553300
2015/6/30,78.17,78.41,77.65,77.72,7793000
2015/7/1,78.64,78.91,78.16,78.40,5319900
2015/7/2,78.69,79.13,78.18,78.21,4577700
2015/7/3,78.69,79.13,78.18,78.21,4577700
2015/7/6,77.55,77.85,77.34,77.59,5724800
2015/7/7,77.56,77.80,76.41,77.55,7183000
2015/7/8,76.89,77.20,75.75,75.93,5544800
2015/7/9,76.63,77.45,76.29,76.34,3934000
2015/7/10,77.31,77.49,76.91,77.31,3036000
2015/7/13,77.97,78.61,77.77,78.53,3677500
2015/7/14,78.60,79.14,78.21,78.97,3904900
2015/7/15,79.01,79.36,78.32,78.54,3947000
2015/7/16,79.00,79.16,78.67,78.92,4095800
2015/7/17,78.74,79.25,78.65,79.22,3084400
2015/7/20,79.20,79.63,79.18,79.30,3553000
2015/7/21,79.20,79.41,78.45,78.95,3974600
2015/7/22,78.80,79.19,78.60,78.99,4392700
2015/7/23,77.70,77.95,76.13,77.01,12256800
2015/7/24,76.65,77.15,75.68,75.90,8639900
2015/7/27,75.44,75.60,74.30,74.92,9861400
2015/7/28,75.12,75.57,74.37,75.11,5516600
2015/7/29,75.11,76.01,74.92,75.70,4594200
2015/7/30,75.79,76.21,75.64,76.12,4767100
2015/7/31,76.39,76.67,75.99,76.06,6344800
2015/8/3,75.86,76.16,75.43,75.98,5159500
2015/8/4,75.77,76.16,75.63,75.72,4137600
2015/8/5,76.35,76.48,75.59,75.59,5562000
2015/8/6,75.65,75.79,74.71,75.00,4522100
2015/8/7,75.00,80.22,74.34,79.72,23689600
2015/8/10,79.69,81.39,79.50,81.26,12609000
2015/8/11,80.43,81.65,80.25,81.34,8509800
2015/8/12,80.72,81.09,79.80,81.00,6945600
2015/8/13,81.00,81.00,80.38,80.76,4866900
2015/8/14,80.51,81.33,80.42,80.91,5387100
2015/8/17,80.39,81.17,80.25,81.00,4574700
2015/8/18,81.05,81.42,80.70,81.24,4458300
2015/8/19,80.92,81.66,80.41,80.95,5314600
2015/8/20,80.11,80.46,78.73,78.76,7240600
2015/8/21,78.12,78.61,77.03,77.03,8483300
2015/8/24,73.36,76.08,71.71,74.65,12873200
2015/8/25,76.27,76.55,73.28,73.52,7779000
2015/8/26,75.39,75.90,73.96,75.63,6505800
2015/8/27,75.88,77.18,75.52,76.88,7025000
2015/8/28,76.32,76.81,75.93,76.65,4919000
2015/8/31,76.26,77.26,75.97,76.72,4559700
2015/9/1,74.85,75.36,73.60,74.00,6101100
2015/9/2,74.90,75.21,73.97,74.94,5914400
2015/9/3,75.38,76.25,75.05,75.26,4783000
2015/9/4,74.28,74.52,73.57,74.08,5095200
2015/9/7,74.28,74.52,73.57,74.08,5095200
2015/9/8,75.58,75.73,74.92,75.49,6046300
2015/9/9,76.08,76.51,74.98,75.12,4959800
2015/9/10,75.15,75.86,74.98,75.31,4764600
2015/9/11,75.08,75.53,74.79,75.50,3843600
2015/9/14,75.16,75.50,74.78,75.14,4452100
2015/9/15,75.46,76.75,75.23,76.50,5473700
2015/9/16,76.46,77.51,76.39,77.32,4193100
2015/9/17,77.46,78.40,76.77,77.06,4181800
2015/9/18,76.05,76.80,75.72,75.95,12402900
2015/9/21,76.42,77.32,76.32,76.74,3266300
2015/9/22,75.61,75.77,75.00,75.71,5047200
2015/9/23,75.51,75.96,75.13,75.63,3183300
2015/9/24,74.99,75.03,73.85,74.69,6108900
2015/9/25,75.39,75.67,74.72,75.10,4478000
2015/9/28,74.46,74.70,73.26,73.34,5894700
2015/9/29,73.30,73.51,72.66,73.10,5283000
2015/9/30,73.89,74.19,73.30,74.13,4912200
2015/10/1,74.16,74.60,73.21,73.89,4741100
2015/10/2,72.70,74.41,72.50,74.41,5072400
2015/10/5,75.05,77.54,75.04,77.30,6480600
2015/10/6,77.24,77.54,76.72,76.91,3887100
2015/10/7,76.81,77.85,76.68,77.18,3431800
2015/10/8,76.99,77.26,76.11,77.18,3298900
2015/10/9,77.45,77.82,76.83,77.33,2651800
2015/10/12,77.16,77.32,76.94,77.31,1895100
2015/10/13,76.85,77.22,76.56,76.60,3247400
2015/10/14,76.41,76.78,75.94,76.17,3098600
2015/10/15,77.00,77.19,76.07,76.74,3615800
2015/10/16,77.08,77.50,76.62,77.21,5613700
2015/10/19,76.95,77.31,76.73,77.00,4054900
2015/10/20,77.05,77.15,76.68,76.95,3470800
2015/10/21,77.29,77.61,76.35,76.51,5833500
2015/10/22,73.06,73.28,71.39,72.50,23652600
2015/10/23,72.82,74.83,72.62,74.59,9341300
2015/10/26,73.30,74.33,73.13,74.19,5227700
2015/10/27,73.79,74.21,73.73,74.01,4099000
2015/10/28,74.35,74.45,73.81,74.45,7841100
2015/10/29,74.15,74.97,74.04,74.22,5250200
2015/10/30,74.08,74.28,73.06,73.26,6310100
2015/11/2,73.43,74.07,73.27,73.94,4940600
2015/11/3,74.15,74.27,73.87,74.03,5047900
2015/11/4,74.31,74.85,73.94,74.07,12872700
2015/11/5,74.15,74.33,73.57,73.93,4983700
2015/11/6,74.56,74.80,74.11,74.30,7440800
2015/11/9,74.08,74.26,73.23,73.42,5622600
2015/11/10,73.12,73.58,73.10,73.37,4961900
2015/11/11,73.46,73.60,72.76,72.91,4719500
2015/11/12,72.72,72.79,71.82,71.98,6112500
2015/11/13,71.69,72.21,71.10,71.20,4486700
2015/11/16,70.83,71.66,70.21,71.66,5244600
2015/11/17,71.92,72.03,70.96,71.11,5867700
2015/11/18,71.13,72.17,71.13,72.15,5817000
2015/11/19,72.10,72.88,72.07,72.74,4851300
2015/11/20,72.88,73.35,72.10,72.42,4429600
2015/11/23,72.46,72.74,72.17,72.24,3251400
2015/11/24,71.87,71.96,71.00,71.63,4873100
2015/11/25,71.70,71.80,71.25,71.69,4391300
2015/11/26,71.70,71.80,71.25,71.69,4391300
2015/11/27,71.80,72.00,71.43,71.85,1547500
2015/11/30,71.85,72.07,71.42,71.64,5377200
2015/12/1,72.00,72.44,71.57,72.20,4193500
2015/12/2,72.14,72.44,71.06,71.20,4146000
2015/12/3,71.41,71.70,70.12,70.42,6807800
2015/12/4,70.50,71.31,70.36,71.10,4993400
2015/12/7,70.82,71.09,70.17,70.61,5926400
2015/12/8,70.04,70.15,69.31,69.91,7669100
2015/12/9,69.44,70.80,69.35,69.86,6910700
2015/12/10,69.74,70.65,69.61,70.11,4783000
2015/12/11,69.04,69.83,68.48,68.86,9094300
2015/12/14,68.99,69.42,67.80,68.83,6393000
2015/12/15,69.75,70.64,69.59,70.15,6247200
2015/12/16,70.71,70.96,69.80,70.71,5581800
2015/12/17,70.79,70.96,69.41,69.57,4800000
2015/12/18,69.13,69.13,67.57,67.87,17898900
2015/12/21,68.15,68.77,67.99,68.40,4733400
2015/12/22,68.74,69.13,68.21,68.85,3796800
2015/12/23,69.05,69.99,68.94,69.97,5278000
2015/12/24,69.74,70.51,69.74,70.16,1956400
2015/12/25,69.74,70.51,69.74,70.16,1956400
2015/12/28,70.00,70.10,69.36,69.76,2860700
2015/12/29,70.28,70.61,70.12,70.55,3838800
2015/12/30,70.51,70.75,70.08,70.16,2792700
2015/12/31,70.01,70.32,69.53,69.55,3531300
2016/1/1,70.01,70.32,69.53,69.55,3531300
2016/1/4,68.09,68.18,66.77,67.59,9248300
2016/1/5,67.37,67.71,65.67,66.55,10809200
2016/1/6,65.24,65.55,64.24,64.42,9752200
2016/1/7,63.31,64.25,63.08,63.84,11323900
2016/1/8,64.18,64.41,63.57,63.63,10003600
2016/1/11,63.74,64.21,63.10,64.05,8157100
2016/1/12,64.80,64.90,63.60,64.40,7560000
2016/1/13,63.65,64.37,62.23,62.85,11291200
2016/1/14,62.85,63.75,62.37,63.29,6664000
2016/1/15,62.03,63.05,61.50,62.91,8643800
2016/1/18,62.03,63.05,61.50,62.91,8643800
2016/1/19,63.41,63.79,62.24,62.64,7652100
2016/1/20,61.54,63.54,61.29,63.03,9043800
2016/1/21,63.00,64.32,62.51,62.64,8992300
2016/1/22,58.39,58.89,54.14,55.06,43783400
2016/1/25,54.46,55.77,54.14,55.02,18498300
2016/1/26,55.20,55.74,54.96,55.09,12844800
2016/1/27,55.37,55.82,54.42,54.52,11044100
2016/1/28,54.68,54.76,52.15,52.88,18015000
2016/1/29,53.18,53.71,53.05,53.50,13981100
2016/2/1,53.41,54.99,53.00,54.70,9861900
2016/2/2,54.33,54.39,53.49,53.66,11698400
2016/2/3,54.00,54.29,52.83,54.11,9729800
2016/2/4,54.08,54.46,53.81,54.38,6904000
2016/2/5,54.72,54.85,53.81,53.98,9159600
2016/2/8,53.24,53.45,52.23,52.40,11830600
2016/2/9,52.26,53.02,51.91,52.63,8588900
2016/2/10,53.00,53.43,52.28,52.29,7081900
2016/2/11,51.22,51.59,50.27,51.11,9214500
2016/2/12,51.88,52.73,51.64,52.66,6107700
2016/2/15,51.88,52.73,51.64,52.66,6107700
2016/2/16,53.01,53.48,52.73,53.18,7163800
2016/2/17,53.50,54.00,53.30,53.61,8638900
2016/2/18,53.50,54.35,53.45,54.15,8502900
2016/2/19,54.25,55.03,54.03,54.71,6557000
2016/2/22,54.71,55.63,54.71,55.63,6537800
2016/2/23,55.52,55.60,54.96,55.11,5884100
2016/2/24,54.45,54.87,53.56,54.64,5596400
2016/2/25,54.78,55.39,54.30,55.39,4385900
2016/2/26,55.71,55.90,55.15,55.38,5886800
2016/2/29,55.30,56.15,54.81,55.58,10380500
2016/3/1,56.03,56.84,55.62,56.80,9160800
2016/3/2,56.88,57.23,56.57,57.12,7266200
2016/3/3,57.16,58.18,57.16,58.09,6848000
2016/3/4,58.44,58.65,57.81,58.29,5410000
2016/3/7,58.00,59.48,57.63,59.00,9373500
2016/3/8,58.84,60.00,58.71,59.43,10556900
2016/3/9,59.73,59.79,58.52,59.05,6469000
2016/3/10,59.29,59.46,58.05,58.75,6484100
2016/3/11,59.53,59.91,59.02,59.46,7837300
2016/3/14,59.51,59.94,59.01,59.57,4253400
2016/3/15,59.36,59.40,58.63,59.23,3881900
2016/3/16,58.91,59.90,58.72,59.70,4882600
2016/3/17,59.55,60.50,59.32,60.08,4609800
2016/3/18,60.31,61.45,60.03,61.22,8341300
2016/3/21,60.99,61.38,60.85,61.21,3665600
2016/3/22,60.77,60.90,59.91,60.61,4783200
2016/3/23,60.70,60.91,60.28,60.63,3605100
2016/3/24,60.22,60.52,59.60,60.47,3549900
2016/3/25,60.22,60.52,59.60,60.47,3549900
2016/3/28,60.77,60.79,59.86,60.28,3261900
2016/3/29,60.11,60.65,59.46,60.60,4210300
2016/3/30,60.98,61.00,60.19,60.29,5103200
2016/3/31,60.51,61.52,60.28,61.40,6310200
2016/4/1,60.98,61.66,60.56,61.10,4167500
2016/4/4,61.01,61.06,60.46,60.62,3367300
2016/4/5,60.14,60.44,59.68,60.19,4640000
2016/4/6,59.84,60.05,59.42,59.88,4112100
2016/4/7,59.45,59.52,58.70,58.86,4051300
2016/4/8,59.00,60.26,58.99,59.50,4602800
2016/4/11,59.67,60.08,59.28,59.80,4033400
2016/4/12,60.00,60.71,59.80,60.68,4360300
2016/4/13,60.89,62.43,60.84,62.16,4689700
2016/4/14,62.16,62.68,61.97,62.51,4017900
2016/4/15,62.66,62.84,61.91,62.14,4395700
2016/4/18,61.81,62.63,61.73,62.59,3140100
2016/4/19,62.75,63.61,62.74,63.57,4798400
2016/4/20,64.12,65.33,63.92,65.02,8498700
2016/4/21,67.00,67.34,65.40,65.61,9466700
2016/4/22,65.05,66.22,65.05,65.93,5946300
2016/4/25,65.64,65.85,65.14,65.70,4201700
2016/4/26,65.98,66.43,65.63,66.20,3979600
2016/4/27,66.39,66.67,65.83,66.23,4539700
2016/4/28,65.73,66.49,65.56,65.84,3797800
2016/4/29,65.57,65.79,64.85,65.43,5051200
2016/5/2,65.58,66.05,65.18,65.68,4330000
2016/5/3,65.03,65.05,64.33,64.85,4745400
2016/5/4,64.13,64.75,63.83,64.26,4998000
2016/5/5,64.46,64.72,63.79,63.92,4037200
2016/5/6,63.76,64.71,63.45,64.51,3667700
2016/5/9,64.23,64.58,63.77,63.98,4261100
2016/5/10,64.34,65.13,63.99,64.84,4042300
2016/5/11,64.62,65.32,64.41,64.59,4959500
2016/5/12,65.07,65.36,64.07,64.34,3607800
2016/5/13,64.35,64.98,64.05,64.12,4524000
2016/5/16,64.02,64.30,63.67,64.07,4879500
2016/5/17,63.86,64.10,62.59,62.76,7977600
2016/5/18,62.53,63.61,62.53,63.52,5316800
2016/5/19,63.06,63.53,62.32,62.74,4587000
2016/5/20,63.16,64.14,62.95,63.92,5278200
2016/5/23,63.86,64.10,63.56,63.59,3074100
2016/5/24,63.79,65.10,63.79,64.87,3946100
2016/5/25,65.04,65.76,65.01,65.31,5755900
2016/5/26,65.29,65.37,64.95,65.23,3593500
2016/5/27,65.39,65.70,65.33,65.52,3957100
2016/5/30,65.39,65.70,65.33,65.52,3957100
2016/5/31,65.70,65.92,65.40,65.76,5256000
2016/6/1,65.76,65.96,65.18,65.91,3816000
2016/6/2,65.86,66.41,65.60,66.41,3052200
2016/6/3,65.53,65.82,64.77,65.49,4352000
2016/6/6,65.55,66.20,65.50,65.94,3915200
2016/6/7,66.15,66.60,65.88,65.89,3779500
2016/6/8,65.94,66.58,65.94,66.26,2601100
2016/6/9,65.72,65.78,64.90,65.71,3883800
2016/6/10,65.26,65.48,64.71,64.97,3939100
2016/6/13,64.80,64.89,63.63,63.67,5883400
2016/6/14,63.59,63.66,60.38,61.07,12323200
2016/6/15,61.47,62.16,60.86,61.42,5979900
2016/6/16,60.94,62.11,60.66,61.93,5543600
2016/6/17,61.93,62.43,61.62,61.86,6521500
2016/6/20,62.65,63.41,62.23,62.30,4289100
2016/6/21,62.30,62.48,61.75,62.29,3360600
2016/6/22,62.29,62.64,61.88,61.95,3462800
2016/6/23,62.84,63.27,62.47,63.25,3624600
2016/6/24,60.48,61.70,60.00,60.06,10798700
2016/6/27,59.34,59.34,57.33,57.67,7567600
2016/6/28,58.25,58.61,57.15,57.90,8294300
2016/6/29,57.95,59.70,57.86,59.63,6281100
2016/6/30,59.87,60.76,58.82,60.76,8535400
2016/7/1,60.76,61.52,60.57,60.69,4166500
2016/7/4,60.76,61.52,60.57,60.69,4166500
2016/7/5,60.22,60.39,58.96,59.15,4911800
2016/7/6,58.75,59.73,58.25,59.48,5484400
2016/7/7,59.48,60.33,59.38,59.81,5077400
2016/7/8,60.68,61.60,60.55,61.49,5768400
2016/7/11,61.95,62.46,61.86,62.16,3414400
2016/7/12,62.63,63.33,62.63,63.00,4531900
2016/7/13,62.98,63.35,62.64,63.10,3887600
2016/7/14,63.66,64.00,63.41,63.61,4417200
2016/7/15,63.95,64.11,63.31,63.78,3675600
2016/7/18,63.96,64.12,63.54,63.99,3260000
2016/7/19,63.69,64.17,63.50,64.16,3840500
2016/7/20,64.29,64.80,63.50,64.48,8315800
2016/7/21,63.80,64.38,62.88,63.43,9498600
2016/7/22,63.40,64.34,63.37,64.28,4063400
2016/7/25,64.20,64.42,64.04,64.33,3060300
2016/7/26,64.43,64.55,63.98,64.37,2745900
2016/7/27,64.27,64.94,64.21,64.59,3168500
2016/7/28,64.36,64.97,64.06,64.79,3044000
2016/7/29,64.70,64.74,64.17,64.46,3732700
2016/8/1,64.49,64.74,63.96,64.13,2913900
2016/8/2,63.96,64.22,63.20,63.47,2531000
2016/8/3,63.50,64.02,63.47,63.83,3034500
2016/8/4,63.88,64.02,63.51,63.94,3680000
2016/8/5,64.54,65.71,64.35,65.52,4863800
2016/8/8,65.83,66.25,65.61,65.83,3253700
2016/8/9,65.83,66.01,65.17,65.39,3701600
2016/8/10,65.43,65.50,64.58,64.74,2883000
2016/8/11,65.00,65.66,64.89,65.48,2450100
2016/8/12,65.16,65.51,65.01,65.38,2103800
2016/8/15,65.27,65.82,65.27,65.63,3136700
2016/8/16,65.61,65.67,65.28,65.30,2805600
2016/8/17,65.40,65.85,65.09,65.68,3054500
2016/8/18,65.52,65.78,65.27,65.63,2807500
2016/8/19,65.47,65.68,65.07,65.53,2783200
2016/8/22,65.53,65.54,64.96,65.36,3230700
2016/8/23,65.73,66.28,65.68,65.68,3551700
2016/8/24,65.85,66.12,65.05,65.16,4128200
2016/8/25,65.00,65.15,64.76,65.00,4243800
2016/8/26,65.27,65.49,64.52,64.79,3623600
2016/8/29,65.00,65.77,64.80,65.52,4173800
2016/8/30,65.77,65.97,65.10,65.45,3775800
2016/8/31,65.47,65.72,64.86,65.58,4783600
2016/9/1,65.55,65.64,64.42,64.86,3657700
2016/9/2,65.06,65.67,64.86,65.19,3131700
2016/9/5,65.06,65.67,64.86,65.19,3131700
2016/9/6,65.16,65.77,65.05,65.76,3956400
2016/9/7,65.49,66.20,65.31,66.19,3200700
2016/9/8,66.15,66.71,66.05,66.24,4078900
2016/9/9,65.74,66.02,65.12,65.12,5144900
2016/9/12,64.72,66.09,64.14,65.90,4923200
2016/9/13,65.22,65.32,64.04,64.36,5620300
2016/9/14,64.36,64.36,63.34,63.48,5403300
2016/9/15,63.40,64.17,63.26,63.83,4634300
2016/9/16,63.37,63.95,63.16,63.66,10475800
2016/9/19,63.96,64.58,63.67,64.06,3388600
2016/9/20,64.52,64.64,63.70,63.72,2927600
2016/9/21,63.99,64.50,63.72,64.28,3849300
2016/9/22,64.35,65.08,64.33,64.63,3213700
2016/9/23,64.51,64.83,63.79,63.85,5083900
2016/9/26,63.44,64.13,62.85,63.42,6946600
2016/9/27,63.93,64.42,63.58,64.28,3916300
2016/9/28,64.27,64.50,63.73,64.22,3580100
2016/9/29,64.21,64.81,62.96,63.37,4132500
2016/9/30,63.78,64.37,63.63,64.04,4307000
2016/10/3,63.83,64.05,63.54,63.81,2770000
2016/10/4,63.84,64.38,63.71,63.91,3709400
2016/10/5,63.77,64.53,63.69,64.36,3345000
2016/10/6,63.56,63.68,61.76,61.94,7975900
2016/10/7,62.11,62.27,61.48,61.76,4217400
2016/10/10,62.15,62.49,61.87,61.90,2522900
2016/10/11,61.53,61.70,60.55,60.86,3926500
2016/10/12,60.82,61.05,60.58,60.69,3293800
2016/10/13,60.23,60.56,59.50,60.41,4220500
2016/10/14,61.01,61.20,60.10,60.15,4963800
2016/10/17,60.27,60.42,59.78,59.90,3903900
2016/10/18,60.52,60.57,59.88,60.08,3416600
2016/10/19,60.42,61.68,60.27,61.25,7888500
2016/10/20,65.34,67.78,64.75,66.78,25870700
2016/10/21,66.45,67.59,66.40,67.36,8561200
2016/10/24,67.69,67.93,67.07,67.09,5174000
2016/10/25,66.93,67.38,66.61,66.74,3882300
2016/10/26,66.50,67.07,66.14,66.80,3621800
2016/10/27,67.00,67.22,66.43,66.93,4751300
2016/10/28,67.15,67.22,66.30,66.45,4994500
2016/10/31,66.81,66.83,66.31,66.42,3233400
2016/11/1,66.77,66.81,65.73,66.25,3761600
2016/11/2,65.76,66.03,65.14,65.45,3659000
2016/11/3,65.53,65.76,65.04,65.33,3796500
2016/11/4,65.50,66.08,65.03,65.51,3429900
2016/11/7,66.85,67.33,66.65,67.00,4012100
2016/11/8,66.79,67.26,66.31,67.07,3956000
2016/11/9,67.16,69.00,67.06,68.74,9319100
2016/11/10,69.24,70.40,69.05,70.11,9418700
2016/11/11,69.97,70.59,69.65,70.50,4656100
2016/11/14,70.80,72.68,70.63,72.42,8084100
2016/11/15,72.13,72.48,71.24,72.47,4431200
2016/11/16,71.95,72.40,71.28,71.68,4663700
2016/11/17,71.36,72.00,71.32,71.78,3797400
2016/11/18,71.53,71.60,70.77,71.00,5430600
2016/11/21,71.31,71.67,70.96,71.54,3368200
2016/11/22,71.82,71.88,70.87,71.72,4086200
2016/11/23,71.94,72.92,71.51,72.88,4661400
2016/11/24,71.94,72.92,71.51,72.88,4661400
2016/11/25,72.97,73.18,72.46,72.86,1900400
2016/11/28,72.53,72.77,71.97,72.13,4467700
2016/11/29,72.20,72.26,71.39,71.49,3814800
2016/11/30,72.00,72.33,71.78,72.04,4812500
2016/12/1,72.45,72.77,71.78,72.53,4298200
2016/12/2,72.52,72.66,71.43,71.86,2959100
2016/12/5,72.33,72.64,71.99,72.03,3929100
2016/12/6,72.47,72.74,72.08,72.31,3843900
2016/12/7,72.47,74.72,72.23,74.29,5801500
2016/12/8,74.80,75.20,73.99,74.91,3415800
2016/12/9,74.84,74.91,74.29,74.77,2566900
2016/12/12,74.70,74.70,73.15,73.58,3654900
2016/12/13,73.67,74.23,73.11,73.84,2892900
2016/12/14,73.53,75.73,73.24,74.07,5415800
2016/12/15,74.54,75.74,74.34,74.94,4061600
2016/12/16,75.29,75.38,74.58,75.00,8200600
2016/12/19,74.68,75.13,74.14,74.55,3076600
2016/12/20,75.00,75.50,74.53,75.06,3244900
2016/12/21,75.11,75.57,74.69,75.32,3244500
2016/12/22,75.00,75.37,74.50,74.58,2865200
2016/12/23,74.74,75.24,74.74,74.97,1957500
2016/12/26,74.74,75.24,74.74,74.97,1957500
2016/12/27,75.10,75.11,74.79,74.98,2049400
2016/12/28,75.03,75.38,74.15,74.37,2517300
2016/12/29,74.27,74.68,73.50,73.92,2573700
2016/12/30,73.96,74.34,73.84,74.08,3378800
2017/1/2,73.96,74.34,73.84,74.08,3378800
2017/1/3,74.89,75.75,74.74,75.35,5853900
2017/1/4,75.26,76.55,75.06,76.26,4635800
2017/1/5,76.00,76.18,74.82,75.32,3383000
2017/1/6,75.40,75.92,75.06,75.47,3089600
2017/1/9,76.14,76.50,75.53,75.86,4818700
2017/1/10,76.52,78.00,76.12,76.65,9561400
2017/1/11,76.67,77.44,76.10,76.91,4500200
2017/1/12,76.83,76.95,75.84,76.88,4056700
2017/1/13,76.93,77.63,76.41,76.62,3454300
2017/1/16,76.93,77.63,76.41,76.62,3454300
2017/1/17,77.40,77.70,76.47,76.60,6450300
2017/1/18,77.11,77.61,76.51,77.49,5988400
2017/1/19,77.61,77.78,76.61,76.69,8111400
2017/1/20,75.99,76.91,75.39,76.20,8465900
2017/1/23,75.92,76.48,75.73,75.97,4444300
2017/1/24,76.33,77.66,76.09,77.43,4024300
2017/1/25,78.00,78.02,76.40,76.89,5278300
2017/1/26,76.95,77.46,76.63,76.93,3344900
2017/1/27,77.00,77.30,76.54,76.85,3530900
2017/1/30,76.83,77.32,76.54,77.28,5344500
2017/1/31,76.86,77.25,75.97,76.38,5568100
2017/2/1,76.85,77.44,76.58,76.76,3916800
2017/2/2,76.23,76.89,76.06,76.51,3655500
2017/2/3,77.14,78.42,76.91,78.04,5235800
2017/2/6,77.72,78.41,77.48,77.82,3229500
2017/2/7,78.06,78.38,77.52,77.72,2060200
2017/2/8,77.54,77.94,77.08,77.80,2223100
2017/2/9,77.80,78.37,77.67,78.18,3031800
2017/2/10,78.50,78.69,78.23,78.48,2191200
2017/2/13,78.82,79.18,78.48,78.91,3317100
2017/2/14,79.00,79.45,78.67,79.41,3511200
2017/2/15,79.79,80.10,78.67,79.60,5704100
2017/2/16,79.46,79.60,78.92,79.51,4295000
2017/2/17,79.22,79.78,78.90,79.71,2690300
2017/2/20,79.22,79.78,78.90,79.71,2690300
2017/2/21,79.92,80.45,79.64,79.97,3505500
2017/2/22,79.83,79.97,79.39,79.86,2943000
2017/2/23,79.87,80.45,79.77,80.05,3339500
2017/2/24,79.76,79.89,79.26,79.76,3932300
2017/2/27,79.75,80.31,79.59,80.17,2619400
2017/2/28,80.12,80.49,79.77,80.06,4415300
2017/3/1,81.05,82.00,81.02,81.92,4746400
2017/3/2,81.66,81.66,80.06,80.10,4409800
2017/3/3,80.10,80.66,79.82,79.88,4579600
2017/3/6,79.50,79.68,79.09,79.50,3670300
2017/3/7,79.77,80.02,79.33,79.58,4433500
2017/3/8,80.00,80.37,78.97,79.04,4326800
2017/3/9,79.19,79.70,78.81,79.30,4573500
2017/3/10,79.38,79.46,78.88,79.38,3762800
2017/3/13,79.38,79.54,79.06,79.21,3664300
2017/3/14,78.96,79.80,78.83,79.69,3321400
2017/3/15,79.85,79.89,78.99,79.23,4337200
2017/3/16,79.47,80.10,79.39,79.77,3474800
2017/3/17,79.92,79.96,78.98,79.25,6672600
2017/3/20,79.15,79.60,78.83,78.85,3099500
2017/3/21,78.93,79.13,77.32,77.53,6804000
2017/3/22,77.43,78.18,77.06,77.67,4877300
2017/3/23,77.57,78.40,77.51,77.84,4082900
2017/3/24,78.11,78.84,77.87,78.20,4726800
2017/3/27,77.21,77.82,76.67,77.60,3835300
2017/3/28,77.51,78.86,77.39,78.64,4235900
2017/3/29,78.45,79.34,78.14,78.25,2913600
2017/3/30,78.20,79.30,78.09,79.21,2924100
2017/3/31,78.93,79.43,78.80,79.11,5228400
2017/4/3,79.17,79.18,77.97,78.59,3022700
2017/4/4,78.49,78.61,78.15,78.26,2563700
2017/4/5,78.59,79.03,77.66,77.76,2858400
2017/4/6,77.76,78.30,77.15,77.92,2914800
2017/4/7,77.48,78.24,77.37,77.77,2203000
2017/4/10,77.92,78.11,77.36,77.49,2217100
2017/4/11,77.53,77.57,76.69,77.26,4642300
2017/4/12,77.39,77.48,76.58,76.68,3055800
2017/4/13,76.33,76.81,75.70,75.80,3666600
2017/4/14,76.33,76.81,75.70,75.80,3666600
2017/4/17,75.83,76.71,75.63,76.67,4160800
2017/4/18,76.45,76.49,75.53,75.79,3845900
2017/4/19,76.19,76.29,75.51,75.55,5283600
2017/4/20,77.50,80.28,77.46,80.02,11099300
2017/4/21,79.88,80.47,79.49,79.59,5837800
2017/4/24,80.64,80.92,80.24,80.45,3563200
2017/4/25,81.06,81.40,80.63,80.63,5061300
2017/4/26,80.62,80.92,80.15,80.52,3661600
2017/4/27,80.77,80.87,80.08,80.33,2922700
2017/4/28,79.94,80.17,79.05,79.25,5313200
2017/5/1,79.22,79.49,78.88,79.23,3458100
2017/5/2,79.15,79.66,79.15,79.54,3334900
2017/5/3,79.23,79.51,78.69,78.83,3800600
2017/5/4,79.23,79.42,77.99,78.33,3902200
2017/5/5,78.61,78.73,77.88,78.32,2936700
2017/5/8,78.50,78.74,77.95,78.16,2608600
2017/5/9,78.16,78.74,78.09,78.44,2570600
2017/5/10,78.28,78.66,78.14,78.65,2396900
2017/5/11,78.20,78.45,77.25,77.92,3780600
2017/5/12,77.70,77.81,77.22,77.49,2865800
2017/5/15,77.48,78.62,77.48,78.33,3327000
2017/5/16,78.60,78.64,77.84,78.13,2457500
2017/5/17,78.13,78.13,76.24,76.37,4441600
2017/5/18,76.27,76.85,75.97,76.38,3545700
2017/5/19,76.55,77.35,76.30,76.80,3283900
2017/5/22,76.95,77.12,76.50,76.98,2800000
2017/5/23,77.02,77.42,76.82,77.20,2239600
2017/5/24,77.46,77.46,76.93,77.12,2091300
2017/5/25,77.49,77.92,77.26,77.44,3185200
2017/5/26,77.17,77.60,77.02,77.46,1858800
2017/5/29,77.17,77.60,77.02,77.46,1858800
2017/5/30,77.24,77.42,76.99,77.09,2073000
2017/5/31,77.09,77.11,75.98,76.94,3117100
2017/6/1,77.23,78.38,76.95,78.28,3553400
2017/6/2,77.77,78.74,77.77,78.49,3534800
2017/6/5,78.75,79.20,78.61,78.97,2738600
2017/6/6,78.46,78.93,78.29,78.85,2878000
2017/6/7,78.91,80.09,78.79,79.81,4284000
2017/6/8,79.81,80.20,79.67,79.95,4079800
2017/6/9,80.39,80.73,79.73,80.31,3849400
2017/6/12,80.35,80.73,80.07,80.17,3352300
2017/6/13,80.20,80.74,80.07,80.59,3174400
2017/6/14,80.11,80.92,79.62,80.84,4013100
2017/6/15,80.38,81.24,80.23,80.70,2773400
2017/6/16,80.86,81.48,80.77,81.45,5914700
2017/6/19,81.56,81.94,81.29,81.88,3076500
2017/6/20,81.98,82.81,81.80,82.51,3929100
2017/6/21,82.60,82.80,81.99,82.21,2683400
2017/6/22,82.11,82.63,82.06,82.25,2312100
2017/6/23,82.39,82.70,82.06,82.22,3785300
2017/6/26,82.50,83.29,82.44,82.96,2491600
2017/6/27,83.06,83.52,83.01,83.08,2994500
2017/6/28,83.51,84.27,83.40,83.97,3668500
2017/6/29,84.92,85.39,83.16,83.63,5092600
2017/6/30,84.09,84.64,83.59,84.24,3320800
2017/7/3,84.69,85.74,84.69,85.10,2306900
2017/7/4,84.69,85.74,84.69,85.10,2306900
2017/7/5,85.22,85.88,84.81,84.89,3501200
2017/7/6,84.67,84.84,83.72,83.74,3213400
2017/7/7,83.93,84.69,83.77,84.33,2454600
2017/7/10,84.13,84.57,83.97,84.30,2147000
2017/7/11,84.23,84.31,83.54,84.16,2733200
2017/7/12,84.28,84.98,84.06,84.82,4629100
2017/7/13,84.93,85.43,84.74,85.37,3309400
2017/7/14,84.85,85.56,84.59,85.28,3354700
2017/7/17,85.13,85.52,84.78,85.22,2190500
2017/7/18,84.96,85.56,84.76,85.52,2816000
2017/7/19,85.76,85.98,85.30,85.93,5539700
2017/7/20,84.94,85.45,84.53,85.35,5386400
2017/7/21,85.79,86.28,85.43,85.59,3570400
2017/7/24,85.45,85.67,83.86,85.00,5389100
2017/7/25,85.84,86.10,85.08,85.41,3255200
2017/7/26,85.41,85.72,85.17,85.30,3038100
2017/7/27,85.18,85.20,83.33,83.85,6119300
2017/7/28,83.88,85.10,83.62,84.80,3321200
2017/7/31,85.17,85.70,84.84,85.23,3079800
2017/8/1,85.72,85.84,85.14,85.24,3148800
2017/8/2,85.15,85.36,84.97,85.30,3252300
2017/8/3,85.24,85.88,85.14,85.54,2381800
2017/8/4,85.99,86.33,85.84,85.97,2840200
2017/8/7,86.10,86.19,85.68,85.85,2089100
2017/8/8,85.43,86.67,85.41,85.94,2922800
2017/8/9,85.74,85.97,85.24,85.69,2961000
2017/8/10,85.44,85.58,84.55,84.56,3755200
2017/8/11,84.76,84.86,83.97,84.29,3078600
2017/8/14,84.74,85.67,84.72,85.47,2893600
2017/8/15,85.99,86.97,85.88,86.79,3774100
2017/8/16,87.00,87.78,86.99,87.39,3379600
2017/8/17,87.34,87.63,86.05,86.09,3870400
2017/8/18,85.99,86.13,85.21,85.38,4271200
2017/8/21,85.45,85.64,84.95,85.30,2505100
2017/8/22,85.47,85.73,84.91,85.30,2155300
2017/8/23,84.71,85.51,84.70,85.28,1960400
2017/8/24,85.49,85.53,85.04,85.36,2057900
2017/8/25,85.50,85.96,85.42,85.47,2302100
2017/8/28,85.66,85.69,85.21,85.41,2105500
2017/8/29,84.75,85.51,84.40,85.42,2779400
2017/8/30,85.38,85.74,85.22,85.69,2131700
2017/8/31,86.00,86.28,85.70,86.10,3792300
2017/9/1,86.31,86.54,86.05,86.14,2262700
2017/9/4,86.31,86.54,86.05,86.14,2262700
2017/9/5,85.72,85.91,84.68,85.31,3089800
2017/9/6,85.57,85.84,85.00,85.23,2823300
2017/9/7,85.27,85.52,84.08,84.41,2905400
2017/9/8,84.18,85.01,84.02,84.25,3462100
2017/9/11,84.97,86.12,84.97,85.69,3397500
2017/9/12,85.97,86.60,85.81,86.55,3333300
2017/9/13,86.42,86.77,86.39,86.64,2396500
2017/9/14,86.54,86.80,86.16,86.19,2764900
2017/9/15,86.52,86.99,86.07,86.99,7791600
2017/9/18,87.08,87.87,86.95,87.87,3395100
2017/9/19,87.97,89.23,87.88,89.00,4043800
2017/9/20,89.25,89.38,88.27,88.43,4251000
2017/9/21,88.45,88.80,88.04,88.42,2877800
2017/9/22,88.30,88.71,88.10,88.40,2770100
2017/9/25,88.28,88.64,87.84,88.21,2863100
2017/9/26,88.47,88.77,88.20,88.69,2197800
2017/9/27,89.68,89.74,89.03,89.49,2888900
2017/9/28,89.23,90.31,89.23,90.14,2458800
2017/9/29,90.04,90.77,89.93,90.46,2996300
2017/10/2,90.44,91.17,90.10,90.54,4466400
2017/10/3,90.59,91.64,90.59,91.43,2912300
2017/10/4,91.60,91.61,90.91,91.01,3091700
2017/10/5,90.96,91.62,90.77,91.16,2991000
2017/10/6,91.25,91.59,91.09,91.55,1891800
2017/10/9,91.59,91.96,91.50,91.69,1653700
2017/10/10,91.88,92.34,91.78,91.89,2247200
2017/10/11,91.86,92.65,91.81,91.96,3051400
2017/10/12,91.63,92.23,91.42,91.61,3279000
2017/10/13,91.50,92.92,91.26,92.86,3224200
2017/10/16,93.04,93.35,90.81,91.96,4294000
2017/10/17,91.94,92.10,91.58,91.69,2939600
2017/10/18,91.80,92.27,91.68,92.08,4720200
2017/10/19,90.40,92.95,90.04,91.90,6512100
2017/10/20,92.84,93.29,91.97,92.09,4442200
2017/10/23,92.22,93.09,92.22,92.38,2963100
2017/10/24,92.60,93.93,92.33,93.86,4481500
2017/10/25,94.00,94.24,93.27,93.53,4266100
2017/10/26,93.99,95.73,93.98,95.69,4136800
2017/10/27,95.45,96.02,95.03,95.79,3212200
2017/10/30,95.73,96.12,94.84,95.07,3096500
2017/10/31,94.98,95.61,94.52,95.52,3146400
2017/11/1,96.29,96.57,95.44,95.79,2320000
2017/11/2,96.00,96.24,95.39,95.98,3013300
2017/11/3,96.28,96.43,95.78,96.43,2089500
2017/11/6,96.35,96.73,95.93,96.29,1848300
2017/11/7,96.42,96.90,95.18,95.37,3200900
2017/11/8,95.10,95.28,94.45,95.13,2163700
2017/11/9,94.34,94.66,93.28,93.75,3949800
2017/11/10,93.79,94.15,93.39,93.52,2714400
2017/11/13,93.00,93.98,92.78,93.90,2708500
2017/11/14,93.57,93.79,92.94,93.76,2843700
2017/11/15,93.27,93.79,92.80,93.26,3236600
2017/11/16,93.55,94.04,93.30,93.56,2586500
2017/11/17,93.31,93.76,92.92,93.69,3261200
2017/11/20,93.92,94.34,93.68,93.95,3456600
2017/11/21,94.42,94.65,94.12,94.41,2917000
2017/11/22,94.39,94.71,93.48,93.82,2159100
2017/11/23,94.39,94.71,93.48,93.82,2159100
2017/11/24,93.97,94.12,93.47,93.48,837300
2017/11/27,93.57,94.00,93.36,93.47,2731300
2017/11/28,93.76,95.28,93.58,95.28,3536400
2017/11/29,95.96,97.32,95.60,96.60,4325500
2017/11/30,97.02,98.49,96.81,97.71,5328300
2017/12/1,98.08,98.22,95.85,97.86,3445200
2017/12/4,98.62,99.17,97.98,98.59,4562400
2017/12/5,99.20,99.75,98.58,98.71,3525600
2017/12/6,98.64,98.82,98.17,98.21,3081300
2017/12/7,97.76,99.12,97.48,98.58,3026100
2017/12/8,99.00,99.00,98.14,98.55,3850300
2017/12/11,98.60,99.04,98.24,99.00,2984100
2017/12/12,98.88,99.66,98.85,99.37,3455500
2017/12/13,99.12,99.31,97.76,97.78,3463900
2017/12/14,98.31,98.65,97.15,97.15,3464600
2017/12/15,97.78,98.84,97.44,98.52,7891800
2017/12/18,99.19,100.53,98.99,99.68,3485400
2017/12/19,100.21,100.39,99.12,99.15,3282600
2017/12/20,99.71,99.94,98.46,98.51,3091000
2017/12/21,99.05,99.19,98.37,98.50,2339500
2017/12/22,98.47,99.04,98.21,98.74,1980300
2017/12/25,98.47,99.04,98.21,98.74,1980300
2017/12/26,98.80,98.92,98.13,98.57,1575200
2017/12/27,98.90,99.25,98.57,99.13,2569900
2017/12/28,99.64,99.91,99.36,99.70,1914900
2017/12/29,100.00,100.25,99.26,99.31,2056800
2018/1/1,100.00,100.25,99.26,99.31,2056800
2018/1/2,99.73,99.73,98.22,98.94,2746700
2018/1/3,99.24,99.76,99.02,99.55,2976400
2018/1/4,100.03,101.65,99.91,100.85,3122000
2018/1/5,100.85,101.08,100.27,101.08,2550300
2018/1/8,101.00,101.20,100.12,100.15,1896500
2018/1/9,100.36,100.80,100.27,100.52,2978500
2018/1/10,100.39,101.59,100.33,101.22,2279200
2018/1/11,101.44,101.44,100.20,100.73,2745400
2018/1/12,100.86,101.03,99.93,100.97,3231500
2018/1/15,100.86,101.03,99.93,100.97,3231500
2018/1/16,102.01,102.39,100.15,100.34,3814000
2018/1/17,100.99,101.00,99.24,100.76,4469700
2018/1/18,100.84,100.84,99.58,99.86,5290700
2018/1/19,97.01,98.94,96.35,98.03,12306000
2018/1/22,97.26,98.34,96.84,98.32,4983600
2018/1/23,98.16,98.40,97.44,97.98,4375200
2018/1/24,98.25,99.51,98.16,99.30,4949500
2018/1/25,99.43,100.11,99.20,99.69,3375200
2018/1/26,99.85,99.95,98.95,99.63,3668700
2018/1/29,99.75,100.18,99.23,99.41,3472100
2018/1/30,99.45,100.10,98.69,98.71,3466500
2018/1/31,98.74,99.71,98.50,99.40,3202900
2018/2/1,98.95,100.04,98.40,100.00,2952100
2018/2/2,99.53,99.69,96.64,96.68,4663300
2018/2/5,95.83,96.72,88.61,92.01,6421900
2018/2/6,89.75,94.22,88.51,94.18,7244000
2018/2/7,93.53,94.85,93.41,93.61,3796800
2018/2/8,93.75,93.97,88.28,88.34,5814900
2018/2/9,89.47,92.52,87.54,91.72,8017600
2018/2/12,92.58,95.68,92.42,94.70,7419200
2018/2/13,94.03,94.81,92.82,94.56,3366700
2018/2/14,93.97,96.56,93.67,96.23,3446800
2018/2/15,97.06,97.21,95.44,96.56,3057400
2018/2/16,96.37,97.49,96.25,96.79,3280700
2018/2/19,96.37,97.49,96.25,96.79,3280700
2018/2/20,96.58,97.71,96.50,97.19,3514700
2018/2/21,96.92,98.49,96.75,97.50,4431500
2018/2/22,97.59,98.07,97.05,97.35,4270100
2018/2/23,97.78,98.84,97.55,98.80,2440600
2018/2/26,99.43,101.68,98.97,101.64,4953100
2018/2/27,101.66,102.12,99.58,99.58,5167300
2018/2/28,100.04,100.36,97.43,97.51,4053700
2018/3/1,97.82,98.30,94.53,95.14,4369800
2018/3/2,94.63,95.75,93.20,95.60,3584700
2018/3/5,95.09,97.29,94.70,96.66,2661400
2018/3/6,96.99,96.99,95.14,96.07,3221100
2018/3/7,95.21,95.73,94.28,95.64,3594900
2018/3/8,96.05,96.68,95.09,96.59,3760500
2018/3/9,97.58,99.11,97.06,99.05,3044300
2018/3/12,99.09,99.70,97.48,97.67,4020900
2018/3/13,98.12,98.23,95.08,95.37,4858700
2018/3/14,95.96,96.17,94.09,94.53,3013800
2018/3/15,95.06,95.41,93.96,94.39,3213000
2018/3/16,94.55,96.39,94.27,95.61,5124900
2018/3/19,95.44,95.48,93.80,94.84,2610400
2018/3/20,95.35,95.65,94.72,94.95,2501600
2018/3/21,94.62,96.27,94.40,94.74,2124000
2018/3/22,93.74,93.96,91.12,91.41,4113900
2018/3/23,91.82,92.36,90.41,90.45,5100400
2018/3/26,91.37,92.99,90.80,92.62,2769800
2018/3/27,92.81,93.74,90.87,91.42,4357300
2018/3/28,91.76,93.54,91.60,92.21,5509700
2018/3/29,92.39,94.37,92.29,93.28,4940600
2018/3/30,92.39,94.37,92.29,93.28,4940600
2018/4/2,93.14,93.55,89.96,91.00,4998400
2018/4/3,91.55,92.93,91.18,92.74,2864500
2018/4/4,91.21,93.92,91.08,93.58,4619200
2018/4/5,94.20,95.05,93.80,94.20,2482300
2018/4/6,93.24,93.81,90.81,91.91,2968900
2018/4/9,92.70,94.24,91.96,92.14,3109700
2018/4/10,93.41,93.69,92.53,93.00,4584000
2018/4/11,91.94,92.81,91.36,91.60,4064900
2018/4/12,92.52,93.94,92.06,93.35,3137300
2018/4/13,94.13,94.30,92.54,93.03,2510300
2018/4/16,93.78,94.20,93.11,93.60,2811500
2018/4/17,93.96,94.60,93.59,93.86,2651700
2018/4/18,94.04,95.24,94.00,95.15,4981400
2018/4/19,99.36,102.96,99.05,102.37,11716900
2018/4/20,102.20,102.67,100.37,100.79,5614700
2018/4/23,100.78,101.16,99.91,100.61,3183300
2018/4/24,101.19,101.71,99.58,100.44,5048900
2018/4/25,100.00,100.30,97.90,98.78,5129200
2018/4/26,98.85,100.51,98.56,100.23,3021100
2018/4/27,99.99,100.29,98.93,99.61,2017000
2018/4/30,100.00,100.37,98.73,98.75,2567000
2018/5/1,98.82,98.82,97.29,98.58,2915200
2018/5/2,98.06,99.37,97.55,97.63,3542000
2018/5/3,97.17,97.32,95.51,97.14,3572300
2018/5/4,96.35,98.95,96.04,98.35,2363200
2018/5/7,98.53,98.99,98.29,98.58,2152100
2018/5/8,98.78,100.37,98.39,99.74,3199100
2018/5/9,100.22,100.97,99.49,100.50,2694300
2018/5/10,100.71,101.87,100.22,101.38,2847600
2018/5/11,101.49,102.68,101.27,101.42,2522100
2018/5/14,101.69,102.15,101.11,101.29,2234800
2018/5/15,100.82,101.23,99.97,100.74,3442300
2018/5/16,100.28,101.24,100.23,100.59,2135200
2018/5/17,100.65,101.64,100.30,101.22,2876100
2018/5/18,100.93,101.33,100.46,100.99,2927600
2018/5/21,101.57,102.38,101.35,102.04,2084000
2018/5/22,102.32,103.24,102.08,102.70,2910700
2018/5/23,101.82,102.25,100.91,101.93,2553900
2018/5/24,101.69,102.31,100.72,102.01,2230000
2018/5/25,101.35,101.64,100.47,101.10,1850800
2018/5/28,101.35,101.64,100.47,101.10,1850800
2018/5/29,99.84,99.84,96.98,97.72,4377800
2018/5/30,98.85,99.42,97.96,98.99,3076800
2018/5/31,98.68,99.36,97.80,98.30,2780300
2018/6/1,99.34,99.61,98.22,98.25,2711200
2018/6/4,98.81,99.51,98.64,99.45,2417400
2018/6/5,99.12,99.41,98.43,99.31,1811500
2018/6/6,100.00,101.00,99.57,100.97,2872700
2018/6/7,101.44,102.39,100.89,101.48,4245700
2018/6/8,101.29,101.30,99.59,101.00,3580500
2018/6/11,101.18,101.67,100.79,101.20,3453000
2018/6/12,101.50,101.50,100.24,100.73,2426100
2018/6/13,100.87,100.88,99.96,100.02,3183800
2018/6/14,100.52,101.10,99.51,99.76,3285500
2018/6/15,99.22,99.27,97.31,98.52,6741200
2018/6/18,97.85,98.55,97.31,98.47,3621300
2018/6/19,97.14,97.93,96.62,97.14,3119600
2018/6/20,97.70,97.89,96.36,96.42,4495300
2018/6/21,96.16,96.96,95.76,96.63,3350700
2018/6/22,97.35,97.96,97.07,97.23,7235400
2018/6/25,97.05,100.10,95.65,98.54,7996700
2018/6/26,99.50,99.83,98.07,98.21,5166100
2018/6/27,98.43,99.41,96.93,96.96,3693700
2018/6/28,97.01,97.45,96.57,96.97,3142300
2018/6/29,98.13,99.48,97.65,98.00,4698500
2018/7/2,97.40,99.04,97.16,99.00,3148700
2018/7/3,99.31,99.31,97.72,97.84,2041200
2018/7/4,99.31,99.31,97.72,97.84,2041200
2018/7/5,98.35,98.63,97.63,98.53,2385500
2018/7/6,98.46,99.03,98.20,98.52,1996600
2018/7/9,99.26,100.01,99.08,99.91,4991700
2018/7/10,99.91,100.47,99.57,99.91,4675500
2018/7/11,99.66,100.80,99.66,100.30,3469600
2018/7/12,101.03,101.33,100.60,101.15,3688800
2018/7/13,101.08,101.15,99.62,100.50,3456500
2018/7/16,100.60,100.88,100.07,100.69,3264800
2018/7/17,100.78,101.46,100.65,101.15,3092200
2018/7/18,101.55,103.07,101.42,102.98,5923800
2018/7/19,100.20,101.37,99.28,100.17,7171100
2018/7/20,100.13,101.30,99.98,100.15,3325500
2018/7/23,100.15,101.40,100.01,101.22,2617900
2018/7/24,101.46,102.09,101.17,101.71,3155100
2018/7/25,101.23,102.78,101.08,102.63,2549400
2018/7/26,102.84,103.15,102.36,102.50,2744000
2018/7/27,102.87,104.24,102.67,103.85,3815800
2018/7/30,102.73,103.11,100.35,100.85,4423000
2018/7/31,101.05,101.20,99.44,99.52,4330400
2018/8/1,99.90,100.93,99.17,99.45,3315400
2018/8/2,98.90,99.93,98.67,99.73,2481800
2018/8/3,99.96,100.90,99.70,100.79,1830400
2018/8/6,100.77,101.32,100.40,100.92,2004600
2018/8/7,101.49,102.75,101.37,101.97,1852800
2018/8/8,102.00,102.95,101.81,102.78,2228900
2018/8/9,102.44,103.32,102.28,102.99,2435500
2018/8/10,102.09,102.20,101.17,101.58,2473800
2018/8/13,101.48,102.30,101.40,101.81,3389200
2018/8/14,101.93,102.60,101.83,102.18,2327100
2018/8/15,101.57,101.93,100.84,101.51,2219600
2018/8/16,101.90,103.14,101.87,102.65,2290400
2018/8/17,102.63,103.31,102.06,103.03,1950800
2018/8/20,103.02,103.97,102.93,103.83,2267900
2018/8/21,103.92,105.25,103.76,104.81,3218400
2018/8/22,104.90,106.26,104.51,105.83,2761300
2018/8/23,105.54,106.02,105.16,105.37,1866800
2018/8/24,105.91,106.34,105.45,105.76,1844000
2018/8/27,106.79,107.33,106.28,107.05,1972000
2018/8/28,107.06,107.43,106.68,107.28,2275000
2018/8/29,107.04,107.31,105.89,106.71,1896200
2018/8/30,106.60,106.67,105.97,106.23,1868300
2018/8/31,105.52,106.40,105.30,105.98,2115500
2018/9/3,105.52,106.40,105.30,105.98,2115500
2018/9/4,106.35,107.27,105.58,107.01,2941800
2018/9/5,107.00,107.25,104.88,105.68,5511800
2018/9/6,105.50,105.87,104.55,105.40,3623900
2018/9/7,105.64,106.35,105.35,106.08,2498400
2018/9/10,106.56,107.80,106.56,107.29,3337000
2018/9/11,106.71,108.47,106.47,108.31,2795800
2018/9/12,108.31,108.69,107.66,107.88,4103100
2018/9/13,108.20,109.19,107.93,108.66,3429600
2018/9/14,108.84,110.01,108.84,109.56,2999800
2018/9/17,110.21,110.24,108.94,109.20,2383100
2018/9/18,109.44,109.87,108.97,109.64,2173200
2018/9/19,110.00,110.46,109.73,110.10,2365700
2018/9/20,110.85,111.77,110.65,111.11,2844800
2018/9/21,111.29,111.51,110.76,110.90,5662900
2018/9/24,110.74,110.84,109.35,109.85,1871600
2018/9/25,110.24,110.24,109.38,109.87,1910600
2018/9/26,110.08,110.11,107.80,108.01,2944200
2018/9/27,108.01,108.35,107.34,107.85,2121700
2018/9/28,107.27,107.87,106.28,106.49,3931500
2018/10/1,107.81,108.99,107.61,107.90,3361300
2018/10/2,108.01,108.47,107.31,108.39,2223100
2018/10/3,109.25,109.40,108.25,108.45,2505100
2018/10/4,108.25,108.85,106.81,107.74,2478700
2018/10/5,108.06,108.47,106.72,107.23,2399800
2018/10/8,106.63,107.23,105.57,106.99,2723400
2018/10/9,106.30,106.93,105.94,106.66,2604400
2018/10/10,106.96,107.01,103.52,103.57,4555600
2018/10/11,103.22,104.34,101.55,101.58,6069300
2018/10/12,104.31,104.92,101.71,103.00,4855900
2018/10/15,102.85,103.56,102.21,102.62,2780900
2018/10/16,103.07,104.47,102.69,104.27,3121000
2018/10/17,104.33,105.29,103.92,104.34,3792400
2018/10/18,104.53,104.76,102.29,102.84,4538200
2018/10/19,104.06,107.55,104.06,106.73,5726300
2018/10/22,106.61,106.96,104.45,104.51,5003100
2018/10/23,102.41,104.52,101.84,104.38,4223800
2018/10/24,104.43,104.95,101.51,101.84,4056700
2018/10/25,102.48,104.17,101.80,103.60,3378900
2018/10/26,102.54,102.66,100.14,101.25,5395700
2018/10/29,102.47,103.25,100.04,101.19,4238700
2018/10/30,101.60,102.39,100.41,102.08,3778200
2018/10/31,103.06,103.71,102.55,102.73,4511300
2018/11/1,103.26,104.27,103.02,104.04,2786800
2018/11/2,104.93,105.05,102.89,103.71,4322200
2018/11/5,104.04,105.40,103.80,105.21,2697700
2018/11/6,104.98,105.66,104.37,104.98,2856000
2018/11/7,105.73,107.48,104.90,107.31,3606900
2018/11/8,107.03,108.63,107.03,108.50,2896700
2018/11/9,108.38,109.33,107.35,108.28,4444000
2018/11/12,108.16,108.44,106.30,106.49,3154600
2018/11/13,106.65,108.20,106.47,107.86,3021800
2018/11/14,108.61,109.33,106.89,107.77,4978100
2018/11/15,106.68,109.70,106.34,109.60,3742600
2018/11/16,108.58,110.38,108.58,109.46,3486200
2018/11/19,109.90,110.02,107.42,108.25,3161200
2018/11/20,107.55,107.90,105.46,106.09,3779000
2018/11/21,106.37,107.67,106.13,106.50,2791000
2018/11/22,106.37,107.67,106.13,106.50,2791000
2018/11/23,105.88,106.45,105.31,105.74,938800
2018/11/26,107.15,109.73,106.83,109.68,4488500
2018/11/27,109.50,110.36,108.73,110.11,2837900
2018/11/28,110.33,113.18,110.33,112.89,3995900
2018/11/29,112.00,112.26,110.48,111.31,4249500
2018/11/30,110.37,112.45,110.37,112.27,3949500
2018/12/3,113.99,114.55,112.00,112.36,3399400
2018/12/4,111.86,112.16,107.54,107.64,5238400
2018/12/5,111.86,112.16,107.54,107.64,5238400
2018/12/6,105.64,108.39,104.78,108.25,7455200
2018/12/7,108.20,109.62,105.76,106.68,4419400
2018/12/10,105.94,106.72,103.50,105.79,4110000
2018/12/11,107.39,108.01,104.51,105.40,3132200
2018/12/12,107.27,108.73,106.50,107.48,4183800
2018/12/13,107.77,108.36,106.33,106.70,3542600
2018/12/14,105.77,106.45,104.93,105.70,5245400
2018/12/17,105.46,105.46,100.78,101.18,7345500
2018/12/18,101.98,102.57,100.47,101.02,5220800
2018/12/19,99.76,102.00,98.20,98.77,6195600
2018/12/20,97.91,98.87,95.26,95.77,7110500
2018/12/21,95.20,96.63,91.15,91.33,11005300
2018/12/24,90.74,91.55,89.50,89.50,3190900
2018/12/25,90.74,91.55,89.50,89.50,3190900
2018/12/26,89.85,93.89,89.05,93.84,5383700
2018/12/27,92.36,94.68,91.26,94.68,4226600
2018/12/28,95.40,95.65,93.95,94.42,3225100
2018/12/31,95.13,95.61,94.30,95.32,2821100
2019/1/1,95.13,95.61,94.30,95.32,2821100
2019/1/2,93.91,96.27,93.77,95.68,4175400
2019/1/3,94.79,95.18,93.23,93.43,4776600
2019/1/4,95.37,98.35,94.90,97.64,4637200
2019/1/7,97.77,98.92,97.02,98.17,3289000
2019/1/8,98.69,99.52,97.52,98.65,3227200
2019/1/9,98.74,99.59,98.15,98.83,2954500
2019/1/10,98.45,98.67,97.82,98.26,3523800
2019/1/11,97.88,98.68,97.36,98.55,2770600
2019/1/14,97.76,99.03,97.62,98.44,4120500
2019/1/15,98.61,98.87,97.74,97.99,5795100
2019/1/16,98.94,99.96,98.51,99.41,4701900
2019/1/17,99.41,100.24,98.57,99.49,5693300
2019/1/18,98.19,100.81,96.37,100.48,9872500
2019/1/21,98.19,100.81,96.37,100.48,9872500
2019/1/22,99.85,100.68,98.96,99.83,4699800
2019/1/23,99.93,100.19,98.46,99.71,3585100
2019/1/24,99.69,100.54,99.38,99.72,3415900
2019/1/25,100.43,101.59,100.09,100.77,3488300
2019/1/28,100.05,100.41,99.48,100.38,3185400
2019/1/29,100.94,101.42,100.54,100.96,2827400
2019/1/30,101.09,102.85,100.54,102.67,3501500
2019/1/31,102.00,102.90,101.70,102.70,4302100
2019/2/1,102.41,103.53,102.41,103.06,4727800
2019/2/4,103.04,103.46,102.52,103.42,2578300
2019/2/5,103.63,104.18,103.41,103.90,2231200
2019/2/6,103.85,105.08,103.43,104.96,3595700
2019/2/7,104.06,104.78,103.61,104.39,3857300
2019/2/8,103.73,104.52,103.43,104.52,2581900
2019/2/11,104.95,105.56,104.81,105.41,2653800
2019/2/12,106.27,107.43,106.26,107.00,3238600
2019/2/13,107.55,108.47,107.10,107.56,3182100
2019/2/14,107.00,107.36,106.24,106.62,2385900
2019/2/15,107.33,108.09,107.12,107.38,3882300
2019/2/18,107.33,108.09,107.12,107.38,3882300
2019/2/19,107.05,107.23,106.46,106.50,3692800
2019/2/20,106.57,107.18,106.50,106.78,3840800
2019/2/21,106.74,106.95,106.32,106.61,2566500
2019/2/22,106.98,107.55,106.86,107.44,2256400
2019/2/25,108.20,108.85,106.76,106.93,3333500
2019/2/26,106.67,107.62,106.42,106.94,2548100
2019/2/27,106.86,107.63,106.60,107.42,2393500
2019/2/28,107.22,108.45,107.08,107.74,3295800
2019/3/1,108.40,109.65,108.20,108.90,2682000
2019/3/4,109.56,110.09,107.76,109.00,4053200
2019/3/5,109.03,109.32,108.32,108.85,2685700
2019/3/6,108.93,109.45,108.85,108.98,2616000
2019/3/7,108.56,108.63,107.40,107.86,3048200
2019/3/8,106.79,108.07,106.68,107.98,2077100
2019/3/11,109.01,109.79,108.71,109.56,3289200
2019/3/12,109.74,111.28,109.74,110.43,3917500
2019/3/13,110.18,112.26,110.09,112.14,4234100
2019/3/14,112.39,112.78,111.88,112.35,3538200
2019/3/15,112.71,113.77,112.53,113.52,4780400
2019/3/18,113.75,114.25,113.16,113.55,2918000
2019/3/19,114.22,114.22,112.36,112.67,3331300
2019/3/20,112.26,112.46,110.60,110.77,3309300
2019/3/21,109.96,112.18,109.81,111.82,3111000
2019/3/22,111.29,111.32,108.99,109.46,3737400
2019/3/25,109.28,110.07,108.19,109.04,3596200
2019/3/26,109.99,110.40,109.05,109.50,2844500
2019/3/27,109.68,110.00,108.33,108.98,3346600
2019/3/28,109.42,109.88,108.49,109.16,2693300
2019/3/29,110.20,110.39,109.14,109.30,4891000
2019/4/1,110.29,112.04,110.08,111.70,5125100
2019/4/2,111.21,111.46,110.37,111.00,3568900
2019/4/3,111.82,112.00,110.35,110.56,3719700
2019/4/4,110.33,110.49,109.50,110.12,3619600
2019/4/5,110.48,111.21,110.44,110.96,4553700
2019/4/8,110.62,110.85,109.92,110.70,4776600
2019/4/9,110.01,110.31,109.49,109.85,2869300
2019/4/10,110.48,110.48,109.52,110.16,2650100
2019/4/11,110.51,110.83,109.42,109.85,2320600
2019/4/12,110.82,111.55,110.45,110.91,2316900
2019/4/15,110.92,110.97,110.25,110.53,2285000
2019/4/16,111.09,112.03,110.94,111.88,2523400
2019/4/17,112.31,112.50,111.25,111.76,3799900
2019/4/18,112.25,114.14,111.32,113.67,6186800
2019/4/19,112.25,114.14,111.32,113.67,6186800
2019/4/22,112.60,113.40,112.23,112.33,3174400
2019/4/23,112.19,114.04,111.90,113.97,3342800
2019/4/24,113.76,114.36,113.42,114.02,2318400
2019/4/25,115.23,116.50,114.75,115.88,4595200
2019/4/26,116.59,117.73,116.10,117.60,2990600
2019/4/29,117.24,117.70,116.55,116.76,3096200
2019/4/30,117.05,117.35,116.10,117.23,2387900
2019/5/1,117.47,117.99,116.93,117.02,2450500
2019/5/2,117.00,117.65,116.68,117.25,2538700
2019/5/3,117.91,119.66,117.63,119.35,2856200
2019/5/6,117.26,119.61,117.05,119.34,2924500
2019/5/7,118.37,119.41,117.65,118.22,6282300
2019/5/8,117.83,118.11,116.82,117.49,4037500
2019/5/9,116.15,117.29,115.38,117.26,3219600
2019/5/10,116.86,118.93,116.21,118.46,2435100
2019/5/13,116.42,116.89,115.62,115.90,3710600
2019/5/14,115.98,117.73,115.77,117.01,2460700
2019/5/15,116.18,118.23,115.90,117.66,2711400
2019/5/16,117.77,120.35,117.77,119.84,4143500
2019/5/17,118.60,119.59,118.51,119.07,5273600
2019/5/20,118.83,120.32,118.62,119.84,2765600
2019/5/21,120.47,120.68,119.34,120.55,3369100
2019/5/22,120.36,120.88,119.44,120.01,2941100
2019/5/23,119.27,119.40,117.85,118.43,3290200
2019/5/24,119.21,119.63,118.33,119.51,2240100
2019/5/27,119.21,119.63,118.33,119.51,2240100
2019/5/28,119.36,120.12,118.17,118.17,2550300
2019/5/29,117.71,117.81,116.04,117.01,2553900
2019/5/30,117.21,117.31,116.11,116.74,1882400
2019/5/31,115.77,115.98,114.56,114.71,2969100
2019/6/3,114.56,115.93,113.89,114.62,2968500
2019/6/4,115.71,117.00,115.23,116.85,3043200
2019/6/5,117.18,118.24,117.01,118.12,2568100
2019/6/6,118.42,119.64,118.15,119.43,2209300
2019/6/7,119.87,121.36,119.56,121.11,2481800
2019/6/10,121.60,123.45,121.41,122.66,3453700
2019/6/11,123.55,124.74,123.08,123.23,3303800
2019/6/12,122.92,123.19,121.59,122.03,2685700
2019/6/13,122.09,122.70,121.42,121.86,2343900
2019/6/14,122.01,122.61,120.94,122.00,2483800
2019/6/17,122.24,122.24,121.30,121.45,2094200
2019/6/18,122.81,125.05,122.21,123.43,2729200
2019/6/19,124.24,124.92,123.68,124.68,2951700
2019/6/20,125.69,126.40,124.47,124.92,3303200
2019/6/21,125.20,126.31,124.56,124.73,5703800
2019/6/24,124.98,125.42,124.01,124.14,2680900
2019/6/25,124.27,124.57,123.04,123.16,2387800
2019/6/26,123.18,124.00,123.03,123.59,1902500
2019/6/27,123.69,124.41,123.56,123.94,1504300
2019/6/28,124.29,124.55,123.20,123.44,4338900
2019/7/1,125.30,126.40,124.55,124.92,4008800
2019/7/2,124.78,125.33,124.60,125.10,4076100
2019/7/3,125.21,126.05,124.94,125.86,3714300
2019/7/4,125.21,126.05,124.94,125.86,3714300
2019/7/5,126.13,126.19,124.31,125.40,3731500
2019/7/8,124.99,125.23,124.64,124.85,3332000
2019/7/9,124.27,126.04,124.18,125.90,2237100
2019/7/10,126.70,128.42,126.70,126.89,2733800
2019/7/11,126.98,127.69,126.44,127.28,2928100
2019/7/12,127.55,128.00,126.87,127.96,1639400
2019/7/15,128.25,128.68,127.76,128.57,2355700
2019/7/16,129.22,129.34,127.80,128.06,2734000
2019/7/17,128.02,128.64,127.01,127.08,2248900
2019/7/18,126.69,129.09,126.66,128.40,3524500
2019/7/19,126.80,128.00,123.80,124.82,7819000
2019/7/22,124.75,126.01,124.70,126.00,4839700
2019/7/23,126.38,128.98,126.36,128.20,4055100
2019/7/24,127.71,128.22,126.79,127.95,3628300
2019/7/25,127.81,128.19,126.50,127.15,2663500
2019/7/26,127.09,127.56,126.30,126.78,4236200
2019/7/29,126.91,127.46,126.54,127.19,1829500
2019/7/30,126.57,126.91,126.30,126.47,1575400
2019/7/31,126.53,126.59,123.62,124.37,3221000
2019/8/1,123.77,126.13,123.52,124.09,4489800
2019/8/2,123.92,124.91,123.08,124.31,3268800
2019/8/5,122.46,123.08,120.16,120.72,5876200
2019/8/6,121.06,122.85,120.87,122.55,3497000
2019/8/7,120.92,123.85,120.22,123.54,3170800
2019/8/8,123.85,125.70,123.70,125.29,2976100
2019/8/9,125.58,126.74,124.72,126.17,2138300
2019/8/12,124.99,125.71,123.80,123.95,2918000
2019/8/13,123.86,126.50,122.51,126.32,3175700
2019/8/14,124.35,125.33,122.13,122.65,5626300
2019/8/15,122.65,123.00,121.14,122.38,3031700
2019/8/16,123.50,124.75,122.69,124.63,2343400
2019/8/19,126.10,126.15,124.34,124.40,3286700
2019/8/20,123.63,123.78,121.34,121.42,3641600
2019/8/21,122.50,123.06,121.99,122.50,2948300
2019/8/22,123.31,123.71,121.77,122.27,2322100
2019/8/23,122.00,122.05,117.06,117.76,4800400
2019/8/26,118.33,118.94,117.38,118.53,3170600
2019/8/27,119.09,119.34,116.85,117.75,3145800
2019/8/28,117.03,119.31,116.97,119.09,2327400
2019/8/29,120.46,121.20,119.96,120.74,1901300
2019/8/30,121.47,121.66,119.82,120.37,2366200
2019/9/2,121.47,121.66,119.82,120.37,2366200
2019/9/3,119.86,120.28,117.52,117.60,3198700
2019/9/4,118.42,118.73,117.80,118.40,3746900
2019/9/5,119.50,121.63,119.50,120.67,5261100
2019/9/6,121.14,121.19,120.00,120.19,4552400
2019/9/9,121.21,121.41,119.52,119.92,5336000
2019/9/10,119.60,119.61,116.30,117.31,6196100
2019/9/11,117.12,118.10,116.75,118.00,3674400
2019/9/12,119.00,120.43,118.78,119.02,3733500
2019/9/13,119.24,119.97,118.29,119.20,3941100
2019/9/16,118.14,118.44,116.68,117.64,4280600
2019/9/17,117.90,119.13,117.50,119.05,3054700
2019/9/18,118.59,118.80,117.47,118.74,2844500
2019/9/19,118.61,119.52,117.60,117.79,1975800
2019/9/20,117.83,118.24,116.37,116.80,5301500
2019/9/23,116.36,118.42,116.10,118.24,5089400
2019/9/24,118.89,120.20,117.52,118.17,5128400
2019/9/25,117.86,119.44,117.06,119.12,2742900
2019/9/26,119.31,120.03,118.84,118.91,3411200
2019/9/27,119.13,119.62,117.98,118.59,2909200
2019/9/30,119.05,119.24,118.14,118.28,2345800
2019/10/1,118.70,119.50,116.61,116.70,2841300
2019/10/2,115.76,115.81,112.75,112.86,4908800
2019/10/3,112.20,112.96,111.06,112.55,3529300
2019/10/4,112.66,114.53,112.60,114.41,2728200
2019/10/7,113.91,114.65,113.60,113.65,2556000
2019/10/8,112.83,113.65,112.05,112.54,3757300
2019/10/9,113.25,114.77,113.23,113.92,2365600
2019/10/10,114.81,115.79,113.93,115.02,2384300
2019/10/11,116.74,117.57,116.19,116.40,2860400
2019/10/14,116.14,117.00,115.94,116.39,1864400
2019/10/15,117.03,118.19,116.73,117.59,2379700
2019/10/16,117.63,117.99,117.07,117.41,2136700
2019/10/17,118.01,119.33,117.96,119.10,3005500
2019/10/18,119.73,119.98,116.67,116.76,6188500
2019/10/21,117.55,119.38,117.49,119.05,4259500
2019/10/22,118.67,119.35,118.29,118.61,3912100
2019/10/23,118.42,119.23,115.51,116.49,3921100
2019/10/24,116.44,116.90,116.14,116.41,2551300
2019/10/25,116.36,118.51,116.27,118.26,2325000
2019/10/28,118.64,119.30,118.07,118.58,2552700
2019/10/29,118.09,118.83,117.08,117.42,2756300
2019/10/30,117.44,118.17,116.86,118.07,2264400
2019/10/31,117.79,118.21,116.89,117.28,2507400
2019/11/1,118.41,119.45,118.17,119.14,2036600
2019/11/4,119.62,120.50,119.01,119.62,1956400
2019/11/5,119.84,119.96,117.76,118.77,2630000
2019/11/6,118.89,119.72,118.89,119.69,2420700
2019/11/7,120.27,122.43,120.10,121.28,2845000
2019/11/8,121.01,121.81,120.89,121.47,1984600
2019/11/11,120.76,121.81,120.51,120.90,1704100
2019/11/12,120.87,121.23,120.41,120.89,2012400
2019/11/13,120.27,120.97,120.13,120.26,1807900
2019/11/14,120.00,120.98,119.80,120.93,1990600
2019/11/15,120.98,121.33,120.39,120.76,2341500
2019/11/18,120.56,120.85,119.40,119.66,2617900
2019/11/19,120.01,120.45,119.86,120.00,1891000
2019/11/20,119.83,120.23,118.93,119.30,2544100
2019/11/21,119.29,119.47,118.49,118.80,2783800
2019/11/22,119.21,119.29,118.41,119.06,1629700
2019/11/25,119.14,120.60,119.14,120.60,2285400
2019/11/26,120.91,121.04,119.60,119.79,4596200
2019/11/27,120.00,120.36,119.35,120.33,2629700
2019/11/28,120.00,120.36,119.35,120.33,2629700
2019/11/29,120.07,120.89,119.78,120.12,1961500
2019/12/2,120.31,120.36,117.07,117.26,5538200
2019/12/3,116.04,116.75,114.65,116.57,3792300
2019/12/4,117.31,118.54,117.00,117.94,2444100
2019/12/5,117.91,118.43,117.59,118.28,3128300
2019/12/6,120.21,121.44,119.91,120.61,3287600
2019/12/9,120.44,121.53,120.11,120.46,2885200
2019/12/10,120.45,121.47,120.03,120.90,2518200
2019/12/11,120.88,121.38,120.10,120.64,2015300
2019/12/12,120.60,123.07,120.05,122.64,2933800
2019/12/13,122.47,124.99,122.08,124.72,3919000
2019/12/16,125.65,126.33,123.34,123.68,3416100
2019/12/17,123.99,125.40,123.25,124.95,4325200
2019/12/18,125.03,125.07,124.08,124.26,3154200
2019/12/19,124.18,124.90,123.88,124.83,2543600
2019/12/20,125.86,126.28,124.83,125.77,5828700
2019/12/23,125.74,125.74,123.70,124.49,3031400
2019/12/24,124.95,125.33,124.38,124.74,953500
2019/12/25,124.95,125.33,124.38,124.74,953500
2019/12/26,124.98,125.44,124.53,125.41,1486600
2019/12/27,125.84,125.97,125.11,125.19,1788600
2019/12/30,125.20,125.46,124.18,124.30,2306500
2019/12/31,124.29,124.57,123.78,124.49,2340400
2020/1/1,124.29,124.57,123.78,124.49,2340400
2020/1/2,124.66,126.27,124.23,125.85,2708000
2020/1/3,124.32,125.10,123.94,124.60,2090600
2020/1/6,123.37,124.16,123.12,124.06,2855200
2020/1/7,123.47,124.40,123.36,123.41,2042300
2020/1/8,124.05,126.36,123.80,125.54,3458200
2020/1/9,126.49,127.88,126.39,127.81,2787100
2020/1/10,127.58,128.17,126.92,127.28,2789200
2020/1/13,127.84,128.95,127.63,128.54,3285700
2020/1/14,128.62,130.09,128.34,128.80,3836000
2020/1/15,128.69,129.84,128.45,129.82,3187200
2020/1/16,130.50,130.93,129.71,130.55,2424500
2020/1/17,131.45,131.86,130.79,131.52,3659400
2020/1/20,131.45,131.86,130.79,131.52,3659400
2020/1/21,131.11,131.82,130.39,130.53,3102700
2020/1/22,130.93,132.27,130.93,131.49,2483800
2020/1/23,131.26,131.57,130.14,131.37,3841000
2020/1/24,136.36,138.13,133.85,135.11,8612500
2020/1/27,131.15,131.98,128.87,130.64,6432400
2020/1/28,132.00,133.87,131.14,132.45,3712700
2020/1/29,132.48,133.13,131.44,131.68,2518400
2020/1/30,130.75,133.33,130.44,133.22,2428500
2020/1/31,132.17,132.25,129.38,129.87,3522600
2020/2/3,130.55,132.22,130.45,131.00,2721900
2020/2/4,132.88,133.34,131.72,131.85,2547500
2020/2/5,133.43,133.80,131.29,133.60,4084500
2020/2/6,134.16,134.35,133.11,133.25,1708600
2020/2/7,132.57,132.75,131.34,131.82,2885600
2020/2/10,131.61,132.50,131.35,132.24,1816500
2020/2/11,133.03,133.65,132.32,132.63,1733300
2020/2/12,133.39,133.72,132.53,133.24,1715400
2020/2/13,133.15,134.67,133.06,134.46,3178300
2020/2/14,134.71,136.37,134.53,135.87,2360300
2020/2/17,134.71,136.37,134.53,135.87,2360300
2020/2/18,135.87,136.75,134.94,135.60,2428200
2020/2/19,136.30,137.42,136.12,136.93,1785000
2020/2/20,136.41,138.04,134.90,136.58,2541700
2020/2/21,136.20,136.27,133.89,134.90,3106100
2020/2/24,129.43,130.96,127.23,128.19,6329300
2020/2/25,127.71,127.99,119.91,120.90,7628100
2020/2/26,121.27,122.43,118.47,118.50,5268000
2020/2/27,115.90,117.48,112.78,112.81,8279800
2020/2/28,109.05,111.03,107.00,109.93,11362100
2020/3/2,111.11,113.99,108.59,113.87,9851600
2020/3/3,115.02,116.40,107.00,108.01,9285000
2020/3/4,110.25,115.79,109.25,115.70,7470900
2020/3/5,111.62,112.59,109.70,110.94,12060600
2020/3/6,105.73,108.77,103.79,108.24,9897700
2020/3/9,100.87,101.44,96.94,98.29,12266300
2020/3/10,101.93,103.37,97.45,103.30,9793200
2020/3/11,100.30,100.96,93.87,95.38,8822900
2020/3/12,87.66,89.61,81.81,83.53,12206600
2020/3/13,90.38,100.08,84.30,99.60,12680400
2020/3/16,82.44,93.18,80.37,85.87,15072400
2020/3/17,87.61,88.94,83.22,86.58,10512200
2020/3/18,80.02,81.52,67.00,73.75,14359300
2020/3/19,72.54,77.89,69.79,77.07,12330400
2020/3/20,78.98,82.44,72.56,74.12,12208600
2020/3/23,72.82,75.42,68.12,68.96,8907600
2020/3/24,73.51,84.77,71.70,84.05,10593900
2020/3/25,87.61,96.46,85.32,90.17,11046500
2020/3/26,92.24,99.69,90.84,93.29,9459400
2020/3/27,87.94,91.97,85.82,88.73,6999800
2020/3/30,88.51,91.39,85.27,90.27,5565000
2020/3/31,89.94,90.90,85.07,85.61,6075900
2020/4/1,80.65,81.31,77.00,77.84,8313400
2020/4/2,77.06,79.12,75.83,76.66,8338100
2020/4/3,76.00,76.66,72.61,73.60,10023100
2020/4/6,80.22,84.25,78.74,83.87,11253000
2020/4/7,91.43,93.30,87.42,87.58,8693200
2020/4/8,89.21,93.00,88.12,92.08,6122800
2020/4/9,94.59,97.85,93.46,94.82,6902500
2020/4/10,94.59,97.85,93.46,94.82,6902500
2020/4/13,93.29,93.42,87.94,90.33,5037700
2020/4/14,91.46,92.50,85.91,88.39,8703200
2020/4/15,83.43,85.40,80.68,83.79,10415600
2020/4/16,83.79,83.94,80.33,81.35,7526600
2020/4/17,85.32,87.39,84.28,87.39,8269000
2020/4/20,84.59,85.27,82.69,84.01,6140400
2020/4/21,80.73,82.46,79.47,81.52,7360300
2020/4/22,83.60,83.66,81.97,82.54,5130300
2020/4/23,83.24,84.78,81.71,82.46,5807200
2020/4/24,84.13,84.78,81.31,83.17,9125400
2020/4/27,83.47,85.15,82.34,85.06,7785000
2020/4/28,87.56,88.96,86.21,88.19,7165900
2020/4/29,91.75,96.39,90.89,96.12,9396500
2020/4/30,93.75,94.31,91.17,91.25,6553700
2020/5/1,88.10,89.07,87.16,88.32,4620200
2020/5/4,86.09,87.37,85.02,86.38,4875400
2020/5/5,88.00,88.73,86.36,86.74,4410300
2020/5/6,87.49,87.76,83.86,84.00,4723400
2020/5/7,85.30,87.37,84.93,86.73,4627600
2020/5/8,88.50,89.66,87.55,89.50,3913100
2020/5/11,87.50,87.65,85.30,85.33,5917600
2020/5/12,86.10,87.26,83.10,83.14,5504900
2020/5/13,82.00,82.13,77.40,78.03,10681600
2020/5/14,76.92,83.90,76.00,83.81,10625100
2020/5/15,82.47,83.39,81.22,82.22,6618600
2020/5/18,86.72,89.00,85.92,88.41,7781700
2020/5/19,88.42,89.84,86.61,87.26,4920600
2020/5/20,89.18,91.34,88.77,90.73,5218500
2020/5/21,90.11,91.43,89.12,89.83,6241900
2020/5/22,89.71,89.95,88.21,89.33,3734500
2020/5/25,89.71,89.95,88.21,89.33,3734500
2020/5/26,93.94,95.57,92.89,94.32,6559400
2020/5/27,100.00,101.69,96.80,101.23,11007700
2020/5/28,101.54,102.46,98.01,98.06,9268200
2020/5/29,95.50,97.11,94.66,95.07,7710900
2020/6/1,95.56,98.07,94.56,96.75,4269500
2020/6/2,98.60,100.49,98.17,99.07,5433800
2020/6/3,102.78,105.87,101.63,105.40,7301000
2020/6/4,103.47,107.43,103.23,106.54,5841600
2020/6/5,114.11,115.93,108.07,109.73,10097600
2020/6/8,111.91,113.71,110.64,113.67,6795200
2020/6/9,110.08,111.80,108.67,110.46,5517400
2020/6/10,110.00,110.33,105.96,106.16,5747400
2020/6/11,100.87,102.99,98.13,98.60,8601200
2020/6/12,103.21,103.50,98.08,101.68,7251100
2020/6/15,100.00,104.74,97.62,103.95,6472400
2020/6/16,109.02,109.06,102.86,105.62,6706000
2020/6/17,105.67,106.12,103.83,103.96,4408200
2020/6/18,102.14,103.49,101.27,102.16,3645700
2020/6/19,104.23,104.23,99.32,100.94,7589500
2020/6/22,98.00,100.50,97.95,99.44,4799900
2020/6/23,100.94,101.65,99.25,99.42,4364800
2020/6/24,97.65,98.27,95.00,95.48,5958300
2020/6/25,94.61,98.12,93.76,97.85,5195400
2020/6/26,95.93,96.30,92.45,93.42,10489400
2020/6/29,94.44,95.41,93.34,94.52,4962400
2020/6/30,94.16,95.60,93.57,95.20,4367100
2020/7/1,95.25,96.96,93.64,94.05,3301000
2020/7/2,96.77,97.29,93.85,94.33,4239700
2020/7/3,96.77,97.29,93.85,94.33,4239700
2020/7/6,96.51,97.90,95.84,96.58,4059600
2020/7/7,95.44,95.52,92.63,93.01,5564200
2020/7/8,91.97,93.10,90.71,92.90,6382100
2020/7/9,92.51,93.21,89.58,90.57,4484500
2020/7/10,90.32,93.31,89.82,93.23,4400900
2020/7/13,94.24,95.76,92.78,93.56,4819700
2020/7/14,93.19,95.22,92.29,94.84,4044400
2020/7/15,96.66,97.78,96.39,97.36,5405600
2020/7/16,96.50,97.79,95.67,96.32,2666000
2020/7/17,96.35,96.53,95.01,95.18,2861600
2020/7/20,94.80,95.36,93.58,94.00,3560100
2020/7/21,95.25,97.46,94.73,96.33,4227100
2020/7/22,95.81,97.41,95.38,96.54,4360300
2020/7/23,95.51,97.78,95.51,96.67,4239800
2020/7/24,95.30,97.15,93.30,95.33,4790300
2020/7/27,94.64,95.98,93.64,95.79,3501800
2020/7/28,95.76,96.29,94.18,94.42,3567400
2020/7/29,94.71,96.75,94.44,96.69,2791700
2020/7/30,94.68,94.78,92.50,94.65,3856300
2020/7/31,94.31,94.45,92.23,93.32,4088200
2020/8/3,93.31,94.40,92.44,93.54,2869000
2020/8/4,93.49,93.80,92.49,93.19,2415100
2020/8/5,93.82,95.58,93.81,95.39,2844900
2020/8/6,95.18,96.27,94.48,95.92,2698800
2020/8/7,95.29,99.30,94.95,99.16,4690700
2020/8/10,99.49,102.65,99.26,101.62,5254800
2020/8/11,103.99,105.70,102.96,103.26,4744000
2020/8/12,104.76,104.80,100.68,101.68,3407800
2020/8/13,100.53,101.83,99.50,100.42,3265400
2020/8/14,99.66,101.29,99.27,100.41,1956500
2020/8/17,99.92,100.00,97.44,97.55,7488500
2020/8/18,98.19,98.83,96.47,96.67,3337300
2020/8/19,96.82,97.91,95.89,96.89,3079600
2020/8/20,95.74,97.58,95.68,96.72,3102500
2020/8/21,96.49,97.65,95.96,96.15,2845100
2020/8/24,96.68,99.37,96.39,99.33,4141100
2020/8/25,100.62,100.79,98.03,99.05,2946600
2020/8/26,98.56,99.14,97.81,98.40,2936500
2020/8/27,98.76,102.14,98.53,101.53,3992100
2020/8/28,102.15,102.90,100.74,102.54,4382900
2020/8/31,102.90,102.90,101.36,101.59,4665800
2020/9/1,100.54,102.78,100.16,102.47,3142500
2020/9/2,102.58,104.87,102.29,104.40,3536900
2020/9/3,104.97,109.03,103.85,104.46,6747900
2020/9/4,106.35,108.28,104.48,105.67,5235100
2020/9/7,106.35,108.28,104.48,105.67,5235100
2020/9/8,104.42,105.08,103.30,103.67,4517000
2020/9/9,104.57,104.71,102.69,103.78,2474700
2020/9/10,104.19,105.11,102.31,102.77,3288900
2020/9/11,102.91,103.85,102.01,103.36,2604400
2020/9/14,104.65,107.69,104.22,107.27,3620100
2020/9/15,107.84,108.12,106.24,106.68,3371500
2020/9/16,106.73,107.49,104.69,105.98,5798900
2020/9/17,104.27,105.35,103.32,104.66,3215300
2020/9/18,104.46,106.12,103.31,103.44,6630300
2020/9/21,100.60,100.63,96.22,98.17,8339900
2020/9/22,98.01,99.78,96.41,98.48,4884400
2020/9/23,95.76,97.10,95.09,95.56,9427200
2020/9/24,95.34,96.90,93.71,95.45,4249000
2020/9/25,94.68,96.85,94.46,96.26,2775600
2020/9/28,99.00,99.73,98.63,98.82,3930900
2020/9/29,98.74,99.35,97.23,97.75,3200400
2020/9/30,98.23,101.52,98.23,100.25,5060900
2020/10/1,100.33,101.48,99.37,101.33,4179300
2020/10/2,99.78,103.14,98.63,101.61,3783300
2020/10/5,103.33,104.08,102.27,103.89,2863200
2020/10/6,105.01,105.29,101.32,101.76,3309200
2020/10/7,102.81,104.15,102.39,103.38,3048400
2020/10/8,104.33,106.14,104.06,106.06,2922600
2020/10/9,105.99,107.21,105.24,106.34,3511300
2020/10/12,106.46,107.01,106.00,106.61,2626700
2020/10/13,105.89,106.59,104.76,105.01,2602600
2020/10/14,105.38,106.27,104.76,104.81,2826300
2020/10/15,103.44,104.89,103.02,104.43,2699300
2020/10/16,104.65,105.68,104.20,104.91,2394300
2020/10/19,105.13,105.22,102.25,102.47,3196500
2020/10/20,102.94,104.61,102.83,103.14,2954700
2020/10/21,103.17,103.39,101.36,101.43,2588400
2020/10/22,101.70,104.86,101.57,104.79,3748800
2020/10/23,100.63,103.64,100.00,100.98,8921200
2020/10/26,99.77,100.10,95.78,96.88,5731500
2020/10/27,97.62,97.70,94.90,94.93,3780300
2020/10/28,91.96,93.57,91.00,91.60,7037800
2020/10/29,91.41,92.23,90.13,91.07,5419500
2020/10/30,90.80,91.32,89.11,91.24,4736300
2020/11/2,92.96,94.13,92.27,93.40,3572900
2020/11/3,94.75,96.85,94.40,96.29,4004300
2020/11/4,94.00,97.82,92.86,96.40,4545500
2020/11/5,97.21,98.32,96.84,98.11,4197300
2020/11/6,98.52,98.64,96.27,96.69,3126300
2020/11/9,110.54,119.81,110.19,117.37,17261700
2020/11/10,118.59,119.89,115.12,115.95,7056800
2020/11/11,115.93,116.00,110.30,111.12,5642700
2020/11/12,109.82,112.12,109.55,111.10,4941200
2020/11/13,112.34,115.64,112.21,114.99,4811500
2020/11/16,119.10,120.39,116.75,118.67,5339100
2020/11/17,116.97,117.79,114.14,116.48,4023200
2020/11/18,116.94,118.76,114.19,114.24,3264300
2020/11/19,113.78,114.80,112.53,114.14,3249800
2020/11/20,113.74,114.54,111.90,112.58,3702300
2020/11/23,114.24,116.78,113.72,116.09,3022900
2020/11/24,119.00,120.84,117.89,120.39,6163400
2020/11/25,119.50,120.98,118.25,120.58,4646600
2020/11/26,119.50,120.98,118.25,120.58,4646600
2020/11/27,120.53,121.69,119.79,120.59,2447700
2020/11/30,120.03,121.48,118.00,118.59,3517700
2020/12/1,120.32,122.57,119.85,119.93,3583400
2020/12/2,119.28,122.85,118.90,122.33,3271900
2020/12/3,122.85,123.95,122.12,123.12,4285100
2020/12/4,124.35,125.32,123.85,125.04,5048600
2020/12/7,124.51,124.87,122.63,123.94,4253700
2020/12/8,122.47,124.55,122.02,123.52,3623000
2020/12/9,123.28,123.96,121.01,121.69,3622800
2020/12/10,120.72,122.13,119.70,121.84,2818800
2020/12/11,120.11,120.50,118.84,120.23,2942800
2020/12/14,121.73,121.79,116.65,117.36,5336300
2020/12/15,118.79,119.31,115.56,119.10,4528900
2020/12/16,118.93,119.59,118.28,119.00,2943700
2020/12/17,119.41,119.67,118.46,118.98,3746700
2020/12/18,118.59,119.36,116.65,117.51,8394100
2020/12/21,115.77,118.00,113.72,116.41,4528300
2020/12/22,116.19,116.26,114.38,114.55,3632300
2020/12/23,115.78,118.19,115.78,116.95,2725200
2020/12/24,116.93,117.44,115.82,117.35,707000
2020/12/25,116.93,117.44,115.82,117.35,707000
2020/12/28,118.05,119.35,117.60,118.36,1878700
2020/12/29,119.24,119.35,118.00,118.14,1860400
2020/12/30,118.25,119.95,118.15,119.43,1954200
2020/12/31,119.71,121.06,119.16,120.91,1747800
2021/1/1,119.71,121.06,119.16,120.91,1747800
2021/1/4,121.30,121.80,116.85,118.04,3472100
2021/1/5,118.26,119.28,117.10,118.67,2112700
2021/1/6,121.00,124.73,120.81,123.06,5861500
2021/1/7,124.10,125.69,117.35,121.66,8696600
2021/1/8,122.07,122.20,119.52,121.78,2934500
2021/1/11,120.42,121.41,119.39,121.06,3311000
2021/1/12,122.00,122.32,120.72,121.62,2671300
2021/1/13,121.60,123.89,121.16,122.40,3678300
2021/1/14,122.65,124.50,122.09,123.78,3404700
2021/1/15,122.48,122.86,121.71,122.15,3948200
2021/1/18,122.48,122.86,121.71,122.15,3948200
2021/1/19,125.49,128.06,124.24,126.75,5818500
2021/1/20,127.19,129.54,127.07,128.94,4090200
2021/1/21,128.29,128.89,126.10,127.43,3654900
2021/1/22,125.74,127.06,124.88,126.14,2954800
2021/1/25,124.24,125.00,120.32,121.15,6156700
2021/1/26,118.75,120.29,115.72,116.15,8932500
2021/1/27,114.86,116.80,112.10,114.09,5816900
2021/1/28,117.43,120.38,116.60,118.97,5788500
2021/1/29,117.74,118.39,115.81,116.26,5059300
2021/2/1,117.70,119.29,117.00,117.03,3359800
2021/2/2,118.29,122.42,118.28,120.70,4036700
2021/2/3,120.08,120.98,119.56,120.44,2782500
2021/2/4,120.99,125.41,120.80,124.90,3915900
2021/2/5,126.62,127.34,125.63,126.28,3184200
2021/2/8,126.87,128.40,126.75,127.99,3360900
2021/2/9,127.65,127.66,126.20,126.68,2175000
2021/2/10,127.63,128.70,126.84,128.23,2929100
2021/2/11,127.45,129.12,126.98,128.31,3733000
2021/2/12,128.19,130.46,128.00,129.62,2873300
2021/2/15,128.19,130.46,128.00,129.62,2873300
2021/2/16,128.91,130.91,128.25,130.68,2730600
2021/2/17,130.08,131.16,128.44,128.56,3088800
2021/2/18,127.49,128.83,126.08,128.49,2269700
2021/2/19,129.49,133.36,129.49,131.71,3419500
2021/2/22,131.51,136.47,131.37,135.95,3923100
2021/2/23,136.47,138.31,134.28,136.94,4814400
2021/2/24,137.20,140.95,136.81,139.89,4099500
2021/2/25,140.62,140.64,136.37,137.08,3607500
2021/2/26,137.10,138.25,133.79,135.26,3654800
2021/3/1,138.18,139.77,138.12,138.71,2972100
2021/3/2,138.24,140.19,138.08,139.25,2929100
2021/3/3,140.00,144.25,140.00,142.59,4393700
2021/3/4,142.15,144.11,139.95,142.68,4461700
2021/3/5,144.66,147.96,142.08,147.33,5048300
2021/3/8,147.28,151.46,146.72,150.27,4283400
2021/3/9,148.58,149.08,144.11,145.10,5806100
2021/3/10,145.70,148.29,145.44,146.75,3049800
2021/3/11,146.00,147.82,145.13,147.75,3147700
2021/3/12,149.10,150.64,148.02,148.54,2420100
2021/3/15,148.04,148.92,146.03,146.99,2586300
2021/3/16,147.25,147.26,142.82,143.30,4031000
2021/3/17,144.76,144.82,141.90,144.68,3278500
2021/3/18,145.49,145.50,142.07,142.58,3173600
2021/3/19,141.90,141.94,139.74,140.71,5098300
2021/3/22,139.49,140.99,138.81,139.95,2274100
2021/3/23,138.94,139.50,135.13,136.08,4905400
2021/3/24,137.97,140.04,137.61,138.42,2638900
2021/3/25,137.95,142.53,136.76,142.28,2766400
2021/3/26,143.74,143.98,141.05,143.73,2687500
2021/3/29,141.98,143.07,140.31,142.37,2220600
2021/3/30,142.90,144.48,142.61,143.49,2034500
2021/3/31,142.98,143.26,141.35,141.44,2957300
2021/4/1,142.34,144.63,142.21,144.57,2629200
2021/4/2,142.34,144.63,142.21,144.57,2629200
2021/4/5,146.91,147.48,145.61,146.06,2960100
2021/4/6,145.98,146.53,144.38,146.15,2851200
2021/4/7,147.42,148.36,145.72,147.13,2399500
2021/4/8,146.80,147.16,144.68,147.04,2295600
2021/4/9,148.21,148.44,146.69,147.78,1783400
2021/4/12,147.26,147.77,146.41,147.57,1869000
2021/4/13,146.55,146.60,143.84,145.99,2132100
2021/4/14,145.81,148.75,145.70,147.42,2141800
2021/4/15,147.51,148.59,145.50,148.53,2901200
2021/4/16,149.71,150.45,148.69,149.99,3480000
2021/4/19,149.19,149.51,147.80,148.54,2259100
2021/4/20,147.21,147.50,144.51,145.10,2526700
2021/4/21,144.00,147.38,143.02,147.18,2161700
2021/4/22,147.57,148.92,145.87,147.16,3247300
2021/4/23,141.54,144.98,140.68,144.33,6395300
2021/4/26,146.80,151.12,145.56,150.34,4821100
2021/4/27,150.70,150.88,148.85,150.36,2692100
2021/4/28,150.68,153.46,149.44,152.54,2584500
2021/4/29,153.85,155.08,152.09,154.63,2636000
2021/4/30,153.60,154.04,152.48,153.35,2712700
2021/5/3,154.59,156.05,154.01,154.80,2726200
2021/5/4,154.48,155.74,152.84,154.53,3025100
2021/5/5,154.87,156.73,154.32,156.39,3001600
2021/5/6,156.86,157.51,154.02,156.88,2798800
2021/5/7,155.61,159.26,155.34,158.98,2617800
2021/5/10,159.75,160.69,158.50,158.68,2987600
2021/5/11,156.46,157.79,153.65,154.43,3900100
2021/5/12,154.72,155.90,152.07,152.30,3487400
2021/5/13,152.41,154.81,151.81,154.08,2269700
2021/5/14,155.39,157.94,154.53,157.15,1892700
2021/5/17,157.05,157.38,155.88,156.86,1541400
2021/5/18,157.36,158.30,154.86,154.99,2417800
2021/5/19,152.07,154.78,151.72,154.73,3526800
2021/5/20,155.47,156.25,153.93,155.53,3031100
2021/5/21,156.70,158.81,156.35,156.87,3424100
2021/5/24,157.70,158.91,156.95,158.64,1956900
2021/5/25,159.07,160.08,157.74,158.01,2484200
2021/5/26,158.16,159.38,157.37,158.58,3731600
2021/5/27,159.98,160.29,158.85,159.74,2828400
2021/5/28,160.26,160.64,158.86,160.13,2436400
2021/5/31,160.26,160.64,158.86,160.13,2436400
2021/6/1,162.51,164.11,161.55,163.76,3827800
2021/6/2,164.61,165.69,163.32,164.12,3384600
2021/6/3,163.68,165.42,162.82,164.52,2454800
2021/6/4,165.00,165.73,163.32,165.00,3239300
2021/6/7,165.63,166.65,165.37,165.92,2516400
2021/6/8,164.86,167.14,163.63,166.51,2486300
2021/6/9,165.27,166.14,163.80,164.09,2700100
2021/6/10,165.18,165.21,162.12,162.23,3024500
2021/6/11,163.00,164.54,162.51,164.51,1630100
2021/6/14,164.30,164.88,163.11,163.81,2125700
2021/6/15,163.93,166.90,163.80,166.27,3726100
2021/6/16,165.78,166.65,164.27,164.68,3281300
2021/6/17,165.97,166.00,160.53,162.13,4194400
2021/6/18,158.70,159.67,157.25,158.17,6900200
2021/6/21,160.08,165.21,159.13,164.90,3681400
2021/6/22,163.42,165.24,162.46,164.50,2697600
2021/6/23,165.03,166.86,164.79,166.02,2327600
2021/6/24,167.06,168.58,166.41,168.21,2417100
2021/6/25,168.45,170.41,168.45,169.45,9186000
2021/6/28,168.62,168.85,163.20,164.78,3433400
2021/6/29,165.57,166.32,163.23,164.25,2785900
2021/6/30,163.70,166.16,163.70,165.23,2331800
2021/7/1,165.65,167.37,164.69,166.94,2685900
2021/7/2,167.70,168.98,167.01,168.50,2028700
2021/7/5,167.70,168.98,167.01,168.50,2028700
2021/7/6,172.54,172.54,167.80,169.56,4688100
2021/7/7,169.60,174.76,169.38,170.98,3998900
2021/7/8,166.95,170.04,165.59,167.50,4628400
2021/7/9,170.00,172.31,169.21,171.94,3175200
2021/7/12,170.07,174.10,169.88,173.60,3154100
2021/7/13,174.00,174.74,172.42,172.62,2675000
2021/7/14,172.86,174.55,171.01,172.52,3123100
2021/7/15,171.14,173.26,171.10,172.85,3448200
2021/7/16,173.74,173.79,169.54,170.01,4359800
2021/7/19,165.65,166.38,161.48,162.81,6739800
2021/7/20,162.94,169.58,162.57,168.87,4243700
2021/7/21,170.74,173.62,169.74,172.51,3384500
2021/7/22,172.25,173.21,169.05,170.90,3335900
2021/7/23,176.53,179.67,172.95,173.18,6326600
2021/7/26,173.25,175.43,172.30,172.61,3115900
2021/7/27,170.46,175.12,169.96,172.94,7922600
2021/7/28,173.00,173.45,169.71,170.02,7961700
2021/7/29,171.39,173.82,171.00,171.95,3186900
2021/7/30,172.32,173.24,169.82,170.53,3441900
2021/8/2,171.14,173.36,168.76,169.27,2895700
2021/8/3,169.75,170.29,165.30,169.04,3642000
2021/8/4,168.30,170.44,167.32,168.06,3544400
2021/8/5,168.66,170.53,168.32,169.63,2535400
2021/8/6,170.53,172.85,169.74,171.36,2828700
2021/8/9,170.35,171.12,168.79,170.78,2560200
2021/8/10,170.73,171.70,168.68,169.49,3389500
2021/8/11,169.45,170.73,168.67,170.67,3843400
2021/8/12,170.02,170.11,167.97,168.52,3372800
2021/8/13,168.09,168.30,165.61,166.08,4157700
2021/8/16,164.77,165.90,162.63,165.75,3845400
2021/8/17,164.76,166.35,163.35,164.65,7631600
2021/8/18,163.83,165.14,162.06,162.13,3563700
2021/8/19,160.16,161.09,157.33,159.03,4256400
2021/8/20,158.85,159.99,158.06,159.75,3075000
2021/8/23,161.23,161.85,160.11,160.45,2006300
2021/8/24,160.60,161.90,160.19,161.20,2377600
2021/8/25,161.88,167.23,160.50,166.18,3579900
2021/8/26,165.97,166.50,164.38,165.51,3164700
2021/8/27,165.35,168.89,165.16,168.65,3002300
2021/8/30,168.16,168.30,164.21,164.26,2582100
2021/8/31,164.10,166.43,163.72,165.96,3536300
2021/9/1,166.34,167.28,164.13,164.44,2569000
2021/9/2,165.05,165.08,161.14,162.05,4350600
2021/9/3,160.75,161.28,158.17,159.30,4206500
2021/9/6,160.75,161.28,158.17,159.30,4206500
2021/9/7,158.87,160.66,158.57,159.72,3779000
2021/9/8,159.19,159.26,156.80,158.93,3056700
2021/9/9,158.78,162.15,158.54,159.39,3295800
2021/9/10,161.17,161.46,158.39,158.72,2943700
2021/9/13,160.64,161.80,159.75,161.45,3192500
2021/9/14,162.68,165.83,158.78,159.48,4281500
2021/9/15,160.02,162.31,159.21,161.34,2933100
2021/9/16,163.10,164.50,162.20,162.63,2765000
2021/9/17,161.57,164.25,161.57,163.92,6390600
2021/9/20,159.36,162.14,157.95,160.57,5976900
2021/9/21,161.91,165.35,161.69,163.27,3480600
2021/9/22,165.62,168.62,164.90,167.49,3562800
2021/9/23,169.49,174.10,169.31,173.36,4399200
2021/9/24,173.37,176.00,173.30,175.72,2680400
2021/9/27,177.67,178.80,176.33,176.77,3703300
2021/9/28,175.49,177.24,172.69,173.14,3862200
2021/9/29,172.89,172.98,170.40,171.54,2726100
2021/9/30,172.18,172.36,167.41,167.53,3088200
2021/10/1,168.50,175.12,168.48,173.94,3956000
2021/10/4,173.88,177.23,171.88,172.66,3613900
2021/10/5,173.43,176.06,172.64,174.76,2629400
2021/10/6,172.55,174.90,169.90,173.40,2922200
2021/10/7,175.50,176.87,173.70,174.29,3578800
2021/10/8,173.85,176.98,173.53,175.15,2375300
2021/10/11,175.79,176.79,173.33,173.46,2499200
2021/10/12,173.61,176.56,173.10,174.91,3069500
2021/10/13,172.78,174.09,167.08,168.72,5608100
2021/10/14,171.00,172.38,169.81,171.51,3061900
2021/10/15,173.77,177.77,173.15,175.81,3043900
2021/10/18,175.58,177.61,174.33,176.82,2623300
2021/10/19,177.73,178.00,176.26,177.31,1400100
2021/10/20,176.95,179.77,176.21,179.60,2398500
2021/10/21,179.58,179.79,176.01,177.47,3313800
2021/10/22,185.00,189.03,182.20,187.08,6026100
2021/10/25,186.73,187.21,181.83,182.31,3889600
2021/10/26,183.42,183.50,177.52,180.95,3832200
2021/10/27,180.10,183.73,177.91,178.03,3309900
2021/10/28,178.40,179.23,173.02,174.61,4865700
2021/10/29,175.63,176.67,173.04,173.78,3455400
2021/11/1,174.58,176.07,173.34,174.21,2250400
2021/11/2,175.00,175.20,172.57,173.17,3252900
2021/11/3,172.70,173.83,171.75,172.61,3831200
2021/11/4,172.13,174.02,171.66,172.53,3315400
2021/11/5,176.18,177.79,175.35,176.69,3936000
2021/11/8,178.07,182.09,177.79,180.05,3392000
2021/11/9,179.76,181.19,178.43,179.86,3203300
2021/11/10,179.36,183.48,179.36,181.39,3296700
2021/11/11,181.99,182.73,180.74,181.30,2119700
2021/11/12,180.71,182.38,179.65,181.89,2390200
2021/11/15,182.53,183.93,182.04,183.13,1748300
2021/11/16,183.40,183.40,179.74,180.92,3299200
2021/11/17,181.18,181.74,178.20,179.61,3543500
2021/11/18,180.00,180.37,175.84,176.21,4011500
2021/11/19,173.73,175.27,171.84,173.54,4456500
2021/11/22,174.99,175.25,170.89,170.90,4651700
2021/11/23,171.30,171.95,167.83,170.85,5890300
2021/11/24,168.48,171.98,167.90,171.61,3590600
2021/11/25,168.48,171.98,167.90,171.61,3590600
2021/11/26,165.09,165.24,154.50,156.82,6804200
2021/11/29,160.75,161.41,154.34,157.86,6258500
2021/11/30,155.09,155.87,151.70,152.30,7444900
2021/12/1,156.10,157.07,149.89,150.06,6145500
2021/12/2,151.68,157.91,151.46,156.77,6289300
2021/12/3,158.08,158.33,153.63,155.94,4069300
2021/12/6,159.07,162.74,158.05,160.68,4141900
2021/12/7,164.50,169.16,164.16,166.95,5124500
2021/12/8,167.98,170.54,167.28,168.93,4042400
2021/12/9,167.85,168.83,166.55,168.02,2245300
2021/12/10,169.38,170.58,165.96,167.03,2768500
2021/12/13,166.40,166.40,161.99,163.30,3477600
2021/12/14,162.14,165.26,161.06,162.85,2964200
2021/12/15,162.71,163.05,158.53,162.24,5013000
2021/12/16,164.00,165.18,161.90,163.00,4900100
2021/12/17,161.00,161.32,156.95,160.01,9576800
2021/12/20,157.00,158.21,153.78,155.89,3839600
2021/12/21,157.75,161.05,157.52,160.91,3722400
2021/12/22,160.53,163.17,160.45,162.47,2877700
2021/12/23,163.86,166.40,163.59,164.19,3140500
2021/12/24,163.86,166.40,163.59,164.19,3140500
2021/12/27,165.00,165.00,162.53,164.39,1687300
2021/12/28,163.60,166.13,163.60,164.41,2035300
2021/12/29,164.62,164.93,163.26,163.83,2082200
2021/12/30,164.62,165.80,164.00,164.16,1632900
2021/12/31,164.10,165.17,163.25,163.60,1743600
2022/1/3,164.51,168.40,164.40,168.21,3236400
2022/1/4,169.72,174.05,169.60,173.61,4799500
2022/1/5,174.71,176.31,171.50,171.76,4491900
2022/1/6,172.54,173.69,169.75,172.90,2649400
2022/1/7,172.49,175.36,171.86,174.38,3043000
2022/1/10,176.21,176.21,170.50,173.74,4269400
2022/1/11,174.54,175.72,172.49,175.38,2762700
2022/1/12,176.23,176.82,174.17,174.47,3224300
2022/1/13,174.92,176.38,172.85,173.29,3808800
2022/1/14,168.71,168.71,164.71,168.40,6508500
2022/1/17,168.71,168.71,164.71,168.40,6508500
2022/1/18,167.91,168.94,164.84,166.17,4336300
2022/1/19,166.73,166.73,161.17,161.39,3592000
2022/1/20,161.12,164.57,159.46,160.92,4205600
2022/1/21,159.95,161.88,157.68,158.74,3779100
2022/1/24,155.82,159.45,152.85,158.93,5405000
2022/1/25,166.14,174.47,159.66,173.11,13320800
2022/1/26,176.95,179.22,173.03,175.32,8257300
2022/1/27,176.70,178.20,170.63,171.90,3649900
2022/1/28,171.76,177.21,169.77,177.06,4271500
2022/1/31,175.91,180.13,175.22,179.82,5524300
2022/2/1,179.92,184.04,179.00,183.54,3471200
2022/2/2,182.51,184.58,181.64,184.16,2841400
2022/2/3,184.80,185.80,182.32,184.04,3380900
2022/2/4,184.91,188.68,184.18,185.85,4075800
2022/2/7,185.63,188.91,184.75,187.87,3260800
2022/2/8,188.08,194.53,187.61,194.00,5133900
2022/2/9,194.30,198.72,194.30,196.40,4614200
2022/2/10,196.36,198.23,194.61,195.51,4511100
2022/2/11,195.43,197.20,190.45,191.81,4834900
2022/2/14,192.26,194.15,190.92,192.35,3841300
2022/2/15,194.65,198.36,194.18,197.98,4134300
2022/2/16,197.50,199.55,197.24,198.38,4122600
2022/2/17,195.63,197.38,194.27,195.71,3051700
2022/2/18,194.92,197.75,194.20,194.88,2806300
2022/2/21,194.92,197.75,194.20,194.88,2806300
2022/2/22,195.18,196.15,191.75,192.44,3420600
2022/2/23,194.35,194.45,188.55,188.95,3562100
2022/2/24,180.47,188.50,179.05,188.35,5886600
2022/2/25,189.66,194.25,189.46,193.71,5426200
2022/2/28,189.63,195.13,189.23,194.54,5787800
2022/3/1,194.67,194.77,176.77,178.06,8562500
2022/3/2,179.79,182.24,178.10,180.31,4058800
2022/3/3,182.11,183.45,178.73,179.89,3339900
2022/3/4,176.62,176.83,170.82,172.95,5348600
2022/3/7,170.13,170.76,159.08,159.13,7760400
2022/3/8,160.52,166.29,155.72,160.05,7058900
2022/3/9,168.02,170.73,166.71,168.65,4788200
2022/3/10,165.59,170.96,164.83,169.60,3840900
2022/3/11,171.75,172.31,167.63,167.90,3000000
2022/3/14,171.33,174.71,169.71,172.79,4614600
2022/3/15,173.59,178.30,173.37,176.04,3827300
2022/3/16,179.18,182.76,176.30,180.61,5239300
2022/3/17,180.18,187.71,180.06,186.97,6398900
2022/3/18,188.69,191.00,184.84,190.72,8744100
2022/3/21,190.77,191.50,187.56,189.09,3166200
2022/3/22,190.50,194.35,190.06,191.33,3007000
2022/3/23,188.83,189.62,185.18,186.02,3664600
2022/3/24,186.61,189.37,185.70,188.89,2424400
2022/3/25,190.41,191.26,189.00,190.28,1871900
2022/3/28,189.95,189.95,186.29,189.70,3043700
2022/3/29,192.33,194.00,190.36,190.94,2764100
2022/3/30,191.39,192.10,188.40,189.76,2278000
2022/3/31,189.53,191.11,186.94,187.00,3801600
2022/4/1,188.20,189.42,186.28,187.17,2647000
2022/4/4,187.62,188.50,185.59,187.66,2971400
2022/4/5,187.49,190.84,184.80,185.40,2974700
2022/4/6,184.49,184.87,181.73,183.71,3143300
2022/4/7,181.52,183.27,179.11,182.39,4062400
2022/4/8,183.00,186.72,181.93,183.70,3075600
2022/4/11,181.06,182.44,177.25,177.57,4816800
2022/4/12,176.57,179.25,174.71,175.54,4348900
2022/4/13,174.23,180.02,174.00,179.59,2980600
2022/4/14,179.27,182.47,178.68,181.16,2667100
2022/4/15,179.27,182.47,178.68,181.16,2667100
2022/4/18,181.33,185.89,181.00,184.48,2182700
2022/4/19,185.01,188.09,184.71,187.17,2713800
2022/4/20,188.33,190.15,187.64,188.46,2256200
2022/4/21,190.94,192.42,184.58,185.74,3973200
2022/4/22,185.43,185.55,180.32,180.54,4373700
2022/4/25,179.98,184.26,177.99,184.10,4408900
2022/4/26,183.25,183.91,178.54,178.65,3728100
2022/4/27,177.66,179.41,175.50,177.63,4085800
2022/4/28,180.35,183.89,177.61,181.98,2703200
2022/4/29,180.09,182.31,174.33,174.71,3210100
2022/5/2,174.65,174.88,167.51,171.62,3881800
2022/5/3,173.00,174.00,170.33,172.11,3152300
2022/5/4,172.22,178.17,171.20,177.82,2930400
2022/5/5,176.64,176.76,169.33,171.01,2987100
2022/5/6,169.17,169.99,165.01,167.15,3129800
2022/5/9,165.03,166.02,160.38,161.02,4485200
2022/5/10,163.42,164.73,158.39,161.83,3014800
2022/5/11,161.73,164.94,159.04,159.39,2644300
2022/5/12,155.60,157.16,149.88,153.27,5314800
2022/5/13,155.96,160.09,155.88,158.75,3625100
2022/5/16,157.41,158.74,154.32,156.43,2811300
2022/5/17,161.07,162.76,158.40,161.85,2928100
2022/5/18,160.79,160.85,155.40,156.10,2697700
2022/5/19,153.57,156.46,153.25,154.00,2768300
2022/5/20,154.35,154.80,149.71,153.24,2982500
2022/5/23,156.61,159.56,156.02,159.04,2726600
2022/5/24,157.29,157.97,152.92,155.63,2817800
2022/5/25,157.14,161.76,156.07,160.51,4381000
2022/5/26,162.70,166.77,162.70,165.37,2463900
2022/5/27,167.08,169.68,166.04,169.60,2157500
2022/5/30,167.08,169.68,166.04,169.60,2157500
2022/5/31,167.94,170.78,167.04,168.82,4123500
2022/6/1,168.70,169.37,163.84,165.76,2276400
2022/6/2,166.14,169.19,165.93,169.14,1707000
2022/6/3,166.90,168.04,165.98,166.83,1390700
2022/6/6,169.10,170.26,166.27,167.02,1486000
2022/6/7,164.64,169.48,164.45,168.69,2083100
2022/6/8,166.75,168.64,165.19,165.96,2313900
2022/6/9,166.22,166.57,160.93,160.98,2273800
2022/6/10,157.26,157.88,154.36,154.42,2733300
2022/6/13,149.86,151.03,145.38,146.29,4156500
2022/6/14,145.95,147.40,143.25,144.60,3574800
2022/6/15,146.69,147.89,143.44,146.22,3327800
2022/6/16,142.59,142.60,136.49,137.50,4815100
2022/6/17,138.00,145.56,137.59,144.18,10033600
2022/6/20,138.00,145.56,137.59,144.18,10033600
2022/6/21,148.70,148.70,144.16,144.76,3518800
2022/6/22,142.23,146.35,141.34,144.39,3419000
2022/6/23,144.52,144.63,139.47,141.65,3915000
2022/6/24,141.63,146.27,141.00,146.15,8957200
2022/6/27,147.99,148.77,143.95,144.29,3151500
2022/6/28,146.08,149.51,141.85,142.19,2649300
2022/6/29,141.65,141.68,138.45,139.47,4164900
2022/6/30,136.70,139.87,134.30,138.62,4123500
2022/7/1,138.07,140.89,137.47,140.40,2625300
2022/7/4,138.07,140.89,137.47,140.40,2625300
2022/7/5,137.22,139.65,135.65,139.65,4057000
2022/7/6,139.29,140.50,137.85,138.15,4401300
2022/7/7,140.18,142.17,139.15,141.03,4258000
2022/7/8,141.74,143.11,139.72,141.76,3631800
2022/7/11,140.47,142.31,139.84,140.58,2373600
2022/7/12,137.53,141.89,137.06,139.18,4047400
2022/7/13,136.84,140.02,136.36,139.40,2753800
2022/7/14,135.70,137.24,134.12,136.48,4600200
2022/7/15,139.71,143.11,138.87,142.48,3296600
2022/7/18,144.34,146.05,141.52,142.33,3330300
2022/7/19,144.40,147.93,144.40,147.78,3372300
2022/7/20,146.87,149.10,146.37,148.93,2802300
2022/7/21,148.21,150.33,146.45,150.18,4683000
2022/7/22,159.01,160.88,152.62,153.01,9298400
2022/7/25,154.25,154.78,151.21,153.79,4213800
2022/7/26,152.73,153.50,148.84,149.83,2812700
2022/7/27,151.60,152.72,147.27,151.63,5029100
2022/7/28,151.76,152.65,147.54,152.14,3587900
2022/7/29,152.37,154.38,151.29,154.02,3197900
2022/8/1,152.84,154.77,151.80,153.33,2295600
2022/8/2,152.02,153.30,150.84,151.60,2562900
2022/8/3,154.07,156.04,153.31,155.43,2609300
2022/8/4,156.02,157.71,155.26,156.87,3693300
2022/8/5,156.48,158.04,156.00,157.51,2513600
2022/8/8,159.00,160.79,156.94,157.28,3080700
2022/8/9,157.64,158.94,157.27,158.80,2997900
2022/8/10,161.77,164.21,161.64,162.44,3225400
2022/8/11,164.36,164.92,162.18,162.99,1968200
2022/8/12,164.47,166.00,163.28,165.84,1942600
2022/8/15,164.28,166.06,163.76,165.40,1852800
2022/8/16,165.00,165.98,163.96,165.35,1876000
2022/8/17,163.30,164.48,162.20,163.90,1804100
2022/8/18,163.93,164.99,163.34,164.65,1397700
2022/8/19,163.50,163.93,162.01,162.24,1895400
2022/8/22,158.98,159.19,156.98,157.70,1969300
2022/8/23,158.00,159.60,157.20,157.33,2885200
2022/8/24,157.03,159.56,156.29,159.13,2029200
2022/8/25,160.00,162.33,158.78,162.23,1936300
2022/8/26,163.21,163.59,157.19,157.31,2373700
2022/8/29,155.88,156.51,154.41,154.54,2693600
2022/8/30,155.64,156.12,152.90,154.66,2104500
2022/8/31,155.56,156.37,151.84,152.00,3271600
2022/9/1,150.82,151.37,147.65,151.11,2425200
2022/9/2,153.48,153.98,148.93,149.79,2028500
2022/9/5,153.48,153.98,148.93,149.79,2028500
2022/9/6,150.00,151.31,146.55,148.60,2797600
2022/9/7,148.40,152.70,148.38,152.25,1766400
2022/9/8,150.92,153.69,149.51,153.52,3399200
2022/9/9,154.45,158.59,154.30,158.44,3543500
2022/9/12,159.50,163.45,159.34,162.45,4146300
2022/9/13,158.14,159.81,154.84,155.35,3519800
2022/9/14,156.18,157.56,153.50,156.30,2840200
2022/9/15,156.43,158.79,155.90,156.13,2371600
2022/9/16,154.08,154.08,150.51,153.08,6527200
2022/9/19,151.25,155.48,150.70,155.36,2472500
2022/9/20,153.58,154.59,152.13,153.48,1725900
2022/9/21,154.67,154.81,148.66,148.71,2599900
2022/9/22,148.82,148.89,142.47,143.03,3249400
2022/9/23,140.78,141.96,138.09,140.26,3035600
2022/9/26,140.04,141.29,136.70,137.45,3808700
2022/9/27,139.44,140.38,136.10,137.49,2828700
2022/9/28,138.50,141.18,136.52,140.56,5269500
2022/9/29,138.39,138.95,135.84,137.79,2280700
2022/9/30,137.40,138.67,134.62,134.91,3717200
2022/10/3,137.95,140.77,134.92,140.02,2677100
2022/10/4,143.03,145.55,143.03,145.46,2408800
2022/10/5,142.92,145.29,142.08,144.37,2073800
2022/10/6,143.05,145.06,142.13,142.38,2526000
2022/10/7,140.42,141.29,138.08,139.00,2579600
2022/10/10,140.01,140.38,136.65,137.51,2893400
2022/10/11,136.37,139.21,135.39,137.35,2588700
2022/10/12,137.31,138.45,136.11,136.74,2397400
2022/10/13,131.35,142.55,130.65,141.55,5232300
2022/10/14,142.96,143.88,136.14,136.81,3871900
2022/10/17,140.58,142.22,140.09,141.54,3139300
2022/10/18,146.13,147.05,143.55,145.99,3963300
2022/10/19,145.43,147.07,142.60,143.97,2803900
2022/10/20,144.00,147.32,142.15,142.42,4319300
2022/10/21,140.99,141.32,132.21,140.04,11755400
2022/10/24,141.30,143.79,140.37,141.63,4299600
2022/10/25,142.48,147.44,141.60,147.02,3889100
2022/10/26,147.56,149.50,146.47,146.88,3559100
2022/10/27,148.44,149.71,146.41,146.97,2101300
2022/10/28,146.56,150.91,146.05,150.44,3383100
2022/10/31,150.00,150.30,148.32,148.45,3042900
2022/11/1,149.96,150.63,146.63,147.08,2675500
2022/11/2,146.58,149.03,143.37,143.50,2851600
2022/11/3,141.09,142.20,138.77,139.31,3960500
2022/11/4,142.40,146.36,141.00,144.72,3322100
2022/11/7,146.20,147.54,143.76,146.98,2918000
2022/11/8,147.44,151.34,147.14,150.20,3846000
2022/11/9,149.47,149.47,145.66,145.86,2425500
2022/11/10,152.79,155.79,151.31,154.75,4701600
2022/11/11,156.49,158.88,154.70,154.89,3714600
2022/11/14,153.37,156.50,153.06,154.13,3666500
2022/11/15,156.96,157.35,152.32,153.89,2916900
2022/11/16,154.21,155.91,151.85,152.57,2635300
2022/11/17,150.00,151.06,149.22,150.64,2769600
2022/11/18,152.25,153.76,150.94,152.50,2631300
2022/11/21,152.25,153.46,151.89,152.81,2003500
2022/11/22,154.10,155.15,153.29,154.58,2124600
2022/11/23,153.83,154.99,152.88,153.93,1404400
2022/11/24,153.83,154.99,152.88,153.93,1404400
2022/11/25,153.52,154.47,153.17,154.15,665800
2022/11/28,152.69,153.78,150.37,150.87,1782900
2022/11/29,150.96,154.47,150.53,154.42,2655700
2022/11/30,153.84,157.59,151.48,157.59,3914700
2022/12/1,157.72,158.87,154.75,157.50,2670300
2022/12/2,155.22,157.28,155.00,156.75,2285400
2022/12/5,155.96,159.45,155.55,156.08,3013100
2022/12/6,155.75,158.34,153.32,154.70,3285100
2022/12/7,154.56,156.99,154.31,154.77,2879800
2022/12/8,155.89,156.42,153.45,154.12,1632400
2022/12/9,153.99,155.14,152.62,153.90,1761200
2022/12/12,154.26,157.76,154.00,157.31,2773900
2022/12/13,160.62,161.55,156.16,157.52,3110500
2022/12/14,157.57,158.62,153.84,154.11,3556200
2022/12/15,151.65,152.28,146.47,150.22,4282200
2022/12/16,148.59,148.59,144.15,146.30,4510600
2022/12/19,146.04,146.74,143.66,145.01,2546000
2022/12/20,144.99,146.50,144.25,145.70,1607800
2022/12/21,147.06,147.78,146.37,147.10,2107100
2022/12/22,146.05,146.70,142.72,145.31,2901100
2022/12/23,145.23,147.14,144.52,147.02,1671800
2022/12/26,145.23,147.14,144.52,147.02,1671800
2022/12/27,147.29,147.86,145.67,146.39,1858500
2022/12/28,146.21,146.82,143.94,144.01,1490200
2022/12/29,145.08,147.62,144.40,147.32,1758500
2022/12/30,146.01,147.93,145.73,147.75,2247200
2023/1/2,146.01,147.93,145.73,147.75,2247200
2023/1/3,149.54,150.45,145.73,147.12,2762200
2023/1/4,148.56,151.96,148.56,150.54,2620400
2023/1/5,147.16,148.72,146.02,146.43,2505700
2023/1/6,147.74,150.43,145.48,150.17,3077400
2023/1/9,151.35,152.45,150.10,150.40,3219400
2023/1/10,150.51,152.18,149.28,152.00,2198400
2023/1/11,152.30,154.11,152.27,153.92,3113600
2023/1/12,154.76,155.75,152.40,154.92,3322400
2023/1/13,153.24,156.25,152.30,155.76,2391300
2023/1/16,153.24,156.25,152.30,155.76,2391300
2023/1/17,155.54,156.10,153.37,153.75,3073400
2023/1/18,154.49,154.76,150.32,150.42,2762400
2023/1/19,146.61,148.00,144.20,146.85,3852300
2023/1/20,147.96,151.78,147.72,151.60,3954800
2023/1/23,152.00,155.06,151.55,154.00,3608700
2023/1/24,152.92,156.67,152.66,155.33,2348500
2023/1/25,153.49,157.06,153.37,156.77,2916500
2023/1/26,157.65,158.23,154.29,155.88,3640300
2023/1/27,166.80,175.54,165.50,172.31,13997300
2023/1/30,174.79,177.86,172.51,172.66,10240700
2023/1/31,172.91,175.31,171.90,174.93,5170900
2023/2/1,173.38,175.12,171.93,173.61,3725200
2023/2/2,174.16,175.22,171.08,173.13,6895500
2023/2/3,171.56,180.40,171.21,178.86,5305100
2023/2/6,176.74,177.75,175.69,176.48,3397800
2023/2/7,175.05,179.03,174.75,178.70,3526300
2023/2/8,179.75,180.10,177.88,179.00,2926500
2023/2/9,179.15,182.08,178.48,179.37,3557900
2023/2/10,178.57,179.73,176.49,179.25,2586200
2023/2/13,179.24,181.38,178.28,181.33,3102400
2023/2/14,180.31,182.15,178.79,181.02,2325900
2023/2/15,178.92,180.74,178.50,180.67,1501200
2023/2/16,179.48,179.88,177.68,177.94,1899100
2023/2/17,176.05,177.61,174.66,177.30,2355300
2023/2/20,176.05,177.61,174.66,177.30,2355300
2023/2/21,175.12,176.50,173.32,173.48,2713300
2023/2/22,173.56,176.02,172.93,174.70,2468800
2023/2/23,175.24,176.60,172.86,175.14,2575300
2023/2/24,173.69,174.94,172.19,174.25,1667400
2023/2/27,175.53,175.69,173.08,173.30,1909000
2023/2/28,174.01,175.34,173.58,173.99,2301400
2023/3/1,173.51,177.20,173.01,175.91,2566500
2023/3/2,174.04,175.83,172.66,175.34,1795000
2023/3/3,176.01,179.39,175.23,179.09,2875600
2023/3/6,178.56,180.52,178.46,179.06,2730700
2023/3/7,178.67,178.90,175.08,175.32,2906400
2023/3/8,175.83,176.22,173.57,174.83,2101400
2023/3/9,179.60,180.27,171.96,172.12,4349400
2023/3/10,170.83,170.83,164.84,165.70,5104300
2023/3/13,161.49,161.99,157.42,157.63,6123200
2023/3/14,161.50,164.32,160.88,163.91,5284000
2023/3/15,157.91,159.96,155.93,159.81,6100800
2023/3/16,158.06,161.92,156.10,160.73,4737300
2023/3/17,158.22,158.65,154.90,156.52,7447200
2023/3/20,158.37,160.69,157.57,158.74,3054300
2023/3/21,162.94,164.57,161.70,164.56,3986800
2023/3/22,164.63,166.77,162.50,162.75,4367300
2023/3/23,162.67,166.24,160.82,162.76,3727500
2023/3/24,160.52,160.71,157.82,159.78,2588700
2023/3/27,163.95,164.47,161.83,163.12,3984300
2023/3/28,162.21,162.59,158.19,159.21,4883700
2023/3/29,161.70,164.19,161.08,163.59,3884800
2023/3/30,163.96,164.96,161.81,162.41,2644800
2023/3/31,163.67,165.08,161.75,164.95,3594300
2023/4/3,164.11,165.24,162.68,163.78,2704400
2023/4/4,165.01,165.19,160.83,162.56,2063500
2023/4/5,160.56,161.60,160.19,161.08,2346800
2023/4/6,160.63,160.79,158.23,158.83,3754500
2023/4/7,160.63,160.79,158.23,158.83,3754500
2023/4/10,158.04,161.17,157.80,161.14,2372600
2023/4/11,161.67,162.58,160.32,161.83,2742300
2023/4/12,163.22,163.22,158.87,159.29,2817600
2023/4/13,159.80,162.42,158.98,162.30,2729000
2023/4/14,164.24,164.77,161.46,163.22,2618100
2023/4/17,161.94,163.74,160.89,163.71,2622300
2023/4/18,164.60,165.05,163.28,164.40,2444500
2023/4/19,164.37,166.55,163.74,164.95,3768600
2023/4/20,159.00,163.75,154.01,163.28,10832400
2023/4/21,163.02,164.77,161.23,163.78,3882500
2023/4/24,164.23,164.30,160.40,160.59,2473500
2023/4/25,158.91,159.25,155.97,156.12,3421300
2023/4/26,155.77,157.26,155.08,155.72,2789100
2023/4/27,156.54,158.70,155.91,158.45,2143500
2023/4/28,157.30,161.38,156.88,161.34,2380100
2023/5/1,161.85,161.85,158.68,159.32,1803600
2023/5/2,158.35,158.35,151.91,153.25,4925600
2023/5/3,153.26,154.98,151.84,152.21,2655300
2023/5/4,151.03,151.25,147.40,148.81,3997900
2023/5/5,151.29,153.32,151.12,152.65,2223200
2023/5/8,153.41,154.58,152.95,153.04,2271600
2023/5/9,152.00,153.73,151.88,153.38,2322700
2023/5/10,153.61,154.67,147.95,148.68,4602600
2023/5/11,147.97,148.50,146.28,147.99,2900300
2023/5/12,149.32,149.32,147.09,147.93,2320000
2023/5/15,148.18,150.21,147.93,150.00,2271900
2023/5/16,150.19,152.41,148.37,148.41,1960200
2023/5/17,149.82,152.89,149.30,152.09,2446500
2023/5/18,152.25,154.12,151.06,153.48,2629800
2023/5/19,154.57,154.92,152.14,152.95,2258600
2023/5/22,153.67,155.90,153.28,155.51,2483800
2023/5/23,154.47,155.76,152.50,152.56,2928400
2023/5/24,151.50,151.70,150.12,150.72,2308400
2023/5/25,149.60,151.50,149.37,151.08,3234300
2023/5/26,152.81,158.25,152.53,157.24,4015400
2023/5/29,152.81,158.25,152.53,157.24,4015400
2023/5/30,157.15,158.95,156.66,158.01,3268200
2023/5/31,157.67,159.60,156.26,158.56,5588500
2023/6/1,159.06,163.99,158.23,162.72,4087200
2023/6/2,164.99,169.85,164.49,168.56,4820500
2023/6/5,168.24,168.24,165.83,167.43,2870900
2023/6/6,167.85,172.65,167.50,171.82,3631500
2023/6/7,173.65,173.65,170.70,171.55,2789000
2023/6/8,170.65,171.53,169.56,171.14,2354400
2023/6/9,171.94,172.22,170.94,171.72,2200900
2023/6/12,172.01,173.93,171.93,173.64,2609600
2023/6/13,174.41,176.12,174.21,175.14,2480400
2023/6/14,176.02,177.04,173.39,174.47,2326100
2023/6/15,171.41,174.53,169.57,173.81,2797600
2023/6/16,174.20,174.58,171.55,172.21,4616900
2023/6/19,174.20,174.58,171.55,172.21,4616900
2023/6/20,171.00,171.22,168.33,169.41,2865700
2023/6/21,169.10,169.10,166.95,167.92,2813600
2023/6/22,167.28,168.50,165.23,168.26,2755900
2023/6/23,166.00,168.60,165.74,168.07,4214400
2023/6/26,168.53,170.50,167.06,167.11,2507100
2023/6/27,166.35,168.38,166.18,168.19,2433900
2023/6/28,167.26,169.87,167.20,169.78,2289000
2023/6/29,170.58,172.31,170.32,172.08,2899200
2023/6/30,174.24,175.09,173.33,174.20,3371300
2023/7/3,174.30,176.33,173.70,175.44,1700200
2023/7/4,174.30,176.33,173.70,175.44,1700200
2023/7/5,174.38,176.57,174.04,175.57,2487800
2023/7/6,171.74,172.31,168.23,170.94,3157300
2023/7/7,169.13,171.57,168.67,169.80,2145300
2023/7/10,169.86,171.83,169.45,171.71,1865600
2023/7/11,172.50,175.58,172.32,174.64,2281900
2023/7/12,177.00,177.91,174.31,174.33,2305800
2023/7/13,175.42,176.10,173.90,174.24,2080400
2023/7/14,175.36,175.66,172.52,173.39,1829500
2023/7/17,172.94,176.26,172.84,175.39,2144100
2023/7/18,175.19,178.44,174.43,178.04,2685700
2023/7/19,178.25,178.79,176.31,177.12,2749100
2023/7/20,175.56,177.22,174.05,177.11,3940700
2023/7/21,172.17,173.34,167.42,170.22,9102100
2023/7/24,167.59,169.00,166.93,167.79,4979900
2023/7/25,167.35,168.95,166.42,166.50,3286700
2023/7/26,166.17,168.43,166.06,167.75,2352000
2023/7/27,168.53,168.54,163.17,163.60,3944200
2023/7/28,165.29,166.58,164.64,165.43,2925900
2023/7/31,166.51,168.99,166.51,168.88,3345900
2023/8/1,167.95,169.81,167.26,169.65,2340100
2023/8/2,167.28,167.75,166.05,166.75,2236200
2023/8/3,165.84,166.66,165.03,166.41,1708700
2023/8/4,166.53,168.10,165.06,165.41,2256000
2023/8/7,166.85,167.33,166.14,166.96,2027200
2023/8/8,164.90,165.99,163.59,165.87,2102900
2023/8/9,165.94,166.29,163.50,163.82,2445200
2023/8/10,164.71,166.50,162.72,163.54,2556000
2023/8/11,162.67,165.78,162.60,165.27,2102500
2023/8/14,164.33,166.48,163.77,166.08,1827300
2023/8/15,164.39,164.81,161.70,161.91,2447600
2023/8/16,161.27,162.96,160.64,160.76,1994900
2023/8/17,161.91,162.61,160.38,160.58,2473000
2023/8/18,159.23,160.80,158.94,160.23,2139500
2023/8/21,160.88,161.65,160.08,160.88,2070500
2023/8/22,160.76,161.26,158.61,159.08,2255500
2023/8/23,159.33,160.08,158.70,159.44,2042500
2023/8/24,159.01,161.42,157.74,157.79,2468600
2023/8/25,158.44,159.64,157.33,158.32,2969200
2023/8/28,158.98,160.91,158.76,159.19,2509900
2023/8/29,158.89,160.79,158.30,160.24,2175800
2023/8/30,160.27,161.86,160.12,160.17,3039900
2023/8/31,160.66,160.94,157.74,157.99,3653900
2023/9/1,159.07,160.16,158.71,159.62,2195500
2023/9/4,159.07,160.16,158.71,159.62,2195500
2023/9/5,160.11,161.86,159.35,160.00,4151000
2023/9/6,159.07,159.84,156.86,158.00,2949200
2023/9/7,157.26,157.63,156.07,156.78,2617400
2023/9/8,157.02,157.79,156.71,157.43,1931300
2023/9/11,158.37,159.16,157.40,157.83,2611100
2023/9/12,157.65,159.72,157.45,158.50,2659000
2023/9/13,159.34,160.70,158.62,159.14,2976700
2023/9/14,160.57,161.96,160.00,161.78,3209900
2023/9/15,162.03,164.33,161.82,163.75,7273600
2023/9/18,163.79,163.95,159.35,159.63,2413400
2023/9/19,159.05,159.87,158.45,159.35,2230700
2023/9/20,160.00,160.20,156.88,157.23,1969700
2023/9/21,155.83,156.87,154.44,154.71,2712100
2023/9/22,155.00,155.04,152.92,153.08,2380600
2023/9/25,152.21,153.31,151.75,153.23,2434400
2023/9/26,151.75,152.96,150.16,151.12,2332100
2023/9/27,151.50,151.50,148.97,149.90,3705400
2023/9/28,149.77,150.88,149.02,150.23,3489800
2023/9/29,151.45,151.69,148.67,149.19,3579400
2023/10/2,148.42,149.90,148.07,149.48,2657600
2023/10/3,148.50,149.18,144.31,145.05,4184100
2023/10/4,145.90,146.92,144.40,146.63,3476700
2023/10/5,145.58,147.54,144.77,147.09,2706200
2023/10/6,146.71,150.35,146.14,149.32,3204600
2023/10/9,147.60,149.45,147.42,148.82,2279400
2023/10/10,149.50,151.73,149.00,150.93,2909100
2023/10/11,151.43,152.81,149.76,151.51,1727000
2023/10/12,152.50,152.72,150.11,151.28,2377200
2023/10/13,152.92,154.14,150.43,151.10,2951500
2023/10/16,152.37,153.41,151.21,152.79,2586300
2023/10/17,151.56,154.73,151.50,154.39,3919400
2023/10/18,153.12,153.59,151.13,151.53,2632200
2023/10/19,150.41,156.05,149.01,149.62,4642200
2023/10/20,144.70,147.94,141.44,141.57,8268100
2023/10/23,141.50,145.85,140.91,144.59,5313500
2023/10/24,145.85,146.51,143.54,144.42,3521100
2023/10/25,144.09,144.84,143.23,143.52,2841400
2023/10/26,143.37,144.91,142.99,143.34,3378000
2023/10/27,143.85,143.96,141.03,141.31,3442500
2023/10/30,142.72,143.86,141.73,143.27,3303300
2023/10/31,143.33,146.68,143.07,146.03,3737200
2023/11/1,146.49,146.82,145.14,146.45,2332600
2023/11/2,148.33,150.91,148.33,150.85,3108400
2023/11/3,152.58,153.88,152.40,152.76,2667700
2023/11/6,152.60,153.07,151.51,152.99,2490000
2023/11/7,152.97,153.79,152.35,152.98,1583300
2023/11/8,152.97,153.80,152.43,153.01,1804500
2023/11/9,153.68,154.16,152.05,152.37,2052900
2023/11/10,153.04,154.48,152.10,154.38,2088100
2023/11/13,154.08,155.26,153.50,154.34,1753600
2023/11/14,156.60,157.92,156.03,156.91,2968600
2023/11/15,157.53,159.44,157.00,159.43,3272600
2023/11/16,159.65,160.10,157.97,159.05,3749100
2023/11/17,159.91,162.58,159.91,162.56,2975800
2023/11/20,162.91,164.65,162.76,163.85,3242900
2023/11/21,163.65,164.12,161.73,162.29,2759700
2023/11/22,163.28,164.68,162.85,163.79,2527500
2023/11/23,163.28,164.68,162.85,163.79,2527500
2023/11/24,164.56,165.22,163.97,164.42,950700
2023/11/27,163.76,164.52,163.32,164.04,2146400
2023/11/28,163.92,165.98,163.61,165.66,2117800
2023/11/29,166.40,168.72,166.40,167.43,2720200
2023/11/30,168.00,171.17,167.53,170.77,4253100
2023/12/1,170.67,174.34,170.31,173.76,3412000
2023/12/4,172.86,175.31,172.66,173.25,3631000
2023/12/5,172.10,172.71,165.93,170.68,6452500
2023/12/6,171.73,172.38,167.18,167.51,3890700
2023/12/7,168.46,169.22,167.74,168.62,2797100
2023/12/8,168.34,169.13,167.57,168.43,2681300
2023/12/11,168.40,169.51,167.86,168.39,2811400
2023/12/12,168.39,171.08,167.77,171.04,2946200
2023/12/13,171.21,174.66,170.15,174.56,3207700
2023/12/14,175.74,179.90,175.60,178.86,4548100
2023/12/15,177.54,181.18,177.50,180.51,7139200
2023/12/18,181.38,182.84,181.03,182.76,2814400
2023/12/19,183.21,185.77,183.19,185.75,3978300
2023/12/20,185.35,185.65,180.54,180.65,4020700
2023/12/21,181.83,185.21,181.83,184.79,3496800
2023/12/22,185.64,186.37,184.63,185.57,2782600
2023/12/25,185.64,186.37,184.63,185.57,2782600
2023/12/26,185.96,186.18,185.13,185.96,1230000
2023/12/27,186.14,187.13,185.62,187.06,1825400
2023/12/28,187.12,188.07,187.00,187.80,1486100
2023/12/29,187.75,188.30,186.53,187.34,1915000
2024/1/1,187.75,188.30,186.53,187.34,1915000
2024/1/2,186.49,188.74,186.07,188.31,2236600
2024/1/3,186.68,187.49,185.59,186.32,2720500
2024/1/4,186.01,188.57,185.76,187.14,2777500
2024/1/5,186.82,189.51,186.52,189.06,2243300
2024/1/8,188.22,189.33,186.38,189.21,3442100
2024/1/9,187.83,187.99,186.34,186.77,2055500
2024/1/10,185.03,186.10,183.67,184.97,2757800
2024/1/11,185.01,185.36,182.04,185.03,3493300
2024/1/12,185.83,186.41,181.95,182.04,3366300
2024/1/15,185.83,186.41,181.95,182.04,3366300
2024/1/16,181.01,181.15,178.82,180.97,4142900
2024/1/17,179.45,181.60,179.00,181.00,2377600
2024/1/18,180.10,180.19,177.81,179.79,3215200
2024/1/19,181.00,183.38,179.41,183.17,3388900
2024/1/22,184.26,186.77,184.06,185.01,3145100
2024/1/23,185.68,186.02,184.81,185.47,2327600
2024/1/24,187.09,188.42,185.73,185.82,3052500
2024/1/25,186.44,188.33,186.43,188.07,3472500
2024/1/26,192.54,204.77,192.26,201.43,13555400
2024/1/29,201.91,202.90,199.07,200.86,4935500
2024/1/30,200.50,204.44,200.41,204.15,4284600
2024/1/31,202.40,205.32,200.66,200.74,3495000
2024/2/1,200.36,203.47,199.88,203.22,3028300
2024/2/2,203.39,206.97,203.00,206.41,3393000
2024/2/5,205.49,206.72,203.42,205.94,3099300
2024/2/6,205.44,207.08,204.00,205.65,3255300
2024/2/7,207.08,209.15,205.60,209.08,3272100
2024/2/8,208.25,211.34,207.95,211.21,4136600
2024/2/9,211.55,214.25,210.41,212.47,4785100
2024/2/12,212.25,214.01,211.61,212.26,4041400
2024/2/13,210.22,210.97,207.61,209.67,3381700
2024/2/14,211.15,211.29,208.82,210.90,2770800
2024/2/15,211.47,213.12,210.65,212.53,2644500
2024/2/16,212.53,214.29,211.87,212.56,2831300
2024/2/19,212.53,214.29,211.87,212.56,2831300
2024/2/20,211.00,213.75,210.28,212.49,3341700
2024/2/21,211.60,212.69,209.10,210.89,2599400
2024/2/22,212.48,215.55,212.48,213.99,3027800
2024/2/23,215.00,216.32,214.26,214.56,2617000
2024/2/26,213.42,217.54,213.25,216.96,2684500
2024/2/27,217.43,218.08,216.30,217.98,2428100
2024/2/28,217.18,219.20,216.76,218.03,2599200
2024/2/29,218.99,219.74,217.65,219.42,5186500
2024/3/1,219.31,220.38,218.43,219.66,2342800
2024/3/4,219.07,219.58,217.24,218.91,2625300
2024/3/5,217.44,218.90,216.12,217.20,2672300
2024/3/6,217.62,219.29,217.27,218.45,2727900
2024/3/7,221.01,224.69,220.81,223.42,2974100
2024/3/8,223.04,224.90,222.84,223.37,2242800
2024/3/11,221.92,222.36,218.29,220.19,2808200
2024/3/12,221.24,223.44,219.64,222.65,2067700
2024/3/13,223.14,223.49,221.87,222.81,2693100
2024/3/14,224.28,224.29,219.10,220.47,2417900
2024/3/15,220.98,221.60,217.22,218.46,5267900
2024/3/18,219.90,221.73,218.99,220.97,1893000
2024/3/19,221.05,221.95,219.37,221.69,1817600
2024/3/20,221.49,228.06,221.23,227.91,2249700
2024/3/21,229.11,231.69,228.99,229.12,3523700
2024/3/22,229.05,230.54,225.91,225.96,2284700
2024/3/25,225.34,226.99,225.23,226.03,2119500
2024/3/26,226.62,226.87,224.32,224.46,2106400
2024/3/27,227.20,228.00,225.14,227.75,2153100
2024/3/28,228.46,228.46,226.34,227.69,2295800
2024/3/29,228.46,228.46,226.34,227.69,2295800
2024/4/1,227.44,228.57,226.83,227.61,1616700
2024/4/2,226.37,226.97,224.59,225.53,1984500
2024/4/3,225.81,227.26,225.25,226.63,2070100
2024/4/4,229.14,229.68,219.21,219.59,3035300
2024/4/5,220.00,223.12,219.52,222.46,1827900
2024/4/8,223.46,224.85,223.13,224.11,1401200
2024/4/9,222.99,223.93,217.97,219.84,3503000
2024/4/10,217.51,219.50,215.52,217.65,3115000
2024/4/11,217.50,219.17,214.51,218.20,3139000
2024/4/12,217.00,218.28,216.12,218.20,2441200
2024/4/15,221.89,222.73,216.82,218.40,3459000
2024/4/16,217.70,219.38,216.51,218.34,4176700
2024/4/17,219.56,220.28,216.52,217.67,2256800
2024/4/18,218.26,221.45,217.18,217.50,3901500
2024/4/19,218.84,231.60,218.84,231.04,7573700
2024/4/22,232.03,235.37,227.69,233.00,5151300
2024/4/23,234.77,239.42,233.67,238.96,4684500
2024/4/24,238.27,240.55,237.97,239.12,4429200
2024/4/25,238.13,238.45,235.41,237.10,3329000
2024/4/26,236.00,236.92,234.42,235.64,2993300
2024/4/29,236.59,239.12,235.64,238.92,3696300
2024/4/30,237.88,239.61,233.77,234.03,3564300
2024/5/1,233.22,235.14,231.23,231.46,4176000
2024/5/2,233.58,233.95,230.91,232.50,2734900
2024/5/3,233.26,233.35,229.13,230.77,3203100
2024/5/6,232.30,234.57,231.32,234.33,2259600
2024/5/7,235.50,236.00,233.41,234.66,2084300
2024/5/8,234.40,236.85,233.52,236.24,2501900
2024/5/9,235.96,239.38,235.56,239.14,3166300
2024/5/10,240.50,243.54,240.31,242.30,2590800
2024/5/13,242.95,243.54,238.10,238.65,2768800
2024/5/14,238.15,242.09,238.10,241.53,2387300
2024/5/15,241.63,242.87,240.25,241.70,2013400
2024/5/16,241.72,243.35,240.85,241.32,2605900
2024/5/17,242.80,243.19,241.90,242.82,1848700
2024/5/20,243.11,244.41,242.10,242.30,1983200
2024/5/21,242.34,243.58,241.34,243.08,1825800
2024/5/22,242.91,243.47,239.53,240.09,2292700
2024/5/23,240.83,240.83,235.12,235.46,3272600
2024/5/24,236.86,240.07,236.69,238.18,1624200
2024/5/27,236.86,240.07,236.69,238.18,1624200
2024/5/28,237.75,238.47,235.88,237.25,2315400
2024/5/29,235.45,237.66,234.67,235.94,2711300
2024/5/30,236.37,237.32,234.98,237.22,2386300
2024/5/31,238.00,240.19,235.91,240.00,5102500
2024/6/3,240.18,241.36,233.53,236.88,2677200
2024/6/4,236.39,240.00,235.73,237.25,2512100
2024/6/5,236.25,237.70,233.70,234.69,2925100
2024/6/6,234.79,236.40,232.70,233.35,2709600
2024/6/7,232.41,234.12,231.71,232.67,2212500
2024/6/10,231.95,233.92,230.60,232.44,2933500
2024/6/11,231.64,231.64,224.21,224.53,3168100
2024/6/12,227.43,228.40,222.83,224.04,3091100
2024/6/13,223.41,223.75,220.74,222.19,3011300
2024/6/14,221.38,225.64,221.34,224.82,2373800
2024/6/17,224.20,228.47,224.02,228.27,2426700
2024/6/18,227.58,229.31,226.77,229.31,2176500
2024/6/19,227.58,229.31,226.77,229.31,2176500
2024/6/20,228.56,231.68,226.44,230.21,2968100
2024/6/21,231.11,231.11,227.50,230.38,5064300
2024/6/24,231.68,233.90,230.21,231.47,2152600
2024/6/25,230.86,231.30,228.54,230.59,3206800
2024/6/26,230.04,232.49,229.14,230.68,3151900
2024/6/27,229.79,230.33,227.37,228.40,2264200
2024/6/28,229.25,233.60,228.74,231.55,3901100
2024/7/1,232.33,234.80,231.55,233.81,2792700
2024/7/2,233.55,236.19,232.97,235.97,1871700
2024/7/3,236.50,237.58,235.19,235.71,1365900
2024/7/4,236.50,237.58,235.19,235.71,1365900
2024/7/5,235.71,236.70,233.56,235.63,2488300
2024/7/8,236.23,239.50,233.76,234.51,2638600
2024/7/9,234.97,239.20,234.12,237.75,1943400
2024/7/10,236.57,239.45,235.62,238.93,2203000
2024/7/11,238.87,239.95,236.96,238.75,1868700
2024/7/12,238.97,240.26,237.23,238.63,2612200
2024/7/15,240.45,244.66,240.45,244.00,3054400
2024/7/16,244.14,249.76,243.80,249.63,3074600
2024/7/17,248.81,250.84,247.38,249.96,2471900
2024/7/18,250.80,253.73,247.76,249.20,4053300
2024/7/19,241.80,243.38,237.65,242.38,5750400
2024/7/22,243.01,245.61,239.90,244.75,2590000
2024/7/23,246.96,248.99,245.04,246.90,2564000
2024/7/24,245.00,245.62,240.67,240.99,2838100
2024/7/25,240.00,244.96,239.39,240.18,3828800
2024/7/26,241.93,246.39,241.88,245.89,2174400
2024/7/29,246.63,247.96,244.31,247.89,2059300
2024/7/30,249.46,253.68,249.23,252.48,2498800
2024/7/31,253.11,256.24,252.43,253.04,2180700
2024/8/1,253.85,255.00,246.41,248.68,3929700
2024/8/2,244.51,244.65,230.05,232.28,6902600
2024/8/5,226.64,230.78,222.03,225.92,4890700
2024/8/6,226.96,233.18,226.50,231.12,3148200
2024/8/7,234.02,236.17,228.51,228.80,2665300
2024/8/8,231.05,234.50,231.01,233.54,2239200
2024/8/9,233.52,238.34,233.09,237.85,1956400
2024/8/12,238.20,238.99,235.40,237.05,1747000
2024/8/13,238.71,239.27,236.47,238.99,1913200
2024/8/14,239.81,244.09,239.51,243.76,2132500
2024/8/15,247.77,250.36,245.35,249.50,2656800
2024/8/16,249.39,251.75,249.13,251.71,2149700
2024/8/19,252.00,254.11,251.84,254.05,1653400
2024/8/20,254.22,254.62,252.26,253.08,1659700
2024/8/21,249.64,249.82,243.35,246.30,3502500
2024/8/22,246.77,248.92,245.76,247.76,1981300
2024/8/23,248.00,252.17,248.00,251.30,1868200
2024/8/26,252.42,256.16,251.95,253.88,1931000
2024/8/27,253.70,256.68,253.70,255.03,2518100
2024/8/28,254.21,258.63,253.75,257.09,2557100
2024/8/29,258.00,261.57,256.83,259.84,2423500
2024/8/30,260.49,261.75,256.10,258.65,3442100
2024/9/2,260.49,261.75,256.10,258.65,3442100
2024/9/3,255.77,257.48,252.79,254.31,2970300
2024/9/4,254.99,256.58,250.66,251.74,3062600
2024/9/5,252.71,253.17,248.37,251.84,2711200
2024/9/6,251.29,253.57,243.32,244.06,3653000
2024/9/9,248.25,253.15,247.53,250.92,3080800
2024/9/10,251.72,252.50,240.59,245.42,3630900
2024/9/11,244.40,254.63,243.50,254.18,3149900
2024/9/12,254.16,257.00,252.59,255.15,2279600
2024/9/13,256.23,260.21,255.75,259.00,2199200
2024/9/16,261.31,262.85,259.15,261.09,2170200
2024/9/17,261.52,267.22,261.35,265.40,2765700
2024/9/18,264.40,266.35,261.00,262.18,2577400
2024/9/19,267.83,270.10,266.35,268.75,2973300
2024/9/20,268.40,271.49,266.95,268.99,5847200
2024/9/23,271.36,272.41,267.05,267.30,2534900
2024/9/24,267.77,268.50,263.03,266.21,2340300
2024/9/25,267.09,268.72,265.55,266.17,2116300
2024/9/26,268.29,268.99,266.34,268.15,1430600
2024/9/27,268.00,272.68,267.42,271.06,2231900
2024/9/30,270.10,271.48,267.29,271.20,2113100
2024/10/1,271.28,271.83,266.52,268.60,2429500
2024/10/2,268.60,271.39,266.25,270.92,2009500
2024/10/3,269.64,271.10,267.64,268.59,1614500
2024/10/4,272.25,276.79,270.00,275.97,2239600
2024/10/7,274.35,276.31,271.55,273.79,3287500
2024/10/8,271.25,272.50,266.16,269.11,3332800
2024/10/9,268.81,271.59,268.42,271.42,2087000
2024/10/10,270.93,272.90,269.88,270.47,2052800
2024/10/11,271.38,277.11,271.00,276.16,1723200
2024/10/14,276.16,277.70,275.11,276.52,1399000
2024/10/15,280.57,281.42,276.90,277.31,2264600
2024/10/16,278.88,281.87,277.69,281.68,2243600
2024/10/17,284.00,286.36,282.48,285.78,3571900
2024/10/18,276.80,279.20,269.05,276.79,7884400
2024/10/21,275.00,276.36,269.53,270.74,4092700
2024/10/22,270.62,272.83,268.58,272.40,2595400
2024/10/23,272.00,273.35,268.96,271.23,2051100
2024/10/24,270.23,271.23,268.71,269.98,3490600
2024/10/25,271.65,273.17,266.35,267.35,2993300
2024/10/28,269.24,271.97,267.68,271.47,2336900
2024/10/29,270.30,271.80,269.58,270.43,1749000
2024/10/30,271.00,275.07,270.27,274.08,2152900
2024/10/31,273.70,274.08,268.64,270.08,2315400
2024/11/1,272.30,274.75,270.95,272.69,2508300
2024/11/4,272.33,272.82,269.71,270.19,1944000
2024/11/5,271.72,276.18,271.19,275.94,1859600
2024/11/6,288.00,296.83,286.81,295.16,5380500
2024/11/7,292.32,293.04,284.65,286.82,3876900
2024/11/8,286.68,290.10,285.95,287.60,1814400
2024/11/11,290.49,294.18,290.43,292.97,2299500
2024/11/12,292.00,293.55,287.58,288.51,2251400
2024/11/13,287.92,290.61,287.44,287.64,2118100
2024/11/14,288.34,290.56,287.36,288.30,2979400
2024/11/15,288.00,290.55,285.49,286.87,2614400
2024/11/18,286.94,287.52,283.61,285.54,2074400
2024/11/19,281.89,286.62,281.31,285.55,2512900
2024/11/20,286.15,288.33,285.09,287.71,2387400
2024/11/21,289.82,294.07,287.53,293.00,2410300
2024/11/22,293.40,301.92,292.51,301.30,3788900
2024/11/25,303.05,305.80,302.50,305.21,3478400
2024/11/26,305.61,306.97,302.00,305.57,2130500
2024/11/27,307.00,307.82,302.79,304.25,1697000
2024/11/28,307.00,307.82,302.79,304.25,1697000
2024/11/29,307.25,307.79,304.67,304.68,1326600
2024/12/2,306.21,306.85,299.91,302.26,2166900
2024/12/3,303.84,304.99,301.14,302.11,2128700
2024/12/4,302.00,303.53,300.71,302.60,1561200
2024/12/5,302.28,303.43,300.32,300.53,2793600
2024/12/6,301.64,304.74,300.62,303.99,1797600
2024/12/9,304.07,305.07,296.16,296.72,2377900
2024/12/10,297.43,304.98,296.51,302.11,2967800
2024/12/11,303.37,304.13,299.54,302.34,2071200
2024/12/12,303.63,304.45,300.26,300.30,1668100
2024/12/13,302.46,304.32,301.25,302.14,1662000
2024/12/16,303.70,304.20,300.83,303.57,1813700
2024/12/17,302.33,303.03,299.70,301.34,3611500
2024/12/18,302.60,303.59,286.43,287.78,3541200
2024/12/19,293.02,296.86,291.20,293.08,3540200
2024/12/20,292.35,302.72,292.00,298.65,6232400
2024/12/23,296.48,299.76,295.19,298.80,1902400
2024/12/24,299.29,303.62,298.00,303.46,862900
2024/12/25,299.29,303.62,298.00,303.46,862900
2024/12/26,301.48,304.89,301.01,303.99,1228900
2024/12/27,300.85,305.09,298.71,301.05,1676000
2024/12/30,297.35,299.70,294.13,297.33,2392800
2024/12/31,298.05,298.87,295.67,296.79,1231300
2025/1/1,298.05,298.87,295.67,296.79,1231300
2025/1/2,300.00,300.34,294.62,298.43,1930100
2025/1/3,300.68,303.43,297.53,303.08,1979600
2025/1/6,304.32,305.15,300.17,301.88,2714000
2025/1/7,304.00,304.38,296.85,302.02,2058800
2025/1/8,301.90,304.20,298.85,302.85,2061300
2025/1/9,301.90,304.20,298.85,302.85,2061300
2025/1/10,300.43,301.32,293.16,293.30,2685500
2025/1/13,292.52,297.71,291.16,297.02,2202800
2025/1/14,299.60,300.54,296.73,300.36,2370900
2025/1/15,305.00,313.96,304.21,312.32,3099500
2025/1/16,312.70,314.00,310.13,311.48,2361000
2025/1/17,313.02,315.40,310.77,312.56,2183500
2025/1/20,313.02,315.40,310.77,312.56,2183500
2025/1/21,316.94,319.70,315.00,317.95,2779100
2025/1/22,318.31,322.82,317.68,322.25,2927400
2025/1/23,323.55,326.27,321.99,325.87,3935800
2025/1/24,324.40,324.47,313.73,321.34,6260100
2025/1/27,318.13,318.83,311.84,316.42,3099100
2025/1/28,316.64,317.87,310.72,317.04,2431300
2025/1/29,316.63,319.48,314.14,315.25,2155400
2025/1/30,317.00,321.89,316.00,318.95,2517400
2025/1/31,320.91,321.64,315.51,317.45,2033400
2025/2/3,312.19,317.00,309.19,316.53,1997200
2025/2/4,315.25,317.36,313.11,315.83,1884100
2025/2/5,317.94,320.71,315.10,320.53,2065700
2025/2/6,323.10,323.25,317.21,320.15,1730400
2025/2/7,320.83,321.40,316.29,316.77,1607100
2025/2/10,318.45,318.45,306.01,310.26,3227000
2025/2/11,308.53,310.51,306.34,309.57,1856100
2025/2/12,306.85,307.96,303.91,306.40,2238400
2025/2/13,307.55,309.63,305.88,307.50,1975200
2025/2/14,307.43,311.85,307.42,311.04,1725500
2025/2/17,307.43,311.85,307.42,311.04,1725500
2025/2/18,313.39,313.69,309.03,312.85,2024500
2025/2/19,310.38,312.00,306.87,309.92,2148200
2025/2/20,309.72,309.96,298.69,303.86,2830300
2025/2/21,304.94,304.94,293.85,295.40,3280200
2025/2/24,297.11,298.98,292.42,295.53,2450600
2025/2/25,296.99,298.41,289.53,293.34,2511700
2025/2/26,295.14,299.34,293.67,296.10,1899400
2025/2/27,296.00,301.00,293.04,294.20,2031800
2025/2/28,296.29,301.07,294.97,300.96,3336300
2025/3/3,301.43,303.46,293.11,295.49,2342500
2025/3/4,291.57,291.77,277.58,283.47,5901200
2025/3/5,283.00,286.12,280.63,284.18,2569200
2025/3/6,279.80,282.16,274.53,275.64,2944200
2025/3/7,273.66,274.17,264.71,273.21,3817000
2025/3/10,267.71,268.59,257.45,261.32,4284100
2025/3/11,257.46,260.24,253.54,255.39,4925600
2025/3/12,260.18,262.82,255.00,260.75,5514900
2025/3/13,259.65,261.51,253.52,256.43,4194000
2025/3/14,260.15,266.66,259.00,265.63,4336800
2025/3/17,265.19,266.44,261.27,264.38,2975800
2025/3/18,264.60,265.50,260.46,262.72,3251700
2025/3/19,263.03,272.01,261.26,270.65,2894200
2025/3/20,269.03,274.55,268.22,270.83,2129500
2025/3/21,267.85,270.56,265.16,270.51,4229700
2025/3/24,275.23,278.25,274.23,277.86,2651400
2025/3/25,278.90,279.79,276.21,279.28,2767600
2025/3/26,280.00,282.13,274.60,276.00,2578600
2025/3/27,274.86,275.50,270.54,272.02,2312000
2025/3/28,270.63,272.64,263.01,265.48,3261500
2025/3/31,262.49,270.34,259.00,269.05,3946000
2025/4/1,265.74,270.87,265.12,270.48,2881400
2025/4/2,266.89,277.32,266.57,275.25,2473700
2025/4/3,260.20,261.00,247.18,247.82,7736200
2025/4/4,237.92,238.97,228.62,233.68,9097500
2025/4/7,225.29,241.94,220.43,234.28,6283600
2025/4/8,245.83,247.00,227.36,231.39,4782100
2025/4/9,226.96,264.77,226.26,262.36,8640600
2025/4/10,255.02,255.50,238.52,246.89,4799900
2025/4/11,246.89,252.77,243.14,251.13,4413500
2025/4/14,256.52,257.62,252.16,255.38,3067000
2025/4/15,256.00,260.63,255.30,257.86,3509100
2025/4/16,255.16,258.94,249.63,252.92,4244900
2025/4/17,252.95,255.62,247.10,251.31,3907500
2025/4/18,252.95,255.62,247.10,251.31,3907500
2025/4/21,248.85,250.26,239.27,242.51,4302900
2025/4/22,247.12,253.24,246.37,252.42,2324100
2025/4/23,261.87,270.17,259.26,260.14,3872900
2025/4/24,258.07,268.00,258.00,267.32,2696300
2025/4/25,267.00,268.86,264.00,264.81,1940100
2025/4/28,264.94,268.00,262.53,264.95,1561500
2025/4/29,265.43,267.48,261.83,267.02,1730800
2025/4/30,260.96,267.42,257.21,266.41,3522700
2025/5/1,268.00,272.66,266.52,268.54,2473800
2025/5/2,274.50,278.10,273.10,276.85,3099300
2025/5/5,275.46,281.59,274.08,278.03,2416300
2025/5/6,274.48,278.12,273.61,275.37,3064000
2025/5/7,277.34,278.81,273.89,276.24,2329200
2025/5/8,279.73,285.50,278.73,283.66,3418000
2025/5/9,285.00,287.00,282.97,284.51,2704600
2025/5/12,297.34,299.17,294.73,298.92,4089000
2025/5/13,300.00,303.02,298.82,302.30,3531700
2025/5/14,303.15,303.62,299.45,300.10,1954400
2025/5/15,298.05,300.93,297.00,299.55,1955000
2025/5/16,300.36,301.65,297.83,299.72,2962200
2025/5/19,297.01,300.89,295.69,299.30,2751300
2025/5/20,296.49,298.20,294.19,296.17,2706600
2025/5/21,293.04,294.12,285.11,286.00,3447500
2025/5/22,285.63,289.05,285.07,287.18,2051800
2025/5/23,281.82,287.10,281.46,285.22,1724200
2025/5/26,281.82,287.10,281.46,285.22,1724200
2025/5/27,290.53,293.86,288.15,293.76,2604300
2025/5/28,293.46,295.38,292.38,293.36,1676900
2025/5/29,296.26,296.61,292.80,295.38,2362200
2025/5/30,294.97,295.75,291.63,294.05,5251700
2025/6/2,292.35,295.75,290.33,295.33,1751200
2025/6/3,295.20,298.25,292.65,297.39,2202400
2025/6/4,297.81,298.65,295.80,295.93,1842100
2025/6/5,296.50,298.50,294.14,295.96,1696900
2025/6/6,300.29,303.50,299.23,302.47,2099000
2025/6/9,303.79,303.79,299.58,301.56,2097800
2025/6/10,301.70,301.78,298.00,299.52,2045300
2025/6/11,300.18,303.39,298.65,299.10,2013500
2025/6/12,296.67,298.58,294.00,297.99,1604500
2025/6/13,292.55,293.33,286.15,287.79,3405600
2025/6/16,290.93,296.45,290.02,294.22,2307800
2025/6/17,292.09,294.59,290.95,292.81,2625800
2025/6/18,292.08,299.24,292.08,296.42,3691500
2025/6/19,292.08,299.24,292.08,296.42,3691500
2025/6/20,297.58,299.75,296.64,298.59,5687000
2025/6/23,296.82,299.87,291.88,299.63,3101700
2025/6/24,303.10,309.22,302.15,308.38,2805900
2025/6/25,308.89,310.77,307.18,308.59,2467200
2025/6/26,309.58,312.27,308.17,311.42,3255200
2025/6/27,314.08,320.12,313.10,317.19,4605500
2025/6/30,318.58,320.13,317.59,318.98,3416600
2025/7/1,316.93,324.38,316.30,322.53,3836200
2025/7/2,322.99,326.62,321.34,325.61,3040200
2025/7/3,325.33,329.14,324.18,328.13,1541800
2025/7/4,325.33,329.14,324.18,328.13,1541800
2025/7/7,327.52,328.41,320.26,322.73,2160300
2025/7/8,324.47,324.47,316.95,316.98,2643900
2025/7/9,318.66,320.93,317.31,317.35,2424200
2025/7/10,317.85,326.10,317.50,325.24,2844400
2025/7/11,322.98,324.35,319.20,319.47,2091200
2025/7/14,319.29,321.77,317.68,320.92,1890900
2025/7/15,318.61,319.45,310.43,310.65,3006500
2025/7/16,312.44,312.49,306.61,311.90,2921900
2025/7/17,310.92,316.98,310.58,315.35,3223300
2025/7/18,311.86,311.86,302.51,307.95,5481100
2025/7/21,307.96,309.17,302.97,302.97,2667200
2025/7/22,302.98,306.16,301.73,304.14,2296100
2025/7/23,308.00,309.59,305.24,308.66,2139100
2025/7/24,308.30,310.50,307.00,308.25,2288100
2025/7/25,309.42,312.65,307.51,311.61,2149300
2025/7/28,311.60,313.50,309.29,310.74,1653800
2025/7/29,312.91,313.62,307.85,308.54,1796400
2025/7/30,308.55,308.75,301.37,303.41,3132400
2025/7/31,301.90,303.91,298.07,299.31,2718200
2025/8/1,294.03,294.91,288.34,294.27,3012900
2025/8/4,295.54,299.10,295.53,298.59,1876000
2025/8/5,299.85,300.35,295.23,296.64,2181000
2025/8/6,297.21,298.05,294.44,295.54,3430500
2025/8/7,297.70,298.29,290.63,294.73,2842500
2025/8/8,297.00,298.13,294.54,297.43,1778100
2025/8/11,297.12,297.44,294.89,296.23,2316700
2025/8/12,298.90,305.07,298.48,303.21,2170500
2025/8/13,304.69,307.60,302.43,306.87,2586800
2025/8/14,305.54,307.95,302.51,307.73,2108300
2025/8/15,309.46,309.81,304.24,305.47,2728000
2025/8/18,304.27,307.24,302.79,307.05,2115100
2025/8/19,306.66,308.57,304.57,306.10,2215800
2025/8/20,305.73,309.02,303.87,308.40,2481700
2025/8/21,306.79,308.52,304.02,308.17,1848500
2025/8/22,310.22,321.71,310.15,319.16,2785200
2025/8/25,319.06,319.95,315.41,315.80,1599600
2025/8/26,315.02,320.79,314.12,320.60,1848600
2025/8/27,319.92,323.52,319.51,322.46,1970100
2025/8/28,323.99,327.54,322.00,326.99,2194800
2025/8/29,327.28,332.06,326.81,331.28,2981300
2025/9/1,327.28,332.06,326.81,331.28,2981300
2025/9/2,326.66,331.38,322.71,331.18,3225100
2025/9/3,330.75,332.07,321.41,323.71,3439000
2025/9/4,325.00,331.04,322.82,330.65,2485100
2025/9/5,330.69,332.46,325.23,326.22,2971800
2025/9/8,326.51,327.45,324.00,325.41,2264400
2025/9/9,322.79,326.59,320.80,324.34,2056000
2025/9/10,322.99,324.65,321.24,323.35,1846600
2025/9/11,323.50,330.69,322.42,329.32,2825900
2025/9/12,329.60,329.60,324.05,325.31,2000300
2025/9/15,326.05,330.27,326.00,327.26,1646300
2025/9/16,327.80,327.99,323.70,327.04,1987600
2025/9/17,328.90,337.50,328.40,336.00,3586500
2025/9/18,338.50,342.47,335.00,341.67,3204000
2025/9/19,342.53,344.36,339.72,341.12,8632000
2025/9/22,339.51,345.51,338.38,340.98,3328000
2025/9/23,341.94,349.19,340.01,341.47,2697600
2025/9/24,342.97,345.00,338.51,340.48,2279100
2025/9/25,336.91,340.77,334.00,340.18,2223900
2025/9/26,341.45,343.33,339.02,341.68,1728600
2025/9/29,343.76,344.85,338.50,342.31,1658100
2025/9/30,341.60,342.96,328.15,332.16,3327300
2025/10/1,331.00,335.77,328.40,328.56,2598800
2025/10/2,328.45,331.98,326.28,330.48,1907600
2025/10/3,332.00,332.04,328.72,330.24,2404000
2025/10/6,332.00,334.00,326.25,331.99,2116200
2025/10/7,332.65,334.94,325.74,327.97,1708900
2025/10/8,328.67,329.15,323.58,323.82,2184300
2025/10/9,326.48,328.31,324.05,324.44,2094800
2025/10/10,325.20,328.10,315.95,316.26,2684700
2025/10/13,319.17,324.36,319.06,323.12,1693100
2025/10/14,321.61,336.33,320.50,332.85,2810400
2025/10/15,333.86,336.92,330.28,330.66,2186000
2025/10/16,331.02,332.50,320.00,323.12,3268000
2025/10/17,332.38,348.70,331.00,346.62,7025200
2025/10/20,347.39,350.22,342.65,349.48,3465400
2025/10/21,352.09,356.67,350.79,355.22,2658400
2025/10/22,355.28,357.73,349.18,352.00,2710000
2025/10/23,352.72,356.18,350.55,354.93,1892600
2025/10/24,358.40,362.32,356.87,357.56,2397500
2025/10/27,362.00,362.84,358.91,361.67,2179900
2025/10/28,361.22,362.53,359.44,361.03,1416800
2025/10/29,359.00,362.00,355.88,358.22,1840500
2025/10/30,358.59,365.75,357.96,358.88,2045100
2025/10/31,357.00,361.99,356.00,360.73,2155600
2025/11/3,361.00,363.54,358.85,361.62,1822900
2025/11/4,359.32,362.54,356.85,360.49,1887800
2025/11/5,359.69,367.82,356.41,365.80,2195800
2025/11/6,366.04,369.26,362.41,365.73,2354600
2025/11/7,364.14,370.00,361.00,368.54,2752200
2025/11/10,369.48,371.80,362.76,367.88,2876800
2025/11/11,367.89,373.08,366.26,370.16,2132900
2025/11/12,371.11,377.23,370.51,372.77,2961500
2025/11/13,371.09,373.89,363.34,364.73,2273500
2025/11/14,361.80,362.20,355.40,357.18,2943500
2025/11/17,356.22,358.23,339.40,341.25,3599000
2025/11/18,336.85,343.73,334.10,340.66,4216800
2025/11/19,341.71,345.32,340.74,344.64,2005000
2025/11/20,349.97,353.13,340.32,343.80,3095700
2025/11/21,345.60,356.31,344.30,352.89,3044100
2025/11/24,353.62,356.39,350.18,355.93,3330900
2025/11/25,357.05,363.79,355.31,362.64,2059400
2025/11/26,362.71,366.73,362.71,363.97,1679900
2025/11/27,362.71,366.73,362.71,363.97,1679900
2025/11/28,365.69,367.53,364.01,365.27,872300
2025/12/1,363.86,366.53,360.14,360.31,2229100
2025/12/2,362.08,363.66,357.35,360.70,2135400
2025/12/3,361.02,370.20,360.80,368.13,2651800
2025/12/4,368.99,373.06,368.13,371.15,2027200
2025/12/5,369.45,374.88,369.06,370.35,1978700
2025/12/8,369.91,370.00,360.70,362.28,2581400
2025/12/9,363.03,368.07,362.50,363.91,2197600
2025/12/10,363.00,377.98,363.00,375.57,2804400
2025/12/11,376.50,385.92,375.60,384.89,2975800
2025/12/12,386.49,387.49,378.60,382.56,2477800
2025/12/15,384.40,385.75,379.87,382.57,2734700
2025/12/16,384.00,384.78,378.82,380.75,2584400
2025/12/17,381.55,384.34,374.55,375.61,2973900
2025/12/18,380.00,380.54,373.85,375.52,2884400
2025/12/19,375.54,377.55,372.77,376.51,7934300
2025/12/22,378.33,382.42,377.08,380.85,2747400
2025/12/23,380.75,384.55,380.10,382.19,1768200
2025/12/24,382.19,384.73,380.74,383.11,817100
2025/12/25,382.19,384.73,380.74,383.11,817100
2025/12/26,382.33,382.67,380.27,381.05,1114900
2025/12/29,381.00,381.39,374.97,375.32,1736800
2025/12/30,375.03,375.43,372.95,373.39,1319500
2025/12/31,373.27,374.37,369.87,369.95,1469300
2026/1/1,373.27,374.37,369.87,369.95,1469300
2026/1/2,369.50,372.87,367.25,372.73,2076100
2026/1/5,372.30,383.70,372.25,379.80,2362000
2026/1/6,380.37,386.26,376.21,383.56,2544100
2026/1/7,383.90,384.99,376.52,378.22,2178600
2026/1/8,378.17,385.13,376.51,382.98,2707700
2026/1/9,383.00,384.89,373.83,375.61,2767700
2026/1/12,360.50,362.04,355.51,359.59,7015900
2026/1/13,359.60,360.29,355.95,358.00,3775000
2026/1/14,356.44,358.39,350.72,358.26,3583400
2026/1/15,358.37,361.10,355.73,357.37,2868300
2026/1/16,361.15,369.40,359.90,364.79,3555100
2026/1/19,361.15,369.40,359.90,364.79,3555100
2026/1/20,356.00,361.16,351.35,352.19,3049600
2026/1/21,352.30,362.63,352.27,359.61,2780300
2026/1/22,362.73,370.10,362.73,368.02,2628500
2026/1/23,362.73,363.75,358.25,361.69,2801800
2026/1/26,362.19,364.87,360.66,363.25,2131200
2026/1/27,363.26,363.42,355.77,359.45,1916000
2026/1/28,359.24,361.57,356.55,356.99,2386500
2026/1/29,360.27,362.29,355.65,358.50,4217500
2026/1/30,355.00,356.01,344.50,352.17,5381200
2026/2/2,350.35,355.30,347.01,352.83,2603200
2026/2/3,353.93,358.37,346.90,349.63,2854600
2026/2/4,349.63,357.33,347.54,353.67,3241900
2026/2/5,350.55,357.32,348.35,354.62,4074900
2026/2/6,358.20,361.39,354.69,359.15,3301700
2026/2/9,359.00,361.74,355.68,359.66,2219700
2026/2/10,359.62,369.50,359.33,363.20,3506900
2026/2/11,367.56,369.50,353.95,354.01,3437100
2026/2/12,356.50,359.06,340.38,342.88,4141900
2026/2/13,342.60,344.87,336.21,337.50,3814400
2026/2/16,342.60,344.87,336.21,337.50,3814400
2026/2/17,338.73,346.63,338.00,344.53,3186000
2026/2/18,346.09,348.05,345.00,346.24,1900600
2026/2/19,343.75,344.62,338.29,342.65,2786500
2026/2/20,341.55,346.28,338.50,346.18,2738900
2026/2/23,343.35,345.83,317.15,321.24,7092600
2026/2/24,320.49,323.59,316.07,320.48,7925900
2026/2/25,323.46,329.13,322.32,327.09,3843800
2026/2/26,329.84,336.62,329.75,335.32,3215500
2026/2/27,320.90,321.51,307.65,308.90,9817300
2026/3/2,303.20,310.42,301.28,307.43,6280000
2026/3/3,300.11,309.41,299.75,307.82,5673100
2026/3/4,309.11,312.46,307.00,311.21,4055200
2026/3/5,306.86,309.50,304.80,307.21,4601800
2026/3/6,300.68,303.00,294.51,301.00,5499300
2026/3/9,300.68,303.00,294.51,301.00,5499300
