date,open,high,low,close,volume
2013/1/1,74.61,75.41,74.00,75.36,4939000
2013/1/2,76.55,77.33,76.45,77.07,5036400
2013/1/3,76.99,77.98,76.37,77.47,3987000
2013/1/4,77.79,78.02,77.44,77.69,3431700
2013/1/7,77.54,77.69,75.34,76.13,7172600
2013/1/8,75.24,75.81,73.11,74.13,20268100
2013/1/9,74.92,76.81,74.91,76.76,10915800
2013/1/10,76.93,77.12,76.16,77.09,5026600
2013/1/11,75.71,76.10,74.60,75.16,9808500
2013/1/14,75.23,76.59,74.90,76.55,6221100
2013/1/15,76.21,76.98,76.18,76.94,3900600
2013/1/16,73.85,74.64,73.56,74.34,18212000
2013/1/17,72.78,75.63,72.68,75.26,21849200
2013/1/18,75.16,75.16,74.29,75.04,10829000
2013/1/21,75.16,75.16,74.29,75.04,10829000
2013/1/22,74.12,74.27,73.77,74.16,9161900
2013/1/23,73.99,74.59,73.45,74.29,7784900
2013/1/24,74.41,75.54,74.41,75.32,7292200
2013/1/25,75.29,75.42,74.79,75.03,6163200
2013/1/28,73.90,74.65,73.89,74.00,7759000
2013/1/29,74.24,74.24,73.00,73.65,9296800
2013/1/30,74.42,74.75,73.73,74.59,10048600
2013/1/31,74.50,74.62,73.76,73.87,7639000
2013/2/1,74.49,75.07,74.23,74.87,6749300
2013/2/4,74.29,75.53,74.25,75.21,5799800
2013/2/5,75.69,76.98,75.61,75.89,6831200
2013/2/6,75.47,76.30,75.40,76.29,4716600
2013/2/7,76.32,77.54,76.28,77.43,7773000
2013/2/8,77.24,77.39,76.28,76.56,5100400
2013/2/11,76.42,76.44,75.85,75.87,3677100
2013/2/12,76.06,76.25,75.83,75.99,3597400
2013/2/13,75.67,75.83,74.63,74.78,4313500
2013/2/14,74.69,75.31,74.54,74.93,3830400
2013/2/15,75.26,75.26,74.72,75.03,3650700
2013/2/18,75.26,75.26,74.72,75.03,3650700
2013/2/19,74.99,75.19,74.27,74.65,3882500
2013/2/20,75.64,76.25,74.75,74.78,7551300
2013/2/21,74.96,76.18,74.91,76.01,7438600
2013/2/22,76.70,77.03,76.48,76.66,5391200
2013/2/25,76.83,76.90,75.03,75.03,4936300
2013/2/26,75.43,75.91,75.14,75.65,3436700
2013/2/27,75.53,77.93,75.53,77.36,7160000
2013/2/28,77.24,77.73,76.40,76.90,5593400
2013/3/1,76.70,77.59,76.58,77.28,6024200
2013/3/4,76.95,77.40,76.17,77.09,4748600
2013/3/5,77.45,78.85,77.11,78.66,5693200
2013/3/6,78.67,79.28,78.49,79.08,3826100
2013/3/7,79.37,81.95,79.37,81.05,10029900
2013/3/8,81.16,81.70,80.72,81.23,5231700
2013/3/11,81.01,83.03,80.96,82.94,5087300
2013/3/12,83.10,84.62,83.00,84.16,6600800
2013/3/13,84.38,84.85,83.52,84.75,7750900
2013/3/14,84.62,85.10,84.13,84.62,5027800
2013/3/15,84.75,86.49,84.50,86.43,8205400
2013/3/18,85.07,85.77,85.04,85.18,4803900
2013/3/19,85.53,86.00,85.24,85.51,5381200
2013/3/20,85.85,86.14,85.18,85.37,3783500
2013/3/21,85.20,85.83,84.18,84.33,3672400
2013/3/22,84.52,85.10,84.52,84.82,2841600
2013/3/25,85.03,85.48,84.34,84.85,3528400
2013/3/26,85.43,86.84,85.41,86.62,5083400
2013/3/27,85.75,86.42,85.05,86.20,3185700
2013/3/28,86.41,86.50,85.42,85.85,4884300
2013/3/29,86.41,86.50,85.42,85.85,4884300
2013/4/1,85.60,86.19,85.03,85.25,2867200
2013/4/2,85.39,85.50,83.80,84.09,4764900
2013/4/3,84.30,85.35,84.07,84.36,3885000
2013/4/4,84.79,85.02,84.21,84.95,3352500
2013/4/5,84.07,86.30,83.91,86.17,6109500
2013/4/8,86.04,86.81,85.38,86.75,5003600
2013/4/9,87.12,87.49,86.19,87.21,6058400
2013/4/10,87.34,88.56,87.06,87.82,4635200
2013/4/11,87.96,89.46,87.84,88.53,5394200
2013/4/12,88.29,88.93,88.00,88.89,2588300
2013/4/15,88.44,88.77,86.77,86.77,4324000
2013/4/16,87.45,88.35,86.43,86.89,5233900
2013/4/17,86.47,87.00,85.78,86.69,3781100
2013/4/18,87.06,87.16,85.75,86.12,2792800
2013/4/19,87.57,88.08,86.57,87.96,6322200
2013/4/22,88.08,88.08,86.44,86.94,4248700
2013/4/23,87.35,88.51,87.20,88.18,3130700
2013/4/24,91.95,92.65,90.42,90.83,9231700
2013/4/25,91.35,92.62,90.07,91.67,5766100
2013/4/26,91.89,93.38,91.67,92.85,5910600
2013/4/29,91.40,92.41,91.19,91.90,6265900
2013/4/30,91.35,91.99,90.82,91.41,4714300
2013/5/1,91.08,91.75,90.72,91.18,4567300
2013/5/2,91.24,92.82,91.20,92.21,4514800
2013/5/3,92.85,93.95,92.67,93.74,4700100
2013/5/6,93.44,94.79,93.36,94.19,5504800
2013/5/7,94.31,95.04,94.06,94.79,3858400
2013/5/8,94.31,94.44,93.77,94.04,3204300
2013/5/9,94.07,95.15,94.04,94.61,3677500
2013/5/10,94.75,94.99,93.82,94.24,3918600
2013/5/13,94.12,95.16,94.10,94.76,3492000
2013/5/14,94.92,96.19,94.70,96.11,4646500
2013/5/15,95.69,97.47,95.60,97.02,4875100
2013/5/16,96.89,97.20,96.30,96.58,5036700
2013/5/17,97.02,99.04,97.00,98.92,7408900
2013/5/20,99.12,99.33,98.52,98.72,6535200
2013/5/21,98.59,99.05,97.90,98.75,4415400
2013/5/22,98.86,99.48,97.86,97.93,8399700
2013/5/23,97.18,99.99,97.06,99.75,6975700
2013/5/24,99.75,100.58,98.85,100.00,6746300
2013/5/27,99.75,100.58,98.85,100.00,6746300
2013/5/28,100.85,101.47,100.11,100.11,5736000
2013/5/29,99.56,100.03,98.90,99.09,4405800
2013/5/30,99.29,100.99,99.06,100.54,4784400
2013/5/31,100.21,100.95,99.02,99.02,4218700
2013/6/3,99.36,100.90,99.30,100.74,6472900
2013/6/4,100.48,100.92,99.08,99.61,3769800
2013/6/5,99.34,99.71,98.05,98.49,5151000
2013/6/6,98.65,99.81,98.42,99.76,4131700
2013/6/7,100.25,102.59,100.06,102.49,5732900
2013/6/10,102.51,102.95,101.51,102.24,4047500
2013/6/11,101.61,102.78,100.90,101.75,3144100
2013/6/12,102.19,102.42,100.61,100.88,2936500
2013/6/13,100.96,102.34,100.85,102.16,4076500
2013/6/14,102.16,103.22,101.50,101.83,3944400
2013/6/17,102.69,103.52,102.52,103.03,4217400
2013/6/18,103.22,104.15,102.65,104.08,4035700
2013/6/19,103.83,104.15,102.24,102.25,4186900
2013/6/20,101.46,101.86,99.38,99.64,7114800
2013/6/21,100.08,100.14,97.42,99.98,10328800
2013/6/24,99.06,99.46,96.31,97.85,5585200
2013/6/25,99.20,99.66,98.18,98.67,3557900
2013/6/26,99.65,101.39,99.57,100.75,5267300
2013/6/27,102.41,103.52,102.01,103.15,6577700
2013/6/28,102.86,103.49,102.32,102.44,5432500
2013/7/1,102.93,104.02,102.93,103.24,4091200
2013/7/2,103.22,103.25,100.82,101.47,4147000
2013/7/3,101.01,103.04,100.78,102.89,2891700
2013/7/4,101.01,103.04,100.78,102.89,2891700
2013/7/5,103.70,104.20,102.75,104.20,3671700
2013/7/8,104.00,105.10,103.44,104.37,4222700
2013/7/9,105.27,105.75,104.46,104.68,3991800
2013/7/10,104.50,105.60,104.41,105.50,3872700
2013/7/11,106.43,107.46,106.29,106.88,4529800
2013/7/12,106.86,108.15,98.99,101.87,44391800
2013/7/15,103.83,105.87,103.10,105.66,13169900
2013/7/16,105.69,105.80,103.78,104.23,5839100
2013/7/17,104.45,105.43,104.42,104.79,3931800
2013/7/18,104.96,107.98,104.80,107.63,8046400
2013/7/19,107.13,107.13,105.61,106.96,5992000
2013/7/22,107.27,107.32,106.45,106.86,4168800
2013/7/23,107.18,107.98,106.34,107.79,5081600
2013/7/24,109.24,109.49,106.26,106.95,7723500
2013/7/25,106.36,107.12,105.85,106.70,5267100
2013/7/26,106.22,106.22,105.31,105.60,4216100
2013/7/29,103.52,105.12,103.50,104.81,4041800
2013/7/30,104.94,106.01,104.80,105.73,5022700
2013/7/31,105.92,106.28,104.99,105.10,4487800
2013/8/1,105.99,107.00,105.78,106.70,4910800
2013/8/2,106.00,107.95,106.00,107.90,4226200
2013/8/5,107.14,107.80,107.14,107.50,3559200
2013/8/6,107.35,107.71,106.62,107.04,5199900
2013/8/7,106.21,106.68,105.53,106.42,3158600
2013/8/8,106.68,107.24,105.83,105.84,3741400
2013/8/9,105.37,106.15,104.88,105.33,3326500
2013/8/12,104.86,105.07,104.05,104.24,3830800
2013/8/13,104.31,106.55,104.27,106.23,3578300
2013/8/14,106.16,106.16,104.07,104.16,4481100
2013/8/15,103.19,103.29,101.77,102.73,4359400
2013/8/16,102.82,103.94,102.70,103.47,3469100
2013/8/19,103.00,105.20,102.88,104.72,3512200
2013/8/20,104.69,105.08,104.55,104.63,3448900
2013/8/21,104.47,104.76,103.60,103.91,3645600
2013/8/22,103.88,105.50,103.88,105.14,2857800
2013/8/23,105.50,105.50,104.80,105.48,3016100
2013/8/26,105.75,106.52,105.21,105.53,2480400
2013/8/27,104.40,105.14,103.06,103.21,4376900
2013/8/28,103.10,103.82,102.57,103.27,2816300
2013/8/29,103.28,105.44,103.00,104.93,3095400
2013/8/30,104.92,104.96,103.60,103.92,2723800
2013/9/2,104.92,104.96,103.60,103.92,2723800
2013/9/3,105.13,105.83,104.66,105.01,3659800
2013/9/4,105.05,107.12,104.62,106.37,3837500
2013/9/5,106.16,106.98,105.67,106.65,2590500
2013/9/6,107.00,107.38,105.11,106.07,3265200
2013/9/9,106.58,107.38,106.56,107.19,2907600
2013/9/10,107.64,108.45,107.40,108.17,3848000
2013/9/11,108.25,109.23,107.80,109.23,3313700
2013/9/12,109.19,110.22,109.14,109.80,4766800
2013/9/13,109.93,111.33,109.56,111.33,3503400
2013/9/16,113.73,115.89,113.26,115.67,7711200
2013/9/17,115.78,117.48,115.59,117.11,5308300
2013/9/18,117.28,119.52,116.55,118.40,6330600
2013/9/19,119.22,120.38,118.81,119.04,5766700
2013/9/20,119.15,119.22,116.63,116.63,8745400
2013/9/23,117.15,118.37,115.80,117.51,5450200
2013/9/24,117.19,119.89,116.80,119.00,5020000
2013/9/25,119.32,119.61,118.16,118.51,3566600
2013/9/26,118.71,119.50,118.51,119.38,2820400
2013/9/27,118.51,119.17,117.79,118.74,2848900
2013/9/30,117.35,117.89,116.37,117.50,4032900
2013/10/1,117.97,118.30,117.08,117.75,2880700
2013/10/2,117.38,117.84,116.28,117.84,2871900
2013/10/3,117.35,117.49,114.73,115.24,4455100
2013/10/4,115.27,117.26,115.25,117.20,3998000
2013/10/7,115.51,117.17,115.40,116.69,3822000
2013/10/8,116.67,117.32,115.42,115.44,4574000
2013/10/9,115.40,115.40,113.34,114.47,4722200
2013/10/10,116.10,119.00,115.91,118.90,5635400
2013/10/11,118.60,119.40,117.83,117.98,4505500
2013/10/14,117.42,119.55,116.69,119.46,3617800
2013/10/15,119.42,119.59,118.14,118.18,2749700
2013/10/16,118.78,120.66,118.75,120.34,4036900
2013/10/17,119.81,122.39,119.81,122.29,4114200
2013/10/18,122.50,122.86,121.25,122.52,3924200
2013/10/21,122.69,122.74,121.06,121.47,3207900
2013/10/22,122.00,123.80,121.88,122.48,4431200
2013/10/23,126.00,129.99,125.90,129.02,10766300
2013/10/24,129.01,129.57,127.94,128.98,4976200
2013/10/25,129.25,131.43,128.22,131.19,5467600
2013/10/28,128.75,130.47,128.64,129.88,4655800
2013/10/29,129.35,129.88,128.76,129.66,3608700
2013/10/30,129.56,131.43,129.02,129.68,4122100
2013/10/31,129.84,131.88,129.55,130.50,4931800
2013/11/1,130.90,133.50,130.90,133.03,4582400
2013/11/4,133.75,133.99,132.46,132.79,3915800
2013/11/5,132.03,133.74,130.59,133.57,4069200
2013/11/6,134.02,134.58,132.68,133.09,3747700
2013/11/7,133.44,133.93,131.35,131.51,3826800
2013/11/8,131.28,133.90,130.95,133.49,4790900
2013/11/11,133.14,133.33,132.12,132.53,2962200
2013/11/12,132.40,133.08,131.97,132.33,2851000
2013/11/13,131.92,133.49,131.10,133.17,3577100
2013/11/14,133.70,135.38,133.17,135.09,3279600
2013/11/15,135.36,136.57,134.54,136.08,4495100
2013/11/18,140.25,142.00,137.77,138.36,8158800
2013/11/19,138.50,138.79,136.70,136.98,3954000
2013/11/20,135.80,135.89,132.29,132.45,8634900
2013/11/21,132.45,133.29,131.20,132.93,4700600
2013/11/22,133.49,136.12,133.43,135.97,4290200
2013/11/25,134.01,134.86,130.58,133.00,7181700
2013/11/26,133.00,135.44,132.56,134.78,4200800
2013/11/27,135.05,136.30,134.17,134.72,3350900
2013/11/28,135.05,136.30,134.17,134.72,3350900
2013/11/29,134.82,135.23,134.18,134.25,1680900
2013/12/2,134.99,135.46,133.62,134.16,3378100
2013/12/3,133.93,133.93,131.92,132.00,5171900
2013/12/4,131.73,132.15,130.55,131.50,5137100
2013/12/5,131.26,133.10,131.25,132.73,3665100
2013/12/6,134.58,135.75,134.00,135.18,5341800
2013/12/9,135.49,135.95,134.57,134.68,3799000
2013/12/10,133.65,135.04,132.18,133.70,4061300
2013/12/11,133.70,133.81,132.44,132.56,3358300
2013/12/12,132.11,133.65,131.90,132.96,3617700
2013/12/13,133.45,134.25,133.14,133.83,3139400
2013/12/16,134.27,135.20,133.94,134.72,3979500
2013/12/17,137.92,138.10,135.36,135.88,6753000
2013/12/18,135.86,136.44,132.84,135.49,5632400
2013/12/19,135.00,136.23,133.94,135.17,3177100
2013/12/20,135.49,137.85,135.49,136.67,5454600
2013/12/23,137.69,138.09,136.32,136.40,2945100
2013/12/24,136.40,136.98,136.14,136.83,1203200
2013/12/25,136.40,136.98,136.14,136.83,1203200
2013/12/26,137.18,138.59,137.17,138.27,2161300
2013/12/27,138.69,138.88,136.79,136.90,2204600
2013/12/30,137.16,137.37,135.54,135.92,2403500
2013/12/31,136.16,137.05,135.74,136.49,2096000
2014/1/1,136.16,137.05,135.74,136.49,2096000
2014/1/2,136.01,137.25,135.51,136.67,3366700
2014/1/3,137.06,138.50,137.05,137.62,3177400
2014/1/6,139.40,139.76,137.80,138.41,4196500
2014/1/7,138.58,141.10,138.50,140.51,4238500
2014/1/8,140.69,141.40,139.36,140.82,4236100
2014/1/9,141.51,142.52,140.54,142.13,4052500
2014/1/10,142.79,142.80,140.90,141.90,4549500
2014/1/13,141.55,142.14,140.38,140.70,4462400
2014/1/14,140.85,141.70,137.80,140.01,8441600
2014/1/15,140.30,141.08,140.14,140.62,3030800
2014/1/16,140.33,141.45,140.07,140.21,3062900
2014/1/17,140.08,141.00,139.75,140.46,3382700
2014/1/20,140.08,141.00,139.75,140.46,3382700
2014/1/21,141.46,142.46,140.81,141.67,3240600
2014/1/22,142.31,144.57,141.87,144.37,4388700
2014/1/23,143.10,143.89,141.10,141.31,4491400
2014/1/24,140.40,140.47,136.32,136.65,5856800
2014/1/27,136.70,138.46,135.65,137.36,5057800
2014/1/28,137.61,138.09,136.44,137.09,4606200
2014/1/29,131.70,131.76,128.07,129.78,15993400
2014/1/30,131.70,131.70,125.20,126.53,10406200
2014/1/31,124.46,126.87,123.08,125.26,9732700
2014/2/3,124.24,126.52,122.75,123.08,9309600
2014/2/4,123.07,123.80,120.53,122.04,9304100
2014/2/5,121.00,121.94,118.77,121.40,9689100
2014/2/6,121.79,122.72,121.51,122.67,6738800
2014/2/7,123.75,127.21,123.65,127.02,8906300
2014/2/10,128.96,128.97,126.35,127.16,8173500
2014/2/11,127.65,130.69,127.46,130.16,7874000
2014/2/12,130.29,130.55,128.00,128.13,5798800
2014/2/13,127.06,129.94,127.06,129.50,4203400
2014/2/14,129.09,130.41,128.02,130.16,4807700
2014/2/17,129.09,130.41,128.02,130.16,4807700
2014/2/18,130.13,130.94,129.60,130.63,4645300
2014/2/19,130.11,130.50,128.37,128.39,5146600
2014/2/20,128.48,129.99,127.51,129.56,4466400
2014/2/21,129.80,129.80,128.11,128.28,5164000
2014/2/24,128.38,130.80,128.36,129.59,4635700
2014/2/25,129.30,129.75,126.21,126.78,7308800
2014/2/26,127.24,127.94,126.36,126.61,4803600
2014/2/27,126.47,128.56,126.26,128.56,4649700
2014/2/28,128.75,129.95,128.06,128.92,4361400
2014/3/3,127.18,128.44,126.52,128.22,4847100
2014/3/4,129.38,131.00,129.33,130.23,5422800
2014/3/5,130.40,130.80,128.69,128.79,4095200
2014/3/6,129.01,129.37,128.03,128.86,3595900
2014/3/7,129.75,130.16,128.07,128.54,4297800
2014/3/10,126.51,127.28,124.76,126.89,7039200
2014/3/11,127.03,127.27,125.62,125.67,4190000
2014/3/12,125.00,125.20,123.81,124.43,5040100
2014/3/13,124.65,125.61,121.63,121.89,6071200
2014/3/14,122.12,124.28,121.95,123.11,5698400
2014/3/17,123.97,125.82,123.92,125.42,4380500
2014/3/18,125.59,125.82,123.66,124.04,4151600
2014/3/19,124.32,125.20,121.37,122.24,6673000
2014/3/20,122.59,123.90,121.38,123.73,4601700
2014/3/21,124.06,124.45,122.50,122.58,7973600
2014/3/24,123.53,123.95,122.08,123.42,4472500
2014/3/25,124.46,125.00,123.56,124.02,3225100
2014/3/26,124.61,125.32,123.32,123.53,3091200
2014/3/27,123.01,124.30,121.80,123.21,3106000
2014/3/28,123.78,125.19,123.52,124.46,2863500
2014/3/31,125.36,126.04,124.80,125.49,2962000
2014/4/1,126.24,128.40,126.17,128.21,3952800
2014/4/2,128.63,128.77,127.40,128.31,2935200
2014/4/3,129.17,129.17,128.28,128.78,3303500
2014/4/4,129.33,129.92,127.23,127.38,4156600
2014/4/7,127.19,128.18,124.95,125.59,3753600
2014/4/8,125.28,125.73,124.06,124.15,4122200
2014/4/9,124.99,127.02,124.05,126.88,3689900
2014/4/10,126.82,126.86,123.64,123.64,3956900
2014/4/11,123.05,123.45,121.92,122.07,3854600
2014/4/14,123.08,123.77,122.18,123.25,3086300
2014/4/15,123.35,124.55,122.13,124.27,2746900
2014/4/16,125.00,126.04,124.73,126.04,2826100
2014/4/17,126.44,128.37,125.83,127.92,3449400
2014/4/18,126.44,128.37,125.83,127.92,3449400
2014/4/21,128.05,128.44,127.37,127.82,2368500
2014/4/22,128.25,129.13,127.48,127.55,5015600
2014/4/23,130.67,131.50,129.33,130.63,7121600
2014/4/24,130.41,130.62,128.43,129.86,4177000
2014/4/25,129.84,130.00,128.37,128.66,2978500
2014/4/28,128.20,128.87,125.80,127.04,4354600
2014/4/29,127.20,128.57,126.53,128.37,3344100
2014/4/30,128.05,129.50,127.80,129.02,2773000
2014/5/1,128.74,129.60,128.27,128.46,2804100
2014/5/2,128.70,130.40,128.61,129.94,3762900
2014/5/5,129.00,132.38,128.95,131.96,4026500
2014/5/6,131.75,131.92,130.70,130.83,4032000
2014/5/7,130.77,131.10,129.20,130.35,2900600
2014/5/8,130.17,131.27,130.17,130.57,2988700
2014/5/9,130.26,131.33,129.88,131.10,2543800
2014/5/12,131.82,132.99,131.64,132.60,3288500
2014/5/13,133.01,133.83,132.86,133.45,3132200
2014/5/14,133.80,133.97,132.69,132.99,2883900
2014/5/15,132.70,132.86,130.56,131.21,3596800
2014/5/16,131.31,131.71,130.03,130.81,2963300
2014/5/19,130.42,132.07,130.35,131.35,2103100
2014/5/20,130.94,131.60,129.07,129.58,2995800
2014/5/21,130.43,131.43,130.04,130.96,2476100
2014/5/22,131.66,132.48,131.27,131.84,2370700
2014/5/23,132.00,132.58,131.93,132.41,1956200
2014/5/26,132.00,132.58,131.93,132.41,1956200
2014/5/27,133.09,134.21,132.87,134.17,3085500
2014/5/28,134.17,135.15,134.17,134.33,2609400
2014/5/29,134.71,135.20,134.43,135.14,2234100
2014/5/30,134.67,135.44,134.04,135.25,2760300
2014/6/2,135.50,136.03,134.77,135.90,2629900
2014/6/3,135.80,136.53,135.62,135.88,2468800
2014/6/4,135.54,135.55,134.59,135.33,2601900
2014/6/5,135.65,137.38,135.65,136.82,3489900
2014/6/6,137.39,138.25,137.12,138.25,2710900
2014/6/9,138.25,138.39,137.50,137.96,2585000
2014/6/10,137.59,137.75,136.29,137.25,2370200
2014/6/11,135.25,135.53,133.82,134.10,5558000
2014/6/12,133.86,134.17,131.64,132.19,3826100
2014/6/13,132.53,132.95,131.55,132.29,2376600
2014/6/16,132.20,133.13,131.65,132.54,2163800
2014/6/17,132.10,133.05,131.72,132.45,2223200
2014/6/18,132.61,132.67,131.03,132.48,2859000
2014/6/19,132.48,132.93,131.80,132.82,2794900
2014/6/20,133.48,134.08,132.09,132.10,8083500
2014/6/23,132.32,132.53,130.65,130.85,4433000
2014/6/24,130.50,131.24,129.00,129.15,4319800
2014/6/25,129.04,129.14,126.28,127.06,7929700
2014/6/26,127.41,128.44,126.36,128.02,3929100
2014/6/27,128.07,128.78,127.56,128.54,3687900
2014/6/30,127.91,127.91,126.20,127.23,5712900
2014/7/1,127.66,128.33,127.36,128.15,3772500
2014/7/2,128.15,128.50,127.34,127.62,2859000
2014/7/3,127.99,128.62,127.70,128.51,1997500
2014/7/4,127.99,128.62,127.70,128.51,1997500
2014/7/7,128.10,129.50,127.77,129.09,3157000
2014/7/8,128.89,128.97,125.92,126.79,5724300
2014/7/9,128.31,128.32,125.91,126.79,8023900
2014/7/10,125.54,127.63,125.12,126.79,3936900
2014/7/11,127.18,128.24,126.36,128.09,3193100
2014/7/14,128.91,130.58,128.76,129.52,5267500
2014/7/15,130.31,130.31,128.34,129.10,4916100
2014/7/16,129.56,129.56,127.14,127.42,5260800
2014/7/17,127.21,128.18,125.79,125.88,5292900
2014/7/18,126.38,127.82,126.25,127.64,3103300
2014/7/21,127.30,128.42,126.77,128.30,2738700
2014/7/22,128.99,130.01,128.58,129.74,5102200
2014/7/23,127.79,128.40,126.02,126.71,12326300
2014/7/24,125.92,126.05,124.00,124.40,10307200
2014/7/25,124.48,124.53,122.41,123.20,6121400
2014/7/28,123.44,124.56,122.16,123.06,4982400
2014/7/29,123.31,123.63,122.20,122.32,4101900
2014/7/30,123.20,123.80,121.76,122.29,4042900
2014/7/31,121.47,122.05,120.41,120.48,5588800
2014/8/1,120.45,121.71,119.64,120.38,5852700
2014/8/4,120.80,121.19,119.77,119.93,4671100
2014/8/5,119.67,121.98,119.66,121.27,6097900
2014/8/6,119.32,119.36,117.87,118.34,6239700
2014/8/7,119.00,120.22,118.87,119.84,4641800
2014/8/8,119.80,120.65,119.28,120.63,4348900
2014/8/11,121.15,121.76,120.75,120.80,2807900
2014/8/12,120.51,120.94,120.01,120.47,2303500
2014/8/13,120.67,122.23,120.63,121.98,2641100
2014/8/14,122.20,124.69,122.16,124.11,4825100
2014/8/15,124.50,124.50,122.15,123.16,4570000
2014/8/18,123.58,125.24,123.57,124.98,4196900
2014/8/19,125.22,125.79,125.11,125.58,2988300
2014/8/20,125.89,127.71,125.58,127.35,4331300
2014/8/21,127.54,127.78,126.74,127.50,2522300
2014/8/22,127.33,127.80,126.96,127.46,2394700
2014/8/25,128.08,128.49,127.78,128.33,2307100
2014/8/26,128.69,129.13,128.31,128.60,2329000
2014/8/27,128.77,128.99,127.95,128.20,3075200
2014/8/28,127.34,127.75,126.72,127.11,3070300
2014/8/29,127.35,127.35,126.05,126.80,3032700
2014/9/1,127.35,127.35,126.05,126.80,3032700
2014/9/2,125.62,126.26,124.57,125.48,4576000
2014/9/3,125.46,126.24,125.20,125.94,3966500
2014/9/4,126.38,126.75,125.26,125.46,2975300
2014/9/5,125.43,125.55,124.10,124.69,4913800
2014/9/8,125.90,128.25,125.90,127.98,6103500
2014/9/9,127.81,128.68,127.62,128.21,4866400
2014/9/10,128.47,128.47,127.48,128.22,3068200
2014/9/11,127.82,127.99,127.20,127.64,1988200
2014/9/12,127.49,127.56,126.61,126.95,3107300
2014/9/15,126.92,126.95,125.69,126.31,3261700
2014/9/16,126.20,127.70,125.72,127.32,3377500
2014/9/17,128.25,128.38,127.20,127.76,3135300
2014/9/18,128.00,128.90,128.00,128.58,2721800
2014/9/19,129.27,129.70,128.92,129.35,5635700
2014/9/22,129.37,129.87,128.46,128.61,2890300
2014/9/23,128.28,128.54,127.03,127.38,2963100
2014/9/24,127.46,128.80,127.23,128.58,2891400
2014/9/25,128.31,128.49,127.01,127.14,2913100
2014/9/26,127.19,129.00,126.96,128.69,2524100
2014/9/29,127.21,129.53,127.00,128.77,3484900
2014/9/30,128.57,129.39,127.31,127.38,4000200
2014/10/1,127.37,127.37,124.31,124.67,5265200
2014/10/2,124.40,125.55,123.84,124.17,3204500
2014/10/3,124.66,126.87,124.66,126.36,3075900
2014/10/6,127.09,127.19,125.38,126.26,2681000
2014/10/7,125.52,125.52,123.29,123.32,3554900
2014/10/8,123.47,125.09,122.15,124.98,3610300
2014/10/9,124.72,124.75,122.31,122.76,4874700
2014/10/10,122.87,123.36,121.50,121.50,4214200
2014/10/13,122.05,123.19,120.26,120.45,3878600
2014/10/14,121.84,123.37,120.72,122.29,3768200
2014/10/15,121.06,121.12,116.32,120.19,7819000
2014/10/16,118.91,121.30,118.39,120.29,4492500
2014/10/17,122.05,123.87,121.78,123.24,4872400
2014/10/20,123.39,124.72,123.00,124.31,3676300
2014/10/21,125.21,127.24,124.93,127.12,5204500
2014/10/22,127.99,128.00,121.34,121.45,13844400
2014/10/23,121.27,122.88,121.06,122.03,7799700
2014/10/24,122.20,122.84,121.26,122.24,4013300
2014/10/27,122.13,122.23,121.26,122.12,2940300
2014/10/28,122.50,123.79,121.96,123.61,4159000
2014/10/29,124.48,124.48,122.56,123.08,3241700
2014/10/30,122.52,124.12,122.01,123.82,2569900
2014/10/31,125.03,125.89,124.73,124.91,4665300
2014/11/3,125.35,126.25,124.89,126.03,3902700
2014/11/4,125.94,126.71,125.26,125.84,3684600
2014/11/5,126.01,126.25,124.20,124.22,3334000
2014/11/6,124.48,124.80,123.37,124.58,2341900
2014/11/7,124.93,124.94,124.17,124.45,2366700
2014/11/10,124.87,124.99,123.80,124.64,2622700
2014/11/11,124.58,125.73,124.45,125.36,3053500
2014/11/12,124.51,126.19,124.47,125.87,3075000
2014/11/13,125.74,128.96,125.74,128.53,5813900
2014/11/14,128.53,129.78,127.85,128.86,6235600
2014/11/17,128.70,129.17,127.55,128.42,3752900
2014/11/18,128.55,131.33,128.04,130.66,5701200
2014/11/19,130.59,132.74,130.25,131.61,5037600
2014/11/20,130.94,132.40,130.71,131.70,4052800
2014/11/21,132.72,133.36,132.51,132.78,4227100
2014/11/24,133.45,134.74,133.44,134.61,4161500
2014/11/25,134.74,135.60,134.74,134.81,4301600
2014/11/26,134.95,135.30,134.39,134.78,2660100
2014/11/27,134.95,135.30,134.39,134.78,2660100
2014/11/28,135.51,135.78,134.04,134.36,2090000
2014/12/1,134.31,134.40,132.20,132.39,3473700
2014/12/2,132.50,132.96,131.75,132.28,2904900
2014/12/3,132.65,133.28,131.43,131.97,4627500
2014/12/4,131.97,132.52,130.92,131.32,2785500
2014/12/5,131.72,132.62,131.53,132.21,2580200
2014/12/8,132.02,132.07,129.87,130.28,2862400
2014/12/9,128.56,129.72,127.74,129.66,3084600
2014/12/10,128.81,128.98,124.54,124.64,6651700
2014/12/11,125.22,125.65,123.00,123.37,6702100
2014/12/12,122.24,122.27,120.58,120.77,6661100
2014/12/15,121.40,122.88,120.60,122.08,6238800
2014/12/16,125.04,125.54,123.91,124.25,7919900
2014/12/17,124.28,125.38,123.42,125.06,6726500
2014/12/18,127.13,127.35,124.77,125.67,6485900
2014/12/19,125.63,127.42,125.50,126.23,7680800
2014/12/22,126.73,128.54,126.73,128.22,3189300
2014/12/23,129.04,130.65,128.65,130.03,4028900
2014/12/24,130.30,132.33,130.17,131.24,2116900
2014/12/25,130.30,132.33,130.17,131.24,2116900
2014/12/26,131.29,131.93,130.23,131.63,2242900
2014/12/29,131.72,132.73,131.17,132.29,2718400
2014/12/30,132.00,132.28,131.52,131.83,2447700
2014/12/31,132.25,132.30,129.86,129.98,2712400
2015/1/1,132.25,132.30,129.86,129.98,2712400
2015/1/2,131.07,131.84,129.09,129.95,4294200
2015/1/5,129.66,129.92,128.61,129.05,5024800
2015/1/6,129.05,129.62,126.18,127.53,4992800
2015/1/7,128.74,129.97,128.72,129.51,3573200
2015/1/8,130.60,131.99,130.40,131.80,4503400
2015/1/9,131.59,132.26,130.93,131.54,3056400
2015/1/12,132.24,132.26,129.95,130.87,3552700
2015/1/13,132.00,133.91,130.17,131.17,3441700
2015/1/14,129.03,131.29,128.95,130.38,3559500
2015/1/15,130.25,131.83,129.70,130.14,3902000
2015/1/16,129.75,131.02,129.11,130.78,4425600
2015/1/19,129.75,131.02,129.11,130.78,4425600
2015/1/20,131.45,132.00,129.45,131.22,3143700
2015/1/21,130.87,132.87,130.57,132.41,2898000
2015/1/22,133.38,136.21,133.05,135.64,4971300
2015/1/23,135.57,135.78,134.60,134.62,3828300
2015/1/26,135.00,135.25,133.53,134.07,3900500
2015/1/27,132.40,132.99,130.74,132.48,5243900
2015/1/28,136.30,141.89,135.92,139.64,14355100
2015/1/29,139.69,148.25,139.63,147.78,15161700
2015/1/30,146.22,146.85,144.37,145.37,11271100
2015/2/2,143.72,146.59,143.05,146.26,6790900
2015/2/3,146.37,148.00,146.18,147.34,5978200
2015/2/4,145.97,148.39,145.93,147.22,4766200
2015/2/5,147.26,148.87,146.46,148.60,4252600
2015/2/6,148.62,148.89,147.70,148.00,4398800
2015/2/9,146.16,148.16,145.63,147.58,4202900
2015/2/10,148.20,148.71,147.50,148.04,4034900
2015/2/11,147.51,148.38,147.09,147.92,3272700
2015/2/12,148.26,148.57,147.68,148.09,2998900
2015/2/13,147.98,149.84,147.64,149.73,3418600
2015/2/16,147.98,149.84,147.64,149.73,3418600
2015/2/17,148.72,149.96,148.52,149.92,3622400
2015/2/18,149.70,151.62,149.37,151.17,3722100
2015/2/19,151.05,154.24,151.00,153.75,4384000
2015/2/20,153.80,158.83,153.80,158.31,9366000
2015/2/23,155.00,155.92,153.36,154.74,8653700
2015/2/24,153.50,154.78,153.21,154.38,4391700
2015/2/25,154.31,154.74,152.14,153.01,4800500
2015/2/26,152.31,152.38,150.81,151.73,5149300
2015/2/27,151.00,151.89,150.45,150.85,4330700
2015/3/2,150.85,154.15,150.75,153.80,4622800
2015/3/3,154.71,156.91,154.17,155.57,8656600
2015/3/4,154.62,155.22,154.00,154.35,4476200
2015/3/5,154.86,155.98,154.31,154.47,3327200
2015/3/6,153.92,155.03,152.81,153.12,3556200
2015/3/9,153.30,155.61,153.15,154.75,3433000
2015/3/10,153.30,154.13,152.42,152.42,3839600
2015/3/11,152.51,152.69,151.17,151.17,3395400
2015/3/12,151.28,152.92,151.28,152.04,2965100
2015/3/13,151.89,152.39,149.79,151.57,3569600
2015/3/16,152.39,154.19,152.27,153.67,2742900
2015/3/17,152.88,155.00,152.73,154.51,2927200
2015/3/18,154.04,155.99,152.11,155.73,4053600
2015/3/19,154.91,155.33,153.66,154.11,2539000
2015/3/20,155.04,155.49,154.48,154.50,4464300
2015/3/23,154.98,154.98,152.81,152.81,3029700
2015/3/24,151.96,152.62,151.35,151.65,3319300
2015/3/25,151.40,152.04,148.13,148.23,3747900
2015/3/26,147.83,148.85,145.96,148.17,3627400
2015/3/27,148.59,149.31,147.49,148.85,2600300
2015/3/30,150.08,153.17,149.98,152.70,3738700
2015/3/31,152.23,152.25,149.94,150.08,2975600
2015/4/1,149.97,150.02,146.82,148.64,4167600
2015/4/2,149.14,150.50,148.31,149.28,2934200
2015/4/3,149.14,150.50,148.31,149.28,2934200
2015/4/6,148.15,151.45,148.00,150.93,3371500
2015/4/7,151.27,153.50,151.14,152.32,4299500
2015/4/8,152.19,153.50,152.19,153.36,2763400
2015/4/9,152.62,153.67,151.63,153.42,3966800
2015/4/10,153.55,154.96,153.25,154.38,3183000
2015/4/13,153.79,155.50,152.96,153.24,3034000
2015/4/14,152.93,153.54,151.59,153.21,2845800
2015/4/15,154.37,154.37,152.21,152.43,3687400
2015/4/16,151.66,152.53,151.05,151.97,2559900
2015/4/17,150.88,151.43,149.44,149.60,4671600
2015/4/20,151.06,153.55,151.01,152.67,3169100
2015/4/21,153.51,154.09,152.00,153.33,3772900
2015/4/22,152.36,153.00,148.85,151.19,8468900
2015/4/23,150.83,150.83,149.73,149.87,4080800
2015/4/24,149.54,149.86,148.02,148.40,4889200
2015/4/27,148.59,149.00,147.71,147.80,4603500
2015/4/28,147.90,148.37,146.01,147.51,4352900
2015/4/29,147.07,147.46,145.90,146.15,4761700
2015/4/30,145.25,145.94,142.75,143.34,4925300
2015/5/1,144.41,145.07,143.84,144.67,3556800
2015/5/4,143.85,144.79,143.18,144.02,8977500
2015/5/5,143.76,144.70,142.27,142.91,3670400
2015/5/6,143.01,143.15,140.43,141.04,5313500
2015/5/7,140.56,142.18,140.48,141.49,4868700
2015/5/8,143.00,145.94,142.98,145.46,7068000
2015/5/11,145.55,146.79,145.13,145.89,3969000
2015/5/12,144.94,146.08,144.01,145.43,3543900
2015/5/13,145.41,146.53,145.10,145.62,2679400
2015/5/14,146.88,148.25,146.65,147.96,3495800
2015/5/15,148.05,148.30,146.34,146.88,3368900
2015/5/18,146.88,147.24,146.30,146.71,2153200
2015/5/19,147.18,147.77,146.73,147.05,2366400
2015/5/20,147.14,147.34,146.10,146.42,2104000
2015/5/21,146.56,147.71,146.10,147.35,2676400
2015/5/22,147.26,147.27,144.80,144.81,3878000
2015/5/25,147.26,147.27,144.80,144.81,3878000
2015/5/26,144.34,144.43,142.16,142.80,3476800
2015/5/27,143.42,143.75,142.58,143.00,2837100
2015/5/28,142.51,145.29,141.58,142.33,3103200
2015/5/29,142.26,142.26,140.32,140.52,6199200
2015/6/1,141.45,142.05,140.27,141.25,3897000
2015/6/2,141.44,144.46,140.63,143.25,4986500
2015/6/3,143.78,145.06,142.89,143.81,3755800
2015/6/4,143.22,143.23,140.95,141.19,3239500
2015/6/5,141.04,141.37,140.05,140.73,3215600
2015/6/8,140.24,141.35,140.20,140.64,2756600
2015/6/9,140.50,140.99,139.90,140.10,2647600
2015/6/10,140.68,142.60,140.29,141.62,2784400
2015/6/11,142.01,143.98,141.75,142.96,2924500
2015/6/12,142.62,142.86,141.09,142.80,2395200
2015/6/15,142.04,142.59,141.28,142.29,2631400
2015/6/16,141.42,143.58,141.42,142.34,2450600
2015/6/17,142.87,144.00,141.90,143.43,2775400
2015/6/18,143.91,146.53,143.91,145.38,3728900
2015/6/19,145.19,146.10,144.95,145.13,4837300
2015/6/22,146.07,146.21,145.09,145.70,2086100
2015/6/23,146.33,146.45,143.80,144.43,2864400
2015/6/24,143.76,144.80,142.51,143.00,3989100
2015/6/25,143.27,143.76,142.34,142.45,2153800
2015/6/26,143.03,143.04,141.89,142.48,3153300
2015/6/29,140.96,141.32,138.58,138.73,3755500
2015/6/30,140.06,140.06,138.44,138.72,3434800
2015/7/1,140.48,141.14,140.02,140.73,3260900
2015/7/2,141.29,141.52,139.88,140.21,2116500
2015/7/3,141.29,141.52,139.88,140.21,2116500
2015/7/6,139.02,140.73,139.00,140.52,2093400
2015/7/7,140.80,143.44,140.14,143.15,3712000
2015/7/8,142.50,143.15,141.52,141.92,3386500
2015/7/9,143.89,144.20,142.73,142.80,2486800
2015/7/10,144.14,145.19,143.87,144.48,2192100
2015/7/13,145.96,146.75,145.60,146.62,2194200
2015/7/14,146.76,148.30,146.45,147.75,3388800
2015/7/15,147.75,147.75,146.48,146.89,2653900
2015/7/16,147.79,148.80,147.77,148.49,2509600
2015/7/17,147.25,147.44,146.02,146.84,3127100
2015/7/20,147.11,147.20,145.91,146.72,3016100
2015/7/21,146.59,146.59,144.22,145.00,4452600
2015/7/22,148.90,149.18,145.11,146.47,6238400
2015/7/23,147.00,147.95,145.79,146.11,4116000
2015/7/24,145.81,146.47,143.98,144.06,2455000
2015/7/27,143.22,143.35,140.80,141.03,3532100
2015/7/28,141.61,142.17,139.51,141.81,4138200
2015/7/29,142.48,144.61,142.37,144.14,3260400
2015/7/30,143.35,143.92,142.21,143.01,2644000
2015/7/31,143.76,144.92,143.29,144.17,3163500
2015/8/3,144.44,144.75,142.59,143.69,3088000
2015/8/4,143.55,144.87,143.04,143.54,1973000
2015/8/5,143.90,145.60,143.77,144.95,2926100
2015/8/6,144.70,145.25,143.42,143.82,2457000
2015/8/7,143.22,143.84,141.70,142.42,2953200
2015/8/10,143.79,146.77,143.78,145.86,3432600
2015/8/11,144.14,144.93,143.28,144.05,2816700
2015/8/12,142.55,143.01,139.86,142.43,4355800
2015/8/13,142.03,145.45,141.53,144.81,5129500
2015/8/14,144.61,145.47,143.76,145.09,2927100
2015/8/17,144.60,144.86,142.93,144.44,3746000
2015/8/18,144.39,145.21,143.82,144.60,1955500
2015/8/19,143.42,144.48,142.32,142.72,2967700
2015/8/20,141.62,141.90,136.90,137.02,6601400
2015/8/21,134.88,135.09,131.46,131.71,7957600
2015/8/24,123.64,135.50,115.14,127.19,9425800
2015/8/25,130.00,130.72,125.43,125.49,7159100
2015/8/26,129.34,129.76,125.23,129.34,6428400
2015/8/27,131.08,132.36,129.46,131.87,5754600
2015/8/28,131.43,133.72,130.86,133.24,4508800
2015/8/31,132.37,132.70,130.39,130.68,4231700
2015/9/1,128.16,128.99,126.94,127.44,5772700
2015/9/2,128.71,130.67,127.74,130.63,4809300
2015/9/3,132.31,132.35,130.48,131.02,3379500
2015/9/4,129.55,130.49,128.66,129.76,3746700
2015/9/7,129.55,130.49,128.66,129.76,3746700
2015/9/8,132.27,133.99,132.00,133.82,3505800
2015/9/9,135.59,136.25,132.21,132.65,4713900
2015/9/10,132.34,134.57,132.27,133.55,2932200
2015/9/11,133.16,134.86,132.89,134.67,2628200
2015/9/14,134.72,135.13,133.73,134.43,2389600
2015/9/15,134.52,137.00,134.52,136.30,3761800
2015/9/16,136.26,137.43,136.01,137.20,2505000
2015/9/17,137.36,139.91,136.94,137.45,3405600
2015/9/18,135.75,137.69,134.40,136.09,7302700
2015/9/21,136.42,137.45,134.94,136.02,2460900
2015/9/22,134.49,134.49,132.52,133.99,3465000
2015/9/23,134.66,135.00,131.61,131.67,4907500
2015/9/24,130.72,130.77,127.18,129.75,5297800
2015/9/25,131.57,131.73,129.28,131.01,4149900
2015/9/28,130.44,130.48,128.03,128.13,4160000
2015/9/29,128.11,129.15,127.47,128.75,2935100
2015/9/30,130.27,131.41,129.62,130.95,3062500
2015/10/1,131.32,131.79,128.98,130.61,2878400
2015/10/2,129.00,132.59,128.56,132.56,3020500
2015/10/5,132.28,134.15,131.35,134.02,4587500
2015/10/6,134.10,135.54,133.67,134.63,3059600
2015/10/7,135.69,137.73,135.26,137.02,3263800
2015/10/8,136.66,139.35,136.07,139.04,2835700
2015/10/9,139.04,140.24,138.36,139.70,3065700
2015/10/12,139.93,141.07,139.32,140.68,1942200
2015/10/13,139.44,140.50,139.43,140.29,2339700
2015/10/14,139.75,140.89,133.58,134.22,8752300
2015/10/15,135.16,137.67,135.00,137.39,6368300
2015/10/16,137.43,138.73,136.52,137.60,3173700
2015/10/19,137.60,138.61,136.39,138.42,4022000
2015/10/20,137.94,139.93,137.58,138.88,4202600
2015/10/21,141.70,142.15,136.61,141.19,8927200
2015/10/22,142.00,147.36,141.93,146.31,6976300
2015/10/23,147.37,147.75,144.91,146.70,4691200
2015/10/26,146.21,147.23,145.55,146.70,3143400
2015/10/27,146.22,148.99,146.01,148.46,3411300
2015/10/28,147.99,148.81,145.14,147.88,4408300
2015/10/29,147.54,147.87,145.83,147.18,3072100
2015/10/30,147.40,149.60,147.09,148.07,3938000
2015/11/2,148.38,149.47,147.56,148.40,2516700
2015/11/3,148.03,148.46,147.14,148.09,2470000
2015/11/4,147.26,148.76,147.18,148.19,2771500
2015/11/5,148.19,148.84,146.49,147.97,2545400
2015/11/6,146.58,148.17,146.01,147.94,2294100
2015/11/9,146.90,147.48,145.18,145.98,2980800
2015/11/10,145.28,146.14,144.03,145.15,2524100
2015/11/11,145.20,145.83,144.52,144.99,1579600
2015/11/12,143.00,144.40,141.59,142.54,3796800
2015/11/13,142.33,143.89,141.86,142.59,3063800
2015/11/16,142.58,144.50,142.33,144.42,2378300
2015/11/17,145.29,146.59,144.64,146.08,3038300
2015/11/18,146.24,148.39,146.23,148.28,3101100
2015/11/19,148.79,149.48,148.26,149.24,2492600
2015/11/20,149.84,150.59,149.12,149.40,3210200
2015/11/23,149.39,149.70,147.71,148.34,3183700
2015/11/24,147.49,149.59,147.22,148.65,2626600
2015/11/25,149.04,149.15,147.38,147.43,1852200
2015/11/26,149.04,149.15,147.38,147.43,1852200
2015/11/27,147.50,147.97,146.68,146.95,1282100
2015/11/30,146.97,147.26,145.36,145.45,3176700
2015/12/1,146.54,149.40,146.47,147.74,3444300
2015/12/2,147.55,148.03,146.38,146.96,2648800
2015/12/3,147.05,147.63,144.28,145.56,3008700
2015/12/4,146.35,148.78,146.09,148.50,3892900
2015/12/7,148.30,149.50,147.32,148.45,3417700
2015/12/8,146.82,147.23,144.65,144.99,5021100
2015/12/9,144.60,145.69,142.27,144.24,5124600
2015/12/10,144.62,147.46,144.16,146.41,3278500
2015/12/11,145.00,145.70,143.72,144.62,3684700
2015/12/14,144.50,144.50,141.46,143.00,4845000
2015/12/15,145.66,147.10,144.12,146.53,4705300
2015/12/16,147.98,148.61,146.23,148.11,3316000
2015/12/17,148.85,149.80,145.50,145.56,3448800
2015/12/18,144.41,144.41,138.89,139.58,9952000
2015/12/21,140.21,141.94,139.70,140.90,3746400
2015/12/22,141.72,142.79,140.50,142.38,2791700
2015/12/23,143.08,144.07,142.81,144.06,3353900
2015/12/24,143.60,143.93,143.36,143.53,1185000
2015/12/25,143.60,143.93,143.36,143.53,1185000
2015/12/28,143.26,144.67,142.85,144.54,1980000
2015/12/29,145.06,147.56,145.00,147.35,3133600
2015/12/30,147.22,148.00,146.01,146.41,1619000
2015/12/31,145.96,145.96,144.50,144.59,2105200
2016/1/1,145.96,145.96,144.50,144.59,2105200
2016/1/4,141.38,141.70,139.43,140.50,5719500
2016/1/5,140.99,141.70,139.77,141.07,3357000
2016/1/6,138.83,139.35,137.26,138.83,4254100
2016/1/7,136.38,136.67,132.51,133.01,7013700
2016/1/8,133.70,135.10,129.80,129.99,5776900
2016/1/11,130.85,131.00,128.92,130.21,5551500
2016/1/12,131.58,132.17,129.64,131.92,4171500
2016/1/13,132.70,132.88,127.75,128.12,5073100
2016/1/14,129.59,130.07,125.81,129.20,6517800
2016/1/15,125.80,127.14,124.51,125.63,6678400
2016/1/18,125.80,127.14,124.51,125.63,6678400
2016/1/19,127.06,127.22,125.11,126.06,5478900
2016/1/20,124.00,124.94,119.82,122.14,7636600
2016/1/21,122.77,125.98,121.54,123.40,5546200
2016/1/22,124.42,125.68,123.32,124.61,5259900
2016/1/25,124.60,125.24,123.40,124.01,4551600
2016/1/26,124.98,128.15,124.50,128.01,5432600
2016/1/27,119.90,120.11,115.02,116.58,27945900
2016/1/28,117.10,118.03,115.06,118.01,10708400
2016/1/29,118.14,120.18,118.02,120.13,9195700
2016/2/1,119.64,122.29,118.65,121.56,6812800
2016/2/2,119.69,120.28,117.37,117.52,8646700
2016/2/3,118.80,122.13,117.15,121.87,7361900
2016/2/4,121.12,124.91,121.12,123.61,5837000
2016/2/5,123.63,124.17,121.03,122.56,6186700
2016/2/8,120.67,121.33,117.25,119.47,6453600
2016/2/9,117.98,119.98,117.43,118.88,4137600
2016/2/10,118.16,119.46,116.27,116.36,4888600
2016/2/11,113.18,113.40,102.10,108.44,33735600
2016/2/12,105.12,109.84,105.00,108.63,12973400
2016/2/15,105.12,109.84,105.00,108.63,12973400
2016/2/16,109.73,112.76,109.00,112.60,7587700
2016/2/17,114.03,116.83,113.99,116.34,6619600
2016/2/18,116.91,118.23,116.68,117.57,6489000
2016/2/19,117.31,117.33,114.42,115.16,6920600
2016/2/22,115.16,118.97,115.16,117.39,4930300
2016/2/23,116.97,118.50,115.93,116.90,3762300
2016/2/24,115.37,115.96,112.51,115.59,6859300
2016/2/25,116.35,117.60,115.78,116.82,4667100
2016/2/26,117.75,119.45,117.50,118.16,3757800
2016/2/29,118.12,119.47,117.50,118.18,4569700
2016/3/1,119.01,120.99,118.25,119.96,4595400
2016/3/2,119.63,120.75,118.50,119.65,4292500
2016/3/3,118.84,119.73,118.25,119.61,3404600
2016/3/4,120.17,122.23,119.85,121.07,4421500
2016/3/7,120.80,123.32,120.57,122.90,4504700
2016/3/8,121.98,122.97,121.31,122.35,5257300
2016/3/9,122.38,123.26,122.03,122.86,3380300
2016/3/10,123.14,123.82,121.43,122.94,4111300
2016/3/11,124.13,125.50,123.86,124.63,3260100
2016/3/14,123.93,127.00,123.86,126.34,4283400
2016/3/15,125.55,126.37,124.21,126.36,3717500
2016/3/16,126.24,128.13,125.75,127.57,5154700
2016/3/17,128.07,131.60,127.42,130.70,5801000
2016/3/18,131.24,134.68,131.01,133.96,9108400
2016/3/21,133.46,136.78,133.39,135.86,5671400
2016/3/22,135.14,136.10,134.78,135.12,4989000
2016/3/23,134.99,135.00,132.74,132.86,4361200
2016/3/24,131.61,132.23,130.03,132.12,4573100
2016/3/25,131.61,132.23,130.03,132.12,4573100
2016/3/28,132.53,132.62,130.55,131.29,3352200
2016/3/29,129.83,130.93,128.18,130.88,4910200
2016/3/30,131.48,132.73,128.02,128.58,5949000
2016/3/31,128.09,128.38,125.25,126.94,8758300
2016/4/1,126.23,127.09,125.11,126.96,5328000
2016/4/4,126.54,127.97,125.88,126.34,5036500
2016/4/5,126.15,128.59,125.58,127.03,4660100
2016/4/6,127.16,128.04,125.75,127.93,3998000
2016/4/7,127.00,128.94,126.56,127.00,4596300
2016/4/8,128.04,130.02,127.61,127.88,3939800
2016/4/11,128.25,129.90,127.68,127.91,3611700
2016/4/12,127.62,130.38,126.68,129.47,4239200
2016/4/13,130.49,131.50,129.81,131.14,3514800
2016/4/14,131.50,131.95,130.53,130.85,4527600
2016/4/15,130.95,131.60,130.68,131.13,5008700
2016/4/18,131.13,132.25,130.32,131.97,3056000
2016/4/19,132.57,133.85,132.21,132.68,2931000
2016/4/20,128.55,131.36,128.49,130.57,6799000
2016/4/21,130.98,132.64,130.30,130.74,4799600
2016/4/22,131.09,131.83,130.50,131.05,3858100
2016/4/25,130.45,131.00,129.31,130.75,4600100
2016/4/26,131.25,133.27,131.06,133.24,6103400
2016/4/27,133.20,137.89,131.95,137.08,6930800
2016/4/28,136.29,137.72,134.50,134.80,4938800
2016/4/29,134.42,135.23,132.81,134.80,3716700
2016/5/2,134.38,135.00,133.23,134.01,3703800
2016/5/3,132.70,133.31,131.46,132.49,4028700
2016/5/4,131.59,132.31,130.53,130.89,3340500
2016/5/5,131.73,132.64,131.12,132.08,4199200
2016/5/6,132.11,133.63,131.76,133.26,2466000
2016/5/9,132.80,133.81,131.82,132.10,3431100
2016/5/10,133.18,135.24,132.79,134.72,3382700
2016/5/11,133.81,134.99,132.94,133.00,3284100
2016/5/12,133.49,135.04,133.49,134.42,4591300
2016/5/13,133.74,134.94,131.91,132.12,3965900
2016/5/16,131.63,134.41,131.55,134.14,3165400
2016/5/17,133.62,134.49,131.96,132.56,4032000
2016/5/18,132.45,133.18,130.34,130.99,4060400
2016/5/19,130.24,130.43,127.09,128.08,5061600
2016/5/20,129.13,129.25,127.21,127.39,3297700
2016/5/23,127.40,128.41,125.88,127.58,3977700
2016/5/24,127.76,128.81,126.32,127.50,5102400
2016/5/25,128.00,129.78,127.37,128.86,4656700
2016/5/26,128.48,129.90,128.32,129.31,2586300
2016/5/27,128.96,129.70,128.83,129.22,3043700
2016/5/30,128.96,129.70,128.83,129.22,3043700
2016/5/31,129.88,129.98,126.04,126.15,6894400
2016/6/1,126.00,126.50,124.78,126.41,4679600
2016/6/2,126.65,127.03,125.32,126.85,4802100
2016/6/3,126.42,127.58,125.95,127.38,5485600
2016/6/6,127.60,132.08,127.45,131.90,6996200
2016/6/7,132.41,133.39,131.82,131.93,4424000
2016/6/8,132.52,133.53,132.04,133.00,3883700
2016/6/9,132.10,133.82,131.92,133.10,3811200
2016/6/10,131.76,132.12,130.37,131.14,3828600
2016/6/13,130.79,131.51,129.88,129.92,3645000
2016/6/14,129.63,130.60,128.50,130.50,3717000
2016/6/15,130.88,131.76,129.97,130.16,3324800
2016/6/16,129.32,129.89,126.90,129.37,4066100
2016/6/17,129.83,129.99,128.81,129.82,6739600
2016/6/20,131.36,133.90,131.21,132.75,4331900
2016/6/21,133.19,133.28,131.49,131.52,2841100
2016/6/22,132.10,133.16,131.58,131.77,2640800
2016/6/23,133.91,134.55,132.73,133.55,4113900
2016/6/24,128.14,129.39,126.21,126.52,9707300
2016/6/27,125.68,125.75,122.35,122.70,6169000
2016/6/28,124.50,124.76,122.70,123.89,4438100
2016/6/29,125.49,127.32,124.16,126.99,4916700
2016/6/30,127.08,129.87,127.08,129.87,4110800
2016/7/1,129.54,130.34,129.16,129.69,3247900
2016/7/4,129.54,130.34,129.16,129.69,3247900
2016/7/5,128.43,129.00,126.63,126.97,4829400
2016/7/6,127.25,127.31,123.96,126.96,3981700
2016/7/7,126.92,128.17,126.26,127.17,3049400
2016/7/8,128.60,130.46,127.66,130.09,3597800
2016/7/11,130.84,133.25,130.80,132.04,3929900
2016/7/12,132.80,133.00,130.33,130.81,4318400
2016/7/13,131.28,131.39,129.37,130.11,3061400
2016/7/14,131.63,131.92,130.20,131.55,3984100
2016/7/15,131.80,132.75,131.45,132.39,2944900
2016/7/18,132.38,133.89,131.95,133.43,3338400
2016/7/19,132.91,135.67,132.83,134.66,3390000
2016/7/20,134.55,135.18,134.04,134.72,2669400
2016/7/21,134.76,134.98,133.03,133.53,2814100
2016/7/22,131.75,133.49,130.57,133.47,4844900
2016/7/25,133.18,133.30,132.38,132.94,3078600
2016/7/26,132.90,134.97,132.51,134.85,4667300
2016/7/27,136.14,139.45,135.71,135.96,5661700
2016/7/28,135.40,135.86,132.55,133.01,5142400
2016/7/29,133.05,133.80,132.30,133.66,3559100
2016/8/1,133.21,134.23,132.70,133.21,3067300
2016/8/2,132.95,133.40,131.35,131.60,3156800
2016/8/3,131.77,132.45,131.62,131.87,2359300
2016/8/4,132.00,132.55,130.96,131.21,3008500
2016/8/5,132.21,132.44,131.01,131.73,3119500
2016/8/8,132.14,132.95,131.75,132.19,2443800
2016/8/9,132.73,132.99,132.23,132.62,3013900
2016/8/10,132.10,133.53,131.71,132.28,2642200
2016/8/11,132.85,133.56,132.30,133.00,2275700
2016/8/12,132.90,133.78,132.63,133.10,2522600
2016/8/15,133.70,135.00,133.55,134.66,2812600
2016/8/16,134.15,135.21,133.40,135.00,2759200
2016/8/17,134.85,134.99,134.11,134.72,2854600
2016/8/18,134.72,135.96,134.53,135.00,2030800
2016/8/19,134.50,135.00,133.84,134.44,1922600
2016/8/22,134.30,135.67,133.84,134.99,2520500
2016/8/23,135.32,136.37,133.64,134.14,3481900
2016/8/24,134.01,134.65,133.07,133.29,2135900
2016/8/25,133.30,133.30,132.42,132.98,1921400
2016/8/26,133.50,134.08,131.82,132.23,1973700
2016/8/29,132.72,133.58,132.32,132.90,2380000
2016/8/30,133.19,133.44,130.68,130.81,3437300
2016/8/31,130.83,130.83,129.14,129.45,3639200
2016/9/1,130.03,130.03,128.36,129.90,2807200
2016/9/2,130.89,131.96,130.58,131.16,2631000
2016/9/5,130.89,131.96,130.58,131.16,2631000
2016/9/6,131.63,132.99,131.27,132.99,4151800
2016/9/7,132.48,133.08,132.00,132.64,2198700
2016/9/8,132.32,132.91,131.51,132.90,2618300
2016/9/9,131.94,131.94,128.52,128.53,4892900
2016/9/12,126.88,130.68,126.31,130.12,6381100
2016/9/13,129.22,130.02,128.26,128.76,4552400
2016/9/14,128.91,129.31,127.34,127.67,3955400
2016/9/15,127.57,128.46,126.94,127.77,3462400
2016/9/16,127.71,127.71,126.34,126.70,8035600
2016/9/19,127.50,128.30,127.27,127.48,3168100
2016/9/20,127.95,128.50,127.57,127.79,2639300
2016/9/21,128.18,130.63,128.18,130.56,3227800
2016/9/22,131.45,132.48,131.17,131.87,3253100
2016/9/23,131.25,132.29,131.01,131.78,2330700
2016/9/26,131.07,131.58,130.43,130.57,2219900
2016/9/27,130.29,131.74,129.86,131.32,1939000
2016/9/28,131.59,132.36,130.59,132.23,1773000
2016/9/29,131.80,132.78,130.68,131.03,2199400
2016/9/30,132.09,132.63,131.27,131.74,3118900
2016/10/3,131.28,132.72,130.74,132.38,2439400
2016/10/4,132.77,133.23,131.69,132.25,2829200
2016/10/5,132.93,134.90,132.55,134.66,3137500
2016/10/6,134.83,135.00,133.68,134.42,3614900
2016/10/7,133.93,134.66,132.54,133.85,4302000
2016/10/10,134.59,136.87,134.59,135.84,3343300
2016/10/11,134.94,135.69,133.27,133.74,3607300
2016/10/12,133.76,134.28,133.00,133.16,2264200
2016/10/13,132.42,133.93,131.39,133.38,3544200
2016/10/14,134.56,135.25,133.48,133.50,2317400
2016/10/17,133.50,135.38,133.33,134.00,2435100
2016/10/18,135.03,135.74,134.92,135.10,2271000
2016/10/19,135.42,136.95,135.33,136.18,2265900
2016/10/20,135.92,136.75,135.37,135.84,2539700
2016/10/21,134.72,136.19,134.25,135.63,2205000
2016/10/24,136.41,138.88,136.41,137.45,3814200
2016/10/25,137.53,139.42,137.35,139.02,5209100
2016/10/26,138.43,146.19,136.72,145.54,13272000
2016/10/27,145.83,146.23,141.78,143.31,7857100
2016/10/28,143.72,144.00,142.17,143.01,4636100
2016/10/31,143.05,143.35,142.15,142.43,3075900
2016/11/1,142.95,143.90,141.81,142.41,3245000
2016/11/2,142.00,142.87,140.59,140.75,2782100
2016/11/3,140.76,140.90,139.35,140.02,2280800
2016/11/4,139.11,140.85,138.80,139.54,2951500
2016/11/7,141.50,143.10,141.49,143.03,3228200
2016/11/8,141.92,143.31,141.29,142.20,2823800
2016/11/9,141.60,145.85,141.54,145.09,5494400
2016/11/10,146.51,149.34,146.39,147.69,6508300
2016/11/11,147.12,148.60,146.56,148.52,3585200
2016/11/14,148.21,150.09,148.21,149.99,4490900
2016/11/15,148.44,149.45,147.19,148.11,3856600
2016/11/16,147.30,148.41,146.14,146.44,3559700
2016/11/17,146.83,147.12,145.00,145.33,3656100
2016/11/18,145.18,146.60,144.46,146.35,2214400
2016/11/21,147.21,148.49,146.52,147.02,2825900
2016/11/22,147.90,149.76,147.88,149.52,3770000
2016/11/23,149.61,150.81,149.03,149.74,2857500
2016/11/24,149.61,150.81,149.03,149.74,2857500
2016/11/25,150.00,150.15,149.03,150.04,962300
2016/11/28,149.00,150.09,148.32,149.77,4728800
2016/11/29,149.83,152.11,149.11,151.64,3945600
2016/11/30,151.59,153.08,150.56,150.56,3991000
2016/12/1,150.74,152.69,150.39,152.39,2843900
2016/12/2,152.45,152.49,151.12,152.25,2105600
2016/12/5,153.24,153.75,151.85,152.16,2855900
2016/12/6,150.84,152.64,150.02,152.24,3476300
2016/12/7,151.67,154.31,151.07,154.14,2955800
2016/12/8,154.60,155.97,154.14,155.39,2928400
2016/12/9,155.65,156.88,155.42,156.49,2707900
2016/12/12,156.00,158.00,154.30,157.16,4250600
2016/12/13,159.10,160.07,154.88,156.66,5650400
2016/12/14,156.23,156.37,154.18,154.47,3640200
2016/12/15,153.93,155.24,153.06,153.77,2889300
2016/12/16,153.88,156.00,153.14,154.50,5888300
2016/12/19,155.16,157.10,155.07,156.18,3002800
2016/12/20,156.96,157.89,155.95,156.39,2270100
2016/12/21,156.69,158.50,156.65,157.48,2326000
2016/12/22,158.50,158.99,156.25,157.46,3958500
2016/12/23,158.27,158.27,156.51,157.81,2135800
2016/12/26,158.27,158.27,156.51,157.81,2135800
2016/12/27,158.41,158.48,156.91,157.48,1858700
2016/12/28,157.12,157.35,156.01,156.10,1810400
2016/12/29,156.00,156.75,155.16,155.69,1804000
2016/12/30,156.49,156.79,154.96,155.68,2027700
2017/1/2,156.49,156.79,154.96,155.68,2027700
2017/1/3,156.30,157.14,155.21,156.97,3426100
2017/1/4,157.81,159.23,157.81,158.62,3189800
2017/1/5,158.41,159.70,157.40,158.71,2796000
2017/1/6,158.98,159.66,157.89,159.10,2426000
2017/1/9,159.00,159.24,158.17,158.32,2839400
2017/1/10,158.96,159.94,158.57,159.07,2988300
2017/1/11,159.54,159.70,158.28,159.40,2416500
2017/1/12,159.15,159.16,156.67,158.29,3020500
2017/1/13,158.74,159.58,158.34,158.83,2435400
2017/1/16,158.74,159.58,158.34,158.83,2435400
2017/1/17,158.20,159.04,157.23,157.67,2758800
2017/1/18,157.55,159.05,156.75,158.32,2087000
2017/1/19,158.87,159.87,157.91,159.00,3144000
2017/1/20,159.81,160.30,158.23,159.53,3384500
2017/1/23,158.94,159.50,157.29,157.84,3931200
2017/1/24,158.58,160.93,157.84,160.55,3927500
2017/1/25,163.59,168.65,163.24,167.36,7480000
2017/1/26,167.25,170.00,167.25,169.12,5436800
2017/1/27,169.21,169.80,167.01,167.70,4883200
2017/1/30,165.92,165.99,163.82,165.57,5456300
2017/1/31,164.96,165.10,163.22,163.42,5350700
2017/2/1,164.25,165.81,163.12,163.97,3138000
2017/2/2,163.22,163.97,160.82,162.26,3791700
2017/2/3,162.99,163.56,162.31,162.40,2981700
2017/2/6,162.42,164.08,162.38,163.98,3110500
2017/2/7,165.00,167.42,164.87,166.50,4243200
2017/2/8,165.00,165.24,163.69,163.81,3041600
2017/2/9,164.67,165.09,164.06,164.28,3451100
2017/2/10,165.25,166.45,164.47,166.23,2689700
2017/2/13,166.45,169.07,166.35,168.03,3765000
2017/2/14,167.70,168.80,167.22,168.50,2580300
2017/2/15,168.42,169.95,168.35,169.30,4033200
2017/2/16,169.74,170.81,168.75,170.81,3070100
2017/2/17,170.41,173.25,170.40,172.71,4982900
2017/2/20,170.41,173.25,170.40,172.71,4982900
2017/2/21,173.92,176.17,173.68,175.56,4231700
2017/2/22,174.98,175.75,174.01,175.36,2832100
2017/2/23,175.97,177.00,175.70,176.86,3502600
2017/2/24,176.75,178.80,176.10,177.44,4197200
2017/2/27,178.00,179.88,177.55,179.43,2892600
2017/2/28,180.34,181.93,179.67,180.23,4785100
2017/3/1,181.85,184.80,181.82,183.91,5461800
2017/3/2,184.00,185.71,182.97,182.99,4909000
2017/3/3,182.99,183.58,181.45,182.18,3917500
2017/3/6,181.40,182.30,180.43,180.93,4244000
2017/3/7,180.64,182.84,180.62,182.02,2452000
2017/3/8,182.40,182.69,181.49,181.74,2321700
2017/3/9,181.43,182.59,179.58,180.57,3100500
2017/3/10,181.90,181.97,177.92,178.70,4595600
2017/3/13,177.16,179.19,177.07,179.05,3499000
2017/3/14,178.54,179.69,177.71,178.73,2346700
2017/3/15,179.00,179.24,177.97,178.71,3569000
2017/3/16,179.82,180.00,177.64,178.19,3100700
2017/3/17,178.31,180.38,178.17,180.10,5037400
2017/3/20,180.10,180.15,179.14,179.39,2062200
2017/3/21,179.99,180.25,175.50,175.96,3239600
2017/3/22,175.96,177.10,175.50,176.98,2505700
2017/3/23,177.34,177.85,176.59,177.26,2006400
2017/3/24,176.85,177.53,174.77,175.82,2386800
2017/3/27,174.37,176.44,173.75,176.10,2750700
2017/3/28,176.29,177.68,175.00,177.36,2412600
2017/3/29,177.40,177.99,176.97,177.63,1640600
2017/3/30,177.25,178.49,177.22,177.98,1737200
2017/3/31,178.02,178.18,176.81,176.86,2032700
2017/4/3,177.08,177.73,175.50,176.65,2934800
2017/4/4,176.88,178.79,176.76,178.70,2326500
2017/4/5,179.00,180.18,176.89,177.08,2567200
2017/4/6,177.56,178.22,177.12,177.37,2343600
2017/4/7,178.39,179.09,177.26,178.85,2806900
2017/4/10,179.00,179.97,177.48,177.56,2309300
2017/4/11,177.50,178.60,176.96,178.57,2266300
2017/4/12,178.25,178.25,175.94,176.05,2922700
2017/4/13,175.74,176.88,175.56,175.62,2024100
2017/4/14,175.74,176.88,175.56,175.62,2024100
2017/4/17,175.84,179.08,175.65,179.02,2450200
2017/4/18,178.59,179.97,177.12,177.85,2960200
2017/4/19,178.47,179.90,178.16,178.40,2124500
2017/4/20,178.74,179.82,178.35,179.30,2335200
2017/4/21,179.42,180.93,179.42,180.38,3146600
2017/4/24,181.75,182.46,181.61,182.06,3141900
2017/4/25,182.53,183.85,182.53,183.51,3735400
2017/4/26,182.31,183.00,180.11,181.71,4471600
2017/4/27,182.59,183.76,182.59,183.22,3129100
2017/4/28,183.42,184.93,183.02,184.83,2181600
2017/5/1,184.23,184.49,181.80,182.39,3516700
2017/5/2,182.54,183.91,182.53,183.44,1979800
2017/5/3,183.45,183.75,182.25,183.39,2983200
2017/5/4,183.33,184.25,182.18,183.07,2289300
2017/5/5,183.16,185.07,183.16,185.01,2636900
2017/5/8,185.38,186.39,185.00,186.02,1963400
2017/5/9,186.11,187.21,186.05,186.91,3004000
2017/5/10,185.14,185.65,178.18,183.18,7060100
2017/5/11,182.90,184.33,182.17,183.94,2883800
2017/5/12,183.71,183.98,182.63,183.25,3479200
2017/5/15,183.30,184.11,182.28,182.39,3365000
2017/5/16,182.73,183.15,182.04,182.70,2156100
2017/5/17,182.70,182.70,178.68,178.78,2535700
2017/5/18,178.48,178.50,175.47,177.40,3118100
2017/5/19,177.73,181.42,176.77,180.76,4038900
2017/5/22,183.78,185.32,182.52,183.67,2946800
2017/5/23,184.00,184.46,182.86,183.49,2123800
2017/5/24,183.46,185.40,183.46,185.25,2424700
2017/5/25,185.63,187.42,185.59,187.07,2363300
2017/5/26,186.73,187.61,186.27,186.59,1735800
2017/5/29,186.73,187.61,186.27,186.59,1735800
2017/5/30,186.76,187.42,186.19,186.88,2231600
2017/5/31,187.37,188.26,186.72,187.63,5186700
2017/6/1,187.41,187.91,184.53,187.32,2870200
2017/6/2,187.82,191.70,187.65,190.23,3034300
2017/6/5,190.07,190.74,188.81,188.95,2522100
2017/6/6,188.41,188.86,186.69,186.75,2725000
2017/6/7,186.85,188.54,186.39,188.10,2383500
2017/6/8,188.10,191.07,187.70,189.93,2340300
2017/6/9,190.00,190.99,189.25,190.03,3344900
2017/6/12,190.30,190.53,188.05,190.00,2730100
2017/6/13,190.05,191.56,189.35,191.09,1882700
2017/6/14,191.05,193.38,190.82,192.38,2210000
2017/6/15,191.43,195.55,191.37,195.45,2894100
2017/6/16,196.01,197.95,195.81,196.44,6939100
2017/6/19,197.88,199.47,197.00,199.08,2726400
2017/6/20,198.75,201.24,198.31,198.33,3077400
2017/6/21,199.58,199.71,197.56,199.17,3151100
2017/6/22,199.25,200.41,199.18,199.44,3339300
2017/6/23,199.26,202.35,198.68,202.23,4310100
2017/6/26,202.77,204.39,199.94,199.98,3077600
2017/6/27,199.80,200.92,198.89,198.89,2296900
2017/6/28,199.50,200.95,199.30,199.62,2096800
2017/6/29,199.62,199.76,196.45,197.46,2428900
2017/6/30,198.50,199.44,197.39,197.75,2225600
2017/7/3,198.07,199.44,197.75,198.59,1511200
2017/7/4,198.07,199.44,197.75,198.59,1511200
2017/7/5,199.30,202.14,198.86,201.81,2716700
2017/7/6,201.64,202.49,200.78,201.48,2737400
2017/7/7,202.24,203.28,201.26,202.37,3090400
2017/7/10,202.32,204.58,202.19,203.96,2701900
2017/7/11,204.00,206.66,204.00,206.27,2815800
2017/7/12,206.95,208.61,206.32,206.44,2817400
2017/7/13,206.80,207.00,205.35,206.23,1943600
2017/7/14,206.80,208.73,206.74,208.51,3229000
2017/7/17,208.73,209.72,208.56,209.00,2416000
2017/7/18,209.11,209.19,207.53,208.24,1942300
2017/7/19,209.43,210.93,208.99,210.88,2258400
2017/7/20,211.10,211.25,209.92,210.28,2235100
2017/7/21,209.99,212.20,209.41,212.14,2098400
2017/7/24,212.00,212.64,211.40,212.18,2392700
2017/7/25,213.22,214.00,211.95,212.46,2889000
2017/7/26,223.48,233.98,223.02,233.45,14140000
2017/7/27,237.13,242.68,236.70,241.00,10860600
2017/7/28,240.82,242.00,238.55,241.27,4602400
2017/7/31,241.85,246.49,241.82,242.46,5777300
2017/8/1,243.38,243.99,239.16,239.44,5018400
2017/8/2,239.06,241.56,237.88,237.95,5119900
2017/8/3,237.06,239.59,236.04,238.25,5112700
2017/8/4,238.58,239.73,236.38,237.71,5590500
2017/8/7,237.60,241.43,237.21,240.23,3674700
2017/8/8,239.91,240.52,238.93,239.50,4871500
2017/8/9,238.01,238.70,234.10,234.31,5680400
2017/8/10,234.03,236.16,231.91,232.88,6817700
2017/8/11,232.76,235.40,230.94,234.88,3461700
2017/8/14,236.01,237.48,235.72,237.15,2953500
2017/8/15,237.21,239.64,236.01,239.17,2851100
2017/8/16,239.70,240.26,237.41,237.59,3012700
2017/8/17,237.38,237.60,235.25,235.59,2810900
2017/8/18,235.00,237.26,234.57,235.77,2939500
2017/8/21,235.77,236.94,234.35,235.68,2545400
2017/8/22,236.16,239.89,236.11,239.75,2915700
2017/8/23,239.36,239.36,237.19,238.09,2518300
2017/8/24,238.52,238.90,236.60,238.74,2553100
2017/8/25,239.00,239.09,235.60,235.89,2270300
2017/8/28,236.22,237.55,234.61,237.18,2395000
2017/8/29,237.21,241.17,236.08,240.49,3535500
2017/8/30,240.99,241.44,239.00,240.46,2801100
2017/8/31,241.00,241.10,238.41,239.66,3075800
2017/9/1,239.66,242.53,239.17,240.33,3270700
2017/9/4,239.66,242.53,239.17,240.33,3270700
2017/9/5,240.30,240.36,236.23,237.00,3866600
2017/9/6,237.53,237.86,234.34,234.62,4252700
2017/9/7,234.75,236.54,234.29,236.31,2994500
2017/9/8,235.75,239.39,235.21,238.78,3404200
2017/9/11,239.50,241.85,239.31,240.59,3628100
2017/9/12,240.59,241.71,238.95,240.58,2702700
2017/9/13,240.00,243.48,237.09,241.93,4529100
2017/9/14,243.00,245.61,242.50,245.23,4995200
2017/9/15,247.36,249.95,246.21,249.00,9033300
2017/9/18,249.97,253.79,248.91,253.08,5193000
2017/9/19,253.08,255.17,251.63,252.46,4124700
2017/9/20,253.26,256.69,252.25,255.46,3853200
2017/9/21,256.13,256.99,254.42,256.04,2809400
2017/9/22,256.31,259.30,256.13,256.45,3475600
2017/9/25,256.97,256.97,251.50,254.32,3479200
2017/9/26,254.60,256.48,253.54,253.70,2173600
2017/9/27,255.27,258.77,253.97,255.28,3840100
2017/9/28,254.11,255.80,251.17,254.27,2586100
2017/9/29,253.85,255.26,252.59,254.21,2531100
2017/10/2,254.65,255.99,253.53,255.99,2685100
2017/10/3,255.99,258.26,254.69,255.46,3163400
2017/10/4,256.12,257.13,254.07,255.76,3031000
2017/10/5,255.28,258.99,254.78,258.89,3940200
2017/10/6,258.00,258.90,257.06,258.58,2736400
2017/10/9,259.00,259.00,257.11,258.39,2146100
2017/10/10,259.74,261.06,257.20,260.93,2740700
2017/10/11,261.32,261.65,259.02,261.44,2890300
2017/10/12,260.95,262.98,260.00,261.91,2577900
2017/10/13,262.90,263.79,260.74,260.74,2243900
2017/10/16,261.50,262.00,259.69,259.75,1818900
2017/10/17,256.49,259.05,256.26,258.62,2515900
2017/10/18,258.47,260.73,256.66,260.04,2051700
2017/10/19,258.98,259.10,256.03,259.04,2589200
2017/10/20,260.36,264.83,259.44,264.75,3955900
2017/10/23,265.13,265.98,262.14,262.32,3302400
2017/10/24,263.24,267.21,263.24,266.00,4401600
2017/10/25,264.78,266.00,254.50,258.42,7895300
2017/10/26,259.72,261.44,257.31,259.27,3419100
2017/10/27,258.26,259.50,255.80,256.46,2899200
2017/10/30,255.45,260.41,255.33,259.25,3025900
2017/10/31,259.34,259.93,257.47,257.98,2742800
2017/11/1,258.29,259.41,256.24,258.50,2929500
2017/11/2,258.31,263.24,258.00,262.63,2529900
2017/11/3,262.42,263.79,260.08,261.75,2610800
2017/11/6,262.62,265.84,262.53,264.07,2911600
2017/11/7,264.07,267.28,264.07,266.13,3205400
2017/11/8,266.14,267.62,265.29,265.57,2841800
2017/11/9,265.01,266.75,259.56,262.70,3215900
2017/11/10,262.11,262.50,259.60,260.85,1740600
2017/11/13,261.67,263.36,260.49,262.42,2604100
2017/11/14,262.00,262.40,260.20,261.76,2358200
2017/11/15,261.42,264.77,260.15,262.86,2510500
2017/11/16,263.76,265.04,263.34,263.70,2710200
2017/11/17,262.82,263.74,262.03,262.26,1724800
2017/11/20,263.00,265.62,262.76,264.63,2447400
2017/11/21,266.24,267.00,264.71,266.99,2267100
2017/11/22,267.00,267.48,264.53,265.15,1471400
2017/11/23,267.00,267.48,264.53,265.15,1471400
2017/11/24,265.26,266.57,264.53,265.88,788900
2017/11/27,265.38,266.84,264.72,265.58,1772200
2017/11/28,267.00,268.01,265.23,267.99,2262100
2017/11/29,269.48,269.68,266.15,269.30,3029100
2017/11/30,269.91,277.04,269.43,276.80,4820300
2017/12/1,277.51,278.73,270.60,271.38,4592500
2017/12/4,276.16,281.83,276.00,277.97,5523000
2017/12/5,279.01,279.44,274.86,275.54,2806100
2017/12/6,276.58,279.14,274.00,278.27,2538100
2017/12/7,282.81,284.79,277.80,281.97,4264400
2017/12/8,285.01,287.32,283.56,285.90,4440500
2017/12/11,286.21,286.49,279.90,283.16,4065200
2017/12/12,291.34,292.80,287.72,289.94,5517600
2017/12/13,290.50,295.85,289.70,291.84,5003300
2017/12/14,293.35,296.82,292.60,293.88,3913400
2017/12/15,295.87,297.37,293.02,293.94,6933500
2017/12/18,296.00,297.14,294.52,296.14,2901600
2017/12/19,296.50,297.58,294.18,297.25,2728400
2017/12/20,298.70,299.33,297.11,297.90,2533700
2017/12/21,298.05,298.39,294.13,295.03,5398300
2017/12/22,296.33,296.52,293.01,295.10,2257400
2017/12/25,296.33,296.52,293.01,295.10,2257400
2017/12/26,295.54,297.44,294.65,295.36,1394700
2017/12/27,296.41,296.80,294.80,295.62,1447800
2017/12/28,295.81,296.99,294.74,296.35,1436800
2017/12/29,296.94,297.30,294.83,294.91,1824600
2018/1/1,296.94,297.30,294.83,294.91,1824600
2018/1/2,295.75,296.99,295.40,296.84,2978900
2018/1/3,295.94,298.50,295.47,297.80,3211200
2018/1/4,297.94,298.42,295.47,296.67,4171700
2018/1/5,296.77,308.89,296.72,308.84,6177700
2018/1/8,308.66,310.86,305.75,310.15,4124900
2018/1/9,310.59,319.91,310.49,318.43,5641300
2018/1/10,317.49,322.15,315.50,320.26,4479300
2018/1/11,322.13,328.40,321.19,328.12,4635300
2018/1/12,330.38,336.88,330.38,336.21,6559300
2018/1/15,330.38,336.88,330.38,336.21,6559300
2018/1/16,339.90,347.73,331.33,335.16,12305500
2018/1/17,337.73,352.23,336.41,351.01,9699900
2018/1/18,350.70,350.83,339.15,340.16,9458600
2018/1/19,341.67,344.00,335.75,337.73,7264400
2018/1/22,335.29,341.38,332.04,338.00,6792900
2018/1/23,338.34,338.94,334.81,335.59,4537800
2018/1/24,336.20,338.99,334.14,334.69,4205400
2018/1/25,336.21,343.62,335.30,343.11,4747500
2018/1/26,344.33,345.98,341.25,343.22,5236300
2018/1/29,341.23,344.48,340.10,340.82,3324900
2018/1/30,339.17,339.98,334.16,337.71,4983100
2018/1/31,360.50,360.97,351.62,354.37,11409600
2018/2/1,352.95,361.45,352.04,356.94,6067600
2018/2/2,354.00,355.20,348.70,348.91,5486100
2018/2/5,342.67,350.00,317.39,328.88,10511300
2018/2/6,320.00,341.67,317.65,340.91,11935100
2018/2/7,340.52,353.59,339.87,348.12,7946700
2018/2/8,348.00,349.00,329.40,329.66,8295900
2018/2/9,333.55,337.81,319.25,332.83,8833000
2018/2/12,336.57,347.75,335.13,343.80,6885000
2018/2/13,340.45,347.88,340.29,343.16,4030200
2018/2/14,341.34,347.43,341.17,344.85,4340200
2018/2/15,348.47,356.55,348.05,356.46,5827500
2018/2/16,356.59,359.50,353.51,355.04,5211600
2018/2/19,356.59,359.50,353.51,355.04,5211600
2018/2/20,352.00,357.79,351.40,353.35,4303400
2018/2/21,352.56,360.81,351.75,352.37,5258600
2018/2/22,354.65,358.07,352.64,355.92,3414300
2018/2/23,358.18,358.77,353.07,356.66,3355400
2018/2/26,359.50,364.05,358.21,363.48,4148100
2018/2/27,364.60,369.89,363.30,364.64,4774100
2018/2/28,366.80,371.60,362.21,362.21,5472900
2018/3/1,362.33,362.74,346.40,349.69,8978000
2018/3/2,341.82,346.09,335.30,344.67,10021300
2018/3/5,338.00,354.77,336.61,352.75,8140200
2018/3/6,354.24,355.21,346.02,348.92,4888300
2018/3/7,341.52,348.41,339.50,347.04,4575700
2018/3/8,349.51,352.50,343.95,348.73,4319900
2018/3/9,352.65,354.89,350.23,354.52,3538300
2018/3/12,355.20,355.23,343.26,344.19,6088800
2018/3/13,345.32,347.88,337.61,338.67,5443800
2018/3/14,339.79,340.52,322.30,330.26,13057900
2018/3/15,332.30,332.92,322.91,329.98,8766000
2018/3/16,329.82,330.83,325.63,330.47,9329000
2018/3/19,327.45,333.33,326.78,331.76,6328900
2018/3/20,331.84,339.70,331.00,337.63,6500500
2018/3/21,337.07,341.91,335.17,337.10,4056300
2018/3/22,330.11,332.68,319.01,319.61,7282200
2018/3/23,320.15,331.14,318.32,321.00,7237500
2018/3/26,330.48,331.94,323.59,328.97,5392900
2018/3/27,331.51,334.88,319.00,321.12,5355500
2018/3/28,321.85,323.24,311.17,320.02,5634700
2018/3/29,323.38,330.48,322.00,327.88,3652100
2018/3/30,323.38,330.48,322.00,327.88,3652100
2018/4/2,325.20,329.94,317.17,322.44,5024900
2018/4/3,324.76,331.10,323.09,330.82,4783100
2018/4/4,312.30,327.81,311.88,327.44,8235700
2018/4/5,330.59,338.96,330.26,336.40,6220000
2018/4/6,330.61,334.59,322.21,326.12,5713600
2018/4/9,332.25,334.88,322.05,322.48,4931700
2018/4/10,331.35,336.69,329.55,334.83,5552000
2018/4/11,331.60,337.57,326.31,327.36,4573500
2018/4/12,331.98,338.35,330.46,337.48,4325000
2018/4/13,338.99,339.67,326.60,329.28,4733500
2018/4/16,332.34,333.22,327.63,331.77,3901400
2018/4/17,334.73,339.74,333.65,336.72,3381800
2018/4/18,338.33,342.40,337.18,341.00,3117500
2018/4/19,340.19,342.41,337.50,340.64,3006800
2018/4/20,340.73,341.40,335.05,338.67,3038000
2018/4/23,339.55,341.26,336.00,338.84,2765600
2018/4/24,343.17,347.67,323.28,329.06,7051800
2018/4/25,338.12,344.91,330.52,342.86,11023600
2018/4/26,344.01,345.65,338.33,342.79,5273600
2018/4/27,341.25,342.92,337.77,340.88,3390400
2018/4/30,341.17,342.58,333.40,333.56,3721600
2018/5/1,332.50,333.91,324.18,329.54,4313100
2018/5/2,329.50,330.71,323.98,324.19,3436100
2018/5/3,322.97,332.63,319.13,330.69,6383200
2018/5/4,328.04,335.89,328.04,334.43,3655100
2018/5/7,335.23,342.98,335.21,340.43,4192200
2018/5/8,339.77,341.94,336.61,338.37,4014100
2018/5/9,339.49,346.93,338.58,344.50,4347000
2018/5/10,343.99,348.57,342.41,344.07,3920400
2018/5/11,343.77,345.42,341.05,342.46,2332200
2018/5/14,344.00,347.74,343.89,344.59,2520300
2018/5/15,343.00,343.85,340.26,342.12,3009100
2018/5/16,342.00,343.56,340.30,340.97,2230100
2018/5/17,340.47,344.77,340.25,344.14,2483300
2018/5/18,345.60,352.05,345.19,351.23,4327700
2018/5/21,358.46,365.00,358.45,363.92,6785400
2018/5/22,364.00,364.85,354.52,355.02,5389400
2018/5/23,352.28,359.60,351.62,359.21,4497500
2018/5/24,358.45,360.66,354.37,359.00,3932100
2018/5/25,358.12,360.60,357.05,360.09,2463700
2018/5/28,358.12,360.60,357.05,360.09,2463700
2018/5/29,357.71,360.97,350.66,352.48,4249600
2018/5/30,355.65,358.92,354.10,358.19,2825200
2018/5/31,356.83,356.83,351.62,352.16,4406300
2018/6/1,355.79,358.15,354.46,356.72,2657800
2018/6/4,358.97,363.39,358.85,360.73,2950300
2018/6/5,360.50,363.37,358.85,360.10,2567800
2018/6/6,362.46,371.60,360.99,371.56,4488400
2018/6/7,372.00,374.48,366.05,368.53,4517800
2018/6/8,368.14,371.42,365.46,369.50,3292900
2018/6/11,371.00,373.33,368.80,370.94,2468500
2018/6/12,371.24,372.73,367.99,370.62,2440400
2018/6/13,370.67,371.00,363.29,363.85,3867600
2018/6/14,366.15,367.64,358.83,362.42,4039500
2018/6/15,358.15,361.66,353.47,357.88,9946000
2018/6/18,353.19,357.65,352.37,354.74,3363200
2018/6/19,347.17,347.17,338.57,341.12,6857300
2018/6/20,346.00,346.98,340.46,342.69,4540000
2018/6/21,341.15,341.15,336.20,337.66,4048300
2018/6/22,340.43,340.94,336.60,338.91,3192000
2018/6/25,332.52,333.85,327.60,331.20,5006200
2018/6/26,332.39,334.40,330.48,331.30,3112400
2018/6/27,334.85,341.42,329.76,329.82,4578900
2018/6/28,330.00,337.54,327.29,334.65,3348000
2018/6/29,337.19,340.00,335.36,335.51,3108500
2018/7/2,330.69,336.33,329.32,336.08,2820700
2018/7/3,338.18,339.69,332.00,332.93,1464400
2018/7/4,338.18,339.69,332.00,332.93,1464400
2018/7/5,336.15,337.28,329.10,333.18,2427900
2018/7/6,332.84,336.10,330.45,334.64,2105100
2018/7/9,337.50,343.04,336.51,341.92,3128700
2018/7/10,342.78,348.00,342.78,347.16,3278300
2018/7/11,341.73,344.39,339.19,340.60,3056900
2018/7/12,345.28,346.60,342.74,346.03,2030700
2018/7/13,347.00,351.24,346.20,350.79,2272300
2018/7/16,353.97,356.34,352.35,356.10,2889000
2018/7/17,357.61,359.00,355.04,356.88,2730500
2018/7/18,359.00,361.86,354.26,360.23,3090100
2018/7/19,357.69,359.39,355.26,355.33,2711700
2018/7/20,353.04,356.99,353.00,354.90,1816700
2018/7/23,355.00,355.00,352.39,353.27,1943700
2018/7/24,356.75,359.47,354.64,358.27,3182000
2018/7/25,351.52,356.30,345.50,355.92,7378100
2018/7/26,355.38,360.20,355.27,359.32,3191200
2018/7/27,361.06,364.54,359.47,360.65,2914700
2018/7/30,361.99,362.45,350.47,351.06,3080400
2018/7/31,354.38,359.02,354.06,356.30,2728400
2018/8/1,354.09,357.91,350.50,352.76,2717800
2018/8/2,348.62,350.73,346.03,349.73,2655900
2018/8/3,349.50,350.99,345.67,348.44,2285200
2018/8/6,347.37,347.37,343.12,346.57,3251100
2018/8/7,348.05,352.12,345.50,350.76,2267400
2018/8/8,350.50,351.62,346.25,347.78,2333600
2018/8/9,346.07,346.84,343.12,343.72,2301800
2018/8/10,341.00,341.00,336.45,339.41,2745700
2018/8/13,339.60,342.15,337.34,338.36,1877200
2018/8/14,339.12,340.15,337.62,339.14,2017300
2018/8/15,336.57,337.14,328.03,331.76,3798600
2018/8/16,339.06,347.72,338.30,345.98,5867900
2018/8/17,346.00,348.50,341.67,346.40,3069200
2018/8/20,348.60,352.61,347.10,350.74,3018200
2018/8/21,351.00,354.45,349.63,353.77,2967200
2018/8/22,354.32,355.87,349.84,350.03,2682900
2018/8/23,349.15,350.28,345.46,347.48,1833400
2018/8/24,348.77,350.63,348.10,349.38,1954100
2018/8/27,352.11,355.00,351.01,353.74,2279500
2018/8/28,355.00,355.68,350.61,351.21,2475100
2018/8/29,352.26,352.35,349.21,350.19,1850100
2018/8/30,350.35,350.95,345.75,346.90,3257700
2018/8/31,345.05,345.85,341.58,342.79,3462700
2018/9/3,345.05,345.85,341.58,342.79,3462700
2018/9/4,341.60,346.32,339.28,346.25,2699400
2018/9/5,345.77,347.25,343.16,346.68,2959000
2018/9/6,347.55,353.35,346.58,351.27,3585900
2018/9/7,348.82,350.01,344.46,349.28,3921900
2018/9/10,349.49,350.75,341.68,341.86,3065500
2018/9/11,339.01,346.62,337.31,345.25,2731800
2018/9/12,345.00,355.04,344.61,353.41,4003800
2018/9/13,356.36,360.42,354.30,355.46,3166500
2018/9/14,356.44,362.26,356.10,359.80,2835800
2018/9/17,359.28,361.30,354.54,355.96,2554500
2018/9/18,357.30,365.81,356.10,363.58,3003500
2018/9/19,363.58,371.23,363.19,365.22,4753400
2018/9/20,368.74,371.73,365.67,367.46,4011100
2018/9/21,369.40,372.57,366.05,372.23,7144000
2018/9/24,371.00,371.89,367.33,367.99,2800200
2018/9/25,369.08,370.46,366.88,367.23,2969200
2018/9/26,367.50,368.56,364.32,365.03,2368600
2018/9/27,368.40,368.97,364.40,367.39,2355900
2018/9/28,368.63,374.22,366.22,371.90,3600500
2018/10/1,375.16,383.21,375.00,382.29,4755700
2018/10/2,380.85,388.62,379.77,386.37,4622600
2018/10/3,388.90,394.28,386.69,392.30,4794300
2018/10/4,390.74,391.09,385.29,389.99,3822300
2018/10/5,389.00,392.39,383.03,386.47,2899700
2018/10/8,383.84,386.73,377.35,385.77,3324000
2018/10/9,384.37,386.82,381.14,385.44,2862700
2018/10/10,382.96,383.80,367.09,367.47,6033100
2018/10/11,363.44,369.85,355.10,358.11,6266800
2018/10/12,366.01,367.12,352.26,360.11,5509700
2018/10/15,359.46,362.55,355.50,358.88,2979800
2018/10/16,360.45,368.57,358.55,368.25,2822500
2018/10/17,368.00,368.50,362.70,365.50,2238200
2018/10/18,364.82,367.76,356.76,359.35,3254900
2018/10/19,359.80,359.87,354.21,356.26,3491600
2018/10/22,357.85,358.76,352.46,355.98,2263500
2018/10/23,349.50,353.56,342.83,350.05,4389600
2018/10/24,361.59,364.60,351.69,354.65,8442600
2018/10/25,357.30,364.39,354.97,363.77,4003500
2018/10/26,360.70,363.30,354.12,359.27,4073000
2018/10/29,360.55,361.71,328.63,335.59,7462000
2018/10/30,330.35,351.05,329.77,349.91,5774000
2018/10/31,352.51,363.41,352.51,354.86,4175600
2018/11/1,357.47,364.57,353.20,363.07,3760700
2018/11/2,366.97,371.54,356.76,357.75,4029800
2018/11/5,359.76,363.29,356.48,361.98,2253900
2018/11/6,362.41,368.44,362.11,366.47,2471900
2018/11/7,367.64,372.85,359.50,372.02,4015300
2018/11/8,369.33,373.70,365.55,370.77,2751800
2018/11/9,367.83,371.00,366.12,369.34,2590300
2018/11/12,370.21,370.48,355.99,357.03,3088700
2018/11/13,349.55,355.38,342.04,349.51,4960000
2018/11/14,352.09,355.85,343.89,344.72,3445800
2018/11/15,341.12,347.98,336.51,341.57,4863000
2018/11/16,339.00,340.19,331.16,335.95,4425200
2018/11/19,335.55,336.04,317.20,320.94,6782800
2018/11/20,302.10,322.18,296.61,317.70,6875900
2018/11/21,325.07,326.89,315.57,317.32,4401000
2018/11/22,325.07,326.89,315.57,317.32,4401000
2018/11/23,315.00,317.00,311.87,312.32,1599400
2018/11/26,315.56,318.59,310.66,316.36,3362300
2018/11/27,315.28,318.56,310.96,318.03,2946400
2018/11/28,325.72,334.01,321.73,333.50,6117600
2018/11/29,335.97,343.23,334.06,342.56,5331900
2018/11/30,341.94,347.58,337.50,346.76,5374000
2018/12/3,364.31,369.00,356.37,359.96,6573400
2018/12/4,357.00,358.32,341.74,342.50,5199100
2018/12/5,357.00,358.32,341.74,342.50,5199100
2018/12/6,329.99,333.63,317.30,331.90,9297400
2018/12/7,332.35,337.61,321.39,323.22,4526300
2018/12/10,321.27,327.20,315.51,326.35,4400500
2018/12/11,333.25,334.49,318.75,322.03,3566400
2018/12/12,327.38,331.90,324.66,326.69,3424800
2018/12/13,328.40,328.74,324.17,325.47,2247700
2018/12/14,322.45,323.91,315.56,318.75,3298400
2018/12/17,316.91,327.22,314.44,316.13,4968400
2018/12/18,325.46,332.09,323.20,328.06,5881100
2018/12/19,329.33,333.48,316.10,319.55,4871500
2018/12/20,317.00,321.82,308.00,313.05,5368600
2018/12/21,309.09,314.97,304.01,304.55,7641700
2018/12/24,300.65,303.00,294.16,294.16,3435300
2018/12/25,300.65,303.00,294.16,294.16,3435300
2018/12/26,298.61,314.09,292.47,313.93,4843400
2018/12/27,309.04,317.14,302.24,317.14,4341100
2018/12/28,319.74,321.53,315.15,316.38,3725200
2018/12/31,320.50,323.64,318.75,322.50,3557700
2019/1/1,320.50,323.64,318.75,322.50,3557700
2019/1/2,316.19,323.95,313.71,323.81,3292200
2019/1/3,319.49,319.74,309.40,310.90,5705600
2019/1/4,316.69,328.44,316.08,327.08,4448800
2019/1/7,330.52,330.69,323.35,328.11,4030300
2019/1/8,334.11,341.25,332.65,340.53,4736500
2019/1/9,342.96,347.20,340.87,343.83,4213900
2019/1/10,346.51,353.47,343.00,352.61,5358100
2019/1/11,348.56,354.36,348.09,352.90,3158900
2019/1/14,348.20,352.81,347.01,350.36,2476400
2019/1/15,352.00,353.32,347.98,352.24,2940900
2019/1/16,352.50,355.00,351.56,352.06,2731100
2019/1/17,350.75,363.83,350.73,359.09,4270400
2019/1/18,363.88,367.32,361.32,364.73,4256500
2019/1/21,363.88,367.32,361.32,364.73,4256500
2019/1/22,362.86,364.20,354.23,357.90,4336500
2019/1/23,361.91,362.20,353.67,358.61,2924900
2019/1/24,358.91,363.18,356.90,358.27,2801300
2019/1/25,362.49,366.94,360.33,364.20,3185600
2019/1/28,360.65,363.17,357.50,362.97,3128900
2019/1/29,363.07,367.78,362.41,364.91,3202700
2019/1/30,387.40,391.97,380.50,387.72,12705300
2019/1/31,387.16,388.99,382.08,385.62,6878500
2019/2/1,386.11,392.80,384.73,387.43,5625700
2019/2/4,388.97,397.07,388.12,397.00,4256600
2019/2/5,400.75,410.75,399.55,410.18,7230400
2019/2/6,411.51,413.88,405.66,411.11,5356000
2019/2/7,407.93,410.35,402.29,405.17,5211400
2019/2/8,400.00,404.96,397.80,404.91,4570900
2019/2/11,408.10,409.83,402.69,403.95,3046900
2019/2/12,407.00,411.21,405.40,410.72,3263300
2019/2/13,412.52,412.72,407.67,410.58,3078700
2019/2/14,408.93,412.22,407.80,409.82,2724300
2019/2/15,412.48,418.05,411.43,417.97,4017300
2019/2/18,412.48,418.05,411.43,417.97,4017300
2019/2/19,415.50,417.94,414.54,416.26,3051500
2019/2/20,417.14,421.84,417.11,421.55,3990100
2019/2/21,421.58,422.41,415.68,417.58,2880500
2019/2/22,419.70,424.47,419.14,424.05,3132300
2019/2/25,427.49,429.92,426.52,426.87,3276100
2019/2/26,426.00,429.00,424.25,426.77,2503700
2019/2/27,427.17,436.33,427.15,435.44,4603800
2019/2/28,438.70,441.42,437.08,439.96,5063100
2019/3/1,446.01,446.01,440.19,440.62,5124200
2019/3/4,443.22,444.50,426.63,432.69,5971000
2019/3/5,431.04,433.85,428.64,430.12,2844300
2019/3/6,429.70,432.00,422.08,424.46,4159400
2019/3/7,423.36,434.35,416.44,422.56,4893600
2019/3/8,416.77,423.43,415.50,422.54,3794900
2019/3/11,371.27,402.67,365.55,400.01,34742200
2019/3/12,384.71,390.00,368.00,375.41,36922600
2019/3/13,378.43,381.77,363.33,377.14,32662300
2019/3/14,374.99,380.39,372.10,373.30,13514100
2019/3/15,370.88,385.71,366.45,378.99,26697700
2019/3/18,370.00,373.07,367.20,372.28,13119200
2019/3/19,371.14,378.77,371.01,373.43,9856100
2019/3/20,374.70,380.80,373.68,376.16,8737600
2019/3/21,374.04,377.00,372.23,372.70,6951000
2019/3/22,368.79,369.86,361.53,362.17,10143900
2019/3/25,365.00,371.21,362.89,370.46,7939600
2019/3/26,375.58,375.60,367.60,370.38,6479700
2019/3/27,371.89,376.66,365.55,374.21,9600000
2019/3/28,376.60,376.66,372.33,374.44,4921300
2019/3/29,376.52,382.18,374.74,381.42,7694700
2019/4/1,385.80,392.90,383.10,391.54,7735700
2019/4/2,388.50,394.83,388.50,390.75,6401000
2019/4/3,389.68,391.54,384.07,384.74,7350300
2019/4/4,385.99,397.06,385.10,395.86,9388100
2019/4/5,398.07,398.66,390.95,391.93,6857200
2019/4/8,376.20,379.80,371.86,374.52,14482600
2019/4/9,370.29,372.24,367.75,369.04,7980100
2019/4/10,368.40,368.79,362.92,364.94,8285000
2019/4/11,364.62,371.08,364.21,370.16,6598400
2019/4/12,375.75,379.95,372.00,379.64,7334600
2019/4/15,376.70,377.90,373.68,375.46,3822100
2019/4/16,376.51,384.64,375.03,381.72,7083800
2019/4/17,384.10,384.19,377.48,377.52,4424400
2019/4/18,377.52,382.17,377.52,380.07,4703100
2019/4/19,377.52,382.17,377.52,380.07,4703100
2019/4/22,375.69,378.95,374.90,375.17,4147700
2019/4/23,375.54,376.87,372.61,374.02,4894500
2019/4/24,377.89,381.15,373.66,375.46,9855100
2019/4/25,376.01,384.80,372.76,382.80,6615000
2019/4/26,383.89,384.00,378.14,380.79,4259600
2019/4/29,378.49,385.30,376.76,379.05,5457300
2019/4/30,379.50,381.14,375.05,377.69,3732800
2019/5/1,378.53,381.20,376.38,376.80,2765600
2019/5/2,375.50,377.65,373.25,375.80,2438800
2019/5/3,376.08,377.90,374.22,376.46,2953800
2019/5/6,367.88,372.48,365.63,371.60,4747600
2019/5/7,366.33,367.71,355.02,357.23,9740300
2019/5/8,357.77,361.52,353.33,359.75,6030000
2019/5/9,354.76,355.65,347.47,354.13,6075200
2019/5/10,351.87,355.54,347.55,354.67,4574100
2019/5/13,344.51,346.63,337.00,337.37,7757800
2019/5/14,339.90,346.10,337.23,343.04,4747800
2019/5/15,339.80,348.80,337.64,345.64,4810000
2019/5/16,348.64,356.50,345.82,353.81,6036500
2019/5/17,351.50,359.99,351.16,355.02,5282900
2019/5/20,353.00,355.94,350.53,352.79,3219900
2019/5/21,358.03,360.77,354.88,358.75,4022600
2019/5/22,357.22,357.57,351.75,352.78,3841400
2019/5/23,345.92,351.47,341.15,350.55,5305400
2019/5/24,355.00,361.40,353.00,354.90,5387500
2019/5/27,355.00,361.40,353.00,354.90,5387500
2019/5/28,355.29,359.31,354.88,354.88,3504300
2019/5/29,352.59,352.79,346.05,348.80,4160500
2019/5/30,350.00,351.92,347.94,349.87,2183900
2019/5/31,345.85,345.85,341.36,341.61,3217600
2019/6/3,338.20,339.11,330.67,338.89,5148000
2019/6/4,342.57,346.41,340.12,344.62,3592300
2019/6/5,346.22,353.25,332.49,348.75,3188400
2019/6/6,348.18,351.64,345.58,350.64,2582300
2019/6/7,352.30,355.28,352.30,353.70,2470700
2019/6/10,356.00,357.40,353.55,353.80,2560800
2019/6/11,355.42,355.47,348.13,349.33,2702700
2019/6/12,349.00,349.27,342.80,347.03,2738300
2019/6/13,347.25,349.06,344.10,348.86,2621300
2019/6/14,348.00,349.17,345.89,347.16,2258400
2019/6/17,348.62,356.05,347.05,354.90,3746400
2019/6/18,357.61,374.65,357.60,373.96,9199200
2019/6/19,375.40,379.31,368.35,368.56,5716000
2019/6/20,373.00,375.79,368.96,374.88,3794500
2019/6/21,374.39,376.11,371.72,371.84,4923700
2019/6/24,372.95,375.49,372.10,373.99,2323200
2019/6/25,374.75,375.25,368.03,369.32,3005400
2019/6/26,371.02,378.98,370.00,374.94,4542000
2019/6/27,367.54,369.93,362.35,364.02,8980000
2019/6/28,363.92,366.23,361.57,364.01,4737100
2019/7/1,364.88,365.23,353.32,356.46,6392600
2019/7/2,355.63,356.78,352.69,354.16,3774700
2019/7/3,354.50,354.85,352.26,354.47,2164900
2019/7/4,354.50,354.85,352.26,354.47,2164900
2019/7/5,354.00,357.25,351.43,355.86,3208200
2019/7/8,350.41,352.96,349.40,351.12,3262300
2019/7/9,349.05,353.85,347.90,353.09,4828200
2019/7/10,354.49,356.52,351.25,352.30,2946700
2019/7/11,352.62,359.26,350.70,359.00,5059200
2019/7/12,360.00,365.45,358.14,365.33,3592800
2019/7/15,360.50,362.85,359.02,361.61,4814600
2019/7/16,361.26,365.35,361.20,362.75,2960400
2019/7/17,362.75,369.75,362.00,369.52,4010000
2019/7/18,367.60,368.45,359.75,361.11,4582800
2019/7/19,370.67,378.40,368.50,377.36,9504000
2019/7/22,376.94,382.48,371.89,373.42,4265100
2019/7/23,374.27,376.43,370.68,373.07,3354900
2019/7/24,370.28,371.36,360.03,361.43,7447900
2019/7/25,356.18,357.69,345.71,348.09,9663700
2019/7/26,346.20,348.43,342.00,345.00,4441100
2019/7/29,344.99,346.08,339.11,340.21,4116600
2019/7/30,339.84,347.49,336.56,347.46,4528000
2019/7/31,348.49,351.29,341.05,341.18,5219700
2019/8/1,341.91,344.29,333.00,334.29,6465300
2019/8/2,334.56,340.54,332.32,339.56,4675400
2019/8/5,332.46,333.37,326.96,331.06,5876100
2019/8/6,333.99,335.70,329.14,332.45,3653300
2019/8/7,328.60,333.65,324.57,331.38,4187600
2019/8/8,331.30,336.43,328.86,336.35,3673000
2019/8/9,334.06,339.08,333.17,337.55,3102900
2019/8/12,333.68,336.01,331.37,332.94,2683400
2019/8/13,331.82,337.40,330.50,332.86,3689700
2019/8/14,328.35,329.54,320.41,320.42,5110400
2019/8/15,323.00,328.07,319.55,328.00,4721800
2019/8/16,330.22,331.16,326.48,330.45,3866600
2019/8/19,334.18,335.91,331.40,333.78,2335600
2019/8/20,332.47,333.50,328.88,331.75,2039000
2019/8/21,335.48,342.58,333.21,339.99,3265600
2019/8/22,342.43,356.44,341.01,354.41,8320900
2019/8/23,355.35,369.69,354.35,356.01,11518700
2019/8/26,365.04,367.34,356.89,359.04,4661100
2019/8/27,359.42,361.31,353.62,354.73,3740300
2019/8/28,353.31,360.19,351.18,359.97,2402000
2019/8/29,363.85,366.04,360.17,362.74,2717500
2019/8/30,364.37,366.37,362.40,364.09,3147000
2019/9/2,364.37,366.37,362.40,364.09,3147000
2019/9/3,354.11,355.32,350.61,354.42,4272200
2019/9/4,357.68,358.03,354.43,356.53,2737100
2019/9/5,360.14,364.71,359.13,360.30,3643300
2019/9/6,361.61,364.91,359.12,363.00,3022600
2019/9/9,357.98,360.93,354.73,358.78,4183300
2019/9/10,359.00,369.49,358.55,369.49,4547200
2019/9/11,368.74,383.50,368.00,382.94,8437000
2019/9/12,383.71,384.00,374.31,375.63,4495300
2019/9/13,377.39,381.75,377.05,379.76,3628900
2019/9/16,378.14,381.63,375.00,378.85,3055500
2019/9/17,378.41,385.31,377.80,384.20,3269500
2019/9/18,383.25,386.74,379.80,386.41,4186400
2019/9/19,386.14,388.52,382.90,384.44,2928800
2019/9/20,384.11,384.73,377.92,379.39,6643000
2019/9/23,376.61,380.10,374.42,377.03,2674900
2019/9/24,379.54,381.89,375.31,381.65,3533300
2019/9/25,384.91,391.00,383.10,386.20,4705500
2019/9/26,387.10,388.23,383.33,386.89,2520400
2019/9/27,388.19,389.69,381.31,382.86,2730800
2019/9/30,383.00,383.77,376.69,380.47,3183300
2019/10/1,381.70,382.85,374.63,374.94,2943800
2019/10/2,371.85,372.99,363.77,367.36,3698300
2019/10/3,366.21,372.25,363.23,372.07,2623900
2019/10/4,372.25,376.13,371.72,375.70,2008400
2019/10/7,374.06,378.15,373.06,376.54,1931800
2019/10/8,371.05,377.34,368.64,374.10,4030200
2019/10/9,376.00,377.86,373.50,374.96,2774100
2019/10/10,373.70,374.54,370.33,371.00,2723700
2019/10/11,373.00,376.94,370.08,374.92,3935400
2019/10/14,374.25,378.70,372.68,373.18,2124500
2019/10/15,372.58,373.53,370.53,370.96,2836600
2019/10/16,370.22,377.42,369.24,372.43,3657100
2019/10/17,372.42,373.80,369.06,369.06,2397100
2019/10/18,369.00,369.35,344.00,344.00,13544300
2019/10/21,332.89,334.24,324.40,331.06,15493100
2019/10/22,336.07,341.48,334.46,337.00,7949700
2019/10/23,345.00,350.80,336.50,340.50,10960800
2019/10/24,341.70,345.74,337.77,344.55,5382700
2019/10/25,342.92,343.37,338.90,339.83,4058000
2019/10/28,341.50,344.98,339.49,340.88,3234500
2019/10/29,340.19,349.72,339.22,348.93,6113600
2019/10/30,346.63,350.00,343.27,346.06,3997600
2019/10/31,344.70,346.06,339.45,339.91,3868400
2019/11/1,340.59,345.19,339.50,345.19,3538200
2019/11/4,346.46,351.45,346.05,351.09,3703000
2019/11/5,355.23,361.61,353.19,358.29,5468900
2019/11/6,358.86,359.40,353.13,354.19,3815700
2019/11/7,356.12,359.40,355.05,357.31,2834500
2019/11/8,356.40,357.00,350.55,351.00,3218200
2019/11/11,349.04,369.75,345.56,366.96,11483400
2019/11/12,366.49,367.11,360.01,362.88,5769700
2019/11/13,361.87,366.62,361.12,362.50,3453700
2019/11/14,363.10,368.48,361.48,367.44,5339600
2019/11/15,370.00,373.48,369.30,371.68,5493100
2019/11/18,371.67,375.60,367.90,369.46,3823800
2019/11/19,373.51,374.83,361.61,367.00,6670200
2019/11/20,366.00,370.99,365.75,370.91,3774800
2019/11/21,369.75,370.76,366.26,366.44,2703800
2019/11/22,368.27,373.55,366.61,371.34,3915700
2019/11/25,372.52,374.30,369.20,373.13,3324400
2019/11/26,373.66,374.77,371.36,373.51,2859000
2019/11/27,369.96,371.83,366.80,368.00,4145000
2019/11/28,369.96,371.83,366.80,368.00,4145000
2019/11/29,367.50,368.30,366.18,366.18,1390900
2019/12/2,367.08,367.38,355.16,355.18,4794500
2019/12/3,352.09,355.56,347.61,352.08,4683500
2019/12/4,354.70,355.29,348.82,348.84,3014200
2019/12/5,350.22,350.42,345.59,345.68,4719600
2019/12/6,347.74,354.40,347.11,354.09,2856100
2019/12/9,352.67,353.60,349.57,351.21,2844600
2019/12/10,350.15,351.40,347.45,347.90,2920900
2019/12/11,342.10,350.03,338.50,350.00,7369100
2019/12/12,348.25,351.07,341.00,346.29,5970000
2019/12/13,346.30,349.31,341.10,341.67,4526300
2019/12/16,328.53,336.23,326.43,327.00,16488200
2019/12/17,322.06,330.95,320.61,327.00,13526400
2019/12/18,328.72,335.25,328.14,330.68,7029300
2019/12/19,332.90,334.81,330.98,333.50,5492600
2019/12/20,334.62,335.50,328.00,328.00,9489400
2019/12/23,336.75,340.59,334.20,337.55,9534800
2019/12/24,339.51,339.75,332.62,333.00,4120100
2019/12/25,339.51,339.75,332.62,333.00,4120100
2019/12/26,332.70,333.36,329.30,329.92,4593400
2019/12/27,330.20,333.65,329.17,330.14,4124000
2019/12/30,330.50,330.63,325.71,326.40,4525500
2019/12/31,325.41,326.57,323.32,325.76,4958800
2020/1/1,325.41,326.57,323.32,325.76,4958800
2020/1/2,328.55,333.35,327.70,333.32,4544400
2020/1/3,330.63,334.89,330.30,332.76,3875900
2020/1/6,329.30,334.86,327.88,333.74,5355000
2020/1/7,334.26,344.19,330.71,337.28,9898600
2020/1/8,332.40,334.03,329.60,331.37,8239200
2020/1/9,334.95,341.73,332.05,336.34,8175600
2020/1/10,335.56,337.70,329.45,329.92,7161700
2020/1/13,332.40,334.10,330.08,330.22,5648500
2020/1/14,330.76,335.35,328.28,332.35,6945300
2020/1/15,332.35,333.11,329.69,329.80,4578300
2020/1/16,331.05,332.87,329.31,332.00,4024100
2020/1/17,332.39,332.50,323.00,324.15,11061700
2020/1/20,332.39,332.50,323.00,324.15,11061700
2020/1/21,322.60,326.60,305.75,313.37,19318000
2020/1/22,309.82,312.84,302.72,309.00,18792600
2020/1/23,308.50,318.17,307.70,317.79,9702100
2020/1/24,322.00,326.20,312.51,323.05,17798200
2020/1/27,316.21,321.26,314.58,316.60,7468100
2020/1/28,318.05,319.36,314.00,316.56,5502200
2020/1/29,324.35,327.18,319.14,322.02,12454700
2020/1/30,320.50,325.35,317.64,323.30,6022000
2020/1/31,321.75,321.93,316.99,318.27,4999600
2020/2/3,318.75,320.74,314.88,316.00,4841800
2020/2/4,318.28,319.48,315.03,317.94,3779800
2020/2/5,320.50,329.68,319.23,329.55,6071800
2020/2/6,330.91,343.44,325.66,341.43,12845500
2020/2/7,340.37,340.74,335.69,336.75,5337800
2020/2/10,337.22,345.94,336.32,344.67,5876400
2020/2/11,347.64,348.07,342.10,344.42,5311500
2020/2/12,346.42,349.95,345.85,347.45,4421500
2020/2/13,344.32,347.89,342.63,342.82,3783100
2020/2/14,342.30,344.50,338.00,340.49,4199800
2020/2/17,342.30,344.50,338.00,340.49,4199800
2020/2/18,338.77,339.99,336.10,338.88,2904600
2020/2/19,338.12,341.47,335.86,338.30,4935700
2020/2/20,338.29,341.24,335.39,336.28,2807500
2020/2/21,334.05,334.66,330.23,330.38,3709900
2020/2/24,320.00,321.74,316.33,317.90,6073200
2020/2/25,318.26,320.64,303.63,304.14,8052500
2020/2/26,307.00,315.22,304.06,305.59,6987300
2020/2/27,300.37,301.00,284.29,287.76,10982400
2020/2/28,278.07,282.86,269.60,275.11,15364300
2020/3/2,279.54,291.71,274.29,289.27,11012300
2020/3/3,292.00,297.44,278.08,280.62,7499300
2020/3/4,284.55,285.91,277.01,283.12,6986100
2020/3/5,275.79,276.31,259.65,260.37,14669100
2020/3/6,253.70,264.29,249.80,262.33,12861800
2020/3/9,238.00,241.48,224.37,227.17,11585500
2020/3/10,237.00,237.83,215.00,231.01,13059600
2020/3/11,222.99,226.99,187.00,189.08,28503500
2020/3/12,160.53,189.85,154.81,154.84,31734400
2020/3/13,174.97,178.28,161.38,170.20,21168500
2020/3/16,149.42,151.00,128.76,129.61,26844400
2020/3/17,132.51,134.96,101.25,124.14,54492200
2020/3/18,99.86,107.85,89.00,101.89,61943200
2020/3/19,98.80,103.57,90.35,97.71,40210600
2020/3/20,99.85,107.00,94.28,95.01,41370700
2020/3/23,98.75,114.49,93.56,105.62,46140100
2020/3/24,123.68,127.96,116.13,127.68,43683100
2020/3/25,154.90,174.77,141.00,158.73,77826000
2020/3/26,172.29,186.48,167.18,180.55,63267300
2020/3/27,172.00,172.92,155.54,162.00,47880200
2020/3/30,153.81,153.81,140.68,152.28,51052500
2020/3/31,155.00,160.64,149.00,149.14,29954000
2020/4/1,138.91,144.38,130.00,130.70,41899700
2020/4/2,128.51,136.68,120.02,123.27,42372400
2020/4/3,125.00,131.29,122.50,124.52,37347400
2020/4/6,133.70,149.69,129.21,148.77,51085500
2020/4/7,162.00,164.80,140.26,141.58,56699100
2020/4/8,147.51,154.00,144.55,146.87,41351000
2020/4/9,154.71,157.98,150.09,151.84,37874200
2020/4/10,154.71,157.98,150.09,151.84,37874200
2020/4/13,155.50,156.00,146.26,147.33,26034100
2020/4/14,150.51,152.40,140.00,141.00,33970500
2020/4/15,139.00,148.69,132.90,145.98,39297600
2020/4/16,141.46,143.24,134.00,134.24,41364800
2020/4/17,149.41,154.00,145.00,154.00,52389400
2020/4/20,147.21,151.63,142.50,143.61,34983800
2020/4/21,139.01,141.90,135.45,136.33,27043800
2020/4/22,140.42,140.82,134.52,134.97,22734500
2020/4/23,136.50,142.38,136.05,137.74,25936400
2020/4/24,137.00,137.57,128.33,128.98,35884700
2020/4/27,129.97,131.20,123.83,128.68,34563000
2020/4/28,133.88,137.20,127.74,131.30,37806900
2020/4/29,138.08,147.18,135.25,139.00,60454400
2020/4/30,137.67,144.65,132.31,141.02,37876600
2020/5/1,143.23,143.71,132.84,133.37,36613100
2020/5/4,127.12,131.50,124.35,131.46,30708900
2020/5/5,132.88,133.80,125.00,125.40,30621000
2020/5/6,125.80,126.86,121.37,121.86,29627700
2020/5/7,122.81,130.71,122.36,128.65,29525000
2020/5/8,132.57,135.55,131.56,133.44,22695700
2020/5/11,130.92,131.00,127.95,128.91,20055400
2020/5/12,129.72,133.12,125.20,125.22,22579000
2020/5/13,125.00,125.07,119.33,121.50,26002000
2020/5/14,118.98,122.61,113.89,122.52,37499200
2020/5/15,118.33,121.89,117.78,120.00,26756800
2020/5/18,126.18,136.20,125.80,135.44,43781800
2020/5/19,137.00,137.04,130.28,130.44,32373000
2020/5/20,133.27,135.45,131.31,133.32,21835500
2020/5/21,137.00,144.24,136.15,139.00,48263900
2020/5/22,141.01,141.08,135.78,137.53,21098800
2020/5/25,141.01,141.08,135.78,137.53,21098800
2020/5/26,145.21,145.91,142.61,144.73,30338300
2020/5/27,149.14,149.65,141.24,149.52,32799900
2020/5/28,156.10,156.70,149.05,149.82,34734300
2020/5/29,145.30,152.00,142.94,145.85,33853900
2020/6/1,145.45,153.55,144.55,151.39,27127300
2020/6/2,154.00,155.85,151.81,153.31,24780500
2020/6/3,157.10,173.78,155.49,173.16,66486400
2020/6/4,181.28,188.60,177.40,184.30,67155600
2020/6/5,205.00,218.79,197.36,205.43,99846000
2020/6/8,222.94,234.20,218.93,230.50,80902800
2020/6/9,222.14,227.00,213.08,216.74,66688700
2020/6/10,211.17,213.03,197.40,203.41,90384900
2020/6/11,179.35,192.18,166.01,170.00,103212800
2020/6/12,187.15,191.30,176.26,189.51,89550100
2020/6/15,177.18,193.23,175.89,190.94,78612900
2020/6/16,207.15,208.30,192.60,197.77,76496900
2020/6/17,194.52,196.43,191.25,192.54,53085400
2020/6/18,188.24,198.03,187.20,192.29,60849900
2020/6/19,197.90,197.96,184.57,187.02,67262100
2020/6/22,184.56,188.70,181.90,188.52,53901500
2020/6/23,189.30,190.12,183.55,187.88,50281300
2020/6/24,183.61,185.20,176.07,176.69,56534800
2020/6/25,169.87,177.50,169.59,174.88,57335700
2020/6/26,173.42,173.85,167.60,170.01,50644400
2020/6/29,181.00,194.50,176.27,194.49,78499900
2020/6/30,188.02,188.49,180.38,183.30,65493100
2020/7/1,185.88,190.61,180.04,180.32,49036700
2020/7/2,185.58,187.79,180.43,180.81,41792300
2020/7/3,185.58,187.79,180.43,180.81,41792300
2020/7/6,184.52,189.36,181.60,187.91,49471700
2020/7/7,185.07,185.07,178.65,178.88,37105300
2020/7/8,179.05,181.58,175.51,180.08,38116200
2020/7/9,179.67,180.75,172.81,173.28,33514500
2020/7/10,171.70,179.33,169.75,178.44,40955600
2020/7/13,180.20,183.25,174.36,175.65,43364700
2020/7/14,177.00,181.30,173.41,179.96,39256200
2020/7/15,185.54,189.53,181.25,187.94,48044800
2020/7/16,184.32,184.59,177.34,178.70,35050000
2020/7/17,178.41,181.10,175.55,175.66,26170500
2020/7/20,175.13,176.57,171.62,174.42,25294300
2020/7/21,178.43,182.65,176.75,178.63,40740500
2020/7/22,176.43,182.95,175.39,179.79,29790300
2020/7/23,178.00,182.50,175.42,176.45,29587200
2020/7/24,175.68,181.10,173.60,173.76,28548000
2020/7/27,173.19,174.14,169.00,170.21,30243800
2020/7/28,168.50,173.74,168.23,170.84,25349100
2020/7/29,172.90,173.01,162.25,166.01,51709600
2020/7/30,162.88,164.55,160.64,161.95,29140000
2020/7/31,161.55,163.40,156.26,158.00,30263100
2020/8/3,156.51,163.58,153.41,162.27,38520500
2020/8/4,164.63,167.40,163.01,165.07,30853500
2020/8/5,167.60,174.98,166.40,174.28,46189200
2020/8/6,172.80,175.57,170.60,172.20,32921600
2020/8/7,171.50,171.86,168.70,170.02,19318000
2020/8/10,171.36,179.79,171.33,179.41,35857700
2020/8/11,184.51,189.97,179.53,180.13,61036600
2020/8/12,184.01,184.15,173.19,175.44,40674400
2020/8/13,173.62,179.47,172.43,174.73,22958800
2020/8/14,173.09,179.47,172.35,178.08,32414100
2020/8/17,178.24,178.29,171.41,172.01,23352100
2020/8/18,172.01,173.24,169.01,170.23,21488500
2020/8/19,170.44,174.10,169.09,169.27,25601500
2020/8/20,168.54,170.84,165.86,169.58,23213400
2020/8/21,168.35,170.08,167.27,167.50,16945900
2020/8/24,168.78,178.27,167.93,178.27,39317100
2020/8/25,180.46,180.63,172.44,174.73,31318500
2020/8/26,173.80,174.43,171.35,171.90,16189800
2020/8/27,174.71,181.31,173.56,174.20,29548100
2020/8/28,175.11,177.28,172.57,175.80,20383900
2020/8/31,174.65,175.27,171.70,171.82,16264300
2020/9/1,170.71,175.49,169.25,172.10,18977300
2020/9/2,172.74,175.00,171.45,174.78,16552100
2020/9/3,175.00,180.85,168.12,168.77,27799400
2020/9/4,171.31,172.83,164.00,171.05,18867300
2020/9/7,171.31,172.83,164.00,171.05,18867300
2020/9/8,165.80,166.90,160.50,161.08,22622700
2020/9/9,161.61,163.06,157.00,160.78,21951400
2020/9/10,160.96,163.78,157.57,157.69,14532600
2020/9/11,158.00,161.36,156.32,160.23,14722400
2020/9/14,161.75,165.94,158.90,165.35,17228400
2020/9/15,166.65,168.84,163.33,163.49,14881700
2020/9/16,161.95,170.57,160.31,167.46,21851400
2020/9/17,164.63,168.46,161.05,167.53,19717800
2020/9/18,165.66,169.72,161.02,161.14,22057100
2020/9/21,157.83,158.83,154.20,156.35,23125300
2020/9/22,156.81,160.07,154.95,156.80,17768900
2020/9/23,157.33,160.42,150.89,151.18,18247500
2020/9/24,150.29,150.31,145.02,146.05,27098100
2020/9/25,146.85,156.31,146.42,156.03,29123000
2020/9/28,160.33,168.00,159.20,166.08,38868200
2020/9/29,164.77,165.50,162.01,163.60,19874700
2020/9/30,164.50,170.98,164.11,165.26,38436700
2020/10/1,170.15,172.76,165.57,167.86,30677100
2020/10/2,161.86,169.78,161.80,168.08,31773800
2020/10/5,169.49,172.08,167.51,171.20,19082100
2020/10/6,173.04,175.56,159.33,159.54,47132500
2020/10/7,163.71,166.34,162.38,164.61,26019100
2020/10/8,166.22,168.09,163.54,168.00,20598600
2020/10/9,169.93,170.00,166.82,167.33,17406000
2020/10/12,167.75,169.20,165.95,167.35,12176600
2020/10/13,165.36,165.53,162.09,162.14,15182600
2020/10/14,162.70,165.17,162.49,163.24,10505500
2020/10/15,161.01,164.54,158.73,164.24,13226800
2020/10/16,171.22,173.42,167.27,167.35,31780600
2020/10/19,169.09,170.84,166.11,167.11,16519600
2020/10/20,168.29,169.29,166.18,167.24,12319900
2020/10/21,166.44,167.63,163.82,163.86,11450600
2020/10/22,164.70,169.63,164.10,169.07,14238200
2020/10/23,169.99,170.26,166.05,167.36,10024200
2020/10/26,164.95,165.50,159.05,160.83,16151100
2020/10/27,159.16,160.25,155.00,155.24,15491900
2020/10/28,153.00,153.95,148.00,148.14,20279800
2020/10/29,148.03,150.10,146.60,148.29,14554300
2020/10/30,147.20,149.17,141.58,144.39,15374700
2020/11/2,145.75,149.59,143.38,148.60,13854600
2020/11/3,151.83,154.82,150.64,153.65,12249800
2020/11/4,153.17,155.40,151.17,151.63,11344700
2020/11/5,152.48,157.63,152.10,157.09,12328300
2020/11/6,156.33,158.47,154.52,157.74,8995600
2020/11/9,179.00,184.46,172.16,179.36,49014400
2020/11/10,182.80,193.95,180.38,188.69,46404300
2020/11/11,189.89,190.00,180.41,182.15,29907800
2020/11/12,178.95,184.59,176.25,176.72,20288400
2020/11/13,179.00,187.27,178.71,187.11,19724500
2020/11/16,194.56,202.94,191.35,202.40,40562800
2020/11/17,200.25,211.20,196.05,210.05,38299300
2020/11/18,223.02,223.02,203.00,203.30,65990700
2020/11/19,200.45,209.44,199.90,205.67,34236100
2020/11/20,204.59,206.58,199.17,199.62,18230900
2020/11/23,203.24,214.21,201.87,211.53,28372400
2020/11/24,219.43,222.95,215.76,218.49,31132000
2020/11/25,217.71,221.00,213.09,217.61,19254100
2020/11/26,217.71,221.00,213.09,217.61,19254100
2020/11/27,218.25,219.93,216.04,216.50,9970200
2020/11/30,215.70,217.78,208.52,210.71,16501900
2020/12/1,214.31,218.09,213.00,213.01,15754200
2020/12/2,213.01,224.99,210.30,223.85,25912300
2020/12/3,228.30,242.00,226.53,237.20,45945100
2020/12/4,236.36,238.18,230.25,232.71,29378400
2020/12/7,238.50,244.08,237.11,238.17,33246700
2020/12/8,238.70,241.70,234.46,236.57,19682000
2020/12/9,238.64,240.84,228.28,232.06,19043600
2020/12/10,228.10,237.01,228.02,234.43,16185000
2020/12/11,232.82,236.22,228.33,230.33,17311800
2020/12/14,235.00,237.63,228.37,228.62,19231200
2020/12/15,230.00,232.50,224.36,229.50,18993700
2020/12/16,229.33,232.37,225.30,225.87,17858400
2020/12/17,227.24,228.49,220.53,221.24,17465600
2020/12/18,222.05,223.46,218.61,219.75,19092800
2020/12/21,212.34,219.43,211.10,219.31,18726500
2020/12/22,223.28,223.89,217.70,218.78,13280000
2020/12/23,219.55,224.40,219.32,219.69,10869000
2020/12/24,219.62,219.88,216.05,217.15,6398500
2020/12/25,219.62,219.88,216.05,217.15,6398500
2020/12/28,218.19,219.20,215.16,216.09,9090600
2020/12/29,218.30,221.68,215.40,216.25,14593800
2020/12/30,216.36,218.55,214.37,216.67,10812600
2020/12/31,216.24,216.90,212.70,214.06,10487600
2021/1/1,216.24,216.90,212.70,214.06,10487600
2021/1/4,210.00,210.20,202.49,202.72,21225600
2021/1/5,204.74,213.35,204.60,211.63,19338300
2021/1/6,210.22,215.61,209.34,211.03,16202200
2021/1/7,213.39,216.60,211.78,212.71,14474100
2021/1/8,213.61,214.10,208.16,209.90,14144000
2021/1/11,203.03,207.78,201.01,206.79,16770300
2021/1/12,206.65,209.06,204.81,208.41,12836200
2021/1/13,207.15,208.79,204.85,207.21,8570500
2021/1/14,208.79,214.19,208.21,209.91,12446800
2021/1/15,208.96,209.25,204.20,204.32,11103300
2021/1/18,208.96,209.25,204.20,204.32,11103300
2021/1/19,206.99,211.52,206.52,210.71,11947200
2021/1/20,213.24,215.59,211.21,211.45,9727000
2021/1/21,211.72,211.93,206.34,207.41,11091300
2021/1/22,205.55,206.70,204.27,205.84,7514600
2021/1/25,203.27,203.80,199.30,203.36,14276200
2021/1/26,205.34,208.35,201.79,202.06,11011800
2021/1/27,196.90,199.47,191.85,194.03,20948500
2021/1/28,198.05,200.42,196.00,197.23,10403200
2021/1/29,198.30,201.57,193.12,194.19,13683700
2021/2/1,196.00,197.38,192.86,195.84,9061900
2021/2/2,198.98,203.03,198.09,200.94,11130600
2021/2/3,202.00,208.16,201.26,207.39,11836900
2021/2/4,209.87,212.48,208.02,210.64,11869900
2021/2/5,212.25,213.20,206.66,207.93,9546100
2021/2/8,209.55,211.99,208.30,211.95,11182100
2021/2/9,210.60,216.73,208.90,215.12,13615700
2021/2/10,215.65,217.49,211.12,211.92,11510700
2021/2/11,212.24,213.99,208.57,210.66,7140200
2021/2/12,210.36,213.16,209.67,210.98,6010800
2021/2/15,210.36,213.16,209.67,210.98,6010800
2021/2/16,213.08,217.40,212.33,217.18,10171100
2021/2/17,215.52,218.71,212.68,215.52,9276000
2021/2/18,213.45,214.34,208.08,208.48,9121300
2021/2/19,209.97,217.64,209.15,217.47,12415300
2021/2/22,211.89,220.39,210.80,212.88,21413700
2021/2/23,214.15,214.75,206.60,212.12,15996700
2021/2/24,212.10,229.61,211.60,229.34,30709300
2021/2/25,227.80,228.50,214.71,216.45,19283000
2021/2/26,218.51,220.66,211.29,212.01,12838400
2021/3/1,219.60,226.98,219.02,224.39,18735400
2021/3/2,224.79,227.19,222.15,223.14,11114400
2021/3/3,226.36,235.40,225.04,228.56,30426000
2021/3/4,232.73,237.10,218.70,224.71,26645100
2021/3/5,229.01,229.92,213.80,223.22,20026600
2021/3/8,226.67,229.89,223.71,224.03,13836800
2021/3/9,226.81,234.06,222.58,230.61,21001200
2021/3/10,233.81,246.80,232.88,245.34,27753400
2021/3/11,248.77,256.65,246.55,252.00,30139200
2021/3/12,253.86,269.72,253.50,269.19,35264300
2021/3/15,274.15,278.57,264.33,265.63,34816700
2021/3/16,263.23,264.17,254.02,255.21,28785800
2021/3/17,254.70,263.61,253.68,263.59,23785500
2021/3/18,261.32,267.37,254.73,256.06,24595500
2021/3/19,257.75,258.88,251.31,255.82,17330800
2021/3/22,255.82,257.67,250.16,251.23,15230000
2021/3/23,249.26,251.30,239.43,241.25,21358200
2021/3/24,243.75,248.80,239.06,239.24,24055100
2021/3/25,234.34,247.58,231.70,247.19,27553600
2021/3/26,249.62,250.90,240.30,244.87,17157100
2021/3/29,251.30,254.71,248.03,250.52,22198800
2021/3/30,251.24,253.50,248.91,252.01,12577300
2021/3/31,254.70,257.88,253.36,254.72,14138500
2021/4/1,256.67,257.88,251.31,252.96,10934500
2021/4/2,256.67,257.88,251.31,252.96,10934500
2021/4/5,256.56,260.48,256.25,259.36,13750300
2021/4/6,257.21,259.35,254.66,255.17,11180300
2021/4/7,255.31,255.90,250.83,252.58,9925700
2021/4/8,251.70,254.95,249.31,254.95,9899900
2021/4/9,250.51,252.84,249.44,252.36,12255900
2021/4/12,250.57,251.55,246.29,249.52,10383600
2021/4/13,248.33,254.49,246.10,253.27,15901400
2021/4/14,255.32,258.37,251.28,252.43,12661800
2021/4/15,253.56,254.12,249.43,251.11,9479000
2021/4/16,252.00,253.05,246.23,248.18,14606000
2021/4/19,247.00,247.00,242.22,244.15,9249300
2021/4/20,241.03,241.09,232.34,234.06,19483600
2021/4/21,232.22,236.76,230.22,235.92,12847000
2021/4/22,235.96,239.65,233.38,234.33,13854400
2021/4/23,233.89,238.58,233.11,238.38,11533100
2021/4/26,240.24,244.65,240.10,241.44,10599600
2021/4/27,241.88,243.49,239.41,242.47,10583300
2021/4/28,239.00,239.65,232.85,235.46,19054100
2021/4/29,237.00,237.68,231.80,235.94,12296100
2021/4/30,233.68,236.77,232.70,234.31,10380400
2021/5/3,234.11,237.10,233.81,235.19,9887800
2021/5/4,235.75,236.65,225.65,233.63,17807200
2021/5/5,232.45,233.49,227.56,228.18,14913500
2021/5/6,229.30,231.17,226.55,229.81,11857100
2021/5/7,229.80,235.91,227.99,235.47,12823000
2021/5/10,236.84,241.10,232.50,232.93,14813900
2021/5/11,226.56,230.13,223.85,228.88,16273200
2021/5/12,227.25,229.74,220.63,220.78,14931200
2021/5/13,223.00,229.27,219.07,222.64,16503400
2021/5/14,225.99,228.81,224.35,228.47,10162400
2021/5/17,226.24,228.26,223.58,227.98,9559300
2021/5/18,227.25,232.27,226.43,227.55,10081100
2021/5/19,223.18,225.12,220.28,224.42,13162700
2021/5/20,225.13,228.44,223.77,227.65,9218900
2021/5/21,232.90,236.30,231.39,234.82,16579000
2021/5/24,235.14,238.50,232.60,237.44,10106000
2021/5/25,240.00,243.78,239.23,240.74,12908000
2021/5/26,241.70,242.49,239.87,241.37,7240200
2021/5/27,248.11,252.60,247.19,250.70,18404400
2021/5/28,247.48,248.98,245.37,247.02,11197400
2021/5/31,247.48,248.98,245.37,247.02,11197400
2021/6/1,253.00,255.64,251.52,254.73,13562800
2021/6/2,255.60,258.40,254.62,255.62,10820400
2021/6/3,252.98,254.80,249.69,250.32,10402000
2021/6/4,251.51,251.80,248.49,249.92,8799000
2021/6/7,251.50,253.20,248.81,252.66,10606000
2021/6/8,256.26,256.31,250.00,252.76,15113900
2021/6/9,251.20,253.17,247.91,248.06,10693200
2021/6/10,251.72,255.14,248.10,248.34,14519200
2021/6/11,250.35,251.12,245.78,247.28,9934200
2021/6/14,246.44,249.20,244.40,245.14,9344400
2021/6/15,245.36,248.51,244.94,246.54,10630900
2021/6/16,245.25,246.06,241.55,242.27,10529200
2021/6/17,241.96,243.50,237.33,239.22,10774400
2021/6/18,237.79,239.31,235.80,237.35,11965000
2021/6/21,238.66,245.62,237.25,245.28,15301800
2021/6/22,244.50,244.63,241.08,243.78,10042500
2021/6/23,244.80,246.87,243.17,243.57,9874700
2021/6/24,245.20,250.74,243.70,250.57,13755600
2021/6/25,250.75,252.30,248.25,248.38,9625800
2021/6/28,244.73,245.08,238.88,239.96,18152000
2021/6/29,243.74,244.37,235.66,235.76,16743900
2021/6/30,236.24,241.17,236.00,239.56,12089100
2021/7/1,240.36,241.80,238.61,239.73,9516200
2021/7/2,239.55,240.11,233.47,236.68,15706600
2021/7/5,239.55,240.11,233.47,236.68,15706600
2021/7/6,236.85,237.17,233.47,236.14,11045800
2021/7/7,235.17,238.01,230.52,231.78,11497000
2021/7/8,227.48,237.47,226.16,236.77,17964300
2021/7/9,237.77,240.38,236.22,239.59,12385400
2021/7/12,237.99,240.77,236.46,238.29,9071500
2021/7/13,232.27,234.49,228.16,228.20,21029500
2021/7/14,229.02,230.52,224.30,224.45,12137000
2021/7/15,222.88,226.67,220.80,222.76,12228600
2021/7/16,223.11,224.00,217.03,217.74,12413400
2021/7/19,211.18,211.55,204.80,206.99,24123600
2021/7/20,208.10,217.37,206.62,217.15,17027300
2021/7/21,219.50,224.09,218.90,222.54,11437600
2021/7/22,221.52,222.25,218.31,220.87,9768900
2021/7/23,222.97,224.63,220.94,221.52,9379500
2021/7/26,220.00,226.12,219.89,225.85,8933200
2021/7/27,223.17,225.70,220.42,222.27,8784200
2021/7/28,234.05,237.49,231.33,231.57,19330500
2021/7/29,233.69,234.82,231.12,231.63,8667900
2021/7/30,229.39,231.18,225.40,226.48,9940100
2021/8/2,227.19,230.47,224.87,225.34,8889100
2021/8/3,225.90,229.10,221.30,229.09,7326400
2021/8/4,226.42,232.35,225.33,226.63,9756300
2021/8/5,226.68,231.54,226.49,229.94,8362600
2021/8/6,231.55,233.57,230.42,231.33,6061900
2021/8/9,229.00,233.57,226.89,232.27,8358600
2021/8/10,231.97,236.85,231.62,235.78,9603500
2021/8/11,236.61,239.59,234.58,239.49,9664000
2021/8/12,240.00,241.15,236.51,238.18,6810000
2021/8/13,238.01,239.69,234.28,234.46,6390300
2021/8/16,231.90,232.03,227.14,229.06,7622000
2021/8/17,226.20,226.24,219.80,222.22,13124000
2021/8/18,221.73,223.65,218.90,219.00,9000900
2021/8/19,216.30,218.30,211.73,212.16,11404400
2021/8/20,212.31,214.74,210.94,212.67,9335700
2021/8/23,215.83,220.18,215.38,219.40,10392100
2021/8/24,220.11,223.10,219.80,221.43,8942600
2021/8/25,221.50,222.30,219.10,221.03,6528900
2021/8/26,221.41,222.90,215.91,216.50,8341400
2021/8/27,217.47,222.43,216.86,221.75,7684900
2021/8/30,222.35,222.37,217.53,217.66,7587800
2021/8/31,217.33,221.33,217.09,219.50,6764500
2021/9/1,220.00,221.76,217.62,218.12,7157400
2021/9/2,218.95,223.84,218.08,220.83,8899500
2021/9/3,219.45,221.18,217.46,218.17,6393500
2021/9/6,219.45,221.18,217.46,218.17,6393500
2021/9/7,215.91,216.71,212.17,214.24,13196100
2021/9/8,213.60,216.08,210.51,211.38,8877600
2021/9/9,211.15,216.61,210.72,213.94,9242800
2021/9/10,215.16,215.89,210.12,210.30,6959700
2021/9/13,211.35,215.64,209.88,214.48,10175900
2021/9/14,215.84,216.11,210.71,211.57,9947000
2021/9/15,211.79,214.35,210.32,214.22,7916300
2021/9/16,213.96,216.31,213.31,213.36,6370900
2021/9/17,213.12,215.37,211.91,213.36,7932700
2021/9/20,210.81,212.43,206.53,209.50,10567400
2021/9/21,210.25,211.76,207.72,208.51,7139000
2021/9/22,210.00,217.99,209.65,216.98,10953000
2021/9/23,217.81,222.62,217.15,221.10,9344600
2021/9/24,219.13,222.41,218.66,221.39,6498200
2021/9/27,224.00,228.60,223.88,224.16,9749200
2021/9/28,222.90,224.58,216.42,218.41,9639800
2021/9/29,227.80,229.94,224.86,225.36,16808000
2021/9/30,226.08,226.15,219.46,219.94,10366900
2021/10/1,222.85,226.72,220.60,226.00,9113600
2021/10/4,225.68,227.97,222.00,223.79,6946100
2021/10/5,224.27,226.45,222.42,224.42,5687300
2021/10/6,221.08,225.07,219.20,224.99,7157600
2021/10/7,227.34,229.00,225.90,226.48,7748500
2021/10/8,226.75,228.71,225.40,226.39,4515000
2021/10/11,226.50,232.10,225.32,226.45,7287000
2021/10/12,226.00,228.66,223.12,223.57,8486800
2021/10/13,224.00,224.30,219.36,221.78,8240200
2021/10/14,221.07,222.18,217.04,217.44,10427300
2021/10/15,218.17,219.61,216.28,217.04,8773400
2021/10/18,216.00,217.28,214.05,216.98,6553500
2021/10/19,217.47,217.66,215.28,215.97,5963400
2021/10/20,215.49,218.66,214.35,216.17,8485200
2021/10/21,216.54,218.11,213.81,214.34,8691500
2021/10/22,214.60,216.72,212.58,212.97,7077600
2021/10/25,213.25,213.98,211.70,212.87,7239100
2021/10/26,213.19,214.85,208.18,209.81,11014500
2021/10/27,212.85,212.90,205.64,206.61,14761700
2021/10/28,206.00,208.74,204.60,207.85,8825500
2021/10/29,206.84,208.24,205.29,207.03,8559500
2021/11/1,207.00,214.69,206.81,214.58,9284900
2021/11/2,213.83,215.72,210.70,212.77,6160200
2021/11/3,211.47,213.76,210.87,213.38,4636100
2021/11/4,213.80,214.82,211.87,213.03,5849600
2021/11/5,217.70,224.58,217.70,224.46,16936300
2021/11/8,225.24,226.99,222.11,222.68,9456100
2021/11/9,222.49,222.85,217.54,220.79,6863700
2021/11/10,219.36,225.68,217.27,218.50,8197600
2021/11/11,220.50,222.65,218.90,219.38,6567300
2021/11/12,219.72,223.75,218.90,220.96,6419900
2021/11/15,227.37,233.94,226.92,233.09,21921900
2021/11/16,232.94,232.95,225.51,225.80,10120200
2021/11/17,229.54,231.32,224.20,226.62,10750900
2021/11/18,230.30,231.50,224.95,227.25,10983700
2021/11/19,225.07,225.33,213.23,214.13,20844100
2021/11/22,215.00,215.02,208.95,209.90,10764300
2021/11/23,211.50,212.99,207.77,209.13,8882800
2021/11/24,207.52,211.22,206.87,210.60,5437600
2021/11/25,207.52,211.22,206.87,210.60,5437600
2021/11/26,197.57,199.42,194.00,199.21,17636600
2021/11/29,201.87,204.28,195.33,198.50,12276200
2021/11/30,196.02,198.82,193.85,197.85,12638900
2021/12/1,200.81,201.62,188.00,188.19,13268700
2021/12/2,196.80,202.54,192.41,202.38,20435400
2021/12/3,198.70,199.90,195.42,198.49,10742700
2021/12/6,199.77,206.42,199.20,205.88,11587900
2021/12/7,207.06,211.65,206.38,208.83,10387900
2021/12/8,209.18,212.68,207.71,211.03,6986800
2021/12/9,207.53,208.55,205.20,207.56,7011000
2021/12/10,208.81,209.00,203.48,205.06,6040000
2021/12/13,202.50,202.81,195.55,197.40,10619600
2021/12/14,195.60,200.50,195.18,195.50,8445100
2021/12/15,195.28,196.58,190.32,195.43,10535900
2021/12/16,197.00,198.32,190.44,190.79,8216800
2021/12/17,190.27,194.77,187.88,192.63,12618300
2021/12/20,188.11,190.36,185.26,188.48,10256400
2021/12/21,190.28,199.69,190.04,199.52,12082300
2021/12/22,199.46,202.93,197.94,201.69,8145300
2021/12/23,202.13,205.13,201.32,204.22,7415200
2021/12/24,202.13,205.13,201.32,204.22,7415200
2021/12/27,201.99,203.43,199.10,203.17,7818900
2021/12/28,202.23,208.94,201.65,206.13,8879700
2021/12/29,205.36,205.41,202.60,203.66,6119000
2021/12/30,203.00,206.00,202.60,202.71,7012600
2021/12/31,202.20,203.69,200.03,201.32,8053000
2022/1/3,204.00,210.55,203.34,207.86,9060200
2022/1/4,211.30,214.56,209.78,213.63,11414600
2022/1/5,216.64,218.93,211.81,213.07,11564700
2022/1/6,214.64,216.00,207.86,211.34,7142200
2022/1/7,212.98,218.32,212.38,215.50,9526400
2022/1/10,214.26,215.28,207.13,209.31,8229000
2022/1/11,209.00,217.03,208.41,216.02,8098400
2022/1/12,217.09,221.24,216.30,217.45,9134500
2022/1/13,222.25,226.89,220.05,223.90,17628000
2022/1/14,222.16,226.20,220.25,225.96,8053500
2022/1/17,222.16,226.20,220.25,225.96,8053500
2022/1/18,224.50,229.67,224.26,225.01,8930700
2022/1/19,225.10,225.42,216.94,217.08,9382800
2022/1/20,217.38,221.95,213.42,214.19,7636800
2022/1/21,213.79,213.79,204.57,205.44,11548500
2022/1/24,199.85,204.80,192.51,204.20,13796500
2022/1/25,200.10,205.63,197.55,204.10,8824500
2022/1/26,206.21,206.21,191.92,194.27,19974400
2022/1/27,196.38,199.71,188.64,189.75,12670100
2022/1/28,188.78,190.72,183.77,190.57,10966700
2022/1/31,190.73,200.34,190.00,200.24,15504600
2022/2/1,202.48,208.89,200.50,208.34,12265100
2022/2/2,205.43,208.39,203.21,207.52,7843700
2022/2/3,206.06,209.10,204.26,206.39,7054700
2022/2/4,205.00,208.25,203.10,206.45,5952600
2022/2/7,205.79,214.37,205.42,211.92,11816900
2022/2/8,212.68,213.87,209.69,213.27,7356200
2022/2/9,214.91,217.04,213.30,215.86,7587700
2022/2/10,213.71,223.23,213.70,218.75,11695900
2022/2/11,217.87,221.42,210.27,212.30,11443700
2022/2/14,213.00,215.63,208.76,210.04,6481400
2022/2/15,214.84,219.54,213.69,217.73,10448500
2022/2/16,216.10,219.68,215.28,218.93,5698900
2022/2/17,218.47,218.58,212.67,213.58,6176600
2022/2/18,212.56,214.73,208.60,209.03,6973600
2022/2/21,212.56,214.73,208.60,209.03,6973600
2022/2/22,205.00,206.90,197.82,198.74,10382100
2022/2/23,201.13,203.25,195.91,196.42,7326300
2022/2/24,189.29,198.86,186.88,198.43,12207600
2022/2/25,201.09,204.07,199.10,201.48,8730300
2022/2/28,198.58,207.31,196.75,205.34,9859300
2022/3/1,203.11,203.50,192.93,194.91,11799500
2022/3/2,196.27,199.85,194.64,197.81,7463400
2022/3/3,197.94,198.50,188.71,188.85,12424500
2022/3/4,187.37,188.32,178.97,180.84,13084000
2022/3/7,181.03,182.72,169.06,169.17,12847500
2022/3/8,169.73,180.82,167.58,173.80,13715500
2022/3/9,179.80,182.87,177.41,178.56,10062100
2022/3/10,175.76,182.02,175.39,178.39,8364100
2022/3/11,183.59,184.86,175.95,176.23,9373600
2022/3/14,175.88,178.23,172.57,175.52,8138900
2022/3/15,176.30,180.50,175.60,179.89,8051500
2022/3/16,183.39,189.60,182.30,188.99,12077500
2022/3/17,186.36,190.24,185.27,190.19,8126600
2022/3/18,192.07,193.38,190.10,192.83,12849600
2022/3/21,184.40,187.27,180.61,185.90,27369600
2022/3/22,185.24,192.86,184.52,191.04,14378500
2022/3/23,189.67,190.16,185.03,186.04,8297800
2022/3/24,186.35,189.19,184.72,189.05,7094400
2022/3/25,187.76,191.70,186.93,188.95,6365600
2022/3/28,188.43,189.26,184.47,188.16,6904100
2022/3/29,191.62,196.36,191.20,193.80,8438700
2022/3/30,192.32,197.45,191.36,194.91,9959300
2022/3/31,195.00,197.58,191.45,191.50,6447900
2022/4/1,192.58,192.62,188.78,190.76,4862100
2022/4/4,190.02,191.84,186.91,191.18,7792100
2022/4/5,189.70,192.35,182.52,182.65,9371600
2022/4/6,180.40,180.57,176.58,178.72,8173900
2022/4/7,178.13,178.66,173.87,177.97,7517800
2022/4/8,176.54,178.13,174.24,175.20,6524100
2022/4/11,173.84,179.67,173.40,175.03,6001100
2022/4/12,175.50,178.50,174.53,176.28,6125100
2022/4/13,176.96,183.46,176.96,182.87,7399900
2022/4/14,182.75,185.54,181.64,181.94,5144600
2022/4/15,182.75,185.54,181.64,181.94,5144600
2022/4/18,181.45,182.46,178.55,179.85,5042600
2022/4/19,180.36,187.61,180.28,185.98,7485600
2022/4/20,187.24,187.34,182.86,183.55,6824300
2022/4/21,188.73,189.85,180.55,181.02,7446100
2022/4/22,180.78,182.67,176.50,176.92,6372400
2022/4/25,174.51,176.08,172.45,175.91,6293100
2022/4/26,174.76,174.87,166.85,167.04,9277300
2022/4/27,161.25,161.25,146.00,154.46,40371700
2022/4/28,156.61,156.79,149.00,154.22,13518800
2022/4/29,153.44,157.03,148.52,148.84,10880300
2022/5/2,148.02,149.45,143.38,148.61,12399200
2022/5/3,149.09,154.45,147.91,153.58,10149500
2022/5/4,152.91,157.14,150.77,156.97,9550600
2022/5/5,155.69,157.99,149.05,150.47,7950800
2022/5/6,149.96,150.90,145.85,148.90,7697900
2022/5/9,146.00,146.95,132.65,133.31,12593800
2022/5/10,136.76,137.84,130.33,132.95,11781400
2022/5/11,132.95,138.96,129.11,129.39,11388400
2022/5/12,126.89,128.53,120.28,123.14,15891300
2022/5/13,124.98,130.80,122.38,127.20,20891500
2022/5/16,127.05,131.12,122.35,124.05,10631600
2022/5/17,126.91,132.83,125.79,132.05,12154200
2022/5/18,130.34,132.10,124.36,125.52,9567600
2022/5/19,124.40,128.40,123.70,127.14,8075800
2022/5/20,128.77,128.85,117.08,120.70,18822200
2022/5/23,121.70,124.48,120.34,124.07,9341500
2022/5/24,122.44,122.70,117.29,119.40,9092400
2022/5/25,119.17,122.60,118.76,122.06,7707900
2022/5/26,123.10,128.84,122.74,127.73,8333900
2022/5/27,128.77,132.23,128.32,132.23,7261500
2022/5/30,128.77,132.23,128.32,132.23,7261500
2022/5/31,131.03,132.99,128.86,131.40,7953700
2022/6/1,133.00,134.33,127.01,130.65,9991600
2022/6/2,132.14,140.55,131.87,140.50,12777000
2022/6/3,138.52,140.70,137.59,139.25,10091800
2022/6/6,139.99,141.14,136.83,139.24,6354800
2022/6/7,137.49,141.24,135.91,140.82,5436100
2022/6/8,139.13,142.21,138.44,139.63,5833700
2022/6/9,139.35,139.66,133.70,133.73,6010100
2022/6/10,130.27,132.19,126.85,127.00,7770700
2022/6/13,123.00,123.25,114.14,115.86,16778500
2022/6/14,116.65,122.19,113.02,122.16,17549800
2022/6/15,124.35,134.99,123.83,133.72,25997800
2022/6/16,131.70,135.34,131.26,133.36,19543600
2022/6/17,132.25,138.98,131.50,136.80,16042500
2022/6/20,132.25,138.98,131.50,136.80,16042500
2022/6/21,139.17,140.94,135.84,136.75,10519900
2022/6/22,134.03,138.79,133.28,137.16,7713300
2022/6/23,136.42,137.42,130.09,133.97,10746900
2022/6/24,135.01,141.87,134.95,141.53,13626200
2022/6/27,140.28,140.57,136.22,138.72,8457400
2022/6/28,140.89,147.18,138.54,138.70,12125400
2022/6/29,138.61,138.92,134.84,138.45,7489200
2022/6/30,134.30,137.49,131.60,136.72,8455100
2022/7/1,135.88,141.79,135.40,139.84,7627100
2022/7/4,135.88,141.79,135.40,139.84,7627100
2022/7/5,136.25,138.07,131.29,137.70,10065900
2022/7/6,137.54,138.71,134.46,136.31,6608000
2022/7/7,137.93,142.28,137.90,139.97,7674400
2022/7/8,139.70,140.74,137.37,139.07,5655500
2022/7/11,137.77,139.24,134.89,136.99,6176500
2022/7/12,136.86,149.32,136.81,147.15,18598200
2022/7/13,142.79,146.41,142.18,143.95,9038700
2022/7/14,141.11,147.49,140.61,147.15,9456100
2022/7/15,149.17,149.74,144.65,147.74,7910400
2022/7/18,153.31,155.94,147.20,147.72,13948500
2022/7/19,149.61,156.28,148.97,156.13,14183000
2022/7/20,156.00,159.40,154.26,158.38,8668600
2022/7/21,158.89,161.66,156.19,161.41,8044100
2022/7/22,161.80,163.34,157.77,158.16,7594900
2022/7/25,156.94,157.31,152.84,156.64,5764700
2022/7/26,155.24,158.18,154.50,155.92,6053100
2022/7/27,161.12,162.74,152.80,156.09,16356600
2022/7/28,154.02,160.10,153.03,159.09,8729100
2022/7/29,157.95,159.84,155.54,159.31,5743500
2022/8/1,165.95,171.76,164.25,169.07,18321600
2022/8/2,167.00,167.33,163.14,163.28,10874300
2022/8/3,164.51,167.52,162.33,166.64,6709100
2022/8/4,165.77,168.12,164.41,166.50,5039600
2022/8/5,164.40,167.07,163.93,165.04,4709100
2022/8/8,166.41,171.09,164.71,165.89,11293200
2022/8/9,166.51,166.51,163.45,164.85,6064800
2022/8/10,168.35,171.14,167.25,169.02,7181700
2022/8/11,170.50,171.76,167.05,167.88,4996800
2022/8/12,168.39,170.11,167.57,169.99,4345200
2022/8/15,169.29,172.55,168.32,170.47,4734700
2022/8/16,170.00,173.85,169.15,172.08,5259600
2022/8/17,169.61,169.85,166.09,167.20,6533500
2022/8/18,167.20,169.18,165.77,168.69,4404600
2022/8/19,166.33,166.84,162.58,162.92,5736100
2022/8/22,159.40,160.27,157.91,158.98,5312300
2022/8/23,159.14,161.69,159.08,160.07,3425200
2022/8/24,162.27,164.14,161.38,163.60,4211300
2022/8/25,164.56,169.65,163.70,169.38,4949400
2022/8/26,170.00,171.37,164.27,164.53,4957400
2022/8/29,162.28,166.90,162.20,165.42,4727600
2022/8/30,167.27,169.92,160.72,162.21,6248600
2022/8/31,163.00,163.55,160.14,160.25,4123500
2022/9/1,158.00,158.90,150.82,153.66,7652000
2022/9/2,155.19,156.99,151.48,151.82,5262800
2022/9/5,155.19,156.99,151.48,151.82,5262800
2022/9/6,152.39,154.48,150.46,152.39,5210500
2022/9/7,151.26,156.35,150.87,155.95,5298600
2022/9/8,155.00,158.30,153.84,157.79,4949100
2022/9/9,158.00,159.75,156.95,157.52,5775800
2022/9/12,158.46,160.97,157.45,158.72,5363100
2022/9/13,153.60,155.19,147.13,147.31,8724900
2022/9/14,146.90,149.70,144.30,149.26,8478000
2022/9/15,147.88,153.45,147.28,149.78,9792800
2022/9/16,145.23,145.63,141.35,144.29,10310700
2022/9/19,142.62,146.99,142.35,144.88,5150700
2022/9/20,145.26,147.67,143.90,145.94,6737600
2022/9/21,146.77,149.87,143.21,143.29,6244300
2022/9/22,143.13,143.70,138.29,138.71,6311800
2022/9/23,135.65,136.19,129.50,131.26,8927900
2022/9/26,129.77,132.45,126.88,127.34,7095100
2022/9/27,129.32,130.45,125.60,127.51,6682300
2022/9/28,128.04,133.89,127.40,133.44,10257200
2022/9/29,131.20,131.61,123.80,125.33,8905400
2022/9/30,123.14,125.48,120.99,121.08,8383000
2022/10/3,122.00,127.15,121.02,126.05,7962400
2022/10/4,129.40,133.57,129.33,133.51,7235700
2022/10/5,130.28,133.55,128.26,132.11,6268300
2022/10/6,131.13,133.31,129.74,132.20,4454700
2022/10/7,130.36,130.61,128.02,129.79,5097400
2022/10/10,131.42,135.74,130.20,131.90,6829900
2022/10/11,132.96,135.36,129.51,131.57,8508400
2022/10/12,128.43,131.34,127.86,130.42,6393000
2022/10/13,126.50,134.70,124.17,132.40,7842300
2022/10/14,135.59,136.41,131.37,133.15,6093900
2022/10/17,136.98,137.28,133.26,136.09,9073500
2022/10/18,139.00,139.42,135.22,137.34,6146300
2022/10/19,137.17,141.20,136.63,138.39,6321900
2022/10/20,138.36,141.88,138.36,139.13,4331700
2022/10/21,138.48,141.33,136.62,141.32,5451300
2022/10/24,142.85,142.88,139.28,142.05,5177800
2022/10/25,142.09,146.88,141.88,146.65,6515600
2022/10/26,147.05,150.14,132.21,133.79,29406500
2022/10/27,137.10,143.10,136.62,139.76,13754900
2022/10/28,141.16,144.73,139.93,143.84,7941100
2022/10/31,141.88,144.45,139.52,142.51,6212200
2022/11/1,143.99,145.25,141.84,143.38,5758600
2022/11/2,142.12,153.59,141.54,147.41,20236100
2022/11/3,148.79,158.69,147.50,156.75,16212600
2022/11/4,156.66,160.98,154.50,160.01,9396200
2022/11/7,161.40,166.70,160.63,164.91,10220300
2022/11/8,166.00,170.55,164.91,169.62,11274500
2022/11/9,169.29,171.62,166.86,168.74,8893800
2022/11/10,172.14,179.32,171.75,177.58,12375000
2022/11/11,176.40,178.03,172.99,177.49,8894300
2022/11/14,176.50,178.19,173.50,173.55,5598300
2022/11/15,175.49,176.69,172.75,175.35,7207900
2022/11/16,174.11,174.79,171.85,172.69,4438600
2022/11/17,169.30,173.15,168.52,172.78,4878600
2022/11/18,173.98,175.19,171.53,173.89,4693200
2022/11/21,172.53,174.72,171.12,172.94,3501800
2022/11/22,173.65,174.99,171.00,172.50,4370600
2022/11/23,172.09,175.00,171.77,174.85,3523500
2022/11/24,172.09,175.00,171.77,174.85,3523500
2022/11/25,174.35,178.46,174.03,178.36,3476900
2022/11/28,176.17,177.14,171.70,171.83,5355500
2022/11/29,172.88,175.95,172.56,175.32,5077800
2022/11/30,178.00,179.98,174.20,178.88,6778700
2022/12/1,178.88,179.70,174.69,175.78,4517500
2022/12/2,173.12,183.45,172.85,182.87,10563800
2022/12/5,182.00,188.45,180.80,185.10,10456300
2022/12/6,184.01,184.79,177.01,178.43,8236900
2022/12/7,176.28,178.43,174.62,176.50,5871200
2022/12/8,179.32,184.88,178.61,179.08,6707700
2022/12/9,180.75,183.89,179.25,179.54,6359000
2022/12/12,180.80,186.69,180.50,186.27,8098400
2022/12/13,191.11,191.11,184.85,187.13,10975300
2022/12/14,187.33,189.67,185.41,188.25,5814900
2022/12/15,186.25,187.98,181.28,183.72,5343200
2022/12/16,182.79,186.61,181.30,184.70,7906800
2022/12/19,184.92,188.04,184.71,185.68,6605400
2022/12/20,186.18,189.91,185.74,188.29,6156800
2022/12/21,190.04,196.40,189.72,196.00,9175400
2022/12/22,193.82,194.17,185.67,188.25,6924800
2022/12/23,188.25,189.43,184.72,189.06,3983600
2022/12/26,188.25,189.43,184.72,189.06,3983600
2022/12/27,189.58,192.44,187.62,189.40,5014800
2022/12/28,189.32,191.32,187.43,188.38,4426300
2022/12/29,189.00,190.25,186.19,188.91,4518900
2022/12/30,187.50,190.65,187.04,190.49,4007400
2023/1/2,187.50,190.65,187.04,190.49,4007400
2023/1/3,192.95,197.18,192.40,195.39,8624600
2023/1/4,195.18,203.76,195.18,203.64,9746900
2023/1/5,201.72,204.99,200.78,204.99,6913300
2023/1/6,205.30,213.04,203.55,213.00,11256400
2023/1/9,212.36,213.88,207.91,208.57,9005600
2023/1/10,203.90,209.60,203.46,206.69,8183200
2023/1/11,209.87,210.47,206.69,208.03,7190700
2023/1/12,209.58,214.92,207.37,214.32,8208100
2023/1/13,212.00,216.64,211.58,214.13,6213200
2023/1/16,212.00,216.64,211.58,214.13,6213200
2023/1/17,212.71,213.34,209.07,211.41,6150700
2023/1/18,212.90,213.42,209.20,209.41,5403100
2023/1/19,206.77,209.67,204.82,207.09,5813500
2023/1/20,207.47,207.99,204.78,206.76,5475400
2023/1/23,208.36,211.09,206.99,209.97,5481900
2023/1/24,205.00,212.15,205.00,211.98,4753700
2023/1/25,205.80,214.75,203.11,212.68,16106500
2023/1/26,213.48,213.79,207.20,212.73,7288100
2023/1/27,211.32,212.88,209.42,211.17,5237900
2023/1/30,209.19,211.36,207.71,209.67,6066800
2023/1/31,210.15,213.11,208.24,213.00,5163000
2023/2/1,212.11,218.97,211.90,214.75,8462100
2023/2/2,215.15,215.29,208.30,209.34,6513400
2023/2/3,207.71,210.75,205.62,206.01,5400300
2023/2/6,205.19,208.21,203.69,206.81,3903000
2023/2/7,208.04,215.15,206.92,214.76,7311200
2023/2/8,213.07,215.77,211.78,213.50,4229800
2023/2/9,214.46,215.45,210.06,211.99,5018900
2023/2/10,212.01,214.50,210.50,212.89,4862900
2023/2/13,213.60,216.36,211.50,215.65,5193300
2023/2/14,214.02,221.33,213.15,218.45,10033100
2023/2/15,217.16,218.25,214.60,217.44,4846800
2023/2/16,215.00,216.52,212.17,212.21,4388000
2023/2/17,211.21,211.76,207.62,211.66,4985700
2023/2/20,211.21,211.76,207.62,211.66,4985700
2023/2/21,208.99,210.84,205.05,205.52,4663800
2023/2/22,205.31,207.67,204.65,205.76,2920000
2023/2/23,207.45,209.69,205.76,208.13,4139400
2023/2/24,200.00,201.70,197.36,198.15,9658700
2023/2/27,199.87,203.13,199.06,200.46,4318900
2023/2/28,201.00,202.38,199.32,201.55,3589900
2023/3/1,201.47,205.44,200.85,204.55,4402300
2023/3/2,203.78,210.33,203.15,210.06,5451500
2023/3/3,210.25,216.12,209.40,215.11,7496800
2023/3/6,214.12,214.75,209.60,211.92,7004400
2023/3/7,211.31,213.18,207.78,207.92,4619700
2023/3/8,208.25,208.88,205.94,207.20,2406900
2023/3/9,208.32,209.02,200.30,201.24,4284000
2023/3/10,201.43,205.00,197.79,203.07,8547100
2023/3/13,200.20,207.08,197.11,203.37,6671200
2023/3/14,207.53,213.56,205.00,207.28,8245700
2023/3/15,201.92,202.21,192.41,198.21,10894200
2023/3/16,196.21,203.91,194.43,203.19,6747300
2023/3/17,201.35,202.83,199.00,201.05,9858900
2023/3/20,201.12,205.87,200.87,204.77,4764000
2023/3/21,207.30,207.86,203.89,204.70,4673300
2023/3/22,203.68,203.83,196.01,196.16,7311600
2023/3/23,197.90,201.50,195.14,197.90,6266900
2023/3/24,195.50,197.57,193.92,197.53,4511600
2023/3/27,198.63,201.55,198.63,200.57,3891700
2023/3/28,200.82,206.30,200.49,204.96,5460600
2023/3/29,206.50,208.65,205.88,207.97,3572200
2023/3/30,208.97,212.87,206.52,211.04,6583400
2023/3/31,211.75,214.80,211.39,212.43,5147500
2023/4/3,212.80,218.57,212.53,215.39,6085900
2023/4/4,212.00,213.99,209.12,213.90,6192300
2023/4/5,212.23,214.23,208.67,210.00,4138400
2023/4/6,210.00,212.37,208.22,211.37,5618100
2023/4/7,210.00,212.37,208.22,211.37,5618100
2023/4/10,211.00,214.10,209.73,210.78,3729300
2023/4/11,213.29,214.50,211.86,212.32,5277500
2023/4/12,213.66,214.30,210.13,212.34,4600300
2023/4/13,213.00,213.68,211.50,213.59,4501600
2023/4/14,202.59,204.28,198.15,201.71,19066500
2023/4/17,202.00,206.10,200.80,205.03,6306800
2023/4/18,205.50,208.94,203.72,208.37,7445800
2023/4/19,207.12,210.87,206.94,208.71,4757400
2023/4/20,207.42,209.88,206.08,207.23,3322900
2023/4/21,208.00,208.38,204.18,205.15,3432300
2023/4/24,204.87,206.50,203.25,205.77,3058900
2023/4/25,204.54,204.94,201.12,202.19,4699500
2023/4/26,208.25,211.70,202.68,203.03,9137200
2023/4/27,204.65,209.09,203.53,206.04,5105200
2023/4/28,204.51,206.95,202.90,206.78,3716100
2023/5/1,206.25,208.52,203.62,203.87,3776800
2023/5/2,203.00,204.19,200.09,203.25,3970800
2023/5/3,204.36,206.10,200.55,200.93,4537900
2023/5/4,200.65,201.25,193.27,197.05,6934100
2023/5/5,198.09,199.04,196.76,198.34,3872200
2023/5/8,199.16,199.66,196.40,197.26,4677400
2023/5/9,201.21,204.61,198.78,201.88,9329500
2023/5/10,203.14,203.20,198.25,200.84,3923700
2023/5/11,199.39,202.55,198.07,201.84,3322000
2023/5/12,201.84,203.11,198.82,200.70,3169800
2023/5/15,200.01,203.32,198.65,202.77,2842700
2023/5/16,201.82,202.36,199.94,200.87,3012100
2023/5/17,202.71,208.58,202.71,206.87,6641900
2023/5/18,206.45,208.17,204.01,207.24,4349700
2023/5/19,208.11,208.37,204.63,205.49,3896200
2023/5/22,205.51,206.98,203.90,205.91,3094300
2023/5/23,204.58,207.49,202.45,202.60,4011100
2023/5/24,201.32,201.32,197.50,199.27,4371600
2023/5/25,199.99,201.75,196.60,200.87,3909200
2023/5/26,201.60,204.80,201.18,203.63,3820300
2023/5/29,201.60,204.80,201.18,203.63,3820300
2023/5/30,204.09,207.80,203.31,204.69,3978200
2023/5/31,203.50,206.19,200.91,205.70,5461600
2023/6/1,206.46,210.23,206.00,207.96,5125100
2023/6/2,210.00,215.24,210.00,213.32,7486300
2023/6/5,213.28,213.28,207.50,208.78,4996800
2023/6/6,208.37,211.68,200.61,207.29,10957200
2023/6/7,207.99,212.38,207.20,211.93,6462400
2023/6/8,212.34,220.00,212.05,218.11,9359300
2023/6/9,217.99,219.16,215.69,217.31,5297800
2023/6/12,217.16,223.91,216.63,221.56,8065400
2023/6/13,222.35,223.12,219.35,220.38,5881000
2023/6/14,221.40,221.59,216.03,216.90,5629100
2023/6/15,217.17,220.61,215.31,219.41,5001400
2023/6/16,220.72,223.87,218.98,219.99,7803900
2023/6/19,220.72,223.87,218.98,219.99,7803900
2023/6/20,218.89,219.29,211.88,212.37,8226400
2023/6/21,211.83,212.99,209.39,212.08,5356400
2023/6/22,205.61,208.50,203.65,205.61,7057500
2023/6/23,204.02,205.61,202.55,205.41,6338200
2023/6/26,206.11,207.09,204.66,205.58,3444900
2023/6/27,206.15,209.66,206.08,209.43,4465500
2023/6/28,211.21,212.19,209.45,210.72,4276100
2023/6/29,211.12,213.22,210.23,211.83,3443600
2023/6/30,213.14,213.24,209.38,211.16,5488700
2023/7/3,210.50,212.17,210.24,210.92,2143000
2023/7/4,210.50,212.17,210.24,210.92,2143000
2023/7/5,210.00,214.28,207.89,213.31,4921000
2023/7/6,212.48,213.61,209.58,212.62,4674700
2023/7/7,212.94,215.66,211.83,212.10,4893600
2023/7/10,211.84,213.59,211.22,213.31,3497100
2023/7/11,212.92,218.98,211.35,218.76,7451400
2023/7/12,219.51,221.56,216.92,217.11,5123200
2023/7/13,218.13,218.90,216.30,216.85,4291700
2023/7/14,217.00,217.02,212.81,213.12,4294800
2023/7/17,212.50,214.23,211.74,211.87,3621500
2023/7/18,211.00,213.04,209.57,211.57,5895800
2023/7/19,211.12,211.87,208.24,208.60,4814100
2023/7/20,208.83,215.10,208.80,213.61,5782200
2023/7/21,213.89,215.60,211.64,211.80,4056800
2023/7/24,212.06,215.94,211.46,215.87,4898300
2023/7/25,214.20,214.82,210.81,214.12,6513300
2023/7/26,222.16,233.09,221.77,232.80,24923800
2023/7/27,235.25,238.67,231.83,233.75,12018300
2023/7/28,236.12,240.13,235.70,238.69,7054600
2023/7/31,238.99,239.07,236.21,238.85,4894900
2023/8/1,237.55,243.10,237.31,238.01,4975200
2023/8/2,234.99,236.68,230.69,231.38,5326700
2023/8/3,231.00,233.58,230.40,231.36,3282900
2023/8/4,232.29,234.91,230.08,231.36,3500700
2023/8/7,232.74,238.98,232.74,238.25,6068000
2023/8/8,236.52,240.73,236.00,238.04,5149200
2023/8/9,238.54,241.24,236.41,237.86,4044400
2023/8/10,238.45,241.58,237.04,238.26,3710800
2023/8/11,237.61,238.26,235.12,235.72,2652100
2023/8/14,237.00,238.65,235.75,236.71,2486300
2023/8/15,235.00,235.56,231.54,232.26,3201900
2023/8/16,231.50,234.67,229.60,229.95,2273300
2023/8/17,230.57,231.64,224.26,224.54,4359400
2023/8/18,222.23,226.79,221.68,226.65,3583200
2023/8/21,226.80,227.69,225.10,227.22,2734600
2023/8/22,228.08,230.48,226.93,230.07,3011000
2023/8/23,230.00,230.54,227.11,228.58,3004500
2023/8/24,222.51,224.20,217.09,217.31,9132600
2023/8/25,218.41,223.77,212.88,223.41,12352300
2023/8/28,224.21,227.45,223.29,227.06,4641800
2023/8/29,225.88,229.40,225.66,227.25,3716700
2023/8/30,227.08,231.17,226.65,228.85,3328300
2023/8/31,229.33,230.43,222.93,224.03,6953800
2023/9/1,226.00,226.23,221.95,223.40,3658400
2023/9/4,226.00,226.23,221.95,223.40,3658400
2023/9/5,223.10,224.09,221.20,222.57,3246500
2023/9/6,221.77,222.79,216.42,217.95,4233500
2023/9/7,217.50,220.55,214.86,216.05,4929600
2023/9/8,215.83,216.00,210.51,211.27,5752000
2023/9/11,213.76,214.20,208.77,211.01,4522300
2023/9/12,209.35,212.26,208.58,210.65,3256500
2023/9/13,210.00,212.18,207.75,208.40,3538100
2023/9/14,209.14,210.44,208.10,209.05,3974800
2023/9/15,209.28,209.83,206.88,208.11,4670600
2023/9/18,207.91,207.91,204.98,205.12,4299200
2023/9/19,205.40,205.66,202.39,204.48,4039900
2023/9/20,205.87,206.25,202.31,202.37,3738800
2023/9/21,201.00,203.60,199.71,199.95,4745700
2023/9/22,199.96,200.74,197.14,197.71,4450900
2023/9/25,196.84,198.98,195.19,198.78,3527100
2023/9/26,197.79,199.39,195.42,195.64,3666300
2023/9/27,196.01,196.40,192.77,195.46,4015500
2023/9/28,193.70,195.26,190.03,190.43,8009500
2023/9/29,191.92,192.95,190.17,191.68,5158400
2023/10/2,191.47,192.44,186.93,187.83,5244700
2023/10/3,188.63,192.49,188.20,188.92,7285500
2023/10/4,188.85,190.63,184.34,186.73,7419800
2023/10/5,186.16,188.10,184.14,186.29,4331700
2023/10/6,185.37,188.64,182.55,187.38,5364300
2023/10/9,188.00,189.49,185.68,188.49,4575800
2023/10/10,190.01,194.30,188.76,193.53,8062400
2023/10/11,195.47,199.62,194.27,196.07,7394000
2023/10/12,195.10,195.70,189.96,191.30,5668300
2023/10/13,186.27,187.29,183.18,184.91,8215700
2023/10/16,185.91,186.23,182.50,184.93,4701000
2023/10/17,183.75,188.33,183.30,185.60,5121800
2023/10/18,187.22,190.25,185.05,185.69,6268100
2023/10/19,185.50,187.05,182.54,182.79,4043700
2023/10/20,182.68,183.39,179.85,180.04,4523500
2023/10/23,179.44,183.72,178.43,181.03,4146200
2023/10/24,183.21,184.35,181.80,182.36,4652900
2023/10/25,186.00,187.00,176.25,177.73,13806400
2023/10/26,177.11,182.95,176.53,179.09,6961800
2023/10/27,180.00,182.33,179.01,179.69,4606300
2023/10/30,179.42,184.16,179.42,182.35,5507100
2023/10/31,183.38,187.29,181.32,186.82,5043000
2023/11/1,189.69,190.78,187.50,189.38,5832200
2023/11/2,190.90,192.94,190.34,192.01,4313000
2023/11/3,194.00,197.14,193.71,195.05,4485100
2023/11/6,195.88,196.15,192.46,192.95,4222200
2023/11/7,192.17,192.17,189.57,191.41,4012900
2023/11/8,191.45,192.44,190.14,191.83,2984200
2023/11/9,193.03,197.07,192.56,193.33,4576300
2023/11/10,195.00,197.26,194.21,196.65,4788500
2023/11/13,203.49,206.85,202.51,204.54,13040300
2023/11/14,207.25,208.56,205.98,207.47,7280100
2023/11/15,208.21,211.09,207.60,208.71,5205900
2023/11/16,207.50,207.89,204.81,206.60,4655100
2023/11/17,208.36,209.42,206.82,208.04,3564600
2023/11/20,211.01,218.88,210.94,217.71,11568100
2023/11/21,216.50,219.38,216.07,218.27,5362100
2023/11/22,218.00,221.50,217.70,219.91,5384400
2023/11/23,218.00,221.50,217.70,219.91,5384400
2023/11/24,220.61,221.59,218.96,220.00,2312100
2023/11/27,218.81,219.53,217.66,219.30,3691200
2023/11/28,222.01,224.80,219.41,222.37,7817800
2023/11/29,223.35,224.99,221.34,224.43,5424400
2023/11/30,225.00,233.00,225.00,231.63,8736200
2023/12/1,231.77,235.38,231.38,233.87,6956200
2023/12/4,231.30,234.94,230.07,234.87,5228500
2023/12/5,233.54,234.74,231.49,234.16,3589800
2023/12/6,234.78,239.23,234.43,236.89,4740600
2023/12/7,236.90,238.30,230.00,237.33,6363700
2023/12/8,237.32,244.70,237.32,244.70,7171200
2023/12/11,243.50,248.08,243.31,248.08,7545000
2023/12/12,247.95,250.57,247.40,248.63,5719200
2023/12/13,249.10,251.87,247.53,250.91,5513400
2023/12/14,250.91,257.12,249.26,256.24,7883600
2023/12/15,255.70,265.52,255.70,264.27,14995900
2023/12/18,260.63,263.13,260.25,260.41,6140100
2023/12/19,261.04,265.34,260.80,263.51,6089500
2023/12/20,262.25,266.13,260.15,260.25,5151700
2023/12/21,265.95,267.54,260.19,262.02,6487200
2023/12/22,261.83,262.84,259.20,260.44,4434000
2023/12/25,261.83,262.84,259.20,260.44,4434000
2023/12/26,259.80,263.76,259.54,262.79,3938600
2023/12/27,262.63,264.66,260.90,262.10,3484900
2023/12/28,261.53,262.10,257.68,260.35,5096400
2023/12/29,260.67,262.22,259.56,260.66,3686600
2024/1/1,260.67,262.22,259.56,260.66,3686600
2024/1/2,257.28,258.59,250.87,251.76,5815200
2024/1/3,248.32,250.13,243.00,243.91,7219900
2024/1/4,244.58,248.28,244.18,244.94,5170700
2024/1/5,245.04,250.19,245.04,249.00,3849700
2024/1/8,228.00,233.85,225.79,229.00,40730400
2024/1/9,225.66,228.79,223.20,225.76,20687500
2024/1/10,226.90,231.61,226.64,227.84,12883700
2024/1/11,228.07,228.28,222.62,222.66,11830500
2024/1/12,219.97,222.07,217.04,217.70,11285500
2024/1/15,219.97,222.07,217.04,217.70,11285500
2024/1/16,210.07,210.98,199.50,200.52,35290000
2024/1/17,202.63,206.30,201.65,203.06,20140100
2024/1/18,205.64,213.04,203.32,211.61,20046800
2024/1/19,210.89,215.16,209.23,215.02,14345400
2024/1/22,213.07,217.00,212.36,214.93,10760800
2024/1/23,215.35,216.85,211.13,211.50,9076900
2024/1/24,209.83,217.59,209.36,214.13,15119100
2024/1/25,208.20,208.73,198.32,201.88,22112500
2024/1/26,203.08,206.75,203.00,205.47,9911200
2024/1/29,206.06,207.04,203.85,205.19,7535400
2024/1/30,203.65,203.98,199.14,200.44,13321200
2024/1/31,204.92,213.77,203.25,211.04,22409400
2024/2/1,213.84,214.63,206.81,209.81,10679200
2024/2/2,209.06,209.54,206.35,209.38,6275300
2024/2/5,204.64,207.34,202.00,206.63,8682500
2024/2/6,206.02,210.64,203.89,208.58,7556900
2024/2/7,208.76,213.77,207.99,211.92,7747700
2024/2/8,212.40,213.10,208.72,209.22,5787700
2024/2/9,209.77,211.44,207.90,209.20,4349700
2024/2/12,208.70,209.80,207.60,209.33,4077400
2024/2/13,206.90,207.81,202.33,204.46,8263600
2024/2/14,205.95,206.58,202.21,203.38,6503000
2024/2/15,204.12,206.55,203.40,205.33,5309100
2024/2/16,204.88,205.05,202.81,203.89,5986500
2024/2/19,204.88,205.05,202.81,203.89,5986500
2024/2/20,203.55,205.58,202.71,203.37,5248400
2024/2/21,202.90,203.63,201.21,201.57,4171600
2024/2/22,202.00,204.10,200.40,201.50,6513500
2024/2/23,200.99,202.07,197.15,200.83,7433400
2024/2/26,201.01,202.75,200.00,200.54,4807200
2024/2/27,200.93,202.00,200.04,201.40,3932900
2024/2/28,201.14,208.10,200.18,207.00,9654700
2024/2/29,206.44,206.62,202.70,203.72,6670300
2024/3/1,204.00,205.06,199.01,200.00,11609500
2024/3/4,199.50,201.54,196.92,200.54,7213900
2024/3/5,199.49,202.85,198.70,201.14,5034700
2024/3/6,201.77,202.35,199.86,201.00,4736600
2024/3/7,200.70,203.73,200.57,203.03,5965300
2024/3/8,201.84,203.80,198.46,198.49,9010200
2024/3/11,194.21,196.07,189.80,192.49,14160600
2024/3/12,188.24,188.58,183.16,184.24,18714800
2024/3/13,183.16,185.97,182.08,182.35,10196100
2024/3/14,182.00,184.94,180.52,181.15,10016200
2024/3/15,180.99,184.18,180.91,182.53,10800700
2024/3/18,180.26,181.19,177.52,179.84,9497800
2024/3/19,180.11,181.86,179.74,181.14,7648000
2024/3/20,178.99,188.30,178.60,187.78,12770000
2024/3/21,189.79,190.38,187.55,187.70,7436400
2024/3/22,188.75,192.94,188.19,188.85,7827000
2024/3/25,196.01,196.18,189.50,191.41,12953000
2024/3/26,192.02,192.03,186.81,187.50,8972200
2024/3/27,188.84,191.99,188.33,191.95,7372800
2024/3/28,192.00,193.38,191.20,192.99,4471700
2024/3/29,192.00,193.38,191.20,192.99,4471700
2024/4/1,192.24,192.87,189.03,189.50,5107800
2024/4/2,189.00,189.23,187.13,188.04,4477200
2024/4/3,187.68,188.78,184.27,184.92,6609300
2024/4/4,185.93,188.00,182.81,183.29,6513800
2024/4/5,184.16,184.66,182.44,183.14,4130400
2024/4/8,182.14,184.55,181.49,181.56,6176400
2024/4/9,181.51,183.05,176.57,178.12,11427800
2024/4/10,176.31,178.10,172.44,174.63,9727700
2024/4/11,174.47,174.70,171.38,173.36,7625100
2024/4/12,172.20,173.24,169.37,169.55,7568300
2024/4/15,170.74,171.18,167.53,167.82,6490700
2024/4/16,168.14,170.64,167.75,170.55,7986700
2024/4/17,170.00,170.85,168.12,170.21,8162600
2024/4/18,169.48,172.04,169.10,170.23,5123000
2024/4/19,170.00,172.00,169.65,169.82,4693900
2024/4/22,169.82,172.15,168.16,170.48,4724900
2024/4/23,170.95,171.18,168.43,169.18,7632100
2024/4/24,176.50,177.64,162.74,164.33,20889300
2024/4/25,163.59,168.13,159.70,166.81,12504700
2024/4/26,165.98,168.65,164.93,167.22,7208100
2024/4/29,167.90,173.81,167.55,173.49,7788600
2024/4/30,171.49,174.07,167.76,167.84,8248800
2024/5/1,167.50,173.86,167.50,171.46,6191900
2024/5/2,173.00,178.90,172.25,178.85,10223700
2024/5/3,179.59,180.49,177.90,179.79,5416300
2024/5/6,180.88,183.98,174.71,178.35,11913400
2024/5/7,177.22,178.35,176.13,176.71,5097500
2024/5/8,175.95,181.66,175.95,180.35,4956800
2024/5/9,179.55,181.75,179.31,181.25,5107400
2024/5/10,181.25,181.88,177.92,178.51,3715500
2024/5/13,179.04,180.75,178.07,178.44,3105200
2024/5/14,180.23,183.66,179.63,180.76,4686500
2024/5/15,180.14,180.67,176.17,176.99,5858900
2024/5/16,177.60,183.76,177.25,182.96,6993200
2024/5/17,183.25,185.38,181.22,184.95,5562400
2024/5/20,184.65,188.63,184.01,186.61,6228600
2024/5/21,185.30,186.39,183.11,184.78,4349100
2024/5/22,184.60,186.82,183.41,186.28,3785400
2024/5/23,185.79,186.00,171.61,172.21,17116000
2024/5/24,173.20,174.86,169.57,174.52,9489400
2024/5/27,173.20,174.86,169.57,174.52,9489400
2024/5/28,174.73,178.49,173.38,175.08,5274400
2024/5/29,173.61,175.83,171.61,171.65,3666400
2024/5/30,172.64,174.68,171.55,172.75,3924700
2024/5/31,173.12,177.90,172.21,177.61,5774500
2024/6/3,178.09,186.01,178.02,184.57,8951600
2024/6/4,185.05,188.84,183.25,188.62,7176800
2024/6/5,187.90,190.34,186.53,189.85,5944000
2024/6/6,188.83,192.10,187.35,191.42,5942200
2024/6/7,190.46,191.98,189.66,190.24,3374500
2024/6/10,190.00,192.63,189.60,190.12,4385000
2024/6/11,189.32,189.32,182.75,185.50,5010100
2024/6/12,186.50,187.16,181.71,182.67,5245200
2024/6/13,181.74,183.87,178.99,180.70,4201000
2024/6/14,178.90,180.29,175.22,177.27,5106000
2024/6/17,176.75,180.45,176.32,178.39,4790000
2024/6/18,177.61,178.00,173.82,174.99,6179900
2024/6/19,177.61,178.00,173.82,174.99,6179900
2024/6/20,173.02,176.65,172.05,176.30,5479300
2024/6/21,176.83,178.41,175.66,176.56,8628200
2024/6/24,176.15,180.60,175.59,179.10,7388300
2024/6/25,176.29,178.76,173.29,175.10,7434000
2024/6/26,174.96,178.82,173.76,178.50,6553900
2024/6/27,178.91,183.68,178.01,182.51,8199000
2024/6/28,182.60,184.44,180.65,182.01,5899900
2024/7/1,182.20,189.47,182.20,186.70,9056700
2024/7/2,186.34,189.23,184.52,185.42,4110500
2024/7/3,185.05,185.42,182.85,184.31,2764800
2024/7/4,185.05,185.42,182.85,184.31,2764800
2024/7/5,184.00,185.38,182.23,184.83,3290400
2024/7/8,186.94,191.50,182.28,185.84,9878100
2024/7/9,185.11,186.25,183.15,183.24,3942900
2024/7/10,183.60,184.90,182.80,183.73,3583200
2024/7/11,184.17,186.10,183.40,183.91,4840600
2024/7/12,183.73,184.49,180.45,182.31,5129300
2024/7/15,183.50,183.72,178.88,179.11,5189000
2024/7/16,180.05,187.44,179.20,186.05,8546400
2024/7/17,185.32,188.45,183.79,184.84,4899600
2024/7/18,184.24,187.37,179.88,180.23,5354800
2024/7/19,181.40,181.50,177.39,179.67,5121300
2024/7/22,181.36,182.72,177.23,178.90,4883500
2024/7/23,179.10,187.04,179.00,186.48,7614300
2024/7/24,185.62,187.00,179.97,180.07,5109100
2024/7/25,179.45,188.35,179.45,184.35,6128000
2024/7/26,185.86,189.59,184.63,186.89,6272000
2024/7/29,186.70,187.08,183.83,185.43,3608600
2024/7/30,186.10,188.13,185.15,186.86,4789000
2024/7/31,189.88,196.95,183.86,190.60,15417000
2024/8/1,190.00,191.17,176.69,178.31,13887000
2024/8/2,175.22,175.46,167.25,169.95,11742800
2024/8/5,162.52,167.68,162.50,167.03,9255100
2024/8/6,168.89,169.19,163.39,165.04,5817300
2024/8/7,167.00,167.98,162.99,163.24,5186400
2024/8/8,164.23,169.35,164.00,168.87,6063800
2024/8/9,168.39,169.85,166.90,167.91,3635600
2024/8/12,167.73,168.05,163.52,164.13,4715600
2024/8/13,164.50,168.88,162.62,168.76,6475500
2024/8/14,167.89,169.75,167.33,168.50,3852700
2024/8/15,170.00,176.56,169.98,176.41,5942200
2024/8/16,176.30,180.51,176.30,179.99,6731500
2024/8/19,180.04,180.70,177.63,179.64,3894200
2024/8/20,176.49,177.50,170.04,172.10,9549100
2024/8/21,173.00,174.20,171.04,173.43,4493600
2024/8/22,173.00,175.21,172.30,172.76,2788000
2024/8/23,173.88,176.92,173.17,174.96,4405900
2024/8/26,173.00,174.92,172.30,173.48,4034300
2024/8/27,173.62,173.93,171.25,173.05,3295800
2024/8/28,172.30,174.25,170.15,170.71,4550300
2024/8/29,171.71,175.28,170.62,172.26,4119500
2024/8/30,173.14,174.36,171.49,173.74,4146200
2024/9/2,173.14,174.36,171.49,173.74,4146200
2024/9/3,167.03,169.60,158.30,161.02,17925400
2024/9/4,160.28,166.70,160.28,163.22,7316300
2024/9/5,164.15,164.62,160.10,162.15,4717500
2024/9/6,162.50,162.85,156.70,157.62,7328600
2024/9/9,162.30,164.55,161.11,162.91,9091500
2024/9/10,162.61,163.90,157.93,160.07,6367100
2024/9/11,159.79,161.87,156.10,161.33,6664800
2024/9/12,159.42,163.50,159.06,162.77,4742700
2024/9/13,159.78,162.89,155.60,156.77,19003400
2024/9/16,156.25,157.76,154.02,155.55,9955200
2024/9/17,156.17,158.88,155.14,156.39,8123200
2024/9/18,157.00,158.45,154.80,155.11,7714400
2024/9/19,157.00,157.18,154.27,154.59,9570000
2024/9/20,154.01,154.64,152.60,153.29,13919400
2024/9/23,153.00,158.43,151.65,156.30,12476800
2024/9/24,155.80,155.90,153.69,155.81,7414900
2024/9/25,156.42,157.22,152.04,152.22,9587700
2024/9/26,153.94,157.33,152.66,154.58,11414400
2024/9/27,155.37,157.33,154.39,156.32,7637000
2024/9/30,154.79,155.30,151.24,152.04,10902200
2024/10/1,151.46,156.40,149.49,154.22,12588800
2024/10/2,153.76,154.85,152.84,152.89,4357000
2024/10/3,152.12,152.74,150.51,150.52,5704800
2024/10/4,152.26,155.00,150.85,155.00,6657500
2024/10/7,155.00,158.76,154.68,155.91,6267900
2024/10/8,155.99,156.70,154.14,154.65,5336300
2024/10/9,152.05,152.19,148.80,149.37,12488500
2024/10/10,149.07,149.11,146.26,146.62,11275800
2024/10/11,146.30,151.12,146.30,151.02,10688600
2024/10/14,148.00,150.09,146.02,148.99,9737000
2024/10/15,150.50,153.95,148.55,152.35,11241700
2024/10/16,151.91,154.99,151.34,154.90,8356200
2024/10/17,155.00,157.14,154.25,155.31,6291800
2024/10/18,155.84,156.37,153.90,155.00,6030200
2024/10/21,160.25,163.44,158.36,159.82,13277600
2024/10/22,160.50,160.66,158.37,159.88,7380800
2024/10/23,160.00,161.47,153.53,157.06,15931500
2024/10/24,152.61,155.89,151.98,155.20,9774400
2024/10/25,156.20,157.48,154.52,155.01,8153000
2024/10/28,153.50,155.20,150.61,150.69,20992500
2024/10/29,147.86,155.99,147.58,152.98,66387700
2024/10/30,152.51,156.91,152.51,154.29,50738400
2024/10/31,154.31,154.48,147.88,149.31,29388200
2024/11/1,152.78,156.00,151.23,154.59,18894500
2024/11/4,154.62,156.72,152.46,155.07,10290400
2024/11/5,157.47,157.66,150.65,151.00,23126600
2024/11/6,152.30,153.20,144.13,147.16,28069300
2024/11/7,148.80,152.80,148.03,150.98,14709200
2024/11/8,151.12,152.60,149.43,151.68,12996800
2024/11/11,152.00,152.50,148.07,148.96,12799100
2024/11/12,148.40,148.50,143.85,145.17,16746700
2024/11/13,145.58,145.58,139.10,139.97,21249600
2024/11/14,140.80,141.55,137.22,138.14,15646700
2024/11/15,138.14,140.32,137.03,140.19,12120100
2024/11/18,140.26,144.69,138.20,143.87,12251600
2024/11/19,143.00,145.99,142.69,145.60,8247300
2024/11/20,146.04,147.30,145.02,146.08,9232100
2024/11/21,146.39,146.42,141.34,143.41,7845100
2024/11/22,143.61,150.34,143.49,149.29,13353100
2024/11/25,150.70,153.28,150.26,153.10,11479400
2024/11/26,152.50,153.14,149.80,150.76,8235000
2024/11/27,151.11,152.91,150.25,152.40,5210100
2024/11/28,151.11,152.91,150.25,152.40,5210100
2024/11/29,153.00,157.50,152.85,155.44,7100100
2024/12/2,155.91,160.35,155.70,156.54,10097900
2024/12/3,156.00,156.65,154.42,155.00,6130300
2024/12/4,155.88,160.20,154.21,158.28,9269300
2024/12/5,158.50,160.02,156.05,156.67,7119800
2024/12/6,157.03,158.95,153.37,153.93,8182700
2024/12/9,154.27,161.95,154.27,157.04,13540000
2024/12/10,160.00,166.68,159.42,164.10,17149200
2024/12/11,165.52,169.30,164.38,165.96,13116600
2024/12/12,168.23,168.82,165.65,167.75,10617700
2024/12/13,168.00,170.43,166.33,169.65,9754900
2024/12/16,168.09,175.20,166.10,173.17,13050700
2024/12/17,173.04,175.79,171.71,173.03,13557100
2024/12/18,173.28,177.94,171.00,172.62,15437200
2024/12/19,175.00,179.58,173.72,177.04,14777100
2024/12/20,176.86,182.00,175.31,177.35,23233700
2024/12/23,178.12,179.65,174.29,177.69,8486400
2024/12/24,177.69,180.95,177.50,179.34,4317000
2024/12/25,177.69,180.95,177.50,179.34,4317000
2024/12/26,178.98,182.57,178.33,180.38,5905700
2024/12/27,180.01,181.43,179.40,180.72,6806900
2024/12/30,173.72,178.17,170.15,176.55,18082300
2024/12/31,177.54,179.35,175.82,177.00,9748600
2025/1/1,177.54,179.35,175.82,177.00,9748600
2025/1/2,178.31,179.19,169.82,171.87,12450000
2025/1/3,171.40,173.98,169.80,169.90,10513800
2025/1/6,173.50,173.94,170.19,170.78,11133400
2025/1/7,171.17,175.02,170.80,172.51,7045000
2025/1/8,171.15,173.78,169.61,171.76,5108700
2025/1/9,171.15,173.78,169.61,171.76,5108700
2025/1/10,171.49,173.54,167.41,172.00,7556800
2025/1/13,171.18,172.50,167.91,170.57,6049600
2025/1/14,171.37,171.88,164.62,167.02,7966900
2025/1/15,169.01,169.99,165.97,166.20,6451000
2025/1/16,166.79,170.64,166.57,168.93,5812300
2025/1/17,169.80,171.77,169.45,171.09,9557100
2025/1/20,169.80,171.77,169.45,171.09,9557100
2025/1/21,172.38,177.09,171.93,175.56,8755300
2025/1/22,175.29,176.23,173.88,174.80,5134400
2025/1/23,174.01,178.67,173.75,178.50,7097300
2025/1/24,176.00,180.43,174.37,176.06,9304200
2025/1/27,175.55,178.18,174.40,175.16,7148600
2025/1/28,181.31,188.48,174.02,177.78,22768900
2025/1/29,179.13,182.55,170.65,173.66,12263500
2025/1/30,174.59,179.94,173.72,179.53,6996300
2025/1/31,180.51,181.78,175.74,176.52,6104000
2025/2/3,174.11,178.20,173.13,175.87,6501700
2025/2/4,176.90,177.45,174.25,176.23,4503600
2025/2/5,176.00,181.86,175.51,181.84,7430400
2025/2/6,182.00,185.85,182.00,184.80,6919400
2025/2/7,185.26,186.11,180.93,181.49,5392300
2025/2/10,183.12,183.55,179.90,180.55,3989100
2025/2/11,179.78,182.14,177.60,180.44,4366700
2025/2/12,178.34,186.27,178.25,186.25,7686800
2025/2/13,187.00,188.24,185.09,185.44,6846300
2025/2/14,186.75,186.82,183.58,184.42,5044700
2025/2/17,186.75,186.82,183.58,184.42,5044700
2025/2/18,185.68,188.66,184.22,184.97,6929600
2025/2/19,185.31,187.23,181.83,186.15,7264800
2025/2/20,185.58,185.80,180.11,180.88,7863000
2025/2/21,181.28,182.20,174.71,177.15,8980300
2025/2/24,177.48,183.04,176.55,179.91,8392900
2025/2/25,180.45,181.88,176.34,178.27,5613900
2025/2/26,179.49,179.49,171.83,173.04,7111700
2025/2/27,174.52,177.15,173.59,173.83,4695200
2025/2/28,174.36,176.30,173.48,174.63,5803300
2025/3/3,177.02,178.40,169.46,170.06,6045600
2025/3/4,167.37,168.38,156.69,158.90,15870200
2025/3/5,159.96,164.33,158.81,163.16,7355800
2025/3/6,161.42,162.69,157.94,158.43,6892600
2025/3/7,157.19,158.36,149.05,154.18,12526700
2025/3/10,150.03,150.39,146.30,148.15,10204000
2025/3/11,148.00,155.01,145.45,154.06,10030500
2025/3/12,157.00,159.54,153.61,158.80,8706900
2025/3/13,159.22,161.74,157.25,159.32,5701600
2025/3/14,160.92,162.32,159.20,161.81,5215100
2025/3/17,160.50,162.77,159.62,161.85,5602700
2025/3/18,161.44,162.23,158.79,161.57,4195200
2025/3/19,165.32,174.20,165.00,172.62,14114800
2025/3/20,171.14,173.10,170.31,172.83,4934400
2025/3/21,172.06,183.46,170.77,178.11,26802400
2025/3/24,182.03,184.40,180.44,180.90,9986100
2025/3/25,182.16,183.85,180.36,182.59,7174400
2025/3/26,182.53,183.23,177.28,178.55,6615900
2025/3/27,178.53,182.22,178.03,179.11,4788600
2025/3/28,177.75,178.50,172.45,173.31,8211100
2025/3/31,170.65,172.21,166.79,170.55,7477500
2025/4/1,170.00,170.98,164.22,168.17,8252800
2025/4/2,166.40,170.38,165.55,168.56,5826600
2025/4/3,160.00,160.21,150.41,150.91,15877400
2025/4/4,143.30,146.00,132.79,136.59,22282000
2025/4/7,132.05,143.97,128.88,138.86,18825000
2025/4/8,146.85,147.77,137.40,139.39,14527900
2025/4/9,138.85,162.43,137.94,160.82,16775200
2025/4/10,154.98,157.35,149.41,155.52,10375000
2025/4/11,154.62,157.59,152.00,156.84,8810700
2025/4/14,159.82,162.55,157.60,159.28,7288700
2025/4/15,155.28,159.12,155.28,155.52,11541100
2025/4/16,154.37,157.66,153.54,156.47,6809600
2025/4/17,157.13,163.90,157.00,161.90,9227300
2025/4/18,157.13,163.90,157.00,161.90,9227300
2025/4/21,160.00,160.00,156.47,159.34,5703800
2025/4/22,162.50,163.09,158.50,162.52,9147300
2025/4/23,174.00,176.58,169.91,172.37,16264700
2025/4/24,171.20,177.40,169.00,176.26,10984200
2025/4/25,176.50,180.33,175.86,177.95,7644200
2025/4/28,182.75,184.53,180.75,182.30,9302600
2025/4/29,182.52,184.25,181.20,182.00,6795000
2025/4/30,178.47,183.79,177.63,183.24,6266800
2025/5/1,182.85,184.75,182.03,182.89,7322900
2025/5/2,185.00,187.58,184.08,185.46,8695900
2025/5/5,184.39,187.58,184.39,186.46,5413700
2025/5/6,184.71,186.20,183.63,185.96,4948000
2025/5/7,185.00,186.72,183.50,185.56,6094800
2025/5/8,186.76,194.75,186.22,191.70,15344100
2025/5/9,193.55,195.30,192.18,194.85,7669900
2025/5/12,198.16,198.78,193.06,198.53,9340700
2025/5/13,200.30,205.73,199.67,203.42,13509500
2025/5/14,205.80,209.66,204.05,204.72,16872300
2025/5/15,207.35,208.60,205.42,206.24,9583900
2025/5/16,205.69,206.24,203.02,205.82,8496800
2025/5/19,203.00,205.60,202.30,205.25,5740200
2025/5/20,205.00,208.62,205.00,207.67,5876000
2025/5/21,206.60,207.12,202.43,203.21,6616300
2025/5/22,202.53,204.73,201.85,203.41,3634500
2025/5/23,199.95,203.20,198.75,202.36,5255200
2025/5/26,199.95,203.20,198.75,202.36,5255200
2025/5/27,204.28,205.00,200.88,201.03,5857900
2025/5/28,201.95,202.45,200.22,201.50,5481500
2025/5/29,201.78,212.28,201.50,208.18,16334000
2025/5/30,206.77,207.70,204.35,207.32,7485100
2025/6/2,210.98,212.34,207.90,211.47,7561800
2025/6/3,212.00,215.80,211.77,213.43,8106100
2025/6/4,214.77,214.99,211.03,211.98,5705300
2025/6/5,212.50,212.99,208.22,209.02,4733800
2025/6/6,210.24,211.11,208.04,210.80,6079700
2025/6/9,211.23,218.80,211.09,217.51,9419200
2025/6/10,217.58,217.90,213.25,215.73,8190100
2025/6/11,215.50,216.21,212.21,214.00,5398800
2025/6/12,202.17,206.34,201.28,203.75,30586600
2025/6/13,200.68,202.23,195.28,200.32,16093500
2025/6/16,200.57,204.00,199.08,201.70,6902700
2025/6/17,201.31,205.31,198.87,200.26,10844600
2025/6/18,199.00,201.06,196.80,197.68,7928300
2025/6/19,199.00,201.06,196.80,197.68,7928300
2025/6/20,198.66,200.68,197.45,198.75,8934700
2025/6/23,197.83,202.20,197.47,201.31,5875200
2025/6/24,203.00,203.51,200.18,200.94,5900900
2025/6/25,201.00,201.13,198.30,198.90,4690900
2025/6/26,200.41,204.39,199.76,202.58,6931700
2025/6/27,205.11,214.81,204.38,214.55,14805400
2025/6/30,213.88,214.71,208.02,209.53,9087100
2025/7/1,209.50,211.86,206.77,209.79,5978900
2025/7/2,210.40,214.40,208.25,212.03,5870900
2025/7/3,211.79,217.68,211.67,215.92,4476100
2025/7/4,211.79,217.68,211.67,215.92,4476100
2025/7/7,215.60,218.63,214.50,218.63,5807400
2025/7/8,219.00,220.00,214.72,218.52,6769600
2025/7/9,220.12,230.20,220.01,226.60,16462300
2025/7/10,226.65,228.50,223.93,226.09,6116600
2025/7/11,225.43,228.74,225.43,226.84,6632000
2025/7/14,231.40,233.04,227.27,230.51,8750200
2025/7/15,230.12,233.61,228.42,230.00,9156800
2025/7/16,232.13,233.57,227.30,229.90,7474300
2025/7/17,230.11,232.59,227.75,231.00,7892600
2025/7/18,231.43,232.25,227.52,229.34,5974500
2025/7/21,229.40,232.50,228.02,229.32,4183300
2025/7/22,228.30,230.31,225.55,228.48,4737700
2025/7/23,230.32,235.27,229.31,233.88,7302900
2025/7/24,233.91,235.23,231.05,231.27,6160200
2025/7/25,232.02,233.31,228.84,233.06,4628500
2025/7/28,233.24,236.63,232.91,236.41,7923800
2025/7/29,239.50,242.69,225.26,226.08,20163600
2025/7/30,227.84,231.72,224.35,225.84,9354600
2025/7/31,224.02,225.00,221.15,221.84,7825000
2025/8/1,219.45,222.46,215.90,221.90,8572200
2025/8/4,220.15,222.85,218.03,222.34,5997300
2025/8/5,222.37,226.03,221.07,224.86,5687400
2025/8/6,225.70,226.57,224.04,225.04,3898800
2025/8/7,226.15,230.39,224.58,227.33,4563100
2025/8/8,227.50,230.90,227.38,229.12,4724200
2025/8/11,229.00,229.32,225.17,225.96,4872700
2025/8/12,226.95,232.61,226.46,232.61,7396400
2025/8/13,233.25,235.60,229.33,233.37,6670400
2025/8/14,231.65,233.97,230.86,233.19,5320800
2025/8/15,233.36,236.45,231.43,235.26,6291400
2025/8/18,234.47,235.16,229.11,232.41,8456000
2025/8/19,232.00,232.43,223.75,225.00,9061100
2025/8/20,224.49,226.37,223.60,225.62,5016000
2025/8/21,227.13,227.58,223.71,224.46,6101100
2025/8/22,225.41,233.70,225.24,230.12,8678400
2025/8/25,229.60,230.25,226.60,226.87,4757600
2025/8/26,228.00,234.83,227.98,234.83,7380200
2025/8/27,235.36,236.34,232.40,235.62,4757400
2025/8/28,235.85,237.35,234.50,236.16,4039600
2025/8/29,236.13,238.05,233.17,234.68,5008600
2025/9/1,236.13,238.05,233.17,234.68,5008600
2025/9/2,231.28,238.33,230.80,237.38,6339100
2025/9/3,237.06,237.06,230.76,232.38,5999000
2025/9/4,233.01,233.10,229.21,230.75,4093200
2025/9/5,231.80,232.23,225.50,229.61,8203600
2025/9/8,231.70,232.20,228.09,230.95,5955000
2025/9/9,231.01,232.28,228.45,229.52,5510400
2025/9/10,229.60,230.10,226.59,227.52,4949500
2025/9/11,228.00,229.69,219.65,219.99,12010800
2025/9/12,219.89,220.00,215.70,215.94,11094900
2025/9/15,216.25,217.26,214.07,215.75,6896200
2025/9/16,216.86,217.13,213.75,215.02,6330600
2025/9/17,215.59,218.05,213.13,214.63,6019500
2025/9/18,215.23,217.40,213.70,215.66,6414000
2025/9/19,217.73,217.73,213.62,215.65,10513700
2025/9/22,215.17,215.90,211.43,212.09,7467700
2025/9/23,217.12,219.82,214.01,216.34,12760900
2025/9/24,217.56,218.18,214.77,215.10,7354800
2025/9/25,214.87,216.86,211.98,213.53,6649300
2025/9/26,223.36,224.10,219.11,221.26,17281700
2025/9/29,222.37,222.81,215.12,217.08,11290600
2025/9/30,217.10,217.68,212.83,215.83,9289300
2025/10/1,214.01,215.63,213.70,215.20,7178000
2025/10/2,215.45,218.86,215.31,217.43,8281100
2025/10/3,216.75,218.83,215.25,216.30,6634100
2025/10/6,217.87,221.80,215.90,219.73,7665300
2025/10/7,220.11,223.95,219.20,221.82,7610600
2025/10/8,222.73,226.19,221.47,225.32,6189700
2025/10/9,225.70,225.70,215.90,216.00,12974800
2025/10/10,217.00,217.90,210.73,210.73,10647900
2025/10/13,212.09,215.80,212.06,215.56,5657300
2025/10/14,213.54,217.95,212.24,214.30,5975700
2025/10/15,215.04,215.93,212.48,214.00,5055600
2025/10/16,214.66,214.96,210.66,211.89,5555200
2025/10/17,210.91,214.68,210.75,212.94,6482700
2025/10/20,215.13,217.38,214.56,216.82,5865100
2025/10/21,217.21,217.70,215.55,217.26,4209500
2025/10/22,216.68,217.40,213.80,216.59,6310300
2025/10/23,216.40,219.30,216.25,217.77,5356200
2025/10/24,219.04,221.74,218.51,221.35,5238100
2025/10/27,222.78,223.58,221.82,223.00,6084300
2025/10/28,224.36,225.56,222.60,223.33,7027200
2025/10/29,221.36,221.90,212.50,213.58,20940100
2025/10/30,210.01,210.28,200.02,200.08,19417000
2025/10/31,201.25,202.60,198.30,201.02,10696600
2025/11/3,202.04,205.66,201.58,204.55,8103900
2025/11/4,201.80,202.22,197.57,198.05,8619600
2025/11/5,197.75,198.51,195.31,197.62,9885700
2025/11/6,198.10,201.27,195.45,196.50,7740500
2025/11/7,195.50,195.85,191.49,194.61,7869500
2025/11/10,195.89,196.44,193.19,194.81,7447400
2025/11/11,194.74,196.40,194.35,195.21,5783400
2025/11/12,195.75,196.66,193.80,195.50,8288300
2025/11/13,195.63,196.20,193.11,194.58,6739300
2025/11/14,192.88,197.03,192.15,194.52,6189800
2025/11/17,194.84,194.84,190.23,191.81,5877800
2025/11/18,190.00,191.16,187.85,189.63,8195800
2025/11/19,189.21,189.21,183.01,185.70,12550400
2025/11/20,187.74,188.10,178.42,179.38,13706400
2025/11/21,180.56,181.43,176.77,179.70,10134000
2025/11/24,180.31,180.31,177.30,179.12,9386000
2025/11/25,179.49,183.48,177.52,182.44,9676200
2025/11/26,184.00,188.18,183.03,186.92,7644500
2025/11/27,184.00,188.18,183.03,186.92,7644500
2025/11/28,187.87,189.75,186.91,189.00,3757000
2025/12/1,188.96,189.95,186.41,186.46,6763700
2025/12/2,198.30,205.78,195.51,205.38,22624000
2025/12/3,204.60,205.85,197.40,202.54,14139900
2025/12/4,202.85,202.89,198.53,201.87,9513300
2025/12/5,201.40,202.95,200.56,201.89,6857200
2025/12/8,203.61,206.86,202.56,206.27,8823900
2025/12/9,205.35,207.10,200.02,200.37,9101900
2025/12/10,200.37,201.35,198.35,198.72,15159600
2025/12/11,198.73,201.86,198.05,200.71,7917800
2025/12/12,202.20,206.12,201.58,204.38,7069700
2025/12/15,204.38,206.63,203.17,205.50,6721600
2025/12/16,205.00,208.65,204.39,206.71,6120200
2025/12/17,206.78,210.66,205.82,206.33,7301100
2025/12/18,207.99,210.55,207.66,208.27,5652100
2025/12/19,209.76,215.98,209.27,214.08,14793700
2025/12/22,215.34,217.15,214.22,216.84,5458900
2025/12/23,216.90,217.56,215.32,216.85,4496300
2025/12/24,217.00,219.27,216.19,218.16,2943500
2025/12/25,217.00,219.27,216.19,218.16,2943500
2025/12/26,218.05,218.67,216.14,216.44,2801500
2025/12/29,215.90,218.14,215.11,217.25,5292000
2025/12/30,219.14,221.88,218.40,218.50,5653500
2025/12/31,218.93,219.32,216.14,217.12,5563000
2026/1/1,218.93,219.32,216.14,217.12,5563000
2026/1/2,218.15,227.77,215.24,227.77,11261000
2026/1/5,228.79,230.96,227.50,228.13,8278800
2026/1/6,229.23,231.64,228.60,229.84,6714300
2026/1/7,232.15,233.57,227.31,228.12,9693100
2026/1/8,231.79,233.11,225.10,227.38,7126800
2026/1/9,228.34,235.14,228.30,234.53,8621600
2026/1/12,234.29,239.95,234.00,239.81,7894000
2026/1/13,241.12,247.40,240.10,244.55,11460500
2026/1/14,244.44,244.89,239.60,242.61,7748600
2026/1/15,244.38,248.75,243.97,247.74,6517200
2026/1/16,247.75,248.19,244.96,247.68,5944200
2026/1/19,247.75,248.19,244.96,247.68,5944200
2026/1/20,244.40,249.52,243.70,249.00,11293200
2026/1/21,248.89,251.31,244.68,250.07,8160700
2026/1/22,252.00,254.14,249.78,251.41,9742600
2026/1/23,252.74,253.77,249.02,252.15,7078700
2026/1/26,251.49,251.59,247.41,248.43,8469200
2026/1/27,242.50,254.35,238.75,244.56,20509200
2026/1/28,244.09,245.86,237.10,241.59,9999200
2026/1/29,242.08,243.77,233.35,234.04,9142500
2026/1/30,233.50,234.65,229.94,233.72,6916100
2026/2/2,232.64,236.29,230.33,233.02,6105300
2026/2/3,236.42,238.85,228.96,233.15,7655200
2026/2/4,233.24,236.57,229.91,235.95,7053400
2026/2/5,234.11,240.33,232.60,236.95,7377300
2026/2/6,239.40,246.30,239.40,243.03,6701200
2026/2/9,242.00,245.84,240.50,244.71,4707200
2026/2/10,245.00,247.86,240.86,242.59,5184400
2026/2/11,244.48,244.70,235.50,236.26,5791000
2026/2/12,239.26,245.67,235.97,239.35,6980800
2026/2/13,241.24,246.51,240.72,242.96,6835400
2026/2/16,241.24,246.51,240.72,242.96,6835400
2026/2/17,243.61,245.42,238.93,244.04,4864700
2026/2/18,244.55,245.08,238.60,238.93,4923000
2026/2/19,238.91,240.00,233.42,233.71,5827500
2026/2/20,232.63,236.08,231.14,232.03,5460900
2026/2/23,231.50,233.50,227.46,230.44,5380000
2026/2/24,229.27,236.13,228.39,233.39,4408900
2026/2/25,234.10,234.16,229.19,230.36,4442600
2026/2/26,230.38,230.66,225.67,229.41,4613300
2026/2/27,227.47,228.80,224.91,227.53,6278100
2026/3/2,226.00,230.23,223.62,229.74,4709000
2026/3/3,225.75,226.50,221.11,224.12,6211600
2026/3/4,226.38,227.53,221.79,227.31,5068700
2026/3/5,226.12,227.68,218.13,222.06,7199300
2026/3/6,219.48,231.96,218.64,231.11,10668200
2026/3/9,219.48,231.96,218.64,231.11,10668200
