date,open,high,low,close,volume
2013/1/1,86.81,89.80,86.67,89.61,7213000
2013/1/2,92.95,94.44,92.95,93.50,11590000
2013/1/3,93.22,94.99,92.89,94.40,9329000
2013/1/4,94.57,94.92,94.04,94.92,5658600
2013/1/7,94.57,95.67,94.40,95.21,5368800
2013/1/8,94.67,95.19,93.57,94.00,5616100
2013/1/9,94.10,94.77,94.10,94.44,3546100
2013/1/10,95.11,95.19,94.23,95.08,4596400
2013/1/11,94.56,95.39,94.12,95.19,4288500
2013/1/14,95.32,95.48,94.15,94.63,3685800
2013/1/15,94.21,95.83,94.18,95.67,4789800
2013/1/16,95.10,95.67,94.83,95.19,3809700
2013/1/17,95.71,96.29,95.09,95.70,4824100
2013/1/18,96.43,97.62,96.09,97.62,8330900
2013/1/21,96.43,97.62,96.09,97.62,8330900
2013/1/22,96.39,97.73,96.05,97.72,8330100
2013/1/23,97.48,97.72,96.60,96.85,4971000
2013/1/24,96.00,97.74,96.00,96.60,5816300
2013/1/25,95.92,96.28,94.66,95.58,8902700
2013/1/28,98.06,98.74,96.43,97.45,15997500
2013/1/29,97.92,99.20,97.72,98.60,6961900
2013/1/30,98.83,98.96,98.25,98.65,5681000
2013/1/31,97.99,98.71,97.90,98.39,7154500
2013/2/1,99.00,99.70,98.95,99.49,6138500
2013/2/4,98.76,98.87,97.91,98.26,5765000
2013/2/5,98.58,99.10,98.32,98.44,4178000
2013/2/6,97.87,98.75,97.36,97.70,4489600
2013/2/7,97.42,98.16,95.21,96.11,6210100
2013/2/8,96.10,97.50,96.10,96.85,3934200
2013/2/11,96.96,96.99,96.30,96.60,2739200
2013/2/12,96.67,97.41,96.67,97.22,4149000
2013/2/13,97.09,97.50,96.02,96.38,3718500
2013/2/14,96.06,96.68,95.68,96.07,3586300
2013/2/15,96.26,96.42,95.29,95.61,4377200
2013/2/18,96.26,96.42,95.29,95.61,4377200
2013/2/19,95.74,96.37,95.13,95.60,4368800
2013/2/20,95.00,95.10,93.05,93.22,8570800
2013/2/21,92.76,92.79,90.57,91.53,7193400
2013/2/22,91.99,92.49,91.05,91.54,5851800
2013/2/25,91.81,92.22,89.08,89.16,7540300
2013/2/26,89.59,90.20,88.50,89.95,7114200
2013/2/27,90.06,92.36,90.06,92.25,6147300
2013/2/28,92.49,93.16,92.23,92.37,5446500
2013/3/1,91.54,91.96,90.13,91.36,4924400
2013/3/4,90.61,90.75,89.19,89.75,6350500
2013/3/5,90.49,91.28,89.99,90.21,5352500
2013/3/6,90.97,91.05,89.41,89.64,7135900
2013/3/7,89.90,90.40,89.27,89.65,4738200
2013/3/8,90.43,90.72,90.01,90.51,5084900
2013/3/11,90.49,91.52,90.10,91.18,4846300
2013/3/12,91.16,91.16,89.40,89.74,6593300
2013/3/13,89.80,89.91,89.13,89.28,5836100
2013/3/14,89.47,89.55,88.17,88.70,7328500
2013/3/15,88.61,89.25,88.11,88.83,7379400
2013/3/18,87.89,90.02,87.67,89.36,7159800
2013/3/19,89.40,89.40,87.44,88.27,7509300
2013/3/20,87.61,87.88,86.42,86.94,9389000
2013/3/21,86.43,87.32,86.43,86.83,5449600
2013/3/22,87.01,87.63,86.97,87.48,5115500
2013/3/25,87.93,87.96,86.05,86.64,6685300
2013/3/26,87.06,87.39,86.66,87.00,4173000
2013/3/27,86.43,87.16,85.80,86.90,4838700
2013/3/28,87.05,87.98,86.65,86.97,6213400
2013/3/29,87.05,87.98,86.65,86.97,6213400
2013/4/1,86.86,86.94,85.41,85.64,5666900
2013/4/2,86.02,86.02,84.47,84.88,6514300
2013/4/3,83.91,84.62,83.60,84.12,9222400
2013/4/4,84.17,84.73,83.84,84.63,7646200
2013/4/5,83.41,85.36,83.05,84.60,8985600
2013/4/8,84.69,85.35,83.71,84.19,6722000
2013/4/9,84.38,86.65,84.05,85.90,10533700
2013/4/10,86.38,86.88,85.90,86.57,6258700
2013/4/11,86.89,87.00,85.30,85.70,6920000
2013/4/12,84.99,85.33,84.30,85.05,4934500
2013/4/15,84.24,84.33,81.91,82.27,10345400
2013/4/16,83.63,83.73,82.12,82.61,6566500
2013/4/17,81.54,81.62,80.62,81.47,9405300
2013/4/18,81.34,81.34,80.05,80.46,6886900
2013/4/19,80.95,81.16,80.01,80.43,7009500
2013/4/22,81.24,83.13,79.49,82.71,18449600
2013/4/23,83.91,84.72,82.74,84.10,12932500
2013/4/24,84.28,84.65,83.29,83.78,7022000
2013/4/25,84.70,85.02,84.02,84.51,6556100
2013/4/26,84.35,85.08,84.25,84.68,6160700
2013/4/29,85.11,85.50,84.07,84.80,6065100
2013/4/30,84.81,85.38,83.36,84.67,6954300
2013/5/1,84.07,84.35,82.66,83.08,11607000
2013/5/2,83.34,84.56,83.10,84.26,5798600
2013/5/3,85.59,87.48,85.48,86.98,11890000
2013/5/6,87.13,87.95,86.88,87.59,6381000
2013/5/7,88.11,89.81,87.91,89.79,10406900
2013/5/8,89.76,90.40,89.18,90.31,7431000
2013/5/9,89.98,90.69,89.55,89.95,5166100
2013/5/10,89.96,90.25,87.90,88.62,6967500
2013/5/13,88.19,88.49,87.75,88.07,5483600
2013/5/14,87.82,88.00,86.86,87.55,6856900
2013/5/15,86.97,87.18,86.44,87.00,6925400
2013/5/16,86.55,87.65,86.10,86.78,8192200
2013/5/17,87.39,87.86,87.10,87.67,6690800
2013/5/20,87.57,88.75,87.27,88.33,5603200
2013/5/21,88.65,88.98,87.73,88.10,4730000
2013/5/22,88.09,89.09,87.15,87.70,6479100
2013/5/23,86.03,87.38,85.78,86.95,6026800
2013/5/24,86.26,86.72,85.77,86.21,4637400
2013/5/27,86.26,86.72,85.77,86.21,4637400
2013/5/28,87.04,87.39,85.90,86.19,5800400
2013/5/29,85.73,86.66,85.33,86.49,5110500
2013/5/30,86.47,87.00,85.99,86.41,3568000
2013/5/31,86.23,86.95,85.80,85.80,5522300
2013/6/3,85.91,86.30,85.74,86.13,6092700
2013/6/4,85.95,86.47,85.44,85.92,5105500
2013/6/5,85.47,85.73,84.23,84.42,7359000
2013/6/6,84.30,84.31,83.30,84.00,7009400
2013/6/7,84.65,85.37,83.64,84.65,5474100
2013/6/10,84.71,84.77,83.63,83.80,4965200
2013/6/11,83.03,83.97,82.63,83.52,5275900
2013/6/12,84.17,84.38,83.01,83.21,4748100
2013/6/13,83.32,85.28,83.19,85.14,6352100
2013/6/14,85.01,85.14,83.40,83.87,5147500
2013/6/17,83.55,84.43,83.42,83.92,4389500
2013/6/18,84.09,84.87,83.96,84.55,3723900
2013/6/19,84.50,85.29,84.25,84.25,4711700
2013/6/20,83.19,83.68,82.35,83.20,7628100
2013/6/21,84.02,84.02,81.93,83.12,9736500
2013/6/24,82.06,82.25,80.86,81.52,7525600
2013/6/25,82.34,82.68,81.97,82.33,6249000
2013/6/26,82.92,83.43,81.70,82.10,6950600
2013/6/27,82.55,83.17,82.55,82.96,4658000
2013/6/28,82.76,83.19,82.31,82.49,8448800
2013/7/1,83.04,83.25,82.27,82.72,4676300
2013/7/2,82.77,83.59,82.04,82.48,3659900
2013/7/3,82.15,82.50,81.56,81.85,2928200
2013/7/4,82.15,82.50,81.56,81.85,2928200
2013/7/5,82.53,82.63,81.40,82.14,4819500
2013/7/8,82.40,83.20,82.25,83.20,4879100
2013/7/9,84.07,86.25,83.72,85.33,7882100
2013/7/10,85.42,85.77,84.79,84.96,4216800
2013/7/11,86.46,86.89,86.10,86.70,5434500
2013/7/12,86.63,87.27,86.54,87.17,4876100
2013/7/15,87.24,88.03,87.19,87.40,4161800
2013/7/16,87.72,88.53,87.42,88.17,5432100
2013/7/17,88.45,89.00,85.88,86.67,15077400
2013/7/18,85.88,86.60,85.42,85.72,7045900
2013/7/19,85.45,85.89,85.15,85.65,5086200
2013/7/22,85.38,86.55,85.38,86.00,4835000
2013/7/23,85.49,86.38,85.12,85.52,6891800
2013/7/24,84.58,85.28,82.64,83.44,16602100
2013/7/25,82.05,82.58,81.35,82.14,9941300
2013/7/26,81.88,82.08,81.43,82.06,5727000
2013/7/29,82.42,83.35,82.00,83.02,9068800
2013/7/30,83.47,83.75,82.66,83.19,5266000
2013/7/31,83.58,83.90,82.84,82.91,7012900
2013/8/1,83.62,84.81,83.11,84.44,6570400
2013/8/2,84.29,84.68,83.50,84.30,4864700
2013/8/5,84.11,84.29,83.50,83.56,3758400
2013/8/6,83.31,83.32,82.15,82.53,7223600
2013/8/7,82.38,82.77,81.80,82.43,4292400
2013/8/8,82.95,84.59,82.92,83.96,6400600
2013/8/9,83.80,84.79,83.50,84.51,5478600
2013/8/12,84.19,86.45,84.06,86.32,8608300
2013/8/13,86.62,87.43,86.45,86.57,6710300
2013/8/14,86.86,87.00,85.71,85.82,4462900
2013/8/15,84.96,86.53,84.88,85.86,5138900
2013/8/16,85.85,86.40,85.14,85.16,4706500
2013/8/19,85.15,85.50,83.95,84.20,3766000
2013/8/20,83.80,84.46,83.27,83.86,4690000
2013/8/21,83.52,83.85,82.83,82.94,5562600
2013/8/22,83.31,84.49,83.06,84.17,4739900
2013/8/23,84.38,84.40,83.40,83.89,4487200
2013/8/26,83.98,84.78,83.52,83.56,4123300
2013/8/27,82.88,83.54,82.48,82.70,5569900
2013/8/28,81.81,82.66,81.46,82.45,6762900
2013/8/29,82.50,83.06,82.02,82.53,3706400
2013/8/30,82.59,82.76,82.21,82.54,4425700
2013/9/2,82.59,82.76,82.21,82.54,4425700
2013/9/3,83.15,83.54,81.72,82.51,7544200
2013/9/4,82.75,83.74,82.30,83.54,4482200
2013/9/5,83.37,83.52,82.71,82.95,3728400
2013/9/6,83.22,84.22,82.40,83.39,5566500
2013/9/9,84.04,86.03,84.02,85.59,6702200
2013/9/10,86.81,86.89,86.18,86.61,6298400
2013/9/11,86.50,87.13,86.26,87.13,4382900
2013/9/12,86.94,87.22,86.62,86.84,3980600
2013/9/13,87.10,87.20,86.38,87.01,3276000
2013/9/16,87.96,88.22,87.03,87.18,4866600
2013/9/17,87.36,87.45,86.67,87.07,3415400
2013/9/18,86.31,88.01,86.20,87.84,5564700
2013/9/19,88.04,88.25,87.31,87.75,4765200
2013/9/20,87.61,87.65,84.75,84.75,13435200
2013/9/23,85.00,85.39,84.38,85.03,6048400
2013/9/24,85.13,85.44,84.53,85.11,3720900
2013/9/25,85.14,85.55,84.43,84.50,3824700
2013/9/26,84.59,84.85,83.90,84.20,3475100
2013/9/27,83.62,83.92,83.38,83.80,3017600
2013/9/30,82.95,83.83,82.83,83.40,5401500
2013/10/1,83.56,84.30,83.08,83.76,3866000
2013/10/2,83.52,84.25,83.33,84.07,3324900
2013/10/3,83.89,84.27,83.42,83.97,4223500
2013/10/4,83.97,84.35,83.54,84.20,3212000
2013/10/7,83.46,84.16,83.30,83.53,3364300
2013/10/8,83.54,83.89,82.63,82.85,5671300
2013/10/9,83.05,83.89,82.45,83.52,4577500
2013/10/10,84.44,84.95,84.07,84.73,4317100
2013/10/11,84.64,85.85,84.35,85.61,4110300
2013/10/14,85.06,86.42,84.86,86.24,4689600
2013/10/15,86.24,86.75,85.69,85.75,4896500
2013/10/16,86.06,86.49,85.60,86.27,3549500
2013/10/17,85.33,85.99,84.95,85.85,3850700
2013/10/18,86.31,87.76,86.27,87.34,6752700
2013/10/21,87.72,87.80,87.19,87.70,3883500
2013/10/22,87.88,89.17,87.54,89.17,9152900
2013/10/23,84.15,84.65,83.05,83.76,20968800
2013/10/24,83.32,85.00,83.13,84.53,8368700
2013/10/25,84.32,84.78,83.61,84.77,4886400
2013/10/28,84.50,84.73,84.15,84.28,3979200
2013/10/29,83.91,84.10,83.29,84.07,5324100
2013/10/30,84.17,84.35,83.21,83.49,4657000
2013/10/31,83.44,84.27,83.36,83.36,4651300
2013/11/1,83.78,83.80,82.80,83.59,5880200
2013/11/4,83.81,83.99,83.45,83.89,3892500
2013/11/5,83.61,84.19,83.36,84.05,4010900
2013/11/6,84.30,84.36,83.85,84.22,3664100
2013/11/7,83.95,84.43,83.50,83.65,5431600
2013/11/8,83.52,84.32,83.50,84.24,4557300
2013/11/11,84.19,84.47,83.82,84.15,2522500
2013/11/12,83.98,84.28,83.54,83.85,3483000
2013/11/13,83.46,84.25,83.00,84.20,3952800
2013/11/14,84.00,84.20,83.56,83.76,4496300
2013/11/15,84.00,84.11,83.50,83.74,4743900
2013/11/18,84.05,84.97,83.74,84.04,4803100
2013/11/19,84.11,84.50,83.48,83.67,5010300
2013/11/20,83.18,83.71,82.46,82.68,7443000
2013/11/21,83.05,83.09,81.87,82.12,6208500
2013/11/22,82.22,82.95,82.00,82.88,4403800
2013/11/25,84.40,84.94,83.87,84.40,8111400
2013/11/26,84.80,84.83,84.01,84.36,3834900
2013/11/27,84.43,84.93,84.33,84.67,3053600
2013/11/28,84.43,84.93,84.33,84.67,3053600
2013/11/29,84.64,85.18,84.53,84.60,2284400
2013/12/2,84.70,85.09,84.03,84.25,4834700
2013/12/3,83.80,83.95,83.27,83.87,3924300
2013/12/4,83.75,84.38,83.11,83.97,5246700
2013/12/5,83.92,84.58,83.70,84.41,5291900
2013/12/6,85.06,85.58,84.93,85.50,5759300
2013/12/9,85.70,86.53,85.56,86.09,6023400
2013/12/10,85.97,86.87,85.92,86.42,4987000
2013/12/11,86.03,86.22,85.12,85.28,5624100
2013/12/12,85.37,85.70,84.84,85.57,4551700
2013/12/13,85.67,86.23,85.57,86.05,4226200
2013/12/16,86.50,87.85,86.44,87.38,6976200
2013/12/17,87.22,87.65,86.38,86.92,4764400
2013/12/18,87.01,88.46,86.65,88.17,6963200
2013/12/19,87.50,87.84,87.26,87.54,4299700
2013/12/20,87.85,89.11,87.81,88.93,7389700
2013/12/23,89.31,90.07,89.27,89.96,5733300
2013/12/24,90.00,90.98,89.99,90.91,2675700
2013/12/25,90.00,90.98,89.99,90.91,2675700
2013/12/26,90.99,91.67,90.70,91.15,4790800
2013/12/27,91.14,91.43,90.56,90.87,3373800
2013/12/30,90.85,91.03,90.28,90.87,2625000
2013/12/31,91.00,91.18,90.46,90.81,3098900
2014/1/1,91.00,91.18,90.46,90.81,3098900
2014/1/2,90.41,90.45,89.33,89.87,4898000
2014/1/3,90.00,90.25,89.59,89.82,3722000
2014/1/6,90.19,90.30,88.38,88.64,5233900
2014/1/7,88.77,89.23,88.75,88.93,3512100
2014/1/8,88.78,89.82,88.67,89.14,4421600
2014/1/9,89.26,89.80,88.69,89.71,4466400
2014/1/10,89.41,90.60,89.29,90.51,5416000
2014/1/13,90.26,91.26,89.82,89.89,5213600
2014/1/14,89.86,90.71,89.86,90.56,3712100
2014/1/15,90.88,93.20,90.88,92.41,10121900
2014/1/16,91.89,92.86,91.70,92.01,4771000
2014/1/17,92.15,92.26,91.01,91.44,6833400
2014/1/20,92.15,92.26,91.01,91.44,6833400
2014/1/21,91.60,91.85,89.64,90.60,5544900
2014/1/22,90.59,90.82,89.35,89.64,4787300
2014/1/23,88.70,89.08,88.05,88.48,5014800
2014/1/24,87.98,87.99,85.88,86.17,8087400
2014/1/27,91.77,92.31,89.07,91.29,22202300
2014/1/28,91.40,92.67,91.35,92.47,9409600
2014/1/29,91.31,91.96,90.29,90.62,8145900
2014/1/30,91.53,93.85,90.73,93.20,14764700
2014/1/31,92.16,94.69,92.01,93.91,9697300
2014/2/3,93.74,93.94,91.95,92.42,9084100
2014/2/4,92.48,92.65,91.49,92.50,6839700
2014/2/5,92.24,92.51,91.06,91.96,5134500
2014/2/6,91.94,94.23,91.79,93.83,6844200
2014/2/7,94.17,95.24,93.88,94.87,9140200
2014/2/10,94.97,94.98,93.63,94.50,5933400
2014/2/11,94.62,95.34,94.28,94.96,6006100
2014/2/12,95.31,96.64,95.17,96.17,8002000
2014/2/13,95.29,96.41,95.11,96.11,4387000
2014/2/14,95.86,96.68,95.84,96.55,4145300
2014/2/17,95.86,96.68,95.84,96.55,4145300
2014/2/18,95.85,96.94,95.85,96.56,4871700
2014/2/19,96.19,97.67,96.11,96.21,5865200
2014/2/20,96.51,97.52,95.30,96.92,7718400
2014/2/21,97.11,97.95,96.92,97.50,5554600
2014/2/24,97.55,98.24,97.18,97.32,4887800
2014/2/25,96.84,96.98,95.82,96.41,5989200
2014/2/26,96.66,97.91,96.34,97.20,4753900
2014/2/27,97.21,97.64,96.52,96.70,4337700
2014/2/28,96.63,97.52,96.30,96.97,5411100
2014/3/3,96.32,96.67,95.60,96.31,4859200
2014/3/4,97.20,97.46,96.56,97.02,6261300
2014/3/5,96.54,96.90,95.88,96.37,5384800
2014/3/6,96.95,98.15,96.66,97.60,6714300
2014/3/7,97.78,97.87,96.50,97.05,5259200
2014/3/10,96.64,96.80,95.86,96.75,4640300
2014/3/11,97.09,97.91,96.62,96.84,5731200
2014/3/12,96.30,97.24,96.30,96.82,4448600
2014/3/13,97.20,97.73,95.06,95.61,8434600
2014/3/14,95.45,96.25,95.20,95.39,5002000
2014/3/17,95.99,96.45,95.55,95.67,4697200
2014/3/18,96.12,96.65,95.70,96.41,4921300
2014/3/19,96.09,96.72,95.25,96.04,5109200
2014/3/20,95.71,96.24,95.10,96.21,4396000
2014/3/21,97.07,97.63,96.67,97.39,8339700
2014/3/24,97.60,97.60,96.42,96.85,4808600
2014/3/25,97.36,99.34,97.15,98.59,9070400
2014/3/26,99.28,99.60,97.80,97.80,5610200
2014/3/27,97.82,98.89,97.29,98.45,4947700
2014/3/28,98.91,99.62,98.78,99.39,5821500
2014/3/31,100.00,100.63,99.05,99.37,5772600
2014/4/1,98.94,100.08,98.94,99.81,4814300
2014/4/2,100.04,102.76,99.88,102.63,9358300
2014/4/3,101.92,103.20,101.61,102.55,8230200
2014/4/4,102.89,103.38,101.91,102.17,4889200
2014/4/7,101.61,102.07,100.41,101.11,5215100
2014/4/8,100.98,103.25,100.96,102.39,6626900
2014/4/9,102.65,103.20,101.85,102.99,4062000
2014/4/10,102.91,103.72,101.99,102.26,4538900
2014/4/11,101.10,102.10,100.97,101.45,5363900
2014/4/14,102.18,102.83,100.95,102.78,4114100
2014/4/15,102.63,103.09,101.26,102.50,6317900
2014/4/16,102.62,103.15,102.21,102.93,3801400
2014/4/17,103.05,103.44,102.60,102.83,3556800
2014/4/18,103.05,103.44,102.60,102.83,3556800
2014/4/21,102.90,102.98,101.55,102.64,3821400
2014/4/22,102.78,104.14,102.76,103.69,4528500
2014/4/23,103.56,104.62,103.18,103.38,6427400
2014/4/24,106.02,107.40,104.79,105.28,8849200
2014/4/25,105.03,105.28,103.29,104.69,5731800
2014/4/28,104.99,105.42,103.25,104.26,4036200
2014/4/29,104.79,105.50,103.83,105.30,4975800
2014/4/30,105.23,106.24,104.99,105.40,5199300
2014/5/1,105.20,105.79,104.63,105.07,2970800
2014/5/2,104.93,105.58,104.73,105.01,2677000
2014/5/5,104.66,104.80,103.81,104.52,3166400
2014/5/6,104.21,104.47,103.60,103.87,2836300
2014/5/7,104.10,104.66,103.43,104.62,3399800
2014/5/8,104.55,105.02,104.15,104.94,3118400
2014/5/9,104.96,105.30,104.30,105.06,2761800
2014/5/12,105.71,106.50,105.65,106.20,3664200
2014/5/13,106.50,108.21,105.82,107.15,3951500
2014/5/14,106.85,107.04,106.30,106.53,3082300
2014/5/15,106.49,106.74,104.04,104.99,5151000
2014/5/16,105.05,106.05,104.17,106.03,4403300
2014/5/19,105.42,105.53,104.72,105.39,3924300
2014/5/20,104.79,104.81,100.72,101.56,9277600
2014/5/21,101.48,103.00,101.48,102.88,5460200
2014/5/22,102.90,103.88,102.51,103.08,3112300
2014/5/23,103.15,104.15,103.15,104.03,2888600
2014/5/26,103.15,104.15,103.15,104.03,2888600
2014/5/27,104.20,104.48,103.46,103.68,3443400
2014/5/28,103.53,103.86,102.85,102.91,3353300
2014/5/29,103.28,103.67,102.56,103.60,3071200
2014/5/30,102.90,102.98,101.55,102.23,5939300
2014/6/2,102.42,103.94,102.01,103.76,3747000
2014/6/3,103.42,104.57,103.05,104.49,3643600
2014/6/4,104.42,105.10,104.07,104.31,2879900
2014/6/5,104.80,107.12,104.77,106.96,5389200
2014/6/6,107.08,108.36,106.98,108.18,4299600
2014/6/9,107.74,109.30,107.66,108.75,3900400
2014/6/10,108.50,109.50,108.40,109.31,4752700
2014/6/11,108.93,108.98,108.33,108.69,2738800
2014/6/12,108.47,108.50,106.44,106.65,3408600
2014/6/13,106.55,107.23,106.07,106.77,2009100
2014/6/16,106.50,106.88,105.73,106.81,2137200
2014/6/17,106.51,107.00,106.00,106.67,2138400
2014/6/18,106.63,107.60,106.05,107.48,2218700
2014/6/19,106.99,107.42,106.69,107.25,2592400
2014/6/20,108.05,109.53,107.64,109.38,7762900
2014/6/23,109.25,109.85,108.29,108.78,2839500
2014/6/24,108.56,109.34,107.00,107.81,2864200
2014/6/25,107.48,108.88,107.35,108.44,2176200
2014/6/26,108.55,108.80,107.85,108.52,1522900
2014/6/27,108.34,108.88,107.73,108.78,3632100
2014/6/30,108.68,109.03,107.97,108.67,2249200
2014/7/1,109.08,109.75,109.01,109.17,2346300
2014/7/2,109.32,109.95,109.30,109.56,1849000
2014/7/3,109.90,111.16,109.69,111.08,2876200
2014/7/4,109.90,111.16,109.69,111.08,2876200
2014/7/7,110.18,110.45,109.57,110.16,2697100
2014/7/8,110.21,110.38,109.40,109.46,2450600
2014/7/9,109.79,110.29,109.42,110.14,2270600
2014/7/10,108.14,109.57,107.80,109.36,2303600
2014/7/11,109.50,109.99,108.65,109.96,1992300
2014/7/14,110.43,111.04,110.09,110.09,2375100
2014/7/15,110.25,110.42,109.40,109.85,3212900
2014/7/16,110.18,111.46,109.92,111.40,3974100
2014/7/17,110.40,110.67,108.93,109.07,3164700
2014/7/18,109.43,110.17,109.05,110.17,2424900
2014/7/21,110.00,110.55,109.45,110.23,2075900
2014/7/22,110.84,111.28,109.80,110.06,2879400
2014/7/23,109.79,109.98,108.21,108.38,4471400
2014/7/24,105.60,106.23,104.09,105.04,8690300
2014/7/25,104.14,105.35,104.10,104.85,4126200
2014/7/28,104.78,104.90,103.17,104.15,4474300
2014/7/29,105.00,106.44,104.69,104.69,7947100
2014/7/30,105.08,105.32,103.03,103.38,5856900
2014/7/31,102.24,102.69,100.74,100.75,6711400
2014/8/1,100.52,100.85,99.11,100.52,6011900
2014/8/4,100.36,102.05,100.10,101.81,5183900
2014/8/5,101.11,102.47,100.94,101.50,5685400
2014/8/6,100.76,101.85,100.61,101.49,5526900
2014/8/7,102.66,103.47,101.88,101.94,5752800
2014/8/8,102.01,103.44,101.78,103.28,4690200
2014/8/11,104.61,104.85,103.93,104.50,5197900
2014/8/12,104.59,105.16,104.13,104.33,4200900
2014/8/13,104.33,105.50,104.33,105.16,4664900
2014/8/14,105.51,106.00,104.99,105.66,4178800
2014/8/15,106.01,106.42,105.13,105.74,4099200
2014/8/18,106.69,107.10,106.28,106.98,3478600
2014/8/19,107.26,107.70,106.87,107.30,3639200
2014/8/20,107.39,108.15,107.20,107.70,5341600
2014/8/21,108.17,108.57,107.54,107.97,4118100
2014/8/22,107.58,107.82,106.54,107.31,4603700
2014/8/25,107.96,108.33,107.73,107.97,3014100
2014/8/26,108.05,108.64,107.98,108.06,2865800
2014/8/27,108.13,108.92,108.08,108.55,3281900
2014/8/28,108.02,108.82,107.80,108.65,3227800
2014/8/29,108.90,109.10,108.25,109.07,4437200
2014/9/1,108.90,109.10,108.25,109.07,4437200
2014/9/2,109.03,109.73,108.83,108.92,4040200
2014/9/3,109.45,109.66,108.05,108.46,4669000
2014/9/4,108.30,109.49,108.16,108.82,4604000
2014/9/5,109.00,109.18,108.19,108.54,4305000
2014/9/8,108.23,108.46,107.52,107.91,3496900
2014/9/9,107.82,108.20,107.19,107.40,3578500
2014/9/10,105.61,106.12,105.38,105.93,8154700
2014/9/11,105.66,105.66,104.59,105.59,5460100
2014/9/12,104.97,105.09,104.40,105.02,6904200
2014/9/15,104.32,104.90,103.22,104.86,7051900
2014/9/16,104.21,105.83,103.77,104.86,5289700
2014/9/17,105.18,105.41,103.88,103.99,5122200
2014/9/18,104.30,104.55,103.40,104.34,3915800
2014/9/19,104.85,105.00,102.08,102.51,8285400
2014/9/22,102.10,102.26,100.82,100.90,5093200
2014/9/23,100.86,101.09,99.88,99.99,5710300
2014/9/24,100.04,101.49,99.89,101.20,5797000
2014/9/25,101.00,101.20,99.19,99.51,4960800
2014/9/26,99.44,100.64,99.24,100.38,2935900
2014/9/29,99.35,100.10,98.26,99.83,3156400
2014/9/30,100.03,100.10,98.80,99.03,3746100
2014/10/1,98.64,99.00,97.27,97.61,4827300
2014/10/2,97.65,97.98,96.15,97.41,4460800
2014/10/3,98.04,98.34,97.03,97.39,3921900
2014/10/6,97.81,98.13,96.91,98.00,3982400
2014/10/7,97.09,97.51,94.69,94.70,6479500
2014/10/8,94.58,96.86,93.64,96.65,6214200
2014/10/9,96.21,96.52,93.24,93.50,6414500
2014/10/10,93.24,94.57,91.61,93.13,6179100
2014/10/13,93.29,94.06,91.62,91.68,5852400
2014/10/14,92.51,95.01,92.39,92.80,6791300
2014/10/15,91.43,92.75,90.05,92.59,9377600
2014/10/16,90.27,94.15,90.27,93.24,7439400
2014/10/17,94.20,95.60,93.98,95.05,7442600
2014/10/20,94.53,95.30,93.27,94.03,4270800
2014/10/21,95.04,96.32,95.04,95.89,3990500
2014/10/22,95.53,95.98,94.05,94.57,6211300
2014/10/23,97.60,99.94,97.34,99.27,11670100
2014/10/24,99.51,99.68,98.37,99.44,4133800
2014/10/27,98.68,98.77,97.15,98.54,4346100
2014/10/28,99.44,101.16,99.03,101.16,5069600
2014/10/29,101.53,101.84,99.84,100.19,4426400
2014/10/30,99.63,100.58,99.06,100.16,2650900
2014/10/31,101.35,102.37,100.84,101.41,5367700
2014/11/3,101.61,101.76,99.77,100.22,4434300
2014/11/4,99.75,100.00,98.04,98.61,4849000
2014/11/5,99.45,99.64,98.45,99.41,3515600
2014/11/6,99.51,100.99,99.24,100.91,3427700
2014/11/7,101.26,101.83,100.90,101.76,2708200
2014/11/10,101.86,102.55,101.86,102.21,3308100
2014/11/11,102.31,102.80,101.60,102.53,2464400
2014/11/12,102.17,103.22,101.52,102.99,2808700
2014/11/13,103.06,103.18,100.68,101.11,3924100
2014/11/14,101.00,101.70,100.65,101.34,2660500
2014/11/17,101.25,102.08,100.45,101.70,2477000
2014/11/18,101.70,102.45,101.31,102.04,2761200
2014/11/19,101.86,102.30,100.89,101.30,4679100
2014/11/20,100.33,102.14,100.07,102.09,3052600
2014/11/21,104.30,107.12,104.20,106.45,8738000
2014/11/24,106.40,106.47,105.10,105.96,4108600
2014/11/25,106.10,106.63,105.33,106.24,3321500
2014/11/26,106.29,106.44,105.45,105.79,2463800
2014/11/27,106.29,106.44,105.45,105.79,2463800
2014/11/28,104.39,104.61,100.12,100.60,5780900
2014/12/1,100.24,100.47,97.79,99.00,7431800
2014/12/2,99.48,99.96,98.72,99.51,3900400
2014/12/3,100.04,101.46,99.96,100.18,6930700
2014/12/4,99.69,100.87,99.51,99.67,3390100
2014/12/5,99.81,99.96,98.71,98.78,3605000
2014/12/8,98.66,98.76,95.20,95.25,7192100
2014/12/9,94.17,96.17,93.80,95.45,6562900
2014/12/10,94.91,95.02,92.75,93.02,6749600
2014/12/11,93.68,94.29,92.53,92.69,4664900
2014/12/12,92.00,92.00,89.96,90.50,10327200
2014/12/15,91.25,91.29,89.39,89.75,6924100
2014/12/16,89.23,92.25,89.15,89.34,7649500
2014/12/17,89.40,90.14,88.03,89.75,8671600
2014/12/18,91.89,91.89,90.55,91.69,8344400
2014/12/19,91.58,91.98,90.88,91.71,9689200
2014/12/22,92.46,92.81,91.85,92.32,4577200
2014/12/23,92.99,93.94,92.65,93.50,3554200
2014/12/24,93.64,93.98,93.27,93.72,1654200
2014/12/25,93.64,93.98,93.27,93.72,1654200
2014/12/26,93.95,94.66,93.72,94.23,3127800
2014/12/29,94.20,94.28,93.59,93.71,2390500
2014/12/30,93.60,93.63,92.51,92.59,3197400
2014/12/31,92.89,93.57,91.45,91.53,3251100
2015/1/1,92.89,93.57,91.45,91.53,3251100
2015/1/2,91.77,92.37,90.66,91.88,3767900
2015/1/5,90.35,90.42,86.60,87.03,11301400
2015/1/6,87.28,87.68,85.17,86.47,8660600
2015/1/7,87.37,88.14,86.42,87.81,6511100
2015/1/8,89.18,89.28,87.84,88.71,7617800
2015/1/9,88.76,88.89,87.02,87.65,4857100
2015/1/12,87.73,87.77,86.07,86.89,4351600
2015/1/13,87.68,87.90,85.20,86.37,5078100
2015/1/14,84.89,86.22,84.27,86.07,10366700
2015/1/15,86.03,86.17,84.30,84.32,6683900
2015/1/16,84.24,84.32,83.05,83.86,10424800
2015/1/19,84.24,84.32,83.05,83.86,10424800
2015/1/20,84.42,84.50,83.19,83.97,5937300
2015/1/21,83.59,85.40,83.59,85.37,6613100
2015/1/22,86.05,87.36,85.43,86.82,5567800
2015/1/23,86.79,87.00,85.20,85.61,5027500
2015/1/26,85.36,86.26,84.90,86.03,8140500
2015/1/27,79.74,81.35,79.10,79.85,27489500
2015/1/28,80.40,81.20,79.96,80.01,14269300
2015/1/29,79.91,80.18,78.81,80.00,9157000
2015/1/30,79.51,80.82,79.42,79.97,8150700
2015/2/2,80.08,80.88,79.49,80.84,7149000
2015/2/3,81.22,84.11,81.15,83.92,10895300
2015/2/4,82.78,83.32,81.66,81.95,8806500
2015/2/5,82.40,83.63,81.87,83.57,6640200
2015/2/6,83.60,84.14,82.80,83.21,5581500
2015/2/9,83.05,84.87,82.95,84.67,7693800
2015/2/10,85.00,85.00,83.46,83.90,6569100
2015/2/11,83.56,83.67,82.24,83.41,5722600
2015/2/12,84.08,84.25,83.31,83.53,4623000
2015/2/13,84.11,85.49,84.03,85.13,5645500
2015/2/16,84.11,85.49,84.03,85.13,5645500
2015/2/17,84.86,85.58,84.20,85.38,3924400
2015/2/18,84.92,85.81,84.58,84.80,3568600
2015/2/19,83.81,84.00,82.21,83.30,5733500
2015/2/20,83.30,84.62,82.40,84.44,6029400
2015/2/23,83.90,83.98,83.14,83.49,5180000
2015/2/24,83.77,84.69,83.60,84.50,3678700
2015/2/25,84.52,85.36,84.17,85.15,3449500
2015/2/26,85.10,85.10,83.56,83.80,4457000
2015/2/27,84.18,84.18,82.89,82.90,4370500
2015/3/2,82.90,83.07,82.24,83.00,4155000
2015/3/3,82.71,83.79,82.65,82.84,4331700
2015/3/4,82.57,82.61,80.83,81.73,6863600
2015/3/5,81.73,81.73,80.06,81.51,7123500
2015/3/6,80.37,81.21,79.55,80.06,7913800
2015/3/9,80.17,81.34,80.10,80.81,4740500
2015/3/10,80.02,80.76,79.74,79.91,4850500
2015/3/11,80.15,80.15,79.26,79.70,4612200
2015/3/12,80.27,80.48,79.80,80.19,3612500
2015/3/13,79.90,79.91,78.19,79.23,7272700
2015/3/16,79.57,80.00,79.06,79.97,3598500
2015/3/17,79.35,79.35,78.25,78.45,6979900
2015/3/18,78.25,81.44,78.25,81.33,12154300
2015/3/19,80.50,80.50,79.56,80.09,5236200
2015/3/20,80.62,81.25,80.19,81.19,8216600
2015/3/23,81.19,81.92,81.02,81.09,4704000
2015/3/24,81.15,81.20,80.20,80.48,3978700
2015/3/25,81.03,81.04,79.83,79.86,4803000
2015/3/26,79.64,80.80,79.51,79.88,4238500
2015/3/27,79.46,79.88,78.76,79.67,6336900
2015/3/30,80.01,81.52,80.00,81.37,4621200
2015/3/31,80.51,80.65,79.81,80.03,4848600
2015/4/1,80.03,80.52,79.39,79.64,4446200
2015/4/2,79.60,80.50,79.40,80.24,3555300
2015/4/3,79.60,80.50,79.40,80.24,3555300
2015/4/6,80.35,82.00,79.98,81.49,4495400
2015/4/7,81.22,81.43,80.50,80.54,3526300
2015/4/8,80.84,81.24,79.92,80.44,4196200
2015/4/9,80.50,81.21,80.28,80.68,4291900
2015/4/10,81.10,82.80,80.74,82.60,6831900
2015/4/13,82.60,82.61,81.60,82.14,5293900
2015/4/14,82.55,83.24,81.54,83.00,5898700
2015/4/15,83.29,85.73,83.00,85.16,9643800
2015/4/16,84.40,84.90,84.00,84.34,5692300
2015/4/17,83.50,83.59,82.66,83.28,5314000
2015/4/20,83.96,84.75,83.88,84.60,3914600
2015/4/21,84.66,84.97,83.61,83.92,5620900
2015/4/22,84.13,84.94,83.09,84.87,6520700
2015/4/23,86.85,87.50,83.85,84.79,18917600
2015/4/24,84.70,85.17,84.02,84.60,5848100
2015/4/27,84.77,85.94,84.40,85.33,5912000
2015/4/28,85.42,86.22,84.50,86.20,5736500
2015/4/29,85.69,87.92,85.46,87.50,7021800
2015/4/30,86.85,87.30,86.23,86.88,5460100
2015/5/1,87.69,88.28,86.76,87.37,4850100
2015/5/4,87.73,87.96,87.17,87.30,2754500
2015/5/5,87.57,88.22,86.70,87.00,4623700
2015/5/6,87.75,87.94,86.42,86.99,4464700
2015/5/7,86.65,86.88,85.89,86.43,3892800
2015/5/8,87.78,87.84,86.70,87.31,3577100
2015/5/11,88.40,89.44,88.09,88.77,6882600
2015/5/12,88.19,88.34,87.26,88.16,4066400
2015/5/13,88.59,89.07,88.21,88.44,3178300
2015/5/14,88.78,89.59,88.65,88.74,3228400
2015/5/15,88.50,88.56,87.60,88.43,3205000
2015/5/18,88.39,88.50,87.65,88.29,3074400
2015/5/19,87.89,87.91,86.51,87.24,5676800
2015/5/20,87.63,88.13,87.13,87.93,3841500
2015/5/21,88.23,89.62,87.94,89.33,8155500
2015/5/22,89.18,89.50,88.63,88.63,3483800
2015/5/25,89.18,89.50,88.63,88.63,3483800
2015/5/26,88.13,88.15,87.29,87.84,3149600
2015/5/27,87.99,88.82,87.65,87.92,4517100
2015/5/28,87.33,87.45,85.73,86.01,5899100
2015/5/29,85.74,86.33,85.11,85.32,4685700
2015/6/1,86.06,86.37,84.70,85.53,3976900
2015/6/2,85.21,86.68,85.07,86.17,2817800
2015/6/3,86.60,87.06,85.81,86.23,2841800
2015/6/4,85.50,86.40,85.32,85.47,3775200
2015/6/5,85.01,86.50,84.91,86.05,3937600
2015/6/8,85.80,86.48,85.78,86.15,3355800
2015/6/9,86.46,87.62,86.42,86.73,3984900
2015/6/10,87.45,88.71,87.36,88.48,4717100
2015/6/11,88.62,88.76,87.92,88.17,2872900
2015/6/12,87.95,88.41,87.57,87.85,2212800
2015/6/15,87.14,87.39,86.35,87.13,2721000
2015/6/16,86.79,87.02,86.24,86.59,2895000
2015/6/17,86.89,87.55,86.32,87.25,3402800
2015/6/18,86.83,87.74,86.83,87.44,3372600
2015/6/19,87.27,87.96,87.15,87.52,3910900
2015/6/22,87.97,88.32,87.71,88.27,3648600
2015/6/23,88.42,88.62,88.01,88.45,2539000
2015/6/24,88.79,88.81,88.07,88.17,3413600
2015/6/25,88.22,88.33,86.66,86.72,3239100
2015/6/26,86.50,86.95,85.81,86.82,4387300
2015/6/29,86.22,86.74,85.10,85.30,4747300
2015/6/30,86.09,86.25,84.80,84.82,4077900
2015/7/1,85.39,85.45,83.54,83.95,5296200
2015/7/2,84.53,84.78,83.85,84.38,2582200
2015/7/3,84.53,84.78,83.85,84.38,2582200
2015/7/6,83.65,84.15,82.73,83.15,4896600
2015/7/7,82.99,84.12,81.85,83.99,5192000
2015/7/8,83.05,83.23,81.76,82.27,4325100
2015/7/9,83.43,83.70,81.46,81.69,4570700
2015/7/10,82.64,82.91,81.87,82.15,3495000
2015/7/13,82.87,84.03,82.68,83.64,4228500
2015/7/14,83.53,84.68,83.52,84.46,3797700
2015/7/15,84.55,84.86,83.75,84.16,3661700
2015/7/16,84.75,84.89,83.41,83.76,3686000
2015/7/17,83.55,83.65,82.76,83.16,2931500
2015/7/20,83.06,83.29,82.14,82.25,4291400
2015/7/21,81.80,82.89,81.25,82.22,4691900
2015/7/22,81.00,81.12,79.15,79.76,10180700
2015/7/23,77.70,79.04,76.65,76.88,13909900
2015/7/24,76.91,77.09,75.85,76.10,9175900
2015/7/27,75.18,75.72,74.77,75.32,10269600
2015/7/28,75.92,78.15,75.79,77.78,15699000
2015/7/29,77.30,77.46,76.51,77.33,13794800
2015/7/30,76.98,78.37,76.68,78.35,7386200
2015/7/31,78.60,79.04,78.15,78.63,6203600
2015/8/3,78.42,78.43,76.75,77.26,6443300
2015/8/4,77.33,77.86,76.32,76.60,5822300
2015/8/5,77.50,77.92,76.72,76.88,4581900
2015/8/6,76.98,77.65,76.18,77.46,5609500
2015/8/7,77.52,78.15,76.94,77.29,7851300
2015/8/10,78.04,80.31,77.90,80.16,9041600
2015/8/11,78.73,78.93,77.23,78.04,8992500
2015/8/12,77.31,79.12,76.92,78.92,7236800
2015/8/13,78.55,78.58,77.70,77.76,5662500
2015/8/14,77.66,78.73,77.60,78.49,3811500
2015/8/17,78.13,78.64,77.21,78.54,5226800
2015/8/18,78.51,79.00,78.18,78.82,5146400
2015/8/19,78.25,78.54,77.05,77.41,5862700
2015/8/20,77.28,77.83,76.41,76.41,7767300
2015/8/21,75.94,76.30,74.96,75.00,11805500
2015/8/24,71.82,74.88,70.23,72.82,15209300
2015/8/25,75.22,75.49,72.03,72.06,9427200
2015/8/26,73.82,74.08,72.53,73.87,8288100
2015/8/27,75.04,76.22,74.23,75.66,8537700
2015/8/28,75.19,76.02,74.63,75.95,6649500
2015/8/31,75.32,76.77,74.90,76.44,7019600
2015/9/1,74.50,75.94,74.46,74.90,9053100
2015/9/2,75.90,76.16,74.95,76.10,5325900
2015/9/3,75.95,76.01,73.78,74.45,11077100
2015/9/4,73.00,73.66,72.35,73.10,12007300
2015/9/7,73.00,73.66,72.35,73.10,12007300
2015/9/8,74.58,74.62,73.56,74.30,5647800
2015/9/9,75.00,75.20,72.78,72.96,5859200
2015/9/10,72.89,73.31,72.03,72.42,6109100
2015/9/11,72.23,72.92,71.88,72.63,4413800
2015/9/14,72.35,72.89,72.01,72.77,4231800
2015/9/15,73.02,74.74,72.65,74.58,5109400
2015/9/16,74.85,75.87,74.58,75.64,5225800
2015/9/17,75.40,75.68,73.91,74.06,7745000
2015/9/18,73.33,73.50,71.61,71.86,9260100
2015/9/21,72.30,72.84,71.91,72.16,7594900
2015/9/22,71.12,71.80,70.64,71.68,5717300
2015/9/23,71.67,71.81,70.16,70.20,4754300
2015/9/24,66.20,66.70,64.65,65.80,22589600
2015/9/25,65.00,65.77,64.74,64.98,12365100
2015/9/28,64.24,64.32,62.99,63.79,12572000
2015/9/29,63.65,65.39,63.60,64.31,8784400
2015/9/30,64.95,65.64,64.15,65.36,7850300
2015/10/1,65.63,66.10,63.61,64.39,7933000
2015/10/2,63.79,65.73,63.10,65.70,8782700
2015/10/5,66.69,69.48,66.52,69.18,10661900
2015/10/6,69.54,71.15,69.08,70.82,9664100
2015/10/7,71.36,72.71,69.15,70.38,8307700
2015/10/8,70.32,72.18,69.85,71.84,6091600
2015/10/9,71.84,72.49,70.86,71.30,5573500
2015/10/12,71.51,71.53,70.32,70.50,4643500
2015/10/13,69.96,71.03,69.26,70.17,4724800
2015/10/14,70.11,71.06,69.57,70.71,4042700
2015/10/15,70.47,70.92,69.76,70.83,4547900
2015/10/16,70.62,70.83,69.11,69.68,8310000
2015/10/19,69.25,69.47,68.80,69.27,5712000
2015/10/20,68.86,71.19,68.51,70.27,6385800
2015/10/21,70.59,71.90,69.58,69.67,8679400
2015/10/22,67.92,72.83,67.81,70.88,13909200
2015/10/23,71.71,72.43,70.66,71.75,7942500
2015/10/26,71.79,72.30,71.42,71.52,6254500
2015/10/27,70.18,71.08,68.34,70.39,8280500
2015/10/28,70.75,72.11,70.48,71.97,5486900
2015/10/29,71.49,72.57,71.28,71.97,4321300
2015/10/30,72.27,73.28,71.63,72.99,7388700
2015/11/2,73.00,74.64,72.83,74.34,5876500
2015/11/3,74.44,75.32,74.20,74.75,5006100
2015/11/4,75.34,75.93,74.33,74.55,5477800
2015/11/5,74.65,75.56,73.21,74.22,6238900
2015/11/6,73.42,73.85,72.33,73.84,5538600
2015/11/9,73.43,73.61,71.48,71.89,5914800
2015/11/10,71.79,72.58,71.63,72.43,4373800
2015/11/11,72.54,72.85,71.82,71.91,4190700
2015/11/12,70.82,70.99,68.41,68.66,8731700
2015/11/13,68.70,70.13,68.50,69.63,6429600
2015/11/16,69.48,70.62,69.23,70.39,5167600
2015/11/17,70.13,70.36,69.05,69.39,4812000
2015/11/18,69.90,70.45,69.38,70.32,3788300
2015/11/19,69.50,70.11,68.60,70.02,6296000
2015/11/20,70.48,71.21,70.16,71.14,6495100
2015/11/23,70.98,71.90,70.89,71.02,3847600
2015/11/24,70.78,71.71,70.44,71.40,3846500
2015/11/25,71.74,71.89,70.72,71.49,3493000
2015/11/26,71.74,71.89,70.72,71.49,3493000
2015/11/27,71.18,71.53,70.70,71.22,1642100
2015/11/30,71.33,72.79,71.15,72.65,5632900
2015/12/1,72.33,72.64,70.85,71.56,6578400
2015/12/2,71.20,72.13,70.62,71.03,5068200
2015/12/3,71.15,71.22,69.37,69.64,8130800
2015/12/4,69.36,70.03,68.80,69.98,5252000
2015/12/7,68.68,68.73,67.72,68.36,6805900
2015/12/8,66.99,67.16,66.18,66.54,6866300
2015/12/9,66.30,67.02,65.16,65.91,8578000
2015/12/10,65.98,67.09,65.91,66.38,5768700
2015/12/11,65.38,66.10,64.48,65.43,7572600
2015/12/14,65.63,66.18,64.73,66.12,7371100
2015/12/15,65.46,66.96,65.24,66.75,6061200
2015/12/16,66.22,67.88,66.14,67.72,6747600
2015/12/17,67.18,67.51,64.88,64.90,6800000
2015/12/18,64.60,65.87,64.10,65.11,13490900
2015/12/21,65.59,65.82,64.38,65.24,5311500
2015/12/22,66.25,68.79,66.11,68.41,9697200
2015/12/23,69.59,70.49,68.99,69.89,7586300
2015/12/24,69.75,69.90,69.06,69.38,2322100
2015/12/25,69.75,69.90,69.06,69.38,2322100
2015/12/28,69.12,69.18,68.03,68.58,3884000
2015/12/29,69.22,69.57,68.62,69.19,3539500
2015/12/30,68.66,69.63,68.57,68.69,3158500
2015/12/31,68.45,69.10,67.94,67.96,4356400
2016/1/1,68.45,69.10,67.94,67.96,4356400
2016/1/4,66.88,68.08,65.72,67.99,8586900
2016/1/5,68.38,68.44,66.42,67.28,6139100
2016/1/6,65.98,66.85,65.62,66.22,6639300
2016/1/7,65.08,65.52,63.66,63.94,8601500
2016/1/8,64.33,64.53,62.93,63.29,8278500
2016/1/11,63.67,63.70,60.85,61.47,9669400
2016/1/12,62.44,62.50,60.39,61.60,8593100
2016/1/13,62.07,62.76,60.39,60.89,7237300
2016/1/14,61.24,62.97,60.38,62.27,9241800
2016/1/15,59.52,60.09,58.75,59.87,12674500
2016/1/18,59.52,60.09,58.75,59.87,12674500
2016/1/19,60.26,60.54,58.48,59.03,8501100
2016/1/20,58.08,59.38,56.36,58.81,10857700
2016/1/21,59.00,60.42,58.25,59.69,8798300
2016/1/22,61.23,62.56,60.60,60.98,7815600
2016/1/25,58.96,59.35,57.76,57.91,10971500
2016/1/26,58.40,59.66,58.09,59.16,8141900
2016/1/27,58.43,59.89,57.46,58.32,11013800
2016/1/28,62.01,62.45,58.57,61.08,13567000
2016/1/29,61.69,62.29,60.76,62.24,8221000
2016/2/1,61.97,63.08,61.38,62.70,5955700
2016/2/2,61.28,61.55,60.48,60.67,6282300
2016/2/3,61.47,63.60,59.80,63.27,8332100
2016/2/4,63.60,66.99,63.60,65.96,12598000
2016/2/5,65.67,66.76,65.18,66.12,7463700
2016/2/8,65.42,65.64,63.66,64.58,6315500
2016/2/9,63.90,64.41,63.12,63.93,5638500
2016/2/10,64.27,64.38,62.00,62.14,5955400
2016/2/11,60.91,62.31,60.51,61.41,7055000
2016/2/12,61.99,63.47,61.82,63.15,4297400
2016/2/15,61.99,63.47,61.82,63.15,4297400
2016/2/16,64.16,65.55,63.51,65.21,4819400
2016/2/17,66.00,67.79,65.72,67.26,7373800
2016/2/18,67.15,67.60,65.14,66.12,6175500
2016/2/19,64.92,65.52,64.08,65.42,4994900
2016/2/22,65.42,67.52,65.42,67.31,5787700
2016/2/23,67.11,67.24,65.70,65.78,5599400
2016/2/24,64.70,65.97,63.07,65.88,6439200
2016/2/25,65.89,66.47,64.84,66.47,4277200
2016/2/26,67.39,68.00,66.45,66.87,4149800
2016/2/29,67.14,68.58,66.49,67.70,8643200
2016/3/1,68.44,69.49,67.34,69.09,4451600
2016/3/2,68.75,69.93,68.21,69.38,4801300
2016/3/3,69.62,72.08,69.39,71.75,7172700
2016/3/4,72.09,73.96,71.54,72.84,9521500
2016/3/7,72.80,75.73,72.80,74.77,10740400
2016/3/8,73.78,74.11,71.52,71.73,8748400
2016/3/9,72.33,72.70,71.26,71.87,4907900
2016/3/10,72.03,72.03,70.49,71.36,6352400
2016/3/11,72.36,73.10,72.28,72.80,4787000
2016/3/14,72.73,73.44,72.13,72.73,5060000
2016/3/15,71.44,72.47,70.86,72.44,4674400
2016/3/16,72.59,74.51,72.20,74.34,6641200
2016/3/17,74.20,76.30,73.52,75.90,13316000
2016/3/18,76.08,76.94,74.64,75.47,13750200
2016/3/21,75.53,76.35,75.04,75.89,4315700
2016/3/22,75.59,76.08,75.24,75.55,3625600
2016/3/23,74.97,75.12,73.57,73.68,5352900
2016/3/24,72.93,75.35,72.73,75.29,7036100
2016/3/25,72.93,75.35,72.73,75.29,7036100
2016/3/28,75.15,75.55,74.46,75.32,3425400
2016/3/29,74.97,76.05,74.19,76.01,4085000
2016/3/30,76.94,77.25,76.01,76.51,4886800
2016/3/31,76.30,77.13,76.24,76.54,4348700
2016/4/1,75.65,76.87,74.67,76.79,4878300
2016/4/4,76.56,77.04,75.42,75.72,4349500
2016/4/5,75.32,75.85,74.60,75.24,4386800
2016/4/6,75.52,75.57,73.70,75.22,4929800
2016/4/7,74.49,74.68,73.76,74.17,4800800
2016/4/8,75.03,75.25,74.00,74.35,4911000
2016/4/11,74.61,75.78,74.61,74.63,3904800
2016/4/12,75.06,76.74,74.47,76.10,5129600
2016/4/13,76.87,79.16,76.56,79.13,9365700
2016/4/14,79.44,79.72,78.37,79.05,5372300
2016/4/15,79.38,79.78,78.73,79.17,5508500
2016/4/18,78.47,79.87,78.14,79.25,4822200
2016/4/19,79.99,80.89,79.46,80.39,6283500
2016/4/20,80.25,80.60,79.30,79.74,5356800
2016/4/21,78.75,79.58,78.19,78.66,6509100
2016/4/22,78.93,79.18,77.20,78.32,10099600
2016/4/25,78.50,78.86,76.20,76.79,8079800
2016/4/26,77.15,77.74,76.47,77.65,6085900
2016/4/27,77.98,78.89,77.60,78.68,4459300
2016/4/28,78.03,79.17,77.60,77.75,4844600
2016/4/29,78.02,79.00,77.32,77.72,7702700
2016/5/2,77.35,78.07,76.62,77.84,3330100
2016/5/3,76.85,77.10,75.58,76.36,4790900
2016/5/4,76.18,76.31,73.90,74.24,6938100
2016/5/5,74.15,74.60,72.70,72.79,8071200
2016/5/6,72.16,73.42,71.62,73.36,6942800
2016/5/9,72.33,72.63,70.57,70.78,9405000
2016/5/10,70.78,72.71,70.59,72.51,6507300
2016/5/11,72.85,73.61,72.36,72.43,4691900
2016/5/12,72.92,73.24,71.18,71.70,4526500
2016/5/13,71.63,71.78,70.06,70.07,6417200
2016/5/16,70.39,71.70,70.10,70.70,4515900
2016/5/17,70.70,72.18,70.45,71.05,4841900
2016/5/18,70.62,71.87,70.08,70.59,5166000
2016/5/19,69.93,70.12,69.04,69.43,6137100
2016/5/20,70.00,70.78,69.75,69.87,5731600
2016/5/23,69.80,70.95,69.59,70.40,4002000
2016/5/24,70.78,71.25,70.25,71.09,3872400
2016/5/25,71.63,72.70,71.26,72.57,5035400
2016/5/26,73.24,73.59,72.06,72.08,4146400
2016/5/27,72.15,72.20,71.50,71.96,3002100
2016/5/30,72.15,72.20,71.50,71.96,3002100
2016/5/31,72.03,73.17,71.95,72.51,4072600
2016/6/1,71.98,72.49,71.27,72.27,2699900
2016/6/2,72.60,73.64,72.28,73.62,4615300
2016/6/3,73.65,75.14,73.10,75.04,6619300
2016/6/6,75.36,76.53,75.11,76.42,4775100
2016/6/7,76.53,77.28,76.44,76.81,4235200
2016/6/8,77.50,78.70,77.26,78.11,5987800
2016/6/9,77.39,77.50,76.64,77.16,3784600
2016/6/10,76.32,76.56,75.38,76.03,4879500
2016/6/13,75.70,76.34,75.23,75.23,4086700
2016/6/14,75.06,75.55,73.95,74.86,4058400
2016/6/15,75.19,75.95,74.34,75.07,3802000
2016/6/16,74.41,75.14,73.35,74.99,4064800
2016/6/17,75.35,76.66,75.24,75.93,5442000
2016/6/20,76.91,77.35,76.39,76.43,4090800
2016/6/21,76.45,76.90,76.01,76.49,3292100
2016/6/22,76.89,77.09,76.18,76.43,3056800
2016/6/23,77.66,78.25,77.22,78.22,3600800
2016/6/24,75.20,75.61,72.99,73.03,12179500
2016/6/27,72.50,72.71,70.53,71.38,7337400
2016/6/28,72.24,72.90,71.51,72.52,4743700
2016/6/29,73.25,74.40,72.79,74.23,4015400
2016/6/30,74.17,75.85,73.97,75.81,4695500
2016/7/1,75.38,76.99,75.32,76.45,4630100
2016/7/4,75.38,76.99,75.32,76.45,4630100
2016/7/5,75.66,75.95,73.70,74.38,4776300
2016/7/6,74.59,74.87,73.46,74.83,3740500
2016/7/7,75.07,75.73,74.38,75.05,3080900
2016/7/8,75.92,77.43,75.78,77.37,5491500
2016/7/11,78.00,78.54,77.32,77.80,4511300
2016/7/12,78.72,79.94,78.30,79.80,5545800
2016/7/13,79.98,80.33,79.07,79.69,5162500
2016/7/14,80.50,81.00,79.97,80.06,5441700
2016/7/15,80.49,80.80,80.16,80.70,4642100
2016/7/18,79.88,79.89,78.87,79.82,4136700
2016/7/19,79.34,79.77,79.15,79.74,3308400
2016/7/20,79.45,79.86,78.93,79.69,4185500
2016/7/21,80.45,81.38,79.74,80.01,6472300
2016/7/22,79.78,79.79,78.86,79.38,4133800
2016/7/25,79.15,79.19,78.34,78.69,5798100
2016/7/26,79.04,83.00,78.74,82.75,11007600
2016/7/27,82.72,84.29,82.72,84.10,8460900
2016/7/28,83.70,83.71,82.45,82.92,5065600
2016/7/29,82.80,83.14,82.13,82.76,4274200
2016/8/1,82.76,82.88,81.53,81.95,3377100
2016/8/2,82.00,82.19,80.92,81.24,3909500
2016/8/3,81.15,82.30,80.93,82.03,3101700
2016/8/4,81.82,82.54,81.40,81.77,2407500
2016/8/5,82.22,82.96,82.00,82.56,3286100
2016/8/8,83.00,83.79,82.80,83.44,3544800
2016/8/9,83.52,83.75,82.70,82.83,2314900
2016/8/10,83.31,83.31,82.48,82.65,2290300
2016/8/11,83.00,83.65,82.99,83.24,2229300
2016/8/12,83.26,83.78,82.58,83.00,4342800
2016/8/15,83.00,84.28,82.96,84.15,4056000
2016/8/16,84.21,84.36,83.64,84.29,3161800
2016/8/17,84.41,84.73,83.84,84.41,2983400
2016/8/18,83.41,83.61,82.51,83.38,5003100
2016/8/19,83.06,84.38,82.76,83.84,3823900
2016/8/22,83.62,83.78,83.00,83.59,2885000
2016/8/23,83.98,84.68,83.95,84.01,3178400
2016/8/24,83.41,84.10,82.97,83.15,2200600
2016/8/25,83.07,83.17,82.59,82.84,3082900
2016/8/26,83.21,83.90,82.28,82.66,3596800
2016/8/29,82.51,83.35,82.41,83.10,2253600
2016/8/30,82.86,83.15,82.31,82.48,3468700
2016/8/31,82.06,82.34,81.61,81.95,4041700
2016/9/1,81.59,82.00,80.57,81.45,4102200
2016/9/2,82.19,82.37,81.47,81.69,2449400
2016/9/5,82.19,82.37,81.47,81.69,2449400
2016/9/6,82.01,82.23,81.48,82.08,3071000
2016/9/7,82.50,83.73,82.41,83.72,3996700
2016/9/8,83.50,83.96,83.08,83.54,3400500
2016/9/9,82.89,83.00,80.76,80.79,5311600
2016/9/12,80.27,82.12,80.10,81.92,4110800
2016/9/13,81.10,81.26,79.93,80.23,4740600
2016/9/14,80.38,81.62,80.23,81.02,5324800
2016/9/15,80.83,82.35,80.74,82.03,3499400
2016/9/16,81.62,82.08,81.21,82.05,6715400
2016/9/19,82.18,82.35,81.35,81.88,4351200
2016/9/20,82.46,82.67,81.66,81.70,2774600
2016/9/21,82.30,83.49,82.01,83.47,4264300
2016/9/22,83.97,84.45,83.31,83.50,3925200
2016/9/23,83.51,83.58,82.39,82.44,3031500
2016/9/26,82.20,82.68,82.01,82.37,3340800
2016/9/27,82.19,82.88,81.67,82.88,4295600
2016/9/28,83.25,86.66,83.14,86.59,9497100
2016/9/29,86.28,88.85,86.28,87.47,10616400
2016/9/30,87.99,88.98,87.81,88.77,6379100
2016/10/3,88.23,89.19,88.17,88.28,4294600
2016/10/4,88.50,88.95,87.18,87.51,4743300
2016/10/5,88.12,89.87,88.04,89.42,5189500
2016/10/6,88.96,89.66,88.71,89.29,3786900
2016/10/7,89.52,89.74,87.94,88.47,3774200
2016/10/10,89.10,89.50,88.14,88.22,3785700
2016/10/11,89.10,89.32,87.26,87.47,6471900
2016/10/12,87.50,87.75,87.02,87.58,3950000
2016/10/13,86.90,87.07,86.26,86.97,5677000
2016/10/14,87.83,88.42,87.56,87.67,3601000
2016/10/17,87.38,87.72,86.90,87.29,4479700
2016/10/18,88.11,88.20,86.77,87.22,3715700
2016/10/19,87.31,88.28,86.86,88.00,5943900
2016/10/20,87.06,87.27,86.23,86.63,4576600
2016/10/21,85.73,86.63,85.36,86.33,3592500
2016/10/24,86.12,87.13,85.54,85.99,5096500
2016/10/25,85.86,87.65,83.88,84.48,11639200
2016/10/26,83.81,84.39,82.88,84.13,6582100
2016/10/27,84.28,84.34,82.71,83.01,5003200
2016/10/28,83.32,84.17,83.00,83.88,4974000
2016/10/31,84.19,84.38,83.41,83.46,4679400
2016/11/1,83.47,83.65,81.65,82.24,5139600
2016/11/2,82.15,82.15,80.33,81.11,5228600
2016/11/3,81.64,81.67,80.68,81.27,3859000
2016/11/4,81.34,82.90,80.59,82.31,5745800
2016/11/7,83.74,84.16,82.97,83.75,3786400
2016/11/8,83.77,85.00,83.06,84.68,3407700
2016/11/9,89.78,93.20,89.36,91.20,19281900
2016/11/10,92.04,94.95,91.84,93.45,14174400
2016/11/11,93.39,94.34,91.82,93.01,7369900
2016/11/14,93.25,95.50,93.02,94.17,7552800
2016/11/15,93.46,94.46,92.64,94.44,4645400
2016/11/16,93.77,94.40,92.84,93.35,3297200
2016/11/17,93.50,93.50,92.40,92.78,3942200
2016/11/18,93.01,93.40,91.90,92.34,4715900
2016/11/21,93.13,93.85,92.78,92.90,3783200
2016/11/22,93.40,93.71,92.80,93.62,3172800
2016/11/23,94.81,96.42,94.22,96.18,6535900
2016/11/24,94.81,96.42,94.22,96.18,6535900
2016/11/25,95.96,96.44,95.21,95.81,2006900
2016/11/28,95.51,95.86,94.47,94.90,4916000
2016/11/29,94.00,94.57,93.63,94.04,3806000
2016/11/30,95.75,95.90,94.35,95.56,4641900
2016/12/1,96.00,97.39,94.05,96.24,9361600
2016/12/2,95.36,96.15,94.93,95.14,5038300
2016/12/5,95.87,95.99,94.15,94.45,4980300
2016/12/6,94.10,95.31,94.07,95.22,3663100
2016/12/7,95.25,97.33,94.93,97.33,4901100
2016/12/8,97.26,97.40,96.13,96.27,3861600
2016/12/9,96.23,96.30,95.19,95.53,6550200
2016/12/12,96.01,96.65,94.91,95.08,3596700
2016/12/13,95.74,96.50,95.18,96.02,3803300
2016/12/14,95.77,96.00,93.61,93.74,5647400
2016/12/15,93.80,94.73,93.05,94.53,4200100
2016/12/16,94.35,94.48,92.53,92.58,7872700
2016/12/19,91.93,92.78,91.00,92.71,3856300
2016/12/20,93.64,94.83,93.30,94.34,4302400
2016/12/21,94.26,94.30,93.68,93.82,2829300
2016/12/22,93.78,94.45,93.72,94.12,2534900
2016/12/23,93.79,94.40,93.64,94.32,1545900
2016/12/26,93.79,94.40,93.64,94.32,1545900
2016/12/27,94.34,94.80,94.10,94.55,1735200
2016/12/28,94.60,94.90,92.82,93.15,2700300
2016/12/29,93.28,93.85,93.00,93.29,2387200
2016/12/30,93.04,93.25,92.33,92.74,3471200
2017/1/2,93.04,93.25,92.33,92.74,3471200
2017/1/3,94.00,95.19,93.25,93.99,5054900
2017/1/4,94.46,94.50,93.43,93.57,3772100
2017/1/5,93.18,94.46,92.42,93.00,4698800
2017/1/6,93.45,93.60,92.41,93.04,4023100
2017/1/9,92.93,93.49,92.20,92.37,3095000
2017/1/10,92.98,94.44,92.77,93.83,3980200
2017/1/11,94.47,94.75,93.39,94.65,3720500
2017/1/12,94.37,94.37,92.78,93.99,3102700
2017/1/13,94.07,94.63,93.68,94.48,2609500
2017/1/16,94.07,94.63,93.68,94.48,2609500
2017/1/17,94.24,94.29,93.22,93.57,5040300
2017/1/18,92.79,93.42,92.53,93.33,3425700
2017/1/19,93.58,93.98,92.96,93.38,3540100
2017/1/20,94.01,95.00,93.62,94.58,5045200
2017/1/23,94.60,94.74,93.56,94.46,3254900
2017/1/24,95.02,96.73,94.80,96.24,5768200
2017/1/25,97.82,98.59,97.32,98.15,7557900
2017/1/26,98.45,98.98,96.02,97.22,9097300
2017/1/27,97.69,99.46,97.50,98.99,6371400
2017/1/30,98.40,98.59,96.57,96.79,5221800
2017/1/31,96.59,96.63,94.59,95.66,5724700
2017/2/1,95.81,96.52,94.40,95.11,3582500
2017/2/2,94.77,95.13,93.50,93.77,3807500
2017/2/3,94.32,94.45,92.81,93.28,4677900
2017/2/6,92.81,93.12,92.43,92.87,4621300
2017/2/7,94.32,94.92,93.02,93.31,4995600
2017/2/8,93.00,93.00,92.11,92.91,4083500
2017/2/9,93.06,94.18,92.69,93.96,3994300
2017/2/10,94.87,96.62,94.50,96.31,5600200
2017/2/13,97.69,99.05,97.16,98.50,6995100
2017/2/14,98.29,98.74,97.26,98.09,4342600
2017/2/15,98.11,99.02,98.00,99.02,4326000
2017/2/16,99.05,99.07,97.80,98.26,3062400
2017/2/17,98.07,98.95,97.54,98.85,3631500
2017/2/20,98.07,98.95,97.54,98.85,3631500
2017/2/21,98.87,99.20,97.92,98.10,3916600
2017/2/22,98.04,98.73,97.62,98.20,3031100
2017/2/23,98.44,98.50,95.12,95.55,6024800
2017/2/24,94.86,95.50,93.50,95.48,5018200
2017/2/27,95.48,97.52,95.12,97.44,5445000
2017/2/28,97.24,97.60,96.44,96.66,3951700
2017/3/1,98.20,98.97,97.43,98.58,5564900
2017/3/2,98.49,98.73,92.84,94.36,23059200
2017/3/3,94.36,95.90,94.21,95.12,8163300
2017/3/6,94.32,95.94,94.10,95.66,4706100
2017/3/7,95.65,96.23,94.76,95.93,4683100
2017/3/8,94.10,95.48,92.86,93.23,9370400
2017/3/9,92.45,93.22,90.41,91.39,9260900
2017/3/10,91.89,93.10,90.81,92.31,7169000
2017/3/13,93.33,93.53,92.26,92.64,4376100
2017/3/14,91.22,92.00,90.62,91.86,5781100
2017/3/15,92.37,93.79,92.06,93.36,6434600
2017/3/16,93.97,94.09,92.64,92.85,3717900
2017/3/17,92.99,93.32,92.65,92.91,7141400
2017/3/20,93.13,95.48,92.89,95.40,6516200
2017/3/21,95.38,95.39,92.09,92.43,7720200
2017/3/22,92.00,93.13,91.72,92.43,5035600
2017/3/23,92.45,93.00,91.96,92.23,2585700
2017/3/24,92.24,93.24,91.56,92.15,3634600
2017/3/27,90.90,91.97,90.34,91.51,3425700
2017/3/28,91.56,93.16,91.51,92.95,3866100
2017/3/29,92.76,93.25,92.40,92.86,2513700
2017/3/30,92.98,93.37,92.40,93.22,3672600
2017/3/31,92.63,93.24,92.02,92.76,4020600
2017/4/3,92.43,92.84,91.00,92.27,3685800
2017/4/4,93.89,94.78,93.06,94.13,5797500
2017/4/5,94.92,96.73,93.96,94.24,6061300
2017/4/6,94.42,96.42,94.26,95.82,5421600
2017/4/7,95.87,96.62,95.42,95.52,4463800
2017/4/10,96.31,97.89,96.10,97.14,5168300
2017/4/11,97.30,97.31,95.67,97.10,4250400
2017/4/12,96.69,96.77,94.66,94.86,4773900
2017/4/13,94.60,94.86,93.09,93.10,4706000
2017/4/14,94.60,94.86,93.09,93.10,4706000
2017/4/17,93.69,94.35,93.49,94.14,3719100
2017/4/18,93.50,94.54,93.12,94.39,3310400
2017/4/19,94.86,95.97,93.29,93.47,5550400
2017/4/20,93.28,94.96,92.98,94.66,4852500
2017/4/21,95.19,95.25,93.81,94.32,4128700
2017/4/24,95.84,97.06,95.80,96.81,6739400
2017/4/25,102.88,104.89,102.00,104.42,18383500
2017/4/26,103.80,105.98,103.64,104.66,9856100
2017/4/27,104.05,104.24,102.56,102.68,6727400
2017/4/28,102.83,103.53,102.23,102.26,4016000
2017/5/1,102.65,102.99,101.41,102.00,4512100
2017/5/2,102.27,102.71,101.25,101.51,4516400
2017/5/3,101.04,102.17,100.78,101.54,4278400
2017/5/4,101.44,101.50,98.64,99.39,7271600
2017/5/5,99.50,99.99,99.02,99.64,4086800
2017/5/8,99.48,100.10,98.94,99.37,5094600
2017/5/9,99.72,100.21,99.25,99.29,9742000
2017/5/10,99.72,100.71,99.30,100.36,4696700
2017/5/11,101.90,101.92,100.15,100.99,5220300
2017/5/12,100.59,100.95,100.17,100.71,4112000
2017/5/15,101.59,102.56,101.41,102.42,3756100
2017/5/16,102.75,102.80,101.27,102.34,3115900
2017/5/17,102.34,102.34,99.89,100.14,4618500
2017/5/18,99.14,100.67,97.74,100.22,5931500
2017/5/19,101.57,102.86,101.27,102.43,4636500
2017/5/22,102.67,103.05,101.81,102.29,4376300
2017/5/23,102.30,103.75,102.06,103.63,3327200
2017/5/24,103.33,104.91,103.15,103.95,5170900
2017/5/25,104.45,105.94,104.24,105.02,5220000
2017/5/26,105.00,105.71,104.62,105.66,2894100
2017/5/29,105.00,105.71,104.62,105.66,2894100
2017/5/30,105.26,105.86,105.01,105.47,3211700
2017/5/31,105.25,105.76,103.60,105.43,4131400
2017/6/1,105.77,106.43,105.16,105.65,4211300
2017/6/2,105.67,106.76,105.18,105.95,3702800
2017/6/5,105.58,107.17,105.14,105.20,4319500
2017/6/6,104.79,105.52,104.06,104.55,3800200
2017/6/7,104.30,104.69,102.45,103.51,5121700
2017/6/8,103.51,105.39,103.51,105.01,4649300
2017/6/9,105.09,107.02,105.03,105.92,3881000
2017/6/12,105.92,106.35,104.90,106.07,4167400
2017/6/13,106.18,106.66,105.51,105.75,3522700
2017/6/14,105.80,105.99,103.99,104.71,4100200
2017/6/15,103.80,106.64,103.80,106.40,5974100
2017/6/16,106.76,107.91,106.40,107.60,7350400
2017/6/19,107.95,108.04,106.67,107.49,4347600
2017/6/20,108.06,108.18,106.92,107.04,5314100
2017/6/21,106.63,106.76,103.15,103.47,6274100
2017/6/22,103.57,104.66,103.49,103.84,3652500
2017/6/23,102.50,104.27,102.30,104.11,12089800
2017/6/26,104.66,105.63,103.44,104.25,2857700
2017/6/27,104.50,105.23,103.69,103.93,3380700
2017/6/28,104.85,106.63,104.76,106.45,4118300
2017/6/29,106.45,106.97,104.81,105.64,3550000
2017/6/30,106.10,108.04,105.83,107.46,4702100
2017/7/3,106.51,107.84,106.48,106.97,2404900
2017/7/4,106.51,107.84,106.48,106.97,2404900
2017/7/5,107.00,107.88,106.65,107.49,3483600
2017/7/6,107.23,107.89,106.30,106.51,2921700
2017/7/7,106.61,107.58,105.85,106.92,2767900
2017/7/10,106.73,108.49,106.24,107.84,2951500
2017/7/11,107.91,108.47,107.05,108.24,2559900
2017/7/12,108.92,110.00,108.84,108.96,3611600
2017/7/13,108.89,109.25,107.97,108.47,3051100
2017/7/14,108.55,109.36,108.05,108.77,4480200
2017/7/17,108.00,109.38,107.98,108.84,2969500
2017/7/18,108.22,108.22,106.57,107.07,3984400
2017/7/19,107.30,108.00,107.14,107.85,2857900
2017/7/20,107.88,108.15,107.06,107.32,3759700
2017/7/21,106.71,106.95,105.11,106.59,4258100
2017/7/24,107.86,108.50,107.29,108.18,5980400
2017/7/25,113.24,114.89,111.80,114.54,14264600
2017/7/26,114.25,114.54,113.08,113.52,5741200
2017/7/27,113.72,114.39,113.25,114.37,5583500
2017/7/28,114.45,114.90,113.48,114.10,4704500
2017/7/31,114.50,114.66,113.69,113.95,4477200
2017/8/1,114.27,114.43,112.52,113.10,3683700
2017/8/2,113.15,113.58,112.09,113.09,2830600
2017/8/3,112.85,113.72,112.85,113.56,2438900
2017/8/4,113.88,114.64,113.45,114.35,2631900
2017/8/7,114.48,114.99,114.30,114.71,2269400
2017/8/8,114.59,115.25,114.19,114.41,2601200
2017/8/9,114.39,115.46,114.11,114.34,3170100
2017/8/10,113.89,114.13,112.86,113.15,3186700
2017/8/11,113.07,113.67,112.75,112.85,2130300
2017/8/14,113.46,114.37,113.27,113.71,1968900
2017/8/15,114.00,114.23,113.32,113.65,2826800
2017/8/16,113.81,114.51,113.63,114.12,2268600
2017/8/17,114.00,114.37,113.14,113.14,2905100
2017/8/18,112.99,114.64,112.69,113.92,3875700
2017/8/21,113.75,114.09,113.27,113.60,3137400
2017/8/22,114.21,115.86,114.00,115.82,3881100
2017/8/23,115.00,115.38,114.75,114.75,2447600
2017/8/24,115.00,115.05,114.39,114.78,1861200
2017/8/25,115.47,116.64,115.15,115.35,3282200
2017/8/28,115.76,116.06,114.66,115.07,2011000
2017/8/29,114.38,116.60,114.30,116.01,4355700
2017/8/30,116.12,117.69,115.88,117.55,3401000
2017/8/31,117.95,118.83,117.35,117.49,3357700
2017/9/1,117.49,118.82,117.40,118.28,2992200
2017/9/4,117.49,118.82,117.40,118.28,2992200
2017/9/5,118.14,119.13,117.82,118.30,3826800
2017/9/6,118.75,119.19,116.98,116.98,4292600
2017/9/7,117.38,117.93,116.50,117.77,3270100
2017/9/8,117.23,118.85,117.00,117.82,2787000
2017/9/11,118.82,118.92,117.47,118.87,3527500
2017/9/12,119.19,121.39,119.06,120.94,5554000
2017/9/13,120.50,121.00,119.41,119.63,2532200
2017/9/14,119.79,120.79,119.21,120.48,2904900
2017/9/15,121.01,121.57,120.31,121.37,4610100
2017/9/18,123.62,124.43,122.85,123.83,4349000
2017/9/19,123.96,124.93,123.76,124.74,3050000
2017/9/20,124.97,125.28,124.18,124.85,3151600
2017/9/21,124.52,125.04,123.82,124.79,2615400
2017/9/22,124.58,125.42,124.35,124.43,2616700
2017/9/25,124.37,124.78,123.65,124.32,3268500
2017/9/26,124.70,125.07,124.32,124.51,2301900
2017/9/27,125.21,125.42,124.34,124.52,2140600
2017/9/28,123.91,125.28,123.62,125.23,2067800
2017/9/29,125.35,125.55,124.51,124.71,2273500
2017/10/2,124.40,124.83,123.95,124.72,2502600
2017/10/3,124.98,125.53,124.35,125.51,2166100
2017/10/4,125.69,127.09,125.60,126.74,2792300
2017/10/5,126.80,126.91,126.01,126.40,2496200
2017/10/6,126.12,126.99,125.98,126.93,2697400
2017/10/9,126.92,126.93,125.94,126.88,1979600
2017/10/10,127.52,128.29,127.27,128.19,4414300
2017/10/11,128.17,128.85,127.67,128.60,2177800
2017/10/12,128.40,130.16,128.38,129.99,3372300
2017/10/13,131.00,131.41,129.20,130.71,3478200
2017/10/16,131.25,132.12,130.94,131.47,2914200
2017/10/17,131.14,131.47,130.32,130.54,2380300
2017/10/18,130.50,131.65,130.50,131.29,2511400
2017/10/19,131.00,131.63,129.40,131.55,4837600
2017/10/20,131.34,131.91,130.48,131.36,3086800
2017/10/23,131.95,132.34,131.16,131.68,5549500
2017/10/24,140.06,140.44,136.63,138.24,18886700
2017/10/25,137.21,137.83,134.79,136.84,7438600
2017/10/26,136.88,138.24,136.85,136.94,5745400
2017/10/27,136.92,138.40,136.90,137.81,4064600
2017/10/30,137.30,137.81,136.48,136.49,3044500
2017/10/31,136.50,136.62,135.08,135.80,3988300
2017/11/1,135.67,137.30,135.43,136.29,3629000
2017/11/2,136.42,136.99,135.69,136.47,2722600
2017/11/3,136.48,136.95,136.36,136.63,2105400
2017/11/6,136.80,138.45,136.79,137.71,2780900
2017/11/7,137.80,138.90,136.66,138.81,3222100
2017/11/8,138.40,138.75,137.18,137.29,1933300
2017/11/9,136.44,136.75,134.65,135.34,2940300
2017/11/10,135.09,136.89,135.07,136.48,2016900
2017/11/13,135.53,136.55,134.87,136.53,1894100
2017/11/14,138.00,138.12,136.47,137.54,3041300
2017/11/15,136.48,136.76,133.81,134.10,3746200
2017/11/16,135.47,137.41,135.10,136.36,2812900
2017/11/17,135.80,136.36,135.02,136.13,2312700
2017/11/20,136.44,137.81,136.25,136.91,2124000
2017/11/21,137.77,138.00,137.17,137.60,2221400
2017/11/22,138.22,138.42,137.20,138.01,4887500
2017/11/23,138.22,138.42,137.20,138.01,4887500
2017/11/24,138.10,138.42,137.34,137.39,944400
2017/11/27,137.47,138.27,136.89,137.19,2585400
2017/11/28,137.51,139.00,137.27,138.99,2592700
2017/11/29,138.17,139.21,137.20,138.06,3098200
2017/11/30,138.90,141.33,137.11,141.15,7507800
2017/12/1,141.60,142.40,138.38,141.52,5481600
2017/12/4,144.25,145.19,141.44,141.50,4922300
2017/12/5,141.75,142.19,139.73,140.14,3884100
2017/12/6,140.15,141.14,139.50,140.34,2881400
2017/12/7,139.78,143.00,139.19,142.89,2977100
2017/12/8,143.87,144.32,142.93,143.86,2490100
2017/12/11,144.63,144.71,143.48,143.77,1913500
2017/12/12,144.04,144.80,143.21,143.42,3397100
2017/12/13,144.18,149.05,144.07,148.57,6486500
2017/12/14,148.85,149.00,145.88,146.28,4616900
2017/12/15,147.35,147.84,145.49,146.69,7931700
2017/12/18,147.75,149.81,146.80,149.77,3534800
2017/12/19,149.90,151.09,148.53,150.91,3554100
2017/12/20,151.93,152.60,150.70,152.52,3076000
2017/12/21,152.69,155.10,151.81,154.64,4017400
2017/12/22,154.77,155.80,153.95,155.75,2486400
2017/12/25,154.77,155.80,153.95,155.75,2486400
2017/12/26,156.04,156.98,155.66,156.44,1870600
2017/12/27,156.94,157.69,156.31,157.52,2520500
2017/12/28,157.94,158.65,157.23,158.42,4064000
2017/12/29,158.05,158.50,157.51,157.58,2616100
2018/1/1,158.05,158.50,157.51,157.58,2616100
2018/1/2,158.30,159.39,156.03,157.04,5108400
2018/1/3,157.04,157.49,155.40,157.28,4146100
2018/1/4,157.89,159.58,157.02,159.44,4865800
2018/1/5,160.26,162.05,159.64,161.96,3945400
2018/1/8,164.11,166.43,162.55,166.03,5929200
2018/1/9,166.33,167.41,165.09,166.43,4522900
2018/1/10,165.90,167.53,164.50,165.87,5478600
2018/1/11,166.90,169.53,165.64,169.20,4199000
2018/1/12,169.99,170.67,169.23,170.30,4127900
2018/1/15,169.99,170.67,169.23,170.30,4127900
2018/1/16,172.90,173.24,167.57,169.31,8530600
2018/1/17,169.32,170.11,168.50,168.50,5571400
2018/1/18,169.33,170.76,168.09,168.83,4668800
2018/1/19,169.63,170.45,168.61,170.41,5796700
2018/1/22,170.32,170.91,168.48,170.89,3540900
2018/1/23,172.00,172.05,169.20,169.43,5036500
2018/1/24,171.40,172.45,167.67,168.34,8241000
2018/1/25,173.10,173.10,162.46,169.37,16937100
2018/1/26,168.81,169.00,164.55,167.06,9045300
2018/1/29,165.58,165.88,159.42,162.58,9496800
2018/1/30,160.33,164.71,159.81,163.76,8694800
2018/1/31,164.70,165.79,161.89,162.78,7014000
2018/2/1,161.24,163.74,160.18,162.24,4323600
2018/2/2,160.77,160.80,156.53,157.49,7602800
2018/2/5,154.93,158.93,142.85,151.08,11390500
2018/2/6,148.07,156.56,146.81,156.41,13908700
2018/2/7,155.36,158.09,154.28,154.34,7156500
2018/2/8,153.85,154.19,145.92,145.99,9101900
2018/2/9,148.71,150.89,142.88,149.21,9528100
2018/2/12,151.87,153.45,150.25,152.29,5756800
2018/2/13,151.25,155.20,151.00,153.97,5512100
2018/2/14,152.39,158.59,152.34,158.06,5560100
2018/2/15,159.80,160.34,157.48,159.98,4914500
2018/2/16,160.13,161.00,156.09,156.29,5991600
2018/2/19,160.13,161.00,156.09,156.29,5991600
2018/2/20,155.17,158.25,154.27,155.56,5094600
2018/2/21,155.70,158.40,155.04,155.23,4179400
2018/2/22,156.41,159.78,156.20,158.86,4723300
2018/2/23,159.40,162.48,159.22,162.41,4450800
2018/2/26,163.05,164.05,161.55,163.69,6254400
2018/2/27,163.26,164.60,161.24,161.26,4127700
2018/2/28,161.50,162.34,154.17,154.63,7298600
2018/3/1,153.67,156.19,148.51,150.23,9434800
2018/3/2,149.13,149.88,145.86,146.38,9509400
2018/3/5,145.15,151.86,144.01,151.12,8453000
2018/3/6,152.64,154.98,151.67,153.75,5795600
2018/3/7,150.00,152.27,148.81,151.51,5491000
2018/3/8,151.73,153.97,150.29,153.59,4105000
2018/3/9,155.12,158.42,154.33,158.25,4576700
2018/3/12,158.24,159.34,153.85,154.50,4880400
2018/3/13,156.30,157.87,153.20,153.69,4819100
2018/3/14,154.80,155.25,151.31,152.54,4873600
2018/3/15,153.18,155.59,151.65,154.57,5268800
2018/3/16,154.32,157.45,153.31,156.46,10897600
2018/3/19,154.24,154.83,150.82,152.15,5479200
2018/3/20,153.00,155.20,152.54,154.06,3557600
2018/3/21,154.16,157.28,153.21,155.80,3887400
2018/3/22,152.87,153.50,146.25,146.90,8225600
2018/3/23,147.70,148.57,143.79,144.29,6533100
2018/3/26,147.82,149.56,145.26,149.19,5454900
2018/3/27,149.90,151.12,145.79,146.99,4915300
2018/3/28,146.99,148.24,143.63,145.16,4933900
2018/3/29,146.21,148.77,145.57,147.38,4209400
2018/3/30,146.21,148.77,145.57,147.38,4209400
2018/4/2,146.44,147.35,141.76,143.89,5397500
2018/4/3,144.80,145.65,142.38,145.06,4845700
2018/4/4,139.88,145.46,138.05,145.18,6188200
2018/4/5,146.51,148.88,146.47,148.13,4584800
2018/4/6,145.77,147.00,140.82,142.99,5707400
2018/4/9,144.80,146.79,142.80,143.08,4050800
2018/4/10,146.75,149.01,145.62,148.09,3991600
2018/4/11,146.68,148.35,146.32,146.79,3218900
2018/4/12,147.64,151.16,147.64,150.14,3958000
2018/4/13,151.75,152.91,148.99,150.23,3603200
2018/4/16,151.74,153.42,150.28,152.14,3055600
2018/4/17,153.34,155.54,153.01,153.31,3817200
2018/4/18,155.19,157.12,154.57,155.95,3087100
2018/4/19,155.39,156.32,153.96,155.70,4013200
2018/4/20,155.25,156.14,152.37,153.25,4057800
2018/4/23,154.65,155.74,152.18,153.99,5350300
2018/4/24,159.75,161.10,143.36,144.44,24122300
2018/4/25,143.83,147.60,142.16,145.19,9963700
2018/4/26,145.32,147.40,144.01,146.31,6558900
2018/4/27,145.67,146.60,144.16,144.72,3860600
2018/4/30,145.21,146.20,143.60,144.36,4764800
2018/5/1,143.08,144.43,140.30,144.42,5004400
2018/5/2,143.99,146.65,143.48,143.86,4637600
2018/5/3,141.69,145.15,138.15,143.78,7703200
2018/5/4,142.24,147.19,141.05,146.37,4678400
2018/5/7,148.18,151.46,148.00,149.82,6844600
2018/5/8,150.65,151.07,148.57,149.93,3853600
2018/5/9,150.75,153.35,150.50,152.61,4668200
2018/5/10,153.20,155.44,152.81,153.97,3911000
2018/5/11,154.25,156.74,153.77,154.86,3507900
2018/5/14,155.61,156.40,154.39,155.28,3563900
2018/5/15,153.82,154.40,151.71,152.59,4127200
2018/5/16,152.55,153.87,152.35,153.80,2693400
2018/5/17,153.70,155.25,152.76,153.69,2885800
2018/5/18,154.15,156.84,154.01,155.71,3889300
2018/5/21,159.26,161.60,158.70,158.92,5849700
2018/5/22,159.03,159.35,156.14,156.20,3512400
2018/5/23,154.65,158.00,153.72,157.74,4010000
2018/5/24,157.21,158.40,156.03,157.70,2891000
2018/5/25,156.92,157.57,155.23,155.85,2359700
2018/5/28,156.92,157.57,155.23,155.85,2359700
2018/5/29,154.26,155.72,152.64,153.62,3795800
2018/5/30,154.60,155.98,153.84,155.46,2688200
2018/5/31,155.30,155.31,151.50,151.91,4546000
2018/6/1,153.30,154.19,152.26,153.52,2755500
2018/6/4,154.79,154.93,152.08,152.50,2470900
2018/6/5,152.40,153.10,152.02,153.01,2916600
2018/6/6,153.65,156.54,153.01,156.51,3689300
2018/6/7,157.11,157.93,155.53,156.29,3149100
2018/6/8,156.19,156.65,155.04,155.32,3254100
2018/6/11,155.19,157.08,154.72,156.30,2758300
2018/6/12,156.45,159.19,156.39,157.49,2595600
2018/6/13,157.18,157.35,154.51,154.71,4189300
2018/6/14,155.70,157.36,152.76,153.14,3967600
2018/6/15,150.85,151.00,148.43,150.02,8852500
2018/6/18,148.42,149.46,147.72,148.68,3651600
2018/6/19,146.00,146.30,142.32,143.30,6792000
2018/6/20,144.22,144.69,141.82,143.13,4128300
2018/6/21,142.25,142.39,139.12,139.53,5914900
2018/6/22,140.90,142.50,139.77,139.94,5114700
2018/6/25,138.86,138.98,135.18,136.58,6078200
2018/6/26,136.75,137.33,135.28,135.54,4285300
2018/6/27,136.77,139.46,134.58,134.61,5665000
2018/6/28,134.18,136.72,132.68,136.03,4215900
2018/6/29,136.61,137.85,135.58,135.67,4107900
2018/7/2,133.80,136.43,133.20,136.29,3172600
2018/7/3,137.00,137.35,133.33,133.83,1837400
2018/7/4,137.00,137.35,133.33,133.83,1837400
2018/7/5,135.01,136.09,134.09,135.81,3366300
2018/7/6,135.11,135.86,133.32,135.41,3179600
2018/7/9,136.22,141.05,136.10,140.97,5562300
2018/7/10,141.61,141.86,140.14,141.25,3761700
2018/7/11,138.13,139.39,135.84,136.76,5231700
2018/7/12,138.50,139.73,136.83,139.42,4250800
2018/7/13,139.54,141.25,139.07,140.75,2838700
2018/7/16,140.88,140.88,137.90,138.08,3723100
2018/7/17,136.98,139.33,136.53,138.95,3306000
2018/7/18,139.00,141.50,138.33,141.12,4394800
2018/7/19,139.57,140.54,139.05,139.42,3576700
2018/7/20,138.36,138.58,136.64,136.82,5247000
2018/7/23,136.62,136.80,135.60,136.28,3542300
2018/7/24,138.90,140.60,137.36,137.97,5064700
2018/7/25,138.00,141.05,136.67,140.48,5041800
2018/7/26,140.75,143.55,140.07,142.58,5385600
2018/7/27,143.95,143.95,140.78,142.56,4649400
2018/7/30,145.71,146.70,139.06,139.75,13837700
2018/7/31,141.97,144.78,140.17,143.80,7608700
2018/8/1,142.97,143.07,138.11,138.54,6364500
2018/8/2,137.07,138.71,135.69,138.01,4195000
2018/8/3,138.20,138.60,137.07,138.51,3594100
2018/8/6,138.52,140.67,137.97,139.48,3125200
2018/8/7,140.61,143.32,140.30,142.38,4813000
2018/8/8,142.32,142.40,139.26,139.71,3435100
2018/8/9,140.10,140.90,138.25,138.52,3338500
2018/8/10,137.52,137.52,134.73,135.92,6268600
2018/8/13,135.92,136.73,134.72,135.02,3879400
2018/8/14,135.60,136.45,134.67,134.92,3537900
2018/8/15,133.25,133.25,129.43,132.02,5682200
2018/8/16,133.72,136.55,133.65,136.26,5539400
2018/8/17,135.65,140.21,135.44,139.34,6611700
2018/8/20,139.82,140.55,138.56,138.67,3311100
2018/8/21,139.07,140.96,139.07,139.99,3021400
2018/8/22,140.32,140.70,139.36,139.63,2209500
2018/8/23,139.05,139.17,136.42,136.79,3905300
2018/8/24,137.82,138.55,136.89,138.21,2565400
2018/8/27,139.40,142.38,139.30,142.04,4770900
2018/8/28,143.42,143.77,141.49,142.00,3234000
2018/8/29,142.43,142.59,141.29,141.86,3369900
2018/8/30,141.03,141.47,138.45,139.06,4773300
2018/8/31,138.52,140.22,138.38,138.85,4552200
2018/9/3,138.52,140.22,138.38,138.85,4552200
2018/9/4,137.86,139.00,136.93,138.24,3955600
2018/9/5,138.33,141.10,137.68,140.59,4579400
2018/9/6,140.34,141.87,140.06,141.57,4588100
2018/9/7,140.73,142.14,140.05,141.32,4173400
2018/9/10,141.77,142.51,141.69,142.05,3069100
2018/9/11,140.61,142.45,140.37,142.03,2583200
2018/9/12,141.58,144.75,140.62,144.28,5630600
2018/9/13,145.05,146.46,144.52,145.54,3670700
2018/9/14,145.63,147.20,143.23,144.90,4699600
2018/9/17,144.85,148.06,144.55,146.22,3827100
2018/9/18,147.00,149.28,146.27,149.07,4496400
2018/9/19,149.76,153.11,149.37,152.76,6000100
2018/9/20,155.41,157.72,154.46,156.00,6774100
2018/9/21,156.63,157.29,154.80,156.38,5932100
2018/9/24,156.00,156.10,153.77,154.00,3844500
2018/9/25,154.12,154.50,152.81,154.09,3454600
2018/9/26,153.95,155.15,152.89,153.17,3096100
2018/9/27,153.02,154.05,151.20,152.47,2674100
2018/9/28,152.00,152.91,150.56,152.49,3599900
2018/10/1,153.61,154.50,151.68,152.28,3736300
2018/10/2,152.29,155.38,151.50,154.82,4344000
2018/10/3,156.00,159.37,155.79,158.22,6043300
2018/10/4,158.03,158.55,155.20,156.75,4130800
2018/10/5,156.51,156.81,151.61,153.31,4955100
2018/10/8,151.95,153.66,150.88,153.35,3463200
2018/10/9,152.61,152.61,149.08,149.46,4996900
2018/10/10,148.70,149.17,143.72,143.72,9419300
2018/10/11,142.95,145.89,139.84,140.97,7608300
2018/10/12,144.02,144.40,139.75,142.07,5596200
2018/10/15,142.00,143.18,141.12,141.80,3741700
2018/10/16,143.35,143.89,141.27,143.71,3573400
2018/10/17,143.08,143.52,141.11,141.34,4807500
2018/10/18,140.16,140.80,134.47,135.80,10250200
2018/10/19,136.19,136.93,131.27,131.32,7055100
2018/10/22,132.68,133.13,128.66,128.71,7858900
2018/10/23,119.68,122.50,115.62,118.98,24113300
2018/10/24,120.00,121.64,112.25,112.34,15304200
2018/10/25,114.83,117.09,112.50,115.63,13568900
2018/10/26,114.10,116.43,112.36,115.05,10820400
2018/10/29,116.88,118.35,112.06,113.98,8069600
2018/10/30,114.00,117.74,113.10,117.46,8057600
2018/10/31,119.41,122.89,119.26,121.32,10341300
2018/11/1,122.59,125.23,120.94,124.70,10138900
2018/11/2,127.05,128.30,124.26,125.79,7683900
2018/11/5,126.09,126.95,124.55,126.41,4844200
2018/11/6,126.40,129.50,126.31,129.33,4728200
2018/11/7,133.52,135.22,130.88,135.10,7551900
2018/11/8,133.83,134.70,130.90,131.39,6269400
2018/11/9,129.59,129.60,125.73,126.91,7248400
2018/11/12,127.18,128.41,124.59,125.00,5870100
2018/11/13,125.50,129.79,125.28,125.96,5820200
2018/11/14,127.27,129.00,123.73,125.10,5516300
2018/11/15,124.32,130.28,123.13,129.42,5815200
2018/11/16,128.79,131.92,128.05,129.96,5957700
2018/11/19,129.15,129.49,125.60,125.98,5385600
2018/11/20,123.85,123.97,121.23,122.27,7746200
2018/11/21,122.82,126.22,122.51,123.87,4759500
2018/11/22,122.82,126.22,122.51,123.87,4759500
2018/11/23,121.96,124.05,121.57,122.32,3130100
2018/11/26,123.65,125.79,123.16,124.80,4696600
2018/11/27,124.00,124.60,122.39,124.60,4049400
2018/11/28,125.30,130.78,123.84,130.77,5745200
2018/11/29,130.80,130.91,127.59,130.23,4999600
2018/11/30,130.05,135.97,129.84,135.67,8458200
2018/12/3,141.88,142.41,138.53,138.95,9365800
2018/12/4,138.08,138.08,129.04,129.32,8113400
2018/12/5,138.08,138.08,129.04,129.32,8113400
2018/12/6,125.22,128.69,124.05,128.37,6595200
2018/12/7,129.10,129.98,122.75,123.55,6413700
2018/12/10,122.41,124.37,121.16,123.39,5970900
2018/12/11,127.18,127.98,122.25,123.24,4449900
2018/12/12,125.74,127.97,125.10,125.37,5544100
2018/12/13,126.45,129.11,125.04,125.90,4544100
2018/12/14,123.42,127.74,123.15,126.77,4483300
2018/12/17,126.80,127.65,123.68,124.47,5662300
2018/12/18,125.87,128.75,123.60,124.27,5377900
2018/12/19,125.07,128.95,120.80,122.33,6416500
2018/12/20,121.74,124.54,120.76,121.55,7563500
2018/12/21,121.73,123.73,119.57,120.07,10034100
2018/12/24,118.17,119.59,116.67,116.95,2986600
2018/12/25,118.17,119.59,116.67,116.95,2986600
2018/12/26,118.00,124.77,116.09,124.76,5093700
2018/12/27,121.80,126.69,120.93,126.67,4599000
2018/12/28,127.13,128.25,125.05,125.61,3813500
2018/12/31,126.60,128.11,124.50,127.07,3455200
2019/1/1,126.60,128.11,124.50,127.07,3455200
2019/1/2,124.03,127.88,123.00,126.38,4783200
2019/1/3,125.31,125.50,120.44,121.51,6165800
2019/1/4,124.17,128.59,123.70,128.15,5456600
2019/1/7,128.59,129.60,126.70,128.23,4653400
2019/1/8,129.90,131.50,128.23,129.77,4202600
2019/1/9,131.09,132.22,129.91,130.27,4865600
2019/1/10,128.61,133.12,127.25,132.96,3418500
2019/1/11,131.08,132.32,130.05,132.10,2908600
2019/1/14,130.31,132.39,129.13,131.80,4482300
2019/1/15,132.11,133.11,129.56,130.69,3224100
2019/1/16,130.76,132.52,130.24,131.66,3636900
2019/1/17,130.47,135.90,129.16,134.54,6878500
2019/1/18,135.10,137.72,133.66,136.60,6122400
2019/1/21,135.10,137.72,133.66,136.60,6122400
2019/1/22,134.93,134.94,131.17,132.24,5188700
2019/1/23,133.04,133.49,130.15,131.82,3123600
2019/1/24,131.41,132.99,131.20,132.73,3943600
2019/1/25,134.77,136.89,133.89,136.86,6417400
2019/1/28,126.99,127.80,123.15,124.37,17421400
2019/1/29,125.61,128.39,125.61,126.53,8550800
2019/1/30,127.93,131.35,126.31,130.11,7181600
2019/1/31,130.32,133.34,129.04,133.16,6643300
2019/2/1,133.03,133.86,130.11,130.91,5646700
2019/2/4,130.88,131.31,130.10,130.88,4541700
2019/2/5,130.63,132.10,130.60,132.00,3614500
2019/2/6,131.27,132.10,130.36,130.54,3098200
2019/2/7,129.29,130.44,127.36,128.78,3682100
2019/2/8,127.48,128.60,126.55,128.60,3135000
2019/2/11,128.95,130.07,128.69,128.93,2648100
2019/2/12,130.26,133.56,130.00,132.67,4505600
2019/2/13,134.20,134.31,132.45,133.10,3189600
2019/2/14,131.78,133.25,131.27,132.62,2877500
2019/2/15,134.10,136.25,133.68,136.20,5217500
2019/2/18,134.10,136.25,133.68,136.20,5217500
2019/2/19,135.35,136.98,135.00,135.80,3881300
2019/2/20,136.39,140.69,136.34,140.31,6199000
2019/2/21,139.75,140.98,138.41,138.88,4051100
2019/2/22,138.78,139.69,137.93,138.68,3485000
2019/2/25,140.99,142.55,140.18,141.41,4444100
2019/2/26,136.53,139.03,135.27,137.98,7275600
2019/2/27,137.86,139.64,137.14,139.58,3441000
2019/2/28,138.55,139.00,137.14,137.34,4024000
2019/3/1,138.86,139.50,136.94,137.47,3811000
2019/3/4,138.80,139.77,137.10,138.35,3859800
2019/3/5,138.06,138.46,137.00,137.14,3122900
2019/3/6,137.54,137.66,134.73,134.83,3886000
2019/3/7,134.38,134.81,131.62,132.80,4290800
2019/3/8,130.50,132.13,130.23,131.35,4238000
2019/3/11,131.91,133.40,131.60,133.11,3914800
2019/3/12,133.24,133.38,131.92,132.48,4208800
2019/3/13,133.98,134.31,132.69,133.50,4285200
2019/3/14,132.84,134.07,132.02,133.69,3742200
2019/3/15,133.87,134.53,131.98,132.67,7049900
2019/3/18,132.70,134.20,132.53,134.10,4095400
2019/3/19,135.35,135.71,133.51,134.15,3315900
2019/3/20,133.83,134.15,132.06,133.01,3522100
2019/3/21,132.16,134.60,132.01,134.06,2635700
2019/3/22,132.99,133.30,129.49,129.77,5745800
2019/3/25,129.59,132.00,129.23,131.38,3199800
2019/3/26,132.69,133.56,131.13,131.84,2638200
2019/3/27,132.27,132.47,130.25,131.20,2378300
2019/3/28,131.90,132.80,131.16,132.37,2487200
2019/3/29,134.00,136.28,133.62,135.49,4681600
2019/4/1,137.69,140.37,136.32,140.25,5081500
2019/4/2,140.15,140.69,139.23,140.19,2529000
2019/4/3,139.85,140.55,138.41,139.26,4821800
2019/4/4,139.14,140.87,139.00,140.13,2988900
2019/4/5,141.10,141.15,139.92,140.36,2812300
2019/4/8,140.00,140.12,138.61,139.82,2497300
2019/4/9,138.65,138.91,136.07,136.35,3316500
2019/4/10,137.16,138.21,136.28,137.53,3310600
2019/4/11,137.59,139.59,136.98,138.87,2762900
2019/4/12,141.00,141.92,139.81,141.20,4383000
2019/4/15,141.67,142.43,139.67,140.25,3030200
2019/4/16,140.56,142.21,139.59,142.03,2672800
2019/4/17,143.00,144.50,142.46,142.74,3469400
2019/4/18,142.80,144.77,142.42,143.36,4504500
2019/4/19,142.80,144.77,142.42,143.36,4504500
2019/4/22,142.95,143.18,141.43,142.38,3637500
2019/4/23,142.00,143.13,141.44,142.03,5930500
2019/4/24,139.75,140.30,136.56,137.73,8694400
2019/4/25,137.05,137.46,134.09,136.13,5094700
2019/4/26,136.56,139.03,135.89,139.03,5119200
2019/4/29,139.50,140.45,138.82,139.02,3374300
2019/4/30,139.99,140.00,137.58,139.42,3862000
2019/5/1,139.58,139.93,137.64,138.15,3652000
2019/5/2,138.52,138.54,134.38,135.17,5405700
2019/5/3,136.12,139.20,135.80,139.06,4154800
2019/5/6,134.78,137.49,134.31,136.76,4866500
2019/5/7,135.20,136.00,132.06,133.67,5622900
2019/5/8,133.02,134.42,131.79,131.95,4140500
2019/5/9,130.22,131.68,128.18,131.20,5906200
2019/5/10,130.53,131.73,127.92,131.34,5240600
2019/5/13,127.51,127.52,124.08,125.30,8580700
2019/5/14,126.50,128.56,125.70,127.47,4019100
2019/5/15,125.91,127.96,124.98,127.30,2875900
2019/5/16,128.43,128.53,126.42,126.61,4316600
2019/5/17,124.38,125.53,122.32,122.76,6122600
2019/5/20,121.56,123.03,121.31,122.43,6312500
2019/5/21,123.33,125.07,122.72,124.95,5492900
2019/5/22,124.25,125.44,123.52,123.56,4620400
2019/5/23,122.10,123.76,121.41,122.26,4964900
2019/5/24,123.52,124.08,122.21,122.90,3802500
2019/5/27,123.52,124.08,122.21,122.90,3802500
2019/5/28,122.90,123.46,121.51,121.59,4889400
2019/5/29,120.50,122.83,120.26,121.48,5330000
2019/5/30,121.61,122.68,121.28,121.84,2878300
2019/5/31,119.79,120.75,118.74,119.81,4711500
2019/6/3,119.91,121.69,119.76,120.65,4161800
2019/6/4,121.81,122.77,120.75,122.08,4060400
2019/6/5,123.40,123.64,121.96,123.12,3598400
2019/6/6,123.10,123.95,122.23,123.39,3295700
2019/6/7,124.38,125.63,124.08,124.46,2547500
2019/6/10,125.47,127.28,125.24,125.74,3705000
2019/6/11,129.00,129.60,126.96,127.28,4516200
2019/6/12,126.75,127.52,126.08,127.10,3034600
2019/6/13,127.35,128.40,126.76,127.17,3495200
2019/6/14,126.61,127.65,125.50,127.23,2530100
2019/6/17,127.21,128.23,126.68,127.32,2607900
2019/6/18,128.40,131.35,128.21,130.33,4756100
2019/6/19,130.32,131.54,129.87,130.61,3847200
2019/6/20,132.90,133.80,131.51,133.63,3803600
2019/6/21,133.35,135.25,132.55,133.89,5742500
2019/6/24,133.64,134.95,133.55,134.37,3197700
2019/6/25,134.58,134.91,132.63,133.71,3751800
2019/6/26,134.26,135.65,134.18,135.15,3343700
2019/6/27,135.70,136.01,133.97,135.50,3594400
2019/6/28,136.00,137.27,136.00,136.29,10469400
2019/7/1,139.30,140.17,134.97,136.60,4834800
2019/7/2,136.60,136.99,135.07,135.85,3204900
2019/7/3,136.44,136.48,134.33,135.59,2538600
2019/7/4,136.44,136.48,134.33,135.59,2538600
2019/7/5,134.43,135.59,133.22,135.49,3071800
2019/7/8,135.15,136.13,134.43,134.84,2742100
2019/7/9,134.11,134.44,133.35,134.29,2618700
2019/7/10,134.73,135.49,132.55,132.64,3933300
2019/7/11,133.20,134.01,132.59,133.96,3164200
2019/7/12,134.71,138.38,134.60,138.36,4149800
2019/7/15,138.38,139.99,138.26,139.64,4498700
2019/7/16,139.41,140.62,138.16,139.09,4051600
2019/7/17,138.20,138.51,135.73,135.73,3750200
2019/7/18,134.87,135.93,134.04,134.89,3548200
2019/7/19,134.22,137.05,134.22,136.23,4837100
2019/7/22,136.37,136.66,134.60,135.24,3267800
2019/7/23,135.93,138.23,135.53,138.10,4122200
2019/7/24,130.98,134.31,128.45,131.91,12664900
2019/7/25,131.08,134.90,131.01,134.71,4823200
2019/7/26,134.45,134.73,132.63,132.92,4238000
2019/7/29,133.49,134.65,132.85,134.46,2715600
2019/7/30,133.32,133.57,131.49,132.95,3257200
2019/7/31,132.90,134.37,131.01,131.67,4322000
2019/8/1,131.64,133.19,126.42,126.79,5530100
2019/8/2,126.55,126.80,123.50,124.54,5968600
2019/8/5,122.11,122.81,120.33,121.65,5482500
2019/8/6,122.78,123.65,120.64,122.08,3713900
2019/8/7,120.00,121.20,118.65,120.78,5048700
2019/8/8,121.00,122.10,120.37,122.02,3734800
2019/8/9,121.51,121.70,118.81,119.38,3805600
2019/8/12,118.95,119.03,116.07,116.72,4321500
2019/8/13,116.94,122.00,116.79,119.01,4331900
2019/8/14,116.58,116.90,115.04,115.21,5543100
2019/8/15,115.08,115.60,113.97,115.25,4171900
2019/8/16,116.25,117.87,115.92,116.43,3551900
2019/8/19,118.22,118.49,116.71,117.36,2630900
2019/8/20,117.59,117.79,116.47,116.67,2402000
2019/8/21,118.00,119.32,117.54,117.68,2783000
2019/8/22,118.33,118.94,117.22,117.89,2118200
2019/8/23,116.25,116.90,113.32,114.06,6102000
2019/8/26,115.06,115.67,113.84,114.42,5200400
2019/8/27,115.16,115.46,113.15,113.38,3160700
2019/8/28,112.86,114.95,111.75,114.86,3187900
2019/8/29,116.62,118.13,116.49,117.77,3442900
2019/8/30,119.02,119.59,118.45,119.00,2912000
2019/9/2,119.02,119.59,118.45,119.00,2912000
2019/9/3,117.90,117.90,115.40,117.03,3780600
2019/9/4,118.42,119.24,118.26,119.10,3688400
2019/9/5,120.50,124.24,120.50,122.99,5355100
2019/9/6,123.71,124.34,122.46,122.70,3315700
2019/9/9,123.39,127.39,123.20,127.25,4433300
2019/9/10,127.26,130.29,127.22,130.29,8479700
2019/9/11,130.85,133.19,129.47,133.09,7592600
2019/9/12,132.00,132.69,130.07,131.75,5594600
2019/9/13,132.80,133.99,131.13,133.78,3704900
2019/9/16,132.99,133.80,131.99,133.15,2876500
2019/9/17,132.59,132.76,131.19,132.17,2888900
2019/9/18,131.63,132.22,129.72,131.07,3005700
2019/9/19,131.47,132.03,129.87,130.12,2725700
2019/9/20,130.01,130.99,127.87,128.16,6412300
2019/9/23,127.34,128.88,126.34,128.42,2723500
2019/9/24,128.74,129.00,125.57,125.99,3370700
2019/9/25,125.85,126.82,125.02,126.61,2354100
2019/9/26,126.79,126.92,125.65,126.39,2227400
2019/9/27,127.00,127.38,125.66,126.59,2214300
2019/9/30,126.34,127.10,125.88,126.31,2795300
2019/10/1,127.40,128.50,122.30,122.37,3718200
2019/10/2,121.15,121.85,119.34,119.96,4255800
2019/10/3,119.34,120.06,117.25,120.04,3110200
2019/10/4,119.72,121.15,119.35,121.04,2442300
2019/10/7,120.85,121.70,119.75,120.25,2334500
2019/10/8,118.79,119.20,117.69,117.97,3530000
2019/10/9,119.49,120.06,118.00,119.44,2557300
2019/10/10,120.04,123.03,119.76,122.69,3242900
2019/10/11,125.61,130.38,125.40,128.40,6747800
2019/10/14,126.81,128.56,126.01,128.38,2851500
2019/10/15,127.99,131.68,127.65,131.03,3289000
2019/10/16,131.00,132.81,130.11,130.19,3038300
2019/10/17,130.97,132.86,130.18,132.07,3418300
2019/10/18,130.15,132.03,129.99,130.71,4329200
2019/10/21,131.95,133.45,131.50,132.23,4225200
2019/10/22,132.59,134.26,130.94,133.69,4681600
2019/10/23,134.23,135.99,130.70,135.34,11295900
2019/10/24,135.09,135.29,132.38,133.85,3916200
2019/10/25,135.00,139.98,134.85,139.73,8319500
2019/10/28,139.97,141.63,138.87,140.06,6174000
2019/10/29,139.38,141.45,138.77,141.33,4427900
2019/10/30,141.00,141.00,139.61,140.34,3948100
2019/10/31,139.37,140.34,136.39,137.80,4037600
2019/11/1,139.37,144.61,139.23,144.49,6220200
2019/11/4,145.35,147.00,145.02,146.92,5437800
2019/11/5,146.86,148.00,145.67,146.37,4516700
2019/11/6,146.47,146.47,144.66,145.49,3736600
2019/11/7,147.39,148.41,146.75,147.01,3816700
2019/11/8,146.66,148.18,145.80,148.16,2776600
2019/11/11,146.74,148.15,146.61,148.00,2205100
2019/11/12,148.11,148.47,146.02,146.34,2843100
2019/11/13,144.36,145.86,143.69,144.49,3194400
2019/11/14,144.21,145.34,143.21,143.44,2581700
2019/11/15,144.56,145.88,144.51,145.31,2827400
2019/11/18,144.24,144.78,143.02,143.59,2638600
2019/11/19,144.35,144.76,142.76,143.18,2085100
2019/11/20,142.45,142.70,140.10,141.52,3484700
2019/11/21,141.55,143.94,140.95,143.36,3297700
2019/11/22,143.92,144.46,143.03,143.88,2258300
2019/11/25,144.75,146.57,143.80,146.42,3085200
2019/11/26,146.40,146.65,145.49,146.09,2468100
2019/11/27,145.02,145.72,143.70,145.69,2660200
2019/11/28,145.02,145.72,143.70,145.69,2660200
2019/11/29,144.19,145.46,143.79,144.73,1652500
2019/12/2,145.20,146.04,142.84,142.96,2896200
2019/12/3,140.05,140.43,138.56,140.06,3839600
2019/12/4,140.98,142.28,140.00,140.12,2484600
2019/12/5,140.58,141.12,139.53,141.05,2277700
2019/12/6,142.91,143.42,142.17,142.72,2271400
2019/12/9,142.97,143.28,142.37,142.83,1585100
2019/12/10,142.69,143.59,141.75,142.87,1888900
2019/12/11,143.77,144.62,143.29,144.00,2265700
2019/12/12,143.54,147.40,143.00,146.78,3714100
2019/12/13,146.80,148.40,145.15,145.53,3311700
2019/12/16,147.71,148.30,145.23,145.36,2414800
2019/12/17,145.50,146.99,145.46,146.37,2850800
2019/12/18,146.50,147.30,145.60,147.12,2629500
2019/12/19,146.98,146.98,144.30,145.02,3576800
2019/12/20,147.38,147.77,145.24,147.57,6805400
2019/12/23,147.68,148.53,146.78,148.50,2346500
2019/12/24,148.70,148.80,147.29,147.48,966200
2019/12/25,148.70,148.80,147.29,147.48,966200
2019/12/26,147.90,148.23,146.99,148.22,1576900
2019/12/27,148.64,148.93,147.99,148.28,1544500
2019/12/30,148.42,148.47,147.01,147.52,1789200
2019/12/31,147.43,148.23,146.79,147.68,1952500
2020/1/1,147.43,148.23,146.79,147.68,1952500
2020/1/2,149.00,150.55,147.98,150.53,3311900
2020/1/3,148.77,149.96,147.45,148.44,3100600
2020/1/6,147.27,148.56,146.54,148.34,2549600
2020/1/7,147.35,147.57,145.51,146.38,2841900
2020/1/8,146.83,148.57,146.46,147.68,2153200
2020/1/9,147.81,147.97,146.51,147.31,2272500
2020/1/10,147.45,147.72,145.83,146.13,2393700
2020/1/13,146.53,146.83,145.55,146.82,3355200
2020/1/14,147.45,147.98,146.31,146.68,2742200
2020/1/15,146.22,146.74,145.20,145.57,2640500
2020/1/16,146.43,147.93,146.24,147.87,3070900
2020/1/17,147.21,148.27,146.60,147.78,3331500
2020/1/20,147.21,148.27,146.60,147.78,3331500
2020/1/21,147.20,147.87,145.69,145.85,2476700
2020/1/22,146.25,146.56,142.52,142.63,3602400
2020/1/23,141.81,143.21,139.80,142.75,3182700
2020/1/24,142.55,142.70,139.26,140.38,2526200
2020/1/27,136.90,137.81,135.57,135.73,2920500
2020/1/28,137.02,137.60,135.62,136.74,2763800
2020/1/29,137.59,137.76,135.67,135.78,2620000
2020/1/30,134.76,135.97,132.91,135.37,3862600
2020/1/31,133.82,134.99,130.54,131.35,6785700
2020/2/3,131.44,133.16,129.30,129.77,4385300
2020/2/4,133.00,134.78,132.68,133.51,3501600
2020/2/5,135.55,137.47,135.44,137.44,4448100
2020/2/6,138.20,138.33,136.13,137.25,2283800
2020/2/7,136.04,136.49,133.00,133.37,3812300
2020/2/10,133.04,134.33,132.78,134.32,2331600
2020/2/11,135.49,137.23,135.06,136.19,2381900
2020/2/12,138.40,139.94,138.09,139.59,3222000
2020/2/13,140.00,140.50,138.43,139.72,3318800
2020/2/14,139.49,139.62,136.89,137.99,2813400
2020/2/17,139.49,139.62,136.89,137.99,2813400
2020/2/18,137.46,138.57,135.08,136.58,3869700
2020/2/19,136.79,137.21,136.06,136.86,2134900
2020/2/20,136.26,138.89,136.20,136.93,2678200
2020/2/21,136.50,137.44,135.11,137.21,2855600
2020/2/24,132.53,133.86,132.05,132.17,4964800
2020/2/25,132.97,133.14,128.25,129.00,4840200
2020/2/26,129.65,130.99,127.55,128.25,3902500
2020/2/27,125.60,128.53,123.22,123.27,7369000
2020/2/28,119.57,124.24,119.03,124.24,8300700
2020/3/2,125.05,127.88,123.01,127.60,6100200
2020/3/3,127.00,129.56,123.78,124.38,6358100
2020/3/4,126.07,127.44,124.31,127.40,5074700
2020/3/5,123.15,124.85,121.24,121.97,6015300
2020/3/6,119.00,121.85,118.83,121.41,5767900
2020/3/9,112.99,112.99,104.03,104.07,8636200
2020/3/10,108.64,109.06,99.11,106.49,8293200
2020/3/11,103.80,104.75,100.07,100.69,6543600
2020/3/12,93.50,94.28,87.50,92.26,10285900
2020/3/13,98.39,99.91,90.14,99.64,8718600
2020/3/16,89.00,105.85,88.50,93.41,9899000
2020/3/17,96.01,100.44,92.97,100.20,7206100
2020/3/18,93.99,102.95,93.11,100.12,6995100
2020/3/19,99.23,104.40,97.25,103.01,6870800
2020/3/20,103.12,103.99,94.16,95.50,7650300
2020/3/23,93.90,96.24,90.64,91.85,6737500
2020/3/24,96.06,102.03,95.17,101.34,7417100
2020/3/25,101.17,108.50,98.50,104.67,6578100
2020/3/26,104.85,110.97,102.89,110.50,6059600
2020/3/27,104.43,109.64,103.40,105.44,5746500
2020/3/30,106.33,112.84,104.93,111.71,5725600
2020/3/31,110.73,116.91,110.26,116.04,8970800
2020/4/1,112.09,116.75,109.50,111.35,6847000
2020/4/2,111.23,118.52,111.13,116.74,8106500
2020/4/3,115.50,116.84,112.12,114.67,5036400
2020/4/6,120.04,121.73,118.13,120.43,5785600
2020/4/7,122.89,128.80,120.51,121.92,8489900
2020/4/8,122.99,128.18,121.04,127.40,4686100
2020/4/9,128.65,129.60,123.15,125.03,4752100
2020/4/10,128.65,129.60,123.15,125.03,4752100
2020/4/13,119.95,120.05,113.58,114.14,10519600
2020/4/14,116.50,117.84,114.51,116.48,7166300
2020/4/15,112.96,113.10,109.80,111.53,5652800
2020/4/16,111.85,113.47,108.86,113.22,5926400
2020/4/17,114.45,116.54,113.85,116.30,4132300
2020/4/20,114.44,117.07,112.12,114.60,4083800
2020/4/21,111.04,111.04,108.60,109.85,5743300
2020/4/22,112.03,112.10,109.21,110.64,3794000
2020/4/23,111.33,115.23,110.95,112.91,3545400
2020/4/24,113.99,114.38,111.21,114.04,3045300
2020/4/27,110.85,116.13,109.73,115.20,5344800
2020/4/28,117.86,118.00,113.37,115.46,5604600
2020/4/29,116.96,120.82,116.53,120.06,4261100
2020/4/30,118.00,118.25,115.33,116.38,4040500
2020/5/1,114.00,114.59,110.57,110.88,3960400
2020/5/4,110.02,110.28,106.58,107.72,4500700
2020/5/5,109.24,111.09,108.74,108.91,3477400
2020/5/6,110.03,110.24,106.70,107.67,4465300
2020/5/7,109.02,110.05,106.78,107.29,4377900
2020/5/8,108.97,112.20,108.30,112.11,3911300
2020/5/11,110.16,110.77,108.18,108.61,4207300
2020/5/12,109.11,109.33,105.00,105.00,3874100
2020/5/13,105.14,105.29,102.55,104.48,5376100
2020/5/14,102.50,106.28,100.22,106.19,5542400
2020/5/15,105.18,107.99,104.28,107.92,6583100
2020/5/18,112.22,115.66,112.01,115.02,5603500
2020/5/19,114.95,115.44,112.01,112.08,3404900
2020/5/20,113.31,117.48,113.05,115.69,3735700
2020/5/21,114.95,115.68,113.82,114.06,2342300
2020/5/22,114.13,114.16,111.47,112.47,2735100
2020/5/25,114.13,114.16,111.47,112.47,2735100
2020/5/26,115.98,118.56,115.98,117.41,4185100
2020/5/27,119.72,122.49,119.53,122.42,4462700
2020/5/28,124.75,124.83,120.28,120.74,3743700
2020/5/29,119.63,120.71,117.57,120.13,4219000
2020/6/1,119.86,121.20,117.61,120.50,2131300
2020/6/2,121.84,123.82,121.28,123.32,2977500
2020/6/3,125.45,127.35,125.01,127.09,3712600
2020/6/4,125.41,129.03,124.74,128.96,3076700
2020/6/5,137.85,139.37,133.39,135.12,5591900
2020/6/8,135.32,139.94,135.32,137.72,4139200
2020/6/9,135.02,135.41,133.21,134.19,3819600
2020/6/10,133.72,135.38,130.56,132.44,4018700
2020/6/11,126.41,126.84,121.52,121.55,5969300
2020/6/12,124.40,125.17,119.35,123.15,4492700
2020/6/15,118.51,124.38,118.01,123.61,4093100
2020/6/16,131.37,132.44,126.39,130.11,6892400
2020/6/17,130.16,130.47,127.76,128.23,3228100
2020/6/18,127.14,128.98,126.70,127.59,2467700
2020/6/19,130.00,130.00,125.73,127.46,6488000
2020/6/22,126.36,126.48,124.60,125.79,2806300
2020/6/23,127.39,127.57,125.83,126.25,2357100
2020/6/24,124.79,124.84,121.83,122.06,3766500
2020/6/25,121.61,124.83,120.80,124.71,2903400
2020/6/26,124.33,124.44,121.45,122.39,3645800
2020/6/29,123.72,126.04,123.28,125.25,2798700
2020/6/30,124.01,127.06,124.01,126.50,2778800
2020/7/1,129.38,129.40,125.88,126.06,2807800
2020/7/2,128.25,130.34,127.19,127.72,2527500
2020/7/3,128.25,130.34,127.19,127.72,2527500
2020/7/6,130.13,130.50,128.17,129.43,2491900
2020/7/7,127.74,128.75,126.80,127.20,2018100
2020/7/8,129.33,129.33,126.47,128.13,2279500
2020/7/9,127.54,128.35,125.12,125.73,2663500
2020/7/10,125.97,128.23,125.82,128.01,2691400
2020/7/13,129.42,132.09,128.85,130.57,3708400
2020/7/14,130.32,137.31,129.23,136.88,6540800
2020/7/15,140.17,140.17,137.11,138.36,4915200
2020/7/16,138.30,140.99,137.60,138.56,3621500
2020/7/17,137.87,138.43,136.53,136.90,2458200
2020/7/20,135.76,136.95,134.26,134.63,2478000
2020/7/21,134.77,137.18,134.43,135.87,3221100
2020/7/22,135.25,137.87,135.19,136.98,2156800
2020/7/23,136.90,137.52,135.71,136.60,1613700
2020/7/24,137.20,138.69,136.85,137.58,2036300
2020/7/27,137.15,140.34,137.06,139.89,2506900
2020/7/28,138.94,139.99,137.92,138.03,2029900
2020/7/29,138.58,141.08,137.80,140.53,2338300
2020/7/30,139.08,139.10,135.97,136.73,3063500
2020/7/31,132.43,135.15,130.21,132.88,6780900
2020/8/3,132.30,133.00,131.10,131.78,2851100
2020/8/4,131.37,132.44,130.67,131.52,2301800
2020/8/5,132.78,135.94,132.61,134.97,2767800
2020/8/6,134.52,135.21,133.70,134.39,2446400
2020/8/7,134.00,135.11,132.52,134.92,2223700
2020/8/10,135.73,142.16,135.68,142.02,5181600
2020/8/11,144.02,146.20,142.29,142.53,4206000
2020/8/12,143.95,144.17,141.33,142.57,2541200
2020/8/13,141.60,142.74,139.77,140.67,2939900
2020/8/14,139.45,140.89,138.77,139.96,2038500
2020/8/17,140.15,140.60,138.30,138.72,2284000
2020/8/18,138.95,140.11,138.08,138.37,1563200
2020/8/19,138.50,139.92,137.46,138.02,1849500
2020/8/20,136.02,137.98,135.65,137.48,2279700
2020/8/21,136.80,139.00,136.80,138.43,2524600
2020/8/24,139.76,142.25,139.08,141.68,2921700
2020/8/25,142.67,144.93,140.54,141.15,2467500
2020/8/26,140.48,142.44,139.81,141.83,2379900
2020/8/27,142.13,144.34,141.28,143.37,3010300
2020/8/28,144.28,145.85,142.69,143.63,3698700
2020/8/31,143.50,143.60,142.27,142.31,2886500
2020/9/1,141.67,146.12,140.91,146.05,2673900
2020/9/2,146.87,149.55,146.40,149.27,4515500
2020/9/3,148.59,151.20,145.30,146.76,4479100
2020/9/4,148.70,150.78,146.04,148.18,5129400
2020/9/7,148.70,150.78,146.04,148.18,5129400
2020/9/8,147.00,150.76,145.72,148.52,4775200
2020/9/9,149.80,155.48,149.21,152.69,5345100
2020/9/10,152.01,153.25,148.75,149.86,4387000
2020/9/11,150.48,154.40,150.24,153.83,3237100
2020/9/14,154.00,154.80,152.21,153.51,2569300
2020/9/15,154.20,154.47,148.36,148.60,4092400
2020/9/16,150.00,151.98,148.37,151.11,3302000
2020/9/17,149.85,156.25,149.15,153.87,4487000
2020/9/18,153.68,156.21,152.06,152.39,5113500
2020/9/21,148.56,149.50,143.87,145.33,4278200
2020/9/22,145.01,147.50,144.50,147.15,2579500
2020/9/23,147.48,148.91,143.60,144.38,2420100
2020/9/24,144.02,147.44,142.73,145.14,2138800
2020/9/25,143.89,146.70,143.01,145.91,1848900
2020/9/28,148.00,150.31,147.41,147.68,2212700
2020/9/29,148.37,148.97,146.21,147.41,1605600
2020/9/30,148.00,150.95,147.74,149.15,3642800
2020/10/1,149.92,150.31,145.65,146.71,2157400
2020/10/2,144.27,151.25,143.75,149.94,3220500
2020/10/5,152.17,154.45,151.62,153.49,2597700
2020/10/6,154.00,155.45,151.28,151.53,2559800
2020/10/7,153.28,156.06,153.20,154.77,2334200
2020/10/8,155.75,156.73,154.24,156.66,1842900
2020/10/9,157.87,159.39,157.40,158.94,4084200
2020/10/12,159.97,163.20,159.52,162.61,4279800
2020/10/13,161.72,163.18,161.12,162.12,3319000
2020/10/14,162.66,164.82,162.50,163.61,4087100
2020/10/15,160.27,165.78,160.15,165.04,2958500
2020/10/16,167.25,170.51,166.62,168.75,5569000
2020/10/19,168.74,170.02,166.80,167.53,2757700
2020/10/20,168.20,171.26,167.91,168.99,3007100
2020/10/21,169.81,170.52,166.74,167.40,2502000
2020/10/22,167.98,169.85,166.89,169.66,2356800
2020/10/23,169.37,170.65,167.56,168.59,2857300
2020/10/26,166.64,166.64,160.83,163.20,4506600
2020/10/27,160.96,161.85,157.01,157.91,4857900
2020/10/28,153.80,155.43,150.52,151.16,5645100
2020/10/29,150.60,155.51,149.63,154.67,3867200
2020/10/30,153.96,157.29,153.04,157.05,4373500
2020/11/2,159.20,163.85,157.65,163.27,4072400
2020/11/3,165.00,169.00,163.07,167.69,4843600
2020/11/4,159.18,162.38,155.23,155.23,9081700
2020/11/5,157.67,164.96,157.60,163.09,4821600
2020/11/6,163.94,165.54,160.76,161.29,2983000
2020/11/9,174.03,176.37,170.12,170.82,5969600
2020/11/10,171.90,174.99,170.77,172.30,3499100
2020/11/11,172.38,172.74,167.47,169.46,2345500
2020/11/12,168.83,171.10,167.65,169.13,2185500
2020/11/13,170.30,172.22,169.19,171.71,2120200
2020/11/16,175.00,175.00,171.83,173.19,3902400
2020/11/17,172.17,172.48,170.19,171.91,2110800
2020/11/18,172.04,175.38,172.04,172.74,3165100
2020/11/19,172.50,173.25,170.71,172.90,2012100
2020/11/20,172.45,173.12,171.31,172.23,2449800
2020/11/23,173.76,175.50,173.24,174.78,2403500
2020/11/24,176.25,178.32,175.27,176.90,3447000
2020/11/25,176.46,176.48,172.78,174.63,2506400
2020/11/26,176.46,176.48,172.78,174.63,2506400
2020/11/27,174.41,175.92,173.88,175.08,976900
2020/11/30,173.61,174.88,172.43,173.59,2382600
2020/12/1,175.39,176.57,172.94,173.26,2710200
2020/12/2,173.26,174.42,172.28,173.87,1971000
2020/12/3,173.87,175.08,173.28,174.63,2903900
2020/12/4,175.92,183.81,175.62,182.21,6086200
2020/12/7,180.39,180.39,176.56,178.71,4587400
2020/12/8,177.66,180.74,177.50,178.84,2001600
2020/12/9,179.62,180.48,177.00,180.07,2915500
2020/12/10,179.24,179.53,177.14,178.85,3109400
2020/12/11,176.99,179.78,176.23,179.29,2673400
2020/12/14,180.60,183.33,177.78,178.05,2533600
2020/12/15,179.93,182.76,179.02,181.74,2360300
2020/12/16,180.85,181.27,178.36,179.50,2031800
2020/12/17,180.67,180.73,178.58,179.17,2296500
2020/12/18,180.07,181.30,177.47,180.96,5262700
2020/12/21,176.94,180.89,176.32,180.16,2071000
2020/12/22,179.29,180.16,176.48,176.58,2493300
2020/12/23,177.45,179.29,177.01,178.42,1862500
2020/12/24,179.45,179.85,178.35,179.56,585700
2020/12/25,179.45,179.85,178.35,179.56,585700
2020/12/28,180.48,181.12,178.31,178.37,1508800
2020/12/29,179.17,179.38,175.11,176.65,1490300
2020/12/30,179.77,182.23,178.69,180.04,2720600
2020/12/31,180.25,182.10,178.75,182.02,1717800
2021/1/1,180.25,182.10,178.75,182.02,1717800
2021/1/4,183.00,185.98,180.25,182.15,4078300
2021/1/5,181.21,185.80,181.21,183.64,2933700
2021/1/6,187.15,197.28,186.15,193.86,8034700
2021/1/7,196.85,197.37,192.20,194.23,5297500
2021/1/8,193.85,195.26,191.32,194.26,3186600
2021/1/11,191.56,195.46,190.31,193.86,2540800
2021/1/12,194.68,198.00,193.31,197.54,2466100
2021/1/13,198.79,200.17,195.80,195.89,3154700
2021/1/14,196.10,197.91,195.36,197.40,2486600
2021/1/15,195.66,195.71,190.88,194.62,3317100
2021/1/18,195.66,195.71,190.88,194.62,3317100
2021/1/19,194.29,196.11,193.44,194.06,2361200
2021/1/20,192.66,193.90,190.42,192.34,2501100
2021/1/21,192.35,193.72,190.05,192.19,1951200
2021/1/22,190.85,192.82,189.31,191.94,2027000
2021/1/25,190.56,191.37,186.97,187.34,3837100
2021/1/26,187.60,189.41,186.83,187.21,2506000
2021/1/27,184.20,185.55,179.34,180.63,4095300
2021/1/28,182.26,187.61,181.31,184.34,3445400
2021/1/29,183.50,188.82,180.73,182.84,4541400
2021/2/1,185.96,186.80,182.02,184.72,2738200
2021/2/2,186.50,192.78,185.64,192.50,5265400
2021/2/3,190.91,191.53,189.06,191.45,2979000
2021/2/4,192.00,192.61,190.20,191.65,2253800
2021/2/5,192.52,194.33,190.01,193.00,2240000
2021/2/8,195.00,197.54,194.67,197.45,2725700
2021/2/9,197.54,198.66,194.89,197.28,2331600
2021/2/10,198.50,199.71,196.26,197.72,2816400
2021/2/11,197.59,198.42,194.39,198.35,2178200
2021/2/12,197.98,198.76,196.76,197.99,1804200
2021/2/15,197.98,198.76,196.76,197.99,1804200
2021/2/16,199.75,205.18,199.24,202.38,3722700
2021/2/17,202.39,202.90,199.79,202.30,2290400
2021/2/18,201.55,202.88,198.58,199.92,2345800
2021/2/19,203.25,211.46,202.70,209.91,4937300
2021/2/22,209.63,218.87,209.34,218.06,4578300
2021/2/23,219.53,220.74,213.28,220.18,4125100
2021/2/24,220.41,226.67,219.88,222.47,4925000
2021/2/25,223.62,224.40,219.72,221.82,4313000
2021/2/26,220.75,222.40,215.82,215.88,4461300
2021/3/1,219.31,222.58,218.90,219.76,2871200
2021/3/2,218.69,219.34,215.01,215.82,2854300
2021/3/3,212.14,217.55,212.01,214.91,2664000
2021/3/4,214.48,216.67,208.47,212.77,3568400
2021/3/5,214.34,220.78,211.50,220.16,3602300
2021/3/8,220.97,224.30,218.21,221.58,3048700
2021/3/9,221.38,222.33,216.14,216.80,2902400
2021/3/10,217.73,222.05,217.19,221.06,2435800
2021/3/11,223.00,223.60,219.15,219.76,2960000
2021/3/12,219.00,229.02,218.12,229.00,4756500
2021/3/15,228.87,231.80,225.83,230.74,4215300
2021/3/16,227.72,231.21,224.77,226.46,3539200
2021/3/17,228.13,234.30,227.13,233.63,3518500
2021/3/18,234.00,237.78,229.74,230.68,4336200
2021/3/19,228.75,229.65,224.05,225.29,7485100
2021/3/22,226.62,227.18,223.57,226.02,2211600
2021/3/23,222.06,225.24,216.65,218.25,4017600
2021/3/24,220.51,227.11,220.51,221.23,4258000
2021/3/25,219.23,224.97,216.04,224.25,2901800
2021/3/26,226.35,229.84,225.21,229.50,3040100
2021/3/29,228.10,231.85,227.71,230.22,3003200
2021/3/30,231.20,234.72,231.14,233.08,3139100
2021/3/31,234.35,237.01,228.85,231.87,4512300
2021/4/1,231.30,235.00,227.59,232.74,3787100
2021/4/2,231.30,235.00,227.59,232.74,3787100
2021/4/5,235.00,235.66,232.37,233.71,2323400
2021/4/6,232.50,236.68,230.23,230.64,2614500
2021/4/7,231.96,234.19,229.35,230.41,2449600
2021/4/8,230.13,231.05,227.17,230.48,2158900
2021/4/9,231.30,232.20,227.54,230.75,2482900
2021/4/12,230.30,231.30,228.93,230.93,1688200
2021/4/13,233.41,233.50,228.05,229.35,2286400
2021/4/14,229.60,234.22,229.55,232.58,2491000
2021/4/15,233.15,233.44,230.74,232.52,1860200
2021/4/16,234.62,235.94,232.27,233.36,2128400
2021/4/19,232.90,233.10,229.91,232.39,1712600
2021/4/20,230.90,231.30,225.60,227.63,2815800
2021/4/21,227.32,232.61,226.02,232.46,1977700
2021/4/22,233.25,233.43,228.77,228.89,2410700
2021/4/23,229.36,231.65,227.88,230.11,3458300
2021/4/26,230.57,232.85,229.96,230.56,1864800
2021/4/27,230.29,230.86,228.08,230.34,1959300
2021/4/28,230.05,233.72,229.38,232.30,2965300
2021/4/29,235.00,235.20,223.20,227.47,5442400
2021/4/30,225.52,228.39,224.88,228.11,3953500
2021/5/3,230.00,230.93,227.21,228.17,3182900
2021/5/4,227.00,234.00,225.35,233.41,4040700
2021/5/5,234.62,239.33,231.85,237.88,3690600
2021/5/6,238.00,240.98,236.00,237.07,4527000
2021/5/7,235.64,241.89,233.16,240.99,3327900
2021/5/10,243.50,245.78,242.59,242.61,3752900
2021/5/11,238.78,242.99,236.54,239.30,3163100
2021/5/12,241.27,243.23,236.44,237.32,3668500
2021/5/13,236.04,240.99,234.57,240.07,2228100
2021/5/14,242.00,243.35,240.08,242.23,2041600
2021/5/17,242.74,245.45,241.12,244.79,1998400
2021/5/18,244.79,245.54,239.41,239.47,2436200
2021/5/19,236.10,237.08,231.94,236.87,3143100
2021/5/20,237.48,237.60,232.59,234.99,3339200
2021/5/21,236.60,239.40,235.01,237.24,2479100
2021/5/24,237.69,239.71,236.22,239.05,2372700
2021/5/25,239.51,241.89,236.74,237.17,2265700
2021/5/26,237.41,239.50,236.62,237.71,2070000
2021/5/27,241.50,243.37,238.93,241.28,3594700
2021/5/28,241.91,242.26,238.79,241.08,2290700
2021/5/31,241.91,242.26,238.79,241.08,2290700
2021/6/1,244.01,244.93,241.81,242.76,2476000
2021/6/2,243.07,245.10,240.70,243.46,2348500
2021/6/3,242.43,246.44,240.87,243.84,1923200
2021/6/4,245.12,246.69,242.32,244.02,1837900
2021/6/7,244.05,244.33,238.62,239.76,2330700
2021/6/8,239.40,241.21,236.06,240.16,2212300
2021/6/9,239.00,239.19,234.45,234.65,2919600
2021/6/10,236.14,236.65,225.58,225.73,6281800
2021/6/11,226.30,227.92,220.03,220.70,8734900
2021/6/14,220.07,221.97,215.60,219.01,7213300
2021/6/15,219.89,220.78,216.26,219.46,5055900
2021/6/16,219.01,219.39,216.70,217.16,4156900
2021/6/17,216.97,218.27,207.88,209.45,7995300
2021/6/18,206.18,211.81,205.50,208.86,7156400
2021/6/21,211.55,215.23,211.40,213.21,5633900
2021/6/22,213.49,214.83,211.18,213.13,3776400
2021/6/23,213.60,216.77,212.58,213.79,3283400
2021/6/24,216.54,221.93,215.33,219.34,6827600
2021/6/25,221.18,221.75,215.27,216.31,11274200
2021/6/28,216.45,216.78,213.56,216.27,3172000
2021/6/29,218.04,218.70,214.59,215.10,3443400
2021/6/30,214.62,217.95,214.06,217.63,3249500
2021/7/1,219.16,219.79,216.15,216.71,2426300
2021/7/2,217.66,218.37,215.58,217.76,2433600
2021/7/5,217.66,218.37,215.58,217.76,2433600
2021/7/6,217.41,217.56,211.34,213.52,4348100
2021/7/7,212.69,215.06,211.16,214.69,2707700
2021/7/8,210.00,213.90,209.93,212.11,3723800
2021/7/9,215.90,218.59,214.40,217.42,3163800
2021/7/12,216.02,218.95,214.85,218.58,2509000
2021/7/13,218.96,219.05,214.70,215.19,2373300
2021/7/14,215.26,215.64,211.22,211.64,3185200
2021/7/15,210.28,213.39,210.12,211.41,2737500
2021/7/16,212.46,212.70,207.01,207.95,4368800
2021/7/19,202.27,203.75,199.23,203.08,5391100
2021/7/20,203.04,208.63,202.31,207.96,3934300
2021/7/21,208.72,210.96,207.58,210.73,3407300
2021/7/22,211.00,211.38,208.54,209.16,1931500
2021/7/23,209.50,210.37,207.86,209.53,2302600
2021/7/26,209.84,212.07,209.50,211.03,2157600
2021/7/27,207.53,211.06,207.00,209.90,2472000
2021/7/28,210.00,212.69,208.10,211.44,3246900
2021/7/29,214.00,214.51,209.69,212.56,3419700
2021/7/30,207.90,208.67,203.15,206.75,5834900
2021/8/2,208.00,210.90,204.95,205.16,3977100
2021/8/3,205.31,209.29,203.43,208.50,3580500
2021/8/4,208.22,209.59,204.37,204.52,2948700
2021/8/5,205.25,207.66,204.70,207.19,2685800
2021/8/6,209.01,210.39,207.65,208.35,2677100
2021/8/9,207.29,209.88,206.12,208.89,2747200
2021/8/10,210.00,214.90,208.96,214.07,4193600
2021/8/11,215.73,222.57,214.57,221.66,7794100
2021/8/12,222.24,223.76,218.47,220.24,4444500
2021/8/13,219.88,220.55,217.73,218.57,2049400
2021/8/16,217.36,218.00,214.34,217.71,3132500
2021/8/17,216.22,216.39,210.58,213.44,4022800
2021/8/18,212.50,213.55,209.72,209.81,2947700
2021/8/19,208.17,208.96,203.21,204.45,4788100
2021/8/20,205.42,207.26,203.59,204.94,2765500
2021/8/23,207.25,209.75,205.83,209.14,2827400
2021/8/24,209.75,213.27,209.53,212.59,2485900
2021/8/25,213.17,215.70,212.15,214.76,2599800
2021/8/26,214.51,214.51,210.48,211.24,2513900
2021/8/27,212.26,214.03,212.22,212.83,2511400
2021/8/30,213.22,213.74,210.80,211.45,1922100
2021/8/31,211.28,212.30,210.42,210.87,2857900
2021/9/1,210.87,210.99,206.61,207.96,4122900
2021/9/2,208.92,212.95,208.92,211.78,2921600
2021/9/3,211.15,212.80,210.00,210.37,2512000
2021/9/6,211.15,212.80,210.00,210.37,2512000
2021/9/7,210.04,210.34,207.85,208.23,2641100
2021/9/8,207.12,208.12,204.77,206.77,2603100
2021/9/9,206.50,208.15,204.90,205.42,2777900
2021/9/10,207.10,207.88,204.82,205.01,2551200
2021/9/13,207.16,207.86,203.93,206.20,2699100
2021/9/14,206.04,206.10,201.64,202.33,3757600
2021/9/15,202.17,206.59,201.87,205.73,3342700
2021/9/16,205.45,206.39,202.82,203.60,3120100
2021/9/17,202.63,203.27,199.45,199.75,6351100
2021/9/20,193.06,193.99,188.48,190.82,9151100
2021/9/21,192.00,192.71,186.98,189.84,5699900
2021/9/22,192.00,194.50,191.16,191.35,3924400
2021/9/23,192.91,197.60,192.85,196.62,3367800
2021/9/24,195.65,197.79,194.93,196.82,2199500
2021/9/27,197.60,201.99,197.60,200.00,3033100
2021/9/28,200.20,201.89,198.75,200.55,3247500
2021/9/29,200.48,201.16,197.70,197.87,2954700
2021/9/30,198.62,198.87,191.63,191.97,4978100
2021/10/1,192.90,195.87,191.24,194.33,3695500
2021/10/4,194.74,195.91,192.41,193.13,2864600
2021/10/5,192.76,194.40,190.73,192.50,3074600
2021/10/6,190.00,192.39,187.80,191.86,3777700
2021/10/7,193.73,196.39,193.61,195.75,3510500
2021/10/8,195.80,196.58,194.74,195.16,2713200
2021/10/11,196.34,197.17,192.68,192.89,2015200
2021/10/12,192.32,193.58,189.58,189.92,4706700
2021/10/13,190.50,191.25,187.72,188.94,3253200
2021/10/14,193.55,194.80,192.61,194.33,5212900
2021/10/15,195.96,199.45,195.30,199.02,4736300
2021/10/18,197.38,198.68,195.55,198.18,2809400
2021/10/19,198.60,201.48,198.46,201.14,2626900
2021/10/20,201.16,205.18,200.53,204.19,2936000
2021/10/21,201.60,202.30,199.74,202.14,3071300
2021/10/22,200.64,202.35,199.20,200.65,2632400
2021/10/25,201.28,203.31,200.51,202.21,3294700
2021/10/26,202.75,202.79,199.47,199.64,2933600
2021/10/27,200.25,200.43,195.92,196.13,3406700
2021/10/28,197.36,204.50,197.05,204.09,4462700
2021/10/29,207.99,209.75,203.24,204.01,4292200
2021/11/1,204.29,206.88,203.81,205.38,3215200
2021/11/2,205.75,207.81,203.00,207.12,3429600
2021/11/3,206.26,206.58,201.82,203.55,3137000
2021/11/4,204.00,204.89,202.61,203.59,2543500
2021/11/5,205.48,208.88,205.23,205.88,2591300
2021/11/8,215.89,216.47,211.25,214.25,5944700
2021/11/9,215.18,215.57,208.96,209.81,3310300
2021/11/10,209.27,209.95,206.43,206.67,3261800
2021/11/11,207.88,210.44,207.88,208.53,4819800
2021/11/12,209.35,210.69,208.30,209.27,2018000
2021/11/15,210.00,210.69,206.76,207.71,2392600
2021/11/16,208.00,208.18,205.26,205.43,2138000
2021/11/17,205.00,205.19,200.85,202.98,3135700
2021/11/18,203.27,203.71,200.66,201.42,2119900
2021/11/19,200.92,202.92,199.66,200.44,2980100
2021/11/22,201.49,204.53,200.09,202.38,2596500
2021/11/23,203.05,205.57,201.59,205.33,3127100
2021/11/24,203.66,208.26,203.08,207.07,3880500
2021/11/25,203.66,208.26,203.08,207.07,3880500
2021/11/26,201.00,201.45,196.61,198.73,3496000
2021/11/29,201.23,201.50,193.28,195.92,4559900
2021/11/30,193.84,196.78,191.55,193.35,6358000
2021/12/1,197.58,198.43,191.36,191.47,3425300
2021/12/2,192.31,197.62,191.81,196.79,3445700
2021/12/3,197.67,199.39,195.74,197.80,3250900
2021/12/6,199.58,203.26,198.34,201.28,2838400
2021/12/7,203.29,206.21,203.07,204.49,2818000
2021/12/8,204.41,206.20,203.61,204.19,2341200
2021/12/9,203.10,204.97,200.88,204.13,1646600
2021/12/10,205.40,205.90,202.11,203.46,3315200
2021/12/13,203.82,204.25,200.45,201.25,1868500
2021/12/14,200.00,203.98,199.80,201.64,2248800
2021/12/15,201.00,202.60,198.64,202.55,2193700
2021/12/16,205.00,208.23,204.65,206.17,2856800
2021/12/17,204.95,205.25,201.23,201.37,6079600
2021/12/20,197.55,197.55,193.06,195.46,3605100
2021/12/21,197.00,199.02,196.74,198.31,2303400
2021/12/22,200.98,203.40,200.83,202.15,3558700
2021/12/23,203.42,207.30,203.29,206.20,2669600
2021/12/24,203.42,207.30,203.29,206.20,2669600
2021/12/27,205.94,206.90,205.14,206.38,1711200
2021/12/28,206.18,208.26,206.14,206.62,1393000
2021/12/29,206.27,208.55,206.08,207.33,1334900
2021/12/30,207.33,208.91,205.93,206.08,1465900
2021/12/31,206.20,207.74,205.67,206.74,1374500
2022/1/3,207.33,208.60,205.80,207.00,2055600
2022/1/4,208.28,218.92,207.94,218.08,5242300
2022/1/5,218.18,223.36,218.18,219.75,5378200
2022/1/6,221.49,222.71,218.06,221.99,3913200
2022/1/7,222.50,225.97,222.23,224.19,3673400
2022/1/10,224.95,225.75,220.61,221.64,3734900
2022/1/11,222.00,222.09,216.59,219.95,2944300
2022/1/12,222.12,223.69,220.07,222.40,2506900
2022/1/13,222.89,227.88,222.64,227.00,5002300
2022/1/14,224.72,229.64,223.58,228.94,3970600
2022/1/17,224.72,229.64,223.58,228.94,3970600
2022/1/18,227.71,230.43,226.86,229.87,5411900
2022/1/19,229.66,229.81,220.93,221.66,4991700
2022/1/20,221.08,221.87,216.04,216.63,3545600
2022/1/21,217.51,217.51,212.42,214.09,3754700
2022/1/24,211.16,214.97,206.66,214.33,5107300
2022/1/25,212.08,216.83,207.10,214.31,4554300
2022/1/26,215.00,218.88,212.24,214.29,3558500
2022/1/27,215.21,217.90,210.15,212.17,3678100
2022/1/28,205.59,208.00,196.80,201.16,10747300
2022/1/31,199.45,201.60,194.68,201.56,6179000
2022/2/1,200.80,205.79,200.54,205.35,4026400
2022/2/2,203.20,205.80,201.40,204.94,3492300
2022/2/3,205.00,205.87,200.09,200.59,2748200
2022/2/4,200.21,201.01,196.49,198.41,3930800
2022/2/7,198.84,201.53,198.03,199.82,2402000
2022/2/8,200.26,202.31,199.23,201.50,2407100
2022/2/9,202.64,204.10,202.09,203.60,2743700
2022/2/10,202.57,206.75,201.56,203.07,3538500
2022/2/11,203.42,204.65,200.13,201.24,3826700
2022/2/14,200.95,201.70,198.11,199.89,2730500
2022/2/15,200.70,204.45,200.01,203.41,2752600
2022/2/16,203.11,205.42,203.00,203.64,2253900
2022/2/17,201.00,201.76,194.44,194.74,4699600
2022/2/18,193.36,195.62,191.18,191.95,4385200
2022/2/21,193.36,195.62,191.18,191.95,4385200
2022/2/22,191.95,194.90,190.55,191.21,3488000
2022/2/23,191.72,192.32,186.37,186.67,3550400
2022/2/24,182.03,185.27,179.67,184.69,5919500
2022/2/25,184.94,187.93,184.12,187.06,3594600
2022/2/28,184.34,188.77,183.67,187.58,5168500
2022/3/1,187.77,188.22,180.64,182.83,5110600
2022/3/2,185.20,193.56,185.00,192.61,5849900
2022/3/3,193.32,196.58,192.34,194.85,4429700
2022/3/4,191.10,196.01,190.31,195.66,4334700
2022/3/7,194.79,203.50,193.62,196.70,6912300
2022/3/8,203.87,214.89,203.00,210.00,9318600
2022/3/9,212.57,213.60,207.45,209.78,4798300
2022/3/10,209.39,217.52,208.18,211.79,4886300
2022/3/11,212.30,217.77,212.30,214.83,4045500
2022/3/14,216.30,218.48,212.93,215.44,3530700
2022/3/15,216.12,217.38,210.51,216.46,4364200
2022/3/16,217.50,219.49,212.32,216.08,4378700
2022/3/17,215.32,221.78,214.34,221.70,3600400
2022/3/18,219.48,221.70,218.00,220.91,4105100
2022/3/21,221.00,227.05,220.99,223.71,2902200
2022/3/22,224.46,225.85,221.34,222.71,2461500
2022/3/23,221.69,224.78,221.69,222.17,2001700
2022/3/24,222.54,225.00,221.51,222.21,2110900
2022/3/25,222.09,223.80,221.14,223.36,1581100
2022/3/28,222.34,222.68,219.04,221.85,3072500
2022/3/29,220.80,221.43,216.54,221.04,3667800
2022/3/30,222.00,225.88,220.70,223.08,2507400
2022/3/31,223.21,225.19,222.43,222.82,3152100
2022/4/1,224.35,225.52,218.17,219.77,2618300
2022/4/4,219.16,221.35,216.60,220.81,2181300
2022/4/5,220.00,222.37,215.14,216.02,3582100
2022/4/6,215.12,217.13,213.55,216.21,2783300
2022/4/7,215.46,216.31,213.56,215.90,2253600
2022/4/8,215.79,217.88,214.03,217.03,2450200
2022/4/11,217.03,218.76,215.75,216.05,2494700
2022/4/12,215.45,219.48,214.98,216.70,2508200
2022/4/13,216.93,219.68,216.40,218.27,1898900
2022/4/14,219.91,229.22,218.61,227.81,5337900
2022/4/15,219.91,229.22,218.61,227.81,5337900
2022/4/18,228.00,234.38,228.00,229.92,3644000
2022/4/19,230.25,232.94,227.57,232.16,2689400
2022/4/20,233.55,236.37,232.58,235.08,2907700
2022/4/21,237.24,237.90,231.65,232.57,3571400
2022/4/22,228.40,229.79,215.60,216.30,5053700
2022/4/25,215.31,217.00,209.57,216.70,4145500
2022/4/26,216.13,218.20,209.35,210.30,4176700
2022/4/27,211.11,215.55,207.30,213.96,3358300
2022/4/28,207.43,212.96,202.00,212.44,6092800
2022/4/29,212.70,217.21,210.16,210.54,3404000
2022/5/2,210.00,212.77,207.66,212.07,2639500
2022/5/3,211.90,215.36,210.79,213.62,2121100
2022/5/4,214.95,223.29,213.83,222.59,3023700
2022/5/5,222.40,223.15,213.77,215.93,3005600
2022/5/6,217.01,217.01,210.35,214.65,2268400
2022/5/9,212.03,212.05,205.44,206.29,2929900
2022/5/10,208.24,209.52,201.39,202.99,3040400
2022/5/11,205.56,209.71,203.59,205.21,2552400
2022/5/12,203.61,205.34,199.30,203.03,3282000
2022/5/13,205.15,206.46,202.92,204.33,2323800
2022/5/16,205.02,209.21,203.68,207.19,2540800
2022/5/17,212.80,213.77,209.14,213.09,2275900
2022/5/18,213.84,217.90,207.52,207.94,4723300
2022/5/19,205.86,209.28,201.71,206.76,2887700
2022/5/20,206.45,206.63,194.04,197.82,5404500
2022/5/23,199.93,205.49,199.16,204.15,3246600
2022/5/24,202.01,205.70,201.29,205.65,2467800
2022/5/25,205.00,210.09,204.82,209.31,3080200
2022/5/26,211.55,213.64,210.40,212.99,2016000
2022/5/27,215.00,217.63,214.16,217.14,2020400
2022/5/30,215.00,217.63,214.16,217.14,2020400
2022/5/31,214.79,218.09,213.49,215.85,3773500
2022/6/1,218.46,219.00,214.30,217.57,2314000
2022/6/2,219.59,220.84,217.25,220.00,1784100
2022/6/3,218.25,224.10,218.25,222.90,2222500
2022/6/6,222.90,224.76,222.25,223.63,1565400
2022/6/7,222.00,227.27,221.65,227.10,1799000
2022/6/8,225.29,232.35,224.62,229.80,4171300
2022/6/9,227.43,228.21,223.62,223.67,3045700
2022/6/10,219.50,220.22,215.01,215.18,2604100
2022/6/13,209.58,209.87,204.90,206.88,3559400
2022/6/14,208.06,209.73,205.27,206.69,2359000
2022/6/15,207.48,208.65,203.13,206.00,2343100
2022/6/16,201.07,201.25,193.25,194.79,4789900
2022/6/17,195.68,197.74,190.87,192.64,7226100
2022/6/20,195.68,197.74,190.87,192.64,7226100
2022/6/21,197.10,198.42,193.87,196.37,2755400
2022/6/22,190.00,192.79,187.71,187.83,4008700
2022/6/23,186.58,187.23,176.02,178.67,6667900
2022/6/24,181.34,185.60,179.37,185.49,4868900
2022/6/27,188.08,190.08,185.82,187.59,3061100
2022/6/28,189.97,193.10,187.43,187.44,3327200
2022/6/29,187.32,187.57,182.13,183.48,2436900
2022/6/30,180.26,182.14,177.12,178.76,4197100
2022/7/1,179.31,181.32,173.72,178.29,3423100
2022/7/4,179.31,181.32,173.72,178.29,3423100
2022/7/5,173.77,174.42,170.60,173.76,3724900
2022/7/6,173.48,174.67,169.29,172.31,3190600
2022/7/7,182.50,182.50,176.33,180.28,4677600
2022/7/8,180.23,181.24,176.39,179.10,2491100
2022/7/11,177.41,179.77,174.62,175.02,2773300
2022/7/12,174.74,177.24,172.60,174.49,2718400
2022/7/13,172.25,175.25,171.86,173.87,2389000
2022/7/14,169.75,170.70,167.08,169.94,2531200
2022/7/15,172.25,173.38,169.20,173.38,2282100
2022/7/18,176.13,176.70,172.71,173.49,2476400
2022/7/19,173.90,179.70,172.88,179.49,2671400
2022/7/20,178.78,180.80,177.07,179.97,2175900
2022/7/21,178.42,181.07,176.48,180.99,2214500
2022/7/22,181.49,182.80,177.34,178.62,1961500
2022/7/25,179.17,182.60,177.77,181.81,1845600
2022/7/26,181.16,183.65,180.58,181.23,1767700
2022/7/27,182.92,186.18,180.32,185.25,1856500
2022/7/28,186.85,189.52,184.20,187.84,2229200
2022/7/29,189.19,199.49,189.12,198.25,5188100
2022/8/1,195.08,197.19,193.40,194.86,3185100
2022/8/2,188.00,189.47,183.16,183.51,8193100
2022/8/3,183.32,185.44,181.60,182.87,4155900
2022/8/4,182.86,185.93,181.12,183.64,2478900
2022/8/5,183.58,186.10,183.23,185.39,1908500
2022/8/8,186.77,188.00,184.16,185.81,2655000
2022/8/9,185.95,187.88,185.16,186.03,2460000
2022/8/10,188.73,191.52,187.45,190.72,2304300
2022/8/11,192.83,195.58,191.91,194.00,2538900
2022/8/12,194.89,196.97,193.80,196.84,1864800
2022/8/15,193.40,196.50,193.07,195.95,1752400
2022/8/16,195.32,198.40,194.95,197.52,1959300
2022/8/17,195.00,196.90,193.87,195.93,1576200
2022/8/18,197.05,197.63,195.25,197.35,1750900
2022/8/19,195.27,197.22,193.81,195.60,2003600
2022/8/22,193.11,193.93,191.55,191.76,2008900
2022/8/23,192.75,198.14,192.48,197.21,2444900
2022/8/24,197.56,198.68,193.45,194.16,2503200
2022/8/25,195.49,198.91,194.57,198.88,1888700
2022/8/26,199.40,200.37,191.73,191.92,2560400
2022/8/29,190.00,193.17,189.00,191.78,1996600
2022/8/30,191.50,191.96,184.59,186.94,2691200
2022/8/31,186.63,188.06,184.50,184.71,2656600
2022/9/1,182.27,183.21,180.10,182.44,2686200
2022/9/2,184.85,185.74,179.85,180.83,2185400
2022/9/5,184.85,185.74,179.85,180.83,2185400
2022/9/6,182.90,183.66,179.59,180.66,2141700
2022/9/7,179.11,181.84,178.19,180.86,2166900
2022/9/8,179.68,183.28,178.08,183.15,2245700
2022/9/9,187.55,189.76,187.22,189.49,2279600
2022/9/12,190.85,192.70,190.61,192.40,1937200
2022/9/13,187.85,190.05,183.50,184.31,2207500
2022/9/14,183.92,185.14,181.87,184.65,2295000
2022/9/15,184.67,186.54,181.68,182.49,1933100
2022/9/16,180.00,180.34,177.77,179.47,5088300
2022/9/19,177.25,182.73,176.80,182.11,2923700
2022/9/20,180.59,180.72,176.31,177.99,2512400
2022/9/21,179.28,180.49,171.88,171.95,4061900
2022/9/22,172.70,174.62,170.29,170.55,2508400
2022/9/23,168.66,169.44,161.73,164.24,4047200
2022/9/26,164.00,165.85,162.22,162.62,3213400
2022/9/27,164.46,164.57,160.60,162.44,2753500
2022/9/28,164.50,168.48,163.54,167.76,3694800
2022/9/29,165.70,166.59,163.54,165.90,3518100
2022/9/30,165.89,167.78,163.89,164.08,2963000
2022/10/3,167.43,173.37,166.05,171.23,3444700
2022/10/4,174.30,180.19,174.21,179.63,4008200
2022/10/5,177.15,180.26,176.69,178.38,3067400
2022/10/6,177.41,180.98,176.89,178.81,2415000
2022/10/7,176.72,178.96,175.14,177.55,2759200
2022/10/10,179.81,181.16,176.07,178.67,2633900
2022/10/11,176.82,183.08,176.67,179.75,2542400
2022/10/12,179.48,181.12,178.78,179.50,2260800
2022/10/13,173.75,184.95,172.71,183.14,3745900
2022/10/14,183.75,184.33,177.53,178.19,2830200
2022/10/17,182.30,184.31,179.20,180.80,2940000
2022/10/18,184.90,185.53,180.91,183.55,2674000
2022/10/19,182.94,185.70,182.00,184.41,2088700
2022/10/20,184.54,185.74,180.46,180.54,2953900
2022/10/21,179.73,190.41,179.21,190.22,3483800
2022/10/24,188.65,192.14,188.45,191.30,2919500
2022/10/25,190.29,195.67,188.92,194.84,2545000
2022/10/26,198.30,199.58,194.57,196.96,3546000
2022/10/27,210.15,217.13,207.37,212.14,7872200
2022/10/28,212.50,219.50,211.21,219.34,5161000
2022/10/31,215.34,218.87,215.01,216.46,3786100
2022/11/1,218.63,219.47,216.71,218.50,2717500
2022/11/2,217.60,221.70,213.93,214.54,3150000
2022/11/3,211.54,221.79,211.36,219.26,3570400
2022/11/4,224.02,229.73,223.60,227.85,4973800
2022/11/7,228.00,229.13,222.67,228.61,3405600
2022/11/8,228.61,232.63,226.67,229.81,3676600
2022/11/9,226.07,229.14,225.06,225.54,6248300
2022/11/10,232.22,232.59,226.33,232.45,4590800
2022/11/11,233.00,238.40,232.00,236.49,3585400
2022/11/14,236.00,239.85,234.50,236.50,3217700
2022/11/15,237.10,239.40,232.75,234.59,3371000
2022/11/16,234.00,234.66,230.84,232.42,3062000
2022/11/17,227.75,230.53,225.51,230.44,3256900
2022/11/18,230.85,231.84,227.63,231.43,2868700
2022/11/21,231.55,233.67,228.27,232.17,2522600
2022/11/22,234.00,237.48,233.36,237.26,2523300
2022/11/23,237.63,239.63,235.61,236.92,2311300
2022/11/24,237.63,239.63,235.61,236.92,2311300
2022/11/25,237.00,237.49,235.19,235.70,1034800
2022/11/28,233.94,234.96,231.57,232.30,2862100
2022/11/29,233.30,235.73,231.55,235.12,2277900
2022/11/30,235.90,236.76,230.79,236.41,3850000
2022/12/1,236.90,237.00,231.94,235.69,2504700
2022/12/2,233.89,238.47,233.59,236.13,2218300
2022/12/5,234.80,235.91,232.26,232.57,2064500
2022/12/6,232.59,233.05,225.56,228.29,3633800
2022/12/7,227.00,229.84,225.78,228.98,3044000
2022/12/8,230.91,232.50,229.54,230.92,2189400
2022/12/9,232.00,232.81,227.19,227.29,2257000
2022/12/12,227.55,233.40,227.02,233.06,2709200
2022/12/13,237.82,237.92,232.13,235.49,2945200
2022/12/14,236.06,238.22,233.12,234.48,3513800
2022/12/15,232.16,232.93,227.72,230.66,2953200
2022/12/16,228.63,233.22,228.05,232.72,7610700
2022/12/19,233.90,236.93,230.93,232.29,2622400
2022/12/20,232.44,235.72,231.86,235.14,2649900
2022/12/21,237.66,241.91,237.66,241.73,4143600
2022/12/22,240.15,240.80,233.04,237.54,3129900
2022/12/23,236.95,240.54,236.50,239.87,1959900
2022/12/26,236.95,240.54,236.50,239.87,1959900
2022/12/27,240.69,245.05,239.72,243.14,3381500
2022/12/28,243.14,243.82,238.28,239.38,2270000
2022/12/29,241.21,241.61,238.27,240.20,1652500
2022/12/30,239.39,240.16,237.70,239.56,1521100
2023/1/2,239.39,240.16,237.70,239.56,1521100
2023/1/3,240.68,240.68,236.20,238.88,2651900
2023/1/4,240.00,242.13,238.55,241.36,2387900
2023/1/5,240.53,241.54,237.56,240.28,2355900
2023/1/6,242.89,249.91,242.24,248.86,3945100
2023/1/9,249.01,250.97,246.00,246.62,3417100
2023/1/10,246.95,250.84,246.45,250.51,3011900
2023/1/11,251.49,251.89,247.13,250.73,2402400
2023/1/12,252.00,257.38,251.01,255.07,3881500
2023/1/13,256.80,258.58,255.23,258.46,3067800
2023/1/16,256.80,258.58,255.23,258.46,3067800
2023/1/17,258.86,260.50,255.94,256.26,4100100
2023/1/18,257.28,258.91,252.07,252.82,3361400
2023/1/19,250.48,251.25,244.30,245.75,4885200
2023/1/20,246.87,249.92,244.76,249.71,2964100
2023/1/23,250.75,253.68,249.27,252.70,2610200
2023/1/24,252.88,259.05,249.75,257.61,3505100
2023/1/25,254.53,259.19,254.32,258.44,2424900
2023/1/26,260.00,262.26,256.89,262.12,2677200
2023/1/27,262.46,266.04,262.12,264.54,2783000
2023/1/30,263.34,265.00,261.31,261.50,3426900
2023/1/31,257.00,257.39,246.41,252.29,10992100
2023/2/1,251.75,252.70,245.31,249.54,6022000
2023/2/2,249.33,249.53,241.80,244.90,6130300
2023/2/3,244.00,250.95,243.13,247.76,4134700
2023/2/6,248.11,252.14,248.00,251.42,3528800
2023/2/7,250.55,252.00,245.35,249.66,3467900
2023/2/8,248.10,251.56,247.08,248.87,2300300
2023/2/9,250.00,251.97,245.48,246.28,2464900
2023/2/10,246.28,248.63,244.64,247.67,2820300
2023/2/13,243.50,248.38,242.65,248.15,3068100
2023/2/14,247.01,247.31,241.65,244.36,2512900
2023/2/15,244.20,248.77,243.23,248.70,2398200
2023/2/16,246.50,248.53,244.52,246.52,1934900
2023/2/17,247.86,250.86,245.63,247.79,3759300
2023/2/20,247.86,250.86,245.63,247.79,3759300
2023/2/21,244.50,248.00,239.75,240.71,3105900
2023/2/22,241.19,242.23,236.42,237.89,3145200
2023/2/23,240.67,240.83,235.60,237.95,3219000
2023/2/24,235.23,236.69,233.02,236.17,2105500
2023/2/27,239.10,241.25,238.72,239.98,1720900
2023/2/28,240.94,241.10,238.71,239.55,2647700
2023/3/1,242.01,249.70,241.57,248.67,4117700
2023/3/2,246.51,252.49,246.13,252.18,2676500
2023/3/3,252.39,255.40,249.91,255.31,2314700
2023/3/6,255.65,255.70,251.58,253.98,2317100
2023/3/7,254.05,254.75,245.95,246.14,3018400
2023/3/8,247.99,251.11,246.75,248.72,2068600
2023/3/9,248.95,250.13,240.61,240.96,2518800
2023/3/10,236.31,238.13,225.80,227.01,5767500
2023/3/13,222.58,228.33,221.54,224.70,4885100
2023/3/14,228.99,229.59,222.20,225.67,3754900
2023/3/15,219.40,221.18,212.57,217.26,5471700
2023/3/16,215.67,219.81,213.32,218.71,3555000
2023/3/17,217.40,217.40,211.43,215.01,7203000
2023/3/20,217.35,221.87,216.48,220.31,3464200
2023/3/21,224.06,226.00,223.61,224.92,3074600
2023/3/22,225.17,226.59,219.86,219.95,2930200
2023/3/23,220.51,225.30,217.60,219.44,2957400
2023/3/24,216.85,217.43,213.14,217.01,2976800
2023/3/27,214.93,218.96,213.92,218.00,3209500
2023/3/28,218.15,220.56,217.71,220.16,1802000
2023/3/29,222.74,223.22,221.50,223.00,1857300
2023/3/30,225.05,226.34,223.99,224.54,1921100
2023/3/31,226.38,229.06,224.90,228.84,2746700
2023/4/3,230.01,233.85,228.86,229.87,2242500
2023/4/4,228.90,229.49,216.25,217.45,4282100
2023/4/5,216.20,217.88,211.55,213.53,4265300
2023/4/6,212.67,213.00,208.94,209.17,4180100
2023/4/7,212.67,213.00,208.94,209.17,4180100
2023/4/10,210.22,216.09,209.32,215.53,3839000
2023/4/11,216.17,222.90,216.17,220.60,3882000
2023/4/12,222.15,223.22,219.89,220.50,2385100
2023/4/13,219.94,222.18,216.66,221.67,2909100
2023/4/14,222.99,225.83,221.44,223.68,2246900
2023/4/17,225.01,226.92,224.30,225.24,1751800
2023/4/18,225.56,227.50,224.06,225.20,2567100
2023/4/19,224.80,225.15,222.41,224.65,2078400
2023/4/20,222.42,224.22,220.93,222.27,2826800
2023/4/21,220.67,220.99,217.50,220.27,2712500
2023/4/24,220.53,223.69,220.53,223.43,2790700
2023/4/25,222.36,223.23,218.27,218.63,2505600
2023/4/26,217.73,220.39,216.12,216.19,3254700
2023/4/27,210.48,216.08,204.04,214.33,7711100
2023/4/28,213.24,220.56,213.00,218.80,4669500
2023/5/1,219.34,221.96,216.53,217.27,2876400
2023/5/2,217.11,217.11,210.59,215.15,2858000
2023/5/3,215.64,219.17,214.86,215.64,2635100
2023/5/4,216.05,216.93,209.33,210.38,3211000
2023/5/5,213.59,215.68,212.40,215.09,2716600
2023/5/8,216.44,218.11,213.63,214.79,2414100
2023/5/9,213.74,215.39,211.95,213.49,4111900
2023/5/10,215.43,215.99,210.19,213.17,2446100
2023/5/11,209.00,210.28,208.42,210.03,3263300
2023/5/12,211.71,212.55,207.93,209.54,2172600
2023/5/15,210.31,213.31,209.15,211.29,1925600
2023/5/16,210.05,210.27,207.05,207.20,2771500
2023/5/17,209.28,213.84,208.65,212.10,2897400
2023/5/18,211.00,215.66,210.23,214.72,2643600
2023/5/19,219.46,219.89,212.95,214.78,4402100
2023/5/22,214.25,217.16,211.89,214.26,2540600
2023/5/23,213.20,215.26,211.35,212.71,2298300
2023/5/24,211.81,212.48,209.22,209.70,2964000
2023/5/25,209.69,211.79,208.60,209.98,2243600
2023/5/26,211.74,213.28,210.21,211.80,1973900
2023/5/29,211.74,213.28,210.21,211.80,1973900
2023/5/30,211.18,212.89,208.25,209.90,2885900
2023/5/31,209.13,210.78,205.60,205.75,5937000
2023/6/1,207.68,210.57,206.04,209.07,2989100
2023/6/2,214.95,227.78,214.01,226.63,8358200
2023/6/5,226.99,226.99,220.75,222.47,3438400
2023/6/6,221.86,228.27,221.45,226.68,3230100
2023/6/7,227.81,236.36,226.28,235.55,5586400
2023/6/8,234.54,236.28,231.74,234.45,3546800
2023/6/9,235.70,235.81,231.43,235.03,2488500
2023/6/12,235.23,238.89,233.32,237.90,3644200
2023/6/13,240.08,246.68,239.68,245.44,4335100
2023/6/14,246.80,248.32,241.57,243.32,3122400
2023/6/15,244.00,248.38,243.48,247.67,2743900
2023/6/16,249.40,250.89,244.97,245.27,5261200
2023/6/19,249.40,250.89,244.97,245.27,5261200
2023/6/20,242.33,243.22,240.55,241.15,2979800
2023/6/21,238.84,245.26,238.03,241.48,2892500
2023/6/22,240.23,240.98,235.95,237.34,2421600
2023/6/23,234.44,235.86,231.28,234.44,3354000
2023/6/26,235.46,239.62,235.13,236.95,1748300
2023/6/27,237.48,240.84,235.32,240.69,2283000
2023/6/28,239.29,242.05,237.86,241.87,2200100
2023/6/29,241.94,246.86,241.37,244.24,2070000
2023/6/30,246.57,246.93,243.89,246.05,2377900
2023/7/3,245.95,248.39,245.27,247.33,1045700
2023/7/4,245.95,248.39,245.27,247.33,1045700
2023/7/5,245.00,247.50,244.12,244.83,1820600
2023/7/6,242.75,243.87,238.84,240.58,3079700
2023/7/7,240.19,247.80,240.11,245.18,2903900
2023/7/10,244.51,249.36,244.09,248.81,2771900
2023/7/11,249.84,254.47,249.84,252.85,3293300
2023/7/12,255.49,257.64,251.44,253.60,2986200
2023/7/13,254.56,256.46,252.74,255.86,1949400
2023/7/14,256.48,256.48,252.91,255.62,1936800
2023/7/17,254.27,258.85,252.01,257.46,2674500
2023/7/18,257.63,264.16,256.93,263.81,3832400
2023/7/19,260.14,262.92,259.70,262.75,2771900
2023/7/20,264.17,265.40,260.44,261.09,2102300
2023/7/21,261.75,261.76,257.51,257.65,2249900
2023/7/24,258.30,262.44,258.10,259.37,2195300
2023/7/25,260.10,263.88,259.44,262.06,2016600
2023/7/26,260.53,262.54,257.25,258.32,2622800
2023/7/27,258.97,261.10,256.82,258.30,2284400
2023/7/28,259.93,262.98,258.99,260.43,2101200
2023/7/31,262.75,265.21,261.66,265.17,3568700
2023/8/1,272.75,288.78,270.50,288.65,11823200
2023/8/2,287.75,293.88,286.09,287.57,6288300
2023/8/3,285.54,287.94,281.05,281.45,4743500
2023/8/4,283.20,283.50,275.36,276.44,3888200
2023/8/7,277.12,281.96,275.89,281.65,2438200
2023/8/8,278.00,283.95,274.78,282.89,2519500
2023/8/9,284.66,287.12,283.88,284.53,3088600
2023/8/10,284.49,287.66,281.19,283.82,2647100
2023/8/11,283.94,286.04,282.61,285.22,1874100
2023/8/14,284.06,285.60,281.27,284.54,2194000
2023/8/15,282.52,282.64,277.05,277.37,2593600
2023/8/16,277.00,281.71,274.08,274.51,2831300
2023/8/17,277.02,279.55,274.66,275.17,2534700
2023/8/18,273.01,275.69,271.11,273.80,2533000
2023/8/21,274.75,276.24,268.80,272.75,2207400
2023/8/22,273.94,274.13,269.67,270.20,1668800
2023/8/23,270.30,273.76,269.11,273.03,1677800
2023/8/24,271.60,274.69,269.20,269.30,1433600
2023/8/25,271.52,273.62,268.83,272.56,1291700
2023/8/28,273.50,277.00,273.04,274.79,1550700
2023/8/29,275.00,280.13,273.43,280.03,2065800
2023/8/30,280.03,283.81,279.81,282.33,1431000
2023/8/31,283.64,284.81,280.84,281.13,2579000
2023/9/1,284.80,287.07,283.65,286.25,2336600
2023/9/4,284.80,287.07,283.65,286.25,2336600
2023/9/5,286.34,289.41,281.38,281.63,2515600
2023/9/6,280.42,284.47,279.04,282.90,1688900
2023/9/7,280.93,283.48,277.65,281.43,1593200
2023/9/8,281.57,283.39,279.12,282.28,1240100
2023/9/11,284.56,285.00,279.95,282.05,1515300
2023/9/12,280.26,284.71,279.82,281.81,1587300
2023/9/13,280.21,282.74,273.03,275.92,2119300
2023/9/14,279.00,283.18,277.83,282.56,2660500
2023/9/15,281.87,281.87,277.33,279.15,4940900
2023/9/18,279.06,282.75,278.85,280.94,1363200
2023/9/19,280.08,283.50,277.65,279.67,2313500
2023/9/20,281.50,286.60,278.08,278.61,2380300
2023/9/21,276.21,276.21,271.60,272.03,2277600
2023/9/22,272.01,275.10,271.61,273.06,1707800
2023/9/25,270.75,274.83,270.07,274.27,1257400
2023/9/26,271.15,273.42,269.15,269.52,1756400
2023/9/27,271.00,274.23,269.20,272.71,1991600
2023/9/28,273.49,278.25,272.22,276.24,1994700
2023/9/29,279.08,279.55,271.36,273.00,2257800
2023/10/2,272.64,276.81,270.24,271.72,1778200
2023/10/3,271.21,273.58,267.54,268.97,2187900
2023/10/4,267.50,267.82,262.78,265.03,2970100
2023/10/5,263.90,265.94,260.43,260.80,2639300
2023/10/6,261.57,268.42,258.27,266.04,2293400
2023/10/9,266.04,271.61,264.65,271.30,1640800
2023/10/10,272.65,275.10,271.83,273.21,2009000
2023/10/11,273.53,274.41,269.90,272.83,1538200
2023/10/12,273.80,273.80,266.19,269.61,1910500
2023/10/13,270.49,273.94,266.10,267.94,1918300
2023/10/16,272.12,273.97,269.58,270.79,1678600
2023/10/17,268.58,275.56,268.58,272.65,2110100
2023/10/18,268.50,269.00,258.75,259.22,4257100
2023/10/19,257.91,260.00,251.76,252.89,3850000
2023/10/20,251.31,253.49,248.16,249.20,3103500
2023/10/23,247.63,251.61,246.56,247.32,3193200
2023/10/24,250.25,251.72,247.25,249.55,2304600
2023/10/25,249.87,250.77,244.50,244.94,2542400
2023/10/26,245.53,246.73,240.41,242.43,3859200
2023/10/27,243.05,243.92,237.86,238.56,3229900
2023/10/30,240.94,243.60,239.18,242.16,4478300
2023/10/31,227.65,230.54,223.76,226.05,12093300
2023/11/1,225.11,232.65,223.92,231.83,4932800
2023/11/2,235.80,239.59,232.88,239.12,7749900
2023/11/3,241.51,244.24,238.18,240.75,3929500
2023/11/6,241.51,242.92,236.36,238.28,2891500
2023/11/7,234.58,237.14,233.57,234.92,4074000
2023/11/8,236.00,237.79,234.45,234.82,2532500
2023/11/9,237.44,239.28,233.82,234.15,2708800
2023/11/10,235.34,240.15,234.62,239.68,2525200
2023/11/13,238.88,243.31,238.88,241.67,3035700
2023/11/14,246.75,249.55,244.69,247.86,3441800
2023/11/15,249.52,252.93,248.60,251.09,3739900
2023/11/16,250.50,252.92,246.60,248.21,2625000
2023/11/17,250.09,254.26,250.00,253.07,2792500
2023/11/20,252.61,252.90,248.66,250.45,2661400
2023/11/21,249.44,249.85,248.32,249.41,1765500
2023/11/22,241.84,247.63,241.81,246.01,3593700
2023/11/23,241.84,247.63,241.81,246.01,3593700
2023/11/24,246.75,248.90,246.70,247.36,982200
2023/11/27,246.96,248.22,246.32,247.39,1743300
2023/11/28,247.74,248.87,246.01,247.50,2149900
2023/11/29,249.68,251.58,248.31,249.45,2224700
2023/11/30,251.04,251.50,247.84,250.72,3210500
2023/12/1,251.91,257.44,251.01,256.76,3731500
2023/12/4,253.57,255.53,252.42,254.75,3028700
2023/12/5,253.78,257.20,253.78,255.19,2682200
2023/12/6,256.80,261.01,255.57,255.97,3632600
2023/12/7,257.21,259.38,255.81,257.41,2162500
2023/12/8,257.38,261.64,257.00,259.50,3258200
2023/12/11,259.84,262.24,259.50,260.92,2898300
2023/12/12,259.99,262.49,259.12,261.43,2375700
2023/12/13,261.40,268.23,259.28,267.97,3708300
2023/12/14,272.45,285.46,270.55,285.17,6464100
2023/12/15,280.10,286.85,279.98,285.74,7321200
2023/12/18,286.74,288.88,284.57,285.71,2691700
2023/12/19,286.80,293.03,286.16,292.96,3659600
2023/12/20,291.93,298.27,289.52,289.71,3818400
2023/12/21,289.90,290.73,286.60,290.07,3209300
2023/12/22,290.31,292.83,288.91,290.36,2833800
2023/12/25,290.31,292.83,288.91,290.36,2833800
2023/12/26,291.59,297.09,291.00,295.63,2019000
2023/12/27,295.63,299.15,294.73,298.12,1876500
2023/12/28,297.10,299.20,296.04,296.88,2267400
2023/12/29,296.85,298.24,293.20,295.67,2300600
2024/1/1,296.85,298.24,293.20,295.67,2300600
2024/1/2,293.43,296.64,291.35,292.71,2433100
2024/1/3,288.39,288.93,283.32,284.30,3043400
2024/1/4,284.41,288.22,283.79,286.10,2995400
2024/1/5,286.25,291.00,285.47,288.93,2684800
2024/1/8,287.56,292.68,285.24,292.25,2369100
2024/1/9,289.23,292.36,288.00,292.29,1974500
2024/1/10,292.15,294.55,291.46,293.35,2048000
2024/1/11,294.60,295.60,289.41,292.06,1941400
2024/1/12,295.27,295.83,288.93,290.41,1955600
2024/1/15,295.27,295.83,288.93,290.41,1955600
2024/1/16,288.88,290.21,285.60,287.23,3140100
2024/1/17,278.83,282.02,276.94,278.63,3789200
2024/1/18,280.02,282.53,277.66,281.90,2479300
2024/1/19,282.32,286.08,278.95,285.28,3116000
2024/1/22,286.10,290.59,286.10,288.67,2072200
2024/1/23,290.50,292.88,287.52,288.83,1866300
2024/1/24,290.84,292.61,288.34,290.68,2765900
2024/1/25,294.00,303.31,293.13,300.77,4647100
2024/1/26,301.00,302.98,298.66,299.43,2920500
2024/1/29,299.02,303.70,297.45,303.25,2101400
2024/1/30,300.51,305.73,300.51,304.76,2150200
2024/1/31,305.57,305.75,299.93,300.31,2813000
2024/2/1,303.24,308.07,301.94,307.69,3196300
2024/2/2,307.00,317.37,306.00,315.09,4661500
2024/2/5,334.87,334.87,315.91,321.40,6557500
2024/2/6,323.19,327.43,319.07,322.72,2825700
2024/2/7,322.94,327.82,321.10,323.59,3203000
2024/2/8,324.67,326.43,321.42,322.00,1986100
2024/2/9,322.00,322.33,315.57,317.16,2823000
2024/2/12,317.21,323.09,316.51,321.63,2483600
2024/2/13,315.79,316.00,310.79,312.84,2923200
2024/2/14,316.01,317.85,313.97,316.71,1887100
2024/2/15,315.95,323.21,315.46,323.07,2362900
2024/2/16,323.72,328.30,321.44,321.91,2513200
2024/2/19,323.72,328.30,321.44,321.91,2513200
2024/2/20,317.26,319.00,312.74,313.74,2701600
2024/2/21,312.90,317.82,312.90,317.14,1779700
2024/2/22,321.00,323.37,320.34,322.09,1875800
2024/2/23,323.00,325.08,322.05,323.88,1575000
2024/2/26,323.65,327.24,322.25,325.38,1650000
2024/2/27,326.98,327.95,323.77,327.63,1640900
2024/2/28,327.39,331.68,326.99,329.56,1471000
2024/2/29,331.00,334.89,330.10,333.96,2699800
2024/3/1,334.00,337.77,333.60,336.70,1815500
2024/3/4,335.60,340.26,334.79,338.65,1551000
2024/3/5,335.42,338.99,331.74,333.53,2030000
2024/3/6,336.25,337.73,334.16,335.63,1542300
2024/3/7,338.51,342.34,338.43,340.22,1732500
2024/3/8,342.07,344.50,338.10,339.19,2307400
2024/3/11,337.00,338.21,331.53,334.97,1868000
2024/3/12,335.28,338.39,332.74,337.24,1645900
2024/3/13,338.14,343.10,337.39,341.52,1818800
2024/3/14,344.55,346.84,338.94,341.92,2110200
2024/3/15,342.97,347.29,341.15,346.97,4406000
2024/3/18,348.08,353.34,347.86,351.90,2528200
2024/3/19,351.60,354.00,349.62,353.90,2207600
2024/3/20,351.12,358.18,348.14,356.45,2563900
2024/3/21,357.67,365.20,356.72,364.56,2616300
2024/3/22,364.60,365.52,357.86,358.11,2052000
2024/3/25,356.96,358.87,355.03,355.95,1774800
2024/3/26,356.46,359.59,356.00,356.39,1637200
2024/3/27,358.72,364.81,357.88,364.65,2262800
2024/3/28,364.62,367.22,363.53,366.43,2028600
2024/3/29,364.62,367.22,363.53,366.43,2028600
2024/4/1,367.48,367.93,362.64,363.74,1953800
2024/4/2,362.31,364.99,361.48,364.83,1968900
2024/4/3,365.49,376.07,364.60,375.79,2623700
2024/4/4,377.37,381.03,368.88,369.79,2492200
2024/4/5,372.50,381.00,371.79,379.30,2068300
2024/4/8,379.11,382.01,372.89,373.47,2690000
2024/4/9,375.03,377.16,365.51,371.90,2042700
2024/4/10,366.20,372.62,364.39,372.07,2148500
2024/4/11,372.63,373.37,366.90,371.98,2535700
2024/4/12,368.64,372.84,362.68,365.63,2072900
2024/4/15,372.97,374.46,362.11,363.91,2171000
2024/4/16,363.02,363.46,357.18,359.88,2513900
2024/4/17,362.65,362.91,352.88,358.32,2313800
2024/4/18,361.15,363.48,356.17,357.93,2380700
2024/4/19,358.29,360.95,352.14,354.66,2929600
2024/4/22,356.10,362.00,353.24,357.61,2085400
2024/4/23,360.00,365.52,359.04,363.25,1810700
2024/4/24,363.95,368.17,358.90,363.52,3032700
2024/4/25,330.44,341.94,330.32,338.00,6459600
2024/4/26,338.44,345.50,338.33,343.38,3324600
2024/4/29,343.98,350.95,343.98,349.80,2171400
2024/4/30,347.02,347.77,333.12,334.57,4201700
2024/5/1,333.38,338.50,330.74,331.07,3520600
2024/5/2,333.52,336.16,329.25,335.44,2492000
2024/5/3,338.09,341.61,334.98,336.75,1977100
2024/5/6,340.87,342.55,339.70,342.10,1653900
2024/5/7,344.47,348.54,343.40,345.00,1965600
2024/5/8,340.00,346.27,338.74,344.50,2260300
2024/5/9,345.92,352.88,345.43,351.78,3208900
2024/5/10,355.00,357.51,353.52,354.79,2210600
2024/5/13,354.80,358.55,354.37,356.68,2051200
2024/5/14,357.72,360.61,357.03,358.18,1563400
2024/5/15,361.47,363.31,358.12,360.04,1913900
2024/5/16,356.75,358.77,349.61,350.72,2821700
2024/5/17,352.97,356.41,351.56,356.27,2104300
2024/5/20,356.40,364.43,354.77,362.75,2247900
2024/5/21,362.26,363.24,357.50,359.07,1841100
2024/5/22,358.50,359.20,352.56,355.94,2104200
2024/5/23,360.40,361.34,348.79,350.70,2749200
2024/5/24,352.64,353.91,346.68,348.90,2635200
2024/5/27,352.64,353.91,346.68,348.90,2635200
2024/5/28,348.00,349.23,344.40,346.47,2264900
2024/5/29,345.00,345.31,337.72,338.11,3040000
2024/5/30,338.47,344.55,338.47,339.25,2745800
2024/5/31,339.34,340.89,335.06,338.52,8319400
2024/6/3,340.87,341.40,325.75,331.36,3878600
2024/6/4,328.71,330.33,324.50,327.57,3706600
2024/6/5,329.48,331.27,326.70,329.45,2616300
2024/6/6,330.22,331.03,327.09,328.29,2452100
2024/6/7,326.20,332.88,323.72,328.94,2499100
2024/6/10,328.71,331.91,328.44,329.61,2640500
2024/6/11,327.76,328.64,323.73,327.31,3247000
2024/6/12,333.15,335.17,326.00,328.73,4817300
2024/6/13,327.50,327.89,321.45,326.36,3183900
2024/6/14,321.39,322.68,315.85,321.47,4195300
2024/6/17,321.47,323.84,318.88,322.40,3198900
2024/6/18,323.05,325.60,321.00,325.14,3275300
2024/6/19,323.05,325.60,321.00,325.14,3275300
2024/6/20,325.06,331.10,324.58,329.13,4463300
2024/6/21,330.53,330.55,326.18,327.84,8265100
2024/6/24,329.36,333.67,326.07,330.00,2447300
2024/6/25,328.01,329.47,324.37,327.40,2990400
2024/6/26,326.25,327.71,323.78,326.73,2198600
2024/6/27,326.03,329.23,324.67,327.46,1995100
2024/6/28,328.51,334.19,328.32,333.10,8891500
2024/7/1,335.11,335.29,325.37,329.08,2950200
2024/7/2,328.00,330.09,325.58,327.76,2119800
2024/7/3,328.26,331.41,328.26,330.61,1352200
2024/7/4,328.26,331.41,328.26,330.61,1352200
2024/7/5,331.57,333.44,326.63,328.35,2280900
2024/7/8,330.36,333.26,327.14,329.06,1913400
2024/7/9,328.54,330.12,325.83,326.06,1896100
2024/7/10,326.10,328.48,321.64,328.48,2904400
2024/7/11,330.00,334.43,329.30,331.13,3016400
2024/7/12,334.95,338.23,333.43,335.59,2451300
2024/7/15,339.10,347.90,337.84,345.77,3394300
2024/7/16,346.83,362.28,345.26,360.58,4637000
2024/7/17,358.97,362.69,356.20,357.80,3061000
2024/7/18,356.50,369.23,355.75,356.03,3876300
2024/7/19,355.35,356.49,346.69,347.63,3462700
2024/7/22,348.00,348.73,341.38,347.87,2659600
2024/7/23,345.73,348.66,341.38,344.17,2027800
2024/7/24,342.95,344.82,335.45,336.04,2835800
2024/7/25,335.51,348.20,333.95,344.30,3291300
2024/7/26,348.64,352.94,346.88,350.48,1894900
2024/7/29,350.18,351.38,343.13,344.53,2190300
2024/7/30,343.66,345.72,338.62,341.72,1970800
2024/7/31,345.35,350.99,340.85,346.20,2568100
2024/8/1,346.30,349.83,328.08,331.52,3747900
2024/8/2,322.75,323.40,317.66,320.87,4246700
2024/8/5,309.00,320.58,307.05,316.80,4681300
2024/8/6,314.05,332.17,310.50,326.44,5071700
2024/8/7,333.51,335.18,324.45,325.80,3011700
2024/8/8,330.00,336.43,327.61,336.16,2268300
2024/8/9,336.00,338.50,332.48,338.26,1668100
2024/8/12,338.26,339.85,333.60,336.03,2127600
2024/8/13,337.18,339.52,333.73,338.80,1503800
2024/8/14,339.60,341.79,334.60,337.59,1610900
2024/8/15,344.50,347.64,340.79,345.64,3232600
2024/8/16,345.25,345.84,340.76,343.48,2483800
2024/8/19,343.68,346.10,343.30,344.65,2252600
2024/8/20,345.00,346.17,341.82,343.30,1479500
2024/8/21,344.58,345.60,341.85,342.97,1433200
2024/8/22,343.00,345.14,341.77,342.36,2021400
2024/8/23,344.97,349.54,343.07,348.41,2183900
2024/8/26,349.81,354.41,348.94,351.16,1718100
2024/8/27,350.35,351.72,347.10,351.12,1210800
2024/8/28,350.59,354.43,345.84,348.20,1514500
2024/8/29,351.22,356.46,347.49,351.64,1664500
2024/8/30,352.59,356.24,349.83,356.10,2974100
2024/9/2,352.59,356.24,349.83,356.10,2974100
2024/9/3,352.21,352.63,338.40,340.24,3107200
2024/9/4,338.59,340.85,335.29,336.75,2782500
2024/9/5,336.02,336.49,330.56,333.56,2525500
2024/9/6,334.20,338.62,328.12,329.36,2676600
2024/9/9,333.91,336.36,332.97,334.04,2355800
2024/9/10,335.11,335.75,329.39,334.16,1869200
2024/9/11,333.00,335.48,326.11,335.00,1934700
2024/9/12,335.28,341.04,333.68,339.58,1747000
2024/9/13,342.42,347.22,340.35,345.31,2518600
2024/9/16,348.35,351.46,344.29,347.96,1648200
2024/9/17,350.00,354.58,349.24,353.69,2088400
2024/9/18,355.00,361.63,352.32,355.12,1990700
2024/9/19,363.00,374.69,361.27,373.31,4066600
2024/9/20,370.40,371.45,365.84,368.82,5440500
2024/9/23,368.99,372.97,366.98,371.17,2442700
2024/9/24,380.00,389.43,379.50,385.93,4024300
2024/9/25,387.00,388.64,377.92,378.25,2661500
2024/9/26,390.01,397.22,386.20,390.96,3906800
2024/9/27,391.00,395.56,389.14,391.08,2683700
2024/9/30,389.38,392.76,386.82,391.12,2251300
2024/10/1,391.27,395.49,386.63,392.39,2091400
2024/10/2,391.98,395.66,388.64,394.05,1767900
2024/10/3,392.34,394.00,388.72,391.09,1866100
2024/10/4,396.72,397.46,391.85,397.09,1675100
2024/10/7,396.45,401.17,396.14,398.25,2224500
2024/10/8,394.26,395.00,384.85,387.96,2438800
2024/10/9,388.17,396.60,387.50,396.19,1757900
2024/10/10,395.18,396.96,390.50,396.64,1331700
2024/10/11,396.64,403.60,396.64,402.02,2110400
2024/10/14,393.39,396.29,386.87,393.95,3006100
2024/10/15,390.63,392.47,387.59,387.99,2715100
2024/10/16,387.40,394.60,386.93,393.62,1551600
2024/10/17,395.15,397.12,393.16,394.49,1561500
2024/10/18,396.25,396.45,389.72,393.86,3024100
2024/10/21,392.29,393.15,389.24,390.48,2375900
2024/10/22,389.73,391.29,385.73,388.46,1523900
2024/10/23,386.95,390.03,382.69,385.73,1500900
2024/10/24,386.95,388.36,382.22,387.06,1844100
2024/10/25,389.61,392.03,384.31,385.97,1606800
2024/10/28,388.39,391.57,387.37,390.61,3213900
2024/10/29,389.50,389.60,385.55,387.51,2186400
2024/10/30,374.00,388.26,367.20,379.24,4037500
2024/10/31,377.35,378.91,372.75,376.20,2394500
2024/11/1,378.07,383.27,376.94,379.63,1633300
2024/11/4,378.10,381.49,375.30,376.52,1793600
2024/11/5,377.13,386.07,375.65,383.37,1724100
2024/11/6,405.17,418.30,404.01,416.88,4720000
2024/11/7,414.92,418.50,407.54,408.21,3211100
2024/11/8,400.96,403.06,392.40,393.37,3345900
2024/11/11,397.91,402.08,395.01,396.54,1858900
2024/11/12,397.79,398.73,391.15,393.01,1737100
2024/11/13,388.95,391.20,385.67,387.07,2001900
2024/11/14,388.50,390.18,386.21,387.36,1372500
2024/11/15,385.99,388.49,382.20,384.07,2165500
2024/11/18,386.00,386.30,382.92,384.46,1626200
2024/11/19,378.03,383.25,378.03,382.33,1793200
2024/11/20,384.01,386.20,378.47,381.50,1859600
2024/11/21,383.92,392.02,379.00,389.59,1833500
2024/11/22,390.36,398.16,387.89,397.49,1893000
2024/11/25,400.00,407.15,400.00,405.65,4398000
2024/11/26,403.65,408.41,401.76,407.83,1796600
2024/11/27,408.40,412.12,403.24,403.70,1371900
2024/11/28,408.40,412.12,403.24,403.70,1371900
2024/11/29,407.33,411.19,405.00,406.11,1962100
2024/12/2,407.46,408.15,400.79,402.51,1548500
2024/12/3,403.52,405.53,396.60,399.26,1716200
2024/12/4,398.57,401.47,396.13,399.51,1193800
2024/12/5,400.50,401.43,394.21,394.98,1291400
2024/12/6,398.15,399.74,392.74,395.03,1331000
2024/12/9,402.54,409.71,398.44,399.26,1739800
2024/12/10,390.72,395.47,385.61,388.39,2251000
2024/12/11,390.48,391.35,387.43,388.87,1651600
2024/12/12,389.05,389.87,380.15,380.78,1804600
2024/12/13,380.60,382.89,378.89,380.51,2034800
2024/12/16,381.77,382.32,377.76,378.92,1311100
2024/12/17,376.03,378.89,373.83,375.80,2138700
2024/12/18,378.70,381.16,363.03,363.89,2820700
2024/12/19,368.44,369.57,360.01,360.37,2616700
2024/12/20,358.50,371.49,357.24,366.04,5142000
2024/12/23,364.87,366.35,361.50,365.39,1804900
2024/12/24,364.45,367.57,362.66,367.57,886000
2024/12/25,364.45,367.57,362.66,367.57,886000
2024/12/26,365.05,367.49,363.87,367.12,1097900
2024/12/27,363.39,367.40,361.75,364.86,1245800
2024/12/30,360.43,364.82,358.74,363.01,1422200
2024/12/31,363.50,365.77,361.80,362.76,1168100
2025/1/1,363.50,365.77,361.80,362.76,1168100
2025/1/2,365.51,368.85,358.09,359.77,1802600
2025/1/3,361.59,364.48,359.49,363.79,1390800
2025/1/6,367.00,370.84,362.58,364.20,1590700
2025/1/7,364.13,366.09,361.09,363.00,1607400
2025/1/8,362.45,362.88,357.70,361.07,1828800
2025/1/9,362.45,362.88,357.70,361.07,1828800
2025/1/10,357.83,359.85,349.80,351.00,2773900
2025/1/13,352.96,363.20,351.80,362.50,2746000
2025/1/14,365.49,372.00,365.18,371.57,2331700
2025/1/15,379.14,379.94,374.33,374.89,1984500
2025/1/16,376.31,381.42,374.72,380.55,1974700
2025/1/17,384.70,386.85,382.00,386.02,2605900
2025/1/20,384.70,386.85,382.00,386.02,2605900
2025/1/21,391.00,402.58,390.80,398.36,3144500
2025/1/22,398.68,400.48,395.11,397.61,1994800
2025/1/23,397.37,409.59,397.27,406.40,2587400
2025/1/24,405.73,409.40,405.28,407.63,1938200
2025/1/27,397.19,399.54,389.92,394.98,2964400
2025/1/28,394.04,396.88,386.48,390.29,1788900
2025/1/29,391.94,399.36,391.12,393.23,2675800
2025/1/30,373.50,380.81,373.16,374.98,4234600
2025/1/31,377.46,378.00,371.28,371.44,2858000
2025/2/3,364.14,368.55,359.69,361.55,3079300
2025/2/4,369.66,369.66,359.41,361.95,2709800
2025/2/5,362.87,363.00,357.20,358.85,2134200
2025/2/6,363.90,367.54,362.52,365.45,3007000
2025/2/7,369.25,369.53,362.58,363.88,1804800
2025/2/10,365.33,366.24,361.55,363.22,1944400
2025/2/11,361.74,364.42,360.98,362.23,1516900
2025/2/12,357.00,358.93,351.44,352.04,2833100
2025/2/13,352.57,357.59,350.42,353.70,3547200
2025/2/14,356.60,358.88,352.80,353.32,2045300
2025/2/17,356.60,358.88,352.80,353.32,2045300
2025/2/18,355.47,356.93,351.11,354.00,3120200
2025/2/19,351.87,353.85,349.59,353.00,2211000
2025/2/20,355.00,356.85,347.45,349.15,2174100
2025/2/21,350.53,352.00,337.60,340.04,3225200
2025/2/24,343.39,345.45,336.23,338.92,2513300
2025/2/25,341.00,344.23,336.38,342.36,3323500
2025/2/26,345.45,348.78,340.12,342.58,2397800
2025/2/27,343.65,346.92,338.46,340.00,1971000
2025/2/28,341.98,344.90,338.74,343.95,3210300
2025/3/3,347.63,348.15,330.03,332.04,2569700
2025/3/4,327.39,331.92,318.68,326.75,3500200
2025/3/5,329.12,339.51,328.65,338.49,3189100
2025/3/6,335.27,341.91,332.52,341.01,2234100
2025/3/7,339.40,352.12,339.40,350.30,3063800
2025/3/10,345.00,352.41,341.85,345.21,2809100
2025/3/11,343.92,345.15,336.37,339.77,3190900
2025/3/12,343.03,344.91,335.45,338.13,1816700
2025/3/13,336.03,340.65,331.67,333.31,2490300
2025/3/14,337.72,341.99,336.95,339.64,1936100
2025/3/17,339.74,344.36,339.00,342.64,1683800
2025/3/18,342.00,342.00,335.35,336.71,3310000
2025/3/19,336.93,342.00,336.67,338.62,2407200
2025/3/20,334.57,339.78,333.61,336.25,2782900
2025/3/21,331.21,335.95,329.21,335.78,6766100
2025/3/24,340.55,343.15,339.29,341.67,2277200
2025/3/25,343.58,344.81,340.83,342.62,1678000
2025/3/26,343.36,347.27,338.79,341.11,1703200
2025/3/27,341.08,342.00,336.63,339.30,1481100
2025/3/28,337.00,338.25,328.05,329.69,1965200
2025/3/31,325.63,331.98,322.00,329.80,2837500
2025/4/1,327.01,332.21,323.89,330.57,1955300
2025/4/2,326.13,336.35,326.10,334.66,1747600
2025/4/3,319.67,324.70,305.00,305.76,4638700
2025/4/4,285.00,294.29,281.50,288.08,7216800
2025/4/7,276.00,294.35,267.30,280.06,7824700
2025/4/8,289.89,291.78,268.27,273.94,4989000
2025/4/9,270.76,301.86,269.13,301.01,6457300
2025/4/10,296.68,298.27,279.80,289.16,4116800
2025/4/11,288.95,295.41,284.14,293.45,3197900
2025/4/14,298.67,302.48,295.71,298.12,2758400
2025/4/15,296.83,301.73,292.39,293.43,3611300
2025/4/16,292.71,295.73,287.61,290.14,3017200
2025/4/17,292.17,297.70,291.90,294.25,2717600
2025/4/18,292.17,297.70,291.90,294.25,2717600
2025/4/21,289.33,291.00,282.46,284.74,2978300
2025/4/22,287.50,293.23,287.00,291.17,2231200
2025/4/23,301.34,305.36,295.18,295.77,2458300
2025/4/24,297.43,308.21,297.07,306.86,2874400
2025/4/25,305.10,307.99,303.91,306.45,2162400
2025/4/28,306.45,311.43,303.85,307.06,2189600
2025/4/29,305.00,308.67,302.91,307.40,2651000
2025/4/30,315.21,316.05,302.18,309.27,5124800
2025/5/1,311.38,318.89,311.02,313.96,2961000
2025/5/2,318.48,324.67,318.48,323.68,3765200
2025/5/5,319.38,326.47,319.38,323.11,1829100
2025/5/6,321.55,324.10,319.85,320.89,1724200
2025/5/7,322.74,322.80,318.11,320.29,1555500
2025/5/8,324.88,328.87,322.90,324.25,2553400
2025/5/9,325.65,327.74,323.31,325.62,1646200
2025/5/12,343.11,351.00,339.73,342.55,4592000
2025/5/13,348.93,355.33,348.07,352.54,4132500
2025/5/14,351.72,352.43,348.78,349.66,2052200
2025/5/15,349.44,351.34,348.50,349.81,1580400
2025/5/16,351.54,354.22,348.24,353.58,2561700
2025/5/19,349.70,352.96,348.54,352.57,2277700
2025/5/20,350.84,352.46,347.49,349.49,2266000
2025/5/21,346.64,348.42,341.65,342.51,2093400
2025/5/22,342.00,347.37,340.59,345.19,2174100
2025/5/23,337.63,344.94,336.24,343.39,1936600
2025/5/26,337.63,344.94,336.24,343.39,1936600
2025/5/27,349.95,353.34,346.62,351.51,2240100
2025/5/28,352.49,352.80,348.86,349.49,1924400
2025/5/29,352.20,353.09,348.74,351.79,2290300
2025/5/30,351.83,353.24,347.02,348.03,4867100
2025/6/2,346.47,346.47,339.50,344.67,2552700
2025/6/3,346.00,350.84,344.92,349.40,2614300
2025/6/4,350.30,351.73,349.33,349.33,1616300
2025/6/5,351.00,351.51,345.85,348.96,1753300
2025/6/6,353.57,357.44,352.26,353.35,1608000
2025/6/9,355.22,360.46,353.93,358.07,2147100
2025/6/10,359.44,360.36,356.09,358.57,1894300
2025/6/11,360.94,364.29,357.75,363.14,2551700
2025/6/12,359.85,362.00,357.87,360.96,1571800
2025/6/13,357.23,360.38,355.70,357.05,1609600
2025/6/16,361.00,364.61,360.20,362.44,1579800
2025/6/17,360.72,362.39,357.03,357.68,1560100
2025/6/18,357.13,364.23,356.96,359.80,2000500
2025/6/19,357.13,364.23,356.96,359.80,2000500
2025/6/20,362.95,364.25,359.14,360.52,6268300
2025/6/23,359.92,367.10,357.73,366.23,2927400
2025/6/24,369.89,374.11,367.92,373.02,3841800
2025/6/25,373.00,374.19,369.51,371.58,1737700
2025/6/26,374.00,382.33,373.04,381.88,2575100
2025/6/27,383.02,387.49,382.75,384.71,4455000
2025/6/30,386.31,389.15,384.81,388.21,2791400
2025/7/1,386.59,393.89,384.25,390.92,2393600
2025/7/2,392.70,398.64,389.42,398.43,2713700
2025/7/3,398.92,402.42,397.59,397.86,1737800
2025/7/4,398.92,402.42,397.59,397.86,1737800
2025/7/7,398.06,398.06,388.09,391.51,3012900
2025/7/8,392.43,395.95,391.52,394.29,2003600
2025/7/9,399.72,403.76,396.88,402.18,3101000
2025/7/10,404.66,412.00,403.44,408.33,3382800
2025/7/11,405.45,406.88,401.70,405.92,2072600
2025/7/14,404.00,406.79,402.23,405.77,2497500
2025/7/15,406.26,408.75,403.02,404.64,2167000
2025/7/16,405.00,413.07,403.32,412.88,3242100
2025/7/17,414.86,419.90,412.88,418.07,2444700
2025/7/18,418.70,419.90,412.16,413.71,2526600
2025/7/21,417.22,417.43,409.84,410.07,1833300
2025/7/22,410.38,418.52,410.38,417.19,2185000
2025/7/23,420.00,428.16,419.45,427.59,3254900
2025/7/24,427.04,430.16,424.50,429.52,2511400
2025/7/25,429.69,434.87,428.62,433.75,2218400
2025/7/28,431.25,436.40,431.12,432.94,2550300
2025/7/29,434.55,435.21,424.80,430.05,2383700
2025/7/30,430.00,436.83,426.43,434.12,3172600
2025/7/31,434.13,441.15,433.68,438.02,4116400
2025/8/1,426.97,430.86,421.29,428.69,4027300
2025/8/4,430.86,436.89,429.99,433.70,4059500
2025/8/5,427.65,439.74,426.57,434.23,4329900
2025/8/6,433.34,434.71,425.54,427.72,2630800
2025/8/7,426.84,427.33,409.96,417.12,4261100
2025/8/8,420.52,421.90,415.76,416.52,2965200
2025/8/11,416.98,418.29,406.80,408.54,3416000
2025/8/12,411.00,418.19,409.64,412.71,2765100
2025/8/13,415.18,415.54,410.54,413.70,4403000
2025/8/14,409.30,419.24,407.00,417.50,3676000
2025/8/15,415.72,416.56,407.10,407.79,3107400
2025/8/18,407.00,413.14,405.46,412.64,3185200
2025/8/19,419.31,421.88,414.06,416.09,3543600
2025/8/20,414.80,421.92,412.05,420.59,4060200
2025/8/21,419.93,420.58,414.16,417.89,2504300
2025/8/22,421.61,437.84,420.05,435.67,3785100
2025/8/25,435.00,436.90,432.17,432.30,1857900
2025/8/26,431.40,432.19,427.24,431.26,2792200
2025/8/27,429.73,435.06,428.95,432.67,1970900
2025/8/28,434.91,435.98,432.63,434.91,1651700
2025/8/29,425.41,428.10,414.37,419.04,3673800
2025/9/1,425.41,428.10,414.37,419.04,3673800
2025/9/2,413.91,417.21,410.52,416.05,2329500
2025/9/3,418.13,418.13,411.37,415.12,1496700
2025/9/4,415.81,420.79,414.29,420.22,1634600
2025/9/5,420.84,424.90,417.91,423.08,1843200
2025/9/8,422.65,423.91,416.78,422.78,1876700
2025/9/9,423.16,423.55,416.44,418.09,1710700
2025/9/10,419.82,426.50,419.50,422.91,2221000
2025/9/11,423.92,435.79,423.32,431.38,2737900
2025/9/12,429.06,432.61,427.75,431.52,2341800
2025/9/15,433.83,438.75,430.61,435.94,2255800
2025/9/16,436.13,440.80,434.28,440.67,2366300
2025/9/17,445.00,452.34,443.00,450.66,4512200
2025/9/18,450.96,467.71,448.87,466.96,4331900
2025/9/19,470.26,472.12,462.71,466.54,5069300
2025/9/22,467.31,473.24,459.61,472.10,3180000
2025/9/23,473.26,485.34,468.19,471.26,3856600
2025/9/24,472.70,476.52,468.63,469.79,2776700
2025/9/25,464.71,468.00,459.58,463.72,2979200
2025/9/26,465.48,468.45,462.38,465.76,2329000
2025/9/29,468.08,472.49,467.46,471.61,2892100
2025/9/30,471.62,477.44,470.24,477.15,2315300
2025/10/1,474.01,483.93,471.14,480.82,2964700
2025/10/2,486.86,495.98,484.19,490.57,2648600
2025/10/3,493.25,504.48,492.53,497.85,2996500
2025/10/6,500.42,505.59,493.04,495.38,2629200
2025/10/7,497.93,498.38,483.55,486.71,2135400
2025/10/8,490.99,509.48,489.34,502.12,3959400
2025/10/9,504.06,506.53,497.14,500.36,3113900
2025/10/10,503.12,511.50,491.30,491.30,3889100
2025/10/13,502.15,506.38,495.45,504.76,2618400
2025/10/14,500.58,531.56,499.01,527.47,5459800
2025/10/15,534.20,538.45,527.21,534.05,3447100
2025/10/16,538.06,544.99,534.70,540.96,3463100
2025/10/17,537.38,542.21,526.97,527.08,2814700
2025/10/20,529.56,534.20,526.94,531.18,2170800
2025/10/21,525.07,533.38,522.04,524.65,2259100
2025/10/22,525.73,525.80,510.21,513.91,4149000
2025/10/23,518.33,522.89,513.01,520.50,2619400
2025/10/24,522.86,527.23,521.02,522.73,2392000
2025/10/27,527.05,529.47,521.43,527.07,2493800
2025/10/28,525.96,530.29,521.67,524.47,2775400
2025/10/29,558.18,596.21,558.00,585.49,6948500
2025/10/30,577.89,593.77,575.77,583.15,2574800
2025/10/31,584.03,587.05,571.35,577.26,2974800
2025/11/3,575.93,576.22,565.39,570.59,2439400
2025/11/4,565.00,566.50,545.20,547.58,3440700
2025/11/5,551.94,574.01,550.36,569.15,2701300
2025/11/6,573.20,583.99,564.23,569.78,2245800
2025/11/7,563.55,565.58,550.33,563.10,2320100
2025/11/10,570.00,574.18,561.51,570.85,1829900
2025/11/11,568.72,570.45,560.26,567.93,1517400
2025/11/12,570.50,581.27,570.50,573.02,2645100
2025/11/13,572.77,576.82,544.63,553.55,3458700
2025/11/14,548.96,558.31,541.00,554.03,2764500
2025/11/17,552.59,561.59,547.57,552.05,1941100
2025/11/18,543.35,551.57,538.05,546.88,1918600
2025/11/19,550.00,560.91,547.64,553.11,1880900
2025/11/20,565.95,568.87,541.00,546.13,3195000
2025/11/21,545.82,554.99,537.08,550.43,2921600
2025/11/24,552.13,565.74,550.67,559.60,4653500
2025/11/25,564.59,567.14,547.55,566.61,3105100
2025/11/26,566.61,574.88,566.02,573.73,1995100
2025/11/27,566.61,574.88,566.02,573.73,1995100
2025/11/28,573.79,577.36,572.40,575.76,1019500
2025/12/1,570.41,575.59,567.00,568.06,1764500
2025/12/2,571.33,585.56,569.06,582.47,2749500
2025/12/3,581.40,593.24,562.21,591.49,2545700
2025/12/4,590.18,602.72,587.00,599.15,2313600
2025/12/5,604.00,607.00,597.74,603.17,2177300
2025/12/8,604.66,604.85,591.93,596.50,1822500
2025/12/9,593.05,599.99,592.23,594.36,1755300
2025/12/10,600.13,617.23,598.69,615.35,2797900
2025/12/11,610.45,626.81,604.26,625.61,2779500
2025/12/12,626.00,627.50,595.78,597.89,4581100
2025/12/15,602.53,604.15,587.89,589.76,3968600
2025/12/16,590.70,598.66,586.28,588.93,2319400
2025/12/17,587.59,591.00,557.46,561.89,3753300
2025/12/18,568.50,574.66,561.91,565.83,2193000
2025/12/19,572.69,581.73,570.33,576.22,5355600
2025/12/22,584.49,585.79,575.69,582.41,2387700
2025/12/23,580.50,588.71,580.50,582.42,1731000
2025/12/24,582.66,587.13,581.00,583.76,947000
2025/12/25,582.66,587.13,581.00,583.76,947000
2025/12/26,583.21,583.83,578.65,583.00,954400
2025/12/29,580.09,583.97,574.64,578.61,2585700
2025/12/30,580.01,580.98,575.51,577.39,1216700
2025/12/31,577.30,578.94,572.05,572.87,1163900
2026/1/1,577.30,578.94,572.05,572.87,1163900
2026/1/2,577.59,599.61,575.31,598.41,2761600
2026/1/5,607.88,621.75,606.22,616.10,3444800
2026/1/6,616.00,626.77,608.90,623.09,2706800
2026/1/7,623.00,625.00,595.78,596.52,3312400
2026/1/8,596.52,609.58,594.17,608.13,2075400
2026/1/9,609.97,619.15,608.20,617.62,1822000
2026/1/12,614.65,630.98,612.96,629.77,1856800
2026/1/13,633.20,644.59,633.00,636.53,1959100
2026/1/14,634.10,639.73,623.07,638.75,2105700
2026/1/15,644.94,652.36,644.04,647.18,2052800
2026/1/16,651.97,655.68,641.01,646.89,2554900
2026/1/19,651.97,655.68,641.01,646.89,2554900
2026/1/20,642.00,644.10,625.12,629.00,2659000
2026/1/21,633.67,647.20,627.32,645.38,2490700
2026/1/22,649.11,655.78,640.90,648.41,1565700
2026/1/23,644.12,646.50,623.57,626.62,2267800
2026/1/26,628.00,639.00,619.26,635.92,2532900
2026/1/27,640.00,644.13,633.23,638.91,1827500
2026/1/28,637.97,647.28,628.98,643.28,2720700
2026/1/29,655.17,679.99,642.73,665.24,4441900
2026/1/30,655.65,677.83,650.31,657.36,3300100
2026/2/2,659.82,691.38,657.43,690.91,4450000
2026/2/3,694.36,710.03,691.40,702.89,3524700
2026/2/4,707.00,723.16,675.00,691.82,7146700
2026/2/5,681.54,686.50,665.07,678.31,2792800
2026/2/6,692.57,727.40,690.52,726.20,3359700
2026/2/9,724.50,743.50,721.61,742.12,2496800
2026/2/10,742.75,752.00,737.67,742.37,4008700
2026/2/11,758.68,775.54,756.10,775.00,3926300
2026/2/12,776.69,789.81,756.01,758.29,4893400
2026/2/13,765.00,784.00,747.42,774.20,3232800
2026/2/16,765.00,784.00,747.42,774.20,3232800
2026/2/17,765.00,774.42,750.00,764.76,3450300
2026/2/18,765.11,772.70,750.38,751.97,2563700
2026/2/19,752.00,762.00,744.15,760.53,2908000
2026/2/20,755.00,771.97,752.11,759.74,2095100
2026/2/23,758.95,767.98,752.78,756.47,2289600
2026/2/24,755.00,773.94,751.69,768.23,2615300
2026/2/25,772.50,777.60,756.74,766.61,2606500
2026/2/26,770.61,770.61,728.40,752.93,3350900
2026/2/27,745.22,751.49,731.04,742.83,3441900
2026/3/2,733.49,755.73,725.06,752.32,2473100
2026/3/3,728.27,731.67,706.60,722.18,3332700
2026/3/4,737.09,746.01,730.84,731.97,2823700
2026/3/5,720.00,728.07,693.58,706.08,3713200
2026/3/6,682.47,696.33,675.07,680.90,3559700
2026/3/9,682.47,696.33,675.07,680.90,3559700
