date,open,high,low,close,volume
2013/1/1,128.66,130.90,128.54,130.58,12067800
2013/1/2,132.99,133.86,132.89,133.77,9636300
2013/1/3,133.64,134.05,133.31,133.63,8665200
2013/1/4,133.70,134.20,133.49,134.06,4759300
2013/1/7,133.69,133.73,133.16,133.51,6119700
2013/1/8,133.32,133.50,132.74,133.06,4269800
2013/1/9,133.40,133.98,133.40,133.71,3898000
2013/1/10,134.20,134.58,133.63,134.54,6004300
2013/1/11,134.46,134.80,134.21,134.72,4508000
2013/1/14,134.66,135.00,134.40,134.89,4298000
2013/1/15,134.29,135.26,134.24,135.08,2966100
2013/1/16,134.62,135.05,134.54,134.89,3197800
2013/1/17,135.37,136.19,135.23,135.83,6227500
2013/1/18,135.81,136.16,135.42,136.09,4922500
2013/1/21,135.81,136.16,135.42,136.09,4922500
2013/1/22,136.13,136.77,135.92,136.74,4544900
2013/1/23,137.19,137.63,137.14,137.46,6397800
2013/1/24,137.59,138.49,137.57,138.02,6288000
2013/1/25,138.39,138.63,138.04,138.62,4461000
2013/1/28,138.85,138.88,138.30,138.65,3167700
2013/1/29,138.44,139.38,138.44,139.23,3946700
2013/1/30,139.23,139.37,138.67,138.76,5496100
2013/1/31,138.76,140.22,138.32,138.41,3935300
2013/2/1,139.29,139.89,139.04,139.74,5234900
2013/2/4,138.81,138.98,138.36,138.57,6536200
2013/2/5,139.24,139.85,139.21,139.39,5819800
2013/2/6,138.88,139.70,138.88,139.58,3113900
2013/2/7,139.59,139.64,138.32,139.29,6637600
2013/2/8,139.37,140.03,139.37,139.73,3573800
2013/2/11,139.62,139.68,139.21,139.52,2542800
2013/2/12,139.59,140.21,139.51,140.05,3498600
2013/2/13,140.23,140.36,139.50,139.87,3387800
2013/2/14,139.38,139.96,139.26,139.86,3048800
2013/2/15,139.51,139.71,138.75,139.45,6111300
2013/2/18,139.51,139.71,138.75,139.45,6111300
2013/2/19,139.56,140.16,139.52,139.97,3944000
2013/2/20,140.00,140.28,138.88,138.88,5974200
2013/2/21,138.65,138.88,138.06,138.51,7517900
2013/2/22,139.24,139.83,138.86,139.81,4158500
2013/2/25,140.33,140.59,137.60,137.66,10031600
2013/2/26,138.35,138.96,137.98,138.78,9236100
2013/2/27,138.74,140.87,138.64,140.60,7404500
2013/2/28,140.45,141.31,140.18,140.28,11383200
2013/3/1,139.89,140.90,139.17,140.74,6506400
2013/3/4,140.36,141.10,140.10,141.07,3619700
2013/3/5,141.69,142.68,141.69,142.34,7962300
2013/3/6,142.91,143.07,142.49,142.84,4481000
2013/3/7,142.98,143.39,142.90,143.14,3689100
2013/3/8,143.95,144.02,143.21,143.76,5680700
2013/3/11,143.73,144.36,143.61,144.36,4373000
2013/3/12,144.29,144.70,144.03,144.40,5166400
2013/3/13,144.44,144.71,144.09,144.46,4319500
2013/3/14,144.81,145.35,144.76,145.33,5361200
2013/3/15,144.82,144.89,144.39,144.82,10835400
2013/3/18,143.85,144.88,143.70,144.17,5511200
2013/3/19,144.51,144.83,143.48,144.30,9298500
2013/3/20,144.86,145.15,144.59,144.81,5924700
2013/3/21,144.12,144.59,143.49,143.89,6075700
2013/3/22,144.31,144.94,144.28,144.90,5027800
2013/3/25,145.09,145.32,143.60,144.21,9603200
2013/3/26,144.67,145.29,144.63,145.28,4877900
2013/3/27,144.35,145.09,144.06,144.96,4128900
2013/3/28,145.01,145.53,144.84,145.32,4346000
2013/3/29,145.01,145.53,144.84,145.32,4346000
2013/4/1,145.30,145.73,144.97,145.38,8621600
2013/4/2,145.87,146.50,145.78,146.27,5672300
2013/4/3,146.24,146.47,144.95,145.14,7661100
2013/4/4,145.36,145.98,145.09,145.77,7520100
2013/4/5,144.18,145.51,144.05,145.31,7307400
2013/4/8,145.32,145.95,144.76,145.95,3865000
2013/4/9,146.08,146.96,145.75,146.51,5492300
2013/4/10,146.98,148.06,146.96,147.78,7947100
2013/4/11,147.82,148.66,147.63,148.40,6975600
2013/4/12,147.99,148.46,147.68,148.42,8710800
2013/4/15,147.90,147.93,145.72,145.81,14177400
2013/4/16,146.98,147.39,146.37,147.36,6974100
2013/4/17,146.55,146.60,145.37,145.95,10757100
2013/4/18,146.10,146.12,144.77,145.18,8277100
2013/4/19,144.71,145.21,144.36,145.14,6028600
2013/4/22,145.38,145.57,144.24,145.32,11711700
2013/4/23,146.13,146.90,145.15,146.80,10435300
2013/4/24,147.02,147.21,146.39,146.45,4963800
2013/4/25,146.64,147.42,146.36,146.76,4160500
2013/4/26,146.55,147.15,146.52,146.88,3242600
2013/4/29,147.20,148.15,146.91,147.86,6132000
2013/4/30,147.87,148.11,147.05,148.02,8065800
2013/5/1,147.56,147.81,146.58,146.74,5372800
2013/5/2,147.12,148.05,146.91,147.96,4340700
2013/5/3,149.26,149.82,149.20,149.36,5929900
2013/5/6,149.36,149.60,149.14,149.43,3110600
2013/5/7,149.77,150.28,149.44,150.26,5361800
2013/5/8,150.13,150.96,150.10,150.94,4087100
2013/5/9,150.90,151.37,150.39,150.84,3948500
2013/5/10,150.91,151.10,150.29,151.04,4138200
2013/5/13,150.75,151.01,150.48,150.86,3841500
2013/5/14,150.88,152.17,150.86,152.13,5551900
2013/5/15,151.88,153.11,151.86,152.78,5770700
2013/5/16,152.64,153.11,152.24,152.45,8194700
2013/5/17,152.42,153.24,152.21,153.14,5503200
2013/5/20,153.04,153.56,152.82,153.04,4464700
2013/5/21,153.28,154.02,152.89,153.51,5734900
2013/5/22,153.71,155.14,152.35,152.84,12806500
2013/5/23,151.67,153.24,151.55,152.77,10474400
2013/5/24,152.16,152.82,151.73,152.77,4535300
2013/5/27,152.16,152.82,151.73,152.77,4535300
2013/5/28,154.21,154.98,153.48,153.88,9374100
2013/5/29,153.02,153.25,152.02,152.84,7906200
2013/5/30,152.86,153.80,152.60,153.10,8231800
2013/5/31,152.61,153.73,150.90,151.10,7424700
2013/6/3,151.54,152.36,151.10,152.31,10861300
2013/6/4,152.26,152.91,150.82,151.64,7956400
2013/6/5,151.22,151.43,149.29,149.31,9426900
2013/6/6,149.38,150.27,148.31,150.25,15155100
2013/6/7,151.16,152.44,150.70,152.32,8087900
2013/6/10,152.79,152.88,151.98,152.21,4917900
2013/6/11,151.08,152.42,150.70,151.20,7012500
2013/6/12,152.18,152.35,149.70,149.86,6901000
2013/6/13,149.74,151.99,149.48,151.76,6208200
2013/6/14,151.60,152.01,150.39,150.66,4639300
2013/6/17,151.63,152.58,151.05,151.78,6693100
2013/6/18,151.96,153.36,151.92,153.10,4807900
2013/6/19,152.94,153.22,151.05,151.09,9143700
2013/6/20,149.84,149.88,147.29,147.58,14309900
2013/6/21,148.03,148.28,146.53,147.73,10968600
2013/6/24,146.33,147.43,145.17,146.28,14129300
2013/6/25,147.41,147.80,146.62,147.30,7592300
2013/6/26,148.30,149.07,147.97,148.79,6326000
2013/6/27,149.69,150.42,149.55,149.90,6584600
2013/6/28,149.32,150.03,148.47,148.55,6719200
2013/7/1,149.52,150.50,149.22,149.42,4895800
2013/7/2,149.15,150.21,148.40,148.93,4873800
2013/7/3,148.42,149.98,148.25,149.54,2589400
2013/7/4,148.42,149.98,148.25,149.54,2589400
2013/7/5,150.72,151.09,149.41,151.02,5528500
2013/7/8,151.78,152.43,151.68,152.02,4915600
2013/7/9,152.71,152.99,152.22,152.79,5200200
2013/7/10,152.77,153.29,152.36,152.71,6126900
2013/7/11,154.35,154.62,153.71,154.38,5848400
2013/7/12,154.42,154.76,153.89,154.17,6349800
2013/7/15,154.56,154.87,154.33,154.64,2751600
2013/7/16,154.60,154.74,153.93,154.30,3594600
2013/7/17,154.64,154.85,154.18,154.44,6504400
2013/7/18,154.98,155.74,154.56,155.34,6823000
2013/7/19,154.88,155.14,154.57,155.12,4828400
2013/7/22,155.12,155.42,154.81,155.11,3165700
2013/7/23,155.57,155.67,155.08,155.36,3394100
2013/7/24,155.61,155.70,154.61,155.10,3894500
2013/7/25,154.54,155.25,154.20,155.12,5483500
2013/7/26,154.48,155.25,153.67,155.16,3859300
2013/7/29,154.86,155.14,154.45,154.93,2592500
2013/7/30,155.40,155.58,154.42,154.91,4211000
2013/7/31,155.12,156.03,154.56,154.84,11784600
2013/8/1,155.89,156.16,155.67,155.89,4872400
2013/8/2,155.47,156.24,155.23,156.20,3620800
2013/8/5,155.91,156.01,155.50,155.79,3077100
2013/8/6,155.37,155.38,154.41,154.85,3582300
2013/8/7,154.32,154.75,154.01,154.54,4341600
2013/8/8,155.33,155.45,153.99,154.69,5071200
2013/8/9,154.49,154.95,153.33,154.11,4550300
2013/8/12,153.45,154.30,153.35,154.03,3697300
2013/8/13,154.42,154.97,153.34,154.44,4752500
2013/8/14,154.27,154.43,153.11,153.32,6372100
2013/8/15,152.10,152.10,150.97,151.12,10021900
2013/8/16,150.58,151.06,150.19,150.50,7035200
2013/8/19,150.30,150.72,149.66,149.74,4174100
2013/8/20,149.91,150.41,149.56,149.75,3845900
2013/8/21,149.44,149.92,148.50,148.64,9497100
2013/8/22,148.86,149.61,148.77,149.40,4227000
2013/8/23,149.59,150.01,149.06,149.83,9601600
2013/8/26,149.83,150.27,149.19,149.21,5770200
2013/8/27,148.19,148.74,147.41,147.50,11440200
2013/8/28,147.42,148.44,147.37,148.04,4842500
2013/8/29,148.02,148.98,147.82,148.25,4695500
2013/8/30,148.42,148.42,147.43,147.85,6326800
2013/9/2,148.42,148.42,147.43,147.85,6326800
2013/9/3,148.88,149.20,147.61,148.11,5430300
2013/9/4,148.02,149.41,147.82,149.18,4577700
2013/9/5,149.18,149.71,149.02,149.12,6021300
2013/9/6,149.70,149.97,147.77,149.09,9001900
2013/9/9,149.50,150.78,149.48,150.47,4402500
2013/9/10,151.47,151.82,151.10,151.79,7917100
2013/9/11,151.82,153.18,151.77,153.15,7044000
2013/9/12,153.33,153.41,152.78,153.03,5555700
2013/9/13,153.34,153.80,153.21,153.69,4829600
2013/9/16,155.33,155.49,154.66,154.94,6569000
2013/9/17,155.02,155.51,154.98,155.29,4517600
2013/9/18,155.16,157.06,154.65,156.69,9637300
2013/9/19,156.87,156.92,156.22,156.32,7626600
2013/9/20,156.16,156.19,154.30,154.30,9381000
2013/9/23,154.11,154.32,153.32,153.71,8662000
2013/9/24,153.74,154.02,152.95,153.06,5774900
2013/9/25,153.26,153.39,152.19,152.42,7187200
2013/9/26,152.70,153.54,152.47,152.95,5026300
2013/9/27,152.30,152.44,151.76,152.21,6634800
2013/9/30,150.79,151.54,150.45,151.00,9426100
2013/10/1,151.00,151.77,150.77,151.62,8616300
2013/10/2,150.90,151.10,150.15,150.98,8895300
2013/10/3,150.66,150.76,149.17,149.67,10949200
2013/10/4,149.68,150.56,149.43,150.43,6867800
2013/10/7,149.12,149.85,148.91,149.00,6081100
2013/10/8,149.00,149.14,147.50,147.53,10388000
2013/10/9,147.69,148.32,146.96,147.78,11075200
2013/10/10,149.14,151.01,149.09,150.96,12792200
2013/10/11,150.92,152.22,150.76,152.17,8186000
2013/10/14,151.19,152.88,151.08,152.80,6470100
2013/10/15,152.60,152.80,151.34,151.34,8144700
2013/10/16,152.37,153.56,152.24,153.52,8714800
2013/10/17,152.11,153.59,152.05,153.48,9916600
2013/10/18,153.66,153.80,152.89,153.60,7714400
2013/10/21,153.69,153.76,153.27,153.53,3588300
2013/10/22,154.03,154.86,153.82,154.25,7501700
2013/10/23,153.81,154.03,153.32,153.82,5428400
2013/10/24,154.19,154.95,154.10,154.80,5182600
2013/10/25,154.91,155.45,154.79,155.45,4565000
2013/10/28,155.20,155.65,154.99,155.37,4968800
2013/10/29,155.71,156.50,155.62,156.50,5779100
2013/10/30,156.73,156.87,155.37,155.87,6100200
2013/10/31,155.61,156.18,155.10,155.29,8157400
2013/11/1,155.58,156.15,155.08,155.86,5909900
2013/11/4,156.26,156.36,155.53,156.06,4042500
2013/11/5,155.28,156.18,154.87,155.89,5442800
2013/11/6,156.49,157.29,156.37,157.22,7548400
2013/11/7,157.72,157.80,155.68,155.85,10211000
2013/11/8,155.66,157.49,155.58,157.49,7594900
2013/11/11,157.33,157.73,157.15,157.61,3795200
2013/11/12,157.42,157.72,156.87,157.37,4094800
2013/11/13,156.52,158.12,156.50,158.06,5062900
2013/11/14,158.10,158.81,157.95,158.73,6931000
2013/11/15,158.57,159.30,158.48,159.30,6529100
2013/11/18,159.71,159.95,159.07,159.44,5236000
2013/11/19,159.58,159.93,159.09,159.33,5017300
2013/11/20,159.55,159.88,158.35,158.77,8401100
2013/11/21,159.29,159.88,159.17,159.86,4579900
2013/11/22,159.83,160.43,159.48,160.40,4466400
2013/11/25,160.81,160.85,160.30,160.61,5114400
2013/11/26,160.54,160.97,160.46,160.50,5231300
2013/11/27,160.79,160.94,160.41,160.85,6272800
2013/11/28,160.79,160.94,160.41,160.85,6272800
2013/11/29,161.11,161.58,160.58,160.72,2887900
2013/12/2,160.76,160.84,159.71,159.92,5655700
2013/12/3,159.23,159.62,158.46,158.99,8660700
2013/12/4,158.46,159.52,157.83,158.76,7138200
2013/12/5,158.45,158.89,158.01,158.12,5823000
2013/12/6,159.53,160.18,159.13,160.16,6345300
2013/12/9,160.29,160.53,160.11,160.23,3967700
2013/12/10,159.77,160.19,159.64,159.72,4047600
2013/12/11,159.84,159.90,158.23,158.31,7906700
2013/12/12,158.21,158.43,157.07,157.47,7078700
2013/12/13,157.54,157.97,157.10,157.65,8886500
2013/12/16,158.37,159.37,158.25,158.90,7076500
2013/12/17,159.27,159.29,158.39,158.78,6001100
2013/12/18,159.16,161.79,158.11,161.76,15330700
2013/12/19,161.48,162.01,161.28,161.88,8018300
2013/12/20,161.62,162.53,161.61,162.01,7978200
2013/12/23,162.57,162.85,162.33,162.62,4992800
2013/12/24,162.72,163.26,162.59,163.16,2462000
2013/12/25,162.72,163.26,162.59,163.16,2462000
2013/12/26,163.60,164.49,163.58,164.46,4971600
2013/12/27,164.76,164.92,164.22,164.47,6176900
2013/12/30,164.55,164.68,164.40,164.59,4043600
2013/12/31,164.94,165.51,164.81,165.47,5667800
2014/1/1,164.94,165.51,164.81,165.47,5667800
2014/1/2,164.79,165.01,163.84,164.11,9291100
2014/1/3,164.40,164.87,164.04,164.39,6127600
2014/1/6,164.99,165.06,163.71,163.89,7446800
2014/1/7,164.66,165.29,164.52,164.97,5387200
2014/1/8,164.70,164.83,163.91,164.35,9461800
2014/1/9,164.95,164.99,163.52,164.19,8212900
2014/1/10,164.56,164.69,163.52,164.18,7497200
2014/1/13,163.90,164.28,162.14,162.24,10676100
2014/1/14,162.74,163.47,162.37,163.45,7335400
2014/1/15,163.66,164.80,163.59,164.57,7780800
2014/1/16,164.22,164.33,163.52,163.98,5170900
2014/1/17,163.79,164.59,163.61,164.08,8013200
2014/1/20,163.79,164.59,163.61,164.08,8013200
2014/1/21,165.03,165.05,162.79,163.73,9675200
2014/1/22,163.76,163.80,162.99,163.47,5418100
2014/1/23,162.43,162.43,161.07,161.71,9456000
2014/1/24,160.71,160.89,158.48,158.48,14663200
2014/1/27,158.71,159.11,157.51,158.02,14215300
2014/1/28,158.47,159.17,158.28,158.94,8308000
2014/1/29,157.66,158.25,156.75,157.10,14271200
2014/1/30,158.30,158.77,157.37,158.17,7864700
2014/1/31,156.23,157.70,155.85,156.75,10693100
2014/2/3,156.57,156.76,153.25,153.53,18172800
2014/2/4,153.95,154.53,153.26,154.08,11853400
2014/2/5,153.72,154.51,153.12,154.18,11603200
2014/2/6,154.70,156.15,154.70,156.14,10426200
2014/2/7,156.56,157.80,156.05,157.78,11528500
2014/2/10,157.76,157.82,157.13,157.75,4790700
2014/2/11,158.06,160.09,157.94,159.76,7620400
2014/2/12,160.00,160.45,159.34,159.71,5249600
2014/2/13,158.66,160.47,158.61,160.29,5085000
2014/2/14,160.08,161.83,159.90,161.59,5824400
2014/2/17,160.08,161.83,159.90,161.59,5824400
2014/2/18,161.70,161.76,161.13,161.41,4966400
2014/2/19,161.02,162.34,160.38,160.52,8245400
2014/2/20,160.56,161.72,160.10,161.31,7035600
2014/2/21,161.08,161.62,160.62,160.81,5268200
2014/2/24,161.02,162.69,160.97,161.66,6704400
2014/2/25,161.74,162.24,161.13,161.50,6067800
2014/2/26,161.71,162.26,161.27,161.84,5032900
2014/2/27,161.64,162.56,161.37,162.55,5292500
2014/2/28,162.56,163.77,162.01,163.02,10010400
2014/3/3,161.59,162.19,160.49,161.49,9144400
2014/3/4,163.13,164.00,163.05,163.63,7947500
2014/3/5,163.78,163.82,163.21,163.35,4968400
2014/3/6,163.82,164.31,163.76,164.09,4651800
2014/3/7,164.76,164.89,163.81,164.34,7381900
2014/3/10,164.05,164.16,163.18,163.99,3995400
2014/3/11,164.28,164.49,163.11,163.42,5198700
2014/3/12,162.66,163.57,162.47,163.23,5250800
2014/3/13,163.74,164.03,160.78,161.05,9500500
2014/3/14,160.73,161.60,160.38,160.65,8603100
2014/3/17,161.40,162.67,161.33,162.37,6641400
2014/3/18,162.69,163.64,162.55,163.28,7094600
2014/3/19,163.26,163.57,161.15,162.19,7936400
2014/3/20,161.85,163.47,161.48,163.30,6616200
2014/3/21,163.47,164.20,162.53,162.63,7629500
2014/3/24,163.13,163.46,161.78,162.44,6336000
2014/3/25,163.37,163.72,162.57,163.39,5991100
2014/3/26,164.07,164.33,162.32,162.33,6133800
2014/3/27,162.25,162.68,161.54,162.28,7713700
2014/3/28,162.61,163.82,162.32,162.85,4536000
2014/3/31,163.72,164.46,163.64,164.24,6368400
2014/4/1,164.67,165.31,164.58,164.95,4076100
2014/4/2,165.19,165.57,164.75,165.37,5597700
2014/4/3,165.72,165.75,164.96,165.34,4452600
2014/4/4,166.01,166.06,163.58,163.88,10559700
2014/4/7,163.58,163.93,162.12,162.16,8624100
2014/4/8,162.10,162.73,161.55,162.33,5930000
2014/4/9,163.00,164.14,162.43,164.10,6008300
2014/4/10,164.12,164.31,161.27,161.47,9981500
2014/4/11,160.67,161.32,159.88,160.02,11067500
2014/4/14,161.08,161.62,160.27,161.45,6270600
2014/4/15,161.67,162.47,160.38,162.36,8489000
2014/4/16,163.43,164.03,162.93,164.02,5864200
2014/4/17,163.61,164.19,163.33,163.75,5790700
2014/4/18,163.61,164.19,163.33,163.75,5790700
2014/4/21,163.84,164.25,163.70,164.03,3066100
2014/4/22,164.30,165.30,164.23,164.80,4044300
2014/4/23,164.94,164.99,164.45,164.64,3546100
2014/4/24,165.01,165.11,164.19,164.69,4028700
2014/4/25,164.08,164.19,163.00,163.35,5102700
2014/4/28,164.13,164.69,162.78,164.17,7236900
2014/4/29,164.62,165.27,164.49,165.00,4581400
2014/4/30,164.92,165.60,164.83,165.45,4958500
2014/5/1,165.30,165.71,164.90,165.23,3889400
2014/5/2,165.16,165.85,164.53,164.75,7036100
2014/5/5,163.97,165.17,163.45,164.93,4059700
2014/5/6,164.66,164.68,163.68,163.73,5281500
2014/5/7,164.51,165.08,163.39,165.03,5576200
2014/5/8,165.02,166.07,164.86,165.35,5997900
2014/5/9,165.29,165.78,164.87,165.72,4228600
2014/5/12,166.31,166.93,166.28,166.80,3944700
2014/5/13,167.10,167.29,166.95,167.05,4133400
2014/5/14,167.09,167.14,165.92,166.11,3104700
2014/5/15,165.78,165.87,164.02,164.55,7539300
2014/5/16,164.16,164.64,163.77,164.61,5115000
2014/5/19,164.14,164.91,164.03,164.71,2879900
2014/5/20,164.70,164.72,163.04,163.32,4856600
2014/5/21,163.95,165.15,163.89,164.98,4898700
2014/5/22,165.09,165.39,164.60,165.18,3564100
2014/5/23,165.29,165.87,165.19,165.83,2857000
2014/5/26,165.29,165.87,165.19,165.83,2857000
2014/5/27,166.45,166.60,166.13,166.47,2561300
2014/5/28,166.54,166.55,165.95,166.09,3681500
2014/5/29,166.47,166.79,166.03,166.78,2763500
2014/5/30,166.60,167.02,166.30,166.93,2769000
2014/6/2,167.25,167.40,166.63,167.20,4453300
2014/6/3,166.94,167.20,166.75,167.02,4125200
2014/6/4,166.89,167.27,166.58,167.13,2264600
2014/6/5,167.51,168.31,166.92,168.14,5416500
2014/6/6,168.58,169.12,168.46,169.08,4118900
2014/6/9,169.12,169.58,169.02,169.24,2713200
2014/6/10,169.15,169.37,168.84,169.35,2821400
2014/6/11,168.75,168.81,168.09,168.35,3064100
2014/6/12,168.29,168.34,166.98,167.29,5409200
2014/6/13,167.54,167.83,167.13,167.62,2708700
2014/6/16,167.39,167.97,167.15,167.69,3068300
2014/6/17,167.43,168.20,167.24,168.00,2884700
2014/6/18,168.05,169.06,167.35,168.93,4729200
2014/6/19,169.02,169.19,168.54,169.09,3028000
2014/6/20,169.25,169.42,168.96,169.08,5370700
2014/6/23,169.06,169.12,168.58,168.91,2729200
2014/6/24,168.83,169.33,167.67,167.87,4861700
2014/6/25,167.52,168.48,167.51,168.28,3657500
2014/6/26,168.38,168.39,167.06,168.08,4052400
2014/6/27,167.76,168.25,167.34,168.17,3092200
2014/6/30,167.91,168.35,167.65,167.89,6488400
2014/7/1,168.29,169.64,168.23,169.20,4911500
2014/7/2,169.31,169.51,169.18,169.40,1929800
2014/7/3,169.85,170.47,169.73,170.47,2074800
2014/7/4,169.85,170.47,169.73,170.47,2074800
2014/7/7,169.88,170.01,169.55,169.86,2937700
2014/7/8,169.58,169.60,168.44,168.85,5438700
2014/7/9,169.18,169.73,168.86,169.58,3543800
2014/7/10,167.89,169.34,167.70,168.96,4932100
2014/7/11,168.77,169.22,168.32,169.20,2830500
2014/7/14,170.15,170.61,170.04,170.29,2831200
2014/7/15,170.51,170.91,169.78,170.38,5168100
2014/7/16,170.96,171.16,170.66,171.07,3197900
2014/7/17,170.81,171.32,169.46,169.61,6149300
2014/7/18,169.95,170.76,169.74,170.58,6924600
2014/7/21,170.10,170.38,169.36,170.18,2886600
2014/7/22,170.56,170.96,170.43,170.74,3798200
2014/7/23,170.81,170.81,170.20,170.56,2607900
2014/7/24,170.66,170.85,170.22,170.44,3226000
2014/7/25,169.77,169.85,168.76,169.16,5714000
2014/7/28,169.23,169.65,168.37,169.41,3606100
2014/7/29,169.89,170.19,168.78,168.78,3683100
2014/7/30,169.27,169.52,167.78,168.48,5446600
2014/7/31,167.27,167.43,165.29,165.29,9038800
2014/8/1,164.80,165.51,164.01,164.57,7435100
2014/8/4,164.80,165.61,164.11,165.33,4400000
2014/8/5,164.80,165.14,163.34,163.92,8522800
2014/8/6,163.46,164.75,163.37,164.20,4781100
2014/8/7,164.85,164.89,163.13,163.55,4962400
2014/8/8,163.67,165.38,163.44,165.34,5412300
2014/8/11,165.96,166.15,165.47,165.55,5761500
2014/8/12,165.28,165.77,165.00,165.49,3274300
2014/8/13,166.00,166.66,165.76,166.49,2841700
2014/8/14,166.69,167.10,166.46,167.10,2752400
2014/8/15,167.42,167.46,165.44,166.35,7032500
2014/8/18,167.25,168.12,167.23,168.06,2975200
2014/8/19,168.64,169.02,168.33,168.89,3057200
2014/8/20,168.72,169.74,168.72,169.60,3108800
2014/8/21,169.81,170.53,169.69,170.18,2652600
2014/8/22,170.01,170.48,169.65,169.87,5152200
2014/8/25,170.56,171.06,170.44,170.62,2588500
2014/8/26,170.82,171.35,170.78,170.93,3581400
2014/8/27,171.15,171.21,170.75,171.01,5162400
2014/8/28,170.40,170.88,170.10,170.77,2781900
2014/8/29,170.90,171.00,170.25,170.88,3280300
2014/9/1,170.90,171.00,170.25,170.88,3280300
2014/9/2,170.94,171.07,170.04,170.58,3458700
2014/9/3,171.38,171.48,170.53,170.72,2847400
2014/9/4,170.91,171.56,170.22,170.66,3760900
2014/9/5,170.52,171.29,170.01,171.25,3403600
2014/9/8,171.04,171.35,170.75,171.06,3139800
2014/9/9,170.79,170.84,169.89,170.12,4252400
2014/9/10,170.17,170.81,169.71,170.67,4595400
2014/9/11,169.89,170.62,169.82,170.51,3026200
2014/9/12,170.38,170.44,169.40,169.90,5000800
2014/9/15,170.06,170.57,169.55,170.32,5130700
2014/9/16,169.96,171.71,169.89,171.38,5946400
2014/9/17,171.57,172.25,170.93,171.58,8498600
2014/9/18,172.01,172.80,171.90,172.61,6458100
2014/9/19,173.00,173.32,172.19,172.45,9341000
2014/9/22,172.35,172.38,171.22,171.41,4894200
2014/9/23,170.85,171.38,170.21,170.21,5521800
2014/9/24,170.36,171.90,169.98,171.79,5813000
2014/9/25,171.50,171.53,169.09,169.17,8910500
2014/9/26,169.79,171.13,169.50,170.70,6062200
2014/9/29,169.18,170.58,168.94,170.33,5167800
2014/9/30,170.45,171.10,169.80,170.07,5492800
2014/10/1,169.91,169.98,167.42,167.68,11030600
2014/10/2,167.39,168.27,166.43,167.65,9093700
2014/10/3,168.89,169.97,168.37,169.72,5589100
2014/10/6,170.44,170.69,168.96,169.57,5315300
2014/10/7,168.73,168.94,166.86,166.86,7128800
2014/10/8,166.87,169.82,166.35,169.62,8893200
2014/10/9,169.16,169.48,166.20,166.34,13387300
2014/10/10,166.39,167.36,165.21,165.21,12717500
2014/10/13,165.09,165.79,162.84,162.93,14117000
2014/10/14,163.67,164.41,162.50,163.03,13626400
2014/10/15,161.19,161.85,158.27,161.28,24966700
2014/10/16,159.00,161.95,158.73,160.98,18926600
2014/10/17,162.68,163.95,162.21,163.45,11730200
2014/10/20,162.35,163.68,162.25,163.65,7156500
2014/10/21,164.45,165.87,164.12,165.80,8994600
2014/10/22,166.17,166.23,164.28,164.38,6025100
2014/10/23,166.05,167.36,166.01,166.45,7029700
2014/10/24,166.60,167.79,166.17,167.74,5733500
2014/10/27,167.23,168.06,166.97,167.88,5062900
2014/10/28,168.48,169.69,168.14,169.66,5438900
2014/10/29,170.01,170.34,168.61,169.40,7584000
2014/10/30,169.63,171.94,169.60,171.60,7449200
2014/10/31,173.34,173.63,172.79,173.45,7563500
2014/11/3,173.57,173.78,173.05,173.36,5383200
2014/11/4,173.08,173.65,172.46,173.46,6466000
2014/11/5,174.59,174.62,173.71,174.55,5286200
2014/11/6,174.75,175.41,174.18,175.29,7191700
2014/11/7,175.24,175.60,174.77,175.58,4018100
2014/11/10,175.62,176.06,175.33,175.95,2941900
2014/11/11,175.98,176.24,175.69,176.02,3192700
2014/11/12,175.26,176.20,175.25,176.04,2836500
2014/11/13,176.25,176.98,175.79,176.44,6508400
2014/11/14,176.36,176.65,176.12,176.35,3521100
2014/11/17,176.06,176.76,176.00,176.49,3668900
2014/11/18,176.53,177.38,176.45,176.96,4721700
2014/11/19,176.85,177.19,176.29,176.93,4011400
2014/11/20,176.11,177.28,176.03,177.25,2881700
2014/11/21,178.52,178.60,177.28,177.70,4782000
2014/11/24,178.13,178.22,177.59,177.80,2408700
2014/11/25,178.16,178.19,177.56,177.96,5510400
2014/11/26,177.96,178.09,177.65,178.01,3005600
2014/11/27,177.96,178.09,177.65,178.01,3005600
2014/11/28,178.12,178.69,177.86,178.10,4037500
2014/12/1,177.54,178.02,177.03,177.60,6671800
2014/12/2,177.68,178.77,177.67,178.56,3920500
2014/12/3,178.59,179.14,178.41,178.96,11006600
2014/12/4,178.73,179.30,178.03,178.83,4791000
2014/12/5,179.28,179.82,178.99,179.51,4269400
2014/12/8,178.96,179.54,177.97,178.54,5568000
2014/12/9,176.78,178.03,176.22,177.96,7945400
2014/12/10,177.50,177.50,175.01,175.29,7622000
2014/12/11,175.89,177.66,175.70,176.03,6867300
2014/12/12,174.77,175.67,172.93,173.00,12284400
2014/12/15,173.75,174.13,171.21,171.79,8874300
2014/12/16,171.27,174.39,170.74,170.85,12257600
2014/12/17,171.27,173.98,171.08,173.59,12901600
2014/12/18,175.98,177.83,175.37,177.79,9752400
2014/12/19,177.79,178.42,177.15,177.65,11452600
2014/12/22,178.22,179.36,178.19,179.36,7855600
2014/12/23,179.87,180.40,179.68,180.03,6224800
2014/12/24,180.19,180.53,179.94,180.03,1647600
2014/12/25,180.19,180.53,179.94,180.03,1647600
2014/12/26,180.49,180.71,180.19,180.19,1921200
2014/12/29,179.88,180.38,179.81,180.11,2530900
2014/12/30,179.63,179.87,179.24,179.46,2953300
2014/12/31,179.82,180.12,177.88,177.88,4514400
2015/1/1,179.82,180.12,177.88,177.88,4514400
2015/1/2,178.65,179.23,176.98,177.94,4997200
2015/1/5,177.06,177.21,174.46,174.84,6700200
2015/1/6,175.10,175.54,172.32,173.39,10131400
2015/1/7,174.85,175.79,174.24,175.59,5547000
2015/1/8,177.26,178.96,177.21,178.76,7166700
2015/1/9,178.98,179.06,176.63,177.22,6646600
2015/1/12,177.44,177.63,175.46,176.24,4305300
2015/1/13,177.72,179.03,174.70,175.98,9913500
2015/1/14,173.44,174.72,172.42,174.06,11090600
2015/1/15,174.74,175.08,172.81,173.06,9293700
2015/1/16,172.57,174.97,172.12,174.67,8721900
2015/1/19,172.57,174.97,172.12,174.67,8721900
2015/1/20,175.23,175.61,173.14,174.90,7224100
2015/1/21,174.25,175.75,173.66,175.35,6259300
2015/1/22,175.92,178.14,174.51,177.92,9565100
2015/1/23,177.71,177.82,176.39,176.41,4795300
2015/1/26,176.16,176.71,175.38,176.50,3730400
2015/1/27,173.50,174.75,172.59,173.59,11565100
2015/1/28,174.55,174.61,171.59,171.72,9673200
2015/1/29,172.16,174.07,171.06,173.90,9615200
2015/1/30,173.20,173.95,171.27,171.45,11138500
2015/2/2,171.95,173.43,170.10,173.27,9437900
2015/2/3,174.13,176.40,174.10,176.33,7543400
2015/2/4,175.80,177.57,175.78,176.53,5935900
2015/2/5,177.28,178.64,177.09,178.55,6037800
2015/2/6,178.82,179.36,177.48,178.09,7211900
2015/2/9,177.18,177.94,176.68,177.09,3723100
2015/2/10,178.17,178.75,177.14,178.51,3572700
2015/2/11,178.09,179.09,177.67,178.70,5174500
2015/2/12,179.27,179.93,179.00,179.84,3742700
2015/2/13,180.00,180.54,179.76,180.34,3998200
2015/2/16,180.00,180.54,179.76,180.34,3998200
2015/2/17,180.06,180.70,179.71,180.57,2850900
2015/2/18,180.18,180.68,179.97,180.47,2724800
2015/2/19,179.87,180.43,179.43,180.09,2663500
2015/2/20,179.15,181.20,178.50,181.14,8914600
2015/2/23,180.71,180.92,180.32,180.92,2738600
2015/2/24,181.03,182.06,180.89,181.91,4228700
2015/2/25,181.81,182.17,181.56,181.96,2822900
2015/2/26,181.92,182.24,181.40,182.01,3045800
2015/2/27,181.93,181.94,181.15,181.19,3161300
2015/3/2,181.37,182.68,181.37,182.68,3213100
2015/3/3,182.23,182.39,181.19,181.87,2825800
2015/3/4,181.41,181.41,180.13,180.78,3820200
2015/3/5,181.25,181.45,180.71,181.17,2410700
2015/3/6,180.12,180.63,178.13,178.40,7297400
2015/3/9,178.53,180.19,178.53,179.80,3844900
2015/3/10,178.38,178.51,176.68,176.69,6070100
2015/3/11,176.98,177.29,176.23,176.35,5584600
2015/3/12,177.24,179.02,177.20,178.97,4024300
2015/3/13,178.39,178.50,176.27,177.56,6833900
2015/3/16,178.25,179.91,178.25,179.78,5550100
2015/3/17,178.79,178.97,177.86,178.50,5392900
2015/3/18,177.91,181.01,176.97,180.73,11294400
2015/3/19,180.18,180.39,179.31,179.66,6229200
2015/3/20,180.46,181.67,180.17,180.96,5999200
2015/3/23,181.05,181.75,180.84,180.85,3593900
2015/3/24,180.65,181.19,179.77,179.83,4692100
2015/3/25,179.95,180.16,176.88,176.92,8474700
2015/3/26,176.15,177.30,175.46,176.48,6604500
2015/3/27,176.33,176.97,175.97,176.81,3971800
2015/3/30,178.31,179.76,178.28,179.39,5399300
2015/3/31,178.52,179.08,177.43,177.58,4633800
2015/4/1,177.54,177.54,175.57,176.74,7440500
2015/4/2,176.70,177.91,176.43,177.33,3223600
2015/4/3,176.70,177.91,176.43,177.33,3223600
2015/4/6,176.32,179.17,176.09,178.59,6284900
2015/4/7,178.77,179.58,178.42,178.42,6011600
2015/4/8,178.60,179.56,177.96,178.75,4738500
2015/4/9,178.66,179.63,177.98,179.40,4483800
2015/4/10,179.67,180.44,179.18,180.37,3463600
2015/4/13,180.17,180.86,179.49,179.64,3358200
2015/4/14,179.58,180.54,178.80,180.18,4811400
2015/4/15,180.83,181.38,180.45,180.88,4377800
2015/4/16,180.67,181.51,180.43,180.91,3873900
2015/4/17,179.27,179.41,177.16,177.94,8683500
2015/4/20,179.31,180.61,179.15,180.03,5355800
2015/4/21,180.70,180.88,178.97,179.26,3596600
2015/4/22,179.65,180.25,178.55,180.06,5575200
2015/4/23,179.44,181.07,179.20,180.37,4893000
2015/4/24,180.50,180.82,179.79,180.54,4010000
2015/4/27,181.46,181.54,179.96,180.17,4969100
2015/4/28,180.36,180.94,178.88,180.84,4534200
2015/4/29,179.80,180.71,179.24,180.07,6559400
2015/4/30,179.70,180.02,177.45,178.18,8564600
2015/5/1,179.21,180.01,178.98,179.90,3895700
2015/5/4,180.34,181.05,180.25,180.44,3256900
2015/5/5,180.23,180.59,178.78,179.01,5316300
2015/5/6,179.87,180.25,177.25,178.39,7534200
2015/5/7,178.12,179.70,177.89,179.28,4142800
2015/5/8,181.14,182.02,181.08,181.85,5529600
2015/5/11,181.77,182.00,180.88,181.08,3753600
2015/5/12,180.10,181.23,179.27,180.72,4742800
2015/5/13,180.85,181.44,180.48,180.75,3851400
2015/5/14,181.81,182.64,181.73,182.54,4921400
2015/5/15,182.24,182.51,181.89,182.48,4522200
2015/5/18,182.43,183.01,182.19,182.68,2890500
2015/5/19,182.92,183.28,182.37,182.93,2766600
2015/5/20,183.23,183.35,182.56,182.71,5080800
2015/5/21,182.62,183.04,182.36,182.79,2724200
2015/5/22,182.51,182.74,182.04,182.26,2357000
2015/5/25,182.51,182.74,182.04,182.26,2357000
2015/5/26,181.93,181.93,179.79,180.37,5529700
2015/5/27,180.77,181.79,180.45,181.52,3588200
2015/5/28,181.11,181.33,180.65,181.29,3660900
2015/5/29,181.17,181.19,179.67,180.11,4923700
2015/6/1,181.00,181.15,179.81,180.40,4349000
2015/6/2,180.08,180.96,179.27,180.15,5106200
2015/6/3,180.85,181.74,180.12,180.88,5481500
2015/6/4,180.18,180.92,178.78,179.21,7312500
2015/6/5,179.08,179.46,178.25,178.50,5228700
2015/6/8,178.51,178.60,177.68,177.81,4380500
2015/6/9,177.82,178.26,177.20,177.71,4722400
2015/6/10,178.38,180.54,178.38,180.06,5480900
2015/6/11,180.69,181.26,180.39,180.64,3714800
2015/6/12,179.86,180.06,178.72,179.13,4566800
2015/6/15,177.89,178.37,177.11,178.10,5502700
2015/6/16,178.07,179.36,177.88,179.21,3276900
2015/6/17,179.66,180.14,178.49,179.48,3650900
2015/6/18,180.21,181.94,180.14,181.33,6542800
2015/6/19,180.64,180.74,179.73,179.76,3964000
2015/6/22,181.03,181.50,180.67,180.92,4048300
2015/6/23,181.12,181.57,180.75,181.12,3116800
2015/6/24,180.56,180.97,179.39,179.41,4328900
2015/6/25,180.05,180.12,178.59,178.65,3602700
2015/6/26,179.21,179.83,178.68,179.13,4855500
2015/6/29,177.60,178.21,175.59,175.64,8888700
2015/6/30,177.00,177.01,175.45,175.82,9149800
2015/7/1,177.57,177.82,176.58,177.40,4135100
2015/7/2,177.79,178.05,176.65,177.05,4008600
2015/7/3,177.79,178.05,176.65,177.05,4008600
2015/7/6,175.59,177.14,175.34,176.68,3748700
2015/7/7,176.88,177.73,174.44,177.63,7783800
2015/7/8,176.11,176.44,174.78,175.00,6849400
2015/7/9,177.15,177.47,175.21,175.26,4581400
2015/7/10,177.22,177.80,176.62,177.41,4504400
2015/7/13,178.83,179.70,178.80,179.60,3873800
2015/7/14,179.45,180.54,179.31,180.33,2757100
2015/7/15,180.32,180.72,179.90,180.34,3407900
2015/7/16,181.20,181.25,180.50,181.07,2495100
2015/7/17,180.49,180.62,180.01,180.54,2762300
2015/7/20,180.95,181.10,180.36,180.69,2961600
2015/7/21,179.69,179.71,178.43,178.97,5026700
2015/7/22,178.43,178.92,177.84,178.30,3811500
2015/7/23,178.33,178.33,176.83,177.16,4968600
2015/7/24,177.23,177.25,175.31,175.52,4591300
2015/7/27,174.47,174.78,173.78,174.23,5370200
2015/7/28,174.86,176.28,174.30,176.11,5625900
2015/7/29,176.33,177.56,176.17,177.26,4175900
2015/7/30,177.04,177.39,176.13,177.22,3659000
2015/7/31,177.67,177.73,176.49,176.68,4483800
2015/8/3,176.82,176.87,174.74,175.75,4530500
2015/8/4,175.79,176.13,174.83,175.32,4055700
2015/8/5,175.84,176.52,175.03,175.36,4565500
2015/8/6,175.48,175.65,173.65,174.22,5374100
2015/8/7,173.89,174.12,172.80,173.84,6158400
2015/8/10,174.80,176.32,174.80,176.19,4504000
2015/8/11,174.59,174.89,173.58,174.11,6761100
2015/8/12,172.83,174.40,171.40,174.21,8825600
2015/8/13,173.99,174.97,173.55,174.31,6562700
2015/8/14,174.17,175.08,174.06,174.90,3512200
2015/8/17,174.24,175.73,173.62,175.70,4055400
2015/8/18,175.28,175.93,175.08,175.33,4050400
2015/8/19,174.33,175.49,173.12,173.74,10988700
2015/8/20,172.25,172.55,170.22,170.22,12317200
2015/8/21,167.79,168.67,164.41,164.41,18858700
2015/8/24,155.90,163.45,150.57,158.38,35102400
2015/8/25,163.33,163.68,156.29,156.49,19357000
2015/8/26,160.39,162.90,157.67,162.66,19884300
2015/8/27,164.86,166.49,163.04,166.45,15223700
2015/8/28,165.72,166.62,165.24,166.33,8115700
2015/8/31,165.35,166.18,164.32,165.18,6363700
2015/9/1,161.40,162.62,159.74,160.46,14266900
2015/9/2,162.93,163.48,161.29,163.46,8260600
2015/9/3,164.33,165.49,163.13,163.67,8023700
2015/9/4,161.42,161.95,160.24,160.97,8651100
2015/9/7,161.42,161.95,160.24,160.97,8651100
2015/9/8,163.81,165.03,163.28,164.91,6821700
2015/9/9,166.53,166.71,162.23,162.52,7865700
2015/9/10,162.54,164.50,162.15,163.39,8327000
2015/9/11,162.90,164.44,162.51,164.39,6202300
2015/9/14,164.46,164.58,163.37,163.77,4595600
2015/9/15,164.36,166.53,163.97,166.11,6516100
2015/9/16,166.46,167.65,166.00,167.51,5511700
2015/9/17,167.42,169.44,166.48,166.81,14270000
2015/9/18,164.00,165.24,163.20,163.54,10400500
2015/9/21,164.67,165.56,163.67,164.90,7762600
2015/9/22,162.62,163.36,161.98,163.00,8979600
2015/9/23,163.26,163.38,161.88,162.59,4554900
2015/9/24,161.12,162.24,159.93,161.87,8451800
2015/9/25,163.84,164.43,162.06,162.88,10474600
2015/9/28,162.04,162.06,159.58,159.79,10013100
2015/9/29,159.98,160.96,159.18,160.23,9906200
2015/9/30,162.04,162.75,161.05,162.62,7621400
2015/10/1,163.01,163.29,160.51,162.49,6862800
2015/10/2,160.35,164.58,159.93,164.58,11877500
2015/10/5,165.74,167.78,165.49,167.58,6342100
2015/10/6,167.74,168.43,167.25,167.69,6661000
2015/10/7,168.60,169.48,167.47,168.95,8832800
2015/10/8,168.67,170.66,168.43,170.37,8160300
2015/10/9,170.62,170.97,170.10,170.76,5006100
2015/10/12,170.73,171.23,170.47,171.17,2835800
2015/10/13,170.25,171.58,170.14,170.64,5909300
2015/10/14,170.50,170.95,168.72,169.07,5424000
2015/10/15,169.40,171.32,169.19,171.32,9637200
2015/10/16,171.44,171.96,170.82,171.88,8353700
2015/10/19,171.28,172.13,171.04,172.12,4859800
2015/10/20,171.59,172.39,171.24,172.01,4140900
2015/10/21,172.44,172.95,171.33,171.48,5801400
2015/10/22,172.56,174.91,172.47,174.80,8553100
2015/10/23,176.00,176.64,175.37,176.37,7642900
2015/10/26,176.24,176.46,175.87,176.02,3795900
2015/10/27,175.33,176.19,175.24,175.67,4696100
2015/10/28,176.01,177.68,175.36,177.68,7348500
2015/10/29,177.03,177.71,176.68,177.38,4726900
2015/10/30,177.64,177.83,176.45,176.49,6527500
2015/11/2,176.87,178.29,176.73,178.12,4178300
2015/11/3,177.92,179.60,177.80,179.07,4284900
2015/11/4,179.57,179.59,178.19,178.65,6870400
2015/11/5,178.75,179.25,177.73,178.64,5008100
2015/11/6,178.49,179.17,177.71,179.14,7642800
2015/11/9,178.50,178.60,176.73,177.42,7962300
2015/11/10,176.98,177.86,176.73,177.78,4837700
2015/11/11,178.17,178.24,177.11,177.21,2860300
2015/11/12,176.09,176.35,174.59,174.67,6164400
2015/11/13,174.07,174.55,172.55,172.61,8011100
2015/11/16,172.50,175.06,172.15,175.02,5012900
2015/11/17,175.60,176.25,174.76,175.16,6612200
2015/11/18,175.68,177.84,175.67,177.73,6254400
2015/11/19,177.18,178.05,177.15,177.66,5457300
2015/11/20,178.17,178.97,177.66,178.06,7730000
2015/11/23,177.88,178.48,177.30,177.74,2597000
2015/11/24,176.67,178.41,176.61,177.98,4369900
2015/11/25,178.01,178.33,177.79,177.93,2227400
2015/11/26,178.01,178.33,177.79,177.93,2227400
2015/11/27,177.80,178.18,177.36,177.90,2878200
2015/11/30,178.13,178.33,177.13,177.23,3578500
2015/12/1,177.92,178.90,177.64,178.81,6058300
2015/12/2,178.64,179.04,177.08,177.29,7427100
2015/12/3,177.66,177.84,174.26,174.83,7005500
2015/12/4,175.25,178.68,175.14,178.42,6251600
2015/12/7,178.02,178.08,176.42,177.34,5647000
2015/12/8,175.68,176.86,174.92,175.77,6890200
2015/12/9,175.44,177.76,174.08,174.99,9545800
2015/12/10,175.18,177.13,174.85,175.88,5613800
2015/12/11,173.65,174.38,172.45,172.73,8895600
2015/12/14,172.97,173.95,171.52,173.90,12321600
2015/12/15,174.91,176.45,174.91,175.46,8039800
2015/12/16,176.43,178.00,174.97,177.64,11286600
2015/12/17,178.15,178.19,175.09,175.10,8504100
2015/12/18,173.84,173.91,170.89,171.00,10946100
2015/12/21,172.28,172.56,170.91,172.25,6466700
2015/12/22,173.10,174.28,172.18,174.01,6003700
2015/12/23,175.22,175.82,174.76,175.81,6456600
2015/12/24,175.66,175.82,175.18,175.22,1765100
2015/12/25,175.66,175.82,175.18,175.22,1765100
2015/12/28,174.49,175.13,174.12,174.98,2932200
2015/12/29,176.19,177.25,176.00,176.98,6145700
2015/12/30,176.57,176.72,175.62,175.80,2910000
2015/12/31,175.09,175.65,173.97,173.99,5773400
2016/1/1,175.09,175.65,173.97,173.99,5773400
2016/1/4,171.05,171.32,169.35,171.29,14350800
2016/1/5,171.69,171.74,170.17,171.39,9413000
2016/1/6,168.92,169.97,168.01,168.94,8713600
2016/1/7,165.96,167.94,164.48,164.96,15400600
2016/1/8,165.96,166.39,163.00,163.24,12512400
2016/1/11,164.16,164.50,162.15,163.83,12353700
2016/1/12,165.19,165.78,163.05,164.95,10250300
2016/1/13,165.54,165.84,161.07,161.35,16369400
2016/1/14,162.02,164.69,160.61,163.59,14749500
2016/1/15,159.26,160.58,158.23,159.68,19969100
2016/1/18,159.26,160.58,158.23,159.68,19969100
2016/1/19,161.45,161.62,158.81,160.02,10233800
2016/1/20,157.25,158.88,154.38,157.61,16436000
2016/1/21,157.81,160.29,156.88,158.60,16782400
2016/1/22,160.91,161.24,159.62,160.79,7390600
2016/1/25,160.41,160.72,158.67,158.70,5782500
2016/1/26,159.50,161.72,159.49,161.54,5945200
2016/1/27,160.57,162.23,158.61,159.30,10121900
2016/1/28,160.68,160.90,158.47,160.51,8613400
2016/1/29,161.61,164.43,161.33,164.37,6182800
2016/2/1,163.39,164.97,162.82,164.34,6977300
2016/2/2,162.70,162.70,160.94,161.41,7901000
2016/2/3,162.42,163.75,159.48,163.20,14249300
2016/2/4,162.82,164.80,162.58,164.14,11715800
2016/2/5,163.87,164.01,161.22,161.94,8292500
2016/2/8,160.11,160.81,158.05,160.35,13377600
2016/2/9,158.54,161.46,158.51,160.24,11449200
2016/2/10,160.98,162.30,159.23,159.39,8205700
2016/2/11,156.80,158.02,155.26,156.80,14806700
2016/2/12,158.16,159.98,157.66,159.98,7073000
2016/2/15,158.16,159.98,157.66,159.98,7073000
2016/2/16,161.76,162.29,160.62,162.20,5451200
2016/2/17,163.43,165.26,163.33,164.93,5584200
2016/2/18,165.33,165.45,164.29,164.52,5187600
2016/2/19,163.18,163.81,162.59,163.70,4660600
2016/2/22,165.35,166.46,165.13,165.94,3450700
2016/2/23,165.61,165.76,163.84,164.15,6052800
2016/2/24,162.60,164.90,161.47,164.67,8003800
2016/2/25,165.03,166.84,164.40,166.84,5266900
2016/2/26,167.84,167.95,166.12,166.28,3798000
2016/2/29,166.16,167.21,164.96,164.96,3485000
2016/3/1,166.01,168.59,165.71,168.52,3914300
2016/3/2,168.02,168.93,167.55,168.89,3106200
2016/3/3,168.73,169.39,168.12,169.35,2968200
2016/3/4,169.53,170.55,168.92,170.02,3524900
2016/3/7,169.37,170.93,169.30,170.62,3236000
2016/3/8,169.80,170.76,169.22,169.62,2832700
2016/3/9,170.41,170.59,169.54,170.02,3584000
2016/3/10,170.67,171.40,168.30,170.06,4862300
2016/3/11,171.47,172.34,171.42,172.23,3674200
2016/3/14,171.70,172.89,171.70,172.41,2658400
2016/3/15,171.61,172.67,171.32,172.64,2431600
2016/3/16,172.21,173.94,172.17,173.47,3556200
2016/3/17,173.46,175.41,173.08,174.94,4070500
2016/3/18,175.27,175.95,175.04,175.69,5112000
2016/3/21,175.62,176.21,175.25,176.01,2884900
2016/3/22,175.30,176.26,175.15,175.70,3980100
2016/3/23,175.22,175.55,174.60,174.81,5039200
2016/3/24,173.85,174.94,173.70,174.94,5104900
2016/3/25,173.85,174.94,173.70,174.94,5104900
2016/3/28,175.13,175.59,174.66,175.12,3098800
2016/3/29,174.49,176.18,174.06,176.07,5584100
2016/3/30,177.11,177.65,176.51,176.89,3858000
2016/3/31,176.93,177.30,176.43,176.64,3155400
2016/4/1,175.71,177.85,175.41,177.72,4035200
2016/4/4,177.63,177.88,176.88,177.12,2318900
2016/4/5,176.08,176.96,175.57,175.82,5439600
2016/4/6,175.86,177.09,175.24,177.04,4086700
2016/4/7,175.78,176.23,174.68,175.29,5251900
2016/4/8,176.25,176.81,175.11,175.66,2565300
2016/4/11,176.12,177.17,175.41,175.44,3237700
2016/4/12,175.73,177.28,175.36,177.09,3588400
2016/4/13,178.00,179.02,177.92,178.92,5400200
2016/4/14,179.03,179.50,178.75,179.11,3689700
2016/4/15,178.99,179.14,178.41,178.68,3799900
2016/4/18,178.13,179.83,178.10,179.78,2573700
2016/4/19,180.14,180.77,179.59,180.32,2992100
2016/4/20,180.00,181.42,180.00,180.75,2628900
2016/4/21,180.64,180.88,179.42,179.70,2760300
2016/4/22,179.61,180.08,178.87,179.90,2410500
2016/4/25,179.23,179.59,178.33,179.54,2485500
2016/4/26,179.84,180.26,179.11,179.64,2241000
2016/4/27,179.12,180.65,178.99,180.25,3569300
2016/4/28,179.06,180.15,177.74,178.20,3550700
2016/4/29,177.40,177.95,176.29,177.59,5496000
2016/5/2,178.08,178.91,177.51,178.70,2463100
2016/5/3,177.48,177.83,176.48,177.30,4643200
2016/5/4,176.38,177.21,175.90,176.32,3446000
2016/5/5,176.83,177.22,176.00,176.44,1778800
2016/5/6,175.69,177.40,175.68,177.34,2940800
2016/5/9,177.25,177.76,176.62,176.98,1921700
2016/5/10,177.72,179.27,177.64,179.20,2867200
2016/5/11,178.70,178.94,177.26,177.30,2697200
2016/5/12,177.81,178.12,176.40,177.42,2534900
2016/5/13,176.90,177.52,175.26,175.48,3336800
2016/5/16,175.69,177.70,175.58,177.26,2393500
2016/5/17,176.91,177.24,174.92,175.56,3349500
2016/5/18,175.08,176.73,174.53,175.63,4097800
2016/5/19,174.95,175.20,173.67,174.68,5090900
2016/5/20,174.72,175.54,174.51,174.76,2749700
2016/5/23,174.84,175.33,174.60,174.78,1736000
2016/5/24,175.76,177.23,175.65,176.86,2797000
2016/5/25,177.50,178.74,177.45,178.28,2711900
2016/5/26,178.49,178.69,177.82,178.08,2263200
2016/5/27,178.22,178.59,178.06,178.50,1628300
2016/5/30,178.22,178.59,178.06,178.50,1628300
2016/5/31,178.98,178.98,177.13,177.65,2395400
2016/6/1,176.98,177.98,176.55,177.73,2481200
2016/6/2,177.30,178.31,176.98,178.28,1965900
2016/6/3,177.87,178.29,176.84,178.06,4367200
2016/6/6,178.49,179.46,178.41,179.18,2720300
2016/6/7,179.46,179.99,179.34,179.38,1572300
2016/6/8,179.67,180.18,179.54,180.06,1713500
2016/6/9,179.37,180.04,179.14,179.88,2141800
2016/6/10,178.70,179.24,178.11,178.71,4126600
2016/6/13,178.00,179.00,177.36,177.36,5111300
2016/6/14,177.00,177.42,176.00,176.81,3643400
2016/6/15,177.25,177.84,176.38,176.57,2470100
2016/6/16,175.73,177.67,174.80,177.46,5573700
2016/6/17,177.15,177.15,175.77,176.52,2748000
2016/6/20,178.40,179.23,177.76,177.80,2958400
2016/6/21,178.12,178.53,177.73,178.06,1854700
2016/6/22,178.23,178.95,177.43,177.57,2966200
2016/6/23,179.02,179.83,178.67,179.81,2949100
2016/6/24,174.55,176.68,173.30,173.62,11377900
2016/6/27,172.48,172.48,170.37,171.20,7683900
2016/6/28,172.85,173.86,172.20,173.82,5642800
2016/6/29,175.16,176.82,175.00,176.64,5578200
2016/6/30,177.05,179.08,176.86,179.00,5069000
2016/7/1,178.78,179.80,178.78,179.31,3998200
2016/7/4,178.78,179.80,178.78,179.31,3998200
2016/7/5,178.58,178.68,177.66,178.21,3233100
2016/7/6,177.61,179.10,176.96,178.98,5395400
2016/7/7,179.15,179.72,178.04,178.79,2343300
2016/7/8,180.01,181.56,179.98,181.30,5177300
2016/7/11,181.86,182.72,181.78,182.12,2358700
2016/7/12,183.01,183.62,182.78,183.39,3128000
2016/7/13,183.68,183.80,183.05,183.60,2390500
2016/7/14,185.06,185.27,184.57,184.96,3354700
2016/7/15,185.35,185.50,184.45,184.88,3837200
2016/7/18,184.83,185.38,184.71,185.08,2134900
2016/7/19,185.01,185.42,184.82,185.42,2046300
2016/7/20,185.90,186.08,185.39,185.78,2159500
2016/7/21,185.54,185.73,184.54,184.98,2837700
2016/7/22,185.00,185.57,184.76,185.51,3078300
2016/7/25,185.27,185.30,184.37,184.81,2316600
2016/7/26,184.61,185.02,183.70,184.60,4744400
2016/7/27,185.14,185.28,184.11,184.58,4146700
2016/7/28,184.28,184.66,183.52,184.38,2906300
2016/7/29,183.85,184.50,183.54,184.13,4207300
2016/8/1,184.35,184.52,183.38,183.87,3295900
2016/8/2,183.70,183.88,182.31,182.97,5139500
2016/8/3,182.85,183.43,182.71,183.36,3008200
2016/8/4,183.50,183.89,183.15,183.45,2368900
2016/8/5,184.40,185.28,183.43,185.26,4187700
2016/8/8,185.50,185.70,185.02,185.28,2076700
2016/8/9,185.38,185.86,185.06,185.35,1903800
2016/8/10,185.40,185.78,184.84,185.12,1618300
2016/8/11,185.70,186.58,185.60,186.30,2188700
2016/8/12,186.14,186.25,185.52,185.90,2514300
2016/8/15,186.40,186.88,186.33,186.52,1561500
2016/8/16,186.17,186.37,185.72,185.76,1614100
2016/8/17,185.77,186.23,185.09,186.10,2952000
2016/8/18,185.97,186.41,185.72,186.34,2571800
2016/8/19,185.30,185.65,184.72,185.32,2368500
2016/8/22,184.95,185.51,184.46,185.12,3152400
2016/8/23,185.70,186.13,185.25,185.30,1647900
2016/8/24,185.06,185.20,184.29,184.66,1882900
2016/8/25,184.28,184.79,184.10,184.37,2034900
2016/8/26,184.62,185.54,183.14,183.82,3403500
2016/8/29,183.83,185.04,183.83,184.83,2229800
2016/8/30,184.93,185.15,184.02,184.51,1866700
2016/8/31,184.25,184.36,183.27,183.94,1876400
2016/9/1,183.73,184.28,182.90,184.10,3003500
2016/9/2,184.94,185.42,184.32,184.86,2652800
2016/9/5,184.94,185.42,184.32,184.86,2652800
2016/9/6,185.11,185.49,184.45,185.32,2152300
2016/9/7,185.37,185.40,184.78,185.32,1803600
2016/9/8,184.68,185.11,184.48,184.82,2229900
2016/9/9,183.57,183.75,180.91,180.91,8242600
2016/9/12,180.09,183.64,179.93,183.30,7056100
2016/9/13,182.06,182.32,180.38,180.80,7477500
2016/9/14,180.84,181.74,180.01,180.43,2990400
2016/9/15,180.37,182.62,180.23,182.26,3932400
2016/9/16,181.50,181.50,180.44,180.97,2844300
2016/9/19,181.88,182.32,180.67,180.98,2260400
2016/9/20,181.81,182.04,181.03,181.05,1997800
2016/9/21,181.66,182.84,180.96,182.66,4496500
2016/9/22,183.66,184.26,183.32,183.66,2323500
2016/9/23,183.41,183.52,182.29,182.42,1741500
2016/9/26,181.51,181.55,180.58,180.75,2639800
2016/9/27,180.58,182.14,180.24,182.00,3717300
2016/9/28,182.36,183.23,181.52,183.10,6413000
2016/9/29,182.82,183.42,180.65,181.22,3376400
2016/9/30,182.13,183.44,181.97,182.78,4583000
2016/10/3,182.31,182.57,181.78,182.32,1987600
2016/10/4,182.62,182.93,180.94,181.48,2811200
2016/10/5,182.16,183.02,182.11,182.66,1818200
2016/10/6,182.34,182.74,181.47,182.52,2368100
2016/10/7,182.80,182.99,181.32,182.22,2527700
2016/10/10,182.22,183.85,182.22,183.12,1879100
2016/10/11,182.86,182.89,180.45,181.20,3949800
2016/10/12,181.00,181.80,180.66,181.37,1920200
2016/10/13,180.13,181.22,179.43,180.84,3460100
2016/10/14,182.00,182.46,181.21,181.29,2698100
2016/10/17,181.17,181.51,180.45,180.72,1801800
2016/10/18,181.94,182.10,181.12,181.37,1720700
2016/10/19,181.85,182.41,181.57,182.00,1503700
2016/10/20,181.72,182.45,181.22,181.54,2359600
2016/10/21,180.60,181.45,180.23,181.22,5607600
2016/10/24,182.36,182.50,181.65,181.96,1905700
2016/10/25,181.82,182.17,181.25,181.48,3351100
2016/10/26,180.60,182.12,180.35,181.77,5375400
2016/10/27,182.30,182.35,181.23,181.53,2027100
2016/10/28,181.82,182.32,180.67,181.36,3726600
2016/10/31,181.58,181.70,181.05,181.17,1415600
2016/11/1,181.52,181.52,179.14,180.12,3622300
2016/11/2,179.66,180.21,179.05,179.35,3552700
2016/11/3,179.70,179.89,178.84,179.11,1966900
2016/11/4,179.11,179.67,178.64,178.71,4337500
2016/11/7,181.17,182.45,181.05,182.36,3402400
2016/11/8,182.20,184.04,182.02,183.38,3437500
2016/11/9,181.93,186.55,181.75,185.96,8363900
2016/11/10,186.83,188.82,186.35,188.13,8748100
2016/11/11,187.95,188.63,187.41,188.47,5003800
2016/11/14,189.11,189.39,188.20,188.77,4796400
2016/11/15,188.76,189.35,188.14,189.34,3750000
2016/11/16,188.79,189.18,188.53,188.98,3459100
2016/11/17,189.09,189.33,188.74,189.30,4211200
2016/11/18,188.90,188.96,188.32,188.46,4359200
2016/11/21,188.88,189.41,188.60,189.34,2999100
2016/11/22,189.92,190.25,189.42,190.02,2756300
2016/11/23,189.93,190.64,189.87,190.59,2465900
2016/11/24,189.93,190.64,189.87,190.59,2465900
2016/11/25,191.09,191.34,190.98,191.30,1547100
2016/11/28,190.93,191.21,190.52,190.78,3159600
2016/11/29,190.83,191.42,190.68,191.19,2264900
2016/11/30,191.97,192.25,191.34,191.40,4774600
2016/12/1,191.84,192.16,191.57,191.90,8323900
2016/12/2,191.91,191.98,191.43,191.74,2773600
2016/12/5,192.48,192.78,191.89,192.22,2925600
2016/12/6,192.16,192.57,191.87,192.49,2669400
2016/12/7,192.47,195.69,192.42,195.48,7241300
2016/12/8,195.83,196.80,195.41,196.28,7032100
2016/12/9,196.44,197.72,196.37,197.69,4392300
2016/12/12,197.84,198.39,197.68,198.08,3791700
2016/12/13,198.96,199.72,198.64,199.23,5357500
2016/12/14,198.97,199.83,197.61,198.14,7456100
2016/12/15,198.54,199.68,198.34,198.66,6033000
2016/12/16,198.70,198.97,197.94,198.19,4467700
2016/12/19,198.30,198.90,198.21,198.60,2729400
2016/12/20,199.16,199.61,199.06,199.42,3062600
2016/12/21,199.43,199.61,199.14,199.16,2523500
2016/12/22,199.10,199.17,198.58,198.97,2250900
2016/12/23,198.96,199.06,198.73,199.05,1374200
2016/12/26,198.96,199.06,198.73,199.05,1374200
2016/12/27,199.16,199.54,199.13,199.21,2340700
2016/12/28,199.52,199.56,198.00,198.08,3818100
2016/12/29,197.99,198.52,197.63,197.99,3018700
2016/12/30,198.25,198.27,196.92,197.51,4277400
2017/1/2,198.25,198.27,196.92,197.51,4277400
2017/1/3,198.91,199.10,197.48,198.42,6669800
2017/1/4,198.76,199.36,198.60,199.15,4823200
2017/1/5,198.95,199.27,197.90,198.75,4124500
2017/1/6,198.73,199.83,198.17,199.51,4322600
2017/1/9,199.09,199.27,198.75,198.76,2303500
2017/1/10,198.72,199.41,198.21,198.40,3029200
2017/1/11,198.63,199.57,198.15,199.33,5209800
2017/1/12,198.88,198.91,197.53,198.75,3865200
2017/1/13,198.91,199.35,198.32,198.70,3468900
2017/1/16,198.91,199.35,198.32,198.70,3468900
2017/1/17,198.27,198.65,197.59,198.09,3329800
2017/1/18,198.08,198.23,197.30,197.95,4634800
2017/1/19,198.03,198.16,196.69,197.28,3050900
2017/1/20,197.53,198.20,197.31,197.96,6999000
2017/1/23,197.86,198.11,197.04,197.78,3249700
2017/1/24,197.79,199.22,197.62,198.84,5205800
2017/1/25,200.01,200.55,199.75,200.42,4880800
2017/1/26,200.60,200.97,200.42,200.72,3999700
2017/1/27,200.69,200.87,200.45,200.63,3576500
2017/1/30,199.83,199.90,198.42,199.38,4718000
2017/1/31,198.72,198.89,197.56,198.36,4628100
2017/2/1,199.13,199.40,198.20,198.63,3676900
2017/2/2,198.16,198.97,198.02,198.61,2640600
2017/2/3,199.58,200.57,199.44,200.38,4857300
2017/2/6,200.03,200.70,199.78,200.28,2770900
2017/2/7,200.89,201.30,200.43,200.58,2606300
2017/2/8,200.50,200.69,200.15,200.51,2291500
2017/2/9,200.82,202.11,200.77,201.72,3487600
2017/2/10,202.30,203.00,202.07,202.74,2880300
2017/2/13,203.32,204.47,203.32,204.20,2637400
2017/2/14,204.06,205.18,203.95,205.17,3586600
2017/2/15,205.39,206.49,205.29,206.38,3646000
2017/2/16,206.55,206.72,205.85,206.48,4589600
2017/2/17,205.03,205.92,205.02,205.88,5747700
2017/2/20,205.03,205.92,205.02,205.88,5747700
2017/2/21,206.56,207.30,206.42,207.07,3076400
2017/2/22,206.73,207.53,206.64,207.45,2254400
2017/2/23,208.06,208.15,207.21,207.82,3179900
2017/2/24,207.08,207.95,207.07,207.93,3703900
2017/2/27,207.73,208.37,207.61,208.29,3433700
2017/2/28,208.11,208.31,207.68,207.98,2821900
2017/3/1,209.92,211.59,209.88,211.02,7846100
2017/3/2,211.19,211.19,209.84,209.89,3336900
2017/3/3,210.06,210.32,209.41,209.91,2589000
2017/3/6,209.26,209.77,209.02,209.48,2524700
2017/3/7,209.21,209.66,208.98,209.17,2741000
2017/3/8,209.58,209.61,208.43,208.61,3173100
2017/3/9,208.74,209.09,207.87,208.67,4430100
2017/3/10,209.69,209.70,208.36,209.15,3004000
2017/3/13,209.13,209.34,208.59,208.94,2261800
2017/3/14,208.57,208.88,207.98,208.54,4433000
2017/3/15,208.83,209.91,208.71,209.58,5737000
2017/3/16,210.17,210.17,209.05,209.44,3018400
2017/3/17,209.53,209.53,208.83,208.86,2873200
2017/3/20,208.85,209.27,208.56,208.81,3308600
2017/3/21,209.33,209.43,206.25,206.35,6192400
2017/3/22,205.96,206.57,205.50,206.41,3898500
2017/3/23,206.03,207.30,205.91,206.31,3840000
2017/3/24,206.58,206.90,205.00,205.75,4052700
2017/3/27,204.18,205.51,203.81,205.23,4559600
2017/3/28,205.08,207.07,204.91,206.75,3538000
2017/3/29,206.53,206.56,205.95,206.31,2323900
2017/3/30,206.30,207.26,206.15,206.96,2849200
2017/3/31,206.72,206.93,206.30,206.34,4179600
2017/4/3,206.52,206.63,204.88,206.25,4436100
2017/4/4,206.02,206.77,205.81,206.65,2555400
2017/4/5,207.59,208.65,206.16,206.26,4110400
2017/4/6,206.45,207.29,205.92,206.45,3186900
2017/4/7,206.19,207.07,205.89,206.38,2609300
2017/4/10,206.49,207.32,205.95,206.39,2395200
2017/4/11,206.22,206.42,204.94,206.33,3511500
2017/4/12,206.30,206.30,205.35,205.67,2181700
2017/4/13,205.34,205.94,204.36,204.37,3605200
2017/4/14,205.34,205.94,204.36,204.37,3605200
2017/4/17,204.93,206.26,204.86,206.17,2260900
2017/4/18,205.36,205.81,204.42,205.08,2497900
2017/4/19,205.26,205.30,203.64,203.85,3606400
2017/4/20,204.35,206.21,204.17,205.70,3873700
2017/4/21,205.51,205.73,204.77,205.25,3034800
2017/4/24,207.33,207.63,207.03,207.38,3220200
2017/4/25,208.95,209.98,208.84,209.68,3483600
2017/4/26,209.81,210.43,209.44,209.47,2865300
2017/4/27,209.73,209.77,209.06,209.56,1951700
2017/4/28,209.63,209.63,208.97,209.08,1934000
2017/5/1,209.49,209.49,208.70,208.92,1886000
2017/5/2,209.10,209.30,208.75,209.13,1359700
2017/5/3,209.13,209.47,208.47,209.22,1829400
2017/5/4,209.65,209.65,208.20,209.19,2640100
2017/5/5,209.07,209.78,208.76,209.77,1673800
2017/5/8,209.70,210.02,209.53,209.92,2311000
2017/5/9,210.14,210.32,209.22,209.62,1570100
2017/5/10,209.19,209.81,208.90,209.48,1394300
2017/5/11,209.14,209.45,208.10,209.28,3093700
2017/5/12,208.97,209.28,208.82,209.01,1575100
2017/5/15,209.40,210.13,209.40,209.93,1818500
2017/5/16,210.32,210.46,209.46,209.95,1746600
2017/5/17,208.12,208.59,206.37,206.47,5717400
2017/5/18,206.03,207.96,205.86,206.96,6653800
2017/5/19,206.75,208.31,206.58,207.77,4892800
2017/5/22,208.32,208.87,208.32,208.65,2246200
2017/5/23,209.10,209.35,208.69,209.12,3457500
2017/5/24,209.32,209.96,209.08,209.82,3479500
2017/5/25,210.52,210.92,210.30,210.58,2198200
2017/5/26,210.54,210.72,210.32,210.54,1152200
2017/5/29,210.54,210.72,210.32,210.54,1152200
2017/5/30,210.21,210.52,209.97,210.21,1066600
2017/5/31,210.41,210.41,209.32,210.00,1577500
2017/6/1,210.27,211.40,209.91,211.40,1827900
2017/6/2,211.45,212.21,211.27,211.91,2314000
2017/6/5,211.86,212.21,211.64,211.86,1923000
2017/6/6,211.33,211.78,211.17,211.37,2094800
2017/6/7,211.69,211.92,211.14,211.72,1545800
2017/6/8,211.62,212.70,211.39,211.86,2030300
2017/6/9,212.15,213.07,211.59,212.67,4271100
2017/6/12,212.46,212.78,211.88,212.40,3682300
2017/6/13,212.80,213.39,212.75,213.37,2426500
2017/6/14,213.78,214.00,212.98,213.84,5423100
2017/6/15,212.89,213.80,212.75,213.69,2571800
2017/6/16,213.33,213.58,212.82,213.56,2372000
2017/6/19,214.36,215.01,214.08,214.92,2103300
2017/6/20,214.89,215.07,214.37,214.40,1762100
2017/6/21,214.65,214.65,213.64,213.89,2129400
2017/6/22,214.08,214.29,213.66,213.73,2697100
2017/6/23,213.44,213.95,213.06,213.74,1346800
2017/6/26,214.29,214.76,213.53,213.87,1940400
2017/6/27,213.71,214.13,212.87,212.93,1981600
2017/6/28,212.93,214.53,212.93,214.24,4693700
2017/6/29,214.52,214.55,211.70,212.61,4372600
2017/6/30,213.15,213.99,212.97,213.24,2216600
2017/7/3,213.95,215.38,213.88,214.49,2134700
2017/7/4,213.95,215.38,213.88,214.49,2134700
2017/7/5,214.74,214.83,213.83,214.58,1799000
2017/7/6,214.09,214.25,212.94,213.14,2297500
2017/7/7,213.54,214.16,213.42,214.05,1326500
2017/7/10,213.68,214.35,213.54,213.99,1156300
2017/7/11,213.91,214.29,212.68,213.98,1577600
2017/7/12,214.98,215.70,214.89,215.23,2103300
2017/7/13,215.30,215.56,215.00,215.46,1587400
2017/7/14,215.30,216.68,215.11,216.26,2395500
2017/7/17,216.32,216.49,216.04,216.22,2291000
2017/7/18,215.66,215.81,214.63,215.70,2247500
2017/7/19,215.89,216.34,215.66,216.32,1785800
2017/7/20,216.57,216.58,215.71,216.19,1372000
2017/7/21,215.19,215.55,214.76,215.53,2217300
2017/7/24,215.51,215.51,214.68,215.09,1459600
2017/7/25,216.50,216.52,215.49,215.86,1924200
2017/7/26,216.81,217.16,216.56,216.81,2041000
2017/7/27,217.28,217.75,216.63,217.72,3202400
2017/7/28,217.53,218.16,217.30,218.02,2305000
2017/7/31,218.65,219.03,218.49,218.70,1765000
2017/8/1,219.74,219.80,219.15,219.37,2307100
2017/8/2,219.83,220.13,219.44,219.89,3063300
2017/8/3,219.93,220.23,219.72,220.06,2496400
2017/8/4,220.64,220.67,220.03,220.57,1877700
2017/8/7,220.75,220.98,220.60,220.85,1902800
2017/8/8,220.80,221.68,220.44,220.69,3623900
2017/8/9,220.33,220.61,219.96,220.50,3555800
2017/8/10,219.81,219.90,218.55,218.60,7832600
2017/8/11,218.76,219.22,218.52,218.70,4944500
2017/8/14,219.88,220.29,219.81,219.97,2605000
2017/8/15,220.58,220.58,219.86,220.16,1835700
2017/8/16,220.70,221.10,220.28,220.47,2476100
2017/8/17,220.00,220.07,217.77,217.81,3535800
2017/8/18,216.99,217.66,216.15,216.53,4468500
2017/8/21,216.46,216.92,215.73,216.74,3467200
2017/8/22,217.41,218.85,217.30,218.69,2423200
2017/8/23,218.01,218.46,217.84,217.92,3660200
2017/8/24,218.55,218.55,217.46,217.66,1934400
2017/8/25,218.26,218.93,218.00,218.04,2373300
2017/8/28,218.50,218.58,217.53,217.94,1425000
2017/8/29,216.68,218.76,216.62,218.59,2013300
2017/8/30,218.75,219.16,218.39,218.93,1804100
2017/8/31,219.53,219.89,219.12,219.52,2173000
2017/9/1,220.13,220.41,219.83,219.92,2150200
2017/9/4,220.13,220.41,219.83,219.92,2150200
2017/9/5,219.53,219.53,217.18,217.67,3828600
2017/9/6,218.54,218.62,218.04,218.25,1915500
2017/9/7,218.47,218.72,217.68,218.11,1982800
2017/9/8,217.61,218.66,217.52,218.24,2135800
2017/9/11,219.58,220.89,219.58,220.76,3019300
2017/9/12,221.33,221.57,221.07,221.42,2072900
2017/9/13,221.35,221.79,221.20,221.76,1720800
2017/9/14,221.65,222.43,221.62,222.32,1893700
2017/9/15,222.13,222.57,221.91,222.45,2377700
2017/9/18,222.92,223.39,222.67,223.16,1827300
2017/9/19,223.37,223.67,223.23,223.58,2042800
2017/9/20,223.57,223.95,222.95,223.90,1819900
2017/9/21,223.90,223.97,223.39,223.47,1741400
2017/9/22,223.22,223.46,222.82,223.20,2448400
2017/9/25,223.11,223.43,221.99,222.82,2844300
2017/9/26,223.06,223.50,222.62,222.69,1314500
2017/9/27,223.40,223.52,222.35,223.12,2381500
2017/9/28,222.97,223.77,222.70,223.60,1462800
2017/9/29,223.39,223.87,223.13,223.82,2415800
2017/10/2,224.19,225.39,224.02,225.24,2611200
2017/10/3,225.74,226.28,225.61,226.24,2510000
2017/10/4,226.39,226.68,226.18,226.41,1746900
2017/10/5,226.61,227.66,226.45,227.64,2258500
2017/10/6,227.34,227.63,227.23,227.55,2090300
2017/10/9,227.89,227.96,227.34,227.53,1006800
2017/10/10,228.21,228.43,227.64,228.26,1417700
2017/10/11,228.32,228.64,228.17,228.61,1423600
2017/10/12,228.49,228.81,228.15,228.33,1307300
2017/10/13,228.71,228.97,228.51,228.73,1744300
2017/10/16,229.07,229.53,228.81,229.45,2373400
2017/10/17,229.71,229.96,229.52,229.85,1838000
2017/10/18,231.00,231.68,230.91,231.46,2720500
2017/10/19,230.84,231.66,230.52,231.65,2305400
2017/10/20,232.47,233.13,231.89,233.13,3275700
2017/10/23,233.58,233.58,232.61,232.65,2325100
2017/10/24,234.11,234.70,233.96,234.29,3300500
2017/10/25,234.45,234.45,232.35,233.16,3813300
2017/10/26,233.91,234.42,233.75,233.85,2581500
2017/10/27,233.95,234.33,233.36,234.17,2944200
2017/10/30,233.52,234.14,233.15,233.33,2672500
2017/10/31,233.64,233.91,233.20,233.63,1772000
2017/11/1,234.60,235.02,233.73,234.19,2675700
2017/11/2,234.21,235.17,233.32,234.96,2459400
2017/11/3,235.36,235.39,234.64,235.18,2574400
2017/11/6,235.23,235.59,235.09,235.41,2549900
2017/11/7,235.70,235.88,234.69,235.42,2390700
2017/11/8,235.37,235.61,234.97,235.46,1531900
2017/11/9,234.49,235.28,233.16,234.72,4225200
2017/11/10,234.45,234.67,234.10,234.43,2506600
2017/11/13,233.66,234.78,233.63,234.66,2452400
2017/11/14,233.97,234.35,232.91,234.28,2566500
2017/11/15,233.16,233.67,232.65,232.96,2823600
2017/11/16,234.22,235.28,234.19,234.91,2933400
2017/11/17,233.77,233.97,233.36,233.39,3483300
2017/11/20,233.66,234.37,233.42,234.15,2056600
2017/11/21,235.17,235.99,235.10,235.73,2749900
2017/11/22,236.06,236.06,234.95,235.17,2860800
2017/11/23,236.06,236.06,234.95,235.17,2860800
2017/11/24,235.56,235.87,235.41,235.47,1435500
2017/11/27,235.50,236.33,235.39,235.73,2329500
2017/11/28,236.32,238.44,236.23,238.34,4844500
2017/11/29,239.15,239.65,238.77,239.42,3376100
2017/11/30,240.68,243.49,240.41,242.84,6586400
2017/12/1,243.14,243.44,239.41,242.45,9772700
2017/12/4,245.01,245.57,243.07,243.11,6565800
2017/12/5,243.78,243.79,241.77,242.01,4925600
2017/12/6,241.72,242.51,241.55,241.62,3976100
2017/12/7,241.21,242.87,241.10,242.36,2718300
2017/12/8,243.19,243.63,242.58,243.62,2704300
2017/12/11,243.77,244.24,243.50,244.17,1857800
2017/12/12,244.93,245.87,244.80,245.44,3282400
2017/12/13,245.69,246.99,245.65,246.30,3748700
2017/12/14,246.89,247.07,245.47,245.57,4713300
2017/12/15,246.21,246.70,245.82,246.25,5862800
2017/12/18,248.01,248.54,247.53,247.79,3285700
2017/12/19,248.31,248.34,246.94,247.40,2773600
2017/12/20,248.33,248.40,246.76,247.07,2401400
2017/12/21,247.73,248.29,247.42,247.66,2446700
2017/12/22,247.58,247.61,246.97,247.40,1847000
2017/12/25,247.58,247.61,246.97,247.40,1847000
2017/12/26,246.94,247.59,246.88,247.25,2156700
2017/12/27,247.15,247.69,247.10,247.48,2930300
2017/12/28,247.94,248.19,247.77,248.13,2743300
2017/12/29,248.57,248.61,247.17,247.38,2951800
2018/1/1,248.57,248.61,247.17,247.38,2951800
2018/1/2,248.34,248.47,247.23,248.02,4454900
2018/1/3,248.32,249.22,248.07,248.95,5528600
2018/1/4,249.96,250.92,249.62,250.60,4932900
2018/1/5,251.38,252.85,250.97,252.72,3349200
2018/1/8,252.75,252.97,252.22,252.59,3847500
2018/1/9,253.20,254.29,252.72,253.82,5031400
2018/1/10,253.17,253.93,252.45,253.62,2357600
2018/1/11,254.00,255.67,253.85,255.61,2760400
2018/1/12,256.63,257.97,256.48,257.91,3678400
2018/1/15,256.63,257.97,256.48,257.91,3678400
2018/1/16,260.27,260.75,256.91,257.81,8102900
2018/1/17,259.26,261.19,258.54,261.08,6144400
2018/1/18,261.24,261.32,259.38,260.16,4860200
2018/1/19,260.05,260.55,259.27,260.54,4057600
2018/1/22,259.70,262.01,259.63,261.98,3359900
2018/1/23,261.83,262.29,261.27,261.87,3483300
2018/1/24,263.00,263.76,260.87,262.57,7106400
2018/1/25,263.58,264.39,262.42,263.75,5918900
2018/1/26,264.32,265.93,264.05,265.91,3861700
2018/1/29,265.56,265.90,264.12,264.16,4605600
2018/1/30,261.48,262.44,260.09,260.62,9409500
2018/1/31,263.00,263.16,260.29,261.44,5360500
2018/2/1,259.95,262.90,259.77,261.62,5182000
2018/2/2,259.61,259.85,254.73,254.93,9486600
2018/2/5,252.22,255.02,239.06,243.27,19888200
2018/2/6,238.32,249.33,237.54,248.96,20493100
2018/2/7,248.24,252.79,247.57,248.76,12657100
2018/2/8,248.96,249.08,238.50,238.67,15829100
2018/2/9,241.41,244.03,233.76,242.03,19858000
2018/2/12,244.03,247.85,243.06,246.17,10458400
2018/2/13,244.72,247.25,244.33,246.57,6234000
2018/2/14,245.17,249.49,245.04,249.30,5764000
2018/2/15,251.62,252.50,248.49,252.50,6111500
2018/2/16,251.43,254.12,251.20,251.96,6399000
2018/2/19,251.43,254.12,251.20,251.96,6399000
2018/2/20,250.44,251.59,248.59,249.35,8685200
2018/2/21,249.60,252.51,247.71,247.72,5894800
2018/2/22,248.63,251.36,248.53,249.49,6342300
2018/2/23,250.79,252.95,250.05,252.91,5119000
2018/2/26,254.32,257.18,253.96,256.92,6120900
2018/2/27,257.10,257.86,253.92,253.96,7219200
2018/2/28,255.18,255.77,250.20,250.20,5299300
2018/3/1,250.21,251.87,244.37,245.98,8144800
2018/3/2,243.55,245.92,242.16,245.35,6393400
2018/3/5,243.84,249.63,243.80,248.84,4891000
2018/3/6,250.18,250.18,247.05,248.84,4408500
2018/3/7,245.86,248.58,245.40,248.11,5362600
2018/3/8,249.13,249.71,247.22,249.14,5846600
2018/3/9,250.94,253.56,250.34,253.56,3904000
2018/3/12,254.05,254.72,251.70,251.96,5512800
2018/3/13,253.10,253.97,249.65,250.22,6100900
2018/3/14,251.41,251.62,246.92,247.88,6222800
2018/3/15,248.84,250.80,247.80,249.00,5069600
2018/3/16,248.57,250.13,248.34,249.10,3430100
2018/3/19,248.30,248.38,244.32,245.91,5739500
2018/3/20,246.49,247.85,246.32,247.10,3258400
2018/3/21,247.14,249.65,246.32,246.62,4341400
2018/3/22,244.09,245.03,239.17,239.36,7449700
2018/3/23,239.98,240.90,234.85,235.13,7598700
2018/3/26,239.03,242.15,237.20,241.82,6589700
2018/3/27,243.05,244.26,236.85,238.29,6513100
2018/3/28,239.04,240.72,237.05,238.28,7983700
2018/3/29,239.57,242.94,239.06,241.40,6614500
2018/3/30,239.57,242.94,239.06,241.40,6614500
2018/4/2,240.33,241.03,233.20,236.15,9217400
2018/4/3,237.38,240.25,236.40,240.15,9874500
2018/4/4,235.05,242.90,234.94,242.46,6437500
2018/4/5,243.80,246.09,243.38,244.91,4786400
2018/4/6,242.30,244.25,237.24,239.13,6985500
2018/4/9,241.16,243.64,239.43,239.73,5052000
2018/4/10,243.35,245.00,242.20,244.01,5977500
2018/4/11,242.13,243.58,241.39,241.88,4733100
2018/4/12,243.66,245.82,243.44,244.81,4742400
2018/4/13,246.42,246.46,242.33,243.58,5222500
2018/4/16,245.12,246.67,244.72,245.62,4018400
2018/4/17,248.15,248.48,247.27,247.80,3821900
2018/4/18,247.88,248.22,247.08,247.38,3645600
2018/4/19,246.92,247.58,245.49,246.57,3721800
2018/4/20,246.37,246.66,243.59,244.48,3396500
2018/4/23,245.06,245.18,243.14,244.35,2491000
2018/4/24,245.39,245.56,238.12,240.09,7088900
2018/4/25,240.29,241.33,238.09,240.70,5269200
2018/4/26,241.43,243.88,241.12,243.12,3845800
2018/4/27,242.97,243.44,241.77,242.95,3209800
2018/4/30,244.10,244.84,241.51,241.54,3475700
2018/5/1,240.69,240.89,237.91,240.76,4396600
2018/5/2,240.61,241.70,238.72,239.11,2729400
2018/5/3,237.92,239.83,235.12,239.10,6177500
2018/5/4,238.11,243.22,237.68,242.52,3600900
2018/5/7,243.50,244.67,242.49,243.42,2983800
2018/5/8,243.17,243.98,241.84,243.42,2927200
2018/5/9,244.23,245.85,243.21,245.40,3670500
2018/5/10,246.00,248.11,245.97,247.46,3877800
2018/5/11,247.70,248.94,247.38,248.54,3293500
2018/5/14,249.41,250.20,248.85,249.27,4286300
2018/5/15,248.07,248.18,246.49,247.31,4755900
2018/5/16,247.18,248.28,246.97,247.97,2034400
2018/5/17,247.80,248.89,246.88,247.74,2058200
2018/5/18,246.97,247.53,246.42,247.00,2408800
2018/5/21,249.22,250.67,249.21,249.94,4060300
2018/5/22,250.37,250.43,247.92,248.18,2329300
2018/5/23,246.83,248.70,246.47,248.63,3489400
2018/5/24,248.13,248.43,245.85,247.91,3448100
2018/5/25,247.41,248.10,246.71,247.37,4207000
2018/5/28,247.41,248.10,246.71,247.37,4207000
2018/5/29,245.38,246.21,242.31,243.45,6439600
2018/5/30,245.17,247.16,244.58,246.70,4185900
2018/5/31,246.00,246.02,243.51,244.18,5357800
2018/6/1,246.14,246.83,245.65,246.36,3565300
2018/6/4,247.72,248.67,247.54,248.20,3062500
2018/6/5,248.16,248.48,247.16,248.15,2816400
2018/6/6,249.24,251.53,248.55,251.52,4102500
2018/6/7,252.22,253.37,251.74,252.53,4286800
2018/6/8,251.96,253.41,251.77,253.27,4451000
2018/6/11,253.62,254.16,253.02,253.39,4200200
2018/6/12,253.74,253.77,252.56,253.30,6531000
2018/6/13,253.42,253.75,252.03,252.18,3819000
2018/6/14,253.16,253.52,251.54,251.99,5007000
2018/6/15,250.27,251.20,248.77,250.74,6340800
2018/6/18,248.80,249.90,248.14,249.73,4075500
2018/6/19,246.60,247.23,245.53,246.88,5511100
2018/6/20,247.96,247.98,246.12,246.46,4711700
2018/6/21,245.83,245.94,243.93,244.50,4676600
2018/6/22,245.92,246.51,245.44,245.69,3584900
2018/6/25,244.18,244.40,240.70,242.31,9536000
2018/6/26,242.92,243.69,242.27,242.67,3829900
2018/6/27,243.27,245.58,241.01,241.12,6149300
2018/6/28,240.47,242.96,239.83,242.08,5524000
2018/6/29,243.48,244.96,242.59,242.73,3966200
2018/7/2,240.92,243.04,240.62,242.73,5700300
2018/7/3,244.06,244.30,241.35,241.66,3143800
2018/7/4,244.06,244.30,241.35,241.66,3143800
2018/7/5,243.13,243.67,241.69,243.55,3294600
2018/7/6,243.31,245.20,242.81,244.60,3546000
2018/7/9,245.78,248.00,245.76,247.84,3679300
2018/7/10,248.52,249.48,248.45,249.23,3474700
2018/7/11,247.34,248.16,246.64,247.08,4409800
2018/7/12,249.07,249.44,248.17,249.30,3175400
2018/7/13,249.24,250.46,248.93,250.20,3018100
2018/7/16,250.39,250.75,249.83,250.67,1881400
2018/7/17,250.55,251.57,249.90,251.28,2960100
2018/7/18,251.39,252.17,251.02,252.03,2119600
2018/7/19,251.22,251.62,250.61,250.79,2537400
2018/7/20,249.82,251.04,249.68,250.44,2687800
2018/7/23,250.21,250.60,249.62,250.26,1792000
2018/7/24,251.26,252.66,251.06,252.21,5485300
2018/7/25,251.57,254.16,250.93,254.02,4687600
2018/7/26,254.52,255.68,254.45,255.12,4175000
2018/7/27,255.11,255.60,253.48,254.26,5852900
2018/7/30,254.53,254.79,252.67,252.87,4484200
2018/7/31,253.69,254.68,253.60,254.17,3743100
2018/8/1,253.90,254.64,252.56,253.11,3159000
2018/8/2,251.45,253.41,251.03,253.10,4132600
2018/8/3,253.04,254.50,253.04,254.39,2469400
2018/8/6,254.22,255.24,253.63,254.85,2305400
2018/8/7,255.98,256.76,255.65,256.12,2394500
2018/8/8,255.97,256.12,255.38,255.62,1876800
2018/8/9,255.76,256.23,255.00,255.16,1677300
2018/8/10,253.68,253.90,252.40,253.30,4796900
2018/8/13,253.57,253.96,251.70,252.04,3686700
2018/8/14,252.76,253.55,252.23,253.21,2815800
2018/8/15,251.84,252.20,249.86,251.76,5804000
2018/8/16,254.37,256.41,254.28,255.94,7919200
2018/8/17,255.23,257.12,255.03,256.51,3902500
2018/8/20,257.11,257.72,256.97,257.43,2930700
2018/8/21,257.93,258.70,257.76,258.07,3290900
2018/8/22,258.00,258.20,257.05,257.18,3850600
2018/8/23,256.80,257.56,255.98,256.49,2811900
2018/8/24,257.24,258.18,256.99,257.85,3631500
2018/8/27,259.25,260.65,259.25,260.58,4111600
2018/8/28,261.30,261.32,260.35,260.64,2713600
2018/8/29,260.80,261.77,260.44,261.33,2433900
2018/8/30,260.74,261.15,259.45,260.01,3867200
2018/8/31,259.59,260.49,258.98,259.85,3081800
2018/9/3,259.59,260.49,258.98,259.85,3081800
2018/9/4,259.22,259.92,258.21,259.73,2945000
2018/9/5,259.22,260.31,258.92,259.92,3282400
2018/9/6,260.14,261.05,259.04,260.29,3878500
2018/9/7,259.33,260.34,258.46,259.54,3796400
2018/9/10,260.52,260.65,258.86,258.94,2247600
2018/9/11,258.10,260.51,257.82,260.03,3072900
2018/9/12,260.15,261.77,259.58,260.25,4971200
2018/9/13,261.42,262.22,260.99,261.78,2472300
2018/9/14,262.01,262.47,261.02,261.89,3077700
2018/9/17,261.72,262.19,260.64,260.98,2473500
2018/9/18,261.25,263.53,261.18,262.91,2998900
2018/9/19,263.10,264.99,263.10,264.42,4001000
2018/9/20,266.00,267.31,265.99,267.04,5247100
2018/9/21,267.55,267.61,266.59,267.12,3944500
2018/9/24,266.68,266.70,265.25,265.42,3778600
2018/9/25,266.03,266.12,264.53,264.73,1820400
2018/9/26,264.81,265.84,263.27,263.78,3365900
2018/9/27,264.25,265.37,263.59,264.25,2440100
2018/9/28,263.56,264.94,263.50,264.40,3288800
2018/10/1,266.10,267.15,265.74,266.73,5828100
2018/10/2,266.11,268.02,266.05,267.57,4553400
2018/10/3,268.77,269.28,267.67,267.95,5827700
2018/10/4,267.69,267.71,264.58,266.25,8720900
2018/10/5,266.34,266.62,262.90,264.32,7477100
2018/10/8,263.25,265.21,262.08,264.83,6236400
2018/10/9,264.38,265.32,263.14,264.23,4559100
2018/10/10,264.04,264.12,255.80,256.06,12292000
2018/10/11,254.73,256.73,248.86,250.27,15270300
2018/10/12,254.36,254.61,249.93,253.30,8634400
2018/10/15,252.87,254.74,252.34,252.34,5500900
2018/10/16,254.62,258.11,253.98,257.92,7099800
2018/10/17,256.92,258.02,254.67,256.97,6822400
2018/10/18,256.11,256.86,252.32,253.68,8694600
2018/10/19,254.23,255.98,253.34,254.32,6618300
2018/10/22,255.07,255.44,252.20,253.04,4662600
2018/10/23,249.04,252.93,247.52,251.67,7360500
2018/10/24,252.40,252.89,245.18,245.64,7624300
2018/10/25,247.33,250.93,246.25,249.77,5920200
2018/10/26,247.38,249.04,244.31,246.53,5882900
2018/10/29,248.72,250.24,241.05,244.47,6833300
2018/10/30,244.44,248.94,244.09,248.70,6151100
2018/10/31,250.94,253.22,250.39,251.19,5376400
2018/11/1,252.15,253.83,250.91,253.73,3267900
2018/11/2,255.38,255.60,250.58,252.46,6413400
2018/11/5,252.84,254.93,252.50,254.48,2833700
2018/11/6,254.53,256.38,254.33,256.23,2193300
2018/11/7,258.46,261.86,257.50,261.78,4462300
2018/11/8,261.53,262.97,260.97,262.10,4023400
2018/11/9,261.16,261.45,259.04,260.09,4386500
2018/11/12,259.70,259.92,253.68,254.22,10153000
2018/11/13,253.83,255.37,252.23,253.06,3937900
2018/11/14,255.02,255.29,249.67,250.91,5610300
2018/11/15,250.20,254.00,248.35,253.22,5667000
2018/11/16,251.79,254.96,251.34,254.05,4529500
2018/11/19,253.61,253.78,248.84,249.86,4249600
2018/11/20,246.36,246.93,243.53,244.50,7341100
2018/11/21,245.84,246.63,244.58,244.65,4257600
2018/11/22,245.84,246.63,244.58,244.65,4257600
2018/11/23,243.25,244.03,242.71,242.81,1928000
2018/11/26,244.87,246.73,244.68,246.39,3435500
2018/11/27,245.18,247.53,244.14,247.50,2932000
2018/11/28,249.12,253.84,248.59,253.84,5132500
2018/11/29,253.60,254.97,252.22,253.59,3471100
2018/11/30,253.10,255.84,252.83,255.51,2991800
2018/12/3,260.17,260.30,257.02,258.73,9544200
2018/12/4,257.64,258.04,250.38,250.73,5376900
2018/12/5,257.64,258.04,250.38,250.73,5376900
2018/12/6,246.36,249.87,242.82,249.72,8232800
2018/12/7,249.66,251.41,243.29,244.31,5963700
2018/12/10,243.94,245.49,239.25,244.71,6021000
2018/12/11,248.44,248.50,242.66,244.23,5646500
2018/12/12,247.39,248.76,245.65,245.88,3734800
2018/12/13,246.42,247.86,245.17,246.27,4455300
2018/12/14,244.06,244.83,240.82,241.42,6591200
2018/12/17,240.04,241.40,235.05,236.43,7036700
2018/12/18,238.44,239.81,235.67,237.36,5349600
2018/12/19,237.55,241.20,232.07,233.42,9545700
2018/12/20,232.59,233.37,226.95,228.89,11912800
2018/12/21,229.01,232.47,223.85,224.09,10242700
2018/12/24,222.50,223.31,217.88,218.10,7024000
2018/12/25,222.50,223.31,217.88,218.10,7024000
2018/12/26,219.19,228.74,216.97,228.71,9761100
2018/12/27,225.54,231.37,222.53,231.26,7952000
2018/12/28,232.71,233.81,229.67,230.48,7266800
2018/12/31,232.33,233.26,231.05,233.20,5079600
2019/1/1,232.33,233.26,231.05,233.20,5079600
2019/1/2,229.27,234.00,229.14,233.36,5319500
2019/1/3,231.25,231.42,226.36,226.72,7350200
2019/1/4,230.00,235.18,229.73,234.28,7343700
2019/1/7,234.84,236.88,232.95,235.36,5101600
2019/1/8,237.94,238.66,235.79,237.92,4845800
2019/1/9,238.93,239.88,237.78,238.92,4872000
2019/1/10,237.64,240.16,237.04,240.00,3052200
2019/1/11,238.87,239.94,237.96,239.88,2047200
2019/1/14,237.93,239.65,237.64,238.94,2330700
2019/1/15,238.94,241.03,238.89,240.64,3940300
2019/1/16,241.36,242.90,241.14,241.86,3718500
2019/1/17,241.23,244.81,241.04,243.80,4108400
2019/1/18,245.65,247.40,244.51,247.05,5393200
2019/1/21,245.65,247.40,244.51,247.05,5393200
2019/1/22,245.35,245.74,242.35,244.00,5218500
2019/1/23,246.15,246.92,242.98,245.72,4330300
2019/1/24,245.47,246.20,244.13,245.47,2840400
2019/1/25,247.39,248.55,246.68,247.39,4110600
2019/1/28,244.73,245.23,243.14,245.10,3560300
2019/1/29,245.35,246.65,244.95,245.71,2432900
2019/1/30,248.41,251.00,247.78,250.18,5686200
2019/1/31,248.95,250.43,248.34,250.12,5649600
2019/2/1,250.67,251.85,249.75,250.48,3971400
2019/2/4,250.43,252.35,249.68,252.32,2576100
2019/2/5,253.36,254.20,252.81,253.96,3090500
2019/2/6,253.63,254.35,253.05,253.87,1913500
2019/2/7,252.40,253.34,250.17,251.90,3884800
2019/2/8,250.51,251.37,249.13,251.32,2942300
2019/2/11,252.12,252.32,250.35,250.94,2677600
2019/2/12,252.72,254.88,252.67,254.53,3080600
2019/2/13,255.53,256.56,255.12,255.80,2918200
2019/2/14,254.54,256.17,253.62,255.16,3811000
2019/2/15,256.17,258.68,256.15,258.65,4751100
2019/2/18,256.17,258.68,256.15,258.65,4751100
2019/2/19,257.96,259.48,257.96,258.81,2744500
2019/2/20,258.82,259.76,258.32,259.50,2454000
2019/2/21,258.94,259.24,257.50,258.53,3197200
2019/2/22,259.26,260.41,259.01,260.17,3938500
2019/2/25,261.85,262.36,260.75,260.89,3585000
2019/2/26,259.96,261.50,259.60,260.54,3080200
2019/2/27,259.82,260.42,258.77,259.87,2777200
2019/2/28,259.86,260.37,259.06,259.28,2772900
2019/3/1,261.15,261.54,259.23,260.42,3676900
2019/3/4,261.50,261.68,256.20,258.28,4823900
2019/3/5,258.22,258.86,257.39,258.19,2107200
2019/3/6,258.24,258.45,256.45,256.87,3222000
2019/3/7,256.40,256.49,253.61,254.81,4104600
2019/3/8,252.88,254.90,252.74,254.71,5495800
2019/3/11,252.85,256.83,252.46,256.76,5469400
2019/3/12,256.24,256.97,255.43,255.86,6570500
2019/3/13,256.84,258.07,256.01,257.35,5272800
2019/3/14,257.33,257.94,256.62,257.54,3409600
2019/3/15,257.58,259.15,256.33,258.34,4225100
2019/3/18,257.94,259.12,257.71,258.99,2786200
2019/3/19,260.11,260.96,258.00,258.88,4761400
2019/3/20,258.46,259.17,256.55,257.29,4382600
2019/3/21,256.38,259.97,256.35,259.58,3800000
2019/3/22,257.92,258.64,254.87,254.96,6226500
2019/3/25,254.69,255.89,253.57,255.07,4982500
2019/3/26,257.05,257.83,255.30,256.46,3278700
2019/3/27,256.63,257.43,254.10,256.11,3166200
2019/3/28,256.92,257.28,255.59,257.08,2434400
2019/3/29,258.58,259.34,257.57,259.13,4255900
2019/4/1,261.23,262.66,260.58,262.39,6051700
2019/4/2,262.00,262.07,261.08,261.69,2320000
2019/4/3,262.58,262.72,261.22,262.00,3265500
2019/4/4,262.22,263.94,262.11,263.78,4397000
2019/4/5,264.56,264.84,263.61,264.16,3112700
2019/4/8,262.83,263.40,262.37,263.22,3231700
2019/4/9,262.12,262.14,260.95,261.51,4161200
2019/4/10,261.90,262.07,261.00,261.60,3602600
2019/4/11,261.92,262.25,260.58,261.40,2731700
2019/4/12,263.87,264.39,263.08,264.07,3395200
2019/4/15,264.02,264.19,263.15,263.81,2190300
2019/4/16,265.28,265.32,263.93,264.53,2536000
2019/4/17,265.10,265.19,263.92,264.53,2873600
2019/4/18,264.98,265.93,264.36,265.56,3469200
2019/4/19,264.98,265.93,264.36,265.56,3469200
2019/4/22,264.60,265.44,264.44,265.07,1604200
2019/4/23,265.45,266.86,265.06,266.48,3399200
2019/4/24,266.38,266.70,265.73,265.92,1899800
2019/4/25,264.06,265.25,262.98,264.53,2333800
2019/4/26,264.42,265.34,263.86,265.34,1883100
2019/4/29,265.32,265.91,265.08,265.44,1522500
2019/4/30,266.01,266.06,264.10,265.79,2259200
2019/5/1,266.47,266.81,264.14,264.15,2902500
2019/5/2,263.76,264.45,261.68,262.88,3660200
2019/5/3,264.32,265.25,263.60,264.97,2161600
2019/5/6,260.35,264.70,260.08,264.27,3282600
2019/5/7,261.98,262.49,257.81,259.52,6758100
2019/5/8,259.41,261.11,258.81,259.66,4115200
2019/5/9,257.74,259.09,255.37,258.44,7175400
2019/5/10,257.58,260.54,255.04,259.92,5456100
2019/5/13,254.67,255.70,252.59,253.47,6326000
2019/5/14,254.40,257.23,254.24,255.81,4308800
2019/5/15,254.17,257.63,253.74,256.92,4151400
2019/5/16,258.00,260.08,257.85,259.16,3889400
2019/5/17,256.36,259.39,256.21,257.44,3652900
2019/5/20,256.21,257.41,255.49,256.67,2613300
2019/5/21,258.20,258.88,257.68,258.77,2376700
2019/5/22,257.91,258.86,257.47,257.60,2942600
2019/5/23,255.32,255.35,253.28,254.76,4616900
2019/5/24,256.21,256.68,255.02,256.12,2258900
2019/5/27,256.21,256.68,255.02,256.12,2258900
2019/5/28,256.12,257.21,253.46,253.47,4580100
2019/5/29,252.08,252.28,249.48,251.27,5192100
2019/5/30,251.77,252.34,250.82,251.87,3454700
2019/5/31,249.39,250.07,248.22,248.22,4891100
2019/6/3,248.34,249.61,247.04,248.50,5479600
2019/6/4,250.73,253.70,250.51,253.65,3796100
2019/6/5,255.22,255.80,254.07,255.73,2792400
2019/6/6,256.12,258.35,255.53,257.72,2796200
2019/6/7,258.46,261.12,258.40,260.25,3124900
2019/6/10,261.88,262.50,260.94,260.99,3495900
2019/6/11,262.66,262.87,256.95,260.88,2792100
2019/6/12,260.80,261.26,259.99,260.45,1725500
2019/6/13,261.34,261.88,260.37,261.56,1882700
2019/6/14,261.24,262.13,260.43,261.51,2260900
2019/6/17,261.64,262.18,260.97,261.68,1319500
2019/6/18,263.23,265.80,262.94,265.33,6147700
2019/6/19,265.40,266.21,264.63,265.56,3920800
2019/6/20,268.05,268.50,265.90,268.08,3471800
2019/6/21,267.29,268.96,266.90,267.10,4446800
2019/6/24,267.33,267.91,267.10,267.17,1654200
2019/6/25,267.39,267.40,265.13,265.26,7240300
2019/6/26,266.12,266.49,265.21,265.22,2141400
2019/6/27,265.45,265.91,264.50,265.15,1991500
2019/6/28,265.94,266.26,265.07,265.85,2176200
2019/7/1,268.45,268.75,266.00,266.97,3970200
2019/7/2,266.84,267.73,266.14,267.66,2775300
2019/7/3,268.34,269.60,268.28,269.56,1262900
2019/7/4,268.34,269.60,268.28,269.56,1262900
2019/7/5,268.71,269.48,267.32,269.27,2157000
2019/7/8,267.90,268.43,267.47,268.06,1423400
2019/7/9,266.72,268.12,266.69,267.86,1407000
2019/7/10,268.84,269.88,268.17,268.69,1978600
2019/7/11,269.66,270.92,269.23,270.92,2238500
2019/7/12,271.66,273.39,271.60,273.39,2411200
2019/7/15,273.55,273.60,272.96,273.60,2624500
2019/7/16,273.62,273.99,272.90,273.42,1780400
2019/7/17,273.34,273.45,272.18,272.28,1550800
2019/7/18,271.66,272.75,270.75,272.27,2119000
2019/7/19,273.18,273.34,271.36,271.45,2364300
2019/7/22,271.77,272.16,270.80,271.65,1623500
2019/7/23,272.79,273.61,271.95,273.35,1722900
2019/7/24,272.25,272.85,271.83,272.61,2355400
2019/7/25,272.48,272.58,270.52,271.39,2348600
2019/7/26,271.65,272.05,271.11,271.86,1731300
2019/7/29,271.86,272.68,271.69,272.13,1346000
2019/7/30,271.09,272.15,270.62,271.91,1670600
2019/7/31,272.30,272.68,267.10,268.52,5058800
2019/8/1,268.82,271.71,265.40,265.76,7225300
2019/8/2,265.21,265.67,262.43,264.81,5691500
2019/8/5,260.99,261.15,255.13,257.10,6608200
2019/8/6,258.55,260.36,257.05,260.29,4991000
2019/8/7,257.13,260.69,254.36,260.24,5089500
2019/8/8,261.46,264.13,260.58,264.13,3637100
2019/8/9,263.44,264.44,261.25,263.18,3773000
2019/8/12,261.42,262.17,258.56,259.40,3072700
2019/8/13,259.07,264.63,258.63,263.17,4326300
2019/8/14,259.18,259.73,255.06,255.08,6148000
2019/8/15,256.24,256.95,253.93,256.36,4034800
2019/8/16,257.39,259.25,256.87,258.88,2743200
2019/8/19,262.04,262.25,260.82,261.34,1971800
2019/8/20,261.01,261.56,259.47,259.69,1975200
2019/8/21,261.83,262.66,261.49,262.03,2156300
2019/8/22,262.71,263.82,260.95,262.56,2329200
2019/8/23,261.27,263.19,255.04,256.29,6293900
2019/8/26,259.00,259.42,257.18,259.10,3145200
2019/8/27,260.51,260.56,257.24,257.80,3077200
2019/8/28,257.02,260.46,256.34,260.39,2741700
2019/8/29,262.94,264.24,262.00,263.90,3740600
2019/8/30,265.27,265.40,263.17,264.13,2442400
2019/9/2,265.27,265.40,263.17,264.13,2442400
2019/9/3,262.07,262.20,260.03,261.42,3082900
2019/9/4,263.58,263.95,262.77,263.93,1963100
2019/9/5,266.73,268.71,266.70,267.68,3614800
2019/9/6,268.07,268.94,267.41,268.32,2470100
2019/9/9,268.85,269.40,268.03,268.80,2243400
2019/9/10,268.48,269.42,267.55,269.39,2654300
2019/9/11,269.72,271.74,269.22,271.69,1899800
2019/9/12,272.62,273.44,271.46,272.32,3272200
2019/9/13,273.02,273.28,272.46,272.60,2182700
2019/9/16,271.60,272.21,270.80,271.17,4077500
2019/9/17,270.59,271.58,270.37,271.56,1756200
2019/9/18,271.24,272.13,269.48,271.97,3052600
2019/9/19,272.47,273.20,271.13,271.42,2965600
2019/9/20,271.39,271.76,269.09,269.25,4076900
2019/9/23,268.25,269.97,268.07,269.36,1898300
2019/9/24,270.42,270.61,266.88,267.97,3733300
2019/9/25,268.40,270.13,267.42,269.58,3391800
2019/9/26,270.01,270.01,267.90,268.88,2401100
2019/9/27,269.58,269.97,267.00,267.99,3171000
2019/9/30,268.51,269.83,268.51,269.18,2128800
2019/10/1,269.76,270.29,265.45,265.50,3558400
2019/10/2,264.06,264.06,259.57,260.72,6690100
2019/10/3,260.31,262.03,257.38,262.01,5610300
2019/10/4,262.88,265.85,262.72,265.66,2937500
2019/10/7,264.92,266.50,264.19,264.74,2104200
2019/10/8,262.64,264.21,261.35,261.58,3505200
2019/10/9,263.44,264.24,262.48,263.43,2020800
2019/10/10,263.23,266.03,263.11,265.01,2100800
2019/10/11,267.77,270.14,267.62,268.16,4177000
2019/10/14,267.60,268.73,267.44,267.86,1194600
2019/10/15,269.12,271.19,268.86,270.22,3168900
2019/10/16,269.79,270.56,269.40,270.08,2415000
2019/10/17,270.67,271.15,269.71,270.38,1883400
2019/10/18,269.61,275.00,267.62,267.64,2232400
2019/10/21,268.06,268.37,267.40,268.21,1379600
2019/10/22,268.48,269.38,267.76,267.82,2534300
2019/10/23,268.12,268.90,267.36,268.24,1693400
2019/10/24,269.02,269.12,267.06,267.98,1843700
2019/10/25,267.72,270.12,267.63,269.60,1825200
2019/10/28,270.78,271.58,270.19,270.81,1809600
2019/10/29,270.47,271.60,270.31,270.87,2884600
2019/10/30,270.87,271.99,269.88,271.74,2144700
2019/10/31,271.57,271.66,269.07,270.48,3021000
2019/11/1,271.86,273.34,271.69,273.34,2989400
2019/11/4,274.73,275.05,273.96,274.55,1543200
2019/11/5,275.08,275.51,274.43,274.81,1706300
2019/11/6,275.02,275.21,273.99,274.80,1605900
2019/11/7,276.56,278.05,276.56,277.05,3023800
2019/11/8,277.16,277.24,276.05,277.07,1512000
2019/11/11,275.79,277.41,275.39,277.16,1729000
2019/11/12,277.43,277.99,276.64,277.29,1694000
2019/11/13,276.34,278.40,276.17,278.05,2595600
2019/11/14,277.88,278.32,277.09,278.23,1582600
2019/11/15,278.87,279.95,278.50,279.94,2363300
2019/11/18,279.76,280.36,279.61,280.27,1790500
2019/11/19,280.83,280.84,278.87,279.33,1928300
2019/11/20,278.64,278.90,276.72,278.20,2463600
2019/11/21,278.33,278.42,277.16,277.72,1382100
2019/11/22,278.38,279.03,277.79,278.86,1419300
2019/11/25,279.68,280.81,279.64,280.80,1811100
2019/11/26,281.07,281.58,280.61,281.36,1300300
2019/11/27,281.61,281.91,281.01,281.91,1786300
2019/11/28,281.61,281.91,281.01,281.91,1786300
2019/11/29,281.30,281.57,280.84,280.95,811900
2019/12/2,281.45,281.49,278.20,278.20,2544300
2019/12/3,275.43,275.64,273.62,275.51,3834300
2019/12/4,277.00,277.76,276.61,277.05,1928500
2019/12/5,277.86,277.86,276.15,277.36,1453000
2019/12/6,279.45,280.94,279.39,280.70,2686400
2019/12/9,280.44,280.72,279.70,279.76,1206100
2019/12/10,279.69,280.14,278.63,279.46,1406900
2019/12/11,279.13,279.90,278.65,279.72,1921700
2019/12/12,279.52,282.95,279.24,281.95,3768600
2019/12/13,281.93,283.61,281.00,282.11,3065500
2019/12/16,282.93,284.11,282.93,283.07,2117200
2019/12/17,283.19,284.00,282.91,283.40,1697900
2019/12/18,283.79,283.91,283.15,283.21,1592600
2019/12/19,283.65,284.54,283.57,284.46,1815100
2019/12/20,284.76,285.06,284.32,284.46,3637000
2019/12/23,285.34,285.66,285.15,285.33,2564700
2019/12/24,285.63,285.63,284.87,285.01,611600
2019/12/25,285.63,285.63,284.87,285.01,611600
2019/12/26,285.23,286.10,285.20,286.06,931600
2019/12/27,286.83,286.85,285.90,286.33,1930200
2019/12/30,286.34,286.41,284.12,284.53,2552900
2019/12/31,283.91,285.31,283.56,285.10,1341300
2020/1/1,283.91,285.31,283.56,285.10,1341300
2020/1/2,286.44,288.63,286.15,288.62,3865500
2020/1/3,285.34,287.11,285.18,286.32,3296700
2020/1/6,284.29,287.03,284.16,286.98,1645100
2020/1/7,286.30,286.79,285.58,285.74,1413000
2020/1/8,285.32,288.67,285.08,287.40,3136700
2020/1/9,288.95,289.84,288.43,289.56,1783100
2020/1/10,289.96,290.04,287.84,288.24,2989600
2020/1/13,288.79,289.08,288.14,289.02,1463300
2020/1/14,288.87,290.49,288.72,289.22,2198500
2020/1/15,289.01,291.24,288.95,290.35,2195100
2020/1/16,291.63,292.97,291.47,292.93,2522000
2020/1/17,293.52,293.61,292.79,293.27,2147400
2020/1/20,293.52,293.61,292.79,293.27,2147400
2020/1/21,292.44,293.28,291.37,291.83,4476900
2020/1/22,292.50,293.07,291.58,291.81,2077000
2020/1/23,290.75,291.86,289.60,291.54,1872600
2020/1/24,292.54,292.77,288.34,289.80,3612500
2020/1/27,284.85,286.65,283.86,285.36,4129100
2020/1/28,286.22,288.19,285.75,287.29,2999200
2020/1/29,288.99,289.28,287.21,287.29,2126300
2020/1/30,285.67,288.77,284.85,288.54,3433200
2020/1/31,286.96,287.23,281.61,282.42,4885700
2020/2/3,283.69,286.26,283.50,283.98,3157400
2020/2/4,287.68,289.00,287.42,288.04,3004100
2020/2/5,290.76,293.04,289.95,292.86,3305900
2020/2/6,294.02,294.14,292.45,293.74,2857200
2020/2/7,292.76,292.81,290.66,291.19,3839300
2020/2/10,290.20,292.96,290.16,292.95,2877700
2020/2/11,294.35,294.42,292.28,292.94,1994500
2020/2/12,294.63,295.87,294.53,295.72,2804400
2020/2/13,294.39,295.84,293.92,294.82,2638000
2020/2/14,294.97,295.13,293.40,294.54,1861700
2020/2/17,294.97,295.13,293.40,294.54,1861700
2020/2/18,293.15,293.88,291.76,292.95,2397800
2020/2/19,293.77,294.72,293.39,294.10,1474400
2020/2/20,293.56,294.29,290.17,292.78,3493900
2020/2/21,290.80,291.05,288.75,289.74,3271800
2020/2/24,280.33,282.78,278.97,279.56,6595200
2020/2/25,280.80,281.36,269.88,270.70,9903700
2020/2/26,271.99,275.31,268.83,269.74,7477600
2020/2/27,264.86,267.73,257.39,257.50,11188900
2020/2/28,250.52,255.12,247.00,254.56,17541400
2020/3/2,256.71,267.25,254.06,267.03,8544500
2020/3/3,267.80,271.02,257.18,259.30,11482600
2020/3/4,265.45,271.11,262.96,270.89,5408100
2020/3/5,264.27,266.53,259.56,261.46,5872900
2020/3/6,253.67,260.10,252.43,258.85,7372400
2020/3/9,241.50,247.07,237.17,238.72,10406900
2020/3/10,247.29,250.54,237.09,250.47,9407100
2020/3/11,243.54,244.91,233.60,235.84,7687200
2020/3/12,220.50,229.00,211.83,212.11,17322600
2020/3/13,225.65,232.48,213.29,232.11,13676000
2020/3/16,206.50,218.31,201.51,202.49,12407000
2020/3/17,207.01,214.47,199.35,213.47,16128100
2020/3/18,199.07,205.44,189.67,199.39,13369800
2020/3/19,198.37,204.98,192.32,201.31,13532100
2020/3/20,203.29,205.29,191.00,191.90,12206000
2020/3/23,190.13,191.20,182.10,186.13,15712300
2020/3/24,196.27,207.21,196.21,206.64,14123600
2020/3/25,210.57,220.17,205.32,212.06,17556100
2020/3/26,214.43,225.87,214.01,225.07,16071900
2020/3/27,217.61,223.26,214.57,216.35,10545600
2020/3/30,217.36,223.72,215.10,223.10,7691800
2020/3/31,221.95,224.75,218.44,219.23,8426600
2020/4/1,210.65,214.78,207.77,209.38,8570300
2020/4/2,208.31,214.79,207.18,213.96,8231900
2020/4/3,212.73,214.55,208.69,210.60,6664500
2020/4/6,218.95,227.91,218.12,226.53,10322500
2020/4/7,235.46,236.16,226.45,226.60,10857700
2020/4/8,229.14,235.25,226.84,234.33,7010200
2020/4/9,237.84,240.19,235.11,237.14,9393200
2020/4/10,237.84,240.19,235.11,237.14,9393200
2020/4/13,236.41,236.69,230.96,233.96,6761900
2020/4/14,238.70,240.47,236.88,239.68,5391900
2020/4/15,234.48,236.58,232.39,235.08,6828000
2020/4/16,235.70,236.06,232.18,235.34,6126400
2020/4/17,241.60,242.66,238.25,242.43,5924500
2020/4/20,238.24,241.11,236.26,236.64,7357400
2020/4/21,231.33,233.34,229.41,230.22,6571400
2020/4/22,234.40,236.27,233.39,234.77,4318000
2020/4/23,235.51,238.92,234.83,235.07,6364800
2020/4/24,236.61,238.33,234.20,237.83,3568500
2020/4/27,239.12,242.19,238.45,241.32,3632500
2020/4/28,245.01,245.16,240.36,241.09,4709900
2020/4/29,245.48,247.67,244.20,246.45,5015300
2020/4/30,244.20,245.17,241.91,243.22,4928900
2020/5/1,239.58,240.33,236.50,237.28,4723500
2020/5/4,235.21,237.75,233.64,237.42,3845500
2020/5/5,240.02,241.74,238.70,238.80,3143500
2020/5/6,240.34,240.54,236.60,236.86,3082300
2020/5/7,239.24,241.18,238.55,238.91,3411500
2020/5/8,242.27,243.80,241.34,243.62,3894800
2020/5/11,241.68,243.94,241.00,242.56,2743000
2020/5/12,243.81,244.14,237.94,238.08,6433900
2020/5/13,236.96,237.50,231.02,232.82,7531300
2020/5/14,230.08,236.76,228.30,236.75,6964500
2020/5/15,234.16,237.25,233.41,236.91,4811100
2020/5/18,243.51,247.20,243.36,245.93,5207700
2020/5/19,245.45,246.02,242.07,242.22,4404700
2020/5/20,245.40,246.58,244.73,245.73,3280600
2020/5/21,245.55,247.38,243.88,245.02,3378200
2020/5/22,244.91,245.10,243.17,244.88,2521100
2020/5/25,244.91,245.10,243.17,244.88,2521100
2020/5/26,250.84,252.02,249.88,250.25,4872300
2020/5/27,253.73,255.79,250.33,255.77,5326100
2020/5/28,257.87,257.94,253.89,254.35,4957600
2020/5/29,253.27,255.32,250.68,254.29,5082300
2020/6/1,253.78,255.55,252.70,255.27,2060800
2020/6/2,256.55,257.92,255.71,257.85,3045800
2020/6/3,260.35,264.00,259.66,263.17,5184500
2020/6/4,262.37,264.43,261.39,263.33,3937100
2020/6/5,270.40,273.95,269.79,271.54,7866800
2020/6/8,272.90,276.38,272.90,276.28,4667600
2020/6/9,273.24,275.02,272.13,273.38,4632600
2020/6/10,273.20,274.18,270.01,270.46,6531200
2020/6/11,262.14,263.51,251.38,252.03,14257800
2020/6/12,259.00,260.32,251.43,256.74,9817200
2020/6/15,250.29,259.60,249.10,258.35,7421300
2020/6/16,267.09,267.14,258.69,263.82,9238000
2020/6/17,264.61,264.70,261.26,261.82,3669300
2020/6/18,260.04,262.26,259.11,261.45,3268700
2020/6/19,264.21,264.46,257.61,258.80,5852600
2020/6/22,257.88,260.58,256.68,260.32,2823500
2020/6/23,262.83,263.15,261.02,261.50,2948000
2020/6/24,259.22,259.52,252.94,254.63,5903500
2020/6/25,253.34,257.71,252.06,257.44,4312300
2020/6/26,255.65,256.05,249.70,250.38,5331400
2020/6/29,252.18,256.12,250.95,255.91,3759000
2020/6/30,255.07,259.05,254.72,257.87,3667900
2020/7/1,258.87,260.26,257.14,257.31,3575300
2020/7/2,261.15,262.17,257.88,258.42,3830000
2020/7/3,261.15,262.17,257.88,258.42,3830000
2020/7/6,262.16,263.05,260.87,263.00,2989100
2020/7/7,261.10,261.85,258.78,259.04,2828700
2020/7/8,259.64,261.19,258.25,260.72,2837800
2020/7/9,260.87,261.19,255.35,257.24,3995600
2020/7/10,257.20,261.16,256.46,260.82,3110100
2020/7/13,263.06,266.52,260.58,261.04,4876000
2020/7/14,260.54,267.05,260.10,266.59,7614300
2020/7/15,270.47,270.54,267.05,268.91,5220600
2020/7/16,267.16,268.93,266.02,267.47,2478100
2020/7/17,267.95,268.07,266.17,266.74,3415100
2020/7/20,266.39,267.64,265.03,266.82,4017400
2020/7/21,268.82,270.27,267.65,268.34,3173200
2020/7/22,267.82,270.35,267.77,269.98,2039300
2020/7/23,269.64,269.78,265.62,266.69,2838000
2020/7/24,265.15,266.34,264.05,264.69,2637700
2020/7/27,264.77,266.31,264.35,265.95,2637900
2020/7/28,264.92,265.61,263.63,263.93,1989300
2020/7/29,264.19,266.07,263.80,265.50,1917900
2020/7/30,262.48,263.82,259.94,263.28,3055600
2020/7/31,263.76,264.49,260.18,264.35,3306800
2020/8/3,265.67,267.15,265.35,266.72,2569300
2020/8/4,266.29,268.42,266.03,268.41,1909800
2020/8/5,269.99,272.27,269.90,272.00,2122900
2020/8/6,271.63,274.03,271.57,273.90,1948100
2020/8/7,273.23,274.82,272.48,274.62,2311300
2020/8/10,275.51,278.28,275.48,278.14,2313900
2020/8/11,280.90,281.78,276.47,277.19,4546400
2020/8/12,279.84,280.74,278.72,280.04,2641600
2020/8/13,279.13,280.22,278.23,279.42,1668300
2020/8/14,278.23,280.16,277.90,279.80,2247000
2020/8/17,280.14,280.25,278.50,278.95,2436900
2020/8/18,279.10,279.37,277.11,278.20,1678300
2020/8/19,278.68,279.74,276.97,277.43,3374300
2020/8/20,276.04,278.34,275.87,277.87,2063700
2020/8/21,277.04,279.61,276.86,279.29,2601200
2020/8/24,281.72,283.25,280.47,283.18,2622800
2020/8/25,284.23,284.23,281.02,282.62,3346000
2020/8/26,282.61,283.61,281.57,283.43,2647500
2020/8/27,284.44,286.45,283.68,285.04,3432800
2020/8/28,286.23,287.45,285.00,286.70,2715500
2020/8/31,286.26,286.34,283.89,284.28,4070100
2020/9/1,283.73,286.93,283.17,286.79,3023600
2020/9/2,288.08,292.06,287.60,291.21,3464300
2020/9/3,290.97,292.36,281.10,283.34,6118500
2020/9/4,284.91,285.79,277.01,281.77,7145800
2020/9/7,284.91,285.79,277.01,281.77,7145800
2020/9/8,278.82,278.83,275.01,275.42,4780100
2020/9/9,278.09,282.49,277.39,279.85,3488900
2020/9/10,281.13,282.17,274.85,275.79,3455800
2020/9/11,276.95,278.82,274.96,277.09,2787500
2020/9/14,278.92,281.43,278.67,280.53,2371700
2020/9/15,282.42,282.90,279.88,280.58,2331800
2020/9/16,281.54,284.23,280.78,281.03,2651800
2020/9/17,277.69,281.15,277.09,279.57,3305300
2020/9/18,279.02,279.40,274.77,276.52,3156700
2020/9/21,271.58,272.17,267.05,271.44,5936900
2020/9/22,271.67,273.24,269.79,272.81,3169800
2020/9/23,274.18,274.59,267.08,267.58,3575900
2020/9/24,266.86,270.88,265.27,268.10,4432100
2020/9/25,266.76,272.31,266.23,271.70,3606800
2020/9/28,275.26,277.12,274.72,275.90,2790200
2020/9/29,275.60,275.98,273.29,274.42,1971100
2020/9/30,275.00,280.17,275.00,277.50,4028500
2020/10/1,279.33,280.35,276.57,278.14,2968000
2020/10/2,274.17,278.51,273.60,276.80,4771600
2020/10/5,278.79,281.59,278.75,281.51,1862500
2020/10/6,282.54,283.52,277.24,277.72,4364400
2020/10/7,280.28,283.67,280.23,282.92,2422600
2020/10/8,284.52,284.68,282.69,284.29,2148000
2020/10/9,285.61,286.81,284.41,285.93,2549100
2020/10/12,286.95,289.61,286.68,288.46,2534800
2020/10/13,287.66,288.11,286.02,286.74,2430600
2020/10/14,287.22,287.95,284.58,285.13,2264000
2020/10/15,282.03,285.40,281.66,285.04,3128000
2020/10/16,286.24,288.37,285.89,285.97,2409300
2020/10/19,286.64,287.06,281.28,282.03,2837600
2020/10/20,283.16,285.66,282.25,282.95,3339000
2020/10/21,282.54,284.47,281.83,281.97,2907100
2020/10/22,282.10,284.16,280.30,283.65,2324200
2020/10/23,284.45,284.54,281.51,283.34,2161000
2020/10/26,280.14,280.39,273.70,277.00,5140600
2020/10/27,276.95,277.07,274.60,274.66,3029800
2020/10/28,269.00,270.75,265.02,265.48,5815200
2020/10/29,265.13,268.94,262.81,266.59,5479400
2020/10/30,265.03,266.32,261.41,265.06,5271200
2020/11/2,268.90,270.50,266.93,269.20,5062900
2020/11/3,272.66,276.43,272.20,274.65,4343000
2020/11/4,275.90,283.06,275.56,278.51,6766400
2020/11/5,282.29,284.96,282.07,283.91,4316200
2020/11/6,283.95,284.38,281.89,283.22,3078200
2020/11/9,298.61,299.49,291.39,291.72,10839300
2020/11/10,293.30,294.96,291.40,294.51,4354500
2020/11/11,296.07,296.14,292.93,294.11,2910400
2020/11/12,292.22,293.32,289.19,291.05,4361900
2020/11/13,292.97,295.92,292.42,295.15,3090400
2020/11/16,299.28,300.08,297.57,299.98,4615000
2020/11/17,297.31,299.15,295.60,298.31,4049200
2020/11/18,299.20,299.75,294.76,294.76,3566400
2020/11/19,294.06,295.81,292.90,295.33,3266600
2020/11/20,294.22,294.59,292.20,292.53,3090200
2020/11/23,294.26,296.65,293.48,295.89,2855600
2020/11/24,298.94,301.11,298.30,300.43,4022700
2020/11/25,299.95,300.04,298.05,298.74,2629200
2020/11/26,299.95,300.04,298.05,298.74,2629200
2020/11/27,299.44,300.20,298.17,299.24,1518000
2020/11/30,297.52,297.80,294.75,296.62,4159300
2020/12/1,299.73,301.01,298.18,298.44,2841100
2020/12/2,297.10,299.34,296.35,299.18,2481700
2020/12/3,299.38,301.40,299.05,300.06,3140900
2020/12/4,300.74,302.59,300.60,302.59,2747300
2020/12/7,301.77,302.16,300.00,301.10,2589900
2020/12/8,300.01,302.87,299.98,302.20,2205400
2020/12/9,303.22,303.60,299.97,300.88,3074500
2020/12/10,299.99,301.15,299.20,300.54,2413000
2020/12/11,299.43,301.18,298.68,300.93,2454300
2020/12/14,303.02,303.80,299.00,299.10,3646100
2020/12/15,300.95,302.94,299.48,302.62,4211500
2020/12/16,302.54,302.87,301.32,302.15,1977300
2020/12/17,303.22,303.71,302.85,303.49,3002900
2020/12/18,303.07,303.14,300.23,301.90,4442100
2020/12/21,298.79,302.97,297.42,302.14,6340800
2020/12/22,301.84,301.88,299.86,300.07,2698200
2020/12/23,301.20,302.79,301.14,301.28,2714400
2020/12/24,301.66,302.10,300.93,302.02,1955700
2020/12/25,301.66,302.10,300.93,302.02,1955700
2020/12/28,303.69,305.15,303.35,304.00,2382400
2020/12/29,305.43,305.70,302.64,303.46,2319600
2020/12/30,304.11,305.13,303.86,304.13,2081300
2020/12/31,304.00,306.29,303.35,305.79,2797000
2021/1/1,304.00,306.29,303.35,305.79,2797000
2021/1/4,306.59,306.66,298.74,302.32,5106600
2021/1/5,301.93,305.05,301.38,303.84,3355200
2021/1/6,303.75,310.24,303.06,308.21,7290300
2021/1/7,309.72,311.98,309.06,310.50,4107900
2021/1/8,311.25,311.43,307.99,311.04,3234900
2021/1/11,308.49,311.00,308.42,310.17,2811400
2021/1/12,310.18,311.25,308.91,310.74,2290900
2021/1/13,310.63,311.60,309.92,310.63,1854400
2021/1/14,311.59,312.27,309.89,310.05,3232400
2021/1/15,308.01,309.32,306.03,308.12,4009100
2021/1/18,308.01,309.32,306.03,308.12,4009100
2021/1/19,310.36,310.74,308.60,309.32,2781700
2021/1/20,310.43,312.34,309.94,311.77,2398400
2021/1/21,312.01,312.71,311.20,311.87,1930000
2021/1/22,309.86,311.02,309.09,309.97,2049700
2021/1/25,308.99,309.78,305.62,309.65,4546400
2021/1/26,310.54,311.19,309.21,309.39,2256100
2021/1/27,306.54,306.72,302.10,303.26,5743100
2021/1/28,304.98,309.42,304.83,306.07,6392100
2021/1/29,303.92,304.78,298.59,299.81,5929900
2021/2/1,302.28,303.35,300.14,302.02,3138600
2021/2/2,304.54,308.43,304.52,306.82,3090500
2021/2/3,306.10,307.94,305.18,307.26,2087800
2021/2/4,307.85,310.67,307.77,310.67,2638800
2021/2/5,312.36,312.55,310.87,311.54,1955600
2021/2/8,312.70,313.89,312.41,313.89,1690000
2021/2/9,313.26,314.50,312.57,313.92,1798700
2021/2/10,315.17,315.24,312.30,314.50,3048000
2021/2/11,315.09,315.76,312.80,314.68,1937100
2021/2/12,314.28,315.14,313.83,315.04,2479500
2021/2/15,314.28,315.14,313.83,315.04,2479500
2021/2/16,316.33,316.54,314.87,315.58,1836300
2021/2/17,314.69,316.91,313.87,316.60,2007400
2021/2/18,314.75,316.00,313.38,315.56,2609600
2021/2/19,315.61,316.34,314.58,314.92,2314900
2021/2/22,312.90,316.49,312.77,315.21,2978000
2021/2/23,314.77,316.49,311.60,315.39,5723400
2021/2/24,314.68,320.04,314.18,319.53,4290300
2021/2/25,319.71,319.92,312.96,313.98,7648600
2021/2/26,314.42,314.44,308.78,309.45,7925600
2021/3/1,313.48,316.92,313.45,315.59,4749700
2021/3/2,315.72,316.43,314.01,314.19,4075700
2021/3/3,313.94,315.87,312.83,312.99,5148100
2021/3/4,313.19,314.92,305.68,309.58,8577600
2021/3/5,312.50,316.05,307.90,315.24,7016100
2021/3/8,316.75,321.73,315.83,318.25,8230700
2021/3/9,319.47,321.77,318.44,318.61,5829900
2021/3/10,320.53,324.31,320.47,323.33,6472200
2021/3/11,324.71,326.97,323.83,325.33,5745900
2021/3/12,325.67,328.49,325.50,328.31,4257200
2021/3/15,329.18,330.24,326.81,330.09,4456000
2021/3/16,329.85,330.00,328.32,328.86,3270600
2021/3/17,329.21,331.03,328.38,330.77,4338200
2021/3/18,330.30,332.86,328.77,329.36,5376500
2021/3/19,328.09,328.18,324.98,326.01,5628800
2021/3/22,325.55,327.98,325.03,327.24,3807600
2021/3/23,326.32,327.48,323.44,324.06,5068400
2021/3/24,325.28,327.73,324.08,324.08,6099000
2021/3/25,322.71,326.62,320.62,326.19,5557900
2021/3/26,327.60,330.89,326.68,330.61,4956600
2021/3/29,329.29,332.46,328.90,331.66,5200900
2021/3/30,331.05,331.60,329.78,330.82,4568800
2021/3/31,330.61,331.62,329.94,330.18,3763700
2021/4/1,330.78,331.60,329.72,331.45,5936100
2021/4/2,330.78,331.60,329.72,331.45,5936100
2021/4/5,333.94,336.15,333.91,335.20,5632700
2021/4/6,334.69,335.42,333.78,334.37,2987500
2021/4/7,334.14,335.17,333.44,334.37,2658500
2021/4/8,334.30,335.15,333.43,335.13,2665000
2021/4/9,335.72,338.08,335.36,337.86,3034700
2021/4/12,337.26,337.86,336.65,337.55,2951500
2021/4/13,336.63,337.42,335.49,336.79,3391700
2021/4/14,336.81,339.11,336.74,337.53,3966800
2021/4/15,338.83,340.72,338.83,340.44,3881800
2021/4/16,341.73,342.43,340.98,341.86,3748900
2021/4/19,341.07,341.31,339.65,340.75,3222800
2021/4/20,339.40,339.86,336.75,338.12,3762900
2021/4/21,337.63,341.54,337.56,341.30,4191200
2021/4/22,341.12,341.21,337.09,338.12,4962500
2021/4/23,337.75,341.59,337.13,340.43,3613900
2021/4/26,341.15,341.48,339.39,339.87,2090900
2021/4/27,339.60,340.43,338.70,339.83,2732700
2021/4/28,339.23,339.49,338.06,338.37,3025100
2021/4/29,339.89,340.86,337.37,340.57,3688400
2021/4/30,338.92,339.65,337.85,338.94,2909600
2021/5/3,340.79,342.18,340.55,341.11,2698400
2021/5/4,339.99,341.53,337.62,341.49,4478300
2021/5/5,342.25,343.30,340.37,342.28,3506100
2021/5/6,342.93,345.64,341.91,345.51,4276700
2021/5/7,345.17,348.29,344.81,347.88,3526500
2021/5/10,349.26,351.09,347.59,347.74,6092500
2021/5/11,344.99,345.22,340.89,342.91,8396400
2021/5/12,341.55,342.23,335.71,336.00,7034100
2021/5/13,336.30,342.04,336.27,340.45,5741300
2021/5/14,342.31,344.93,341.88,344.26,4677300
2021/5/17,343.33,345.13,342.04,343.65,3262200
2021/5/18,343.85,344.50,340.87,341.11,3462300
2021/5/19,337.56,339.56,335.20,339.44,7223900
2021/5/20,339.74,342.94,339.34,341.52,4532800
2021/5/21,342.29,344.07,341.28,342.04,4481000
2021/5/24,343.37,344.69,343.05,343.96,2531800
2021/5/25,344.68,345.00,342.66,343.18,2623200
2021/5/26,343.56,344.12,342.67,343.27,2064500
2021/5/27,345.35,346.16,343.87,344.60,3026200
2021/5/28,346.38,346.48,345.35,345.64,2641400
2021/5/31,346.38,346.48,345.35,345.64,2641400
2021/6/1,348.54,348.65,345.60,345.87,2584300
2021/6/2,346.75,347.35,345.75,346.36,2576700
2021/6/3,344.61,346.96,343.56,346.02,4436400
2021/6/4,347.07,347.99,346.54,347.90,2594200
2021/6/7,348.50,348.54,346.02,346.59,2224300
2021/6/8,346.69,346.91,344.75,346.34,2748700
2021/6/9,346.54,346.88,344.69,344.79,2591200
2021/6/10,346.54,347.73,344.80,344.98,3089400
2021/6/11,346.03,346.55,343.57,345.12,3003000
2021/6/14,344.83,344.87,342.47,344.30,2527000
2021/6/15,344.51,344.53,342.37,343.41,2138500
2021/6/16,343.41,343.64,339.49,340.76,4032000
2021/6/17,340.56,341.28,336.62,338.65,5169100
2021/6/18,334.35,335.25,332.68,332.96,7126600
2021/6/21,335.26,339.09,334.41,338.78,5435700
2021/6/22,338.73,340.41,337.45,339.45,4042100
2021/6/23,339.59,340.16,338.68,338.78,3082700
2021/6/24,340.67,342.32,340.37,341.98,3704700
2021/6/25,343.69,344.98,343.09,344.45,3638000
2021/6/28,344.33,344.42,341.82,342.80,3606300
2021/6/29,343.98,344.73,342.61,342.86,2375800
2021/6/30,342.38,345.51,342.35,344.95,3778900
2021/7/1,345.78,346.40,344.92,346.36,3606900
2021/7/2,347.04,348.29,346.18,347.94,3013500
2021/7/5,347.04,348.29,346.18,347.94,3013500
2021/7/6,347.75,348.11,343.60,345.82,3910600
2021/7/7,345.65,347.14,344.43,346.92,3347000
2021/7/8,342.56,345.00,341.53,344.38,6379900
2021/7/9,346.57,349.07,345.84,348.73,5063100
2021/7/12,348.01,350.29,347.37,350.03,3999800
2021/7/13,349.53,350.25,348.85,349.00,3310200
2021/7/14,350.19,350.69,348.36,349.41,3933300
2021/7/15,347.90,350.00,347.64,349.94,5082600
2021/7/16,350.72,350.74,346.34,346.74,5710400
2021/7/19,341.79,350.03,337.38,339.88,9715300
2021/7/20,340.29,346.12,339.75,345.08,5802200
2021/7/21,346.97,348.15,346.37,347.99,3056800
2021/7/22,347.77,348.81,346.68,348.26,2429300
2021/7/23,350.00,350.99,349.21,350.57,4142300
2021/7/26,350.00,351.45,349.49,351.41,2466600
2021/7/27,350.02,350.68,348.73,350.62,3902600
2021/7/28,351.02,351.23,348.71,349.36,3697700
2021/7/29,350.95,351.71,350.38,350.82,2425700
2021/7/30,349.88,351.01,348.67,349.48,3576700
2021/8/2,350.45,351.91,348.06,348.35,2827100
2021/8/3,349.09,351.19,347.11,351.09,3819300
2021/8/4,349.59,350.08,347.88,347.99,3118500
2021/8/5,348.85,350.65,348.67,350.61,2261400
2021/8/6,351.62,352.49,351.46,352.09,2123700
2021/8/9,351.60,352.06,350.55,351.15,2322500
2021/8/10,351.41,352.94,351.01,352.73,2841000
2021/8/11,353.94,355.12,353.70,354.94,3422500
2021/8/12,355.19,355.25,353.74,355.23,3118600
2021/8/13,355.85,356.37,355.00,355.39,2414900
2021/8/16,354.41,356.60,352.66,356.57,3634600
2021/8/17,353.91,354.67,351.51,353.83,5019600
2021/8/18,352.62,354.04,349.89,350.12,4038000
2021/8/19,347.33,350.48,347.31,349.48,5442200
2021/8/20,348.98,351.75,348.53,351.16,3394800
2021/8/23,352.96,354.31,352.92,353.45,3569200
2021/8/24,354.08,354.49,353.62,353.74,1981400
2021/8/25,353.78,355.04,352.92,354.18,2434700
2021/8/26,354.47,355.00,352.07,352.16,3008900
2021/8/27,352.65,354.85,352.65,354.57,3163700
2021/8/30,354.96,355.22,353.88,354.08,2482000
2021/8/31,353.80,354.80,353.18,353.92,2913800
2021/9/1,354.29,354.35,353.29,353.55,2739200
2021/9/2,354.78,355.18,353.92,354.87,2390000
2021/9/3,353.68,354.65,353.09,354.14,2465400
2021/9/6,353.68,354.65,353.09,354.14,2465400
2021/9/7,353.64,353.69,350.99,351.44,3168500
2021/9/8,350.82,352.17,349.64,350.73,3075700
2021/9/9,350.56,352.51,348.92,349.31,3484700
2021/9/10,351.25,351.66,346.57,346.70,4539000
2021/9/13,348.91,349.94,347.47,349.30,5439700
2021/9/14,350.40,350.57,345.71,346.47,3902200
2021/9/15,346.41,349.46,345.78,348.82,3267300
2021/9/16,348.91,350.08,346.00,348.18,3646000
2021/9/17,346.85,347.70,345.06,345.64,5380900
2021/9/20,340.22,342.16,335.99,339.40,10010600
2021/9/21,341.41,343.07,339.01,339.11,6071100
2021/9/22,341.16,344.33,340.44,342.50,6862700
2021/9/23,344.81,348.67,344.53,347.56,5592200
2021/9/24,346.50,348.43,346.31,347.87,3121600
2021/9/27,348.29,350.50,348.17,348.61,3426000
2021/9/28,347.31,347.82,342.41,342.92,7493800
2021/9/29,343.87,345.67,342.88,343.77,4116600
2021/9/30,345.08,345.44,338.11,338.29,7926000
2021/10/1,340.03,344.78,337.68,343.18,6219800
2021/10/4,342.61,344.03,338.07,340.01,7037700
2021/10/5,341.13,344.87,340.47,343.13,3826100
2021/10/6,340.48,344.30,338.47,344.12,6276300
2021/10/7,346.87,349.77,346.77,347.63,5310400
2021/10/8,347.92,348.46,346.58,347.53,3658300
2021/10/11,347.66,349.56,344.86,344.98,4098400
2021/10/12,345.49,346.10,343.19,343.78,5100300
2021/10/13,343.95,344.56,341.12,343.89,4189100
2021/10/14,347.21,349.22,346.60,349.13,4473900
2021/10/15,351.65,353.08,350.92,352.85,4206800
2021/10/18,351.34,353.13,350.25,352.50,3310600
2021/10/19,353.67,354.51,352.80,354.46,2380900
2021/10/20,354.51,356.58,354.37,356.03,2873800
2021/10/21,355.39,356.09,354.30,355.96,2243800
2021/10/22,355.97,357.62,355.32,356.74,3872300
2021/10/25,357.36,357.89,356.29,357.55,2518200
2021/10/26,358.56,358.93,357.37,357.50,3182200
2021/10/27,358.09,358.30,354.96,354.98,3542100
2021/10/28,355.75,357.38,355.75,357.30,2490500
2021/10/29,356.65,358.52,356.39,358.23,2979600
2021/11/1,359.45,360.05,357.98,359.13,2548400
2021/11/2,359.41,360.88,358.79,360.57,2629000
2021/11/3,359.91,361.84,358.90,361.56,3557400
2021/11/4,361.34,361.65,359.87,361.35,3870900
2021/11/5,362.96,364.94,361.89,363.30,4489000
2021/11/8,365.06,365.64,363.33,364.32,3056000
2021/11/9,364.19,364.30,361.82,363.28,3680600
2021/11/10,362.52,363.73,360.28,361.07,3529000
2021/11/11,361.19,361.26,359.38,359.46,2461200
2021/11/12,360.69,361.74,359.58,361.28,3099800
2021/11/15,362.60,362.73,360.67,361.24,2555000
2021/11/16,361.82,363.54,361.70,361.93,2728600
2021/11/17,361.44,361.58,359.54,359.85,2976000
2021/11/18,360.03,360.05,357.13,359.35,3438100
2021/11/19,357.89,357.89,355.38,355.91,3542200
2021/11/22,357.48,359.24,356.09,356.20,4929200
2021/11/23,356.28,358.37,355.34,358.02,5789300
2021/11/24,356.06,358.20,355.80,358.03,4246700
2021/11/25,356.06,358.20,355.80,358.03,4246700
2021/11/26,350.33,351.46,347.36,349.02,9075000
2021/11/29,352.59,352.77,348.92,351.19,5243000
2021/11/30,348.70,350.01,344.36,344.90,9543500
2021/12/1,348.04,350.38,340.32,340.46,8415000
2021/12/2,341.81,347.95,341.17,346.61,8326400
2021/12/3,347.86,348.50,343.08,346.24,11365300
2021/12/6,349.26,354.02,348.83,352.82,7026500
2021/12/7,355.93,358.61,355.79,357.74,5271500
2021/12/8,358.17,358.87,356.42,357.99,3355600
2021/12/9,356.75,359.18,356.35,358.11,3774500
2021/12/10,359.59,360.33,357.61,360.23,3855200
2021/12/13,359.43,359.99,356.61,357.04,4563000
2021/12/14,355.71,358.41,354.97,356.17,4079700
2021/12/15,355.83,359.97,354.44,359.81,9274900
2021/12/16,361.27,362.51,358.31,359.44,9493700
2021/12/17,356.30,356.93,352.71,353.63,10638300
2021/12/20,349.38,349.64,346.54,349.27,7303400
2021/12/21,352.16,354.98,351.51,354.91,4693300
2021/12/22,354.95,357.56,354.17,357.39,2999500
2021/12/23,358.39,360.50,358.16,359.36,2655000
2021/12/24,358.39,360.50,358.16,359.36,2655000
2021/12/27,360.06,362.96,359.70,362.92,2594300
2021/12/28,363.11,365.12,362.89,363.99,3048500
2021/12/29,363.90,365.64,363.79,364.84,3012200
2021/12/30,365.69,366.72,363.60,364.07,2863200
2021/12/31,363.51,364.74,362.91,363.32,3133800
2022/1/3,364.34,365.85,362.30,365.68,5624100
2022/1/4,367.34,369.21,367.21,367.87,5462200
2022/1/5,367.71,369.50,363.98,364.09,7638000
2022/1/6,364.11,364.65,361.96,362.39,7019800
2022/1/7,361.89,363.87,361.13,362.31,5806300
2022/1/10,361.07,361.22,356.44,360.79,8091800
2022/1/11,360.69,362.75,357.70,362.54,7310900
2022/1/12,363.73,364.56,361.67,362.95,4493200
2022/1/13,364.21,365.13,360.45,361.20,6418100
2022/1/14,358.21,359.80,356.40,359.14,8575400
2022/1/17,358.21,359.80,356.40,359.14,8575400
2022/1/18,355.33,355.36,352.62,353.85,8166100
2022/1/19,354.91,355.55,350.21,350.35,7386500
2022/1/20,351.48,355.05,346.81,347.33,8968700
2022/1/21,347.09,348.85,342.14,342.35,16301600
2022/1/24,338.43,344.12,331.35,343.81,29707000
2022/1/25,340.26,345.79,335.34,342.96,18657900
2022/1/26,346.04,348.00,338.53,341.46,19047300
2022/1/27,344.40,347.63,339.89,341.55,12854100
2022/1/28,341.86,347.18,337.90,347.11,12008900
2022/1/31,345.78,351.36,344.72,351.08,8379100
2022/2/1,351.66,354.27,349.68,353.94,7636000
2022/2/2,353.59,356.66,352.76,356.03,8856400
2022/2/3,354.82,355.22,350.58,350.98,9339900
2022/2/4,350.40,353.25,347.82,350.87,8532300
2022/2/7,351.26,353.16,349.83,350.90,4746200
2022/2/8,351.60,355.35,350.79,354.54,4568400
2022/2/9,357.35,358.10,356.66,357.67,4781700
2022/2/10,354.78,358.06,351.03,352.55,10298500
2022/2/11,352.46,354.42,346.23,347.29,8211500
2022/2/14,346.72,347.55,343.20,345.89,7315100
2022/2/15,348.93,350.76,348.35,350.22,4932200
2022/2/16,348.76,350.72,346.71,349.67,4496500
2022/2/17,347.43,347.71,342.86,343.68,4433500
2022/2/18,342.90,344.20,339.67,340.98,6193700
2022/2/21,342.90,344.20,339.67,340.98,6193700
2022/2/22,338.79,340.26,333.58,336.01,7942700
2022/2/23,338.16,338.26,330.82,331.52,5732600
2022/2/24,322.82,332.74,322.69,332.34,14167100
2022/2/25,333.68,341.02,333.06,340.54,9496300
2022/2/28,335.95,339.82,334.79,339.34,8217300
2022/3/1,337.27,339.02,331.33,333.16,8532900
2022/3/2,335.27,340.45,334.69,339.00,6836200
2022/3/3,340.71,342.09,336.68,338.13,7790700
2022/3/4,334.61,336.87,332.80,336.47,6025000
2022/3/7,335.20,335.33,328.34,328.47,6590800
2022/3/8,328.49,334.40,326.06,326.53,8209800
2022/3/9,333.12,335.04,331.57,333.40,4669200
2022/3/10,329.32,332.85,328.68,332.11,3317400
2022/3/11,334.10,335.73,329.69,330.02,6923400
2022/3/14,331.75,334.60,328.79,330.07,5640600
2022/3/15,332.00,336.85,331.11,336.19,6648500
2022/3/16,339.19,341.42,334.54,341.36,9577100
2022/3/17,339.94,345.59,339.61,345.45,6032900
2022/3/18,343.62,347.44,342.65,347.19,5903900
2022/3/21,346.61,347.93,343.30,345.44,4329900
2022/3/22,347.12,348.72,346.86,348.14,4430800
2022/3/23,345.75,346.44,343.35,343.41,4098700
2022/3/24,344.49,347.06,343.44,347.06,3550000
2022/3/25,347.80,349.32,346.19,348.54,3206200
2022/3/28,347.75,349.49,345.38,349.49,2962400
2022/3/29,352.66,353.71,350.13,352.97,4711800
2022/3/30,352.15,353.47,350.44,352.12,3909800
2022/3/31,351.07,351.57,346.76,346.83,3978900
2022/4/1,348.15,348.35,345.24,348.01,3560200
2022/4/4,347.64,349.28,346.03,349.24,3829900
2022/4/5,347.82,351.05,345.50,346.34,4331700
2022/4/6,343.59,346.06,342.70,344.75,5431300
2022/4/7,343.77,347.10,341.89,345.97,4599900
2022/4/8,345.71,349.12,344.65,347.37,4535900
2022/4/11,345.36,347.08,342.74,343.20,5344400
2022/4/12,344.41,346.75,341.00,342.22,4501400
2022/4/13,341.69,346.05,341.54,345.76,3605000
2022/4/14,346.71,348.73,344.25,344.29,4179600
2022/4/15,346.71,348.73,344.25,344.29,4179600
2022/4/18,343.87,346.07,342.63,344.10,3939000
2022/4/19,344.29,349.74,344.25,349.12,4261200
2022/4/20,351.06,353.07,350.28,351.53,5677000
2022/4/21,353.96,354.88,347.18,347.71,5369600
2022/4/22,346.34,346.41,337.74,338.27,6855100
2022/4/25,336.45,341.08,333.20,340.56,6806600
2022/4/26,338.03,339.05,332.27,332.45,7619800
2022/4/27,333.88,337.00,331.08,333.03,6894400
2022/4/28,335.24,340.54,332.49,339.29,5976600
2022/4/29,337.62,339.23,329.10,329.69,6495600
2022/5/2,330.35,332.34,324.46,330.74,9221700
2022/5/3,331.18,333.42,329.11,331.25,6051000
2022/5/4,331.80,341.17,330.20,340.59,10569700
2022/5/5,337.83,338.24,326.89,330.24,9101200
2022/5/6,327.74,330.65,324.75,329.07,10644200
2022/5/9,324.98,326.37,321.37,322.60,7817200
2022/5/10,326.50,327.61,319.06,321.83,7716500
2022/5/11,321.74,326.07,318.16,318.46,9374700
2022/5/12,316.60,319.43,312.53,317.64,6790800
2022/5/13,320.33,323.03,318.85,322.23,4236700
2022/5/16,321.71,325.57,319.70,322.78,3692600
2022/5/17,326.83,327.37,323.46,327.10,3316800
2022/5/18,324.21,324.39,314.43,315.55,3659000
2022/5/19,312.12,316.35,310.83,313.18,3836700
2022/5/20,314.79,315.07,306.28,312.42,4654000
2022/5/23,315.32,319.65,314.78,318.84,4484600
2022/5/24,316.57,320.15,313.62,319.39,5260500
2022/5/25,317.98,322.54,317.45,321.28,4612800
2022/5/26,322.95,327.77,322.90,326.45,3270200
2022/5/27,327.05,332.13,326.82,332.07,2773100
2022/5/30,327.05,332.13,326.82,332.07,2773100
2022/5/31,330.17,332.55,327.66,330.20,4354000
2022/6/1,332.41,332.95,326.10,328.36,3721400
2022/6/2,328.55,332.78,325.36,332.77,3718800
2022/6/3,329.87,331.73,328.73,329.35,4150900
2022/6/6,331.59,332.74,328.53,329.45,1957600
2022/6/7,326.82,332.47,326.82,332.17,2424000
2022/6/8,330.56,331.93,328.56,329.38,2032900
2022/6/9,328.16,329.99,323.00,323.00,2591500
2022/6/10,318.31,318.77,314.32,314.37,4484700
2022/6/13,307.50,309.62,304.16,305.58,6317200
2022/6/14,306.61,307.43,301.93,304.30,3724000
2022/6/15,306.40,310.68,302.26,307.23,7060900
2022/6/16,301.37,301.66,298.02,299.90,4943500
2022/6/17,298.27,301.58,296.39,298.72,4738000
2022/6/20,298.27,301.58,296.39,298.72,4738000
2022/6/21,303.08,306.47,302.62,305.29,3246500
2022/6/22,301.53,307.68,301.33,304.61,6361200
2022/6/23,305.67,307.06,302.78,306.74,3582600
2022/6/24,309.20,315.12,309.12,315.02,3314800
2022/6/27,315.40,315.89,313.38,314.36,1896500
2022/6/28,316.00,318.75,309.23,309.34,3025900
2022/6/29,310.40,311.48,308.83,310.05,2462800
2022/6/30,306.75,309.82,304.25,307.82,4117800
2022/7/1,307.40,311.31,304.77,310.85,3315000
2022/7/4,307.40,311.31,304.77,310.85,3315000
2022/7/5,306.60,309.76,303.58,309.71,3767700
2022/7/6,310.00,312.29,307.94,310.41,2493300
2022/7/7,312.54,314.27,311.61,313.95,2267500
2022/7/8,313.50,315.14,312.17,313.46,2094300
2022/7/11,311.66,313.74,311.17,311.70,2633200
2022/7/12,310.56,313.55,308.60,309.97,2806000
2022/7/13,306.19,309.94,305.11,307.75,3481200
2022/7/14,302.66,306.86,301.47,306.40,2893100
2022/7/15,310.81,312.78,309.15,312.66,3027500
2022/7/18,315.76,316.35,309.73,310.65,2344900
2022/7/19,313.07,318.40,312.66,318.11,3004900
2022/7/20,318.24,319.43,316.45,318.74,3243000
2022/7/21,317.63,320.46,315.38,320.41,2159800
2022/7/22,321.76,322.20,317.34,319.06,3264100
2022/7/25,320.07,320.39,318.25,319.96,4002500
2022/7/26,318.89,319.48,317.10,317.54,2101700
2022/7/27,318.88,323.44,318.04,322.01,3338100
2022/7/28,322.45,326.12,319.81,325.23,2688400
2022/7/29,325.52,329.27,324.92,328.66,3225600
2022/8/1,326.91,329.72,326.45,328.04,2745500
2022/8/2,326.97,327.78,323.90,324.04,5394600
2022/8/3,325.70,329.14,325.14,328.16,2564600
2022/8/4,327.69,328.36,326.55,327.36,2426400
2022/8/5,325.07,328.19,324.93,327.97,2672400
2022/8/8,329.81,331.12,327.71,328.42,2528800
2022/8/9,328.28,328.94,327.19,327.91,1655100
2022/8/10,332.60,333.83,331.96,333.20,2934400
2022/8/11,335.82,336.80,333.18,333.71,2401600
2022/8/12,334.80,337.92,334.19,337.83,2606900
2022/8/15,336.11,339.85,336.06,339.37,1936500
2022/8/16,338.82,343.09,338.75,341.74,3897100
2022/8/17,339.67,342.06,338.70,340.20,2960300
2022/8/18,340.20,341.00,338.97,340.58,1850900
2022/8/19,338.35,338.66,336.26,337.04,2010300
2022/8/22,333.11,333.52,330.16,330.76,2684500
2022/8/23,330.31,331.45,328.64,329.11,2897200
2022/8/24,328.93,331.03,328.33,329.86,2581700
2022/8/25,330.09,333.15,329.00,333.15,2498900
2022/8/26,333.49,333.67,322.82,322.93,4191000
2022/8/29,320.54,323.33,319.75,321.10,2896900
2022/8/30,322.09,322.17,316.57,318.04,2926300
2022/8/31,318.46,320.17,315.60,315.65,2981600
2022/9/1,314.29,317.25,312.70,317.06,3228000
2022/9/2,319.77,320.75,312.31,313.76,3826200
2022/9/5,319.77,320.75,312.31,313.76,3826200
2022/9/6,314.55,315.20,310.93,312.20,3320400
2022/9/7,311.64,316.94,311.45,316.33,2520200
2022/9/8,314.69,318.40,313.68,318.24,3301100
2022/9/9,320.08,322.94,319.50,322.28,2479300
2022/9/12,323.29,325.68,323.21,324.57,2486900
2022/9/13,318.80,319.59,310.83,311.73,4301200
2022/9/14,312.36,313.48,309.53,312.06,2868800
2022/9/15,311.63,313.52,309.53,310.36,3294600
2022/9/16,305.96,308.58,305.35,308.05,4071000
2022/9/19,305.37,310.19,305.29,310.15,2730000
2022/9/20,307.69,307.99,304.58,307.02,2822800
2022/9/21,308.52,310.27,301.72,301.81,5110700
2022/9/22,301.56,302.97,299.89,300.52,3492500
2022/9/23,297.82,298.00,292.40,295.86,4949300
2022/9/26,294.60,296.24,291.50,292.72,4143400
2022/9/27,294.78,296.53,289.50,291.30,3681000
2022/9/28,292.35,298.03,291.05,296.73,3995700
2022/9/29,294.77,294.85,289.85,292.21,3351100
2022/9/30,291.21,293.46,287.04,287.30,3827200
2022/10/3,290.56,296.37,289.47,294.79,3457600
2022/10/4,298.61,303.18,298.44,303.14,4163800
2022/10/5,299.73,304.55,298.80,302.79,2746900
2022/10/6,301.47,303.31,298.61,299.23,3081700
2022/10/7,296.73,296.89,291.44,292.97,3029300
2022/10/10,294.28,294.92,290.09,291.96,3154500
2022/10/11,291.18,296.14,290.72,292.29,3849900
2022/10/12,292.46,294.57,291.37,292.16,4378700
2022/10/13,287.14,301.73,286.62,300.56,7389600
2022/10/14,302.54,304.36,296.19,296.82,5519400
2022/10/17,300.89,303.21,299.98,302.06,3555700
2022/10/18,308.26,308.38,303.04,305.47,4685500
2022/10/19,304.34,306.65,302.29,304.35,2939800
2022/10/20,304.83,308.37,302.74,303.31,3574700
2022/10/21,303.08,311.20,302.01,310.88,5357200
2022/10/24,312.53,316.00,311.60,315.05,4331700
2022/10/25,314.35,318.78,314.11,318.49,6024800
2022/10/26,317.98,321.72,317.77,318.38,4991800
2022/10/27,321.56,323.87,319.92,320.46,4262200
2022/10/28,321.77,328.89,321.46,328.58,5251400
2022/10/31,326.92,328.82,325.86,327.42,5128200
2022/11/1,329.37,329.83,324.80,326.41,4376400
2022/11/2,325.46,330.75,321.32,321.36,7110300
2022/11/3,319.35,321.85,317.18,319.87,4112700
2022/11/4,323.61,326.14,319.34,324.14,6263700
2022/11/7,325.14,328.95,324.15,328.42,4518300
2022/11/8,329.47,333.56,328.29,331.71,6349000
2022/11/9,329.71,330.87,324.96,325.34,4799200
2022/11/10,334.22,337.49,331.88,337.26,6002300
2022/11/11,337.90,338.37,334.14,337.79,5190700
2022/11/14,336.71,339.87,335.56,335.77,3303300
2022/11/15,338.49,340.12,333.42,336.21,4824100
2022/11/16,335.67,337.25,335.55,336.07,3085500
2022/11/17,332.73,336.78,332.73,336.10,3606500
2022/11/18,337.46,338.15,335.26,337.37,3659100
2022/11/21,337.66,338.65,335.53,337.05,2304100
2022/11/22,338.89,341.12,338.39,340.96,4389400
2022/11/23,340.61,342.58,339.99,341.95,3108500
2022/11/24,340.61,342.58,339.99,341.95,3108500
2022/11/25,342.09,343.80,342.03,343.52,1498300
2022/11/28,341.69,342.98,337.95,338.49,3089800
2022/11/29,337.93,339.37,336.61,338.48,2943600
2022/11/30,338.65,346.19,336.18,346.15,6940400
2022/12/1,346.75,346.76,341.69,344.41,5325900
2022/12/2,340.86,345.41,340.86,344.74,3736500
2022/12/5,342.45,343.31,339.03,340.03,3827200
2022/12/6,339.77,340.65,334.72,336.46,5516300
2022/12/7,336.14,338.33,335.54,336.44,3577100
2022/12/8,337.74,339.65,337.06,338.46,3278400
2022/12/9,337.67,339.11,335.25,335.37,3815500
2022/12/12,336.14,340.65,336.06,340.62,5017300
2022/12/13,348.18,348.22,339.50,341.81,5274300
2022/12/14,341.78,344.66,337.64,340.22,5498400
2022/12/15,336.58,337.37,330.78,332.80,5865600
2022/12/16,329.29,330.50,326.45,328.97,6672200
2022/12/19,328.87,330.33,325.71,327.38,3709600
2022/12/20,327.59,329.87,326.41,328.38,4721700
2022/12/21,331.54,334.33,331.12,333.60,5086800
2022/12/22,331.50,331.85,325.65,330.26,4876900
2022/12/23,329.62,332.19,328.06,331.93,3997900
2022/12/26,329.62,332.19,328.06,331.93,3997900
2022/12/27,332.34,333.82,330.57,332.37,3098900
2022/12/28,332.69,333.74,328.57,328.57,3102400
2022/12/29,330.53,332.85,330.13,332.06,2458800
2022/12/30,330.62,331.40,328.35,331.33,3881800
2023/1/2,330.62,331.40,328.35,331.33,3881800
2023/1/3,332.42,333.83,328.35,331.22,3910700
2023/1/4,332.56,334.04,330.20,332.56,4137300
2023/1/5,330.97,331.15,328.10,329.22,4350100
2023/1/6,332.18,337.12,329.91,336.28,4800800
2023/1/9,337.69,339.41,334.92,335.29,3864000
2023/1/10,334.95,337.33,334.29,337.23,2277500
2023/1/11,338.40,339.81,337.13,339.76,3265800
2023/1/12,340.88,343.00,337.95,342.00,4332600
2023/1/13,339.16,343.49,339.11,343.04,3473400
2023/1/16,339.16,343.49,339.11,343.04,3473400
2023/1/17,342.36,342.75,338.63,339.16,3929700
2023/1/18,339.57,340.20,332.70,332.97,5164300
2023/1/19,331.06,332.46,329.97,330.63,3454200
2023/1/20,330.82,333.73,329.35,333.67,4120200
2023/1/23,334.69,337.75,333.05,336.17,3985300
2023/1/24,334.96,337.72,333.70,337.10,3360900
2023/1/25,334.24,337.64,332.55,337.32,4318600
2023/1/26,338.45,339.46,336.20,339.36,2930900
2023/1/27,339.40,341.54,338.16,339.61,2907400
2023/1/30,338.46,340.43,336.85,337.06,3032700
2023/1/31,337.60,340.86,336.51,340.83,2593500
2023/2/1,339.12,343.27,335.58,340.87,6175400
2023/2/2,341.51,341.51,338.01,340.43,5169400
2023/2/3,338.77,341.67,337.96,338.98,6504300
2023/2/6,337.65,339.56,336.69,338.48,2708400
2023/2/7,336.95,342.31,336.19,341.52,4969600
2023/2/8,340.37,341.46,338.84,339.42,2769500
2023/2/9,341.75,342.56,336.06,337.08,3094700
2023/2/10,336.74,339.01,335.95,338.73,2523900
2023/2/13,338.88,342.56,338.88,342.55,2653900
2023/2/14,341.52,343.53,338.41,341.14,3501100
2023/2/15,339.46,341.67,338.63,341.66,1967700
2023/2/16,338.50,340.89,337.31,337.39,3229600
2023/2/17,335.72,338.43,335.08,338.29,3034200
2023/2/20,335.72,338.43,335.08,338.29,3034200
2023/2/21,334.72,335.94,331.10,331.25,3142900
2023/2/22,331.75,332.43,329.45,330.52,2896400
2023/2/23,331.85,332.75,327.98,331.67,5999600
2023/2/24,327.83,329.14,326.43,328.12,3764700
2023/2/27,330.73,331.98,328.20,329.06,2887300
2023/2/28,328.87,328.87,326.51,326.57,3155300
2023/3/1,326.04,327.82,325.30,327.00,3317500
2023/3/2,327.57,331.20,326.80,330.44,3047500
2023/3/3,331.52,334.43,330.42,334.21,3033500
2023/3/6,334.63,336.12,334.18,334.68,2641700
2023/3/7,334.67,334.92,328.72,328.87,5009200
2023/3/8,328.92,329.50,326.60,328.49,3169600
2023/3/9,329.72,330.44,322.40,323.08,4760900
2023/3/10,322.54,324.87,318.43,319.73,7741600
2023/3/13,316.76,323.17,316.66,318.82,6831600
2023/3/14,322.21,323.71,318.71,322.19,4760500
2023/3/15,316.90,319.81,314.97,319.54,6518000
2023/3/16,317.66,323.57,316.43,323.25,6569900
2023/3/17,320.72,321.09,317.16,318.50,5314900
2023/3/20,319.33,322.75,319.33,322.30,4695000
2023/3/21,325.42,325.84,323.34,325.62,3527300
2023/3/22,325.65,327.56,320.06,320.18,4378700
2023/3/23,321.33,325.02,318.50,320.84,4772600
2023/3/24,319.45,322.46,317.91,322.32,4484900
2023/3/27,324.59,325.57,323.30,324.31,3550900
2023/3/28,323.99,325.65,322.84,323.81,2536500
2023/3/29,326.58,327.17,325.29,327.08,2531700
2023/3/30,328.88,328.95,326.72,328.48,2487000
2023/3/31,329.59,332.81,329.51,332.62,2837300
2023/4/3,333.59,336.25,333.51,335.91,3450700
2023/4/4,335.91,336.26,332.63,333.94,2449900
2023/4/5,334.00,335.45,333.76,334.82,2566600
2023/4/6,334.35,335.31,333.28,334.90,2333300
2023/4/7,334.35,335.31,333.28,334.90,2333300
2023/4/10,334.00,335.96,333.43,335.96,2834200
2023/4/11,336.31,337.87,336.01,336.90,2343100
2023/4/12,338.61,339.01,335.96,336.61,3363800
2023/4/13,337.07,340.58,336.07,340.37,3040900
2023/4/14,339.94,340.85,337.31,338.84,3107900
2023/4/17,339.12,339.93,337.99,339.92,2226400
2023/4/18,339.94,340.22,337.90,339.80,2191100
2023/4/19,339.11,339.63,338.19,338.99,2854700
2023/4/20,337.43,338.85,336.85,337.95,2179300
2023/4/21,338.26,338.58,336.81,338.11,2470100
2023/4/24,337.91,338.91,337.21,338.75,2288800
2023/4/25,338.17,338.68,335.20,335.33,2745300
2023/4/26,335.60,336.46,332.31,332.95,3588400
2023/4/27,334.18,338.58,333.83,338.20,3066600
2023/4/28,337.19,341.04,337.13,341.03,3651100
2023/5/1,341.10,342.59,340.26,340.36,2296200
2023/5/2,339.94,340.00,334.31,336.87,3275800
2023/5/3,337.13,338.18,333.93,334.11,3924100
2023/5/4,333.28,333.59,329.37,331.33,3576800
2023/5/5,334.26,337.50,333.94,336.73,3542700
2023/5/8,337.17,337.39,335.09,336.22,1789900
2023/5/9,335.41,336.68,335.15,335.77,1924900
2023/5/10,337.40,337.85,332.49,335.49,3365500
2023/5/11,333.74,333.87,331.47,333.33,2744700
2023/5/12,334.42,334.45,331.31,333.20,2636400
2023/5/15,333.51,334.26,331.86,333.77,2171000
2023/5/16,332.71,333.07,330.28,330.35,2265200
2023/5/17,332.14,335.17,330.89,334.61,3068800
2023/5/18,333.90,336.44,332.75,336.06,3553500
2023/5/19,335.96,336.45,333.22,334.19,3706700
2023/5/22,334.12,335.15,332.02,332.90,2555100
2023/5/23,331.76,333.10,330.08,330.61,2526200
2023/5/24,330.00,330.24,327.48,328.01,2978300
2023/5/25,328.07,328.73,325.82,327.75,3499900
2023/5/26,328.13,331.62,327.92,330.84,3580000
2023/5/29,328.13,331.62,327.92,330.84,3580000
2023/5/30,330.65,331.32,328.92,330.52,3474500
2023/5/31,329.45,330.17,327.70,329.52,3067600
2023/6/1,328.91,331.98,327.32,330.94,3081300
2023/6/2,333.24,338.50,333.11,338.07,5584700
2023/6/5,338.21,338.48,335.96,336.13,3415600
2023/6/6,336.03,336.74,334.47,336.17,2824900
2023/6/7,336.54,337.52,335.93,337.17,2739000
2023/6/8,337.23,339.26,336.75,338.81,2700300
2023/6/9,338.57,340.26,338.32,339.27,3162300
2023/6/12,339.74,341.30,339.23,341.17,2035500
2023/6/13,341.74,343.63,341.60,342.62,3259300
2023/6/14,341.39,342.04,338.34,340.42,3766000
2023/6/15,340.35,345.58,340.18,344.77,4722500
2023/6/16,345.35,345.73,342.72,342.95,5576800
2023/6/19,345.35,345.73,342.72,342.95,5576800
2023/6/20,341.30,341.61,339.00,340.46,3387200
2023/6/21,339.62,340.91,338.68,339.43,3050700
2023/6/22,338.94,339.93,338.24,339.34,2605500
2023/6/23,337.12,338.19,336.22,337.16,3721600
2023/6/26,336.80,338.08,335.95,337.14,2301900
2023/6/27,337.10,339.65,337.10,339.23,1778800
2023/6/28,338.73,338.94,337.43,338.63,2305000
2023/6/29,338.41,341.39,338.11,341.16,2902700
2023/6/30,343.22,344.58,342.76,343.85,3027500
2023/7/3,343.00,344.53,342.78,344.07,1698400
2023/7/4,343.00,344.53,342.78,344.07,1698400
2023/7/5,342.38,343.74,342.25,342.81,2717000
2023/7/6,340.24,340.87,337.70,339.23,3742400
2023/7/7,337.97,340.40,337.19,337.43,2852200
2023/7/10,337.40,339.65,337.17,339.58,2560200
2023/7/11,340.74,342.92,339.95,342.64,2477100
2023/7/12,344.91,345.90,343.15,343.63,4140200
2023/7/13,344.34,344.88,343.70,343.92,2472300
2023/7/14,345.71,345.92,344.51,345.17,3293400
2023/7/17,344.56,346.70,344.22,345.85,2860000
2023/7/18,345.65,349.91,345.25,349.58,4617200
2023/7/19,350.40,352.45,350.40,350.69,5864300
2023/7/20,351.45,353.89,351.35,352.43,4561300
2023/7/21,352.81,353.32,351.71,352.14,2971700
2023/7/24,352.71,354.57,352.53,354.07,3073700
2023/7/25,353.80,355.18,353.55,354.32,2548700
2023/7/26,353.14,356.28,353.12,355.25,3084700
2023/7/27,355.86,356.36,352.04,352.77,4771000
2023/7/28,354.51,355.55,353.43,354.48,3219000
2023/7/31,354.57,355.60,354.19,355.57,2201400
2023/8/1,355.27,356.70,355.14,356.20,2581900
2023/8/2,354.48,355.20,352.11,352.74,5061000
2023/8/3,351.60,353.39,351.12,351.99,3307000
2023/8/4,353.12,354.96,350.20,350.65,4269400
2023/8/7,352.04,354.87,351.88,354.62,2390800
2023/8/8,352.42,353.35,349.92,353.02,3033600
2023/8/9,352.87,353.68,350.54,351.28,2873300
2023/8/10,353.15,355.92,351.19,351.89,4133500
2023/8/11,351.19,353.72,350.61,353.00,2602600
2023/8/14,352.73,353.50,351.77,353.21,3134100
2023/8/15,351.67,352.02,349.18,349.61,2818700
2023/8/16,349.30,351.52,347.71,347.77,3586800
2023/8/17,348.95,349.32,344.82,345.06,4804100
2023/8/18,342.95,345.91,342.68,345.12,3525400
2023/8/21,345.30,345.72,342.49,344.67,3176500
2023/8/22,344.79,345.14,342.57,342.96,2816000
2023/8/23,343.53,345.40,343.25,344.83,2605400
2023/8/24,344.32,346.97,340.97,341.03,3840800
2023/8/25,342.46,344.55,340.35,343.50,3868500
2023/8/28,345.21,346.67,344.50,345.71,2382700
2023/8/29,345.56,348.75,345.40,348.62,3107700
2023/8/30,349.10,350.73,348.52,349.40,2792900
2023/8/31,350.92,351.28,347.74,347.81,2901400
2023/9/1,349.93,350.36,347.75,348.98,2533200
2023/9/4,349.93,350.36,347.75,348.98,2533200
2023/9/5,349.08,349.28,346.90,346.98,1906900
2023/9/6,346.45,346.51,343.46,345.00,2748400
2023/9/7,344.46,346.24,344.35,345.69,2378600
2023/9/8,345.77,347.04,345.48,346.51,1665900
2023/9/11,348.02,348.59,346.51,347.37,1722900
2023/9/12,346.64,349.30,346.36,347.21,1813800
2023/9/13,347.56,348.51,345.82,346.55,2025200
2023/9/14,348.66,350.63,347.73,349.94,3489400
2023/9/15,348.26,348.85,345.60,346.14,3581700
2023/9/18,346.28,347.13,345.31,346.15,2122800
2023/9/19,345.47,345.81,342.98,345.07,2740900
2023/9/20,346.04,347.66,344.20,344.32,3411400
2023/9/21,343.17,343.65,340.47,340.58,3483700
2023/9/22,340.69,341.43,339.32,339.58,3376400
2023/9/25,338.73,340.07,337.69,339.98,3104700
2023/9/26,337.87,338.74,335.55,336.04,4657300
2023/9/27,336.88,337.15,332.93,335.43,4442200
2023/9/28,335.32,337.67,334.57,336.62,4053600
2023/9/29,338.78,338.83,333.91,334.95,3786500
2023/10/2,334.29,335.02,332.08,334.09,4192600
2023/10/3,332.84,333.88,329.04,329.98,4871100
2023/10/4,330.13,331.46,328.61,330.99,4877100
2023/10/5,330.82,331.75,329.39,331.17,3172200
2023/10/6,330.35,335.64,328.48,334.10,4491300
2023/10/9,332.95,336.38,332.59,336.09,3756300
2023/10/10,337.20,339.01,336.03,337.45,3769400
2023/10/11,338.19,338.84,336.16,338.03,2773900
2023/10/12,338.77,338.77,334.57,336.27,3315000
2023/10/13,337.48,339.61,335.52,336.68,5154600
2023/10/16,338.77,340.91,338.41,339.89,3969300
2023/10/17,338.33,341.52,338.27,339.99,3777800
2023/10/18,339.74,339.97,336.00,336.63,4141200
2023/10/19,336.69,338.62,333.76,334.12,5201800
2023/10/20,333.38,334.23,331.13,331.19,3960800
2023/10/23,329.90,332.33,328.88,329.32,3898300
2023/10/24,331.00,332.70,329.85,331.44,3583900
2023/10/25,332.22,332.69,329.83,330.35,3836300
2023/10/26,330.16,331.02,327.36,327.82,4882600
2023/10/27,327.84,327.88,323.21,324.19,4757300
2023/10/30,326.39,330.02,326.37,329.23,4617200
2023/10/31,329.18,330.68,327.84,330.48,3645800
2023/11/1,330.92,333.36,330.10,332.68,4546200
2023/11/2,334.78,338.52,334.41,338.39,5356300
2023/11/3,340.12,341.62,339.39,340.61,4046900
2023/11/6,340.86,341.64,339.89,341.04,2766000
2023/11/7,340.73,342.07,340.30,341.54,2793700
2023/11/8,342.10,342.59,339.94,341.12,2787900
2023/11/9,342.01,342.05,338.77,339.11,3940700
2023/11/10,340.81,343.30,339.27,343.01,3268600
2023/11/13,342.38,344.30,342.23,343.57,2624500
2023/11/14,347.52,349.52,346.67,348.42,4815500
2023/11/15,349.29,350.78,348.98,350.27,3149400
2023/11/16,349.58,350.80,348.75,350.02,3848000
2023/11/17,349.78,350.22,348.73,349.43,2059200
2023/11/20,349.10,352.24,349.07,351.52,2904300
2023/11/21,351.11,351.21,350.36,350.82,1849500
2023/11/22,351.89,353.14,351.50,352.56,3486200
2023/11/23,351.89,353.14,351.50,352.56,3486200
2023/11/24,353.16,353.95,353.04,353.80,1245100
2023/11/27,353.63,354.14,352.78,353.32,2532400
2023/11/28,353.49,355.14,353.09,354.11,2759600
2023/11/29,354.97,356.13,354.37,354.65,2736300
2023/11/30,356.71,360.18,356.45,360.00,4094300
2023/12/1,360.02,363.25,359.86,363.05,5852500
2023/12/4,361.15,362.95,361.02,362.64,4211000
2023/12/5,361.86,362.26,360.70,361.91,5372700
2023/12/6,362.81,363.55,360.83,361.22,5583700
2023/12/7,361.96,362.36,360.93,361.83,3295600
2023/12/8,361.76,363.68,361.38,363.12,2930400
2023/12/11,363.60,364.87,363.00,364.69,3673200
2023/12/12,365.41,366.68,364.43,366.41,3239600
2023/12/13,366.60,371.74,366.00,371.74,4304800
2023/12/14,372.71,373.67,371.26,373.33,5507000
2023/12/15,371.74,373.39,371.33,372.63,6948400
2023/12/18,373.29,373.87,372.76,372.98,3403200
2023/12/19,373.24,375.56,373.12,375.50,3749200
2023/12/20,374.67,376.34,370.61,370.80,4564700
2023/12/21,372.89,374.13,371.16,373.88,3837500
2023/12/22,373.64,375.31,372.58,373.80,3330700
2023/12/25,373.64,375.31,372.58,373.80,3330700
2023/12/26,373.68,376.09,373.58,375.35,2217800
2023/12/27,375.10,376.79,374.75,376.56,3061200
2023/12/28,376.52,377.69,376.52,377.03,2620400
2023/12/29,376.95,377.46,375.27,376.87,3364400
2024/1/1,376.95,377.46,375.27,376.87,3364400
2024/1/2,374.80,377.82,374.80,377.09,5776300
2024/1/3,375.57,376.12,373.90,374.21,6393600
2024/1/4,374.84,377.22,374.40,374.54,4251900
2024/1/5,374.43,376.25,373.21,374.64,5381700
2024/1/8,373.40,376.97,372.47,376.84,4604900
2024/1/9,374.80,375.60,373.75,375.18,3230900
2024/1/10,375.55,377.47,375.29,376.95,2718700
2024/1/11,377.77,378.12,374.25,377.17,4095700
2024/1/12,377.48,378.25,374.73,375.91,3816700
2024/1/15,377.48,378.25,374.73,375.91,3816700
2024/1/16,374.97,375.53,372.04,373.66,4471600
2024/1/17,371.75,373.75,371.34,372.72,4361000
2024/1/18,372.23,375.33,371.36,374.81,3953400
2024/1/19,375.78,379.37,374.46,378.60,5218600
2024/1/22,379.69,381.08,379.08,380.07,5433400
2024/1/23,379.36,379.85,377.98,379.04,3110100
2024/1/24,380.21,380.62,377.94,378.09,3967200
2024/1/25,379.07,380.56,377.92,380.48,3539100
2024/1/26,379.98,382.13,379.95,381.09,3221000
2024/1/29,381.00,383.41,380.54,383.31,2730900
2024/1/30,382.82,384.95,382.49,384.49,2747900
2024/1/31,385.21,385.82,381.34,381.37,4476600
2024/2/1,381.40,385.15,380.97,385.10,3652500
2024/2/2,383.99,387.78,383.24,386.42,3344800
2024/2/5,385.99,385.99,382.12,383.58,3761600
2024/2/6,383.92,385.37,383.50,385.08,2507800
2024/2/7,386.39,387.45,385.65,386.67,2797600
2024/2/8,387.47,387.66,385.51,387.35,2549800
2024/2/9,387.19,387.50,385.76,386.72,3526300
2024/2/12,386.49,389.41,386.44,388.11,2412200
2024/2/13,385.07,385.16,380.46,382.82,5325300
2024/2/14,384.00,384.55,382.07,384.29,3465200
2024/2/15,385.19,388.33,384.88,388.25,3497200
2024/2/16,387.17,388.25,385.70,386.19,3772300
2024/2/19,387.17,388.25,385.70,386.19,3772300
2024/2/20,385.51,386.57,384.54,385.69,3295700
2024/2/21,384.96,386.17,383.32,386.05,3027600
2024/2/22,388.36,391.47,387.91,390.54,4990700
2024/2/23,391.77,392.84,390.92,391.28,3451600
2024/2/26,391.45,392.41,390.24,390.71,1914100
2024/2/27,390.36,390.45,388.75,389.66,2370900
2024/2/28,387.94,389.74,387.60,389.60,3313900
2024/2/29,390.69,391.11,388.45,389.95,3026900
2024/3/1,389.85,391.61,388.88,391.31,3857500
2024/3/4,389.35,391.25,389.35,390.23,3048500
2024/3/5,388.99,389.29,384.92,386.19,4132400
2024/3/6,388.49,389.13,386.13,387.18,3039100
2024/3/7,389.07,389.72,387.83,388.45,2965700
2024/3/8,388.24,390.42,387.71,387.99,4256900
2024/3/11,386.92,388.65,385.50,388.42,3396000
2024/3/12,389.24,391.44,387.84,390.79,3275800
2024/3/13,391.69,392.79,390.06,391.22,2788700
2024/3/14,392.17,392.41,387.84,390.07,4471900
2024/3/15,387.74,389.26,386.04,387.00,4372300
2024/3/18,388.35,388.86,387.48,387.73,2060600
2024/3/19,388.16,391.09,387.47,390.90,3303800
2024/3/20,390.15,395.22,389.89,394.99,4823900
2024/3/21,396.31,398.82,395.81,397.75,4348400
2024/3/22,397.76,398.06,394.49,394.53,3156100
2024/3/25,393.92,394.15,392.82,392.95,2535600
2024/3/26,393.68,394.27,392.63,392.85,3395400
2024/3/27,395.00,397.58,394.47,397.56,4427300
2024/3/28,398.06,398.56,397.04,397.76,3155000
2024/3/29,398.06,398.56,397.04,397.76,3155000
2024/4/1,397.82,398.05,394.73,395.33,3825200
2024/4/2,391.97,392.14,390.28,391.63,4034900
2024/4/3,391.68,392.92,389.99,391.26,3547000
2024/4/4,394.03,394.24,385.60,386.02,5041200
2024/4/5,386.35,390.45,386.08,388.86,4423500
2024/4/8,389.05,390.14,388.57,389.10,2431300
2024/4/9,389.62,389.98,385.73,388.84,4003900
2024/4/10,384.92,385.97,383.03,384.51,5173100
2024/4/11,385.47,386.08,382.00,384.54,3972800
2024/4/12,382.31,382.93,378.81,379.87,5305100
2024/4/15,383.33,383.82,376.60,377.31,4870700
2024/4/16,379.74,379.93,377.04,377.98,4383500
2024/4/17,379.21,380.19,376.14,377.45,4584900
2024/4/18,379.05,380.93,376.85,377.84,4579200
2024/4/19,378.69,381.03,377.92,379.80,5078600
2024/4/22,381.73,384.44,379.81,382.37,4129000
2024/4/23,383.69,385.59,382.91,385.02,3126400
2024/4/24,384.87,385.47,383.02,384.44,3575800
2024/4/25,379.79,381.55,377.48,380.92,4682800
2024/4/26,380.75,383.34,380.53,382.31,4252400
2024/4/29,383.10,384.03,382.07,383.80,3265900
2024/4/30,382.46,382.75,378.08,378.13,3463600
2024/5/1,378.38,383.48,377.98,378.89,5731600
2024/5/2,381.15,382.91,378.90,382.23,3535600
2024/5/3,387.14,387.99,385.06,386.77,4471100
2024/5/6,388.32,388.74,386.83,388.45,2596100
2024/5/7,389.17,389.75,388.34,388.74,2428600
2024/5/8,388.34,390.91,388.19,390.48,2855100
2024/5/9,390.11,394.26,390.01,394.00,4141200
2024/5/10,395.25,395.90,394.10,395.18,3505600
2024/5/13,396.38,396.61,394.07,394.46,2635800
2024/5/14,394.54,396.25,393.81,395.58,2702700
2024/5/15,397.24,399.50,396.94,399.28,3421200
2024/5/16,399.75,401.00,399.13,399.21,2877200
2024/5/17,399.11,400.02,398.44,399.95,2702900
2024/5/20,399.77,400.72,397.84,398.10,2094800
2024/5/21,398.32,399.06,397.77,398.78,1618300
2024/5/22,397.95,398.85,395.51,396.66,2647200
2024/5/23,397.06,397.09,390.25,390.66,3361200
2024/5/24,391.22,392.25,390.16,390.64,2072200
2024/5/27,391.22,392.25,390.16,390.64,2072200
2024/5/28,389.81,390.22,387.02,388.60,2176100
2024/5/29,385.31,385.72,384.24,384.58,2715000
2024/5/30,381.37,382.40,380.41,381.48,4063400
2024/5/31,381.98,387.61,381.27,387.53,4748400
2024/6/3,387.87,387.89,382.93,386.24,3614300
2024/6/4,385.00,388.38,384.54,387.51,2822500
2024/6/5,388.60,388.97,385.97,388.53,2181400
2024/6/6,388.81,390.59,387.79,389.33,2241900
2024/6/7,388.88,391.62,387.89,388.49,1952000
2024/6/10,388.03,389.36,387.19,389.29,1380600
2024/6/11,387.66,388.20,384.90,387.97,2522600
2024/6/12,391.58,391.91,386.69,387.69,3866700
2024/6/13,386.82,387.67,384.59,386.88,3136100
2024/6/14,384.62,386.54,383.63,386.46,2884300
2024/6/17,385.25,389.21,384.98,388.58,2025300
2024/6/18,388.91,390.19,388.02,389.14,1848700
2024/6/19,388.91,390.19,388.02,389.14,1848700
2024/6/20,388.74,393.11,388.38,392.07,3588000
2024/6/21,391.67,392.47,390.46,391.34,2592100
2024/6/24,392.47,395.59,391.90,393.98,3096600
2024/6/25,393.56,394.11,389.82,391.02,2879100
2024/6/26,390.09,391.73,389.01,391.24,1501900
2024/6/27,390.61,392.39,390.16,391.56,1601100
2024/6/28,391.37,394.32,389.20,391.13,3624400
2024/7/1,392.08,394.29,390.26,391.46,2536500
2024/7/2,390.79,393.29,390.69,393.29,1711600
2024/7/3,393.73,394.06,392.14,392.83,2319100
2024/7/4,393.73,394.06,392.14,392.83,2319100
2024/7/5,393.19,394.00,391.65,393.70,2011000
2024/7/8,394.41,396.73,392.78,393.46,3374500
2024/7/9,393.22,395.04,391.47,392.94,3821600
2024/7/10,392.94,397.46,392.63,397.26,4234300
2024/7/11,397.50,398.89,396.31,397.63,4020700
2024/7/12,398.86,402.69,398.12,400.32,4711800
2024/7/15,402.47,403.58,401.40,402.36,4433500
2024/7/16,403.86,409.99,403.85,409.66,6547600
2024/7/17,408.56,412.34,408.56,411.93,4490600
2024/7/18,410.68,413.86,406.05,406.72,4922200
2024/7/19,405.37,406.06,401.95,402.95,4284500
2024/7/22,404.04,404.73,402.22,404.15,2314000
2024/7/23,404.29,405.29,403.22,403.49,1693500
2024/7/24,401.73,402.63,398.08,398.67,3701300
2024/7/25,398.63,404.39,398.37,399.49,4179800
2024/7/26,401.81,407.62,401.71,405.97,2810600
2024/7/29,406.86,407.00,403.96,405.51,2039000
2024/7/30,405.87,408.72,405.28,407.41,2576400
2024/7/31,407.46,412.01,406.49,408.49,5634800
2024/8/1,409.70,410.93,400.96,403.23,5497900
2024/8/2,399.93,400.38,393.56,397.13,4844900
2024/8/5,386.52,390.30,384.93,386.81,8680200
2024/8/6,387.56,394.52,386.26,389.96,4058000
2024/8/7,392.63,394.79,387.28,387.77,3969400
2024/8/8,389.51,395.14,389.24,394.52,2993500
2024/8/9,394.18,396.49,392.42,395.15,3380200
2024/8/12,395.95,396.04,392.61,393.77,1902000
2024/8/13,395.07,398.13,394.07,397.79,3510800
2024/8/14,397.74,400.88,397.51,400.09,5230400
2024/8/15,404.74,406.14,403.18,405.88,3764100
2024/8/16,405.03,407.37,404.60,406.74,2789200
2024/8/19,407.36,409.32,407.26,409.11,2012400
2024/8/20,408.62,409.35,407.78,408.56,1999600
2024/8/21,409.32,409.99,407.59,408.99,1439000
2024/8/22,409.70,410.50,406.02,407.48,2353500
2024/8/23,409.29,412.32,408.56,411.83,3818300
2024/8/26,412.64,414.52,411.65,412.72,3145000
2024/8/27,412.29,413.07,411.36,412.89,1710200
2024/8/28,412.66,413.93,408.71,411.34,2732600
2024/8/29,414.37,416.30,411.30,413.91,5024800
2024/8/30,414.51,416.55,412.12,416.21,2283800
2024/9/2,414.51,416.55,412.12,416.21,2283800
2024/9/3,414.19,415.18,408.62,410.25,3754700
2024/9/4,409.97,412.55,409.23,410.42,2131200
2024/9/5,411.34,411.66,405.98,408.46,2234700
2024/9/6,408.96,411.00,403.78,404.47,3351000
2024/9/9,407.36,410.89,406.11,409.05,3038200
2024/9/10,410.10,410.13,404.97,408.26,1970500
2024/9/11,407.15,409.93,400.81,409.27,3134600
2024/9/12,409.70,412.00,407.48,411.97,3131600
2024/9/13,412.59,416.31,412.35,414.94,5210300
2024/9/16,416.45,418.55,415.65,417.38,3881100
2024/9/17,418.29,419.49,415.81,417.26,2561700
2024/9/18,417.50,421.00,415.55,416.19,3173600
2024/9/19,421.98,422.78,419.38,421.41,4073000
2024/9/20,419.38,421.30,418.50,420.57,2902200
2024/9/23,421.12,421.70,420.00,421.11,2318700
2024/9/24,421.67,422.65,420.38,422.13,2790700
2024/9/25,422.44,422.94,418.38,419.12,2048000
2024/9/26,421.24,422.12,420.20,421.62,2703700
2024/9/27,422.59,426.20,422.24,422.95,3667700
2024/9/30,422.42,423.30,419.08,423.12,3819800
2024/10/1,422.42,423.15,419.29,421.50,5101300
2024/10/2,421.83,422.50,419.58,421.91,2599600
2024/10/3,420.34,421.12,418.28,419.98,2534400
2024/10/4,422.37,423.61,419.66,423.41,2520900
2024/10/7,422.11,422.93,418.26,419.61,2632600
2024/10/8,420.51,421.28,418.71,420.80,1872900
2024/10/9,420.89,425.66,420.03,425.05,3935100
2024/10/10,425.00,425.07,423.04,424.66,2179000
2024/10/11,425.28,429.07,425.01,428.73,3753500
2024/10/14,428.32,431.42,427.19,430.89,2180600
2024/10/15,429.33,430.13,427.03,427.54,3291200
2024/10/16,427.18,431.08,426.92,430.72,2583700
2024/10/17,432.54,432.89,431.20,432.45,3462800
2024/10/18,432.26,433.20,430.33,432.64,2303700
2024/10/21,432.43,433.04,428.76,429.37,2702600
2024/10/22,427.64,430.42,427.16,429.31,2306100
2024/10/23,427.03,427.76,422.92,425.16,4006500
2024/10/24,424.32,424.67,421.94,423.78,1936600
2024/10/25,425.45,426.00,420.47,421.14,2518800
2024/10/28,423.55,424.82,423.27,424.07,2912000
2024/10/29,422.23,424.97,421.76,422.50,2697700
2024/10/30,422.02,424.65,421.45,421.75,2933600
2024/10/31,419.23,419.93,417.02,417.67,4297100
2024/11/1,419.67,423.30,419.31,420.42,3856400
2024/11/4,419.84,420.30,416.44,418.05,3125400
2024/11/5,418.27,422.62,417.71,422.30,3093100
2024/11/6,434.66,437.79,433.71,437.23,7271800
2024/11/7,437.53,438.25,436.43,437.39,4267900
2024/11/8,438.30,441.70,437.40,440.11,5014300
2024/11/11,441.88,444.87,441.82,443.01,4065100
2024/11/12,443.58,444.22,439.05,439.39,3483000
2024/11/13,439.91,441.55,438.44,439.81,2631000
2024/11/14,440.59,440.94,437.10,437.70,2528300
2024/11/15,435.84,436.51,433.52,434.51,3486900
2024/11/18,434.17,435.33,433.19,434.19,2243000
2024/11/19,430.73,434.12,429.64,432.84,3202500
2024/11/20,433.55,434.91,430.92,434.29,3956000
2024/11/21,435.86,440.54,433.63,438.97,7558000
2024/11/22,439.59,443.57,439.32,443.16,5492800
2024/11/25,446.61,448.40,445.40,447.56,2976100
2024/11/26,446.56,449.33,444.66,448.88,4126500
2024/11/27,449.18,450.64,447.37,447.74,2985900
2024/11/28,449.18,450.64,447.37,447.74,2985900
2024/11/29,448.30,451.28,448.24,450.09,3474100
2024/12/2,450.61,451.00,447.93,448.74,2661200
2024/12/3,449.15,449.60,446.61,447.89,1697400
2024/12/4,449.85,451.55,448.78,450.94,3694400
2024/12/5,450.48,451.48,448.35,448.67,1917600
2024/12/6,449.49,449.96,446.78,447.15,1973900
2024/12/9,447.65,448.28,444.80,445.08,1998600
2024/12/10,444.51,445.80,442.95,443.69,2461000
2024/12/11,444.11,444.74,442.38,442.51,2084300
2024/12/12,442.49,443.12,440.05,440.27,3585300
2024/12/13,440.86,441.53,438.92,439.37,2548400
2024/12/16,439.65,440.67,437.95,438.37,1987500
2024/12/17,436.18,436.83,434.43,435.57,3130300
2024/12/18,435.98,438.04,423.98,424.22,6135700
2024/12/19,427.51,428.97,424.45,424.53,4948000
2024/12/20,422.06,432.08,421.72,428.54,6069600
2024/12/23,427.30,429.44,424.98,428.89,2602700
2024/12/24,428.89,432.63,428.28,432.50,1431700
2024/12/25,428.89,432.63,428.28,432.50,1431700
2024/12/26,430.97,433.67,430.92,433.21,1867400
2024/12/27,430.58,432.29,427.43,430.00,2429100
2024/12/30,425.47,427.66,422.52,425.77,3858300
2024/12/31,426.91,427.74,424.04,425.50,2442700
2025/1/1,426.91,427.74,424.04,425.50,2442700
2025/1/2,428.34,428.96,421.59,423.80,4231500
2025/1/3,425.85,427.77,424.20,427.16,2203200
2025/1/6,428.86,431.12,426.08,427.13,3463300
2025/1/7,428.90,429.32,423.86,425.33,2053900
2025/1/8,425.41,426.56,423.26,426.13,2020200
2025/1/9,425.41,426.56,423.26,426.13,2020200
2025/1/10,424.28,424.33,418.80,419.33,3415500
2025/1/13,418.76,423.24,418.51,422.96,2608100
2025/1/14,424.88,425.51,421.55,425.15,2643300
2025/1/15,431.56,433.28,430.50,432.24,4059800
2025/1/16,432.09,432.91,430.76,431.56,2532500
2025/1/17,434.54,436.39,433.97,434.72,2771000
2025/1/20,434.54,436.39,433.97,434.72,2771000
2025/1/21,436.35,440.43,436.31,440.10,2113800
2025/1/22,441.49,442.00,440.35,441.28,3724100
2025/1/23,441.52,445.45,441.52,445.38,2352500
2025/1/24,444.80,445.48,443.34,444.12,2022000
2025/1/27,440.64,447.31,440.54,447.12,3822400
2025/1/28,447.20,449.74,446.18,448.41,2233500
2025/1/29,448.21,449.61,445.77,447.18,2225100
2025/1/30,446.54,450.11,446.35,448.82,2322600
2025/1/31,450.03,450.36,445.04,445.39,3085400
2025/2/3,439.61,445.90,438.70,444.27,4527700
2025/2/4,444.23,446.00,443.27,445.53,1890500
2025/2/5,445.72,448.85,443.41,448.67,2273400
2025/2/6,449.35,449.73,445.39,447.36,1867200
2025/2/7,447.78,448.49,442.80,443.12,2259200
2025/2/10,445.82,446.27,443.10,444.78,1858100
2025/2/11,443.34,446.54,443.23,446.11,1436200
2025/2/12,442.34,444.79,441.07,443.63,2444500
2025/2/13,445.33,447.85,443.70,447.26,2961500
2025/2/14,447.10,448.04,445.35,445.79,2005400
2025/2/17,447.10,448.04,445.35,445.79,2005400
2025/2/18,445.28,446.00,443.63,445.92,2451200
2025/2/19,444.78,446.80,443.55,446.67,2239400
2025/2/20,445.27,445.56,439.97,442.39,2960000
2025/2/21,439.10,439.39,433.35,434.15,3842200
2025/2/24,435.83,436.90,433.35,434.53,3629300
2025/2/25,435.54,437.54,432.65,436.13,2953100
2025/2/26,436.44,438.52,433.00,434.34,2427800
2025/2/27,434.44,438.75,432.10,432.35,3296900
2025/2/28,433.06,438.82,431.02,438.37,3249900
2025/3/3,439.54,440.69,429.48,432.09,3925200
2025/3/4,429.68,431.09,423.85,425.57,3586900
2025/3/5,425.21,431.60,424.45,430.47,3018300
2025/3/6,426.17,430.12,424.04,425.90,2824100
2025/3/7,424.10,429.32,421.98,428.26,3719500
2025/3/10,423.39,426.05,416.62,419.49,3442800
2025/3/11,418.47,419.03,412.25,414.74,3893400
2025/3/12,416.96,417.57,410.56,413.95,2960500
2025/3/13,413.35,414.19,407.25,408.78,2557200
2025/3/14,410.83,415.91,409.91,415.36,2422700
2025/3/17,414.94,420.78,414.84,419.21,2141000
2025/3/18,418.42,418.67,414.88,416.53,1844100
2025/3/19,417.61,422.49,416.80,420.42,1813800
2025/3/20,417.92,423.14,417.64,420.12,1646500
2025/3/21,416.05,420.01,414.19,419.62,2485700
2025/3/24,423.35,426.23,422.79,425.49,2474900
2025/3/25,426.32,426.84,424.36,425.82,3997600
2025/3/26,426.33,428.14,423.14,424.23,2442100
2025/3/27,423.68,425.09,421.46,422.94,1646000
2025/3/28,421.98,422.38,415.20,415.62,2600600
2025/3/31,412.20,421.36,411.44,419.88,2985300
2025/4/1,418.41,421.28,415.00,419.59,2384800
2025/4/2,416.37,423.65,416.18,422.03,2299800
2025/4/3,410.92,411.61,405.00,405.22,7440100
2025/4/4,394.93,396.65,382.68,383.22,8667200
2025/4/7,371.38,392.21,366.32,379.57,12718200
2025/4/8,393.48,394.36,371.03,376.48,7283000
2025/4/9,372.04,407.79,372.04,406.08,9861100
2025/4/10,399.60,400.19,384.31,395.68,6624200
2025/4/11,394.44,404.09,392.69,401.91,3789900
2025/4/14,407.48,407.86,401.71,405.42,2286200
2025/4/15,405.79,408.02,403.53,403.71,2387300
2025/4/16,402.31,404.29,394.04,396.77,3004400
2025/4/17,391.48,394.42,389.51,391.36,4537500
2025/4/18,391.48,394.42,389.51,391.36,4537500
2025/4/21,388.46,388.70,378.35,381.62,2881800
2025/4/22,386.07,392.66,385.20,391.87,3308100
2025/4/23,399.29,403.75,394.90,395.91,4049200
2025/4/24,395.51,401.68,393.80,400.98,4010500
2025/4/25,399.88,401.37,397.14,401.02,1790800
2025/4/28,401.80,404.17,398.72,402.27,1534700
2025/4/29,402.40,406.32,402.20,405.21,1888100
2025/4/30,402.43,407.78,397.41,406.34,2487400
2025/5/1,408.55,410.93,407.02,407.42,1917600
2025/5/2,411.78,413.87,410.33,413.04,2277700
2025/5/5,410.82,414.44,410.46,412.26,3866000
2025/5/6,408.47,411.74,407.51,408.24,1745600
2025/5/7,409.86,412.80,408.15,411.05,2420600
2025/5/8,413.10,417.75,411.57,413.88,2001000
2025/5/9,414.44,415.17,411.57,412.42,1789200
2025/5/12,422.96,424.30,421.09,424.23,2398600
2025/5/13,422.68,423.99,421.42,421.51,3018000
2025/5/14,422.08,422.66,419.61,420.55,3064800
2025/5/15,418.54,423.68,418.49,423.48,3927000
2025/5/16,423.74,426.78,422.50,426.55,2430300
2025/5/19,423.70,428.66,423.63,428.04,3121500
2025/5/20,427.40,428.20,425.03,426.97,1971000
2025/5/21,423.09,424.57,418.09,418.75,3624800
2025/5/22,417.87,421.15,417.37,418.82,2638600
2025/5/23,413.94,418.17,413.83,416.33,3117800
2025/5/26,413.94,418.17,413.83,416.33,3117800
2025/5/27,420.70,423.86,419.19,423.85,3126600
2025/5/28,423.73,424.83,420.74,421.42,1790900
2025/5/29,422.46,423.02,418.58,422.46,2751400
2025/5/30,422.16,424.27,419.51,422.85,2957500
2025/6/2,421.31,423.85,419.08,423.71,2636100
2025/6/3,423.07,426.37,422.47,426.01,2332600
2025/6/4,426.38,427.16,424.86,424.94,2163300
2025/6/5,425.95,426.82,422.86,423.97,3018800
2025/6/6,427.78,430.09,426.55,428.38,3081100
2025/6/9,428.52,429.72,426.43,428.36,2680200
2025/6/10,428.27,430.10,427.87,429.61,2022600
2025/6/11,429.86,432.06,428.17,429.60,3025000
2025/6/12,428.20,430.55,426.97,430.49,2587700
2025/6/13,426.11,426.92,421.60,422.81,4826100
2025/6/16,425.05,428.20,424.88,426.28,3177100
2025/6/17,424.46,426.42,422.36,423.11,2450200
2025/6/18,423.67,426.21,422.23,422.84,2786700
2025/6/19,423.67,426.21,422.23,422.84,2786700
2025/6/20,423.37,424.15,420.72,421.76,3810500
2025/6/23,422.00,425.96,419.62,425.72,4315000
2025/6/24,428.53,431.73,427.68,430.79,4958200
2025/6/25,430.75,430.91,428.51,429.86,3265500
2025/6/26,430.82,434.19,430.80,433.93,2444800
2025/6/27,435.15,439.56,435.10,438.00,3621000
2025/6/30,440.45,441.26,438.66,440.65,2827800
2025/7/1,440.19,445.97,440.00,444.89,4520300
2025/7/2,444.68,445.40,443.37,444.71,3141700
2025/7/3,445.67,448.86,445.57,448.09,2807100
2025/7/4,445.67,448.86,445.57,448.09,2807100
2025/7/7,447.38,447.84,441.56,444.00,3657500
2025/7/8,443.69,444.38,442.05,442.38,3563200
2025/7/9,444.39,445.60,442.28,444.52,3251900
2025/7/10,444.38,447.81,443.70,446.50,2262600
2025/7/11,443.67,444.46,442.76,443.57,3345500
2025/7/14,443.11,444.76,442.48,444.58,2244700
2025/7/15,444.58,445.17,440.14,440.15,3810700
2025/7/16,441.86,442.61,437.64,442.36,4230300
2025/7/17,442.05,445.61,441.98,445.22,3790800
2025/7/18,445.73,445.78,442.12,443.26,3901900
2025/7/21,444.20,446.01,443.14,443.44,2548800
2025/7/22,442.86,445.45,442.84,444.96,3091600
2025/7/23,447.25,450.25,446.35,450.21,5486500
2025/7/24,447.01,449.13,446.75,447.11,5078300
2025/7/25,447.53,449.41,446.41,449.02,3710600
2025/7/28,448.66,449.48,447.38,448.34,2864200
2025/7/29,448.63,448.85,445.65,446.48,3146200
2025/7/30,446.71,447.38,442.61,444.76,3765000
2025/7/31,445.27,446.20,440.50,441.33,4223300
2025/8/1,437.75,437.76,433.40,435.72,5980000
2025/8/4,437.88,441.90,437.59,441.81,5065800
2025/8/5,441.80,443.00,439.21,441.14,4081600
2025/8/6,442.11,442.95,440.13,441.97,2975300
2025/8/7,444.27,445.01,437.98,439.72,5205100
2025/8/8,440.81,442.88,440.31,441.92,3684500
2025/8/11,442.33,442.87,439.23,440.01,3538100
2025/8/12,441.69,445.15,441.14,444.68,5012600
2025/8/13,446.44,449.65,446.05,449.42,6203200
2025/8/14,447.74,449.64,446.98,449.16,4553200
2025/8/15,451.90,452.05,448.97,449.53,5584400
2025/8/18,449.35,449.97,448.63,449.05,3809100
2025/8/19,449.85,452.15,448.21,449.29,5794900
2025/8/20,449.79,450.52,447.67,449.36,4731400
2025/8/21,447.72,449.07,445.88,447.95,3780700
2025/8/22,450.42,457.87,450.29,456.64,8534700
2025/8/25,455.64,456.19,453.03,453.07,3898200
2025/8/26,452.79,454.75,452.54,454.49,3190500
2025/8/27,454.28,456.64,454.21,456.03,2943900
2025/8/28,456.53,457.20,454.79,456.79,3576500
2025/8/29,456.12,456.84,454.28,456.09,3605900
2025/9/1,456.12,456.84,454.28,456.09,3605900
2025/9/2,451.99,453.70,450.16,453.61,6009200
2025/9/3,452.88,453.74,450.53,453.26,3948200
2025/9/4,453.55,457.26,452.56,457.05,4524200
2025/9/5,457.12,458.67,452.98,454.99,5828200
2025/9/8,455.38,456.29,453.63,456.20,4395200
2025/9/9,455.96,458.55,455.22,458.01,5979400
2025/9/10,457.71,457.90,454.71,455.93,5412200
2025/9/11,456.85,462.32,456.60,461.92,6352100
2025/9/12,461.25,461.69,459.07,459.32,3784600
2025/9/15,460.01,460.91,458.83,460.07,4862200
2025/9/16,460.11,460.80,457.78,458.78,4526100
2025/9/17,459.79,463.85,457.96,461.26,5998000
2025/9/18,461.29,464.37,460.66,462.63,6681000
2025/9/19,462.72,463.78,460.87,462.94,5871400
2025/9/22,461.16,464.29,460.16,463.67,4074900
2025/9/23,464.22,467.00,462.03,462.87,5904600
2025/9/24,463.45,464.42,460.80,461.02,4588800
2025/9/25,459.90,461.08,457.71,459.43,4767200
2025/9/26,461.27,463.41,460.32,462.28,4167200
2025/9/29,463.76,463.78,461.31,463.04,3752700
2025/9/30,462.62,464.09,460.84,463.74,4253300
2025/10/1,462.57,465.14,462.55,464.26,4551600
2025/10/2,464.31,465.77,462.62,465.11,5458300
2025/10/3,465.79,470.38,465.68,467.51,9693900
2025/10/6,468.32,468.47,464.23,466.84,7405400
2025/10/7,467.55,468.61,464.39,465.97,7368700
2025/10/8,467.32,468.13,464.93,466.07,4621200
2025/10/9,466.17,466.78,462.61,463.50,5411000
2025/10/10,465.12,466.50,454.72,454.87,9309100
2025/10/13,458.23,461.56,458.06,460.68,6272500
2025/10/14,457.03,465.22,454.56,462.71,7827400
2025/10/15,464.67,466.94,460.25,462.71,6187100
2025/10/16,463.37,464.27,457.84,459.56,8149500
2025/10/17,459.30,463.11,458.92,461.78,8439900
2025/10/20,463.45,467.53,463.43,467.02,4556600
2025/10/21,467.07,471.25,466.91,469.22,5951600
2025/10/22,469.21,469.24,464.48,465.78,7604700
2025/10/23,465.55,467.97,464.86,467.29,5144200
2025/10/24,470.02,473.24,469.28,472.21,7228900
2025/10/27,474.76,475.62,473.71,475.35,4720200
2025/10/28,478.80,479.41,476.82,477.15,9435500
2025/10/29,478.65,480.39,474.49,476.37,10006500
2025/10/30,474.10,480.15,473.91,475.01,9338300
2025/10/31,475.86,477.16,473.42,475.67,7990900
2025/11/3,476.16,476.30,471.30,473.47,4858700
2025/11/4,470.42,472.71,468.80,470.90,6013300
2025/11/5,470.80,474.56,470.40,473.11,7030200
2025/11/6,472.09,473.44,467.85,469.28,7125200
2025/11/7,468.28,469.95,464.86,469.86,8604400
2025/11/10,471.90,474.20,469.45,473.82,5636600
2025/11/11,474.26,479.86,474.00,479.41,4839100
2025/11/12,480.49,484.40,480.49,482.76,7066900
2025/11/13,481.40,482.41,474.22,474.74,8722300
2025/11/14,471.38,474.05,468.87,471.80,10940200
2025/11/17,470.87,472.36,464.54,466.32,7599500
2025/11/18,462.17,464.10,459.53,461.30,12817500
2025/11/19,461.51,463.40,459.42,461.76,5833400
2025/11/20,466.64,469.03,457.71,458.10,13414200
2025/11/21,459.54,465.82,457.85,462.57,11821400
2025/11/24,463.75,465.87,461.01,464.44,6206800
2025/11/25,465.58,471.90,463.45,471.18,7203600
2025/11/26,472.20,475.79,471.93,474.35,5689100
2025/11/27,472.20,475.79,471.93,474.35,5689100
2025/11/28,474.82,477.61,474.82,477.18,2281800
2025/12/1,474.34,476.95,472.95,473.32,4413900
2025/12/2,474.21,476.46,473.12,475.26,5233500
2025/12/3,474.83,480.18,474.67,479.41,5994200
2025/12/4,479.71,481.23,477.50,479.07,4003800
2025/12/5,479.48,481.93,479.29,480.03,4596600
2025/12/8,480.49,480.52,476.84,478.15,4427600
2025/12/9,478.07,480.28,476.09,476.42,4266900
2025/12/10,476.13,482.75,475.36,481.35,5476200
2025/12/11,482.20,488.38,481.96,487.87,6972300
2025/12/12,488.70,489.66,484.17,485.40,7089900
2025/12/15,487.58,487.73,483.71,485.17,4891300
2025/12/16,484.46,485.48,480.33,481.98,5373200
2025/12/17,482.81,484.79,479.49,479.80,6381600
2025/12/18,482.18,484.63,479.41,480.51,6422800
2025/12/19,480.62,482.80,480.43,481.15,6439100
2025/12/22,481.86,484.43,481.86,483.46,4162000
2025/12/23,482.18,485.12,482.18,484.23,3677800
2025/12/24,484.19,487.57,483.59,487.01,1544000
2025/12/25,484.19,487.57,483.59,487.01,1544000
2025/12/26,486.84,487.62,485.73,487.03,2711500
2025/12/29,485.89,486.91,483.75,484.59,3390100
2025/12/30,484.62,484.67,482.82,483.59,3042700
2025/12/31,483.65,483.81,480.36,480.57,3441900
2026/1/1,483.65,483.81,480.36,480.57,3441900
2026/1/2,481.85,483.95,478.38,483.63,7021100
2026/1/5,484.41,492.04,484.25,489.77,7574400
2026/1/6,489.33,495.12,488.96,494.61,6061400
2026/1/7,495.65,496.25,489.50,489.96,5603700
2026/1/8,487.81,493.52,487.81,492.53,6544800
2026/1/9,492.86,495.70,491.91,495.02,6004600
2026/1/12,492.33,496.34,490.05,495.90,5722400
2026/1/13,495.55,495.96,490.63,491.94,5966400
2026/1/14,490.66,491.94,488.55,491.58,6767800
2026/1/15,492.37,495.83,492.21,494.48,8519900
2026/1/16,494.50,496.00,492.27,493.42,5845500
2026/1/19,494.50,496.00,492.27,493.42,5845500
2026/1/20,486.17,489.06,484.25,484.88,7416300
2026/1/21,485.67,492.91,485.56,490.80,6718600
2026/1/22,493.47,496.01,492.46,493.69,5087200
2026/1/23,491.82,492.13,489.56,490.93,4915700
2026/1/26,491.91,494.85,491.47,494.06,3722800
2026/1/27,490.69,491.59,488.56,490.06,5971400
2026/1/28,490.28,491.39,488.93,490.13,4726500
2026/1/29,490.08,492.95,485.89,490.21,9706500
2026/1/30,489.11,490.48,484.56,489.03,8112100
2026/2/2,488.87,494.81,486.98,494.03,5584500
2026/2/3,493.14,496.52,488.28,492.31,8799100
2026/2/4,493.92,496.50,491.11,494.75,8797100
2026/2/5,492.51,493.44,488.23,488.91,7767500
2026/2/6,492.37,501.67,492.13,501.03,10635300
2026/2/9,500.11,502.16,498.31,501.22,6414800
2026/2/10,502.34,505.30,501.26,501.90,8163100
2026/2/11,504.21,505.12,499.13,501.33,5743800
2026/2/12,503.13,504.54,494.32,494.67,9160300
2026/2/13,495.04,497.78,491.20,495.28,8378100
2026/2/16,495.04,497.78,491.20,495.28,8378100
2026/2/17,495.33,497.57,492.11,495.85,6779400
2026/2/18,496.78,499.34,494.65,497.00,4454300
2026/2/19,495.56,496.49,492.41,494.38,4625400
2026/2/20,492.54,497.00,491.39,496.08,6086800
2026/2/23,494.50,496.99,487.15,488.01,8269200
2026/2/24,488.39,492.85,487.45,491.79,5335000
2026/2/25,493.63,495.13,491.90,494.82,4446200
2026/2/26,497.00,498.21,492.24,494.86,6467000
2026/2/27,489.63,490.95,486.76,489.66,7198400
2026/3/2,484.34,490.98,484.15,489.18,7218500
2026/3/3,480.16,487.39,476.73,485.52,11570700
2026/3/4,486.56,489.03,483.95,487.74,7590700
2026/3/5,483.82,485.49,476.15,479.84,8758600
2026/3/6,473.72,476.23,470.46,475.23,8176800
2026/3/9,473.72,476.23,470.46,475.23,8176800
