date,open,high,low,close,volume
2013/1/1,48.89,49.80,48.80,49.79,10224500
2013/1/2,50.80,51.25,50.64,51.10,11674700
2013/1/3,51.05,51.34,50.84,51.21,7566600
2013/1/4,51.38,52.34,51.33,52.19,8745900
2013/1/7,51.76,51.76,50.66,50.97,9472100
2013/1/8,50.88,51.18,50.57,50.76,8637600
2013/1/9,50.93,51.50,50.76,50.78,8389000
2013/1/10,50.87,51.24,50.59,50.79,8097400
2013/1/11,50.82,51.02,50.45,50.58,7149000
2013/1/14,50.40,50.83,50.18,50.59,9308800
2013/1/15,50.47,51.15,50.43,51.09,7299500
2013/1/16,50.85,51.78,50.80,51.53,7371800
2013/1/17,51.84,52.70,51.84,52.41,10132100
2013/1/18,52.24,52.34,51.81,52.34,8490900
2013/1/21,52.24,52.34,51.81,52.34,8490900
2013/1/22,52.39,52.80,52.18,52.73,6635200
2013/1/23,52.86,54.16,52.78,53.95,13842700
2013/1/24,54.03,54.87,53.92,53.95,13608000
2013/1/25,53.80,54.56,53.61,54.38,7939400
2013/1/28,54.28,54.56,54.10,54.36,7133500
2013/1/29,54.15,54.21,53.53,53.99,7786400
2013/1/30,53.85,54.00,53.55,53.79,9821800
2013/1/31,53.84,54.25,53.65,53.88,7333900
2013/2/1,54.18,54.87,54.15,54.59,9552300
2013/2/4,54.16,54.50,53.80,53.90,7717400
2013/2/5,54.36,54.41,54.00,54.29,10246400
2013/2/6,55.40,55.50,54.41,54.52,26833600
2013/2/7,54.07,54.48,53.41,54.36,11723200
2013/2/8,54.38,54.72,54.31,54.66,9584300
2013/2/11,54.65,54.98,54.59,54.75,6358600
2013/2/12,54.77,55.05,54.69,54.95,8758100
2013/2/13,55.08,55.30,54.67,54.96,5701400
2013/2/14,54.92,55.17,54.71,54.88,8564500
2013/2/15,55.05,55.62,54.89,55.61,17783400
2013/2/18,55.05,55.62,54.89,55.61,17783400
2013/2/19,55.58,55.95,55.57,55.73,7780500
2013/2/20,55.62,55.82,54.56,54.60,8460700
2013/2/21,54.58,54.82,54.01,54.17,6802500
2013/2/22,54.39,54.58,53.93,54.25,7603600
2013/2/25,54.60,54.79,53.59,53.59,9830200
2013/2/26,53.81,54.04,53.60,53.90,6238300
2013/2/27,53.90,54.66,53.85,54.48,7243500
2013/2/28,54.54,55.04,54.39,54.59,6605000
2013/3/1,54.31,55.37,54.30,55.33,8311500
2013/3/4,55.16,55.84,55.00,55.80,6357400
2013/3/5,55.95,56.58,55.90,56.48,7067900
2013/3/6,56.53,56.84,56.25,56.36,5572600
2013/3/7,56.36,56.47,56.01,56.32,4813700
2013/3/8,56.56,57.51,56.52,57.39,8157800
2013/3/11,57.39,57.75,57.34,57.66,7155200
2013/3/12,57.52,57.63,56.70,57.11,7159100
2013/3/13,57.16,57.44,56.94,57.34,5209800
2013/3/14,57.35,57.82,57.27,57.75,5908200
2013/3/15,57.50,57.78,57.34,57.58,13788100
2013/3/18,57.08,57.19,56.75,56.83,5125800
2013/3/19,56.83,57.05,55.76,56.31,8884200
2013/3/20,56.59,57.15,56.54,56.94,6018700
2013/3/21,56.74,56.85,56.16,56.31,5168500
2013/3/22,56.65,57.10,56.52,56.78,5500200
2013/3/25,57.00,57.11,55.87,56.21,7881500
2013/3/26,56.41,56.73,56.33,56.63,4675600
2013/3/27,56.34,56.50,55.99,56.47,6392400
2013/3/28,56.59,56.94,56.50,56.80,6705600
2013/3/29,56.59,56.94,56.50,56.80,6705600
2013/4/1,56.89,57.14,56.15,56.69,6722400
2013/4/2,57.04,57.46,56.96,57.46,6575300
2013/4/3,57.64,57.75,57.00,57.25,8101000
2013/4/4,57.28,57.72,57.18,57.59,6412400
2013/4/5,56.89,57.73,56.37,57.70,7034700
2013/4/8,57.83,58.82,57.76,58.82,9796200
2013/4/9,58.72,59.24,58.52,59.14,8864800
2013/4/10,59.37,60.14,59.34,60.11,8438100
2013/4/11,60.11,60.67,60.02,60.55,9241800
2013/4/12,60.29,60.73,60.27,60.55,8533000
2013/4/15,60.26,60.67,58.84,58.88,12027900
2013/4/16,59.26,60.75,59.08,60.75,10309400
2013/4/17,60.35,60.69,60.02,60.68,11531200
2013/4/18,60.64,60.67,59.88,59.99,9203200
2013/4/19,60.25,61.56,60.25,61.56,9488300
2013/4/22,61.59,62.10,61.15,62.01,6306900
2013/4/23,62.40,62.62,61.54,62.59,6260800
2013/4/24,62.71,62.90,61.59,61.94,7335400
2013/4/25,62.01,62.17,61.55,62.00,6680900
2013/4/26,62.06,62.29,61.55,61.87,7038500
2013/4/29,62.82,63.25,62.59,63.00,7203900
2013/4/30,62.93,63.08,62.44,62.84,8528800
2013/5/1,62.88,63.50,62.80,63.21,7468900
2013/5/2,63.40,63.93,63.11,63.88,5249600
2013/5/3,64.18,64.85,63.88,64.80,9196000
2013/5/6,65.09,65.59,64.51,65.06,10239600
2013/5/7,65.44,66.09,64.77,66.07,14539100
2013/5/8,66.00,66.00,64.56,65.99,17803200
2013/5/9,65.73,67.11,65.51,66.67,11325000
2013/5/10,66.69,67.43,66.34,67.20,8654000
2013/5/13,66.96,67.52,66.92,67.32,5195000
2013/5/14,67.43,67.49,66.98,67.47,9675400
2013/5/15,67.42,67.79,67.18,67.67,7925900
2013/5/16,67.62,67.89,66.20,66.47,8473100
2013/5/17,66.16,66.58,65.68,66.58,9160100
2013/5/20,66.58,66.60,66.05,66.12,5893300
2013/5/21,66.35,66.40,65.71,65.83,7359100
2013/5/22,65.76,66.71,65.27,65.57,8142400
2013/5/23,64.87,65.44,64.24,65.23,7536200
2013/5/24,64.75,65.53,64.39,65.49,8846100
2013/5/27,64.75,65.53,64.39,65.49,8846100
2013/5/28,65.98,66.76,65.92,66.69,8280000
2013/5/29,66.37,66.48,65.74,66.26,6954000
2013/5/30,66.44,67.11,64.32,64.65,13052700
2013/5/31,64.57,65.03,63.07,63.08,11280900
2013/6/3,63.06,63.82,62.53,63.80,8705600
2013/6/4,63.93,64.93,63.86,64.35,8147700
2013/6/5,64.05,64.12,62.80,63.12,8893600
2013/6/6,63.10,63.32,62.04,63.14,8661900
2013/6/7,63.63,64.87,63.25,64.85,7611300
2013/6/10,64.91,64.97,63.70,63.83,6729500
2013/6/11,63.32,64.30,62.97,63.80,6454800
2013/6/12,64.32,64.45,62.87,62.99,7663200
2013/6/13,62.99,64.40,62.52,64.30,5584900
2013/6/14,64.01,64.43,63.63,63.80,5311800
2013/6/17,64.30,65.13,64.25,64.49,6752000
2013/6/18,64.61,65.49,64.56,65.29,5234400
2013/6/19,65.19,65.55,64.33,64.33,6871400
2013/6/20,63.22,63.52,61.82,61.98,12260800
2013/6/21,62.62,63.08,61.82,62.73,11892400
2013/6/24,62.25,62.99,61.82,62.44,6494500
2013/6/25,62.88,63.10,62.50,62.57,6776700
2013/6/26,62.95,63.46,62.75,63.21,5720400
2013/6/27,63.65,63.97,63.45,63.72,4875900
2013/6/28,63.76,64.52,63.15,63.15,10560300
2013/7/1,63.84,64.92,63.63,63.93,8221600
2013/7/2,63.83,64.14,63.08,63.26,7690500
2013/7/3,62.85,63.83,62.57,63.61,3351800
2013/7/4,62.85,63.83,62.57,63.61,3351800
2013/7/5,63.88,63.95,63.11,63.82,5645800
2013/7/8,64.28,64.79,64.16,64.71,6679700
2013/7/9,65.32,65.54,64.65,64.94,4556400
2013/7/10,64.86,65.30,64.57,64.91,5761700
2013/7/11,65.65,66.83,65.65,66.58,8329800
2013/7/12,66.39,67.00,65.93,66.98,5889900
2013/7/15,67.02,67.36,65.89,65.93,6458000
2013/7/16,65.95,66.10,64.93,65.03,7470900
2013/7/17,65.42,65.46,64.76,65.36,6846700
2013/7/18,65.70,66.37,65.66,65.82,4962800
2013/7/19,65.89,66.03,64.91,65.16,7220400
2013/7/22,65.15,65.33,64.26,64.40,5973600
2013/7/23,64.60,64.77,64.33,64.45,4534500
2013/7/24,64.59,65.12,64.53,64.64,5326800
2013/7/25,64.32,64.74,64.26,64.55,5407800
2013/7/26,64.47,65.07,64.11,64.98,4949600
2013/7/29,64.80,65.03,64.47,64.61,3805800
2013/7/30,64.70,64.87,64.10,64.18,6210500
2013/7/31,64.43,65.12,64.38,64.65,7155300
2013/8/1,65.16,65.87,65.13,65.36,6338100
2013/8/2,65.56,66.59,65.33,66.51,6098500
2013/8/5,66.50,66.54,65.61,66.02,7265800
2013/8/6,66.09,67.16,65.97,67.05,11546300
2013/8/7,64.93,66.30,64.12,65.91,16970500
2013/8/8,66.34,66.46,65.20,65.75,8826400
2013/8/9,65.47,65.75,64.60,64.73,7945500
2013/8/12,64.26,64.43,63.67,63.93,8004900
2013/8/13,64.26,64.26,63.41,63.98,6025100
2013/8/14,63.95,64.17,63.47,63.96,6413700
2013/8/15,63.28,63.32,62.20,62.38,9014100
2013/8/16,61.97,62.50,61.71,62.17,8238800
2013/8/19,62.15,62.18,61.83,61.83,5659900
2013/8/20,61.79,62.39,61.79,61.88,5192100
2013/8/21,61.62,61.88,61.09,61.14,7185400
2013/8/22,61.32,61.82,61.16,61.64,5302300
2013/8/23,61.96,61.99,61.46,61.73,5505900
2013/8/26,61.76,62.11,61.33,61.35,4499100
2013/8/27,60.90,61.35,60.57,60.69,7734500
2013/8/28,60.44,61.15,60.41,60.81,7161700
2013/8/29,60.77,61.52,60.55,61.08,5396200
2013/8/30,61.14,61.27,60.55,60.83,5404100
2013/9/2,61.14,61.27,60.55,60.83,5404100
2013/9/3,61.42,61.99,60.60,60.93,7016400
2013/9/4,60.92,61.22,60.52,61.11,14014600
2013/9/5,61.07,61.60,60.96,61.30,6356600
2013/9/6,61.47,61.83,60.63,61.39,7319400
2013/9/9,61.60,61.84,61.27,61.59,7224500
2013/9/10,62.09,62.97,61.93,62.83,9919600
2013/9/11,63.12,63.94,62.98,63.94,9439700
2013/9/12,63.80,66.35,63.41,65.49,22426500
2013/9/13,65.87,67.03,65.50,66.69,12718700
2013/9/16,67.32,67.65,66.88,66.94,9716500
2013/9/17,66.83,67.20,66.72,66.98,6450700
2013/9/18,66.67,67.37,66.21,67.11,9865600
2013/9/19,66.39,66.50,65.40,65.72,11864800
2013/9/20,65.61,65.84,64.91,65.01,29076200
2013/9/23,65.04,65.48,64.68,64.75,8286600
2013/9/24,64.94,65.16,64.28,64.32,8272800
2013/9/25,64.42,64.93,64.20,64.45,7281400
2013/9/26,64.36,65.29,64.25,65.24,6971200
2013/9/27,64.97,65.44,64.69,65.19,5586000
2013/9/30,64.73,64.95,64.39,64.49,7463200
2013/10/1,64.37,65.25,64.36,64.83,4881200
2013/10/2,64.45,65.34,64.40,64.88,7218800
2013/10/3,64.72,64.93,63.83,64.02,7264100
2013/10/4,64.02,65.43,63.97,65.30,6546000
2013/10/7,64.81,65.31,64.57,64.59,5840900
2013/10/8,64.52,64.77,63.97,64.00,8636300
2013/10/9,64.02,64.18,63.10,63.59,8746900
2013/10/10,64.48,65.67,64.29,65.58,7676600
2013/10/11,65.66,66.59,65.50,66.21,6735000
2013/10/14,65.88,66.98,65.78,66.83,6461500
2013/10/15,66.73,66.94,65.93,66.44,5943100
2013/10/16,66.64,66.86,66.13,66.35,7724800
2013/10/17,66.19,66.59,65.98,66.42,6952100
2013/10/18,66.50,67.27,65.99,67.15,7587000
2013/10/21,67.27,67.63,67.16,67.61,4845800
2013/10/22,67.94,69.13,67.75,69.00,7860700
2013/10/23,68.81,69.20,68.02,68.12,5864500
2013/10/24,68.18,69.19,68.02,69.05,6045400
2013/10/25,69.32,69.87,68.97,69.26,6613300
2013/10/28,69.35,69.48,68.92,69.00,4469200
2013/10/29,69.12,69.39,68.78,68.92,4450200
2013/10/30,69.22,69.30,67.93,68.47,5816100
2013/10/31,68.47,69.30,68.35,68.59,5706100
2013/11/1,68.71,69.18,68.50,69.01,5008600
2013/11/4,69.41,69.55,68.41,68.81,4790200
2013/11/5,68.77,69.06,68.06,68.85,5140600
2013/11/6,69.18,69.62,68.62,69.00,6503200
2013/11/7,69.34,69.34,67.09,67.15,10496300
2013/11/8,66.87,69.41,66.72,68.58,16182800
2013/11/11,68.48,68.74,68.19,68.34,4954000
2013/11/12,68.33,68.45,67.42,67.77,6586700
2013/11/13,67.43,68.99,67.30,68.97,5681000
2013/11/14,69.14,70.15,69.00,70.02,7246600
2013/11/15,69.77,70.17,69.55,70.00,6184400
2013/11/18,70.06,70.09,69.33,69.50,4904400
2013/11/19,69.49,69.72,69.04,69.12,4801700
2013/11/20,69.12,69.92,69.08,69.23,4726800
2013/11/21,69.46,70.01,69.27,69.94,4498300
2013/11/22,69.95,70.33,69.80,70.20,4667500
2013/11/25,70.54,70.58,69.60,69.74,5830600
2013/11/26,69.92,71.69,69.90,71.18,8850000
2013/11/27,71.21,71.25,70.46,70.77,5446100
2013/11/28,71.21,71.25,70.46,70.77,5446100
2013/11/29,71.04,71.27,70.39,70.54,4801000
2013/12/2,70.79,71.31,70.76,70.91,6774600
2013/12/3,70.22,70.41,69.38,69.90,8304700
2013/12/4,69.42,70.48,69.32,69.97,4883800
2013/12/5,70.29,70.68,70.08,70.23,5587000
2013/12/6,70.97,71.49,70.77,71.46,5542000
2013/12/9,71.36,71.48,70.92,71.11,6477100
2013/12/10,70.91,71.65,70.90,71.57,7112200
2013/12/11,71.73,72.13,70.43,70.52,9519200
2013/12/12,69.28,70.02,68.80,69.63,8756300
2013/12/13,69.90,70.13,69.28,69.62,5784300
2013/12/16,69.91,70.85,69.91,70.51,6246600
2013/12/17,70.69,70.91,69.83,70.66,6829100
2013/12/18,70.96,72.20,70.14,72.20,7971400
2013/12/19,72.14,73.08,72.10,72.97,6768100
2013/12/20,73.10,73.56,72.34,72.40,12989700
2013/12/23,72.89,73.33,72.66,73.28,5621900
2013/12/24,73.25,73.86,73.25,73.85,2883600
2013/12/25,73.25,73.86,73.25,73.85,2883600
2013/12/26,73.95,74.69,73.91,74.62,4620100
2013/12/27,74.65,74.78,73.93,74.35,3844800
2013/12/30,74.99,76.54,74.89,76.23,8578900
2013/12/31,76.28,76.50,75.81,76.40,4692300
2014/1/1,76.28,76.50,75.81,76.40,4692300
2014/1/2,76.04,76.50,75.90,76.27,5200900
2014/1/3,76.30,76.70,76.01,76.11,4060700
2014/1/6,76.53,76.84,75.49,75.82,6816200
2014/1/7,76.12,76.70,75.90,76.34,4494900
2014/1/8,76.13,76.28,74.81,75.22,10900300
2014/1/9,75.46,75.46,74.32,74.90,8052900
2014/1/10,75.08,75.51,74.56,75.39,6219000
2014/1/13,74.90,75.13,73.05,73.27,8232800
2014/1/14,73.71,74.58,73.29,74.45,5996500
2014/1/15,74.30,75.10,74.25,74.28,7283900
2014/1/16,74.39,74.40,73.72,74.21,5597400
2014/1/17,74.43,74.63,73.68,73.98,6624800
2014/1/20,74.43,74.63,73.68,73.98,6624800
2014/1/21,73.99,74.88,73.30,74.20,7507100
2014/1/22,74.08,75.43,74.05,75.31,6795100
2014/1/23,74.53,74.95,74.15,74.79,6280900
2014/1/24,74.10,74.23,72.72,72.72,7334900
2014/1/27,72.47,72.91,71.72,72.25,7415100
2014/1/28,72.26,73.00,72.24,72.88,5508400
2014/1/29,71.97,72.24,71.12,71.33,8604800
2014/1/30,72.09,73.63,72.00,73.22,7550500
2014/1/31,72.20,73.32,71.80,72.61,7748500
2014/2/3,72.66,72.73,69.85,69.99,11964800
2014/2/4,70.94,71.25,69.88,71.05,11278800
2014/2/5,72.05,72.05,70.37,71.76,11573300
2014/2/6,75.61,76.73,74.78,75.56,19821900
2014/2/7,75.08,75.70,74.61,75.67,11480100
2014/2/10,75.67,77.31,75.57,77.06,8781600
2014/2/11,77.15,77.92,77.11,77.79,8186200
2014/2/12,77.66,78.01,77.64,77.91,6329500
2014/2/13,77.52,78.24,77.20,77.90,5955400
2014/2/14,77.88,79.47,77.77,79.23,7001100
2014/2/17,77.88,79.47,77.77,79.23,7001100
2014/2/18,79.50,80.00,79.43,79.58,6136500
2014/2/19,79.50,79.78,78.80,78.87,7024000
2014/2/20,79.21,79.65,78.84,79.19,5748700
2014/2/21,79.07,80.45,78.80,80.13,8252300
2014/2/24,80.50,81.59,80.46,80.73,6635200
2014/2/25,80.72,81.35,80.04,80.21,6064300
2014/2/26,80.63,80.95,79.59,80.08,5775600
2014/2/27,80.00,80.59,79.86,80.48,4919800
2014/2/28,80.84,81.59,80.17,80.81,7030700
2014/3/3,80.30,80.65,78.85,79.46,8449400
2014/3/4,80.60,82.17,80.54,81.71,8021400
2014/3/5,82.22,83.21,82.02,82.68,7709700
2014/3/6,82.86,83.42,82.84,83.34,5774400
2014/3/7,83.60,83.65,82.02,82.21,7478100
2014/3/10,82.18,82.43,81.69,81.97,5209700
2014/3/11,82.19,82.33,80.72,81.05,7171600
2014/3/12,80.59,81.39,80.05,81.38,6378300
2014/3/13,81.75,81.98,79.66,79.93,8570600
2014/3/14,79.85,80.41,79.57,80.07,7754700
2014/3/17,80.50,81.60,80.31,81.39,7280700
2014/3/18,81.53,82.25,81.28,81.99,5395900
2014/3/19,82.25,82.30,80.04,80.52,6403200
2014/3/20,80.59,81.02,79.76,80.81,5968200
2014/3/21,81.96,82.05,80.05,80.35,7840900
2014/3/24,80.71,80.93,79.38,79.49,7642900
2014/3/25,80.24,80.34,78.60,79.55,6692400
2014/3/26,79.93,80.24,78.61,78.62,6750800
2014/3/27,78.30,78.61,77.28,78.48,9194700
2014/3/28,78.73,79.46,78.31,78.99,5281700
2014/3/31,79.70,80.39,79.66,80.07,6848800
2014/4/1,80.39,81.61,80.39,81.57,6555000
2014/4/2,81.72,81.97,81.30,81.67,6073500
2014/4/3,81.92,82.24,81.14,81.69,4930100
2014/4/4,82.32,82.85,80.40,80.43,8894400
2014/4/7,80.42,80.80,78.56,79.13,9000800
2014/4/8,79.27,79.65,78.12,79.57,7085100
2014/4/9,79.97,80.53,79.26,80.47,7004800
2014/4/10,80.92,80.92,77.48,77.51,10160200
2014/4/11,77.51,77.95,76.81,77.01,9204100
2014/4/14,77.70,77.83,76.85,77.62,5964700
2014/4/15,77.89,78.21,76.31,77.66,6398700
2014/4/16,78.38,78.98,78.19,78.95,5958800
2014/4/17,78.70,80.22,78.60,79.99,7627700
2014/4/18,78.70,80.22,78.60,79.99,7627700
2014/4/21,79.96,79.98,78.69,79.11,7080300
2014/4/22,79.22,79.89,79.21,79.45,5876000
2014/4/23,79.53,79.95,78.97,79.52,4148600
2014/4/24,79.74,80.06,79.11,79.59,4632700
2014/4/25,79.46,79.46,78.16,78.23,6193300
2014/4/28,78.76,79.06,76.88,77.78,7522700
2014/4/29,78.35,78.68,77.74,78.64,4608700
2014/4/30,78.50,79.53,78.18,79.34,6550200
2014/5/1,79.35,79.87,79.26,79.56,6486800
2014/5/2,79.62,80.55,79.62,80.31,7599300
2014/5/5,80.42,81.31,79.80,81.22,5669800
2014/5/6,81.59,81.63,80.80,81.03,10696500
2014/5/7,81.65,82.44,80.12,80.29,11906800
2014/5/8,80.21,82.27,80.07,81.60,9257700
2014/5/9,81.27,82.02,80.90,81.95,5376600
2014/5/12,82.08,82.94,82.08,82.42,5704400
2014/5/13,82.43,82.75,81.75,82.08,5274700
2014/5/14,81.77,82.18,80.63,80.92,6192000
2014/5/15,80.64,80.83,79.21,80.15,7687700
2014/5/16,80.17,80.42,79.34,80.39,5823700
2014/5/19,80.43,81.38,80.14,81.05,4896900
2014/5/20,80.94,81.76,80.52,81.09,6023200
2014/5/21,81.42,82.34,81.42,82.19,4736400
2014/5/22,82.19,82.79,82.04,82.35,4652000
2014/5/23,82.19,83.36,82.19,83.32,4580300
2014/5/26,82.19,83.36,82.19,83.32,4580300
2014/5/27,83.56,83.98,83.32,83.74,5197700
2014/5/28,83.80,83.90,83.25,83.60,4652100
2014/5/29,83.92,84.09,83.43,84.03,6522000
2014/5/30,83.81,84.39,83.62,84.01,6352400
2014/6/2,84.27,84.42,84.01,84.27,3933800
2014/6/3,84.07,84.23,83.72,83.88,4541400
2014/6/4,83.85,84.40,83.31,84.24,5800100
2014/6/5,84.37,84.95,83.90,84.78,5956000
2014/6/6,84.91,84.99,84.27,84.61,5302800
2014/6/9,84.60,85.86,84.53,85.48,5667600
2014/6/10,85.40,85.40,84.70,84.75,4632600
2014/6/11,84.60,84.81,84.17,84.31,4300900
2014/6/12,84.03,84.20,82.60,82.80,7231400
2014/6/13,82.75,82.99,81.80,82.80,4711100
2014/6/16,82.64,83.44,82.56,83.30,5181100
2014/6/17,82.98,83.46,82.61,83.16,4535900
2014/6/18,83.18,83.75,82.81,83.58,4536300
2014/6/19,83.65,83.92,83.25,83.77,4326900
2014/6/20,84.07,84.08,82.79,82.82,11073400
2014/6/23,82.85,82.93,82.32,82.76,3946600
2014/6/24,82.68,83.57,82.49,82.68,5057100
2014/6/25,82.67,84.32,82.48,83.90,7899200
2014/6/26,84.68,84.68,83.77,84.45,6424000
2014/6/27,84.13,85.39,84.13,85.30,17932200
2014/6/30,85.44,86.07,85.07,85.74,6991400
2014/7/1,85.81,86.87,85.76,86.47,5608200
2014/7/2,86.58,86.71,86.20,86.44,4439600
2014/7/3,86.70,86.98,86.50,86.84,3210400
2014/7/4,86.70,86.98,86.50,86.84,3210400
2014/7/7,86.61,86.82,86.32,86.59,4897800
2014/7/8,86.19,86.32,85.68,85.86,4733600
2014/7/9,86.00,87.29,85.85,87.22,6311200
2014/7/10,86.53,87.61,86.19,86.86,7249700
2014/7/11,87.00,87.36,86.37,86.89,5016000
2014/7/14,87.46,87.49,86.66,86.76,4012300
2014/7/15,86.58,86.65,85.54,86.15,7001300
2014/7/16,86.69,87.63,85.12,85.35,10667200
2014/7/17,85.33,86.19,84.87,85.03,6885900
2014/7/18,85.44,85.98,85.17,85.81,4719100
2014/7/21,85.81,86.00,85.50,85.74,4799800
2014/7/22,86.37,86.56,85.51,86.21,4984200
2014/7/23,86.31,86.53,85.76,86.04,3650200
2014/7/24,86.50,86.96,86.31,86.80,4168200
2014/7/25,86.30,86.70,86.05,86.23,4659800
2014/7/28,86.43,87.22,85.81,87.15,4546800
2014/7/29,87.29,87.30,86.16,86.20,5478700
2014/7/30,86.62,87.27,86.09,87.21,7294200
2014/7/31,86.59,86.95,85.69,85.88,6342400
2014/8/1,85.39,86.01,85.21,85.38,6759200
2014/8/4,86.17,87.52,86.01,87.24,8262700
2014/8/5,87.14,87.24,86.02,86.75,9361800
2014/8/6,86.18,87.62,86.17,86.59,9789500
2014/8/7,86.99,87.01,85.23,85.51,7916900
2014/8/8,85.65,86.89,85.62,86.85,6382700
2014/8/11,87.07,87.98,87.05,87.50,5047900
2014/8/12,87.15,87.62,86.78,87.21,4510100
2014/8/13,87.74,87.95,87.42,87.60,4532300
2014/8/14,88.03,88.91,87.81,88.61,8218000
2014/8/15,89.02,89.47,88.69,89.28,8211000
2014/8/18,89.66,90.37,89.58,89.97,4973300
2014/8/19,90.13,90.29,89.64,90.09,4153000
2014/8/20,89.92,90.05,89.67,89.84,3894500
2014/8/21,90.06,90.53,89.98,90.38,4719100
2014/8/22,90.13,90.90,90.12,90.49,4756400
2014/8/25,90.95,91.14,90.30,90.38,3515400
2014/8/26,90.61,90.67,89.94,90.02,4117700
2014/8/27,90.14,90.41,89.98,90.37,3739700
2014/8/28,89.98,90.49,89.96,90.23,2678400
2014/8/29,90.32,90.38,89.33,89.88,4179400
2014/9/1,90.32,90.38,89.33,89.88,4179400
2014/9/2,90.18,90.93,90.15,90.80,5602000
2014/9/3,91.06,91.16,90.67,90.94,3684000
2014/9/4,90.87,91.20,90.01,90.14,5458700
2014/9/5,90.14,90.94,90.10,90.94,4597100
2014/9/8,90.76,90.84,90.16,90.56,4331200
2014/9/9,90.50,90.54,89.51,89.60,4797700
2014/9/10,89.54,89.82,88.75,89.52,5078600
2014/9/11,89.20,90.04,89.06,89.97,4065500
2014/9/12,90.10,90.20,89.25,89.67,3870200
2014/9/15,89.74,90.37,89.56,90.08,4910000
2014/9/16,89.71,90.43,89.46,90.27,4324600
2014/9/17,90.58,90.77,89.97,90.33,4058100
2014/9/18,90.31,90.50,89.91,90.34,4343600
2014/9/19,90.80,91.15,90.39,90.49,13382900
2014/9/22,90.49,90.61,89.19,89.29,5003000
2014/9/23,89.12,89.24,88.23,88.31,6155800
2014/9/24,88.36,89.64,88.24,89.45,5607000
2014/9/25,89.26,89.60,88.06,88.07,7077400
2014/9/26,88.15,88.89,87.91,88.74,5786400
2014/9/29,88.12,89.05,87.36,88.83,5188600
2014/9/30,88.84,89.54,88.54,89.03,4824500
2014/10/1,89.08,89.24,87.20,87.49,7512500
2014/10/2,87.50,87.66,84.65,86.79,11051100
2014/10/3,88.10,88.90,87.55,88.45,7549000
2014/10/6,88.79,89.18,88.07,88.56,4047800
2014/10/7,88.00,88.26,87.04,87.11,6217600
2014/10/8,87.06,88.15,86.33,88.11,7008000
2014/10/9,88.03,88.16,85.57,85.71,8726200
2014/10/10,85.92,87.00,85.40,86.27,12675300
2014/10/13,85.92,86.39,83.76,83.91,9039800
2014/10/14,84.75,85.52,83.90,84.14,8607100
2014/10/15,82.39,83.76,78.54,82.08,21844400
2014/10/16,79.93,82.47,79.55,81.74,13216500
2014/10/17,82.68,84.66,82.68,83.83,12381800
2014/10/20,84.23,85.61,84.15,85.52,8302100
2014/10/21,86.32,87.68,86.25,87.54,9170400
2014/10/22,87.94,88.61,86.98,87.10,9314500
2014/10/23,88.21,88.63,87.76,87.99,7245300
2014/10/24,87.91,88.66,87.58,88.61,4937500
2014/10/27,88.47,88.99,88.24,88.45,5644300
2014/10/28,89.04,89.96,88.95,89.93,4554400
2014/10/29,89.84,90.25,88.95,89.53,5442100
2014/10/30,89.44,90.54,88.91,90.22,4445300
2014/10/31,91.51,91.98,90.75,91.38,7472200
2014/11/3,91.24,91.82,91.00,91.71,5447700
2014/11/4,91.97,91.98,89.80,90.35,7928500
2014/11/5,91.60,91.60,89.59,91.00,7021000
2014/11/6,91.29,92.00,91.15,92.00,9938800
2014/11/7,89.39,90.02,88.65,90.00,16176300
2014/11/10,90.24,90.42,88.95,89.78,8155700
2014/11/11,90.01,90.03,89.13,89.98,5896800
2014/11/12,89.77,90.12,89.33,89.90,5262500
2014/11/13,90.10,90.71,90.03,90.49,5098800
2014/11/14,90.68,90.85,90.38,90.80,4281100
2014/11/17,90.50,90.78,90.05,90.41,4148400
2014/11/18,90.33,90.69,90.13,90.28,4461600
2014/11/19,90.26,90.28,89.19,89.82,7710000
2014/11/20,89.25,89.46,88.75,88.90,8604000
2014/11/21,89.69,89.80,88.76,88.96,7383500
2014/11/24,89.32,90.66,89.32,90.58,6504100
2014/11/25,90.71,91.92,90.71,91.65,7404200
2014/11/26,91.96,92.28,91.67,91.92,4607200
2014/11/27,91.96,92.28,91.67,91.92,4607200
2014/11/28,92.53,92.96,92.23,92.51,3853000
2014/12/1,92.63,93.14,92.10,92.70,6714700
2014/12/2,92.65,93.81,92.42,93.47,6664200
2014/12/3,93.54,93.66,92.50,93.11,5492400
2014/12/4,93.61,93.63,92.57,93.23,6017300
2014/12/5,93.69,93.98,93.34,93.76,5226800
2014/12/8,94.21,94.50,93.41,93.80,6682200
2014/12/9,93.51,93.57,91.76,92.94,9519900
2014/12/10,92.52,92.83,91.55,91.63,10346100
2014/12/11,91.09,92.66,90.66,91.75,8227800
2014/12/12,91.18,92.61,90.95,91.49,7890900
2014/12/15,92.03,92.69,90.19,90.90,6746800
2014/12/16,90.50,92.00,90.13,90.17,6549400
2014/12/17,90.36,91.68,90.20,91.38,6885900
2014/12/18,92.19,92.61,91.86,92.61,9387500
2014/12/19,92.34,93.20,91.88,92.89,12837900
2014/12/22,93.39,94.36,93.22,94.20,7477500
2014/12/23,94.48,95.07,94.40,94.69,5385800
2014/12/24,94.69,95.12,94.37,94.42,2165700
2014/12/25,94.69,95.12,94.37,94.42,2165700
2014/12/26,94.74,95.31,94.52,95.03,3142400
2014/12/29,94.74,95.93,94.69,95.50,3584400
2014/12/30,95.21,95.50,94.50,94.70,3490100
2014/12/31,95.13,95.52,94.03,94.19,4797000
2015/1/1,95.13,95.52,94.03,94.19,4797000
2015/1/2,94.91,95.28,92.85,93.75,5865400
2015/1/5,93.28,93.35,91.78,92.38,7789400
2015/1/6,92.57,93.19,91.16,91.89,6793100
2015/1/7,92.72,93.15,92.10,92.83,6589500
2015/1/8,93.87,94.30,93.56,93.79,7579400
2015/1/9,94.05,95.27,93.99,94.25,8621300
2015/1/12,94.69,94.76,93.77,94.46,6586200
2015/1/13,95.28,96.43,94.70,95.19,9364300
2015/1/14,94.00,94.80,93.29,94.23,6509300
2015/1/15,94.61,94.96,94.04,94.35,5662200
2015/1/16,94.00,95.23,93.98,95.18,6117000
2015/1/19,94.00,95.23,93.98,95.18,6117000
2015/1/20,95.22,95.39,93.75,94.74,7940600
2015/1/21,94.37,94.74,93.82,94.17,7474700
2015/1/22,94.58,95.39,94.01,95.15,7014200
2015/1/23,94.92,95.53,94.43,94.72,4664700
2015/1/26,94.45,95.00,93.93,94.97,5446900
2015/1/27,93.94,94.74,93.36,93.97,5390000
2015/1/28,94.14,94.47,92.61,92.67,6198400
2015/1/29,93.11,93.50,91.52,93.22,7681700
2015/1/30,92.50,92.94,90.83,90.96,10212300
2015/2/2,91.30,92.05,90.06,91.93,9392000
2015/2/3,92.43,94.11,92.19,94.10,12329100
2015/2/4,99.39,101.94,98.82,101.28,32640500
2015/2/5,100.76,102.84,100.51,102.64,14089500
2015/2/6,102.67,102.99,101.65,102.02,8535200
2015/2/9,101.80,102.50,101.45,101.73,5461800
2015/2/10,101.96,102.19,101.18,101.92,5726300
2015/2/11,102.01,102.02,101.07,101.87,5868200
2015/2/12,102.16,103.85,101.70,103.58,6816800
2015/2/13,103.73,104.41,103.43,104.17,5175600
2015/2/16,103.73,104.41,103.43,104.17,5175600
2015/2/17,104.23,104.45,103.57,104.12,4759300
2015/2/18,103.40,104.33,103.40,103.86,3760200
2015/2/19,104.00,104.08,103.55,103.89,5094100
2015/2/20,103.86,104.69,102.73,104.55,5197000
2015/2/23,104.76,105.23,104.44,104.99,5587100
2015/2/24,104.54,105.05,104.35,104.67,4098800
2015/2/25,104.68,105.98,104.67,105.57,6547200
2015/2/26,105.50,105.71,104.14,104.56,5049000
2015/2/27,104.67,105.14,103.96,104.08,4161600
2015/3/2,104.35,105.98,104.35,105.89,5635500
2015/3/3,105.78,106.64,105.21,106.35,4671900
2015/3/4,105.86,106.00,104.78,105.57,4972300
2015/3/5,105.54,105.81,104.87,105.03,3954700
2015/3/6,104.67,105.00,103.49,103.82,5704200
2015/3/9,103.94,105.42,103.82,105.26,4868900
2015/3/10,104.27,104.35,103.09,103.09,6472600
2015/3/11,103.51,104.00,102.87,102.89,4831900
2015/3/12,103.85,107.33,103.81,107.17,10730400
2015/3/13,107.28,107.28,105.52,106.44,8024200
2015/3/16,106.84,107.73,106.05,107.37,6407300
2015/3/17,107.00,107.21,106.15,106.96,4489400
2015/3/18,106.90,108.42,105.73,107.97,5520600
2015/3/19,107.84,108.48,107.14,107.37,4885600
2015/3/20,107.83,108.94,107.50,108.43,8710100
2015/3/23,108.60,108.85,108.04,108.22,5667000
2015/3/24,107.72,108.05,107.08,107.11,4493500
2015/3/25,107.45,107.46,105.00,105.00,6964700
2015/3/26,104.47,105.82,104.10,105.24,5915800
2015/3/27,105.20,106.45,104.88,105.48,5330400
2015/3/30,106.06,106.95,106.05,106.12,3831900
2015/3/31,105.60,106.32,104.89,104.89,5701600
2015/4/1,105.43,106.00,104.25,105.44,6117200
2015/4/2,105.49,106.24,104.86,106.00,3651600
2015/4/3,105.49,106.24,104.86,106.00,3651600
2015/4/6,105.31,106.57,105.04,105.63,4153500
2015/4/7,105.80,106.41,105.40,105.43,4694600
2015/4/8,105.23,106.69,105.16,106.36,4277400
2015/4/9,106.51,107.00,105.88,106.77,3924400
2015/4/10,106.73,107.10,106.41,106.95,3251500
2015/4/13,107.07,107.90,106.47,106.51,4201500
2015/4/14,106.41,107.30,106.11,106.66,5389300
2015/4/15,106.92,107.43,106.86,106.98,4307300
2015/4/16,107.15,108.30,106.90,108.10,6379100
2015/4/17,107.80,107.80,106.04,106.69,9663500
2015/4/20,107.83,108.50,107.32,108.22,8094200
2015/4/21,108.93,108.99,107.58,107.68,4579400
2015/4/22,108.02,108.25,106.97,107.94,4060500
2015/4/23,107.96,109.90,107.61,109.00,5983800
2015/4/24,109.53,110.48,109.19,109.53,6355600
2015/4/27,111.50,111.66,110.07,110.16,8479100
2015/4/28,110.75,111.15,108.89,109.92,7324500
2015/4/29,109.66,110.38,109.26,109.81,6024700
2015/4/30,109.68,110.19,107.68,108.72,7770300
2015/5/1,109.95,110.67,109.27,110.52,6205100
2015/5/4,111.48,111.53,110.50,111.03,7566200
2015/5/5,113.27,113.30,110.56,110.81,14619300
2015/5/6,111.56,111.96,109.22,109.72,8975300
2015/5/7,109.60,109.78,108.72,109.26,8291200
2015/5/8,110.26,110.70,109.57,110.11,6260600
2015/5/11,110.14,110.14,108.49,108.60,6728500
2015/5/12,108.60,109.66,107.67,109.24,6345000
2015/5/13,109.70,109.87,108.78,109.19,4141400
2015/5/14,109.69,110.00,109.01,109.93,4662000
2015/5/15,110.10,110.69,109.68,110.30,5852200
2015/5/18,110.47,110.74,110.01,110.33,4868900
2015/5/19,110.69,110.99,110.47,110.56,4549600
2015/5/20,110.78,110.81,110.02,110.20,4393500
2015/5/21,110.04,110.64,109.90,110.39,4880600
2015/5/22,110.30,110.90,110.12,110.26,4267700
2015/5/25,110.30,110.90,110.12,110.26,4267700
2015/5/26,110.17,110.85,108.76,109.44,5970800
2015/5/27,109.51,110.61,109.30,110.37,3984200
2015/5/28,110.11,110.54,109.60,110.53,3392000
2015/5/29,110.33,110.52,109.41,110.37,5264900
2015/6/1,111.48,111.77,110.55,110.96,6778900
2015/6/2,110.92,111.25,110.02,110.75,4425900
2015/6/3,110.75,111.82,110.50,111.17,4510300
2015/6/4,110.95,111.25,109.99,110.30,5748200
2015/6/5,110.30,110.77,109.80,110.30,4323500
2015/6/8,110.03,110.24,109.21,109.29,6068100
2015/6/9,109.35,109.41,107.65,108.52,7711800
2015/6/10,108.90,110.25,108.73,110.00,5128700
2015/6/11,110.01,110.96,110.01,110.62,5036300
2015/6/12,110.33,110.53,109.54,109.95,4009900
2015/6/15,109.27,110.41,108.93,110.18,5742200
2015/6/16,110.35,111.29,109.90,111.06,3848300
2015/6/17,111.20,111.94,110.88,111.49,4732300
2015/6/18,111.83,113.55,111.58,113.22,6929900
2015/6/19,112.83,113.48,112.40,112.62,9587700
2015/6/22,113.40,114.47,113.27,113.53,5906200
2015/6/23,113.93,114.52,113.72,114.41,6003100
2015/6/24,114.30,114.56,113.71,113.77,5636200
2015/6/25,114.62,115.28,114.39,114.45,6213500
2015/6/26,114.97,115.18,114.41,114.99,9509600
2015/6/29,114.16,115.19,113.00,113.05,7618200
2015/6/30,113.93,114.86,113.55,114.14,6946700
2015/7/1,114.95,115.25,114.34,115.13,5435400
2015/7/2,115.38,115.67,114.45,114.97,5549500
2015/7/3,115.38,115.67,114.45,114.97,5549500
2015/7/6,114.47,115.86,114.27,115.70,5880500
2015/7/7,116.42,117.19,114.86,117.10,8359900
2015/7/8,116.50,116.68,115.11,115.19,8445200
2015/7/9,116.83,117.21,115.51,115.60,7016800
2015/7/10,117.05,117.43,115.67,116.44,7020700
2015/7/13,117.75,118.31,117.25,118.05,7595200
2015/7/14,118.03,118.14,117.70,117.85,5061700
2015/7/15,118.04,118.90,117.85,118.30,4845200
2015/7/16,119.00,119.15,118.54,119.07,6303000
2015/7/17,118.69,118.90,118.03,118.86,5109900
2015/7/20,119.29,119.90,118.89,119.58,6951000
2015/7/21,119.76,119.80,118.83,119.31,4785200
2015/7/22,119.28,119.70,118.93,119.33,4714100
2015/7/23,119.30,119.67,118.57,118.80,3347200
2015/7/24,119.35,119.80,118.58,118.91,4320900
2015/7/27,118.63,118.80,117.78,118.25,5179300
2015/7/28,118.68,118.90,117.87,118.46,6447300
2015/7/29,118.85,119.86,118.41,119.84,6083500
2015/7/30,119.71,120.35,119.01,120.03,4430100
2015/7/31,120.12,120.72,119.60,120.00,5767300
2015/8/3,120.88,121.73,120.17,121.12,8426900
2015/8/4,121.50,122.08,120.61,121.69,12624400
2015/8/5,110.83,113.95,109.50,110.53,61011200
2015/8/6,110.40,110.40,104.24,108.55,57175200
2015/8/7,108.75,109.56,107.66,109.35,15791600
2015/8/10,110.00,111.00,109.74,111.00,11617000
2015/8/11,110.34,110.49,107.95,108.00,13574000
2015/8/12,107.00,107.44,105.51,106.99,16923500
2015/8/13,107.21,108.51,106.75,107.52,9754500
2015/8/14,107.61,107.67,106.52,107.16,7104500
2015/8/17,107.30,109.28,106.84,109.05,7954000
2015/8/18,108.04,108.25,106.80,106.94,12021500
2015/8/19,106.58,107.75,105.77,106.45,9484400
2015/8/20,104.34,105.00,99.76,100.02,34651300
2015/8/21,97.50,100.63,96.61,98.84,30875700
2015/8/24,93.38,100.00,90.00,95.36,30159200
2015/8/25,99.73,100.09,95.72,95.89,19079400
2015/8/26,98.69,99.49,96.26,99.23,13755900
2015/8/27,101.35,102.62,99.78,102.17,17532200
2015/8/28,102.19,103.34,101.81,102.48,11005200
2015/8/31,102.30,102.46,100.91,101.88,8518200
2015/9/1,99.31,101.34,99.16,99.51,14212600
2015/9/2,100.92,101.94,99.55,101.89,12148200
2015/9/3,102.20,103.03,101.46,101.99,8953300
2015/9/4,100.96,101.82,100.36,100.97,9213800
2015/9/7,100.96,101.82,100.36,100.97,9213800
2015/9/8,102.95,104.15,102.52,104.01,8571500
2015/9/9,104.75,104.95,101.68,101.91,9577500
2015/9/10,101.85,103.22,101.33,102.60,9026100
2015/9/11,102.35,104.50,102.20,104.48,9529800
2015/9/14,104.65,104.90,102.99,103.82,6959800
2015/9/15,103.25,103.80,101.83,103.43,9171400
2015/9/16,103.32,104.07,102.75,103.96,6509700
2015/9/17,104.20,105.95,103.75,104.20,7792600
2015/9/18,103.20,104.21,102.39,102.84,13559400
2015/9/21,103.68,103.83,102.46,103.41,7152300
2015/9/22,102.18,102.75,101.48,102.49,8330100
2015/9/23,102.44,102.63,101.38,101.57,5818000
2015/9/24,101.00,101.33,99.24,100.62,10706800
2015/9/25,101.51,101.80,99.58,100.30,7179800
2015/9/28,99.90,100.39,98.30,98.49,8238300
2015/9/29,98.51,100.06,97.77,99.42,9466900
2015/9/30,100.78,102.43,100.50,102.20,9190000
2015/10/1,102.97,103.47,101.08,102.67,7503700
2015/10/2,101.21,103.01,99.88,103.00,9105600
2015/10/5,103.70,104.20,102.61,103.85,7144600
2015/10/6,104.19,104.51,103.21,103.77,5660600
2015/10/7,104.49,104.59,102.66,103.39,6947200
2015/10/8,103.20,104.89,102.70,104.61,7499100
2015/10/9,105.09,106.05,104.67,105.56,7341800
2015/10/12,105.91,106.70,105.62,106.35,5179000
2015/10/13,105.74,107.39,105.31,106.59,8342700
2015/10/14,106.50,106.85,105.23,105.73,5563600
2015/10/15,106.50,108.00,106.26,107.89,6739200
2015/10/16,108.27,108.50,107.46,108.24,5908900
2015/10/19,108.25,109.97,107.94,109.47,8001900
2015/10/20,109.55,110.53,109.41,109.84,9674400
2015/10/21,110.67,111.56,110.01,110.09,8769800
2015/10/22,110.67,113.35,110.39,113.25,10028900
2015/10/23,114.21,114.21,111.85,113.09,7928400
2015/10/26,113.07,113.58,112.12,113.52,5729600
2015/10/27,113.29,114.27,113.25,113.77,5857600
2015/10/28,113.97,114.46,112.86,114.34,6452900
2015/10/29,114.34,115.40,114.20,115.04,6125100
2015/10/30,115.00,115.24,113.67,113.74,8501600
2015/11/2,114.49,115.31,114.01,115.04,6949500
2015/11/3,114.97,116.40,114.54,115.54,7132100
2015/11/4,116.64,116.83,110.81,113.25,20740800
2015/11/5,113.26,113.93,111.60,113.00,14843700
2015/11/6,114.60,116.75,114.57,115.67,16803400
2015/11/9,115.90,116.73,115.18,116.42,9317500
2015/11/10,116.17,117.51,115.51,117.42,8240500
2015/11/11,117.55,117.58,116.43,116.52,6381700
2015/11/12,115.60,116.99,115.00,116.21,7223000
2015/11/13,115.92,116.42,114.38,114.84,8078100
2015/11/16,113.47,116.08,113.34,115.92,5770200
2015/11/17,116.11,117.55,115.51,116.13,6434400
2015/11/18,116.22,118.28,116.05,118.14,6744600
2015/11/19,118.14,119.16,117.64,118.71,6101000
2015/11/20,119.11,120.25,118.90,120.07,10821700
2015/11/23,120.30,120.65,119.00,119.42,6986400
2015/11/24,117.90,118.57,117.28,117.95,9158200
2015/11/25,118.29,119.34,118.15,118.67,4751500
2015/11/26,118.29,119.34,118.15,118.67,4751500
2015/11/27,116.00,116.50,113.70,115.13,14912000
2015/11/30,115.56,115.58,113.31,113.47,16560300
2015/12/1,114.15,115.46,113.66,115.39,8896100
2015/12/2,115.39,115.47,113.83,114.00,7787800
2015/12/3,114.17,114.65,111.44,111.89,10446600
2015/12/4,112.74,114.31,112.53,114.24,8771300
2015/12/7,114.56,114.56,112.65,113.83,6738500
2015/12/8,113.35,113.45,112.40,112.48,7480600
2015/12/9,112.39,113.06,110.58,111.47,9050700
2015/12/10,111.15,111.58,110.17,110.76,7030200
2015/12/11,110.76,110.76,107.62,108.04,12334900
2015/12/14,108.68,109.87,108.28,109.35,9702600
2015/12/15,112.05,113.35,111.58,112.16,13361700
2015/12/16,114.69,114.75,111.80,113.79,12304500
2015/12/17,114.13,114.48,111.98,112.01,9375000
2015/12/18,112.01,112.44,107.35,107.72,28376900
2015/12/21,108.80,110.10,105.33,106.59,22847200
2015/12/22,106.99,107.20,105.83,106.74,8644500
2015/12/23,107.21,107.24,104.30,105.56,12372900
2015/12/24,105.20,106.64,105.06,105.86,4356100
2015/12/25,105.20,106.64,105.06,105.86,4356100
2015/12/28,106.50,108.20,106.33,107.25,9092700
2015/12/29,107.88,108.04,106.45,107.08,8607200
2015/12/30,106.89,107.21,106.25,106.34,4917000
2015/12/31,106.14,106.31,105.06,105.08,6670100
2016/1/1,106.14,106.31,105.06,105.08,6670100
2016/1/4,103.12,103.43,101.73,102.98,12531500
2016/1/5,102.67,102.67,99.89,100.90,16212900
2016/1/6,99.38,101.46,99.36,100.36,13934500
2016/1/7,98.96,101.35,98.52,99.50,14680200
2016/1/8,100.63,100.92,99.00,99.25,10691600
2016/1/11,100.21,100.45,98.55,99.92,9583200
2016/1/12,100.97,101.85,100.34,101.46,8863900
2016/1/13,101.88,101.88,98.12,98.48,11615400
2016/1/14,98.65,99.91,97.19,99.11,11147500
2016/1/15,95.62,96.88,93.46,93.90,22337000
2016/1/18,95.62,96.88,93.46,93.90,22337000
2016/1/19,95.00,95.07,93.03,93.97,13286800
2016/1/20,92.18,93.64,90.42,92.54,16918100
2016/1/21,92.87,94.86,92.30,94.02,12078200
2016/1/22,95.95,97.42,95.55,96.90,12303800
2016/1/25,96.42,96.68,95.12,95.29,7812200
2016/1/26,95.49,96.43,95.09,96.27,6915600
2016/1/27,96.31,96.63,93.87,94.32,6328900
2016/1/28,95.20,95.20,92.37,93.53,7312700
2016/1/29,94.21,95.82,93.63,95.82,8211600
2016/2/1,95.08,95.71,94.70,95.15,7027200
2016/2/2,94.00,94.17,92.87,93.12,7244400
2016/2/3,94.10,95.41,92.42,95.14,10878000
2016/2/4,94.87,96.73,94.60,95.43,8350300
2016/2/5,95.32,95.39,93.47,93.90,8898500
2016/2/8,92.56,92.96,89.51,92.12,13750100
2016/2/9,90.15,93.20,89.04,92.32,19237400
2016/2/10,88.00,90.03,86.25,88.85,32649800
2016/2/11,87.00,91.06,86.96,90.31,17523800
2016/2/12,91.52,91.59,89.61,91.15,10786100
2016/2/15,91.52,91.59,89.61,91.15,10786100
2016/2/16,92.47,93.31,91.79,92.91,9050900
2016/2/17,93.67,96.44,93.56,95.50,12610000
2016/2/18,96.34,96.45,94.45,95.17,8773900
2016/2/19,95.23,95.72,94.56,95.01,6838200
2016/2/22,95.01,97.00,95.01,96.37,6980400
2016/2/23,96.50,96.82,95.15,95.38,6253800
2016/2/24,94.65,95.75,93.23,95.43,6945600
2016/2/25,95.92,95.95,94.35,95.65,4562300
2016/2/26,95.71,96.22,95.28,95.31,5277000
2016/2/29,95.31,96.29,95.23,95.52,7794400
2016/3/1,95.90,97.66,95.53,97.65,7139900
2016/3/2,97.67,97.83,96.41,97.00,6498600
2016/3/3,97.79,98.84,96.89,98.82,8581300
2016/3/4,99.00,99.21,97.90,98.48,6739800
2016/3/7,98.57,99.71,98.48,99.39,7218700
2016/3/8,98.93,98.98,97.60,97.82,6229300
2016/3/9,98.00,98.24,96.81,97.66,7010700
2016/3/10,97.94,98.42,95.87,97.04,5453500
2016/3/11,97.57,98.35,97.54,97.94,5605800
2016/3/14,97.94,99.22,97.84,98.81,6175000
2016/3/15,98.02,98.33,97.39,98.24,5942400
2016/3/16,98.16,99.08,97.47,98.44,6079400
2016/3/17,98.28,99.91,98.28,99.60,6385600
2016/3/18,99.98,100.15,98.96,99.20,10205100
2016/3/21,98.92,99.12,97.70,98.46,7070300
2016/3/22,97.59,98.32,97.44,97.58,6475700
2016/3/23,97.72,97.85,96.75,96.83,5517700
2016/3/24,96.55,97.49,96.30,97.22,5577700
2016/3/25,96.55,97.49,96.30,97.22,5577700
2016/3/28,97.50,98.46,97.45,98.09,5317100
2016/3/29,98.00,98.37,97.36,98.16,5170800
2016/3/30,98.90,99.09,98.35,98.91,5677500
2016/3/31,99.01,100.37,99.01,99.31,7038800
2016/4/1,98.80,99.34,98.58,99.07,5895500
2016/4/4,99.30,99.44,98.58,98.68,5334700
2016/4/5,96.85,97.61,96.15,97.00,10818800
2016/4/6,96.96,97.63,96.83,97.48,6952400
2016/4/7,97.11,97.42,95.92,96.16,7525400
2016/4/8,96.63,96.84,95.80,96.42,6982700
2016/4/11,96.93,97.64,96.20,96.27,5916600
2016/4/12,96.28,97.53,96.07,97.35,6277200
2016/4/13,98.03,99.81,97.96,99.48,7967400
2016/4/14,99.79,99.87,98.26,98.63,6676200
2016/4/15,98.50,98.89,98.18,98.59,6146800
2016/4/18,99.60,101.95,99.50,101.48,10665200
2016/4/19,102.00,103.64,101.93,102.64,10639800
2016/4/20,103.02,103.48,101.96,103.27,7712000
2016/4/21,103.36,104.12,102.65,102.91,6824800
2016/4/22,103.06,103.99,102.93,103.77,5731300
2016/4/25,103.50,104.62,103.35,104.57,6117100
2016/4/26,104.58,105.57,104.18,104.89,6452900
2016/4/27,105.19,105.60,104.76,105.28,5996100
2016/4/28,104.54,105.49,103.80,104.03,5658300
2016/4/29,103.95,104.21,102.40,103.26,7006900
2016/5/2,103.30,104.57,102.80,104.36,5285700
2016/5/3,103.88,103.99,103.19,103.78,6243300
2016/5/4,103.31,104.48,103.20,103.67,6445100
2016/5/5,103.98,105.13,103.45,104.93,6466000
2016/5/6,104.51,105.74,104.39,105.54,7407500
2016/5/9,106.01,106.68,104.97,105.34,8130300
2016/5/10,105.53,106.75,105.45,106.60,15177200
2016/5/11,101.46,102.50,100.62,102.29,27068100
2016/5/12,102.50,102.85,101.13,101.71,11251700
2016/5/13,101.71,102.04,100.36,100.52,9570200
2016/5/16,100.41,100.67,99.37,100.36,9113000
2016/5/17,100.79,101.29,99.55,99.94,8694400
2016/5/18,99.59,99.77,98.36,99.00,9323100
2016/5/19,98.58,98.61,97.51,98.41,7063500
2016/5/20,99.00,99.93,98.77,99.78,7297000
2016/5/23,99.60,100.33,99.12,99.18,5588600
2016/5/24,99.45,100.04,99.38,99.51,5250800
2016/5/25,99.92,100.80,99.81,99.86,5667300
2016/5/26,99.89,100.49,99.57,99.81,3852600
2016/5/27,99.81,100.53,99.81,100.29,4589100
2016/5/30,99.81,100.53,99.81,100.29,4589100
2016/5/31,99.85,99.89,98.57,99.22,10396200
2016/6/1,98.67,98.99,97.73,98.52,7243900
2016/6/2,98.07,98.72,97.87,98.72,4830100
2016/6/3,98.66,98.92,97.73,98.75,6857500
2016/6/6,98.96,99.12,98.47,98.78,4986600
2016/6/7,99.00,99.04,98.32,98.35,5608400
2016/6/8,98.49,98.82,97.70,98.04,5466200
2016/6/9,97.82,97.93,97.10,97.84,5379400
2016/6/10,97.15,97.71,96.78,97.34,7204400
2016/6/13,96.75,98.98,96.70,97.57,8766300
2016/6/14,97.20,98.55,97.18,98.40,6125700
2016/6/15,98.19,99.00,98.19,98.27,6663200
2016/6/16,97.80,98.63,96.86,98.38,7129700
2016/6/17,98.41,99.14,98.27,99.00,8959400
2016/6/20,100.08,100.96,99.50,99.57,8268600
2016/6/21,99.73,99.79,98.77,98.82,5202500
2016/6/22,99.08,99.62,98.70,98.79,4948900
2016/6/23,99.44,99.62,98.61,99.02,5826100
2016/6/24,96.01,97.28,95.14,95.72,15079900
2016/6/27,94.91,95.23,94.00,94.38,9438400
2016/6/28,95.46,96.28,95.14,96.05,7143100
2016/6/29,96.91,97.29,96.28,96.98,6563600
2016/6/30,97.10,98.07,96.88,97.82,7189500
2016/7/1,97.75,98.64,97.71,98.03,5681600
2016/7/4,97.75,98.64,97.71,98.03,5681600
2016/7/5,97.77,98.00,97.17,97.66,5846400
2016/7/6,97.00,98.52,96.76,98.45,6223300
2016/7/7,97.63,98.48,97.58,98.41,5146000
2016/7/8,99.25,99.85,98.77,99.62,6045800
2016/7/11,99.80,100.35,99.40,99.98,5428000
2016/7/12,100.18,100.79,100.00,100.20,8508500
2016/7/13,100.46,100.80,99.85,99.88,5494700
2016/7/14,100.42,100.80,99.68,99.97,7461500
2016/7/15,100.42,100.54,99.54,99.80,5764400
2016/7/18,99.90,100.71,99.87,100.15,5051300
2016/7/19,99.81,99.99,99.36,99.47,5742700
2016/7/20,98.65,98.69,97.14,98.22,10664900
2016/7/21,98.17,99.13,97.62,98.01,6726600
2016/7/22,98.39,98.42,97.47,97.71,5381700
2016/7/25,97.90,98.06,97.25,97.39,4825500
2016/7/26,97.02,97.16,96.34,96.69,6274800
2016/7/27,96.70,96.93,95.86,96.33,6911400
2016/7/28,96.40,96.49,95.82,95.91,7713500
2016/7/29,95.85,96.38,95.85,95.95,8264000
2016/8/1,96.15,96.20,95.08,95.54,7131600
2016/8/2,95.35,95.75,94.56,95.01,7644100
2016/8/3,95.06,96.43,95.00,96.09,9068700
2016/8/4,95.53,95.98,94.71,95.16,10038300
2016/8/5,95.40,96.00,95.35,95.83,6528500
2016/8/8,96.11,96.29,95.58,95.75,7792000
2016/8/9,95.61,96.85,95.30,96.67,15548700
2016/8/10,96.70,99.27,95.85,97.86,27181300
2016/8/11,98.20,98.39,97.15,97.77,9233900
2016/8/12,97.82,97.82,96.66,96.84,9360300
2016/8/15,97.35,97.61,96.92,97.10,5299600
2016/8/16,96.86,97.25,96.27,96.88,5777800
2016/8/17,96.84,96.97,96.52,96.87,5697300
2016/8/18,96.87,97.12,96.55,96.65,5250700
2016/8/19,96.40,96.79,96.05,96.39,6362400
2016/8/22,96.47,96.47,95.65,95.87,5495300
2016/8/23,96.13,96.43,95.80,95.97,4996300
2016/8/24,96.01,96.22,95.51,95.82,5912500
2016/8/25,95.62,95.82,95.41,95.55,4518700
2016/8/26,95.66,96.13,94.75,95.21,6019600
2016/8/29,95.07,95.32,94.46,94.87,7903000
2016/8/30,94.77,95.29,94.77,94.86,6845000
2016/8/31,94.69,94.90,94.16,94.46,7375200
2016/9/1,94.73,94.87,93.91,94.26,6274200
2016/9/2,94.75,94.96,94.13,94.42,5382000
2016/9/5,94.75,94.96,94.13,94.42,5382000
2016/9/6,94.53,94.53,93.35,93.80,8463500
2016/9/7,93.98,94.03,93.33,93.71,6281500
2016/9/8,93.49,94.21,92.93,94.09,7438100
2016/9/9,93.51,93.74,92.39,92.42,10248400
2016/9/12,91.96,93.86,91.95,93.64,9367300
2016/9/13,93.04,93.30,92.45,92.70,7795200
2016/9/14,92.59,92.89,92.07,92.26,6386500
2016/9/15,92.12,92.75,91.19,92.50,7559400
2016/9/16,92.27,92.74,91.80,92.56,10568600
2016/9/19,92.80,93.32,92.34,92.63,5421500
2016/9/20,92.70,93.30,92.68,92.95,6200100
2016/9/21,93.00,93.08,91.70,92.39,12049500
2016/9/22,92.73,93.71,92.64,93.41,6470700
2016/9/23,93.07,93.52,93.00,93.27,4407700
2016/9/26,92.47,92.68,91.40,91.96,10449300
2016/9/27,91.93,92.18,91.50,91.72,9167400
2016/9/28,91.75,92.30,91.48,92.20,8272300
2016/9/29,92.14,93.10,91.53,91.80,7476600
2016/9/30,92.28,93.49,92.21,92.86,8923700
2016/10/3,92.47,92.72,92.05,92.49,5834700
2016/10/4,92.45,92.99,92.11,92.59,5903400
2016/10/5,92.94,93.28,92.38,92.45,5365000
2016/10/6,92.75,93.58,92.39,92.83,7484800
2016/10/7,93.06,93.29,92.02,92.49,6144100
2016/10/10,92.70,93.21,92.40,92.49,4241000
2016/10/11,92.33,92.38,91.57,91.86,6651100
2016/10/12,91.88,92.08,91.39,91.41,6836600
2016/10/13,90.95,91.36,90.32,91.12,5725200
2016/10/14,91.77,91.77,91.29,91.30,4345700
2016/10/17,91.35,91.47,90.56,90.83,5134600
2016/10/18,91.40,91.74,90.98,91.17,4890800
2016/10/19,91.27,92.14,91.00,91.93,6140500
2016/10/20,91.66,92.32,91.44,92.03,6153200
2016/10/21,91.33,94.19,90.60,93.03,13814500
2016/10/24,93.49,94.15,92.80,93.37,7281000
2016/10/25,93.14,93.36,92.64,92.75,6380700
2016/10/26,92.39,93.72,91.90,93.49,7152800
2016/10/27,93.80,94.34,93.31,94.02,6647000
2016/10/28,93.89,94.40,93.53,93.85,7309100
2016/10/31,93.72,93.82,92.31,92.69,9957600
2016/11/1,92.78,92.99,91.66,92.39,6449800
2016/11/2,91.91,92.56,91.69,91.91,6716200
2016/11/3,92.26,94.13,92.24,93.37,7751400
2016/11/4,93.50,93.79,92.36,92.45,7456500
2016/11/7,93.77,94.48,92.95,94.43,6996100
2016/11/8,94.53,94.85,93.90,94.38,6226900
2016/11/9,92.29,94.92,92.11,94.64,8635700
2016/11/10,94.89,96.06,94.23,94.96,13777900
2016/11/11,97.18,98.32,95.78,97.68,23008100
2016/11/14,97.56,98.31,97.45,97.92,13208400
2016/11/15,97.90,98.14,97.42,97.70,7184600
2016/11/16,98.33,99.17,98.10,99.12,9702400
2016/11/17,99.05,99.50,98.27,99.37,8662600
2016/11/18,99.05,99.37,98.14,98.24,8586100
2016/11/21,98.11,98.27,97.00,97.63,10771100
2016/11/22,97.40,97.93,97.27,97.71,5323700
2016/11/23,97.67,98.28,97.59,98.26,5897400
2016/11/24,97.67,98.28,97.59,98.26,5897400
2016/11/25,98.71,99.07,98.50,98.82,4396800
2016/11/28,98.52,99.20,98.32,98.97,7106700
2016/11/29,99.24,99.68,98.97,99.67,8396800
2016/11/30,99.40,100.29,99.00,99.12,11369200
2016/12/1,99.13,99.75,98.62,98.94,9958100
2016/12/2,98.79,99.08,98.25,98.50,7737200
2016/12/5,98.98,100.27,98.68,99.96,11331500
2016/12/6,99.95,100.72,99.82,100.66,8427500
2016/12/7,100.51,102.07,100.44,101.99,12255700
2016/12/8,101.47,103.96,101.47,103.38,16524800
2016/12/9,103.49,105.52,103.18,104.86,12173900
2016/12/12,104.61,104.70,103.73,104.06,7880200
2016/12/13,104.20,104.31,103.71,103.85,7393200
2016/12/14,103.62,104.41,103.50,104.05,7961900
2016/12/15,103.85,105.64,103.82,104.39,8745400
2016/12/16,104.71,104.73,103.75,103.91,12635500
2016/12/19,105.70,106.26,105.07,105.30,11475600
2016/12/20,105.64,106.20,105.06,105.46,8947300
2016/12/21,104.61,105.91,104.51,105.56,5202400
2016/12/22,104.96,105.49,104.70,105.42,5230800
2016/12/23,105.24,105.34,104.75,105.15,3238800
2016/12/26,105.24,105.34,104.75,105.15,3238800
2016/12/27,104.85,105.56,104.78,105.17,3639500
2016/12/28,104.99,105.32,104.06,104.30,5178600
2016/12/29,104.23,104.77,103.87,104.56,5896800
2016/12/30,104.57,105.00,103.96,104.22,6983300
2017/1/2,104.57,105.00,103.96,104.22,6983300
2017/1/3,105.30,106.90,105.21,106.08,8884300
2017/1/4,106.64,107.50,106.25,107.44,8322000
2017/1/5,107.17,107.62,106.79,107.38,6303000
2017/1/6,108.02,109.35,107.75,108.98,9551300
2017/1/9,108.58,108.83,108.11,108.36,6195200
2017/1/10,107.90,108.82,107.35,108.38,7901900
2017/1/11,108.54,109.49,108.38,109.44,7616800
2017/1/12,108.12,109.00,107.43,107.53,8218900
2017/1/13,107.16,108.35,106.90,108.06,6489000
2017/1/16,107.16,108.35,106.90,108.06,6489000
2017/1/17,107.91,108.93,107.65,107.97,7586500
2017/1/18,106.93,108.40,106.81,108.16,7162900
2017/1/19,107.92,108.01,107.08,107.28,5350200
2017/1/20,107.35,107.82,107.18,107.66,5649000
2017/1/23,107.34,107.68,106.57,107.12,5716600
2017/1/24,107.20,108.06,107.08,107.90,5456100
2017/1/25,108.23,108.42,108.00,108.04,6180200
2017/1/26,108.21,108.62,107.98,108.06,6088100
2017/1/27,108.49,109.40,108.15,109.30,5578300
2017/1/30,109.86,111.05,108.96,110.94,13793600
2017/1/31,110.59,110.80,109.98,110.65,8485800
2017/2/1,110.71,111.99,110.68,111.30,10501300
2017/2/2,111.21,111.54,110.55,110.61,6515900
2017/2/3,110.90,111.15,110.21,110.30,7923400
2017/2/6,109.92,110.15,109.30,109.57,6896300
2017/2/7,109.65,109.73,108.77,109.00,10184800
2017/2/8,109.56,111.42,108.98,109.00,13615500
2017/2/9,109.00,109.85,109.00,109.49,6369700
2017/2/10,109.35,109.80,108.58,109.26,7671800
2017/2/13,108.95,109.90,108.90,109.65,5653200
2017/2/14,109.80,110.33,109.53,110.33,4768700
2017/2/15,109.91,110.68,109.80,110.18,7087100
2017/2/16,110.34,110.87,110.09,110.71,7179600
2017/2/17,110.24,110.50,109.52,110.06,6349200
2017/2/20,110.24,110.50,109.52,110.06,6349200
2017/2/21,109.94,110.21,109.80,110.01,5432700
2017/2/22,109.69,110.28,109.53,110.12,5478400
2017/2/23,110.30,110.49,109.59,109.73,5470400
2017/2/24,109.62,110.32,109.10,110.32,4786800
2017/2/27,109.93,110.47,109.83,110.23,3547700
2017/2/28,110.00,110.40,109.83,110.09,4766000
2017/3/1,110.66,111.80,110.66,111.04,7418100
2017/3/2,111.00,111.21,110.45,110.59,4715600
2017/3/3,110.59,111.50,110.04,111.24,5837900
2017/3/6,110.77,110.98,110.09,110.67,4983200
2017/3/7,110.70,110.93,110.16,110.86,5114400
2017/3/8,110.87,111.32,110.66,110.84,4929900
2017/3/9,110.90,111.32,110.69,111.03,4005700
2017/3/10,111.40,111.50,110.69,110.92,4027400
2017/3/13,110.92,111.68,110.82,111.52,5213600
2017/3/14,111.73,112.89,111.72,112.31,7273500
2017/3/15,112.43,112.45,111.15,111.87,5319500
2017/3/16,112.18,112.32,111.40,111.71,4409400
2017/3/17,111.87,112.09,111.18,111.76,9061200
2017/3/20,112.07,113.16,112.05,112.71,8156300
2017/3/21,112.97,113.10,111.54,111.75,7109800
2017/3/22,111.85,112.18,111.35,112.08,5044700
2017/3/23,111.71,112.98,111.66,112.24,8307900
2017/3/24,112.40,112.58,111.68,112.14,4707300
2017/3/27,111.81,112.55,111.45,112.38,4469800
2017/3/28,112.60,113.24,112.02,113.05,6280900
2017/3/29,112.66,112.94,112.31,112.53,3781200
2017/3/30,112.53,113.30,112.28,113.18,4192800
2017/3/31,113.00,113.71,112.95,113.39,4617400
2017/4/3,113.18,113.65,112.43,113.20,4643300
2017/4/4,113.15,113.55,112.83,113.04,3386100
2017/4/5,113.58,113.84,112.79,113.00,4795100
2017/4/6,112.85,113.42,112.39,113.05,4744000
2017/4/7,112.82,113.28,112.53,112.58,4300700
2017/4/10,112.80,112.89,112.04,112.43,4053600
2017/4/11,113.68,113.83,112.59,113.07,5230800
2017/4/12,113.03,113.28,112.76,113.04,4086300
2017/4/13,113.04,114.25,112.99,113.20,6530800
2017/4/14,113.04,114.25,112.99,113.20,6530800
2017/4/17,113.33,113.94,113.22,113.78,5120200
2017/4/18,113.48,114.75,113.00,114.19,6191100
2017/4/19,114.56,115.00,113.54,113.73,5303400
2017/4/20,114.17,115.05,113.87,114.79,5279300
2017/4/21,114.38,115.12,114.27,114.44,6654500
2017/4/24,115.26,115.38,113.66,113.70,7294600
2017/4/25,113.73,115.52,113.68,115.18,6918300
2017/4/26,115.40,115.96,114.86,115.58,4809800
2017/4/27,115.80,116.10,115.39,115.84,3910800
2017/4/28,115.87,115.90,115.24,115.60,3987600
2017/5/1,115.59,115.61,114.72,114.73,4963300
2017/5/2,114.87,114.99,113.68,114.37,6604600
2017/5/3,114.03,114.09,111.18,111.62,11521200
2017/5/4,110.58,111.30,109.06,111.17,10691200
2017/5/5,111.49,112.15,110.92,111.99,5871400
2017/5/8,112.39,112.39,111.00,111.42,5980100
2017/5/9,111.55,112.15,110.35,112.07,9337400
2017/5/10,109.00,109.66,108.13,109.66,17061100
2017/5/11,109.74,110.01,108.50,109.58,8021300
2017/5/12,109.80,109.89,109.27,109.69,5067700
2017/5/15,109.73,110.08,109.12,109.13,6241300
2017/5/16,109.13,109.23,107.82,107.98,10047100
2017/5/17,107.98,107.98,105.23,106.31,12763200
2017/5/18,105.98,107.31,105.98,106.68,6532200
2017/5/19,106.76,107.86,106.70,107.52,6336700
2017/5/22,107.65,108.20,107.41,107.63,5487200
2017/5/23,107.68,107.80,106.91,107.02,7542600
2017/5/24,107.15,107.83,106.93,107.71,4366700
2017/5/25,108.13,108.13,106.78,107.27,8030400
2017/5/26,107.71,108.49,107.48,108.41,6236800
2017/5/29,107.71,108.49,107.48,108.41,6236800
2017/5/30,108.49,108.60,107.95,108.34,4813400
2017/5/31,108.40,108.65,107.64,107.94,9963600
2017/6/1,107.73,108.21,107.17,108.21,5907400
2017/6/2,108.46,108.64,106.95,107.18,10876900
2017/6/5,107.04,107.22,106.11,106.52,6372800
2017/6/6,106.17,106.19,104.61,105.50,9589500
2017/6/7,105.79,106.25,105.54,105.92,5777700
2017/6/8,105.92,105.92,104.16,104.32,11002400
2017/6/9,104.28,105.92,104.08,105.62,9392500
2017/6/12,105.62,107.20,105.62,107.04,8049500
2017/6/13,107.14,107.26,106.16,106.56,4918900
2017/6/14,106.95,107.01,105.76,106.14,4781100
2017/6/15,105.94,106.16,105.23,105.98,5309900
2017/6/16,106.28,106.35,104.77,105.51,8683400
2017/6/19,105.60,106.00,105.19,105.37,5956200
2017/6/20,105.07,105.30,103.81,103.94,7895700
2017/6/21,104.39,105.08,103.54,104.80,7765700
2017/6/22,104.71,104.77,104.09,104.22,6156000
2017/6/23,103.83,104.58,103.17,104.36,18147900
2017/6/26,104.60,105.85,104.56,105.57,5867000
2017/6/27,105.33,106.15,105.14,105.41,5694500
2017/6/28,106.02,107.54,104.52,106.86,7874400
2017/6/29,106.80,107.41,105.33,105.71,7268700
2017/6/30,106.25,106.56,105.50,106.25,5113800
2017/7/3,106.76,108.62,106.76,107.46,5399400
2017/7/4,106.76,108.62,106.76,107.46,5399400
2017/7/5,107.83,107.85,105.29,105.63,8049700
2017/7/6,104.61,104.69,102.94,103.35,8690800
2017/7/7,103.51,103.73,102.72,103.32,6030900
2017/7/10,103.30,103.91,102.87,103.59,4421300
2017/7/11,103.60,104.19,103.19,103.84,4557300
2017/7/12,104.34,104.65,103.65,104.38,5203300
2017/7/13,104.45,105.34,104.04,104.29,5339500
2017/7/14,104.43,105.25,104.41,105.09,4370300
2017/7/17,105.17,105.42,104.71,104.79,3973800
2017/7/18,104.60,105.80,104.31,105.75,5740500
2017/7/19,106.13,106.87,106.05,106.82,5789400
2017/7/20,106.99,107.71,106.75,107.36,6185500
2017/7/21,107.10,107.33,106.81,107.09,4328500
2017/7/24,107.31,107.54,106.90,107.00,4615500
2017/7/25,107.60,107.74,106.20,106.42,5394700
2017/7/26,106.55,107.03,106.31,106.94,4149000
2017/7/27,107.69,110.00,107.44,110.00,10468700
2017/7/28,109.98,110.19,109.67,109.96,4864500
2017/7/31,110.02,110.14,109.34,109.93,6815300
2017/8/1,109.98,110.83,109.95,110.61,5987200
2017/8/2,109.88,109.88,107.52,108.67,8812700
2017/8/3,108.52,109.17,108.05,109.12,6895800
2017/8/4,108.23,108.50,107.32,107.69,8503800
2017/8/7,107.59,107.65,106.11,106.35,8093100
2017/8/8,106.55,107.14,106.18,106.98,9787100
2017/8/9,100.71,103.00,100.50,102.83,27877600
2017/8/10,102.50,102.82,101.22,101.35,12259900
2017/8/11,101.25,102.51,101.03,101.99,9410400
2017/8/14,102.80,102.81,101.26,101.40,9707300
2017/8/15,101.63,102.10,101.36,101.51,8868500
2017/8/16,101.84,102.65,101.72,102.20,6698800
2017/8/17,102.24,102.59,101.34,101.38,6612400
2017/8/18,101.32,101.74,100.66,100.70,6893900
2017/8/21,100.64,101.42,100.53,101.17,6492700
2017/8/22,101.41,102.91,101.17,102.77,6888700
2017/8/23,102.48,102.98,101.48,101.50,5954400
2017/8/24,101.82,102.03,101.43,101.52,6976600
2017/8/25,101.69,102.69,101.56,102.41,6186900
2017/8/28,102.49,102.85,102.08,102.56,5630400
2017/8/29,102.00,102.99,101.82,102.57,6011700
2017/8/30,102.48,103.45,102.48,102.87,6573200
2017/8/31,103.00,103.19,101.00,101.20,9823800
2017/9/1,101.65,101.92,101.36,101.50,7827400
2017/9/4,101.65,101.92,101.36,101.50,7827400
2017/9/5,102.00,102.55,100.90,101.60,9346100
2017/9/6,101.76,102.04,100.89,101.50,7531000
2017/9/7,101.55,101.86,96.20,97.06,26419400
2017/9/8,96.49,97.49,96.26,97.07,13147700
2017/9/11,97.90,98.02,96.96,97.09,9610300
2017/9/12,97.59,98.36,97.13,97.89,9151700
2017/9/13,98.24,98.95,98.02,98.82,7615300
2017/9/14,98.79,98.84,97.54,97.90,9710000
2017/9/15,98.05,98.93,98.00,98.52,23870300
2017/9/18,98.39,98.72,97.72,98.10,7013600
2017/9/19,98.23,98.67,98.08,98.43,6970300
2017/9/20,98.76,99.28,98.62,99.21,6459100
2017/9/21,99.19,99.39,98.75,98.89,4958000
2017/9/22,98.55,98.99,98.53,98.60,6359100
2017/9/25,98.60,99.65,98.42,99.57,7492500
2017/9/26,99.64,99.74,98.61,98.63,6220500
2017/9/27,98.97,99.53,98.02,99.24,7596600
2017/9/28,98.77,99.05,98.00,98.05,7149600
2017/9/29,97.89,98.59,97.66,98.57,8185900
2017/10/2,99.31,100.44,99.11,99.86,6923300
2017/10/3,100.05,100.85,99.91,100.79,5447700
2017/10/4,100.74,100.93,100.20,100.55,5126100
2017/10/5,100.64,100.87,100.02,100.11,4736700
2017/10/6,99.95,100.27,99.34,100.07,4360200
2017/10/9,100.81,100.98,99.45,99.57,5429600
2017/10/10,99.99,100.07,98.66,99.58,7704400
2017/10/11,99.58,99.58,98.05,98.55,7984000
2017/10/12,97.56,97.82,96.81,96.93,11018200
2017/10/13,96.80,97.68,96.80,97.38,6858000
2017/10/16,97.64,98.27,97.54,98.13,4911600
2017/10/17,98.40,98.47,97.86,98.36,5942500
2017/10/18,98.36,98.49,97.55,98.25,5404300
2017/10/19,98.19,99.30,98.11,99.01,5634300
2017/10/20,99.45,99.66,98.94,99.40,5938700
2017/10/23,99.12,99.18,98.63,98.70,5888200
2017/10/24,98.52,98.86,98.06,98.29,4966200
2017/10/25,98.05,98.22,97.45,97.80,5144400
2017/10/26,97.58,99.48,97.25,98.56,6167500
2017/10/27,97.90,98.36,96.89,98.31,7868700
2017/10/30,98.12,98.33,97.70,98.04,7093200
2017/10/31,97.94,98.09,97.38,97.81,5701700
2017/11/1,98.13,99.46,98.00,99.03,6920400
2017/11/2,98.87,99.12,98.02,98.35,6799200
2017/11/3,98.36,99.38,97.90,98.64,5416900
2017/11/6,98.37,101.13,98.35,100.64,14728700
2017/11/7,101.29,102.90,100.74,101.61,12177500
2017/11/8,101.88,102.00,100.42,101.18,8023200
2017/11/9,100.83,103.91,100.80,102.68,13172500
2017/11/10,104.99,106.24,104.08,104.78,16701500
2017/11/13,104.14,105.14,103.98,104.74,7856000
2017/11/14,104.57,104.57,103.00,103.17,6929300
2017/11/15,102.75,103.96,102.45,103.69,5691500
2017/11/16,103.63,103.98,102.76,103.60,6410900
2017/11/17,103.22,103.99,102.97,103.44,7500800
2017/11/20,103.42,103.42,102.70,102.75,5112600
2017/11/21,102.97,103.17,102.79,103.00,5725900
2017/11/22,103.22,103.32,102.69,102.74,4140700
2017/11/23,103.22,103.32,102.69,102.74,4140700
2017/11/24,102.91,102.92,102.45,102.64,2217600
2017/11/27,102.63,102.97,102.38,102.79,4007500
2017/11/28,102.56,103.88,102.17,103.41,8401100
2017/11/29,103.50,106.26,103.43,105.24,14503100
2017/11/30,105.36,105.71,104.47,104.82,9949000
2017/12/1,104.58,105.85,103.87,105.25,9258400
2017/12/4,106.50,112.67,106.50,110.22,17824000
2017/12/5,109.53,110.04,106.52,107.22,13055600
2017/12/6,107.17,107.99,105.36,105.46,8121700
2017/12/7,105.74,106.00,104.49,105.26,9948600
2017/12/8,104.91,104.98,104.08,104.23,6536600
2017/12/11,104.87,106.84,104.77,106.83,7434000
2017/12/12,107.14,107.83,106.59,107.43,8147000
2017/12/13,108.15,108.19,106.75,107.61,10368300
2017/12/14,107.29,111.54,107.20,110.57,27571300
2017/12/15,111.98,112.00,110.60,111.27,19978600
2017/12/18,111.84,111.99,110.31,111.03,12270000
2017/12/19,111.33,112.39,110.77,111.81,10546600
2017/12/20,111.62,112.30,109.69,109.69,8661100
2017/12/21,109.72,111.09,109.19,109.57,9372800
2017/12/22,109.49,109.69,108.45,108.67,7378400
2017/12/25,109.49,109.69,108.45,108.67,7378400
2017/12/26,108.49,109.37,107.89,108.12,3982400
2017/12/27,108.42,108.55,107.46,107.64,5624000
2017/12/28,108.00,108.05,107.06,107.77,3477700
2017/12/29,108.05,108.34,107.51,107.51,4538400
2018/1/1,108.05,108.34,107.51,107.51,4538400
2018/1/2,108.95,111.81,108.56,111.80,11014300
2018/1/3,112.19,113.19,111.45,112.28,9237900
2018/1/4,112.95,113.00,111.63,112.23,7417400
2018/1/5,112.68,112.68,111.24,111.62,6008300
2018/1/8,110.89,111.28,109.54,110.02,8052600
2018/1/9,110.13,110.86,109.86,109.94,5838000
2018/1/10,109.96,110.50,109.01,109.47,6060000
2018/1/11,110.25,111.08,109.51,110.99,6427000
2018/1/12,111.32,112.72,111.00,112.47,5899900
2018/1/15,111.32,112.72,111.00,112.47,5899900
2018/1/16,113.07,113.16,110.62,110.69,8069200
2018/1/17,111.20,112.21,110.57,111.97,7030700
2018/1/18,111.74,111.99,110.20,110.42,8070900
2018/1/19,110.97,111.09,109.84,110.59,10514300
2018/1/22,110.27,111.56,110.06,111.10,8073600
2018/1/23,110.27,111.14,109.89,110.41,7477300
2018/1/24,110.96,111.43,110.29,110.50,7211800
2018/1/25,110.60,111.82,110.12,110.55,6291000
2018/1/26,110.81,112.53,110.67,112.19,7743800
2018/1/29,112.10,112.45,111.24,111.54,6847800
2018/1/30,111.42,112.42,110.10,110.11,8393900
2018/1/31,110.08,110.12,108.47,108.67,9841400
2018/2/1,108.62,110.65,107.36,110.49,9518900
2018/2/2,109.95,110.58,108.45,108.70,9947700
2018/2/5,107.10,108.63,104.01,104.70,15107900
2018/2/6,102.88,106.20,101.76,106.17,17765100
2018/2/7,107.83,108.03,104.41,104.76,12445000
2018/2/8,105.47,105.82,101.19,101.35,12667500
2018/2/9,102.55,103.75,100.26,103.09,12479700
2018/2/12,103.93,104.64,102.10,103.39,9584700
2018/2/13,102.64,104.31,102.40,104.12,8447900
2018/2/14,103.49,104.76,102.69,104.60,7425700
2018/2/15,105.36,105.57,103.93,105.18,6494700
2018/2/16,105.19,107.35,105.19,106.53,8746400
2018/2/19,105.19,107.35,105.19,106.53,8746400
2018/2/20,106.37,107.57,105.52,105.98,6734500
2018/2/21,106.00,106.91,105.02,105.05,6743300
2018/2/22,105.31,106.01,104.93,105.24,4462200
2018/2/23,105.75,107.36,105.43,107.25,6101100
2018/2/26,108.00,109.81,107.67,109.81,8138200
2018/2/27,108.00,108.16,104.85,104.87,14179600
2018/2/28,105.45,105.57,103.14,103.16,10760800
2018/3/1,103.20,104.03,101.33,102.57,10487300
2018/3/2,102.00,103.17,101.44,102.99,7835400
2018/3/5,102.71,103.97,102.42,103.41,5736700
2018/3/6,104.00,104.95,103.51,104.94,6216200
2018/3/7,103.72,104.24,102.77,103.59,6214800
2018/3/8,103.99,104.59,103.47,104.03,6627000
2018/3/9,104.43,104.75,103.64,104.73,5618400
2018/3/12,104.72,105.94,104.72,105.17,6485300
2018/3/13,105.83,105.83,103.42,103.73,6716700
2018/3/14,104.53,104.65,103.47,103.90,6235900
2018/3/15,104.00,104.29,103.24,103.24,5174600
2018/3/16,103.56,104.27,102.84,102.87,10468000
2018/3/19,102.80,102.95,101.00,101.48,6528300
2018/3/20,101.54,102.15,100.75,101.35,8330300
2018/3/21,101.50,102.94,101.42,101.82,6136400
2018/3/22,101.29,101.64,100.41,100.60,8911600
2018/3/23,100.85,101.11,98.45,98.54,7505100
2018/3/26,99.86,100.78,99.08,100.65,7340100
2018/3/27,100.88,101.18,98.89,99.36,7193500
2018/3/28,99.50,100.08,98.15,98.54,9099700
2018/3/29,99.01,101.28,98.86,100.44,9343600
2018/3/30,99.01,101.28,98.86,100.44,9343600
2018/4/2,100.18,100.99,97.78,98.66,8203700
2018/4/3,98.80,99.49,97.70,99.42,8484700
2018/4/4,98.43,101.15,97.76,100.95,8759200
2018/4/5,101.36,102.38,100.98,102.11,6612800
2018/4/6,101.63,102.19,99.45,100.35,7162400
2018/4/9,100.70,101.51,99.58,99.70,7094300
2018/4/10,100.92,101.53,100.32,101.37,8116800
2018/4/11,100.78,101.65,100.41,100.80,6305000
2018/4/12,101.42,101.51,99.68,100.39,7337800
2018/4/13,101.00,101.52,100.16,100.35,6324600
2018/4/16,100.69,101.00,99.73,100.24,10328000
2018/4/17,101.20,102.59,100.75,102.17,9577400
2018/4/18,102.67,102.71,101.20,101.21,5822100
2018/4/19,101.00,101.58,100.22,100.89,6803400
2018/4/20,101.18,101.40,99.91,100.24,6396900
2018/4/23,100.55,100.72,99.53,100.15,5889800
2018/4/24,100.58,100.85,98.86,99.46,6567700
2018/4/25,99.50,101.49,99.05,101.15,8977700
2018/4/26,101.23,101.38,99.74,99.84,8038400
2018/4/27,99.78,99.99,98.94,99.23,8038000
2018/4/30,100.41,101.37,100.12,100.33,8558900
2018/5/1,100.18,100.70,98.93,100.06,6716200
2018/5/2,100.17,100.72,99.25,99.62,9286400
2018/5/3,99.11,99.25,97.68,98.76,10450800
2018/5/4,98.71,101.35,98.58,101.15,9980100
2018/5/7,102.35,102.68,101.72,102.48,10181100
2018/5/8,101.20,102.64,100.84,101.79,14229500
2018/5/9,102.25,102.27,99.30,99.97,18345700
2018/5/10,100.42,102.07,100.30,101.68,8927300
2018/5/11,101.89,102.21,101.26,102.07,7036000
2018/5/14,102.44,103.49,101.98,102.44,9891900
2018/5/15,102.44,103.32,102.10,102.92,5762400
2018/5/16,103.25,105.04,103.15,105.04,8111600
2018/5/17,105.23,105.48,104.09,104.34,7320600
2018/5/18,104.34,104.79,103.56,103.93,5427300
2018/5/21,104.22,104.68,103.61,104.06,5848700
2018/5/22,104.40,105.49,103.99,104.07,6971600
2018/5/23,103.20,103.34,102.07,102.89,8046600
2018/5/24,102.81,102.86,101.21,102.11,7474100
2018/5/25,102.25,103.00,101.97,102.20,6982700
2018/5/28,102.25,103.00,101.97,102.20,6982700
2018/5/29,100.55,101.65,99.38,99.69,11270400
2018/5/30,100.50,100.55,99.42,99.98,7216400
2018/5/31,99.76,100.14,98.81,99.47,9620000
2018/6/1,99.69,100.05,99.20,99.36,6847700
2018/6/4,99.76,100.50,99.70,100.24,6598000
2018/6/5,100.36,100.51,99.78,99.94,5974400
2018/6/6,100.06,101.94,99.76,101.91,7833000
2018/6/7,101.91,102.96,101.81,102.47,7559200
2018/6/8,102.09,103.99,101.83,103.98,7090300
2018/6/11,103.93,104.79,103.75,104.35,8175000
2018/6/12,104.73,105.22,103.96,104.33,9215300
2018/6/13,103.20,107.88,102.67,106.31,22009400
2018/6/14,106.45,109.49,106.45,108.75,18068700
2018/6/15,108.17,109.42,107.85,108.85,16169200
2018/6/18,107.00,107.48,106.50,107.06,9288600
2018/6/19,105.87,106.99,105.76,106.10,8869500
2018/6/20,107.00,107.90,105.81,107.15,18625900
2018/6/21,107.01,107.25,105.79,105.89,7707800
2018/6/22,106.07,106.80,105.81,106.34,8959100
2018/6/25,106.00,106.08,103.74,104.45,7995800
2018/6/26,104.46,104.71,103.91,104.26,6550000
2018/6/27,104.50,105.88,103.48,103.96,8803300
2018/6/28,103.91,105.12,103.68,104.77,6303600
2018/6/29,104.93,105.68,104.65,104.81,6774000
2018/7/2,104.15,105.37,103.90,105.33,5488900
2018/7/3,105.88,105.95,103.50,104.04,2406300
2018/7/4,105.88,105.95,103.50,104.04,2406300
2018/7/5,104.70,105.60,104.43,105.34,6202800
2018/7/6,104.50,105.04,104.04,104.78,4134500
2018/7/9,105.01,106.07,104.75,106.02,4725200
2018/7/10,106.25,106.57,104.83,106.03,4213600
2018/7/11,105.32,109.34,105.32,108.04,11753800
2018/7/12,108.05,109.20,107.82,108.25,5931400
2018/7/13,108.00,110.24,107.66,110.00,8188800
2018/7/16,109.82,110.45,108.77,110.20,8245900
2018/7/17,110.26,112.62,110.09,110.30,9075900
2018/7/18,110.31,111.06,109.65,110.69,6414100
2018/7/19,111.54,114.68,111.30,112.13,17796800
2018/7/20,112.15,112.20,110.83,111.48,11787900
2018/7/23,111.05,111.21,110.34,111.09,5447800
2018/7/24,111.84,111.89,110.54,110.70,5648800
2018/7/25,110.64,111.42,109.63,111.18,6756800
2018/7/26,112.15,114.56,111.68,113.51,9466400
2018/7/27,114.00,114.05,111.92,112.62,5717000
2018/7/30,112.20,113.34,112.05,112.63,5199300
2018/7/31,112.55,114.05,112.36,113.56,8421200
2018/8/1,113.68,113.83,112.59,112.97,6466600
2018/8/2,112.50,113.32,111.68,112.75,4027300
2018/8/3,113.20,114.10,112.40,114.09,4747500
2018/8/6,114.66,116.84,114.16,115.94,12715600
2018/8/7,116.57,117.90,116.24,116.56,15466900
2018/8/8,115.90,116.41,113.90,113.98,11722900
2018/8/9,114.05,114.80,112.81,114.16,7042000
2018/8/10,113.58,113.80,112.40,112.68,5740200
2018/8/13,112.66,112.84,111.72,112.12,6080900
2018/8/14,112.38,113.19,111.95,112.75,4326400
2018/8/15,112.18,113.12,111.47,112.85,5183200
2018/8/16,113.30,113.33,112.40,112.48,5082500
2018/8/17,112.51,112.86,111.89,112.48,4764500
2018/8/20,112.93,113.00,111.91,111.99,5167600
2018/8/21,112.25,113.00,112.00,112.39,4770400
2018/8/22,112.44,112.75,111.94,111.94,3213000
2018/8/23,111.94,112.14,111.53,112.00,4257400
2018/8/24,111.63,112.70,111.44,111.93,5049000
2018/8/27,112.49,112.89,112.07,112.33,4767700
2018/8/28,112.57,112.79,112.20,112.58,3131600
2018/8/29,112.58,112.72,112.02,112.45,4001500
2018/8/30,112.07,112.42,111.59,111.92,3481600
2018/8/31,111.90,112.28,111.56,112.02,4642800
2018/9/3,111.90,112.28,111.56,112.02,4642800
2018/9/4,111.80,112.00,110.65,110.85,6391200
2018/9/5,110.58,110.82,109.70,109.87,6388300
2018/9/6,110.00,110.41,109.36,110.26,5267200
2018/9/7,110.08,111.35,110.01,110.97,4754800
2018/9/10,111.44,111.91,110.37,110.68,4636500
2018/9/11,110.50,110.61,109.51,109.60,5488600
2018/9/12,109.25,110.25,109.18,109.46,5236700
2018/9/13,109.55,110.72,109.37,110.67,5119400
2018/9/14,110.92,111.25,108.88,109.26,6012400
2018/9/17,109.58,109.88,108.61,109.36,5592900
2018/9/18,108.89,109.75,108.23,109.53,4937800
2018/9/19,109.63,110.18,109.48,109.79,5964600
2018/9/20,110.58,111.95,109.94,111.62,7121800
2018/9/21,111.95,111.98,110.40,110.40,25753600
2018/9/24,112.27,113.14,111.70,112.77,9232300
2018/9/25,113.31,114.71,112.65,113.63,12169400
2018/9/26,114.01,116.32,114.01,115.21,11141500
2018/9/27,115.19,116.60,115.10,116.04,5195300
2018/9/28,115.65,117.46,115.35,116.94,7366800
2018/10/1,117.28,117.40,115.68,116.24,8643900
2018/10/2,115.55,117.70,115.30,117.66,6441700
2018/10/3,117.95,118.10,116.74,116.91,6111700
2018/10/4,117.00,117.17,115.12,116.13,6442800
2018/10/5,116.00,116.58,114.73,114.78,5835700
2018/10/8,114.83,116.16,114.12,116.02,5652300
2018/10/9,116.62,117.77,116.04,116.89,6761400
2018/10/10,116.84,117.23,112.73,112.86,9006500
2018/10/11,112.50,113.25,110.32,111.15,10045400
2018/10/12,111.97,113.27,111.23,112.61,5963900
2018/10/15,111.93,114.62,111.89,113.44,6628800
2018/10/16,114.34,116.37,113.84,116.19,7619000
2018/10/17,116.10,117.22,115.43,117.13,7120600
2018/10/18,116.75,117.13,115.58,116.18,6056300
2018/10/19,117.42,119.17,117.22,118.90,10431000
2018/10/22,119.05,119.69,117.72,118.27,8406400
2018/10/23,116.95,118.49,115.41,117.85,8607400
2018/10/24,117.06,117.06,111.25,111.61,11630500
2018/10/25,112.62,114.69,112.12,114.16,7406900
2018/10/26,112.84,114.14,112.10,113.19,7984700
2018/10/29,114.45,114.94,111.96,113.04,9234100
2018/10/30,113.39,114.89,112.41,114.76,7365400
2018/10/31,116.23,116.52,114.68,114.83,9196700
2018/11/1,115.20,116.28,114.90,116.10,6779900
2018/11/2,116.83,116.95,114.37,115.18,6377900
2018/11/5,115.74,116.22,115.12,115.45,7920800
2018/11/6,115.74,116.84,115.45,116.71,5036600
2018/11/7,116.57,117.29,115.16,117.05,8249800
2018/11/8,117.45,117.83,115.21,116.00,11074800
2018/11/9,118.20,120.20,117.18,118.00,16878200
2018/11/12,118.00,118.46,116.60,116.70,9170600
2018/11/13,117.11,117.78,116.18,116.85,4650600
2018/11/14,117.44,118.22,116.44,117.12,7109100
2018/11/15,116.49,117.43,115.70,117.11,7088700
2018/11/16,116.53,117.34,115.99,116.19,7141900
2018/11/19,116.00,117.83,114.79,115.42,9714600
2018/11/20,113.52,114.59,111.52,111.87,11194600
2018/11/21,112.50,113.99,112.30,113.03,7242500
2018/11/22,112.50,113.99,112.30,113.03,7242500
2018/11/23,112.24,112.79,111.74,112.08,3242300
2018/11/26,113.18,113.18,111.92,112.55,7002400
2018/11/27,113.61,114.10,112.41,113.90,7357500
2018/11/28,114.32,116.30,114.05,116.10,9039800
2018/11/29,115.75,117.14,115.21,116.61,10834700
2018/11/30,116.84,117.07,115.06,115.49,16857800
2018/12/3,116.65,116.92,114.91,115.74,9273300
2018/12/4,115.62,116.29,112.66,112.87,10806700
2018/12/5,115.62,116.29,112.66,112.87,10806700
2018/12/6,112.06,114.34,111.16,114.33,10546200
2018/12/7,113.86,113.99,111.61,111.98,8305500
2018/12/10,111.99,112.29,109.53,111.86,7337500
2018/12/11,112.97,113.72,111.43,111.97,6861800
2018/12/12,113.00,113.98,112.15,112.21,7723900
2018/12/13,112.87,113.60,112.34,113.39,6661500
2018/12/14,112.37,113.92,112.05,112.20,7601900
2018/12/17,112.29,112.89,110.03,110.62,7731800
2018/12/18,110.87,111.08,108.90,109.45,6682300
2018/12/19,110.00,112.13,108.95,109.22,9416900
2018/12/20,108.75,109.21,106.13,107.00,9387300
2018/12/21,106.47,108.75,103.86,104.22,15530600
2018/12/24,103.23,103.90,100.35,100.35,7133000
2018/12/25,103.23,103.90,100.35,100.35,7133000
2018/12/26,100.49,105.85,100.38,105.83,9422800
2018/12/27,104.41,106.55,102.80,106.52,8201400
2018/12/28,107.28,108.52,106.19,107.30,7620500
2018/12/31,109.11,109.67,107.55,109.65,7241700
2019/1/1,109.11,109.67,107.55,109.65,7241700
2019/1/2,108.10,109.14,107.73,108.97,9723500
2019/1/3,108.48,108.65,105.94,106.33,10594700
2019/1/4,107.94,110.75,107.25,109.61,10122800
2019/1/7,109.91,111.40,109.30,110.56,6714700
2019/1/8,111.80,112.56,111.17,111.42,8730700
2019/1/9,111.80,112.80,111.56,112.67,5931900
2019/1/10,111.99,112.91,111.50,112.80,6160100
2019/1/11,112.18,112.92,111.73,112.65,4819100
2019/1/14,111.65,112.70,111.43,112.42,6980600
2019/1/15,112.30,113.18,110.61,111.76,9800900
2019/1/16,111.45,112.01,110.81,110.91,5899900
2019/1/17,110.72,111.26,110.16,111.01,6392000
2019/1/18,111.86,111.93,110.83,111.04,8554700
2019/1/21,111.86,111.93,110.83,111.04,8554700
2019/1/22,110.62,111.33,109.75,110.60,6986700
2019/1/23,111.19,111.84,110.00,111.12,6845600
2019/1/24,111.00,111.11,109.93,110.55,6716800
2019/1/25,111.47,111.50,110.66,111.09,5706900
2019/1/28,110.76,110.99,109.95,110.81,6178800
2019/1/29,110.65,110.93,110.00,110.90,5253700
2019/1/30,110.30,110.58,108.96,110.13,7853800
2019/1/31,110.10,111.54,110.01,111.52,8351600
2019/2/1,111.97,112.05,110.93,111.30,6557700
2019/2/4,111.41,111.98,110.68,111.80,7037000
2019/2/5,112.02,112.74,111.45,112.66,13619800
2019/2/6,113.85,113.92,111.07,111.41,14229000
2019/2/7,111.05,111.11,109.81,110.95,8658100
2019/2/8,110.46,111.54,110.06,111.51,6395500
2019/2/11,111.77,111.81,109.25,109.44,11086400
2019/2/12,110.21,110.83,109.15,109.20,7610200
2019/2/13,109.24,110.48,109.23,110.20,6919700
2019/2/14,109.85,111.50,109.54,110.66,6324300
2019/2/15,111.40,112.63,111.03,112.59,8197300
2019/2/18,111.40,112.63,111.03,112.59,8197300
2019/2/19,112.91,113.77,112.83,113.51,8169600
2019/2/20,113.60,114.09,113.29,113.68,7081500
2019/2/21,113.40,114.54,112.87,114.29,9480100
2019/2/22,114.63,115.77,113.95,115.25,8734700
2019/2/25,115.62,115.80,113.46,113.59,9327700
2019/2/26,113.65,114.01,112.85,113.50,8956000
2019/2/27,113.10,113.51,112.46,112.78,7249500
2019/2/28,112.90,113.43,112.75,112.84,6716700
2019/3/1,113.45,114.44,113.45,114.01,6996900
2019/3/4,114.42,114.42,113.09,114.33,6015000
2019/3/5,114.23,114.54,113.76,114.00,5225100
2019/3/6,114.00,115.05,114.00,114.85,7352800
2019/3/7,114.85,114.90,113.47,114.01,6324000
2019/3/8,113.46,113.84,112.90,113.81,6549100
2019/3/11,114.04,115.00,114.03,114.75,6952700
2019/3/12,114.72,115.30,114.04,114.73,9920300
2019/3/13,114.84,114.85,113.72,114.09,17994500
2019/3/14,114.12,114.77,113.93,114.48,17409600
2019/3/15,114.50,115.48,113.68,114.96,14932700
2019/3/18,113.03,114.00,112.46,113.12,21769800
2019/3/19,112.95,113.71,109.80,110.00,45384400
2019/3/20,110.31,110.88,108.05,109.99,35588700
2019/3/21,110.10,110.15,108.37,108.66,27438900
2019/3/22,108.33,109.00,107.51,108.23,24133800
2019/3/25,108.49,109.07,107.32,107.79,18187500
2019/3/26,108.40,110.34,108.27,110.14,16693100
2019/3/27,110.45,111.09,109.73,110.28,10794800
2019/3/28,110.60,111.27,110.24,110.71,11748900
2019/3/29,111.56,111.60,110.39,111.03,16358800
2019/4/1,111.59,112.87,111.38,112.51,10785100
2019/4/2,113.15,113.31,111.92,111.96,9231800
2019/4/3,112.70,113.11,112.21,112.52,10534900
2019/4/4,113.24,114.86,113.03,114.75,14378400
2019/4/5,114.97,115.13,114.31,115.00,10907900
2019/4/8,115.00,115.83,114.64,114.96,11054200
2019/4/9,115.61,117.16,115.28,116.86,17340300
2019/4/10,117.58,118.03,116.28,117.16,14091100
2019/4/11,117.73,117.86,116.32,116.60,12784500
2019/4/12,127.91,130.90,126.36,130.06,65253500
2019/4/15,131.05,132.70,129.79,132.04,32773700
2019/4/16,131.75,132.13,129.56,129.90,14564300
2019/4/17,129.81,132.36,129.28,131.75,14253700
2019/4/18,131.77,132.87,131.11,132.45,11890600
2019/4/19,131.77,132.87,131.11,132.45,11890600
2019/4/22,131.90,132.20,131.03,131.68,10197500
2019/4/23,133.39,134.24,132.65,133.36,12159300
2019/4/24,133.11,135.75,132.72,135.10,11449500
2019/4/25,135.36,138.88,134.84,137.24,16382500
2019/4/26,138.70,140.04,137.51,139.92,14167600
2019/4/29,142.19,142.37,137.61,139.30,25746100
2019/4/30,139.12,139.39,136.03,136.97,15253100
2019/5/1,137.49,138.17,136.24,136.38,8906700
2019/5/2,135.38,135.69,132.38,134.14,16580400
2019/5/3,135.22,135.31,133.78,134.33,8874400
2019/5/6,132.54,135.33,132.30,135.00,9955600
2019/5/7,135.35,135.97,132.76,133.44,10972700
2019/5/8,133.50,135.70,133.31,134.99,15423500
2019/5/9,135.03,136.48,132.84,133.59,15297100
2019/5/10,133.01,134.32,131.23,134.04,9858500
2019/5/13,131.50,132.66,130.55,131.34,11389900
2019/5/14,133.52,134.66,132.05,133.20,12001700
2019/5/15,132.55,135.21,132.04,134.68,9734100
2019/5/16,135.29,136.40,134.81,135.50,9689400
2019/5/17,134.26,135.98,134.03,135.04,8964200
2019/5/20,134.25,134.40,133.25,133.91,8009000
2019/5/21,134.57,134.57,133.11,134.09,7050300
2019/5/22,133.82,134.17,133.39,133.85,5093700
2019/5/23,132.71,133.55,131.95,132.73,6743300
2019/5/24,133.10,133.29,132.22,132.79,4570100
2019/5/27,133.10,133.29,132.22,132.79,4570100
2019/5/28,133.21,134.04,132.59,132.62,8938400
2019/5/29,131.96,132.15,130.78,131.57,7749600
2019/5/30,131.88,132.68,131.34,132.20,5274000
2019/5/31,130.96,132.93,130.78,132.04,7420700
2019/6/3,132.02,132.95,131.49,132.47,7901400
2019/6/4,133.45,134.88,132.92,134.82,8247500
2019/6/5,135.41,136.00,134.94,135.94,6842800
2019/6/6,136.51,137.44,135.73,137.21,6027300
2019/6/7,137.60,138.76,137.33,138.04,7026300
2019/6/10,138.88,138.88,136.07,137.07,8479500
2019/6/11,137.59,137.75,134.94,135.08,6352200
2019/6/12,135.09,136.28,134.82,135.72,5537000
2019/6/13,137.95,141.85,137.61,141.74,17939500
2019/6/14,142.05,142.95,140.53,141.65,11125200
2019/6/17,140.81,141.48,139.11,140.97,8542700
2019/6/18,141.99,143.51,138.97,139.24,11231400
2019/6/19,139.51,141.07,138.58,140.92,6877100
2019/6/20,141.98,142.23,139.91,142.02,8485800
2019/6/21,141.95,142.00,140.00,140.23,14150000
2019/6/24,140.12,140.47,137.80,139.22,10497400
2019/6/25,139.02,140.41,138.67,139.94,14675400
2019/6/26,140.36,140.74,139.51,140.40,8842100
2019/6/27,141.00,141.74,138.92,139.30,6466300
2019/6/28,139.41,140.21,138.61,139.64,20078800
2019/7/1,140.45,141.95,139.22,141.65,8972400
2019/7/2,141.40,142.86,141.27,142.53,7554100
2019/7/3,142.70,143.00,142.00,142.98,4150900
2019/7/4,142.70,143.00,142.00,142.98,4150900
2019/7/5,141.42,142.89,140.70,142.45,5596000
2019/7/8,142.18,142.23,140.97,141.02,4993900
2019/7/9,140.06,141.72,139.75,141.61,7396300
2019/7/10,142.40,144.25,142.01,143.54,9533700
2019/7/11,144.01,145.34,143.54,143.56,10471100
2019/7/12,144.15,145.43,144.00,144.88,8510000
2019/7/15,145.13,145.36,143.97,145.06,5289200
2019/7/16,144.75,144.99,143.81,144.30,5854700
2019/7/17,144.60,144.68,142.37,142.57,5296400
2019/7/18,142.46,142.46,140.17,141.63,8031700
2019/7/19,142.24,142.24,139.74,139.85,6109900
2019/7/22,141.25,141.44,140.01,140.84,7706400
2019/7/23,141.65,142.54,140.27,141.26,7514500
2019/7/24,141.40,141.59,140.40,141.29,5896600
2019/7/25,141.40,143.23,141.04,143.21,7294400
2019/7/26,143.74,145.19,143.05,144.65,8139400
2019/7/29,145.59,147.15,145.17,146.39,11674100
2019/7/30,145.76,146.80,144.61,144.93,6563100
2019/7/31,144.99,145.00,142.34,143.01,9710700
2019/8/1,143.34,144.53,141.26,141.85,8911700
2019/8/2,140.99,142.22,139.94,141.71,6539100
2019/8/5,139.14,140.23,137.03,138.30,10669700
2019/8/6,140.41,141.95,138.37,141.87,18818900
2019/8/7,134.93,135.87,132.26,134.86,29084500
2019/8/8,137.90,138.00,136.01,137.89,14054800
2019/8/9,137.10,139.24,136.76,138.52,8811900
2019/8/12,137.31,137.57,135.23,135.75,7918900
2019/8/13,135.00,137.92,135.00,137.01,8145400
2019/8/14,135.06,135.15,132.68,132.85,11797700
2019/8/15,133.50,134.28,132.47,133.41,7590100
2019/8/16,134.02,135.50,133.83,135.20,6353800
2019/8/19,136.79,137.62,134.28,135.29,11741800
2019/8/20,133.33,136.04,133.26,135.13,8628000
2019/8/21,134.61,136.06,134.05,135.76,6325000
2019/8/22,136.20,136.67,134.69,136.08,6967100
2019/8/23,135.51,136.44,131.02,131.67,10190900
2019/8/26,134.19,134.64,132.55,134.61,8093800
2019/8/27,135.77,135.99,134.19,134.49,6013600
2019/8/28,134.06,136.73,133.52,136.55,5950500
2019/8/29,138.12,138.68,137.42,137.84,6532700
2019/8/30,138.29,138.50,136.76,137.26,5622200
2019/9/2,138.29,138.50,136.76,137.26,5622200
2019/9/3,136.37,136.42,135.06,136.31,5997400
2019/9/4,136.74,138.20,136.39,137.89,4285400
2019/9/5,138.92,139.27,138.32,138.84,5143500
2019/9/6,139.13,139.81,138.25,139.55,4090000
2019/9/9,139.58,140.08,138.48,138.83,5458700
2019/9/10,138.12,138.44,134.58,135.79,10974600
2019/9/11,135.56,136.24,134.93,136.19,7896400
2019/9/12,136.84,138.67,136.54,137.50,7333900
2019/9/13,137.85,138.22,137.11,138.02,5209100
2019/9/16,136.29,137.24,135.30,135.80,6329300
2019/9/17,135.80,136.73,135.67,136.31,4726500
2019/9/18,136.41,137.07,135.72,136.80,6857900
2019/9/19,137.00,137.36,133.00,133.30,12216100
2019/9/20,133.03,133.23,131.61,132.27,25231600
2019/9/23,131.99,132.89,131.89,132.46,6096100
2019/9/24,134.01,134.15,131.50,131.97,11904000
2019/9/25,131.79,133.42,131.22,133.09,6523000
2019/9/26,133.14,133.30,129.06,131.27,11615100
2019/9/27,130.10,131.00,128.92,129.96,8401300
2019/9/30,130.35,130.86,129.82,130.32,5532500
2019/10/1,130.80,131.78,129.51,129.55,5978500
2019/10/2,128.51,129.22,127.57,129.14,8296100
2019/10/3,128.60,129.43,127.54,128.15,8498700
2019/10/4,128.69,130.44,128.61,130.27,6732900
2019/10/7,130.27,131.57,129.04,130.90,5784100
2019/10/8,129.90,130.04,128.37,128.47,6526000
2019/10/9,129.10,129.85,128.06,129.33,5004600
2019/10/10,129.22,130.14,128.88,129.34,4512000
2019/10/11,130.30,130.99,129.84,130.02,6559000
2019/10/14,130.13,130.30,129.48,129.70,3710300
2019/10/15,130.01,130.89,129.40,129.76,5914700
2019/10/16,129.76,131.83,129.70,130.86,7610800
2019/10/17,132.53,133.44,130.51,132.37,8005100
2019/10/18,132.37,133.16,130.89,130.89,8694000
2019/10/21,131.44,131.73,130.02,130.26,6257100
2019/10/22,133.15,133.68,132.10,132.40,9291600
2019/10/23,132.45,132.68,130.76,131.13,5970800
2019/10/24,131.52,131.70,129.63,130.26,5746300
2019/10/25,130.50,131.76,130.03,130.90,6696000
2019/10/28,131.45,132.08,130.14,130.53,8940300
2019/10/29,130.50,130.77,129.44,129.48,9305100
2019/10/30,129.69,130.31,129.15,129.60,10880000
2019/10/31,129.53,130.15,128.75,129.92,9628300
2019/11/1,130.99,132.80,130.51,132.75,8507600
2019/11/4,134.12,134.14,132.47,132.92,7631800
2019/11/5,132.77,132.77,130.89,131.45,7404500
2019/11/6,131.60,131.66,130.66,131.27,9132500
2019/11/7,132.35,133.70,131.75,132.96,18047600
2019/11/8,140.22,140.25,136.74,137.96,24175900
2019/11/11,137.50,138.56,136.21,136.74,10138400
2019/11/12,138.03,139.34,136.74,138.58,17284000
2019/11/13,138.58,149.92,136.84,148.72,45725400
2019/11/14,148.00,150.63,146.28,147.15,28393600
2019/11/15,147.14,147.20,144.21,144.67,13733400
2019/11/18,144.75,149.04,143.69,147.65,15353100
2019/11/19,148.18,149.48,146.80,148.38,11504300
2019/11/20,148.09,148.99,146.03,146.93,9448400
2019/11/21,147.16,147.47,146.26,146.90,6241400
2019/11/22,147.21,149.44,146.68,148.29,9639400
2019/11/25,148.80,150.21,147.70,149.69,11316800
2019/11/26,151.75,153.41,150.61,151.64,24949900
2019/11/27,152.30,152.57,151.15,151.48,6155400
2019/11/28,152.30,152.57,151.15,151.48,6155400
2019/11/29,151.48,152.47,151.01,151.58,6284900
2019/12/2,152.94,152.97,149.10,150.62,10351000
2019/12/3,147.74,149.11,146.87,148.58,9273800
2019/12/4,149.30,149.33,148.18,148.28,7684800
2019/12/5,148.69,148.83,147.10,147.44,7363300
2019/12/6,148.40,148.61,147.18,147.66,7084900
2019/12/9,147.96,148.51,145.40,146.21,11515000
2019/12/10,145.26,146.85,145.05,146.10,7084100
2019/12/11,147.39,147.89,146.76,147.59,8253700
2019/12/12,147.92,148.93,147.25,147.76,7748300
2019/12/13,147.43,147.80,146.31,146.38,9350100
2019/12/16,147.59,148.65,146.55,148.46,9134400
2019/12/17,148.10,148.46,147.62,147.73,8776100
2019/12/18,147.77,147.95,146.19,146.26,9467800
2019/12/19,146.18,146.80,145.32,146.15,10243900
2019/12/20,147.15,147.88,145.77,146.88,12629900
2019/12/23,145.91,146.33,144.33,144.68,9314000
2019/12/24,144.58,145.43,144.45,145.29,3508500
2019/12/25,144.58,145.43,144.45,145.29,3508500
2019/12/26,145.40,145.86,145.17,145.70,4422000
2019/12/27,146.05,146.51,145.45,145.75,5495300
2019/12/30,145.75,145.87,143.40,143.77,6602800
2019/12/31,143.67,144.77,143.26,144.63,5662900
2020/1/1,143.67,144.77,143.26,144.63,5662900
2020/1/2,145.29,148.20,145.10,148.20,9502100
2020/1/3,146.40,147.90,146.05,146.50,7320200
2020/1/6,145.54,146.03,144.31,145.65,8262500
2020/1/7,145.99,146.87,145.42,145.70,6906500
2020/1/8,145.49,146.13,144.82,145.40,6984200
2020/1/9,146.47,146.63,144.61,144.83,6664200
2020/1/10,145.30,145.50,144.26,144.62,5152500
2020/1/13,144.75,144.75,143.36,143.88,9921300
2020/1/14,143.41,146.72,142.29,145.20,14839100
2020/1/15,145.71,145.71,143.93,144.32,6818200
2020/1/16,145.09,145.43,144.44,145.12,6948400
2020/1/17,145.54,145.64,144.01,144.33,10355300
2020/1/20,145.54,145.64,144.01,144.33,10355300
2020/1/21,144.24,144.59,143.01,143.56,9250200
2020/1/22,144.45,144.79,143.54,144.01,7550000
2020/1/23,143.60,143.61,140.65,142.20,11082000
2020/1/24,141.40,142.25,139.20,140.08,13076300
2020/1/27,135.86,137.73,135.00,135.90,12831800
2020/1/28,136.50,138.93,135.86,138.37,10390000
2020/1/29,138.60,138.68,135.79,136.06,9382700
2020/1/30,135.09,137.85,134.83,137.81,11847300
2020/1/31,138.40,138.67,137.06,138.31,12379100
2020/2/3,139.79,141.82,139.75,141.32,12639900
2020/2/4,145.49,145.59,143.25,144.73,23519700
2020/2/5,146.60,147.30,138.57,141.37,27824100
2020/2/6,141.92,143.95,141.22,142.70,9504600
2020/2/7,141.89,141.99,140.12,141.02,10948900
2020/2/10,141.03,142.59,140.46,142.59,8162100
2020/2/11,142.85,142.99,140.46,141.01,10790100
2020/2/12,141.34,142.22,140.87,141.85,8168200
2020/2/13,141.17,141.90,140.82,140.90,7543100
2020/2/14,141.10,141.28,139.13,139.54,9110500
2020/2/17,141.10,141.28,139.13,139.54,9110500
2020/2/18,139.02,139.66,138.10,139.14,8214900
2020/2/19,139.63,141.87,139.23,141.30,7080900
2020/2/20,141.63,141.63,138.85,140.37,5981700
2020/2/21,139.86,139.88,138.58,138.97,7725800
2020/2/24,132.90,134.44,131.21,133.01,19336500
2020/2/25,133.75,133.94,127.98,128.19,21032500
2020/2/26,126.12,128.37,122.13,123.36,31195900
2020/2/27,119.81,122.90,117.92,118.04,30827500
2020/2/28,114.51,118.31,113.21,117.65,35389900
2020/3/2,119.13,119.98,116.03,119.98,21775900
2020/3/3,121.15,121.78,115.15,116.45,19529700
2020/3/4,118.96,119.24,115.48,119.18,13842100
2020/3/5,116.86,116.96,112.11,113.98,22397200
2020/3/6,110.76,115.87,110.32,115.27,22899600
2020/3/9,108.69,110.43,104.28,104.35,26233600
2020/3/10,108.10,111.58,102.43,111.46,24083700
2020/3/11,108.42,108.90,102.86,105.51,24771300
2020/3/12,97.62,100.00,91.64,91.81,40392900
2020/3/13,100.78,102.87,92.25,102.52,40960100
2020/3/16,91.80,98.28,90.00,95.01,35379500
2020/3/17,95.80,97.46,91.15,93.53,27526200
2020/3/18,87.59,89.34,79.07,88.80,43592500
2020/3/19,88.00,97.40,85.11,94.93,30866800
2020/3/20,95.99,96.99,85.84,85.98,31957800
2020/3/23,84.49,87.28,81.09,85.76,32246600
2020/3/24,92.33,99.17,91.80,98.12,32538100
2020/3/25,100.66,105.92,95.51,100.73,28533000
2020/3/26,100.83,107.73,100.80,105.36,24520300
2020/3/27,100.45,101.49,95.54,96.40,30591500
2020/3/30,96.00,100.46,92.10,99.80,23119200
2020/3/31,100.22,103.16,96.16,96.60,21563200
2020/4/1,93.50,97.40,92.56,94.92,18303900
2020/4/2,94.20,97.26,94.20,96.97,13936500
2020/4/3,96.31,96.92,92.71,93.88,14814600
2020/4/6,97.26,100.19,94.52,99.58,20407400
2020/4/7,104.86,105.89,100.25,101.24,22899600
2020/4/8,100.53,102.35,98.65,101.07,22562500
2020/4/9,107.92,107.99,103.53,104.50,31453600
2020/4/10,107.92,107.99,103.53,104.50,31453600
2020/4/13,104.71,104.87,99.61,103.50,17306000
2020/4/14,105.50,107.64,103.90,106.03,19866900
2020/4/15,104.39,104.88,102.70,103.37,14157600
2020/4/16,103.53,103.72,100.89,102.02,18029300
2020/4/17,106.21,106.79,104.35,106.63,17926900
2020/4/20,103.58,104.86,102.00,102.26,17021000
2020/4/21,100.01,101.51,99.13,100.54,16101400
2020/4/22,101.80,102.63,100.89,100.99,11463800
2020/4/23,100.65,102.53,99.46,101.00,17132200
2020/4/24,101.78,101.92,99.52,101.19,13614100
2020/4/27,102.00,106.52,101.61,106.06,15518300
2020/4/28,108.79,110.06,105.98,106.21,16503700
2020/4/29,109.94,112.70,108.56,112.25,20139800
2020/4/30,109.44,110.31,106.86,108.15,18638700
2020/5/1,106.36,106.91,104.47,105.50,13209100
2020/5/4,102.01,103.83,100.55,103.18,19514800
2020/5/5,101.51,105.18,100.90,101.06,30169800
2020/5/6,101.48,105.27,98.86,100.88,51992400
2020/5/7,101.85,105.61,101.83,105.57,20868800
2020/5/8,109.05,109.18,106.63,109.16,24079700
2020/5/11,108.40,108.81,106.41,107.77,20555900
2020/5/12,109.06,109.44,104.49,104.56,17049700
2020/5/13,104.50,104.54,101.60,102.92,21085800
2020/5/14,101.98,105.92,99.66,105.91,22002200
2020/5/15,104.98,109.38,104.27,109.05,29766000
2020/5/18,114.47,119.78,114.47,116.85,40044600
2020/5/19,115.10,116.47,113.42,114.37,20332600
2020/5/20,116.42,120.87,116.04,119.92,25749900
2020/5/21,119.34,120.30,116.50,117.83,17578300
2020/5/22,117.50,118.57,116.83,118.02,9288200
2020/5/25,117.50,118.57,116.83,118.02,9288200
2020/5/26,121.05,122.51,120.43,120.95,16466400
2020/5/27,123.68,123.78,119.71,121.53,19345400
2020/5/28,121.60,121.98,116.00,116.75,18606000
2020/5/29,116.19,117.75,114.12,117.30,17745100
2020/6/1,117.26,119.65,116.93,118.77,10538300
2020/6/2,119.00,119.85,117.83,118.75,10753100
2020/6/3,119.99,122.45,119.32,122.18,12584300
2020/6/4,121.95,124.50,121.85,123.69,14195100
2020/6/5,126.31,127.82,124.28,124.82,16581600
2020/6/8,125.10,127.44,123.94,127.28,13858100
2020/6/9,125.63,125.79,123.51,123.89,10882800
2020/6/10,124.02,124.10,120.93,122.18,11497100
2020/6/11,117.60,118.00,112.25,112.64,26078800
2020/6/12,115.17,117.00,112.89,115.49,18361900
2020/6/15,112.08,118.12,111.71,117.08,14156400
2020/6/16,121.24,121.50,116.05,118.44,12951200
2020/6/17,118.64,119.23,117.14,117.65,8921600
2020/6/18,116.88,118.53,115.93,118.37,9577300
2020/6/19,119.98,120.12,114.35,114.35,23496300
2020/6/22,114.19,116.19,113.11,115.92,12868000
2020/6/23,116.96,117.45,115.97,116.59,10187600
2020/6/24,115.85,116.00,110.03,112.07,22252500
2020/6/25,108.99,111.51,108.50,111.36,17240400
2020/6/26,110.95,111.20,108.02,109.10,15270900
2020/6/29,109.00,111.57,108.10,111.52,12584300
2020/6/30,111.50,112.05,109.93,111.51,10565900
2020/7/1,112.82,115.60,112.29,113.01,11930900
2020/7/2,115.00,115.10,112.00,112.18,10312000
2020/7/3,115.00,115.10,112.00,112.18,10312000
2020/7/6,113.83,114.53,112.90,114.43,11933400
2020/7/7,113.63,115.08,112.61,113.63,10836500
2020/7/8,113.48,117.13,112.81,116.66,13629500
2020/7/9,116.51,117.85,115.38,116.81,13582900
2020/7/10,116.83,119.44,116.21,119.34,14207900
2020/7/13,119.94,120.13,115.89,116.22,15620200
2020/7/14,115.23,119.08,114.54,118.66,12425100
2020/7/15,121.63,122.09,119.70,120.90,15314200
2020/7/16,117.72,119.99,117.60,119.43,10210100
2020/7/17,118.90,119.56,117.06,118.65,9843500
2020/7/20,118.05,118.49,116.82,117.79,8947900
2020/7/21,118.05,120.39,117.66,118.62,8946300
2020/7/22,118.19,119.30,117.93,119.03,7063300
2020/7/23,118.86,119.35,117.01,118.12,7255800
2020/7/24,115.70,118.21,115.53,117.61,8233300
2020/7/27,117.20,117.42,115.68,116.31,9413000
2020/7/28,115.46,116.84,114.68,116.18,6821100
2020/7/29,116.22,116.71,115.11,115.61,9496500
2020/7/30,114.91,116.29,113.37,115.66,9713500
2020/7/31,115.22,117.05,114.12,116.94,9601000
2020/8/3,116.17,117.12,115.35,116.35,10229200
2020/8/4,115.96,118.35,115.76,117.29,17293900
2020/8/5,123.37,130.31,123.28,127.61,53000200
2020/8/6,126.96,131.63,125.61,130.82,27238000
2020/8/7,130.22,131.94,128.66,129.93,16088600
2020/8/10,129.75,131.32,128.49,128.79,8529200
2020/8/11,130.53,132.76,130.00,130.49,13885700
2020/8/12,130.67,133.00,130.49,131.79,12204200
2020/8/13,130.64,132.35,130.45,130.96,6468600
2020/8/14,130.01,131.08,129.74,130.53,6507600
2020/8/17,130.10,130.14,128.54,129.37,7492200
2020/8/18,129.44,129.59,128.36,128.92,6714600
2020/8/19,129.25,130.22,127.43,127.77,7624200
2020/8/20,126.80,128.45,126.53,128.12,4918100
2020/8/21,127.72,128.31,127.23,127.44,6064700
2020/8/24,128.15,130.88,127.93,130.69,7613600
2020/8/25,130.83,131.09,129.31,129.79,5494400
2020/8/26,130.00,132.60,129.52,132.18,8447800
2020/8/27,133.00,136.36,132.82,133.73,13667600
2020/8/28,134.50,136.80,133.58,135.54,11020100
2020/8/31,135.25,135.54,131.25,131.87,11617500
2020/9/1,131.92,133.61,130.89,133.55,7351200
2020/9/2,133.63,135.92,133.26,135.39,8187800
2020/9/3,135.24,137.24,132.02,133.24,12079200
2020/9/4,133.75,134.88,129.42,131.99,11248300
2020/9/7,133.75,134.88,129.42,131.99,11248300
2020/9/8,131.99,137.14,130.86,134.20,17257300
2020/9/9,134.28,135.55,132.26,133.36,8891800
2020/9/10,133.58,136.75,132.74,133.22,9853400
2020/9/11,133.74,133.74,131.09,131.75,7165300
2020/9/14,132.53,132.93,130.90,131.25,8391900
2020/9/15,131.46,132.54,131.01,131.24,7289100
2020/9/16,132.17,133.62,131.40,132.09,6601000
2020/9/17,130.55,131.77,128.60,130.22,6723500
2020/9/18,129.50,130.79,128.12,128.63,9916300
2020/9/21,125.98,126.89,123.59,125.41,10352700
2020/9/22,125.26,127.47,124.70,127.21,6978800
2020/9/23,127.07,127.30,122.90,123.28,8323600
2020/9/24,121.93,123.80,120.78,122.49,8480000
2020/9/25,121.36,124.19,120.98,124.00,6851800
2020/9/28,125.75,126.86,125.37,125.99,6283700
2020/9/29,125.92,126.29,123.68,125.40,7405800
2020/9/30,123.24,125.55,123.24,124.08,13642500
2020/10/1,124.94,125.47,122.42,123.31,8908300
2020/10/2,121.99,123.68,121.69,122.55,6490200
2020/10/5,123.26,123.60,122.33,123.37,5919200
2020/10/6,123.13,124.19,120.61,120.93,9052000
2020/10/7,121.95,123.31,120.93,122.91,10187800
2020/10/8,123.58,123.75,122.42,123.09,7404600
2020/10/9,123.85,125.55,123.33,124.98,11502200
2020/10/12,124.90,125.94,123.73,124.97,10958200
2020/10/13,129.80,131.36,127.90,128.96,22389000
2020/10/14,129.14,129.50,125.29,126.59,11531500
2020/10/15,125.00,127.40,124.43,127.36,7744000
2020/10/16,127.81,128.12,126.33,126.81,6291700
2020/10/19,127.37,127.40,123.71,124.23,6576900
2020/10/20,124.58,125.73,123.64,124.95,6161200
2020/10/21,124.36,127.56,123.84,126.63,6591500
2020/10/22,126.67,128.10,125.97,127.56,5177700
2020/10/23,128.10,128.50,126.35,128.35,5439900
2020/10/26,127.11,127.11,122.95,124.06,8578900
2020/10/27,124.03,124.61,123.03,123.31,6813800
2020/10/28,121.01,121.53,118.32,118.47,11654700
2020/10/29,118.16,122.63,117.23,121.54,9583700
2020/10/30,120.64,121.75,119.09,121.25,8090200
2020/11/2,122.24,122.93,119.81,120.13,9186000
2020/11/3,121.61,125.07,121.37,124.02,8144900
2020/11/4,123.58,126.86,123.41,125.07,7483000
2020/11/5,126.78,128.62,125.80,126.96,7654800
2020/11/6,126.26,128.04,124.61,127.46,6259700
2020/11/9,140.26,147.68,138.07,142.59,35634700
2020/11/10,139.97,142.37,137.67,142.11,18115400
2020/11/11,141.47,142.00,136.62,137.82,9600900
2020/11/12,136.34,138.49,134.10,135.52,13768200
2020/11/13,140.90,141.19,136.52,138.36,21062300
2020/11/16,141.57,144.74,141.57,144.67,16382500
2020/11/17,144.40,144.83,142.56,144.50,9354900
2020/11/18,144.50,145.48,143.35,143.90,9456200
2020/11/19,142.57,143.30,141.70,141.72,8892500
2020/11/20,141.71,142.61,140.86,141.07,8481600
2020/11/23,142.45,147.75,141.70,145.98,12887000
2020/11/24,148.16,151.86,147.85,151.49,16711700
2020/11/25,150.27,150.27,147.24,149.09,9552000
2020/11/26,150.27,150.27,147.24,149.09,9552000
2020/11/27,149.00,150.35,146.53,147.13,5306400
2020/11/30,147.06,148.69,146.29,148.01,9710100
2020/12/1,149.57,151.40,149.00,149.44,8825500
2020/12/2,149.49,154.01,148.34,153.61,10601900
2020/12/3,153.45,154.44,152.13,153.24,9063200
2020/12/4,153.69,154.68,152.81,154.14,6033300
2020/12/7,153.18,153.88,152.26,153.68,6815500
2020/12/8,152.42,154.88,152.25,153.72,7900600
2020/12/9,156.29,157.46,153.89,154.43,10804300
2020/12/10,153.32,155.34,152.50,154.69,8993200
2020/12/11,169.68,179.45,165.33,175.72,87410700
2020/12/14,173.80,177.30,168.81,169.30,30939400
2020/12/15,170.49,174.47,167.82,173.94,18802600
2020/12/16,173.99,174.85,171.62,173.12,11105800
2020/12/17,173.82,174.84,171.96,173.55,9004600
2020/12/18,173.60,175.84,172.28,172.89,21172100
2020/12/21,170.09,171.94,168.19,170.69,11424200
2020/12/22,170.00,171.45,169.16,170.45,6419200
2020/12/23,172.96,175.95,172.30,173.55,9994000
2020/12/24,173.99,174.58,172.38,173.73,2721000
2020/12/25,173.99,174.58,172.38,173.73,2721000
2020/12/28,175.75,179.92,175.05,178.86,13145400
2020/12/29,180.01,180.20,176.22,177.30,6875400
2020/12/30,178.50,183.40,178.37,181.17,11680400
2020/12/31,181.22,183.40,180.27,181.18,7073500
2021/1/1,181.22,183.40,180.27,181.18,7073500
2021/1/4,182.26,182.59,174.73,177.68,13426600
2021/1/5,176.20,180.34,176.20,178.44,7771800
2021/1/6,178.32,181.61,177.28,179.12,7517800
2021/1/7,179.50,179.95,177.58,178.58,7300800
2021/1/8,178.81,180.02,176.60,178.69,7894500
2021/1/11,177.75,181.26,177.35,179.09,6461300
2021/1/12,177.30,178.32,174.86,175.99,8349800
2021/1/13,174.40,177.73,173.74,176.12,6839500
2021/1/14,177.01,178.35,173.40,173.43,8951200
2021/1/15,172.95,174.19,170.17,171.44,12232500
2021/1/18,172.95,174.19,170.17,171.44,12232500
2021/1/19,172.10,173.71,171.44,172.26,7834700
2021/1/20,175.22,177.88,173.00,173.64,9809200
2021/1/21,173.24,175.00,171.02,171.28,8416400
2021/1/22,174.00,175.25,171.89,172.78,9517200
2021/1/25,171.89,173.11,168.77,171.89,7833700
2021/1/26,173.00,173.35,169.05,169.56,7523200
2021/1/27,165.01,166.34,160.52,163.03,18239200
2021/1/28,166.17,172.88,165.95,171.88,14449100
2021/1/29,168.80,169.81,165.79,168.17,12848800
2021/2/1,170.84,171.73,168.03,170.97,8140400
2021/2/2,173.77,179.76,172.80,176.96,12215200
2021/2/3,177.00,178.43,175.76,176.43,5508600
2021/2/4,177.59,181.38,176.49,180.23,9035400
2021/2/5,181.71,182.32,179.33,181.16,6640500
2021/2/8,183.85,190.64,183.30,190.00,16085700
2021/2/9,188.17,189.25,186.04,188.21,11270800
2021/2/10,189.98,190.70,185.81,189.63,11464600
2021/2/11,189.18,191.25,188.07,190.91,17507900
2021/2/12,193.00,193.85,186.56,187.67,27233800
2021/2/15,193.00,193.85,186.56,187.67,27233800
2021/2/16,187.30,188.44,184.86,186.35,11630700
2021/2/17,185.36,187.63,182.16,186.44,11391800
2021/2/18,184.79,186.40,182.84,183.00,12380900
2021/2/19,184.27,184.78,182.79,183.65,8834500
2021/2/22,181.74,194.02,181.53,191.76,18799600
2021/2/23,193.59,198.94,188.66,197.09,23191400
2021/2/24,197.58,200.60,195.33,197.51,16205900
2021/2/25,197.73,197.96,190.38,190.98,12712000
2021/2/26,190.07,191.61,185.45,189.04,15844000
2021/3/1,193.23,196.90,191.39,194.98,10709900
2021/3/2,196.10,197.96,193.49,193.94,8371400
2021/3/3,194.63,196.81,192.21,192.26,8750300
2021/3/4,189.90,192.48,184.12,188.03,12542600
2021/3/5,189.15,190.57,183.34,189.99,10266400
2021/3/8,197.31,203.02,193.79,201.91,25093200
2021/3/9,200.19,201.70,194.37,194.51,23331000
2021/3/10,197.31,198.80,194.68,195.06,13662100
2021/3/11,197.38,199.05,195.40,196.75,11933900
2021/3/12,196.53,198.41,195.18,197.16,13249100
2021/3/15,198.54,198.54,194.81,196.76,10311400
2021/3/16,196.10,196.59,192.88,194.24,9680700
2021/3/17,193.44,196.19,191.78,195.24,14418700
2021/3/18,194.95,195.08,191.74,192.28,9644500
2021/3/19,190.92,194.00,189.76,191.14,28354600
2021/3/22,193.26,196.33,192.00,192.86,8838500
2021/3/23,191.59,192.34,187.97,188.73,10701200
2021/3/24,190.06,190.50,184.64,184.72,13549100
2021/3/25,181.85,187.71,181.01,186.91,9609200
2021/3/26,188.83,188.98,182.57,185.92,10196100
2021/3/29,185.24,185.94,183.15,184.85,7544700
2021/3/30,183.83,186.32,183.56,185.53,5929700
2021/3/31,185.83,186.90,184.42,184.52,8478000
2021/4/1,186.43,189.10,185.59,188.97,7749400
2021/4/2,186.43,189.10,185.59,188.97,7749400
2021/4/5,191.47,191.67,188.09,188.50,7405300
2021/4/6,188.50,191.28,187.87,189.73,7926200
2021/4/7,189.80,190.33,186.95,187.56,6238700
2021/4/8,187.20,188.05,185.63,187.32,7763000
2021/4/9,188.17,188.22,186.15,187.89,6089300
2021/4/12,187.75,187.85,185.48,186.49,6662500
2021/4/13,185.59,186.44,184.60,185.49,6826500
2021/4/14,185.97,190.40,185.71,187.46,9089900
2021/4/15,188.09,188.90,185.70,185.93,7262500
2021/4/16,187.57,189.47,186.20,187.26,9453500
2021/4/19,187.51,190.33,185.65,187.43,7625800
2021/4/20,187.29,188.08,181.82,182.79,10765800
2021/4/21,181.29,183.38,178.86,183.11,8400200
2021/4/22,184.22,184.88,181.26,182.76,7378300
2021/4/23,182.35,183.90,181.96,183.02,6075500
2021/4/26,183.96,185.60,183.26,184.27,6178300
2021/4/27,184.99,185.81,184.15,184.64,4870000
2021/4/28,184.79,184.79,182.82,183.39,5199300
2021/4/29,184.80,185.55,182.75,185.33,5958300
2021/4/30,184.29,186.32,183.54,186.02,7866300
2021/5/3,187.69,189.22,185.25,185.51,7542800
2021/5/4,184.87,185.63,182.31,184.25,7069300
2021/5/5,185.01,185.01,181.36,181.51,5901700
2021/5/6,182.78,182.99,179.81,181.79,6944900
2021/5/7,182.00,185.12,181.51,184.84,6888400
2021/5/10,185.70,186.97,184.03,184.30,8260300
2021/5/11,181.80,182.25,178.43,181.67,10865600
2021/5/12,180.70,182.46,177.58,177.85,8988100
2021/5/13,178.37,180.75,175.80,178.34,12332200
2021/5/14,172.93,174.91,168.78,173.70,33149400
2021/5/17,172.70,172.99,168.57,170.08,17771600
2021/5/18,170.26,171.26,169.45,169.68,10401000
2021/5/19,167.71,169.40,167.10,169.27,9251000
2021/5/20,169.21,171.90,168.98,171.36,7400700
2021/5/21,172.22,173.12,171.52,172.40,8105700
2021/5/24,172.45,175.11,171.75,174.31,7346700
2021/5/25,175.60,177.45,175.40,176.17,8089700
2021/5/26,176.62,177.90,176.20,176.47,8086200
2021/5/27,177.20,179.59,176.79,179.04,13567800
2021/5/28,179.51,180.14,178.08,178.65,7124800
2021/5/31,179.51,180.14,178.08,178.65,7124800
2021/6/1,180.18,181.01,178.74,178.84,7475600
2021/6/2,179.04,179.10,176.93,177.00,7851700
2021/6/3,176.27,176.97,175.42,176.24,5583900
2021/6/4,175.93,177.52,175.61,177.18,6343400
2021/6/7,177.97,178.07,176.40,176.99,5178100
2021/6/8,175.97,177.12,175.19,176.33,5356200
2021/6/9,176.31,177.33,175.88,176.04,5082400
2021/6/10,176.44,177.61,175.55,176.57,5253000
2021/6/11,177.45,178.49,176.81,177.38,5476300
2021/6/14,177.65,178.87,176.90,178.18,10170000
2021/6/15,178.18,178.70,175.62,175.86,7895000
2021/6/16,176.01,176.26,173.55,174.66,8336000
2021/6/17,174.59,176.26,173.84,174.65,8906000
2021/6/18,173.14,173.86,172.12,172.42,12357500
2021/6/21,172.13,174.26,171.31,173.97,9196900
2021/6/22,174.37,174.70,172.35,173.50,8097100
2021/6/23,173.62,175.45,172.94,175.33,9174200
2021/6/24,176.13,178.24,175.78,177.93,7549400
2021/6/25,178.83,179.09,177.49,178.35,7431800
2021/6/28,178.50,178.66,174.99,176.57,9881400
2021/6/29,176.64,177.02,173.80,173.93,13498300
2021/6/30,173.89,175.98,173.34,175.77,7481900
2021/7/1,175.35,177.60,174.60,177.26,5887100
2021/7/2,177.86,178.36,174.62,177.11,11099300
2021/7/5,177.86,178.36,174.62,177.11,11099300
2021/7/6,176.76,177.00,172.22,173.69,11557900
2021/7/7,172.86,174.32,171.99,172.82,6757300
2021/7/8,170.18,173.75,169.81,172.80,6960100
2021/7/9,174.70,177.52,173.93,177.04,7873300
2021/7/12,177.71,184.99,177.37,184.38,21835500
2021/7/13,184.09,185.67,181.84,183.65,12534600
2021/7/14,185.20,186.29,182.08,183.42,8787300
2021/7/15,183.45,185.42,183.05,184.15,7867000
2021/7/16,184.94,185.29,178.92,179.31,8348800
2021/7/19,175.71,176.48,172.16,172.95,14651800
2021/7/20,173.70,177.51,172.87,176.75,8372400
2021/7/21,176.50,177.90,175.32,176.89,6302200
2021/7/22,176.70,176.72,173.90,175.13,5713700
2021/7/23,175.66,176.50,174.03,176.14,5126300
2021/7/26,175.62,178.78,175.34,178.74,5641000
2021/7/27,178.25,179.56,176.57,179.50,6684100
2021/7/28,179.69,180.35,177.55,179.10,5926900
2021/7/29,179.81,181.42,178.27,178.35,6209100
2021/7/30,177.53,179.20,175.14,176.02,6813400
2021/8/2,177.22,178.82,175.31,175.55,5847200
2021/8/3,176.02,176.13,170.92,172.99,9931300
2021/8/4,172.50,173.25,171.34,172.58,5665800
2021/8/5,172.49,177.12,172.49,176.71,8864200
2021/8/6,177.43,178.81,176.63,177.13,5505200
2021/8/9,177.00,177.31,175.06,176.72,5339000
2021/8/10,176.25,177.40,175.58,177.07,5185000
2021/8/11,177.36,178.49,176.51,178.09,5359900
2021/8/12,178.09,179.72,176.45,179.29,11081300
2021/8/13,186.29,187.58,180.88,181.08,32504600
2021/8/16,180.51,180.59,176.51,179.09,8746700
2021/8/17,177.15,178.45,174.92,175.83,8534500
2021/8/18,175.90,176.79,174.50,174.74,7063500
2021/8/19,174.00,174.68,172.56,173.25,8478600
2021/8/20,173.00,175.21,172.65,175.12,6239600
2021/8/23,177.08,178.31,175.91,177.66,7395900
2021/8/24,177.92,180.08,177.76,178.47,5886900
2021/8/25,178.16,178.59,176.88,178.31,4842100
2021/8/26,178.34,178.94,176.34,176.56,4563000
2021/8/27,176.28,180.54,176.28,180.14,8697000
2021/8/30,180.50,181.39,178.87,179.98,6421300
2021/8/31,179.25,182.98,178.53,181.30,8620000
2021/9/1,181.96,184.21,181.78,183.48,7302800
2021/9/2,184.16,185.30,181.55,181.86,6492600
2021/9/3,181.82,181.82,179.13,181.00,6847400
2021/9/6,181.82,181.82,179.13,181.00,6847400
2021/9/7,181.02,185.55,180.05,184.34,10702900
2021/9/8,184.34,187.46,183.92,185.15,8634000
2021/9/9,185.15,187.58,184.57,185.91,7190700
2021/9/10,186.36,187.10,184.01,184.12,5572200
2021/9/13,185.12,185.80,183.50,184.98,6818200
2021/9/14,184.96,185.13,182.15,182.40,6185900
2021/9/15,182.06,184.66,181.10,184.41,5933400
2021/9/16,183.97,184.64,182.12,183.34,5678200
2021/9/17,182.91,185.90,182.73,183.47,10035100
2021/9/20,179.74,180.88,176.55,178.61,8056600
2021/9/21,180.32,182.23,169.03,171.17,23216000
2021/9/22,172.94,175.34,171.66,173.65,14214500
2021/9/23,174.94,177.19,174.37,176.25,8052900
2021/9/24,175.30,176.70,175.08,176.00,5712800
2021/9/27,176.63,179.45,175.96,178.26,7755000
2021/9/28,177.75,178.00,173.86,174.52,9133100
2021/9/29,174.25,174.96,172.59,172.68,6240800
2021/9/30,173.10,173.68,169.10,169.17,13978000
2021/10/1,172.28,177.32,171.97,176.01,12165000
2021/10/4,175.56,175.96,172.67,173.46,7200600
2021/10/5,173.83,176.24,173.61,174.61,6798200
2021/10/6,173.00,175.71,171.55,175.48,6005200
2021/10/7,177.70,179.63,177.33,177.71,7780000
2021/10/8,177.93,178.60,176.40,176.74,4132200
2021/10/11,176.02,176.52,173.48,173.52,8046300
2021/10/12,173.62,174.49,172.55,173.13,5188400
2021/10/13,173.63,173.70,170.94,172.96,8914700
2021/10/14,174.07,176.02,174.00,174.41,7450200
2021/10/15,175.69,178.89,174.10,176.46,13943900
2021/10/18,172.36,173.34,169.80,171.14,20494800
2021/10/19,171.44,171.58,170.18,171.18,9669500
2021/10/20,170.97,171.02,169.88,170.55,9737600
2021/10/21,170.20,172.50,170.10,171.34,7509000
2021/10/22,170.57,170.80,168.60,169.42,7854300
2021/10/25,169.90,172.57,169.03,172.01,9798700
2021/10/26,172.95,173.12,170.71,172.04,5850200
2021/10/27,171.77,172.04,169.43,169.55,7054700
2021/10/28,169.48,170.35,168.60,169.68,7884500
2021/10/29,169.02,170.46,168.15,169.07,7598800
2021/11/1,169.21,171.25,169.09,170.19,8182900
2021/11/2,170.03,170.85,168.98,169.83,6777200
2021/11/3,169.70,170.19,168.37,170.08,6829300
2021/11/4,170.03,170.42,168.67,170.28,7505500
2021/11/5,173.50,176.99,172.33,175.63,16859200
2021/11/8,178.69,179.25,176.10,176.87,10584600
2021/11/9,176.95,177.12,173.21,175.11,7293300
2021/11/10,174.69,176.87,173.87,174.45,11045800
2021/11/11,162.89,163.96,158.33,162.11,62366500
2021/11/12,163.52,163.61,158.93,159.63,25638400
2021/11/15,160.09,160.72,157.66,158.43,21285300
2021/11/16,159.06,160.24,158.55,158.83,15516200
2021/11/17,158.73,158.89,156.75,157.33,14695500
2021/11/18,157.09,157.30,153.71,155.58,14487700
2021/11/19,155.02,155.21,152.77,154.00,16776500
2021/11/22,153.23,155.82,152.57,154.16,12790400
2021/11/23,153.84,154.25,150.19,151.03,17382900
2021/11/24,150.69,151.41,148.80,151.34,14123700
2021/11/25,150.69,151.41,148.80,151.34,14123700
2021/11/26,146.80,148.85,145.85,148.11,12027700
2021/11/29,148.81,149.30,144.25,147.81,21231300
2021/11/30,146.72,147.28,143.11,144.90,26011100
2021/12/1,146.70,148.37,142.04,142.15,16469000
2021/12/2,142.84,147.65,142.77,147.20,18177700
2021/12/3,147.81,148.32,144.32,146.22,14975600
2021/12/6,147.28,150.74,146.67,150.37,14333900
2021/12/7,151.84,152.76,149.72,150.81,14661100
2021/12/8,150.91,153.66,150.56,153.34,12886300
2021/12/9,152.27,154.29,151.70,152.94,11862300
2021/12/10,153.58,154.66,151.45,152.71,10247900
2021/12/13,152.12,152.50,149.29,150.43,10195800
2021/12/14,149.26,151.62,148.52,149.10,10872000
2021/12/15,148.76,150.92,147.35,150.40,12231500
2021/12/16,151.35,152.06,148.58,148.75,11145600
2021/12/17,148.51,149.84,146.57,148.76,13785000
2021/12/20,146.98,147.73,145.08,146.47,11201900
2021/12/21,147.56,151.43,147.39,151.05,10781400
2021/12/22,150.42,152.20,149.87,151.88,7820400
2021/12/23,152.32,154.19,151.93,153.63,6572400
2021/12/24,152.32,154.19,151.93,153.63,6572400
2021/12/27,152.88,154.02,151.40,152.80,7762000
2021/12/28,152.62,156.50,152.41,155.20,12198700
2021/12/29,154.56,155.92,154.18,154.87,8737000
2021/12/30,155.71,157.07,155.51,155.93,7228400
2021/12/31,155.87,156.57,154.74,154.89,6410200
2022/1/3,155.83,157.56,155.36,156.76,10222800
2022/1/4,158.59,160.32,155.55,155.73,16582000
2022/1/5,156.52,159.38,155.10,155.19,12272100
2022/1/6,156.24,157.77,153.68,156.90,11095300
2022/1/7,156.90,159.30,156.29,157.83,9554600
2022/1/10,157.98,158.27,154.65,156.60,8672900
2022/1/11,156.62,158.22,155.95,157.89,8042600
2022/1/12,158.50,158.99,156.33,157.80,6995600
2022/1/13,157.70,158.53,155.17,155.44,9680600
2022/1/14,152.35,152.62,148.42,151.94,16832000
2022/1/17,152.35,152.62,148.42,151.94,16832000
2022/1/18,151.11,153.13,149.83,152.27,10419500
2022/1/19,150.84,152.86,149.96,150.11,10413200
2022/1/20,150.91,152.66,147.15,147.62,11760400
2022/1/21,141.23,141.87,136.63,137.38,34491800
2022/1/24,134.82,137.68,129.26,137.46,31419500
2022/1/25,135.29,137.75,132.38,136.51,14694400
2022/1/26,137.71,138.20,132.26,133.60,14569900
2022/1/27,135.07,137.91,134.02,135.42,11913900
2022/1/28,135.21,138.69,133.56,138.63,10011700
2022/1/31,138.86,143.15,138.47,142.97,10185500
2022/2/1,143.02,144.69,142.25,144.49,8573300
2022/2/2,144.19,144.59,141.38,142.62,9529900
2022/2/3,140.00,142.04,139.25,140.03,9820600
2022/2/4,140.04,143.19,139.53,142.02,8061100
2022/2/7,143.39,144.09,141.61,142.51,10937500
2022/2/8,141.79,142.89,140.74,142.48,9231700
2022/2/9,144.37,147.35,143.25,147.23,22877400
2022/2/10,156.02,157.50,151.11,152.16,42500300
2022/2/11,153.54,154.69,148.56,149.47,17975200
2022/2/14,149.37,153.73,149.21,150.85,14694700
2022/2/15,153.54,154.85,152.51,154.72,12726000
2022/2/16,154.98,156.73,153.75,156.35,10656400
2022/2/17,154.69,155.36,152.61,152.95,8110300
2022/2/18,152.91,153.68,150.05,151.36,10785500
2022/2/21,152.91,153.68,150.05,151.36,10785500
2022/2/22,150.19,150.79,147.61,148.09,12227200
2022/2/23,149.50,149.74,145.50,145.87,9300700
2022/2/24,140.00,149.57,140.00,149.40,12475500
2022/2/25,149.56,150.28,147.22,149.53,10149500
2022/2/28,147.83,149.48,146.46,148.46,10834700
2022/3/1,147.86,148.15,143.78,145.70,8944000
2022/3/2,146.31,148.47,145.92,147.34,7851000
2022/3/3,147.31,148.65,144.45,145.57,8048400
2022/3/4,144.01,144.26,139.55,140.72,12913000
2022/3/7,140.28,140.89,133.44,133.50,14549700
2022/3/8,133.02,135.49,129.29,131.75,16552000
2022/3/9,135.49,135.50,133.36,133.65,14673100
2022/3/10,132.36,134.20,131.62,133.64,8447200
2022/3/11,135.08,136.16,131.57,131.75,7058400
2022/3/14,130.98,133.07,128.38,129.03,9971500
2022/3/15,129.74,134.56,129.51,134.20,9834800
2022/3/16,135.65,138.98,134.94,138.14,10638700
2022/3/17,137.44,139.47,136.56,139.47,6816000
2022/3/18,139.55,140.73,138.30,140.30,11308800
2022/3/21,138.90,139.30,136.88,138.62,9090300
2022/3/22,139.06,142.19,138.90,140.11,8511600
2022/3/23,139.07,139.76,137.54,137.64,8761300
2022/3/24,138.58,139.27,137.41,138.96,5858800
2022/3/25,139.28,140.38,138.12,139.14,5949400
2022/3/28,138.88,139.63,136.28,138.72,8456100
2022/3/29,140.96,144.46,140.96,142.38,11280700
2022/3/30,141.31,143.27,140.08,140.96,7922400
2022/3/31,140.14,140.88,137.11,137.16,12306500
2022/4/1,137.34,138.10,135.53,137.00,10341000
2022/4/4,136.97,139.26,136.89,138.58,8174600
2022/4/5,137.74,139.20,135.13,135.62,8694100
2022/4/6,133.75,133.93,130.81,132.57,11679700
2022/4/7,133.01,133.21,130.02,131.87,9858700
2022/4/8,132.00,133.12,130.63,131.87,6702000
2022/4/11,130.04,132.43,130.04,130.65,9915300
2022/4/12,131.81,133.21,130.15,130.84,7885600
2022/4/13,131.05,132.89,130.75,132.35,7694500
2022/4/14,132.81,133.59,130.35,130.47,7283500
2022/4/15,132.81,133.59,130.35,130.47,7283500
2022/4/18,130.07,130.22,126.82,127.77,10571000
2022/4/19,128.09,133.19,127.79,131.90,12767200
2022/4/20,126.05,127.35,124.11,124.57,36465700
2022/4/21,125.54,126.45,121.28,121.66,18688600
2022/4/22,120.01,121.89,118.15,118.27,19472800
2022/4/25,117.66,120.33,116.75,119.95,16491000
2022/4/26,119.15,119.15,115.64,115.77,16116000
2022/4/27,115.43,116.90,113.39,115.21,15553000
2022/4/28,115.22,116.00,112.69,115.29,23192100
2022/4/29,115.20,115.99,111.36,111.63,16907000
2022/5/2,111.71,113.66,111.01,113.50,14300700
2022/5/3,114.05,114.83,112.69,113.55,11149500
2022/5/4,113.37,116.44,111.83,116.19,11488300
2022/5/5,114.74,115.27,111.48,112.61,12720200
2022/5/6,111.77,112.09,108.30,110.29,12525200
2022/5/9,108.11,110.74,106.48,106.98,17941600
2022/5/10,109.84,110.70,106.14,107.68,15657700
2022/5/11,107.90,110.07,104.79,105.21,26933300
2022/5/12,102.90,105.00,99.47,104.31,36298800
2022/5/13,105.36,107.69,105.31,107.33,16782600
2022/5/16,107.46,107.62,104.85,105.18,11993600
2022/5/17,107.73,108.79,106.30,108.64,11847600
2022/5/18,107.38,107.66,103.88,104.30,11794000
2022/5/19,103.43,105.30,102.96,103.14,11285000
2022/5/20,104.49,104.80,100.05,102.42,15650400
2022/5/23,103.76,106.03,101.56,105.83,14402400
2022/5/24,103.71,103.84,100.13,101.59,13970200
2022/5/25,101.43,103.81,101.16,103.26,11026600
2022/5/26,104.22,106.13,103.96,105.61,11297800
2022/5/27,106.89,109.37,106.53,109.32,13671300
2022/5/30,106.89,109.37,106.53,109.32,13671300
2022/5/31,110.00,111.24,107.91,110.44,20274600
2022/6/1,112.01,112.85,108.27,109.19,11829700
2022/6/2,109.43,110.95,107.91,110.87,8829900
2022/6/3,109.17,109.85,107.92,108.67,6767600
2022/6/6,109.75,110.19,107.65,107.83,7575900
2022/6/7,106.79,107.92,106.00,107.79,7279100
2022/6/8,107.43,109.36,106.96,107.34,7019500
2022/6/9,106.53,107.06,103.25,103.30,8261200
2022/6/10,101.43,102.12,99.38,99.40,15369700
2022/6/13,97.61,97.61,94.83,95.71,15239700
2022/6/14,96.27,96.27,93.10,94.22,12443700
2022/6/15,94.61,97.30,94.09,95.88,11751600
2022/6/16,94.01,95.38,93.41,94.28,15298500
2022/6/17,94.01,95.97,93.47,94.34,15403800
2022/6/20,94.01,95.97,93.47,94.34,15403800
2022/6/21,94.90,95.45,93.27,93.29,16649800
2022/6/22,92.17,94.61,92.01,93.50,11403500
2022/6/23,93.96,94.65,92.07,94.30,11348800
2022/6/24,95.45,98.57,95.40,97.78,11681200
2022/6/27,98.22,98.23,95.80,96.61,10793700
2022/6/28,99.74,100.40,95.78,95.92,16812400
2022/6/29,95.95,96.20,94.53,95.65,8653200
2022/6/30,94.42,95.44,92.54,94.40,10983500
2022/7/1,94.24,96.31,93.98,96.14,10543400
2022/7/4,94.24,96.31,93.98,96.14,10543400
2022/7/5,94.26,97.23,92.31,97.18,10660600
2022/7/6,97.53,98.19,95.40,96.08,8640200
2022/7/7,96.90,97.53,95.93,97.43,7813100
2022/7/8,96.57,97.12,95.35,95.86,7717300
2022/7/11,95.00,95.34,93.43,93.64,7643700
2022/7/12,93.58,95.25,93.31,93.60,8665300
2022/7/13,92.12,93.25,91.01,92.94,12006400
2022/7/14,91.48,92.04,90.23,91.84,11146400
2022/7/15,92.91,95.32,92.70,95.20,14946700
2022/7/18,96.36,97.27,95.31,95.70,10430400
2022/7/19,96.68,99.85,96.68,99.61,13683400
2022/7/20,100.25,104.26,99.95,103.35,15112700
2022/7/21,102.71,104.25,101.61,104.18,8611300
2022/7/22,103.28,104.57,102.11,102.72,7803500
2022/7/25,102.78,103.39,101.81,102.69,6726700
2022/7/26,102.14,102.36,99.56,99.78,6346600
2022/7/27,100.97,103.65,100.81,103.50,9684800
2022/7/28,103.25,104.97,102.71,104.90,7970300
2022/7/29,105.14,106.34,103.37,106.10,10320000
2022/8/1,104.87,106.65,103.86,106.22,7769700
2022/8/2,105.74,106.36,104.62,104.71,9093000
2022/8/3,105.73,109.70,105.73,109.02,11243000
2022/8/4,108.92,109.45,107.66,108.12,7322400
2022/8/5,106.81,107.70,105.37,106.63,10100000
2022/8/8,108.21,111.23,107.90,109.11,13025900
2022/8/9,109.22,109.22,107.03,108.13,8776500
2022/8/10,112.48,112.67,109.91,112.43,26398700
2022/8/11,122.21,123.27,117.33,117.69,50375000
2022/8/12,119.00,121.61,118.92,121.57,21964800
2022/8/15,121.00,125.96,120.99,124.26,24628300
2022/8/16,124.73,126.48,123.45,124.96,14607300
2022/8/17,123.45,124.48,122.57,122.81,9140900
2022/8/18,123.01,123.13,121.71,122.67,7343900
2022/8/19,121.25,121.39,119.48,120.14,8702500
2022/8/22,117.70,118.21,115.69,115.94,11575800
2022/8/23,115.98,116.37,114.62,114.86,7180700
2022/8/24,114.67,117.16,114.10,116.41,7840500
2022/8/25,117.02,117.77,116.11,117.46,6920900
2022/8/26,117.47,118.37,113.89,114.07,7807400
2022/8/29,112.54,114.47,112.41,113.53,6882700
2022/8/30,114.28,114.75,111.45,112.43,8060000
2022/8/31,112.87,113.75,111.85,112.08,7353000
2022/9/1,111.79,112.59,110.03,112.53,7718700
2022/9/2,113.05,113.89,110.84,111.20,8465100
2022/9/5,113.05,113.89,110.84,111.20,8465100
2022/9/6,111.77,111.78,108.52,110.09,9537300
2022/9/7,109.87,112.96,109.87,112.69,8193900
2022/9/8,111.07,112.99,110.36,112.33,8443300
2022/9/9,113.27,115.53,113.19,115.18,9563100
2022/9/12,116.14,117.49,115.27,116.39,7923400
2022/9/13,113.05,113.82,111.17,111.76,10504600
2022/9/14,111.85,112.74,109.88,112.50,8610400
2022/9/15,112.39,114.41,110.71,110.77,9739800
2022/9/16,109.21,109.58,106.96,108.25,15978800
2022/9/19,107.53,109.22,107.04,109.17,7979500
2022/9/20,108.28,108.41,106.86,107.57,6957400
2022/9/21,107.39,108.04,104.49,104.49,9776400
2022/9/22,104.21,104.66,102.02,102.16,10953400
2022/9/23,100.62,101.18,98.02,99.50,11976900
2022/9/26,98.95,100.66,98.06,98.12,9760500
2022/9/27,99.53,99.64,95.43,95.85,13360200
2022/9/28,95.79,99.87,95.45,99.40,12895500
2022/9/29,98.53,98.60,96.23,97.45,9435100
2022/9/30,96.50,97.48,94.28,94.33,12094900
2022/10/3,95.73,97.78,94.50,97.13,9468400
2022/10/4,98.68,101.52,98.23,101.44,10229000
2022/10/5,100.04,101.22,98.70,100.80,7562800
2022/10/6,100.43,101.46,99.87,100.04,6728200
2022/10/7,98.51,98.80,96.45,97.16,7051000
2022/10/10,97.59,97.74,94.42,95.16,9532300
2022/10/11,94.81,95.06,92.65,93.10,8900900
2022/10/12,93.16,94.07,92.20,93.41,6156200
2022/10/13,91.57,96.97,90.71,96.64,11025400
2022/10/14,97.47,98.09,94.33,94.45,8202100
2022/10/17,96.38,97.97,96.26,97.33,7083800
2022/10/18,99.87,100.37,97.64,98.48,8533500
2022/10/19,100.44,101.87,98.50,98.99,11731000
2022/10/20,98.23,100.75,98.11,98.59,8212400
2022/10/21,98.35,102.30,97.89,102.04,10193400
2022/10/24,102.12,103.19,100.12,101.72,8221500
2022/10/25,102.16,104.73,102.03,104.36,7687500
2022/10/26,103.53,107.43,103.53,104.63,9203700
2022/10/27,105.81,106.87,104.31,104.44,8673500
2022/10/28,104.08,106.09,103.53,105.95,7250900
2022/10/31,105.66,106.90,104.82,106.54,8814800
2022/11/1,107.70,108.84,105.64,106.00,7955800
2022/11/2,105.45,106.08,101.79,101.82,9583200
2022/11/3,100.20,100.70,98.56,99.25,8978400
2022/11/4,101.15,101.16,98.11,99.58,11035800
2022/11/7,100.88,101.56,98.99,100.43,11355200
2022/11/8,100.74,101.97,98.05,99.90,27130300
2022/11/9,90.55,91.10,86.28,86.75,62029800
2022/11/10,89.75,90.50,87.61,90.46,36968100
2022/11/11,91.58,95.58,91.10,95.01,22373300
2022/11/14,95.85,96.62,94.21,94.28,20598000
2022/11/15,96.00,97.18,93.70,95.51,15801900
2022/11/16,95.22,95.22,93.72,93.95,11137700
2022/11/17,92.12,92.27,90.85,91.45,12306400
2022/11/18,92.86,93.16,90.91,91.80,10011700
2022/11/21,100.12,100.89,96.32,97.58,70273500
2022/11/22,97.00,97.67,94.68,96.21,25753700
2022/11/23,96.00,99.34,95.78,98.88,15503200
2022/11/24,96.00,99.34,95.78,98.88,15503200
2022/11/25,98.81,99.81,98.08,98.87,6664300
2022/11/28,98.21,99.13,95.43,95.69,13660000
2022/11/29,96.00,96.43,93.92,94.69,13205300
2022/11/30,94.95,97.94,93.87,97.87,15368100
2022/12/1,97.87,98.84,96.58,98.59,13855700
2022/12/2,97.46,99.69,97.01,99.43,12608100
2022/12/5,98.24,99.16,95.67,95.93,10764500
2022/12/6,95.73,96.00,91.98,92.29,11492400
2022/12/7,92.66,92.79,91.26,92.15,10353400
2022/12/8,92.50,93.43,91.67,92.55,9351200
2022/12/9,92.37,94.91,91.90,93.38,10111900
2022/12/12,93.73,94.66,92.61,94.66,14140700
2022/12/13,96.49,97.39,93.57,94.70,22882100
2022/12/14,94.54,95.47,92.62,94.15,11505400
2022/12/15,92.47,93.12,90.12,90.49,15957700
2022/12/16,90.19,91.08,88.81,90.08,26383900
2022/12/19,89.44,89.46,85.41,85.78,19225300
2022/12/20,86.08,87.84,85.76,87.02,14918400
2022/12/21,87.19,88.10,86.48,86.92,11004800
2022/12/22,86.03,86.73,84.69,86.67,15487400
2022/12/23,86.06,88.07,85.77,88.01,11171600
2022/12/26,86.06,88.07,85.77,88.01,11171600
2022/12/27,87.42,87.94,85.96,86.37,11561400
2022/12/28,86.08,86.69,84.07,84.17,12399500
2022/12/29,85.25,88.24,84.97,87.18,13045100
2022/12/30,85.73,87.12,85.23,86.88,23231000
2023/1/2,85.73,87.12,85.23,86.88,23231000
2023/1/3,88.98,89.97,87.83,88.97,14997100
2023/1/4,90.00,92.75,89.36,91.98,14957200
2023/1/5,91.66,92.48,90.51,91.92,11622600
2023/1/6,92.66,94.69,91.32,93.92,9828100
2023/1/9,94.43,95.70,93.45,94.77,11675800
2023/1/10,94.28,95.64,93.82,95.56,6914600
2023/1/11,95.92,96.55,95.05,96.33,8757300
2023/1/12,98.50,100.63,97.57,99.81,19764300
2023/1/13,99.38,99.60,98.01,99.40,12230200
2023/1/16,99.38,99.60,98.01,99.40,12230200
2023/1/17,100.32,100.99,99.00,99.91,14914200
2023/1/18,100.28,101.13,98.72,99.04,11384500
2023/1/19,98.12,99.45,97.12,99.08,10973600
2023/1/20,100.34,103.59,99.30,103.48,14549900
2023/1/23,103.29,105.95,102.92,105.69,11479100
2023/1/24,104.70,108.44,102.00,106.00,8606700
2023/1/25,104.96,108.16,104.18,108.12,10008000
2023/1/26,108.17,109.76,107.57,109.70,9204400
2023/1/27,109.26,110.58,109.16,109.54,10249700
2023/1/30,108.26,108.97,107.48,107.59,8548500
2023/1/31,107.58,108.72,107.45,108.49,8251700
2023/2/1,108.50,109.94,106.90,109.39,9975500
2023/2/2,110.67,113.53,109.69,113.21,13093200
2023/2/3,111.47,113.14,110.37,110.71,12472500
2023/2/6,110.17,110.43,108.53,109.87,11956500
2023/2/7,109.30,112.12,108.86,111.63,10844000
2023/2/8,112.20,113.33,110.29,111.78,27719900
2023/2/9,118.04,118.18,109.81,110.36,46137200
2023/2/10,108.96,109.74,107.21,108.06,15566000
2023/2/13,108.10,108.29,106.55,107.66,12341500
2023/2/14,106.82,108.44,105.82,107.66,10768100
2023/2/15,107.09,109.27,106.70,109.24,8156000
2023/2/16,107.55,108.02,105.70,105.83,9479900
2023/2/17,105.03,105.80,103.88,105.22,9492200
2023/2/20,105.03,105.80,103.88,105.22,9492200
2023/2/21,103.55,103.73,101.83,102.09,10648200
2023/2/22,101.33,102.56,101.09,101.68,9885100
2023/2/23,101.45,102.05,99.61,101.73,10974800
2023/2/24,99.53,100.43,98.96,100.30,8523000
2023/2/27,100.73,101.47,100.06,100.45,6641200
2023/2/28,100.45,100.75,99.57,99.61,8233700
2023/3/1,99.19,99.63,98.10,98.54,7898300
2023/3/2,97.74,99.29,97.42,98.92,7776600
2023/3/3,99.67,101.18,98.88,101.14,7434300
2023/3/6,101.61,102.70,100.49,100.66,6773300
2023/3/7,100.40,100.94,98.89,99.06,6951300
2023/3/8,99.00,99.62,98.30,99.30,5668700
2023/3/9,99.45,100.05,95.92,96.14,8275600
2023/3/10,95.60,95.90,92.83,93.57,13978800
2023/3/13,91.89,94.02,90.46,92.60,11915300
2023/3/14,94.00,94.30,92.34,93.36,10323600
2023/3/15,91.63,93.36,91.41,93.10,9543800
2023/3/16,92.67,94.56,91.89,94.29,9931700
2023/3/17,94.05,94.27,92.91,93.20,12943200
2023/3/20,93.43,94.92,93.00,94.22,6657200
2023/3/21,95.17,96.85,95.17,96.54,7285800
2023/3/22,97.45,97.93,94.82,94.90,8811100
2023/3/23,95.28,97.02,94.76,95.83,9527000
2023/3/24,94.81,95.00,93.02,94.08,9534600
2023/3/27,94.78,96.02,94.38,95.62,7487900
2023/3/28,95.51,96.00,94.59,94.82,5426100
2023/3/29,96.08,96.91,95.35,96.87,5889100
2023/3/30,98.73,98.92,97.67,98.10,7669500
2023/3/31,98.89,100.20,98.50,100.13,8920000
2023/4/3,100.21,100.43,99.27,99.76,7313200
2023/4/4,100.30,100.42,98.76,99.57,6794200
2023/4/5,99.70,100.18,98.63,99.91,7747200
2023/4/6,99.44,100.32,98.55,99.97,7042500
2023/4/7,99.44,100.32,98.55,99.97,7042500
2023/4/10,99.30,100.81,98.90,100.81,8016600
2023/4/11,101.16,101.91,100.29,100.42,7504600
2023/4/12,101.25,102.22,97.70,97.94,9289200
2023/4/13,98.51,101.07,98.51,100.84,8745000
2023/4/14,100.50,100.86,98.93,99.90,7337300
2023/4/17,99.57,100.57,99.15,100.30,6705300
2023/4/18,100.61,101.15,99.60,100.93,8180100
2023/4/19,99.78,99.83,98.36,98.75,11523300
2023/4/20,97.75,98.58,97.39,98.07,7762700
2023/4/21,98.16,99.72,97.72,99.57,9468000
2023/4/24,100.15,100.74,98.67,99.68,8540600
2023/4/25,99.38,99.71,98.01,98.01,6511400
2023/4/26,97.84,98.48,96.46,96.61,8634500
2023/4/27,97.13,100.07,96.71,99.93,8166500
2023/4/28,99.37,102.56,99.08,102.50,11329700
2023/5/1,102.41,102.61,101.61,102.21,6909500
2023/5/2,101.33,101.70,99.62,100.60,6955900
2023/5/3,101.06,102.58,100.64,100.86,7772100
2023/5/4,99.54,99.54,96.61,97.45,13260700
2023/5/5,98.59,100.85,98.11,100.52,9300100
2023/5/8,101.70,103.91,101.69,102.97,10810100
2023/5/9,102.91,102.98,102.09,102.18,6829900
2023/5/10,103.00,103.25,100.04,101.14,19525200
2023/5/11,94.80,95.11,91.88,92.31,57127200
2023/5/12,92.34,92.88,91.24,91.99,21837500
2023/5/15,91.54,92.87,90.70,92.86,16792000
2023/5/16,92.04,92.42,90.78,90.98,17013300
2023/5/17,91.02,93.05,90.85,92.77,12461600
2023/5/18,92.85,94.24,92.46,93.76,15014800
2023/5/19,93.00,93.00,91.32,91.35,16429000
2023/5/22,91.33,91.94,89.89,91.82,14150600
2023/5/23,91.10,92.03,89.81,89.82,14778700
2023/5/24,89.44,89.49,88.41,89.07,15350800
2023/5/25,89.56,89.56,87.79,88.14,13605800
2023/5/26,88.49,89.24,88.10,88.29,12892700
2023/5/29,88.49,89.24,88.10,88.29,12892700
2023/5/30,88.97,88.97,87.01,87.82,14800700
2023/5/31,87.58,88.17,87.15,87.96,11440600
2023/6/1,88.40,89.06,87.11,88.59,11993200
2023/6/2,89.63,91.34,89.60,90.77,14350200
2023/6/5,91.20,91.76,89.44,91.00,18506700
2023/6/6,91.10,92.51,91.02,92.16,12109100
2023/6/7,92.78,93.08,91.86,92.52,11082400
2023/6/8,92.52,92.68,91.30,92.53,9030200
2023/6/9,92.78,92.92,91.55,91.93,9625400
2023/6/12,92.25,93.23,91.77,93.14,12341600
2023/6/13,94.12,94.44,93.44,93.85,12964400
2023/6/14,94.26,94.52,91.92,92.45,15877400
2023/6/15,92.06,93.52,91.61,92.94,13354600
2023/6/16,92.88,92.97,90.86,91.32,22683400
2023/6/19,92.88,92.97,90.86,91.32,22683400
2023/6/20,90.29,90.78,89.74,89.75,14939200
2023/6/21,89.55,89.67,88.11,88.64,17873000
2023/6/22,88.44,89.19,88.12,88.49,10915300
2023/6/23,88.02,88.40,87.61,88.10,13538000
2023/6/26,88.04,89.49,87.77,88.70,13132700
2023/6/27,88.90,89.66,88.49,89.06,10032700
2023/6/28,89.39,89.40,88.53,88.83,12118300
2023/6/29,87.80,89.12,87.34,88.95,13402600
2023/6/30,89.18,89.60,88.61,89.28,12837500
2023/7/3,89.12,90.95,88.91,90.50,7979500
2023/7/4,89.12,90.95,88.91,90.50,7979500
2023/7/5,90.11,90.39,89.25,89.79,11028800
2023/7/6,88.67,88.83,87.78,88.74,12084600
2023/7/7,88.31,89.73,88.08,88.64,9705100
2023/7/10,88.25,88.68,87.86,88.10,13642600
2023/7/11,88.20,89.59,88.15,89.49,13735500
2023/7/12,90.11,90.71,89.57,90.15,14912100
2023/7/13,90.55,90.81,89.08,90.47,15325500
2023/7/14,90.41,90.49,88.42,88.62,17770000
2023/7/17,88.42,88.49,85.30,85.56,34503400
2023/7/18,85.51,87.30,85.31,85.95,21885100
2023/7/19,86.20,87.89,86.19,87.04,17177000
2023/7/20,86.84,87.18,86.03,86.21,15277500
2023/7/21,86.30,87.90,85.88,87.18,19901000
2023/7/24,87.49,87.96,86.55,86.60,13911900
2023/7/25,85.73,86.31,85.16,85.63,15335400
2023/7/26,85.67,86.27,85.45,85.86,14983700
2023/7/27,86.60,86.88,85.19,85.36,16691400
2023/7/28,85.86,86.58,85.45,86.13,13638300
2023/7/31,87.00,89.36,86.88,88.89,20837800
2023/8/1,89.12,89.73,88.46,89.03,13717500
2023/8/2,88.26,88.33,86.26,86.30,15162700
2023/8/3,85.82,86.46,85.45,85.49,14145400
2023/8/4,85.94,87.11,85.45,86.30,11533900
2023/8/7,86.66,87.23,85.99,86.83,10818400
2023/8/8,86.50,88.33,86.10,88.13,16767900
2023/8/9,89.20,89.56,87.04,87.49,32517900
2023/8/10,89.97,92.53,87.75,91.76,56716800
2023/8/11,91.32,91.35,88.86,89.02,21998900
2023/8/14,88.99,89.30,87.99,88.81,13676400
2023/8/15,87.99,88.23,86.89,87.06,13677900
2023/8/16,86.54,87.06,86.08,86.35,12182700
2023/8/17,86.92,86.96,85.80,85.92,14206000
2023/8/18,85.37,86.72,85.37,85.96,12364400
2023/8/21,85.81,86.25,85.41,85.88,11215000
2023/8/22,85.71,86.09,85.37,85.79,9835300
2023/8/23,85.81,86.33,85.64,85.83,7576000
2023/8/24,85.51,85.95,82.46,82.47,27531000
2023/8/25,83.07,83.65,82.46,83.36,16050900
2023/8/28,83.83,84.69,83.53,84.16,12166400
2023/8/29,83.79,84.55,83.73,84.40,11210700
2023/8/30,84.40,84.68,83.83,84.28,11816600
2023/8/31,84.46,84.61,83.64,83.68,10448000
2023/9/1,82.11,82.23,80.53,81.64,27701900
2023/9/4,82.11,82.23,80.53,81.64,27701900
2023/9/5,81.42,82.39,81.18,81.19,12741700
2023/9/6,80.79,82.09,80.53,80.98,15518500
2023/9/7,80.82,80.85,79.75,80.57,14768000
2023/9/8,80.54,81.67,80.17,81.58,16220900
2023/9/11,81.94,83.85,81.17,82.52,26579100
2023/9/12,83.03,84.67,82.57,83.68,16594600
2023/9/13,83.35,84.05,83.12,83.48,9772700
2023/9/14,84.00,84.74,83.04,84.48,22371900
2023/9/15,85.22,86.19,84.61,85.58,21631200
2023/9/18,85.24,85.92,84.98,85.02,11894200
2023/9/19,83.92,84.79,81.71,81.94,21478900
2023/9/20,82.03,83.20,81.64,82.56,12715200
2023/9/21,82.06,83.67,81.92,82.73,14378000
2023/9/22,82.91,83.35,81.20,81.25,11495300
2023/9/25,81.56,81.77,80.56,81.01,11034400
2023/9/26,80.50,80.74,79.79,80.05,14867900
2023/9/27,80.12,80.56,79.22,79.90,14662500
2023/9/28,80.28,80.92,79.65,80.13,12229800
2023/9/29,80.66,81.33,80.41,81.05,11261400
2023/10/2,80.92,81.77,80.79,81.67,9128100
2023/10/3,81.25,81.89,79.46,79.54,12586200
2023/10/4,79.61,79.79,78.73,79.32,12010500
2023/10/5,79.10,80.94,78.88,80.81,15466600
2023/10/6,81.05,83.53,80.49,82.94,15391100
2023/10/9,84.30,84.88,83.13,84.70,13604400
2023/10/10,84.79,85.29,83.93,84.99,9450600
2023/10/11,85.37,85.72,84.26,84.85,9499200
2023/10/12,84.83,85.07,83.51,84.35,9554900
2023/10/13,83.94,84.58,83.38,84.35,10808000
2023/10/16,84.31,85.93,84.31,85.71,10275100
2023/10/17,85.35,86.29,85.31,86.20,9985700
2023/10/18,85.69,86.26,84.60,84.68,10047000
2023/10/19,85.26,85.27,83.17,83.25,14316800
2023/10/20,82.90,83.44,82.61,82.65,10437000
2023/10/23,82.08,84.03,80.91,83.10,10772500
2023/10/24,83.41,84.20,81.74,82.56,11499500
2023/10/25,82.13,82.55,80.52,80.59,9372500
2023/10/26,80.08,80.61,79.42,79.78,11651000
2023/10/27,79.75,81.03,79.23,79.33,10300600
2023/10/30,79.72,80.93,79.53,80.68,10291200
2023/10/31,80.69,81.67,80.33,81.59,8672200
2023/11/1,81.53,81.58,80.18,81.07,9093000
2023/11/2,81.85,83.30,81.82,83.29,11518500
2023/11/3,84.17,85.93,84.16,85.07,11331800
2023/11/6,85.08,85.80,83.59,84.02,14160900
2023/11/7,84.16,84.68,83.95,84.59,10540200
2023/11/8,84.14,84.92,83.95,84.50,26942600
2023/11/9,87.84,91.21,87.60,90.34,51062700
2023/11/10,90.13,90.16,86.94,88.27,25175700
2023/11/13,88.42,89.90,87.41,89.44,12834400
2023/11/14,90.03,91.54,89.99,91.07,13152000
2023/11/15,92.99,94.57,92.74,93.93,20593100
2023/11/16,93.89,94.61,93.63,94.51,12923900
2023/11/17,94.75,95.38,93.92,94.15,12189300
2023/11/20,93.98,95.59,93.87,95.03,14105300
2023/11/21,94.73,94.96,93.96,94.45,7654800
2023/11/22,94.91,95.71,94.76,95.07,7328200
2023/11/23,94.91,95.71,94.76,95.07,7328200
2023/11/24,94.90,96.51,94.90,96.06,5440500
2023/11/27,95.74,95.74,94.52,95.17,11049500
2023/11/28,95.00,95.14,92.45,92.50,18660300
2023/11/29,92.60,93.24,91.44,92.50,13857000
2023/11/30,93.55,93.86,92.20,92.69,13396700
2023/12/1,92.74,92.84,91.77,92.58,11898200
2023/12/4,91.90,92.41,91.61,92.01,12602800
2023/12/5,91.61,91.78,89.93,90.79,12357000
2023/12/6,91.11,92.55,90.62,91.50,10462000
2023/12/7,91.80,93.39,91.65,92.35,10264700
2023/12/8,92.06,93.54,92.06,92.82,9498200
2023/12/11,92.73,93.08,91.97,92.20,10811000
2023/12/12,92.12,92.20,90.86,91.07,13218400
2023/12/13,91.17,92.87,90.78,92.83,10173200
2023/12/14,93.21,94.83,93.21,93.94,12439300
2023/12/15,93.05,93.95,92.93,93.46,17551600
2023/12/18,92.70,93.71,92.70,92.86,9083600
2023/12/19,92.64,93.99,92.61,93.93,8804000
2023/12/20,93.24,94.27,91.25,91.27,13060600
2023/12/21,91.93,92.08,91.06,92.02,13037200
2023/12/22,91.62,92.24,90.75,91.02,9419800
2023/12/25,91.62,92.24,90.75,91.02,9419800
2023/12/26,90.84,91.27,90.60,90.95,8086900
2023/12/27,90.91,90.94,90.04,90.38,11123500
2023/12/28,90.09,90.98,89.97,90.40,8479600
2023/12/29,90.12,90.60,89.86,90.29,9211000
2024/1/1,90.12,90.60,89.86,90.29,9211000
2024/1/2,90.10,91.48,89.73,90.71,10587600
2024/1/3,90.23,92.08,90.00,91.65,11929800
2024/1/4,91.94,91.94,90.00,90.56,12087400
2024/1/5,90.41,91.32,90.36,90.90,9092100
2024/1/8,91.55,91.94,91.00,91.55,11103700
2024/1/9,91.05,91.10,89.60,89.67,11255100
2024/1/10,89.82,89.82,88.88,89.29,15091600
2024/1/11,89.39,89.78,88.69,89.45,9642200
2024/1/12,89.65,90.83,89.65,90.35,11919400
2024/1/15,89.65,90.83,89.65,90.35,11919400
2024/1/16,90.29,93.09,89.46,93.05,16780900
2024/1/17,92.58,93.76,90.10,90.34,15735200
2024/1/18,90.66,92.51,90.41,92.21,12203200
2024/1/19,92.32,93.58,91.63,93.06,19790100
2024/1/22,92.87,95.23,92.87,95.08,15119400
2024/1/23,95.43,95.89,93.18,93.77,11559400
2024/1/24,94.42,95.25,93.26,93.50,10454900
2024/1/25,93.92,94.94,93.75,94.86,8661600
2024/1/26,95.00,95.53,94.70,95.36,7812800
2024/1/29,95.42,97.50,95.00,97.49,13422200
2024/1/30,96.52,97.54,96.01,96.94,9139600
2024/1/31,96.42,97.57,95.81,96.05,9592300
2024/2/1,96.37,97.93,95.90,97.06,8484800
2024/2/2,96.28,97.41,95.82,97.13,9321300
2024/2/5,96.70,97.37,96.49,96.65,11679300
2024/2/6,96.92,99.32,96.79,99.29,16455500
2024/2/7,97.39,99.28,96.64,99.14,28886300
2024/2/8,107.08,112.77,106.80,110.54,60558400
2024/2/9,109.60,110.15,107.69,108.39,21509100
2024/2/12,107.88,111.06,107.83,109.29,13424000
2024/2/13,108.28,110.65,108.21,110.46,14594500
2024/2/14,110.58,111.68,109.67,111.56,11405500
2024/2/15,111.08,112.92,111.08,112.45,9961900
2024/2/16,112.02,112.56,111.16,111.60,8782200
2024/2/19,112.02,112.56,111.16,111.60,8782200
2024/2/20,110.85,111.13,109.35,109.44,9770900
2024/2/21,108.48,109.22,107.24,107.67,10427500
2024/2/22,107.99,108.49,107.41,107.64,9266200
2024/2/23,107.57,108.00,105.83,107.74,11724000
2024/2/26,107.52,108.76,107.38,107.68,8694200
2024/2/27,107.78,109.58,107.78,109.42,7595000
2024/2/28,108.78,111.04,108.66,110.80,10773000
2024/2/29,111.14,112.75,110.97,111.58,11658300
2024/3/1,111.44,112.15,111.03,111.95,7242400
2024/3/4,112.67,114.13,111.80,113.69,11558900
2024/3/5,113.61,115.19,112.27,112.87,14929600
2024/3/6,113.08,113.30,109.25,110.06,14743900
2024/3/7,110.70,111.08,109.20,110.18,8609300
2024/3/8,110.18,111.31,109.34,110.32,10009200
2024/3/11,110.09,112.91,110.03,112.31,8794300
2024/3/12,112.52,112.95,111.64,112.46,8085000
2024/3/13,112.74,114.13,112.44,112.50,7267900
2024/3/14,111.74,112.35,109.51,112.06,10520500
2024/3/15,111.60,112.96,111.40,111.95,15364200
2024/3/18,112.29,114.43,112.29,113.85,11820800
2024/3/19,113.41,115.17,113.24,114.51,10999700
2024/3/20,114.61,116.51,114.36,116.46,11699600
2024/3/21,116.99,117.36,115.86,116.70,10353500
2024/3/22,116.92,117.66,115.84,115.87,7144800
2024/3/25,116.97,119.41,116.87,119.36,12103600
2024/3/26,119.63,120.40,118.19,119.93,11870000
2024/3/27,120.96,122.03,120.02,120.98,10782800
2024/3/28,121.25,123.74,121.20,122.36,15367400
2024/3/29,121.25,123.74,121.20,122.36,15367400
2024/4/1,122.06,122.40,120.78,121.53,8419700
2024/4/2,120.22,123.53,120.16,122.82,15517100
2024/4/3,122.27,123.69,118.38,118.98,22480400
2024/4/4,119.22,120.19,116.96,117.09,13815400
2024/4/5,116.60,118.86,116.30,118.38,9653900
2024/4/8,118.02,118.52,116.82,117.35,6266000
2024/4/9,117.38,118.51,116.89,117.97,7451100
2024/4/10,116.60,117.56,116.37,117.19,6746300
2024/4/11,117.59,118.28,116.37,117.15,6559400
2024/4/12,116.39,116.70,113.73,114.01,12155200
2024/4/15,114.88,115.55,112.77,112.95,9637100
2024/4/16,112.82,114.50,112.52,113.88,9291400
2024/4/17,114.00,114.21,112.89,112.94,7379000
2024/4/18,113.18,114.25,112.19,112.43,8235600
2024/4/19,111.72,112.72,111.08,112.61,9436000
2024/4/22,113.10,113.64,111.75,111.99,6901700
2024/4/23,112.83,114.24,112.80,113.71,6839300
2024/4/24,113.14,114.18,113.14,113.92,6157200
2024/4/25,111.22,112.89,110.39,112.77,8045900
2024/4/26,111.85,113.02,111.32,112.73,6304800
2024/4/29,113.04,113.88,110.34,112.08,7151200
2024/4/30,112.00,112.04,110.80,111.10,8156600
2024/5/1,111.29,111.99,110.21,110.48,6338400
2024/5/2,111.43,112.87,110.56,112.62,6799800
2024/5/3,113.54,114.11,112.80,113.66,7411100
2024/5/6,114.80,116.94,114.15,116.47,16303200
2024/5/7,107.25,107.88,104.21,105.39,55084600
2024/5/8,104.90,106.48,104.44,105.44,15238100
2024/5/9,104.62,106.13,104.39,105.80,15096000
2024/5/10,106.92,107.02,105.42,105.79,15884600
2024/5/13,105.59,106.64,105.59,105.83,9666400
2024/5/14,105.30,105.99,104.95,105.35,11278400
2024/5/15,105.62,105.88,101.39,102.77,20745600
2024/5/16,103.04,104.03,102.84,103.37,9476700
2024/5/17,103.63,103.82,103.04,103.25,7356000
2024/5/20,103.33,103.67,102.52,102.90,7667400
2024/5/21,102.99,103.70,102.72,103.01,7333300
2024/5/22,102.98,103.83,102.75,103.02,7190300
2024/5/23,102.98,103.01,100.27,100.66,10504000
2024/5/24,100.85,102.09,100.69,101.76,6451600
2024/5/27,100.85,102.09,100.69,101.76,6451600
2024/5/28,101.36,102.86,100.95,102.44,7813100
2024/5/29,101.76,102.08,100.77,100.88,7376300
2024/5/30,101.14,102.07,100.97,101.70,7300600
2024/5/31,101.52,104.08,101.41,103.91,14735800
2024/6/3,104.17,104.22,102.48,102.77,6908600
2024/6/4,102.11,103.49,101.63,103.33,7269100
2024/6/5,103.00,103.08,101.03,101.50,10796900
2024/6/6,101.05,101.93,100.81,101.21,10294700
2024/6/7,100.86,102.27,100.55,101.54,6047800
2024/6/10,101.25,102.85,100.64,102.74,7621900
2024/6/11,102.64,102.88,100.74,100.87,9134200
2024/6/12,101.20,101.69,100.25,100.80,9041800
2024/6/13,100.61,101.07,99.61,100.09,10164600
2024/6/14,99.81,100.38,99.25,99.97,7087600
2024/6/17,100.98,101.92,100.62,101.52,10389000
2024/6/18,101.12,101.76,100.61,101.50,7044700
2024/6/19,101.12,101.76,100.61,101.50,7044700
2024/6/20,100.57,101.94,100.38,101.84,7886900
2024/6/21,101.80,102.54,101.59,102.27,14137300
2024/6/24,102.25,103.08,101.91,101.98,7393600
2024/6/25,102.66,103.68,101.77,102.20,10296100
2024/6/26,101.90,102.37,101.43,102.18,10122300
2024/6/27,102.04,102.28,101.81,102.17,8365200
2024/6/28,102.02,102.58,98.38,99.29,21439400
2024/7/1,99.40,99.74,97.88,98.04,15299000
2024/7/2,97.94,97.99,96.95,97.99,13340300
2024/7/3,97.84,99.08,97.83,98.61,5030000
2024/7/4,97.84,99.08,97.83,98.61,5030000
2024/7/5,98.31,98.31,97.58,97.99,8550800
2024/7/8,97.69,98.29,96.89,97.37,8167600
2024/7/9,97.47,97.53,96.15,97.05,9044400
2024/7/10,96.95,97.28,96.25,96.97,7761100
2024/7/11,97.01,97.58,96.30,96.60,7422600
2024/7/12,97.10,97.83,96.98,97.13,6465700
2024/7/15,97.33,97.49,96.60,96.87,7417700
2024/7/16,97.02,98.72,96.54,98.47,10755500
2024/7/17,98.30,98.61,96.53,97.31,9456100
2024/7/18,97.36,98.06,96.68,96.79,7529400
2024/7/19,96.82,96.82,95.44,95.74,9301000
2024/7/22,95.11,95.16,93.49,94.13,13377000
2024/7/23,90.70,91.69,89.83,90.94,22534700
2024/7/24,90.22,90.75,89.58,89.80,11768500
2024/7/25,90.08,90.50,89.21,89.21,10765300
2024/7/26,90.00,90.55,89.34,89.93,11301900
2024/7/29,90.39,92.55,90.19,92.14,13024800
2024/7/30,91.67,94.04,91.67,93.79,9896100
2024/7/31,93.79,94.84,93.64,93.69,10241800
2024/8/1,93.86,93.95,92.60,93.05,9263600
2024/8/2,92.16,92.20,89.00,89.57,15433600
2024/8/5,86.89,89.56,86.42,87.78,19103200
2024/8/6,88.23,91.91,87.96,89.97,21717500
2024/8/7,88.00,89.24,85.75,85.96,30581900
2024/8/8,85.15,86.33,83.91,85.96,21890500
2024/8/9,86.13,86.25,84.71,86.21,16008400
2024/8/12,85.86,86.38,85.48,85.95,11754600
2024/8/13,86.46,86.46,85.31,85.60,14615200
2024/8/14,86.01,86.54,85.56,86.30,9475100
2024/8/15,87.25,88.93,87.21,88.79,12401000
2024/8/16,88.96,89.67,88.34,89.30,10277700
2024/8/19,89.41,90.95,89.41,90.82,9723600
2024/8/20,90.39,90.67,89.31,89.74,8863400
2024/8/21,90.22,90.78,89.43,90.72,7637600
2024/8/22,90.99,91.38,89.70,89.92,7613000
2024/8/23,90.15,90.75,89.68,90.56,7369200
2024/8/26,90.92,91.80,90.92,91.78,8043800
2024/8/27,91.43,91.72,90.75,90.90,7237400
2024/8/28,90.33,90.62,88.76,89.49,8569700
2024/8/29,90.45,90.70,89.63,89.81,6181800
2024/8/30,89.98,90.45,89.40,90.38,8403600
2024/9/2,89.98,90.45,89.40,90.38,8403600
2024/9/3,89.61,90.49,88.54,89.13,8465500
2024/9/4,88.95,90.02,88.82,89.25,6317200
2024/9/5,89.67,89.67,88.34,88.65,6234100
2024/9/6,88.45,89.09,87.72,87.94,7791500
2024/9/9,88.22,88.89,87.81,88.34,8750200
2024/9/10,88.33,88.89,87.98,88.40,6858300
2024/9/11,88.05,88.43,86.59,88.32,10779000
2024/9/12,88.22,89.33,88.18,89.30,7173300
2024/9/13,89.45,90.72,89.39,90.55,7084200
2024/9/16,91.10,92.37,90.95,91.85,9028600
2024/9/17,92.37,93.25,92.17,92.86,8193100
2024/9/18,93.52,94.07,92.69,93.58,10289800
2024/9/19,94.82,95.29,93.32,93.45,10912400
2024/9/20,93.20,94.01,92.82,93.75,19251500
2024/9/23,93.70,93.70,92.16,92.97,7338700
2024/9/24,93.34,93.79,92.46,93.69,7860300
2024/9/25,93.64,94.44,93.35,93.92,8408200
2024/9/26,94.46,95.79,94.18,95.20,10061600
2024/9/27,95.49,96.90,95.28,96.01,10155400
2024/9/30,96.85,97.57,95.44,96.19,7982300
2024/10/1,95.19,95.85,93.32,94.05,10099200
2024/10/2,93.59,94.58,93.59,94.15,6144200
2024/10/3,93.61,94.09,93.13,93.63,6180300
2024/10/4,94.30,95.34,93.89,95.15,6308900
2024/10/7,95.09,95.14,91.76,92.39,11043600
2024/10/8,92.52,93.74,91.69,92.51,10209100
2024/10/9,91.86,94.01,91.46,93.60,8654500
2024/10/10,93.72,93.88,92.69,92.99,6698000
2024/10/11,92.85,94.61,92.80,94.13,8089100
2024/10/14,94.18,95.19,93.80,94.97,6262000
2024/10/15,95.25,95.65,93.68,94.22,6535800
2024/10/16,93.73,96.79,93.63,96.75,9936300
2024/10/17,96.93,97.33,95.61,96.54,9542500
2024/10/18,97.01,97.54,96.05,97.28,8609700
2024/10/21,97.20,97.45,95.95,96.62,8189900
2024/10/22,96.20,97.26,96.20,96.74,5344300
2024/10/23,96.93,97.14,95.99,96.24,5388500
2024/10/24,96.60,96.80,95.25,95.40,5015300
2024/10/25,95.81,96.85,95.01,95.03,6638100
2024/10/28,95.22,96.69,95.21,96.20,8146400
2024/10/29,96.26,96.62,95.68,96.13,6834400
2024/10/30,95.70,96.71,94.94,95.08,7718200
2024/10/31,95.27,96.63,95.00,96.20,8147700
2024/11/1,95.70,96.39,94.83,95.81,7944900
2024/11/4,95.83,96.02,95.03,95.79,6088000
2024/11/5,95.60,96.67,95.25,96.63,6561700
2024/11/6,98.21,99.55,98.21,98.89,11325100
2024/11/7,98.78,99.52,98.13,98.93,7805100
2024/11/8,98.73,99.26,97.61,99.02,7982100
2024/11/11,99.00,100.90,99.00,100.86,9137900
2024/11/12,100.55,101.29,99.50,100.99,9366200
2024/11/13,100.79,103.20,100.35,102.72,17701300
2024/11/14,110.33,114.81,108.40,109.12,47436100
2024/11/15,110.25,115.19,110.25,115.08,32048000
2024/11/18,113.33,115.44,112.89,113.54,14226200
2024/11/19,112.05,112.50,110.82,112.42,12166800
2024/11/20,112.26,114.37,111.47,114.26,9319300
2024/11/21,114.15,116.25,113.83,114.72,10261000
2024/11/22,113.85,116.34,113.60,115.65,10098000
2024/11/25,115.68,116.58,114.93,116.00,10397800
2024/11/26,116.00,116.42,115.44,115.45,6808100
2024/11/27,115.45,118.20,115.45,117.60,8142400
2024/11/28,115.45,118.20,115.45,117.60,8142400
2024/11/29,117.26,117.74,116.73,117.47,5095200
2024/12/2,117.78,118.63,116.55,117.16,8390500
2024/12/3,117.00,117.23,115.45,116.45,9194000
2024/12/4,115.97,117.29,115.84,116.99,7996200
2024/12/5,116.55,117.27,116.06,116.50,9823600
2024/12/6,116.55,117.26,116.22,116.73,6677900
2024/12/9,116.39,117.18,113.91,114.61,8666100
2024/12/10,114.65,114.95,113.72,114.73,7526400
2024/12/11,114.64,115.05,113.98,114.61,6426800
2024/12/12,114.70,115.01,114.16,114.90,5285100
2024/12/13,114.32,114.96,113.30,113.34,6864500
2024/12/16,113.00,113.07,111.73,112.11,10528500
2024/12/17,111.03,114.04,110.80,113.02,12238600
2024/12/18,113.34,116.12,111.24,111.35,12292800
2024/12/19,111.66,112.91,111.25,111.37,9468500
2024/12/20,110.61,112.97,110.43,112.03,17955300
2024/12/23,111.61,111.85,110.31,111.40,6037200
2024/12/24,111.25,112.74,111.19,112.56,2475000
2024/12/25,111.25,112.74,111.19,112.56,2475000
2024/12/26,112.12,113.32,111.86,112.55,4781400
2024/12/27,111.82,112.12,110.86,111.55,4523800
2024/12/30,110.43,111.54,109.83,110.80,5716300
2024/12/31,110.78,111.59,110.67,111.35,4757500
2025/1/1,110.78,111.59,110.67,111.35,4757500
2025/1/2,111.70,112.20,110.17,110.82,5688100
2025/1/3,111.37,111.54,110.18,111.16,5393100
2025/1/6,111.47,112.85,110.87,111.05,6274400
2025/1/7,112.15,113.74,111.29,111.39,7878800
2025/1/8,111.00,111.11,108.64,109.76,7805300
2025/1/9,111.00,111.11,108.64,109.76,7805300
2025/1/10,110.00,110.54,107.62,108.65,8835500
2025/1/13,107.93,108.61,106.72,108.08,6690200
2025/1/14,108.68,108.96,107.61,108.12,5501600
2025/1/15,109.17,109.60,107.99,108.18,6296900
2025/1/16,108.29,108.60,106.16,106.46,7872800
2025/1/17,106.83,107.74,106.54,107.02,7144300
2025/1/20,106.83,107.74,106.54,107.02,7144300
2025/1/21,107.10,109.45,106.80,108.70,8643700
2025/1/22,109.55,109.55,108.23,108.81,8781700
2025/1/23,108.50,111.07,108.49,111.04,7608300
2025/1/24,111.16,113.39,110.63,112.16,8304500
2025/1/27,111.68,114.08,111.46,113.34,10176900
2025/1/28,112.85,112.96,111.56,112.14,6516800
2025/1/29,113.50,114.38,112.76,113.19,7607100
2025/1/30,114.09,115.18,113.12,113.43,6236200
2025/1/31,113.30,114.01,112.76,113.06,7793400
2025/2/3,111.35,114.60,110.86,114.00,8870700
2025/2/4,113.80,114.66,112.51,113.30,13521100
2025/2/5,115.70,118.59,110.23,110.54,23310000
2025/2/6,111.88,112.68,109.15,112.09,12470800
2025/2/7,111.61,112.55,110.81,110.86,8669300
2025/2/10,111.14,111.38,108.69,109.28,8239500
2025/2/11,108.38,109.05,107.69,109.02,7456700
2025/2/12,108.25,109.53,107.75,109.23,6521200
2025/2/13,108.92,109.76,108.56,109.59,6553200
2025/2/14,109.86,110.51,109.59,110.38,5964500
2025/2/17,109.86,110.51,109.59,110.38,5964500
2025/2/18,109.78,109.92,108.71,109.56,8362900
2025/2/19,109.14,111.76,109.14,111.35,8452100
2025/2/20,111.24,111.52,109.38,110.55,5970100
2025/2/21,111.00,111.76,107.92,108.66,9082100
2025/2/24,108.84,111.56,108.65,111.20,7093300
2025/2/25,111.43,111.90,109.07,110.53,7289000
2025/2/26,110.06,113.25,110.06,111.83,7831600
2025/2/27,112.32,113.12,111.06,111.31,7854700
2025/2/28,111.46,113.99,111.00,113.80,14609400
2025/3/3,114.07,115.55,112.00,112.79,7884700
2025/3/4,111.70,112.25,108.27,109.01,12658000
2025/3/5,109.34,110.94,108.22,109.31,9956100
2025/3/6,108.38,108.83,105.02,105.43,11618800
2025/3/7,105.00,105.77,103.31,105.51,12715900
2025/3/10,104.43,104.80,102.11,103.08,10947100
2025/3/11,99.79,101.04,97.45,97.90,16906000
2025/3/12,98.68,99.49,96.38,98.76,11891800
2025/3/13,97.77,98.65,95.93,96.87,11059500
2025/3/14,97.44,99.10,97.42,98.64,10199800
2025/3/17,98.74,100.12,98.66,99.36,8332100
2025/3/18,99.27,99.73,98.48,99.35,6727000
2025/3/19,99.66,100.96,99.47,100.29,8614600
2025/3/20,99.57,100.05,98.64,98.86,7836500
2025/3/21,98.38,99.89,97.75,99.46,15089900
2025/3/24,100.22,100.44,98.86,100.18,8224400
2025/3/25,100.65,101.76,100.41,101.61,7365200
2025/3/26,101.70,102.27,100.26,100.78,6314000
2025/3/27,100.71,101.03,99.58,100.45,6598800
2025/3/28,100.05,100.39,97.74,98.07,7679700
2025/3/31,96.83,98.85,95.70,98.70,10554000
2025/4/1,98.32,98.59,96.84,97.68,8762700
2025/4/2,96.62,98.31,96.45,97.88,7959900
2025/4/3,94.51,94.78,88.61,88.84,19353400
2025/4/4,86.00,87.54,83.08,83.53,22580900
2025/4/7,80.99,86.63,80.10,83.30,20456000
2025/4/8,85.95,86.95,80.85,81.72,14845600
2025/4/9,81.29,92.25,81.19,91.44,24970900
2025/4/10,88.92,89.01,83.07,85.23,16377000
2025/4/11,85.11,85.67,83.35,84.89,10204400
2025/4/14,85.83,86.45,84.03,84.66,10841300
2025/4/15,84.75,85.98,84.52,85.01,7840500
2025/4/16,84.28,84.80,82.01,82.77,10144300
2025/4/17,83.37,85.78,83.36,84.81,14810900
2025/4/18,83.37,85.78,83.36,84.81,14810900
2025/4/21,84.91,85.23,82.98,84.00,14166800
2025/4/22,85.01,86.56,84.60,86.09,9578500
2025/4/23,89.03,89.87,87.03,87.29,12089100
2025/4/24,87.45,90.24,86.77,90.01,10310000
2025/4/25,90.07,90.34,89.07,90.28,7749600
2025/4/28,90.45,91.37,89.64,90.16,8491800
2025/4/29,89.83,91.66,89.76,91.17,6359900
2025/4/30,89.89,91.19,88.56,90.95,8474800
2025/5/1,91.27,91.61,90.36,90.81,7790600
2025/5/2,91.84,93.19,91.84,92.49,7594000
2025/5/5,89.70,93.08,89.61,92.11,10231000
2025/5/6,91.20,92.74,91.00,92.17,11839400
2025/5/7,102.42,103.31,100.14,102.09,36155300
2025/5/8,103.97,106.19,103.86,105.12,19265400
2025/5/9,105.26,106.19,104.76,105.94,10438200
2025/5/12,109.87,110.94,108.66,110.49,18366600
2025/5/13,110.25,112.20,110.15,111.38,14076700
2025/5/14,111.38,113.41,110.83,112.94,15352200
2025/5/15,112.23,112.85,111.58,112.22,8322400
2025/5/16,111.92,113.44,111.42,113.42,10961000
2025/5/19,112.12,112.99,111.90,112.66,7209700
2025/5/20,112.44,113.40,111.81,112.36,6433300
2025/5/21,111.69,112.49,110.13,110.46,10150600
2025/5/22,109.98,111.80,109.98,111.13,7903700
2025/5/23,109.60,110.35,108.78,109.72,8086100
2025/5/26,109.60,110.35,108.78,109.72,8086100
2025/5/27,111.03,112.89,110.15,112.36,10201100
2025/5/28,112.20,112.47,111.17,111.52,5787900
2025/5/29,112.01,112.26,110.52,112.02,9682100
2025/5/30,112.01,113.35,111.37,113.04,12881100
2025/6/2,112.68,113.60,112.25,112.95,7546800
2025/6/3,112.73,114.69,112.52,113.60,9738800
2025/6/4,113.86,114.05,112.98,113.49,5614900
2025/6/5,113.73,114.34,111.84,112.53,8547200
2025/6/6,113.36,114.22,113.21,113.90,5790700
2025/6/9,113.98,116.11,113.98,115.66,7960400
2025/6/10,115.53,120.50,115.53,118.73,18948400
2025/6/11,118.38,119.55,117.65,119.52,10439200
2025/6/12,118.87,119.39,117.66,118.61,7980300
2025/6/13,117.31,118.32,117.30,117.94,13204900
2025/6/16,118.02,120.34,117.87,119.48,9592100
2025/6/17,118.99,119.33,117.65,118.13,9241200
2025/6/18,117.88,118.75,116.84,117.86,8181200
2025/6/19,117.88,118.75,116.84,117.86,8181200
2025/6/20,118.25,119.05,116.90,117.63,17180400
2025/6/23,116.66,117.99,115.02,117.75,8348000
2025/6/24,117.75,119.08,117.75,118.65,8350200
2025/6/25,118.77,119.72,118.63,119.42,6976300
2025/6/26,119.98,121.67,119.68,121.46,10439600
2025/6/27,121.85,122.94,121.48,122.34,13435600
2025/6/30,124.31,124.69,123.18,124.01,13456200
2025/7/1,123.50,123.76,122.45,123.49,9815700
2025/7/2,123.32,123.70,122.53,122.98,7317100
2025/7/3,123.07,124.24,122.90,124.00,4252300
2025/7/4,123.07,124.24,122.90,124.00,4252300
2025/7/7,123.21,124.61,122.58,123.16,7023500
2025/7/8,123.22,123.71,121.82,121.82,6622900
2025/7/9,121.84,122.35,120.61,120.61,6724900
2025/7/10,120.62,121.95,120.62,121.56,6888700
2025/7/11,120.64,121.23,119.73,119.87,6112400
2025/7/14,119.78,120.50,119.60,119.97,6853300
2025/7/15,120.23,120.23,118.88,118.98,7943600
2025/7/16,119.36,120.57,118.88,119.82,6747500
2025/7/17,119.75,122.39,119.75,122.21,9933700
2025/7/18,121.97,122.16,120.29,121.42,9486800
2025/7/21,121.07,121.97,120.78,120.84,6392500
2025/7/22,120.75,121.43,120.56,121.06,5614500
2025/7/23,121.52,123.18,121.50,122.94,8258900
2025/7/24,122.85,123.40,121.81,121.95,6702200
2025/7/25,122.26,122.45,120.87,121.47,5656600
2025/7/28,121.03,121.40,119.89,120.37,6042200
2025/7/29,120.58,120.81,119.36,119.91,6283700
2025/7/30,119.95,120.50,119.18,119.54,5281500
2025/7/31,119.46,119.91,118.58,119.11,7235000
2025/8/1,117.59,117.89,115.57,116.59,8637800
2025/8/4,117.73,119.52,117.73,119.35,8845000
2025/8/5,119.25,119.57,117.33,118.32,15365700
2025/8/6,115.78,116.12,112.20,115.17,22153700
2025/8/7,115.75,116.40,111.82,112.88,15484400
2025/8/8,113.30,114.29,112.02,112.43,9491000
2025/8/11,112.91,113.15,111.54,112.55,8532600
2025/8/12,113.31,114.40,112.49,113.72,7274000
2025/8/13,114.23,117.23,114.15,116.64,9025700
2025/8/14,115.48,116.71,114.62,116.31,6800900
2025/8/15,116.57,116.84,115.19,115.39,6768600
2025/8/18,115.19,117.01,115.16,116.55,5798400
2025/8/19,116.50,116.99,115.72,116.27,5914000
2025/8/20,116.08,117.89,116.00,117.04,7046700
2025/8/21,116.57,116.66,115.53,116.21,6337100
2025/8/22,117.59,119.78,117.13,118.86,7161700
2025/8/25,118.49,119.05,117.70,117.71,5424900
2025/8/26,117.43,118.38,117.16,117.65,5787400
2025/8/27,117.53,118.46,117.29,118.09,4378000
2025/8/28,118.10,118.37,116.61,117.64,5687700
2025/8/29,117.39,118.65,117.25,118.38,5212600
2025/9/1,117.39,118.65,117.25,118.38,5212600
2025/9/2,117.02,118.28,116.00,118.27,6015900
2025/9/3,117.83,118.62,116.35,117.38,6288700
2025/9/4,117.08,119.68,116.76,118.81,6949300
2025/9/5,118.91,119.78,117.70,117.91,6669100
2025/9/8,117.96,118.88,116.74,118.84,6450700
2025/9/9,118.53,119.05,117.22,117.37,5444300
2025/9/10,116.85,117.51,114.50,115.79,7484900
2025/9/11,115.45,117.17,114.63,117.08,8399100
2025/9/12,116.26,117.01,115.10,115.96,7640900
2025/9/15,116.11,116.75,115.00,115.62,7150900
2025/9/16,115.45,115.85,114.71,115.23,6844900
2025/9/17,115.24,116.66,115.22,116.10,7333900
2025/9/18,115.33,115.78,114.05,114.86,9460500
2025/9/19,114.60,114.60,111.93,113.76,23398400
2025/9/22,111.76,113.63,111.52,112.56,15479800
2025/9/23,112.72,113.62,111.60,112.25,13145000
2025/9/24,112.41,114.15,112.20,113.43,8755200
2025/9/25,112.71,114.05,112.65,112.99,6365500
2025/9/26,113.13,113.57,112.76,113.47,6145700
2025/9/29,113.47,115.01,113.33,114.78,9304100
2025/9/30,114.53,114.88,113.34,114.50,9303700
2025/10/1,114.08,116.06,112.79,112.95,9736300
2025/10/2,112.98,113.17,110.78,112.14,8695100
2025/10/3,112.04,113.57,111.56,112.47,7148400
2025/10/6,112.69,113.11,111.45,112.75,6141200
2025/10/7,112.63,113.40,111.80,112.53,5409800
2025/10/8,112.81,113.20,111.65,111.89,7074400
2025/10/9,111.82,113.00,110.88,110.99,6502400
2025/10/10,111.53,112.68,109.11,109.19,9635200
2025/10/13,110.39,110.96,109.38,110.27,7435100
2025/10/14,109.65,111.84,109.20,111.17,7898000
2025/10/15,111.47,112.68,111.14,111.71,7012600
2025/10/16,111.79,112.09,108.51,109.88,7531200
2025/10/17,109.74,111.46,109.44,110.67,10090500
2025/10/20,111.03,112.25,110.60,111.96,8047500
2025/10/21,112.25,114.54,112.04,114.30,8163200
2025/10/22,114.00,114.28,112.98,113.08,7569200
2025/10/23,113.17,113.83,111.90,113.03,6945400
2025/10/24,113.23,113.65,111.59,111.68,6235200
2025/10/27,111.94,112.60,111.31,112.34,6029600
2025/10/28,111.91,112.48,111.46,111.65,6839400
2025/10/29,111.18,111.53,110.01,110.24,7097100
2025/10/30,110.13,113.58,109.55,111.84,8311300
2025/10/31,111.58,113.10,110.53,112.62,8700600
2025/11/3,112.55,112.81,111.03,112.12,8542300
2025/11/4,110.97,111.79,110.64,111.47,7950100
2025/11/5,111.35,111.97,110.60,111.36,5746000
2025/11/6,111.17,111.71,109.18,110.49,10291800
2025/11/7,110.26,111.43,110.04,110.74,8782100
2025/11/10,111.15,112.79,111.03,112.24,9158700
2025/11/11,112.65,114.97,112.42,114.85,9713300
2025/11/12,114.57,117.09,114.39,116.65,15248700
2025/11/13,108.89,109.36,104.91,107.61,44045400
2025/11/14,107.52,108.73,105.30,105.80,16691400
2025/11/17,105.75,107.67,105.12,105.69,12296400
2025/11/18,105.10,107.08,105.00,106.28,11796200
2025/11/19,106.08,107.59,104.08,104.67,12790000
2025/11/20,105.37,105.80,102.50,102.70,12609900
2025/11/21,103.48,104.78,102.69,104.28,10785400
2025/11/24,104.09,104.34,101.89,101.94,15024800
2025/11/25,102.49,103.92,102.00,103.31,10574500
2025/11/26,103.32,104.25,102.88,103.43,10130200
2025/11/27,103.32,104.25,102.88,103.43,10130200
2025/11/28,103.30,104.74,103.24,104.47,6525500
2025/12/1,104.92,106.83,104.47,106.77,12628900
2025/12/2,106.53,106.57,104.82,104.83,8548200
2025/12/3,104.90,105.85,104.47,105.74,10177800
2025/12/4,105.84,106.22,104.51,105.47,11471400
2025/12/5,105.18,106.17,104.56,105.30,10680100
2025/12/8,105.30,108.05,104.83,107.63,13727700
2025/12/9,107.59,107.75,106.55,107.02,8549400
2025/12/10,107.12,109.67,106.58,108.83,11237900
2025/12/11,109.20,111.56,109.11,111.46,13281400
2025/12/12,111.73,113.34,111.15,111.60,13059100
2025/12/15,110.70,111.55,108.55,110.49,14318000
2025/12/16,111.22,112.85,110.86,111.62,15580200
2025/12/17,111.06,112.13,110.46,110.63,12142500
2025/12/18,110.53,112.80,110.42,111.87,12913900
2025/12/19,112.32,113.48,110.92,111.24,21138400
2025/12/22,111.41,112.80,111.15,112.38,8803300
2025/12/23,112.29,113.31,112.04,113.22,7634500
2025/12/24,112.94,114.53,112.80,114.48,4606700
2025/12/25,112.94,114.53,112.80,114.48,4606700
2025/12/26,114.15,114.74,113.27,113.56,5428900
2025/12/29,113.32,114.49,113.31,114.19,7966000
2025/12/30,114.10,115.28,114.10,114.79,6883900
2025/12/31,114.77,114.89,113.55,113.77,6608000
2026/1/1,114.77,114.89,113.55,113.77,6608000
2026/1/2,113.44,113.44,111.62,111.85,8906200
2026/1/5,111.42,116.03,111.38,114.07,12029000
2026/1/6,113.79,114.76,113.11,114.57,7388300
2026/1/7,114.46,114.97,112.51,112.91,8296300
2026/1/8,112.55,114.99,112.55,114.17,9778200
2026/1/9,114.31,115.98,113.90,115.88,8935200
2026/1/12,114.63,114.94,112.55,112.82,10833800
2026/1/13,112.84,113.22,111.61,112.98,8945700
2026/1/14,112.81,113.59,112.26,113.53,8950900
2026/1/15,113.71,114.11,112.17,113.41,7958500
2026/1/16,113.20,113.85,111.12,111.20,12049600
2026/1/19,113.20,113.85,111.12,111.20,12049600
2026/1/20,109.66,111.09,108.80,110.34,9818200
2026/1/21,110.57,113.25,110.50,113.19,10041400
2026/1/22,113.17,114.29,112.17,113.21,12437700
2026/1/23,112.69,112.95,110.55,110.98,10819800
2026/1/26,111.68,112.41,111.13,111.31,8859800
2026/1/27,111.50,111.80,110.03,110.61,8956900
2026/1/28,110.28,111.43,109.00,109.56,9016600
2026/1/29,109.63,111.67,108.76,111.58,11079000
2026/1/30,111.36,112.95,110.99,112.80,17895200
2026/2/2,104.01,108.61,103.75,104.45,37778500
2026/2/3,104.78,104.99,102.34,104.22,24827100
2026/2/4,104.20,108.60,103.63,107.05,19070400
2026/2/5,107.05,108.33,104.81,104.97,11859500
2026/2/6,106.13,108.96,105.37,108.70,12105600
2026/2/9,108.69,108.92,106.77,107.13,10515400
2026/2/10,107.60,111.11,107.60,109.96,9815500
2026/2/11,108.93,109.87,107.80,108.12,9374900
2026/2/12,107.93,108.16,101.02,102.38,25319600
2026/2/13,101.40,105.52,101.20,105.45,12845300
2026/2/16,101.40,105.52,101.20,105.45,12845300
2026/2/17,106.57,107.28,104.37,105.44,10467400
2026/2/18,105.96,107.73,105.81,107.10,8791600
2026/2/19,107.11,107.77,105.45,106.00,7492900
2026/2/20,105.61,106.20,104.65,105.58,9043600
2026/2/23,104.98,105.19,102.96,104.41,10626500
2026/2/24,104.45,107.23,103.98,106.05,13594800
2026/2/25,106.00,106.72,104.51,105.05,8556500
2026/2/26,105.47,106.77,105.32,105.55,9578500
2026/2/27,104.78,106.34,103.93,106.04,13954000
2026/3/2,104.61,104.61,102.86,104.33,14178600
2026/3/3,102.84,104.31,102.15,103.30,13608400
2026/3/4,103.17,103.84,102.64,103.04,9672300
2026/3/5,103.10,104.55,101.59,102.41,11751500
2026/3/6,101.39,101.81,99.95,101.54,10446400
2026/3/9,101.39,101.81,99.95,101.54,10446400
