date,open,high,low,close,volume
2013/1/1,125.42,127.68,124.79,127.56,3623000
2013/1/2,131.30,131.66,129.62,131.66,4449000
2013/1/3,131.70,131.78,130.07,130.94,4584600
2013/1/4,130.93,134.64,130.32,134.51,5234600
2013/1/7,134.12,134.51,132.88,134.26,3556900
2013/1/8,133.71,133.95,132.70,133.05,2760200
2013/1/9,133.40,134.43,133.27,134.32,3666500
2013/1/10,135.07,138.15,134.13,137.37,5960700
2013/1/11,137.02,137.17,136.13,137.13,3211700
2013/1/14,137.19,137.32,135.66,136.13,2855800
2013/1/15,135.55,137.26,135.12,135.59,4322800
2013/1/16,138.94,141.58,137.90,141.09,10650800
2013/1/17,140.89,141.95,139.62,141.01,6596000
2013/1/18,141.35,144.81,141.24,144.45,7349000
2013/1/21,141.35,144.81,141.24,144.45,7349000
2013/1/22,144.01,146.28,143.34,145.95,5158400
2013/1/23,145.78,145.94,144.81,145.56,3948700
2013/1/24,145.00,146.74,144.06,144.96,4638200
2013/1/25,144.18,145.27,143.30,144.46,4639400
2013/1/28,144.43,145.25,143.69,144.15,3045600
2013/1/29,144.10,147.50,143.84,147.10,4519800
2013/1/30,146.81,147.42,145.91,147.15,4083100
2013/1/31,146.26,148.00,146.26,147.86,3680900
2013/2/1,148.51,150.40,147.76,149.90,4563800
2013/2/4,148.25,148.95,146.62,147.52,4679400
2013/2/5,148.35,150.75,148.18,150.45,4219200
2013/2/6,149.75,151.14,149.17,151.12,3940600
2013/2/7,150.76,152.50,149.00,150.26,4890800
2013/2/8,150.78,151.97,150.35,151.60,3612300
2013/2/11,151.42,152.87,150.96,152.24,3751400
2013/2/12,152.48,154.32,151.79,154.11,4309000
2013/2/13,154.11,154.85,153.28,154.52,4369100
2013/2/14,153.84,156.72,153.62,155.93,5035800
2013/2/15,156.40,156.54,154.08,154.99,4254400
2013/2/18,156.40,156.54,154.08,154.99,4254400
2013/2/19,155.69,159.00,155.25,158.65,5103400
2013/2/20,158.22,158.50,154.56,155.18,5029700
2013/2/21,153.72,153.95,149.80,150.88,8318000
2013/2/22,152.37,154.13,152.05,154.09,4772700
2013/2/25,155.19,155.69,147.60,147.65,6294200
2013/2/26,148.11,149.46,146.71,148.00,5686600
2013/2/27,147.87,152.05,147.76,151.65,4695000
2013/2/28,151.35,152.40,149.76,149.76,4956000
2013/3/1,148.12,151.70,147.22,150.53,4538400
2013/3/4,150.01,152.47,149.71,152.18,3209200
2013/3/5,153.45,154.96,152.80,152.96,4589300
2013/3/6,154.06,155.05,152.80,154.13,3593200
2013/3/7,154.70,157.19,154.50,156.62,3886300
2013/3/8,155.89,156.23,152.01,152.98,6615000
2013/3/11,152.45,154.32,152.36,153.30,3586400
2013/3/12,153.30,153.80,150.46,151.85,3432200
2013/3/13,152.03,152.87,150.58,151.91,3356400
2013/3/14,152.27,154.34,152.16,154.02,3886600
2013/3/15,151.35,155.63,151.30,154.84,7301200
2013/3/18,152.53,153.11,150.89,151.95,3788100
2013/3/19,152.61,153.09,147.82,148.84,4726900
2013/3/20,150.02,151.48,149.25,150.13,2883800
2013/3/21,149.29,150.22,145.37,145.38,4704000
2013/3/22,146.51,147.70,145.61,146.60,3456800
2013/3/25,147.99,148.66,144.68,146.11,3775400
2013/3/26,148.29,148.34,144.87,146.54,3860400
2013/3/27,145.88,148.63,145.86,147.84,3964800
2013/3/28,148.12,149.06,147.13,147.15,3701300
2013/3/29,148.12,149.06,147.13,147.15,3701300
2013/4/1,146.67,148.06,144.60,146.04,2581100
2013/4/2,145.27,147.49,144.77,146.68,3374100
2013/4/3,146.76,146.87,142.18,143.41,4373300
2013/4/4,143.52,144.95,142.24,142.99,3423800
2013/4/5,140.61,143.80,140.34,143.69,3864300
2013/4/8,143.83,144.12,141.84,143.82,2908700
2013/4/9,144.32,147.57,144.07,146.52,3262800
2013/4/10,147.30,149.74,147.24,149.46,3127600
2013/4/11,149.46,150.59,148.22,149.07,2951800
2013/4/12,148.40,149.60,147.01,149.12,3131400
2013/4/15,148.75,151.45,145.53,146.46,5554900
2013/4/16,148.13,148.43,142.14,144.10,8274400
2013/4/17,142.99,143.60,138.05,140.60,6361500
2013/4/18,140.09,140.90,137.42,138.60,4819700
2013/4/19,139.31,139.84,137.85,138.72,3962600
2013/4/22,139.01,139.85,137.29,139.52,3187100
2013/4/23,140.44,143.39,139.92,142.94,3698200
2013/4/24,143.27,144.45,142.95,143.93,2785200
2013/4/25,144.11,146.05,143.75,144.76,2637400
2013/4/26,144.50,145.41,143.07,144.11,2235200
2013/4/29,144.54,145.90,143.91,145.11,2715300
2013/4/30,145.19,146.54,144.56,146.07,2586300
2013/5/1,145.83,145.83,142.40,142.61,3509000
2013/5/2,142.68,143.67,140.39,143.67,4331900
2013/5/3,145.31,146.84,145.06,145.37,4018800
2013/5/6,145.92,149.54,145.64,148.45,3740400
2013/5/7,149.41,149.94,147.55,149.32,3137600
2013/5/8,149.13,150.99,148.40,150.26,3519200
2013/5/9,150.10,150.86,148.25,148.54,2819500
2013/5/10,148.57,149.18,147.50,149.10,2632400
2013/5/13,147.67,150.33,147.06,149.63,2975200
2013/5/14,149.50,154.94,149.50,154.52,5825300
2013/5/15,154.04,156.28,153.79,155.61,4177800
2013/5/16,154.73,157.49,153.96,154.47,3233800
2013/5/17,155.41,158.70,155.00,158.18,4177000
2013/5/20,157.58,160.49,157.52,158.90,4010100
2013/5/21,158.67,161.74,158.53,160.73,4077900
2013/5/22,160.61,164.47,158.53,159.34,6176200
2013/5/23,156.36,158.89,154.62,157.41,5619800
2013/5/24,155.57,158.92,155.29,158.72,3317100
2013/5/27,155.57,158.92,155.29,158.72,3317100
2013/5/28,160.92,162.68,159.91,160.70,4471200
2013/5/29,159.74,164.13,159.41,162.87,4969100
2013/5/30,162.66,165.45,161.00,164.35,4336200
2013/5/31,163.95,165.83,162.07,162.08,4404800
2013/6/3,161.56,163.74,159.79,163.56,4557300
2013/6/4,163.46,165.74,160.50,161.68,3977300
2013/6/5,161.43,162.89,157.55,158.30,4138300
2013/6/6,158.30,159.79,156.34,159.68,3243900
2013/6/7,160.97,166.17,160.59,166.01,5690300
2013/6/10,166.70,168.20,165.29,167.49,3914200
2013/6/11,165.35,166.40,163.19,163.31,3858100
2013/6/12,164.98,164.98,161.07,161.86,3243300
2013/6/13,161.20,166.39,161.07,165.82,3768500
2013/6/14,165.74,166.11,162.91,162.92,2970600
2013/6/17,164.08,165.67,162.90,164.11,2628300
2013/6/18,164.15,164.87,163.05,164.15,2060700
2013/6/19,164.16,164.93,161.51,161.56,3557100
2013/6/20,159.15,159.99,154.84,155.41,6488600
2013/6/21,157.00,157.26,152.30,154.25,5390200
2013/6/24,151.99,152.60,148.71,150.78,4013200
2013/6/25,152.45,154.31,151.55,153.06,3274600
2013/6/26,154.48,154.56,150.75,151.66,3580400
2013/6/27,153.03,154.99,152.61,153.51,2654900
2013/6/28,152.69,152.77,151.00,151.25,3011300
2013/7/1,152.78,154.10,151.70,151.75,2496100
2013/7/2,151.16,153.19,149.90,150.92,3091600
2013/7/3,149.62,151.42,149.28,150.43,1267700
2013/7/4,149.62,151.42,149.28,150.43,1267700
2013/7/5,152.30,153.29,151.50,153.24,2243700
2013/7/8,154.58,154.80,152.88,153.81,2699100
2013/7/9,154.99,157.44,153.17,156.94,3127100
2013/7/10,156.57,157.62,154.67,155.83,2430100
2013/7/11,158.50,159.74,156.11,157.71,2965700
2013/7/12,158.62,160.28,158.55,160.11,2844600
2013/7/15,162.80,163.39,161.16,163.00,4129900
2013/7/16,163.92,164.30,159.43,160.24,5972700
2013/7/17,159.84,161.99,159.50,161.50,3715000
2013/7/18,161.58,164.58,161.50,164.06,3462700
2013/7/19,163.75,164.85,162.58,164.36,3329700
2013/7/22,163.95,166.33,163.88,166.25,2741100
2013/7/23,166.50,167.41,165.48,166.26,2545400
2013/7/24,166.75,166.89,164.44,165.04,2548100
2013/7/25,164.28,166.00,163.69,165.91,2236200
2013/7/26,165.05,165.65,164.27,165.26,2372200
2013/7/29,164.63,164.83,162.02,163.17,2823600
2013/7/30,163.49,164.01,162.33,162.43,2553300
2013/7/31,162.53,165.97,162.43,164.03,3700300
2013/8/1,165.74,167.90,164.88,167.49,3251900
2013/8/2,166.83,167.90,166.46,167.62,1866700
2013/8/5,167.28,169.69,166.44,168.32,2618400
2013/8/6,168.07,168.28,164.47,164.78,3598500
2013/8/7,164.00,164.23,162.05,163.45,2131000
2013/8/8,164.75,166.43,162.83,162.84,2818400
2013/8/9,162.40,164.10,162.02,162.13,2012000
2013/8/12,161.73,162.38,160.55,161.69,1982000
2013/8/13,161.99,164.55,160.95,163.71,2309600
2013/8/14,163.85,164.80,162.93,163.34,1667400
2013/8/15,161.91,161.97,160.07,160.75,2206900
2013/8/16,160.28,162.29,160.03,160.66,2024300
2013/8/19,160.17,160.79,158.53,158.63,2228400
2013/8/20,158.72,160.03,157.78,159.56,2288700
2013/8/21,158.78,159.23,156.51,157.11,3053800
2013/8/22,157.81,159.66,157.20,159.41,2302700
2013/8/23,159.59,159.79,158.00,158.65,1495800
2013/8/26,158.41,160.70,157.75,157.90,1885200
2013/8/27,155.72,156.53,152.93,153.23,3672000
2013/8/28,153.00,154.15,151.45,152.97,2343200
2013/8/29,152.37,154.68,152.09,153.63,2133000
2013/8/30,153.77,153.98,151.33,152.13,2234000
2013/9/2,153.77,153.98,151.33,152.13,2234000
2013/9/3,154.48,156.04,153.52,154.76,2464800
2013/9/4,154.76,157.25,154.35,155.74,2194200
2013/9/5,155.99,158.05,155.57,156.17,2443900
2013/9/6,156.98,157.71,153.42,156.66,2464000
2013/9/9,157.41,159.70,157.16,159.49,2150400
2013/9/10,162.98,165.53,162.56,165.14,5265900
2013/9/11,164.93,165.79,163.78,165.06,2233100
2013/9/12,164.84,165.31,163.07,163.35,2690000
2013/9/13,164.38,164.72,162.96,164.00,2231500
2013/9/16,166.31,168.57,165.19,167.03,3553100
2013/9/17,167.19,167.58,165.66,167.42,2653700
2013/9/18,166.50,169.09,165.64,168.06,3422400
2013/9/19,169.69,170.00,166.88,167.78,3534700
2013/9/20,168.00,169.75,164.03,169.75,20410100
2013/9/23,168.18,168.46,164.72,165.25,4816200
2013/9/24,165.52,166.40,162.97,162.97,3422600
2013/9/25,163.26,163.69,161.16,162.31,3614600
2013/9/26,162.90,163.93,161.04,162.29,2711400
2013/9/27,160.69,160.95,159.43,159.85,3679100
2013/9/30,157.72,159.14,156.57,158.21,2803600
2013/10/1,158.86,160.31,157.56,159.00,2465300
2013/10/2,157.69,159.58,157.52,158.67,2431000
2013/10/3,158.63,159.16,155.46,156.85,2949500
2013/10/4,157.08,157.25,156.09,156.55,2984500
2013/10/7,155.17,156.20,154.22,154.25,2618000
2013/10/8,154.62,155.85,153.00,153.05,2917200
2013/10/9,153.56,155.32,152.83,154.44,3227500
2013/10/10,156.83,158.24,156.00,158.01,3639000
2013/10/11,158.49,160.49,157.52,160.00,3124900
2013/10/14,158.22,159.92,157.50,159.46,2428100
2013/10/15,159.81,160.04,157.51,157.63,3038000
2013/10/16,158.58,162.50,157.50,162.25,3649300
2013/10/17,156.48,159.20,155.99,158.32,7522100
2013/10/18,158.84,159.70,156.68,158.69,4982100
2013/10/21,158.67,160.65,158.25,159.77,2695400
2013/10/22,160.64,160.71,158.23,159.25,3239400
2013/10/23,158.02,158.08,156.56,157.74,2735800
2013/10/24,159.45,160.35,158.83,159.96,2591000
2013/10/25,160.00,162.24,159.91,162.09,3721000
2013/10/28,162.00,162.19,160.25,161.45,3341500
2013/10/29,162.07,163.11,161.01,162.11,3702100
2013/10/30,162.56,162.97,161.15,162.05,2344200
2013/10/31,162.09,163.35,160.86,160.86,2785000
2013/11/1,161.03,162.60,160.72,162.05,2738400
2013/11/4,162.42,163.24,161.59,163.16,1711000
2013/11/5,161.67,162.63,160.78,161.95,2529400
2013/11/6,162.53,164.30,162.33,163.52,3593700
2013/11/7,164.04,164.21,159.61,159.64,3490300
2013/11/8,160.39,163.69,159.88,163.17,3856000
2013/11/11,162.50,164.75,162.16,163.84,2289000
2013/11/12,163.10,164.38,162.13,162.89,2239600
2013/11/13,161.78,163.71,161.20,162.94,3398300
2013/11/14,163.55,163.95,162.41,163.20,3648200
2013/11/15,163.18,165.42,163.18,164.40,2667200
2013/11/18,164.74,167.65,164.20,165.68,3555000
2013/11/19,165.87,168.00,165.63,166.60,2691900
2013/11/20,166.76,167.25,164.86,165.00,2793100
2013/11/21,165.25,167.32,165.01,167.07,3158500
2013/11/22,166.77,168.24,165.53,168.10,2680500
2013/11/25,168.50,170.50,168.50,169.48,3101700
2013/11/26,169.36,170.69,168.00,168.04,2953400
2013/11/27,168.05,168.81,166.87,168.22,2285300
2013/11/28,168.05,168.81,166.87,168.22,2285300
2013/11/29,167.89,170.38,167.69,168.94,2018700
2013/12/2,169.88,171.58,168.68,169.72,3121100
2013/12/3,169.09,170.76,167.91,168.05,3288200
2013/12/4,167.31,169.93,167.31,168.70,2328200
2013/12/5,167.41,167.96,165.35,165.56,3564100
2013/12/6,167.58,167.96,164.77,167.21,2708500
2013/12/9,168.00,169.13,166.84,167.67,2589500
2013/12/10,167.87,172.20,167.52,169.73,4235400
2013/12/11,169.51,169.83,167.13,167.60,2977100
2013/12/12,166.59,168.96,166.52,168.33,2911900
2013/12/13,168.59,169.29,167.60,168.39,2490600
2013/12/16,169.31,171.49,169.09,170.95,2980000
2013/12/17,171.27,171.27,169.71,170.49,2856700
2013/12/18,171.00,174.92,169.99,174.84,4509600
2013/12/19,174.61,175.80,174.00,174.77,3094400
2013/12/20,174.66,175.79,173.75,175.16,3754300
2013/12/23,175.88,176.69,175.50,176.47,1585300
2013/12/24,176.67,176.68,175.44,176.16,781300
2013/12/25,176.67,176.68,175.44,176.16,781300
2013/12/26,176.60,176.76,175.18,176.45,1320100
2013/12/27,176.39,176.45,175.57,176.35,1716900
2013/12/30,176.50,177.12,175.26,175.73,1241000
2013/12/31,176.22,177.44,176.22,177.26,1663900
2014/1/1,176.22,177.44,176.22,177.26,1663900
2014/1/2,176.95,178.38,176.36,176.89,1982100
2014/1/3,176.35,178.85,176.22,178.15,2147400
2014/1/6,179.15,181.13,178.88,179.37,2954000
2014/1/7,180.73,180.98,177.52,178.29,2734700
2014/1/8,178.50,178.90,177.26,178.44,2208600
2014/1/9,179.08,179.08,176.61,177.40,2149500
2014/1/10,177.40,178.71,177.00,178.39,2506500
2014/1/13,178.30,178.30,175.69,175.88,2823800
2014/1/14,176.26,177.50,175.71,176.60,2208800
2014/1/15,177.00,179.74,177.00,178.75,3540200
2014/1/16,178.75,178.79,174.50,175.17,4712200
2014/1/17,175.01,177.28,174.50,176.28,3451000
2014/1/20,175.01,177.28,174.50,176.28,3451000
2014/1/21,175.10,175.59,171.34,173.20,5141200
2014/1/22,173.45,174.64,172.78,173.68,2476900
2014/1/23,172.42,172.42,169.02,170.75,3977700
2014/1/24,168.53,169.96,167.22,167.64,4156200
2014/1/27,167.08,167.60,163.43,164.69,5589600
2014/1/28,165.03,166.55,164.59,166.25,3170400
2014/1/29,163.97,166.10,163.62,163.90,3473700
2014/1/30,165.33,166.17,164.57,165.84,2829400
2014/1/31,163.80,165.98,163.30,164.12,3415500
2014/2/3,165.15,165.52,159.77,159.82,5079700
2014/2/4,160.90,162.57,159.85,161.76,3346600
2014/2/5,160.59,162.65,160.32,160.42,3212900
2014/2/6,161.16,162.00,160.10,161.75,3798000
2014/2/7,162.78,162.90,160.27,161.93,4879900
2014/2/10,161.02,161.77,160.28,161.00,4321700
2014/2/11,161.21,164.96,160.31,164.39,4996300
2014/2/12,164.50,165.23,163.23,163.50,3046600
2014/2/13,162.55,164.40,162.10,164.06,3119600
2014/2/14,163.33,164.50,162.93,163.72,3287900
2014/2/17,163.33,164.50,162.93,163.72,3287900
2014/2/18,164.04,165.59,163.72,164.65,3399900
2014/2/19,163.91,166.18,162.98,163.26,3669700
2014/2/20,163.49,164.97,162.67,164.50,2631900
2014/2/21,164.30,165.65,164.15,164.50,2594500
2014/2/24,164.08,167.41,164.08,166.54,3242900
2014/2/25,166.11,166.30,163.16,163.48,3682300
2014/2/26,163.26,163.90,160.77,162.80,3978300
2014/2/27,162.66,165.79,162.34,165.38,3806600
2014/2/28,164.81,167.82,164.57,166.45,4291500
2014/3/3,164.22,165.31,163.66,164.74,3122900
2014/3/4,166.64,168.76,166.20,168.73,3400500
2014/3/5,168.80,172.90,168.25,171.90,4451200
2014/3/6,172.71,174.00,172.49,172.60,3403500
2014/3/7,173.98,175.59,173.11,174.26,4088900
2014/3/10,173.60,174.49,172.47,173.51,2179100
2014/3/11,173.96,173.96,169.85,169.89,3832300
2014/3/12,169.13,169.99,167.81,169.72,2550000
2014/3/13,170.48,171.24,166.57,166.70,3421400
2014/3/14,166.90,167.40,165.03,165.35,2762100
2014/3/17,166.38,168.80,166.33,166.84,3198000
2014/3/18,167.27,169.00,167.01,168.09,1941300
2014/3/19,168.49,170.16,166.80,168.18,3534100
2014/3/20,167.88,170.45,167.27,169.22,3950500
2014/3/21,169.69,170.00,166.91,166.95,4779100
2014/3/24,167.13,167.98,165.10,165.72,2723000
2014/3/25,166.59,167.42,162.80,163.25,4437500
2014/3/26,164.74,165.00,161.72,161.73,2590300
2014/3/27,161.80,163.31,160.77,162.29,3890200
2014/3/28,162.21,164.19,161.29,162.30,2630500
2014/3/31,163.22,164.14,162.22,163.85,2494300
2014/4/1,164.76,166.29,164.22,165.92,3325500
2014/4/2,165.90,167.54,165.73,167.27,2407600
2014/4/3,167.31,167.67,165.00,166.09,2337300
2014/4/4,167.01,167.04,162.85,163.24,3262500
2014/4/7,162.95,163.20,158.44,158.56,4650800
2014/4/8,158.70,158.76,155.48,156.56,6839900
2014/4/9,157.11,159.00,156.42,158.16,4010000
2014/4/10,158.41,158.88,155.81,155.98,4806600
2014/4/11,154.45,154.49,151.65,152.72,6460700
2014/4/14,154.80,155.13,153.42,154.74,3053700
2014/4/15,155.00,156.02,153.10,154.92,3639600
2014/4/16,156.34,157.29,155.12,157.22,3194200
2014/4/17,161.03,161.44,157.35,157.44,4525200
2014/4/18,161.03,161.44,157.35,157.44,4525200
2014/4/21,157.50,158.27,156.23,157.80,4551700
2014/4/22,157.64,160.81,157.27,160.46,4547300
2014/4/23,160.26,160.94,159.28,160.45,2040600
2014/4/24,161.04,162.11,160.59,160.85,2934200
2014/4/25,160.48,160.77,157.91,158.24,3302100
2014/4/28,158.60,158.83,154.00,156.54,3897800
2014/4/29,157.03,158.38,156.64,158.24,2160500
2014/4/30,158.38,160.36,158.19,159.82,2745700
2014/5/1,159.80,161.00,159.70,160.37,2079500
2014/5/2,160.46,161.84,158.57,158.88,2561500
2014/5/5,156.50,156.90,154.52,156.35,3015700
2014/5/6,155.85,155.85,154.18,154.54,3073100
2014/5/7,155.41,156.31,153.71,155.52,3260900
2014/5/8,155.76,158.22,155.20,157.40,2719600
2014/5/9,157.57,157.90,155.68,157.20,2637000
2014/5/12,157.91,159.95,157.91,159.55,2256100
2014/5/13,159.56,160.90,159.13,160.28,1901500
2014/5/14,160.20,160.89,159.28,159.45,2128700
2014/5/15,158.69,158.96,155.92,156.64,2769300
2014/5/16,155.61,156.97,154.84,156.43,2845600
2014/5/19,156.25,157.99,156.01,157.67,1618000
2014/5/20,157.48,157.91,155.61,156.35,2034900
2014/5/21,157.16,159.75,157.13,159.35,4226300
2014/5/22,158.95,160.30,158.65,159.85,1645100
2014/5/23,159.91,160.48,159.51,160.16,1210200
2014/5/26,159.91,160.48,159.51,160.16,1210200
2014/5/27,161.12,163.43,160.58,161.77,3248800
2014/5/28,160.91,161.61,159.78,161.19,1855200
2014/5/29,161.14,162.00,159.62,160.74,1779200
2014/5/30,160.42,160.64,159.16,159.81,2206300
2014/6/2,159.78,160.20,157.91,160.03,2162500
2014/6/3,159.85,161.93,159.28,161.80,2408600
2014/6/4,161.44,162.73,160.86,162.39,2098400
2014/6/5,162.72,163.43,161.56,162.58,1859600
2014/6/6,162.90,166.26,162.90,166.19,3478100
2014/6/9,166.04,166.86,165.64,166.00,2377500
2014/6/10,165.86,167.26,165.48,166.36,1684500
2014/6/11,165.09,166.16,164.69,165.43,2004100
2014/6/12,165.76,166.65,165.02,165.96,2309900
2014/6/13,166.17,167.07,165.42,165.89,1761100
2014/6/16,165.52,166.53,164.45,165.85,1756400
2014/6/17,165.64,168.75,165.45,168.22,2450000
2014/6/18,167.89,170.10,167.29,169.86,2873200
2014/6/19,170.00,170.16,168.93,169.73,2306900
2014/6/20,170.32,171.08,169.42,169.84,4688200
2014/6/23,170.18,170.62,169.21,170.24,1738500
2014/6/24,169.55,170.55,167.95,168.23,1608000
2014/6/25,167.82,169.02,167.40,168.38,1601200
2014/6/26,167.00,168.11,166.37,168.01,2131200
2014/6/27,167.25,167.65,166.37,166.78,3111200
2014/6/30,166.87,167.91,166.37,167.44,1885200
2014/7/1,166.35,168.27,166.06,166.81,2947800
2014/7/2,167.00,167.81,166.57,166.89,1877600
2014/7/3,167.83,169.90,167.72,169.46,1801200
2014/7/4,167.83,169.90,167.72,169.46,1801200
2014/7/7,168.97,168.97,166.90,167.78,1774000
2014/7/8,166.74,166.78,163.73,164.91,2422200
2014/7/9,165.24,165.33,163.63,164.67,1943800
2014/7/10,162.22,163.78,161.53,163.42,2204100
2014/7/11,163.02,165.14,162.38,164.80,2293300
2014/7/14,167.18,167.72,166.46,167.00,3007700
2014/7/15,169.70,170.15,167.15,169.17,4802300
2014/7/16,169.20,170.99,169.00,170.47,3295100
2014/7/17,170.21,171.60,168.92,170.14,3815500
2014/7/18,170.41,171.79,169.65,171.47,2558600
2014/7/21,170.17,172.10,170.05,171.72,2227400
2014/7/22,172.38,175.38,172.38,175.02,3849500
2014/7/23,175.21,177.22,174.63,176.82,3436100
2014/7/24,176.80,177.32,175.61,176.26,2012800
2014/7/25,175.91,176.46,174.72,175.40,2114900
2014/7/28,175.00,176.46,174.67,175.95,2303400
2014/7/29,176.17,177.11,175.45,175.54,3055600
2014/7/30,175.96,177.48,175.36,175.76,2345600
2014/7/31,174.44,175.27,172.79,172.87,3797600
2014/8/1,172.38,172.76,169.40,170.25,3140000
2014/8/4,170.57,171.89,170.05,171.69,2103900
2014/8/5,171.30,171.77,168.89,169.42,2746200
2014/8/6,168.15,170.85,168.02,169.74,1711700
2014/8/7,170.30,171.07,168.74,169.10,1920900
2014/8/8,169.35,172.49,168.68,172.26,2250900
2014/8/11,172.75,173.41,171.62,172.46,2098000
2014/8/12,171.78,173.11,171.38,172.33,1362900
2014/8/13,172.40,172.89,171.27,172.37,1708200
2014/8/14,172.80,173.10,171.69,172.73,1431400
2014/8/15,172.84,174.60,171.44,171.90,2446000
2014/8/18,173.25,174.63,172.70,174.55,1877700
2014/8/19,174.91,175.10,173.63,173.96,1916100
2014/8/20,173.27,174.18,172.60,174.03,1755100
2014/8/21,174.24,175.92,173.44,175.15,2075200
2014/8/22,175.35,176.98,174.83,175.47,2682000
2014/8/25,176.71,179.86,176.46,177.87,3063500
2014/8/26,178.47,179.15,177.81,177.90,3110600
2014/8/27,178.36,178.36,177.01,177.81,2073700
2014/8/28,177.05,177.75,175.89,177.65,1961800
2014/8/29,178.32,179.50,177.85,179.11,2560600
2014/9/1,178.32,179.50,177.85,179.11,2560600
2014/9/2,179.26,180.22,178.38,179.77,1986300
2014/9/3,180.48,182.07,179.43,179.60,2397700
2014/9/4,179.93,181.60,179.55,180.08,1678500
2014/9/5,179.58,179.91,177.88,179.75,2562800
2014/9/8,179.58,180.92,179.22,180.11,1746400
2014/9/9,177.93,178.64,176.62,177.40,2598500
2014/9/10,178.33,180.18,178.12,179.87,2457800
2014/9/11,178.77,181.44,178.50,181.00,1905300
2014/9/12,180.63,183.47,180.63,183.17,3358600
2014/9/15,182.91,184.40,182.51,183.98,2308000
2014/9/16,183.90,184.56,182.80,184.04,2137600
2014/9/17,183.82,185.77,183.46,184.82,2820300
2014/9/18,185.83,188.43,185.50,187.89,3566600
2014/9/19,188.26,188.58,185.88,186.20,5442900
2014/9/22,186.00,186.95,185.10,185.29,1826100
2014/9/23,184.57,186.86,184.57,185.09,1977600
2014/9/24,185.26,188.12,184.47,187.81,2834200
2014/9/25,187.46,187.80,183.46,184.09,3074600
2014/9/26,184.75,185.60,183.22,185.12,1932500
2014/9/29,183.11,184.56,182.20,183.83,1745400
2014/9/30,184.41,184.99,182.68,183.57,2037700
2014/10/1,183.19,183.85,180.33,180.70,4196300
2014/10/2,180.60,183.43,180.59,182.88,2782600
2014/10/3,184.61,188.54,184.57,188.07,3271400
2014/10/6,189.07,189.50,187.15,187.48,1934800
2014/10/7,186.56,186.56,183.62,183.80,2927100
2014/10/8,184.03,187.00,182.15,186.64,3154500
2014/10/9,185.82,186.17,180.75,181.27,4892900
2014/10/10,181.57,182.95,180.06,180.38,4405600
2014/10/13,181.00,183.19,178.50,178.77,3436500
2014/10/14,179.48,181.79,177.77,178.70,3557200
2014/10/15,176.49,177.95,171.52,177.24,6330500
2014/10/16,172.02,176.29,171.26,172.58,7797500
2014/10/17,175.80,177.54,175.10,176.91,4951000
2014/10/20,176.22,178.00,175.82,177.84,2307900
2014/10/21,179.22,180.36,178.36,180.18,2649500
2014/10/22,180.55,180.80,176.83,176.83,3088300
2014/10/23,178.80,181.10,178.71,180.06,3397000
2014/10/24,180.27,183.49,180.01,183.35,2900900
2014/10/27,182.86,184.16,182.31,183.91,2383700
2014/10/28,184.16,186.32,183.20,186.32,3027700
2014/10/29,186.09,187.31,185.39,186.08,3379000
2014/10/30,185.48,187.10,185.17,186.97,2794800
2014/10/31,189.24,190.00,188.12,189.99,3357000
2014/11/3,190.35,191.98,189.75,190.83,2298100
2014/11/4,190.47,190.97,188.82,190.27,2027300
2014/11/5,191.58,191.87,189.61,189.84,3141100
2014/11/6,190.38,191.44,189.78,191.00,1915400
2014/11/7,191.25,191.48,189.30,190.71,1981400
2014/11/10,190.51,191.87,190.51,191.80,1553900
2014/11/11,191.81,192.68,190.53,191.88,1620100
2014/11/12,190.66,190.89,189.33,190.18,2322200
2014/11/13,190.84,191.19,189.20,190.24,1749600
2014/11/14,190.36,190.84,189.62,189.98,1691600
2014/11/17,189.52,191.19,189.22,189.93,1593400
2014/11/18,189.62,190.66,189.59,189.64,1810300
2014/11/19,189.71,189.99,188.19,189.19,2260100
2014/11/20,187.82,189.86,187.55,189.75,2850000
2014/11/21,191.52,191.66,189.37,189.59,2367900
2014/11/24,190.14,190.89,189.67,190.07,2028800
2014/11/25,190.50,190.50,188.20,188.86,3677900
2014/11/26,189.92,189.92,187.73,188.52,2024000
2014/11/27,189.92,189.92,187.73,188.52,2024000
2014/11/28,188.40,189.49,188.12,188.41,1195200
2014/12/1,188.00,188.62,185.59,188.20,2469000
2014/12/2,189.31,190.94,188.81,190.19,3116100
2014/12/3,189.75,191.82,189.33,190.95,3049600
2014/12/4,190.78,192.34,189.96,191.95,3123400
2014/12/5,192.72,196.93,192.54,195.45,3625500
2014/12/8,195.45,198.06,194.51,196.62,2715000
2014/12/9,193.69,197.22,192.90,196.89,4568400
2014/12/10,195.48,195.99,191.60,192.00,6506700
2014/12/11,193.00,194.94,192.50,193.54,3179500
2014/12/12,191.71,192.64,188.07,188.82,3838900
2014/12/15,190.24,190.81,185.41,185.54,4729100
2014/12/16,183.96,186.93,182.40,183.31,4181900
2014/12/17,184.11,186.50,183.63,185.03,5074800
2014/12/18,188.00,191.66,187.81,191.61,4209600
2014/12/19,192.26,195.00,192.03,193.28,4798200
2014/12/22,193.92,194.50,192.76,194.44,3056400
2014/12/23,195.34,196.10,194.73,195.50,2346100
2014/12/24,196.61,196.75,195.01,195.89,694200
2014/12/25,196.61,196.75,195.01,195.89,694200
2014/12/26,196.09,196.49,195.40,195.45,1016300
2014/12/29,195.57,196.96,194.82,196.19,1219900
2014/12/30,195.50,196.50,194.58,195.71,1136200
2014/12/31,196.65,196.83,193.77,193.83,1566800
2015/1/1,196.65,196.83,193.77,193.83,1566800
2015/1/2,195.30,195.73,192.70,194.41,1877700
2015/1/5,193.06,194.04,187.48,188.34,3413200
2015/1/6,188.30,188.66,183.93,184.53,3429200
2015/1/7,186.85,187.99,185.77,187.28,1896800
2015/1/8,189.35,190.82,189.25,190.27,1962500
2015/1/9,190.48,191.31,186.96,187.35,1980700
2015/1/12,187.36,187.53,184.11,185.07,2084200
2015/1/13,186.58,189.38,183.37,184.93,2745300
2015/1/14,181.18,182.51,178.10,180.23,5204700
2015/1/15,180.18,181.60,177.50,178.49,3146000
2015/1/16,176.73,180.10,174.06,177.23,5124100
2015/1/19,176.73,180.10,174.06,177.23,5124100
2015/1/20,177.57,178.33,174.23,175.63,3606600
2015/1/21,174.55,178.39,172.82,177.15,3737000
2015/1/22,178.81,182.59,177.25,182.04,6228200
2015/1/23,181.43,182.98,180.42,180.49,3123800
2015/1/26,178.72,180.99,178.06,180.42,2736500
2015/1/27,177.24,178.64,176.30,176.49,3335600
2015/1/28,177.73,177.97,172.97,173.05,3017300
2015/1/29,173.18,176.30,173.07,175.99,2421400
2015/1/30,174.13,175.69,172.32,172.41,3037400
2015/2/2,172.99,175.60,172.26,175.49,2975300
2015/2/3,176.01,180.48,175.91,180.24,3766900
2015/2/4,178.72,180.71,178.53,178.78,2980500
2015/2/5,179.44,181.60,179.23,180.77,2434400
2015/2/6,182.05,184.62,181.14,183.43,3250900
2015/2/9,181.69,182.95,181.15,182.22,2421900
2015/2/10,183.35,184.80,182.35,184.56,2556300
2015/2/11,184.07,188.19,183.75,187.65,4079600
2015/2/12,188.25,190.00,187.40,189.78,3086700
2015/2/13,189.87,191.33,188.34,189.00,2720400
2015/2/16,189.87,191.33,188.34,189.00,2720400
2015/2/17,188.78,190.63,188.31,190.02,2123300
2015/2/18,189.54,190.04,187.82,188.67,1850700
2015/2/19,187.68,189.85,187.27,189.11,1470400
2015/2/20,188.35,191.64,187.05,191.51,2317100
2015/2/23,190.74,190.74,189.27,190.31,1691100
2015/2/24,190.03,193.28,189.68,192.22,2627300
2015/2/25,191.55,192.45,190.46,191.72,2775700
2015/2/26,190.51,192.47,190.00,192.20,2449300
2015/2/27,191.19,192.50,189.79,189.79,2572400
2015/3/2,190.00,191.92,189.78,191.79,1659400
2015/3/3,190.70,192.87,190.57,191.27,1487800
2015/3/4,190.35,190.82,188.98,189.67,1648500
2015/3/5,190.13,190.72,189.07,190.08,1330100
2015/3/6,187.58,191.40,186.58,186.91,4103600
2015/3/9,187.30,188.79,186.57,187.93,2233700
2015/3/10,185.59,186.14,182.71,182.71,2768500
2015/3/11,183.30,185.84,183.01,184.18,2098600
2015/3/12,185.94,190.00,185.94,189.95,3114800
2015/3/13,188.87,189.74,186.16,189.34,3095100
2015/3/16,190.04,192.49,189.90,191.90,2127700
2015/3/17,190.97,191.24,188.80,190.57,1883200
2015/3/18,189.67,193.04,189.20,192.32,2790100
2015/3/19,191.76,191.76,189.09,189.97,2097100
2015/3/20,190.47,193.92,189.90,193.13,3473800
2015/3/23,193.27,194.25,191.96,191.96,1590500
2015/3/24,191.94,192.51,191.16,191.28,1799100
2015/3/25,191.08,191.23,187.35,187.35,2542000
2015/3/26,186.52,187.97,185.02,187.24,2377200
2015/3/27,187.19,188.48,186.27,188.06,1539600
2015/3/30,189.24,192.00,189.19,191.02,2403800
2015/3/31,190.34,190.55,187.97,187.97,2146600
2015/4/1,187.94,192.33,186.96,192.23,4031400
2015/4/2,191.73,192.73,190.85,191.55,2296300
2015/4/3,191.73,192.73,190.85,191.55,2296300
2015/4/6,190.18,192.64,188.95,192.05,1997000
2015/4/7,192.52,193.64,192.24,192.39,1778000
2015/4/8,193.04,193.85,192.20,192.56,1997300
2015/4/9,192.86,195.09,192.41,194.89,1986500
2015/4/10,194.65,195.86,194.09,195.64,1764800
2015/4/13,195.32,197.38,194.77,195.58,2196100
2015/4/14,196.98,198.49,195.71,197.72,3267400
2015/4/15,198.21,202.14,197.39,201.10,5066100
2015/4/16,202.70,202.87,198.70,200.21,5976900
2015/4/17,197.84,198.25,195.65,197.35,4578400
2015/4/20,199.07,199.60,197.92,198.10,2616600
2015/4/21,198.97,199.50,196.58,196.84,1868300
2015/4/22,197.91,199.16,196.57,198.32,1938100
2015/4/23,198.16,200.49,197.60,199.31,2053400
2015/4/24,199.00,199.10,197.45,197.99,1445700
2015/4/27,198.76,199.31,196.37,196.52,1767100
2015/4/28,196.20,197.61,194.40,197.49,1909400
2015/4/29,195.79,199.73,195.48,198.56,2480600
2015/4/30,198.40,199.75,195.40,196.42,2732800
2015/5/1,198.45,198.57,196.83,197.53,2029500
2015/5/4,198.26,199.72,197.90,199.30,1581600
2015/5/5,198.31,200.39,196.72,197.29,2287500
2015/5/6,197.75,198.59,194.01,196.25,2433700
2015/5/7,196.26,197.95,194.81,197.39,1795300
2015/5/8,199.10,201.34,199.10,200.50,3192500
2015/5/11,200.29,201.95,200.29,201.73,1966700
2015/5/12,200.48,201.04,198.07,200.53,2247500
2015/5/13,200.47,201.75,199.85,201.43,2143300
2015/5/14,202.33,202.88,201.43,202.62,1957000
2015/5/15,202.55,202.97,201.82,202.97,1742900
2015/5/18,202.65,205.18,202.64,204.66,2164600
2015/5/19,204.99,206.20,204.55,205.40,2370100
2015/5/20,205.17,205.96,204.15,205.08,1831200
2015/5/21,204.60,205.21,204.18,204.95,2225000
2015/5/22,204.66,208.26,204.63,207.80,3040400
2015/5/25,204.66,208.26,204.63,207.80,3040400
2015/5/26,207.52,207.52,205.00,206.38,3336300
2015/5/27,206.89,209.68,205.87,209.06,3011500
2015/5/28,208.08,208.59,207.28,208.48,3084900
2015/5/29,208.23,208.27,205.62,206.19,2255500
2015/6/1,207.32,208.82,206.89,207.81,2088200
2015/6/2,206.85,207.84,205.65,206.43,2230700
2015/6/3,207.52,210.17,206.77,208.29,2417000
2015/6/4,207.60,210.06,207.00,208.87,3462500
2015/6/5,210.70,211.94,208.55,210.45,3225100
2015/6/8,211.15,211.70,209.45,209.79,2180700
2015/6/9,210.00,210.44,207.62,209.02,2278800
2015/6/10,209.72,213.40,209.36,213.13,2677300
2015/6/11,213.17,214.61,212.87,213.94,2024100
2015/6/12,213.48,214.01,212.01,213.06,2006200
2015/6/15,210.89,212.34,210.38,211.76,1903800
2015/6/16,211.85,213.57,211.13,213.56,1954200
2015/6/17,213.59,214.50,212.57,212.93,1778400
2015/6/18,213.45,215.01,212.01,214.60,2167200
2015/6/19,214.12,215.00,213.19,213.19,4163400
2015/6/22,215.06,216.81,215.00,216.51,2006100
2015/6/23,216.92,218.77,216.64,218.40,2735600
2015/6/24,216.20,217.00,213.70,214.43,3945200
2015/6/25,215.15,215.80,212.49,212.82,2434700
2015/6/26,213.62,214.61,212.55,213.17,2762600
2015/6/29,210.14,211.22,207.65,207.65,3292800
2015/6/30,209.89,210.79,208.15,208.79,4167300
2015/7/1,211.63,212.49,208.95,209.94,2820300
2015/7/2,209.94,210.63,208.50,209.20,1816600
2015/7/3,209.94,210.63,208.50,209.20,1816600
2015/7/6,206.71,208.53,206.26,208.04,2816800
2015/7/7,207.98,208.97,203.20,208.21,3304200
2015/7/8,206.30,206.79,203.70,204.06,2185100
2015/7/9,207.13,207.55,204.44,204.81,2256200
2015/7/10,207.72,207.98,206.18,207.19,1840600
2015/7/13,209.44,210.31,208.65,210.12,2041700
2015/7/14,210.01,212.76,209.70,212.16,2090700
2015/7/15,213.54,213.61,211.43,212.96,2536700
2015/7/16,211.39,214.14,209.32,211.18,4405200
2015/7/17,210.76,212.80,209.79,212.46,2849000
2015/7/20,212.68,214.00,211.21,212.39,2175400
2015/7/21,211.98,212.80,210.75,211.50,1985300
2015/7/22,211.80,213.72,211.75,213.25,2301300
2015/7/23,213.66,214.61,210.70,211.05,2192700
2015/7/24,211.45,211.45,206.90,207.35,2453900
2015/7/27,205.45,205.84,203.50,205.02,2910500
2015/7/28,207.14,207.18,204.60,206.24,2018100
2015/7/29,206.57,208.13,205.67,206.84,1987300
2015/7/30,206.03,207.35,205.10,207.20,1342900
2015/7/31,207.40,207.47,204.90,205.07,1644000
2015/8/3,205.75,205.95,202.84,204.69,2075500
2015/8/4,205.01,207.15,204.80,205.17,1451500
2015/8/5,206.94,207.78,204.93,205.70,1535500
2015/8/6,206.00,206.70,204.30,205.09,1485800
2015/8/7,205.30,206.64,202.32,203.44,1691100
2015/8/10,204.59,206.57,204.34,205.97,1640300
2015/8/11,203.50,203.92,200.66,201.70,2554000
2015/8/12,199.90,201.55,196.58,201.13,2771900
2015/8/13,200.72,201.95,199.58,200.74,3353600
2015/8/14,200.83,202.55,200.74,202.02,3567100
2015/8/17,201.01,202.86,199.78,202.57,1600700
2015/8/18,202.12,203.10,201.18,201.18,1665400
2015/8/19,200.02,202.75,199.14,200.95,2721400
2015/8/20,198.43,199.22,196.75,196.75,3140000
2015/8/21,193.66,194.60,187.58,187.74,5406200
2015/8/24,178.46,186.89,172.10,179.46,7183600
2015/8/25,185.89,187.33,177.71,178.22,7204800
2015/8/26,183.04,185.06,179.11,184.40,5561800
2015/8/27,186.81,189.86,185.43,189.21,3798500
2015/8/28,187.59,188.85,186.26,187.75,2413100
2015/8/31,187.69,190.25,187.18,188.60,2858000
2015/9/1,184.24,186.47,181.08,182.12,5494500
2015/9/2,184.87,185.82,182.51,184.51,3043800
2015/9/3,185.00,187.89,184.28,185.06,2902200
2015/9/4,182.26,182.83,179.13,180.38,4295600
2015/9/7,182.26,182.83,179.13,180.38,4295600
2015/9/8,183.91,186.31,183.65,185.88,3060100
2015/9/9,189.55,191.75,185.26,185.68,4756800
2015/9/10,185.45,187.82,184.77,185.91,3042600
2015/9/11,185.43,185.82,183.32,185.27,2536800
2015/9/14,185.60,185.86,183.30,183.94,2746000
2015/9/15,184.78,188.02,184.19,187.45,3092800
2015/9/16,187.96,189.30,186.59,188.64,2717800
2015/9/17,188.45,190.57,186.00,186.45,3712600
2015/9/18,183.20,183.38,180.55,180.94,6529900
2015/9/21,183.30,184.41,181.70,183.35,2947200
2015/9/22,180.89,181.00,178.01,179.72,4166900
2015/9/23,179.81,180.19,177.75,179.41,2732600
2015/9/24,177.66,177.98,174.82,176.91,3910000
2015/9/25,179.20,181.11,178.16,179.83,3026500
2015/9/28,178.46,178.46,172.75,173.02,3898500
2015/9/29,173.01,173.30,167.49,171.86,4419100
2015/9/30,174.58,175.08,172.16,173.76,2931500
2015/10/1,174.40,176.17,173.04,176.02,3613000
2015/10/2,172.14,177.10,169.87,177.01,4469900
2015/10/5,178.23,181.06,177.83,180.70,3411900
2015/10/6,180.20,181.28,179.47,180.32,1859100
2015/10/7,181.80,183.79,180.54,182.23,2572200
2015/10/8,181.18,182.47,179.75,181.07,3253400
2015/10/9,180.96,182.29,178.21,179.19,3334900
2015/10/12,180.80,181.20,179.01,180.23,3059800
2015/10/13,179.57,183.14,179.50,180.97,2918800
2015/10/14,180.73,182.22,179.14,179.51,3252000
2015/10/15,176.73,185.75,175.76,184.96,5720100
2015/10/16,185.12,186.65,183.63,185.18,2977500
2015/10/19,183.48,186.50,183.15,185.74,2665700
2015/10/20,185.20,185.97,183.90,185.51,2736200
2015/10/21,186.22,186.22,179.55,179.70,3613800
2015/10/22,180.23,184.19,180.20,183.56,2609600
2015/10/23,185.16,186.36,184.43,185.50,2935700
2015/10/26,187.10,188.00,186.62,187.01,2573700
2015/10/27,186.00,186.83,184.50,186.31,1932300
2015/10/28,186.71,191.48,186.17,191.32,3231900
2015/10/29,191.00,191.96,189.33,189.89,3068100
2015/10/30,189.76,190.09,187.24,187.50,2791600
2015/11/2,188.32,190.43,187.68,189.68,2531500
2015/11/3,189.25,191.87,189.05,190.69,2443200
2015/11/4,191.00,192.89,190.31,191.65,2174300
2015/11/5,192.54,193.28,191.00,192.02,2186300
2015/11/6,196.00,199.47,195.90,199.17,4270800
2015/11/9,199.04,199.90,196.32,196.76,2604400
2015/11/10,196.58,198.22,195.28,197.81,2149900
2015/11/11,198.29,198.93,196.73,197.39,1637500
2015/11/12,196.19,196.19,192.26,192.77,3166900
2015/11/13,192.63,193.38,190.06,190.39,2484000
2015/11/16,189.99,192.16,188.01,192.16,4626600
2015/11/17,192.67,193.00,190.32,190.57,1783800
2015/11/18,191.05,194.05,191.01,193.66,2509200
2015/11/19,193.82,194.21,191.67,193.03,1835800
2015/11/20,193.00,193.49,191.11,191.47,2932100
2015/11/23,191.30,191.49,188.52,189.19,2671700
2015/11/24,188.02,189.80,186.56,188.67,2679400
2015/11/25,188.99,189.77,188.15,189.15,1495600
2015/11/26,188.99,189.77,188.15,189.15,1495600
2015/11/27,189.16,191.19,188.85,190.47,1092700
2015/11/30,190.50,191.08,189.24,190.02,3415000
2015/12/1,191.22,193.15,190.01,193.07,4140900
2015/12/2,193.30,193.84,189.80,190.26,1817200
2015/12/3,190.66,191.65,184.73,185.20,3599000
2015/12/4,185.61,190.62,184.75,189.99,3517200
2015/12/7,190.00,190.12,185.00,185.49,3499900
2015/12/8,183.92,184.47,181.84,182.92,2663800
2015/12/9,182.02,184.85,179.83,180.71,3907500
2015/12/10,180.99,183.93,180.31,182.11,2212300
2015/12/11,179.68,180.15,175.47,176.56,3750100
2015/12/14,176.67,178.63,172.90,176.40,5102400
2015/12/15,178.98,183.28,178.85,182.01,3398700
2015/12/16,184.01,186.88,181.68,186.21,3191700
2015/12/17,186.88,187.89,182.61,182.61,2807900
2015/12/18,181.20,181.90,175.39,175.49,6740800
2015/12/21,177.50,178.15,175.83,177.75,2472900
2015/12/22,178.90,180.69,177.05,180.05,2312800
2015/12/23,180.70,183.00,180.46,182.95,2367900
2015/12/24,182.27,183.17,182.02,182.47,1107600
2015/12/25,182.27,183.17,182.02,182.47,1107600
2015/12/28,181.77,181.93,179.84,181.62,1723300
2015/12/29,182.82,184.18,182.50,183.53,1848900
2015/12/30,183.28,183.53,181.84,182.01,1514300
2015/12/31,181.16,182.89,180.03,180.23,1773900
2016/1/1,181.16,182.89,180.03,180.23,1773900
2016/1/4,175.79,177.19,173.76,177.14,3745500
2016/1/5,176.71,177.50,172.92,174.09,4521600
2016/1/6,171.31,172.02,169.10,169.84,5539400
2016/1/7,166.67,169.50,163.60,164.62,5687900
2016/1/8,166.75,168.42,163.63,163.94,4929800
2016/1/11,165.00,166.46,163.34,165.73,4386500
2016/1/12,166.89,168.18,163.30,165.71,4441300
2016/1/13,166.46,167.10,157.92,158.99,5252500
2016/1/14,160.30,162.51,156.76,161.39,4272500
2016/1/15,156.70,157.99,153.81,155.61,6237200
2016/1/18,156.70,157.99,153.81,155.61,6237200
2016/1/19,157.56,158.76,155.28,156.82,5860600
2016/1/20,154.10,158.37,151.65,153.75,9369100
2016/1/21,153.97,155.16,151.49,151.65,5738800
2016/1/22,154.58,156.99,153.86,156.86,5583800
2016/1/25,156.40,156.53,151.12,151.12,5051700
2016/1/26,151.12,156.10,151.12,154.45,5237700
2016/1/27,153.59,158.43,153.19,153.72,5153100
2016/1/28,155.01,158.05,152.53,157.06,4292900
2016/1/29,158.64,161.59,157.78,161.56,4887900
2016/2/1,160.41,161.00,158.45,159.65,2963500
2016/2/2,157.00,157.00,150.16,151.70,6316200
2016/2/3,152.50,153.84,147.01,152.68,5893200
2016/2/4,152.30,157.95,152.01,156.49,4573100
2016/2/5,157.57,159.70,155.69,156.47,4596100
2016/2/8,153.83,153.83,145.25,149.25,8680000
2016/2/9,145.52,149.95,145.10,148.25,6919400
2016/2/10,150.00,153.38,147.21,147.23,7609600
2016/2/11,143.41,144.41,139.05,140.69,10252200
2016/2/12,143.75,146.51,143.70,146.13,9009300
2016/2/15,143.75,146.51,143.70,146.13,9009300
2016/2/16,149.60,150.48,147.45,149.02,10198000
2016/2/17,150.80,151.87,150.31,150.94,5578800
2016/2/18,151.25,152.00,147.37,147.73,5895500
2016/2/19,147.00,147.73,145.43,146.91,5257300
2016/2/22,149.20,149.99,148.23,148.79,4287900
2016/2/23,148.00,148.05,144.05,144.91,4249600
2016/2/24,143.08,145.64,140.26,145.56,5714700
2016/2/25,146.00,149.07,145.23,148.25,4299600
2016/2/26,149.72,151.97,149.01,150.25,5924500
2016/2/29,149.75,150.29,148.32,149.53,5506400
2016/3/1,150.95,154.77,150.68,154.65,6490400
2016/3/2,154.75,155.41,153.45,154.20,5047500
2016/3/3,154.00,155.66,153.36,155.33,3615800
2016/3/4,156.37,158.85,155.29,156.84,5256700
2016/3/7,156.00,156.37,154.41,155.35,2771900
2016/3/8,154.00,154.23,151.50,151.60,3830400
2016/3/9,152.11,152.50,149.18,149.91,3250900
2016/3/10,150.41,153.60,148.84,151.02,4631800
2016/3/11,153.28,154.16,152.37,153.94,4058700
2016/3/14,153.66,154.45,152.13,153.49,3317900
2016/3/15,152.65,152.74,150.90,152.03,3731400
2016/3/16,150.92,152.85,149.71,150.54,4310300
2016/3/17,150.39,153.98,148.75,152.91,4431700
2016/3/18,153.91,158.18,153.87,157.60,7413200
2016/3/21,157.24,158.90,155.75,156.29,4410200
2016/3/22,155.50,155.59,153.36,154.20,3521500
2016/3/23,154.25,155.55,153.59,154.08,3633400
2016/3/24,152.40,153.04,150.13,153.00,3693400
2016/3/25,152.40,153.04,150.13,153.00,3693400
2016/3/28,153.14,154.64,152.38,153.84,2308600
2016/3/29,152.87,155.35,151.50,155.03,2919500
2016/3/30,156.13,158.02,154.89,156.50,3130600
2016/3/31,156.18,157.48,156.06,156.98,2927300
2016/4/1,156.46,160.01,155.09,159.82,3373400
2016/4/4,159.97,160.00,157.39,157.77,2478100
2016/4/5,156.44,156.53,154.55,155.35,2822700
2016/4/6,155.26,156.27,153.92,155.19,2927400
2016/4/7,153.65,154.03,149.37,150.41,4786800
2016/4/8,152.07,152.87,150.01,150.28,3122200
2016/4/11,151.18,153.90,150.41,152.20,3464300
2016/4/12,152.67,155.09,151.30,154.31,2732900
2016/4/13,156.53,159.99,156.38,159.85,5151100
2016/4/14,159.53,162.27,159.15,160.91,3067100
2016/4/15,161.23,161.78,158.20,158.52,3467900
2016/4/18,157.61,160.00,157.15,159.02,3031500
2016/4/19,157.75,163.70,157.00,162.65,5832200
2016/4/20,162.00,167.45,161.94,166.98,4802200
2016/4/21,166.55,168.90,165.01,165.32,4165100
2016/4/22,165.79,167.49,165.66,166.75,2680300
2016/4/25,166.00,167.39,164.06,165.09,2473000
2016/4/26,165.38,166.00,164.22,165.84,2251600
2016/4/27,165.83,168.66,164.93,166.92,3323600
2016/4/28,165.35,167.32,164.01,164.29,2528000
2016/4/29,163.80,164.68,162.56,164.11,2890800
2016/5/2,165.08,167.19,163.99,166.18,1998400
2016/5/3,163.66,164.11,161.37,163.14,2777000
2016/5/4,161.20,162.60,159.09,160.07,3203900
2016/5/5,160.78,160.82,158.50,159.53,2366200
2016/5/6,158.19,160.17,157.01,158.85,2307000
2016/5/9,158.20,159.85,156.79,157.51,2097900
2016/5/10,158.67,161.50,158.39,161.42,2379600
2016/5/11,161.36,162.53,159.28,159.42,2096900
2016/5/12,160.32,161.47,157.31,158.07,2448100
2016/5/13,157.88,159.72,155.26,155.34,2550100
2016/5/16,155.34,156.90,154.60,155.38,3177700
2016/5/17,154.74,157.11,153.77,154.65,2701500
2016/5/18,154.81,160.00,154.65,159.94,3653300
2016/5/19,158.68,159.95,154.52,154.70,4712000
2016/5/20,155.76,156.41,153.92,154.51,3247800
2016/5/23,154.44,156.09,153.74,155.45,2767600
2016/5/24,156.67,158.55,156.44,157.59,3038800
2016/5/25,158.06,162.29,158.03,161.25,3259900
2016/5/26,161.16,161.33,159.17,159.22,2576100
2016/5/27,158.70,160.40,158.32,159.53,2157000
2016/5/30,158.70,160.40,158.32,159.53,2157000
2016/5/31,160.40,161.65,158.55,159.48,2916100
2016/6/1,157.90,160.55,156.00,159.97,2581600
2016/6/2,160.14,160.33,158.46,159.28,2257100
2016/6/3,155.86,156.54,153.86,155.67,4329300
2016/6/6,156.25,157.91,155.77,157.06,2540400
2016/6/7,157.20,157.47,155.17,155.17,2489700
2016/6/8,155.20,156.58,153.91,154.64,2426800
2016/6/9,153.79,154.29,152.46,153.17,2711700
2016/6/10,151.35,151.66,149.57,149.89,4335700
2016/6/13,149.00,151.32,148.59,148.63,3385800
2016/6/14,148.22,149.05,145.45,146.19,5069600
2016/6/15,147.16,148.70,145.90,146.16,2981400
2016/6/16,145.00,146.99,143.53,146.63,3499200
2016/6/17,146.63,148.23,145.46,145.64,4296500
2016/6/20,148.50,150.50,147.58,147.75,3338900
2016/6/21,148.50,148.83,147.12,148.35,2424600
2016/6/22,148.01,150.12,147.99,148.14,2487600
2016/6/23,150.56,152.80,150.14,152.66,2940500
2016/6/24,143.03,146.42,140.92,141.86,9442200
2016/6/27,140.07,141.23,138.20,139.51,7381000
2016/6/28,142.21,142.62,139.82,142.41,5041500
2016/6/29,143.60,145.55,142.93,145.50,3804100
2016/6/30,146.67,148.88,145.37,148.58,4528600
2016/7/1,148.49,150.70,148.07,148.25,3096800
2016/7/4,148.49,150.70,148.07,148.25,3096800
2016/7/5,146.72,146.94,143.33,144.45,3943000
2016/7/6,142.94,145.94,142.62,145.58,2941800
2016/7/7,146.00,148.09,145.36,147.00,2578300
2016/7/8,149.36,150.92,148.31,150.38,3281400
2016/7/11,151.49,152.98,151.38,152.19,3041600
2016/7/12,154.00,157.25,153.92,156.92,5110800
2016/7/13,157.00,158.27,156.15,157.92,4276400
2016/7/14,160.29,163.24,160.01,162.54,5087700
2016/7/15,162.86,163.14,160.70,161.64,3078400
2016/7/18,162.36,164.09,162.01,163.33,4734500
2016/7/19,162.02,164.08,160.73,161.41,5399700
2016/7/20,162.55,162.89,159.22,161.77,3547800
2016/7/21,161.71,161.90,159.77,160.05,2855500
2016/7/22,160.29,160.73,159.86,160.41,1811700
2016/7/25,159.64,161.33,159.61,160.51,1956100
2016/7/26,160.68,161.50,159.42,161.16,2150100
2016/7/27,161.20,162.17,160.41,160.99,2317200
2016/7/28,160.18,160.96,158.84,160.53,2047400
2016/7/29,159.51,160.19,158.65,158.81,2388200
2016/8/1,158.81,159.92,157.93,158.18,2316300
2016/8/2,157.65,158.46,155.37,156.06,3182800
2016/8/3,156.45,158.95,156.18,158.34,2284700
2016/8/4,158.22,158.90,157.41,158.05,2005700
2016/8/5,159.75,162.13,159.20,162.09,2676100
2016/8/8,162.10,163.98,162.01,162.83,2266600
2016/8/9,162.50,164.58,162.50,163.44,1957400
2016/8/10,163.45,163.60,162.01,162.19,1656100
2016/8/11,162.20,164.25,161.93,163.86,1827700
2016/8/12,162.67,163.37,162.07,163.25,1440800
2016/8/15,163.87,165.84,163.80,165.55,2222200
2016/8/16,164.99,166.76,164.72,165.65,2523800
2016/8/17,165.94,166.32,164.74,165.67,2061700
2016/8/18,165.34,166.56,164.63,166.06,1750500
2016/8/19,165.36,166.90,164.50,166.23,1840900
2016/8/22,166.00,166.91,164.89,166.26,1448100
2016/8/23,167.00,167.85,165.98,166.08,1965500
2016/8/24,165.78,166.70,164.85,165.30,2035300
2016/8/25,165.08,166.04,164.61,165.90,1441400
2016/8/26,166.76,168.07,165.36,165.97,2402200
2016/8/29,166.60,167.86,166.15,166.87,2620900
2016/8/30,166.22,169.51,166.22,169.37,2934100
2016/8/31,169.25,170.24,167.47,169.46,3688200
2016/9/1,170.00,170.07,166.66,168.51,2843300
2016/9/2,168.52,169.74,167.90,169.18,1747500
2016/9/5,168.52,169.74,167.90,169.18,1747500
2016/9/6,168.72,169.79,167.47,169.33,2034900
2016/9/7,168.70,170.21,168.65,169.67,1584300
2016/9/8,169.35,171.88,168.71,171.66,3031600
2016/9/9,170.83,172.42,168.51,168.57,3411800
2016/9/12,167.01,171.67,166.23,171.06,2647900
2016/9/13,168.54,169.97,166.38,167.00,2788200
2016/9/14,167.00,167.86,165.59,166.16,1995900
2016/9/15,165.78,168.76,165.76,168.08,1645200
2016/9/16,167.85,168.05,165.61,166.00,4534900
2016/9/19,167.34,168.31,165.68,166.21,2030700
2016/9/20,167.68,168.28,166.39,166.47,1532900
2016/9/21,167.42,168.28,165.93,167.03,2333600
2016/9/22,168.45,169.33,167.70,168.02,2467700
2016/9/23,167.75,168.10,165.05,165.13,3421200
2016/9/26,163.83,163.97,161.00,161.48,2772200
2016/9/27,160.72,163.45,159.82,162.89,2602700
2016/9/28,163.34,163.79,161.68,163.45,1678100
2016/9/29,163.38,163.96,157.77,158.95,3733800
2016/9/30,159.95,162.41,157.80,161.27,4497200
2016/10/3,160.50,161.72,160.25,161.07,2444700
2016/10/4,161.24,164.15,161.23,162.27,2469900
2016/10/5,163.32,166.57,163.01,166.40,2548200
2016/10/6,167.18,167.29,164.82,167.15,2858000
2016/10/7,167.50,169.98,166.24,169.83,3390200
2016/10/10,170.52,171.75,170.10,171.04,2532000
2016/10/11,169.84,170.87,167.91,169.04,2680000
2016/10/12,169.04,169.99,168.30,169.30,2404000
2016/10/13,167.60,167.63,165.51,167.42,2713700
2016/10/14,171.60,172.95,169.11,170.52,5282300
2016/10/17,170.50,171.27,168.45,169.00,3061400
2016/10/18,172.01,173.47,171.10,172.63,4482500
2016/10/19,173.37,175.68,173.18,174.51,3676000
2016/10/20,174.00,175.79,173.80,174.51,2471100
2016/10/21,172.84,174.90,172.51,174.67,2004400
2016/10/24,175.50,175.79,174.35,175.12,1943200
2016/10/25,175.04,175.96,174.64,175.55,2423300
2016/10/26,174.79,177.90,173.93,177.07,2533800
2016/10/27,178.19,178.85,176.57,177.75,3021900
2016/10/28,178.51,178.51,175.46,177.14,2042800
2016/10/31,177.68,178.50,177.23,178.24,1828200
2016/11/1,179.00,179.18,176.61,178.06,2900600
2016/11/2,177.07,177.50,176.07,176.58,2104800
2016/11/3,176.77,177.97,176.21,176.21,1972700
2016/11/4,176.33,177.34,174.73,175.92,1846500
2016/11/7,179.00,181.50,179.00,181.48,3338800
2016/11/8,180.11,182.68,178.46,181.92,2646200
2016/11/9,185.00,193.54,183.45,192.63,7823800
2016/11/10,194.53,204.67,194.00,200.87,11345400
2016/11/11,198.25,205.00,198.25,203.94,6290200
2016/11/14,204.15,211.77,204.15,209.18,8248100
2016/11/15,206.56,211.20,205.17,211.19,4893800
2016/11/16,207.35,208.08,204.83,206.26,5276200
2016/11/17,206.26,209.69,205.67,209.63,3572400
2016/11/18,209.87,212.07,209.72,210.35,4278200
2016/11/21,211.46,211.69,209.18,211.08,2860200
2016/11/22,211.36,211.95,209.89,211.11,2945700
2016/11/23,211.50,213.41,209.37,212.31,3717400
2016/11/24,211.50,213.41,209.37,212.31,3717400
2016/11/25,211.36,212.75,211.00,211.38,1974000
2016/11/28,210.00,211.76,209.60,210.35,3297400
2016/11/29,209.99,212.92,209.92,211.75,2577600
2016/11/30,215.20,220.77,214.97,219.29,6507900
2016/12/1,220.93,227.16,220.35,226.63,7606500
2016/12/2,226.00,226.25,221.22,223.36,5297400
2016/12/5,225.52,229.20,225.24,228.55,4599300
2016/12/6,230.18,232.67,227.90,231.38,5259300
2016/12/7,230.40,236.09,230.40,235.56,6595200
2016/12/8,236.88,242.42,236.00,241.45,7343700
2016/12/9,240.61,242.00,238.88,241.85,5456000
2016/12/12,240.50,242.83,236.37,237.17,5022000
2016/12/13,239.00,240.18,235.51,238.55,4680500
2016/12/14,235.67,243.12,235.37,239.93,6172400
2016/12/15,242.49,245.57,241.62,243.00,4829700
2016/12/16,242.80,243.19,238.40,238.90,6876400
2016/12/19,238.34,239.74,236.26,239.07,3743300
2016/12/20,240.52,243.65,240.23,243.09,4487700
2016/12/21,242.24,242.40,240.08,241.44,3277800
2016/12/22,241.23,242.86,239.55,240.12,2636500
2016/12/23,239.54,241.90,238.91,240.97,2187500
2016/12/26,239.54,241.90,238.91,240.97,2187500
2016/12/27,241.95,242.59,240.40,241.56,1998200
2016/12/28,243.69,244.50,240.44,240.65,3053000
2016/12/29,240.75,241.07,236.64,238.18,2619000
2016/12/30,238.51,240.50,237.40,239.45,2355500
2017/1/2,238.51,240.50,237.40,239.45,2355500
2017/1/3,242.70,244.97,237.97,241.57,4384200
2017/1/4,241.44,243.32,240.03,243.13,2728700
2017/1/5,242.72,243.23,236.78,241.32,3562600
2017/1/6,242.29,246.20,241.37,244.90,3591100
2017/1/9,243.25,244.69,241.47,242.89,3022800
2017/1/10,240.87,243.44,239.05,242.57,3432900
2017/1/11,242.77,245.84,242.00,245.76,3532600
2017/1/12,245.06,245.47,241.57,243.84,4022300
2017/1/13,245.43,247.77,242.91,244.30,4186100
2017/1/16,245.43,247.77,242.91,244.30,4186100
2017/1/17,242.94,243.06,235.61,235.74,6277200
2017/1/18,236.00,237.69,231.52,234.29,7590500
2017/1/19,234.07,234.75,230.62,231.41,4561800
2017/1/20,231.62,233.23,230.54,232.20,5211800
2017/1/23,231.86,233.75,230.75,232.67,3136200
2017/1/24,231.86,236.06,230.84,233.68,4448200
2017/1/25,235.53,237.33,234.49,237.25,3716800
2017/1/26,237.47,240.79,237.47,239.58,4195600
2017/1/27,236.90,237.97,236.01,236.95,3253100
2017/1/30,235.58,236.29,231.52,233.90,3803300
2017/1/31,232.85,234.35,228.16,229.32,5156400
2017/2/1,230.51,232.86,229.52,230.67,4024500
2017/2/2,228.51,232.33,227.05,230.41,2775700
2017/2/3,234.52,241.11,234.20,240.95,7381000
2017/2/6,239.60,243.65,239.17,239.98,4639200
2017/2/7,241.15,241.44,239.39,239.62,2660200
2017/2/8,238.30,238.94,236.31,237.73,2744700
2017/2/9,237.73,243.29,237.42,241.55,3550800
2017/2/10,243.37,244.16,241.23,242.72,3072800
2017/2/13,244.49,247.48,244.49,246.27,2998200
2017/2/14,246.01,250.00,245.69,249.46,4141500
2017/2/15,250.58,251.95,248.51,250.54,4296600
2017/2/16,250.30,250.78,248.44,249.44,2286300
2017/2/17,247.51,250.56,247.11,250.38,3262300
2017/2/20,247.51,250.56,247.11,250.38,3262300
2017/2/21,251.00,252.65,250.71,251.76,2794900
2017/2/22,250.06,252.35,250.00,251.73,2378800
2017/2/23,251.31,251.90,249.32,251.19,2594700
2017/2/24,247.70,248.88,246.10,247.35,3565400
2017/2/27,247.21,249.76,246.61,249.33,2372600
2017/2/28,248.00,249.00,245.61,248.06,3627100
2017/3/1,253.71,255.15,251.26,252.71,5218300
2017/3/2,253.52,254.24,250.97,251.06,3020000
2017/3/3,251.06,254.75,251.06,252.89,3163700
2017/3/6,252.17,252.73,250.50,252.01,2467000
2017/3/7,252.49,253.00,250.31,250.90,2497300
2017/3/8,253.62,254.77,249.61,250.24,3574400
2017/3/9,251.22,252.74,249.52,250.18,3061500
2017/3/10,251.84,251.90,246.87,248.38,3365900
2017/3/13,249.32,249.32,247.21,248.16,1801100
2017/3/14,246.81,247.83,245.41,247.72,2144200
2017/3/15,248.35,250.28,245.56,246.78,3427000
2017/3/16,247.85,250.20,247.31,248.22,2940600
2017/3/17,249.68,249.68,243.86,243.94,5438100
2017/3/20,243.32,244.93,241.52,242.14,2759100
2017/3/21,243.31,243.31,232.79,233.00,5660900
2017/3/22,231.22,232.92,229.16,231.07,6291300
2017/3/23,230.75,234.63,229.95,231.90,4770700
2017/3/24,233.00,233.70,226.97,228.41,6387300
2017/3/27,223.30,227.07,220.85,225.48,9194800
2017/3/28,225.58,229.75,225.10,229.33,4471200
2017/3/29,229.39,229.97,227.52,228.45,2636000
2017/3/30,229.48,232.00,229.38,231.22,3156800
2017/3/31,230.53,230.80,228.73,229.72,2858400
2017/4/3,230.00,230.10,225.57,228.96,3735600
2017/4/4,227.72,230.69,227.28,229.26,3042700
2017/4/5,232.15,232.89,227.31,227.66,5286900
2017/4/6,227.09,230.12,225.71,228.64,2927200
2017/4/7,226.60,228.83,226.23,227.88,2853300
2017/4/10,228.00,229.79,226.95,228.89,2653900
2017/4/11,227.78,229.40,225.39,227.74,3374700
2017/4/12,227.65,228.25,225.23,225.75,2947500
2017/4/13,225.18,228.17,223.08,223.32,3653700
2017/4/14,225.18,228.17,223.08,223.32,3653700
2017/4/17,223.90,226.88,223.02,226.26,4190900
2017/4/18,219.32,219.89,213.18,215.59,12464000
2017/4/19,215.87,217.18,213.61,214.09,6428800
2017/4/20,215.50,218.98,215.00,218.06,5168200
2017/4/21,218.55,219.18,216.38,216.86,3845700
2017/4/24,221.18,224.81,220.30,223.22,5353500
2017/4/25,226.20,227.98,225.15,226.63,3996900
2017/4/26,227.10,229.36,226.09,226.20,3765300
2017/4/27,226.70,226.70,223.52,225.81,2805800
2017/4/28,225.31,226.77,223.72,223.80,2936600
2017/5/1,224.90,226.39,220.93,224.85,3004800
2017/5/2,224.86,225.84,223.18,225.12,2602400
2017/5/3,224.45,226.69,224.32,226.31,3042200
2017/5/4,228.26,228.89,224.81,226.59,2935400
2017/5/5,226.88,227.47,225.30,226.87,2435800
2017/5/8,226.75,227.34,224.60,225.03,2316800
2017/5/9,225.47,226.57,222.93,223.76,2145400
2017/5/10,223.46,225.35,223.06,224.88,2630400
2017/5/11,224.35,225.09,222.15,224.76,2440300
2017/5/12,223.49,224.49,222.48,222.82,2166100
2017/5/15,223.13,226.57,222.85,225.12,2468100
2017/5/16,225.44,226.82,224.41,225.60,1710700
2017/5/17,225.60,225.60,213.12,213.72,7525700
2017/5/18,214.00,217.61,213.86,215.16,4792400
2017/5/19,214.87,217.80,214.00,215.39,3747100
2017/5/22,217.37,217.64,215.40,216.02,2506100
2017/5/23,215.97,220.79,214.66,219.64,3308800
2017/5/24,220.00,224.40,219.45,223.83,4141600
2017/5/25,224.41,225.45,222.30,222.47,2640000
2017/5/26,222.01,224.23,221.18,223.53,1787100
2017/5/29,222.01,224.23,221.18,223.53,1787100
2017/5/30,221.83,222.44,218.01,218.42,3097800
2017/5/31,218.24,218.30,209.62,211.26,8312000
2017/6/1,212.61,215.93,210.79,215.01,4057900
2017/6/2,212.94,215.21,211.91,213.31,3692000
2017/6/5,213.08,215.81,212.68,213.99,2696600
2017/6/6,212.51,216.02,212.48,214.53,2891300
2017/6/7,215.37,217.23,214.31,215.78,2679400
2017/6/8,215.78,221.00,214.63,218.76,3765600
2017/6/9,220.83,223.85,219.75,222.44,4455400
2017/6/12,223.63,225.23,221.91,221.91,3388200
2017/6/13,223.35,226.80,222.77,224.20,2767800
2017/6/14,222.99,226.94,221.76,226.51,3652900
2017/6/15,224.81,226.35,222.80,223.23,3378900
2017/6/16,222.65,223.67,221.13,221.81,3758300
2017/6/19,223.43,227.04,223.11,226.13,2900900
2017/6/20,225.51,226.54,224.19,225.10,2264200
2017/6/21,224.54,224.93,221.93,222.49,3015300
2017/6/22,221.44,221.90,219.29,219.77,3344600
2017/6/23,220.50,220.69,216.46,217.19,4448700
2017/6/26,218.26,221.97,217.70,220.44,2589500
2017/6/27,221.84,222.41,219.56,220.28,2899400
2017/6/28,221.87,224.63,220.75,223.22,3482800
2017/6/29,228.37,228.79,223.03,224.41,5063400
2017/6/30,225.31,226.05,221.54,221.90,3154300
2017/7/3,224.46,229.07,223.42,227.28,2846600
2017/7/4,224.46,229.07,223.42,227.28,2846600
2017/7/5,228.38,228.92,225.21,228.04,2772000
2017/7/6,227.97,230.06,225.25,226.69,3076600
2017/7/7,228.23,228.49,224.42,225.28,2697600
2017/7/10,224.27,227.34,223.96,225.84,2357500
2017/7/11,226.04,227.95,224.67,226.95,2742900
2017/7/12,226.40,229.02,226.07,227.39,2567300
2017/7/13,227.39,230.64,226.95,230.40,2852600
2017/7/14,227.22,229.61,225.10,228.60,3703600
2017/7/17,228.73,229.64,227.21,229.26,2551800
2017/7/18,227.50,230.36,222.76,223.31,6400700
2017/7/19,222.91,224.20,221.67,222.87,4884600
2017/7/20,223.00,224.76,221.61,222.30,3497800
2017/7/21,221.89,222.31,219.09,220.18,3446600
2017/7/24,218.94,219.73,218.00,218.18,3123100
2017/7/25,220.34,222.87,220.18,221.58,3509500
2017/7/26,222.45,223.74,221.87,222.25,2792500
2017/7/27,221.84,222.71,220.43,221.48,2812500
2017/7/28,221.77,223.67,220.86,223.61,2483200
2017/7/31,223.95,225.50,223.05,225.33,1994900
2017/8/1,227.09,228.62,226.73,227.00,2986800
2017/8/2,226.40,227.73,225.57,226.27,1863300
2017/8/3,226.00,226.74,223.97,223.99,2106400
2017/8/4,226.05,229.79,225.06,229.79,3400300
2017/8/7,229.80,233.13,229.29,232.92,3809800
2017/8/8,232.40,235.83,231.70,232.05,3322500
2017/8/9,230.32,231.49,229.06,231.01,2571100
2017/8/10,229.02,229.45,225.47,225.50,3325500
2017/8/11,225.07,226.68,222.65,224.15,2956600
2017/8/14,226.37,229.83,226.30,227.36,2266100
2017/8/15,229.57,230.61,227.50,227.59,1867000
2017/8/16,228.26,229.01,225.00,225.61,2393900
2017/8/17,224.38,225.98,221.11,221.42,3460300
2017/8/18,220.79,224.09,220.55,222.15,3149300
2017/8/21,222.40,222.40,219.21,220.79,2203300
2017/8/22,221.86,223.78,221.33,223.58,2021300
2017/8/23,221.90,224.81,221.33,222.74,2568000
2017/8/24,223.77,224.57,222.59,222.99,2263000
2017/8/25,223.64,224.95,222.13,222.47,2232500
2017/8/28,222.91,223.09,218.86,220.35,2641600
2017/8/29,217.27,220.13,215.75,219.96,2369100
2017/8/30,220.25,224.22,220.09,222.42,2411400
2017/8/31,223.25,224.49,222.58,223.74,2240600
2017/9/1,224.55,227.56,223.53,225.88,2346900
2017/9/4,224.55,227.56,223.53,225.88,2346900
2017/9/5,223.85,224.00,217.30,217.78,5646200
2017/9/6,218.98,221.02,217.61,218.83,3613600
2017/9/7,218.73,218.81,214.64,215.84,3594600
2017/9/8,215.51,219.28,215.40,217.21,3120900
2017/9/11,220.07,221.89,218.99,221.06,2971500
2017/9/12,222.54,227.69,222.02,225.95,3745800
2017/9/13,225.25,227.14,224.72,226.56,2383500
2017/9/14,226.10,228.10,226.05,226.85,1986600
2017/9/15,227.15,227.21,223.82,225.22,4365800
2017/9/18,226.30,229.00,225.66,227.53,2466800
2017/9/19,228.01,230.14,227.33,228.91,1858000
2017/9/20,229.50,231.65,228.50,229.79,2682300
2017/9/21,229.89,232.10,229.40,231.29,1800800
2017/9/22,230.64,231.49,228.88,231.03,1861800
2017/9/25,230.77,231.86,228.36,230.26,2261800
2017/9/26,230.86,231.44,229.03,229.94,1770000
2017/9/27,234.07,235.60,232.91,234.76,3072100
2017/9/28,235.00,236.20,233.50,235.47,2121800
2017/9/29,235.01,237.60,234.57,237.19,1902300
2017/10/2,237.20,241.10,237.10,240.65,2501300
2017/10/3,241.07,242.71,239.69,241.62,2010800
2017/10/4,241.62,242.88,240.12,240.31,1840400
2017/10/5,241.00,246.32,240.12,246.06,3521300
2017/10/6,246.30,247.08,244.61,246.02,2396100
2017/10/9,245.15,246.35,242.02,242.80,2165200
2017/10/10,242.80,243.73,241.70,242.60,2187100
2017/10/11,242.00,243.20,241.35,242.40,2175700
2017/10/12,242.33,243.42,238.75,239.80,2148200
2017/10/13,239.00,239.45,236.84,238.53,2491000
2017/10/16,238.60,242.76,238.35,242.41,2969200
2017/10/17,244.44,244.89,235.19,236.09,7088400
2017/10/18,236.87,242.65,236.87,242.03,4235900
2017/10/19,240.35,240.99,238.10,239.99,2710900
2017/10/20,242.95,245.25,240.67,244.73,3022800
2017/10/23,244.39,245.33,241.38,242.13,1963300
2017/10/24,243.60,246.25,243.00,244.84,2285300
2017/10/25,246.16,246.50,240.80,241.71,2904300
2017/10/26,242.61,244.00,241.53,241.72,1948800
2017/10/27,240.85,242.44,239.67,241.71,2111500
2017/10/30,240.10,242.59,239.53,240.89,1764400
2017/10/31,240.68,244.18,240.63,242.48,2658700
2017/11/1,243.89,247.40,242.91,244.26,2969600
2017/11/2,244.69,247.74,243.38,246.88,2509100
2017/11/3,245.37,246.28,243.19,244.40,1954600
2017/11/6,243.50,244.58,241.67,243.49,1744800
2017/11/7,243.91,244.98,238.84,239.81,2483900
2017/11/8,239.20,242.32,237.55,241.25,2349800
2017/11/9,239.51,242.37,237.84,240.79,2122400
2017/11/10,241.69,243.32,240.00,240.15,1845600
2017/11/13,237.97,240.90,237.16,240.27,1953900
2017/11/14,239.65,240.88,235.63,237.24,3000200
2017/11/15,234.97,238.15,233.55,237.61,2564100
2017/11/16,238.38,240.69,238.20,239.37,2304300
2017/11/17,238.86,239.08,237.12,238.02,2826400
2017/11/20,238.78,238.78,237.11,238.13,2000700
2017/11/21,239.41,239.59,237.54,238.02,2223800
2017/11/22,237.94,238.95,236.36,236.43,2177200
2017/11/23,237.94,238.95,236.36,236.43,2177200
2017/11/24,237.42,238.56,235.55,235.95,1268500
2017/11/27,235.75,236.88,234.80,235.11,1999600
2017/11/28,236.09,240.00,234.33,239.41,3212900
2017/11/29,241.25,244.47,240.40,241.36,4500000
2017/11/30,244.07,250.79,244.00,247.64,6364600
2017/12/1,249.78,250.68,244.01,248.95,4765400
2017/12/4,254.89,254.90,250.01,250.65,3326100
2017/12/5,250.80,251.35,247.41,248.33,2526800
2017/12/6,246.24,248.08,245.13,245.95,2331400
2017/12/7,244.62,249.48,244.40,248.56,2667000
2017/12/8,250.50,250.68,247.20,250.35,1959100
2017/12/11,250.00,251.40,248.76,250.13,1494200
2017/12/12,250.81,258.20,250.69,257.68,3464200
2017/12/13,257.81,260.50,255.56,255.56,3482300
2017/12/14,257.13,259.55,255.48,255.48,3353200
2017/12/15,256.70,258.97,254.76,257.17,5283400
2017/12/18,260.00,262.00,259.16,260.02,2575600
2017/12/19,261.60,261.80,256.18,256.48,2195500
2017/12/20,258.87,259.09,254.55,255.18,2052400
2017/12/21,256.61,262.09,256.28,261.01,3337800
2017/12/22,261.66,262.14,257.72,258.97,2100600
2017/12/25,261.66,262.14,257.72,258.97,2100600
2017/12/26,258.19,259.20,256.00,257.72,1289300
2017/12/27,257.98,257.98,255.52,255.95,1567900
2017/12/28,256.98,257.00,255.10,256.50,1301000
2017/12/29,255.87,256.65,252.91,254.76,2519300
2018/1/1,255.87,256.65,252.91,254.76,2519300
2018/1/2,257.77,257.91,253.92,255.67,2258300
2018/1/3,255.48,256.14,253.22,253.29,2988200
2018/1/4,255.23,259.72,254.32,256.83,2583200
2018/1/5,257.18,257.49,253.69,255.52,2594700
2018/1/8,254.75,255.18,251.62,251.81,2940500
2018/1/9,252.80,255.60,252.62,253.94,2637300
2018/1/10,255.00,255.15,252.35,254.33,2927200
2018/1/11,255.75,255.89,252.97,255.13,2422400
2018/1/12,255.75,257.30,254.09,257.03,2849200
2018/1/15,255.75,257.30,254.09,257.03,2849200
2018/1/16,259.25,261.77,256.40,258.46,4445500
2018/1/17,260.98,262.00,248.84,253.65,8608100
2018/1/18,254.49,254.54,250.60,250.97,4984500
2018/1/19,251.00,256.14,250.26,256.12,4643400
2018/1/22,255.45,262.87,255.19,261.52,5264700
2018/1/23,258.00,260.26,256.85,260.09,4003600
2018/1/24,260.74,265.78,260.30,265.68,4314000
2018/1/25,266.35,270.50,265.01,269.03,5055000
2018/1/26,267.49,269.00,266.05,268.14,3535400
2018/1/29,269.04,273.79,268.81,272.48,3881100
2018/1/30,270.39,272.00,267.11,268.94,3970400
2018/1/31,268.55,270.00,266.33,267.89,3710200
2018/2/1,266.15,272.59,266.00,272.23,3388200
2018/2/2,270.00,271.75,259.35,260.04,5913900
2018/2/5,257.51,263.30,241.50,249.11,6528500
2018/2/6,244.21,258.75,242.11,258.70,6739900
2018/2/7,255.90,261.95,255.66,257.10,4125000
2018/2/8,257.93,258.78,246.05,246.35,4166200
2018/2/9,249.62,251.67,239.29,249.30,5978600
2018/2/12,251.15,256.15,248.82,253.16,3692500
2018/2/13,252.01,256.40,250.58,255.53,2700500
2018/2/14,255.00,262.71,254.48,262.58,3793800
2018/2/15,265.76,268.00,262.91,267.68,3523100
2018/2/16,265.99,269.28,265.90,267.62,2602500
2018/2/19,265.99,269.28,265.90,267.62,2602500
2018/2/20,266.89,268.85,263.31,264.89,2618400
2018/2/21,263.92,270.00,263.13,263.40,3017900
2018/2/22,264.40,266.32,260.72,261.43,2678900
2018/2/23,263.00,266.98,262.40,266.77,2507100
2018/2/26,267.50,271.78,266.77,271.26,2751400
2018/2/27,271.00,273.12,267.93,267.93,3140600
2018/2/28,269.14,269.49,262.57,262.93,3104300
2018/3/1,262.61,263.55,256.20,256.78,3483500
2018/3/2,255.00,259.24,252.10,258.12,3122800
2018/3/5,256.46,264.55,256.24,263.12,2445800
2018/3/6,264.77,267.87,263.21,266.93,2217300
2018/3/7,262.69,266.43,260.95,265.35,2509400
2018/3/8,266.48,268.10,262.63,266.34,2565400
2018/3/9,268.70,271.09,267.04,270.77,4410600
2018/3/12,271.00,275.31,270.77,273.38,3065600
2018/3/13,274.34,275.03,267.44,268.53,2288100
2018/3/14,270.40,270.78,263.91,264.43,2478700
2018/3/15,265.72,269.00,265.35,266.61,2255200
2018/3/16,266.01,269.85,265.33,267.60,4114400
2018/3/19,266.99,267.50,259.47,262.53,2426900
2018/3/20,263.29,264.64,261.89,263.19,1514800
2018/3/21,263.01,266.49,260.31,261.85,2817600
2018/3/22,258.42,260.82,252.18,252.60,4489300
2018/3/23,253.63,253.99,244.93,245.26,3634200
2018/3/26,250.65,255.36,248.45,254.88,3787200
2018/3/27,255.89,257.06,245.61,247.26,2981500
2018/3/28,248.78,251.23,244.37,249.37,2660200
2018/3/29,250.79,252.98,248.33,251.86,3073900
2018/3/30,250.79,252.98,248.33,251.86,3073900
2018/4/2,251.26,252.60,243.77,247.35,3429900
2018/4/3,248.61,250.89,245.90,250.58,2488200
2018/4/4,245.71,253.22,244.51,252.62,2853200
2018/4/5,254.50,258.00,253.40,255.81,1924800
2018/4/6,251.48,255.34,246.68,249.97,3621900
2018/4/9,251.48,257.50,249.17,252.19,3256700
2018/4/10,257.96,259.89,255.95,256.57,3113900
2018/4/11,252.59,254.83,249.79,252.94,3322000
2018/4/12,256.27,260.73,255.11,259.59,3059100
2018/4/13,261.94,262.50,254.54,255.92,3026200
2018/4/16,257.13,260.66,256.66,257.88,3257400
2018/4/17,261.60,262.25,252.34,253.63,10134400
2018/4/18,254.90,257.02,252.25,254.00,4524800
2018/4/19,254.00,256.16,252.83,254.17,3990000
2018/4/20,254.10,255.68,251.48,251.96,2930600
2018/4/23,251.66,252.75,246.19,246.67,3775900
2018/4/24,248.82,249.15,240.04,242.49,4705100
2018/4/25,242.19,242.46,237.51,239.23,5041400
2018/4/26,239.27,241.66,238.01,240.09,2891100
2018/4/27,240.00,241.93,239.02,239.80,2136800
2018/4/30,240.97,243.07,238.22,238.33,2790500
2018/5/1,237.51,237.90,233.96,236.67,3269800
2018/5/2,236.60,237.91,233.42,234.05,3710900
2018/5/3,232.45,234.00,227.40,233.41,4511400
2018/5/4,232.31,236.79,232.28,234.94,2622300
2018/5/7,236.00,238.17,235.28,237.20,1979400
2018/5/8,238.24,240.66,236.00,237.00,3267000
2018/5/9,237.98,242.05,237.25,241.73,2434000
2018/5/10,242.11,245.42,240.16,243.44,2599000
2018/5/11,243.44,244.91,241.71,242.92,1540100
2018/5/14,243.60,245.88,243.50,243.91,1928500
2018/5/15,243.00,243.95,240.67,241.56,2165700
2018/5/16,241.27,241.84,240.59,240.96,1965200
2018/5/17,240.42,242.44,238.78,239.10,2462700
2018/5/18,238.10,238.74,236.87,237.00,2699000
2018/5/21,239.10,240.07,237.32,237.70,1951700
2018/5/22,238.70,240.70,237.98,238.00,2551500
2018/5/23,236.88,237.87,234.38,237.81,3114000
2018/5/24,236.60,237.17,233.65,236.10,2308700
2018/5/25,235.00,236.12,234.28,235.01,1985600
2018/5/28,235.00,236.12,234.28,235.01,1985600
2018/5/29,231.52,232.47,225.02,227.03,5323600
2018/5/30,228.94,229.67,226.28,229.16,3348600
2018/5/31,227.34,228.11,224.09,225.88,5334900
2018/6/1,228.40,230.25,228.09,228.35,3330900
2018/6/4,230.35,231.15,228.95,229.89,2133600
2018/6/5,228.94,229.34,227.29,228.34,1986200
2018/6/6,229.85,232.58,229.36,232.23,2566400
2018/6/7,233.89,235.92,232.54,233.45,2905000
2018/6/8,233.00,234.27,232.35,233.39,2253100
2018/6/11,234.62,235.16,233.59,234.09,1936800
2018/6/12,234.12,235.23,231.86,232.63,2080000
2018/6/13,233.65,238.23,233.10,233.83,3637400
2018/6/14,235.87,235.89,232.59,233.65,2899600
2018/6/15,231.50,233.15,229.84,231.92,4738100
2018/6/18,230.20,231.67,229.15,231.39,2327500
2018/6/19,228.22,229.04,226.16,228.32,3326600
2018/6/20,229.92,229.94,226.96,227.82,2678300
2018/6/21,226.39,228.43,224.57,226.98,3094600
2018/6/22,227.78,230.50,225.58,226.02,2731800
2018/6/25,224.50,225.14,220.39,221.54,3817700
2018/6/26,221.78,222.80,219.12,221.58,2692900
2018/6/27,221.48,225.47,220.14,220.18,3104200
2018/6/28,220.25,224.66,219.58,223.42,3072600
2018/6/29,224.40,225.17,220.45,220.57,3393700
2018/7/2,219.75,223.34,218.89,223.26,1723200
2018/7/3,224.46,224.64,219.99,220.38,1204400
2018/7/4,224.46,224.64,219.99,220.38,1204400
2018/7/5,221.50,222.14,219.78,220.74,2218200
2018/7/6,220.54,223.20,219.88,221.79,1846400
2018/7/9,223.36,228.20,223.00,227.99,2743900
2018/7/10,228.00,228.87,225.85,226.85,2524800
2018/7/11,225.76,227.25,225.20,225.66,2527000
2018/7/12,227.64,227.80,225.77,227.22,2223100
2018/7/13,226.63,228.62,223.93,226.41,2541500
2018/7/16,227.20,231.44,226.74,231.44,3271200
2018/7/17,231.48,233.23,226.87,231.02,9280200
2018/7/18,232.34,233.72,230.15,231.24,6149900
2018/7/19,231.11,231.99,228.98,229.63,4638500
2018/7/20,229.01,232.05,228.80,231.69,2683500
2018/7/23,231.80,234.86,231.72,233.76,2788500
2018/7/24,234.75,237.48,234.34,235.88,2887400
2018/7/25,235.01,236.85,233.95,236.69,2181500
2018/7/26,237.00,238.34,236.43,237.11,1885500
2018/7/27,237.96,238.80,235.99,237.64,1998200
2018/7/30,238.00,239.73,236.89,238.95,2454100
2018/7/31,239.50,239.50,236.55,237.43,2503700
2018/8/1,238.50,239.40,235.78,236.04,2510500
2018/8/2,233.93,235.21,232.77,233.99,2579700
2018/8/3,234.44,235.52,233.49,234.09,3053100
2018/8/6,234.14,236.98,234.03,235.93,2259600
2018/8/7,237.25,239.46,236.49,237.83,2399500
2018/8/8,238.12,239.16,236.23,236.37,2522400
2018/8/9,236.35,236.85,233.39,233.78,2951900
2018/8/10,230.97,231.46,228.11,229.61,3863400
2018/8/13,229.49,229.89,226.57,226.86,2662700
2018/8/14,227.35,230.37,227.30,229.56,2359000
2018/8/15,229.35,231.54,228.31,229.25,3218500
2018/8/16,230.67,233.29,230.45,233.00,2438300
2018/8/17,232.51,233.72,231.64,233.38,2107200
2018/8/20,234.13,235.98,234.08,235.78,2604900
2018/8/21,235.29,239.53,235.29,238.65,2437300
2018/8/22,237.89,239.67,237.58,239.34,1870900
2018/8/23,239.05,239.28,235.84,236.34,2064700
2018/8/24,237.36,237.80,234.70,235.11,1948100
2018/8/27,236.99,243.65,236.56,242.60,4106900
2018/8/28,243.06,245.08,241.59,242.37,2951000
2018/8/29,242.05,242.79,240.31,241.40,1911700
2018/8/30,240.80,241.12,238.68,239.40,1963700
2018/8/31,238.94,239.35,237.12,237.81,1965500
2018/9/3,238.94,239.35,237.12,237.81,1965500
2018/9/4,237.76,238.12,234.59,237.66,2083500
2018/9/5,237.01,239.45,236.17,237.56,2092000
2018/9/6,237.00,238.63,233.88,234.52,2651400
2018/9/7,235.05,235.64,232.68,233.91,1952900
2018/9/10,235.01,235.50,231.74,231.91,1948100
2018/9/11,230.67,231.65,228.66,230.21,2719400
2018/9/12,230.91,231.99,227.30,228.15,3577700
2018/9/13,229.50,229.85,227.57,228.33,3003600
2018/9/14,229.08,230.55,228.76,229.24,2228300
2018/9/17,229.40,230.16,227.30,227.89,1918800
2018/9/18,228.35,229.40,226.57,228.89,2498100
2018/9/19,229.90,236.28,229.52,235.58,3716500
2018/9/20,237.00,238.51,236.03,237.40,2503000
2018/9/21,238.06,238.52,234.83,235.34,3760300
2018/9/24,234.74,235.74,232.24,232.90,2057000
2018/9/25,234.64,234.64,232.23,232.50,2003200
2018/9/26,232.96,233.00,228.24,228.88,2372700
2018/9/27,228.77,229.85,227.52,227.74,2451500
2018/9/28,225.75,227.40,223.80,224.24,3097800
2018/10/1,226.22,227.59,225.00,225.33,2451300
2018/10/2,225.28,226.33,223.97,226.07,2272700
2018/10/3,227.75,229.77,226.58,227.78,2573900
2018/10/4,229.26,231.40,225.39,227.48,2903600
2018/10/5,228.00,228.41,224.21,225.71,1722400
2018/10/8,224.26,226.92,222.50,225.35,2522900
2018/10/9,224.99,225.12,222.53,222.91,1862900
2018/10/10,223.24,223.64,214.56,214.89,3955500
2018/10/11,214.20,216.03,210.95,212.97,6217400
2018/10/12,217.00,217.98,211.46,213.87,4161300
2018/10/15,214.45,217.14,213.05,215.22,3333800
2018/10/16,219.35,222.00,216.30,221.70,5924200
2018/10/17,220.53,228.90,220.05,228.28,4953700
2018/10/18,227.50,228.73,223.86,224.95,2995400
2018/10/19,225.26,228.30,224.19,226.96,2759100
2018/10/22,226.93,228.87,221.52,221.60,2736800
2018/10/23,216.59,219.52,214.32,218.56,3318200
2018/10/24,218.14,218.93,208.40,209.18,4152700
2018/10/25,211.27,215.69,210.34,214.01,3179700
2018/10/26,210.73,214.80,209.53,212.36,3557900
2018/10/29,214.15,218.21,212.05,214.49,3278200
2018/10/30,215.99,220.35,215.04,219.28,3897400
2018/10/31,221.89,229.00,221.40,225.37,4369600
2018/11/1,225.76,228.88,225.47,226.97,2557600
2018/11/2,230.00,231.69,226.29,229.69,3699000
2018/11/5,228.32,231.10,226.95,228.72,2565200
2018/11/6,228.19,229.52,227.05,228.20,2275600
2018/11/7,230.05,232.80,226.90,231.28,3514300
2018/11/8,231.00,234.06,230.60,231.65,2404800
2018/11/9,231.69,231.69,222.30,222.65,3721700
2018/11/12,222.00,222.31,205.13,206.05,11019400
2018/11/13,204.40,209.59,202.33,205.05,6984800
2018/11/14,206.24,207.34,198.44,202.49,5742500
2018/11/15,201.80,204.50,199.32,203.74,4260000
2018/11/16,202.93,204.74,200.35,202.12,2829600
2018/11/19,201.83,202.30,197.35,198.22,3419100
2018/11/20,195.10,195.89,190.35,191.34,5513800
2018/11/21,192.09,195.24,191.19,192.60,4111700
2018/11/22,192.09,195.24,191.19,192.60,4111700
2018/11/23,191.61,191.87,188.94,189.10,1862600
2018/11/26,191.17,195.23,190.69,194.34,3143300
2018/11/27,193.40,194.62,191.56,193.65,2345400
2018/11/28,194.84,198.45,192.23,198.35,3762900
2018/11/29,196.02,197.45,193.16,194.85,2665700
2018/11/30,190.57,191.45,188.12,190.69,6220000
2018/12/3,194.00,195.66,191.62,191.63,4017000
2018/12/4,190.69,191.11,183.63,184.31,5797500
2018/12/5,190.69,191.11,183.63,184.31,5797500
2018/12/6,181.33,184.88,180.15,184.09,5275500
2018/12/7,183.85,186.25,179.00,179.67,3921200
2018/12/10,178.60,179.84,174.68,178.83,4528300
2018/12/11,182.15,184.43,175.45,176.80,4713900
2018/12/12,178.50,180.00,176.48,176.70,3677300
2018/12/13,177.83,178.69,175.12,175.92,4008600
2018/12/14,174.34,176.26,172.37,172.77,5078300
2018/12/17,169.40,171.43,166.53,168.01,8395800
2018/12/18,169.78,173.02,169.32,171.50,5150800
2018/12/19,171.59,174.85,167.60,169.25,5316100
2018/12/20,168.39,171.65,167.16,168.41,6488200
2018/12/21,168.25,169.63,159.42,160.05,8960000
2018/12/24,159.00,160.00,154.31,156.35,3783500
2018/12/25,159.00,160.00,154.31,156.35,3783500
2018/12/26,157.00,163.11,151.70,162.93,7054700
2018/12/27,160.12,165.41,159.02,165.41,4973000
2018/12/28,165.64,165.95,162.02,163.03,4110500
2018/12/31,163.78,167.12,163.78,167.05,4550000
2019/1/1,163.78,167.12,163.78,167.05,4550000
2019/1/2,164.33,172.25,163.35,172.03,3999400
2019/1/3,170.66,171.77,168.29,169.51,4060200
2019/1/4,172.99,176.00,171.10,175.05,3788300
2019/1/7,175.23,177.83,172.27,176.02,3152100
2019/1/8,177.78,178.10,172.90,175.37,2692700
2019/1/9,176.10,177.69,174.91,176.47,3321400
2019/1/10,175.66,178.07,175.50,176.00,2808700
2019/1/11,175.10,177.04,172.42,176.93,3182700
2019/1/14,174.52,179.54,174.10,178.72,3361700
2019/1/15,178.32,179.99,176.40,179.91,2911800
2019/1/16,187.00,198.15,185.60,197.08,15194200
2019/1/17,195.95,199.80,192.83,199.09,8177000
2019/1/18,200.38,203.00,196.91,202.54,5650900
2019/1/21,200.38,203.00,196.91,202.54,5650900
2019/1/22,200.50,201.47,195.92,197.68,4648500
2019/1/23,197.55,198.09,194.53,196.90,3410700
2019/1/24,196.22,199.68,195.76,197.80,2631800
2019/1/25,199.83,201.19,199.42,200.74,3275000
2019/1/28,197.99,200.07,197.10,199.72,2369600
2019/1/29,199.00,201.97,197.87,200.50,2694100
2019/1/30,200.90,203.29,199.65,202.48,2773300
2019/1/31,200.10,202.35,196.95,198.01,5604500
2019/2/1,198.00,199.64,196.54,196.54,3174200
2019/2/4,195.80,197.76,194.79,197.72,2400200
2019/2/5,198.12,199.33,196.86,198.01,2601000
2019/2/6,197.18,199.06,195.83,196.62,2063100
2019/2/7,195.28,195.88,191.05,193.07,2948800
2019/2/8,191.72,192.62,188.22,191.67,2757500
2019/2/11,192.88,193.32,191.07,191.33,2056500
2019/2/12,193.05,195.65,193.00,194.49,2392900
2019/2/13,195.92,198.78,194.60,194.69,2757300
2019/2/14,192.21,194.13,189.44,192.53,2865000
2019/2/15,193.21,198.89,193.10,198.50,3065400
2019/2/18,193.21,198.89,193.10,198.50,3065400
2019/2/19,196.66,199.06,195.61,198.67,2558200
2019/2/20,198.73,199.30,197.51,198.60,2266000
2019/2/21,198.97,199.45,195.05,196.36,2785900
2019/2/22,196.60,197.75,195.20,196.00,2626600
2019/2/25,198.00,201.50,197.71,198.65,3032200
2019/2/26,198.47,200.56,196.55,198.90,2499800
2019/2/27,198.50,199.89,197.12,198.10,1804200
2019/2/28,198.04,198.40,196.01,196.70,2964300
2019/3/1,198.75,201.44,197.43,198.20,2580500
2019/3/4,198.81,200.83,194.15,195.98,2683600
2019/3/5,195.85,196.18,193.00,196.00,2338600
2019/3/6,195.90,197.56,194.53,194.74,2247500
2019/3/7,193.13,193.45,190.08,192.77,3567800
2019/3/8,190.40,195.77,189.71,195.24,3162700
2019/3/11,197.23,198.97,195.73,195.97,2669000
2019/3/12,196.00,197.40,195.69,196.63,1977400
2019/3/13,197.75,198.93,196.52,197.25,1904500
2019/3/14,197.32,198.50,196.70,197.47,1482300
2019/3/15,197.16,198.85,196.85,198.26,2985200
2019/3/18,199.18,203.85,198.92,202.47,3354900
2019/3/19,204.88,206.45,200.78,201.12,3284900
2019/3/20,200.33,200.33,193.97,194.32,5033500
2019/3/21,192.90,195.55,191.75,194.58,4031500
2019/3/22,192.67,193.71,187.78,188.96,5703100
2019/3/25,189.33,191.45,186.50,188.51,3751000
2019/3/26,190.03,192.41,188.69,190.69,2910100
2019/3/27,190.60,191.61,188.74,190.03,2343800
2019/3/28,190.74,191.91,189.29,191.18,2343400
2019/3/29,192.68,193.11,191.14,191.99,2632800
2019/4/1,194.00,198.09,193.61,196.74,3562600
2019/4/2,196.24,197.76,195.40,197.50,2247000
2019/4/3,199.25,201.09,198.54,200.86,3227900
2019/4/4,200.80,204.29,200.50,202.23,2582300
2019/4/5,203.38,205.50,202.06,202.38,2447100
2019/4/8,202.79,203.63,201.18,202.54,1891500
2019/4/9,201.23,201.59,198.86,200.62,2400900
2019/4/10,201.80,203.17,200.27,202.98,1907100
2019/4/11,204.23,205.45,201.57,202.83,2802100
2019/4/12,207.00,209.97,206.37,207.84,5096600
2019/4/15,204.11,205.74,199.70,199.91,6617200
2019/4/16,199.62,202.94,199.24,201.84,4852600
2019/4/17,201.96,208.50,201.78,207.90,4195300
2019/4/18,207.09,207.86,205.15,205.91,2874300
2019/4/19,207.09,207.86,205.15,205.91,2874300
2019/4/22,205.12,205.59,204.14,204.60,1591400
2019/4/23,204.25,205.19,202.74,204.14,2120900
2019/4/24,203.00,203.52,199.73,200.54,4606100
2019/4/25,199.70,202.56,199.10,201.40,2075300
2019/4/26,201.73,203.12,200.32,203.08,1543100
2019/4/29,203.50,208.00,203.27,206.92,2997000
2019/4/30,206.94,207.99,204.15,205.92,1833000
2019/5/1,206.40,208.41,204.03,204.73,1981800
2019/5/2,204.43,206.22,203.12,204.99,1514700
2019/5/3,206.01,208.75,205.67,207.52,1897600
2019/5/6,202.80,206.98,201.71,206.43,1927800
2019/5/7,203.34,204.00,201.01,202.63,2839500
2019/5/8,201.40,203.20,200.80,200.95,1817600
2019/5/9,199.51,202.22,197.91,201.63,2333400
2019/5/10,200.98,202.10,198.99,202.05,2089400
2019/5/13,197.90,197.90,194.00,194.97,3605600
2019/5/14,194.99,198.13,194.90,196.28,2463300
2019/5/15,194.64,197.59,193.42,196.40,2271100
2019/5/16,196.63,200.00,196.62,199.14,2008100
2019/5/17,196.30,199.09,196.30,197.43,1928300
2019/5/20,197.09,197.78,195.57,197.24,2483400
2019/5/21,198.66,199.32,198.00,199.11,2327600
2019/5/22,197.44,198.48,195.46,195.52,2427200
2019/5/23,193.00,193.00,189.56,191.97,3184100
2019/5/24,192.89,194.07,191.68,193.00,1637200
2019/5/27,192.89,194.07,191.68,193.00,1637200
2019/5/28,192.00,193.31,189.39,189.44,3040000
2019/5/29,187.74,188.65,184.92,188.05,2815800
2019/5/30,188.09,189.37,186.01,187.37,1919300
2019/5/31,184.77,184.89,182.31,182.49,2640100
2019/6/3,181.70,183.49,180.73,183.19,2857800
2019/6/4,186.18,189.99,185.71,189.88,2420800
2019/6/5,190.10,190.16,187.01,188.44,1967800
2019/6/6,188.06,190.74,187.31,189.81,1653500
2019/6/7,189.88,190.61,188.52,189.81,1838600
2019/6/10,191.40,197.00,191.40,194.12,2372000
2019/6/11,195.30,196.12,193.51,194.73,1632200
2019/6/12,193.61,194.05,189.83,190.22,2059400
2019/6/13,190.41,192.25,190.07,191.45,1411400
2019/6/14,191.29,192.17,189.31,191.66,1403900
2019/6/17,192.02,193.23,190.74,190.83,1155600
2019/6/18,190.67,197.13,190.67,194.98,2363000
2019/6/19,195.35,197.61,194.79,195.64,2196800
2019/6/20,197.50,198.19,193.61,195.70,2749300
2019/6/21,195.34,198.34,193.97,195.94,3365500
2019/6/24,196.53,199.35,196.03,197.49,2069800
2019/6/25,197.50,197.52,194.01,196.06,1828300
2019/6/26,196.50,197.87,196.12,197.01,1649900
2019/6/27,197.57,199.61,196.76,199.32,2239200
2019/6/28,203.50,205.84,202.94,204.60,4854900
2019/7/1,208.00,209.85,205.74,206.86,2465700
2019/7/2,205.40,206.31,204.16,205.98,1621400
2019/7/3,207.30,207.40,205.23,206.04,978800
2019/7/4,207.30,207.40,205.23,206.04,978800
2019/7/5,206.86,208.76,206.20,207.90,1511400
2019/7/8,206.36,207.25,204.71,205.75,1853900
2019/7/9,203.75,207.94,203.54,207.77,1812100
2019/7/10,207.18,208.99,205.65,205.97,1779800
2019/7/11,206.20,212.59,206.00,211.35,3691600
2019/7/12,212.00,214.19,210.79,213.94,2626000
2019/7/15,214.11,214.60,209.79,211.58,2600200
2019/7/16,214.80,217.33,212.55,215.52,5283700
2019/7/17,213.83,215.78,213.16,213.30,2583500
2019/7/18,212.71,215.83,211.75,214.52,2858100
2019/7/19,214.02,215.77,213.35,213.52,1822300
2019/7/22,213.40,214.86,212.31,214.00,1907100
2019/7/23,214.95,220.00,214.95,219.43,3330600
2019/7/24,219.25,222.09,218.63,222.03,3180000
2019/7/25,221.77,221.77,218.23,219.98,2776700
2019/7/26,220.45,222.24,220.37,222.14,2304500
2019/7/29,221.00,222.13,220.20,220.32,1372800
2019/7/30,218.49,221.99,217.33,221.40,1644600
2019/7/31,221.24,221.98,219.01,220.13,1991100
2019/8/1,219.35,219.95,210.76,211.60,3070100
2019/8/2,211.58,211.58,205.31,209.37,2503000
2019/8/5,205.82,205.82,199.58,201.68,2794200
2019/8/6,203.56,206.07,200.89,206.01,2349400
2019/8/7,201.11,205.96,199.05,205.74,2454200
2019/8/8,207.17,207.80,203.54,207.00,2342200
2019/8/9,205.62,208.30,203.86,206.90,1790100
2019/8/12,203.28,204.15,200.48,201.52,1479300
2019/8/13,201.51,206.60,200.23,204.11,2115900
2019/8/14,199.80,199.91,195.06,195.56,3025100
2019/8/15,195.91,196.97,193.71,196.18,1981900
2019/8/16,197.03,200.67,197.00,199.42,1878700
2019/8/19,203.81,204.45,201.82,202.20,1646100
2019/8/20,200.21,201.99,199.70,199.98,1545600
2019/8/21,202.74,203.02,200.17,200.68,1160800
2019/8/22,202.28,203.45,200.91,202.42,1275900
2019/8/23,200.81,201.88,195.19,196.20,2200500
2019/8/26,198.27,199.71,198.00,199.65,1441900
2019/8/27,200.33,200.86,196.50,198.07,1513300
2019/8/28,196.57,201.47,196.25,200.42,1437800
2019/8/29,201.36,204.37,201.36,203.44,1816800
2019/8/30,204.85,205.21,203.01,203.91,1529600
2019/9/2,204.85,205.21,203.01,203.91,1529600
2019/9/3,201.10,201.61,196.58,198.97,2633600
2019/9/4,201.49,202.10,200.05,201.73,1720600
2019/9/5,205.27,208.93,205.04,207.05,2237900
2019/9/6,207.06,208.25,205.57,207.21,1438800
2019/9/9,209.22,213.88,208.44,211.98,2734500
2019/9/10,213.50,217.09,213.22,215.63,2615800
2019/9/11,215.21,216.85,213.36,216.80,1886300
2019/9/12,216.38,220.76,215.15,218.74,2913800
2019/9/13,220.35,221.50,219.20,219.90,2722400
2019/9/16,217.82,219.33,216.32,217.22,2205500
2019/9/17,215.80,216.14,212.54,215.91,2429100
2019/9/18,214.83,217.89,213.30,217.08,2474900
2019/9/19,217.58,217.93,215.06,215.23,1596200
2019/9/20,214.66,216.68,213.63,213.74,5458900
2019/9/23,212.85,214.11,211.56,213.46,1485500
2019/9/24,214.04,214.20,206.80,207.75,2837600
2019/9/25,207.96,211.09,207.45,210.03,1593400
2019/9/26,209.05,209.97,208.11,208.22,1685500
2019/9/27,209.85,210.55,208.09,208.97,1530900
2019/9/30,209.71,209.71,206.83,207.23,1794500
2019/10/1,207.01,209.38,202.61,202.69,3156200
2019/10/2,201.69,201.88,197.60,198.25,3386800
2019/10/3,197.61,198.37,193.99,197.24,2914500
2019/10/4,196.99,201.23,196.04,200.80,3021100
2019/10/7,200.79,202.53,199.47,200.40,2202200
2019/10/8,197.60,198.95,195.92,197.37,2654900
2019/10/9,198.19,198.98,196.68,196.85,2443500
2019/10/10,197.59,201.32,197.54,199.87,2108000
2019/10/11,203.72,207.29,203.72,204.68,3334300
2019/10/14,203.83,206.17,202.92,205.82,2286100
2019/10/15,202.00,208.24,198.61,206.46,8241900
2019/10/16,206.17,208.62,206.10,207.42,3405800
2019/10/17,208.29,208.93,204.39,206.46,2876500
2019/10/18,204.99,208.06,204.99,206.52,2207000
2019/10/21,208.67,210.86,207.68,209.25,1934900
2019/10/22,209.59,211.65,208.31,209.60,1868000
2019/10/23,209.22,212.02,209.00,211.32,1574500
2019/10/24,211.61,213.15,209.78,211.05,1266500
2019/10/25,210.18,215.42,210.18,214.23,2602100
2019/10/28,216.32,218.92,215.69,217.75,2707800
2019/10/29,217.22,219.28,216.45,217.64,2030800
2019/10/30,217.02,217.05,213.81,215.81,1584900
2019/10/31,215.15,215.36,211.32,213.38,1876200
2019/11/1,215.26,217.89,214.75,217.39,2112300
2019/11/4,219.70,220.69,218.57,219.87,2538100
2019/11/5,220.80,221.78,218.47,218.64,2525100
2019/11/6,218.01,219.07,216.55,218.42,1863000
2019/11/7,220.77,224.77,220.41,223.29,3748600
2019/11/8,223.00,223.23,221.10,222.91,1610800
2019/11/11,220.90,221.41,218.52,219.03,2754500
2019/11/12,218.56,221.11,217.93,220.41,1891600
2019/11/13,218.39,219.84,217.01,219.32,1756000
2019/11/14,218.79,220.47,218.03,219.43,1483100
2019/11/15,220.00,221.09,219.04,220.25,1693100
2019/11/18,219.73,219.95,218.04,219.73,1603400
2019/11/19,220.56,220.68,218.31,220.04,1817100
2019/11/20,218.36,219.47,216.40,217.91,2177700
2019/11/21,218.60,219.32,216.82,218.23,1677700
2019/11/22,218.00,220.71,218.00,220.28,1529100
2019/11/25,220.89,223.95,220.89,222.75,2181800
2019/11/26,222.68,222.76,221.11,222.45,1926300
2019/11/27,223.45,224.28,221.86,222.95,1614600
2019/11/28,223.45,224.28,221.86,222.95,1614600
2019/11/29,220.88,222.00,220.41,221.35,770400
2019/12/2,220.97,221.80,217.08,217.64,2118500
2019/12/3,215.43,215.43,210.00,212.24,3207100
2019/12/4,213.54,216.99,212.38,215.94,1583600
2019/12/5,217.15,217.63,215.42,217.14,1329300
2019/12/6,219.95,225.40,218.82,224.61,4229400
2019/12/9,224.61,224.65,221.77,221.81,2134600
2019/12/10,221.67,222.88,220.55,221.88,1854100
2019/12/11,222.25,222.85,220.84,221.19,1778600
2019/12/12,221.91,226.78,220.60,226.05,2974300
2019/12/13,226.72,227.99,223.70,225.00,1908200
2019/12/16,228.50,230.70,227.87,228.04,3218400
2019/12/17,230.00,232.07,228.80,231.15,3590000
2019/12/18,231.97,232.20,229.94,230.45,2280800
2019/12/19,230.95,231.39,228.96,229.94,2418100
2019/12/20,230.96,231.29,228.62,228.93,3715500
2019/12/23,229.66,230.48,228.41,229.09,1670400
2019/12/24,228.98,229.95,228.37,229.91,467700
2019/12/25,228.98,229.95,228.37,229.91,467700
2019/12/26,230.26,232.20,229.99,231.21,1704000
2019/12/27,231.81,232.21,230.47,230.66,1343900
2019/12/30,231.68,231.68,229.50,229.80,1494500
2019/12/31,229.71,229.97,228.67,229.93,1447200
2020/1/1,229.71,229.97,228.67,229.93,1447200
2020/1/2,231.00,234.64,230.16,234.32,3736300
2020/1/3,231.60,232.61,230.30,231.58,2274500
2020/1/6,229.93,234.02,229.49,233.95,3329300
2020/1/7,235.00,237.77,234.76,235.49,5255200
2020/1/8,235.68,239.75,235.48,237.76,3564700
2020/1/9,241.34,243.40,239.82,242.60,3980700
2020/1/10,242.75,243.39,241.39,242.11,2248100
2020/1/13,244.44,246.11,243.00,245.21,3359200
2020/1/14,245.32,248.52,244.60,245.66,4302800
2020/1/15,242.00,249.50,239.16,245.21,5411200
2020/1/16,247.01,249.82,246.23,249.72,3968400
2020/1/17,250.23,250.46,248.00,249.46,3108400
2020/1/20,250.23,250.46,248.00,249.46,3108400
2020/1/21,247.21,248.85,245.60,245.70,2492400
2020/1/22,246.61,248.52,246.34,247.05,2030900
2020/1/23,244.50,247.00,242.88,245.58,2806800
2020/1/24,245.07,245.71,240.60,241.92,2877400
2020/1/27,236.37,238.99,235.01,238.14,2506200
2020/1/28,239.49,243.58,238.05,242.58,3123000
2020/1/29,244.52,246.50,239.57,240.12,3711600
2020/1/30,237.69,244.34,236.73,244.13,3261700
2020/1/31,241.99,242.89,236.88,237.75,3482800
2020/2/3,238.36,242.39,238.05,239.01,2733000
2020/2/4,242.88,243.74,241.55,241.94,3052500
2020/2/5,244.99,245.13,243.00,244.30,3126600
2020/2/6,245.35,245.77,241.18,241.82,2225600
2020/2/7,239.75,240.52,236.55,238.00,3006500
2020/2/10,237.40,237.87,235.46,237.36,2591300
2020/2/11,239.00,239.55,236.22,236.46,2238800
2020/2/12,238.01,241.18,237.72,238.65,2119200
2020/2/13,237.85,238.97,236.57,238.35,1461300
2020/2/14,237.94,239.01,236.23,237.08,1718700
2020/2/17,237.94,239.01,236.23,237.08,1718700
2020/2/18,236.55,237.07,231.20,233.21,2736500
2020/2/19,235.00,237.80,233.28,237.33,2207100
2020/2/20,236.41,236.90,231.25,232.73,3183700
2020/2/21,230.91,231.80,228.37,230.62,3081600
2020/2/24,223.23,226.69,222.54,224.54,4139400
2020/2/25,224.78,225.87,215.89,217.61,5343100
2020/2/26,218.70,220.00,214.76,215.78,4171100
2020/2/27,210.49,213.48,205.37,205.69,5848200
2020/2/28,199.09,202.25,194.85,200.77,6727100
2020/3/2,201.41,209.62,197.63,209.47,5285500
2020/3/3,209.00,211.79,202.12,203.43,5677200
2020/3/4,205.84,208.92,202.70,208.74,3520400
2020/3/5,201.33,203.47,196.95,198.79,4151500
2020/3/6,190.68,196.30,189.28,192.85,5071900
2020/3/9,173.58,179.25,170.16,172.81,6443000
2020/3/10,181.62,185.40,173.29,184.35,6803900
2020/3/11,178.48,180.77,170.97,171.89,5314000
2020/3/12,160.00,166.75,150.00,150.68,8357700
2020/3/13,162.82,177.56,152.35,177.17,6368400
2020/3/16,150.23,169.54,150.00,154.66,6888000
2020/3/17,157.00,166.74,150.00,158.67,6876300
2020/3/18,150.00,155.97,135.41,140.02,9543200
2020/3/19,137.38,152.49,130.85,149.49,6548200
2020/3/20,148.99,149.19,138.29,138.41,7561300
2020/3/23,136.03,141.94,133.26,134.97,5472600
2020/3/24,144.32,153.90,143.63,153.60,6647400
2020/3/25,154.60,162.21,145.32,155.13,8587800
2020/3/26,156.37,167.66,154.31,165.79,6762200
2020/3/27,159.08,163.73,157.00,158.34,4186700
2020/3/30,158.52,160.43,153.18,159.62,4152800
2020/3/31,158.13,161.10,153.72,154.59,3588200
2020/4/1,146.10,149.57,145.00,145.29,4689100
2020/4/2,143.02,150.45,141.67,149.93,4446900
2020/4/3,149.20,150.92,145.23,146.93,2801600
2020/4/6,155.47,158.93,153.77,158.23,4689400
2020/4/7,166.00,169.14,162.45,166.02,4953500
2020/4/8,168.55,178.10,168.55,176.96,5194800
2020/4/9,180.58,187.33,179.77,184.26,6445800
2020/4/10,180.58,187.33,179.77,184.26,6445800
2020/4/13,183.85,184.97,179.13,179.18,4774300
2020/4/14,182.35,183.38,174.54,178.23,4149600
2020/4/15,170.63,181.68,169.15,178.52,6042700
2020/4/16,177.22,178.44,172.39,177.04,4662200
2020/4/17,183.49,185.28,178.29,183.49,5426700
2020/4/20,179.70,186.32,178.02,180.40,4674800
2020/4/21,175.44,179.20,173.66,173.81,3819000
2020/4/22,177.50,178.18,174.47,175.98,2314500
2020/4/23,177.00,179.07,174.45,175.05,2013300
2020/4/24,177.00,177.95,173.49,177.00,2024400
2020/4/27,179.10,184.25,178.72,183.54,2743100
2020/4/28,189.16,190.42,184.87,187.01,3344700
2020/4/29,192.61,193.72,189.57,190.03,3086300
2020/4/30,186.00,187.55,182.90,183.42,2695400
2020/5/1,179.00,179.60,176.65,177.10,2650200
2020/5/4,175.00,176.31,171.72,176.03,2990100
2020/5/5,179.10,182.60,178.14,178.30,3272600
2020/5/6,179.68,181.20,175.21,176.92,2408700
2020/5/7,179.18,183.38,179.18,182.32,2480100
2020/5/8,185.03,185.91,182.74,185.39,2277500
2020/5/11,182.54,184.85,181.26,183.16,2212200
2020/5/12,183.89,184.30,176.75,177.21,3549200
2020/5/13,175.66,176.88,170.76,171.80,3445300
2020/5/14,169.04,174.78,165.36,174.45,4176700
2020/5/15,173.48,174.09,170.58,171.87,2867800
2020/5/18,177.71,183.10,175.24,181.88,4505800
2020/5/19,180.56,182.19,177.72,177.83,2210500
2020/5/20,180.95,183.83,180.30,181.44,2599900
2020/5/21,180.20,181.17,177.68,180.10,2153500
2020/5/22,180.03,180.64,178.06,179.93,2176400
2020/5/25,180.03,180.64,178.06,179.93,2176400
2020/5/26,185.63,197.10,185.22,196.06,5971200
2020/5/27,203.00,210.71,200.01,209.66,8182100
2020/5/28,210.84,211.31,201.21,201.22,4886100
2020/5/29,197.23,200.92,194.65,196.49,3822600
2020/6/1,197.31,201.77,195.12,199.93,2230800
2020/6/2,203.77,206.50,201.32,204.14,4128700
2020/6/3,208.49,211.93,206.43,210.57,3471900
2020/6/4,208.79,214.99,207.96,214.82,3522300
2020/6/5,222.00,222.98,217.66,217.92,4737600
2020/6/8,220.02,222.26,218.24,220.81,3260300
2020/6/9,215.74,220.02,215.16,218.10,2478400
2020/6/10,217.39,219.85,212.80,213.52,3091200
2020/6/11,204.70,206.90,194.02,194.13,4923400
2020/6/12,200.62,202.94,196.21,201.78,3380800
2020/6/15,195.73,206.99,195.15,206.31,3467400
2020/6/16,214.98,214.98,203.73,209.59,3099100
2020/6/17,210.00,210.79,205.44,206.19,1798300
2020/6/18,203.99,207.26,202.67,203.84,2051700
2020/6/19,207.05,207.42,200.97,201.63,4962400
2020/6/22,200.99,204.58,200.00,203.42,1806900
2020/6/23,206.50,207.51,203.64,204.78,2451800
2020/6/24,202.34,202.61,197.38,198.02,2756700
2020/6/25,197.86,207.39,197.61,207.10,3466500
2020/6/26,199.00,200.24,188.51,189.19,9530700
2020/6/29,191.38,193.90,188.66,193.47,3736000
2020/6/30,193.84,198.41,193.62,197.62,3102800
2020/7/1,198.88,199.74,195.52,197.57,2620100
2020/7/2,202.50,203.00,197.13,197.40,2699400
2020/7/3,202.50,203.00,197.13,197.40,2699400
2020/7/6,201.34,207.79,201.13,207.36,3567700
2020/7/7,205.50,205.71,199.19,199.36,2853500
2020/7/8,199.54,203.25,199.02,202.25,2789700
2020/7/9,202.11,202.50,195.00,196.83,3160100
2020/7/10,196.87,206.32,196.83,205.56,4414800
2020/7/13,209.00,212.98,207.00,208.88,4449600
2020/7/14,211.43,214.30,207.01,214.01,5202000
2020/7/15,224.37,225.24,214.69,216.90,12516700
2020/7/16,213.51,220.46,213.50,214.67,5769600
2020/7/17,214.90,215.17,211.25,211.41,3614300
2020/7/20,210.73,213.17,210.25,211.71,2268700
2020/7/21,212.25,213.81,210.39,212.02,3393500
2020/7/22,210.50,211.00,205.35,206.00,4978400
2020/7/23,205.10,206.02,202.05,203.02,4088600
2020/7/24,203.00,204.93,201.32,201.47,3191500
2020/7/27,200.10,204.18,199.59,203.02,2601200
2020/7/28,201.91,203.60,201.09,201.62,2139600
2020/7/29,201.70,203.89,199.62,202.58,2635000
2020/7/30,199.50,199.99,196.30,199.53,3057900
2020/7/31,199.84,199.84,196.51,197.96,2399700
2020/8/3,198.49,199.88,196.53,199.39,2294600
2020/8/4,199.35,201.72,198.48,201.64,1944700
2020/8/5,203.17,204.81,203.01,204.52,2232400
2020/8/6,205.00,206.29,203.83,204.25,1882400
2020/8/7,203.48,208.80,202.45,208.27,3075000
2020/8/10,209.59,210.64,208.04,209.38,2432800
2020/8/11,212.72,216.95,210.53,211.06,4042700
2020/8/12,214.70,215.95,209.27,212.13,2439400
2020/8/13,210.41,212.20,207.69,208.39,2219900
2020/8/14,207.46,209.48,206.61,207.97,2287600
2020/8/17,207.00,207.85,202.53,203.07,3922600
2020/8/18,203.45,203.58,201.10,201.31,3067900
2020/8/19,202.40,206.10,201.77,203.02,2458500
2020/8/20,200.76,203.28,200.34,201.85,1764200
2020/8/21,200.11,203.35,199.82,202.43,1780900
2020/8/24,203.11,207.43,201.32,207.34,3097400
2020/8/25,209.99,210.49,205.17,206.00,2627600
2020/8/26,205.89,207.28,205.03,207.22,2563200
2020/8/27,206.68,213.00,206.41,210.15,3692400
2020/8/28,211.89,212.00,207.09,207.71,3697400
2020/8/31,205.50,206.41,203.63,204.87,3046200
2020/9/1,203.60,206.71,203.01,205.46,2457000
2020/9/2,205.79,210.93,205.37,210.04,3565200
2020/9/3,211.75,215.23,205.83,207.56,3533500
2020/9/4,210.89,213.35,205.32,210.94,3668900
2020/9/7,210.89,213.35,205.32,210.94,3668900
2020/9/8,209.51,209.96,201.27,202.48,4574700
2020/9/9,204.19,204.83,202.03,202.22,4681400
2020/9/10,203.73,205.35,199.55,200.01,2510300
2020/9/11,200.24,201.91,198.95,200.92,2376400
2020/9/14,203.30,203.30,200.67,201.34,2756900
2020/9/15,202.00,202.59,197.98,198.00,3717600
2020/9/16,198.49,203.80,198.07,200.68,3571400
2020/9/17,198.21,199.89,194.51,194.83,4274800
2020/9/18,195.01,196.65,192.38,194.86,9066300
2020/9/21,189.90,194.17,187.47,194.00,4871300
2020/9/22,194.00,196.14,188.43,191.62,3355800
2020/9/23,192.00,192.92,185.87,186.12,3116100
2020/9/24,188.98,197.46,187.05,195.11,5114600
2020/9/25,192.96,195.39,189.61,194.95,3106000
2020/9/28,197.78,201.87,197.15,199.07,3280100
2020/9/29,198.16,198.77,195.43,196.79,2400000
2020/9/30,198.68,203.08,198.36,200.97,3075800
2020/10/1,201.53,203.13,197.87,198.55,2288700
2020/10/2,195.34,200.70,195.29,199.90,2541200
2020/10/5,201.93,202.84,199.59,201.80,2551600
2020/10/6,204.25,206.09,199.90,201.09,2833100
2020/10/7,203.90,205.00,201.17,203.60,2326600
2020/10/8,205.15,208.16,204.11,207.98,2330600
2020/10/9,208.76,209.81,206.07,207.54,3040900
2020/10/12,207.41,214.89,207.41,214.12,3474200
2020/10/13,214.01,214.11,209.18,210.81,3317300
2020/10/14,213.88,214.45,210.27,211.23,7550100
2020/10/15,209.58,210.73,206.90,208.60,4325700
2020/10/16,208.32,210.00,205.81,206.21,3244500
2020/10/19,207.39,207.91,204.59,205.69,3235300
2020/10/20,206.70,211.38,206.47,208.03,3335500
2020/10/21,207.39,207.95,202.01,202.91,3083600
2020/10/22,203.20,206.37,202.20,205.40,2136900
2020/10/23,206.76,208.21,204.02,205.04,2110200
2020/10/26,202.49,202.81,198.51,201.14,3249700
2020/10/27,200.00,200.59,195.41,195.68,3430400
2020/10/28,191.31,193.37,188.94,189.77,4214600
2020/10/29,189.80,192.35,186.90,189.94,3581200
2020/10/30,189.51,190.40,185.52,189.04,3658800
2020/11/2,192.00,192.70,188.23,190.20,2459600
2020/11/3,193.94,199.00,193.22,197.93,4545500
2020/11/4,196.25,200.82,194.90,197.87,3868500
2020/11/5,199.65,204.12,199.06,202.96,2892800
2020/11/6,204.34,204.39,200.42,201.26,2475100
2020/11/9,214.49,218.00,209.37,214.93,6960500
2020/11/10,215.25,218.38,211.18,217.47,4166500
2020/11/11,218.64,219.92,215.03,218.05,2680700
2020/11/12,215.22,216.86,212.40,214.51,3005500
2020/11/13,215.85,220.96,215.41,219.08,2832100
2020/11/16,223.53,224.60,220.03,222.38,3004700
2020/11/17,220.02,224.85,218.33,224.65,2722900
2020/11/18,225.00,227.72,223.51,224.30,2856200
2020/11/19,224.30,224.94,222.11,224.57,1505200
2020/11/20,223.00,224.81,222.63,223.35,1848100
2020/11/23,226.06,230.00,225.73,228.83,3371300
2020/11/24,231.10,238.12,230.63,237.50,3915200
2020/11/25,235.00,237.45,232.43,236.54,2272800
2020/11/26,235.00,237.45,232.43,236.54,2272800
2020/11/27,237.00,237.30,233.79,235.40,1050400
2020/11/30,232.05,235.00,230.36,230.58,2705400
2020/12/1,231.96,234.87,231.35,232.08,2577600
2020/12/2,232.08,238.13,231.58,237.65,2136300
2020/12/3,237.29,238.85,234.64,235.47,2142600
2020/12/4,237.70,239.75,236.95,239.58,2373000
2020/12/7,238.54,239.85,235.45,238.45,1788600
2020/12/8,237.01,239.19,236.58,238.84,1371800
2020/12/9,240.00,245.36,239.53,242.82,3552300
2020/12/10,240.00,245.18,239.51,244.40,2541700
2020/12/11,240.81,241.20,237.10,239.99,2077300
2020/12/14,243.28,243.50,237.39,237.79,1927800
2020/12/15,239.50,243.61,237.19,242.43,2348000
2020/12/16,243.56,243.90,241.12,243.77,2400900
2020/12/17,245.00,245.93,243.00,244.43,2983600
2020/12/18,245.39,245.39,240.56,242.13,4088100
2020/12/21,250.29,260.85,248.76,256.98,7408500
2020/12/22,256.86,257.70,249.80,250.09,3599800
2020/12/23,251.50,260.58,251.30,256.45,3376100
2020/12/24,257.04,257.62,253.75,256.16,968100
2020/12/25,257.04,257.62,253.75,256.16,968100
2020/12/28,257.81,262.65,257.00,259.59,2793400
2020/12/29,260.26,260.86,256.50,258.01,1430900
2020/12/30,258.81,260.65,257.83,259.45,1566500
2020/12/31,258.80,263.93,258.00,263.71,2043100
2021/1/1,258.80,263.93,258.00,263.71,2043100
2021/1/4,267.00,267.58,260.16,265.00,3572000
2021/1/5,263.88,273.50,262.57,270.93,4207100
2021/1/6,276.29,288.38,273.10,285.55,6383500
2021/1/7,287.77,295.89,286.68,291.65,4009700
2021/1/8,292.00,292.28,285.06,290.08,2800800
2021/1/11,286.80,295.00,284.20,293.83,2649700
2021/1/12,297.14,303.98,296.02,302.21,4814400
2021/1/13,300.08,303.72,299.10,302.94,2413800
2021/1/14,304.05,309.41,303.54,307.87,3192200
2021/1/15,301.19,304.86,296.88,301.01,3863700
2021/1/18,301.19,304.86,296.88,301.01,3863700
2021/1/19,305.00,306.60,293.80,294.20,6727800
2021/1/20,295.82,297.45,287.48,290.47,4792600
2021/1/21,290.45,292.74,288.53,289.37,2516000
2021/1/22,286.69,290.59,285.50,289.39,2568800
2021/1/25,285.53,286.35,277.50,283.04,4575000
2021/1/26,283.93,285.77,280.08,281.76,3296800
2021/1/27,276.00,277.37,271.32,273.33,3891800
2021/1/28,274.61,279.83,271.33,275.02,3778700
2021/1/29,274.27,277.40,270.62,271.17,3412000
2021/2/1,272.66,276.80,272.00,274.73,2324100
2021/2/2,278.32,288.25,278.00,286.97,5195500
2021/2/3,286.61,289.81,285.18,288.55,2712800
2021/2/4,290.00,295.83,289.52,293.75,2994700
2021/2/5,295.00,297.24,292.19,293.50,2938100
2021/2/8,295.00,300.89,294.50,300.15,2826200
2021/2/9,299.60,302.45,297.70,300.46,2071700
2021/2/10,300.00,305.18,297.75,304.28,3213700
2021/2/11,303.98,305.01,299.17,302.32,2159900
2021/2/12,301.99,306.70,301.77,306.32,1977300
2021/2/15,301.99,306.70,301.77,306.32,1977300
2021/2/16,310.00,312.92,309.22,311.96,2792200
2021/2/17,310.03,314.98,308.76,312.74,2333100
2021/2/18,309.22,314.50,307.58,309.90,2093300
2021/2/19,310.23,316.78,310.23,315.62,2749500
2021/2/22,313.00,320.56,312.21,316.87,3162300
2021/2/23,317.98,320.00,310.58,319.21,2942500
2021/2/24,320.17,330.97,320.10,330.64,3934400
2021/2/25,333.33,335.81,326.29,327.76,4244000
2021/2/26,325.77,328.68,319.04,319.48,3732200
2021/3/1,325.00,331.04,323.31,329.92,2957800
2021/3/2,330.00,336.19,329.51,330.94,2850300
2021/3/3,333.68,340.10,333.25,334.43,3606300
2021/3/4,333.13,339.76,323.92,329.29,3647600
2021/3/5,335.58,335.58,316.46,327.37,3740200
2021/3/8,331.36,337.59,329.10,334.19,2998000
2021/3/9,328.62,336.39,325.57,330.59,3324800
2021/3/10,332.07,342.40,331.53,342.02,3153100
2021/3/11,338.66,345.00,336.46,342.10,2756600
2021/3/12,345.22,350.00,343.64,348.81,2436700
2021/3/15,349.44,352.42,342.00,346.05,2276200
2021/3/16,345.28,346.90,337.75,341.71,2332600
2021/3/17,344.62,347.03,340.40,344.95,2710900
2021/3/18,350.75,356.85,346.99,348.00,3713000
2021/3/19,346.42,347.24,340.63,344.20,3513000
2021/3/22,341.06,342.88,336.00,339.33,2094500
2021/3/23,337.62,341.89,331.33,331.77,2457500
2021/3/24,333.42,336.94,328.44,328.65,3332200
2021/3/25,327.35,331.39,321.92,330.55,2804700
2021/3/26,334.51,335.45,322.69,327.39,3082600
2021/3/29,320.35,327.76,317.72,325.73,4533200
2021/3/30,329.41,335.75,328.85,332.01,2717300
2021/3/31,330.23,332.65,325.44,327.00,2624500
2021/4/1,324.30,329.66,324.16,327.64,2659000
2021/4/2,324.30,329.66,324.16,327.64,2659000
2021/4/5,332.85,332.85,323.05,323.54,3235000
2021/4/6,324.49,328.54,324.00,327.06,1801700
2021/4/7,327.70,329.20,323.35,326.55,2157300
2021/4/8,324.29,331.49,322.97,331.14,2402800
2021/4/9,334.00,334.90,328.79,330.81,2347100
2021/4/12,332.67,334.48,329.94,331.84,2318800
2021/4/13,329.51,330.05,324.18,327.68,3575900
2021/4/14,328.55,344.47,326.15,335.35,9876800
2021/4/15,338.90,341.35,334.54,338.55,4354800
2021/4/16,340.29,343.74,338.62,342.31,4231900
2021/4/19,340.00,344.43,336.60,343.09,3228200
2021/4/20,339.97,340.47,329.35,331.88,3662300
2021/4/21,330.00,335.47,327.56,335.27,2733300
2021/4/22,334.62,336.97,330.29,330.85,2165200
2021/4/23,331.25,340.67,330.72,339.35,2163800
2021/4/26,341.94,345.90,340.89,343.52,2171500
2021/4/27,344.00,347.55,343.66,346.63,2088600
2021/4/28,348.00,350.12,346.09,348.11,2140900
2021/4/29,350.55,353.83,347.48,352.97,2584400
2021/4/30,351.12,352.82,347.20,348.45,2101100
2021/5/3,350.34,354.06,349.26,350.16,1871700
2021/5/4,348.90,351.78,342.57,349.84,2831400
2021/5/5,352.00,359.14,348.55,357.62,2786800
2021/5/6,359.77,366.30,356.50,365.97,3048700
2021/5/7,362.30,371.65,360.93,370.89,3378100
2021/5/10,373.50,376.98,368.50,368.68,3396300
2021/5/11,363.00,368.63,358.62,359.92,3734300
2021/5/12,363.07,368.13,353.27,354.40,3309800
2021/5/13,353.25,360.89,353.25,358.81,2673900
2021/5/14,362.00,369.51,361.70,368.77,2732300
2021/5/17,367.78,370.70,364.50,369.25,1826100
2021/5/18,371.38,373.08,364.00,364.56,2018600
2021/5/19,360.00,360.00,353.93,358.38,3696000
2021/5/20,358.98,361.95,353.35,359.78,1919600
2021/5/21,361.49,367.14,360.51,366.26,2657500
2021/5/24,367.32,369.72,365.51,368.29,1834300
2021/5/25,369.91,373.77,364.09,364.51,2631000
2021/5/26,365.00,368.79,361.91,367.40,2121200
2021/5/27,371.33,373.55,367.30,371.37,3897000
2021/5/28,372.00,373.07,368.26,372.02,2169700
2021/5/31,372.00,373.07,368.26,372.02,2169700
2021/6/1,377.70,383.36,376.31,382.44,3644000
2021/6/2,383.33,384.67,379.37,383.44,2809700
2021/6/3,382.25,391.25,380.13,388.72,3003900
2021/6/4,389.68,392.05,386.32,391.45,2514100
2021/6/7,393.00,393.26,387.55,388.16,2188700
2021/6/8,385.79,386.48,382.22,384.70,2452600
2021/6/9,383.16,384.27,378.88,382.78,2025900
2021/6/10,389.64,389.64,372.35,373.94,3900800
2021/6/11,375.70,378.75,375.11,378.05,2117300
2021/6/14,377.43,378.75,370.70,372.92,2560500
2021/6/15,373.50,374.84,367.16,371.30,2302900
2021/6/16,370.99,374.08,365.25,371.00,3264200
2021/6/17,373.52,373.52,356.55,361.50,4146300
2021/6/18,356.52,358.38,348.13,348.83,6290100
2021/6/21,352.89,357.97,351.04,357.54,2717300
2021/6/22,357.00,359.88,352.64,357.53,1870800
2021/6/23,358.79,362.48,357.66,361.05,1713100
2021/6/24,363.00,370.88,362.78,368.75,2716600
2021/6/25,368.82,371.15,364.54,368.77,2782400
2021/6/28,367.80,368.87,363.86,368.71,1833400
2021/6/29,374.86,378.09,370.75,372.62,2365900
2021/6/30,370.90,380.11,370.90,379.53,2238400
2021/7/1,380.70,381.64,374.15,374.99,2571000
2021/7/2,376.31,376.60,372.42,374.16,1598900
2021/7/5,376.31,376.60,372.42,374.16,1598900
2021/7/6,373.23,373.63,365.41,369.86,2162900
2021/7/7,367.50,370.09,362.18,367.67,2012800
2021/7/8,359.69,362.89,355.59,358.94,2940500
2021/7/9,366.00,372.15,364.95,371.76,2641800
2021/7/12,370.31,384.00,367.33,380.50,4135900
2021/7/13,381.06,385.33,372.01,375.98,6466800
2021/7/14,378.75,381.77,371.39,374.40,3295700
2021/7/15,371.24,378.75,370.57,373.35,2183900
2021/7/16,374.93,374.93,363.83,364.80,2583300
2021/7/19,354.00,355.19,349.00,354.72,4394600
2021/7/20,352.27,367.31,351.54,364.76,2937900
2021/7/21,368.04,374.90,367.93,373.50,2398800
2021/7/22,372.30,373.69,368.45,372.71,1887100
2021/7/23,374.59,378.00,371.38,374.05,1706900
2021/7/26,373.18,376.68,373.11,375.90,1559100
2021/7/27,372.50,375.14,369.22,374.84,1791800
2021/7/28,375.81,377.44,372.34,374.23,1668900
2021/7/29,377.03,379.51,374.81,377.55,1296600
2021/7/30,376.57,379.95,373.06,374.88,1474900
2021/8/2,376.17,386.93,375.75,378.19,2383200
2021/8/3,380.25,381.31,371.77,380.36,1494600
2021/8/4,378.48,382.65,375.76,377.86,1460500
2021/8/5,380.15,384.31,379.95,384.30,1583800
2021/8/6,388.88,398.86,388.64,397.89,3655800
2021/8/9,396.59,404.60,393.58,399.88,3319100
2021/8/10,400.12,410.63,399.50,407.97,3152300
2021/8/11,408.80,414.68,407.06,413.89,3000500
2021/8/12,414.38,418.62,410.56,415.00,2312800
2021/8/13,416.00,416.89,408.18,410.78,1980000
2021/8/16,408.99,408.99,402.15,408.35,1590700
2021/8/17,403.84,408.35,400.20,404.97,2077400
2021/8/18,402.60,406.11,398.59,398.80,2187800
2021/8/19,394.60,397.73,390.91,393.57,2241500
2021/8/20,391.49,396.45,391.00,395.87,1612100
2021/8/23,401.89,404.10,399.00,401.45,1857600
2021/8/24,403.59,409.66,402.70,408.56,1958400
2021/8/25,409.90,416.68,408.94,413.12,1845300
2021/8/26,415.88,420.73,411.16,412.41,2076500
2021/8/27,412.78,419.85,412.50,419.69,2174500
2021/8/30,419.95,420.76,412.72,413.60,2089400
2021/8/31,412.11,414.86,408.76,413.51,1958100
2021/9/1,413.16,416.11,410.31,413.66,1680400
2021/9/2,415.11,417.58,412.64,414.50,1830400
2021/9/3,414.00,415.12,410.60,411.31,1373600
2021/9/6,414.00,415.12,410.60,411.31,1373600
2021/9/7,411.00,414.73,409.64,410.32,1557000
2021/9/8,409.22,410.98,404.70,405.00,1646200
2021/9/9,404.67,408.88,403.51,404.58,2424600
2021/9/10,408.00,409.79,403.16,403.48,1956000
2021/9/13,407.41,409.37,403.80,409.26,1802800
2021/9/14,410.30,417.01,402.78,403.69,3263200
2021/9/15,398.00,403.61,396.21,401.95,3199800
2021/9/16,404.52,405.98,394.89,396.68,2882900
2021/9/17,396.32,399.16,388.83,391.46,3843700
2021/9/20,377.82,380.86,372.50,378.13,3834500
2021/9/21,380.85,381.50,374.08,375.84,2377300
2021/9/22,380.80,389.29,379.71,385.47,2991300
2021/9/23,390.39,393.74,388.18,391.86,2518000
2021/9/24,390.47,392.49,388.60,390.85,1789700
2021/9/27,396.58,401.00,395.18,399.81,2788500
2021/9/28,400.45,404.21,388.39,389.50,2609000
2021/9/29,390.68,392.39,384.30,384.89,1955000
2021/9/30,388.00,388.02,376.62,378.03,2665700
2021/10/1,379.44,382.72,375.85,380.00,2382300
2021/10/4,380.21,386.87,372.82,374.15,2895600
2021/10/5,378.10,388.22,375.50,385.81,2508100
2021/10/6,382.38,389.55,378.66,388.05,2111800
2021/10/7,392.91,397.85,389.76,390.62,2348000
2021/10/8,390.83,394.31,388.18,392.81,1446700
2021/10/11,392.90,396.95,385.02,385.24,1787400
2021/10/12,386.22,388.59,381.02,386.53,2088200
2021/10/13,388.00,388.38,378.63,386.31,2391600
2021/10/14,392.00,393.66,382.20,391.20,3380900
2021/10/15,402.31,407.27,396.34,406.07,6451400
2021/10/18,408.01,415.94,407.60,413.69,3832300
2021/10/19,415.18,415.85,409.69,412.16,2568300
2021/10/20,411.00,414.33,406.20,407.89,2453400
2021/10/21,406.80,412.66,404.62,407.59,2162100
2021/10/22,409.99,415.36,409.10,414.32,2411000
2021/10/25,416.21,419.49,413.27,414.75,1824700
2021/10/26,416.37,419.81,413.76,417.61,1843300
2021/10/27,416.55,418.06,410.55,410.99,2067200
2021/10/28,412.00,414.92,409.06,414.82,1444700
2021/10/29,414.02,415.96,411.18,413.35,2061700
2021/11/1,417.07,418.73,413.25,416.70,1820800
2021/11/2,415.10,426.16,412.79,423.85,3000800
2021/11/3,423.12,424.00,412.56,417.90,3542400
2021/11/4,414.65,415.99,403.03,408.07,3802300
2021/11/5,411.40,414.45,406.10,407.08,2105600
2021/11/8,409.89,413.65,407.96,408.34,1728400
2021/11/9,406.11,407.58,400.06,405.35,2246900
2021/11/10,402.33,405.55,397.25,399.12,2243900
2021/11/11,400.14,403.76,398.51,402.34,1252400
2021/11/12,403.00,405.10,399.20,404.91,1360100
2021/11/15,406.00,407.34,403.91,404.81,1436500
2021/11/16,403.91,405.84,399.00,403.09,1311000
2021/11/17,401.85,402.65,391.47,391.55,2927000
2021/11/18,392.30,393.92,385.68,391.37,1847400
2021/11/19,382.38,390.24,381.04,387.39,2610400
2021/11/22,393.16,402.49,390.18,396.16,3058700
2021/11/23,400.25,406.96,397.51,406.34,2402300
2021/11/24,405.00,407.48,398.30,399.19,2186300
2021/11/25,405.00,407.48,398.30,399.19,2186300
2021/11/26,384.48,391.71,382.72,389.39,2687900
2021/11/29,394.00,396.37,382.45,386.54,2883400
2021/11/30,383.53,386.83,377.26,380.99,4570400
2021/12/1,383.82,390.16,376.21,376.48,2476000
2021/12/2,378.00,389.09,376.03,387.54,3343700
2021/12/3,389.88,389.88,379.03,382.73,2807500
2021/12/6,388.67,393.60,383.49,389.30,1990200
2021/12/7,393.58,401.75,393.06,400.11,2441000
2021/12/8,401.23,401.71,395.14,397.32,1635200
2021/12/9,395.70,400.19,393.00,396.49,2111500
2021/12/10,398.00,398.86,388.66,391.06,1893800
2021/12/13,391.19,391.19,382.66,384.64,2313300
2021/12/14,383.56,392.50,383.26,388.82,2788500
2021/12/15,389.50,391.40,380.60,389.91,2802300
2021/12/16,395.13,399.84,391.80,397.37,3578200
2021/12/17,389.21,393.67,380.63,381.80,7058600
2021/12/20,375.52,375.63,366.65,371.61,3735600
2021/12/21,376.43,382.09,374.76,380.32,2942800
2021/12/22,380.42,384.01,379.27,382.33,1487900
2021/12/23,383.79,387.61,383.57,385.04,1624000
2021/12/24,383.79,387.61,383.57,385.04,1624000
2021/12/27,386.99,389.11,385.00,388.04,1430400
2021/12/28,388.93,391.33,386.24,387.61,1528200
2021/12/29,387.97,389.46,384.42,386.20,1327800
2021/12/30,387.75,389.78,385.20,385.52,1160100
2021/12/31,385.00,387.00,380.84,382.55,1601300
2022/1/3,389.00,399.30,387.34,395.33,3334300
2022/1/4,402.23,410.28,401.18,407.48,3916400
2022/1/5,409.80,412.66,397.89,398.63,3469600
2022/1/6,401.00,401.20,386.43,396.93,2960900
2022/1/7,397.67,400.55,394.53,397.51,2360700
2022/1/10,401.32,404.37,394.22,399.17,3009400
2022/1/11,400.25,403.34,396.31,403.05,1748800
2022/1/12,403.24,404.12,388.56,390.31,4158000
2022/1/13,394.05,396.87,389.75,390.80,2497800
2022/1/14,382.13,384.39,375.00,380.94,4685300
2022/1/17,382.13,384.39,375.00,380.94,4685300
2022/1/18,360.04,361.57,347.23,354.40,13123500
2022/1/19,358.34,359.71,346.39,347.32,7426100
2022/1/20,348.90,357.18,346.14,348.10,4599900
2022/1/21,345.54,348.99,340.72,343.91,4904100
2022/1/24,337.32,344.07,326.23,343.39,6569800
2022/1/25,337.86,342.93,330.91,341.55,3959300
2022/1/26,346.60,350.48,338.41,342.68,3745900
2022/1/27,345.67,348.77,337.72,341.03,2573400
2022/1/28,337.73,347.15,333.45,347.01,3714600
2022/1/31,344.60,355.21,343.44,354.68,3312400
2022/2/1,356.13,364.54,354.05,364.06,3303700
2022/2/2,363.50,368.53,357.83,363.06,2742400
2022/2/3,362.82,365.76,358.16,358.88,2372900
2022/2/4,362.17,370.95,361.02,367.60,3762300
2022/2/7,365.49,371.47,363.35,368.15,2635600
2022/2/8,371.08,372.65,366.25,370.10,3422300
2022/2/9,373.00,376.28,370.90,374.53,2250400
2022/2/10,371.71,377.40,368.83,370.57,2406200
2022/2/11,368.55,374.90,360.77,363.06,3142100
2022/2/14,363.06,364.29,357.18,360.24,2585600
2022/2/15,364.09,365.89,361.36,363.94,1846400
2022/2/16,361.35,363.02,356.53,360.05,2165300
2022/2/17,358.78,360.96,347.84,349.06,3102400
2022/2/18,345.57,350.00,343.37,346.04,2910900
2022/2/21,345.57,350.00,343.37,346.04,2910900
2022/2/22,342.46,349.00,341.20,344.27,2590800
2022/2/23,347.57,349.26,339.82,341.19,2217300
2022/2/24,328.57,341.00,326.95,340.19,4564000
2022/2/25,340.19,350.70,340.19,350.12,2980500
2022/2/28,340.25,343.84,337.55,341.29,4245700
2022/3/1,337.40,338.16,327.02,328.20,5631500
2022/3/2,331.60,338.00,327.40,336.38,3469900
2022/3/3,338.87,341.50,330.13,333.42,2393700
2022/3/4,327.00,330.66,324.00,329.67,3293100
2022/3/7,326.82,327.79,320.85,321.89,3689900
2022/3/8,322.50,330.56,318.55,321.37,3596400
2022/3/9,331.68,337.47,330.03,333.59,3202100
2022/3/10,327.63,331.84,324.76,329.90,2232600
2022/3/11,334.37,336.61,326.71,327.00,2613500
2022/3/14,329.21,331.62,322.90,324.98,2342200
2022/3/15,327.07,331.90,324.84,329.16,2140700
2022/3/16,335.07,341.33,334.26,340.76,3468500
2022/3/17,337.37,343.60,334.90,343.27,2403500
2022/3/18,338.87,346.77,337.30,345.38,5861900
2022/3/21,345.26,346.30,337.15,339.00,3401200
2022/3/22,342.20,346.24,340.12,343.01,2840200
2022/3/23,340.00,340.83,335.13,335.61,2196800
2022/3/24,336.44,337.50,334.30,336.23,1944100
2022/3/25,337.43,341.83,335.48,337.49,1580800
2022/3/28,338.15,338.50,331.51,335.30,2182600
2022/3/29,342.47,344.00,336.73,339.66,2378700
2022/3/30,339.00,339.86,333.63,335.59,2650200
2022/3/31,336.13,336.50,330.10,330.10,2632000
2022/4/1,333.93,334.16,327.57,330.22,2444800
2022/4/4,330.00,331.87,325.86,328.21,2569400
2022/4/5,327.36,329.74,323.48,323.96,2573900
2022/4/6,320.00,320.62,315.75,316.26,3151300
2022/4/7,315.00,315.83,308.20,314.15,3562600
2022/4/8,313.58,323.68,313.00,321.39,3294200
2022/4/11,320.61,328.90,319.03,320.76,2747700
2022/4/12,321.68,327.12,318.01,319.78,2365200
2022/4/13,315.80,322.63,314.72,321.97,3022900
2022/4/14,328.47,333.03,319.03,321.64,5460900
2022/4/15,328.47,333.03,319.03,321.64,5460900
2022/4/18,320.65,332.66,320.65,329.88,3653400
2022/4/19,330.47,337.20,330.47,335.95,2774800
2022/4/20,338.10,344.90,337.50,341.06,3040100
2022/4/21,344.33,347.35,333.36,334.30,3097800
2022/4/22,332.31,332.50,319.47,319.77,3125200
2022/4/25,316.38,322.16,312.74,321.42,3093600
2022/4/26,317.95,321.60,312.80,313.12,2791700
2022/4/27,312.14,319.24,312.14,313.23,2469300
2022/4/28,317.12,319.36,312.15,318.41,2176000
2022/4/29,317.25,319.08,304.71,305.49,3129600
2022/5/2,305.81,311.37,302.21,310.42,2968100
2022/5/3,311.52,319.52,311.32,314.66,2606200
2022/5/4,315.83,324.80,312.17,324.11,2629400
2022/5/5,320.50,320.68,308.69,313.07,2622100
2022/5/6,312.28,313.71,306.06,312.96,2375600
2022/5/9,308.92,313.77,304.98,308.89,3234000
2022/5/10,311.72,315.15,300.65,305.06,2798400
2022/5/11,305.06,310.91,301.00,301.55,2320600
2022/5/12,300.00,302.89,293.90,299.41,3408300
2022/5/13,303.63,309.63,303.57,306.99,2152500
2022/5/16,305.95,306.47,300.55,303.44,1568800
2022/5/17,309.87,314.32,308.13,312.97,2096200
2022/5/18,309.00,312.86,304.88,306.73,2033200
2022/5/19,303.82,309.99,303.39,308.20,2108800
2022/5/20,311.26,312.59,299.41,306.80,2201100
2022/5/23,312.72,321.83,311.07,316.61,2653000
2022/5/24,315.35,315.80,306.43,313.95,1870900
2022/5/25,311.25,317.60,309.98,314.90,1929500
2022/5/26,318.30,325.50,317.98,323.63,2440400
2022/5/27,326.75,328.67,323.19,328.58,2106700
2022/5/30,326.75,328.67,323.19,328.58,2106700
2022/5/31,324.01,329.72,322.66,326.85,2722900
2022/6/1,327.00,329.27,315.83,321.85,2330200
2022/6/2,320.59,325.20,319.23,324.25,1957500
2022/6/3,320.88,322.50,317.50,318.68,1238900
2022/6/6,323.00,325.21,319.79,320.51,1099700
2022/6/7,318.28,321.84,316.66,321.51,2516800
2022/6/8,318.34,319.55,312.80,314.68,1438100
2022/6/9,313.56,314.14,304.02,304.22,2896500
2022/6/10,296.99,298.65,286.85,287.02,3866900
2022/6/13,279.00,286.42,278.32,283.32,4218100
2022/6/14,284.33,289.18,281.30,282.54,2487700
2022/6/15,287.16,294.48,284.17,290.07,2725800
2022/6/16,282.68,286.13,279.15,284.98,2777300
2022/6/17,282.13,286.26,278.15,279.79,5234400
2022/6/20,282.13,286.26,278.15,279.79,5234400
2022/6/21,287.77,288.07,282.98,284.81,2506300
2022/6/22,282.29,286.01,281.04,284.54,2463100
2022/6/23,283.76,286.59,278.93,286.17,2547000
2022/6/24,291.00,303.13,290.00,302.75,3984300
2022/6/27,303.06,304.32,298.88,300.78,2091700
2022/6/28,305.90,308.97,299.18,299.49,2276600
2022/6/29,303.37,307.44,299.91,303.28,2475900
2022/6/30,296.58,300.33,292.23,297.02,2669500
2022/7/1,295.27,300.33,291.72,299.23,1749400
2022/7/4,295.27,300.33,291.72,299.23,1749400
2022/7/5,293.00,297.35,288.36,297.20,2480900
2022/7/6,296.27,297.34,290.60,293.76,1774500
2022/7/7,297.66,299.07,293.60,298.60,2046500
2022/7/8,300.50,300.89,295.07,296.47,1438900
2022/7/11,293.20,296.54,291.88,293.18,1519400
2022/7/12,289.71,299.08,289.51,292.53,1772600
2022/7/13,290.51,291.19,285.81,290.15,1884100
2022/7/14,284.24,284.24,277.84,281.59,3171900
2022/7/15,286.50,296.43,285.15,293.87,3457600
2022/7/18,305.76,311.25,298.71,301.26,6767900
2022/7/19,303.59,319.14,303.50,318.05,5641100
2022/7/20,317.28,322.17,316.31,321.45,3489800
2022/7/21,320.51,327.16,319.85,326.54,2518800
2022/7/22,327.11,329.05,322.19,323.93,1830300
2022/7/25,325.97,327.29,322.60,324.12,4024500
2022/7/26,321.77,324.29,317.76,318.55,2054700
2022/7/27,320.29,326.39,318.38,324.54,2081900
2022/7/28,325.30,329.98,321.89,329.11,1820700
2022/7/29,329.50,335.18,329.50,333.39,2112200
2022/8/1,331.73,334.80,329.01,332.08,1476500
2022/8/2,329.50,331.83,327.22,327.88,1862900
2022/8/3,332.07,335.51,329.62,333.17,1770600
2022/8/4,333.28,334.30,330.62,331.87,1533400
2022/8/5,330.90,336.91,329.67,334.67,1876400
2022/8/8,337.11,338.84,334.34,334.68,1460000
2022/8/9,336.15,338.17,334.57,336.62,1587900
2022/8/10,341.36,349.70,341.35,347.91,2459500
2022/8/11,350.00,356.05,349.78,351.68,2360800
2022/8/12,353.44,354.56,350.15,353.82,2369000
2022/8/15,351.00,358.62,349.05,355.85,2045700
2022/8/16,352.99,356.47,352.02,354.97,1740900
2022/8/17,351.90,355.59,350.77,353.74,1576300
2022/8/18,352.66,355.10,350.86,354.52,1102200
2022/8/19,351.00,351.86,347.50,349.27,1812300
2022/8/22,342.44,344.53,340.76,342.42,1723900
2022/8/23,341.95,344.07,339.03,340.18,1538000
2022/8/24,339.02,344.32,338.49,341.94,1530800
2022/8/25,344.45,346.86,342.11,346.49,1763900
2022/8/26,348.34,348.74,336.00,336.40,1703900
2022/8/29,333.92,336.40,332.01,333.92,1835600
2022/8/30,335.00,336.01,331.18,333.63,1830300
2022/8/31,331.55,335.14,329.68,332.67,2488000
2022/9/1,329.87,333.69,324.62,333.50,1575100
2022/9/2,334.68,340.32,329.97,331.48,2215400
2022/9/5,334.68,340.32,329.97,331.48,2215400
2022/9/6,332.32,333.25,323.46,326.49,1578100
2022/9/7,324.25,332.16,323.25,330.56,1496600
2022/9/8,330.29,335.81,327.36,335.38,1755600
2022/9/9,337.98,341.03,337.03,340.10,1445600
2022/9/12,341.66,344.37,340.09,342.58,1563200
2022/9/13,336.08,336.52,326.83,328.39,2242100
2022/9/14,328.45,330.93,323.50,327.26,1953300
2022/9/15,328.73,335.28,327.59,331.62,1489400
2022/9/16,326.38,329.00,319.79,326.21,2946800
2022/9/19,320.57,329.29,320.54,328.66,1652700
2022/9/20,325.70,326.80,320.01,323.26,1569900
2022/9/21,324.92,329.79,320.63,320.71,1796700
2022/9/22,322.32,323.39,311.20,312.92,2239900
2022/9/23,307.55,309.79,297.46,301.97,2918500
2022/9/26,299.00,302.10,292.31,294.62,2308800
2022/9/27,297.50,299.15,288.62,291.38,2007400
2022/9/28,294.00,302.41,292.46,300.79,2289700
2022/9/29,297.07,299.35,291.55,296.11,1930800
2022/9/30,296.00,301.09,292.70,293.05,1970800
2022/10/3,297.17,301.23,291.10,299.15,1938800
2022/10/4,306.80,315.16,305.88,314.87,2399500
2022/10/5,306.58,310.21,303.60,309.00,1992800
2022/10/6,307.39,309.08,303.42,304.67,1367400
2022/10/7,304.00,305.15,299.15,301.08,1790100
2022/10/10,303.63,304.72,298.43,300.54,1309600
2022/10/11,298.01,302.52,293.92,294.21,2392800
2022/10/12,293.99,299.78,291.71,295.31,1763800
2022/10/13,290.42,308.76,287.75,307.07,2724900
2022/10/14,307.46,311.62,299.07,299.99,2397600
2022/10/17,304.41,311.62,304.14,306.71,3118600
2022/10/18,321.67,324.48,312.00,313.85,6428600
2022/10/19,312.61,314.79,308.06,311.76,2363800
2022/10/20,312.10,316.05,309.00,310.81,2382300
2022/10/21,311.00,325.77,309.49,325.10,3545700
2022/10/24,328.50,331.24,325.85,328.70,2232600
2022/10/25,327.86,333.60,325.92,332.40,1837700
2022/10/26,334.52,338.67,334.14,335.69,2176700
2022/10/27,339.31,341.93,336.53,337.18,1998800
2022/10/28,338.52,342.58,336.00,341.82,1677100
2022/10/31,341.07,346.18,340.57,344.51,2224000
2022/11/1,345.13,348.69,343.77,348.58,2316600
2022/11/2,347.62,357.44,346.74,349.79,3221200
2022/11/3,347.50,350.67,342.59,348.87,2515600
2022/11/4,354.00,358.38,351.23,357.91,3172700
2022/11/7,360.01,362.96,358.52,362.56,2526900
2022/11/8,362.30,367.19,361.46,364.02,3501300
2022/11/9,362.95,367.15,360.88,362.00,3047200
2022/11/10,370.00,380.43,369.74,378.31,3790400
2022/11/11,380.00,387.00,378.75,385.17,3409100
2022/11/14,384.00,387.30,380.50,382.36,2609100
2022/11/15,385.98,389.58,380.65,382.88,3192400
2022/11/16,383.21,385.40,380.01,382.33,2303700
2022/11/17,377.15,381.72,375.01,379.78,2297600
2022/11/18,381.28,382.83,377.39,379.20,2384500
2022/11/21,378.90,380.77,375.42,380.21,1877500
2022/11/22,381.40,385.83,381.40,383.87,2019400
2022/11/23,383.90,388.20,383.41,386.25,1865400
2022/11/24,383.90,388.20,383.41,386.25,1865400
2022/11/25,385.76,389.44,385.18,388.86,1129300
2022/11/28,385.43,388.39,380.89,382.36,2232200
2022/11/29,381.13,384.93,379.26,383.71,1746900
2022/11/30,382.50,386.15,375.10,386.15,2964100
2022/12/1,386.50,386.50,380.45,383.81,1706300
2022/12/2,381.52,382.52,378.40,380.58,1932300
2022/12/5,378.55,378.87,369.31,371.54,2329600
2022/12/6,369.48,370.37,360.33,362.91,3081900
2022/12/7,362.49,365.30,358.15,359.92,2128200
2022/12/8,362.03,362.59,356.06,358.08,1967800
2022/12/9,356.71,361.64,356.21,359.14,1588800
2022/12/12,358.57,364.01,356.34,363.18,1750400
2022/12/13,374.63,378.56,365.51,368.69,3062600
2022/12/14,367.01,368.83,359.45,360.38,2519700
2022/12/15,354.48,356.11,347.94,349.83,3163700
2022/12/16,345.08,347.78,343.41,346.35,5008800
2022/12/19,346.27,348.40,342.63,344.61,1646700
2022/12/20,345.99,347.42,343.49,344.49,1623000
2022/12/21,348.26,350.88,346.89,350.16,1923100
2022/12/22,347.16,348.05,339.88,345.58,1528900
2022/12/23,344.84,347.76,343.11,345.51,1062000
2022/12/26,344.84,347.76,343.11,345.51,1062000
2022/12/27,346.51,347.75,341.79,341.97,1035000
2022/12/28,340.50,342.85,339.30,340.87,1117200
2022/12/29,342.44,344.64,341.24,343.43,1273600
2022/12/30,341.74,343.69,339.40,343.38,1031400
2023/1/2,341.74,343.69,339.40,343.38,1031400
2023/1/3,345.50,348.60,342.81,346.22,1589700
2023/1/4,348.03,350.31,345.08,347.70,1881000
2023/1/5,344.25,345.14,340.14,343.76,1397800
2023/1/6,347.30,349.00,340.95,348.08,3097800
2023/1/9,351.88,356.50,349.50,353.00,1989000
2023/1/10,352.64,357.50,350.50,357.36,1610100
2023/1/11,358.87,365.50,356.21,364.48,2127000
2023/1/12,366.24,370.10,362.57,369.94,2103100
2023/1/13,363.49,374.35,362.36,374.00,3310200
2023/1/16,363.49,374.35,362.36,374.00,3310200
2023/1/17,364.80,366.79,344.00,349.92,14448300
2023/1/18,348.32,354.79,347.80,349.09,5585200
2023/1/19,346.03,352.16,345.52,350.75,3100400
2023/1/20,349.87,352.25,338.21,341.84,11247200
2023/1/23,341.67,349.56,336.16,349.14,4915700
2023/1/24,340.00,350.30,340.00,348.33,2372000
2023/1/25,344.75,349.96,343.90,349.63,1985200
2023/1/26,351.73,355.00,349.52,354.97,1919200
2023/1/27,351.95,355.99,351.83,353.70,2427400
2023/1/30,353.29,362.33,352.40,357.46,3184500
2023/1/31,359.16,365.92,356.86,365.81,2311500
2023/2/1,359.10,368.94,358.76,365.71,2889400
2023/2/2,368.00,372.89,364.55,369.47,2619600
2023/2/3,365.62,374.57,365.44,369.95,2243100
2023/2/6,369.00,371.26,365.78,370.80,1816200
2023/2/7,368.17,376.31,367.34,374.40,2205500
2023/2/8,372.92,378.35,371.98,375.10,1893200
2023/2/9,377.04,379.68,367.80,367.99,2052500
2023/2/10,367.00,372.23,364.56,371.28,1933400
2023/2/13,369.09,375.06,368.00,374.02,1570600
2023/2/14,373.94,377.05,369.38,371.78,2155500
2023/2/15,368.74,374.37,368.25,374.34,1687200
2023/2/16,370.75,374.25,368.80,370.20,1947800
2023/2/17,368.05,371.06,366.86,368.50,1857300
2023/2/20,368.05,371.06,366.86,368.50,1857300
2023/2/21,366.72,366.72,360.09,361.12,2403000
2023/2/22,361.63,363.00,358.04,360.89,2203800
2023/2/23,363.20,367.88,359.61,363.54,1931400
2023/2/24,360.17,365.18,359.53,363.85,2428600
2023/2/27,368.22,370.30,364.51,365.53,2842400
2023/2/28,366.00,366.01,351.33,351.65,4945600
2023/3/1,349.39,352.54,345.96,346.23,2717400
2023/3/2,343.99,349.78,340.49,349.10,3259800
2023/3/3,350.64,357.77,349.56,357.09,2396200
2023/3/6,358.06,358.86,353.73,357.05,1614200
2023/3/7,355.55,356.20,345.63,346.08,2048500
2023/3/8,346.19,349.69,345.17,349.29,1584600
2023/3/9,349.20,354.29,341.05,342.09,3177800
2023/3/10,338.87,339.93,326.03,327.67,4559700
2023/3/13,319.67,326.11,314.54,315.51,5660700
2023/3/14,324.77,326.38,318.95,322.15,3785900
2023/3/15,310.77,312.51,304.41,312.19,6596700
2023/3/16,309.00,318.32,304.92,315.09,4399100
2023/3/17,310.09,310.40,301.87,303.54,6369800
2023/3/20,306.78,312.20,306.26,309.53,3963700
2023/3/21,317.62,320.32,315.35,317.28,3242400
2023/3/22,317.28,322.22,313.49,313.67,2505900
2023/3/23,315.21,321.36,312.64,314.85,2585900
2023/3/24,310.15,312.75,305.36,312.57,2456700
2023/3/27,318.62,320.90,317.17,318.53,2300600
2023/3/28,319.09,320.61,316.12,318.44,1224300
2023/3/29,322.50,322.71,318.68,320.72,1475900
2023/3/30,324.56,324.87,319.88,321.14,1456300
2023/3/31,323.47,327.33,322.42,327.11,2281100
2023/4/3,326.14,328.98,323.15,326.52,1808800
2023/4/4,326.82,326.87,320.12,322.65,1536800
2023/4/5,319.62,322.20,319.37,321.53,1329300
2023/4/6,320.38,323.23,319.98,322.40,1311000
2023/4/7,320.38,323.23,319.98,322.40,1311000
2023/4/10,322.40,324.99,321.31,324.96,1114400
2023/4/11,326.05,329.20,323.67,327.37,1559600
2023/4/12,331.72,332.07,327.18,330.24,1862400
2023/4/13,330.08,332.94,327.00,332.13,1765500
2023/4/14,336.53,339.63,334.32,336.92,2275700
2023/4/17,336.00,340.45,333.68,339.68,3012100
2023/4/18,328.00,336.55,326.13,333.91,7549500
2023/4/19,332.98,336.99,331.67,336.89,2625400
2023/4/20,334.95,339.31,334.32,338.71,2217900
2023/4/21,339.00,342.36,336.00,341.66,2278900
2023/4/24,341.99,345.06,341.53,343.96,1966300
2023/4/25,341.00,343.47,338.33,339.48,2138200
2023/4/26,337.58,340.60,334.64,336.56,2041900
2023/4/27,340.14,343.36,338.76,341.60,1768200
2023/4/28,340.05,344.10,339.70,343.44,1714100
2023/5/1,344.05,347.46,340.37,340.57,1375000
2023/5/2,339.01,339.89,330.00,333.37,2397600
2023/5/3,332.36,334.83,328.25,328.65,1825400
2023/5/4,325.95,326.98,318.56,321.26,2965100
2023/5/5,325.06,327.87,322.42,327.02,2413400
2023/5/8,329.64,330.30,325.67,326.51,1607300
2023/5/9,325.04,327.18,323.30,324.77,1253300
2023/5/10,329.92,329.92,319.08,322.55,1752200
2023/5/11,319.66,321.94,318.18,320.72,1515200
2023/5/12,322.04,323.22,317.32,319.50,1099100
2023/5/15,320.42,323.25,318.06,322.07,1178200
2023/5/16,322.50,323.07,320.50,320.81,1618900
2023/5/17,322.66,330.39,322.66,330.18,2098100
2023/5/18,330.00,330.60,325.66,329.58,1645400
2023/5/19,330.00,331.95,324.79,326.15,1546100
2023/5/22,326.15,327.34,322.43,324.92,1498900
2023/5/23,323.60,327.14,322.81,323.57,1550900
2023/5/24,320.39,321.90,318.80,319.81,1439100
2023/5/25,318.92,325.18,318.80,323.88,1618500
2023/5/26,324.72,332.87,324.00,332.01,2718700
2023/5/29,324.72,332.87,324.00,332.01,2718700
2023/5/30,332.08,332.53,327.73,330.83,1998600
2023/5/31,326.07,327.25,321.82,323.90,2938000
2023/6/1,324.51,324.68,314.02,316.40,3339700
2023/6/2,318.24,325.27,317.05,323.65,3987700
2023/6/5,322.93,323.49,320.32,321.81,1462900
2023/6/6,322.43,328.07,321.40,326.80,1495600
2023/6/7,327.64,337.84,326.32,335.75,3382700
2023/6/8,335.36,336.33,331.34,335.47,2009500
2023/6/9,335.21,336.20,332.54,336.02,1702100
2023/6/12,338.44,340.09,336.35,339.49,2290800
2023/6/13,340.20,345.28,339.45,342.50,1772400
2023/6/14,344.78,347.73,337.23,338.42,1819400
2023/6/15,337.32,344.00,335.70,339.74,3322700
2023/6/16,341.38,341.40,337.11,338.31,4544900
2023/6/19,341.38,341.40,337.11,338.31,4544900
2023/6/20,335.32,335.38,329.23,330.72,3208100
2023/6/21,328.45,330.00,324.92,325.07,2158700
2023/6/22,323.69,324.26,319.01,319.58,2409100
2023/6/23,316.56,317.71,314.07,314.71,2612000
2023/6/26,315.13,316.64,312.17,312.36,2481000
2023/6/27,312.41,315.68,310.56,313.45,2156800
2023/6/28,311.72,314.90,310.69,313.66,2423500
2023/6/29,317.85,325.50,316.25,323.09,3553600
2023/6/30,325.82,326.03,322.45,322.54,2361800
2023/7/3,322.41,329.40,322.41,326.61,1106800
2023/7/4,322.41,329.40,322.41,326.61,1106800
2023/7/5,323.95,324.61,319.63,320.05,2561000
2023/7/6,318.00,318.64,312.84,313.00,2896900
2023/7/7,313.20,317.37,312.70,315.17,2903100
2023/7/10,316.67,320.08,316.00,316.47,1775800
2023/7/11,318.83,321.04,314.58,320.88,2041700
2023/7/12,324.58,333.35,324.25,326.40,2741300
2023/7/13,327.35,329.28,325.69,328.68,2787800
2023/7/14,331.99,332.48,325.02,326.19,1815200
2023/7/17,325.89,327.49,324.36,327.20,1777400
2023/7/18,327.30,338.25,327.30,337.27,3887400
2023/7/19,338.00,345.88,331.30,340.55,6037400
2023/7/20,339.16,351.68,339.16,350.86,3915000
2023/7/21,351.78,355.08,346.78,351.96,3217400
2023/7/24,352.83,361.62,352.00,358.93,3517500
2023/7/25,357.42,360.82,353.98,354.70,2893000
2023/7/26,354.49,360.26,354.28,357.56,2281600
2023/7/27,358.13,360.54,354.17,354.51,2010800
2023/7/28,356.11,356.50,351.61,353.23,1827400
2023/7/31,354.88,357.20,354.02,355.87,1385500
2023/8/1,354.00,357.87,353.39,357.72,2024300
2023/8/2,354.99,354.99,348.87,351.10,2106600
2023/8/3,349.99,355.21,348.62,353.16,1840400
2023/8/4,353.34,358.73,352.51,353.22,1725300
2023/8/7,355.40,357.67,353.92,355.56,1260300
2023/8/8,351.70,352.00,342.03,348.26,1917300
2023/8/9,346.82,348.46,342.49,342.69,1326000
2023/8/10,344.07,347.26,339.80,340.40,1345900
2023/8/11,339.93,341.79,337.55,340.73,1256800
2023/8/14,337.41,338.45,334.86,337.74,1347000
2023/8/15,333.30,334.03,330.48,332.21,1657800
2023/8/16,330.54,332.92,328.97,329.11,3340300
2023/8/17,330.00,333.99,324.00,327.52,3135200
2023/8/18,324.32,327.62,323.20,324.93,1730500
2023/8/21,325.39,326.39,319.39,322.06,1983500
2023/8/22,322.48,322.64,318.31,318.79,1810300
2023/8/23,320.62,322.45,318.00,322.33,1429000
2023/8/24,322.15,327.49,319.51,319.96,1185600
2023/8/25,320.80,322.72,318.19,320.15,1159600
2023/8/28,321.34,326.60,321.34,325.97,1440100
2023/8/29,325.56,332.70,324.68,332.55,1831700
2023/8/30,330.00,331.91,327.65,328.58,1131500
2023/8/31,329.41,330.49,325.96,327.71,1271100
2023/9/1,329.67,331.62,326.21,327.40,1201400
2023/9/4,329.67,331.62,326.21,327.40,1201400
2023/9/5,327.34,328.48,322.63,323.75,1846000
2023/9/6,322.31,324.14,319.31,321.13,2120800
2023/9/7,320.62,324.22,320.13,321.96,1471100
2023/9/8,321.92,325.97,321.66,325.52,2026400
2023/9/11,328.26,330.15,324.29,324.65,1283100
2023/9/12,324.01,335.28,324.00,330.90,2054700
2023/9/13,333.50,337.01,330.82,334.98,2165000
2023/9/14,339.00,345.12,336.85,344.57,2822700
2023/9/15,345.15,346.19,341.86,342.54,3063900
2023/9/18,342.54,344.26,339.27,343.32,1356600
2023/9/19,343.46,344.97,337.97,341.89,1660200
2023/9/20,342.61,343.80,336.29,336.70,1224400
2023/9/21,334.50,334.69,330.08,330.24,1685100
2023/9/22,330.10,331.54,326.83,327.89,1669100
2023/9/25,327.07,329.29,325.28,328.84,833300
2023/9/26,325.61,327.43,322.42,323.82,1481800
2023/9/27,324.98,325.00,318.98,321.95,1493000
2023/9/28,320.21,326.84,320.21,325.20,1389600
2023/9/29,327.20,327.96,322.27,323.57,1403900
2023/10/2,322.03,323.58,317.10,318.50,1303800
2023/10/3,315.27,315.68,304.39,306.12,3118600
2023/10/4,304.85,309.06,303.48,308.60,1872000
2023/10/5,307.36,310.55,304.21,310.50,1584600
2023/10/6,308.11,315.32,307.17,312.48,1595100
2023/10/9,308.90,313.48,308.37,312.61,1094400
2023/10/10,314.47,316.85,312.29,314.77,1193800
2023/10/11,315.43,316.63,311.60,313.02,1672500
2023/10/12,314.15,314.25,308.02,309.85,1727700
2023/10/13,312.00,316.18,308.17,309.30,1785200
2023/10/16,313.18,315.90,310.25,314.39,2273900
2023/10/17,313.38,316.18,305.91,309.36,4123000
2023/10/18,307.00,307.22,301.48,301.96,3460300
2023/10/19,301.96,305.34,298.63,299.19,3211800
2023/10/20,298.50,303.25,298.10,300.05,2329000
2023/10/23,298.29,303.55,298.19,299.22,2959800
2023/10/24,300.00,303.10,299.08,299.18,1697100
2023/10/25,298.60,300.00,295.03,296.76,1809300
2023/10/26,296.96,300.14,294.78,296.99,2011200
2023/10/27,297.55,298.27,289.36,289.91,2601700
2023/10/30,293.45,301.81,293.29,300.83,3065200
2023/10/31,301.68,304.29,300.70,303.61,2611000
2023/11/1,303.33,308.25,302.84,307.16,2345400
2023/11/2,309.69,314.54,308.00,313.76,2597000
2023/11/3,318.46,329.33,317.93,327.62,3742000
2023/11/6,326.66,328.90,322.10,323.91,2087600
2023/11/7,322.13,326.39,321.29,323.95,1505000
2023/11/8,323.95,326.66,323.67,324.56,1484400
2023/11/9,326.00,326.65,319.66,320.78,1787900
2023/11/10,323.32,326.06,321.65,325.51,1781400
2023/11/13,324.16,328.72,323.53,326.91,1403300
2023/11/14,333.53,341.78,332.47,338.72,3592700
2023/11/15,339.90,341.08,335.34,337.60,2534500
2023/11/16,337.76,339.75,335.01,336.67,1620400
2023/11/17,339.50,340.45,338.12,339.19,1465200
2023/11/20,340.00,341.32,337.50,339.45,3146000
2023/11/21,338.36,339.09,334.55,334.97,1900900
2023/11/22,336.94,338.91,335.37,338.64,1235200
2023/11/23,336.94,338.91,335.37,338.64,1235200
2023/11/24,338.80,340.27,337.64,339.15,460100
2023/11/27,339.19,340.02,335.74,337.71,1250500
2023/11/28,337.38,338.40,334.87,337.65,1419000
2023/11/29,337.00,343.53,336.51,340.26,2038100
2023/11/30,341.68,344.76,340.09,341.54,1903600
2023/12/1,341.46,348.89,340.42,348.43,3623300
2023/12/4,346.30,350.49,345.29,349.39,2178100
2023/12/5,346.60,346.83,340.54,341.75,2429700
2023/12/6,343.51,347.00,341.60,341.97,1869300
2023/12/7,343.71,344.69,342.00,344.62,2162400
2023/12/8,344.31,352.29,343.78,350.83,2238800
2023/12/11,351.44,353.03,349.05,351.76,1636000
2023/12/12,351.41,354.00,349.58,352.61,1597600
2023/12/13,352.94,362.85,351.60,362.73,2876500
2023/12/14,366.50,386.20,365.00,383.47,5376300
2023/12/15,380.19,385.90,379.32,380.51,4522300
2023/12/18,381.26,382.76,375.91,376.40,2740900
2023/12/19,376.01,383.77,374.55,382.45,2091800
2023/12/20,380.73,385.13,377.25,377.52,1836500
2023/12/21,380.05,381.49,377.01,380.57,1301600
2023/12/22,382.00,383.49,379.41,380.65,1538200
2023/12/25,382.00,383.49,379.41,380.65,1538200
2023/12/26,380.65,382.61,380.05,381.61,837300
2023/12/27,381.20,385.75,380.31,384.48,1367200
2023/12/28,384.52,387.76,383.63,386.41,1024700
2023/12/29,385.57,386.64,383.57,385.77,881300
2024/1/1,385.57,386.64,383.57,385.77,881300
2024/1/2,383.00,389.14,382.19,388.30,2263100
2024/1/3,383.88,385.40,376.76,381.79,2265300
2024/1/4,383.55,387.09,381.95,382.95,1618300
2024/1/5,381.92,389.47,381.08,386.44,2913900
2024/1/8,385.97,389.08,382.03,388.86,1902600
2024/1/9,384.60,385.95,381.77,383.74,1708800
2024/1/10,381.35,383.05,378.53,381.96,1547300
2024/1/11,380.89,380.98,374.68,379.75,2209900
2024/1/12,383.34,385.85,376.58,377.75,2223800
2024/1/15,383.34,385.85,376.58,377.75,2223800
2024/1/16,378.36,385.01,374.32,380.45,3926600
2024/1/17,375.20,380.20,374.13,377.18,2415100
2024/1/18,380.33,381.64,374.56,376.91,1771200
2024/1/19,376.73,383.30,372.07,382.20,2603300
2024/1/22,386.36,392.73,384.56,385.96,2922700
2024/1/23,379.98,383.36,378.63,380.77,3313300
2024/1/24,381.81,384.61,379.18,379.40,2235800
2024/1/25,382.69,386.71,382.01,382.70,2376300
2024/1/26,378.65,380.90,376.75,377.79,3464700
2024/1/29,375.89,380.84,374.24,380.56,1632300
2024/1/30,384.00,387.92,381.59,386.87,3897900
2024/1/31,386.00,393.91,383.70,384.01,3421100
2024/2/1,384.43,389.54,378.80,383.85,2138500
2024/2/2,381.80,388.74,380.60,387.86,2180900
2024/2/5,384.60,385.33,381.00,383.02,2231100
2024/2/6,383.02,386.82,383.00,384.99,1487800
2024/2/7,385.31,387.07,382.50,386.66,1963200
2024/2/8,386.00,388.11,381.34,385.04,1913700
2024/2/9,384.77,386.13,382.59,384.26,2028200
2024/2/12,385.00,396.35,384.32,392.64,2797200
2024/2/13,387.59,389.16,375.20,378.75,3030800
2024/2/14,380.88,381.48,375.78,378.04,2041300
2024/2/15,379.42,387.21,379.14,385.42,2218900
2024/2/16,383.24,387.58,380.95,384.44,2376800
2024/2/19,383.24,387.58,380.95,384.44,2376800
2024/2/20,380.95,385.58,380.85,384.52,2358900
2024/2/21,381.84,388.66,381.26,388.27,1772500
2024/2/22,389.23,395.60,389.00,390.47,2326800
2024/2/23,390.00,396.79,389.21,391.05,2247400
2024/2/26,391.05,396.06,388.82,390.22,1797800
2024/2/27,392.26,395.90,389.33,390.81,1724900
2024/2/28,387.19,393.26,387.00,393.18,2572900
2024/2/29,395.22,395.98,385.67,389.05,3139100
2024/3/1,389.63,391.04,385.25,388.10,1697700
2024/3/4,388.81,396.57,386.20,392.25,1955100
2024/3/5,390.72,397.49,390.31,390.91,2697800
2024/3/6,395.00,395.29,384.52,389.57,2692400
2024/3/7,391.90,394.51,387.06,388.43,2033100
2024/3/8,388.73,395.62,386.71,386.99,1657200
2024/3/11,385.67,386.41,381.42,386.16,1654200
2024/3/12,387.62,389.13,383.78,388.18,1703900
2024/3/13,388.91,395.25,388.18,392.31,2370600
2024/3/14,394.43,396.38,385.45,388.61,3029500
2024/3/15,388.87,391.13,386.40,387.21,3763900
2024/3/18,388.65,389.03,383.41,384.37,2069000
2024/3/19,384.07,390.78,383.71,388.66,1858200
2024/3/20,386.36,396.50,386.00,396.47,2157400
2024/3/21,399.77,414.02,399.09,413.71,4613800
2024/3/22,414.40,416.76,405.78,406.82,2190300
2024/3/25,406.87,410.46,403.86,404.94,1683900
2024/3/26,406.09,409.33,404.52,406.18,1407000
2024/3/27,409.62,415.49,408.37,415.25,2353600
2024/3/28,416.21,419.20,414.98,417.69,2409700
2024/3/29,416.21,419.20,414.98,417.69,2409700
2024/4/1,416.68,417.95,412.00,413.51,1863900
2024/4/2,410.74,413.17,407.62,410.15,1976000
2024/4/3,411.00,416.63,411.00,414.00,1549200
2024/4/4,418.00,419.00,405.70,406.25,1704700
2024/4/5,406.56,409.14,401.47,408.07,1694900
2024/4/8,409.10,412.53,407.55,410.54,1181900
2024/4/9,411.51,413.22,407.05,410.71,1247200
2024/4/10,404.01,405.45,397.29,400.76,1903300
2024/4/11,400.48,401.47,394.84,397.48,2176200
2024/4/12,392.84,394.09,387.12,389.49,2815800
2024/4/15,407.00,412.87,398.69,400.88,6177000
2024/4/16,404.45,404.97,395.18,396.86,3459700
2024/4/17,402.40,407.12,401.18,403.91,4373800
2024/4/18,405.49,407.86,402.41,403.11,2776300
2024/4/19,404.06,408.00,403.01,404.00,2805500
2024/4/22,406.94,417.98,404.57,417.35,4165600
2024/4/23,417.71,425.35,416.20,424.00,2662300
2024/4/24,421.50,424.58,419.61,423.04,1575900
2024/4/25,420.99,423.61,414.85,420.05,1970100
2024/4/26,420.23,428.53,419.64,427.57,2322700
2024/4/29,427.57,433.33,427.20,430.81,2453000
2024/4/30,428.50,431.39,426.00,426.71,1829900
2024/5/1,426.69,433.43,425.19,426.95,2310100
2024/5/2,431.20,433.65,428.17,432.57,2087500
2024/5/3,435.00,442.30,434.92,438.18,2406300
2024/5/6,441.75,444.38,439.68,443.67,1914300
2024/5/7,445.17,447.42,442.87,443.80,2058200
2024/5/8,442.80,448.02,442.05,446.95,2006700
2024/5/9,446.34,456.43,446.34,455.56,2710200
2024/5/10,456.52,458.75,454.32,454.73,1823900
2024/5/13,456.27,457.20,453.32,453.56,1579600
2024/5/14,454.84,461.77,454.01,458.47,2412900
2024/5/15,461.59,466.19,460.95,466.09,2217700
2024/5/16,464.37,468.25,462.28,464.52,2070300
2024/5/17,466.38,468.66,464.25,467.72,1655900
2024/5/20,468.20,471.48,462.60,462.94,2591500
2024/5/21,462.23,471.31,462.20,470.41,2762600
2024/5/22,467.36,470.33,459.75,462.38,2729500
2024/5/23,464.23,464.31,457.41,458.15,2254500
2024/5/24,459.84,465.25,459.10,461.18,1932200
2024/5/27,459.84,465.25,459.10,461.18,1932200
2024/5/28,459.94,463.69,458.91,459.81,1930800
2024/5/29,454.84,458.74,451.65,457.17,2315700
2024/5/30,453.00,455.86,447.60,450.23,2135000
2024/5/31,449.76,456.77,448.12,456.52,2638300
2024/6/3,458.87,458.87,450.20,454.98,1930700
2024/6/4,450.50,457.71,449.21,455.30,1835000
2024/6/5,457.55,463.02,457.50,461.68,1678900
2024/6/6,461.82,464.52,457.01,458.10,1598000
2024/6/7,455.44,461.16,454.50,454.91,1736100
2024/6/10,452.33,455.36,450.30,453.55,1698600
2024/6/11,451.04,451.86,443.38,444.27,1938200
2024/6/12,455.60,457.64,446.19,448.70,1733000
2024/6/13,446.73,448.32,442.15,446.35,1849100
2024/6/14,441.99,448.23,439.15,446.46,1559100
2024/6/17,445.10,450.78,443.39,450.18,1531600
2024/6/18,449.57,457.69,448.51,457.43,1798400
2024/6/19,449.57,457.69,448.51,457.43,1798400
2024/6/20,458.00,460.41,455.24,458.05,2080600
2024/6/21,458.68,458.80,449.90,450.18,3780800
2024/6/24,451.25,463.52,450.00,462.09,1882200
2024/6/25,459.46,464.08,456.75,457.38,1555900
2024/6/26,455.41,457.93,452.45,455.86,2131700
2024/6/27,449.78,449.78,442.80,445.96,2835200
2024/6/28,450.10,457.34,449.53,452.32,3839700
2024/7/1,454.51,464.02,454.01,463.66,1850500
2024/7/2,461.51,466.27,459.60,465.61,1491800
2024/7/3,469.04,469.89,465.82,467.92,993900
2024/7/4,469.04,469.89,465.82,467.92,993900
2024/7/5,467.47,467.58,460.13,464.75,1593800
2024/7/8,467.65,474.86,464.04,464.82,2214300
2024/7/9,465.60,479.30,461.58,472.83,4525100
2024/7/10,472.51,479.86,469.85,478.89,1946000
2024/7/11,480.00,483.16,476.27,479.23,2251400
2024/7/12,480.93,483.44,478.10,479.88,2727800
2024/7/15,480.25,493.00,476.31,492.23,3568200
2024/7/16,494.00,506.59,491.99,503.02,3981700
2024/7/17,503.00,509.48,499.43,502.18,3908900
2024/7/18,499.52,503.69,484.22,486.21,3320200
2024/7/19,489.12,492.60,483.19,484.93,2032700
2024/7/22,484.56,489.47,482.38,487.04,1792500
2024/7/23,487.08,495.81,486.28,492.15,2020500
2024/7/24,489.26,495.99,485.82,486.70,1598600
2024/7/25,486.05,496.11,483.23,491.71,1489700
2024/7/26,495.72,504.00,495.65,499.03,2249700
2024/7/29,500.42,502.00,491.06,492.72,1599500
2024/7/30,498.31,509.47,498.30,505.67,2642500
2024/7/31,504.86,517.26,504.86,509.03,2658900
2024/8/1,510.00,514.02,494.68,500.12,4006800
2024/8/2,491.10,494.46,467.21,470.64,6115500
2024/8/5,447.59,463.18,437.37,459.02,4177200
2024/8/6,461.01,475.25,457.43,470.22,2209300
2024/8/7,479.39,488.55,472.57,473.01,2587600
2024/8/8,477.87,487.73,477.16,485.77,1936400
2024/8/9,485.02,492.00,482.20,490.26,1622700
2024/8/12,490.26,492.87,483.75,485.50,1839300
2024/8/13,490.29,493.27,486.47,491.94,1243700
2024/8/14,492.90,499.35,488.40,498.70,1545600
2024/8/15,505.00,506.91,498.26,499.02,1732300
2024/8/16,497.05,504.91,497.00,504.26,1587000
2024/8/19,505.00,507.78,501.86,504.68,1027900
2024/8/20,503.87,504.16,496.50,497.34,2122700
2024/8/21,499.50,500.78,494.03,496.46,917100
2024/8/22,497.00,499.70,494.79,497.75,943800
2024/8/23,502.75,512.44,499.85,509.42,1751800
2024/8/26,512.34,513.50,505.32,507.87,1084200
2024/8/27,507.84,511.48,506.59,507.26,977900
2024/8/28,506.60,508.37,498.47,503.33,1568100
2024/8/29,506.00,513.24,501.14,510.10,1566300
2024/8/30,507.83,511.19,505.17,510.25,1838900
2024/9/2,507.83,511.19,505.17,510.25,1838900
2024/9/3,507.47,509.70,485.40,487.46,2373600
2024/9/4,486.70,496.20,486.70,490.64,1509400
2024/9/5,493.58,495.77,483.07,487.88,1828300
2024/9/6,486.60,495.41,477.06,479.61,1995600
2024/9/9,485.53,494.28,483.39,488.57,1714200
2024/9/10,489.13,489.20,461.57,467.13,3583100
2024/9/11,463.98,471.89,457.48,471.17,2426500
2024/9/12,471.30,474.34,465.40,474.06,1480500
2024/9/13,475.99,482.10,475.50,478.99,1794500
2024/9/16,481.43,487.38,479.49,485.16,1500300
2024/9/17,488.00,489.73,481.80,485.39,1444900
2024/9/18,485.40,492.99,481.77,484.58,1699500
2024/9/19,494.74,506.41,493.46,503.83,3060700
2024/9/20,500.19,502.05,495.48,498.43,4452600
2024/9/23,498.21,501.40,495.22,497.41,953200
2024/9/24,497.59,499.56,494.10,498.02,1035400
2024/9/25,498.50,502.00,490.40,491.14,1763900
2024/9/26,494.00,498.40,492.48,496.92,1378100
2024/9/27,498.97,505.40,495.86,498.51,1420100
2024/9/30,494.89,496.52,488.90,495.11,1602500
2024/10/1,494.58,494.58,484.61,490.17,1528600
2024/10/2,491.17,494.86,487.95,491.99,1445100
2024/10/3,489.93,490.51,484.20,486.10,1290600
2024/10/4,495.64,496.31,486.00,495.16,1721600
2024/10/7,494.63,499.01,490.79,494.62,1173300
2024/10/8,497.00,498.34,492.78,496.57,1296700
2024/10/9,498.20,506.27,495.25,505.18,1695900
2024/10/10,506.31,506.80,499.59,503.72,1309000
2024/10/11,508.00,517.97,507.80,516.30,2409700
2024/10/14,517.65,523.07,515.51,522.75,2174900
2024/10/15,538.80,540.51,515.51,522.38,4525400
2024/10/16,530.00,536.22,525.98,529.86,2649000
2024/10/17,531.24,535.29,528.23,529.00,2123500
2024/10/18,529.39,530.77,526.87,528.50,1779200
2024/10/21,528.00,529.85,517.00,517.80,1752100
2024/10/22,515.61,519.63,512.94,518.30,1588000
2024/10/23,515.80,520.00,513.40,517.20,1263200
2024/10/24,519.00,525.00,518.20,524.50,2058200
2024/10/25,528.05,528.80,510.74,512.60,1633200
2024/10/28,515.40,524.59,514.98,523.58,1687100
2024/10/29,521.18,527.24,521.00,524.28,1281600
2024/10/30,523.40,530.79,523.07,524.40,1441600
2024/10/31,522.44,525.00,514.53,517.79,2061700
2024/11/1,520.00,526.64,517.04,519.35,1625000
2024/11/4,518.00,518.05,510.51,511.47,1797800
2024/11/5,513.00,527.46,512.60,526.96,2169900
2024/11/6,567.30,598.61,566.10,595.98,8042800
2024/11/7,590.00,595.00,581.52,582.17,4475600
2024/11/8,586.42,595.15,581.30,589.26,2714000
2024/11/11,598.90,607.15,596.17,602.34,2510800
2024/11/12,598.05,602.09,591.47,592.59,2392900
2024/11/13,594.63,603.55,592.65,594.22,1763100
2024/11/14,600.00,601.53,586.24,588.61,1670500
2024/11/15,593.36,595.14,587.09,593.54,2007700
2024/11/18,594.71,595.07,584.72,587.99,1848900
2024/11/19,579.66,584.76,575.51,581.38,2217400
2024/11/20,583.83,587.80,576.62,581.93,1528600
2024/11/21,586.51,600.70,584.51,596.11,2281900
2024/11/22,596.22,603.94,594.44,602.78,1733700
2024/11/25,608.79,611.30,598.83,603.03,2940800
2024/11/26,600.13,607.19,593.00,605.50,2846500
2024/11/27,607.68,612.25,603.28,605.43,1424500
2024/11/28,607.68,612.25,603.28,605.43,1424500
2024/11/29,609.31,612.73,607.06,608.57,1170200
2024/12/2,608.00,611.91,601.30,601.71,1804100
2024/12/3,608.96,611.42,600.80,602.08,1718100
2024/12/4,603.00,604.28,596.76,598.71,1617300
2024/12/5,600.53,606.56,596.35,596.80,1672800
2024/12/6,597.16,600.00,594.37,599.68,1405700
2024/12/9,598.99,603.00,593.72,594.12,1633200
2024/12/10,590.00,596.27,583.76,585.03,2600800
2024/12/11,590.12,593.71,586.90,592.56,2195300
2024/12/12,592.59,596.32,588.61,591.61,1218400
2024/12/13,594.00,595.00,585.08,585.48,1215000
2024/12/16,588.00,588.27,578.70,586.33,1713300
2024/12/17,580.84,581.61,572.29,574.68,2314100
2024/12/18,577.49,579.47,544.49,550.25,3271600
2024/12/19,561.44,567.00,553.60,553.99,2753300
2024/12/20,554.94,572.90,553.38,566.10,4515900
2024/12/23,565.00,571.64,561.80,570.78,1519500
2024/12/24,574.20,582.79,571.36,582.79,913400
2024/12/25,574.20,582.79,571.36,582.79,913400
2024/12/26,578.15,582.59,577.50,581.23,1092000
2024/12/27,577.00,581.96,571.35,576.18,1486000
2024/12/30,567.27,576.02,565.10,573.55,1265900
2024/12/31,575.07,576.92,570.40,572.62,1055800
2025/1/1,575.07,576.92,570.40,572.62,1055800
2025/1/2,579.31,584.31,569.74,574.97,2219000
2025/1/3,581.00,582.14,571.73,580.13,1422600
2025/1/6,584.98,593.65,579.82,583.39,2257000
2025/1/7,587.11,588.28,568.40,580.12,2021900
2025/1/8,581.04,581.20,572.67,580.02,1513400
2025/1/9,581.04,581.20,572.67,580.02,1513400
2025/1/10,576.25,576.25,558.01,560.00,2817900
2025/1/13,557.88,566.19,556.76,562.95,1871200
2025/1/14,569.66,573.59,565.20,571.53,2221900
2025/1/15,598.00,609.41,593.00,605.92,5119800
2025/1/16,609.99,616.84,606.00,612.99,3224500
2025/1/17,617.80,627.00,613.00,625.94,3425200
2025/1/20,617.80,627.00,613.00,625.94,3425200
2025/1/21,616.81,635.43,609.00,634.74,5076700
2025/1/22,633.44,635.60,629.71,632.73,2835700
2025/1/23,634.92,645.54,634.49,639.50,2582700
2025/1/24,630.00,640.60,628.96,636.90,3183500
2025/1/27,625.00,635.71,624.46,633.28,3351700
2025/1/28,632.20,639.08,631.81,637.80,2338000
2025/1/29,637.00,649.00,636.41,637.38,1918900
2025/1/30,644.49,649.52,641.00,645.70,1812800
2025/1/31,650.00,650.00,637.44,640.40,1995100
2025/2/3,626.00,638.48,622.48,632.37,2102600
2025/2/4,632.00,637.67,629.09,634.18,1743400
2025/2/5,638.00,646.41,635.53,645.45,1908200
2025/2/6,650.00,658.85,648.94,658.22,2439200
2025/2/7,659.40,663.87,653.16,655.90,2616700
2025/2/10,659.02,662.49,644.25,650.53,2351600
2025/2/11,646.78,649.04,643.60,647.24,2711400
2025/2/12,643.76,650.47,639.11,649.00,2295800
2025/2/13,651.83,652.00,640.51,648.95,2031800
2025/2/14,650.32,663.26,650.32,660.55,2246000
2025/2/17,650.32,663.26,650.32,660.55,2246000
2025/2/18,662.59,672.19,661.02,672.19,2350100
2025/2/19,669.08,671.04,663.28,668.15,1953600
2025/2/20,668.03,670.28,631.66,642.26,3929000
2025/2/21,644.75,647.50,623.43,625.60,3000800
2025/2/24,633.51,637.30,614.80,626.14,3274100
2025/2/25,628.53,631.32,606.00,614.91,2885900
2025/2/26,616.67,623.13,615.20,617.77,2001200
2025/2/27,617.54,625.23,607.31,608.00,2396300
2025/2/28,607.79,623.65,604.01,622.29,3337200
2025/3/3,622.40,628.78,598.32,605.26,3152300
2025/3/4,595.98,600.00,567.57,581.14,4061000
2025/3/5,582.09,597.12,576.78,593.07,2600600
2025/3/6,580.59,586.71,564.62,567.67,4332300
2025/3/7,568.17,568.17,544.91,559.67,4069600
2025/3/10,542.30,546.47,523.13,531.66,5272100
2025/3/11,532.47,539.99,524.20,531.43,4190500
2025/3/12,544.00,545.00,528.59,535.71,3078100
2025/3/13,535.67,538.14,520.06,524.81,2529100
2025/3/14,533.99,543.57,526.70,541.41,2808100
2025/3/17,541.23,557.16,540.00,551.34,2695600
2025/3/18,550.29,553.75,546.65,551.78,2641000
2025/3/19,549.00,563.00,544.60,557.34,2769800
2025/3/20,553.10,568.44,552.00,562.68,2531300
2025/3/21,555.33,567.00,551.21,565.14,3565600
2025/3/24,575.00,582.72,573.05,580.10,1877700
2025/3/25,584.69,586.89,578.21,585.94,1875500
2025/3/26,588.39,592.64,571.00,573.92,1944200
2025/3/27,565.00,566.00,552.55,558.92,2100900
2025/3/28,555.95,560.50,537.71,543.12,2773100
2025/3/31,533.82,547.39,528.59,546.29,2455100
2025/4/1,543.25,551.96,533.24,548.45,1869600
2025/4/2,539.80,567.32,539.08,563.10,2560700
2025/4/3,525.43,529.99,509.56,511.23,5193900
2025/4/4,487.00,492.00,460.00,470.81,8105200
2025/4/7,446.90,489.98,439.38,465.51,6353800
2025/4/8,488.25,491.92,452.83,462.22,4240900
2025/4/9,451.36,522.00,447.11,516.87,7024100
2025/4/10,503.10,503.10,474.00,489.80,5374500
2025/4/11,487.00,498.52,478.58,494.44,3770200
2025/4/14,510.00,512.00,497.15,503.98,4392600
2025/4/15,507.41,518.65,507.00,507.89,2501200
2025/4/16,501.72,509.45,492.69,499.05,2765600
2025/4/17,503.24,514.83,499.12,509.49,2593500
2025/4/18,503.24,514.83,499.12,509.49,2593500
2025/4/21,505.40,509.27,494.68,501.36,2859300
2025/4/22,510.23,521.00,508.93,519.99,2514600
2025/4/23,533.63,551.79,528.26,529.31,3048100
2025/4/24,527.10,546.84,523.42,545.37,2223600
2025/4/25,544.60,549.09,541.22,544.86,1612700
2025/4/28,544.86,554.50,542.47,546.40,1459700
2025/4/29,543.79,550.88,541.30,548.92,1695600
2025/4/30,535.76,549.52,531.45,547.55,2438300
2025/5/1,548.10,558.35,545.50,553.83,2583000
2025/5/2,561.58,569.78,559.70,566.10,2883000
2025/5/5,558.36,566.56,557.50,559.56,2197200
2025/5/6,549.60,557.44,547.06,549.36,2902500
2025/5/7,550.21,555.38,547.74,551.92,1954900
2025/5/8,558.82,572.16,558.21,565.70,1994600
2025/5/9,570.25,572.10,565.78,567.10,1522500
2025/5/12,596.26,603.37,588.08,591.34,3527700
2025/5/13,593.30,607.71,593.06,603.81,2765800
2025/5/14,603.80,615.00,602.50,611.60,2874400
2025/5/15,609.73,619.21,609.73,615.90,2428100
2025/5/16,616.95,620.79,613.56,619.03,2021800
2025/5/19,609.19,619.38,598.34,612.30,2842100
2025/5/20,607.75,611.55,603.01,606.52,1601600
2025/5/21,601.80,609.87,592.00,593.46,2635900
2025/5/22,592.55,602.20,592.51,598.23,1939600
2025/5/23,585.00,601.96,582.50,598.54,1530600
2025/5/26,585.00,601.96,582.50,598.54,1530600
2025/5/27,605.90,617.67,604.95,615.73,2364700
2025/5/28,617.28,618.63,607.31,608.44,2001900
2025/5/29,608.52,610.00,598.30,604.86,1736100
2025/5/30,600.00,603.60,593.83,600.45,2129500
2025/6/2,598.60,599.17,592.17,598.72,1221200
2025/6/3,600.00,606.32,593.73,603.83,1730300
2025/6/4,605.48,606.33,598.72,599.21,1294900
2025/6/5,600.00,609.72,592.90,605.88,2086700
2025/6/6,613.00,621.38,610.00,614.00,1675900
2025/6/9,614.75,619.10,611.01,613.52,1610700
2025/6/10,613.00,616.55,609.31,614.87,1376400
2025/6/11,617.18,629.84,614.59,624.17,2063600
2025/6/12,621.00,626.01,615.80,625.11,1634700
2025/6/13,616.05,620.12,609.59,613.54,1674800
2025/6/16,619.00,632.27,618.00,627.85,1870400
2025/6/17,624.70,631.67,623.00,624.64,1479300
2025/6/18,624.51,639.88,623.65,635.24,2423100
2025/6/19,624.51,639.88,623.65,635.24,2423100
2025/6/20,638.83,642.64,636.69,640.80,4115400
2025/6/23,639.26,647.42,630.01,646.88,2020800
2025/6/24,654.45,663.77,653.24,662.11,2307800
2025/6/25,664.60,670.12,660.79,669.87,1566400
2025/6/26,670.62,689.33,670.51,687.16,2849500
2025/6/27,691.00,694.20,685.39,690.81,3650500
2025/6/30,714.27,714.30,702.95,707.75,3976400
2025/7/1,708.00,713.01,700.61,706.46,3301000
2025/7/2,708.80,718.73,705.08,715.89,2906500
2025/7/3,715.91,726.00,713.40,723.68,1502000
2025/7/4,715.91,726.00,713.40,723.68,1502000
2025/7/7,721.70,723.97,706.34,710.93,2863700
2025/7/8,710.72,711.19,693.77,697.28,3100700
2025/7/9,704.34,704.34,694.71,696.56,1763400
2025/7/10,696.74,710.38,696.45,709.12,1733500
2025/7/11,703.59,706.00,700.23,704.95,1681800
2025/7/14,704.74,713.43,702.13,713.30,1909300
2025/7/15,713.30,714.69,700.04,702.51,1981200
2025/7/16,708.50,709.78,691.30,708.82,3323200
2025/7/17,706.28,717.45,704.28,705.84,2046100
2025/7/18,707.06,710.29,698.39,708.26,1925200
2025/7/21,709.14,712.76,704.35,706.00,2006500
2025/7/22,703.66,706.49,691.88,700.41,1978900
2025/7/23,702.00,719.01,701.50,717.52,2395700
2025/7/24,718.93,725.77,714.73,719.18,1974700
2025/7/25,720.76,729.89,718.35,728.98,1851400
2025/7/28,728.00,732.52,722.17,723.65,1464800
2025/7/29,726.85,734.13,722.42,731.98,2136000
2025/7/30,731.14,737.88,723.18,730.75,1816200
2025/7/31,726.59,734.04,720.44,723.59,2358100
2025/8/1,710.51,714.52,694.05,709.57,2999100
2025/8/4,715.20,726.79,715.20,726.03,1753700
2025/8/5,728.00,729.40,714.55,720.91,1977300
2025/8/6,724.50,728.30,722.00,724.74,1477100
2025/8/7,730.62,732.94,717.61,719.74,1400400
2025/8/8,725.86,728.00,718.65,721.27,1275400
2025/8/11,722.20,723.84,715.74,719.24,1273500
2025/8/12,725.28,748.14,724.35,743.38,2418100
2025/8/13,745.78,748.91,732.62,744.69,1862600
2025/8/14,742.72,748.16,737.00,747.20,1371200
2025/8/15,749.00,749.05,729.18,730.72,1645900
2025/8/18,729.50,731.61,723.87,730.96,1157800
2025/8/19,729.16,730.00,717.73,721.38,1856400
2025/8/20,721.20,722.25,705.55,720.68,1872700
2025/8/21,716.54,719.22,712.97,715.95,1162000
2025/8/22,720.14,744.84,718.58,741.89,1948600
2025/8/25,741.89,746.50,738.33,738.79,1381200
2025/8/26,737.71,749.16,733.86,748.95,1511600
2025/8/27,745.97,753.00,745.02,749.67,1534800
2025/8/28,750.99,753.33,746.99,751.22,1411200
2025/8/29,746.71,748.92,738.90,745.25,1467000
2025/9/1,746.71,748.92,738.90,745.25,1467000
2025/9/2,736.39,736.39,721.16,730.85,2296400
2025/9/3,728.56,732.02,722.30,730.56,1485600
2025/9/4,733.75,748.91,731.17,748.90,1778200
2025/9/5,752.19,757.35,727.15,738.21,1822800
2025/9/8,739.42,743.54,733.57,741.85,1400100
2025/9/9,740.13,765.62,738.54,763.92,2611300
2025/9/10,761.86,774.47,761.63,769.58,1996200
2025/9/11,772.00,793.17,771.35,784.73,2075700
2025/9/12,783.50,787.03,776.26,780.06,1099400
2025/9/15,782.95,792.38,781.44,786.76,1292000
2025/9/16,789.53,790.01,779.69,785.53,1529500
2025/9/17,788.86,798.57,785.23,794.22,1945300
2025/9/18,795.57,807.28,792.40,804.31,1501600
2025/9/19,804.09,809.66,797.37,805.00,3789800
2025/9/22,801.14,806.03,797.54,805.56,1151000
2025/9/23,807.10,825.25,802.00,806.32,1758800
2025/9/24,809.55,812.84,792.34,792.43,1402500
2025/9/25,786.00,798.18,782.01,794.76,1413100
2025/9/26,797.16,809.50,795.13,802.51,1376200
2025/9/29,807.80,808.84,797.99,804.12,1059000
2025/9/30,805.50,809.62,786.45,796.35,2463900
2025/10/1,793.62,796.28,783.23,785.51,1788900
2025/10/2,788.88,791.00,772.44,779.38,1553700
2025/10/3,783.00,794.92,777.86,789.98,1470500
2025/10/6,795.00,802.50,780.05,796.78,1632600
2025/10/7,798.00,805.32,781.39,789.65,1547200
2025/10/8,791.75,795.00,774.34,776.51,1939300
2025/10/9,778.85,782.91,771.35,779.96,1575000
2025/10/10,783.12,791.66,764.00,764.36,2457900
2025/10/13,777.88,791.05,777.88,786.78,2766000
2025/10/14,764.45,786.57,742.46,770.76,4710800
2025/10/15,778.62,782.49,762.66,767.93,3217400
2025/10/16,770.66,781.44,752.41,758.09,3160900
2025/10/17,758.15,758.94,740.01,750.77,2884700
2025/10/20,757.00,766.42,752.88,763.32,1925400
2025/10/21,759.00,765.30,758.27,758.98,1782200
2025/10/22,760.61,760.61,743.11,744.60,2141400
2025/10/23,749.34,755.00,744.66,750.78,1615400
2025/10/24,759.85,784.61,756.00,783.88,2505600
2025/10/27,789.00,796.71,787.01,789.99,1645300
2025/10/28,792.05,798.36,787.35,792.09,1242000
2025/10/29,788.00,800.49,778.82,783.06,2251500
2025/10/30,783.56,807.14,780.60,790.16,1829500
2025/10/31,784.98,791.72,783.00,789.37,1328100
2025/11/3,789.57,796.00,781.44,785.52,1569100
2025/11/4,777.00,806.00,773.00,790.83,2046000
2025/11/5,790.44,797.36,775.58,793.09,1832700
2025/11/6,794.00,798.20,777.00,787.58,1572500
2025/11/7,783.00,787.06,762.80,786.34,2098400
2025/11/10,796.08,806.36,788.80,797.20,1698200
2025/11/11,798.48,812.00,795.61,810.31,1521500
2025/11/12,814.13,840.00,814.13,838.97,2954100
2025/11/13,833.06,841.28,805.02,805.50,2557400
2025/11/14,795.55,800.61,778.00,790.91,2552000
2025/11/17,790.00,796.73,770.50,775.56,1850600
2025/11/18,772.06,787.70,766.54,776.30,1673500
2025/11/19,776.30,787.87,775.00,785.99,1521100
2025/11/20,795.25,816.00,772.19,773.70,2599000
2025/11/21,776.83,780.37,754.00,774.03,2284700
2025/11/24,778.64,793.99,775.36,790.71,2319500
2025/11/25,797.00,805.26,777.99,802.32,2252900
2025/11/26,805.84,819.58,805.00,816.01,1862500
2025/11/27,805.84,819.58,805.00,816.01,1862500
2025/11/28,820.00,830.57,818.95,826.04,868300
2025/12/1,818.59,824.73,809.61,810.86,2133200
2025/12/2,811.12,819.70,808.30,815.21,2254200
2025/12/3,812.95,837.91,812.95,836.57,2347900
2025/12/4,835.54,843.99,834.50,837.83,1670800
2025/12/5,837.26,856.20,836.52,854.56,2277500
2025/12/8,861.10,870.56,856.30,866.69,2238100
2025/12/9,866.00,883.72,864.31,876.58,2274800
2025/12/10,871.35,897.20,869.27,889.24,2394300
2025/12/11,889.98,919.10,888.00,911.03,2683000
2025/12/12,913.75,914.99,886.99,887.96,2715200
2025/12/15,892.00,904.47,889.59,889.59,1976600
2025/12/16,890.23,896.24,874.32,879.15,2161600
2025/12/17,886.33,895.97,868.44,872.33,2213300
2025/12/18,880.50,892.79,874.70,876.30,2066300
2025/12/19,883.17,899.75,881.95,893.48,4808300
2025/12/22,896.52,905.48,894.84,899.00,1442300
2025/12/23,900.35,905.92,893.70,901.71,1210200
2025/12/24,901.16,911.88,898.70,910.78,771800
2025/12/25,901.16,911.88,898.70,910.78,771800
2025/12/26,911.00,913.32,905.31,907.04,995300
2025/12/29,906.45,906.48,891.56,892.18,1578000
2025/12/30,894.74,895.02,881.18,884.42,1833300
2025/12/31,884.10,886.00,876.79,879.00,1221500
2026/1/1,884.10,886.00,876.79,879.00,1221500
2026/1/2,884.00,914.44,880.75,914.34,2817600
2026/1/5,914.40,961.69,912.60,948.44,3742000
2026/1/6,949.41,958.57,943.25,955.47,1966000
2026/1/7,956.88,958.25,934.00,941.02,2683300
2026/1/8,935.48,945.19,932.00,934.83,1960800
2026/1/9,938.77,946.14,932.70,938.98,1334100
2026/1/12,934.00,950.56,929.11,949.55,2179600
2026/1/13,947.32,949.94,931.00,938.15,1969600
2026/1/14,932.30,938.15,917.90,932.67,2513000
2026/1/15,924.90,981.26,924.67,975.86,3773700
2026/1/16,973.00,984.70,957.00,962.00,3071600
2026/1/19,973.00,984.70,957.00,962.00,3071600
2026/1/20,946.38,962.60,939.10,943.37,2629100
2026/1/21,944.00,968.92,943.45,953.01,2251300
2026/1/22,960.06,970.95,950.81,954.65,2468300
2026/1/23,934.08,937.19,917.05,918.88,3872600
2026/1/26,918.41,933.74,917.98,931.86,2655900
2026/1/27,924.00,933.40,920.39,929.72,2012500
2026/1/28,932.51,937.17,922.76,936.81,1674100
2026/1/29,937.30,955.38,925.13,940.12,2335400
2026/1/30,933.95,947.00,923.17,935.41,1893700
2026/2/2,932.13,949.44,912.08,946.33,1802000
2026/2/3,949.50,964.50,919.06,938.99,2321900
2026/2/4,937.12,944.16,893.80,913.30,3561900
2026/2/5,901.67,910.83,876.72,890.41,3214300
2026/2/6,907.87,931.77,907.23,928.75,2473200
2026/2/9,929.00,949.00,927.11,943.62,2322600
2026/2/10,945.70,961.83,929.93,948.99,3324900
2026/2/11,950.64,968.13,931.28,944.59,2654300
2026/2/12,956.17,968.39,903.98,904.55,3188700
2026/2/13,894.41,905.99,869.00,905.14,2623000
2026/2/16,894.41,905.99,869.00,905.14,2623000
2026/2/17,907.73,921.55,905.68,916.04,2008500
2026/2/18,921.58,947.70,919.98,933.73,1864900
2026/2/19,925.00,929.66,906.49,916.65,1974200
2026/2/20,912.55,922.37,900.57,922.24,2009100
2026/2/23,918.50,932.00,883.75,892.31,2535900
2026/2/24,885.44,911.77,881.65,902.27,1971500
2026/2/25,914.72,922.51,907.52,921.38,1763600
2026/2/26,927.76,938.39,921.54,929.00,2220300
2026/2/27,912.00,916.25,854.15,859.57,5552300
2026/3/2,840.00,873.63,836.00,861.70,2873200
2026/3/3,836.00,868.34,824.64,862.58,3782100
2026/3/4,869.84,878.80,860.00,867.25,2081700
2026/3/5,862.01,866.52,822.20,835.46,3093700
2026/3/6,816.00,827.16,801.33,821.42,2472200
2026/3/9,816.00,827.16,801.33,821.42,2472200
