date,open,high,low,close,volume
2013/1/1,180.91,183.25,180.54,183.13,4900405
2013/1/2,185.55,187.72,185.28,187.72,4428869
2013/1/3,187.07,187.66,185.89,186.68,3812356
2013/1/4,185.65,185.91,184.30,185.46,3535689
2013/1/7,184.89,185.26,183.88,184.65,2993966
2013/1/8,184.44,184.80,183.17,184.39,3166137
2013/1/9,184.97,184.98,183.22,183.86,3359752
2013/1/10,184.18,184.47,182.87,184.40,3774073
2013/1/11,185.61,186.42,184.42,185.90,4058898
2013/1/14,184.34,184.78,183.32,184.15,4364121
2013/1/15,182.90,184.25,182.02,184.03,4364017
2013/1/16,183.56,184.68,182.93,184.12,3099193
2013/1/17,185.33,185.91,184.74,185.13,4060154
2013/1/18,185.50,186.42,185.28,185.92,4769342
2013/1/21,185.50,186.42,185.28,185.92,4769342
2013/1/22,185.81,187.46,185.48,187.46,7502226
2013/1/23,194.55,199.41,194.42,195.72,13106903
2013/1/24,194.94,196.04,194.15,195.43,4651771
2013/1/25,195.46,196.16,195.15,195.96,3513409
2013/1/28,195.84,197.15,195.31,195.92,2953590
2013/1/29,195.35,196.68,194.68,194.93,3783487
2013/1/30,194.73,195.87,194.25,194.57,3136326
2013/1/31,194.38,195.48,194.03,194.14,3233604
2013/2/1,195.65,196.32,194.88,196.16,3525752
2013/2/4,195.21,196.00,194.62,194.83,3335485
2013/2/5,195.33,195.75,193.60,193.87,3804197
2013/2/6,191.58,192.44,190.78,192.18,3790913
2013/2/7,191.80,192.07,189.94,190.96,3218228
2013/2/8,191.18,193.20,190.90,192.81,3026392
2013/2/11,192.14,193.07,190.97,191.36,3080156
2013/2/12,191.21,191.91,190.27,191.24,2575043
2013/2/13,191.83,192.11,190.79,191.29,2269611
2013/2/14,190.95,191.51,190.50,190.87,3445733
2013/2/15,191.19,192.40,191.03,192.14,3794679
2013/2/18,191.19,192.40,191.03,192.14,3794679
2013/2/19,191.78,193.01,191.41,191.51,3136222
2013/2/20,191.80,192.85,190.11,190.54,3886308
2013/2/21,189.89,190.32,189.40,189.61,4103353
2013/2/22,190.47,192.25,190.10,192.25,3250863
2013/2/25,192.80,193.59,188.82,188.82,4021661
2013/2/26,189.89,191.11,189.14,190.38,3547614
2013/2/27,190.14,193.83,189.87,193.43,4377615
2013/2/28,193.29,194.19,191.96,192.00,4904903
2013/3/1,191.83,194.02,190.59,193.99,3460482
2013/3/4,193.68,196.17,193.64,196.17,3863296
2013/3/5,196.81,198.57,196.64,197.45,3982959
2013/3/6,197.93,199.32,197.57,199.22,3760161
2013/3/7,199.13,200.38,199.08,200.21,4063082
2013/3/8,200.62,201.47,200.22,201.13,3870723
2013/3/11,200.80,200.96,199.85,200.84,3189986
2013/3/12,200.19,201.46,199.89,201.29,3756814
2013/3/13,200.96,203.02,200.54,202.73,3510271
2013/3/14,202.82,206.37,202.82,206.31,5758753
2013/3/15,205.91,206.41,204.02,205.47,8295094
2013/3/18,203.54,205.07,203.29,203.83,3144276
2013/3/19,204.71,205.66,202.51,204.05,3345736
2013/3/20,205.32,206.33,204.88,205.60,3157874
2013/3/21,203.59,203.63,200.87,202.93,6098598
2013/3/22,202.88,203.80,202.31,202.75,3170949
2013/3/25,203.19,203.45,200.81,201.47,3391655
2013/3/26,202.46,203.15,202.20,203.02,2406114
2013/3/27,201.68,202.83,200.86,201.62,3371676
2013/3/28,200.60,204.05,200.52,203.92,3922395
2013/3/29,200.60,204.05,200.52,203.92,3922395
2013/4/1,203.44,204.11,201.96,203.04,2243147
2013/4/2,203.56,205.27,202.27,204.93,3260173
2013/4/3,204.89,205.44,203.28,203.31,3272725
2013/4/4,203.41,203.57,200.80,202.02,3880137
2013/4/5,199.90,200.61,197.27,200.20,4338808
2013/4/8,199.88,200.11,198.21,200.11,2459355
2013/4/9,200.34,200.76,199.44,200.02,2695856
2013/4/10,202.54,203.16,201.21,202.68,3686313
2013/4/11,202.20,203.72,201.58,203.56,3823758
2013/4/12,201.52,202.19,200.55,202.08,3311008
2013/4/15,201.19,202.38,200.06,200.06,4412133
2013/4/16,201.57,202.68,200.00,202.68,2991037
2013/4/17,201.27,201.81,200.29,200.45,3420211
2013/4/18,200.87,201.00,197.08,198.04,6801092
2013/4/19,187.13,187.86,181.41,181.64,19713962
2013/4/22,182.74,182.96,179.43,179.57,10298288
2013/4/23,180.95,184.08,180.32,183.18,6585721
2013/4/24,183.71,184.03,182.69,183.28,3863819
2013/4/25,184.22,186.59,183.86,185.42,4864841
2013/4/26,185.62,186.15,184.75,185.76,3650854
2013/4/29,186.21,190.90,186.09,190.39,6205290
2013/4/30,190.37,193.68,188.67,193.63,7886735
2013/5/1,192.99,193.28,190.44,190.85,5124459
2013/5/2,191.32,193.53,190.97,193.49,4126575
2013/5/3,194.97,196.29,194.79,195.52,4699364
2013/5/6,194.83,195.02,192.66,193.86,5048519
2013/5/7,193.89,194.77,192.78,194.67,3609746
2013/5/8,194.02,195.84,193.60,195.81,3767378
2013/5/9,195.69,195.98,193.80,194.30,3705246
2013/5/10,194.43,195.54,193.90,195.48,3430043
2013/5/13,195.20,195.48,193.33,193.57,3816226
2013/5/14,193.20,194.71,193.19,194.27,3869886
2013/5/15,193.36,194.72,193.15,194.38,4213393
2013/5/16,195.03,197.50,195.03,195.69,4714322
2013/5/17,196.22,200.29,195.98,199.27,5966489
2013/5/20,198.87,199.95,198.30,198.47,3780767
2013/5/21,198.13,200.27,197.90,199.47,3120113
2013/5/22,199.33,200.91,197.06,197.89,5425393
2013/5/23,196.44,199.44,196.11,197.09,5417339
2013/5/24,195.69,197.35,195.43,196.67,3447407
2013/5/27,195.69,197.35,195.43,196.67,3447407
2013/5/28,198.32,199.42,198.05,198.64,4196029
2013/5/29,197.15,199.25,196.98,198.78,3597612
2013/5/30,197.87,201.71,197.87,200.15,4602086
2013/5/31,199.42,202.66,198.87,198.87,5176654
2013/6/3,199.09,200.81,198.21,199.76,3474812
2013/6/4,199.43,199.81,196.06,197.12,3763822
2013/6/5,196.14,197.22,193.50,193.82,4409308
2013/6/6,194.07,195.22,192.61,194.84,3848652
2013/6/7,195.84,197.28,195.13,197.28,3089256
2013/6/10,197.87,197.88,195.89,196.00,2774306
2013/6/11,194.24,196.89,193.60,195.01,2943862
2013/6/12,195.59,196.20,191.69,192.35,3566651
2013/6/13,192.17,195.41,191.53,194.81,3032877
2013/6/14,195.00,195.74,192.93,193.31,2933507
2013/6/17,194.49,196.15,193.64,194.11,3368015
2013/6/18,194.09,197.03,193.95,195.86,3428579
2013/6/19,195.45,196.01,193.05,193.06,2977021
2013/6/20,191.85,192.83,188.60,188.67,4722481
2013/6/21,189.77,189.79,185.03,186.86,9324881
2013/6/24,185.46,186.34,182.93,185.03,4556585
2013/6/25,186.72,186.99,184.66,186.41,4023125
2013/6/26,187.35,187.60,185.95,186.29,3472929
2013/6/27,187.43,188.24,186.70,187.05,3675853
2013/6/28,183.30,184.19,180.12,182.71,10518367
2013/7/1,183.70,185.28,182.72,182.87,4646750
2013/7/2,182.39,184.73,181.89,183.08,3825954
2013/7/3,182.58,185.68,182.13,184.75,1958740
2013/7/4,182.58,185.68,182.13,184.75,1958740
2013/7/5,185.94,186.58,183.89,186.36,2516048
2013/7/8,187.00,187.17,186.05,186.41,3083085
2013/7/9,183.44,184.32,182.39,182.89,5443593
2013/7/10,183.09,184.92,182.86,183.80,4071032
2013/7/11,185.26,185.57,184.14,184.32,4369665
2013/7/12,184.58,185.18,183.16,183.62,4701456
2013/7/15,183.96,186.32,183.25,185.47,5935736
2013/7/16,185.51,186.02,184.21,185.33,3917584
2013/7/17,186.16,186.32,184.54,185.99,7184346
2013/7/18,189.55,192.10,187.37,189.28,8779496
2013/7/19,189.21,189.28,184.74,185.03,7319490
2013/7/22,184.89,187.18,184.78,185.55,3554308
2013/7/23,185.67,187.79,185.56,186.41,2995535
2013/7/24,187.33,188.62,187.25,187.96,3093963
2013/7/25,187.67,189.13,187.06,188.55,3152958
2013/7/26,187.94,188.69,186.42,188.67,2599415
2013/7/29,188.17,188.52,186.93,187.58,2210930
2013/7/30,188.33,189.13,187.20,187.39,2785707
2013/7/31,185.94,188.25,185.94,186.46,3985260
2013/8/1,188.00,188.50,186.82,187.20,3010074
2013/8/2,186.90,186.90,184.72,186.58,4052204
2013/8/5,186.58,187.27,185.80,186.90,2605481
2013/8/6,183.80,184.04,181.90,182.59,6211671
2013/8/7,181.26,181.58,179.78,180.27,4081178
2013/8/8,181.12,181.52,178.58,179.67,4756790
2013/8/9,179.73,180.84,178.78,179.56,3399082
2013/8/12,178.75,181.22,178.67,180.77,3165719
2013/8/13,181.20,181.63,179.31,180.13,3705873
2013/8/14,180.29,180.62,179.06,179.28,3025346
2013/8/15,178.04,178.78,177.29,177.62,3862250
2013/8/16,177.38,178.26,177.19,177.19,3584014
2013/8/19,177.15,178.30,175.89,176.13,3398349
2013/8/20,176.26,177.47,175.11,176.44,3261219
2013/8/21,176.55,178.37,176.18,176.73,3714346
2013/8/22,177.49,178.06,176.15,177.05,2462598
2013/8/23,177.19,177.57,176.45,177.27,2398164
2013/8/26,177.12,178.78,176.56,176.62,2270238
2013/8/27,175.55,176.39,174.54,174.70,3337472
2013/8/28,174.65,175.40,173.14,174.15,4162243
2013/8/29,173.96,175.62,173.46,174.61,3118021
2013/8/30,174.71,174.94,173.53,174.25,2856626
2013/9/2,174.71,174.94,173.53,174.25,2856626
2013/9/3,175.55,176.21,174.48,175.87,3647611
2013/9/4,175.51,176.09,174.29,175.08,2717403
2013/9/5,175.29,176.86,175.02,176.05,2999510
2013/9/6,176.53,176.85,174.62,174.98,3037061
2013/9/9,175.60,177.33,175.25,176.85,3155991
2013/9/10,178.97,179.40,178.17,178.39,3294482
2013/9/11,178.61,182.48,178.60,182.31,5191193
2013/9/12,182.56,182.91,181.50,182.34,3509121
2013/9/13,182.80,184.61,182.60,183.72,3881078
2013/9/16,185.18,186.24,184.14,184.66,4081910
2013/9/17,184.91,185.61,183.39,183.71,3065721
2013/9/18,184.13,186.32,183.56,185.87,4018523
2013/9/19,185.64,186.32,184.72,184.89,3324293
2013/9/20,185.43,185.88,181.66,181.66,8918091
2013/9/23,181.70,183.95,181.00,182.59,3494477
2013/9/24,182.53,183.14,181.32,181.62,3227224
2013/9/25,181.78,182.24,180.21,181.14,2776607
2013/9/26,181.74,183.33,181.13,181.85,2189906
2013/9/27,180.56,180.63,178.25,178.70,4085153
2013/9/30,177.40,178.53,176.23,177.04,4161197
2013/10/1,177.19,178.44,176.53,178.18,2804535
2013/10/2,177.38,178.12,176.30,176.83,3783487
2013/10/3,176.58,176.83,174.95,175.77,3359543
2013/10/4,176.07,176.99,175.51,176.00,2995326
2013/10/7,173.85,175.25,173.85,174.01,4148854
2013/10/8,173.89,173.99,170.85,170.86,5834902
2013/10/9,171.48,173.68,171.22,173.35,4626981
2013/10/10,175.11,176.64,174.34,176.64,3827209
2013/10/11,177.10,178.04,176.02,177.97,3381300
2013/10/14,177.26,178.77,176.31,178.75,2785603
2013/10/15,177.57,177.76,176.12,176.54,3519895
2013/10/16,177.27,178.52,176.85,178.52,7027028
2013/10/17,166.20,169.22,164.98,167.14,23397869
2013/10/18,167.11,167.30,165.63,166.14,11033208
2013/10/21,166.75,167.07,165.04,165.26,7425240
2013/10/22,165.73,167.85,165.34,167.28,7298256
2013/10/23,167.39,168.25,166.73,168.04,5658232
2013/10/24,168.67,170.07,168.50,169.98,5787832
2013/10/25,170.58,171.22,168.51,169.07,5065569
2013/10/28,169.25,170.07,168.45,169.55,3883484
2013/10/29,169.81,174.30,169.69,174.11,9314212
2013/10/30,173.70,174.17,171.95,172.23,5516290
2013/10/31,171.75,173.68,171.17,171.33,4516733
2013/11/1,171.90,172.41,171.01,171.35,3812147
2013/11/4,171.99,172.85,171.45,172.34,3643532
2013/11/5,171.64,171.89,169.89,170.03,6377253
2013/11/6,170.09,171.85,169.96,171.31,4770492
2013/11/7,171.70,173.41,171.70,172.08,5459597
2013/11/8,170.97,172.16,169.55,172.07,6563650
2013/11/11,172.27,175.33,172.12,174.84,5462526
2013/11/12,174.50,175.96,174.24,175.02,4454391
2013/11/13,174.25,175.48,173.60,175.48,4920802
2013/11/14,172.54,175.14,171.76,174.20,6612289
2013/11/15,174.36,175.22,173.19,175.13,5414201
2013/11/18,175.45,176.85,175.21,176.36,5590765
2013/11/19,176.51,178.01,176.05,177.10,4787542
2013/11/20,177.07,178.05,176.53,177.05,3813507
2013/11/21,177.38,177.58,175.34,176.03,4664637
2013/11/22,175.43,176.85,172.01,173.33,7960269
2013/11/25,172.32,172.80,170.00,171.07,7491347
2013/11/26,170.81,171.07,169.51,169.51,6020776
2013/11/27,170.01,172.26,170.00,171.10,4807939
2013/11/28,170.01,172.26,170.00,171.10,4807939
2013/11/29,171.33,172.81,171.13,171.78,3002543
2013/12/2,171.57,171.69,169.33,169.67,4769760
2013/12/3,169.22,170.39,167.92,168.34,6133744
2013/12/4,167.66,169.69,167.46,168.01,5509700
2013/12/5,168.40,169.08,167.57,168.34,4586605
2013/12/6,168.93,170.17,168.27,169.86,4957831
2013/12/9,170.16,170.32,169.05,169.66,3971244
2013/12/10,169.12,169.86,168.32,169.33,4317679
2013/12/11,169.22,169.94,167.40,167.50,4278558
2013/12/12,167.36,168.07,165.68,165.75,5932494
2013/12/13,165.89,166.71,165.13,165.20,4376882
2013/12/16,165.60,170.51,165.13,170.03,7862782
2013/12/17,169.56,169.68,167.42,168.03,5723607
2013/12/18,168.69,170.88,167.16,170.84,5959794
2013/12/19,170.06,172.60,170.06,172.29,6199642
2013/12/20,172.20,174.00,172.10,172.10,8005561
2013/12/23,173.09,174.89,172.67,174.22,4267575
2013/12/24,173.96,175.43,173.91,175.16,1687826
2013/12/25,173.96,175.43,173.91,175.16,1687826
2013/12/26,175.49,177.40,175.44,177.20,3478682
2013/12/27,177.67,178.30,176.44,176.94,3537154
2013/12/30,177.17,178.49,176.55,178.21,3157456
2013/12/31,178.29,179.53,178.11,179.32,3786206
2014/1/1,178.29,179.53,178.11,179.32,3786206
2014/1/2,178.98,179.16,177.06,177.37,4755639
2014/1/3,177.66,179.11,177.15,178.43,4250107
2014/1/6,178.92,179.12,177.15,177.82,4254919
2014/1/7,178.19,181.98,178.18,181.37,6205186
2014/1/8,181.00,181.09,179.02,179.70,4815470
2014/1/9,180.71,181.17,178.35,179.14,4520080
2014/1/10,180.03,180.28,178.09,179.02,4207430
2014/1/13,178.07,178.73,175.77,176.06,6050796
2014/1/14,176.92,178.23,175.79,177.74,4831683
2014/1/15,177.65,180.35,177.33,179.48,5038059
2014/1/16,179.28,180.68,178.59,180.46,4989734
2014/1/17,179.77,182.42,179.60,181.73,7996252
2014/1/20,179.77,182.42,179.60,181.73,7996252
2014/1/21,181.86,182.02,178.58,180.14,11585810
2014/1/22,173.31,175.43,171.77,174.24,14430721
2014/1/23,173.45,175.64,172.76,174.69,7294699
2014/1/24,173.28,174.77,171.74,171.74,7207568
2014/1/27,171.71,171.75,169.85,170.08,5448196
2014/1/28,170.22,170.60,168.41,169.07,5578632
2014/1/29,168.24,170.68,168.15,168.64,5199561
2014/1/30,169.38,170.04,168.60,169.56,5076970
2014/1/31,168.37,170.02,167.63,168.91,5432296
2014/2/3,168.28,168.28,165.12,165.30,7517393
2014/2/4,165.90,166.11,164.78,165.24,4549891
2014/2/5,164.62,167.28,164.62,166.58,4929066
2014/2/6,166.32,167.16,166.15,166.99,4489641
2014/2/7,167.92,169.75,167.37,169.46,4908773
2014/2/10,169.19,169.84,168.50,169.35,3703258
2014/2/11,169.03,172.46,169.02,171.80,4861076
2014/2/12,171.63,173.28,171.38,172.31,4166218
2014/2/13,170.38,174.34,170.04,173.84,4688172
2014/2/14,173.29,176.32,173.03,175.61,4874255
2014/2/17,173.29,176.32,173.03,175.61,4874255
2014/2/18,175.12,175.91,174.30,175.13,4639219
2014/2/19,174.70,177.49,174.39,174.90,4886389
2014/2/20,174.91,176.73,174.75,176.16,5196737
2014/2/21,176.15,177.54,174.59,174.75,5961468
2014/2/24,174.78,177.02,174.78,175.38,4806684
2014/2/25,175.45,176.48,174.84,175.17,4081806
2014/2/26,175.85,177.13,175.49,175.97,3912772
2014/2/27,175.75,177.77,175.73,177.12,4003879
2014/2/28,177.23,177.93,175.57,177.03,4882623
2014/3/3,175.27,176.52,174.78,176.16,4131805
2014/3/4,177.64,178.93,177.51,178.24,4950718
2014/3/5,178.37,179.68,178.20,178.91,3645519
2014/3/6,179.13,180.11,178.68,179.39,3992896
2014/3/7,180.07,180.61,178.95,179.43,4307219
2014/3/10,179.30,180.09,177.68,178.19,4802395
2014/3/11,179.17,180.16,177.86,178.55,4424057
2014/3/12,177.83,179.21,177.72,178.03,5055318
2014/3/13,178.21,178.78,175.63,175.81,5139207
2014/3/14,175.80,176.19,174.20,174.20,5742854
2014/3/17,174.63,178.15,174.63,177.64,5165253
2014/3/18,177.81,179.64,177.38,178.59,4143520
2014/3/19,177.44,178.49,175.43,176.59,4522799
2014/3/20,176.36,179.98,176.07,179.64,5295480
2014/3/21,180.21,180.40,178.20,178.46,13111819
2014/3/24,179.19,181.11,179.13,179.97,6002471
2014/3/25,180.46,186.81,180.40,186.46,11414684
2014/3/26,186.41,187.03,183.52,184.15,7166878
2014/3/27,183.47,184.20,180.99,181.48,7079014
2014/3/28,181.59,184.15,180.79,182.07,5433342
2014/3/31,183.21,185.25,182.98,184.02,8930016
2014/4/1,184.63,186.55,184.30,185.95,5642229
2014/4/2,185.70,185.95,184.02,185.04,5150609
2014/4/3,184.70,184.88,183.89,184.22,4279291
2014/4/4,184.63,185.44,182.87,183.34,6370035
2014/4/7,183.29,186.72,183.15,185.97,7050563
2014/4/8,185.36,185.63,184.22,184.79,5360750
2014/4/9,185.35,188.34,185.09,187.99,5732185
2014/4/10,187.44,190.45,187.06,187.07,8805123
2014/4/11,186.46,188.34,185.73,186.61,5057410
2014/4/14,187.61,189.52,187.27,189.07,5680931
2014/4/15,187.36,188.73,186.83,188.36,5597460
2014/4/16,189.34,189.97,186.42,187.76,8919556
2014/4/17,179.02,182.31,178.79,181.65,11767082
2014/4/18,179.02,182.31,178.79,181.65,11767082
2014/4/21,181.45,184.33,181.40,183.81,5669006
2014/4/22,183.57,184.51,182.79,183.70,4057016
2014/4/23,183.36,183.95,181.75,183.30,4954274
2014/4/24,183.77,183.77,181.67,181.85,4609827
2014/4/25,182.16,182.28,180.79,181.29,4049066
2014/4/28,182.73,185.46,182.20,184.65,5897662
2014/4/29,185.08,187.32,184.90,186.53,4839110
2014/4/30,185.83,188.20,185.80,187.83,4400313
2014/5/1,187.68,188.09,184.66,185.02,3843004
2014/5/2,185.23,185.32,182.84,183.02,3190195
2014/5/5,182.65,183.07,181.45,182.85,2324317
2014/5/6,182.53,182.55,180.93,181.67,3335380
2014/5/7,181.01,181.93,178.71,180.98,3996766
2014/5/8,180.84,182.19,179.95,180.60,2543767
2014/5/9,180.67,182.21,180.09,181.72,2365634
2014/5/12,182.72,184.53,182.54,184.10,3951160
2014/5/13,184.31,184.54,183.33,183.74,2329024
2014/5/14,183.47,183.55,179.89,180.42,5493069
2014/5/15,180.76,180.76,177.99,178.26,4395501
2014/5/16,178.08,179.17,177.75,178.83,4131177
2014/5/19,178.40,178.90,177.86,178.78,3421152
2014/5/20,178.06,178.49,176.58,176.76,3165719
2014/5/21,177.68,178.93,176.82,178.19,3125448
2014/5/22,178.25,178.25,176.89,177.51,2320028
2014/5/23,177.67,177.95,177.16,177.76,2680793
2014/5/26,177.67,177.95,177.16,177.76,2680793
2014/5/27,176.67,177.49,175.84,176.65,5014315
2014/5/28,176.37,176.75,174.89,175.03,3892794
2014/5/29,175.56,175.70,174.31,175.68,2886855
2014/5/30,175.32,176.45,174.46,176.25,4833043
2014/6/2,176.63,178.09,176.55,177.52,3347723
2014/6/3,177.39,177.59,176.02,176.26,2632887
2014/6/4,176.59,177.29,176.10,176.40,2486133
2014/6/5,176.54,177.91,175.83,177.80,2983401
2014/6/6,178.27,179.40,177.72,178.17,3448348
2014/6/9,178.03,179.39,177.78,178.03,2853906
2014/6/10,178.01,178.03,175.74,176.19,4346025
2014/6/11,175.54,176.10,174.01,174.24,4248538
2014/6/12,174.46,174.52,172.95,173.25,4628864
2014/6/13,174.00,174.95,173.54,174.53,2901186
2014/6/16,174.38,174.67,173.27,174.33,3719785
2014/6/17,173.90,174.77,173.58,174.24,2574101
2014/6/18,174.03,175.54,173.80,175.53,4112663
2014/6/19,176.02,176.36,174.34,174.78,3714451
2014/6/20,174.56,174.64,173.42,173.57,11178393
2014/6/23,173.92,174.24,173.04,174.13,3380358
2014/6/24,173.52,174.95,172.71,172.93,4053668
2014/6/25,172.32,173.01,172.14,172.77,2889889
2014/6/26,172.92,173.39,171.39,172.44,3408391
2014/6/27,171.86,174.44,171.76,173.72,4785973
2014/6/30,173.36,173.93,172.33,173.30,4418095
2014/7/1,173.71,179.03,173.71,178.15,6948683
2014/7/2,178.15,180.68,177.98,180.11,5327278
2014/7/3,180.11,180.51,179.11,180.24,2533830
2014/7/4,180.11,180.51,179.11,180.24,2533830
2014/7/7,179.36,179.99,179.20,179.77,3094800
2014/7/8,179.40,179.81,178.17,178.99,3279315
2014/7/9,179.43,180.59,178.67,180.13,3461842
2014/7/10,178.24,179.78,178.02,179.45,3323979
2014/7/11,179.47,180.07,178.50,179.73,2513015
2014/7/14,180.26,182.07,180.24,181.51,4708151
2014/7/15,181.20,181.72,179.93,180.20,5088476
2014/7/16,183.79,184.86,182.37,183.90,8171980
2014/7/17,183.90,187.33,183.56,184.02,9280426
2014/7/18,183.52,184.93,181.64,184.03,8542054
2014/7/21,182.89,183.27,180.93,182.46,4345502
2014/7/22,183.16,186.16,183.14,185.55,5076238
2014/7/23,185.57,186.33,185.06,185.11,3749073
2014/7/24,185.42,187.02,185.23,186.65,3778884
2014/7/25,186.71,187.28,185.27,185.85,3531714
2014/7/28,185.76,187.76,185.13,187.17,3391550
2014/7/29,186.71,187.28,185.98,186.01,3414249
2014/7/30,186.62,187.37,184.42,185.47,4125215
2014/7/31,184.36,185.75,183.12,183.24,4401045
2014/8/1,182.12,183.08,180.55,180.83,5419431
2014/8/4,181.02,181.60,180.31,181.30,2223691
2014/8/5,180.45,180.88,178.24,178.87,3460063
2014/8/6,177.21,178.66,176.33,177.79,4023962
2014/8/7,178.43,178.47,175.51,176.20,2833196
2014/8/8,176.29,178.46,175.51,178.42,2909449
2014/8/11,179.55,180.08,178.09,179.23,2643451
2014/8/12,179.21,180.39,178.59,179.10,1944096
2014/8/13,179.73,180.19,179.13,179.68,1877570
2014/8/14,179.32,179.89,178.71,179.62,2018257
2014/8/15,179.59,180.57,178.58,179.14,2944281
2014/8/18,179.83,181.46,179.50,181.03,2531634
2014/8/19,181.68,181.88,181.03,181.71,2133945
2014/8/20,181.51,182.02,180.93,181.74,2277770
2014/8/21,182.50,183.62,182.12,182.82,2611339
2014/8/22,182.38,183.44,181.92,182.04,2029554
2014/8/25,182.97,183.37,182.32,182.75,1802886
2014/8/26,182.62,185.02,182.62,184.50,3321468
2014/8/27,184.54,185.59,183.14,183.80,2290949
2014/8/28,183.05,183.84,182.28,183.56,1572766
2014/8/29,183.82,184.27,182.73,183.84,3043232
2014/9/1,183.82,184.27,182.73,183.84,3043232
2014/9/2,184.21,184.48,182.53,183.14,2802966
2014/9/3,183.93,184.46,183.42,183.51,1906649
2014/9/4,183.26,184.22,181.70,182.29,2996790
2014/9/5,182.15,183.32,181.73,182.79,2364169
2014/9/8,182.36,182.79,181.18,181.78,2640313
2014/9/9,181.97,182.35,181.43,181.63,2514166
2014/9/10,181.76,183.70,181.74,183.12,2891144
2014/9/11,182.68,184.30,181.76,183.29,2404231
2014/9/12,183.05,183.17,182.19,182.87,3034446
2014/9/15,183.00,184.02,182.20,183.37,2569394
2014/9/16,182.84,185.06,182.43,184.47,2679329
2014/9/17,184.72,185.12,183.84,184.32,3358497
2014/9/18,184.31,185.59,184.24,185.23,3099612
2014/9/19,185.98,186.42,184.69,185.47,9259192
2014/9/22,185.20,185.60,184.16,184.62,3470628
2014/9/23,184.27,184.58,183.10,183.19,3453683
2014/9/24,182.60,183.99,181.53,183.85,3224400
2014/9/25,183.60,184.03,180.66,180.70,4342364
2014/9/26,180.62,181.96,180.32,181.70,2608619
2014/9/29,180.22,181.61,179.85,181.30,2443770
2014/9/30,181.30,182.46,180.83,181.48,3067500
2014/10/1,181.56,182.03,178.58,178.94,3894467
2014/10/2,179.41,179.52,178.05,178.69,2388123
2014/10/3,179.84,181.04,179.31,180.37,3212789
2014/10/6,181.35,182.50,180.41,180.73,2196077
2014/10/7,179.51,179.85,177.38,177.54,3128900
2014/10/8,177.79,181.26,177.45,181.03,3122101
2014/10/9,180.80,181.17,177.91,178.22,2746168
2014/10/10,177.69,179.48,176.96,177.75,5324349
2014/10/13,177.33,178.44,175.35,175.45,3762148
2014/10/14,176.76,177.55,175.52,175.72,4105236
2014/10/15,174.44,175.71,170.89,173.76,7213007
2014/10/16,171.89,173.50,170.83,171.93,5835216
2014/10/17,173.27,174.80,172.29,174.04,4550309
2014/10/20,159.51,162.84,159.36,161.66,24493659
2014/10/21,159.08,159.35,154.57,156.05,21913491
2014/10/22,155.27,158.14,154.02,154.67,11594701
2014/10/23,154.99,155.67,154.44,155.05,7948972
2014/10/24,154.95,155.30,154.35,154.95,6958097
2014/10/27,154.88,155.75,154.69,154.75,5218599
2014/10/28,154.88,156.41,154.68,156.41,8258484
2014/10/29,157.10,157.38,155.60,156.27,4957308
2014/10/30,156.31,157.38,155.85,157.12,4075216
2014/10/31,158.20,158.31,156.42,157.17,6085628
2014/11/3,157.03,157.30,156.20,157.13,4903857
2014/11/4,157.11,157.13,155.11,155.50,4442257
2014/11/5,155.96,156.35,154.46,154.70,4293516
2014/11/6,154.19,154.43,153.01,154.36,4254710
2014/11/7,154.32,155.08,153.78,154.94,3655561
2014/11/10,154.78,157.24,154.50,156.30,5186277
2014/11/11,156.50,156.69,155.45,156.12,3696982
2014/11/12,155.14,155.83,154.65,154.80,3533597
2014/11/13,154.88,155.64,154.68,155.63,3388726
2014/11/14,154.97,157.26,154.58,156.94,5207406
2014/11/17,156.94,157.72,156.52,156.94,5019649
2014/11/18,157.49,157.50,154.77,154.77,5658965
2014/11/19,154.92,154.97,153.88,154.33,3977520
2014/11/20,153.87,154.40,152.77,153.58,4375523
2014/11/21,154.71,154.83,153.68,153.84,4264437
2014/11/24,154.44,156.65,153.98,155.02,6923474
2014/11/25,155.50,156.31,154.46,154.65,4249270
2014/11/26,154.81,154.97,153.93,154.83,4148436
2014/11/27,154.81,154.97,153.93,154.83,4148436
2014/11/28,155.59,156.19,154.34,155.04,2516153
2014/12/1,154.53,156.14,154.25,154.44,4360146
2014/12/2,155.33,155.57,154.53,155.52,3625122
2014/12/3,155.33,157.28,154.88,157.28,6724839
2014/12/4,156.80,157.27,155.84,156.84,4036932
2014/12/5,156.41,157.27,155.75,156.09,3152121
2014/12/8,156.11,156.11,154.44,154.74,2982146
2014/12/9,153.77,155.85,153.73,155.82,4038815
2014/12/10,155.84,156.15,152.99,153.45,4260149
2014/12/11,153.75,155.76,153.46,153.99,4173122
2014/12/12,153.20,153.44,148.50,148.55,9007838
2014/12/15,149.07,149.85,146.12,146.33,6799314
2014/12/16,145.34,148.08,143.88,144.75,7094600
2014/12/17,144.86,146.57,144.46,145.25,5367026
2014/12/18,146.83,150.75,146.56,150.75,7638310
2014/12/19,150.56,153.36,150.56,151.54,9272685
2014/12/22,151.37,154.79,151.37,154.34,4897895
2014/12/23,155.10,155.74,154.50,155.11,4229292
2014/12/24,155.72,155.82,154.50,154.70,1954033
2014/12/25,155.72,155.82,154.50,154.70,1954033
2014/12/26,155.13,155.92,154.89,155.20,2000161
2014/12/29,154.88,155.20,152.44,153.45,3485063
2014/12/30,152.98,153.75,152.76,153.01,2960075
2014/12/31,153.36,154.40,153.33,153.38,4196447
2015/1/1,153.36,154.40,153.33,153.38,4196447
2015/1/2,154.22,156.13,153.92,154.93,5779673
2015/1/5,154.18,154.18,152.19,152.50,5104898
2015/1/6,152.65,152.93,148.35,149.21,6429448
2015/1/7,150.29,150.29,147.26,148.23,4918083
2015/1/8,149.37,152.05,148.71,151.45,4431693
2015/1/9,151.45,153.29,150.33,152.11,4694762
2015/1/12,152.01,152.25,148.91,149.56,4380230
2015/1/13,150.34,152.93,148.83,149.91,4578865
2015/1/14,148.05,149.61,146.98,148.95,4906054
2015/1/15,149.80,150.07,147.38,147.77,4443826
2015/1/16,147.06,150.70,147.06,150.23,6020776
2015/1/19,147.06,150.70,147.06,150.23,6020776
2015/1/20,149.81,150.41,147.26,150.05,8778869
2015/1/21,146.30,147.71,144.43,145.40,12444367
2015/1/22,145.26,148.87,145.09,148.56,6401625
2015/1/23,148.21,150.67,148.08,149.02,5057201
2015/1/26,151.30,152.45,148.92,149.48,8250953
2015/1/27,148.13,148.27,145.88,146.91,5919942
2015/1/28,147.23,147.73,144.89,144.89,4702711
2015/1/29,144.72,148.74,142.94,148.64,8703557
2015/1/30,147.14,148.41,146.31,146.57,6865526
2015/2/2,147.23,147.86,144.85,147.86,4928961
2015/2/3,147.94,151.63,147.94,151.50,5794212
2015/2/4,150.30,151.73,149.81,150.06,3847711
2015/2/5,150.37,151.62,150.24,150.97,5495266
2015/2/6,150.42,151.13,149.36,149.83,3406299
2015/2/9,149.14,150.57,148.57,148.90,3198354
2015/2/10,149.85,151.59,148.26,151.59,4644868
2015/2/11,150.82,152.09,150.26,151.24,3793528
2015/2/12,151.74,152.49,151.14,151.55,3486423
2015/2/13,151.80,153.73,151.66,153.35,3877417
2015/2/16,151.80,153.73,151.66,153.35,3877417
2015/2/17,152.72,154.31,152.71,153.88,3027647
2015/2/18,154.74,155.33,153.58,155.06,4558886
2015/2/19,154.92,157.26,154.34,156.68,3665602
2015/2/20,156.44,157.11,154.96,156.45,3507238
2015/2/23,157.01,157.17,155.35,155.75,2839262
2015/2/24,155.34,157.73,154.41,157.58,4917874
2015/2/25,157.69,157.71,155.43,155.65,4188812
2015/2/26,156.54,156.92,152.74,153.80,7437897
2015/2/27,153.80,155.15,153.12,154.82,4612860
2015/3/2,154.82,154.82,152.78,153.42,6190123
2015/3/3,153.22,154.64,152.96,153.95,3383182
2015/3/4,153.48,153.50,151.74,152.41,3800746
2015/3/5,152.83,154.40,152.68,154.09,3966118
2015/3/6,153.15,154.34,151.11,151.53,4749049
2015/3/9,151.24,154.06,151.24,153.70,5432819
2015/3/10,152.58,153.18,150.87,150.87,4812646
2015/3/11,151.60,152.14,149.08,149.90,5972555
2015/3/12,149.40,151.74,149.40,151.03,4777396
2015/3/13,150.54,150.59,146.65,147.50,6343049
2015/3/16,148.23,150.18,147.99,150.17,3922082
2015/3/17,149.33,150.37,148.54,150.06,3464038
2015/3/18,149.95,153.63,148.95,152.78,6002785
2015/3/19,152.68,153.84,151.83,152.78,4057016
2015/3/20,153.87,155.83,153.30,155.72,9420694
2015/3/23,155.61,158.08,155.57,157.39,6202885
2015/3/24,157.54,157.64,155.74,155.83,4546021
2015/3/25,155.91,155.91,152.20,152.20,5678629
2015/3/26,152.27,154.16,151.92,153.53,4598216
2015/3/27,153.72,153.82,152.23,153.35,3637883
2015/3/30,154.22,156.41,154.16,155.52,4328348
2015/3/31,154.00,155.19,153.35,153.44,4451148
2015/4/1,153.18,153.56,151.42,152.18,3871037
2015/4/2,152.50,155.39,151.90,153.39,4886494
2015/4/3,152.50,155.39,151.90,153.39,4886494
2015/4/6,152.67,155.64,151.72,154.91,3625122
2015/4/7,154.56,156.63,154.51,154.94,3292808
2015/4/8,154.61,156.36,153.93,154.73,2640418
2015/4/9,154.59,155.33,153.65,155.20,2367621
2015/4/10,155.20,156.15,154.16,155.70,2631422
2015/4/13,155.23,156.79,155.22,155.24,4046869
2015/4/14,155.28,155.58,153.72,155.16,2844388
2015/4/15,155.48,157.71,155.35,156.91,3659745
2015/4/16,156.13,156.77,155.39,155.96,3281197
2015/4/17,154.64,154.74,152.99,153.60,4512862
2015/4/20,154.97,159.31,154.78,158.85,10051223
2015/4/21,158.77,160.02,156.84,157.04,10129046
2015/4/22,157.16,158.70,155.73,158.09,4209941
2015/4/23,157.96,164.35,157.88,162.75,8614438
2015/4/24,162.74,163.34,161.32,162.31,4067266
2015/4/27,163.37,163.95,162.81,163.22,3314356
2015/4/28,163.32,167.01,162.54,166.27,6084268
2015/4/29,165.77,167.43,165.20,166.73,4726246
2015/4/30,166.13,166.62,162.81,163.76,5295793
2015/5/1,165.58,166.35,164.84,166.03,3464457
2015/5/4,166.80,168.55,166.06,166.32,4213288
2015/5/5,165.88,166.57,164.40,165.47,3758906
2015/5/6,165.30,166.40,161.43,162.57,3778780
2015/5/7,162.17,164.42,161.61,163.47,2585712
2015/5/8,165.33,165.71,164.67,165.09,3234860
2015/5/11,165.06,165.38,163.35,163.59,2783406
2015/5/12,163.05,163.95,161.41,163.05,3098670
2015/5/13,163.71,165.14,163.24,164.70,2570545
2015/5/14,165.87,166.73,165.60,166.40,2551299
2015/5/15,166.26,166.74,165.01,165.64,3050764
2015/5/18,165.81,165.86,164.72,165.45,2061248
2015/5/19,165.36,166.11,164.37,165.85,2639058
2015/5/20,165.71,166.77,164.88,166.12,2406114
2015/5/21,165.70,166.48,165.43,165.72,2401198
2015/5/22,165.43,165.76,164.62,164.65,2980786
2015/5/25,165.43,165.76,164.62,164.65,2980786
2015/5/26,164.54,164.55,161.69,162.65,4031493
2015/5/27,163.63,164.89,162.99,164.44,2891562
2015/5/28,163.91,164.28,163.15,164.16,1811044
2015/5/29,163.81,163.81,162.19,162.19,4280232
2015/6/1,162.72,163.52,161.60,162.70,3122833
2015/6/2,162.20,162.95,161.02,162.19,2689684
2015/6/3,163.00,164.02,162.17,162.45,2229026
2015/6/4,162.07,163.10,160.54,160.98,3220948
2015/6/5,160.85,161.48,159.85,160.04,3243123
2015/6/8,159.82,159.92,157.76,158.07,3931600
2015/6/9,158.07,158.72,156.19,158.39,3552111
2015/6/10,159.17,161.94,158.76,161.49,4895803
2015/6/11,161.82,162.94,161.13,161.36,3623344
2015/6/12,160.83,160.90,159.36,159.65,3206095
2015/6/15,159.65,159.65,157.03,158.95,4441002
2015/6/16,159.02,160.04,158.61,159.50,3399291
2015/6/17,159.66,160.47,158.80,159.82,2994698
2015/6/18,159.70,161.30,159.70,160.85,3484121
2015/6/19,160.25,161.01,159.44,159.65,7399404
2015/6/22,160.28,160.94,159.85,160.35,2443247
2015/6/23,160.98,162.50,160.20,161.20,3871874
2015/6/24,161.29,161.41,159.49,159.63,3711313
2015/6/25,160.42,160.74,158.78,158.78,2519709
2015/6/26,158.92,159.47,157.96,158.18,9357516
2015/6/29,156.71,158.08,155.73,155.80,3467176
2015/6/30,156.78,156.79,154.99,155.51,3762776
2015/7/1,156.76,158.33,156.41,157.26,3362367
2015/7/2,157.79,158.05,157.19,157.83,2983924
2015/7/3,157.79,158.05,157.19,157.83,2983924
2015/7/6,156.63,157.96,156.33,157.49,3221471
2015/7/7,157.69,158.08,155.10,157.74,3713195
2015/7/8,156.79,157.69,155.53,155.98,2904010
2015/7/9,158.07,158.23,156.50,156.64,4392886
2015/7/10,158.37,160.04,158.24,159.61,4747062
2015/7/13,160.54,162.42,160.15,161.93,4423534
2015/7/14,161.98,162.08,160.84,161.20,3164464
2015/7/15,161.07,161.83,160.61,161.12,2089908
2015/7/16,162.02,163.57,161.72,163.48,3692275
2015/7/17,162.84,164.93,162.62,164.92,4556794
2015/7/20,165.19,166.14,164.57,165.60,7717179
2015/7/21,157.11,159.03,154.89,155.90,14384906
2015/7/22,155.57,155.90,152.68,153.30,7512163
2015/7/23,153.22,155.59,152.80,154.62,5265773
2015/7/24,154.20,154.81,152.40,152.72,3951997
2015/7/27,152.01,153.14,151.63,152.07,3876685
2015/7/28,152.88,153.15,151.53,153.01,2846166
2015/7/29,152.96,154.40,152.38,154.01,3533806
2015/7/30,153.44,154.30,152.72,153.88,2086456
2015/7/31,154.30,154.93,153.57,154.87,3744889
2015/8/3,154.59,154.73,150.96,151.73,4828022
2015/8/4,151.43,151.84,149.97,150.67,5502588
2015/8/5,152.10,152.52,150.55,150.96,3632549
2015/8/6,150.22,150.61,149.31,149.45,3143021
2015/8/7,149.03,149.38,147.55,148.30,3969465
2015/8/10,149.88,150.54,149.25,149.86,4825616
2015/8/11,149.10,149.13,148.05,148.67,3312787
2015/8/12,147.48,149.64,147.18,149.29,3724074
2015/8/13,149.20,149.23,147.53,148.25,2649936
2015/8/14,148.18,149.34,147.78,148.90,3374814
2015/8/17,148.37,149.80,147.90,149.44,2353082
2015/8/18,148.67,149.64,148.42,149.15,2111142
2015/8/19,148.33,148.82,146.66,147.17,4399894
2015/8/20,146.02,147.14,145.79,145.95,4196029
2015/8/21,144.84,146.45,142.16,142.30,7700757
2015/8/24,137.16,141.26,136.71,137.16,10658426
2015/8/25,140.48,140.64,134.44,134.76,7398567
2015/8/26,137.75,140.52,135.89,140.25,6508003
2015/8/27,141.97,142.42,139.25,142.01,5205524
2015/8/28,141.25,141.68,140.71,141.47,4263810
2015/8/31,140.90,141.87,139.83,141.39,4281383
2015/9/1,138.54,138.60,135.61,136.41,5514512
2015/9/2,138.37,138.70,136.88,138.67,4447592
2015/9/3,139.63,141.52,139.36,140.33,3769261
2015/9/4,138.21,139.01,137.02,137.38,4394351
2015/9/7,138.21,139.01,137.02,137.38,4394351
2015/9/8,139.45,140.86,139.25,140.76,4114232
2015/9/9,142.20,142.49,138.48,138.67,3564559
2015/9/10,139.44,140.69,138.15,139.77,3620938
2015/9/11,139.49,141.01,139.26,140.89,3258395
2015/9/14,140.89,140.89,139.02,139.24,3375128
2015/9/15,140.15,141.42,139.35,141.04,2842087
2015/9/16,141.34,142.34,141.05,141.88,2927963
2015/9/17,141.59,143.10,140.82,141.63,4187138
2015/9/18,139.63,139.95,137.65,138.15,8342687
2015/9/21,139.00,140.52,138.55,140.04,4000950
2015/9/22,138.26,138.68,137.45,138.08,3728049
2015/9/23,137.87,138.21,136.47,137.34,2797213
2015/9/24,136.33,138.69,135.71,138.06,3431194
2015/9/25,139.15,139.84,138.17,139.02,3634222
2015/9/28,138.07,138.99,136.20,136.25,4515896
2015/9/29,135.75,136.39,134.94,136.20,4982621
2015/9/30,137.37,139.30,137.34,138.59,4127725
2015/10/1,138.92,139.26,135.36,137.28,4059421
2015/10/2,134.85,138.23,134.38,138.22,3194902
2015/10/5,139.41,143.30,139.41,142.49,5367863
2015/10/6,142.50,143.55,141.96,142.24,3156933
2015/10/7,143.44,144.10,142.31,143.49,3117917
2015/10/8,143.11,146.29,142.72,145.58,5014942
2015/10/9,145.76,146.41,144.62,145.69,3693531
2015/10/12,145.70,145.87,144.22,144.49,3376070
2015/10/13,144.15,144.15,142.62,143.04,4095822
2015/10/14,143.02,144.02,142.47,143.41,3507238
2015/10/15,144.27,144.59,142.05,143.49,3636105
2015/10/16,143.83,144.55,142.70,143.78,3643950
2015/10/19,143.26,143.37,141.85,142.66,8320616
2015/10/20,136.22,136.60,134.10,134.46,16762778
2015/10/21,134.08,136.39,133.17,134.72,7312168
2015/10/22,135.51,138.69,135.39,137.75,5840027
2015/10/23,138.25,139.09,137.38,138.32,5617438
2015/10/26,138.38,138.62,136.91,137.34,3649912
2015/10/27,137.20,137.50,131.29,131.80,15698891
2015/10/28,131.85,135.02,131.45,134.64,8902924
2015/10/29,134.19,134.63,132.91,134.37,3881078
2015/10/30,134.26,135.11,133.75,133.92,4167264
2015/11/2,134.32,134.34,133.43,134.20,3998021
2015/11/3,133.86,136.52,133.75,135.64,4549472
2015/11/4,136.28,136.38,135.09,135.40,3678677
2015/11/5,135.38,136.12,133.49,133.74,5331357
2015/11/6,132.50,133.41,131.81,132.17,4963165
2015/11/9,131.85,132.01,128.95,129.36,8447078
2015/11/10,129.41,129.77,128.22,129.51,4728757
2015/11/11,130.11,130.21,128.59,129.08,3310381
2015/11/12,128.78,128.78,127.16,127.19,4917664
2015/11/13,127.10,127.15,125.86,125.96,4826035
2015/11/16,125.99,128.19,125.99,127.83,4383577
2015/11/17,128.32,128.89,127.45,127.93,2944595
2015/11/18,128.86,129.93,128.36,129.85,4340063
2015/11/19,130.22,131.68,130.03,130.73,4972266
2015/11/20,131.33,132.81,131.21,132.41,5414514
2015/11/23,132.44,132.76,131.09,132.37,5374243
2015/11/24,131.60,133.21,131.27,132.50,3564454
2015/11/25,132.28,132.34,131.34,131.93,3387157
2015/11/26,132.28,132.34,131.34,131.93,3387157
2015/11/27,131.93,132.71,131.18,132.37,1480927
2015/11/30,132.51,133.75,132.43,133.29,4754698
2015/12/1,133.44,135.18,133.44,135.07,4388075
2015/12/2,134.73,135.00,133.37,133.56,3896768
2015/12/3,133.94,134.54,132.11,132.81,6181442
2015/12/4,132.02,134.82,131.92,134.25,4781894
2015/12/7,134.00,134.24,132.71,133.41,3430252
2015/12/8,132.20,132.94,131.48,131.98,4084839
2015/12/9,131.34,133.69,130.24,130.60,4827290
2015/12/10,131.00,131.79,129.75,130.76,4416526
2015/12/11,129.28,129.48,128.02,128.65,5579155
2015/12/14,129.36,130.15,128.13,129.95,5380415
2015/12/15,131.36,132.86,131.24,131.73,4433471
2015/12/16,133.00,133.51,131.73,133.16,4545393
2015/12/17,133.22,133.37,130.32,130.74,4277617
2015/12/18,130.41,130.94,128.37,128.97,10487301
2015/12/21,129.86,129.86,128.13,129.54,5875905
2015/12/22,129.90,132.11,129.68,131.86,4459935
2015/12/23,132.22,133.18,132.04,132.45,5402485
2015/12/24,132.34,132.77,132.04,132.17,1563979
2015/12/25,132.34,132.77,132.04,132.17,1563979
2015/12/28,131.68,131.97,130.54,131.56,3287996
2015/12/29,132.17,133.90,132.12,133.63,4125110
2015/12/30,133.44,134.26,133.10,133.21,3126912
2015/12/31,132.95,132.98,131.52,131.57,3621357
2016/1/1,132.95,132.98,131.52,131.57,3621357
2016/1/4,129.64,129.99,128.34,129.97,5469952
2016/1/5,130.75,130.87,128.92,129.88,4105341
2016/1/6,128.47,129.62,127.74,129.23,4509201
2016/1/7,127.82,129.08,126.61,127.02,7348987
2016/1/8,127.32,127.93,125.54,125.84,4981784
2016/1/11,126.01,127.93,125.97,127.37,5203222
2016/1/12,127.77,127.90,125.36,127.06,5312320
2016/1/13,127.63,128.37,125.33,125.40,4916305
2016/1/14,126.13,127.91,125.45,127.07,5972242
2016/1/15,124.29,125.12,123.20,124.31,9422891
2016/1/18,124.29,125.12,123.20,124.31,9422891
2016/1/19,124.39,126.29,122.43,122.48,10438662
2016/1/20,113.25,118.54,112.81,116.50,16901059
2016/1/21,115.97,119.60,115.28,117.50,9258774
2016/1/22,119.19,119.25,116.41,117.11,9663366
2016/1/25,116.73,118.77,116.29,116.71,5696516
2016/1/26,116.87,118.17,116.86,117.20,4830219
2016/1/27,117.33,117.94,115.34,115.64,5257614
2016/1/28,115.93,117.43,115.69,116.85,4123855
2016/1/29,117.86,119.30,117.55,119.30,8627513
2016/2/1,118.93,119.78,118.27,119.34,3739345
2016/2/2,118.23,118.68,117.25,117.53,3438516
2016/2/3,118.54,119.93,116.91,119.24,6509781
2016/2/4,119.58,122.85,119.50,122.04,5508759
2016/2/5,121.63,122.98,120.32,122.92,7507874
2016/2/8,120.46,121.90,118.67,121.40,7702744
2016/2/9,120.57,121.35,118.33,118.61,6231231
2016/2/10,119.50,119.78,114.57,114.90,6766679
2016/2/11,113.56,114.40,111.76,112.67,7643750
2016/2/12,114.02,115.73,113.15,115.72,5163579
2016/2/15,114.02,115.73,113.15,115.72,5163579
2016/2/16,116.47,117.68,116.00,117.34,4248224
2016/2/17,118.27,121.00,117.83,120.55,5042766
2016/2/18,124.28,128.11,124.04,126.63,10409374
2016/2/19,126.54,127.77,125.09,127.23,5361064
2016/2/22,127.23,128.40,126.59,127.89,4662440
2016/2/23,127.28,127.54,126.20,126.58,3597926
2016/2/24,125.76,127.62,123.98,126.96,4312240
2016/2/25,127.43,128.59,125.12,128.59,4558782
2016/2/26,128.59,128.99,126.15,126.22,4587965
2016/2/29,126.20,127.50,125.14,125.27,4631688
2016/3/1,126.42,128.72,126.22,128.46,3962771
2016/3/2,127.82,131.40,127.36,130.31,5457191
2016/3/3,131.19,131.89,130.09,131.74,5393594
2016/3/4,131.49,133.29,130.99,131.74,4150946
2016/3/7,131.24,134.33,130.85,133.99,5408866
2016/3/8,133.57,134.18,131.38,132.95,5835739
2016/3/9,133.18,135.92,133.11,134.24,4609199
2016/3/10,135.03,135.25,132.02,134.02,4205548
2016/3/11,135.50,136.63,134.33,136.10,4625307
2016/3/14,135.76,136.89,134.84,136.50,4235045
2016/3/15,135.51,137.03,135.32,136.67,3878045
2016/3/16,136.35,138.51,135.86,138.42,4416107
2016/3/17,138.41,140.84,138.10,140.57,6089394
2016/3/18,140.92,141.02,139.11,140.62,12645826
2016/3/21,140.82,142.17,140.27,142.09,3892794
2016/3/22,141.55,142.72,141.34,141.59,4269667
2016/3/23,141.49,141.52,138.75,139.01,4983353
2016/3/24,138.60,141.70,138.14,141.44,5276547
2016/3/25,138.60,141.70,138.14,141.44,5276547
2016/3/28,141.25,142.11,140.76,141.87,3415295
2016/3/29,141.10,143.17,141.01,142.76,3282871
2016/3/30,143.36,143.80,141.80,141.88,3484435
2016/3/31,143.20,146.37,142.79,144.79,7092508
2016/4/1,143.89,146.23,143.64,145.81,4106073
2016/4/4,145.64,146.77,145.23,145.38,4112035
2016/4/5,144.77,144.93,143.07,143.40,3490502
2016/4/6,143.31,143.55,141.31,143.42,4387552
2016/4/7,142.51,143.02,141.49,141.73,3831498
2016/4/8,142.50,143.39,141.61,142.78,3445315
2016/4/11,143.65,145.27,142.66,142.69,4023021
2016/4/12,143.03,143.51,142.05,143.05,3761207
2016/4/13,144.12,144.58,143.05,144.58,3314146
2016/4/14,144.84,146.04,143.77,144.51,3322619
2016/4/15,144.40,145.41,144.32,145.05,3825850
2016/4/18,145.05,146.41,144.83,145.82,6884458
2016/4/19,140.03,140.49,136.34,137.67,13796949
2016/4/20,137.90,140.73,137.67,139.68,7064998
2016/4/21,140.13,143.52,140.02,142.73,6294514
2016/4/22,142.87,144.36,141.01,141.97,5430727
2016/4/25,141.64,142.35,140.64,142.27,2979949
2016/4/26,142.11,143.20,141.40,142.52,3116871
2016/4/27,142.78,144.15,142.42,143.85,3254315
2016/4/28,143.16,143.58,140.28,140.60,3965909
2016/4/29,140.05,140.86,137.85,139.52,4420187
2016/5/2,140.11,140.54,138.08,138.88,3663510
2016/5/3,138.29,138.53,136.62,137.79,3749178
2016/5/4,137.06,138.62,137.01,137.91,2695647
2016/5/5,139.53,140.82,139.05,140.03,6800255
2016/5/6,138.49,141.46,138.12,140.81,5121007
2016/5/9,141.20,141.68,140.54,140.86,4500310
2016/5/10,141.72,143.44,141.24,143.37,4176364
2016/5/11,143.13,144.45,142.20,142.40,3235278
2016/5/12,142.65,142.82,140.64,142.29,3398663
2016/5/13,142.25,143.27,140.94,141.22,2508308
2016/5/16,141.16,143.39,140.96,142.89,3210279
2016/5/17,142.65,142.93,140.81,141.49,3651168
2016/5/18,141.48,141.99,139.92,140.86,2605691
2016/5/19,140.04,140.47,137.63,138.56,3855138
2016/5/20,139.30,141.02,139.15,140.77,3840389
2016/5/23,141.12,141.44,140.21,140.32,2200575
2016/5/24,140.42,142.21,140.42,141.79,3064048
2016/5/25,142.38,145.40,141.97,145.02,4555644
2016/5/26,144.89,145.80,144.41,145.74,3203793
2016/5/27,145.65,146.20,145.46,146.12,2570127
2016/5/30,145.65,146.20,145.46,146.12,2570127
2016/5/31,145.85,147.05,145.57,146.98,6105084
2016/6/1,146.27,146.53,144.88,145.80,2785916
2016/6/2,145.88,146.75,145.43,146.75,2764160
2016/6/3,145.70,146.31,145.03,146.17,2435402
2016/6/6,146.36,147.18,145.64,146.01,2488120
2016/6/7,146.57,147.16,145.95,146.59,4670390
2016/6/8,146.78,147.31,146.31,147.23,3070010
2016/6/9,146.20,147.00,146.01,146.67,2114803
2016/6/10,146.07,146.59,145.18,145.67,3264148
2016/6/13,144.96,145.79,143.67,144.63,3776478
2016/6/14,144.63,145.11,143.79,144.42,2997627
2016/6/15,144.80,145.11,143.98,144.05,2364378
2016/6/16,143.59,144.64,142.45,144.42,2561759
2016/6/17,144.32,146.00,143.98,145.31,4878439
2016/6/20,145.89,147.87,145.81,146.85,3736417
2016/6/21,147.38,147.77,146.93,147.28,2887274
2016/6/22,146.99,147.91,145.57,146.20,2964050
2016/6/23,146.70,148.64,145.89,148.52,4151992
2016/6/24,143.37,143.99,139.75,140.14,9500609
2016/6/27,139.75,140.15,136.23,137.19,5248723
2016/6/28,138.41,139.32,137.88,139.29,4181594
2016/6/29,140.06,141.95,140.01,141.93,3522614
2016/6/30,142.31,145.23,142.13,145.11,4149587
2016/7/1,145.11,146.24,144.74,145.65,2780582
2016/7/4,145.11,146.24,144.74,145.65,2780582
2016/7/5,144.54,145.32,144.13,145.01,2578599
2016/7/6,145.17,145.71,143.33,145.67,2687592
2016/7/7,146.03,146.93,145.21,145.89,2236766
2016/7/8,147.23,147.80,146.35,147.67,3180468
2016/7/11,147.80,149.18,147.71,148.50,2964050
2016/7/12,149.14,150.21,148.68,150.13,4020615
2016/7/13,150.81,151.38,150.15,151.07,2872734
2016/7/14,151.83,154.30,151.61,153.23,4850930
2016/7/15,152.87,152.94,151.53,152.75,4682733
2016/7/18,152.29,153.68,151.75,152.83,7039266
2016/7/19,154.67,155.01,150.95,152.56,7447520
2016/7/20,152.93,154.60,152.58,154.26,4577610
2016/7/21,153.68,154.73,152.86,153.39,3680769
2016/7/22,153.71,155.04,153.42,154.94,2636025
2016/7/25,154.88,155.72,154.64,155.50,2933612
2016/7/26,155.50,156.41,154.27,154.99,3027752
2016/7/27,154.99,155.42,154.09,154.71,2262184
2016/7/28,154.28,154.69,153.64,154.27,2448058
2016/7/29,154.26,154.56,152.99,153.56,3710685
2016/8/1,153.59,154.54,152.81,154.35,2953486
2016/8/2,154.18,154.35,153.31,153.52,3222621
2016/8/3,153.09,153.79,152.77,153.60,2993338
2016/8/4,153.79,154.59,153.08,154.45,2603599
2016/8/5,154.88,156.32,154.46,156.31,3987770
2016/8/8,155.57,156.09,154.47,154.91,3179108
2016/8/9,155.09,155.61,154.54,154.66,2863425
2016/8/10,155.06,155.51,154.84,154.95,2580168
2016/8/11,155.11,157.70,155.05,156.34,9171956
2016/8/12,156.01,156.27,154.42,154.83,2660083
2016/8/15,155.26,155.80,154.67,154.76,3107038
2016/8/16,154.02,154.81,153.62,153.63,2311869
2016/8/17,153.89,154.07,152.81,153.38,3374291
2016/8/18,153.81,154.88,153.38,154.26,3819992
2016/8/19,153.77,153.83,152.50,153.00,2944699
2016/8/22,152.96,153.51,152.13,152.96,2133108
2016/8/23,153.28,154.24,153.18,153.21,2968653
2016/8/24,152.86,153.14,151.36,152.06,3813507
2016/8/25,152.01,152.52,151.45,151.65,2693450
2016/8/26,151.89,153.38,150.91,151.36,2613849
2016/8/29,151.85,153.16,151.53,152.70,2589791
2016/8/30,152.73,153.11,151.83,152.39,1896712
2016/8/31,152.64,152.64,151.30,151.89,2430486
2016/9/1,151.36,152.60,151.15,152.52,2466886
2016/9/2,152.85,153.51,152.15,152.53,2421908
2016/9/5,152.85,153.51,152.15,152.53,2421908
2016/9/6,152.85,153.79,152.11,153.30,3131829
2016/9/7,153.15,154.65,152.96,154.53,2999196
2016/9/8,153.49,154.12,151.78,152.01,4145507
2016/9/9,151.08,151.43,148.80,148.84,5424556
2016/9/12,148.43,151.56,148.03,151.33,4568405
2016/9/13,150.70,150.98,148.66,148.96,3803988
2016/9/14,148.85,149.02,146.64,147.28,4038188
2016/9/15,147.51,149.46,146.47,148.81,3813298
2016/9/16,148.22,148.57,146.72,147.07,6760926
2016/9/19,148.06,149.32,147.75,148.06,2562805
2016/9/20,149.02,149.68,147.66,147.66,2258419
2016/9/21,148.10,148.83,147.10,148.69,2587699
2016/9/22,149.28,150.31,148.84,149.24,2814891
2016/9/23,148.78,149.18,147.91,148.16,2826501
2016/9/26,147.67,147.67,146.71,147.21,2649832
2016/9/27,147.53,149.88,147.05,149.88,3124611
2016/9/28,150.09,151.65,149.36,151.33,3462260
2016/9/29,151.65,157.74,150.54,151.16,3530041
2016/9/30,151.91,152.81,151.11,151.86,3762357
2016/10/3,151.11,151.41,150.11,150.68,2330279
2016/10/4,150.74,151.56,148.97,149.58,3016769
2016/10/5,150.16,150.89,149.83,150.17,1761987
2016/10/6,149.94,150.51,149.03,149.98,2039805
2016/10/7,150.23,150.76,148.05,148.82,2794807
2016/10/10,149.82,151.52,149.77,150.11,2595440
2016/10/11,149.84,150.05,147.12,147.98,3034760
2016/10/12,148.15,148.15,146.35,147.50,3100344
2016/10/13,146.94,147.44,145.57,146.96,3043755
2016/10/14,147.68,148.69,147.31,147.66,4558677
2016/10/17,147.66,149.03,147.55,147.96,6161358
2016/10/18,143.42,144.36,141.29,144.09,13358048
2016/10/19,144.62,145.75,144.20,144.61,4846013
2016/10/20,144.63,146.18,144.38,144.86,4208163
2016/10/21,143.96,144.50,142.98,143.05,4617253
2016/10/24,143.79,144.86,143.79,143.95,2789368
2016/10/25,143.95,144.51,143.24,144.24,2769285
2016/10/26,144.08,146.21,143.65,145.13,2941038
2016/10/27,146.10,147.28,145.33,146.61,4423848
2016/10/28,147.28,147.65,145.49,145.90,3822607
2016/10/31,146.04,147.54,146.04,146.93,3716647
2016/11/1,146.75,147.14,145.07,146.07,3338727
2016/11/2,145.77,146.61,145.00,145.27,3215822
2016/11/3,145.80,146.98,145.12,145.67,3011225
2016/11/4,145.70,146.88,145.19,145.73,2584038
2016/11/7,147.22,149.24,147.07,148.87,3979925
2016/11/8,147.76,149.07,146.33,148.35,4102307
2016/11/9,146.23,148.72,144.36,148.00,5652270
2016/11/10,150.73,154.07,150.66,153.17,8070727
2016/11/11,152.93,154.24,152.32,154.18,4651144
2016/11/14,154.16,154.74,150.65,151.25,5435539
2016/11/15,151.45,152.15,150.62,151.69,3636942
2016/11/16,151.49,152.53,151.08,152.28,2356429
2016/11/17,152.22,152.90,151.86,152.77,2365215
2016/11/18,152.77,153.65,152.21,153.34,3118754
2016/11/21,153.62,155.83,153.32,155.61,4850407
2016/11/22,155.83,155.83,154.83,155.52,2898257
2016/11/23,154.82,155.24,154.26,154.86,2356324
2016/11/24,154.82,155.24,154.26,154.86,2356324
2016/11/25,154.71,156.01,154.71,155.97,1679144
2016/11/28,156.02,157.42,155.54,157.28,4654072
2016/11/29,156.79,157.18,155.86,156.34,3293017
2016/11/30,156.17,156.60,155.08,155.09,4600099
2016/12/1,154.83,155.07,151.34,152.79,4848942
2016/12/2,152.01,153.24,151.44,152.98,2866981
2016/12/5,153.78,154.06,152.57,152.81,3605667
2016/12/6,153.09,153.72,151.94,153.30,2990514
2016/12/7,153.54,157.92,153.34,157.54,4639115
2016/12/8,157.62,158.70,157.00,158.09,3416654
2016/12/9,157.92,159.39,157.36,159.20,3291657
2016/12/12,159.39,159.46,157.81,158.22,3548346
2016/12/13,158.39,162.48,158.39,160.89,6205186
2016/12/14,160.97,162.42,160.09,161.10,4313913
2016/12/15,160.62,162.38,160.40,160.63,3544476
2016/12/16,161.54,161.67,158.76,159.40,7448148
2016/12/19,159.49,159.90,158.70,159.35,3091871
2016/12/20,160.12,160.85,159.13,160.23,2274632
2016/12/21,158.94,160.55,157.98,159.97,3740182
2016/12/22,160.00,160.83,159.25,159.71,2931520
2016/12/23,159.66,160.12,159.13,159.38,1779455
2016/12/26,159.66,160.12,159.13,159.38,1779455
2016/12/27,159.64,160.59,159.51,159.79,1461785
2016/12/28,159.93,160.36,158.70,158.88,1838345
2016/12/29,158.72,159.65,158.70,159.27,1740021
2016/12/30,159.12,159.37,158.22,158.69,3088629
2017/1/2,159.12,159.37,158.22,158.69,3088629
2017/1/3,159.66,160.49,158.71,159.84,3069278
2017/1/4,160.39,162.40,160.00,161.82,3536944
2017/1/5,161.81,161.94,159.90,161.28,2805686
2017/1/6,161.27,162.45,160.15,162.07,3080993
2017/1/9,162.02,162.33,160.25,160.28,3336635
2017/1/10,160.59,160.70,158.07,158.24,4308160
2017/1/11,158.75,160.38,158.32,160.37,3765077
2017/1/12,160.39,160.62,158.28,160.56,3062165
2017/1/13,160.58,161.07,159.54,159.98,3007668
2017/1/16,160.58,161.07,159.54,159.98,3007668
2017/1/17,159.36,160.78,158.81,160.51,3468222
2017/1/18,160.09,161.18,159.36,159.46,4192159
2017/1/19,159.62,160.09,158.51,159.47,7283716
2017/1/20,160.43,163.14,158.70,163.05,13273740
2017/1/23,162.60,163.72,162.53,163.51,5730197
2017/1/24,163.82,168.26,163.63,168.16,7272210
2017/1/25,168.51,171.37,168.38,170.45,6194935
2017/1/26,170.23,171.01,169.70,170.80,3204839
2017/1/27,170.62,171.32,169.50,169.50,3642486
2017/1/30,169.20,169.28,166.90,168.07,4283161
2017/1/31,167.35,167.86,165.98,166.85,4329394
2017/2/1,167.30,167.97,165.29,166.63,2924302
2017/2/2,166.57,167.28,165.92,166.90,2741043
2017/2/3,167.30,168.59,167.20,168.09,3461528
2017/2/6,167.60,168.24,166.71,168.13,2772737
2017/2/7,168.26,170.76,168.16,170.61,4051681
2017/2/8,169.69,169.69,168.15,168.42,3047103
2017/2/9,168.42,169.98,168.17,169.42,3232872
2017/2/10,169.57,171.00,168.99,170.82,3065512
2017/2/13,171.36,171.99,170.98,171.47,3235696
2017/2/14,170.72,172.21,170.51,172.21,2904219
2017/2/15,172.28,173.92,171.90,173.69,3048358
2017/2/16,173.47,174.75,172.92,173.45,3401069
2017/2/17,173.28,173.59,172.08,172.72,3715915
2017/2/20,173.28,173.59,172.08,172.72,3715915
2017/2/21,172.66,172.84,171.24,172.33,4686394
2017/2/22,172.17,173.37,172.17,173.18,3159443
2017/2/23,174.00,174.47,172.96,173.66,2387495
2017/2/24,172.28,173.51,171.98,173.37,3451905
2017/2/27,173.22,173.28,171.40,171.51,3861100
2017/2/28,171.49,172.69,171.46,171.91,3423976
2017/3/1,172.54,174.52,172.11,173.95,3143858
2017/3/2,173.88,173.88,172.50,172.59,3052437
2017/3/3,172.59,173.35,171.85,172.13,1905812
2017/3/6,171.82,173.03,171.67,172.53,3351802
2017/3/7,172.76,173.32,172.28,172.45,3117603
2017/3/8,172.80,172.99,171.41,171.56,3721040
2017/3/9,171.27,171.37,168.15,169.39,5694529
2017/3/10,170.37,171.60,169.62,170.01,3242914
2017/3/13,170.03,170.23,168.66,168.70,3642381
2017/3/14,168.43,169.04,167.50,167.99,3292285
2017/3/15,167.98,168.53,167.07,168.08,3991013
2017/3/16,170.61,171.13,169.04,169.45,4510143
2017/3/17,168.54,169.02,167.93,167.93,6193366
2017/3/20,167.93,168.43,167.44,167.97,2590001
2017/3/21,168.27,168.48,166.20,166.23,4108374
2017/3/22,166.39,167.36,165.20,167.09,3609223
2017/3/23,166.76,167.94,165.93,167.13,3912040
2017/3/24,167.42,167.78,165.76,166.19,3369898
2017/3/27,165.10,166.50,164.52,166.13,3408914
2017/3/28,166.29,167.30,165.39,166.84,3685999
2017/3/29,166.63,166.82,165.83,166.29,3227538
2017/3/30,166.21,166.91,166.05,166.21,3314042
2017/3/31,166.33,167.26,166.05,166.48,3047730
2017/4/3,166.18,167.18,165.76,166.83,4483679
2017/4/4,165.89,167.27,165.64,166.85,3251909
2017/4/5,167.02,168.58,165.21,165.28,6525889
2017/4/6,165.84,165.84,164.67,164.87,3593428
2017/4/7,164.51,165.33,163.75,164.57,3753362
2017/4/10,164.94,164.97,163.48,163.67,3964235
2017/4/11,163.15,163.70,161.55,163.08,5116927
2017/4/12,163.52,163.67,162.54,163.15,3427637
2017/4/13,162.45,163.82,162.07,162.07,3352953
2017/4/14,162.45,163.82,162.07,162.07,3352953
2017/4/17,162.28,163.77,162.16,163.58,3891329
2017/4/18,163.28,164.14,162.36,162.57,6637393
2017/4/19,154.65,155.49,152.58,154.58,20171378
2017/4/20,154.23,155.26,153.44,155.16,6785193
2017/4/21,154.92,154.98,153.33,153.33,5865759
2017/4/24,154.20,154.46,153.37,153.68,5565348
2017/4/25,154.67,154.91,153.33,153.34,5083978
2017/4/26,153.47,154.02,152.86,153.02,4526879
2017/4/27,153.24,153.42,152.61,153.27,4312240
2017/4/28,153.44,153.53,152.68,153.24,4345189
2017/5/1,153.01,153.37,151.72,151.85,5162324
2017/5/2,152.43,152.48,151.66,152.10,3355777
2017/5/3,151.76,152.44,151.55,151.65,4176992
2017/5/4,151.90,152.14,151.40,152.06,4477508
2017/5/5,146.77,148.93,146.27,148.23,13097280
2017/5/8,146.08,146.72,145.51,146.30,7836632
2017/5/9,145.89,146.37,144.89,145.42,7168238
2017/5/10,144.98,145.67,144.48,144.60,5229895
2017/5/11,144.41,144.50,143.20,144.02,5886783
2017/5/12,143.69,144.61,143.40,143.76,3886204
2017/5/15,144.00,145.15,143.83,144.85,4440793
2017/5/16,144.99,147.22,144.99,146.92,5767330
2017/5/17,146.56,147.36,144.25,144.29,5430309
2017/5/18,144.23,144.67,143.51,144.15,3424813
2017/5/19,144.37,145.76,144.25,145.30,5902578
2017/5/22,145.41,146.12,144.93,145.93,3453997
2017/5/23,145.86,146.92,145.24,145.34,2682467
2017/5/24,145.52,146.04,144.58,145.80,3904090
2017/5/25,146.51,146.97,146.22,146.46,2701504
2017/5/26,146.13,146.27,145.37,145.78,2555692
2017/5/29,146.13,146.27,145.37,145.78,2555692
2017/5/30,145.27,145.96,144.92,145.06,3834636
2017/5/31,145.34,146.08,144.98,145.92,3706396
2017/6/1,146.08,146.15,144.96,145.96,3052333
2017/6/2,146.34,146.46,145.12,145.36,3750642
2017/6/5,145.14,146.20,145.01,145.71,4157955
2017/6/6,145.32,146.17,145.32,145.67,3971871
2017/6/7,146.32,147.42,144.17,144.34,5089522
2017/6/8,144.36,146.10,144.28,145.41,3879614
2017/6/9,145.32,147.48,145.20,147.32,4562129
2017/6/12,147.41,150.29,147.25,148.36,6769189
2017/6/13,148.60,148.64,147.37,147.47,3685581
2017/6/14,147.20,148.13,146.21,147.05,3189359
2017/6/15,146.55,147.89,146.55,147.44,4868398
2017/6/16,147.45,148.59,146.24,148.55,7052132
2017/6/19,148.67,149.01,147.74,148.03,4842457
2017/6/20,147.69,148.56,147.47,148.14,4687858
2017/6/21,148.94,148.94,146.64,147.03,4141846
2017/6/22,147.75,148.17,146.93,147.61,2485819
2017/6/23,147.55,147.88,147.04,147.33,3433181
2017/6/26,147.91,148.90,147.83,148.40,2252561
2017/6/27,148.18,148.51,147.71,147.94,2496279
2017/6/28,148.33,148.71,147.97,148.49,2323166
2017/6/29,148.52,148.89,146.86,147.35,3412261
2017/6/30,147.50,147.71,146.41,147.07,3735789
2017/7/3,146.83,149.17,146.77,148.74,2952335
2017/7/4,146.83,149.17,146.77,148.74,2952335
2017/7/5,148.92,149.03,146.87,146.91,3728362
2017/7/6,146.62,147.07,145.54,145.66,2884345
2017/7/7,145.91,146.74,145.45,146.21,2573265
2017/7/10,146.19,147.12,145.92,146.67,3353685
2017/7/11,146.52,146.89,145.36,146.45,3606085
2017/7/12,146.73,147.46,146.32,146.94,3240403
2017/7/13,146.94,147.41,146.45,146.87,2590001
2017/7/14,147.24,147.82,146.65,147.46,3406194
2017/7/17,146.84,147.11,145.54,146.28,4981680
2017/7/18,145.66,147.50,145.32,147.23,7914873
2017/7/19,143.42,143.64,140.26,141.04,14951106
2017/7/20,141.04,142.28,140.56,141.17,7543961
2017/7/21,141.10,141.37,140.07,140.61,6808937
2017/7/24,140.54,140.57,139.39,139.57,4055970
2017/7/25,140.12,141.00,139.61,139.76,4402509
2017/7/26,139.84,140.02,138.12,138.97,4113290
2017/7/27,138.62,139.01,137.32,138.69,6726617
2017/7/28,138.44,138.66,137.51,137.94,3195321
2017/7/31,138.03,138.56,137.83,138.31,4556062
2017/8/1,138.62,139.26,138.36,138.91,3367597
2017/8/2,138.74,138.90,137.88,138.10,3703781
2017/8/3,138.08,138.95,138.08,138.57,3175028
2017/8/4,138.62,139.00,138.05,138.78,2666672
2017/8/7,138.62,138.71,136.47,137.16,4830742
2017/8/8,135.76,136.48,135.76,135.86,3450440
2017/8/9,135.52,135.78,134.98,135.54,3060387
2017/8/10,135.41,136.16,135.02,135.60,4733568
2017/8/11,136.19,136.32,135.30,135.60,3142184
2017/8/14,135.76,136.48,135.70,136.06,2352036
2017/8/15,136.28,137.04,134.40,135.82,4896849
2017/8/16,135.55,136.63,135.38,136.23,3439039
2017/8/17,136.25,136.61,134.51,134.51,4625517
2017/8/18,134.67,134.94,133.44,133.56,4343724
2017/8/21,133.45,134.24,133.01,134.16,3337472
2017/8/22,134.46,134.94,134.21,134.81,2661442
2017/8/23,134.51,136.76,134.49,135.89,4234522
2017/8/24,136.23,137.36,135.99,136.65,3757441
2017/8/25,137.00,137.85,136.95,137.42,3005053
2017/8/28,137.77,138.20,136.13,136.24,5319956
2017/8/29,135.85,137.12,135.66,136.85,3147937
2017/8/30,136.96,136.98,136.15,136.29,2861856
2017/8/31,136.73,137.34,136.36,136.74,3824594
2017/9/1,136.69,138.15,136.69,137.74,3505878
2017/9/4,136.69,138.15,136.69,137.74,3505878
2017/9/5,137.19,138.01,136.42,136.75,3239985
2017/9/6,137.55,138.12,137.19,137.50,3423872
2017/9/7,137.76,138.28,136.15,136.62,4380857
2017/9/8,136.85,136.85,135.41,136.19,3521045
2017/9/11,137.23,138.75,136.72,138.49,4825616
2017/9/12,138.73,139.93,138.15,139.35,5479053
2017/9/13,138.96,139.86,138.95,139.57,4289646
2017/9/14,139.45,139.94,139.11,139.14,3929717
2017/9/15,138.45,138.79,137.74,138.45,7737471
2017/9/18,138.44,139.08,137.93,138.19,3158397
2017/9/19,138.42,138.60,137.88,138.04,3623762
2017/9/20,138.56,139.46,138.07,139.46,5698085
2017/9/21,139.24,139.47,138.72,138.87,2673158
2017/9/22,139.19,139.19,138.23,138.75,2920746
2017/9/25,138.74,139.61,138.54,139.46,5452903
2017/9/26,139.92,140.94,139.52,140.11,4695076
2017/9/27,140.23,140.44,138.65,139.25,3663824
2017/9/28,139.25,139.45,137.87,139.25,2902441
2017/9/29,139.05,139.28,138.55,138.70,2776816
2017/10/2,138.96,140.41,138.82,140.21,3109967
2017/10/3,140.24,140.73,139.90,140.33,2408624
2017/10/4,140.54,140.55,139.68,140.04,2347642
2017/10/5,140.23,141.05,140.04,140.27,2810079
2017/10/6,140.19,140.39,139.89,140.04,2743867
2017/10/9,140.06,141.29,139.91,140.91,2806000
2017/10/10,141.21,142.40,141.16,141.97,4218100
2017/10/11,141.87,141.94,140.80,141.13,3872501
2017/10/12,141.07,141.39,140.32,140.56,3414458
2017/10/13,140.99,141.35,140.48,140.63,2621904
2017/10/16,140.75,141.18,140.07,140.37,3192497
2017/10/17,140.18,140.65,139.75,140.10,6665530
2017/10/18,150.21,154.14,150.05,152.51,31892749
2017/10/19,152.77,153.88,152.09,153.82,10370253
2017/10/20,153.99,155.33,152.74,154.94,8230765
2017/10/23,154.92,155.36,152.52,152.53,6045252
2017/10/24,152.63,152.68,148.35,149.02,8571656
2017/10/25,149.15,149.49,146.33,146.75,7239471
2017/10/26,147.52,148.30,146.79,146.85,4498323
2017/10/27,147.74,147.83,146.19,146.92,5120379
2017/10/30,147.00,147.79,145.99,147.57,4404078
2017/10/31,147.54,148.12,146.20,147.28,4527402
2017/11/1,147.32,148.09,147.07,147.26,3389249
2017/11/2,147.40,147.70,146.19,146.61,3553890
2017/11/3,146.67,146.72,144.83,144.91,4635663
2017/11/6,145.10,145.14,143.67,144.21,4705326
2017/11/7,144.71,144.85,143.88,144.69,3871351
2017/11/8,144.93,145.11,143.67,144.90,4847582
2017/11/9,143.34,145.12,143.27,143.69,4996219
2017/11/10,144.02,144.25,142.58,142.60,4505436
2017/11/13,142.33,142.45,141.41,141.87,5342445
2017/11/14,141.44,142.42,141.00,142.34,3930868
2017/11/15,141.49,142.17,139.78,140.63,4992872
2017/11/16,141.23,143.07,141.01,142.56,5697039
2017/11/17,142.77,143.55,142.28,142.42,5142659
2017/11/20,144.02,145.27,143.31,143.89,5937619
2017/11/21,144.65,145.75,144.55,145.27,3928985
2017/11/22,145.32,145.69,144.67,145.10,3361426
2017/11/23,145.32,145.69,144.67,145.10,3361426
2017/11/24,145.27,145.51,144.67,145.16,1247878
2017/11/27,145.37,145.78,144.95,145.30,3529204
2017/11/28,145.65,146.20,145.03,145.76,4156490
2017/11/29,146.09,146.85,145.48,146.80,5333240
2017/11/30,146.89,147.62,146.35,147.20,6799837
2017/12/1,147.61,148.20,146.19,147.95,5824023
2017/12/4,149.10,149.90,148.25,149.58,4878858
2017/12/5,149.57,149.85,147.88,148.52,5301128
2017/12/6,147.32,149.35,147.31,147.32,3567592
2017/12/7,146.84,147.66,146.52,146.82,3944571
2017/12/8,148.16,148.21,146.80,148.00,3682234
2017/12/11,148.62,149.03,147.77,148.58,4291424
2017/12/12,150.38,150.91,148.34,149.85,6612603
2017/12/13,149.71,149.84,147.12,147.14,5922034
2017/12/14,147.80,148.29,146.94,147.23,4850720
2017/12/15,146.85,147.04,145.34,145.79,11798775
2017/12/18,146.84,147.40,146.47,146.59,5327069
2017/12/19,147.28,147.39,146.36,146.49,4305754
2017/12/20,146.89,147.12,146.06,146.22,3959842
2017/12/21,146.43,146.71,144.83,144.84,4344979
2017/12/22,145.14,146.27,144.84,145.79,3128168
2017/12/25,145.14,146.27,144.84,145.79,3128168
2017/12/26,145.80,147.09,145.79,146.11,2593034
2017/12/27,146.22,146.44,145.90,146.40,2248168
2017/12/28,146.46,147.34,146.46,147.27,2811230
2017/12/29,147.39,147.92,146.67,146.67,3480147
2018/1/1,147.39,147.92,146.67,146.67,3480147
2018/1/2,147.71,148.00,146.79,147.47,4395815
2018/1/3,150.42,152.78,149.46,151.52,9875914
2018/1/4,152.63,155.18,152.36,154.59,7903785
2018/1/5,155.30,155.74,154.02,155.34,5434807
2018/1/8,155.51,156.70,154.59,156.28,5478425
2018/1/9,156.69,157.29,155.89,156.63,4541523
2018/1/10,155.75,157.10,155.35,156.96,4366109
2018/1/11,157.55,157.69,156.12,156.98,3969047
2018/1/12,156.81,157.50,155.86,155.97,5263367
2018/1/15,156.81,157.50,155.86,155.97,5263367
2018/1/16,157.84,158.02,156.17,156.64,8152733
2018/1/17,160.62,161.69,159.90,161.23,12248660
2018/1/18,162.52,163.60,160.76,161.68,14915228
2018/1/19,157.23,158.13,154.21,155.23,22146435
2018/1/22,154.41,156.77,154.02,155.45,8870917
2018/1/23,155.66,158.95,155.36,158.94,7809645
2018/1/24,159.42,161.30,157.57,158.10,5904670
2018/1/25,158.61,159.45,157.93,158.19,3454415
2018/1/26,158.81,160.05,158.50,159.98,3962143
2018/1/29,160.09,160.98,158.71,159.46,3678782
2018/1/30,158.90,159.44,155.98,156.42,5127806
2018/1/31,156.55,157.73,155.60,156.50,4260149
2018/2/1,156.01,156.91,154.78,155.26,4638173
2018/2/2,154.59,154.88,151.88,152.04,5493487
2018/2/5,150.95,151.53,143.40,145.82,9148944
2018/2/6,143.68,148.65,142.55,148.51,10321614
2018/2/7,147.39,148.51,146.54,147.08,6432063
2018/2/8,145.77,146.42,141.01,141.10,7090939
2018/2/9,142.07,143.92,138.05,142.93,8188402
2018/2/12,144.26,145.70,143.69,144.74,6151944
2018/2/13,144.26,144.53,143.06,144.12,5115986
2018/2/14,143.59,148.18,143.40,147.95,5731034
2018/2/15,148.66,149.96,146.94,149.15,5882286
2018/2/16,148.86,150.85,148.84,149.31,4479913
2018/2/19,148.86,150.85,148.84,149.31,4479913
2018/2/20,148.94,149.10,147.10,148.34,4696122
2018/2/21,148.59,149.89,147.13,147.19,3900116
2018/2/22,147.71,148.22,146.07,146.44,4209732
2018/2/23,147.51,149.00,147.29,148.68,3405881
2018/2/26,148.96,151.89,148.67,151.61,3776374
2018/2/27,151.49,152.75,149.65,149.67,4432216
2018/2/28,150.57,151.19,148.95,148.98,3978461
2018/3/1,148.69,150.07,146.07,147.05,4225108
2018/3/2,146.07,147.95,145.20,147.70,3411111
2018/3/5,147.34,150.56,146.99,150.05,3839448
2018/3/6,150.36,150.95,148.34,148.87,3855242
2018/3/7,148.18,151.85,147.93,151.36,4819654
2018/3/8,152.01,152.55,148.25,149.34,6752558
2018/3/9,150.54,152.56,150.38,152.30,5253221
2018/3/12,152.62,153.94,151.88,153.21,5296421
2018/3/13,153.05,154.98,151.83,152.31,4378138
2018/3/14,153.13,153.61,150.80,151.17,3798863
2018/3/15,151.73,154.16,151.55,152.59,4048648
2018/3/16,153.02,154.86,152.62,153.21,9688784
2018/3/19,152.69,152.86,149.57,150.43,5734172
2018/3/20,150.59,150.98,148.46,149.33,4536188
2018/3/21,149.68,151.24,149.06,149.80,3642381
2018/3/22,148.18,148.42,145.32,145.40,4964630
2018/3/23,145.55,145.87,142.01,142.34,4645181
2018/3/26,144.56,146.90,143.67,146.63,4292679
2018/3/27,147.18,148.06,144.51,145.23,4062350
2018/3/28,145.38,147.09,145.21,145.81,3833381
2018/3/29,146.34,147.12,144.44,146.68,3577320
2018/3/30,146.34,147.12,144.44,146.68,3577320
2018/4/2,146.60,146.63,141.90,143.47,5387318
2018/4/3,144.17,144.36,141.78,143.26,4325942
2018/4/4,141.39,147.68,140.97,147.34,5026344
2018/4/5,147.65,148.11,146.60,147.26,3331928
2018/4/6,146.71,147.18,142.96,143.95,3841853
2018/4/9,145.12,147.86,145.07,145.98,4616207
2018/4/10,148.21,149.71,147.94,148.56,3981494
2018/4/11,147.58,148.93,147.11,148.53,3458599
2018/4/12,149.86,151.99,149.78,151.12,5898812
2018/4/13,151.69,152.22,149.05,149.82,4243727
2018/4/16,151.04,152.14,150.74,150.95,4379393
2018/4/17,151.84,154.88,151.54,153.83,10677045
2018/4/18,145.45,145.92,141.74,142.25,21319258
2018/4/19,142.63,142.65,140.17,141.20,8458061
2018/4/20,141.40,141.46,138.15,138.53,8645818
2018/4/23,138.65,139.54,137.98,139.45,5560118
2018/4/24,140.07,140.82,138.17,139.16,5142659
2018/4/25,139.38,139.96,137.77,139.52,7663414
2018/4/26,140.15,140.88,139.77,140.27,4462027
2018/4/27,140.38,140.77,139.25,140.04,3352953
2018/4/30,140.40,140.90,138.59,138.59,4618613
2018/5/1,138.29,138.64,137.16,138.62,4637336
2018/5/2,138.11,138.45,135.82,136.19,5433865
2018/5/3,135.88,135.98,133.75,135.75,5249456
2018/5/4,134.89,138.00,134.11,137.58,4604701
2018/5/7,137.67,137.97,136.37,136.92,3825222
2018/5/8,136.71,137.20,135.81,136.71,5616079
2018/5/9,135.66,136.73,135.07,136.34,4389016
2018/5/10,136.85,137.98,136.72,137.90,3898024
2018/5/11,137.77,138.48,137.27,137.80,3214567
2018/5/14,138.12,138.74,137.80,137.95,3364041
2018/5/15,137.19,137.66,136.63,137.42,4277512
2018/5/16,137.38,138.65,136.97,138.27,3314460
2018/5/17,138.15,138.80,137.45,138.15,3292494
2018/5/18,138.12,138.57,137.66,137.74,2805581
2018/5/21,138.58,139.62,138.32,139.09,3027856
2018/5/22,139.12,139.77,138.62,138.71,2389064
2018/5/23,138.00,138.34,137.17,138.31,3618846
2018/5/24,138.04,138.13,136.66,137.73,3555040
2018/5/25,137.57,138.21,137.15,137.32,5140358
2018/5/28,137.57,138.21,137.15,137.32,5140358
2018/5/29,136.26,136.61,134.04,135.01,4746330
2018/5/30,135.66,136.81,135.58,136.35,5353951
2018/5/31,136.53,136.53,134.85,135.10,7144494
2018/6/1,136.17,136.56,135.39,135.71,4034945
2018/6/4,136.04,136.87,135.93,136.75,3174924
2018/6/5,136.76,137.74,136.75,137.38,2966456
2018/6/6,137.99,138.36,137.23,138.35,3368225
2018/6/7,138.62,140.25,138.56,138.97,4515059
2018/6/8,138.62,139.99,138.02,139.71,5450183
2018/6/11,140.17,140.93,139.71,140.13,3409960
2018/6/12,140.63,141.03,140.17,140.41,2761963
2018/6/13,140.33,140.98,139.77,139.91,3104737
2018/6/14,140.20,140.52,138.71,138.81,3479310
2018/6/15,138.53,139.07,137.38,139.00,9535336
2018/6/18,137.84,138.16,136.85,138.13,4483574
2018/6/19,136.83,137.88,136.66,137.57,3647402
2018/6/20,137.88,138.16,136.15,136.36,3483075
2018/6/21,136.32,136.85,134.64,135.04,4066534
2018/6/22,135.41,135.57,134.59,135.07,5869420
2018/6/25,134.23,134.23,132.20,132.69,9348207
2018/6/26,133.23,133.70,132.25,132.96,4329917
2018/6/27,132.99,133.63,131.41,131.43,4290483
2018/6/28,132.03,134.36,131.88,133.88,4731790
2018/6/29,134.15,135.14,133.47,133.56,3880765
2018/7/2,132.20,134.05,132.12,133.71,3562048
2018/7/3,134.46,134.74,133.24,133.43,2053507
2018/7/4,134.46,134.74,133.24,133.43,2053507
2018/7/5,134.30,135.21,133.78,135.21,3916956
2018/7/6,135.31,136.65,134.96,136.21,2980054
2018/7/9,136.32,138.36,136.20,138.04,4084316
2018/7/10,138.15,139.19,137.92,138.35,3950742
2018/7/11,137.67,139.76,137.67,138.57,3688824
2018/7/12,139.44,140.37,139.33,140.01,3262997
2018/7/13,140.01,140.52,139.39,139.48,3203480
2018/7/16,139.26,139.38,137.87,139.06,3628365
2018/7/17,138.38,138.62,137.04,137.18,5331148
2018/7/18,137.20,138.43,136.46,138.16,7254324
2018/7/19,141.35,143.92,140.77,142.68,15329967
2018/7/20,142.05,142.31,139.83,139.91,6709672
2018/7/23,139.91,140.25,138.63,139.29,4077203
2018/7/24,140.25,140.57,139.50,139.94,4070614
2018/7/25,139.59,140.20,139.10,140.17,3797921
2018/7/26,140.95,142.71,140.18,140.26,4997788
2018/7/27,140.43,140.67,138.30,138.77,3921768
2018/7/30,138.43,139.81,138.33,139.09,3774177
2018/7/31,139.33,139.39,137.82,138.56,5726013
2018/8/1,138.39,138.80,137.04,137.19,3544266
2018/8/2,136.58,137.06,136.07,136.67,4018104
2018/8/3,136.94,141.41,136.71,141.20,8424066
2018/8/6,140.49,140.73,139.17,139.61,4093730
2018/8/7,140.20,141.15,139.91,140.54,3670205
2018/8/8,140.85,140.95,139.81,140.43,3745831
2018/8/9,139.13,139.52,138.37,138.40,3235801
2018/8/10,138.15,138.69,137.55,138.13,3141243
2018/8/13,137.81,137.95,136.26,136.43,2989991
2018/8/14,136.71,137.50,136.64,137.06,2991560
2018/8/15,136.28,137.67,135.76,137.58,4436609
2018/8/16,138.02,139.27,138.02,138.95,5492232
2018/8/17,138.42,139.95,138.33,139.64,2801816
2018/8/20,139.93,140.69,139.72,140.07,2614686
2018/8/21,140.54,140.65,139.47,139.55,3249817
2018/8/22,139.59,139.73,138.80,138.85,2498894
2018/8/23,138.66,139.12,138.38,138.98,2322538
2018/8/24,139.06,139.67,138.50,139.62,2904324
2018/8/27,140.48,141.13,140.08,140.24,3652214
2018/8/28,140.49,140.53,139.76,140.14,2568244
2018/8/29,140.41,141.42,140.15,141.05,3298875
2018/8/30,140.56,140.82,138.86,139.51,3494058
2018/8/31,139.31,140.33,139.14,140.04,3648971
2018/9/3,139.31,140.33,139.14,140.04,3648971
2018/9/4,139.56,139.76,138.44,139.27,3479205
2018/9/5,138.80,140.30,138.67,140.21,3270319
2018/9/6,140.42,141.17,139.14,139.95,4444245
2018/9/7,139.52,140.06,138.74,139.05,4908983
2018/9/10,140.15,140.82,139.16,139.24,3784742
2018/9/11,139.58,140.53,138.86,140.05,3529936
2018/9/12,139.93,141.47,139.61,140.12,4714008
2018/9/13,140.87,142.45,140.65,142.40,5592439
2018/9/14,142.30,142.73,141.28,141.81,3610897
2018/9/17,141.91,142.51,141.27,141.43,3715287
2018/9/18,141.26,142.44,140.98,142.03,3796352
2018/9/19,142.09,143.37,141.71,142.50,4441525
2018/9/20,143.00,144.72,142.87,144.50,6226001
2018/9/21,144.82,145.89,144.11,144.69,20865085
2018/9/24,144.46,144.55,142.89,143.43,4461190
2018/9/25,143.32,143.80,141.84,142.36,4599785
2018/9/26,145.70,146.61,144.68,144.94,7742387
2018/9/27,145.33,145.69,144.51,144.84,3637570
2018/9/28,144.51,144.96,144.16,144.56,3457867
2018/10/1,145.04,146.67,145.04,146.27,3930240
2018/10/2,146.26,147.07,145.79,146.99,3169275
2018/10/3,147.23,147.57,146.08,146.48,3467804
2018/10/4,145.02,146.08,143.75,144.66,4432843
2018/10/5,144.26,145.11,141.37,142.48,4813901
2018/10/8,141.97,142.51,140.71,141.86,3388308
2018/10/9,141.57,141.84,140.47,140.76,3809950
2018/10/10,141.01,141.20,136.23,136.41,5802894
2018/10/11,136.35,137.85,132.68,132.91,9111183
2018/10/12,134.91,135.32,132.96,134.66,6865316
2018/10/15,134.21,136.00,133.98,134.92,5193913
2018/10/16,136.64,139.05,135.35,138.74,9095493
2018/10/17,129.91,131.12,127.55,128.15,20359344
2018/10/18,126.89,127.53,124.32,124.81,10472238
2018/10/19,124.90,126.09,122.33,123.42,8150014
2018/10/22,123.88,124.70,122.75,124.30,5982597
2018/10/23,123.35,126.10,122.76,125.44,6760926
2018/10/24,125.40,125.90,121.41,121.62,5972974
2018/10/25,121.65,122.17,119.64,120.89,10778298
2018/10/26,119.70,120.25,118.27,119.30,9170282
2018/10/29,114.09,118.50,113.10,114.38,21391118
2018/10/30,115.18,116.16,110.09,110.33,22445696
2018/10/31,111.37,111.38,109.07,110.35,22640670
2018/11/1,110.42,111.85,110.05,111.69,14253528
2018/11/2,112.34,112.57,109.50,110.58,11079964
2018/11/5,110.99,115.46,110.90,114.78,9565252
2018/11/6,115.39,118.37,115.02,117.71,10038880
2018/11/7,118.35,119.56,116.95,119.35,12952304
2018/11/8,117.27,118.93,117.24,117.95,10874634
2018/11/9,118.17,119.09,116.60,118.11,7282043
2018/11/12,118.07,118.14,115.34,115.58,5626539
2018/11/13,115.86,116.87,114.63,115.53,4272282
2018/11/14,115.78,116.57,114.50,114.91,4981366
2018/11/15,114.40,116.10,114.25,116.10,5447463
2018/11/16,115.57,116.49,115.24,116.22,4263810
2018/11/19,116.28,116.81,114.50,115.02,4321235
2018/11/20,113.28,114.24,111.57,112.05,6520555
2018/11/21,112.44,114.25,112.23,113.36,5581247
2018/11/22,112.44,114.25,112.23,113.36,5581247
2018/11/23,112.90,113.14,111.77,112.04,2442096
2018/11/26,113.16,114.96,112.87,114.30,5241611
2018/11/27,113.17,114.76,113.16,114.75,5129375
2018/11/28,115.69,117.68,114.93,117.59,5339307
2018/11/29,117.06,117.71,116.06,116.14,5439305
2018/11/30,116.31,119.21,116.14,118.80,7585174
2018/12/3,120.14,121.02,118.89,119.80,6115334
2018/12/4,119.02,119.43,115.99,116.25,6276732
2018/12/5,119.02,119.43,115.99,116.25,6276732
2018/12/6,114.46,118.46,114.05,118.46,7257148
2018/12/7,118.45,118.59,113.64,114.09,7342502
2018/12/10,114.47,116.33,113.31,115.80,6850777
2018/12/11,117.83,118.37,114.72,115.57,5275083
2018/12/12,117.12,117.48,115.68,115.83,3724283
2018/12/13,115.93,116.43,114.89,115.42,4177306
2018/12/14,114.24,115.78,114.19,114.63,4763693
2018/12/17,113.83,114.51,110.01,110.99,7713727
2018/12/18,111.76,113.03,110.92,111.52,6579549
2018/12/19,112.00,114.98,110.87,111.31,7300871
2018/12/20,110.61,111.33,106.79,108.05,8843302
2018/12/21,107.55,110.21,105.58,106.06,10864279
2018/12/24,105.07,106.12,102.77,102.84,3997184
2018/12/25,105.07,106.12,102.77,102.84,3997184
2018/12/26,103.25,106.49,101.28,106.49,6951507
2018/12/27,105.15,108.78,104.66,108.78,6323698
2018/12/28,109.20,109.75,107.55,108.06,5352905
2018/12/31,108.35,109.32,107.48,108.67,5212009
2019/1/1,108.35,109.32,107.48,108.67,5212009
2019/1/2,107.08,110.88,106.78,110.14,4434935
2019/1/3,109.49,109.83,107.73,107.94,4546648
2019/1/4,109.86,112.32,109.41,112.16,4683779
2019/1/7,112.33,113.60,111.54,112.95,3923755
2019/1/8,114.40,115.27,113.75,114.56,4982726
2019/1/9,115.59,116.06,114.60,115.38,3800850
2019/1/10,114.80,116.50,114.67,116.43,4089860
2019/1/11,116.23,116.27,114.91,116.12,3893630
2019/1/14,115.21,115.34,114.49,115.10,5469220
2019/1/15,115.64,116.57,115.51,116.38,3668845
2019/1/16,116.23,116.63,115.52,116.27,4017791
2019/1/17,115.26,117.03,115.25,116.82,5261275
2019/1/18,117.85,119.24,117.31,118.37,6284891
2019/1/21,117.85,119.24,117.31,118.37,6284891
2019/1/22,117.88,118.36,116.20,117.13,10514810
2019/1/23,125.59,129.06,124.58,127.05,23078630
2019/1/24,126.80,127.35,125.65,126.70,6613753
2019/1/25,127.03,128.53,126.61,128.08,5969940
2019/1/28,127.25,128.88,126.75,128.37,5604154
2019/1/29,128.38,129.46,127.72,128.42,5268807
2019/1/30,128.11,129.09,127.39,128.47,4707941
2019/1/31,128.54,128.80,127.86,128.51,5108664
2019/2/1,129.03,129.25,127.49,128.20,3981076
2019/2/4,128.13,129.25,127.14,129.24,4149064
2019/2/5,129.33,129.85,128.99,129.59,5647249
2019/2/6,129.27,130.64,129.23,130.33,5104166
2019/2/7,127.68,128.56,126.31,127.33,4580852
2019/2/8,126.52,127.83,126.38,127.83,3399291
2019/2/11,128.38,129.21,128.02,128.10,3237475
2019/2/12,129.21,130.21,128.93,130.07,3469791
2019/2/13,130.90,131.85,130.41,131.47,4448638
2019/2/14,131.14,131.55,130.22,130.48,2917712
2019/2/15,131.53,132.11,131.35,131.96,4020929
2019/2/18,131.53,132.11,131.35,131.96,4020929
2019/2/19,131.75,132.60,131.32,132.60,3541442
2019/2/20,132.66,133.12,131.19,131.93,3976892
2019/2/21,131.76,132.27,131.31,131.78,3072416
2019/2/22,132.63,133.25,132.34,133.13,3256930
2019/2/25,133.84,134.29,133.19,133.33,3341133
2019/2/26,133.53,134.31,133.34,133.58,3201178
2019/2/27,133.13,133.43,132.31,133.05,2647321
2019/2/28,132.67,132.94,131.66,132.06,3616859
2019/3/1,133.18,133.88,132.54,133.08,3169380
2019/3/4,133.83,133.92,131.14,132.34,3563617
2019/3/5,132.28,132.64,131.51,131.82,4445814
2019/3/6,132.05,132.30,130.71,130.96,2895642
2019/3/7,130.60,130.87,128.71,129.41,4559305
2019/3/8,128.31,129.29,127.71,129.15,3947186
2019/3/11,130.05,131.67,129.87,131.65,4120508
2019/3/12,132.43,133.56,131.80,132.20,4136616
2019/3/13,131.98,133.19,131.79,132.47,3319167
2019/3/14,132.42,132.83,131.99,132.69,2864576
2019/3/15,133.24,134.16,133.11,133.30,7482770
2019/3/18,133.68,134.20,132.62,134.04,3418851
2019/3/19,134.76,135.47,133.84,134.31,3642486
2019/3/20,134.35,134.51,132.87,133.46,3817377
2019/3/21,132.98,135.87,132.77,135.22,3771248
2019/3/22,134.77,135.22,132.79,133.32,4055551
2019/3/25,132.94,133.76,132.27,133.06,2970431
2019/3/26,133.78,134.82,133.29,134.05,2671170
2019/3/27,134.24,134.31,132.31,133.12,3240717
2019/3/28,133.76,134.26,132.98,133.77,2786439
2019/3/29,134.32,135.01,133.99,134.89,3244064
2019/4/1,135.29,137.10,135.29,137.00,4167578
2019/4/2,137.05,137.62,136.33,136.71,2515421
2019/4/3,137.33,137.88,136.72,137.31,2804535
2019/4/4,137.30,137.80,136.27,136.50,2898571
2019/4/5,136.99,137.19,136.20,136.98,2857463
2019/4/8,136.73,137.11,136.59,137.08,2215637
2019/4/9,136.39,136.66,135.60,135.86,3178271
2019/4/10,135.95,137.19,135.74,136.73,2801188
2019/4/11,137.48,137.77,136.74,137.46,3077332
2019/4/12,137.92,138.09,137.38,138.00,3032249
2019/4/15,138.05,138.11,136.97,137.57,3768947
2019/4/16,138.05,139.00,137.69,138.76,6591578
2019/4/17,131.33,135.74,130.27,132.99,13101882
2019/4/18,132.89,134.31,132.60,134.16,5188160
2019/4/19,132.89,134.31,132.60,134.16,5188160
2019/4/22,133.29,134.38,132.39,132.78,4700724
2019/4/23,133.03,134.72,132.83,134.26,4667461
2019/4/24,134.42,135.10,133.63,133.80,2902545
2019/4/25,133.56,133.60,131.65,132.53,3043965
2019/4/26,133.21,133.74,132.71,133.31,2426511
2019/4/29,133.03,133.49,132.71,132.93,3094382
2019/4/30,132.99,134.26,132.58,134.10,4852185
2019/5/1,134.37,135.57,134.01,134.38,3194170
2019/5/2,134.32,135.07,133.28,133.45,3704304
2019/5/3,133.56,134.80,133.49,134.08,2698575
2019/5/6,132.22,134.50,131.84,134.21,2921792
2019/5/7,133.03,133.37,130.20,131.59,4944233
2019/5/8,131.71,132.60,131.10,131.93,3994569
2019/5/9,128.96,129.62,127.18,129.39,4385564
2019/5/10,128.95,129.78,126.60,129.37,4160570
2019/5/13,127.42,127.70,125.20,125.64,5186068
2019/5/14,126.02,128.41,125.89,127.45,3431298
2019/5/15,126.76,128.67,126.55,128.49,2668346
2019/5/16,128.81,130.12,128.72,129.90,3156096
2019/5/17,128.76,129.46,128.05,128.41,2739579
2019/5/20,127.66,129.47,127.08,129.18,3414667
2019/5/21,130.13,131.03,129.82,130.45,2618661
2019/5/22,130.02,130.74,129.74,130.35,1934891
2019/5/23,129.19,129.19,124.70,126.57,5589196
2019/5/24,127.66,128.35,125.80,126.46,2715521
2019/5/27,127.66,128.35,125.80,126.46,2715521
2019/5/28,126.32,126.81,124.54,124.72,5134605
2019/5/29,124.28,124.55,122.68,123.99,3848234
2019/5/30,124.03,124.25,123.26,123.87,2868027
2019/5/31,122.79,122.79,121.27,121.41,3702108
2019/6/3,121.51,122.91,121.47,122.63,4463177
2019/6/4,123.86,126.90,123.41,126.85,4093521
2019/6/5,127.51,127.73,124.73,125.71,3306720
2019/6/6,126.38,126.82,125.14,126.41,2403917
2019/6/7,126.64,128.80,126.40,127.45,2670856
2019/6/10,128.47,129.40,128.02,128.81,3045220
2019/6/11,129.37,130.46,129.11,129.97,3564036
2019/6/12,129.60,129.96,128.50,128.94,2358416
2019/6/13,129.19,130.28,129.15,129.79,3091244
2019/6/14,129.48,129.90,128.52,129.21,2294192
2019/6/17,129.44,130.05,128.78,129.02,2295029
2019/6/18,129.25,131.16,129.25,130.38,3048776
2019/6/19,130.43,132.28,130.25,131.05,2491990
2019/6/20,132.82,133.40,132.12,132.74,3212266
2019/6/21,132.35,133.40,132.30,133.08,5531980
2019/6/24,133.08,133.99,132.93,133.22,2286556
2019/6/25,133.33,133.41,132.06,132.28,2930055
2019/6/26,132.76,133.54,132.32,132.43,2389692
2019/6/27,132.62,133.17,131.88,132.43,2248691
2019/6/28,132.48,133.02,131.78,131.84,6436979
2019/7/1,133.46,135.27,133.15,133.73,3533074
2019/7/2,133.60,134.25,133.34,134.05,2520546
2019/7/3,134.53,135.58,134.25,135.32,2019198
2019/7/4,134.53,135.58,134.25,135.32,2019198
2019/7/5,134.67,135.27,133.76,135.16,2232896
2019/7/8,134.85,135.08,134.10,134.39,2505484
2019/7/9,134.43,134.79,133.01,133.20,3519999
2019/7/10,133.84,135.67,133.64,134.29,2629539
2019/7/11,134.60,135.35,134.13,135.03,2231013
2019/7/12,135.68,136.63,135.43,136.46,2914365
2019/7/15,136.61,137.20,135.87,137.02,2477242
2019/7/16,136.87,137.71,136.73,137.22,3634536
2019/7/17,137.29,137.48,135.71,136.78,6343258
2019/7/18,136.23,143.70,135.95,143.05,13276460
2019/7/19,143.37,144.91,142.97,143.10,7626072
2019/7/22,143.56,145.26,143.12,143.15,4280860
2019/7/23,143.95,144.09,141.85,143.77,3914341
2019/7/24,143.52,144.79,142.64,143.43,3088210
2019/7/25,143.23,144.00,142.07,143.78,3244797
2019/7/26,144.36,144.75,143.50,144.70,3037898
2019/7/29,144.46,144.82,143.71,144.24,2170973
2019/7/30,143.40,143.79,142.66,143.18,2753804
2019/7/31,143.12,143.58,139.95,141.72,3894153
2019/8/1,142.35,146.10,141.97,143.71,6635824
2019/8/2,142.48,146.22,139.19,140.77,8474378
2019/8/5,138.60,138.72,133.03,134.57,7442185
2019/8/6,135.78,136.20,133.18,134.54,5303952
2019/8/7,132.64,133.44,130.41,132.99,6204767
2019/8/8,132.36,134.24,131.70,133.94,5503111
2019/8/9,133.15,133.18,129.40,130.14,5485852
2019/8/12,129.69,129.89,127.32,127.79,4271759
2019/8/13,127.92,130.56,126.97,129.82,4730117
2019/8/14,128.02,128.26,125.22,125.48,5349453
2019/8/15,125.45,126.55,124.52,126.12,3910889
2019/8/16,127.19,128.67,127.10,127.88,3150552
2019/8/19,128.95,130.33,128.95,129.10,3310695
2019/8/20,129.29,129.33,126.97,127.15,3157456
2019/8/21,129.02,129.96,127.92,128.35,2934762
2019/8/22,128.77,129.71,127.93,128.41,2818865
2019/8/23,127.75,128.36,123.16,123.87,5040046
2019/8/26,125.29,125.53,123.48,124.27,2964259
2019/8/27,125.43,125.91,124.58,125.40,4945488
2019/8/28,124.70,127.05,124.32,126.92,2838426
2019/8/29,128.28,129.72,128.15,128.95,3108503
2019/8/30,129.62,130.09,128.45,129.57,3096788
2019/9/2,129.62,130.09,128.45,129.57,3096788
2019/9/3,128.92,128.97,127.47,128.20,2957983
2019/9/4,129.74,130.43,129.21,130.33,2351303
2019/9/5,132.22,135.47,131.98,134.77,5242134
2019/9/6,135.30,135.31,134.28,134.39,2695333
2019/9/9,134.41,136.73,134.28,136.33,4421024
2019/9/10,136.71,139.06,136.67,138.67,5208766
2019/9/11,138.48,138.74,136.43,137.28,4047706
2019/9/12,137.70,137.71,135.64,137.30,2620648
2019/9/13,137.97,138.29,136.96,137.35,2308104
2019/9/16,136.29,137.32,136.01,136.21,2017211
2019/9/17,136.21,136.21,134.47,135.95,3068127
2019/9/18,135.80,136.04,134.33,135.97,2074846
2019/9/19,136.20,138.65,136.19,136.68,3232035
2019/9/20,136.95,137.50,135.58,135.64,5432296
2019/9/23,134.98,135.97,134.38,135.82,1901523
2019/9/24,136.23,136.61,134.87,135.45,3380254
2019/9/25,135.51,137.31,134.67,136.86,2642928
2019/9/26,136.87,137.55,135.19,137.24,2416051
2019/9/27,138.06,138.71,136.12,136.94,2465213
2019/9/30,137.41,140.12,137.41,139.02,4171866
2019/10/1,139.19,140.87,137.23,137.34,3096997
2019/10/2,135.94,136.01,134.39,135.46,3494477
2019/10/3,135.39,135.82,133.06,135.77,3063525
2019/10/4,135.81,136.77,134.83,136.70,2524626
2019/10/7,136.00,136.42,135.01,135.07,2538119
2019/10/8,134.07,134.29,132.17,132.29,3373768
2019/10/9,133.62,134.16,132.69,133.53,2741357
2019/10/10,133.62,135.54,133.42,134.92,2713010
2019/10/11,136.49,138.15,136.34,136.48,3134653
2019/10/14,136.05,136.17,135.11,135.79,2415737
2019/10/15,136.27,137.40,135.57,136.71,3164673
2019/10/16,136.22,136.66,135.17,135.86,5577900
2019/10/17,129.06,130.02,127.07,128.36,16484751
2019/10/18,128.32,128.58,126.43,128.19,7507665
2019/10/21,126.78,127.25,125.14,126.75,6596181
2019/10/22,126.72,128.15,125.82,128.07,4353034
2019/10/23,127.65,128.65,126.86,128.47,3777001
2019/10/24,128.90,129.13,127.44,128.17,2718031
2019/10/25,128.22,129.95,128.20,129.48,2697739
2019/10/28,130.02,130.62,129.49,129.99,3374501
2019/10/29,129.46,129.61,127.57,127.93,4352092
2019/10/30,127.94,129.33,127.34,129.30,2356638
2019/10/31,129.17,129.30,127.37,127.85,3569057
2019/11/1,128.59,129.60,128.19,129.57,3231931
2019/11/4,130.25,131.68,130.24,131.62,3488828
2019/11/5,131.74,132.66,131.58,131.83,3153690
2019/11/6,131.93,132.68,131.50,132.68,4683256
2019/11/7,131.81,133.02,131.53,131.63,4261195
2019/11/8,131.53,131.56,130.17,131.56,2383206
2019/11/11,131.17,131.17,129.06,129.51,2686128
2019/11/12,129.89,130.65,129.08,129.63,3186639
2019/11/13,129.44,129.62,127.96,128.57,3052646
2019/11/14,128.23,128.42,127.47,128.11,4425940
2019/11/15,128.48,129.18,128.14,128.49,3412575
2019/11/18,128.39,128.57,127.37,128.40,3358078
2019/11/19,128.95,129.43,128.55,128.60,3132770
2019/11/20,128.16,128.55,126.91,127.34,4328557
2019/11/21,127.53,128.27,127.13,127.95,3499184
2019/11/22,128.29,128.73,127.72,128.43,3449185
2019/11/25,128.56,130.02,128.44,129.99,2709245
2019/11/26,130.16,130.16,128.84,129.15,3967687
2019/11/27,129.40,129.74,127.74,127.89,3431821
2019/11/28,129.40,129.74,127.74,127.89,3431821
2019/11/29,127.72,128.60,127.18,128.54,1909264
2019/12/2,128.54,128.59,126.65,127.07,3208187
2019/12/3,126.20,126.62,124.94,126.31,3810055
2019/12/4,127.02,127.80,126.16,126.19,3692380
2019/12/5,127.14,127.38,125.84,126.11,3760788
2019/12/6,126.91,128.00,126.86,127.36,3595625
2019/12/9,127.49,128.67,127.40,128.03,3105051
2019/12/10,128.03,128.91,127.69,128.02,3640498
2019/12/11,128.21,128.59,127.79,127.88,4135152
2019/12/12,127.82,129.69,127.78,129.37,5046009
2019/12/13,128.82,129.54,128.12,128.31,2651610
2019/12/16,129.01,129.49,127.96,128.23,3189463
2019/12/17,128.37,128.77,127.59,128.32,3040931
2019/12/18,128.63,129.06,128.25,128.50,3244483
2019/12/19,128.55,128.80,128.29,128.64,4044359
2019/12/20,129.77,130.42,129.02,129.63,7438943
2019/12/23,129.81,130.16,129.06,129.59,2932147
2019/12/24,129.65,129.66,128.69,129.04,1257397
2019/12/25,129.65,129.66,128.69,129.04,1257397
2019/12/26,129.04,129.36,128.73,128.98,2227666
2019/12/27,129.06,129.78,128.94,129.32,2878801
2019/12/30,129.25,129.35,126.67,126.97,4308369
2019/12/31,126.70,128.22,126.58,128.15,3951265
2020/1/1,126.70,128.22,126.58,128.15,3951265
2020/1/2,129.06,129.94,128.84,129.46,3293436
2020/1/3,127.70,128.93,127.69,128.43,2482890
2020/1/6,127.55,128.34,127.34,128.20,2537073
2020/1/7,127.81,129.02,127.53,128.29,3232977
2020/1/8,128.59,129.89,128.03,129.36,4545916
2020/1/9,129.77,130.77,129.36,130.73,3902208
2020/1/10,130.98,131.81,130.32,130.68,3405148
2020/1/13,129.52,130.63,129.13,130.59,3693426
2020/1/14,130.29,131.11,129.59,129.85,3850326
2020/1/15,130.02,131.99,129.74,130.61,4232011
2020/1/16,131.28,132.11,130.98,131.91,4519661
2020/1/17,130.54,132.25,130.17,132.23,5881972
2020/1/20,130.54,132.25,130.17,132.23,5881972
2020/1/21,131.75,133.22,131.55,133.05,7577329
2020/1/22,137.02,139.38,136.28,137.56,17228038
2020/1/23,137.86,138.06,135.90,136.59,5918059
2020/1/24,137.08,137.59,134.28,134.38,5836889
2020/1/27,132.41,133.91,132.03,132.52,4358264
2020/1/28,133.37,134.29,132.65,133.41,3610374
2020/1/29,133.05,133.44,131.55,131.63,3194275
2020/1/30,130.75,130.95,129.03,130.76,5290563
2020/1/31,136.62,137.72,134.60,137.41,19868352
2020/2/3,137.91,140.80,137.57,139.84,9295488
2020/2/4,141.28,142.81,140.42,142.55,5879566
2020/2/5,143.60,150.52,143.55,149.46,15048593
2020/2/6,149.92,151.77,148.59,149.87,8786923
2020/2/7,147.75,148.70,146.20,146.66,6718876
2020/2/10,146.24,147.65,144.91,147.64,5480831
2020/2/11,148.30,148.39,146.01,146.73,4011515
2020/2/12,146.99,148.76,146.77,148.48,4641939
2020/2/13,147.58,148.02,146.66,147.52,3996452
2020/2/14,147.63,147.76,143.18,144.07,6379763
2020/2/17,147.63,147.76,143.18,144.07,6379763
2020/2/18,143.20,144.72,143.06,144.46,3496778
2020/2/19,144.88,145.21,143.70,144.23,2858613
2020/2/20,144.18,144.95,142.93,144.57,3013003
2020/2/21,144.40,144.40,142.29,143.25,3699597
2020/2/24,139.11,141.54,138.99,139.99,5703210
2020/2/25,140.07,140.60,135.05,135.48,6497229
2020/2/26,136.62,137.72,133.46,133.60,5656663
2020/2/27,131.20,132.59,127.16,127.26,8808471
2020/2/28,124.26,125.33,120.80,124.43,13607832
2020/3/2,125.00,128.53,122.32,128.39,8923844
2020/3/3,128.57,130.11,122.18,123.23,8259321
2020/3/4,125.79,128.37,123.33,128.32,5226234
2020/3/5,124.76,126.47,122.80,123.85,5696725
2020/3/6,121.13,122.69,119.04,122.11,8570192
2020/3/9,114.88,117.03,112.12,112.63,11252345
2020/3/10,117.38,119.39,110.67,119.28,11935592
2020/3/11,115.69,117.19,111.26,112.78,8835039
2020/3/12,104.83,104.97,97.78,98.29,13088284
2020/3/13,103.90,104.36,96.38,103.20,13077197
2020/3/16,93.69,102.69,90.82,94.72,11054128
2020/3/17,96.19,102.68,92.83,101.96,9684182
2020/3/18,95.04,102.23,95.03,99.00,9176035
2020/3/19,97.83,99.13,93.92,95.93,8782739
2020/3/20,96.48,96.55,90.54,91.20,11031639
2020/3/23,90.44,93.44,86.58,90.60,10176952
2020/3/24,95.59,101.38,94.89,100.84,8340699
2020/3/25,100.84,107.53,98.31,101.20,9052084
2020/3/26,102.21,108.17,100.93,107.93,7482561
2020/3/27,103.80,106.60,102.92,103.28,6718458
2020/3/30,103.34,108.47,103.07,107.96,5820467
2020/3/31,107.07,108.80,105.33,106.05,6635092
2020/4/1,101.68,105.09,99.92,100.52,6394093
2020/4/2,100.74,105.47,100.52,105.16,6619820
2020/4/3,104.13,105.23,100.31,101.66,4747585
2020/4/6,105.50,110.54,105.29,109.77,7357773
2020/4/7,113.58,114.31,109.82,109.89,5852684
2020/4/8,111.20,114.68,110.01,114.04,5395896
2020/4/9,115.18,117.51,114.89,116.16,5832705
2020/4/10,115.18,117.51,114.89,116.16,5832705
2020/4/13,116.28,116.44,112.85,115.82,5355206
2020/4/14,118.03,119.67,117.23,118.46,5322780
2020/4/15,113.88,114.90,111.63,113.47,5896616
2020/4/16,113.78,114.48,109.39,110.64,6754650
2020/4/17,114.05,115.10,112.73,114.84,5194436
2020/4/20,113.91,117.46,112.94,115.11,8558058
2020/4/21,108.99,112.00,107.13,111.63,15009054
2020/4/22,114.60,115.04,112.38,114.06,7412479
2020/4/23,114.31,117.62,113.88,116.01,7198154
2020/4/24,117.03,119.50,115.45,119.24,5215251
2020/4/27,120.04,121.41,119.95,120.38,5150295
2020/4/28,122.40,122.56,119.87,120.72,4997893
2020/4/29,123.21,123.62,121.92,123.03,5499450
2020/4/30,120.96,121.67,119.71,120.04,6941047
2020/5/1,117.77,118.04,116.05,116.51,5152073
2020/5/4,115.51,116.61,114.14,116.33,4202723
2020/5/5,117.96,118.85,117.08,117.19,4078772
2020/5/6,117.82,118.59,117.03,117.75,4042372
2020/5/7,117.57,117.84,115.54,115.90,4615580
2020/5/8,117.28,117.81,115.74,117.58,5232615
2020/5/11,116.45,118.02,115.36,117.20,3697924
2020/5/12,117.60,118.85,114.97,114.97,5004587
2020/5/13,114.67,114.71,109.80,110.64,6153409
2020/5/14,109.53,111.94,106.89,111.81,5501332
2020/5/15,110.83,112.23,110.18,111.84,5006470
2020/5/18,114.61,116.98,114.48,116.21,4399162
2020/5/19,115.86,116.80,114.86,115.00,3390191
2020/5/20,115.61,117.08,115.30,116.04,4017372
2020/5/21,115.67,116.37,113.74,113.88,4184941
2020/5/22,114.12,114.22,112.42,113.18,4373117
2020/5/25,114.12,114.22,112.42,113.18,4373117
2020/5/26,115.97,117.23,115.69,116.41,5720888
2020/5/27,118.49,120.30,118.04,120.02,5990965
2020/5/28,121.29,121.39,118.76,119.05,4095404
2020/5/29,118.23,119.63,116.86,119.41,8294675
2020/6/1,119.16,120.22,118.58,119.40,3003798
2020/6/2,120.14,120.46,119.18,120.46,3115093
2020/6/3,121.56,123.90,121.41,123.37,4097914
2020/6/4,122.16,123.28,121.43,123.22,4042581
2020/6/5,128.00,128.33,125.96,126.25,6163764
2020/6/8,126.45,129.90,126.45,129.78,5617543
2020/6/9,127.65,127.72,125.26,126.07,5641706
2020/6/10,126.34,126.41,124.09,124.16,4952601
2020/6/11,120.49,120.55,112.66,112.82,12304726
2020/6/12,115.92,117.71,114.03,116.55,6506434
2020/6/15,113.95,116.99,113.09,116.30,5385959
2020/6/16,119.50,121.89,117.74,119.65,5864608
2020/6/17,120.30,120.70,117.97,118.69,3302013
2020/6/18,117.59,118.93,116.95,118.70,2997208
2020/6/19,120.62,121.24,116.87,117.08,8471554
2020/6/22,116.75,117.11,115.23,115.75,4993081
2020/6/23,116.64,117.50,113.99,114.16,6937700
2020/6/24,113.12,113.12,110.78,111.30,7061546
2020/6/25,111.63,113.97,110.99,113.80,6412608
2020/6/26,113.06,113.76,111.15,112.04,11244605
2020/6/29,112.79,114.51,112.21,114.48,4350837
2020/6/30,113.95,115.87,113.77,115.46,4099797
2020/7/1,114.98,115.90,113.16,113.33,4869967
2020/7/2,114.43,116.08,114.02,114.44,3919362
2020/7/3,114.43,116.08,114.02,114.44,3919362
2020/7/6,115.92,116.49,114.21,114.90,4231488
2020/7/7,113.77,114.25,112.17,112.41,4474893
2020/7/8,112.87,113.42,111.36,112.53,5431669
2020/7/9,112.81,112.81,110.13,110.62,4982098
2020/7/10,110.42,113.36,110.22,113.15,4482842
2020/7/13,114.51,115.67,113.44,113.96,4864632
2020/7/14,113.40,115.57,112.73,115.30,4742982
2020/7/15,117.02,118.51,116.78,117.59,4679176
2020/7/16,117.28,119.01,116.79,118.56,4530121
2020/7/17,118.92,120.11,117.78,119.61,4167892
2020/7/20,120.53,121.48,119.64,120.81,10384374
2020/7/21,125.39,126.36,120.27,120.52,16063004
2020/7/22,120.36,123.78,120.27,123.01,8572388
2020/7/23,123.42,123.68,121.56,121.73,4414225
2020/7/24,120.92,122.04,119.98,120.26,3693531
2020/7/27,119.37,120.76,119.23,120.66,3905136
2020/7/28,120.29,120.78,118.69,119.00,4370397
2020/7/29,119.08,120.45,118.61,119.81,2963109
2020/7/30,118.27,118.45,116.29,117.50,4171553
2020/7/31,117.31,117.58,115.76,117.53,5519847
2020/8/3,118.07,118.94,116.78,118.84,3688301
2020/8/4,118.37,120.33,118.37,120.31,3625541
2020/8/5,121.16,121.18,119.13,119.93,3786102
2020/8/6,119.50,120.71,119.50,120.57,3574287
2020/8/7,118.07,119.57,117.79,119.46,3818946
2020/8/10,119.90,121.64,119.67,121.52,4150842
2020/8/11,123.10,124.73,121.04,121.18,5231255
2020/8/12,122.00,122.17,120.34,121.13,3692066
2020/8/13,120.42,120.83,119.28,119.53,3317180
2020/8/14,118.74,120.04,118.46,119.76,3099716
2020/8/17,119.74,120.07,118.94,118.97,3514665
2020/8/18,119.50,119.98,118.78,119.43,3014990
2020/8/19,119.34,119.98,118.07,118.39,3916119
2020/8/20,117.78,118.59,117.41,117.73,2679015
2020/8/21,117.60,118.05,116.93,117.74,3540815
2020/8/24,118.35,120.52,117.93,120.15,4258057
2020/8/25,120.46,121.24,119.02,119.16,3114674
2020/8/26,119.46,119.62,118.50,118.71,3544162
2020/8/27,119.12,119.60,118.53,119.17,3580144
2020/8/28,119.46,119.79,118.76,119.57,3242182
2020/8/31,119.74,119.74,117.62,117.89,5049983
2020/9/1,117.45,118.50,116.78,117.97,3300444
2020/9/2,118.28,123.04,118.15,122.54,6895650
2020/9/3,122.55,124.24,118.21,118.98,5979773
2020/9/4,118.88,119.84,115.91,116.92,6295037
2020/9/7,118.88,119.84,115.91,116.92,6295037
2020/9/8,116.79,117.47,115.40,115.88,5449974
2020/9/9,116.76,118.26,115.96,116.88,3944152
2020/9/10,117.14,118.15,114.95,115.26,4161406
2020/9/11,116.05,117.30,115.42,116.12,3711313
2020/9/14,116.98,117.95,116.41,116.72,3809009
2020/9/15,117.42,117.97,116.86,117.06,3049299
2020/9/16,117.31,120.29,117.31,118.76,3962666
2020/9/17,117.23,120.03,116.61,119.43,3317180
2020/9/18,118.80,119.43,117.26,117.36,5639614
2020/9/21,115.18,115.39,113.37,114.96,5555724
2020/9/22,115.04,116.11,114.27,115.21,3093859
2020/9/23,115.49,116.24,113.22,113.60,4120612
2020/9/24,112.91,114.26,111.36,112.90,3709325
2020/9/25,112.43,114.16,111.80,113.72,3089570
2020/9/28,115.27,116.95,115.11,116.38,3670623
2020/9/29,116.07,116.82,114.92,115.62,2203504
2020/9/30,116.04,117.50,115.49,116.32,3411111
2020/10/1,116.98,117.88,115.07,115.76,3359438
2020/10/2,113.80,116.40,113.59,115.27,3059759
2020/10/5,116.48,117.35,115.73,116.64,3190823
2020/10/6,117.19,119.34,116.24,116.61,4050426
2020/10/7,117.28,118.92,116.94,118.61,2944908
2020/10/8,125.11,129.54,124.06,125.71,26452189
2020/10/9,126.20,126.20,121.99,122.17,8737970
2020/10/12,122.44,122.61,120.88,121.62,4848315
2020/10/13,121.00,121.56,118.99,119.60,5654781
2020/10/14,119.63,121.36,119.63,120.40,3899593
2020/10/15,118.62,119.71,118.40,119.40,3541024
2020/10/16,119.67,120.87,119.18,120.39,4927078
2020/10/19,121.22,121.75,119.58,120.00,7822720
2020/10/20,114.53,114.87,111.70,112.21,22490151
2020/10/21,111.53,112.51,109.74,110.00,10204044
2020/10/22,109.94,110.96,108.01,110.67,8217167
2020/10/23,111.38,111.49,110.45,110.90,4072496
2020/10/26,109.42,109.85,106.92,107.28,7534756
2020/10/27,107.22,107.28,105.19,105.70,6209161
2020/10/28,103.88,104.90,101.26,101.96,9860956
2020/10/29,102.53,104.82,101.86,104.12,7071169
2020/10/30,103.15,106.88,103.01,106.75,8285889
2020/11/2,107.70,108.82,107.31,107.94,5555829
2020/11/3,108.99,110.56,108.63,109.14,4397698
2020/11/4,107.39,108.90,106.27,106.98,6066905
2020/11/5,108.32,110.22,108.04,109.72,5127701
2020/11/6,110.02,110.04,108.40,109.02,5490663
2020/11/9,112.70,114.47,110.20,110.45,9405841
2020/11/10,111.56,112.97,111.14,112.72,5881449
2020/11/11,112.93,113.15,111.11,112.05,4486922
2020/11/12,110.54,111.25,108.49,109.46,6797117
2020/11/13,110.12,112.21,109.95,111.71,4898000
2020/11/16,113.10,113.34,111.97,113.15,5536896
2020/11/17,112.43,113.33,111.92,112.52,4324687
2020/11/18,112.54,113.65,111.62,111.63,4818713
2020/11/19,111.41,112.28,110.79,112.03,3597822
2020/11/20,112.43,112.85,111.56,111.80,5255418
2020/11/23,112.27,115.22,112.11,114.81,5910318
2020/11/24,115.54,119.24,115.50,118.95,8109115
2020/11/25,117.52,118.86,116.74,118.74,4326151
2020/11/26,117.52,118.86,116.74,118.74,4326151
2020/11/27,118.74,119.80,118.46,118.88,2187395
2020/11/30,118.64,119.50,117.68,118.09,6263448
2020/12/1,118.45,120.30,117.67,117.74,5553319
2020/12/2,117.45,119.16,117.03,119.14,3860472
2020/12/3,118.70,119.37,117.87,118.17,4757417
2020/12/4,118.52,121.78,118.20,121.61,5776849
2020/12/7,120.93,121.39,119.09,119.22,8701151
2020/12/8,119.81,120.77,119.16,120.18,5643170
2020/12/9,120.27,122.07,120.17,121.21,6813121
2020/12/10,120.79,121.35,119.45,119.46,5024147
2020/12/11,118.62,119.99,118.17,118.80,4687544
2020/12/14,119.81,120.69,118.04,118.10,5282300
2020/12/15,118.92,120.39,118.01,120.39,4556585
2020/12/16,120.39,121.00,119.78,120.03,4738485
2020/12/17,120.54,120.54,119.42,120.03,3962248
2020/12/18,120.07,120.84,119.47,120.32,7900229
2020/12/21,118.52,118.72,116.37,117.96,6397022
2020/12/22,117.89,118.76,117.03,118.17,4535561
2020/12/23,118.43,119.70,118.30,118.45,2817819
2020/12/24,119.50,119.60,118.75,119.21,1842111
2020/12/25,119.50,119.60,118.75,119.21,1842111
2020/12/28,119.60,121.03,118.99,119.33,3781499
2020/12/29,119.84,119.96,117.82,118.36,3647402
2020/12/30,118.36,119.36,118.19,118.87,3535794
2020/12/31,118.76,120.49,118.54,120.34,3738822
2021/1/1,118.76,120.49,118.54,120.34,3738822
2021/1/4,120.32,120.38,117.63,118.49,5417443
2021/1/5,119.51,121.11,119.13,120.59,6395872
2021/1/6,121.32,126.08,121.15,123.60,8322708
2021/1/7,124.32,124.72,122.62,123.32,4714740
2021/1/8,122.92,123.63,121.40,122.88,4891305
2021/1/11,122.32,123.98,122.05,122.93,5859587
2021/1/12,123.41,124.14,122.31,123.53,3921663
2021/1/13,123.47,124.04,120.90,121.34,8030874
2021/1/14,122.39,124.44,121.94,123.30,7848347
2021/1/15,122.64,123.56,122.06,122.74,5131153
2021/1/18,122.64,123.56,122.06,122.74,5131153
2021/1/19,123.59,123.89,122.46,123.35,5646308
2021/1/20,124.00,125.30,122.91,124.36,5856240
2021/1/21,124.40,126.42,124.33,125.86,13116003
2021/1/22,115.39,115.39,112.20,113.39,39814421
2021/1/25,113.54,114.28,112.28,113.37,14315974
2021/1/26,113.94,117.20,113.21,117.10,11186656
2021/1/27,116.71,119.30,116.27,117.08,12705239
2021/1/28,117.40,117.78,114.79,114.80,8455969
2021/1/29,114.93,115.97,113.67,113.87,12369473
2021/2/1,114.63,115.63,113.51,115.24,6538023
2021/2/2,114.11,115.68,114.03,114.19,6633627
2021/2/3,113.80,114.53,112.93,113.88,7024308
2021/2/4,114.64,115.77,113.64,115.70,4771957
2021/2/5,115.68,116.45,115.22,116.43,4775722
2021/2/8,117.23,118.53,117.02,118.17,6158848
2021/2/9,116.54,117.21,115.73,116.73,4933982
2021/2/10,117.62,117.98,115.88,116.86,5090673
2021/2/11,116.63,116.84,115.33,115.59,5629154
2021/2/12,115.68,116.02,114.81,115.49,4049275
2021/2/15,115.68,116.02,114.81,115.49,4049275
2021/2/16,114.87,115.30,114.11,114.79,6945231
2021/2/17,114.02,115.26,113.79,114.69,4141219
2021/2/18,115.20,115.62,114.44,115.42,5646413
2021/2/19,115.44,115.45,113.17,113.76,6881320
2021/2/22,113.29,115.80,113.23,115.54,6149643
2021/2/23,115.60,116.01,114.53,115.40,4739740
2021/2/24,115.49,118.06,115.22,117.79,6087720
2021/2/25,117.94,118.88,116.96,117.08,5953623
2021/2/26,116.87,116.87,113.65,113.70,9467346
2021/3/1,115.06,116.94,114.59,115.43,5977367
2021/3/2,115.43,116.54,114.97,115.04,4732418
2021/3/3,115.20,117.24,114.70,116.98,7744898
2021/3/4,116.63,117.80,113.54,114.83,8439651
2021/3/5,115.33,118.31,114.96,117.43,7268968
2021/3/8,117.58,121.27,117.48,119.32,7572203
2021/3/9,119.89,120.87,118.70,118.72,5867014
2021/3/10,119.55,122.60,119.13,122.25,7581199
2021/3/11,122.46,122.98,121.20,121.55,5383657
2021/3/12,121.60,122.07,121.04,122.00,4194565
2021/3/15,122.15,123.09,121.93,122.93,3577948
2021/3/16,122.64,122.87,121.74,122.60,4867247
2021/3/17,122.81,123.80,121.88,123.36,4488804
2021/3/18,123.27,125.24,122.17,124.34,6104142
2021/3/19,124.30,124.70,122.88,123.23,10297870
2021/3/22,122.85,124.97,122.27,124.81,4356485
2021/3/23,124.70,125.77,124.09,124.72,4556794
2021/3/24,125.19,126.30,124.83,124.88,4189230
2021/3/25,124.60,127.38,124.06,127.22,5809484
2021/3/26,127.43,130.48,127.27,130.38,5823710
2021/3/29,130.00,131.04,129.55,129.89,4835344
2021/3/30,129.89,130.28,128.13,128.80,5010758
2021/3/31,128.62,128.79,126.87,127.40,5172575
2021/4/1,127.88,128.04,126.45,127.37,4261404
2021/4/2,127.88,128.04,126.45,127.37,4261404
2021/4/5,127.76,130.68,127.53,129.95,5722980
2021/4/6,129.62,129.67,128.19,128.32,3787566
2021/4/7,127.95,129.01,127.90,129.00,3112896
2021/4/8,128.65,129.67,128.26,129.18,4275211
2021/4/9,128.94,129.77,128.79,129.76,3162999
2021/4/12,129.08,129.42,127.96,128.67,3926684
2021/4/13,127.15,127.74,124.65,125.41,8403041
2021/4/14,125.54,126.94,124.78,126.80,6137928
2021/4/15,127.42,127.98,126.41,126.75,4062664
2021/4/16,127.15,128.20,127.10,127.72,5535223
2021/4/19,127.72,127.93,126.75,127.27,8575736
2021/4/20,131.04,133.62,130.69,132.08,16192708
2021/4/21,131.99,137.41,131.65,137.24,12456814
2021/4/22,137.38,138.37,134.80,135.07,7428064
2021/4/23,135.10,137.29,134.75,136.17,4765576
2021/4/26,136.16,137.31,135.26,135.34,4927497
2021/4/27,135.46,136.29,134.56,135.76,4062664
2021/4/28,136.63,137.09,135.85,136.71,3941433
2021/4/29,137.79,142.20,136.69,137.90,4554179
2021/4/30,137.38,137.50,134.37,135.64,9280321
2021/5/3,137.49,139.34,137.24,138.38,5997241
2021/5/4,138.06,140.14,137.98,139.34,6642623
2021/5/5,139.52,139.52,138.59,138.83,5229895
2021/5/6,138.87,141.98,138.80,141.89,7848661
2021/5/7,139.50,139.71,138.21,139.06,7325661
2021/5/10,139.39,141.85,139.39,139.74,7304636
2021/5/11,138.61,138.80,136.62,137.88,7454214
2021/5/12,137.51,137.81,134.93,135.09,6233742
2021/5/13,135.23,138.53,135.07,137.83,4807207
2021/5/14,138.73,139.28,137.63,138.32,2873780
2021/5/17,138.09,139.39,137.98,138.73,4471755
2021/5/18,138.41,138.91,136.93,137.58,4000009
2021/5/19,136.06,136.90,134.72,136.89,4498532
2021/5/20,136.83,138.54,135.91,137.55,4301675
2021/5/21,137.93,139.29,137.93,138.37,4219041
2021/5/24,138.68,139.00,137.84,138.36,3449290
2021/5/25,138.55,138.62,136.90,137.47,4118311
2021/5/26,137.19,137.66,136.75,137.07,3225655
2021/5/27,137.50,138.40,137.31,137.50,5889294
2021/5/28,137.87,137.98,137.18,137.42,2651192
2021/5/31,137.87,137.98,137.18,137.42,2651192
2021/6/1,138.62,139.42,137.43,137.85,2528705
2021/6/2,138.26,139.34,137.77,139.31,2915097
2021/6/3,138.54,139.46,137.71,139.15,4320608
2021/6/4,139.58,141.06,139.35,140.94,3261323
2021/6/7,141.06,142.20,140.70,141.51,3621984
2021/6/8,141.61,143.59,141.61,142.51,5313785
2021/6/9,142.48,144.43,142.28,144.04,5547252
2021/6/10,144.81,146.12,143.17,143.92,4977391
2021/6/11,143.81,145.17,143.76,144.63,3596462
2021/6/14,144.08,144.39,142.12,143.43,3498661
2021/6/15,143.26,143.32,142.07,142.79,2628912
2021/6/16,143.17,143.17,140.75,141.33,4057329
2021/6/17,141.06,141.55,138.89,139.20,4568300
2021/6/18,138.13,138.32,136.75,136.83,9577699
2021/6/21,137.77,140.60,137.72,140.20,4482633
2021/6/22,140.08,140.35,138.96,139.92,2549102
2021/6/23,139.99,140.06,138.21,138.25,3349920
2021/6/24,139.39,139.76,138.33,139.04,3775746
2021/6/25,138.99,140.47,138.58,140.38,3759533
2021/6/28,140.54,140.82,138.54,138.90,4067789
2021/6/29,138.87,140.29,138.72,139.15,2540211
2021/6/30,138.75,140.47,138.35,140.14,3394375
2021/7/1,140.50,141.01,140.12,140.38,2809661
2021/7/2,140.45,140.49,133.33,133.86,17584515
2021/7/5,140.45,140.49,133.33,133.86,17584515
2021/7/6,133.83,134.24,131.07,132.68,8466010
2021/7/7,132.66,134.16,132.66,133.67,4246446
2021/7/8,131.72,135.10,131.61,134.55,5739820
2021/7/9,135.23,135.74,134.65,135.30,4083689
2021/7/12,135.21,135.72,133.96,134.72,3496360
2021/7/13,134.72,134.72,133.49,134.11,3309858
2021/7/14,134.53,134.56,132.82,133.67,4606061
2021/7/15,133.19,134.28,132.70,134.27,3807126
2021/7/16,134.80,134.80,132.50,132.79,4298328
2021/7/19,130.45,132.40,130.22,131.85,8977086
2021/7/20,136.71,138.55,132.60,133.81,14237838
2021/7/21,133.81,135.17,133.51,135.09,5024984
2021/7/22,135.43,135.57,134.24,134.52,3466653
2021/7/23,134.76,135.47,134.16,135.12,4680013
2021/7/26,135.17,136.71,134.92,136.49,4441630
2021/7/27,136.26,137.32,135.37,136.47,3281302
2021/7/28,136.72,136.81,135.41,135.54,2660815
2021/7/29,136.07,136.67,135.37,135.69,2793761
2021/7/30,135.30,135.61,134.60,134.76,3698238
2021/8/2,135.23,136.77,134.83,135.20,3064257
2021/8/3,135.66,138.34,135.42,137.73,4272596
2021/8/4,137.48,137.84,136.20,136.48,2960285
2021/8/5,136.74,137.10,135.97,136.49,2884240
2021/8/6,136.71,138.04,136.61,137.75,4002833
2021/8/9,135.95,136.23,134.77,135.04,5129689
2021/8/10,135.00,135.57,134.17,135.16,5543695
2021/8/11,135.54,136.49,135.28,135.88,4455960
2021/8/12,136.00,136.85,135.83,136.78,2184780
2021/8/13,136.37,137.27,136.18,136.88,1997965
2021/8/16,136.93,137.42,135.98,137.28,2913319
2021/8/17,136.71,136.86,134.89,136.16,3215195
2021/8/18,135.44,135.68,133.26,133.34,3672192
2021/8/19,132.59,133.32,131.18,131.95,4351465
2021/8/20,131.68,133.25,131.23,132.99,2780059
2021/8/23,133.48,133.99,132.70,133.48,3179422
2021/8/24,133.63,134.06,133.19,133.69,2474418
2021/8/25,133.77,134.61,133.33,133.71,2105389
2021/8/26,133.81,134.61,132.61,132.68,2613640
2021/8/27,132.61,133.45,132.31,133.28,2572637
2021/8/30,133.37,133.73,132.72,132.86,2087293
2021/8/31,133.40,134.74,132.84,134.17,4429915
2021/9/1,133.82,133.91,133.07,133.17,2588327
2021/9/2,133.58,133.89,132.92,133.85,2840413
2021/9/3,133.54,134.29,133.17,133.44,2009575
2021/9/6,133.54,134.29,133.17,133.44,2009575
2021/9/7,133.51,133.64,131.70,131.99,3436110
2021/9/8,132.07,132.97,131.55,132.57,3122728
2021/9/9,131.79,132.85,131.51,131.68,3669682
2021/9/10,132.72,133.24,130.98,130.99,4157955
2021/9/13,132.31,132.88,131.46,132.07,4334729
2021/9/14,132.31,132.48,129.39,130.23,4659198
2021/9/15,130.23,131.74,129.70,131.17,3403579
2021/9/16,131.24,131.88,129.74,130.43,2765624
2021/9/17,129.78,129.94,129.11,129.28,5890340
2021/9/20,128.01,129.24,126.94,128.40,4990152
2021/9/21,129.17,129.68,127.09,127.12,4261927
2021/9/22,127.84,129.42,127.60,128.71,3767901
2021/9/23,129.30,131.38,129.09,130.72,3151807
2021/9/24,131.00,132.39,130.74,131.44,3100762
2021/9/27,131.89,132.95,131.43,132.47,3459017
2021/9/28,133.05,133.55,131.18,131.42,4513072
2021/9/29,131.67,133.78,130.44,133.06,3947499
2021/9/30,133.84,134.39,132.41,132.82,6090230
2021/10/1,134.80,137.64,134.20,137.02,6907889
2021/10/4,136.46,139.58,136.09,137.77,7689251
2021/10/5,138.38,138.62,136.37,136.85,7297524
2021/10/6,136.21,137.07,134.69,136.10,5573506
2021/10/7,136.45,137.09,135.31,135.57,3999695
2021/10/8,135.57,137.33,134.85,136.92,3902940
2021/10/11,137.19,137.74,136.14,136.17,2921792
2021/10/12,135.96,136.04,134.13,134.29,3293436
2021/10/13,134.34,135.19,133.52,134.57,3013003
2021/10/14,134.84,137.59,134.81,137.08,4410668
2021/10/15,137.08,138.48,136.51,138.25,3371049
2021/10/18,137.67,138.57,135.53,136.06,6437189
2021/10/19,134.88,136.65,134.34,135.74,4539117
2021/10/20,135.45,135.95,134.51,135.66,6474008
2021/10/21,127.64,127.84,122.47,122.69,32913959
2021/10/22,122.42,124.52,121.04,122.26,12114981
2021/10/25,121.92,122.99,121.36,122.03,6667204
2021/10/26,121.91,122.66,121.19,121.54,8912861
2021/10/27,121.84,122.26,119.51,119.67,7294176
2021/10/28,119.67,120.76,119.14,120.31,6802138
2021/10/29,119.91,120.76,119.42,119.60,6188973
2021/11/1,119.55,120.76,118.39,120.73,6177153
2021/11/2,120.75,121.58,119.42,120.63,4722062
2021/11/3,120.68,121.69,120.15,121.54,5670784
2021/11/4,123.05,123.34,119.90,120.85,7208700
2021/11/5,121.43,123.77,121.43,123.61,6790500
2021/11/8,123.99,124.78,123.53,124.54,5625300
2021/11/9,122.56,122.90,120.26,120.85,7236600
2021/11/10,121.00,122.43,119.93,120.22,6270300
2021/11/11,120.90,121.79,120.08,120.27,4643300
2021/11/12,120.00,120.64,118.78,118.96,5418300
2021/11/15,119.54,120.16,118.31,118.87,5046300
2021/11/16,118.92,119.90,118.42,118.46,4750800
2021/11/17,118.38,119.33,117.78,118.06,4043300
2021/11/18,118.36,118.36,116.31,116.66,5046900
2021/11/19,116.49,116.56,115.27,116.05,5380200
2021/11/22,116.00,118.81,115.19,116.47,6416200
2021/11/23,116.79,117.94,116.04,116.79,4912800
2021/11/24,116.16,117.27,116.08,116.73,3220800
2021/11/25,116.16,117.27,116.08,116.73,3220800
2021/11/26,115.00,116.34,114.56,115.81,3322000
2021/11/29,118.62,119.61,117.53,118.50,8949800
2021/11/30,117.50,119.24,116.45,117.10,9252700
2021/12/1,118.25,118.93,116.85,116.92,5958300
2021/12/2,117.37,117.98,116.56,116.90,5267100
2021/12/3,117.36,119.36,117.36,118.84,6630100
2021/12/6,119.40,121.15,119.40,119.91,4785600
2021/12/7,120.48,122.08,120.07,121.58,5194000
2021/12/8,122.00,123.38,121.52,123.02,5483900
2021/12/9,122.15,123.95,121.79,123.57,4601100
2021/12/10,124.30,125.33,123.36,124.09,4966900
2021/12/13,123.76,124.36,120.79,122.58,6847500
2021/12/14,122.35,125.03,122.30,123.76,5716100
2021/12/15,123.80,124.82,122.18,123.11,4990000
2021/12/16,123.51,126.64,123.48,125.93,7280500
2021/12/17,125.87,128.64,125.21,127.40,10379000
2021/12/20,125.72,127.20,124.70,127.06,4941400
2021/12/21,127.66,129.34,127.66,128.97,4856000
2021/12/22,129.06,129.79,127.60,129.75,3923200
2021/12/23,130.00,130.96,129.52,130.63,3649000
2021/12/24,130.00,130.96,129.52,130.63,3649000
2021/12/27,130.63,131.65,129.95,131.62,4293900
2021/12/28,131.60,133.22,131.59,132.63,3445200
2021/12/29,132.40,134.21,132.30,133.35,4239900
2021/12/30,133.75,134.37,133.33,133.91,3158100
2021/12/31,134.00,134.99,133.61,133.66,3362100
2022/1/3,134.07,136.29,133.63,136.04,4605900
2022/1/4,136.10,139.95,135.90,138.02,7300000
2022/1/5,138.31,142.20,137.88,138.22,8956900
2022/1/6,138.20,138.41,132.51,135.34,9908100
2022/1/7,134.90,135.66,133.51,134.83,5238100
2022/1/10,134.47,136.20,133.38,135.03,5432800
2022/1/11,130.52,133.25,127.97,132.87,11105300
2022/1/12,133.25,134.47,131.37,133.59,5352000
2022/1/13,133.90,136.05,133.56,134.76,4868300
2022/1/14,134.55,135.14,133.30,134.21,5310300
2022/1/17,134.55,135.14,133.30,134.21,5310300
2022/1/18,132.95,133.89,131.78,132.94,5246700
2022/1/19,132.90,133.90,131.50,131.58,4103700
2022/1/20,131.26,132.88,130.57,130.82,5278200
2022/1/21,131.65,131.87,129.27,129.35,5907000
2022/1/24,127.99,129.15,124.19,128.82,13484000
2022/1/25,129.14,137.34,128.30,136.10,19715700
2022/1/26,136.47,137.07,133.13,134.26,8336000
2022/1/27,133.66,134.75,132.08,132.52,5497300
2022/1/28,133.19,134.53,131.79,134.50,5471500
2022/1/31,134.09,134.09,132.30,133.57,5859000
2022/2/1,133.76,135.96,132.50,135.53,6206400
2022/2/2,135.70,137.56,135.26,137.25,5357200
2022/2/3,137.00,138.76,135.83,137.78,6100800
2022/2/4,137.86,138.82,136.22,137.15,4142000
2022/2/7,137.45,137.82,136.27,137.24,3759000
2022/2/8,137.23,137.52,135.78,137.02,4181800
2022/2/9,137.84,138.35,136.83,137.79,5393500
2022/2/10,135.47,136.56,133.17,133.52,5978600
2022/2/11,133.90,134.71,132.38,132.69,4176200
2022/2/14,132.59,132.65,129.07,130.15,5345300
2022/2/15,130.64,131.68,129.61,129.94,4394000
2022/2/16,129.45,130.44,128.26,129.18,4875600
2022/2/17,128.05,128.50,124.85,124.97,6797000
2022/2/18,124.94,125.44,123.61,124.35,4609200
2022/2/21,124.94,125.44,123.61,124.35,4609200
2022/2/22,124.20,125.00,122.68,123.92,5349700
2022/2/23,124.38,124.70,121.87,122.07,4086400
2022/2/24,120.00,122.10,118.81,121.97,6563200
2022/2/25,122.05,124.26,121.45,124.18,4460900
2022/2/28,122.21,123.39,121.04,122.51,6757300
2022/3/1,122.67,123.39,120.70,121.35,4873300
2022/3/2,122.59,124.64,121.80,123.86,4891400
2022/3/3,124.96,126.67,124.24,125.93,5206600
2022/3/4,124.40,127.35,124.21,126.62,4402400
2022/3/7,126.47,127.91,125.62,126.07,5047400
2022/3/8,126.62,128.35,124.82,125.68,4887600
2022/3/9,127.41,128.10,125.91,126.22,4403500
2022/3/10,125.75,126.03,123.13,124.35,5326800
2022/3/11,125.00,126.77,123.91,123.96,4119600
2022/3/14,124.45,125.16,122.69,123.94,3289200
2022/3/15,124.00,125.94,123.22,125.64,4021200
2022/3/16,126.50,127.28,124.71,127.04,4292800
2022/3/17,127.10,128.29,126.53,127.96,3671900
2022/3/18,127.38,128.93,126.37,128.76,7466000
2022/3/21,129.00,129.74,127.40,128.10,3384600
2022/3/22,128.50,129.30,127.85,129.06,2690200
2022/3/23,129.08,129.32,128.25,128.30,2924500
2022/3/24,128.33,129.37,127.80,129.25,2971100
2022/3/25,129.50,131.40,129.31,131.35,3530200
2022/3/28,130.82,131.50,129.60,131.47,2483500
2022/3/29,132.04,132.84,130.43,131.94,5791000
2022/3/30,132.01,133.08,131.39,132.13,2622900
2022/3/31,130.72,131.88,130.00,130.02,4274000
2022/4/1,129.66,130.27,128.06,130.15,4012400
2022/4/4,130.26,130.45,128.93,130.27,2809800
2022/4/5,129.85,131.23,128.66,128.89,3107200
2022/4/6,127.78,129.51,127.25,129.39,3958100
2022/4/7,128.87,129.25,126.73,128.55,3538300
2022/4/8,128.01,128.78,127.27,127.73,3143300
2022/4/11,127.95,128.18,126.18,126.37,3202500
2022/4/12,126.42,127.34,125.58,125.98,2691000
2022/4/13,125.64,126.67,124.91,126.14,3064900
2022/4/14,128.93,130.58,126.38,126.56,6384200
2022/4/15,128.93,130.58,126.38,126.56,6384200
2022/4/18,126.60,127.39,125.53,126.17,4884200
2022/4/19,126.08,129.40,126.00,129.15,7971400
2022/4/20,135.00,139.56,133.38,138.32,17859200
2022/4/21,138.23,141.88,137.35,139.85,9922300
2022/4/22,139.70,140.44,137.35,138.25,6508600
2022/4/25,137.59,139.65,135.19,139.10,5748300
2022/4/26,139.00,139.87,136.17,136.19,4956200
2022/4/27,135.78,137.12,134.63,135.06,4369100
2022/4/28,136.85,136.99,134.81,135.74,4474300
2022/4/29,135.13,135.55,132.00,132.21,5078700
2022/5/2,133.00,133.77,130.89,133.04,4213500
2022/5/3,133.00,133.60,131.99,132.52,3688600
2022/5/4,132.87,137.87,132.14,137.40,5932600
2022/5/5,136.46,137.26,134.76,135.92,5957400
2022/5/6,135.47,137.99,135.47,137.67,7306400
2022/5/9,134.41,136.35,133.32,134.44,7647900
2022/5/10,135.00,135.41,128.43,129.13,8642400
2022/5/11,129.86,132.96,129.86,130.75,5301100
2022/5/12,131.27,133.62,130.41,132.90,5384800
2022/5/13,133.00,133.80,131.05,133.60,4195100
2022/5/16,133.10,136.51,132.41,135.03,4250400
2022/5/17,137.19,138.37,135.64,138.37,4372900
2022/5/18,137.10,137.62,132.17,132.94,6003000
2022/5/19,132.00,132.32,128.71,129.66,5819700
2022/5/20,130.18,130.37,125.80,128.48,6914500
2022/5/23,129.50,131.95,129.42,131.17,3591500
2022/5/24,130.57,134.37,130.42,133.80,4189700
2022/5/25,132.86,134.82,132.86,134.39,3299300
2022/5/26,135.00,137.55,134.52,136.89,3929300
2022/5/27,137.39,139.74,137.24,139.27,4608000
2022/5/30,137.39,139.74,137.24,139.27,4608000
2022/5/31,138.20,139.83,136.81,138.84,7978100
2022/6/1,139.67,140.47,138.52,139.43,3796500
2022/6/2,139.45,140.29,136.85,140.15,3734800
2022/6/3,140.26,142.58,139.74,141.18,4352200
2022/6/6,142.98,144.73,142.00,142.88,4766900
2022/6/7,142.60,142.98,140.96,142.78,2887100
2022/6/8,142.07,142.80,140.15,140.83,3005700
2022/6/9,140.15,141.04,137.93,137.96,3591000
2022/6/10,137.80,137.80,135.25,136.19,4659500
2022/6/13,133.97,137.57,133.76,135.11,6486000
2022/6/14,135.00,136.95,134.86,135.72,4607800
2022/6/15,136.01,138.45,135.58,137.06,4606900
2022/6/16,135.30,136.24,134.39,135.67,5386400
2022/6/17,135.99,136.98,132.85,135.02,12968500
2022/6/20,135.99,136.98,132.85,135.02,12968500
2022/6/21,135.90,138.50,135.90,137.85,4089300
2022/6/22,136.10,138.18,136.03,137.08,3791500
2022/6/23,137.14,138.62,136.50,138.44,4547900
2022/6/24,139.20,142.37,139.13,142.06,11493000
2022/6/27,142.26,143.83,141.95,142.80,3936000
2022/6/28,142.92,144.16,141.32,141.86,4064800
2022/6/29,142.74,143.52,139.50,140.71,4161500
2022/6/30,139.58,142.46,139.28,141.19,4878000
2022/7/1,141.00,141.67,139.26,141.12,4011900
2022/7/4,141.00,141.67,139.26,141.12,4011900
2022/7/5,139.97,139.97,135.27,137.62,6273400
2022/7/6,138.00,139.14,137.13,138.08,3237000
2022/7/7,138.91,141.32,138.83,140.83,3897100
2022/7/8,140.76,141.32,139.82,140.47,2820800
2022/7/11,140.62,141.87,140.13,141.00,3904700
2022/7/12,140.84,141.55,138.57,139.18,3235400
2022/7/13,137.18,138.90,136.80,137.18,4123200
2022/7/14,135.60,139.43,135.02,139.06,5298400
2022/7/15,140.68,140.68,138.61,139.92,4519300
2022/7/18,140.15,140.31,137.78,138.13,8231700
2022/7/19,131.58,132.56,127.72,130.88,29690500
2022/7/20,130.70,130.72,128.06,129.18,9882000
2022/7/21,128.75,128.81,125.13,127.15,11975400
2022/7/22,127.03,128.32,125.71,128.25,6467200
2022/7/25,128.44,129.13,127.90,128.54,4702400
2022/7/26,128.26,129.30,127.63,128.08,3645300
2022/7/27,127.97,129.43,127.58,129.12,4175600
2022/7/28,128.75,129.81,128.61,129.22,3913700
2022/7/29,129.52,131.00,129.31,130.79,5786800
2022/8/1,130.75,132.70,130.70,132.04,4142100
2022/8/2,132.20,132.78,130.51,131.81,4403600
2022/8/3,131.82,132.86,131.32,132.34,3088500
2022/8/4,132.15,132.29,131.02,131.64,3179800
2022/8/5,131.25,132.67,131.07,132.48,2586500
2022/8/8,133.10,133.35,132.02,132.61,3821200
2022/8/9,129.92,130.79,129.12,129.47,3496000
2022/8/10,130.75,131.78,130.34,131.50,3664000
2022/8/11,132.36,133.23,132.00,132.54,3501900
2022/8/12,132.62,134.09,131.98,134.01,2766900
2022/8/15,132.96,135.19,132.24,134.93,2791200
2022/8/16,134.60,137.37,134.45,136.56,4313600
2022/8/17,136.46,138.42,136.30,137.79,3667600
2022/8/18,137.79,139.12,137.75,139.07,3177700
2022/8/19,138.75,139.34,137.66,138.37,3155800
2022/8/22,137.65,137.85,135.47,135.55,3093600
2022/8/23,135.37,136.10,134.72,134.74,4141800
2022/8/24,134.89,135.11,133.11,133.23,2855400
2022/8/25,133.65,134.43,133.07,133.98,2706000
2022/8/26,134.10,134.18,130.34,130.38,4185300
2022/8/29,129.99,131.42,129.57,130.31,2783000
2022/8/30,130.56,130.77,129.29,129.58,2407900
2022/8/31,129.92,130.00,128.40,128.45,3490400
2022/9/1,128.40,129.82,127.74,129.66,3396200
2022/9/2,130.30,130.56,127.24,127.79,3040600
2022/9/5,130.30,130.56,127.24,127.79,3040600
2022/9/6,127.80,128.06,126.30,126.72,3347100
2022/9/7,126.69,127.87,126.28,127.71,2401500
2022/9/8,127.20,128.54,126.59,128.47,2964600
2022/9/9,128.90,129.49,128.06,129.19,3291900
2022/9/12,130.33,130.99,129.89,130.66,3741100
2022/9/13,129.14,129.91,126.77,127.25,4565600
2022/9/14,127.50,129.00,126.85,127.69,3819100
2022/9/15,127.39,127.47,124.90,125.49,5141700
2022/9/16,124.36,127.53,123.83,127.27,9839700
2022/9/19,126.49,128.06,126.28,127.73,3981600
2022/9/20,126.90,126.99,125.52,126.30,2837500
2022/9/21,126.89,127.84,124.92,124.93,3389500
2022/9/22,124.76,126.51,124.41,125.31,4046600
2022/9/23,124.53,125.00,121.74,122.71,5195600
2022/9/26,122.30,124.26,121.75,122.01,3987800
2022/9/27,122.60,123.95,121.08,121.74,4117200
2022/9/28,121.65,123.23,119.81,122.76,4996400
2022/9/29,121.85,122.62,120.57,121.63,3817700
2022/9/30,121.66,122.43,118.61,118.81,5346100
2022/10/3,120.16,122.21,119.60,121.51,4261700
2022/10/4,122.80,125.65,122.52,125.50,4566100
2022/10/5,124.71,126.46,124.23,125.74,3212900
2022/10/6,124.88,125.30,121.77,122.23,5074600
2022/10/7,121.50,121.80,118.07,118.82,4499700
2022/10/10,119.79,119.96,117.04,117.75,5990000
2022/10/11,117.46,119.23,116.94,117.80,4043100
2022/10/12,118.00,118.81,117.20,117.57,3338800
2022/10/13,116.10,122.15,115.55,121.79,5837500
2022/10/14,121.80,122.54,119.84,120.04,3762400
2022/10/17,121.80,122.88,121.43,121.52,5458600
2022/10/18,123.00,123.94,121.82,122.94,5120300
2022/10/19,122.36,123.94,121.99,122.51,5906600
2022/10/20,126.25,128.96,125.15,128.30,13623100
2022/10/21,128.39,130.85,127.59,129.90,7201300
2022/10/24,130.90,133.11,129.85,132.69,5610900
2022/10/25,132.00,133.30,131.30,132.93,5957600
2022/10/26,133.72,135.86,132.81,135.01,5139000
2022/10/27,135.55,136.40,134.45,134.77,3993200
2022/10/28,135.56,138.86,135.22,138.51,5965500
2022/10/31,138.06,138.77,136.60,138.29,4915300
2022/11/1,138.25,138.65,136.70,138.20,3590600
2022/11/2,137.75,140.17,136.80,136.83,5360500
2022/11/3,136.42,136.48,133.97,134.47,4442400
2022/11/4,135.65,137.73,134.94,136.96,4178000
2022/11/7,136.64,138.70,136.51,138.34,4043100
2022/11/8,139.00,140.93,138.72,140.04,5042800
2022/11/9,137.95,138.90,136.94,137.39,4720000
2022/11/10,140.26,141.37,138.29,141.23,5389000
2022/11/11,141.50,144.13,140.96,143.17,5871300
2022/11/14,142.63,146.08,142.18,144.20,5293500
2022/11/15,144.08,146.16,142.00,144.34,4727100
2022/11/16,144.13,144.95,144.01,144.52,3445200
2022/11/17,143.41,146.18,143.25,146.09,3954000
2022/11/18,146.56,148.31,145.94,147.64,4661700
2022/11/21,147.55,147.93,146.45,146.68,3476200
2022/11/22,147.60,149.35,147.02,149.10,7062100
2022/11/23,149.10,150.46,148.30,148.75,3658200
2022/11/24,149.10,150.46,148.30,148.75,3658200
2022/11/25,148.27,149.49,148.10,148.37,2075200
2022/11/28,147.98,148.24,145.94,146.18,3538100
2022/11/29,145.91,147.17,145.70,146.49,2754700
2022/11/30,146.19,149.64,145.67,148.90,6377600
2022/12/1,149.98,150.01,147.34,149.16,4495900
2022/12/2,148.13,149.16,147.73,148.67,2900000
2022/12/5,147.94,148.93,146.80,147.41,2784600
2022/12/6,147.30,147.80,146.70,147.50,2847600
2022/12/7,147.33,148.10,146.29,147.27,3971300
2022/12/8,147.90,149.15,147.37,147.78,2665700
2022/12/9,147.40,148.34,146.97,147.05,3047600
2022/12/12,147.82,149.21,146.94,149.21,4032800
2022/12/13,150.37,153.21,149.95,150.57,8811500
2022/12/14,150.47,151.91,148.45,149.86,4205900
2022/12/15,148.52,148.98,141.58,142.36,6687000
2022/12/16,141.25,141.92,138.97,140.16,9834400
2022/12/19,140.16,140.44,137.20,138.87,5282900
2022/12/20,138.84,141.43,138.34,141.28,5156500
2022/12/21,141.84,143.09,140.98,142.14,3793700
2022/12/22,140.95,141.44,138.62,140.88,3337100
2022/12/23,140.59,141.86,139.60,141.65,2092500
2022/12/26,140.59,141.86,139.60,141.65,2092500
2022/12/27,141.73,142.72,141.23,142.42,2742400
2022/12/28,142.40,142.81,139.95,140.02,2539500
2022/12/29,140.58,142.26,140.45,141.06,2337200
2022/12/30,140.54,140.90,139.45,140.89,2858000
2023/1/2,140.54,140.90,139.45,140.89,2858000
2023/1/3,141.10,141.90,140.48,141.55,3338600
2023/1/4,142.07,143.62,141.37,142.60,3869200
2023/1/5,142.44,142.50,140.01,141.11,2866600
2023/1/6,142.38,144.25,141.58,143.70,3574000
2023/1/9,144.08,145.47,143.40,143.55,3987700
2023/1/10,143.61,144.85,142.90,144.80,2152100
2023/1/11,145.00,145.53,143.45,145.26,3268700
2023/1/12,144.88,146.66,144.52,145.55,2715900
2023/1/13,144.06,146.10,144.01,145.89,2455700
2023/1/16,144.06,146.10,144.01,145.89,2455700
2023/1/17,146.42,147.18,145.01,145.19,2986500
2023/1/18,144.40,144.68,140.23,140.41,6445600
2023/1/19,140.00,142.23,139.75,140.62,4833900
2023/1/20,141.67,141.86,140.51,141.20,7153300
2023/1/23,141.40,142.99,141.06,141.86,5898400
2023/1/24,141.25,142.75,140.00,141.49,4407600
2023/1/25,140.47,141.03,139.36,140.76,7347500
2023/1/26,137.53,138.27,132.98,134.45,17548500
2023/1/27,134.44,135.49,133.77,134.39,8143100
2023/1/30,134.32,136.11,133.98,135.30,5375700
2023/1/31,135.50,135.65,133.76,134.73,7206400
2023/2/1,134.49,135.79,132.80,135.09,5428900
2023/2/2,135.96,136.72,134.85,136.39,6107800
2023/2/3,136.35,136.95,135.53,136.94,3755700
2023/2/6,135.83,136.32,134.95,136.18,4841300
2023/2/7,135.67,136.40,134.45,135.84,3737600
2023/2/8,135.71,136.74,135.16,135.98,4593700
2023/2/9,134.99,135.73,133.34,133.75,3918800
2023/2/10,133.78,135.77,133.50,135.60,5049600
2023/2/13,136.00,137.39,135.85,137.35,4403000
2023/2/14,137.05,137.24,135.05,136.01,3202200
2023/2/15,135.20,136.45,135.07,136.40,2506700
2023/2/16,135.57,135.97,134.59,135.00,2965500
2023/2/17,134.50,135.58,133.89,135.02,3466200
2023/2/20,134.50,135.58,133.89,135.02,3466200
2023/2/21,134.00,134.39,131.66,131.71,4257200
2023/2/22,131.90,131.99,130.29,130.97,3200200
2023/2/23,131.50,131.70,128.86,130.79,3725600
2023/2/24,129.62,130.67,129.22,130.57,3015800
2023/2/27,131.42,131.87,130.13,130.49,2761300
2023/2/28,130.55,130.61,129.14,129.30,5143100
2023/3/1,128.90,129.47,127.74,128.19,3760700
2023/3/2,128.39,129.22,127.71,128.93,3340100
2023/3/3,129.35,129.91,128.77,129.64,2860300
2023/3/6,129.64,130.86,129.59,130.19,3131200
2023/3/7,130.28,130.42,128.19,128.25,3530400
2023/3/8,128.48,128.74,127.55,128.05,2778800
2023/3/9,128.30,128.53,125.98,126.16,5478300
2023/3/10,126.12,127.29,125.13,125.45,5990900
2023/3/13,125.15,128.19,124.85,125.58,8188400
2023/3/14,126.49,126.64,123.20,124.65,8114800
2023/3/15,122.99,123.35,121.71,123.28,5989300
2023/3/16,122.96,124.82,121.92,124.70,6438700
2023/3/17,124.08,124.52,122.93,123.69,37400200
2023/3/20,124.31,126.16,124.19,125.94,4588300
2023/3/21,126.90,127.15,125.66,126.57,3856300
2023/3/22,127.00,127.22,124.01,124.05,3549000
2023/3/23,123.81,124.93,122.60,123.37,4651900
2023/3/24,123.36,125.40,122.88,125.29,3812300
2023/3/27,126.47,130.26,126.47,129.31,6524100
2023/3/28,129.18,129.66,128.80,129.34,2888900
2023/3/29,130.12,130.35,129.18,129.71,3279600
2023/3/30,130.16,131.48,129.10,129.22,3561800
2023/3/31,129.47,131.23,129.42,131.09,4524700
2023/4/3,130.97,132.61,130.77,132.06,3840100
2023/4/4,131.99,132.15,130.89,131.60,3382800
2023/4/5,131.37,132.61,131.37,132.14,2898700
2023/4/6,132.16,132.60,130.32,130.50,3050600
2023/4/7,132.16,132.60,130.32,130.50,3050600
2023/4/10,129.83,131.08,129.24,131.03,2614400
2023/4/11,130.58,131.10,130.18,130.42,3132400
2023/4/12,130.40,130.89,128.17,128.54,3957500
2023/4/13,128.01,128.39,126.00,127.90,5621500
2023/4/14,128.46,129.84,127.31,128.14,4180600
2023/4/17,128.30,128.72,126.80,127.82,3662700
2023/4/18,128.14,128.68,127.35,127.78,3193800
2023/4/19,126.50,126.98,125.30,126.32,7014400
2023/4/20,130.15,130.98,125.84,126.36,9749600
2023/4/21,126.00,126.70,125.27,125.73,6725400
2023/4/24,125.55,126.05,124.56,125.40,4043900
2023/4/25,124.90,126.19,124.76,125.89,4275400
2023/4/26,125.81,126.55,125.12,125.85,4070200
2023/4/27,126.37,127.02,125.46,126.97,3204900
2023/4/28,126.58,127.25,125.64,126.41,5061200
2023/5/1,126.35,126.75,126.06,126.09,2725000
2023/5/2,126.30,126.45,123.27,125.16,4445300
2023/5/3,125.46,125.57,123.26,123.45,4554200
2023/5/4,123.03,123.52,121.76,122.57,4468200
2023/5/5,123.11,124.10,122.81,123.65,4971900
2023/5/8,123.76,123.92,122.55,123.40,3663800
2023/5/9,121.90,121.97,120.66,121.17,4540000
2023/5/10,121.99,122.49,121.10,122.02,4189200
2023/5/11,122.02,122.24,120.55,120.90,3446500
2023/5/12,121.41,122.86,121.11,122.84,4564800
2023/5/15,123.00,123.69,122.34,123.36,2915700
2023/5/16,123.35,123.86,122.45,123.46,2748400
2023/5/17,123.94,125.85,123.47,125.71,4515100
2023/5/18,125.30,126.51,125.19,126.15,3797900
2023/5/19,126.79,128.29,126.55,127.26,4306700
2023/5/22,127.50,128.19,127.15,127.50,2806800
2023/5/23,127.24,129.09,127.13,128.18,4592300
2023/5/24,127.82,127.90,125.47,125.68,3915500
2023/5/25,125.61,127.23,125.01,126.76,4102900
2023/5/26,127.06,129.66,126.81,128.89,5612600
2023/5/29,127.06,129.66,126.81,128.89,5612600
2023/5/30,129.56,130.07,128.26,129.48,3741100
2023/5/31,128.51,129.44,127.46,128.59,11590200
2023/6/1,128.44,130.15,127.78,129.82,4136100
2023/6/2,130.38,133.12,130.15,132.42,5375800
2023/6/5,133.12,133.58,132.27,132.64,3993500
2023/6/6,132.43,132.94,131.88,132.69,3298000
2023/6/7,132.50,134.44,132.19,134.38,5772000
2023/6/8,134.69,135.98,134.01,134.41,4128500
2023/6/9,134.36,136.10,134.17,135.30,3981500
2023/6/12,136.00,136.62,135.82,136.42,4494500
2023/6/13,136.51,138.17,136.00,137.60,3927300
2023/6/14,137.80,138.93,136.94,137.20,4514900
2023/6/15,137.27,138.80,137.18,138.40,3812600
2023/6/16,139.23,139.47,137.47,137.48,7473700
2023/6/19,139.23,139.47,137.47,137.48,7473700
2023/6/20,136.36,137.23,135.89,135.96,4271300
2023/6/21,135.11,135.39,133.29,133.69,5501300
2023/6/22,131.68,132.96,130.68,131.17,6012800
2023/6/23,130.40,130.62,129.18,129.43,11324700
2023/6/26,129.39,131.41,129.31,131.34,4845600
2023/6/27,131.30,132.95,130.83,132.34,3219900
2023/6/28,132.06,132.17,130.91,131.76,2753800
2023/6/29,131.75,134.35,131.69,134.06,3639800
2023/6/30,134.69,135.03,133.43,133.81,4236700
2023/7/3,133.42,134.35,132.87,133.67,1477100
2023/7/4,133.42,134.35,132.87,133.67,1477100
2023/7/5,133.32,134.31,132.59,134.24,2955100
2023/7/6,133.24,133.90,131.55,132.16,3507700
2023/7/7,131.78,133.85,131.75,132.08,2982700
2023/7/10,131.76,133.05,131.70,132.90,2369200
2023/7/11,133.66,134.56,133.23,134.44,2924000
2023/7/12,135.07,135.33,132.57,132.84,3732200
2023/7/13,133.51,135.07,133.36,133.92,3221400
2023/7/14,133.91,133.92,132.94,133.40,2861500
2023/7/17,133.26,134.61,133.10,134.24,3167400
2023/7/18,134.71,135.95,134.29,135.36,3852100
2023/7/19,135.53,136.45,135.19,135.48,5520000
2023/7/20,137.19,140.32,136.56,138.38,10896300
2023/7/21,138.21,139.78,137.76,138.94,5858600
2023/7/24,139.35,140.12,138.78,139.54,3475200
2023/7/25,139.42,140.43,139.04,140.33,3770800
2023/7/26,140.44,141.25,139.88,141.07,4046400
2023/7/27,142.30,143.38,141.90,142.97,6331600
2023/7/28,143.44,143.95,142.85,143.45,6686400
2023/7/31,143.81,144.60,143.53,144.18,6138100
2023/8/1,144.25,144.48,142.17,143.33,4797700
2023/8/2,142.78,144.30,142.31,144.17,4957400
2023/8/3,143.78,145.22,143.31,144.45,3951900
2023/8/4,145.09,146.09,143.99,144.24,4223100
2023/8/7,145.00,146.50,144.93,146.18,3438700
2023/8/8,145.70,146.15,144.11,145.91,4654600
2023/8/9,144.94,144.94,142.30,142.49,4072900
2023/8/10,143.04,144.58,142.69,143.25,4735800
2023/8/11,143.12,143.45,142.21,143.12,2526400
2023/8/14,143.05,143.37,141.80,141.91,4226400
2023/8/15,141.50,142.31,141.20,141.87,3656600
2023/8/16,141.70,142.09,140.56,140.64,3285300
2023/8/17,141.01,142.66,140.60,140.66,3742100
2023/8/18,140.00,141.83,139.76,141.41,3915500
2023/8/21,141.42,142.39,141.11,142.28,2937800
2023/8/22,142.66,143.23,141.30,141.49,3557500
2023/8/23,141.72,143.48,141.58,143.41,2559100
2023/8/24,143.51,144.47,143.22,143.55,2900200
2023/8/25,144.18,145.47,143.50,145.35,3660100
2023/8/28,145.41,146.74,145.21,146.02,3561100
2023/8/29,146.30,146.73,145.62,146.45,2778100
2023/8/30,146.42,146.92,145.75,146.86,2245400
2023/8/31,146.94,147.73,146.54,146.83,3885900
2023/9/1,147.26,148.10,146.92,147.94,2727800
2023/9/4,147.26,148.10,146.92,147.94,2727800
2023/9/5,147.91,149.00,147.57,148.13,3731300
2023/9/6,147.66,148.33,147.12,148.06,2932200
2023/9/7,148.13,148.78,147.40,147.52,3332900
2023/9/8,147.35,148.59,147.26,147.68,3722800
2023/9/11,148.57,148.78,147.58,148.38,3273600
2023/9/12,147.92,148.00,145.80,146.30,4457700
2023/9/13,145.95,146.98,145.92,146.55,2627800
2023/9/14,147.38,147.73,146.48,147.35,2723100
2023/9/15,147.11,147.85,145.53,145.99,6234000
2023/9/18,145.77,146.48,145.06,145.09,2508100
2023/9/19,145.00,146.72,144.66,146.52,3945400
2023/9/20,148.36,151.93,148.13,149.83,9632400
2023/9/21,149.00,149.25,147.31,147.38,4944600
2023/9/22,147.41,148.10,146.82,146.91,2562000
2023/9/25,146.57,147.43,146.25,146.48,2694200
2023/9/26,145.51,146.17,143.02,143.24,4824700
2023/9/27,143.67,143.82,141.76,143.17,4439800
2023/9/28,142.14,142.28,140.21,141.58,5783200
2023/9/29,142.00,142.13,139.61,140.30,5704000
2023/10/2,140.04,141.45,139.86,140.80,3275300
2023/10/3,140.87,141.64,140.00,140.39,3284400
2023/10/4,140.37,141.20,139.99,141.07,2637600
2023/10/5,140.90,141.70,140.19,141.52,3223900
2023/10/6,141.40,142.94,140.11,142.03,3511100
2023/10/9,142.30,142.40,140.68,142.20,2354400
2023/10/10,142.60,143.42,141.72,142.11,3015800
2023/10/11,142.51,143.34,142.14,143.23,2511500
2023/10/12,142.51,142.93,140.95,141.24,3921100
2023/10/13,139.77,140.12,138.27,138.46,4582800
2023/10/16,139.28,139.78,138.52,139.21,3361500
2023/10/17,137.12,140.62,136.31,140.32,4172800
2023/10/18,140.00,140.43,139.58,139.97,3330000
2023/10/19,138.64,139.41,137.93,138.01,5314200
2023/10/20,138.15,139.27,137.12,137.16,4865600
2023/10/23,136.63,137.68,135.87,136.38,3457500
2023/10/24,136.74,137.98,136.05,137.79,3698000
2023/10/25,137.50,138.49,136.33,137.08,6472500
2023/10/26,142.20,144.41,141.58,143.76,11130200
2023/10/27,143.62,144.70,141.71,142.52,5469200
2023/10/30,143.19,144.50,142.58,142.63,4204100
2023/10/31,143.00,144.76,142.59,144.64,6591800
2023/11/1,145.00,146.51,144.45,145.40,4750100
2023/11/2,145.77,147.10,144.84,147.01,3902700
2023/11/3,147.45,148.45,147.28,147.90,3510500
2023/11/6,147.89,149.23,147.85,148.97,4597200
2023/11/7,149.03,149.28,148.03,148.83,3549900
2023/11/8,149.25,149.68,147.59,148.03,3618600
2023/11/9,146.55,146.99,145.28,146.62,3412700
2023/11/10,147.44,149.17,146.85,149.02,3179000
2023/11/13,148.46,148.49,147.35,148.10,2647200
2023/11/14,149.45,150.81,149.05,150.41,4321900
2023/11/15,150.40,153.22,150.40,152.58,4632500
2023/11/16,153.00,153.35,152.13,153.06,3519200
2023/11/17,153.29,153.50,152.46,152.89,4426500
2023/11/20,152.51,154.68,152.35,154.35,3658500
2023/11/21,154.60,154.66,153.51,153.91,2859500
2023/11/22,154.50,155.71,154.16,155.13,3044700
2023/11/23,154.50,155.71,154.16,155.13,3044700
2023/11/24,155.13,155.40,153.92,155.18,1799200
2023/11/27,154.99,156.14,154.75,155.57,4053100
2023/11/28,155.44,155.75,154.86,155.65,2666200
2023/11/29,156.15,157.51,156.02,156.41,3568900
2023/11/30,156.95,158.60,156.89,158.56,6740600
2023/12/1,158.41,160.59,158.00,160.55,4871900
2023/12/4,160.29,162.79,160.29,161.10,5779000
2023/12/5,160.76,162.47,160.72,161.39,4556700
2023/12/6,161.59,162.35,160.01,160.28,3555900
2023/12/7,161.00,161.47,159.97,160.22,3665500
2023/12/8,160.00,162.04,160.00,161.96,4561300
2023/12/11,162.68,163.65,161.95,163.51,6077200
2023/12/12,163.27,166.34,162.92,164.71,5292300
2023/12/13,164.37,164.97,162.74,163.62,4989100
2023/12/14,162.93,163.50,160.15,162.91,6129800
2023/12/15,162.30,164.09,162.04,162.23,11016100
2023/12/18,162.23,163.33,161.58,162.74,3677300
2023/12/19,161.80,162.28,161.32,161.56,3766600
2023/12/20,161.29,161.80,160.01,160.05,4865800
2023/12/21,160.59,161.08,159.53,160.78,2982900
2023/12/22,161.10,162.41,161.00,162.14,2442700
2023/12/25,161.10,162.41,161.00,162.14,2442700
2023/12/26,162.23,163.31,162.05,163.21,1772400
2023/12/27,163.14,163.64,162.68,163.46,3234600
2023/12/28,163.96,163.96,163.40,163.75,2071300
2023/12/29,163.75,164.18,162.83,163.55,2526200
2024/1/1,163.75,164.18,162.83,163.55,2526200
2024/1/2,162.83,163.29,160.46,161.50,3825000
2024/1/3,161.00,161.73,160.08,160.10,4086100
2024/1/4,160.22,161.81,160.17,160.86,3212000
2024/1/5,159.91,160.55,158.67,159.16,4199400
2024/1/8,158.69,161.22,157.89,161.14,3321700
2024/1/9,160.00,160.48,159.51,160.08,2617200
2024/1/10,160.28,161.34,159.74,161.23,2967800
2024/1/11,161.02,162.23,160.29,162.16,3778200
2024/1/12,162.97,165.98,162.35,165.80,4958300
2024/1/15,162.97,165.98,162.35,165.80,4958300
2024/1/16,165.80,167.25,165.34,166.96,4869600
2024/1/17,166.79,167.82,165.50,166.08,4288600
2024/1/18,166.49,166.99,165.04,166.84,3776900
2024/1/19,170.59,171.58,169.18,171.48,6929100
2024/1/22,172.82,174.45,172.40,172.83,4926000
2024/1/23,172.90,174.02,172.48,173.94,3983500
2024/1/24,174.76,174.86,172.90,173.93,9097800
2024/1/25,184.96,196.90,184.83,190.43,29596200
2024/1/26,191.31,192.39,186.16,187.42,9895900
2024/1/29,187.46,189.46,186.05,187.14,6107900
2024/1/30,187.71,188.65,186.77,187.87,4575100
2024/1/31,187.05,187.65,183.14,183.66,8876100
2024/2/1,183.63,187.51,182.71,186.90,4669400
2024/2/2,187.10,187.39,185.62,185.79,4055400
2024/2/5,185.51,185.78,183.26,183.42,4379600
2024/2/6,183.55,184.68,183.04,183.41,3337600
2024/2/7,183.34,184.02,182.63,183.74,4841200
2024/2/8,182.63,184.55,181.49,184.36,5161200
2024/2/9,184.44,187.18,183.85,186.34,5064600
2024/2/12,185.90,186.48,184.03,186.16,4724000
2024/2/13,184.28,184.77,182.36,183.70,4290500
2024/2/14,185.00,185.00,182.26,183.57,3173400
2024/2/15,183.62,186.98,183.62,186.87,4714300
2024/2/16,186.63,188.95,185.95,187.64,4842800
2024/2/19,186.63,188.95,185.95,187.64,4842800
2024/2/20,187.64,188.77,183.06,183.44,4247200
2024/2/21,182.56,183.03,178.75,179.70,4723700
2024/2/22,182.45,184.55,181.93,184.21,5078400
2024/2/23,184.90,186.46,184.57,185.72,3433800
2024/2/26,185.60,186.13,184.06,184.13,4620800
2024/2/27,184.16,185.13,182.62,184.87,3641400
2024/2/28,184.63,185.37,183.55,185.30,3216300
2024/2/29,186.15,186.85,184.69,185.03,6458500
2024/3/1,185.49,188.38,185.18,188.20,4018400
2024/3/4,187.76,193.90,187.60,193.06,7938300
2024/3/5,192.00,193.94,190.57,191.95,5653600
2024/3/6,193.50,198.13,192.96,196.16,6945800
2024/3/7,197.58,198.73,196.14,196.54,4604500
2024/3/8,196.06,197.77,194.38,195.95,3943100
2024/3/11,195.09,195.38,190.88,191.73,4725100
2024/3/12,192.46,199.18,192.15,197.78,5880100
2024/3/13,197.55,198.10,195.32,196.70,3993300
2024/3/14,196.95,197.75,192.12,193.43,4109600
2024/3/15,191.99,193.06,190.70,191.07,8828200
2024/3/18,191.70,193.23,190.32,191.69,5410600
2024/3/19,191.49,193.58,190.28,193.34,5317300
2024/3/20,192.87,193.98,191.31,193.96,3238600
2024/3/21,193.00,193.37,190.01,191.90,6013600
2024/3/22,192.00,192.99,190.51,190.84,3988400
2024/3/25,190.26,190.82,188.75,188.79,3718300
2024/3/26,189.02,190.00,188.50,188.50,4229500
2024/3/27,189.60,190.96,188.60,190.80,3693300
2024/3/28,190.94,191.93,190.34,190.96,3742200
2024/3/29,190.94,191.93,190.34,190.96,3742200
2024/4/1,190.00,190.46,188.52,189.83,2364300
2024/4/2,189.14,189.80,187.60,188.88,2693500
2024/4/3,188.60,191.35,188.49,190.90,2826200
2024/4/4,192.00,193.28,187.34,187.94,2983900
2024/4/5,188.59,190.32,188.02,189.14,2014300
2024/4/8,189.24,190.24,188.91,189.82,2678300
2024/4/9,190.54,191.25,186.66,189.31,2794200
2024/4/10,187.42,187.92,185.52,186.04,3081700
2024/4/11,186.04,186.80,184.58,185.90,2861700
2024/4/12,184.00,185.17,181.69,182.27,3547400
2024/4/15,185.57,187.48,180.88,181.25,3528100
2024/4/16,185.59,185.71,182.86,183.75,4473700
2024/4/17,184.16,184.67,181.78,183.10,3003000
2024/4/18,182.35,183.46,180.17,181.47,2886700
2024/4/19,182.43,182.80,180.57,181.58,3038000
2024/4/22,182.45,183.32,180.45,181.90,3076500
2024/4/23,182.73,184.68,179.00,182.19,5950200
2024/4/24,183.17,184.29,181.40,184.10,7616600
2024/4/25,168.20,172.45,165.66,168.91,16702200
2024/4/26,167.50,167.87,165.73,167.13,8983800
2024/4/29,167.40,168.22,166.23,167.43,5242200
2024/4/30,166.49,166.76,165.26,166.20,6011600
2024/5/1,165.69,166.27,164.30,164.43,4029900
2024/5/2,164.35,164.88,162.62,164.69,3829900
2024/5/3,165.00,166.61,164.92,165.71,3400400
2024/5/6,166.50,168.67,166.38,168.61,4222300
2024/5/7,169.00,169.29,167.94,168.38,3155300
2024/5/8,168.01,170.26,167.90,169.90,3522000
2024/5/9,167.50,167.55,165.88,166.27,4266600
2024/5/10,167.13,168.07,166.32,167.15,2255400
2024/5/13,167.50,168.06,166.76,167.56,2414900
2024/5/14,167.86,168.13,166.48,167.36,2601000
2024/5/15,167.94,168.35,167.34,168.26,4468800
2024/5/16,168.26,169.63,167.79,168.97,3492300
2024/5/17,168.97,169.11,167.33,169.03,2956400
2024/5/20,169.00,170.16,168.38,169.92,2726300
2024/5/21,169.94,174.97,169.94,173.47,6459800
2024/5/22,173.39,174.99,172.76,173.69,3294900
2024/5/23,175.39,175.46,170.44,170.67,3341300
2024/5/24,171.48,172.01,170.21,170.89,2587400
2024/5/27,171.48,172.01,170.21,170.89,2587400
2024/5/28,170.44,171.09,168.65,169.66,2629500
2024/5/29,168.00,168.63,166.21,167.05,4206600
2024/5/30,165.56,166.73,164.23,165.63,3842400
2024/5/31,165.70,166.97,163.84,166.85,4905000
2024/6/3,166.54,166.78,163.53,165.28,2776100
2024/6/4,164.60,166.40,163.88,165.81,2594200
2024/6/5,166.41,167.79,165.78,167.38,3049400
2024/6/6,167.38,168.44,166.80,168.20,2207100
2024/6/7,168.18,171.31,168.06,170.01,3475500
2024/6/10,169.55,170.76,168.88,170.38,3440000
2024/6/11,169.98,170.00,166.81,169.32,2951300
2024/6/12,171.35,172.47,168.10,169.00,3522700
2024/6/13,169.01,169.59,168.34,169.12,3525700
2024/6/14,168.29,169.47,167.23,169.21,2777700
2024/6/17,168.76,169.72,167.50,169.50,3239800
2024/6/18,170.00,170.75,168.38,170.55,3386400
2024/6/19,170.00,170.75,168.38,170.55,3386400
2024/6/20,174.08,174.28,171.22,173.92,4723100
2024/6/21,173.97,174.96,171.40,172.46,10181500
2024/6/24,175.00,178.46,174.15,175.01,4864700
2024/6/25,175.14,175.75,171.42,172.60,4069800
2024/6/26,171.28,172.68,170.41,171.87,2779000
2024/6/27,171.12,172.50,170.48,170.85,2894000
2024/6/28,170.85,173.46,170.53,172.95,4193300
2024/7/1,173.45,176.46,173.38,175.10,3321000
2024/7/2,174.84,177.49,174.32,177.30,2883300
2024/7/3,177.88,177.98,175.17,175.73,1649000
2024/7/4,177.88,177.98,175.17,175.73,1649000
2024/7/5,175.74,176.09,173.95,176.02,2086000
2024/7/8,176.41,178.59,176.01,177.64,2503000
2024/7/9,177.60,177.70,175.58,176.48,2512700
2024/7/10,176.60,178.22,174.45,177.84,3462200
2024/7/11,177.65,179.44,176.62,178.31,2806800
2024/7/12,178.56,184.16,178.50,182.83,4785600
2024/7/15,183.38,184.90,182.60,182.88,2925700
2024/7/16,184.67,186.60,184.52,185.81,3374500
2024/7/17,185.44,187.94,185.07,187.45,4225300
2024/7/18,186.64,189.47,185.10,185.22,3487800
2024/7/19,186.33,187.00,181.95,183.25,3816000
2024/7/22,183.40,184.97,182.86,184.15,2488500
2024/7/23,184.36,185.38,183.01,184.10,2180200
2024/7/24,184.14,185.07,183.15,184.02,6962100
2024/7/25,186.80,196.26,185.30,191.98,9532800
2024/7/26,190.51,193.57,189.62,191.75,4294900
2024/7/29,193.18,193.29,189.18,191.50,3336800
2024/7/30,191.48,192.77,189.09,191.04,3065000
2024/7/31,191.00,194.55,189.99,192.14,5558400
2024/8/1,192.81,193.64,188.29,189.66,4085400
2024/8/2,188.78,189.26,185.70,189.12,4548800
2024/8/5,184.55,185.26,181.81,183.31,4975000
2024/8/6,184.70,188.90,183.64,186.80,3632500
2024/8/7,188.08,189.87,186.70,186.80,3801900
2024/8/8,187.50,192.88,187.00,192.61,3712700
2024/8/9,191.18,192.63,189.04,191.45,2773700
2024/8/12,191.25,191.58,189.00,189.48,2290300
2024/8/13,190.29,191.31,189.21,190.99,2178900
2024/8/14,191.15,193.09,190.73,192.32,1895100
2024/8/15,193.51,194.25,193.28,193.95,2472000
2024/8/16,193.58,194.35,192.86,193.78,2494400
2024/8/19,193.84,195.53,193.72,194.73,2361400
2024/8/20,194.59,196.21,193.75,196.03,1790400
2024/8/21,195.97,197.33,194.12,197.21,2579300
2024/8/22,197.25,197.92,195.57,195.96,1969500
2024/8/23,196.79,197.38,194.39,196.10,2322000
2024/8/26,196.00,198.35,195.90,197.98,2567200
2024/8/27,197.44,199.40,196.97,198.73,2617100
2024/8/28,199.00,200.00,197.49,198.46,2645200
2024/8/29,199.30,201.12,198.27,198.90,2989600
2024/8/30,199.11,202.17,198.73,202.13,4751000
2024/9/2,199.11,202.17,198.73,202.13,4751000
2024/9/3,201.91,204.72,200.21,201.28,3874700
2024/9/4,200.76,204.36,200.50,204.11,3142500
2024/9/5,204.08,205.95,200.96,202.59,3229200
2024/9/6,202.38,204.10,199.34,200.74,3304500
2024/9/9,201.94,205.05,201.43,203.53,3705000
2024/9/10,204.20,205.83,202.87,205.32,3070600
2024/9/11,207.76,210.12,203.04,209.89,5554300
2024/9/12,210.00,212.65,208.27,211.61,4615300
2024/9/13,212.48,216.09,212.13,214.79,4572300
2024/9/16,215.88,217.90,215.52,217.16,4176100
2024/9/17,217.25,218.84,213.00,214.13,5635200
2024/9/18,214.13,216.86,213.59,214.94,3482800
2024/9/19,218.01,218.48,210.37,213.89,5279600
2024/9/20,214.33,217.85,213.74,217.70,9958800
2024/9/23,218.00,220.62,217.27,220.50,4074800
2024/9/24,219.78,221.19,218.16,220.97,3183900
2024/9/25,221.17,221.85,220.16,221.23,2537800
2024/9/26,222.11,224.00,221.36,223.43,2673200
2024/9/27,223.00,224.15,220.77,220.84,3830300
2024/9/30,220.65,221.32,219.02,221.08,3543400
2024/10/1,220.63,221.10,215.90,219.35,3548400
2024/10/2,218.31,220.20,215.80,219.73,3343400
2024/10/3,219.50,222.83,219.27,222.72,3788300
2024/10/4,223.75,226.08,223.27,226.00,3553800
2024/10/7,225.38,227.67,225.02,227.12,3458000
2024/10/8,228.11,229.35,227.04,228.62,3245100
2024/10/9,229.20,234.95,228.50,234.30,5083600
2024/10/10,235.10,235.83,231.81,233.02,3142000
2024/10/11,233.25,233.44,230.46,233.26,3469200
2024/10/14,233.57,236.12,233.17,235.26,2524400
2024/10/15,236.40,237.37,232.71,232.96,3350600
2024/10/16,232.11,233.88,231.12,233.67,2846700
2024/10/17,232.00,233.15,230.66,232.88,5040100
2024/10/18,231.92,232.65,230.17,232.20,4715700
2024/10/21,231.21,232.42,230.26,231.75,2733300
2024/10/22,231.99,232.97,230.67,232.25,3180800
2024/10/23,230.41,233.34,230.26,232.75,5791000
2024/10/24,220.80,221.32,216.16,218.39,11193400
2024/10/25,216.80,218.65,214.39,214.67,8482200
2024/10/28,215.50,216.25,212.70,212.91,4993300
2024/10/29,211.99,213.34,209.85,210.43,5258400
2024/10/30,209.48,211.12,204.26,204.90,6956600
2024/10/31,204.13,208.13,203.51,206.72,5925300
2024/11/1,207.77,209.84,207.41,208.25,3334100
2024/11/4,207.65,207.70,205.80,206.32,2593900
2024/11/5,206.17,208.12,205.57,207.57,2441500
2024/11/6,213.48,214.33,210.37,213.60,3934400
2024/11/7,213.64,214.52,211.93,213.69,3675800
2024/11/8,214.16,216.70,212.78,213.72,3201000
2024/11/11,214.40,215.41,213.48,213.57,3013000
2024/11/12,211.90,213.03,209.06,210.86,2817800
2024/11/13,209.50,211.41,209.07,210.92,3247800
2024/11/14,210.00,210.50,206.35,208.99,6372900
2024/11/15,207.46,208.49,204.07,204.99,3986500
2024/11/18,207.00,208.42,205.37,208.09,3405900
2024/11/19,206.50,210.33,206.19,210.25,2860700
2024/11/20,211.00,214.96,209.77,214.60,4562900
2024/11/21,215.81,222.63,215.27,222.40,5236400
2024/11/22,223.35,227.20,220.89,222.97,5320700
2024/11/25,223.35,226.42,222.65,226.13,7189300
2024/11/26,226.73,228.98,225.51,228.83,4449500
2024/11/27,228.83,229.19,224.27,226.92,2995100
2024/11/28,228.83,229.19,224.27,226.92,2995100
2024/11/29,227.75,230.36,227.19,227.41,2640300
2024/12/2,227.50,228.38,225.51,227.39,2655900
2024/12/3,227.24,229.11,226.67,229.00,3163800
2024/12/4,230.00,233.74,229.35,233.49,4104200
2024/12/5,233.55,236.52,233.46,234.75,4791100
2024/12/6,234.43,238.38,234.22,238.04,4028400
2024/12/9,238.00,239.35,228.91,230.00,4970400
2024/12/10,228.40,234.39,227.80,231.72,4769500
2024/12/11,232.69,233.00,229.13,230.12,3872700
2024/12/12,230.66,233.89,230.38,232.26,4515700
2024/12/13,232.25,233.78,230.26,230.82,2757400
2024/12/16,230.73,231.03,226.88,229.33,3610300
2024/12/17,229.23,230.20,227.62,228.97,3651300
2024/12/18,229.04,229.04,220.03,220.17,4152500
2024/12/19,224.42,226.20,222.98,223.92,4427200
2024/12/20,222.73,227.68,221.68,223.36,12423200
2024/12/23,222.81,223.74,221.08,221.93,2988100
2024/12/24,222.27,224.44,221.54,224.41,1186200
2024/12/25,222.27,224.44,221.54,224.41,1186200
2024/12/26,223.31,225.40,222.55,224.89,3286500
2024/12/27,223.14,224.42,221.41,222.78,1810800
2024/12/30,220.54,221.59,217.65,220.25,2095600
2024/12/31,220.72,221.05,218.44,219.83,2270200
2025/1/1,220.72,221.05,218.44,219.83,2270200
2025/1/2,221.82,222.49,217.60,219.94,2579500
2025/1/3,220.55,223.66,220.55,222.65,3872100
2025/1/6,223.00,224.35,220.75,222.67,2846700
2025/1/7,223.35,226.71,222.83,223.96,3299300
2025/1/8,223.91,224.90,220.83,223.18,2619800
2025/1/9,223.91,224.90,220.83,223.18,2619800
2025/1/10,222.00,222.43,216.80,219.75,3570300
2025/1/13,217.89,219.59,214.75,217.40,3716800
2025/1/14,218.00,218.13,214.61,217.75,3485500
2025/1/15,220.87,221.68,218.01,220.03,2951600
2025/1/16,219.69,222.68,217.38,222.66,3329100
2025/1/17,225.96,225.96,223.64,224.79,5506800
2025/1/20,225.96,225.96,223.64,224.79,5506800
2025/1/21,224.99,227.45,222.83,224.26,3982200
2025/1/22,221.98,224.40,220.35,223.26,4759500
2025/1/23,223.94,226.04,223.15,226.04,3619700
2025/1/24,225.27,226.81,223.80,224.80,3232900
2025/1/27,222.19,224.30,219.84,224.13,4898400
2025/1/28,224.32,225.77,221.77,225.66,4485400
2025/1/29,225.62,229.47,223.73,228.63,7079800
2025/1/30,250.00,261.80,247.01,258.27,15381900
2025/1/31,256.05,257.24,251.89,255.70,7199800
2025/2/3,252.40,262.06,251.84,260.73,8408500
2025/2/4,260.00,265.25,258.12,264.46,6077700
2025/2/5,265.71,265.72,261.18,263.30,6165100
2025/2/6,262.98,263.38,252.73,253.44,6128300
2025/2/7,255.28,256.93,252.02,252.34,3370300
2025/2/10,250.86,251.95,246.87,249.27,3564400
2025/2/11,251.10,256.75,250.58,254.70,4801600
2025/2/12,252.72,256.40,252.02,255.81,3075300
2025/2/13,255.66,259.28,254.41,259.19,4531500
2025/2/14,259.00,261.94,257.91,261.28,3925300
2025/2/17,259.00,261.94,257.91,261.28,3925300
2025/2/18,261.93,263.96,259.83,263.07,4262800
2025/2/19,262.00,264.36,260.09,264.32,3718700
2025/2/20,263.65,265.09,262.15,264.74,4884800
2025/2/21,263.85,264.83,261.10,261.48,5667900
2025/2/24,261.50,263.85,259.58,261.87,4398100
2025/2/25,261.08,263.48,256.77,257.75,6292200
2025/2/26,258.10,258.33,254.41,255.84,3460100
2025/2/27,255.22,257.63,253.05,253.23,3402200
2025/2/28,250.86,252.81,246.54,252.44,7988800
2025/3/3,254.74,255.99,248.25,250.19,2977700
2025/3/4,248.75,255.48,248.10,253.21,5342100
2025/3/5,251.58,252.74,247.01,251.35,4009800
2025/3/6,249.75,252.10,246.80,248.69,3254400
2025/3/7,245.95,261.96,245.18,261.54,6700200
2025/3/10,261.56,266.45,254.75,256.90,8165500
2025/3/11,255.99,256.70,245.86,248.95,5630600
2025/3/12,250.35,253.13,245.53,249.63,3848800
2025/3/13,248.80,249.27,243.04,245.80,3862400
2025/3/14,242.75,248.95,241.68,248.35,4045200
2025/3/17,249.25,254.63,249.00,252.97,3233900
2025/3/18,252.51,252.57,245.12,246.95,4171900
2025/3/19,248.33,253.66,246.64,252.29,3853600
2025/3/20,244.24,246.80,237.22,243.32,7026800
2025/3/21,241.69,245.21,238.50,243.87,9580100
2025/3/24,247.31,248.82,245.97,248.45,4753300
2025/3/25,248.36,250.90,248.20,249.90,3133800
2025/3/26,251.25,254.32,249.53,250.34,4450100
2025/3/27,249.71,250.30,245.73,246.21,2889300
2025/3/28,246.27,247.57,242.07,244.00,3125300
2025/3/31,242.74,250.89,242.49,248.66,6795000
2025/4/1,248.03,250.62,243.49,250.34,4412900
2025/4/2,248.22,252.79,247.23,249.98,4080800
2025/4/3,242.71,250.61,242.53,243.49,5309600
2025/4/4,238.00,240.16,226.88,227.48,7407100
2025/4/7,219.24,232.29,214.50,225.78,7797900
2025/4/8,232.56,233.05,217.28,221.03,6850000
2025/4/9,217.12,236.30,215.16,235.31,7302800
2025/4/10,231.00,232.57,222.02,229.55,5656100
2025/4/11,229.72,237.58,227.51,235.48,4325900
2025/4/14,239.77,241.77,236.73,239.06,3321500
2025/4/15,239.55,241.53,238.27,240.70,3363700
2025/4/16,240.28,243.30,235.89,238.57,4869900
2025/4/17,239.68,241.78,237.40,238.81,4635200
2025/4/18,239.68,241.78,237.40,238.81,4635200
2025/4/21,238.07,240.81,232.93,236.22,4908900
2025/4/22,238.50,242.64,238.02,240.90,4232700
2025/4/23,246.00,249.34,243.66,245.48,7948300
2025/4/24,231.18,232.78,224.44,229.33,15428100
2025/4/25,228.95,233.36,226.32,232.41,6700100
2025/4/28,232.86,236.63,232.07,236.16,3653500
2025/4/29,237.00,239.98,236.14,239.39,3426500
2025/4/30,236.73,242.47,234.34,241.82,5143000
2025/5/1,241.44,242.37,237.95,239.66,4243300
2025/5/2,243.13,245.69,241.33,245.55,3731900
2025/5/5,243.74,249.80,243.64,249.18,4137800
2025/5/6,247.76,250.19,246.11,249.12,2900600
2025/5/7,249.45,254.47,248.83,253.37,3399700
2025/5/8,255.00,256.52,253.25,254.14,3637000
2025/5/9,252.51,253.00,247.64,249.20,2901300
2025/5/12,252.50,253.81,244.65,253.69,4609500
2025/5/13,254.43,259.58,252.88,258.59,3521400
2025/5/14,257.60,260.55,256.22,257.82,3634700
2025/5/15,259.01,267.43,258.61,266.68,4856300
2025/5/16,266.35,267.98,264.59,266.76,3817900
2025/5/19,265.45,269.14,265.08,268.41,3198600
2025/5/20,267.40,269.28,265.62,266.95,2437900
2025/5/21,264.97,265.65,260.41,260.87,3753900
2025/5/22,260.77,261.27,257.91,258.37,3091300
2025/5/23,258.58,259.87,255.79,258.63,2722600
2025/5/26,258.58,259.87,255.79,258.63,2722600
2025/5/27,261.00,263.79,259.63,263.23,3284200
2025/5/28,263.16,265.00,259.94,260.24,2318400
2025/5/29,260.75,261.13,256.77,258.69,2295000
2025/5/30,258.75,260.12,257.10,259.06,9668900
2025/6/2,257.85,263.98,257.22,263.90,2831900
2025/6/3,263.35,265.56,262.58,265.20,2494700
2025/6/4,264.90,267.00,264.79,265.52,2588600
2025/6/5,265.20,267.51,265.10,266.86,2658400
2025/6/6,267.99,270.17,267.53,268.87,2495200
2025/6/9,268.10,273.47,266.71,272.08,4331500
2025/6/10,273.19,277.47,272.56,276.24,5163500
2025/6/11,276.70,281.75,275.11,281.52,4656000
2025/6/12,281.53,283.06,279.83,281.03,3418000
2025/6/13,278.21,279.84,275.83,277.22,3243800
2025/6/16,279.31,284.50,278.67,281.83,3685300
2025/6/17,281.15,284.79,281.00,283.05,3069600
2025/6/18,285.00,286.91,282.94,283.21,3534100
2025/6/19,285.00,286.91,282.94,283.21,3534100
2025/6/20,279.28,284.12,277.20,280.97,7677000
2025/6/23,281.65,289.58,280.21,289.18,3786200
2025/6/24,290.46,294.34,288.41,293.79,4219100
2025/6/25,294.49,296.16,289.50,291.06,3862300
2025/6/26,291.80,292.91,290.17,291.93,3621100
2025/6/27,292.97,293.12,288.52,289.70,3562500
2025/6/30,290.93,294.81,290.00,294.78,3495400
2025/7/1,294.55,295.11,290.08,291.20,3272800
2025/7/2,290.00,290.19,286.90,287.65,3257500
2025/7/3,287.94,292.32,287.90,291.97,1853300
2025/7/4,287.94,292.32,287.90,291.97,1853300
2025/7/7,292.50,295.22,290.36,292.47,4488100
2025/7/8,293.10,295.61,289.49,290.42,2925300
2025/7/9,291.39,291.60,288.63,290.14,2971300
2025/7/10,288.90,288.90,282.21,287.43,3487800
2025/7/11,285.01,287.43,282.92,283.59,3790700
2025/7/14,282.83,284.93,281.71,283.79,2857100
2025/7/15,283.77,284.15,280.73,282.70,2864100
2025/7/16,282.75,283.87,279.87,281.92,2804800
2025/7/17,281.50,283.46,280.90,282.00,3337200
2025/7/18,283.38,287.16,282.22,285.87,4478200
2025/7/21,286.29,287.73,284.38,284.71,3051800
2025/7/22,284.74,284.88,281.25,281.96,4824200
2025/7/23,284.30,288.08,281.44,282.01,8105900
2025/7/24,261.25,262.05,252.75,260.51,22647700
2025/7/25,260.02,260.80,256.35,259.72,7758700
2025/7/28,260.30,264.00,259.61,263.21,5192500
2025/7/29,264.30,265.80,261.02,262.41,4627300
2025/7/30,261.60,262.00,258.90,260.26,3718300
2025/7/31,259.57,259.99,252.22,253.15,6739100
2025/8/1,251.41,251.48,245.61,250.05,9683400
2025/8/4,251.05,252.08,248.11,251.98,5280600
2025/8/5,252.00,252.80,249.00,250.67,5823000
2025/8/6,251.53,254.32,249.28,252.28,3692100
2025/8/7,252.81,255.00,248.88,250.16,6251300
2025/8/8,248.88,249.48,241.65,242.27,6828400
2025/8/11,242.24,243.15,234.70,236.30,9382000
2025/8/12,236.53,237.96,233.36,234.77,8792800
2025/8/13,236.20,240.84,236.20,240.07,5663600
2025/8/14,238.25,239.00,235.62,237.11,4556700
2025/8/15,237.61,240.62,236.77,239.72,4344300
2025/8/18,239.57,241.42,239.12,239.45,3569600
2025/8/19,240.00,242.83,239.49,241.28,3328300
2025/8/20,242.11,242.88,240.34,242.55,3240100
2025/8/21,242.21,242.50,238.65,239.40,2991900
2025/8/22,240.74,243.68,240.22,242.09,3134900
2025/8/25,242.57,242.57,239.43,239.43,3513300
2025/8/26,241.02,244.98,240.38,242.63,5386600
2025/8/27,242.87,245.96,242.00,244.84,3698400
2025/8/28,245.43,245.88,243.36,245.73,2820800
2025/8/29,245.23,245.46,241.72,243.49,2967600
2025/9/1,245.23,245.46,241.72,243.49,2967600
2025/9/2,240.90,241.55,238.25,241.50,3469500
2025/9/3,240.02,244.25,239.41,244.10,3163200
2025/9/4,245.42,249.28,242.85,247.18,4765100
2025/9/5,248.23,249.03,245.45,248.53,3147500
2025/9/8,248.63,257.15,247.02,256.09,6940300
2025/9/9,256.12,260.66,254.88,259.11,4931100
2025/9/10,259.65,260.08,254.56,256.88,5185400
2025/9/11,257.56,258.55,255.66,257.01,3576000
2025/9/12,256.95,257.25,252.43,253.44,3433300
2025/9/15,254.02,259.05,254.00,256.24,4028400
2025/9/16,256.26,258.00,254.41,257.52,2719900
2025/9/17,257.50,260.96,257.01,259.08,3974800
2025/9/18,258.86,265.23,256.80,265.00,4988400
2025/9/19,266.05,267.87,263.64,266.40,9858100
2025/9/22,266.62,272.31,266.00,271.37,5030500
2025/9/23,272.70,273.30,269.27,272.24,5394100
2025/9/24,272.62,273.65,267.30,267.53,3159900
2025/9/25,272.94,284.23,271.15,281.44,11506200
2025/9/26,280.51,288.85,280.11,284.31,9063900
2025/9/29,286.00,286.00,279.66,279.80,6022100
2025/9/30,280.88,286.02,280.52,282.16,5926900
2025/10/1,280.20,286.59,280.15,286.49,4381300
2025/10/2,285.79,288.54,282.79,286.72,3814200
2025/10/3,287.50,293.32,287.30,288.37,4375100
2025/10/6,288.61,291.45,287.80,289.42,2881900
2025/10/7,295.55,301.04,293.29,293.87,7190100
2025/10/8,294.16,294.20,286.47,289.46,5297000
2025/10/9,289.82,290.13,283.32,288.23,4912400
2025/10/10,288.97,290.39,277.50,277.82,4508500
2025/10/13,279.79,282.44,274.64,277.22,4333800
2025/10/14,275.52,277.53,272.55,276.15,3058100
2025/10/15,278.38,285.45,277.00,280.75,3346800
2025/10/16,281.11,282.56,275.60,275.97,2956900
2025/10/17,276.15,283.40,275.35,281.28,5309600
2025/10/20,281.25,285.50,280.96,283.65,3494300
2025/10/21,283.31,285.31,281.60,282.05,4081000
2025/10/22,281.99,289.17,281.35,287.51,10538500
2025/10/23,264.95,285.58,263.56,285.00,16676400
2025/10/24,283.77,310.75,282.21,307.46,16914200
2025/10/27,307.80,313.50,302.88,313.09,9868200
2025/10/28,312.60,319.35,311.41,312.57,6044800
2025/10/29,312.79,314.33,307.52,308.21,4135900
2025/10/30,306.65,313.75,305.02,310.06,4694300
2025/10/31,312.00,313.50,301.63,307.41,7697500
2025/11/3,308.00,312.14,304.23,304.73,4958000
2025/11/4,300.00,303.17,296.00,300.85,5677300
2025/11/5,301.38,307.20,299.71,306.77,4650400
2025/11/6,306.75,315.44,301.09,312.42,6818500
2025/11/7,309.68,310.00,302.63,306.38,5070800
2025/11/10,306.82,309.94,304.23,309.13,2975200
2025/11/11,309.00,317.91,308.43,313.72,4381900
2025/11/12,319.89,324.90,314.53,314.98,6042700
2025/11/13,312.29,314.60,303.68,304.86,5310200
2025/11/14,300.00,307.72,297.59,305.69,3592500
2025/11/17,305.59,306.00,296.51,297.17,3909700
2025/11/18,297.00,297.00,289.92,289.95,4861900
2025/11/19,290.50,291.11,288.07,288.53,3595900
2025/11/20,294.64,300.71,290.16,290.40,5597000
2025/11/21,293.48,300.48,291.89,297.44,5710900
2025/11/24,299.18,307.18,297.51,304.12,6050600
2025/11/25,304.13,306.00,297.06,304.48,2825300
2025/11/26,305.18,306.60,301.64,303.21,2196400
2025/11/27,305.18,306.60,301.64,303.21,2196400
2025/11/28,304.06,309.18,303.60,308.58,1689000
2025/12/1,306.51,307.12,302.80,305.67,3166600
2025/12/2,307.00,310.47,301.57,301.78,4261100
2025/12/3,302.88,303.97,298.91,302.62,3953400
2025/12/4,302.88,309.61,302.54,307.99,2962500
2025/12/5,308.59,311.83,307.18,307.94,2344700
2025/12/8,309.62,315.35,307.95,309.18,3630200
2025/12/9,309.63,313.97,308.75,310.48,2935300
2025/12/10,310.23,314.69,306.65,312.67,3411500
2025/12/11,312.00,313.44,308.40,310.74,2755700
2025/12/12,310.57,311.05,303.33,309.24,2953400
2025/12/15,308.99,311.36,306.35,308.66,3566700
2025/12/16,307.32,307.38,300.42,303.18,3366900
2025/12/17,303.79,306.25,303.08,303.32,3131000
2025/12/18,303.15,304.45,295.70,300.45,5411700
2025/12/19,300.35,306.86,299.10,300.98,11031000
2025/12/22,301.03,303.18,298.32,302.79,2612100
2025/12/23,301.34,305.13,300.65,303.78,2923000
2025/12/24,303.76,305.15,302.30,304.56,1210600
2025/12/25,303.76,305.15,302.30,304.56,1210600
2025/12/26,304.69,305.75,303.67,305.09,2814700
2025/12/29,304.65,310.00,303.75,305.74,4664500
2025/12/30,306.15,306.24,302.00,302.05,1883700
2025/12/31,301.76,301.85,295.87,296.21,3430100
2026/1/1,301.76,301.85,295.87,296.21,3430100
2026/1/2,297.56,297.57,289.00,291.50,4662800
2026/1/5,295.77,299.19,294.25,294.97,4190000
2026/1/6,295.00,303.04,294.42,302.47,4147300
2026/1/7,302.50,304.31,296.35,296.73,2833300
2026/1/8,295.00,303.67,295.00,302.72,3343300
2026/1/9,302.61,307.00,302.00,304.22,2718800
2026/1/12,302.62,312.33,299.96,312.18,3895200
2026/1/13,311.60,312.81,301.87,303.16,4507800
2026/1/14,303.50,309.19,301.50,309.03,3779000
2026/1/15,309.00,311.88,297.04,297.95,4932500
2026/1/16,301.00,307.45,300.78,305.67,6199600
2026/1/19,301.00,307.45,300.78,305.67,6199600
2026/1/20,301.35,301.60,290.16,291.35,7275500
2026/1/21,292.76,297.67,292.51,297.54,5185000
2026/1/22,299.42,300.93,293.53,294.67,3670200
2026/1/23,294.07,294.34,289.79,292.44,3298400
2026/1/26,293.16,296.82,293.14,296.33,3726900
2026/1/27,297.16,297.33,293.27,293.86,2954900
2026/1/28,294.17,295.95,291.26,294.16,5790300
2026/1/29,317.86,319.90,303.47,309.24,10124900
2026/1/30,307.60,307.78,299.73,306.70,5940700
2026/2/2,307.51,316.64,306.41,314.73,4581200
2026/2/3,312.40,312.98,283.85,294.31,11466500
2026/2/4,291.41,291.41,278.96,289.05,8708000
2026/2/5,286.10,291.81,285.10,289.89,5532800
2026/2/6,292.50,299.89,290.66,298.93,3744300
2026/2/9,295.91,297.72,291.42,296.34,4627800
2026/2/10,294.99,297.61,290.33,291.76,3837300
2026/2/11,292.34,293.50,272.36,272.81,7628200
2026/2/12,270.30,271.30,257.22,259.52,12565400
2026/2/13,260.00,264.66,256.64,262.38,6842600
2026/2/16,260.00,264.66,256.64,262.38,6842600
2026/2/17,259.20,260.70,254.65,258.31,4929700
2026/2/18,258.64,261.11,256.25,260.79,3949200
2026/2/19,256.00,258.28,253.51,256.28,4948700
2026/2/20,255.20,259.04,253.80,257.16,4708600
2026/2/23,254.37,255.19,220.72,223.35,19522900
2026/2/24,227.80,236.59,223.63,229.32,13379800
2026/2/25,233.22,239.55,231.22,237.54,8569700
2026/2/26,239.71,247.49,238.95,242.01,7343100
2026/2/27,238.07,240.21,234.57,240.21,6642200
2026/3/2,235.70,240.78,233.78,239.37,6220300
2026/3/3,236.35,246.09,234.29,245.28,6960400
2026/3/4,245.75,250.85,244.96,250.06,6085000
2026/3/5,249.32,260.38,249.00,256.55,9894600
2026/3/6,256.44,259.40,252.21,258.85,6233100
2026/3/9,256.44,259.40,252.21,258.85,6233100
