date,open,high,low,close,volume
2013/1/1,69.24,70.11,69.18,70.10,12770000
2013/1/2,71.02,71.02,70.30,70.84,12874200
2013/1/3,70.98,71.00,70.45,70.74,9598300
2013/1/4,71.24,71.73,71.01,71.55,11631800
2013/1/7,71.50,71.53,71.19,71.40,7548800
2013/1/8,71.31,71.65,71.25,71.41,9825300
2013/1/9,71.64,71.85,71.50,71.73,7672800
2013/1/10,71.81,72.38,71.74,72.19,11888500
2013/1/11,72.19,72.58,72.16,72.35,7766700
2013/1/14,72.60,72.79,72.37,72.56,7386000
2013/1/15,72.25,72.44,72.00,72.37,7795100
2013/1/16,72.26,72.82,72.25,72.58,8779900
2013/1/17,72.88,73.01,72.37,72.90,10570100
2013/1/18,72.90,73.23,72.79,73.23,13558600
2013/1/21,72.90,73.23,72.79,73.23,13558600
2013/1/22,72.92,73.21,72.42,72.69,11469800
2013/1/23,72.52,72.91,72.47,72.85,10155100
2013/1/24,72.96,73.23,72.84,73.10,9369700
2013/1/25,73.13,73.93,73.06,73.92,10421500
2013/1/28,73.96,74.00,73.43,73.62,9420900
2013/1/29,73.67,74.62,73.64,74.41,12386500
2013/1/30,74.45,74.80,74.01,74.09,9245500
2013/1/31,74.08,74.36,73.78,73.92,10448700
2013/2/1,74.14,74.42,74.08,74.18,10016300
2013/2/4,73.56,74.25,73.56,74.11,9200700
2013/2/5,74.49,74.82,74.47,74.66,10230800
2013/2/6,74.57,75.39,74.52,75.39,12084000
2013/2/7,74.82,75.20,74.68,75.06,9798200
2013/2/8,75.17,75.61,74.73,75.48,8153300
2013/2/11,75.28,75.50,75.05,75.41,5697100
2013/2/12,75.42,75.86,75.42,75.80,7598900
2013/2/13,75.79,75.87,75.37,75.66,8014800
2013/2/14,75.50,76.09,75.38,75.81,9681800
2013/2/15,75.72,76.16,75.51,76.16,10528400
2013/2/18,75.72,76.16,75.51,76.16,10528400
2013/2/19,76.03,77.00,75.96,76.96,9747400
2013/2/20,76.79,76.97,76.54,76.65,7857500
2013/2/21,76.47,77.02,76.38,76.87,9465700
2013/2/22,76.39,76.49,75.97,76.25,8571500
2013/2/25,76.47,76.66,75.57,75.57,10603300
2013/2/26,75.88,76.34,75.50,75.75,10742100
2013/2/27,75.68,76.45,75.60,76.32,8180300
2013/2/28,76.23,76.49,76.11,76.11,11806300
2013/3/1,75.79,76.77,75.73,76.70,9528300
2013/3/4,76.73,77.28,76.73,77.20,12628000
2013/3/5,77.56,77.71,77.44,77.66,9399400
2013/3/6,77.69,77.74,77.22,77.39,8535200
2013/3/7,77.62,77.96,77.59,77.75,7996500
2013/3/8,77.84,78.22,77.70,78.19,8554100
2013/3/11,77.92,78.52,77.84,78.44,8807600
2013/3/12,78.50,78.69,78.21,78.56,8790500
2013/3/13,78.52,78.67,78.20,78.55,7983400
2013/3/14,78.67,79.10,78.49,79.10,10130400
2013/3/15,78.62,79.24,78.62,79.19,18296500
2013/3/18,78.72,79.19,78.70,78.81,8005400
2013/3/19,78.98,79.09,78.50,78.86,7095800
2013/3/20,79.18,79.61,79.17,79.45,8000800
2013/3/21,79.12,79.50,78.77,79.01,8436300
2013/3/22,79.11,79.74,79.02,79.74,6873100
2013/3/25,79.83,79.94,79.47,79.68,9616600
2013/3/26,79.93,80.88,79.85,80.85,12682900
2013/3/27,80.56,81.35,80.27,81.27,10703400
2013/3/28,81.37,81.59,80.95,81.53,11332100
2013/3/29,81.37,81.59,80.95,81.53,11332100
2013/4/1,81.39,81.96,81.28,81.93,7376800
2013/4/2,82.00,82.69,81.90,82.69,10342200
2013/4/3,82.74,82.95,81.57,82.07,12254000
2013/4/4,82.20,82.72,81.93,82.41,10303000
2013/4/5,81.79,82.11,81.62,82.04,8581400
2013/4/8,81.27,81.39,80.31,81.11,15828500
2013/4/9,81.26,81.75,81.24,81.52,9111000
2013/4/10,81.83,82.20,81.74,82.02,7583200
2013/4/11,82.14,82.96,82.08,82.32,9882700
2013/4/12,82.25,82.74,82.17,82.74,6987000
2013/4/15,82.72,83.09,81.71,81.71,12385800
2013/4/16,82.33,83.54,82.07,83.44,12620000
2013/4/17,83.36,84.43,83.29,83.90,13693300
2013/4/18,83.96,84.30,83.03,83.18,9921500
2013/4/19,83.51,84.57,83.47,84.49,10787600
2013/4/22,84.59,84.93,84.20,84.83,6989900
2013/4/23,84.99,85.68,84.00,85.45,8982100
2013/4/24,85.68,85.74,84.28,84.39,9480600
2013/4/25,84.54,85.44,84.34,85.22,8689400
2013/4/26,85.30,85.49,84.81,85.12,6784700
2013/4/29,85.02,85.89,84.91,85.58,8038000
2013/4/30,85.39,85.70,84.89,85.23,12099600
2013/5/1,84.50,85.13,83.88,84.23,12312100
2013/5/2,84.44,85.21,84.17,85.16,8668900
2013/5/3,85.58,85.99,85.45,85.75,9213800
2013/5/6,85.78,85.78,84.55,84.68,8815600
2013/5/7,84.87,85.57,84.63,85.53,9061800
2013/5/8,85.48,85.60,84.93,85.46,8044600
2013/5/9,85.45,85.69,84.96,85.15,8342000
2013/5/10,85.29,85.76,85.18,85.76,7594800
2013/5/13,85.56,86.07,85.44,85.85,6631500
2013/5/14,85.76,87.08,85.76,86.97,10360700
2013/5/15,86.94,87.88,86.94,87.64,13444400
2013/5/16,87.33,87.77,87.06,87.45,9441900
2013/5/17,87.47,88.20,87.41,88.09,11437700
2013/5/20,88.10,88.20,87.81,88.01,7235800
2013/5/21,87.94,88.64,87.79,88.59,10099600
2013/5/22,88.70,89.99,88.20,88.46,13825900
2013/5/23,87.11,87.97,87.00,87.21,14446900
2013/5/24,86.80,87.03,86.49,86.82,10390100
2013/5/27,86.80,87.03,86.49,86.82,10390100
2013/5/28,87.54,88.29,87.27,87.61,8380200
2013/5/29,87.08,87.16,85.14,85.65,11872100
2013/5/30,85.71,86.31,85.68,85.99,7801200
2013/5/31,85.68,85.99,84.18,84.18,13302700
2013/6/3,84.28,84.71,83.37,84.71,11768500
2013/6/4,84.72,85.03,83.56,84.10,9972000
2013/6/5,83.91,85.00,83.48,83.68,9839100
2013/6/6,83.59,84.46,82.65,84.46,10671000
2013/6/7,84.96,85.18,84.40,84.91,8907700
2013/6/10,85.01,85.71,84.73,85.14,8477100
2013/6/11,84.76,85.02,84.13,84.69,8967000
2013/6/12,85.18,85.50,83.70,83.74,8413200
2013/6/13,83.60,84.96,83.08,84.91,8570000
2013/6/14,84.71,85.48,84.66,84.91,6357100
2013/6/17,85.37,86.40,84.98,85.63,8429100
2013/6/18,85.75,86.44,85.63,86.36,7233600
2013/6/19,86.43,86.50,84.80,84.86,8288400
2013/6/20,84.21,84.45,82.12,82.62,15172600
2013/6/21,83.00,84.32,82.50,83.20,20715800
2013/6/24,82.92,85.31,82.81,84.61,14777500
2013/6/25,85.16,85.59,84.54,85.35,11239400
2013/6/26,85.95,87.32,85.94,86.99,11966500
2013/6/27,87.53,87.82,86.49,86.71,8890300
2013/6/28,86.72,87.38,85.85,85.86,11896300
2013/7/1,85.72,87.64,85.50,86.63,9905200
2013/7/2,86.65,87.20,86.21,86.57,8572100
2013/7/3,86.54,87.04,86.10,86.78,3599900
2013/7/4,86.54,87.04,86.10,86.78,3599900
2013/7/5,87.58,87.88,86.92,87.87,5403600
2013/7/8,88.09,88.99,87.97,88.59,12051400
2013/7/9,88.65,89.08,88.36,88.88,9348600
2013/7/10,88.88,89.48,88.81,89.24,7067100
2013/7/11,89.81,89.93,89.00,89.67,8941300
2013/7/12,89.69,89.99,89.38,89.99,7590600
2013/7/15,89.91,90.81,89.76,90.40,13343200
2013/7/16,91.04,91.66,90.13,90.40,11409200
2013/7/17,90.58,90.97,89.88,90.13,12832200
2013/7/18,90.33,90.95,90.06,90.17,8329300
2013/7/19,90.24,92.27,90.05,92.23,12506300
2013/7/22,92.08,92.56,91.61,92.28,9916200
2013/7/23,92.39,92.86,92.11,92.42,8467700
2013/7/24,92.65,92.66,91.75,92.36,6846300
2013/7/25,92.00,92.75,91.75,92.57,7368000
2013/7/26,92.32,92.93,91.65,92.83,8663700
2013/7/29,92.63,93.39,92.61,93.21,7925000
2013/7/30,93.47,93.97,93.02,93.17,8863000
2013/7/31,93.23,94.42,93.19,93.50,11365700
2013/8/1,94.16,94.40,93.70,93.77,11098600
2013/8/2,93.56,94.39,93.45,94.39,8503100
2013/8/5,94.05,94.30,93.43,93.80,7192400
2013/8/6,93.88,93.94,93.50,93.81,6415000
2013/8/7,93.60,94.03,93.47,93.66,9056900
2013/8/8,94.27,94.37,92.71,93.34,11090000
2013/8/9,93.39,93.39,91.78,92.36,12135800
2013/8/12,92.08,92.77,91.75,92.00,11012300
2013/8/13,91.89,93.35,91.76,93.01,10099800
2013/8/14,92.79,92.95,90.51,90.70,12716800
2013/8/15,90.32,90.41,89.09,89.55,12010700
2013/8/16,89.13,89.80,88.77,89.37,14100700
2013/8/19,89.47,91.25,89.35,90.45,8687000
2013/8/20,90.55,91.65,89.73,89.73,8559200
2013/8/21,89.47,89.63,88.68,88.80,7940700
2013/8/22,88.76,89.03,88.12,88.26,7191900
2013/8/23,87.93,88.44,87.21,88.41,7714900
2013/8/26,88.36,88.48,87.39,87.53,6724500
2013/8/27,86.97,87.08,85.96,86.17,9941200
2013/8/28,86.36,86.91,85.88,86.53,8829200
2013/8/29,86.41,87.14,85.99,86.57,5768800
2013/8/30,86.78,86.78,85.85,86.41,7471300
2013/9/2,86.78,86.78,85.85,86.41,7471300
2013/9/3,86.89,87.30,86.03,86.42,7590500
2013/9/4,86.46,87.25,86.25,86.90,8458800
2013/9/5,87.00,87.17,86.62,87.04,5647900
2013/9/6,87.22,87.92,86.00,87.16,10034900
2013/9/9,87.39,87.60,87.01,87.56,6819700
2013/9/10,88.14,88.58,87.85,88.53,8658700
2013/9/11,88.63,89.27,88.14,89.23,8098100
2013/9/12,89.30,89.57,88.88,89.01,7938500
2013/9/13,89.13,89.25,88.20,88.57,7738600
2013/9/16,89.43,89.57,88.83,89.03,7563700
2013/9/17,89.05,89.22,88.58,89.06,6291100
2013/9/18,88.91,89.91,88.30,89.91,10115500
2013/9/19,90.05,90.20,89.79,90.07,6721000
2013/9/20,90.20,90.72,89.68,89.68,14708600
2013/9/23,89.43,89.75,88.81,89.09,7376200
2013/9/24,89.02,89.20,88.15,88.22,7797500
2013/9/25,88.42,88.47,87.07,87.08,7493200
2013/9/26,87.28,87.70,86.72,87.07,6400600
2013/9/27,86.81,86.94,86.44,86.73,5461100
2013/9/30,86.33,86.95,86.15,86.69,7962300
2013/10/1,86.59,87.49,86.26,87.47,6318700
2013/10/2,87.13,87.29,86.44,87.29,6383400
2013/10/3,87.19,87.40,86.28,86.58,7724600
2013/10/4,86.82,87.42,86.56,87.31,6050000
2013/10/7,86.70,86.98,86.29,86.59,5705200
2013/10/8,86.62,86.74,85.57,85.61,8669800
2013/10/9,85.93,86.23,85.50,85.96,8014200
2013/10/10,86.72,87.78,86.70,87.78,8647900
2013/10/11,88.62,89.48,88.02,89.45,8449800
2013/10/14,88.83,89.89,88.63,89.80,9198600
2013/10/15,90.33,91.46,89.93,89.93,11024000
2013/10/16,90.42,91.17,90.16,91.11,8116000
2013/10/17,90.87,92.00,90.77,91.97,8569600
2013/10/18,91.75,92.05,91.14,91.63,9082600
2013/10/21,91.63,91.63,90.77,91.20,6940500
2013/10/22,91.53,92.56,91.50,92.36,9635500
2013/10/23,92.07,92.43,91.52,92.10,6449600
2013/10/24,92.65,92.99,92.14,92.35,5251000
2013/10/25,92.04,92.27,91.78,92.09,6076000
2013/10/28,91.96,92.80,91.92,92.39,6551000
2013/10/29,92.80,93.18,92.58,93.14,6096700
2013/10/30,93.27,93.45,92.65,92.79,6295400
2013/10/31,92.85,93.35,92.32,92.61,7773900
2013/11/1,92.38,93.58,92.38,93.37,6835900
2013/11/4,93.46,93.50,92.43,93.03,6862500
2013/11/5,92.54,92.95,92.28,92.81,5350600
2013/11/6,93.03,93.20,92.72,93.04,5301300
2013/11/7,93.19,93.35,92.69,92.69,6116900
2013/11/8,92.63,94.10,92.56,94.05,7229500
2013/11/11,93.97,94.64,93.94,94.29,4723100
2013/11/12,93.98,94.09,93.00,93.56,7639600
2013/11/13,93.36,93.45,92.32,93.34,8954300
2013/11/14,93.40,94.14,93.40,93.92,7045700
2013/11/15,93.63,94.40,93.55,94.39,7063000
2013/11/18,94.36,94.60,94.01,94.30,8492000
2013/11/19,94.27,94.92,94.00,94.86,6624200
2013/11/20,94.94,95.47,94.66,95.15,7076500
2013/11/21,95.46,95.75,95.05,95.20,6896200
2013/11/22,94.39,95.58,94.39,95.25,6462100
2013/11/25,95.49,95.99,95.08,95.63,6374600
2013/11/26,95.58,95.87,94.97,95.06,7267600
2013/11/27,95.34,95.37,94.61,94.98,4603800
2013/11/28,95.34,95.37,94.61,94.98,4603800
2013/11/29,95.23,95.50,94.43,94.66,4106800
2013/12/2,94.41,94.66,93.97,94.28,5827400
2013/12/3,94.20,94.56,93.51,93.97,9061100
2013/12/4,93.76,94.25,93.13,93.63,6218500
2013/12/5,93.42,93.63,92.66,92.97,8666200
2013/12/6,93.60,94.48,93.42,94.44,7280400
2013/12/9,94.30,94.48,93.70,94.44,6974500
2013/12/10,94.58,94.79,93.96,94.14,7576600
2013/12/11,94.40,94.45,93.03,93.11,9424300
2013/12/12,92.84,92.86,91.07,91.16,12285700
2013/12/13,91.46,91.86,91.08,91.35,7909000
2013/12/16,91.42,92.32,91.16,91.37,6623000
2013/12/17,91.30,91.33,90.50,90.66,8794000
2013/12/18,90.95,92.66,89.77,92.64,9691100
2013/12/19,92.40,92.40,91.42,91.98,7341000
2013/12/20,91.95,92.75,91.95,92.09,11265000
2013/12/23,92.56,92.68,91.76,92.03,5312200
2013/12/24,92.18,92.39,91.85,92.06,3147300
2013/12/25,92.18,92.39,91.85,92.06,3147300
2013/12/26,91.99,92.54,91.77,92.54,3459100
2013/12/27,92.77,92.96,92.18,92.35,3511300
2013/12/30,92.16,92.30,91.73,92.30,4370100
2013/12/31,92.17,92.22,91.15,91.59,6348200
2014/1/1,92.17,92.22,91.15,91.59,6348200
2014/1/2,91.14,91.73,91.01,91.03,5919600
2014/1/3,91.29,92.22,91.26,91.85,5637600
2014/1/6,91.93,92.75,91.87,92.33,7443500
2014/1/7,93.04,94.62,92.99,94.29,11063300
2014/1/8,94.17,94.60,93.88,94.16,9096700
2014/1/9,94.94,95.38,94.09,94.73,7944700
2014/1/10,94.64,94.98,94.14,94.74,6697400
2014/1/13,94.37,94.99,94.06,94.50,9589200
2014/1/14,94.60,94.90,94.32,94.72,7567300
2014/1/15,94.65,95.27,94.51,94.80,7390700
2014/1/16,94.60,95.09,94.23,94.64,8401100
2014/1/17,94.72,95.17,94.38,95.06,13714400
2014/1/20,94.72,95.17,94.38,95.06,13714400
2014/1/21,94.93,95.10,92.62,94.03,16368400
2014/1/22,93.99,94.55,93.54,94.32,8875500
2014/1/23,93.74,93.80,92.41,92.74,9322300
2014/1/24,92.12,92.61,90.61,90.61,10604200
2014/1/27,90.30,90.76,89.85,89.94,8685200
2014/1/28,90.58,90.60,89.79,90.10,8254400
2014/1/29,89.47,89.71,88.53,88.90,11160100
2014/1/30,89.62,89.78,89.01,89.50,6874900
2014/1/31,89.01,89.34,88.15,88.47,12193800
2014/2/3,88.75,88.78,86.61,86.78,13944600
2014/2/4,86.93,87.28,86.09,86.62,11436400
2014/2/5,86.49,87.67,86.48,87.28,10667300
2014/2/6,87.63,88.76,87.55,88.75,10037900
2014/2/7,88.92,90.04,88.61,90.04,9435100
2014/2/10,90.24,91.08,89.80,91.07,8080200
2014/2/11,91.09,92.97,90.95,92.97,11556300
2014/2/12,92.95,92.99,91.95,92.42,7696100
2014/2/13,92.00,92.62,91.71,92.56,5926000
2014/2/14,92.60,92.95,92.03,92.76,5485100
2014/2/17,92.60,92.95,92.03,92.76,5485100
2014/2/18,92.77,92.85,92.09,92.17,6926500
2014/2/19,92.15,92.75,91.57,91.64,7693400
2014/2/20,91.69,92.73,91.31,92.38,8160100
2014/2/21,91.86,92.25,91.45,91.52,7381500
2014/2/24,91.45,92.06,91.10,91.11,8406700
2014/2/25,91.59,91.87,90.66,91.11,6383400
2014/2/26,91.11,91.54,90.77,91.11,6334100
2014/2/27,91.16,91.42,90.75,91.36,7040300
2014/2/28,91.42,92.64,91.06,92.12,9643700
2014/3/3,91.13,91.98,90.83,91.56,7506700
2014/3/4,92.47,93.46,92.25,93.34,8796300
2014/3/5,93.27,93.30,92.38,92.59,6842500
2014/3/6,93.19,93.65,92.82,92.89,7718300
2014/3/7,93.37,93.48,92.69,93.32,6792000
2014/3/10,93.17,93.49,92.79,93.45,4878200
2014/3/11,93.71,93.75,93.09,93.49,5837200
2014/3/12,92.82,93.62,92.65,93.60,6154900
2014/3/13,93.85,94.20,92.98,93.00,7659400
2014/3/14,92.88,93.44,92.46,92.81,7337800
2014/3/17,93.26,94.18,93.18,93.93,5872600
2014/3/18,93.90,94.24,93.48,93.94,5891900
2014/3/19,93.89,94.36,92.92,93.59,5937600
2014/3/20,93.52,94.19,92.96,94.12,5727400
2014/3/21,94.77,95.93,93.88,95.93,23988800
2014/3/24,95.30,95.43,94.54,95.20,13944100
2014/3/25,95.70,97.70,95.70,97.38,14167300
2014/3/26,97.51,98.47,97.05,97.05,11215100
2014/3/27,97.08,97.70,96.26,97.28,8694600
2014/3/28,97.51,98.22,96.96,97.44,8816000
2014/3/31,98.00,98.60,97.61,98.23,7545700
2014/4/1,98.31,98.68,97.37,97.94,7068500
2014/4/2,98.01,98.39,97.37,98.23,7995600
2014/4/3,97.97,98.34,97.53,98.26,5471200
2014/4/4,98.62,99.38,98.32,98.42,10309700
2014/4/7,98.39,99.36,97.83,97.89,11409200
2014/4/8,98.03,98.73,97.50,98.06,9601800
2014/4/9,98.42,99.00,97.78,98.95,8921300
2014/4/10,98.86,98.93,96.52,96.54,9667800
2014/4/11,96.20,97.20,96.05,96.87,8710700
2014/4/14,97.28,97.36,96.25,97.14,8617200
2014/4/15,98.45,99.21,98.05,99.20,13999100
2014/4/16,99.57,99.71,98.07,98.75,11308000
2014/4/17,98.69,99.65,98.69,98.96,9153500
2014/4/18,98.69,99.65,98.69,98.96,9153500
2014/4/21,99.01,100.13,98.67,100.00,7031400
2014/4/22,100.00,100.75,99.74,100.18,7937900
2014/4/23,100.24,100.56,99.92,100.22,5876000
2014/4/24,100.24,100.37,99.55,99.96,6149900
2014/4/25,99.97,100.26,99.40,99.79,5895900
2014/4/28,100.56,101.50,100.12,101.34,8792900
2014/4/29,101.63,101.98,100.96,101.03,7811200
2014/4/30,100.84,101.67,100.70,101.29,8513600
2014/5/1,100.77,101.03,99.93,100.53,6590500
2014/5/2,100.17,100.38,98.88,99.31,8744200
2014/5/5,99.29,100.17,99.04,100.00,5438200
2014/5/6,100.02,100.02,99.51,99.51,5795900
2014/5/7,99.85,101.05,99.35,100.91,8720800
2014/5/8,100.67,101.09,100.36,100.50,5667900
2014/5/9,100.86,101.25,100.41,100.91,5691700
2014/5/12,101.24,101.24,100.42,100.52,7437300
2014/5/13,100.90,101.49,100.63,101.02,6183200
2014/5/14,100.95,101.10,100.77,100.87,4187200
2014/5/15,100.64,100.84,100.41,100.69,7007600
2014/5/16,100.57,100.89,100.14,100.58,6516900
2014/5/19,100.22,100.93,100.13,100.64,6997200
2014/5/20,100.81,100.98,99.96,100.25,5438400
2014/5/21,100.60,101.20,100.53,101.14,5302500
2014/5/22,100.58,101.01,100.08,100.96,5124900
2014/5/23,101.04,101.16,100.67,100.98,5275700
2014/5/26,101.04,101.16,100.67,100.98,5275700
2014/5/27,101.10,101.36,100.27,100.81,4524400
2014/5/28,100.67,100.93,100.12,100.30,4352700
2014/5/29,100.56,100.80,100.15,100.76,3685200
2014/5/30,100.70,101.54,100.55,101.46,5973900
2014/6/2,101.54,102.26,101.01,102.17,5845400
2014/6/3,101.91,102.60,101.84,102.46,6681300
2014/6/4,102.23,102.71,101.94,102.68,5608600
2014/6/5,102.78,103.36,102.42,103.22,4730900
2014/6/6,103.25,103.33,102.84,103.18,4624000
2014/6/9,103.07,103.23,102.68,103.22,3748800
2014/6/10,103.47,104.12,102.77,104.10,5792100
2014/6/11,103.81,104.15,103.13,103.32,5960500
2014/6/12,103.18,103.21,102.51,102.53,5930700
2014/6/13,102.51,102.65,102.17,102.53,4301600
2014/6/16,102.52,102.89,101.84,102.45,5645500
2014/6/17,102.13,102.20,101.38,101.93,4834600
2014/6/18,101.91,102.83,101.86,102.81,5445000
2014/6/19,102.93,103.87,102.81,103.81,5481500
2014/6/20,104.37,105.48,104.07,105.27,12459700
2014/6/23,104.91,105.12,104.44,104.75,6063200
2014/6/24,104.63,105.23,104.55,104.59,5915000
2014/6/25,104.23,105.87,104.23,105.76,6411100
2014/6/26,105.84,105.97,105.03,105.65,5106900
2014/6/27,105.47,105.59,104.45,104.99,6463000
2014/6/30,105.62,106.00,104.52,104.62,6877800
2014/7/1,105.15,106.00,104.99,105.87,5129200
2014/7/2,105.70,105.97,105.30,105.86,3764900
2014/7/3,105.87,106.25,105.11,105.42,4199100
2014/7/4,105.87,106.25,105.11,105.42,4199100
2014/7/7,105.42,106.74,105.27,106.47,7014900
2014/7/8,106.21,106.25,105.52,105.72,6268400
2014/7/9,106.00,106.21,105.72,106.04,5720900
2014/7/10,105.08,106.00,104.52,105.80,4955100
2014/7/11,105.84,106.01,104.86,105.10,5461000
2014/7/14,105.38,105.49,105.11,105.38,7784800
2014/7/15,105.23,105.47,102.77,103.28,14219700
2014/7/16,103.53,103.67,101.95,102.22,11946800
2014/7/17,101.90,102.10,100.26,100.37,11218900
2014/7/18,100.67,101.96,100.37,101.80,8408400
2014/7/21,101.44,101.58,101.02,101.27,6379900
2014/7/22,101.91,102.54,101.78,102.47,6554100
2014/7/23,102.80,102.93,101.88,102.19,4815300
2014/7/24,102.34,102.73,102.02,102.20,5177200
2014/7/25,102.27,102.40,101.80,102.11,3951500
2014/7/28,101.89,102.40,101.66,102.11,4634800
2014/7/29,102.45,102.51,101.69,101.96,6053900
2014/7/30,102.27,102.85,101.81,102.30,5994800
2014/7/31,101.77,101.84,100.05,100.09,9141500
2014/8/1,99.76,100.41,98.80,99.90,8610700
2014/8/4,99.99,100.38,99.32,100.16,6790800
2014/8/5,99.83,100.24,99.55,99.82,6230900
2014/8/6,99.67,100.83,99.60,100.71,7412100
2014/8/7,101.09,101.19,99.58,99.93,7417800
2014/8/8,100.21,101.15,99.77,101.08,5618400
2014/8/11,101.62,101.78,101.01,101.16,5703000
2014/8/12,101.00,101.22,100.31,100.63,4577700
2014/8/13,101.15,101.95,101.15,101.74,4563700
2014/8/14,101.89,102.05,101.50,102.02,5239400
2014/8/15,102.21,102.44,100.80,101.17,6986000
2014/8/18,101.92,102.72,101.75,102.70,5979500
2014/8/19,102.73,102.96,102.02,102.96,5670000
2014/8/20,102.87,103.30,102.70,103.21,5183000
2014/8/21,103.33,104.42,103.33,104.19,8357600
2014/8/22,103.63,104.03,102.97,103.10,5076300
2014/8/25,103.65,103.81,103.09,103.23,3678200
2014/8/26,103.47,103.72,103.17,103.44,3512400
2014/8/27,103.60,103.72,102.91,103.22,4786100
2014/8/28,102.90,103.19,102.71,102.95,3482200
2014/8/29,103.10,103.76,103.01,103.73,5287800
2014/9/1,103.10,103.76,103.01,103.73,5287800
2014/9/2,103.30,103.71,103.02,103.36,4644800
2014/9/3,103.82,104.10,103.54,103.76,4725800
2014/9/4,103.99,104.10,103.76,103.84,6147700
2014/9/5,103.92,104.42,103.34,104.42,5744400
2014/9/8,104.42,104.58,103.83,104.05,4900300
2014/9/9,104.40,104.40,103.55,103.80,5999400
2014/9/10,104.19,105.34,103.96,104.99,7402200
2014/9/11,104.78,104.89,104.10,104.55,4834100
2014/9/12,104.54,104.81,103.96,104.58,5929200
2014/9/15,104.59,104.91,104.35,104.72,4525500
2014/9/16,104.49,105.94,104.30,105.88,6081400
2014/9/17,105.88,106.63,105.80,106.19,6627800
2014/9/18,106.18,107.41,106.03,107.35,6628700
2014/9/19,107.89,108.37,107.62,107.99,13033400
2014/9/22,108.00,108.25,107.78,107.88,5788300
2014/9/23,107.77,108.10,107.19,107.46,8108100
2014/9/24,107.70,108.77,107.34,108.64,5890900
2014/9/25,108.53,108.55,107.07,107.10,5688200
2014/9/26,107.41,107.49,106.20,107.10,4467500
2014/9/29,106.38,106.65,106.04,106.54,6581600
2014/9/30,106.50,107.21,106.45,106.59,6822500
2014/10/1,105.98,106.28,103.95,104.30,12263700
2014/10/2,104.06,104.54,103.25,103.85,7566100
2014/10/3,104.23,105.19,104.13,105.13,6856100
2014/10/6,105.68,106.00,104.37,104.86,5015100
2014/10/7,104.46,104.46,102.34,102.39,8407800
2014/10/8,102.43,105.03,102.04,104.91,8337000
2014/10/9,104.63,104.86,101.79,102.08,10675900
2014/10/10,102.35,102.53,101.23,101.23,9984100
2014/10/13,101.46,101.46,99.02,99.12,10334600
2014/10/14,100.53,100.90,95.34,97.01,20807400
2014/10/15,96.05,98.72,95.10,98.21,21905900
2014/10/16,96.97,98.00,96.50,96.78,14575300
2014/10/17,97.54,99.15,97.31,98.70,12272900
2014/10/20,98.83,99.20,98.32,99.20,7988900
2014/10/21,99.83,100.38,99.34,100.36,7287300
2014/10/22,101.10,101.79,100.52,101.22,9360100
2014/10/23,102.26,102.98,101.94,102.63,7570400
2014/10/24,102.95,103.29,102.21,103.13,5973100
2014/10/27,103.07,104.24,103.04,104.07,7043900
2014/10/28,104.55,104.80,103.56,104.79,10347800
2014/10/29,105.00,105.56,104.86,105.56,8188300
2014/10/30,105.17,107.05,104.91,107.04,9068300
2014/10/31,107.94,108.18,107.26,107.78,10800100
2014/11/3,107.83,108.12,106.75,107.46,7082600
2014/11/4,107.89,108.73,107.34,108.62,9349000
2014/11/5,109.05,109.26,107.95,108.82,6966800
2014/11/6,108.93,109.32,108.55,109.01,6200300
2014/11/7,109.00,109.03,107.92,108.20,6652600
2014/11/10,108.07,108.92,107.20,108.82,7573300
2014/11/11,108.88,109.40,108.55,108.91,6221100
2014/11/12,108.67,109.00,108.39,108.75,4895900
2014/11/13,109.05,109.49,108.50,109.07,4860000
2014/11/14,108.92,109.06,108.01,108.16,5650700
2014/11/17,108.00,108.69,107.61,108.30,5233000
2014/11/18,108.13,109.06,107.72,108.83,5407200
2014/11/19,108.45,108.81,108.10,108.76,5217800
2014/11/20,108.55,108.57,107.69,108.18,8090700
2014/11/21,108.73,108.73,107.62,107.86,8417400
2014/11/24,107.92,108.23,106.64,106.88,9098000
2014/11/25,106.98,107.19,106.70,106.70,7367900
2014/11/26,106.77,107.25,106.60,107.21,5503700
2014/11/27,106.77,107.25,106.60,107.21,5503700
2014/11/28,107.61,108.82,107.33,108.25,5881200
2014/12/1,107.89,108.81,107.35,108.03,5638800
2014/12/2,107.97,108.53,107.50,108.51,6184400
2014/12/3,108.54,108.99,107.65,107.72,8957400
2014/12/4,108.09,108.30,107.38,107.56,6697600
2014/12/5,107.53,108.74,107.22,108.51,6449700
2014/12/8,108.42,108.88,108.14,108.52,6499300
2014/12/9,108.22,108.47,106.89,108.05,7214300
2014/12/10,107.61,107.96,106.15,106.24,9416400
2014/12/11,105.85,107.31,105.36,106.72,7114600
2014/12/12,106.65,106.87,104.39,104.43,8325500
2014/12/15,104.77,105.06,103.63,103.96,12110600
2014/12/16,103.48,105.21,102.50,102.76,10209200
2014/12/17,103.27,104.49,102.70,104.07,10207600
2014/12/18,105.62,106.82,104.74,106.81,11756800
2014/12/19,106.63,107.39,105.50,105.55,19154400
2014/12/22,105.69,106.83,105.67,106.74,8124500
2014/12/23,106.66,106.91,103.92,104.28,10171700
2014/12/24,104.38,105.33,104.38,104.59,3415100
2014/12/25,104.38,105.33,104.38,104.59,3415100
2014/12/26,105.07,105.69,104.69,105.06,2951000
2014/12/29,104.64,105.69,104.61,105.33,4273400
2014/12/30,105.42,105.80,105.06,105.36,4371700
2014/12/31,105.61,106.11,104.54,104.57,6202100
2015/1/1,105.61,106.11,104.54,104.57,6202100
2015/1/2,105.05,105.55,104.13,104.52,5753600
2015/1/5,104.48,104.73,103.68,103.79,8079300
2015/1/6,104.34,104.99,102.94,103.28,7428000
2015/1/7,103.91,105.83,103.81,105.56,7931700
2015/1/8,106.06,106.49,105.75,106.39,9916000
2015/1/9,106.50,106.50,104.75,104.94,7364800
2015/1/12,105.17,105.82,104.30,104.58,6839000
2015/1/13,105.44,106.33,104.24,104.76,10151100
2015/1/14,103.86,104.43,103.51,104.00,8887700
2015/1/15,102.97,103.93,101.95,102.49,10834800
2015/1/16,102.06,104.62,102.00,104.04,14092300
2015/1/19,102.06,104.62,102.00,104.04,14092300
2015/1/20,101.55,102.05,100.26,101.29,20460000
2015/1/21,100.56,102.10,100.40,101.90,11702900
2015/1/22,102.39,103.83,101.57,103.76,9036600
2015/1/23,102.94,102.97,101.94,102.20,10126000
2015/1/26,101.80,102.45,101.21,102.26,8962800
2015/1/27,101.83,102.77,100.93,102.09,10160500
2015/1/28,102.48,102.93,101.44,101.48,9053200
2015/1/29,101.51,102.46,100.67,102.38,7569300
2015/1/30,101.58,102.00,100.09,100.14,10676300
2015/2/2,100.49,100.85,99.38,100.83,8990700
2015/2/3,101.40,102.56,101.12,102.46,10005200
2015/2/4,102.12,102.45,101.02,101.36,9514100
2015/2/5,101.57,102.56,101.46,102.46,6642200
2015/2/6,102.11,102.45,100.83,101.10,9215700
2015/2/9,101.06,101.06,99.10,99.78,9851700
2015/2/10,100.19,100.70,99.43,100.35,12275500
2015/2/11,100.46,100.79,99.95,100.38,8177000
2015/2/12,100.50,100.54,97.15,98.44,25835200
2015/2/13,98.44,99.67,98.33,99.62,11153600
2015/2/16,98.44,99.67,98.33,99.62,11153600
2015/2/17,99.39,100.48,99.12,100.44,8627100
2015/2/18,100.70,100.94,99.38,99.96,7878200
2015/2/19,99.95,100.84,99.61,100.70,10028200
2015/2/20,100.18,100.37,99.11,100.26,10085700
2015/2/23,100.74,100.77,99.80,100.18,6878200
2015/2/24,100.25,101.05,100.00,100.70,6587200
2015/2/25,100.94,101.29,100.16,101.21,9684000
2015/2/26,101.38,103.18,101.22,102.80,11437900
2015/2/27,103.04,103.33,102.48,102.51,8500000
2015/3/2,102.51,103.41,102.51,103.22,7277600
2015/3/3,103.10,103.10,101.81,102.34,6419700
2015/3/4,102.12,102.12,101.17,101.65,8665500
2015/3/5,102.07,103.21,102.00,102.52,8042300
2015/3/6,102.09,102.43,99.88,100.11,9287600
2015/3/9,100.20,100.92,99.76,100.66,5701100
2015/3/10,99.99,100.44,99.51,99.53,8735700
2015/3/11,99.83,99.83,98.22,98.32,9138100
2015/3/12,98.96,100.24,98.83,99.83,8318000
2015/3/13,99.85,100.05,98.64,99.21,7821800
2015/3/16,99.74,101.07,99.74,101.06,7726500
2015/3/17,100.11,100.52,99.41,99.89,7301500
2015/3/18,99.89,101.74,99.13,101.46,7972500
2015/3/19,101.04,101.96,100.91,101.69,6863100
2015/3/20,101.87,102.90,101.76,102.40,12433800
2015/3/23,102.47,103.35,102.23,102.98,9016000
2015/3/24,102.83,103.23,101.93,101.96,8390700
2015/3/25,101.85,102.50,100.34,100.34,8444100
2015/3/26,99.95,100.81,99.56,100.14,9972400
2015/3/27,100.28,100.95,100.15,100.34,5847400
2015/3/30,101.24,101.86,100.76,101.55,6061200
2015/3/31,100.97,101.49,100.59,100.60,8028000
2015/4/1,100.46,100.46,98.61,99.15,11368100
2015/4/2,99.44,99.99,98.89,99.64,6097100
2015/4/3,99.44,99.99,98.89,99.64,6097100
2015/4/6,98.84,99.56,98.04,99.16,9697600
2015/4/7,99.55,100.87,99.43,100.10,7900300
2015/4/8,99.84,100.45,99.60,100.16,7354100
2015/4/9,100.57,101.65,100.33,101.33,8073900
2015/4/10,101.33,102.14,100.93,102.06,6786500
2015/4/13,101.54,101.98,100.55,100.55,10753500
2015/4/14,101.05,101.46,100.19,100.52,9322200
2015/4/15,100.54,101.24,100.33,100.60,8237100
2015/4/16,100.27,100.32,99.77,99.79,7324800
2015/4/17,99.37,99.85,99.11,99.58,11084200
2015/4/20,100.26,100.88,100.05,100.21,6668500
2015/4/21,100.66,100.99,100.16,100.30,6532700
2015/4/22,100.63,100.80,99.96,100.43,4763900
2015/4/23,100.50,100.82,99.91,100.46,7351500
2015/4/24,100.11,101.53,100.00,101.08,6566900
2015/4/27,101.16,101.60,100.47,100.58,9113900
2015/4/28,100.45,100.95,99.31,100.74,7484600
2015/4/29,100.51,100.61,99.90,100.39,8926200
2015/4/30,100.07,100.15,98.77,99.20,10170600
2015/5/1,99.62,100.39,99.62,100.13,6255000
2015/5/4,100.33,100.55,100.16,100.35,5532400
2015/5/5,100.13,100.29,99.29,99.50,8828000
2015/5/6,99.62,99.87,98.66,99.17,8030800
2015/5/7,98.94,100.00,98.91,99.66,6401600
2015/5/8,100.48,101.67,100.44,101.47,7508600
2015/5/11,101.32,101.66,101.01,101.03,5698900
2015/5/12,100.88,101.05,100.28,100.47,6903100
2015/5/13,100.68,101.13,100.47,100.55,5826800
2015/5/14,100.97,101.87,100.95,101.83,5454000
2015/5/15,101.98,102.32,101.67,102.30,6023500
2015/5/18,102.37,104.34,102.32,103.42,10479600
2015/5/19,103.66,104.12,103.26,103.96,7724100
2015/5/20,104.42,104.48,103.31,103.60,7146500
2015/5/21,102.91,103.30,102.34,102.42,6875600
2015/5/22,102.27,102.41,101.33,101.35,6216600
2015/5/25,102.27,102.41,101.33,101.35,6216600
2015/5/26,101.23,101.55,100.58,100.82,7918900
2015/5/27,101.01,101.41,100.80,101.13,9297900
2015/5/28,101.01,101.70,100.81,101.15,5700100
2015/5/29,101.55,101.62,99.83,100.14,9957800
2015/6/1,100.28,100.60,99.72,100.04,7298100
2015/6/2,99.92,100.24,99.10,99.98,8312400
2015/6/3,100.32,100.43,99.84,100.09,5375200
2015/6/4,99.94,100.47,99.06,99.23,8057900
2015/6/5,98.99,99.05,98.20,98.59,7557300
2015/6/8,98.60,98.98,97.96,97.96,7054600
2015/6/9,98.44,98.54,97.80,98.21,7844300
2015/6/10,98.48,99.55,98.20,98.88,10025100
2015/6/11,99.20,99.80,98.83,99.24,6175200
2015/6/12,98.88,99.23,98.12,98.35,8717200
2015/6/15,97.75,97.87,97.01,97.49,6833500
2015/6/16,97.50,98.49,97.10,98.36,6049500
2015/6/17,98.38,99.12,98.15,98.73,6155800
2015/6/18,98.86,100.55,98.71,100.36,8815800
2015/6/19,99.88,100.20,99.78,99.86,11653600
2015/6/22,100.60,100.84,99.99,100.09,5055900
2015/6/23,100.10,100.36,99.48,99.78,6046600
2015/6/24,99.51,99.81,99.07,99.33,7254700
2015/6/25,99.50,99.98,99.11,99.12,6581100
2015/6/26,99.43,100.13,99.25,99.64,9041100
2015/6/29,98.98,99.35,97.62,97.68,11150900
2015/6/30,98.43,98.45,97.30,97.46,8967900
2015/7/1,98.30,98.68,97.64,98.47,6726700
2015/7/2,98.85,99.02,98.32,98.44,6091900
2015/7/3,98.85,99.02,98.32,98.44,6091900
2015/7/6,97.71,98.50,96.64,98.20,6817800
2015/7/7,98.63,98.98,97.52,98.92,7122600
2015/7/8,98.42,98.59,97.69,97.77,6845500
2015/7/9,99.05,99.54,98.40,98.40,7316400
2015/7/10,99.78,99.89,99.09,99.53,6969300
2015/7/13,100.05,100.48,99.87,100.27,6986300
2015/7/14,99.26,99.88,98.55,99.78,9890600
2015/7/15,99.76,100.94,99.63,100.42,7990300
2015/7/16,100.95,101.36,100.78,101.11,5775000
2015/7/17,100.89,100.91,99.96,100.08,8054200
2015/7/20,100.50,100.65,100.10,100.37,5016200
2015/7/21,100.60,100.81,100.07,100.34,5891600
2015/7/22,100.41,100.71,99.73,100.18,6721900
2015/7/23,100.50,100.60,100.00,100.20,5016100
2015/7/24,99.75,99.95,99.05,99.15,6524200
2015/7/27,98.97,98.99,97.92,98.28,8734000
2015/7/28,98.89,99.23,98.42,99.02,7757500
2015/7/29,99.26,100.05,99.05,99.73,7853500
2015/7/30,99.80,100.00,99.38,99.84,5517400
2015/7/31,100.34,100.98,99.96,100.21,6216800
2015/8/3,100.00,100.21,99.23,100.02,6172500
2015/8/4,100.41,100.50,99.65,99.80,6005300
2015/8/5,100.57,101.00,100.35,100.52,4571300
2015/8/6,100.49,100.60,99.01,99.07,6988000
2015/8/7,99.02,99.07,98.16,98.85,6027900
2015/8/10,99.57,100.06,99.45,99.79,6133500
2015/8/11,99.05,99.34,98.77,99.01,6682600
2015/8/12,98.40,98.73,97.41,98.71,7462400
2015/8/13,98.74,98.98,98.15,98.48,5048000
2015/8/14,98.33,98.83,97.87,98.81,5177300
2015/8/17,98.44,99.88,98.06,99.87,6901800
2015/8/18,99.24,99.68,99.02,99.37,7618800
2015/8/19,99.18,99.99,98.78,99.31,7642400
2015/8/20,98.95,100.12,98.79,98.79,10620400
2015/8/21,97.22,98.52,95.51,95.56,16141500
2015/8/24,91.08,95.21,81.79,92.82,25636300
2015/8/25,95.69,95.70,90.40,90.73,15671100
2015/8/26,92.91,95.22,91.46,95.11,14738300
2015/8/27,96.10,96.40,94.35,96.22,11131200
2015/8/28,95.93,96.29,94.38,95.17,9200300
2015/8/31,94.88,95.17,93.58,93.98,9083500
2015/9/1,92.29,92.89,91.46,92.09,14593500
2015/9/2,93.17,93.47,92.50,93.35,11517400
2015/9/3,93.66,94.09,92.26,92.64,9027200
2015/9/4,91.58,91.88,90.57,91.31,10996800
2015/9/7,91.58,91.88,90.57,91.31,10996800
2015/9/8,93.09,93.98,92.51,93.94,11394100
2015/9/9,94.99,95.16,92.03,92.22,7384500
2015/9/10,92.11,93.48,91.62,92.72,8359500
2015/9/11,92.44,93.00,91.80,92.93,7381300
2015/9/14,92.90,93.91,92.51,93.32,7948700
2015/9/15,93.79,94.75,93.19,94.40,7030700
2015/9/16,94.49,94.82,93.82,94.61,5630400
2015/9/17,94.53,96.19,94.32,94.84,8258000
2015/9/18,94.08,94.72,93.25,93.39,14211100
2015/9/21,93.87,94.60,92.37,93.13,7053700
2015/9/22,92.26,93.44,91.88,93.24,10618700
2015/9/23,93.21,93.70,92.56,92.99,5609300
2015/9/24,92.52,92.94,91.78,92.48,7407600
2015/9/25,92.93,93.13,90.76,91.00,10794400
2015/9/28,90.70,92.07,89.90,91.37,14332800
2015/9/29,92.24,93.84,91.83,93.04,11520000
2015/9/30,94.13,94.47,92.59,93.35,10970100
2015/10/1,93.43,93.85,91.76,93.17,9675900
2015/10/2,92.14,93.97,91.84,93.93,8368100
2015/10/5,94.19,94.82,94.08,94.76,9419200
2015/10/6,94.52,94.66,92.58,93.42,8365200
2015/10/7,94.26,95.42,93.44,94.98,9397300
2015/10/8,94.71,95.20,93.81,95.08,7090700
2015/10/9,95.14,95.96,94.78,95.37,8259700
2015/10/12,95.07,96.47,94.98,95.99,8957900
2015/10/13,94.79,96.23,94.31,95.45,12761900
2015/10/14,95.21,95.96,94.12,94.53,8881900
2015/10/15,95.00,97.35,94.86,97.15,9561900
2015/10/16,97.87,98.31,97.40,98.24,9495300
2015/10/19,98.05,98.20,97.31,97.94,8725400
2015/10/20,97.95,98.25,97.31,97.59,6041800
2015/10/21,97.64,98.22,97.07,97.63,7059800
2015/10/22,97.85,99.81,97.13,99.53,9887900
2015/10/23,99.88,100.88,99.53,100.31,9178900
2015/10/26,100.05,100.28,99.49,99.94,7561600
2015/10/27,99.92,100.90,99.70,100.19,8883200
2015/10/28,100.45,100.48,99.50,100.48,7256300
2015/10/29,100.47,101.53,100.12,101.37,6340700
2015/10/30,101.53,102.12,101.01,101.03,10520300
2015/11/2,101.18,102.34,100.84,102.17,6297900
2015/11/3,101.84,102.30,101.11,101.96,6229200
2015/11/4,101.90,102.39,101.69,101.94,5592300
2015/11/5,102.25,102.49,101.42,102.33,6545600
2015/11/6,101.57,101.92,100.86,101.92,6221100
2015/11/9,101.39,101.59,100.55,100.84,6625900
2015/11/10,101.00,101.76,100.68,101.45,5114200
2015/11/11,101.78,102.36,101.50,101.86,6284700
2015/11/12,101.14,101.61,100.22,100.27,6918700
2015/11/13,100.04,100.94,99.74,99.88,8517500
2015/11/16,100.38,101.29,100.04,101.22,5755800
2015/11/17,100.38,101.71,100.38,101.50,5124000
2015/11/18,101.53,102.80,101.31,102.67,7148400
2015/11/19,102.66,102.68,102.06,102.49,5164500
2015/11/20,102.49,102.80,102.20,102.48,7671500
2015/11/23,102.39,103.00,102.19,102.77,6730600
2015/11/24,101.81,102.79,101.81,102.04,7492400
2015/11/25,102.17,102.33,101.96,101.96,5400800
2015/11/26,102.17,102.33,101.96,101.96,5400800
2015/11/27,102.28,102.62,101.79,102.37,2353800
2015/11/30,102.48,102.48,101.24,101.24,8983700
2015/12/1,101.73,102.49,101.12,102.36,7545700
2015/12/2,102.50,102.93,101.99,102.05,6623500
2015/12/3,102.27,102.37,100.31,100.79,12008700
2015/12/4,101.40,103.00,101.28,102.95,7845400
2015/12/7,102.61,103.49,102.60,103.32,7262900
2015/12/8,102.98,103.24,101.91,102.42,8005400
2015/12/9,102.14,103.34,101.67,102.15,7947000
2015/12/10,102.30,103.34,101.80,102.64,6479300
2015/12/11,102.37,102.37,101.43,101.68,7796500
2015/12/14,101.65,102.29,100.78,102.15,10641500
2015/12/15,102.65,104.69,102.65,104.13,9283200
2015/12/16,104.64,105.49,103.52,105.25,8178800
2015/12/17,105.16,105.26,103.63,103.64,8740800
2015/12/18,103.08,103.08,101.95,101.95,14966000
2015/12/21,102.34,102.92,100.85,101.58,8321900
2015/12/22,101.91,102.88,101.15,102.71,5581600
2015/12/23,103.11,103.67,102.74,103.49,5531700
2015/12/24,103.12,103.91,103.01,103.72,2546300
2015/12/25,103.12,103.91,103.01,103.72,2546300
2015/12/28,103.18,103.47,102.93,103.22,4063000
2015/12/29,103.34,104.19,103.34,104.03,4230000
2015/12/30,104.11,104.34,103.53,103.78,3847800
2015/12/31,103.37,103.62,102.69,102.72,4592600
2016/1/1,103.37,103.62,102.69,102.72,4592600
2016/1/4,101.71,101.81,99.45,100.48,12722800
2016/1/5,100.58,101.44,100.57,100.90,6467200
2016/1/6,99.82,100.97,99.60,100.39,7733800
2016/1/7,99.31,100.09,98.88,99.22,9433100
2016/1/8,99.88,99.94,97.85,98.16,9766700
2016/1/11,98.24,98.63,96.08,97.57,8151400
2016/1/12,97.99,98.63,97.24,98.24,6745000
2016/1/13,98.49,98.98,96.84,97.02,8290700
2016/1/14,97.10,99.47,97.00,98.89,10164300
2016/1/15,96.37,98.00,96.25,97.00,12662200
2016/1/18,96.37,98.00,96.25,97.00,12662200
2016/1/19,97.93,98.41,96.90,97.50,12457800
2016/1/20,96.11,97.28,94.53,95.75,12685200
2016/1/21,95.77,96.64,94.28,95.94,11266400
2016/1/22,97.02,97.09,95.95,96.75,8380000
2016/1/25,96.72,97.69,96.04,96.40,9350200
2016/1/26,97.26,101.34,97.14,101.18,17266600
2016/1/27,100.49,103.38,100.49,102.16,19330500
2016/1/28,102.50,103.04,101.85,102.27,12789500
2016/1/29,102.89,104.75,102.63,104.44,15614600
2016/2/1,103.61,104.79,103.22,104.37,9803700
2016/2/2,103.30,104.26,103.00,103.41,10616300
2016/2/3,103.65,104.38,102.01,104.14,10168600
2016/2/4,103.61,104.09,102.73,103.90,10389000
2016/2/5,102.66,102.77,99.78,100.54,15522200
2016/2/8,100.31,103.51,100.22,102.00,14323800
2016/2/9,101.31,102.24,100.97,101.97,10044500
2016/2/10,102.05,102.91,101.37,101.73,9833100
2016/2/11,100.46,102.02,99.98,101.70,12465800
2016/2/12,101.82,101.98,100.72,101.82,9035000
2016/2/15,101.82,101.98,100.72,101.82,9035000
2016/2/16,102.37,103.05,101.65,102.32,10452800
2016/2/17,102.75,103.24,102.23,102.50,8904000
2016/2/18,102.83,104.68,102.50,104.24,10744600
2016/2/19,103.58,104.68,103.38,104.16,9343300
2016/2/22,104.16,104.75,104.05,104.75,6947000
2016/2/23,104.65,104.79,103.96,104.08,6629200
2016/2/24,103.34,105.08,102.97,104.96,9076100
2016/2/25,104.95,106.39,104.77,106.38,8092500
2016/2/26,106.82,106.92,105.42,105.78,9049400
2016/2/29,105.28,106.20,105.04,105.21,10111100
2016/3/1,105.90,107.24,105.44,107.22,8298500
2016/3/2,106.91,107.41,106.43,107.04,9767000
2016/3/3,106.82,107.00,105.63,106.65,6927200
2016/3/4,106.51,106.98,106.07,106.50,6715700
2016/3/7,106.00,106.92,105.49,106.74,6973500
2016/3/8,106.52,106.77,105.97,106.22,7632900
2016/3/9,106.84,107.02,106.09,106.84,7564200
2016/3/10,106.99,107.48,106.07,107.14,10474700
2016/3/11,107.50,107.99,107.21,107.71,7763800
2016/3/14,107.92,108.30,107.31,107.66,7242800
2016/3/15,107.62,108.35,106.76,107.76,8476600
2016/3/16,107.73,107.78,106.88,107.41,7065100
2016/3/17,107.47,107.60,106.45,106.74,8571100
2016/3/18,106.99,107.84,106.36,107.50,14758300
2016/3/21,107.41,107.75,106.55,107.28,7674700
2016/3/22,107.28,107.63,107.05,107.38,7821700
2016/3/23,107.29,108.83,107.20,108.50,8191300
2016/3/24,108.22,108.61,107.75,108.31,6284500
2016/3/25,108.22,108.61,107.75,108.31,6284500
2016/3/28,108.41,108.90,108.06,108.23,4738100
2016/3/29,108.30,109.25,107.74,109.14,6612800
2016/3/30,109.45,109.56,108.93,108.98,5248200
2016/3/31,108.86,108.98,108.04,108.20,8167700
2016/4/1,108.00,109.29,107.69,109.19,9043200
2016/4/4,108.82,109.10,108.26,108.59,10668900
2016/4/5,108.23,109.84,108.01,108.95,7939000
2016/4/6,108.72,109.50,107.88,109.42,6828700
2016/4/7,109.00,109.62,108.63,109.27,7822900
2016/4/8,109.37,109.64,108.76,109.10,6301600
2016/4/11,109.15,109.62,108.65,108.97,6823900
2016/4/12,109.00,110.24,108.75,109.60,8412300
2016/4/13,110.00,110.35,109.31,109.87,5758300
2016/4/14,110.00,110.29,109.45,109.84,4457100
2016/4/15,110.07,110.40,109.50,110.18,10057900
2016/4/18,110.00,111.10,109.67,110.93,7772500
2016/4/19,111.65,113.95,111.48,112.68,10526400
2016/4/20,113.19,114.19,113.05,113.58,8213400
2016/4/21,113.31,113.73,112.77,113.57,7884500
2016/4/22,113.43,113.75,112.83,113.32,7508700
2016/4/25,113.31,113.55,112.48,113.51,6139900
2016/4/26,113.45,113.56,112.65,112.91,5853600
2016/4/27,112.96,113.20,112.46,112.77,5759300
2016/4/28,112.10,112.71,111.64,112.48,6640000
2016/4/29,112.06,112.22,111.51,112.08,7774500
2016/5/2,112.22,112.79,111.93,112.75,5178800
2016/5/3,112.56,113.10,112.12,112.69,7554500
2016/5/4,112.04,112.54,111.70,112.22,5214600
2016/5/5,112.08,113.10,112.04,112.88,5404300
2016/5/6,112.58,113.05,112.28,112.74,6099900
2016/5/9,112.98,113.99,112.73,113.72,6512700
2016/5/10,114.00,115.00,113.92,114.67,8356400
2016/5/11,114.57,114.76,114.31,114.37,6680700
2016/5/12,114.50,114.76,113.54,114.23,7156300
2016/5/13,113.90,114.09,113.36,113.56,6779900
2016/5/16,113.39,114.63,113.31,114.44,6222900
2016/5/17,114.54,114.56,113.24,113.83,9233900
2016/5/18,113.61,114.03,112.88,113.59,8267900
2016/5/19,112.99,113.04,112.20,112.85,8232200
2016/5/20,112.20,112.92,111.76,112.64,7435200
2016/5/23,112.77,112.82,112.04,112.16,6462300
2016/5/24,112.52,113.50,112.52,112.69,6125300
2016/5/25,113.18,113.73,112.85,113.35,5453800
2016/5/26,113.11,113.32,112.85,112.90,3973600
2016/5/27,113.04,113.34,112.69,113.06,4647000
2016/5/30,113.04,113.34,112.69,113.06,4647000
2016/5/31,113.26,113.63,112.32,112.69,10104700
2016/6/1,112.69,113.06,112.07,112.78,4748900
2016/6/2,112.87,114.65,112.86,114.49,7310800
2016/6/3,114.47,115.39,114.12,114.76,6881700
2016/6/6,114.97,116.00,114.93,115.77,6349400
2016/6/7,116.01,116.23,115.45,115.73,6417400
2016/6/8,115.52,115.95,115.41,115.80,5863800
2016/6/9,115.78,117.19,115.61,117.00,7375500
2016/6/10,116.74,117.23,116.36,117.01,6067400
2016/6/13,117.13,117.64,116.79,116.79,7940900
2016/6/14,116.45,117.18,116.30,117.12,6378400
2016/6/15,117.64,117.74,116.34,116.41,6371400
2016/6/16,115.69,116.89,115.22,116.64,6664300
2016/6/17,116.62,116.67,115.01,115.48,10702200
2016/6/20,116.60,117.14,116.43,116.54,5588200
2016/6/21,116.99,117.15,116.18,116.18,5493500
2016/6/22,116.54,117.21,116.31,116.46,5833800
2016/6/23,117.20,117.38,116.68,117.38,6775900
2016/6/24,115.07,117.12,115.00,115.63,13939500
2016/6/27,115.00,116.64,115.00,116.55,10877400
2016/6/28,117.17,118.37,116.55,118.23,10089600
2016/6/29,118.84,119.41,118.10,119.33,8341500
2016/6/30,119.18,121.41,119.16,121.30,11559900
2016/7/1,121.30,121.54,120.79,121.29,7051400
2016/7/4,121.30,121.54,120.79,121.29,7051400
2016/7/5,121.36,123.23,121.34,122.27,9334100
2016/7/6,121.93,122.66,121.54,122.64,9332400
2016/7/7,122.59,122.81,122.01,122.51,6058700
2016/7/8,123.00,123.10,121.96,122.85,6129900
2016/7/11,122.71,123.45,122.41,122.93,6711600
2016/7/12,122.65,123.20,122.61,122.92,6415900
2016/7/13,122.68,123.40,122.30,123.00,5230800
2016/7/14,122.98,123.74,122.91,123.18,5322700
2016/7/15,123.77,124.30,122.71,123.00,7192800
2016/7/18,123.00,123.22,122.44,123.14,6599200
2016/7/19,124.78,125.75,123.34,125.25,11325700
2016/7/20,125.84,126.07,125.04,125.14,7334600
2016/7/21,125.21,125.74,124.89,125.15,5492600
2016/7/22,125.12,125.35,124.65,125.03,5839200
2016/7/25,125.07,125.13,124.14,124.89,4880600
2016/7/26,125.03,125.55,124.75,125.15,5589900
2016/7/27,125.10,125.23,124.34,124.77,4812600
2016/7/28,124.98,125.00,124.41,124.46,4320400
2016/7/29,124.34,125.32,124.34,125.23,7020900
2016/8/1,125.31,125.71,125.10,125.40,4615100
2016/8/2,125.65,125.90,124.48,124.85,7158700
2016/8/3,125.00,125.00,123.69,123.90,5310600
2016/8/4,124.24,124.39,123.64,123.86,4728200
2016/8/5,124.38,124.38,123.76,124.24,5146900
2016/8/8,124.00,124.15,123.23,123.65,5232500
2016/8/9,123.91,124.00,123.33,123.43,3941500
2016/8/10,123.59,123.78,123.24,123.36,4333500
2016/8/11,123.85,124.14,123.47,123.77,4052000
2016/8/12,123.47,123.77,122.95,123.22,4234800
2016/8/15,123.12,123.27,122.28,122.31,6469500
2016/8/16,122.11,122.32,120.06,120.33,11289100
2016/8/17,120.50,121.33,119.85,121.31,10442800
2016/8/18,121.17,121.39,119.90,120.72,8728000
2016/8/19,119.91,119.99,119.32,119.92,7798300
2016/8/22,119.90,119.90,118.95,119.13,6544900
2016/8/23,119.67,119.96,119.02,119.44,5603200
2016/8/24,119.48,119.61,118.62,118.71,6303900
2016/8/25,118.86,119.21,118.33,118.57,5566000
2016/8/26,118.84,119.74,118.56,119.04,6482700
2016/8/29,119.30,120.13,119.06,119.92,5074900
2016/8/30,120.67,120.67,119.26,119.47,3820500
2016/8/31,119.54,119.62,119.01,119.34,5693100
2016/9/1,119.19,119.39,118.60,119.08,4551800
2016/9/2,119.36,119.81,118.90,119.32,5806400
2016/9/5,119.36,119.81,118.90,119.32,5806400
2016/9/6,119.78,119.97,119.36,119.75,5280700
2016/9/7,119.84,119.95,119.44,119.61,4753800
2016/9/8,119.37,119.82,119.14,119.47,4833000
2016/9/9,119.03,119.16,118.18,118.23,7957300
2016/9/12,117.76,119.45,117.38,119.16,7239800
2016/9/13,118.42,118.83,117.49,117.61,7957900
2016/9/14,117.85,118.33,117.46,117.86,6124900
2016/9/15,117.81,118.94,117.32,118.63,5812100
2016/9/16,118.51,119.14,118.12,118.25,12408800
2016/9/19,118.36,118.66,117.64,117.66,5457600
2016/9/20,118.17,118.24,117.69,117.95,5187700
2016/9/21,117.95,119.00,117.64,118.91,6337300
2016/9/22,119.25,119.84,119.14,119.46,5340500
2016/9/23,119.41,119.60,118.71,118.81,4773000
2016/9/26,118.63,118.64,117.56,117.78,5998900
2016/9/27,118.39,119.22,117.72,119.22,5349500
2016/9/28,119.05,119.52,118.81,119.39,5076100
2016/9/29,118.88,119.27,117.04,117.27,6190200
2016/9/30,117.78,118.62,117.39,118.13,7941100
2016/10/3,118.00,119.01,117.43,118.81,6098600
2016/10/4,118.84,119.48,118.28,118.82,5733900
2016/10/5,119.22,119.44,118.60,119.18,5778700
2016/10/6,118.50,118.85,117.92,118.75,4448500
2016/10/7,119.17,119.57,118.69,119.24,4799300
2016/10/10,119.51,120.20,119.35,119.80,3657000
2016/10/11,119.41,119.63,117.06,117.64,6394200
2016/10/12,117.96,118.43,117.50,117.97,4685200
2016/10/13,117.54,119.20,117.28,118.26,7387400
2016/10/14,118.50,118.80,117.56,117.56,5640500
2016/10/17,117.50,118.55,117.50,118.49,6956400
2016/10/18,117.38,118.48,115.16,115.41,12598300
2016/10/19,115.57,115.89,114.46,114.59,7400900
2016/10/20,114.83,115.70,114.59,114.87,6973000
2016/10/21,114.11,114.24,112.99,113.44,8422000
2016/10/24,113.93,114.19,113.44,113.61,6141900
2016/10/25,113.64,114.16,113.09,113.96,5595000
2016/10/26,113.64,115.22,113.60,114.56,6429200
2016/10/27,114.98,116.55,114.79,115.70,7548700
2016/10/28,115.82,115.91,114.57,115.33,8813300
2016/10/31,115.28,116.23,114.50,115.99,8552500
2016/11/1,114.76,115.94,114.63,115.34,7591900
2016/11/2,115.52,115.76,114.83,114.86,6591300
2016/11/3,114.88,115.44,114.75,115.03,6227100
2016/11/4,115.04,115.94,115.04,115.11,7160600
2016/11/7,115.89,116.72,115.84,116.66,6398200
2016/11/8,116.48,117.57,116.47,117.05,6675300
2016/11/9,120.00,122.50,118.10,120.31,16220000
2016/11/10,120.77,121.10,119.02,119.54,11904500
2016/11/11,119.49,119.49,118.13,118.47,8134800
2016/11/14,118.58,118.99,116.50,116.60,10054900
2016/11/15,116.40,116.69,115.82,116.32,7446700
2016/11/16,116.65,116.78,116.08,116.36,6594800
2016/11/17,116.68,116.68,116.12,116.57,5730300
2016/11/18,115.79,115.92,114.81,115.36,7717800
2016/11/21,115.44,115.68,114.80,115.00,5843300
2016/11/22,114.59,115.00,112.27,112.74,11649700
2016/11/23,112.25,113.43,111.56,113.07,7892600
2016/11/24,112.25,113.43,111.56,113.07,7892600
2016/11/25,113.60,114.23,113.38,114.13,3433300
2016/11/28,113.79,114.12,113.05,113.13,9065700
2016/11/29,112.95,113.41,112.17,112.48,7799600
2016/11/30,112.19,112.52,111.30,111.30,11178500
2016/12/1,111.36,111.54,111.00,111.38,8143300
2016/12/2,111.72,112.53,111.44,111.96,6167700
2016/12/5,112.40,112.42,111.73,111.94,5451600
2016/12/6,112.24,113.20,111.85,112.06,6530400
2016/12/7,111.89,111.89,109.32,111.10,11761100
2016/12/8,110.54,111.20,109.93,110.99,7774900
2016/12/9,111.41,112.43,111.20,112.26,7672100
2016/12/12,112.69,115.40,112.58,115.36,9544600
2016/12/13,115.53,115.97,115.01,115.89,7051600
2016/12/14,116.12,117.30,114.58,114.99,9378700
2016/12/15,115.33,115.92,114.89,115.89,6738100
2016/12/16,116.41,116.46,115.46,115.88,11291100
2016/12/19,116.07,116.66,115.94,116.02,6310800
2016/12/20,115.98,116.25,114.91,115.66,5715200
2016/12/21,116.20,116.20,114.74,115.31,5907600
2016/12/22,115.00,115.53,113.88,115.44,4602300
2016/12/23,115.40,116.32,115.30,115.96,2992500
2016/12/26,115.40,116.32,115.30,115.96,2992500
2016/12/27,115.89,116.00,115.38,115.91,3232600
2016/12/28,115.88,116.16,115.05,115.10,3278300
2016/12/29,115.23,115.87,115.01,115.49,2993600
2016/12/30,115.80,115.99,114.98,115.21,5506700
2017/1/2,115.80,115.99,114.98,115.21,5506700
2017/1/3,115.78,116.00,115.23,115.84,5953000
2017/1/4,115.50,116.23,115.31,115.65,5828900
2017/1/5,116.00,116.97,115.44,116.86,6217200
2017/1/6,116.67,117.00,115.76,116.30,5221400
2017/1/9,116.35,116.61,115.89,116.28,5457500
2017/1/10,116.03,117.00,115.87,116.16,5312800
2017/1/11,116.08,116.25,114.02,114.73,8887200
2017/1/12,114.27,114.73,113.37,114.62,6627300
2017/1/13,114.94,115.02,114.44,114.60,4935200
2017/1/16,114.94,115.02,114.44,114.60,4935200
2017/1/17,113.94,115.05,113.67,114.87,6255400
2017/1/18,114.87,115.10,114.41,114.70,5014600
2017/1/19,114.68,114.90,113.92,114.20,5540800
2017/1/20,114.49,115.03,114.08,114.15,7502400
2017/1/23,114.51,114.77,113.80,113.91,7989800
2017/1/24,112.91,113.30,111.15,111.76,12450300
2017/1/25,111.93,112.80,110.76,112.80,9385500
2017/1/26,112.00,112.84,111.60,111.84,10164300
2017/1/27,112.00,113.54,111.90,113.38,8886100
2017/1/30,113.40,113.60,112.85,113.13,6969400
2017/1/31,112.79,113.40,112.43,113.25,8713400
2017/2/1,112.48,113.32,112.47,113.23,7082300
2017/2/2,112.82,113.62,112.77,113.57,7826300
2017/2/3,113.50,113.66,112.66,113.64,7267600
2017/2/6,113.46,113.59,112.62,113.40,6178400
2017/2/7,113.60,113.62,113.05,113.48,5507900
2017/2/8,113.30,113.69,113.15,113.40,5272000
2017/2/9,113.40,114.65,113.40,114.08,5854600
2017/2/10,114.32,115.99,114.23,115.24,6438500
2017/2/13,115.28,116.12,115.22,115.88,5710800
2017/2/14,115.44,116.40,115.32,116.36,5539100
2017/2/15,115.90,117.46,115.59,117.20,5979700
2017/2/16,117.00,118.28,117.00,118.08,7119300
2017/2/17,118.19,118.90,118.05,118.86,8691400
2017/2/20,118.19,118.90,118.05,118.86,8691400
2017/2/21,118.40,119.89,118.32,119.66,8595100
2017/2/22,119.28,119.77,119.25,119.52,5103900
2017/2/23,119.52,121.90,119.48,121.70,9980900
2017/2/24,121.50,122.74,120.90,122.73,10835000
2017/2/27,122.13,122.88,122.10,122.40,5946200
2017/2/28,122.01,122.65,121.94,122.21,8885500
2017/3/1,122.49,124.45,122.42,123.86,9393900
2017/3/2,123.75,124.36,123.02,123.63,6950200
2017/3/3,123.63,123.93,123.23,123.79,5585200
2017/3/6,123.01,124.43,122.60,123.71,6670700
2017/3/7,122.58,124.46,122.39,123.83,6644000
2017/3/8,123.75,124.68,123.50,124.10,7909900
2017/3/9,124.58,126.21,124.17,125.95,8571100
2017/3/10,126.04,126.49,125.54,126.21,7395400
2017/3/13,125.83,126.95,125.79,126.68,7162500
2017/3/14,126.86,127.75,126.77,127.05,7679700
2017/3/15,127.05,129.00,126.60,128.96,8360600
2017/3/16,128.44,128.70,127.77,128.46,7610700
2017/3/17,128.45,128.94,127.95,128.06,13300800
2017/3/20,128.04,128.42,127.97,128.07,5827500
2017/3/21,128.38,128.45,127.14,127.25,7578600
2017/3/22,127.05,127.65,126.21,126.26,10272700
2017/3/23,126.10,127.00,125.66,125.90,8508100
2017/3/24,125.86,126.36,125.13,125.48,6490300
2017/3/27,125.16,126.14,125.15,125.80,5004300
2017/3/28,125.62,125.78,124.78,125.66,5287600
2017/3/29,125.05,125.33,124.36,124.92,3971800
2017/3/30,124.74,125.43,124.28,124.66,4711700
2017/3/31,124.11,124.83,124.03,124.55,5657600
2017/4/3,124.73,125.31,124.28,124.69,4956400
2017/4/4,124.51,124.77,124.22,124.68,5358500
2017/4/5,124.72,125.60,124.41,124.80,5646300
2017/4/6,124.85,125.46,124.50,125.05,4324200
2017/4/7,125.12,125.47,124.83,124.92,3615100
2017/4/10,124.87,124.95,124.23,124.34,4594200
2017/4/11,124.26,124.79,123.95,124.22,4161500
2017/4/12,124.54,125.46,124.36,125.40,5556600
2017/4/13,125.13,125.65,124.96,124.99,5396500
2017/4/14,125.13,125.65,124.96,124.99,5396500
2017/4/17,125.02,125.81,124.93,125.72,5367500
2017/4/18,123.18,123.37,120.95,121.82,13485700
2017/4/19,122.10,122.28,121.11,121.37,6993100
2017/4/20,121.86,122.15,121.35,121.87,6330100
2017/4/21,121.78,122.04,121.54,121.76,6021700
2017/4/24,122.52,123.21,122.15,122.89,5679000
2017/4/25,123.34,123.75,123.01,123.43,5090000
2017/4/26,123.79,124.26,123.48,123.51,5021800
2017/4/27,123.58,124.31,123.40,123.74,4225200
2017/4/28,123.85,123.90,123.13,123.47,4381800
2017/5/1,123.40,123.78,123.00,123.34,4556400
2017/5/2,123.52,123.74,122.89,123.70,4881600
2017/5/3,123.59,123.70,123.04,123.33,3736500
2017/5/4,123.69,123.95,123.23,123.95,3753700
2017/5/5,123.80,123.80,122.86,123.51,4139800
2017/5/8,123.53,123.80,123.02,123.25,3608600
2017/5/9,123.23,123.47,122.88,123.21,3762500
2017/5/10,122.91,123.06,122.38,122.81,4237400
2017/5/11,122.50,123.21,122.34,123.20,4095900
2017/5/12,123.11,124.10,123.01,123.64,4097100
2017/5/15,124.41,127.36,124.33,126.99,9854600
2017/5/16,127.34,128.37,127.06,127.77,7233800
2017/5/17,127.77,127.89,126.45,126.67,6480800
2017/5/18,126.46,127.87,125.96,126.97,6571300
2017/5/19,127.03,127.39,126.44,127.00,6957200
2017/5/22,126.63,127.65,126.63,127.26,4858200
2017/5/23,127.31,128.15,127.31,127.52,3972500
2017/5/24,127.79,128.00,127.29,127.51,3965200
2017/5/25,126.74,127.62,126.33,127.53,5294300
2017/5/26,127.23,127.67,126.83,126.92,4005200
2017/5/29,127.23,127.67,126.83,126.92,4005200
2017/5/30,126.70,127.39,126.19,127.11,3665400
2017/5/31,127.35,128.80,127.35,128.25,8813500
2017/6/1,128.32,128.78,128.12,128.78,5790900
2017/6/2,129.05,130.14,128.83,130.08,6562600
2017/6/5,129.97,130.52,129.80,130.36,4634700
2017/6/6,130.18,131.33,130.03,130.83,5619100
2017/6/7,131.00,131.48,130.58,130.75,5765200
2017/6/8,130.75,131.40,129.96,130.55,8101700
2017/6/9,130.37,131.70,130.31,131.53,5992500
2017/6/12,131.53,131.83,131.42,131.82,8020700
2017/6/13,131.75,132.73,131.40,132.02,5733800
2017/6/14,132.51,133.56,132.51,132.77,7329400
2017/6/15,132.00,133.35,131.81,133.04,5265000
2017/6/16,133.72,134.60,133.04,134.35,12639600
2017/6/19,134.15,134.68,133.49,134.07,7488700
2017/6/20,133.90,134.76,133.90,134.22,5201200
2017/6/21,134.29,135.11,134.02,134.91,5841100
2017/6/22,135.45,137.00,135.27,136.05,7311000
2017/6/23,135.45,136.51,135.32,136.43,9007100
2017/6/26,136.48,136.90,136.20,136.34,5561800
2017/6/27,136.50,136.73,134.99,135.01,6120500
2017/6/28,135.95,136.20,133.57,133.82,6557900
2017/6/29,133.40,133.73,132.31,132.64,5750000
2017/6/30,132.70,133.20,132.28,132.29,5264400
2017/7/3,132.79,133.32,132.65,132.90,2931000
2017/7/4,132.79,133.32,132.65,132.90,2931000
2017/7/5,132.98,134.06,132.42,133.64,4302700
2017/7/6,133.61,133.97,132.41,132.52,4282200
2017/7/7,132.91,133.00,131.69,132.54,4994100
2017/7/10,132.74,132.87,131.23,131.55,4019600
2017/7/11,131.43,131.79,130.48,131.23,3733100
2017/7/12,132.04,132.89,131.77,132.23,5053200
2017/7/13,132.10,132.22,130.99,131.86,4424400
2017/7/14,132.00,133.00,131.74,132.60,4383100
2017/7/17,132.71,132.93,131.75,132.15,4939400
2017/7/18,131.62,134.95,131.08,134.46,10256000
2017/7/19,134.84,135.41,134.52,135.21,5503300
2017/7/20,135.73,137.08,135.62,136.57,6088600
2017/7/21,135.33,136.27,135.10,135.31,6773500
2017/7/24,134.99,135.16,132.85,133.01,8306700
2017/7/25,133.74,133.85,131.45,131.88,6262900
2017/7/26,131.66,132.24,130.75,130.95,5382200
2017/7/27,130.85,131.15,129.57,130.83,5838100
2017/7/28,131.14,131.99,130.52,131.85,4970900
2017/7/31,132.14,133.58,132.10,132.72,5440800
2017/8/1,133.17,133.35,132.28,132.51,3837600
2017/8/2,132.08,132.50,131.50,132.16,4032100
2017/8/3,131.91,133.40,131.51,133.35,4327300
2017/8/4,133.74,134.01,132.80,133.18,3192800
2017/8/7,133.09,133.48,132.51,132.86,3010800
2017/8/8,132.50,132.80,131.40,132.27,5535800
2017/8/9,132.81,133.41,132.37,133.23,6332300
2017/8/10,133.04,133.85,132.37,133.09,5607900
2017/8/11,133.64,134.49,132.75,133.10,4270600
2017/8/14,134.20,134.37,132.87,133.48,3041100
2017/8/15,133.85,133.94,133.20,133.38,3931800
2017/8/16,134.08,134.97,133.86,134.17,4469900
2017/8/17,134.18,134.74,133.03,133.04,5741400
2017/8/18,132.67,133.78,132.38,132.63,4792800
2017/8/21,132.28,133.65,132.19,133.45,4660000
2017/8/22,133.27,134.79,132.90,134.70,4150300
2017/8/23,134.43,134.49,132.65,132.80,5129900
2017/8/24,132.82,133.08,132.27,132.89,5398400
2017/8/25,131.91,132.56,131.62,131.68,4133300
2017/8/28,131.68,132.12,131.49,131.74,5349200
2017/8/29,131.57,132.45,131.30,132.21,3277900
2017/8/30,132.00,132.00,130.90,131.07,5430800
2017/8/31,131.39,132.50,131.25,132.37,7407100
2017/9/1,132.60,132.65,130.94,131.03,3820800
2017/9/4,132.60,132.65,130.94,131.03,3820800
2017/9/5,130.72,131.18,129.72,129.90,5146600
2017/9/6,130.54,131.00,130.21,130.67,5601900
2017/9/7,130.86,132.52,130.25,132.19,3800200
2017/9/8,132.00,132.34,130.87,130.98,4854400
2017/9/11,131.37,133.34,131.02,133.21,5724200
2017/9/12,133.83,133.88,131.93,132.63,5465200
2017/9/13,132.67,133.75,131.85,132.45,4679500
2017/9/14,132.14,134.47,131.99,134.18,6274500
2017/9/15,134.79,135.45,134.18,134.45,15522000
2017/9/18,134.44,135.77,134.11,135.38,5260800
2017/9/19,135.02,135.79,134.35,135.22,4903800
2017/9/20,133.25,134.29,132.34,133.22,8705500
2017/9/21,133.31,133.82,131.38,131.75,6051800
2017/9/22,131.99,132.39,131.27,131.39,4334900
2017/9/25,131.47,131.76,130.83,131.17,6017400
2017/9/26,131.50,131.94,130.82,130.94,4516200
2017/9/27,131.00,131.09,129.43,129.75,5796100
2017/9/28,129.91,130.27,129.29,129.47,3992700
2017/9/29,129.58,130.47,129.05,130.01,5736900
2017/10/2,130.16,131.33,130.02,131.22,4492900
2017/10/3,131.65,132.40,131.36,132.10,3900800
2017/10/4,132.40,133.18,132.10,132.89,3589000
2017/10/5,132.89,133.31,132.36,133.19,3741100
2017/10/6,133.00,133.25,132.48,133.22,2469500
2017/10/9,133.66,133.82,133.17,133.45,3750500
2017/10/10,133.56,134.13,132.92,133.90,4184600
2017/10/11,134.88,137.08,134.37,136.65,8269400
2017/10/12,136.34,137.52,136.02,136.83,5172800
2017/10/13,136.60,137.42,136.34,136.43,4106600
2017/10/16,136.45,137.26,135.54,136.12,5120100
2017/10/17,137.67,141.12,137.06,140.79,11717300
2017/10/18,140.79,141.58,140.07,140.68,6827700
2017/10/19,140.71,142.98,140.54,142.04,9181300
2017/10/20,142.38,143.62,141.83,142.40,5634500
2017/10/23,142.13,144.35,142.08,143.62,6686000
2017/10/24,143.38,143.38,140.93,141.64,6585800
2017/10/25,141.16,143.23,140.96,142.36,6563600
2017/10/26,142.51,143.75,141.38,141.81,5841100
2017/10/27,141.00,142.70,140.20,141.78,5140100
2017/10/30,141.08,141.21,139.32,140.00,6034300
2017/10/31,140.02,140.26,138.98,139.41,4832100
2017/11/1,139.83,140.59,139.34,139.98,5006800
2017/11/2,140.11,140.29,139.11,139.93,3494100
2017/11/3,139.73,140.40,139.30,140.08,2737000
2017/11/6,140.01,140.49,139.72,139.76,4220700
2017/11/7,140.08,140.15,138.91,139.77,4201900
2017/11/8,139.70,141.87,139.46,141.32,4440700
2017/11/9,140.86,141.41,139.80,140.35,3517100
2017/11/10,140.13,140.13,138.61,139.56,4240800
2017/11/13,139.01,140.02,138.42,139.76,4322300
2017/11/14,139.57,140.28,138.92,139.49,4078200
2017/11/15,139.23,139.83,138.75,139.10,4811500
2017/11/16,139.42,139.68,138.64,138.87,4193800
2017/11/17,138.30,138.86,137.89,138.00,4247400
2017/11/20,138.15,138.56,137.74,137.93,4266300
2017/11/21,138.45,139.26,138.19,138.34,5660600
2017/11/22,138.30,138.38,136.60,137.29,3917000
2017/11/23,138.30,138.38,136.60,137.29,3917000
2017/11/24,137.50,138.38,137.31,138.01,2606800
2017/11/27,137.51,138.31,137.48,138.10,3933100
2017/11/28,138.30,140.53,138.25,140.02,5052800
2017/11/29,140.22,140.63,138.95,139.81,5851400
2017/11/30,140.06,140.28,138.48,139.33,8941900
2017/12/1,139.57,140.53,138.60,139.98,5990500
2017/12/4,140.62,141.50,138.93,139.01,5916700
2017/12/5,139.79,140.81,139.20,139.67,6745300
2017/12/6,140.84,141.96,140.19,141.06,5591700
2017/12/7,140.01,141.50,139.26,140.01,4713100
2017/12/8,140.00,140.76,139.80,140.59,5101300
2017/12/11,140.90,141.17,139.83,141.14,4358600
2017/12/12,142.60,143.57,142.04,142.60,8016700
2017/12/13,142.50,143.43,142.21,142.89,6118400
2017/12/14,143.52,143.62,141.61,141.65,5337900
2017/12/15,142.48,143.14,141.78,142.46,12517000
2017/12/18,142.56,143.80,141.40,141.80,5833200
2017/12/19,141.89,142.38,141.36,141.78,6580100
2017/12/20,142.26,142.58,141.08,141.16,6289800
2017/12/21,141.59,142.17,141.02,141.06,6284700
2017/12/22,141.00,141.35,140.04,140.12,4665600
2017/12/25,141.00,141.35,140.04,140.12,4665600
2017/12/26,140.46,140.54,139.68,140.09,3271100
2017/12/27,140.42,141.15,140.20,140.57,3753600
2017/12/28,140.70,141.00,140.33,140.56,2485000
2017/12/29,140.98,141.21,139.58,139.72,4452900
2018/1/1,140.98,141.21,139.58,139.72,4452900
2018/1/2,139.66,139.95,138.72,139.23,6842100
2018/1/3,139.36,140.68,138.90,140.56,5350500
2018/1/4,140.45,141.14,140.22,140.55,4837600
2018/1/5,140.69,141.82,140.28,141.71,6158800
2018/1/8,141.70,142.00,140.92,141.89,5129800
2018/1/9,142.37,145.68,142.26,144.14,8897000
2018/1/10,143.55,144.16,143.32,143.97,6558600
2018/1/11,144.13,144.90,143.69,144.79,4962200
2018/1/12,144.99,146.42,144.90,145.76,5450600
2018/1/15,144.99,146.42,144.90,145.76,5450600
2018/1/16,146.42,148.06,146.03,146.86,8804000
2018/1/17,147.84,148.32,145.48,146.98,10619700
2018/1/18,146.93,147.44,145.97,146.92,5554800
2018/1/19,147.46,147.65,146.42,147.36,8738800
2018/1/22,147.01,148.14,146.72,148.14,7010400
2018/1/23,146.96,147.44,141.62,141.83,17473600
2018/1/24,143.50,143.56,141.80,142.07,13034400
2018/1/25,142.31,144.66,142.21,144.40,7938800
2018/1/26,144.50,145.60,144.13,145.33,8065600
2018/1/29,144.85,144.94,143.53,143.68,8013400
2018/1/30,143.40,143.82,142.43,142.43,8376100
2018/1/31,142.57,142.57,138.10,138.19,13137400
2018/2/1,137.53,140.67,137.00,140.02,9393600
2018/2/2,139.02,140.36,137.38,137.68,9262500
2018/2/5,136.58,137.00,122.15,130.39,19954100
2018/2/6,130.01,132.99,128.00,131.83,19193500
2018/2/7,131.89,133.43,131.35,131.42,10550400
2018/2/8,130.91,131.25,126.11,126.36,11680200
2018/2/9,127.52,130.92,125.44,129.53,15030900
2018/2/12,130.00,131.32,127.68,130.27,9963900
2018/2/13,129.21,130.60,128.70,129.96,6339000
2018/2/14,129.44,130.01,128.39,129.67,6259700
2018/2/15,130.10,131.28,129.40,131.23,5606400
2018/2/16,130.96,134.45,130.84,133.15,7970100
2018/2/19,130.96,134.45,130.84,133.15,7970100
2018/2/20,132.87,133.45,130.66,130.87,6563500
2018/2/21,130.80,132.43,129.86,129.91,6578000
2018/2/22,130.10,131.02,129.48,129.91,5732200
2018/2/23,130.09,132.08,130.02,132.02,5126800
2018/2/26,131.71,133.41,131.00,132.07,6684400
2018/2/27,132.21,133.09,131.60,131.67,7158600
2018/2/28,131.95,132.33,129.87,129.88,7985900
2018/3/1,129.11,130.12,126.52,127.28,9424000
2018/3/2,126.91,129.11,126.91,128.82,6910400
2018/3/5,128.63,130.30,128.18,129.79,5799800
2018/3/6,130.00,130.20,127.92,128.22,5546500
2018/3/7,127.48,129.33,127.27,129.04,6391700
2018/3/8,129.33,132.30,129.33,132.06,6423400
2018/3/9,132.51,133.82,131.56,133.80,7557800
2018/3/12,133.80,134.23,132.32,132.63,4942000
2018/3/13,133.80,135.39,133.45,134.35,9152300
2018/3/14,135.24,135.70,131.90,132.32,6770600
2018/3/15,132.55,134.24,132.47,133.06,6147200
2018/3/16,133.16,134.40,132.10,133.68,14233500
2018/3/19,133.35,133.47,129.36,130.24,6017000
2018/3/20,130.78,131.78,129.38,131.21,6214300
2018/3/21,131.40,132.78,130.66,131.19,5158700
2018/3/22,130.47,130.68,127.10,127.38,7560100
2018/3/23,127.63,127.80,124.90,125.10,8452500
2018/3/26,126.41,127.54,125.21,127.39,8358200
2018/3/27,127.11,129.10,126.39,127.21,7789900
2018/3/28,127.63,129.02,127.21,127.45,6868500
2018/3/29,127.97,128.76,126.82,128.15,6119400
2018/3/30,127.97,128.76,126.82,128.15,6119400
2018/4/2,127.82,127.88,123.54,124.56,8916900
2018/4/3,125.18,128.49,124.68,128.35,8035000
2018/4/4,126.90,131.12,126.39,130.41,7717100
2018/4/5,130.41,131.20,129.50,130.71,5621700
2018/4/6,130.22,130.64,126.41,128.10,6399300
2018/4/9,128.65,131.14,127.68,129.48,6395800
2018/4/10,130.25,130.91,129.29,130.25,6019300
2018/4/11,129.14,130.35,129.03,129.63,4575400
2018/4/12,130.09,131.31,129.86,130.43,4559800
2018/4/13,131.09,131.42,129.63,130.62,4742300
2018/4/16,131.41,132.88,131.28,131.76,6379600
2018/4/17,132.11,132.20,128.81,130.54,11008700
2018/4/18,129.69,129.90,126.94,127.72,9383600
2018/4/19,127.63,128.27,126.89,127.55,5959500
2018/4/20,128.00,128.30,126.17,126.66,7743900
2018/4/23,126.88,127.30,125.78,126.83,7501900
2018/4/24,126.94,127.46,125.31,126.19,6577500
2018/4/25,125.91,126.85,125.28,126.76,5859600
2018/4/26,126.62,129.22,126.62,128.01,8211100
2018/4/27,127.73,128.79,127.50,128.27,4266800
2018/4/30,128.86,128.98,126.49,126.49,8219400
2018/5/1,126.32,126.64,124.97,126.01,5122600
2018/5/2,125.52,126.18,123.20,123.50,7390800
2018/5/3,123.30,123.69,121.28,123.03,7282900
2018/5/4,122.60,124.51,121.80,124.19,6127600
2018/5/7,124.14,125.24,123.32,123.59,6707900
2018/5/8,122.86,123.49,121.69,122.61,5951800
2018/5/9,122.99,124.05,122.53,123.51,6808600
2018/5/10,124.22,126.05,124.00,125.35,4948000
2018/5/11,125.77,127.60,125.76,127.24,5716700
2018/5/14,127.35,127.61,125.60,126.06,6101600
2018/5/15,125.54,125.83,124.40,125.13,5875700
2018/5/16,125.44,125.90,125.00,125.35,3818100
2018/5/17,125.49,125.59,123.55,123.85,6473400
2018/5/18,123.78,124.44,123.28,124.24,5433900
2018/5/21,124.62,124.99,123.32,123.72,5558700
2018/5/22,123.80,124.24,122.76,122.91,7172700
2018/5/23,122.87,123.97,122.74,123.45,4940800
2018/5/24,123.22,123.39,121.55,122.25,6923600
2018/5/25,121.56,122.80,121.13,121.47,4594800
2018/5/28,121.56,122.80,121.13,121.47,4594800
2018/5/29,120.50,120.80,118.62,119.40,9821900
2018/5/30,120.12,121.58,119.54,120.97,6423700
2018/5/31,120.92,121.25,119.54,119.62,10337500
2018/6/1,120.38,121.32,119.97,121.26,5741000
2018/6/4,121.85,122.37,121.02,121.95,4853000
2018/6/5,122.05,122.56,120.90,121.48,5125400
2018/6/6,121.97,122.79,121.46,122.79,6799300
2018/6/7,123.00,123.49,122.27,123.33,7414100
2018/6/8,123.36,124.85,123.33,124.06,6208100
2018/6/11,124.27,124.34,122.55,122.66,5571400
2018/6/12,123.16,123.18,121.95,122.54,5227300
2018/6/13,123.15,124.09,122.46,122.63,5836900
2018/6/14,122.71,123.15,122.09,122.41,5239200
2018/6/15,122.10,122.73,121.24,122.61,13173500
2018/6/18,121.61,121.81,120.25,121.32,6787400
2018/6/19,120.66,123.17,120.57,122.57,8572400
2018/6/20,122.42,122.66,121.66,122.04,6277200
2018/6/21,121.83,122.24,121.11,121.45,4417200
2018/6/22,121.68,123.38,121.65,122.84,9501400
2018/6/25,122.82,123.43,121.51,122.59,8170500
2018/6/26,122.49,122.89,121.60,122.35,5496400
2018/6/27,122.13,122.97,121.45,121.61,5666000
2018/6/28,121.78,122.41,121.07,122.00,5296800
2018/6/29,122.24,123.18,121.19,121.34,7308700
2018/7/2,121.34,121.73,120.11,121.58,5481400
2018/7/3,121.65,123.46,121.26,122.71,4248100
2018/7/4,121.65,123.46,121.26,122.71,4248100
2018/7/5,123.60,125.12,123.23,125.00,7319100
2018/7/6,125.16,125.92,124.61,125.75,7297900
2018/7/9,126.22,126.75,125.60,126.05,6706100
2018/7/10,126.37,127.52,126.11,127.38,5075600
2018/7/11,127.41,127.44,126.06,126.24,4827400
2018/7/12,127.71,128.21,127.17,127.76,6199000
2018/7/13,125.32,127.50,125.32,125.93,8250200
2018/7/16,126.00,126.10,124.16,124.69,7314400
2018/7/17,128.53,130.54,127.56,129.11,12858700
2018/7/18,128.81,129.05,127.17,127.80,7152000
2018/7/19,127.53,127.70,125.87,125.94,5984600
2018/7/20,125.30,126.14,125.12,125.85,5835500
2018/7/23,125.75,126.68,125.45,126.63,4631100
2018/7/24,127.24,129.62,127.15,129.36,7158800
2018/7/25,129.14,129.23,127.65,128.62,6523000
2018/7/26,129.90,131.22,129.85,130.28,7640600
2018/7/27,129.98,132.27,129.94,131.55,6620400
2018/7/30,131.78,132.49,131.25,132.17,11013100
2018/7/31,132.28,132.64,131.77,132.52,7598900
2018/8/1,132.39,132.96,132.08,132.64,5770400
2018/8/2,132.89,133.00,131.09,131.25,6563300
2018/8/3,131.18,132.70,130.90,131.95,6498700
2018/8/6,131.64,132.53,131.01,132.02,5840000
2018/8/7,131.88,132.17,131.30,131.46,4664600
2018/8/8,131.49,131.80,130.89,131.17,3721500
2018/8/9,131.54,131.72,130.67,131.20,4057800
2018/8/10,131.19,131.63,130.26,130.75,4324000
2018/8/13,130.72,130.90,129.85,130.22,3778000
2018/8/14,129.67,130.47,129.35,129.50,4542800
2018/8/15,129.75,130.74,128.93,130.43,5377300
2018/8/16,131.02,132.88,130.57,132.48,7861500
2018/8/17,132.45,135.00,132.19,134.47,6700900
2018/8/20,134.93,137.12,134.00,136.88,7935000
2018/8/21,137.00,137.43,135.30,135.35,5832100
2018/8/22,135.56,135.68,134.42,134.61,4688400
2018/8/23,134.61,135.49,134.10,135.11,5057600
2018/8/24,135.11,136.15,134.83,135.95,4809400
2018/8/27,135.50,136.05,134.21,134.92,4325900
2018/8/28,134.78,134.90,133.89,134.32,6037500
2018/8/29,134.32,134.94,133.94,134.86,4648700
2018/8/30,134.70,135.60,134.60,134.95,4821900
2018/8/31,134.60,135.00,133.97,134.69,6139500
2018/9/3,134.60,135.00,133.97,134.69,6139500
2018/9/4,134.69,134.75,133.44,133.72,4406800
2018/9/5,133.48,135.94,133.46,135.86,6174800
2018/9/6,135.50,137.31,135.18,136.87,6562000
2018/9/7,136.78,137.69,135.75,137.32,6375200
2018/9/10,137.53,138.47,137.06,137.21,4892200
2018/9/11,137.64,138.91,137.22,138.51,7856800
2018/9/12,138.90,139.99,138.56,139.36,6767700
2018/9/13,139.89,140.48,139.02,139.89,6456100
2018/9/14,140.00,140.35,139.10,139.49,4534800
2018/9/17,139.33,140.40,139.18,139.96,5295500
2018/9/18,140.27,140.84,139.83,140.54,4581200
2018/9/19,140.76,140.99,140.05,140.46,5049900
2018/9/20,140.82,142.14,140.51,141.98,5019300
2018/9/21,142.18,143.13,141.69,142.88,13283400
2018/9/24,142.10,142.50,140.23,140.47,6708000
2018/9/25,140.53,140.96,138.40,138.64,7982800
2018/9/26,138.95,140.00,137.96,138.16,7133300
2018/9/27,138.45,139.58,137.57,138.22,6450500
2018/9/28,138.10,138.56,137.41,138.17,6638500
2018/10/1,138.26,139.85,138.00,139.69,4871800
2018/10/2,139.79,140.73,139.65,140.48,6439100
2018/10/3,140.54,141.27,138.88,139.03,5411800
2018/10/4,138.55,139.53,137.32,139.35,4738700
2018/10/5,139.80,140.25,138.56,139.10,4309300
2018/10/8,138.90,139.68,138.62,139.39,5174100
2018/10/9,138.74,139.62,137.81,139.20,4475300
2018/10/10,139.35,140.46,137.73,137.73,7265600
2018/10/11,137.91,138.66,132.88,133.84,11603200
2018/10/12,134.40,134.41,132.23,133.87,6998000
2018/10/15,133.88,135.30,133.51,133.95,6398700
2018/10/16,134.75,137.99,134.75,136.56,9592800
2018/10/17,136.23,140.00,136.21,139.46,8261100
2018/10/18,139.20,139.81,137.71,139.50,7583900
2018/10/19,138.34,140.00,137.91,139.05,5924800
2018/10/22,138.61,139.26,138.14,138.68,4864300
2018/10/23,137.79,139.49,137.45,138.93,8282700
2018/10/24,138.52,140.11,137.17,137.47,8279200
2018/10/25,137.46,139.09,135.05,138.47,9720700
2018/10/26,137.94,139.30,135.33,136.97,11371400
2018/10/29,136.99,139.10,136.22,137.55,6783000
2018/10/30,137.93,141.10,137.00,140.75,9646200
2018/10/31,141.00,141.43,139.61,139.99,9968900
2018/11/1,140.07,141.58,139.85,140.82,6913500
2018/11/2,141.97,142.00,139.66,140.68,7673200
2018/11/5,141.00,142.74,139.00,142.20,5601400
2018/11/6,141.53,142.83,141.06,142.57,5798900
2018/11/7,143.10,144.87,142.97,144.75,7173600
2018/11/8,144.31,145.79,144.00,145.30,5497100
2018/11/9,145.04,145.74,144.38,145.34,5343100
2018/11/12,144.99,146.24,144.73,145.62,7013600
2018/11/13,146.19,146.75,143.42,144.68,7432300
2018/11/14,145.02,145.31,143.56,144.25,6433100
2018/11/15,143.41,144.51,142.48,144.50,6657900
2018/11/16,144.71,146.74,144.55,145.99,8494300
2018/11/19,146.43,148.44,146.37,147.73,8714600
2018/11/20,147.50,148.75,146.35,146.45,8937700
2018/11/21,146.23,146.23,140.78,141.99,10275400
2018/11/22,146.23,146.23,140.78,141.99,10275400
2018/11/23,141.85,142.73,141.60,142.23,3404900
2018/11/26,142.00,142.05,140.72,141.37,7590900
2018/11/27,140.57,143.35,139.66,143.22,5962100
2018/11/28,143.83,146.56,143.36,146.44,8411400
2018/11/29,145.62,147.20,144.84,145.85,6900000
2018/11/30,145.34,147.00,145.10,146.90,12517600
2018/12/3,145.57,146.63,144.94,146.21,8827200
2018/12/4,146.32,148.99,145.82,146.03,9803500
2018/12/5,146.32,148.99,145.82,146.03,9803500
2018/12/6,144.50,146.45,142.79,145.91,11572500
2018/12/7,145.49,147.34,144.12,145.43,9444500
2018/12/10,145.39,145.88,142.38,145.26,6848100
2018/12/11,146.29,148.21,145.79,146.50,9857400
2018/12/12,147.00,148.49,147.00,147.10,8869200
2018/12/13,146.96,148.59,146.80,147.84,6008300
2018/12/14,144.34,145.38,130.20,133.00,58140200
2018/12/17,128.32,131.65,126.83,129.14,36933100
2018/12/18,132.05,132.80,129.20,130.42,24640100
2018/12/19,129.87,131.35,127.09,127.61,21232100
2018/12/20,127.72,129.75,126.76,128.27,16609600
2018/12/21,127.80,130.60,127.12,128.09,19732900
2018/12/24,127.30,128.00,121.00,122.84,7531900
2018/12/25,127.30,128.00,121.00,122.84,7531900
2018/12/26,123.42,126.76,122.01,126.71,9253000
2018/12/27,125.87,127.41,123.07,127.41,9918700
2018/12/28,127.91,128.75,126.75,127.27,6537200
2018/12/31,128.18,129.55,127.42,129.05,7409900
2019/1/1,128.18,129.55,127.42,129.05,7409900
2019/1/2,128.13,128.38,126.28,127.75,7631700
2019/1/3,128.14,128.27,125.36,125.72,8654500
2019/1/4,127.12,128.65,126.73,127.83,8831700
2019/1/7,127.63,128.35,126.80,127.01,8404700
2019/1/8,128.18,130.50,127.73,129.96,9351600
2019/1/9,129.83,130.24,128.33,128.93,7403500
2019/1/10,127.69,129.89,127.69,129.71,6224400
2019/1/11,129.00,129.84,128.31,129.75,5300400
2019/1/14,128.74,128.96,127.59,128.28,7374400
2019/1/15,128.52,129.49,127.65,129.36,5194400
2019/1/16,129.41,129.41,127.90,128.04,6264200
2019/1/17,127.71,129.52,127.46,129.09,7632000
2019/1/18,129.90,131.18,129.45,130.69,10593000
2019/1/21,129.90,131.18,129.45,130.69,10593000
2019/1/22,128.20,129.50,127.01,128.80,10568100
2019/1/23,128.50,129.30,127.93,128.80,9267800
2019/1/24,128.49,128.70,125.00,127.03,9917000
2019/1/25,128.13,128.45,127.03,128.23,7585100
2019/1/28,127.81,129.15,127.29,128.99,6927700
2019/1/29,128.95,130.47,128.50,130.33,6669300
2019/1/30,130.37,132.19,130.30,131.64,7299300
2019/1/31,131.63,135.19,130.87,133.08,17298100
2019/2/1,134.02,134.69,133.47,134.20,9575200
2019/2/4,133.96,134.15,132.21,132.88,7759000
2019/2/5,133.52,133.88,132.75,132.88,6449800
2019/2/6,133.08,133.57,132.30,133.00,5066100
2019/2/7,132.45,132.64,131.53,132.05,6085300
2019/2/8,131.95,132.46,131.54,132.40,4436700
2019/2/11,132.31,132.67,131.26,132.00,4962200
2019/2/12,132.08,134.30,132.08,134.16,6262300
2019/2/13,134.07,134.98,133.21,134.45,7902200
2019/2/14,134.30,134.82,133.35,134.31,3910400
2019/2/15,135.19,136.41,135.01,136.38,6665000
2019/2/18,135.19,136.41,135.01,136.38,6665000
2019/2/19,136.14,136.38,135.63,135.69,5935500
2019/2/20,135.97,136.73,135.73,136.35,6089800
2019/2/21,134.98,135.79,134.27,135.42,6665500
2019/2/22,135.29,136.64,134.82,136.60,5223900
2019/2/25,136.35,137.49,135.86,136.20,6846600
2019/2/26,136.44,136.96,136.05,136.11,5106900
2019/2/27,135.52,136.25,135.39,135.87,4378100
2019/2/28,135.95,137.95,135.69,136.64,10133200
2019/3/1,137.22,138.61,137.01,138.35,5641600
2019/3/4,138.85,139.41,137.51,138.48,8377700
2019/3/5,138.81,139.14,138.36,138.77,6568900
2019/3/6,139.47,139.65,138.60,139.09,6236900
2019/3/7,138.53,139.12,137.70,138.24,6100400
2019/3/8,138.09,139.30,136.42,138.06,7046700
2019/3/11,138.11,139.03,137.52,138.56,6150400
2019/3/12,138.65,140.00,138.50,139.18,5552900
2019/3/13,139.59,139.84,139.02,139.41,6446900
2019/3/14,138.34,138.80,137.94,138.02,8493600
2019/3/15,138.00,138.26,136.83,137.60,11922500
2019/3/18,137.65,137.78,136.72,137.17,7369600
2019/3/19,137.61,138.82,137.47,138.44,5882500
2019/3/20,138.33,138.51,136.65,137.29,5475700
2019/3/21,137.00,138.78,136.95,138.10,5765100
2019/3/22,137.75,138.39,136.86,136.91,6528800
2019/3/25,136.91,137.01,135.74,136.61,4500300
2019/3/26,136.93,139.27,136.93,138.57,4758600
2019/3/27,138.59,139.48,138.07,138.70,6764900
2019/3/28,139.06,139.46,138.71,138.88,4602100
2019/3/29,139.28,139.88,138.88,139.79,7168400
2019/4/1,139.99,140.29,138.74,138.98,5885200
2019/4/2,139.01,139.01,136.91,137.71,5517800
2019/4/3,138.20,138.24,136.87,137.17,5947000
2019/4/4,136.87,137.01,135.13,135.57,5844600
2019/4/5,136.04,136.58,135.70,136.18,4759700
2019/4/8,136.05,136.51,135.70,136.14,4329600
2019/4/9,136.00,136.26,134.56,135.57,5210300
2019/4/10,135.89,136.13,135.33,135.58,4194100
2019/4/11,135.96,136.18,134.42,135.21,4485200
2019/4/12,135.22,136.35,134.75,135.98,5756800
2019/4/15,136.00,136.79,135.80,136.52,5380900
2019/4/16,138.32,140.70,137.56,138.02,10745700
2019/4/17,139.00,140.15,137.67,138.52,9543700
2019/4/18,139.35,140.24,135.75,137.52,10485300
2019/4/19,139.35,140.24,135.75,137.52,10485300
2019/4/22,136.98,138.49,136.46,137.83,4666500
2019/4/23,137.42,140.85,137.25,139.90,5790500
2019/4/24,139.65,140.14,138.86,139.20,5676300
2019/4/25,138.52,139.77,137.96,139.65,5218100
2019/4/26,139.88,140.52,139.31,140.39,4613600
2019/4/29,140.35,140.43,139.58,139.84,4275200
2019/4/30,140.19,141.45,138.96,141.20,6003700
2019/5/1,140.95,142.35,139.75,141.95,6656300
2019/5/2,141.91,142.15,140.12,141.28,8835600
2019/5/3,141.29,142.09,141.08,142.01,5281600
2019/5/6,140.25,142.24,139.93,142.09,5818900
2019/5/7,140.82,141.38,139.06,139.97,6606700
2019/5/8,140.20,140.92,139.70,139.79,4667300
2019/5/9,138.95,139.32,137.64,138.73,5604200
2019/5/10,138.43,139.25,136.41,139.05,4771600
2019/5/13,137.85,138.06,136.53,137.20,5560000
2019/5/14,137.04,137.84,136.73,136.82,7179400
2019/5/15,136.90,137.49,135.33,136.91,6429400
2019/5/16,137.39,139.19,136.97,138.21,6857200
2019/5/17,137.00,139.03,136.86,138.61,6915300
2019/5/20,138.61,138.96,137.68,138.42,4771100
2019/5/21,139.12,139.57,138.08,138.12,4859000
2019/5/22,138.35,138.95,137.49,138.76,5456800
2019/5/23,138.50,139.85,137.67,139.79,6951800
2019/5/24,139.50,139.50,138.56,138.85,5473300
2019/5/27,139.50,139.50,138.56,138.85,5473300
2019/5/28,139.00,140.49,137.05,137.07,11919600
2019/5/29,135.89,135.89,128.52,131.33,23247400
2019/5/30,131.44,132.82,131.17,132.11,7360600
2019/5/31,131.52,132.00,129.61,131.15,7811000
2019/6/3,131.50,132.40,131.04,131.44,8434600
2019/6/4,132.60,134.30,132.58,133.73,6648900
2019/6/5,134.70,135.13,133.86,134.38,6860600
2019/6/6,134.90,137.66,134.59,136.68,9115800
2019/6/7,137.59,139.59,137.14,138.55,6533900
2019/6/10,138.60,139.15,137.60,139.02,4994700
2019/6/11,139.68,140.66,139.50,139.78,8230500
2019/6/12,140.30,142.91,140.30,141.68,9216500
2019/6/13,141.72,141.95,140.21,140.71,7500800
2019/6/14,141.23,141.49,140.04,140.09,6548100
2019/6/17,140.00,140.24,139.21,139.44,5562800
2019/6/18,140.56,140.93,139.79,140.23,7122700
2019/6/19,140.01,140.97,139.91,140.45,6393400
2019/6/20,141.25,142.40,141.00,142.21,7335800
2019/6/21,141.46,142.43,141.01,142.09,11272200
2019/6/24,142.42,143.70,142.09,143.06,5894700
2019/6/25,143.27,144.98,143.19,144.24,7517000
2019/6/26,143.85,143.85,140.76,141.85,7674100
2019/6/27,142.23,142.50,140.60,140.69,5233500
2019/6/28,140.74,141.10,138.51,139.28,12792400
2019/7/1,140.20,140.26,138.72,139.36,5872300
2019/7/2,139.22,140.03,138.69,140.03,4501200
2019/7/3,141.00,142.18,140.79,142.14,3436300
2019/7/4,141.00,142.18,140.79,142.14,3436300
2019/7/5,141.74,141.86,140.37,140.57,4652400
2019/7/8,140.12,141.08,139.64,140.97,4078100
2019/7/9,141.46,142.47,140.91,141.41,4217400
2019/7/10,141.78,141.99,140.67,141.21,4874400
2019/7/11,140.94,141.21,139.02,140.11,5817400
2019/7/12,140.12,140.12,132.32,134.30,17780100
2019/7/15,135.39,136.36,134.45,134.71,10038200
2019/7/16,132.93,133.83,131.75,132.50,10214500
2019/7/17,132.49,133.58,131.41,131.86,8862100
2019/7/18,132.13,132.51,131.17,132.07,6203100
2019/7/19,132.25,132.39,130.19,130.31,8340200
2019/7/22,130.00,130.15,127.84,128.64,12624800
2019/7/23,128.61,129.45,128.16,128.84,5803600
2019/7/24,128.88,129.79,128.57,129.78,6838600
2019/7/25,130.06,131.53,129.67,131.12,8897800
2019/7/26,131.30,131.30,130.49,130.73,4894600
2019/7/29,131.00,133.31,130.21,133.02,7832000
2019/7/30,132.47,132.49,131.27,132.08,5509600
2019/7/31,131.64,132.00,130.18,130.22,8559200
2019/8/1,130.26,130.74,129.02,130.29,7870700
2019/8/2,130.86,131.47,129.77,131.07,6574900
2019/8/5,130.91,131.46,129.01,130.16,9480000
2019/8/6,130.34,131.22,129.59,130.77,7880600
2019/8/7,129.36,130.91,128.19,130.21,6771700
2019/8/8,130.98,131.95,130.23,131.68,5260500
2019/8/9,131.80,132.76,131.23,132.04,4677300
2019/8/12,131.50,132.70,131.29,131.93,6852100
2019/8/13,132.30,134.10,132.00,133.42,5013200
2019/8/14,132.53,132.54,130.13,130.26,7736200
2019/8/15,130.17,131.07,129.25,130.54,7251200
2019/8/16,131.47,131.67,130.60,131.36,5858900
2019/8/19,132.50,132.57,131.82,132.25,4958000
2019/8/20,131.96,132.66,130.46,130.60,7302000
2019/8/21,131.70,132.41,130.85,131.53,6912800
2019/8/22,131.60,132.13,130.80,131.27,7213500
2019/8/23,131.07,131.26,127.13,127.73,15714000
2019/8/26,127.42,128.08,126.63,127.80,8889500
2019/8/27,129.88,132.40,129.10,129.64,20183800
2019/8/28,127.86,128.87,127.01,128.68,9878800
2019/8/29,128.84,129.20,126.83,128.24,6749900
2019/8/30,128.27,129.10,127.62,128.36,7371100
2019/9/2,128.27,129.10,127.62,128.36,7371100
2019/9/3,127.99,128.98,127.51,128.74,5710200
2019/9/4,129.49,129.59,128.08,128.86,4807200
2019/9/5,129.90,129.90,128.31,128.58,4754100
2019/9/6,128.88,129.23,128.07,128.21,6758300
2019/9/9,128.00,128.16,126.59,126.95,7684700
2019/9/10,127.34,129.55,126.34,129.55,8239500
2019/9/11,129.86,131.28,129.08,131.17,6203600
2019/9/12,131.36,131.77,130.06,130.43,5250000
2019/9/13,131.33,131.57,129.96,130.78,5369800
2019/9/16,130.11,130.75,129.33,129.54,5101700
2019/9/17,129.60,130.50,129.11,129.67,4976400
2019/9/18,129.90,130.56,128.78,130.41,4373600
2019/9/19,129.63,131.19,129.36,130.11,4730100
2019/9/20,131.00,132.00,130.29,131.65,12053100
2019/9/23,131.02,132.05,130.49,131.74,5183700
2019/9/24,132.10,132.78,131.34,131.55,7102600
2019/9/25,131.50,131.57,130.23,130.99,4522900
2019/9/26,131.09,131.31,128.03,128.85,7545800
2019/9/27,128.61,129.40,126.70,128.60,6006500
2019/9/30,129.07,130.28,129.00,129.38,6552100
2019/10/1,130.02,130.80,129.77,129.99,7673000
2019/10/2,132.76,134.70,131.22,132.00,12051800
2019/10/3,131.64,132.37,130.01,131.19,6997600
2019/10/4,131.34,133.72,131.25,133.66,7233300
2019/10/7,133.09,133.82,132.14,133.16,5427200
2019/10/8,132.45,133.26,131.49,131.84,7870400
2019/10/9,131.14,131.25,128.52,129.22,7787700
2019/10/10,128.95,130.12,128.63,129.06,5119700
2019/10/11,131.14,132.62,130.82,131.33,7161400
2019/10/14,131.36,131.36,130.42,130.72,5700000
2019/10/15,133.00,134.25,132.10,132.84,10008800
2019/10/16,134.90,136.59,133.80,135.17,12434200
2019/10/17,135.96,137.49,135.65,136.17,8434000
2019/10/18,133.31,134.39,127.70,127.70,25868700
2019/10/21,128.67,129.67,127.06,128.02,13823600
2019/10/22,128.76,130.54,128.09,129.20,7613700
2019/10/23,129.66,130.48,129.07,129.90,6693400
2019/10/24,130.42,130.58,126.10,127.50,12111600
2019/10/25,127.83,129.10,127.31,128.35,6947300
2019/10/28,128.62,130.00,128.51,129.18,7876300
2019/10/29,129.70,129.97,128.56,129.12,4506300
2019/10/30,133.30,133.53,131.73,132.84,9627600
2019/10/31,132.38,132.84,130.89,132.04,7686700
2019/11/1,132.05,133.00,131.14,131.20,5541800
2019/11/4,131.80,131.95,130.09,130.23,6140300
2019/11/5,130.53,131.47,129.68,130.42,6257300
2019/11/6,130.42,131.48,129.70,130.96,5450000
2019/11/7,131.73,132.38,131.01,131.43,5873700
2019/11/8,131.30,133.04,130.97,133.00,5003000
2019/11/11,132.27,132.52,131.33,131.98,4371400
2019/11/12,132.00,132.09,131.02,131.35,5228700
2019/11/13,131.04,131.49,130.72,131.27,5885400
2019/11/14,131.03,131.36,130.14,130.96,4217500
2019/11/15,131.25,134.97,130.78,134.94,10495100
2019/11/18,134.22,135.69,132.66,134.83,9291800
2019/11/19,135.00,135.19,134.21,134.82,5192200
2019/11/20,135.11,136.34,134.07,135.94,7594400
2019/11/21,135.94,136.85,135.00,136.44,6424900
2019/11/22,136.65,138.63,136.50,138.07,9235800
2019/11/25,137.06,137.65,136.24,137.18,6111900
2019/11/26,136.47,137.34,135.15,137.17,10636500
2019/11/27,137.16,138.25,136.90,137.75,5523000
2019/11/28,137.16,138.25,136.90,137.75,5523000
2019/11/29,137.60,138.27,136.94,137.49,3278900
2019/12/2,137.72,137.85,136.85,137.36,4717100
2019/12/3,136.91,137.45,136.16,137.16,5741400
2019/12/4,138.50,139.74,138.04,139.38,7257300
2019/12/5,139.35,139.75,137.95,139.56,5472900
2019/12/6,139.46,141.58,139.46,140.38,6640400
2019/12/9,140.39,140.81,140.06,140.50,4241000
2019/12/10,140.80,141.00,139.91,139.99,5310300
2019/12/11,140.93,141.98,140.63,140.98,6631500
2019/12/12,141.32,142.06,140.73,141.34,5012400
2019/12/13,141.10,141.80,140.31,141.38,4257200
2019/12/16,141.73,142.85,141.49,141.79,5353100
2019/12/17,143.00,144.05,142.52,143.56,10722400
2019/12/18,143.72,143.88,142.74,143.19,7849200
2019/12/19,143.89,145.88,143.61,145.35,9414700
2019/12/20,146.88,147.84,144.80,146.06,14532800
2019/12/23,145.74,146.76,145.34,146.44,6558700
2019/12/24,146.00,146.01,145.26,145.93,4238900
2019/12/25,146.00,146.01,145.26,145.93,4238900
2019/12/26,145.97,146.18,145.16,145.83,3019300
2019/12/27,146.20,146.55,145.54,145.75,3432700
2019/12/30,145.78,146.20,145.03,145.30,2923300
2019/12/31,145.10,146.01,144.78,145.87,4435000
2020/1/1,145.10,146.01,144.78,145.87,4435000
2020/1/2,145.87,146.02,145.08,145.97,5777000
2020/1/3,143.50,145.37,143.00,144.28,5752400
2020/1/6,144.00,144.20,142.85,144.10,7731300
2020/1/7,144.01,145.45,141.38,144.98,7382900
2020/1/8,144.87,145.98,143.70,144.96,6605800
2020/1/9,145.76,146.03,144.99,145.39,6112700
2020/1/10,145.75,146.18,144.90,145.06,5042600
2020/1/13,145.48,145.79,144.72,145.70,4593200
2020/1/14,145.05,146.61,144.73,146.52,7037500
2020/1/15,146.40,147.40,146.24,147.01,4960300
2020/1/16,147.42,148.84,146.20,148.20,6476000
2020/1/17,148.41,149.41,147.93,149.17,9083600
2020/1/20,148.41,149.41,147.93,149.17,9083600
2020/1/21,148.58,150.17,148.50,149.27,9543900
2020/1/22,146.70,149.18,146.00,148.25,10305300
2020/1/23,148.04,148.77,146.76,148.53,8671900
2020/1/24,148.58,148.95,147.93,148.32,9051900
2020/1/27,147.52,149.46,147.00,148.75,7587100
2020/1/28,148.46,150.57,148.15,149.50,7336600
2020/1/29,149.45,151.19,149.13,150.54,6288600
2020/1/30,150.03,150.51,149.05,150.36,6470600
2020/1/31,149.75,150.00,148.64,148.87,8651700
2020/2/3,149.42,150.49,149.24,150.17,5765200
2020/2/4,151.49,152.75,151.20,151.60,6541400
2020/2/5,151.72,154.02,151.31,153.99,5979900
2020/2/6,154.25,154.50,152.74,153.53,6201200
2020/2/7,153.34,153.46,151.55,151.89,5700300
2020/2/10,151.68,151.91,150.89,151.86,4835600
2020/2/11,152.29,152.38,151.54,151.99,3715300
2020/2/12,151.87,152.15,150.92,151.09,5166800
2020/2/13,150.16,151.04,149.88,150.09,5480200
2020/2/14,150.56,150.64,149.15,150.13,5716300
2020/2/17,150.56,150.64,149.15,150.13,5716300
2020/2/18,150.47,150.74,149.06,149.14,7230700
2020/2/19,149.21,149.76,148.58,148.94,6115200
2020/2/20,148.61,149.38,147.40,148.37,7464700
2020/2/21,148.09,150.24,147.54,149.93,7776800
2020/2/24,146.50,149.00,145.25,145.91,10588900
2020/2/25,145.99,146.75,143.83,144.65,10529000
2020/2/26,145.35,146.22,143.59,143.68,10093800
2020/2/27,142.56,144.77,138.95,139.12,12566700
2020/2/28,135.36,137.29,130.82,134.48,19820300
2020/3/2,134.78,140.13,134.01,140.02,11508200
2020/3/3,140.00,140.99,133.10,135.59,13662500
2020/3/4,137.68,143.64,137.14,143.48,10560500
2020/3/5,140.80,142.68,139.84,142.01,11339200
2020/3/6,138.48,143.01,137.41,142.03,12239100
2020/3/9,136.33,139.68,134.90,136.44,13848600
2020/3/10,139.97,141.95,134.23,141.64,12698100
2020/3/11,138.09,138.75,131.50,131.80,17763400
2020/3/12,127.31,133.76,124.50,125.41,21539200
2020/3/13,129.32,134.92,124.65,134.29,20084200
2020/3/16,123.57,133.76,122.43,127.13,18877900
2020/3/17,128.55,136.77,127.81,136.59,18911800
2020/3/18,131.02,135.67,128.71,134.96,17521100
2020/3/19,134.99,134.99,126.15,127.05,18482300
2020/3/20,126.83,127.44,118.13,119.89,19785100
2020/3/23,117.00,118.56,109.16,111.14,20815200
2020/3/24,118.76,119.65,113.86,119.18,17604800
2020/3/25,118.91,123.96,116.70,119.40,13986100
2020/3/26,120.57,127.10,120.38,126.57,15066800
2020/3/27,121.65,127.62,120.58,123.16,12133200
2020/3/30,128.46,133.99,127.50,133.01,21754000
2020/3/31,134.99,135.71,130.05,131.13,15746100
2020/4/1,127.70,130.23,125.50,128.81,12606100
2020/4/2,129.12,134.00,127.22,133.15,11594500
2020/4/3,132.38,134.79,131.58,134.17,10071200
2020/4/6,137.01,140.97,135.54,139.76,14994400
2020/4/7,139.86,142.03,137.26,137.48,11567100
2020/4/8,137.75,144.13,137.30,143.26,10758200
2020/4/9,144.01,145.42,140.28,141.23,11125400
2020/4/10,144.01,145.42,140.28,141.23,11125400
2020/4/13,140.00,141.49,137.84,139.77,8153200
2020/4/14,145.42,147.42,144.05,146.03,13838000
2020/4/15,145.55,147.91,143.54,147.66,11962300
2020/4/16,148.31,150.68,146.44,149.67,12181700
2020/4/17,151.99,152.30,149.60,152.02,10920000
2020/4/20,150.93,153.00,150.09,151.67,12226200
2020/4/21,150.12,151.64,148.57,149.68,9951100
2020/4/22,152.81,155.00,151.73,152.99,11515600
2020/4/23,154.25,157.00,153.70,155.51,10665000
2020/4/24,155.57,156.30,153.64,154.86,8653400
2020/4/27,154.81,156.05,154.00,154.29,8924000
2020/4/28,151.25,153.10,150.70,151.39,8558700
2020/4/29,151.38,151.63,149.16,150.24,9285200
2020/4/30,148.46,150.43,147.16,150.04,14829600
2020/5/1,149.62,149.67,146.79,148.29,7309000
2020/5/4,148.77,149.08,147.09,148.27,7198400
2020/5/5,149.00,150.78,148.64,149.50,6562300
2020/5/6,150.00,150.32,148.04,148.08,6191600
2020/5/7,149.37,149.53,147.13,147.59,5570500
2020/5/8,148.92,149.18,147.89,148.70,4712100
2020/5/11,148.45,150.10,148.12,149.11,5887500
2020/5/12,150.10,150.34,147.03,147.14,7039200
2020/5/13,146.08,148.95,146.01,147.13,6970500
2020/5/14,145.39,147.76,144.26,147.64,6871400
2020/5/15,147.87,150.48,145.66,150.44,10340400
2020/5/18,152.49,153.62,150.46,150.52,7388400
2020/5/19,150.10,151.10,148.40,149.02,6107300
2020/5/20,149.75,150.39,147.27,147.68,5713400
2020/5/21,148.50,148.50,145.82,146.71,6487300
2020/5/22,144.57,146.29,144.06,144.37,6140900
2020/5/25,144.57,146.29,144.06,144.37,6140900
2020/5/26,146.19,146.44,144.30,144.56,7072300
2020/5/27,144.32,145.25,143.01,144.89,7950000
2020/5/28,146.02,148.11,145.81,146.97,6189600
2020/5/29,147.96,149.35,145.33,148.75,8504000
2020/6/1,147.29,148.34,146.01,147.19,6141800
2020/6/2,147.06,148.35,146.12,148.25,6078300
2020/6/3,148.52,149.14,146.45,148.65,6339500
2020/6/4,146.80,148.37,145.58,146.73,8170500
2020/6/5,147.69,149.64,146.60,147.30,9725400
2020/6/8,145.88,147.61,145.74,146.77,7555600
2020/6/9,148.25,149.33,145.65,145.96,8247200
2020/6/10,146.60,150.03,146.60,147.80,10137100
2020/6/11,148.58,149.17,140.75,140.87,11913300
2020/6/12,142.84,143.71,140.28,142.15,8687400
2020/6/15,141.00,142.40,139.39,141.25,8649600
2020/6/16,144.09,145.42,142.77,144.46,7579100
2020/6/17,144.90,145.42,143.47,144.02,5100100
2020/6/18,142.52,144.12,141.87,143.41,4797400
2020/6/19,145.79,145.88,143.25,143.83,12206900
2020/6/22,143.47,143.66,142.03,143.39,5285600
2020/6/23,143.74,144.08,142.68,142.86,5921600
2020/6/24,141.49,142.19,138.72,139.82,8211200
2020/6/25,140.57,140.57,137.54,139.67,7421200
2020/6/26,139.53,139.60,137.02,137.81,12849700
2020/6/29,138.74,139.70,137.98,139.04,5309800
2020/6/30,139.40,141.02,137.84,140.63,7738300
2020/7/1,140.69,141.39,140.06,140.38,6174800
2020/7/2,141.25,141.84,140.33,140.97,5152200
2020/7/3,141.25,141.84,140.33,140.97,5152200
2020/7/6,142.17,143.77,141.88,142.98,6156400
2020/7/7,141.39,143.97,141.23,142.85,5622600
2020/7/8,142.87,143.39,141.70,143.27,6257400
2020/7/9,142.76,144.43,140.58,142.49,5738600
2020/7/10,142.75,142.87,141.43,142.37,4282400
2020/7/13,143.61,146.64,143.28,145.21,6951900
2020/7/14,145.32,148.39,145.26,147.92,7447100
2020/7/15,149.73,150.21,148.23,148.26,8512800
2020/7/16,148.68,149.34,146.68,149.25,9304700
2020/7/17,150.00,150.58,148.69,149.35,7441100
2020/7/20,150.23,150.32,148.43,149.60,6191500
2020/7/21,149.60,151.67,149.50,149.74,5575900
2020/7/22,149.93,150.41,147.85,150.01,5910200
2020/7/23,150.21,150.85,149.28,149.61,6566300
2020/7/24,150.50,150.60,147.03,148.12,5405900
2020/7/27,147.37,148.92,146.86,147.18,5675200
2020/7/28,147.40,147.99,146.75,146.83,4842200
2020/7/29,146.39,147.47,146.07,146.54,4489100
2020/7/30,147.44,147.50,146.14,146.84,5922500
2020/7/31,146.66,147.45,143.96,145.76,8259600
2020/8/3,146.39,147.79,146.15,147.35,4078700
2020/8/4,146.99,147.22,145.82,147.22,4162200
2020/8/5,149.10,149.31,147.80,148.40,5467500
2020/8/6,148.40,149.25,146.50,147.55,4837900
2020/8/7,147.51,148.65,147.15,148.60,3635100
2020/8/10,148.86,149.01,147.72,148.03,4096600
2020/8/11,149.14,149.23,146.37,146.97,6388400
2020/8/12,147.54,150.24,147.49,149.66,5257300
2020/8/13,148.54,149.19,147.53,148.00,5155500
2020/8/14,147.61,149.34,147.58,148.24,4240200
2020/8/17,148.32,150.23,148.23,148.99,4306900
2020/8/18,149.26,150.10,148.57,150.09,4322600
2020/8/19,149.58,151.58,149.32,150.39,7816300
2020/8/20,149.75,151.58,149.55,151.42,4874700
2020/8/21,151.78,153.65,150.59,152.76,6722800
2020/8/24,152.74,152.90,150.35,152.15,5387900
2020/8/25,152.78,153.07,151.54,152.06,3863500
2020/8/26,151.86,152.65,150.64,152.30,8008300
2020/8/27,152.42,153.26,151.89,152.98,5575400
2020/8/28,152.74,153.70,151.90,153.64,5395700
2020/8/31,153.00,154.40,152.26,153.41,6362700
2020/9/1,153.87,154.08,150.07,151.52,6307700
2020/9/2,150.79,154.33,149.25,153.83,6881900
2020/9/3,154.83,155.47,148.30,149.55,8672800
2020/9/4,150.17,150.95,147.13,148.59,7200100
2020/9/7,150.17,150.95,147.13,148.59,7200100
2020/9/8,150.25,150.89,146.90,147.26,8756800
2020/9/9,148.15,151.10,148.12,149.70,6960700
2020/9/10,149.25,149.78,146.52,146.91,6191800
2020/9/11,147.05,148.53,146.63,147.78,3934700
2020/9/14,148.12,149.47,148.01,148.35,4375800
2020/9/15,149.45,150.59,148.52,148.89,3658800
2020/9/16,149.39,150.06,148.35,148.40,4323000
2020/9/17,148.04,148.63,146.05,147.17,5461400
2020/9/18,146.51,149.65,146.20,149.18,12174000
2020/9/21,147.58,147.93,142.96,145.10,7574500
2020/9/22,144.69,145.35,143.72,144.21,5295900
2020/9/23,147.48,147.55,144.38,144.44,8784400
2020/9/24,144.56,145.25,143.34,144.67,5614800
2020/9/25,144.00,146.25,143.89,145.66,5531200
2020/9/28,146.73,148.29,146.42,147.11,5843200
2020/9/29,147.60,147.92,146.06,147.06,6768600
2020/9/30,147.45,149.73,146.84,148.88,8487700
2020/10/1,149.31,149.65,146.46,147.32,6457800
2020/10/2,146.21,148.41,145.83,146.24,5485600
2020/10/5,147.00,148.38,146.42,148.23,4992800
2020/10/6,148.28,148.61,145.87,146.26,5118200
2020/10/7,146.49,148.23,145.81,147.88,5603100
2020/10/8,148.50,149.85,148.04,148.89,4413500
2020/10/9,149.65,151.48,149.45,150.97,5054100
2020/10/12,151.60,153.14,151.02,151.84,7273200
2020/10/13,149.00,150.12,147.77,148.36,11057600
2020/10/14,148.82,149.03,147.39,148.10,7706400
2020/10/15,147.48,147.90,146.33,147.19,5978600
2020/10/16,147.60,148.76,147.01,148.10,6097000
2020/10/19,148.53,148.90,144.13,144.32,7250800
2020/10/20,144.66,145.75,144.12,144.55,5325400
2020/10/21,144.12,145.34,143.91,143.93,5221300
2020/10/22,144.16,145.69,143.84,145.08,5279700
2020/10/23,145.88,147.47,144.35,145.24,4154400
2020/10/26,144.43,144.77,142.75,143.97,6929500
2020/10/27,143.74,144.29,142.92,143.15,4890100
2020/10/28,141.43,141.98,138.18,138.36,8426100
2020/10/29,138.00,138.70,136.05,137.19,7205400
2020/10/30,136.68,137.54,133.65,137.11,7364100
2020/11/2,138.98,139.01,137.49,138.69,7088000
2020/11/3,140.02,140.96,137.78,138.50,6363000
2020/11/4,139.49,142.54,138.70,139.40,10263500
2020/11/5,140.55,141.83,139.26,139.76,8016200
2020/11/6,140.40,143.19,139.65,142.25,5942500
2020/11/9,148.43,148.99,144.92,146.08,12351600
2020/11/10,147.25,148.75,146.26,148.28,7386500
2020/11/11,149.17,149.20,146.86,147.80,6382400
2020/11/12,147.61,148.65,146.75,148.30,4710300
2020/11/13,149.09,150.41,148.41,149.90,5893500
2020/11/16,150.92,151.30,149.80,150.85,6266400
2020/11/17,150.00,150.63,149.12,149.35,7297700
2020/11/18,148.87,149.76,147.37,147.37,6661000
2020/11/19,147.30,147.46,145.59,147.14,7987700
2020/11/20,147.05,147.94,146.13,146.36,6354900
2020/11/23,146.01,146.01,143.04,143.87,7318300
2020/11/24,144.00,144.76,143.61,143.87,11034800
2020/11/25,144.06,144.17,142.86,143.68,7594600
2020/11/26,144.06,144.17,142.86,143.68,7594600
2020/11/27,144.50,144.66,143.22,144.00,3059000
2020/11/30,144.23,144.86,143.06,144.68,15663200
2020/12/1,146.29,149.13,145.86,147.45,9738200
2020/12/2,147.85,149.71,147.70,148.14,7745500
2020/12/3,148.04,149.58,147.69,149.00,7310500
2020/12/4,149.79,150.31,149.27,150.27,6747100
2020/12/7,149.35,149.91,148.51,148.97,6634700
2020/12/8,150.00,152.14,149.55,151.55,8339800
2020/12/9,152.83,153.50,151.76,153.10,8440100
2020/12/10,152.82,152.98,151.68,152.25,7392900
2020/12/11,151.53,153.41,151.23,152.95,5977400
2020/12/14,153.25,153.48,148.99,149.07,8547300
2020/12/15,150.00,150.75,149.53,150.57,7612600
2020/12/16,150.20,150.92,149.55,149.67,8486100
2020/12/17,150.09,153.89,149.96,153.62,9920300
2020/12/18,153.65,155.10,151.67,154.51,17137200
2020/12/21,152.01,153.41,150.05,153.02,7893400
2020/12/22,152.40,153.90,151.86,152.72,4699500
2020/12/23,152.80,153.60,151.90,151.94,4607300
2020/12/24,151.85,153.04,151.82,152.47,2114900
2020/12/25,151.85,153.04,151.82,152.47,2114900
2020/12/28,153.32,153.87,152.30,153.19,3855500
2020/12/29,154.11,154.93,153.80,154.14,5212000
2020/12/30,154.74,156.38,154.60,156.05,5412800
2020/12/31,156.53,157.66,155.11,157.38,5099900
2021/1/1,156.53,157.66,155.11,157.38,5099900
2021/1/4,157.24,157.38,154.13,156.50,11765900
2021/1/5,156.25,158.76,155.07,158.34,9602300
2021/1/6,157.24,160.23,156.72,159.83,8230100
2021/1/7,159.00,161.03,158.35,160.37,7747200
2021/1/8,160.51,161.10,159.88,160.04,8228900
2021/1/11,160.56,161.32,158.77,159.37,7066200
2021/1/12,159.15,159.66,157.33,158.13,6903200
2021/1/13,158.23,158.46,156.75,157.89,6643100
2021/1/14,160.45,161.95,159.61,160.65,10030800
2021/1/15,160.30,161.41,159.11,160.30,7630800
2021/1/18,160.30,161.41,159.11,160.30,7630800
2021/1/19,162.00,163.04,161.10,162.78,9057600
2021/1/20,163.20,164.14,161.80,162.38,6839900
2021/1/21,161.32,162.48,160.06,161.73,6818000
2021/1/22,162.36,165.16,161.87,163.55,8137000
2021/1/25,165.01,166.09,163.66,165.98,9924400
2021/1/26,169.70,173.65,169.39,170.48,14205700
2021/1/27,169.12,170.92,167.45,167.88,14207300
2021/1/28,168.20,170.86,167.80,169.16,8944400
2021/1/29,164.26,166.00,160.55,163.13,22505900
2021/2/1,165.31,165.31,162.60,162.71,9971400
2021/2/2,163.38,163.66,161.18,161.25,11443300
2021/2/3,160.94,161.52,159.57,160.50,8601900
2021/2/4,161.00,162.09,159.76,161.99,7758100
2021/2/5,164.86,165.44,163.86,164.45,9495300
2021/2/8,165.03,165.92,163.88,164.92,6035300
2021/2/9,165.20,166.59,164.97,166.27,5544200
2021/2/10,167.89,167.94,165.70,166.81,5921300
2021/2/11,167.00,167.38,165.60,166.06,4871300
2021/2/12,164.40,166.85,164.00,166.58,4413100
2021/2/15,164.40,166.85,164.00,166.58,4413100
2021/2/16,166.58,167.05,164.64,165.07,5656100
2021/2/17,164.97,166.09,164.36,165.66,6676700
2021/2/18,164.96,166.16,164.30,165.74,5189100
2021/2/19,165.60,165.96,162.91,162.98,8190900
2021/2/22,161.87,162.54,160.29,161.87,6447100
2021/2/23,161.48,163.19,160.40,160.44,7042800
2021/2/24,162.40,164.39,160.92,162.59,10286100
2021/2/25,163.13,163.70,161.99,162.76,9719700
2021/2/26,162.00,162.41,157.97,158.46,14417500
2021/3/1,161.45,161.53,159.09,159.32,10551400
2021/3/2,159.78,160.78,158.60,159.02,7610900
2021/3/3,158.25,158.90,156.06,156.22,8499600
2021/3/4,155.99,156.10,151.47,153.07,11033200
2021/3/5,153.98,156.69,153.13,156.10,8331600
2021/3/8,157.00,159.33,155.98,157.40,6546700
2021/3/9,156.89,160.75,156.89,157.70,7461300
2021/3/10,158.82,159.90,157.36,159.15,6635600
2021/3/11,159.54,160.63,158.92,159.14,6305600
2021/3/12,159.28,160.31,159.19,159.60,5474800
2021/3/15,159.75,160.66,158.50,160.42,5524100
2021/3/16,160.46,161.68,160.24,161.37,6369100
2021/3/17,160.83,161.73,159.53,160.77,6001400
2021/3/18,160.21,161.49,159.96,160.47,4801800
2021/3/19,160.69,161.50,159.47,160.04,14891500
2021/3/22,158.31,160.65,158.00,160.50,7544100
2021/3/23,160.21,161.20,158.88,160.35,7178300
2021/3/24,160.10,162.48,159.82,161.91,6370100
2021/3/25,162.44,162.45,160.64,161.97,6269800
2021/3/26,162.09,165.10,161.38,164.93,7619200
2021/3/29,163.83,167.03,163.63,166.04,8535100
2021/3/30,165.02,165.66,164.23,165.01,7236300
2021/3/31,164.96,165.39,163.70,164.35,8281500
2021/4/1,162.60,163.84,162.26,162.83,7229700
2021/4/2,162.60,163.84,162.26,162.83,7229700
2021/4/5,163.64,164.75,162.66,163.43,7387100
2021/4/6,164.08,164.52,163.00,163.39,5074200
2021/4/7,163.55,164.28,163.32,163.61,4608000
2021/4/8,164.00,164.11,162.85,162.97,5039400
2021/4/9,162.12,162.93,159.78,161.25,8418300
2021/4/12,161.09,162.08,160.34,161.64,5022800
2021/4/13,156.86,159.93,156.53,159.48,18424100
2021/4/14,157.83,160.11,157.54,159.92,7718300
2021/4/15,160.72,162.39,160.23,160.39,7524600
2021/4/16,161.34,162.51,160.56,162.24,9049400
2021/4/19,162.50,163.11,160.84,162.69,8353500
2021/4/20,161.00,167.79,161.00,166.48,14050700
2021/4/21,166.37,166.91,165.29,166.59,6333200
2021/4/22,165.84,166.28,164.62,165.18,7233000
2021/4/23,164.53,166.06,164.00,165.52,6015300
2021/4/26,165.21,165.41,163.76,164.12,6027800
2021/4/27,163.76,163.91,162.47,163.18,6217700
2021/4/28,162.86,163.20,161.65,161.98,7448000
2021/4/29,161.90,164.26,161.81,164.20,6394300
2021/4/30,164.15,164.33,162.52,162.73,9079100
2021/5/3,163.60,165.32,163.12,165.21,6594100
2021/5/4,164.83,167.85,164.67,167.77,10179500
2021/5/5,167.50,168.40,166.79,167.07,7792300
2021/5/6,166.79,167.89,166.24,167.74,5529900
2021/5/7,168.30,169.18,167.83,168.50,5316200
2021/5/10,169.90,171.53,169.23,170.27,8357500
2021/5/11,170.65,170.87,168.28,168.88,8217900
2021/5/12,168.54,169.80,167.95,168.20,6758300
2021/5/13,166.97,170.70,166.97,169.96,8018600
2021/5/14,171.48,171.61,170.17,170.22,5797700
2021/5/17,170.40,171.89,170.31,170.39,5722600
2021/5/18,169.98,171.37,169.53,170.45,5846000
2021/5/19,169.91,170.16,168.04,170.08,5533800
2021/5/20,169.94,171.59,169.69,171.07,4853200
2021/5/21,171.33,172.74,170.87,170.96,6501800
2021/5/24,170.90,171.35,169.77,170.55,5195100
2021/5/25,170.67,171.03,169.74,170.08,7444700
2021/5/26,170.00,170.08,168.28,169.07,5726400
2021/5/27,169.26,170.17,168.38,168.81,8114700
2021/5/28,169.52,171.01,169.17,169.25,6400800
2021/5/31,169.52,171.01,169.17,169.25,6400800
2021/6/1,170.15,170.20,165.38,165.53,10448400
2021/6/2,165.30,166.73,165.11,166.20,6806000
2021/6/3,165.89,167.15,165.71,166.04,5808800
2021/6/4,167.01,167.57,165.87,165.97,6510300
2021/6/7,166.00,166.32,164.63,164.84,5362800
2021/6/8,165.28,165.66,162.07,163.39,7746800
2021/6/9,163.99,165.78,163.66,165.59,5552600
2021/6/10,166.00,167.58,165.95,167.08,6463100
2021/6/11,167.07,167.08,164.22,164.96,7389900
2021/6/14,164.50,165.46,163.90,165.37,4931300
2021/6/15,165.23,165.86,164.39,164.49,5062900
2021/6/16,164.80,165.75,163.48,164.43,6988500
2021/6/17,164.19,165.70,163.50,165.22,5874700
2021/6/18,163.27,164.19,161.79,161.98,12993000
2021/6/21,162.77,164.26,162.25,163.84,6592300
2021/6/22,163.71,164.04,163.28,163.62,5627800
2021/6/23,163.69,163.69,162.48,162.63,4493400
2021/6/24,163.27,164.20,162.80,163.37,4549200
2021/6/25,162.94,164.78,162.89,164.21,10963800
2021/6/28,164.44,165.07,163.52,164.02,5604000
2021/6/29,164.00,164.64,163.41,164.03,3749500
2021/6/30,164.00,164.97,163.67,164.74,6151700
2021/7/1,164.74,166.01,164.63,165.96,6320200
2021/7/2,166.02,169.30,165.64,168.98,9059900
2021/7/5,166.02,169.30,165.64,168.98,9059900
2021/7/6,167.91,168.86,166.99,167.97,6098500
2021/7/7,167.48,169.50,167.48,169.41,6293500
2021/7/8,168.70,169.46,167.58,169.08,5755500
2021/7/9,169.37,170.37,169.24,169.75,6120900
2021/7/12,169.73,171.18,168.54,169.48,7840500
2021/7/13,168.97,169.76,168.67,169.27,4691200
2021/7/14,170.00,170.83,169.04,170.42,6162900
2021/7/15,169.30,169.90,167.72,168.37,6656900
2021/7/16,168.34,169.09,167.95,168.10,5834900
2021/7/19,166.48,168.19,165.32,166.88,8219700
2021/7/20,166.90,170.81,166.84,168.45,9902800
2021/7/21,169.30,169.69,167.48,169.49,7585200
2021/7/22,169.36,171.07,168.65,169.98,5281900
2021/7/23,171.00,172.18,170.38,171.79,5014900
2021/7/26,171.82,172.14,170.86,171.87,4484900
2021/7/27,171.80,172.72,170.67,172.66,7089300
2021/7/28,172.73,173.38,172.08,172.18,5750700
2021/7/29,172.74,173.34,171.09,172.18,4214100
2021/7/30,172.54,172.98,171.84,172.20,5346400
2021/8/2,172.47,172.84,171.30,172.27,3721500
2021/8/3,172.73,174.50,172.44,174.39,6033000
2021/8/4,174.20,174.59,173.26,173.36,4793100
2021/8/5,173.85,173.85,172.42,173.69,4291000
2021/8/6,173.94,173.94,172.45,173.11,4581100
2021/8/9,173.72,174.25,172.93,173.71,3950200
2021/8/10,173.26,174.11,172.78,173.77,3678300
2021/8/11,174.25,174.47,173.56,173.80,4221300
2021/8/12,173.82,175.29,173.59,175.20,4300400
2021/8/13,175.29,176.29,175.12,176.25,5882100
2021/8/16,176.55,177.89,175.95,177.84,4782800
2021/8/17,177.31,179.51,177.31,179.47,6041900
2021/8/18,179.50,179.50,177.13,177.19,7134100
2021/8/19,176.62,179.33,176.07,178.57,5615000
2021/8/20,178.89,179.92,178.07,179.44,5428700
2021/8/23,178.39,178.93,177.54,177.61,6461700
2021/8/24,176.99,177.21,175.28,175.39,5734800
2021/8/25,175.69,175.90,173.89,174.23,5700300
2021/8/26,173.95,174.72,173.05,173.30,5031600
2021/8/27,174.28,174.28,172.75,172.93,7046100
2021/8/30,172.79,174.28,172.78,173.66,3252700
2021/8/31,173.49,174.49,172.48,173.13,7106800
2021/9/1,172.90,173.74,172.06,173.74,5327400
2021/9/2,174.34,175.19,173.91,174.93,4544300
2021/9/3,175.10,175.22,173.81,175.04,4096900
2021/9/6,175.10,175.22,173.81,175.04,4096900
2021/9/7,174.35,175.03,171.67,172.32,6859900
2021/9/8,171.62,172.98,171.08,171.90,4661700
2021/9/9,171.19,171.48,167.70,168.07,7114600
2021/9/10,168.55,169.09,166.87,166.97,6699300
2021/9/13,167.92,168.12,165.13,165.80,6273500
2021/9/14,166.40,166.54,164.51,164.80,5259600
2021/9/15,165.00,165.96,164.31,165.42,7935300
2021/9/16,165.65,166.46,164.19,165.22,5665400
2021/9/17,164.30,164.91,163.56,164.75,13419800
2021/9/20,163.48,165.17,162.17,163.81,7270800
2021/9/21,164.61,165.98,164.24,164.53,6663600
2021/9/22,165.35,165.95,163.63,163.93,5657100
2021/9/23,164.40,165.77,164.15,164.86,4697900
2021/9/24,164.75,165.65,163.89,164.36,4399300
2021/9/27,164.00,164.36,162.85,163.17,5775500
2021/9/28,163.10,163.91,161.77,162.81,7610400
2021/9/29,163.00,164.66,162.78,164.02,5124100
2021/9/30,164.64,165.40,161.41,161.50,6972300
2021/10/1,161.53,161.90,158.62,160.47,8568300
2021/10/4,159.99,161.00,157.67,159.22,8620700
2021/10/5,159.86,161.11,159.15,159.58,5129000
2021/10/6,159.87,159.95,157.84,159.91,7312600
2021/10/7,160.02,162.61,160.02,161.34,5309200
2021/10/8,161.32,161.61,160.25,160.93,4343200
2021/10/11,160.86,161.85,159.94,160.25,4101600
2021/10/12,160.00,160.18,157.34,157.69,6686400
2021/10/13,157.82,160.08,157.75,159.20,6901100
2021/10/14,159.71,161.14,159.60,160.11,4579200
2021/10/15,161.03,161.81,160.41,161.30,6918400
2021/10/18,160.25,160.89,159.20,160.12,7465500
2021/10/19,160.90,165.15,160.73,163.87,10081300
2021/10/20,163.98,164.75,163.26,163.78,6003200
2021/10/21,164.30,164.39,162.28,163.40,4524100
2021/10/22,163.06,164.06,162.96,163.72,4304300
2021/10/25,163.72,164.31,161.71,164.08,6715400
2021/10/26,164.56,166.03,164.05,165.75,6939100
2021/10/27,165.68,165.76,163.31,163.74,7018800
2021/10/28,163.77,165.20,162.32,162.85,6278800
2021/10/29,162.35,163.25,160.61,162.88,8526800
2021/11/1,163.16,163.98,159.40,163.02,5846400
2021/11/2,163.70,166.98,162.98,165.59,8450600
2021/11/3,165.04,165.77,163.43,165.06,6717800
2021/11/4,164.94,164.99,162.67,164.60,8224400
2021/11/5,162.48,164.60,162.20,163.43,6215900
2021/11/8,163.68,164.17,162.01,162.87,5578800
2021/11/9,162.61,163.59,162.02,162.51,6112800
2021/11/10,162.53,164.84,162.35,164.27,6225100
2021/11/11,163.49,163.81,162.49,163.06,4118800
2021/11/12,167.43,167.62,164.61,165.01,18995200
2021/11/15,165.00,165.46,163.22,163.52,7496200
2021/11/16,163.18,164.35,162.62,162.67,7594700
2021/11/17,162.87,163.86,161.79,163.28,5414500
2021/11/18,163.45,164.47,162.13,162.40,6358700
2021/11/19,163.04,163.19,161.78,162.89,7620700
2021/11/22,161.03,162.64,159.65,159.70,7634500
2021/11/23,159.52,161.00,158.78,160.69,7734000
2021/11/24,160.14,160.62,159.38,160.24,5230900
2021/11/25,160.14,160.62,159.38,160.24,5230900
2021/11/26,160.60,161.16,158.66,159.20,8523100
2021/11/29,159.50,160.42,158.42,159.75,9188500
2021/11/30,158.51,159.00,155.85,155.93,14981700
2021/12/1,156.88,160.08,156.25,158.08,9835800
2021/12/2,157.26,159.29,156.75,157.09,11334700
2021/12/3,157.91,159.67,157.59,159.38,8750500
2021/12/6,160.19,163.52,159.83,162.94,9692000
2021/12/7,164.00,164.27,162.41,163.36,8311300
2021/12/8,163.47,164.57,162.64,164.34,6216400
2021/12/9,164.18,165.98,163.49,165.90,8574200
2021/12/10,165.57,166.69,164.65,165.49,6572200
2021/12/13,164.75,169.20,163.80,168.45,11142300
2021/12/14,168.33,170.97,167.16,170.29,10482400
2021/12/15,169.85,171.30,169.42,171.14,8552200
2021/12/16,171.26,173.51,170.84,173.01,8998600
2021/12/17,169.64,170.78,167.66,168.23,16726200
2021/12/20,167.81,168.51,166.55,167.75,7954500
2021/12/21,168.06,168.10,165.98,167.21,7954200
2021/12/22,167.06,168.17,166.12,167.93,4178200
2021/12/23,167.88,168.95,167.36,168.25,3501500
2021/12/24,167.88,168.95,167.36,168.25,3501500
2021/12/27,169.14,169.85,168.70,169.67,3704800
2021/12/28,169.79,170.64,169.59,170.35,3187000
2021/12/29,170.00,171.99,169.91,171.55,3662000
2021/12/30,172.12,172.88,171.75,172.31,4231800
2021/12/31,172.53,172.68,171.03,171.07,4409500
2022/1/3,170.21,171.60,169.10,171.54,6012200
2022/1/4,171.06,172.29,170.60,171.08,6748400
2022/1/5,172.00,173.47,171.62,172.22,7016100
2022/1/6,172.15,172.50,170.80,171.63,7301600
2022/1/7,171.46,174.30,171.13,173.95,6986000
2022/1/10,173.69,173.69,172.16,173.09,7698400
2022/1/11,172.99,173.39,170.11,171.25,8341100
2022/1/12,169.61,170.08,168.34,169.79,8116200
2022/1/13,169.00,170.42,168.46,168.76,6159400
2022/1/14,168.63,168.65,167.15,167.84,5847700
2022/1/17,168.63,168.65,167.15,167.84,5847700
2022/1/18,167.10,167.72,166.01,167.10,7815600
2022/1/19,167.20,168.72,166.32,166.58,5926500
2022/1/20,167.29,167.86,164.93,165.25,6011300
2022/1/21,166.19,167.99,164.47,164.87,10550300
2022/1/24,164.00,164.17,158.26,162.97,14054600
2022/1/25,162.36,168.41,161.58,167.63,14081200
2022/1/26,167.54,169.22,166.23,168.38,9963200
2022/1/27,169.39,171.91,169.00,170.59,9066700
2022/1/28,170.86,171.84,169.30,171.79,9783100
2022/1/31,171.50,172.62,170.82,172.29,8054800
2022/2/1,171.74,171.98,169.43,170.88,8154700
2022/2/2,169.65,172.99,169.65,172.77,7382800
2022/2/3,172.26,173.62,171.04,172.76,6240400
2022/2/4,171.00,172.98,170.12,171.63,6392200
2022/2/7,171.41,171.74,170.01,171.06,6065700
2022/2/8,171.02,172.05,170.48,171.51,6296100
2022/2/9,172.07,172.24,171.25,171.49,5387500
2022/2/10,171.21,171.22,169.30,169.42,10355300
2022/2/11,169.12,170.15,167.54,167.71,13125300
2022/2/14,167.71,167.97,163.81,165.60,8967600
2022/2/15,166.13,168.10,166.01,167.31,6631400
2022/2/16,166.49,167.84,165.71,167.21,8482400
2022/2/17,167.21,167.45,164.92,166.19,6227600
2022/2/18,164.98,165.36,162.94,163.36,6423200
2022/2/21,164.98,165.36,162.94,163.36,6423200
2022/2/22,163.57,163.74,160.44,161.14,6868900
2022/2/23,161.51,162.64,160.85,161.22,8016900
2022/2/24,159.78,160.13,155.72,158.14,12883400
2022/2/25,160.00,166.99,159.70,166.00,11340400
2022/2/28,162.87,165.18,162.38,164.57,9373500
2022/3/1,163.04,164.75,162.41,164.00,8737800
2022/3/2,164.41,167.63,164.04,166.04,6793300
2022/3/3,166.70,169.34,166.32,168.48,7333700
2022/3/4,167.64,169.86,166.85,169.48,6302500
2022/3/7,168.30,173.12,167.36,172.21,11663400
2022/3/8,172.04,173.12,168.51,168.72,11100300
2022/3/9,170.01,170.23,167.89,169.36,7248200
2022/3/10,168.56,170.15,168.08,169.66,6171400
2022/3/11,169.13,171.46,169.02,169.35,5188000
2022/3/14,170.68,174.12,170.35,171.69,7729500
2022/3/15,173.33,176.52,172.55,176.14,10554400
2022/3/16,175.46,176.95,172.56,174.52,9603300
2022/3/17,175.21,176.84,174.20,176.80,7472100
2022/3/18,177.00,177.00,173.66,174.84,13809500
2022/3/21,174.66,177.16,174.32,175.83,7574900
2022/3/22,175.83,176.37,173.91,175.00,8442100
2022/3/23,175.23,175.54,174.09,174.34,5254200
2022/3/24,175.00,175.54,174.07,175.24,5012300
2022/3/25,175.69,177.70,175.22,176.92,4809500
2022/3/28,176.65,178.18,176.35,177.83,5604200
2022/3/29,178.62,179.40,176.80,177.74,5933400
2022/3/30,178.44,179.86,177.68,179.59,6277600
2022/3/31,179.59,180.21,176.98,177.23,11490400
2022/4/1,177.05,178.43,175.60,178.19,6525600
2022/4/4,178.19,178.19,175.52,176.47,6860600
2022/4/5,176.47,179.65,176.29,177.61,7446100
2022/4/6,179.39,182.60,178.62,182.23,10330900
2022/4/7,181.67,182.95,180.23,181.76,7385200
2022/4/8,181.33,183.19,180.43,182.12,7144500
2022/4/11,183.00,184.20,179.60,179.84,5932000
2022/4/12,179.20,180.81,178.20,179.90,5957500
2022/4/13,179.90,180.84,179.24,180.66,5643100
2022/4/14,180.00,181.40,179.73,179.90,6188200
2022/4/15,180.00,181.40,179.73,179.90,6188200
2022/4/18,179.73,180.39,176.74,177.66,6318700
2022/4/19,180.72,185.94,179.95,183.08,14380800
2022/4/20,182.24,184.32,181.90,183.89,8044900
2022/4/21,183.93,184.87,182.56,183.36,6969200
2022/4/22,182.47,183.15,181.38,181.54,8003600
2022/4/25,182.34,186.69,182.10,186.01,11176500
2022/4/26,185.10,186.57,184.18,184.68,10190000
2022/4/27,184.24,184.82,181.74,182.10,11090100
2022/4/28,182.25,184.50,181.92,183.46,9403900
2022/4/29,182.50,182.55,180.20,180.46,8463100
2022/5/2,180.47,181.41,177.03,178.64,7145400
2022/5/3,178.80,180.63,177.68,178.29,5898700
2022/5/4,178.15,180.50,177.15,180.20,5923000
2022/5/5,179.42,179.71,175.27,176.76,7089200
2022/5/6,175.14,176.87,174.69,176.37,6434000
2022/5/9,175.45,178.56,174.59,177.33,7855200
2022/5/10,178.23,179.18,176.50,177.09,8186700
2022/5/11,175.96,178.32,175.88,176.13,6138900
2022/5/12,176.47,177.95,174.71,177.87,6898600
2022/5/13,178.70,178.89,175.80,176.85,7732200
2022/5/16,176.85,179.13,176.17,178.08,5516700
2022/5/17,178.72,179.70,176.59,178.82,5751100
2022/5/18,178.84,179.37,175.17,175.50,8608800
2022/5/19,174.72,174.80,172.69,173.94,6874500
2022/5/20,174.85,177.16,174.05,176.98,7522100
2022/5/23,177.60,179.93,177.46,179.44,7040800
2022/5/24,179.25,181.74,179.10,181.40,6419800
2022/5/25,180.53,181.55,179.06,179.62,6558900
2022/5/26,181.00,181.00,178.60,179.46,6897600
2022/5/27,179.76,181.16,178.23,181.09,5853600
2022/5/30,179.76,181.16,178.23,181.09,5853600
2022/5/31,178.00,180.17,175.01,179.53,16391400
2022/6/1,179.15,179.83,175.90,177.71,5175400
2022/6/2,177.74,177.81,174.59,177.15,8666500
2022/6/3,177.07,178.67,176.15,176.42,4234200
2022/6/6,177.21,178.50,176.00,176.40,5386500
2022/6/7,176.98,179.30,176.40,178.34,5447800
2022/6/8,178.10,179.45,176.80,177.28,4333100
2022/6/9,177.21,178.65,173.64,173.71,5509600
2022/6/10,172.17,173.97,170.62,172.55,6647300
2022/6/13,170.08,172.25,170.08,170.81,7997000
2022/6/14,171.06,171.11,167.26,168.19,7116800
2022/6/15,169.64,171.44,168.64,169.99,7796100
2022/6/16,168.40,170.21,167.41,170.08,7056700
2022/6/17,170.63,172.20,169.24,169.46,12486600
2022/6/20,170.63,172.20,169.24,169.46,12486600
2022/6/21,170.75,173.86,169.56,173.01,8219700
2022/6/22,172.00,177.92,171.69,175.74,10593100
2022/6/23,177.00,179.82,176.52,179.66,10223500
2022/6/24,180.78,182.53,179.98,182.29,9374400
2022/6/27,181.64,183.35,181.50,182.12,5908600
2022/6/28,182.17,182.97,176.31,176.94,9245700
2022/6/29,177.22,178.30,176.43,176.99,7097900
2022/6/30,176.86,178.29,175.03,177.51,10777200
2022/7/1,177.45,179.72,176.69,179.52,5498400
2022/7/4,177.45,179.72,176.69,179.52,5498400
2022/7/5,178.83,179.13,174.61,178.14,5676400
2022/7/6,178.07,179.44,177.41,178.30,5335600
2022/7/7,177.86,179.12,177.51,178.50,5725800
2022/7/8,178.33,179.99,177.77,178.28,3828300
2022/7/11,177.70,179.02,177.52,178.35,3645200
2022/7/12,177.98,178.45,175.20,175.85,4708800
2022/7/13,175.66,176.33,174.50,175.44,5291700
2022/7/14,172.53,176.01,172.30,175.68,5359600
2022/7/15,177.71,178.51,176.55,178.23,5691100
2022/7/18,177.74,178.19,173.91,174.23,7605700
2022/7/19,176.33,176.75,169.88,171.69,13256400
2022/7/20,172.20,172.55,169.76,170.71,7455800
2022/7/21,170.05,171.39,169.77,171.31,5729200
2022/7/22,171.60,172.49,171.06,172.12,4257000
2022/7/25,172.12,172.98,171.72,172.46,4437300
2022/7/26,172.56,174.98,172.49,173.68,4525500
2022/7/27,172.63,174.10,171.13,173.20,4648500
2022/7/28,173.40,176.09,171.44,174.20,5513000
2022/7/29,173.79,174.85,172.91,174.52,6451400
2022/8/1,174.17,175.16,173.54,173.91,5461400
2022/8/2,175.01,175.49,172.70,172.92,5794200
2022/8/3,172.55,175.26,171.77,174.59,5010000
2022/8/4,174.81,175.09,171.60,171.79,5651600
2022/8/5,171.30,171.53,169.79,171.11,5235500
2022/8/8,171.30,171.48,169.44,170.20,4629800
2022/8/9,170.54,171.12,169.73,170.18,5532500
2022/8/10,171.02,171.24,169.53,170.67,5603400
2022/8/11,168.52,169.95,166.98,167.14,9328700
2022/8/12,167.54,167.94,165.15,165.30,14606900
2022/8/15,166.00,166.75,165.13,166.09,10072000
2022/8/16,165.86,168.25,165.60,167.57,7453600
2022/8/17,166.41,168.56,166.41,167.58,7406600
2022/8/18,167.68,168.30,165.93,166.77,8312100
2022/8/19,167.10,170.12,167.00,169.31,8128500
2022/8/22,168.90,168.92,167.17,167.59,5462600
2022/8/23,167.00,167.77,165.80,166.13,5566300
2022/8/24,166.56,166.59,165.07,165.58,5684300
2022/8/25,165.95,167.24,164.70,167.13,5678700
2022/8/26,167.46,167.50,164.20,164.27,5667100
2022/8/29,163.47,163.84,162.02,163.00,5259200
2022/8/30,163.30,163.54,162.03,162.43,6973300
2022/8/31,163.23,163.55,161.27,161.34,8741700
2022/9/1,161.49,165.50,161.48,165.34,7509600
2022/9/2,165.86,166.20,162.01,162.74,5803700
2022/9/5,165.86,166.20,162.01,162.74,5803700
2022/9/6,163.94,166.22,162.82,163.18,7394600
2022/9/7,162.91,164.42,162.16,164.07,4590600
2022/9/8,163.88,165.42,163.08,165.39,5838400
2022/9/9,164.99,166.20,164.39,165.71,5500600
2022/9/12,166.11,166.57,165.22,165.64,6365300
2022/9/13,163.57,164.44,160.81,161.33,6726400
2022/9/14,162.38,165.36,162.38,164.66,9555700
2022/9/15,164.45,166.07,164.10,165.08,7174500
2022/9/16,165.32,167.63,164.75,167.60,20201500
2022/9/19,166.30,166.43,164.08,166.28,7380900
2022/9/20,165.22,165.90,164.32,164.97,7143400
2022/9/21,165.02,166.80,163.24,163.28,8071200
2022/9/22,163.15,167.16,162.83,166.18,7401100
2022/9/23,165.74,167.48,164.66,166.72,9598600
2022/9/26,165.80,166.84,164.38,165.70,8735500
2022/9/27,166.36,167.67,164.40,164.94,8686700
2022/9/28,166.25,167.38,165.10,166.36,8660900
2022/9/29,166.48,167.17,163.89,164.53,7008100
2022/9/30,165.00,165.74,163.32,163.36,8985200
2022/10/3,164.29,164.38,161.70,163.20,8657000
2022/10/4,163.85,166.00,162.92,165.62,6236100
2022/10/5,165.02,166.04,164.21,165.11,4539400
2022/10/6,164.79,165.00,161.69,161.91,5890700
2022/10/7,161.77,162.22,159.17,160.20,6363500
2022/10/10,160.63,161.28,159.18,160.41,5315600
2022/10/11,160.37,164.11,160.37,162.73,6212200
2022/10/12,162.94,164.88,162.50,162.69,4341700
2022/10/13,160.89,165.99,160.75,165.15,6465100
2022/10/14,164.44,165.68,163.60,164.46,5684600
2022/10/17,165.40,167.21,165.01,166.59,6710800
2022/10/18,165.00,167.17,163.05,166.01,10883600
2022/10/19,166.00,166.25,163.89,164.69,10044600
2022/10/20,165.00,165.74,164.33,165.11,5659900
2022/10/21,164.71,169.37,164.43,168.71,8487600
2022/10/24,169.81,172.08,169.25,170.98,6855500
2022/10/25,170.17,171.11,168.52,170.71,5661900
2022/10/26,171.32,172.57,170.52,172.21,6123800
2022/10/27,172.35,173.43,171.72,172.31,5390900
2022/10/28,173.00,175.39,172.59,174.87,6073900
2022/10/31,174.52,175.16,173.42,173.97,7810000
2022/11/1,174.06,174.63,170.42,173.09,6985000
2022/11/2,172.89,173.94,170.29,170.43,6877300
2022/11/3,169.81,171.47,168.94,170.72,4819900
2022/11/4,171.56,172.50,169.24,171.48,5300900
2022/11/7,171.67,173.85,171.44,172.98,6621000
2022/11/8,173.13,174.69,172.18,173.84,5148400
2022/11/9,174.27,175.00,172.34,172.45,6150000
2022/11/10,174.35,174.77,172.04,174.47,7877500
2022/11/11,172.73,173.11,166.82,169.25,11074700
2022/11/14,170.25,173.26,170.25,171.91,6581500
2022/11/15,172.19,173.00,170.52,172.39,9351000
2022/11/16,173.64,174.99,173.13,173.46,5500900
2022/11/17,173.00,174.99,172.98,174.86,4464100
2022/11/18,175.00,176.64,174.62,176.20,6555700
2022/11/21,175.89,176.55,174.83,175.97,5706600
2022/11/22,176.40,177.19,176.33,176.82,4707900
2022/11/23,176.44,177.40,176.01,177.01,5389200
2022/11/24,176.44,177.40,176.01,177.01,5389200
2022/11/25,177.38,178.12,176.86,177.24,3058600
2022/11/28,176.75,177.77,176.56,177.33,6183100
2022/11/29,177.01,177.26,174.66,176.09,6700500
2022/11/30,176.37,178.01,174.78,178.00,13288000
2022/12/1,179.00,179.96,177.77,178.74,6282600
2022/12/2,177.50,178.96,176.96,178.88,5823900
2022/12/5,178.36,179.36,178.00,178.78,5120600
2022/12/6,179.92,180.00,175.93,176.10,7943500
2022/12/7,176.57,177.88,176.23,177.17,5702600
2022/12/8,176.82,177.47,176.34,177.20,4798500
2022/12/9,177.12,177.89,175.66,175.74,4561000
2022/12/12,175.95,177.87,175.60,177.84,4882400
2022/12/13,179.10,180.20,178.31,179.21,9177500
2022/12/14,178.58,181.04,178.58,179.76,9533600
2022/12/15,179.20,179.84,176.40,177.49,7602400
2022/12/16,177.00,177.00,174.86,175.67,18841800
2022/12/19,175.35,176.17,174.07,175.48,5736000
2022/12/20,176.00,176.44,175.17,175.67,6174700
2022/12/21,176.27,178.18,175.65,177.68,5472000
2022/12/22,176.77,177.51,175.34,177.03,5709100
2022/12/23,176.67,177.52,175.81,177.48,3683400
2022/12/26,176.67,177.52,175.81,177.48,3683400
2022/12/27,178.11,178.35,176.99,177.43,3067300
2022/12/28,177.76,178.45,176.65,176.66,2645400
2022/12/29,177.55,178.30,177.07,177.56,2828800
2022/12/30,177.49,177.77,175.40,176.65,4216600
2023/1/2,177.49,177.77,175.40,176.65,4216600
2023/1/3,176.16,178.38,176.01,178.19,6344900
2023/1/4,178.89,180.19,178.48,180.13,9788800
2023/1/5,179.02,179.99,178.41,178.80,6255300
2023/1/6,180.13,180.93,179.39,180.25,5706000
2023/1/9,179.30,179.76,175.18,175.58,7925300
2023/1/10,175.70,176.14,174.32,175.16,5047500
2023/1/11,175.57,175.72,172.11,174.88,6494800
2023/1/12,174.26,174.71,172.80,174.00,4269400
2023/1/13,173.19,174.01,172.38,173.43,6088000
2023/1/16,173.19,174.01,172.38,173.43,6088000
2023/1/17,174.00,174.58,172.09,172.36,6053300
2023/1/18,171.65,172.00,169.71,169.76,7047800
2023/1/19,169.03,171.28,168.71,169.53,6939500
2023/1/20,170.10,170.11,167.48,168.74,8620600
2023/1/23,169.10,169.63,167.95,168.31,8425400
2023/1/24,169.02,170.99,166.01,168.31,10541800
2023/1/25,167.17,169.51,167.08,169.51,7099800
2023/1/26,169.55,169.91,168.65,168.89,6946100
2023/1/27,168.54,168.87,167.77,168.23,6058100
2023/1/30,167.93,168.54,161.08,162.00,23259100
2023/1/31,161.70,163.43,161.05,163.42,11612500
2023/2/1,162.99,165.98,162.40,164.92,9865300
2023/2/2,163.00,166.22,162.82,165.54,10099000
2023/2/3,166.03,166.34,163.89,164.61,6868500
2023/2/6,164.55,164.85,163.10,163.36,7021000
2023/2/7,161.60,163.88,161.42,163.40,7310800
2023/2/8,163.30,164.56,162.90,163.61,6054700
2023/2/9,163.63,164.80,161.07,161.40,7949500
2023/2/10,161.77,162.79,161.35,162.15,7028000
2023/2/13,161.33,162.82,161.15,162.75,6414700
2023/2/14,162.74,162.97,161.76,162.04,6316000
2023/2/15,161.95,161.98,159.29,159.37,12621800
2023/2/16,159.07,159.65,157.92,158.24,11177000
2023/2/17,157.02,161.11,156.62,160.39,12401900
2023/2/20,157.02,161.11,156.62,160.39,12401900
2023/2/21,159.65,160.35,157.89,158.00,9423900
2023/2/22,158.50,158.85,157.37,157.78,9820200
2023/2/23,157.71,158.59,156.67,157.73,9385100
2023/2/24,156.65,156.85,155.21,155.97,8689700
2023/2/27,156.45,156.90,155.08,155.63,7267100
2023/2/28,154.98,155.27,153.04,153.26,9062300
2023/3/1,153.01,153.24,151.91,152.57,6767000
2023/3/2,151.75,152.76,151.23,152.45,8762500
2023/3/3,153.37,154.12,152.84,154.02,5747200
2023/3/6,154.66,155.73,154.57,155.56,8148200
2023/3/7,156.09,156.25,153.35,154.09,7457700
2023/3/8,153.98,154.20,152.48,152.96,6230500
2023/3/9,153.46,153.60,150.71,151.24,7439400
2023/3/10,151.86,153.49,151.10,151.61,8504300
2023/3/13,152.09,155.91,151.57,153.06,10799600
2023/3/14,153.28,154.03,151.90,153.92,8421200
2023/3/15,152.84,154.89,152.53,154.35,7757700
2023/3/16,153.45,154.37,152.60,154.03,7605500
2023/3/17,154.48,154.95,152.30,152.38,20540700
2023/3/20,152.47,154.07,152.38,153.89,7129000
2023/3/21,154.00,154.13,152.17,153.89,8376800
2023/3/22,153.85,154.06,151.03,151.05,7943500
2023/3/23,151.18,151.69,150.11,151.13,9051500
2023/3/24,151.48,152.76,150.83,152.65,5696200
2023/3/27,154.20,154.54,153.11,153.30,6772300
2023/3/28,152.39,153.45,151.73,151.82,6115300
2023/3/29,152.24,153.38,152.07,153.31,6012000
2023/3/30,153.58,153.80,152.81,153.43,4555700
2023/3/31,153.79,155.19,153.24,155.00,9890000
2023/4/3,154.95,157.01,153.94,156.85,6841900
2023/4/4,156.97,158.97,156.59,158.49,8314500
2023/4/5,164.37,165.66,162.76,165.61,16704200
2023/4/6,165.99,167.23,164.80,165.15,9615400
2023/4/7,165.99,167.23,164.80,165.15,9615400
2023/4/10,164.63,164.84,163.64,164.32,5354000
2023/4/11,164.42,165.28,164.04,164.27,5903800
2023/4/12,163.94,164.84,163.10,163.92,5764100
2023/4/13,164.18,166.33,163.81,166.11,5640600
2023/4/14,165.97,166.12,164.06,165.84,7225100
2023/4/17,165.74,166.24,164.94,165.67,8046400
2023/4/18,164.25,164.69,159.65,161.01,14571500
2023/4/19,161.99,162.68,161.17,162.53,6752000
2023/4/20,162.43,163.82,160.96,163.58,9498800
2023/4/21,164.44,164.97,161.97,162.69,7014200
2023/4/24,162.69,163.81,161.87,163.68,5278900
2023/4/25,164.31,165.35,164.16,165.18,6263100
2023/4/26,164.09,164.39,162.24,162.62,5518200
2023/4/27,162.90,163.41,162.13,163.00,5739700
2023/4/28,162.81,163.76,162.56,163.70,6024900
2023/5/1,163.60,164.30,162.24,163.60,4893400
2023/5/2,164.34,165.48,163.56,165.03,7541700
2023/5/3,165.55,166.18,162.51,162.87,5937200
2023/5/4,162.68,162.90,161.25,162.13,5128000
2023/5/5,162.84,163.13,161.69,162.68,5194500
2023/5/8,161.99,162.57,161.34,162.31,4994900
2023/5/9,161.75,162.13,160.79,161.05,5520500
2023/5/10,161.20,161.97,160.06,161.65,6756600
2023/5/11,161.83,162.19,159.39,160.99,5867600
2023/5/12,161.36,161.56,160.01,160.78,3904200
2023/5/15,160.80,161.03,158.94,159.55,5104500
2023/5/16,159.06,160.25,158.53,159.34,5599200
2023/5/17,159.79,160.06,157.77,158.99,6840700
2023/5/18,158.66,158.93,157.56,158.48,5173000
2023/5/19,158.59,159.93,158.14,158.91,6527100
2023/5/22,158.00,159.14,156.78,156.87,5675900
2023/5/23,157.10,158.27,156.37,156.81,5793000
2023/5/24,157.08,157.14,155.92,156.66,5015100
2023/5/25,156.05,156.29,153.72,154.41,6886100
2023/5/26,154.69,155.28,154.20,154.35,6845400
2023/5/29,154.69,155.28,154.20,154.35,6845400
2023/5/30,153.97,155.38,153.32,154.37,5593100
2023/5/31,154.70,155.69,153.85,155.06,11324600
2023/6/1,154.54,155.04,153.15,154.54,7901300
2023/6/2,154.72,157.31,154.09,156.97,7659700
2023/6/5,156.75,158.64,156.75,158.32,6430500
2023/6/6,159.58,159.61,157.40,158.18,5073600
2023/6/7,158.10,158.80,157.44,158.52,6504300
2023/6/8,158.50,160.42,157.82,160.26,5818400
2023/6/9,160.42,160.73,159.47,160.01,6264400
2023/6/12,160.00,160.25,158.73,159.90,6510600
2023/6/13,159.73,160.84,159.15,160.74,6066800
2023/6/14,161.60,162.08,160.98,161.56,6699100
2023/6/15,162.05,163.91,161.43,163.73,7138300
2023/6/16,164.48,164.99,163.87,164.23,13426600
2023/6/19,164.48,164.99,163.87,164.23,13426600
2023/6/20,164.26,165.31,163.81,164.13,7995800
2023/6/21,163.58,164.92,162.69,163.88,7177500
2023/6/22,163.90,165.72,163.79,165.62,5485900
2023/6/23,166.11,166.27,165.03,165.48,9450700
2023/6/26,164.98,164.98,161.33,163.63,6978800
2023/6/27,163.68,163.88,162.44,163.29,4927500
2023/6/28,163.20,163.20,161.91,162.96,6780400
2023/6/29,162.64,164.32,162.23,164.10,4547500
2023/6/30,164.86,165.94,164.35,165.52,7580000
2023/7/3,164.34,164.39,162.96,163.35,4033700
2023/7/4,164.34,164.39,162.96,163.35,4033700
2023/7/5,162.99,163.92,162.73,162.81,7224600
2023/7/6,162.25,162.37,161.00,161.60,6332500
2023/7/7,160.47,161.04,159.20,159.25,7022200
2023/7/10,159.43,160.30,159.00,159.51,5739200
2023/7/11,159.13,160.30,157.60,158.63,6606700
2023/7/12,158.94,158.94,157.88,158.08,6940400
2023/7/13,158.00,159.13,157.41,158.81,6401700
2023/7/14,159.18,160.23,158.98,159.87,5362200
2023/7/17,159.75,159.87,158.15,159.07,5486800
2023/7/18,159.07,160.89,158.19,159.06,6332500
2023/7/19,157.91,160.41,157.33,158.74,7522600
2023/7/20,161.94,169.14,161.30,168.38,21892900
2023/7/21,168.18,170.82,168.18,170.19,12080000
2023/7/24,171.50,173.82,170.99,171.08,15155400
2023/7/25,170.45,172.68,169.75,172.39,13790100
2023/7/26,172.00,173.85,171.40,172.72,14288200
2023/7/27,172.18,174.29,172.04,173.69,12446400
2023/7/28,174.00,175.36,173.23,174.48,14138800
2023/7/31,169.69,170.22,166.71,167.53,22632700
2023/8/1,166.37,169.09,166.06,168.89,15810300
2023/8/2,168.85,171.24,168.85,169.91,14595600
2023/8/3,169.95,171.32,169.67,170.64,17424800
2023/8/4,170.34,172.68,167.89,169.04,23415100
2023/8/7,169.49,173.34,169.36,173.10,17736400
2023/8/8,172.99,173.55,171.39,173.18,27378700
2023/8/9,173.00,174.25,172.05,173.07,42974400
2023/8/10,174.00,175.97,171.64,172.17,48213800
2023/8/11,172.48,173.95,171.62,173.85,45905600
2023/8/14,173.52,175.60,171.75,173.44,64036900
2023/8/15,172.80,174.56,172.14,172.94,88958100
2023/8/16,172.53,174.73,172.13,172.39,85832700
2023/8/17,172.86,175.39,172.76,174.01,70904200
2023/8/18,173.17,173.99,171.31,172.49,49631700
2023/8/21,169.69,169.85,165.96,167.35,151319500
2023/8/22,166.86,167.84,165.41,166.02,56834800
2023/8/23,165.90,166.50,163.47,164.53,119011400
2023/8/24,164.03,166.67,163.86,165.09,70755100
2023/8/25,164.30,167.78,164.06,166.25,18185500
2023/8/28,165.00,166.21,163.17,164.29,18458000
2023/8/29,164.87,165.68,162.77,164.31,12208600
2023/8/30,165.11,165.83,163.68,163.73,9939100
2023/8/31,163.37,163.57,161.28,161.68,15333000
2023/9/1,161.42,162.48,160.01,160.48,8610100
2023/9/4,161.42,162.48,160.01,160.48,8610100
2023/9/5,160.56,161.97,160.28,160.68,9019800
2023/9/6,159.84,160.00,157.35,158.01,9753800
2023/9/7,159.14,161.06,158.98,160.03,9931800
2023/9/8,159.59,160.68,159.19,160.56,6957000
2023/9/11,161.06,162.69,160.45,162.66,6309300
2023/9/12,162.22,163.93,161.53,163.58,6045800
2023/9/13,163.76,164.95,163.00,163.99,7397500
2023/9/14,164.68,165.27,163.44,163.74,7758400
2023/9/15,163.98,164.82,161.21,161.45,13392100
2023/9/18,162.12,163.15,160.75,162.47,5789000
2023/9/19,162.25,162.85,161.38,162.20,5550800
2023/9/20,162.19,163.54,161.66,162.91,3837400
2023/9/21,162.57,163.50,161.59,161.66,4526700
2023/9/22,161.30,161.40,160.25,160.50,4976700
2023/9/25,160.07,160.36,158.73,160.26,6722500
2023/9/26,159.81,160.08,158.86,159.02,4904800
2023/9/27,158.58,158.76,155.26,157.11,10211600
2023/9/28,157.50,157.96,156.22,156.88,7861900
2023/9/29,157.37,157.60,155.35,155.75,7680700
2023/10/2,155.42,155.42,153.32,155.15,7259700
2023/10/3,154.68,155.50,153.89,155.34,5740800
2023/10/4,155.57,155.93,154.57,155.52,4955200
2023/10/5,156.27,158.04,156.07,157.14,5993300
2023/10/6,157.08,158.30,156.59,157.64,5802200
2023/10/9,157.18,158.88,157.09,158.54,4414100
2023/10/10,158.38,159.27,157.90,158.36,5273500
2023/10/11,158.46,159.05,156.04,156.18,6922900
2023/10/12,155.92,156.56,155.07,156.33,5792400
2023/10/13,156.73,157.36,156.05,156.85,5359800
2023/10/16,157.82,158.25,156.84,157.53,6408100
2023/10/17,155.98,158.95,154.61,156.09,12244400
2023/10/18,155.41,155.95,152.05,152.73,9097300
2023/10/19,151.67,153.11,150.15,152.32,7733800
2023/10/20,152.74,153.87,152.33,153.00,7207000
2023/10/23,152.86,153.50,151.21,151.39,5874000
2023/10/24,150.75,151.96,150.13,151.23,6155300
2023/10/25,151.24,152.17,150.23,151.57,5880800
2023/10/26,151.97,151.97,148.88,149.00,7612500
2023/10/27,148.49,148.66,144.95,145.60,11385800
2023/10/30,146.09,147.24,146.00,147.03,8205300
2023/10/31,147.54,148.54,146.64,148.34,7576900
2023/11/1,149.19,149.76,148.46,148.69,5733000
2023/11/2,147.71,150.40,147.54,150.24,5349100
2023/11/3,151.21,152.27,150.15,151.34,4926800
2023/11/6,151.78,152.43,151.37,151.70,4851400
2023/11/7,151.93,152.25,150.68,150.90,4840400
2023/11/8,151.35,151.83,150.34,150.35,5460000
2023/11/9,150.50,150.50,147.26,147.42,6973600
2023/11/10,148.25,148.50,145.64,147.25,6930700
2023/11/13,147.25,147.90,146.65,147.63,5889300
2023/11/14,147.64,148.54,146.97,147.66,6713600
2023/11/15,147.35,149.42,147.27,148.80,6729100
2023/11/16,149.50,150.17,148.64,150.10,6875600
2023/11/17,150.55,150.79,149.07,149.79,7023300
2023/11/20,147.91,150.40,147.54,149.91,8851700
2023/11/21,150.10,151.29,149.61,151.12,5916300
2023/11/22,151.63,152.04,150.39,150.82,4633500
2023/11/23,151.63,152.04,150.39,150.82,4633500
2023/11/24,150.86,152.68,150.86,152.50,3351400
2023/11/27,152.29,152.32,150.97,151.28,6449700
2023/11/28,151.40,151.81,150.84,151.63,5909000
2023/11/29,151.33,152.20,151.07,152.11,5190000
2023/11/30,152.26,155.14,151.92,154.66,12481900
2023/12/1,156.44,158.46,155.47,158.38,10342900
2023/12/4,158.00,160.02,158.00,158.88,8920300
2023/12/5,158.80,159.63,158.22,158.55,7268200
2023/12/6,158.52,158.66,156.17,156.62,6642900
2023/12/7,156.58,156.58,154.71,155.40,6532400
2023/12/8,155.42,155.85,153.84,154.42,6254700
2023/12/11,154.50,155.48,154.35,155.06,6090400
2023/12/12,155.00,155.32,153.65,155.07,5324400
2023/12/13,153.66,155.94,151.77,155.79,10764600
2023/12/14,156.47,157.16,155.05,156.87,9240700
2023/12/15,155.49,156.69,153.76,155.16,21727800
2023/12/18,155.21,156.44,154.76,155.44,7231400
2023/12/19,155.30,156.50,154.94,156.46,6651500
2023/12/20,156.54,156.66,153.11,153.27,7008300
2023/12/21,153.69,155.13,153.30,154.84,4598600
2023/12/22,155.25,156.53,155.02,155.46,3798900
2023/12/25,155.25,156.53,155.02,155.46,3798900
2023/12/26,155.00,156.35,154.85,156.14,4170000
2023/12/27,155.50,156.52,155.42,156.35,5288100
2023/12/28,156.00,157.24,155.99,156.58,4377500
2023/12/29,156.51,156.90,155.98,156.74,4313700
2024/1/1,156.51,156.90,155.98,156.74,4313700
2024/1/2,156.93,161.64,156.79,159.97,9622100
2024/1/3,160.64,161.44,159.80,160.97,8232000
2024/1/4,161.59,161.98,160.42,160.63,6766600
2024/1/5,160.50,161.34,159.47,161.13,5602500
2024/1/8,161.10,161.66,159.61,161.53,6569800
2024/1/9,161.63,163.28,160.60,161.63,6357000
2024/1/10,161.82,162.62,161.20,161.87,4945100
2024/1/11,162.07,162.20,160.78,161.15,4946000
2024/1/12,161.84,162.47,161.69,162.39,4496900
2024/1/15,161.84,162.47,161.69,162.39,4496900
2024/1/16,161.57,162.25,160.18,160.52,6923200
2024/1/17,160.25,161.30,159.87,160.43,5072100
2024/1/18,160.00,161.37,159.69,161.21,5368500
2024/1/19,161.15,161.92,160.28,161.68,7071300
2024/1/22,162.00,163.58,161.34,162.47,6824200
2024/1/23,159.66,160.51,156.91,159.81,9149800
2024/1/24,159.75,160.60,158.16,158.96,7247900
2024/1/25,159.00,159.62,158.47,159.56,5478900
2024/1/26,160.43,160.74,159.36,159.50,5591900
2024/1/29,159.01,160.07,158.96,159.36,6483200
2024/1/30,159.35,159.76,158.13,158.77,7200500
2024/1/31,160.40,160.62,158.67,158.90,8256800
2024/2/1,158.16,158.49,157.05,158.36,8012000
2024/2/2,157.97,158.31,155.94,156.61,8295900
2024/2/5,156.61,156.89,155.34,155.80,9121600
2024/2/6,155.83,158.73,155.60,158.06,9229900
2024/2/7,157.80,159.37,157.69,157.98,8690300
2024/2/8,157.34,157.34,155.31,156.40,9755000
2024/2/9,156.27,157.20,155.67,156.76,6529200
2024/2/12,156.58,158.41,156.35,157.85,6701500
2024/2/13,157.64,158.45,155.75,156.47,8621000
2024/2/14,156.35,156.46,154.84,155.74,9098800
2024/2/15,155.98,158.48,155.89,157.92,7462500
2024/2/16,156.60,157.26,155.67,156.55,8541000
2024/2/19,156.60,157.26,155.67,156.55,8541000
2024/2/20,156.56,158.61,156.44,157.86,9501700
2024/2/21,158.02,158.69,157.13,158.68,7472500
2024/2/22,158.98,160.74,157.77,160.45,8065000
2024/2/23,160.88,162.25,160.16,161.84,6726000
2024/2/26,161.80,162.01,160.57,160.79,5465400
2024/2/27,160.34,161.04,159.64,160.98,5078600
2024/2/28,161.00,161.61,160.29,161.55,6071100
2024/2/29,162.00,162.19,160.94,161.38,9849100
2024/3/1,161.83,162.57,161.09,162.12,5670100
2024/3/4,161.32,161.61,158.27,159.84,8532900
2024/3/5,160.62,161.24,159.20,159.97,8298200
2024/3/6,159.46,160.93,159.22,159.34,5773700
2024/3/7,160.00,160.36,158.24,158.87,5188700
2024/3/8,158.87,160.39,158.43,159.52,5284000
2024/3/11,159.49,161.32,158.88,161.23,4620800
2024/3/12,161.58,163.11,161.13,162.74,8018700
2024/3/13,162.53,162.68,159.81,161.10,6260000
2024/3/14,160.94,161.54,158.69,159.21,6988300
2024/3/15,158.06,159.19,157.10,158.18,13165500
2024/3/18,158.57,158.69,156.50,156.76,6602300
2024/3/19,156.67,156.86,155.66,156.21,7840600
2024/3/20,155.70,156.44,155.21,155.76,5982300
2024/3/21,155.59,156.95,155.10,155.75,5915800
2024/3/22,155.69,156.36,155.11,155.23,7248600
2024/3/25,155.40,155.98,154.90,155.22,7498100
2024/3/26,155.61,156.23,154.76,155.77,6864100
2024/3/27,155.99,158.22,155.44,157.96,8461600
2024/3/28,158.20,159.14,158.11,158.19,6181500
2024/3/29,158.20,159.14,158.11,158.19,6181500
2024/4/1,157.72,158.15,156.77,157.78,4364700
2024/4/2,156.57,157.83,155.95,157.73,6102300
2024/4/3,157.79,158.05,154.25,154.26,8098200
2024/4/4,155.31,155.50,152.41,152.50,6947400
2024/4/5,152.03,153.01,151.61,152.39,6783000
2024/4/8,151.99,153.04,151.56,151.59,5935400
2024/4/9,151.55,152.53,150.94,152.29,6135300
2024/4/10,151.53,151.82,149.76,150.20,6809500
2024/4/11,150.80,150.87,148.39,148.79,8374400
2024/4/12,148.06,149.07,147.15,147.52,7100200
2024/4/15,148.37,149.49,147.37,147.59,8502300
2024/4/16,145.01,146.25,143.39,144.45,12774900
2024/4/17,145.00,145.41,143.54,144.77,9378100
2024/4/18,144.98,145.80,143.13,145.74,9887700
2024/4/19,146.15,148.13,144.54,147.91,9750800
2024/4/22,148.51,150.27,147.30,149.12,10118700
2024/4/23,149.86,150.49,148.20,149.56,10110400
2024/4/24,148.14,148.99,146.86,148.53,9756300
2024/4/25,149.37,149.58,146.33,146.82,7642700
2024/4/26,146.70,147.18,145.95,146.14,6183000
2024/4/29,146.14,147.22,145.99,146.82,6149600
2024/4/30,146.88,146.88,144.53,144.59,8817700
2024/5/1,148.74,151.85,147.62,151.18,14470900
2024/5/2,152.04,152.33,149.14,149.92,8459800
2024/5/3,149.89,149.89,147.82,149.27,6532700
2024/5/6,149.87,150.05,147.91,148.58,5042800
2024/5/7,149.38,149.73,148.45,148.72,7333500
2024/5/8,149.12,149.73,148.70,148.95,7735100
2024/5/9,148.98,150.10,148.89,149.85,6546200
2024/5/10,150.00,150.09,149.19,149.91,5710600
2024/5/13,150.04,152.00,149.71,151.22,5628500
2024/5/14,151.85,152.21,150.70,151.38,8254200
2024/5/15,151.82,152.95,151.30,152.67,5548000
2024/5/16,153.00,154.38,152.33,154.28,7591000
2024/5/17,154.86,154.86,153.71,154.64,6521800
2024/5/20,153.10,153.39,151.26,151.27,7742300
2024/5/21,151.78,152.59,150.79,151.24,5492400
2024/5/22,150.84,154.08,150.32,153.50,6609800
2024/5/23,152.75,152.84,149.38,149.70,8000400
2024/5/24,149.53,149.81,146.76,146.97,9520600
2024/5/27,149.53,149.81,146.76,146.97,9520600
2024/5/28,146.79,146.79,144.15,144.38,10499800
2024/5/29,143.82,145.42,143.71,144.44,8263800
2024/5/30,144.62,145.61,144.02,145.28,8490300
2024/5/31,145.57,147.48,145.19,146.67,14621200
2024/6/3,147.25,148.90,146.77,147.74,7329200
2024/6/4,147.48,148.31,146.19,147.80,8876400
2024/6/5,147.97,147.99,145.85,145.97,5891300
2024/6/6,145.50,147.00,144.66,146.42,5016300
2024/6/7,146.68,148.30,146.34,147.08,5111600
2024/6/10,146.53,147.56,145.60,147.13,5749900
2024/6/11,146.81,147.16,145.44,146.76,5661200
2024/6/12,147.06,147.21,144.78,145.41,6180500
2024/6/13,145.07,146.00,143.88,145.45,6840400
2024/6/14,145.14,145.97,144.48,145.54,4075300
2024/6/17,145.02,146.43,144.74,145.95,6666600
2024/6/18,145.96,146.39,145.26,145.65,6156600
2024/6/19,145.96,146.39,145.26,145.65,6156600
2024/6/20,145.27,148.08,145.01,147.78,8749700
2024/6/21,147.89,149.08,147.37,148.75,15172300
2024/6/24,149.00,149.72,148.17,149.12,6914700
2024/6/25,149.18,149.20,146.94,147.19,5912500
2024/6/26,146.20,147.19,145.78,146.82,5267800
2024/6/27,146.80,147.36,144.84,145.80,5739200
2024/6/28,146.04,147.07,145.65,146.16,10495700
2024/7/1,146.07,148.70,145.62,146.44,5144400
2024/7/2,146.43,147.15,145.74,146.03,5492000
2024/7/3,146.20,146.65,144.74,145.69,3246200
2024/7/4,146.20,146.65,144.74,145.69,3246200
2024/7/5,145.77,146.55,144.50,146.48,4888500
2024/7/8,146.40,147.22,145.25,145.48,5260200
2024/7/9,145.67,147.13,145.18,147.05,5890400
2024/7/10,147.26,149.47,146.68,149.43,6093200
2024/7/11,149.58,150.58,148.64,149.70,6350400
2024/7/12,150.00,150.88,149.24,149.88,5336400
2024/7/15,150.08,150.25,148.87,149.24,6711400
2024/7/16,149.69,151.08,149.16,151.01,6469600
2024/7/17,151.55,157.49,151.42,156.58,13801400
2024/7/18,155.60,157.07,154.62,155.42,10166200
2024/7/19,156.51,156.51,154.12,154.69,7398000
2024/7/22,154.77,155.11,153.59,154.24,6840600
2024/7/23,153.31,153.50,151.57,152.35,6261900
2024/7/24,152.76,156.41,152.33,156.28,7168200
2024/7/25,156.48,160.58,156.00,159.64,10019600
2024/7/26,159.75,161.58,159.47,160.64,8356900
2024/7/29,159.97,160.00,158.05,158.56,5625000
2024/7/30,158.54,161.55,158.36,161.33,6545700
2024/7/31,159.85,160.35,157.74,157.85,8293200
2024/8/1,158.48,160.81,157.71,160.76,7213400
2024/8/2,161.90,164.85,161.00,164.14,11280400
2024/8/5,163.79,165.78,160.58,161.25,12032200
2024/8/6,161.05,161.48,158.94,158.97,7607100
2024/8/7,158.87,160.62,158.19,158.90,5993000
2024/8/8,158.57,160.70,158.03,160.22,5094800
2024/8/9,160.12,160.93,159.34,160.62,4579200
2024/8/12,160.97,161.70,158.71,159.88,7605400
2024/8/13,160.27,160.37,156.44,158.39,9711400
2024/8/14,157.83,159.55,157.40,158.48,5141200
2024/8/15,158.37,159.50,157.84,159.09,7237800
2024/8/16,159.14,159.94,158.18,159.39,5012800
2024/8/19,159.46,160.29,159.13,159.63,4408400
2024/8/20,160.00,160.93,159.67,160.16,7275100
2024/8/21,160.40,161.48,160.31,161.43,5019400
2024/8/22,162.00,162.49,160.79,162.35,6552100
2024/8/23,162.50,164.22,161.70,164.13,7093400
2024/8/26,164.17,165.71,163.54,164.61,6870600
2024/8/27,163.50,164.04,162.16,162.95,4388700
2024/8/28,163.00,165.00,162.71,163.92,5187000
2024/8/29,164.63,164.72,163.36,164.23,7390100
2024/8/30,164.12,165.98,163.81,165.86,7971000
2024/9/2,164.12,165.98,163.81,165.86,7971000
2024/9/3,165.24,167.81,164.77,167.16,6956500
2024/9/4,167.81,168.85,166.04,167.36,6939100
2024/9/5,167.20,167.37,164.83,164.99,4600400
2024/9/6,165.18,165.94,164.12,164.38,6016900
2024/9/9,164.84,167.41,164.47,166.61,7538200
2024/9/10,167.50,168.46,166.75,167.38,6559600
2024/9/11,166.79,166.79,164.09,164.82,5920200
2024/9/12,164.20,165.10,162.71,164.64,4540900
2024/9/13,164.74,165.75,163.82,165.52,3693400
2024/9/16,166.36,167.25,165.78,166.99,5187800
2024/9/17,166.24,167.72,165.93,167.07,5066500
2024/9/18,166.63,168.35,165.74,166.15,4722800
2024/9/19,166.23,166.37,164.42,164.82,4956100
2024/9/20,164.30,164.87,163.55,164.16,11839000
2024/9/23,164.40,164.50,162.72,163.22,4671600
2024/9/24,162.79,163.49,161.55,162.78,6041600
2024/9/25,163.00,163.32,160.36,160.60,5420000
2024/9/26,160.24,161.54,160.02,161.39,6122000
2024/9/27,162.00,163.43,161.34,161.40,7553800
2024/9/30,161.57,162.18,160.68,162.06,6010000
2024/10/1,162.43,162.75,161.18,161.99,4408000
2024/10/2,161.51,162.12,160.65,161.17,4684400
2024/10/3,160.78,161.44,160.22,160.50,4791200
2024/10/4,159.63,160.50,158.78,160.29,5331100
2024/10/7,160.25,160.86,159.22,159.53,4266000
2024/10/8,159.49,160.25,158.95,159.69,4766300
2024/10/9,159.92,161.22,159.51,160.65,6047200
2024/10/10,161.36,161.39,160.00,160.51,4793900
2024/10/11,162.18,162.66,161.20,161.46,5253500
2024/10/14,161.40,162.14,160.90,161.60,5964000
2024/10/15,160.00,166.75,159.00,164.10,10548000
2024/10/16,164.00,164.99,162.64,164.28,5982100
2024/10/17,164.26,165.00,163.63,164.47,4798000
2024/10/18,164.89,165.29,163.93,165.12,5908000
2024/10/21,165.10,165.25,162.31,162.83,6082700
2024/10/22,162.32,163.73,161.90,163.45,5680300
2024/10/23,162.82,166.00,162.42,165.86,7441600
2024/10/24,165.00,165.51,163.34,163.67,5386300
2024/10/25,163.68,163.92,160.61,160.88,6400400
2024/10/28,161.13,161.97,161.00,161.60,4842500
2024/10/29,161.46,162.17,160.06,160.09,5216900
2024/10/30,159.45,161.28,159.03,160.61,5820500
2024/10/31,159.99,160.87,159.46,159.86,8613900
2024/11/1,160.58,161.06,159.88,160.13,5256400
2024/11/4,159.70,160.28,158.07,158.24,4644000
2024/11/5,157.67,158.59,156.35,158.35,6547100
2024/11/6,159.90,160.85,157.35,157.88,8926600
2024/11/7,158.47,158.75,156.51,156.73,7522800
2024/11/8,157.00,157.08,155.41,155.47,8926100
2024/11/11,155.62,157.58,154.91,155.04,7146800
2024/11/12,154.53,155.04,152.37,152.64,7181400
2024/11/13,152.50,153.51,151.42,153.24,7161900
2024/11/14,153.18,153.59,150.76,151.87,7716400
2024/11/15,150.90,154.43,150.90,154.00,11328500
2024/11/18,152.59,155.33,152.33,154.77,7510600
2024/11/19,153.95,153.99,152.05,153.00,8233700
2024/11/20,153.03,153.25,151.81,153.11,9061300
2024/11/21,153.62,156.06,152.81,155.50,10141100
2024/11/22,155.90,157.12,154.11,155.17,8266000
2024/11/25,155.17,157.04,155.14,155.78,12256200
2024/11/26,155.16,155.25,153.16,154.52,5683500
2024/11/27,154.63,156.63,154.60,155.40,4140400
2024/11/28,154.63,156.63,154.60,155.40,4140400
2024/11/29,154.89,155.67,154.17,155.01,5687800
2024/12/2,154.75,155.00,153.93,154.80,6946500
2024/12/3,154.80,154.80,152.31,152.36,8674400
2024/12/4,151.29,151.56,149.75,150.47,10333100
2024/12/5,150.00,150.38,148.95,149.52,7898100
2024/12/6,149.39,150.05,148.38,149.31,8389600
2024/12/9,149.29,150.89,148.44,149.60,8410300
2024/12/10,149.93,150.83,148.33,149.23,9398700
2024/12/11,148.50,148.50,146.37,146.64,13446700
2024/12/12,147.20,147.77,146.01,146.24,6176300
2024/12/13,145.66,146.93,145.04,146.62,8324900
2024/12/16,146.73,147.25,143.52,143.85,8732400
2024/12/17,143.84,146.66,143.71,146.41,10343000
2024/12/18,145.68,146.74,144.67,144.75,9336100
2024/12/19,144.14,145.22,143.37,143.58,9516700
2024/12/20,143.05,145.47,142.75,144.47,17702800
2024/12/23,144.63,145.33,143.45,145.27,8720800
2024/12/24,145.00,145.85,144.33,145.85,3164100
2024/12/25,145.00,145.85,144.33,145.85,3164100
2024/12/26,145.51,146.37,145.09,145.58,4656300
2024/12/27,144.87,146.60,144.68,145.05,5588300
2024/12/30,144.84,144.88,142.95,143.34,6268700
2024/12/31,143.76,144.67,143.31,144.62,5811400
2025/1/1,143.76,144.67,143.31,144.62,5811400
2025/1/2,145.23,145.77,143.78,144.02,6051300
2025/1/3,144.07,144.57,143.62,144.19,5878800
2025/1/6,143.51,144.82,142.93,143.66,7910500
2025/1/7,143.76,147.18,143.59,146.23,8422000
2025/1/8,145.49,145.59,141.44,142.27,11175600
2025/1/9,145.49,145.59,141.44,142.27,11175600
2025/1/10,141.00,143.67,140.68,142.06,8821500
2025/1/13,142.98,145.07,142.31,144.47,10376400
2025/1/14,144.50,144.81,142.86,144.75,8681700
2025/1/15,145.31,146.05,144.26,144.97,7434600
2025/1/16,144.32,148.07,144.06,147.77,8964000
2025/1/17,147.44,148.38,146.61,147.03,10773100
2025/1/20,147.44,148.38,146.61,147.03,10773100
2025/1/21,147.56,148.86,147.05,148.15,11111700
2025/1/22,144.00,145.47,142.11,145.27,16834700
2025/1/23,145.44,147.91,144.81,146.64,10506400
2025/1/24,146.81,147.63,146.38,146.82,9887300
2025/1/27,148.45,153.45,148.00,152.89,15152300
2025/1/28,152.66,152.97,150.30,150.38,10320600
2025/1/29,150.50,151.88,150.00,151.15,7156400
2025/1/30,151.91,154.14,151.36,152.87,8911000
2025/1/31,152.62,153.18,152.06,152.15,8457800
2025/2/3,152.00,152.47,150.78,151.87,6687500
2025/2/4,151.36,154.18,150.95,153.49,9645000
2025/2/5,153.82,154.73,153.31,154.69,8947000
2025/2/6,154.79,154.84,153.38,153.51,7418100
2025/2/7,153.53,154.49,152.80,153.12,6204900
2025/2/10,153.61,154.37,152.29,154.24,6936200
2025/2/11,154.11,156.39,153.94,156.13,7554500
2025/2/12,155.27,155.66,154.27,155.26,7746000
2025/2/13,155.26,158.13,154.79,157.25,10704700
2025/2/14,157.29,157.47,156.06,156.15,6411800
2025/2/17,157.29,157.47,156.06,156.15,6411800
2025/2/18,154.14,155.45,153.24,154.99,9670700
2025/2/19,155.00,158.30,154.75,157.89,7974700
2025/2/20,156.95,159.95,156.95,159.68,7224000
2025/2/21,159.88,163.51,159.28,162.30,12546900
2025/2/24,162.68,164.87,162.05,163.74,10201900
2025/2/25,164.10,166.43,163.94,166.09,12303700
2025/2/26,165.08,165.13,162.56,163.08,11396400
2025/2/27,162.31,163.95,161.73,163.73,8364600
2025/2/28,164.31,165.94,162.70,165.02,12037200
2025/3/3,164.96,167.33,164.84,167.28,9191500
2025/3/4,168.08,169.99,165.32,165.42,11999700
2025/3/5,164.51,166.46,163.53,165.12,8744800
2025/3/6,165.00,165.87,163.51,165.83,8037900
2025/3/7,165.13,168.46,164.70,166.69,9637600
2025/3/10,167.48,169.90,167.05,167.70,17559000
2025/3/11,167.20,167.30,165.05,165.86,9890300
2025/3/12,163.73,164.21,162.23,162.85,8010700
2025/3/13,163.43,164.54,162.66,162.99,5286700
2025/3/14,162.12,163.15,161.10,162.81,6235800
2025/3/17,162.41,163.50,161.73,162.84,6669800
2025/3/18,163.44,164.86,162.97,164.25,7348800
2025/3/19,163.97,164.36,162.21,162.99,5936400
2025/3/20,163.00,163.20,161.93,163.02,7485900
2025/3/21,163.00,164.13,162.48,163.63,17047100
2025/3/24,162.84,164.39,162.50,163.29,8046400
2025/3/25,163.52,164.19,160.56,161.02,7456200
2025/3/26,161.21,162.49,160.64,161.72,7223500
2025/3/27,162.35,164.07,161.32,163.13,6752500
2025/3/28,163.59,164.52,162.91,163.71,5760300
2025/3/31,164.37,166.63,164.23,165.84,12481400
2025/4/1,160.73,161.81,153.13,153.25,23303100
2025/4/2,154.01,155.79,153.45,155.36,10356900
2025/4/3,158.75,160.65,157.48,159.82,13249300
2025/4/4,159.16,159.82,152.93,153.24,16601700
2025/4/7,151.28,152.71,147.40,150.62,18083000
2025/4/8,153.59,153.59,148.00,150.00,12018400
2025/4/9,142.20,153.19,141.50,150.97,18773700
2025/4/10,150.37,151.20,145.13,148.69,13830500
2025/4/11,149.33,152.35,148.19,151.73,9943900
2025/4/14,151.59,154.67,151.17,154.36,10685300
2025/4/15,155.70,156.30,152.10,153.62,10847700
2025/4/16,155.37,155.63,152.24,153.91,7986900
2025/4/17,154.16,159.44,154.16,157.47,10981100
2025/4/18,154.16,159.44,154.16,157.47,10981100
2025/4/21,157.96,158.23,155.49,156.92,6285400
2025/4/22,157.55,158.72,156.26,157.75,7136300
2025/4/23,156.49,157.10,154.33,155.38,9099400
2025/4/24,155.80,155.90,153.44,154.93,8310400
2025/4/25,154.32,154.90,152.45,154.58,8643600
2025/4/28,155.50,155.81,153.82,155.35,5815200
2025/4/29,155.45,157.02,154.29,155.91,5246700
2025/4/30,158.20,158.20,155.02,156.31,9598200
2025/5/1,155.00,155.09,153.36,154.46,7325800
2025/5/2,156.07,156.72,155.04,156.12,5974500
2025/5/5,156.67,156.79,154.73,155.00,5464100
2025/5/6,154.82,155.90,153.69,154.47,8644200
2025/5/7,154.74,157.94,154.50,157.30,7853100
2025/5/8,155.82,157.03,154.78,155.66,7606100
2025/5/9,155.42,156.06,153.81,154.22,6520400
2025/5/12,152.02,155.36,151.18,154.14,9023800
2025/5/13,151.70,151.70,148.08,148.44,10549600
2025/5/14,148.67,148.82,146.12,146.36,10216000
2025/5/15,148.00,149.65,147.33,149.61,7945800
2025/5/16,149.67,151.50,149.22,151.33,8051200
2025/5/19,151.89,152.66,151.05,152.49,12639900
2025/5/20,152.33,154.04,152.12,153.66,7351500
2025/5/21,153.19,154.43,153.00,153.18,7032200
2025/5/22,152.65,153.32,151.37,152.61,7535300
2025/5/23,153.00,153.48,152.21,152.94,6727300
2025/5/26,153.00,153.48,152.21,152.94,6727300
2025/5/27,152.52,154.04,151.93,153.25,6990700
2025/5/28,153.28,153.64,151.93,152.43,8459300
2025/5/29,151.75,154.04,151.56,153.58,6810600
2025/5/30,153.90,155.71,153.22,155.21,15529700
2025/6/2,154.48,155.54,152.30,155.40,6669300
2025/6/3,154.80,155.66,154.08,154.42,8209800
2025/6/4,154.93,154.93,153.13,153.22,6983900
2025/6/5,153.68,154.09,152.64,153.66,5295400
2025/6/6,154.00,156.03,154.00,155.03,5391500
2025/6/9,154.85,155.99,154.45,155.23,5319000
2025/6/10,155.43,157.44,155.02,156.45,6791600
2025/6/11,156.30,156.60,154.73,155.26,6016000
2025/6/12,156.24,156.68,155.17,156.66,7075500
2025/6/13,155.97,157.67,155.97,157.10,6587500
2025/6/16,156.42,156.50,154.45,155.22,7024000
2025/6/17,154.97,155.28,152.10,152.38,6407100
2025/6/18,152.57,152.65,150.71,150.73,8325200
2025/6/19,152.57,152.65,150.71,150.73,8325200
2025/6/20,151.26,151.40,149.04,149.79,22605500
2025/6/23,149.74,151.43,149.74,151.32,7397900
2025/6/24,151.50,152.72,150.98,152.19,9544200
2025/6/25,151.38,153.07,150.73,152.28,7153700
2025/6/26,152.70,153.22,151.53,152.01,7156900
2025/6/27,152.01,153.33,151.01,152.41,10010800
2025/6/30,152.16,152.97,151.52,152.75,9039300
2025/7/1,153.00,157.75,152.81,155.92,10896700
2025/7/2,156.00,156.30,155.07,155.56,5544000
2025/7/3,155.43,156.28,154.88,156.01,3482500
2025/7/4,155.43,156.28,154.88,156.01,3482500
2025/7/7,156.02,156.35,154.89,155.27,6270900
2025/7/8,154.48,156.76,154.21,155.79,6438200
2025/7/9,155.79,156.69,155.07,156.28,6147400
2025/7/10,156.10,159.24,155.82,157.69,6732900
2025/7/11,157.09,157.18,155.18,156.90,7872000
2025/7/14,156.87,157.47,155.52,156.82,10185600
2025/7/15,156.36,157.19,154.80,155.17,6873200
2025/7/16,160.30,166.12,159.80,164.78,22134800
2025/7/17,163.18,164.70,162.30,162.98,11295700
2025/7/18,163.93,165.10,163.36,163.70,9792600
2025/7/21,163.77,164.92,162.78,164.36,8254000
2025/7/22,165.00,168.06,164.71,167.93,9288000
2025/7/23,168.60,169.12,166.59,169.10,10617600
2025/7/24,169.50,169.99,168.88,169.56,6636900
2025/7/25,169.75,169.88,167.44,168.30,6254900
2025/7/28,167.86,167.94,165.05,166.22,8014600
2025/7/29,166.67,168.78,166.37,168.11,7663400
2025/7/30,167.70,168.61,166.78,167.26,6189200
2025/7/31,165.93,167.07,164.23,164.74,11036200
2025/8/1,165.48,167.62,164.79,167.33,8927800
2025/8/4,167.03,171.19,166.64,171.04,12679100
2025/8/5,170.54,171.56,169.65,170.74,7934400
2025/8/6,169.91,172.18,169.68,170.59,8957200
2025/8/7,171.17,171.62,169.92,171.53,9315900
2025/8/8,171.02,173.96,170.39,173.33,7686800
2025/8/11,173.40,174.60,173.05,173.82,7256800
2025/8/12,174.00,174.76,171.81,172.78,7916700
2025/8/13,173.00,174.54,172.70,174.42,5878700
2025/8/14,174.31,175.72,172.72,174.72,8241700
2025/8/15,175.57,177.27,174.96,176.64,9477600
2025/8/18,176.50,177.57,176.10,176.25,9284000
2025/8/19,176.04,178.18,175.98,177.80,9274200
2025/8/20,178.50,180.61,178.00,178.84,9030000
2025/8/21,178.55,180.08,178.16,178.93,8859600
2025/8/22,180.04,181.16,177.47,179.29,9524000
2025/8/25,179.52,180.26,178.29,178.41,6229100
2025/8/26,176.75,177.16,175.77,176.49,9145000
2025/8/27,176.97,177.69,176.16,176.79,5951100
2025/8/28,176.37,176.49,174.63,175.45,6424700
2025/8/29,175.97,177.41,175.45,177.17,6942300
2025/9/1,175.97,177.41,175.45,177.17,6942300
2025/9/2,177.47,179.20,176.89,178.06,9049000
2025/9/3,177.67,178.29,176.53,178.00,7111700
2025/9/4,178.00,178.90,177.55,178.76,7854800
2025/9/5,178.00,179.51,176.56,178.43,9733800
2025/9/8,177.36,179.45,176.70,178.13,8382500
2025/9/9,178.00,178.09,176.45,176.96,6005700
2025/9/10,176.30,176.61,174.33,175.79,6891600
2025/9/11,175.75,178.85,175.63,178.50,5792500
2025/9/12,177.71,178.80,176.72,178.06,7220200
2025/9/15,177.76,178.99,176.93,177.40,4768100
2025/9/16,177.57,177.62,175.65,176.46,7959300
2025/9/17,176.71,178.51,176.59,177.20,6714900
2025/9/18,176.60,177.02,173.87,174.16,8200900
2025/9/19,174.69,177.16,173.33,176.19,25621000
2025/9/22,176.09,176.64,174.12,174.21,7193900
2025/9/23,174.89,176.97,174.83,176.58,8350400
2025/9/24,176.14,176.95,175.74,176.69,6676800
2025/9/25,177.20,178.40,175.91,177.73,8475000
2025/9/26,178.60,179.91,177.32,179.71,8634400
2025/9/29,179.83,181.87,179.80,181.62,8597100
2025/9/30,181.70,185.99,181.07,185.42,11569000
2025/10/1,186.00,186.56,183.91,186.05,13063800
2025/10/2,184.19,186.59,184.09,185.98,7728100
2025/10/3,187.06,189.78,186.91,188.64,8675100
2025/10/6,188.00,189.92,187.37,188.16,5806100
2025/10/7,183.77,189.23,182.94,188.89,8776800
2025/10/8,188.87,190.22,188.27,189.69,5751200
2025/10/9,190.00,192.10,189.73,191.08,7484800
2025/10/10,192.01,192.07,189.85,190.72,9598000
2025/10/13,189.83,191.30,189.28,190.90,7979500
2025/10/14,192.92,194.40,185.88,190.85,13613300
2025/10/15,191.48,193.57,189.30,191.17,9473000
2025/10/16,191.34,193.05,190.43,192.12,10611800
2025/10/17,192.50,193.60,191.68,193.22,7764400
2025/10/20,193.50,194.48,192.33,193.72,8034700
2025/10/21,193.01,193.55,191.77,191.88,6716000
2025/10/22,192.00,193.45,191.78,192.94,6343100
2025/10/23,192.56,194.00,191.54,192.47,8882500
2025/10/24,192.20,192.31,189.42,190.40,6903400
2025/10/27,189.99,190.80,189.53,190.30,7126000
2025/10/28,189.26,189.51,186.62,186.93,8329500
2025/10/29,186.70,187.10,184.66,186.60,10551100
2025/10/30,187.08,189.38,186.91,189.05,7072500
2025/10/31,187.46,189.50,186.76,188.87,8791700
2025/11/3,189.00,189.03,185.52,186.26,7542600
2025/11/4,186.83,187.82,185.62,186.86,7209400
2025/11/5,186.64,187.83,185.40,186.00,5049400
2025/11/6,186.76,187.52,185.37,186.97,6767400
2025/11/7,187.74,188.35,185.70,186.57,6959200
2025/11/10,186.00,188.42,185.12,188.41,5323800
2025/11/11,189.39,193.92,189.05,193.83,7465600
2025/11/12,193.36,195.55,193.07,194.39,8803000
2025/11/13,194.21,196.00,193.45,195.25,8631600
2025/11/14,195.00,197.18,193.55,195.93,8824800
2025/11/17,196.96,200.28,195.90,199.58,13257000
2025/11/18,199.01,200.30,198.53,200.00,12468600
2025/11/19,200.00,203.48,199.38,202.51,14690800
2025/11/20,202.00,204.51,201.57,203.07,10612600
2025/11/21,203.96,206.94,202.99,203.90,13189100
2025/11/24,203.71,206.12,203.00,206.05,14803900
2025/11/25,205.18,207.72,205.18,206.67,10275300
2025/11/26,206.49,207.81,205.94,207.56,6729000
2025/11/27,206.49,207.81,205.94,207.56,6729000
2025/11/28,207.00,207.46,204.63,206.92,5638300
2025/12/1,206.50,207.70,205.34,205.34,8473700
2025/12/2,205.24,205.61,203.10,205.42,8393600
2025/12/3,205.90,207.02,204.99,205.33,8363300
2025/12/4,204.59,204.86,201.71,202.48,9049900
2025/12/5,202.98,203.45,200.81,201.93,7785300
2025/12/8,202.66,203.26,200.99,201.62,7785700
2025/12/9,202.92,205.54,199.91,199.96,7509400
2025/12/10,200.59,206.80,200.18,206.54,11599800
2025/12/11,207.90,211.24,207.83,210.01,9009000
2025/12/12,210.28,212.27,208.96,211.58,6922700
2025/12/15,210.35,215.19,209.01,214.17,8467000
2025/12/16,214.00,214.73,208.81,209.30,9949800
2025/12/17,209.39,211.52,208.46,210.33,8457600
2025/12/18,209.80,211.06,207.76,208.31,7499900
2025/12/19,207.56,209.24,206.03,206.37,24803900
2025/12/22,206.13,208.08,205.50,207.32,8187800
2025/12/23,205.02,206.53,203.28,205.78,7047300
2025/12/24,206.00,207.94,205.57,207.78,2376500
2025/12/25,206.00,207.94,205.57,207.78,2376500
2025/12/26,207.53,208.04,206.71,207.63,2316700
2025/12/29,208.00,209.47,207.38,207.56,4348900
2025/12/30,207.51,207.69,206.52,206.91,3937400
2025/12/31,206.91,207.50,206.37,206.95,4083800
2026/1/1,206.91,207.50,206.37,206.95,4083800
2026/1/2,206.82,207.39,203.68,207.35,6325500
2026/1/5,205.87,205.94,200.91,204.31,9477000
2026/1/6,204.60,206.71,204.12,204.79,8107900
2026/1/7,205.26,208.26,205.03,207.49,7545900
2026/1/8,206.93,208.98,204.97,205.75,6557800
2026/1/9,205.91,206.70,204.01,204.39,6154300
2026/1/12,205.55,209.90,203.85,209.72,11794300
2026/1/13,209.91,214.39,208.86,213.65,11379600
2026/1/14,214.73,218.86,214.15,218.55,11858800
2026/1/15,218.23,219.75,215.91,219.57,8492100
2026/1/16,219.04,220.11,218.14,218.66,10021500
2026/1/19,219.04,220.11,218.14,218.66,10021500
2026/1/20,217.09,218.73,214.50,218.21,14057100
2026/1/21,211.00,218.68,210.50,218.01,14762900
2026/1/22,218.77,222.17,218.10,218.49,13160000
2026/1/23,219.80,221.21,217.84,220.14,6950600
2026/1/26,220.21,222.03,220.00,221.49,6856700
2026/1/27,222.00,225.50,220.70,224.44,8154100
2026/1/28,226.40,228.57,226.08,227.72,9026500
2026/1/29,228.81,230.00,227.08,227.29,9645300
2026/1/30,228.26,228.50,225.33,227.25,11045500
2026/2/2,228.32,231.19,227.25,230.75,8187500
2026/2/3,231.50,235.20,230.48,233.10,9346600
2026/2/4,235.00,235.83,232.94,234.47,8641400
2026/2/5,235.00,239.58,234.99,237.79,10267500
2026/2/6,238.96,240.94,237.98,239.99,8274000
2026/2/9,240.25,240.74,237.04,238.64,9378500
2026/2/10,239.98,240.50,237.88,238.35,6723300
2026/2/11,239.34,241.26,237.40,240.86,6803900
2026/2/12,240.48,246.35,239.68,244.55,10254300
2026/2/13,244.59,244.95,242.61,243.45,13268500
2026/2/16,244.59,244.95,242.61,243.45,13268500
2026/2/17,244.13,244.49,241.87,243.33,12703000
2026/2/18,243.24,245.07,242.82,244.99,8129700
2026/2/19,244.62,246.96,244.27,246.91,7553900
2026/2/20,246.47,246.88,240.28,242.49,13565800
2026/2/23,243.63,246.81,242.60,245.84,9622700
2026/2/24,245.35,247.25,244.54,246.28,7246300
2026/2/25,244.86,247.25,243.72,245.17,7698200
2026/2/26,245.11,245.47,242.02,243.47,7172600
2026/2/27,244.03,248.94,242.50,248.43,16428600
2026/3/2,249.19,251.71,246.87,248.56,9042400
2026/3/3,246.46,247.88,244.36,246.75,6178700
2026/3/4,245.75,246.57,243.18,245.30,5768000
2026/3/5,242.63,243.00,235.93,239.63,9375400
2026/3/6,238.12,240.79,235.43,240.40,7178800
2026/3/9,238.12,240.79,235.43,240.40,7178800
