date,open,high,low,close,volume
2013/1/1,87.42,88.25,86.81,88.21,6236600
2013/1/2,89.40,90.35,89.33,90.12,7377200
2013/1/3,90.31,90.70,90.16,90.63,5473500
2013/1/4,90.62,90.79,89.67,89.85,5374100
2013/1/7,89.77,91.05,89.25,90.91,5820900
2013/1/8,90.54,90.96,89.97,90.94,6285200
2013/1/9,90.80,91.24,90.36,90.81,4822100
2013/1/10,91.35,91.64,91.03,91.40,4393300
2013/1/11,91.94,91.98,91.05,91.73,3692600
2013/1/14,91.76,92.12,91.43,91.53,3828100
2013/1/15,91.11,91.63,90.86,91.51,3910400
2013/1/16,91.13,91.32,90.91,91.10,2925800
2013/1/17,91.45,92.10,91.31,91.76,4044600
2013/1/18,92.07,92.30,91.85,92.26,5579900
2013/1/21,92.07,92.30,91.85,92.26,5579900
2013/1/22,92.15,93.33,91.81,92.95,6967300
2013/1/23,93.45,93.75,92.25,93.48,9368000
2013/1/24,93.58,93.60,93.02,93.31,5157200
2013/1/25,93.31,93.94,93.28,93.72,5461600
2013/1/28,93.94,94.58,93.64,94.36,4564600
2013/1/29,94.15,94.99,94.05,94.92,4929700
2013/1/30,94.88,95.10,94.43,94.67,4657600
2013/1/31,94.60,95.29,94.46,95.29,5740500
2013/2/1,95.58,96.32,95.50,95.95,5481100
2013/2/4,95.40,95.79,94.50,94.60,5933300
2013/2/5,94.59,95.54,94.51,94.91,4952800
2013/2/6,94.49,95.33,94.41,95.07,4482700
2013/2/7,95.03,95.06,94.07,94.63,5619600
2013/2/8,94.39,95.48,94.36,94.87,5331600
2013/2/11,94.75,95.31,94.60,95.17,3557600
2013/2/12,95.05,95.34,94.81,95.10,4526900
2013/2/13,94.64,94.75,93.48,94.00,6663100
2013/2/14,93.86,93.89,93.19,93.56,5360900
2013/2/15,93.81,94.31,93.21,93.90,5094100
2013/2/18,93.81,94.31,93.21,93.90,5094100
2013/2/19,94.14,94.49,93.77,93.85,4401900
2013/2/20,93.93,94.48,93.75,93.91,4023800
2013/2/21,93.44,94.45,93.30,94.14,4424600
2013/2/22,94.27,95.25,93.85,95.25,4421300
2013/2/25,95.38,96.78,95.26,96.14,9028000
2013/2/26,96.35,96.57,96.05,96.22,6451100
2013/2/27,95.36,95.95,95.11,95.73,4326800
2013/2/28,95.71,96.22,95.51,95.90,3967600
2013/3/1,95.68,95.82,94.96,95.68,3823200
2013/3/4,95.60,95.67,94.87,95.07,4636900
2013/3/5,95.54,96.10,95.33,95.81,5643000
2013/3/6,95.95,96.82,95.93,96.81,5052000
2013/3/7,96.64,97.16,96.64,97.09,4566400
2013/3/8,98.13,98.95,98.03,98.71,8838100
2013/3/11,98.46,98.89,98.28,98.89,4853400
2013/3/12,98.86,98.87,98.53,98.76,3856000
2013/3/13,98.74,99.47,98.54,99.38,3896600
2013/3/14,99.36,99.38,98.90,99.31,3649900
2013/3/15,98.97,99.70,98.82,99.67,6388000
2013/3/18,98.95,99.34,98.21,98.57,3934500
2013/3/19,98.78,98.99,98.20,98.40,4648500
2013/3/20,98.59,98.90,98.59,98.77,3534900
2013/3/21,98.50,98.88,98.42,98.53,3523400
2013/3/22,98.52,99.62,98.52,99.27,4160000
2013/3/25,99.46,99.60,98.12,98.24,4932500
2013/3/26,98.35,98.67,98.26,98.50,4434000
2013/3/27,98.19,99.29,98.18,98.90,4401700
2013/3/28,98.88,99.78,98.67,99.69,3954700
2013/3/29,98.88,99.78,98.67,99.69,3954700
2013/4/1,99.41,99.68,98.85,99.05,3155800
2013/4/2,99.40,100.42,99.03,100.26,5136800
2013/4/3,100.21,100.50,99.06,99.25,4454400
2013/4/4,99.54,100.81,99.53,100.63,5860600
2013/4/5,100.17,101.47,99.81,101.42,5693000
2013/4/8,101.08,101.50,100.85,101.50,4163600
2013/4/9,101.50,101.50,100.57,101.06,3690400
2013/4/10,101.12,101.74,101.01,101.49,3159400
2013/4/11,101.34,102.47,101.34,101.99,4049400
2013/4/12,101.50,103.70,101.50,103.59,5714000
2013/4/15,103.14,103.44,102.13,102.15,5643600
2013/4/16,102.40,103.05,102.02,103.04,3199300
2013/4/17,102.56,103.11,102.00,102.54,4191500
2013/4/18,102.08,102.23,100.10,101.91,5696900
2013/4/19,100.58,101.44,99.45,99.92,8227700
2013/4/22,99.35,99.66,98.38,99.32,5620500
2013/4/23,99.27,100.24,99.21,99.76,5753500
2013/4/24,100.09,101.24,100.09,101.02,4593000
2013/4/25,101.27,101.63,100.85,100.94,3529400
2013/4/26,100.83,100.99,100.40,100.89,3113600
2013/4/29,101.56,102.52,101.15,102.18,3417700
2013/4/30,102.27,102.36,101.56,102.14,4205200
2013/5/1,101.98,102.44,101.33,101.38,2720100
2013/5/2,101.46,102.34,101.12,102.06,3821100
2013/5/3,102.92,103.34,102.55,102.92,4109400
2013/5/6,102.76,102.80,102.05,102.07,3314200
2013/5/7,102.09,102.52,101.79,102.29,4304200
2013/5/8,102.28,102.28,100.76,100.95,5228800
2013/5/9,100.78,101.23,99.46,99.69,10628500
2013/5/10,99.95,100.20,99.40,100.20,5036900
2013/5/13,100.02,100.70,99.80,100.38,3154100
2013/5/14,100.48,101.49,100.44,101.20,3810800
2013/5/15,101.30,102.03,101.30,101.95,3402600
2013/5/16,101.58,101.78,100.84,101.12,4251800
2013/5/17,101.10,101.90,100.80,101.54,4015300
2013/5/20,101.24,101.94,101.24,101.54,2233100
2013/5/21,101.65,102.62,101.42,102.14,4078600
2013/5/22,102.18,102.40,101.41,101.74,4648200
2013/5/23,101.14,101.51,100.35,101.03,13743100
2013/5/24,100.66,100.66,99.73,100.29,13161000
2013/5/27,100.66,100.66,99.73,100.29,13161000
2013/5/28,101.06,101.94,100.88,101.24,14083800
2013/5/29,100.64,100.64,98.28,99.05,8770700
2013/5/30,98.42,98.59,96.79,97.07,8028900
2013/5/31,96.89,97.71,96.56,96.57,5443400
2013/6/3,96.77,97.99,96.57,97.96,4224000
2013/6/4,98.01,98.68,97.64,98.37,4902300
2013/6/5,98.13,98.16,96.12,96.42,5394800
2013/6/6,96.39,96.83,95.16,96.68,5817300
2013/6/7,97.06,98.69,97.00,98.28,5036800
2013/6/10,99.80,100.18,99.12,99.53,5718400
2013/6/11,99.02,99.49,98.07,98.23,4812800
2013/6/12,98.74,99.10,98.07,98.24,4485200
2013/6/13,98.10,99.07,97.87,98.88,2927800
2013/6/14,98.83,99.42,98.23,98.42,3351100
2013/6/17,99.30,99.69,98.30,98.74,4884800
2013/6/18,98.98,100.04,98.95,99.75,3340100
2013/6/19,99.71,100.07,98.53,98.81,3518200
2013/6/20,98.37,98.68,96.62,96.79,5550100
2013/6/21,97.36,97.75,96.89,97.23,7227000
2013/6/24,96.54,97.71,96.02,97.29,4244500
2013/6/25,97.91,97.99,97.14,97.52,3211300
2013/6/26,98.36,99.14,98.04,98.84,3585500
2013/6/27,99.45,99.82,99.13,99.65,4497100
2013/6/28,99.51,100.11,98.93,99.00,5386400
2013/7/1,99.35,100.30,99.26,99.82,4053500
2013/7/2,99.82,100.50,99.39,99.93,3850500
2013/7/3,99.95,100.56,99.71,100.35,1676300
2013/7/4,99.95,100.56,99.71,100.35,1676300
2013/7/5,100.69,100.84,99.25,99.86,3933900
2013/7/8,100.28,100.50,99.55,99.88,4064300
2013/7/9,100.24,100.37,99.20,99.99,4120100
2013/7/10,100.15,100.36,99.40,99.98,3532400
2013/7/11,100.75,100.96,99.76,100.79,4064100
2013/7/12,100.59,101.81,100.50,101.58,4766800
2013/7/15,101.60,101.73,100.70,100.75,4480700
2013/7/16,100.18,101.12,99.47,100.88,4406200
2013/7/17,100.05,100.35,99.30,100.10,5377400
2013/7/18,100.48,100.77,99.99,100.18,3401600
2013/7/19,100.20,100.41,99.53,100.27,4508300
2013/7/22,97.75,97.93,97.06,97.58,13209600
2013/7/23,97.55,97.72,96.68,96.76,6989300
2013/7/24,97.21,97.40,96.30,96.66,5197900
2013/7/25,96.67,97.59,96.56,97.49,4208100
2013/7/26,97.25,98.08,96.92,98.03,4561600
2013/7/29,97.96,98.03,97.39,97.87,3592500
2013/7/30,98.00,98.54,97.84,98.37,4127400
2013/7/31,98.32,98.54,97.63,98.08,5343000
2013/8/1,98.62,99.24,98.32,99.00,3954600
2013/8/2,98.81,99.20,98.45,99.20,3224300
2013/8/5,99.01,99.44,98.83,99.31,3326400
2013/8/6,99.33,99.40,98.37,98.69,3507200
2013/8/7,98.60,98.99,98.27,98.33,3256400
2013/8/8,98.64,98.99,97.44,98.04,4862300
2013/8/9,97.90,98.40,97.07,97.62,4041800
2013/8/12,97.49,97.80,97.00,97.04,3256800
2013/8/13,97.02,97.10,96.11,96.45,5188300
2013/8/14,96.24,96.37,95.64,96.11,5448700
2013/8/15,95.55,95.91,95.19,95.39,4207500
2013/8/16,95.20,95.50,95.01,95.03,3324000
2013/8/19,95.12,95.99,95.05,95.48,3126200
2013/8/20,95.51,95.90,95.36,95.50,2827800
2013/8/21,95.41,95.82,95.11,95.11,3430600
2013/8/22,95.37,95.69,95.21,95.46,15364400
2013/8/23,95.57,95.68,94.91,95.13,12274200
2013/8/26,95.36,95.94,95.10,95.31,3060000
2013/8/27,94.86,95.19,94.01,94.84,4513100
2013/8/28,95.00,96.33,95.00,96.08,5482500
2013/8/29,95.65,95.98,94.70,94.86,4796600
2013/8/30,95.00,95.13,94.14,94.36,3993000
2013/9/2,95.00,95.13,94.14,94.36,3993000
2013/9/3,95.10,95.28,94.12,94.52,3672100
2013/9/4,94.50,95.36,94.34,95.16,2898800
2013/9/5,95.33,96.46,95.08,95.66,4275300
2013/9/6,95.87,96.75,95.25,96.26,4485800
2013/9/9,96.22,96.79,96.21,96.45,3525200
2013/9/10,97.10,97.36,96.50,96.89,4984300
2013/9/11,96.66,97.46,96.37,97.46,3928600
2013/9/12,97.48,97.85,97.07,97.18,4277300
2013/9/13,97.34,97.65,97.13,97.35,2668700
2013/9/16,97.88,98.17,97.40,97.71,3490900
2013/9/17,97.58,98.36,97.49,97.92,3256900
2013/9/18,97.87,98.99,97.64,98.70,4279600
2013/9/19,98.50,98.51,97.00,97.92,6430800
2013/9/20,97.70,98.05,96.90,96.90,8077000
2013/9/23,96.97,97.58,96.82,97.28,3301600
2013/9/24,97.14,98.60,96.86,97.78,4810300
2013/9/25,97.80,97.99,97.41,97.62,4053200
2013/9/26,97.89,98.32,97.79,98.19,3604900
2013/9/27,97.89,97.99,97.00,97.12,3533100
2013/9/30,96.46,96.69,95.11,96.21,4404500
2013/10/1,96.18,96.39,95.85,96.13,3240700
2013/10/2,95.58,95.88,94.01,95.28,7250300
2013/10/3,95.15,95.21,94.61,94.67,4855700
2013/10/4,94.61,94.80,94.40,94.70,3047700
2013/10/7,94.26,94.80,94.14,94.36,3037100
2013/10/8,94.27,94.58,93.94,93.94,3643900
2013/10/9,93.82,93.96,93.14,93.27,5159400
2013/10/10,94.22,94.44,93.51,94.44,4531000
2013/10/11,94.69,94.80,94.33,94.74,4132600
2013/10/14,94.41,94.88,94.18,94.72,3429700
2013/10/15,93.99,94.20,93.45,93.80,5878900
2013/10/16,94.30,95.24,94.14,95.22,4708700
2013/10/17,95.19,95.52,94.65,95.47,3860500
2013/10/18,95.70,95.70,94.52,95.20,7286100
2013/10/21,93.70,94.85,93.24,94.59,9137700
2013/10/22,94.68,95.49,94.21,95.12,5144000
2013/10/23,95.08,95.20,93.93,94.21,4581200
2013/10/24,94.41,94.81,94.24,94.68,3640900
2013/10/25,94.78,94.95,94.36,94.78,3055900
2013/10/28,94.69,95.72,94.68,95.37,3836400
2013/10/29,95.62,96.10,95.30,96.05,3975100
2013/10/30,96.17,96.45,95.73,96.03,3404300
2013/10/31,96.20,96.70,96.11,96.52,4271300
2013/11/1,96.52,97.50,96.52,97.24,5127300
2013/11/4,97.26,97.50,96.83,97.31,5023900
2013/11/5,97.38,97.75,97.02,97.41,4338200
2013/11/6,97.66,98.19,97.47,97.90,4365900
2013/11/7,97.96,98.09,96.78,97.20,4921000
2013/11/8,97.17,97.30,96.32,97.01,5052400
2013/11/11,96.83,97.49,96.80,97.09,2573800
2013/11/12,97.07,97.76,96.85,97.66,3845000
2013/11/13,97.47,98.12,97.31,98.11,4164800
2013/11/14,98.18,98.70,97.18,97.56,6594200
2013/11/15,97.45,97.71,96.40,96.92,7096800
2013/11/18,96.90,97.79,96.90,97.65,4966700
2013/11/19,97.52,98.29,97.36,97.98,3836600
2013/11/20,97.57,98.05,97.18,97.54,3815100
2013/11/21,97.80,98.09,97.59,97.70,12884800
2013/11/22,97.84,98.51,97.37,98.27,16495500
2013/11/25,98.75,99.27,98.65,98.92,20420800
2013/11/26,98.80,99.09,98.15,98.20,5517400
2013/11/27,97.62,97.66,96.95,97.06,3501500
2013/11/28,97.62,97.66,96.95,97.06,3501500
2013/11/29,97.25,97.60,97.08,97.37,2920300
2013/12/2,97.29,97.29,96.33,96.51,4810000
2013/12/3,96.75,96.75,96.07,96.38,4851900
2013/12/4,95.66,96.13,95.36,95.71,4951300
2013/12/5,95.37,95.82,95.20,95.43,5076500
2013/12/6,95.94,96.95,95.90,96.80,5811200
2013/12/9,96.13,96.50,95.45,95.72,5056100
2013/12/10,95.69,95.70,95.07,95.43,4190600
2013/12/11,95.51,95.72,95.17,95.26,5194500
2013/12/12,95.40,95.68,94.04,94.10,5719900
2013/12/13,94.19,94.62,94.05,94.44,3277500
2013/12/16,94.97,95.78,94.90,95.45,4868100
2013/12/17,95.44,95.58,94.27,94.38,4460300
2013/12/18,94.66,95.95,94.57,95.93,5526800
2013/12/19,95.88,96.30,94.93,95.14,5476500
2013/12/20,95.46,96.51,95.34,96.51,8039500
2013/12/23,96.72,96.95,96.05,96.30,3296300
2013/12/24,96.14,96.75,96.14,96.54,1155900
2013/12/25,96.14,96.75,96.14,96.54,1155900
2013/12/26,96.77,96.91,96.63,96.84,1978300
2013/12/27,96.87,97.28,96.80,96.91,1987100
2013/12/30,96.88,97.15,96.79,97.01,2293000
2013/12/31,96.95,97.08,96.63,97.03,2560900
2014/1/1,96.95,97.08,96.63,97.03,2560900
2014/1/2,96.81,97.03,96.26,96.41,2925800
2014/1/3,96.90,97.03,96.50,96.54,2965300
2014/1/6,96.62,96.62,95.52,95.85,5022700
2014/1/7,96.38,97.08,96.13,96.38,4881800
2014/1/8,95.55,95.71,95.00,95.41,7669800
2014/1/9,96.24,96.35,95.25,95.46,7709000
2014/1/10,95.83,96.22,95.64,95.80,5512200
2014/1/13,95.83,95.83,94.59,94.83,5753200
2014/1/14,94.81,95.40,94.80,95.22,3842200
2014/1/15,95.49,95.67,95.15,95.46,3560600
2014/1/16,95.40,96.30,95.19,96.06,5058000
2014/1/17,96.02,96.13,94.77,94.93,5975300
2014/1/20,96.02,96.13,94.77,94.93,5975300
2014/1/21,95.36,95.96,95.01,95.08,6462700
2014/1/22,95.07,95.32,94.69,94.88,4976400
2014/1/23,94.55,95.95,94.50,95.32,7146000
2014/1/24,94.73,95.96,94.39,94.43,6944800
2014/1/27,94.29,94.68,93.92,94.07,6607600
2014/1/28,94.33,94.64,94.10,94.18,3682800
2014/1/29,93.96,94.30,92.87,93.15,8013500
2014/1/30,93.39,94.00,92.93,93.80,4987400
2014/1/31,93.05,94.55,92.95,94.17,5972500
2014/2/3,94.54,94.74,92.91,93.02,6904700
2014/2/4,92.86,93.47,92.59,93.09,6300400
2014/2/5,92.80,93.84,92.22,93.58,4958900
2014/2/6,93.87,95.19,93.69,94.94,5356900
2014/2/7,95.09,95.95,94.62,95.92,6591200
2014/2/10,95.75,95.93,94.52,94.86,6968200
2014/2/11,95.06,95.84,94.83,95.34,5343500
2014/2/12,95.44,95.67,94.79,94.89,4268900
2014/2/13,94.69,95.58,94.50,95.46,3617900
2014/2/14,95.30,95.97,95.11,95.78,3532900
2014/2/17,95.30,95.97,95.11,95.78,3532900
2014/2/18,96.03,96.57,95.54,96.02,5454200
2014/2/19,95.78,96.66,95.46,95.55,4505500
2014/2/20,95.66,96.11,95.49,95.75,2975000
2014/2/21,96.04,97.00,96.04,96.45,5284300
2014/2/24,96.43,96.94,96.24,96.50,4472200
2014/2/25,96.46,96.72,95.89,96.62,4233600
2014/2/26,96.63,96.74,95.71,95.89,4265900
2014/2/27,95.24,95.41,94.65,95.08,4179600
2014/2/28,95.11,95.46,94.86,95.15,5104700
2014/3/3,94.24,94.80,94.00,94.32,5149300
2014/3/4,95.25,95.27,94.86,94.98,4655200
2014/3/5,95.34,95.61,94.94,95.02,3913300
2014/3/6,95.06,95.67,94.75,95.58,4362900
2014/3/7,95.74,95.79,94.97,95.50,3724000
2014/3/10,95.26,95.68,94.97,95.20,4388900
2014/3/11,95.94,98.92,95.71,98.78,16354400
2014/3/12,98.41,99.07,98.15,98.71,6701700
2014/3/13,98.90,98.90,97.01,97.37,5480200
2014/3/14,97.33,97.89,97.01,97.58,5510700
2014/3/17,98.14,98.20,97.46,97.60,5554300
2014/3/18,97.80,97.99,97.22,97.31,3269500
2014/3/19,97.27,97.29,95.78,96.10,5556900
2014/3/20,95.94,96.95,95.81,96.60,4242600
2014/3/21,97.22,97.40,95.47,95.47,12625800
2014/3/24,96.09,96.74,95.99,96.18,6393000
2014/3/25,96.44,96.49,95.83,95.91,4929800
2014/3/26,96.04,96.57,95.84,95.84,4127000
2014/3/27,95.77,96.36,95.52,96.16,3756000
2014/3/28,96.27,97.44,96.21,97.24,4344100
2014/3/31,97.44,98.45,97.30,98.03,4853300
2014/4/1,98.10,98.52,97.63,97.90,4494000
2014/4/2,98.15,98.23,97.34,97.59,3701200
2014/4/3,98.03,98.11,97.35,97.66,2575700
2014/4/4,97.77,98.42,97.39,97.87,5409000
2014/4/7,97.58,98.24,96.57,97.01,5994600
2014/4/8,96.98,98.22,96.52,98.08,5579500
2014/4/9,98.08,98.54,97.90,98.35,3669500
2014/4/10,98.55,99.85,98.16,99.43,8873000
2014/4/11,99.15,99.73,99.06,99.29,6553600
2014/4/14,99.66,100.16,99.32,100.11,6155900
2014/4/15,100.70,100.94,100.07,100.83,5882400
2014/4/16,101.00,101.12,100.49,100.83,3532700
2014/4/17,100.73,101.00,100.25,100.25,4545200
2014/4/18,100.73,101.00,100.25,100.25,4545200
2014/4/21,99.80,100.39,99.25,99.67,6357000
2014/4/22,100.02,100.27,98.89,99.32,8934300
2014/4/23,99.35,99.99,99.01,99.13,4179100
2014/4/24,99.52,100.10,99.13,99.84,4764900
2014/4/25,99.85,100.75,99.39,100.73,5047100
2014/4/28,100.98,101.18,99.65,100.31,7444500
2014/4/29,100.21,101.78,99.81,101.50,6626100
2014/4/30,101.55,101.76,101.04,101.38,4519800
2014/5/1,100.68,101.04,100.33,100.96,3531400
2014/5/2,101.11,102.28,100.99,101.43,4934000
2014/5/5,101.38,101.38,100.59,101.14,3483500
2014/5/6,101.06,101.30,100.80,100.95,3075100
2014/5/7,101.26,102.11,100.95,101.96,4322600
2014/5/8,102.00,102.18,101.43,101.95,3384500
2014/5/9,101.85,102.95,101.82,102.93,3649400
2014/5/12,102.95,103.33,102.79,102.86,3817400
2014/5/13,103.32,103.62,102.50,103.53,3955400
2014/5/14,103.69,103.78,102.54,103.03,3826300
2014/5/15,102.78,103.00,102.15,102.50,3810800
2014/5/16,102.55,103.39,102.35,103.14,5081000
2014/5/19,102.81,102.83,101.74,102.09,3859800
2014/5/20,102.05,102.44,101.44,101.53,3123700
2014/5/21,101.71,102.58,101.55,102.56,2735600
2014/5/22,102.65,102.98,102.23,102.45,3376000
2014/5/23,102.52,102.85,101.77,102.00,4174300
2014/5/26,102.52,102.85,101.77,102.00,4174300
2014/5/27,102.20,102.90,102.07,102.36,5093200
2014/5/28,101.84,102.04,100.87,101.30,8930700
2014/5/29,101.27,101.49,100.87,101.34,4123700
2014/5/30,101.25,101.46,100.71,101.43,4232800
2014/6/2,101.39,102.50,101.32,102.03,3001400
2014/6/3,101.64,102.00,101.41,101.45,3363500
2014/6/4,101.36,102.47,101.27,102.44,3589200
2014/6/5,102.34,102.60,101.75,102.45,2407800
2014/6/6,102.41,102.62,101.78,101.96,2955500
2014/6/9,101.59,102.00,101.18,101.38,3802600
2014/6/10,101.61,101.61,100.68,100.88,5961200
2014/6/11,100.74,100.96,100.33,100.42,6606100
2014/6/12,100.41,101.01,99.54,99.76,5609100
2014/6/13,99.41,100.59,99.41,100.49,4014600
2014/6/16,100.42,101.17,100.24,101.10,4038600
2014/6/17,100.91,101.84,100.82,101.27,6479700
2014/6/18,101.74,101.79,100.91,101.35,5441200
2014/6/19,101.04,102.03,101.04,101.91,3372200
2014/6/20,102.20,102.30,101.66,101.92,5418100
2014/6/23,101.64,101.99,101.51,101.91,2919000
2014/6/24,101.84,102.18,101.41,101.47,4586400
2014/6/25,101.09,101.90,101.03,101.61,3662000
2014/6/26,101.61,101.89,101.07,101.51,2783200
2014/6/27,101.25,101.67,101.15,101.46,2785500
2014/6/30,101.27,101.48,100.50,100.74,4265700
2014/7/1,100.43,101.36,100.24,101.00,3787700
2014/7/2,101.02,101.08,100.35,100.53,3216700
2014/7/3,101.32,101.32,100.74,100.98,2295800
2014/7/4,101.32,101.32,100.74,100.98,2295800
2014/7/7,100.75,100.75,99.82,100.17,3951700
2014/7/8,99.79,100.57,99.73,100.09,3115100
2014/7/9,100.30,101.25,100.26,101.07,5604900
2014/7/10,100.22,101.05,100.16,100.58,3274900
2014/7/11,100.66,100.81,100.03,100.37,2812500
2014/7/14,100.69,100.73,100.30,100.47,4159900
2014/7/15,100.32,100.37,99.86,100.30,3787000
2014/7/16,99.65,99.80,98.76,99.27,7128700
2014/7/17,98.96,99.09,98.35,98.37,4099100
2014/7/18,98.64,99.09,98.13,98.99,4044900
2014/7/21,98.52,98.63,97.55,97.55,6510600
2014/7/22,95.39,96.85,95.10,96.27,12398100
2014/7/23,95.51,95.82,94.82,95.35,9483200
2014/7/24,95.48,95.62,95.27,95.35,7781700
2014/7/25,95.36,95.85,95.32,95.72,4992500
2014/7/28,95.50,95.97,95.39,95.78,4863100
2014/7/29,95.89,96.42,95.71,95.82,6712700
2014/7/30,96.19,96.34,95.57,95.95,6049800
2014/7/31,95.22,95.36,94.56,94.56,6826000
2014/8/1,94.30,94.73,94.20,94.30,4576400
2014/8/4,94.30,94.35,93.52,94.31,7652700
2014/8/5,94.00,94.30,93.35,93.43,5494800
2014/8/6,93.39,93.95,93.36,93.47,3728000
2014/8/7,93.82,94.00,93.24,93.31,3261100
2014/8/8,93.07,93.84,92.92,93.55,6505900
2014/8/11,93.73,93.92,93.46,93.53,4288400
2014/8/12,93.43,93.65,93.15,93.56,3235900
2014/8/13,93.75,94.32,93.55,93.96,3595800
2014/8/14,93.65,93.89,93.26,93.66,5644500
2014/8/15,94.07,94.47,93.41,93.79,4281300
2014/8/18,94.15,94.74,93.93,94.25,4398800
2014/8/19,94.60,94.75,94.26,94.45,3331700
2014/8/20,94.45,94.66,94.00,94.19,4150400
2014/8/21,94.31,94.76,94.24,94.53,5981600
2014/8/22,94.53,94.86,94.27,94.45,3586900
2014/8/25,94.85,95.37,94.41,94.44,4614300
2014/8/26,94.39,94.79,94.05,94.11,6392400
2014/8/27,94.23,94.68,93.60,94.65,9027300
2014/8/28,93.65,94.76,93.51,94.14,5492400
2014/8/29,94.20,94.20,93.51,93.72,4635100
2014/9/1,94.20,94.20,93.51,93.72,4635100
2014/9/2,93.24,93.70,92.69,92.80,6727100
2014/9/3,93.27,93.49,93.04,93.14,4855300
2014/9/4,93.02,93.23,92.80,93.01,4849800
2014/9/5,93.10,93.12,92.80,93.07,4004600
2014/9/8,92.80,92.82,92.20,92.50,5251900
2014/9/9,92.60,92.70,90.96,91.09,9795200
2014/9/10,90.84,93.06,90.53,93.00,12031400
2014/9/11,92.94,93.29,92.42,92.96,5960100
2014/9/12,92.94,93.84,92.82,93.34,7791300
2014/9/15,93.26,93.91,93.25,93.47,6255000
2014/9/16,93.27,94.11,93.25,93.75,5826200
2014/9/17,93.68,93.83,93.18,93.53,5738600
2014/9/18,93.43,93.90,93.26,93.48,5488900
2014/9/19,93.95,94.93,93.80,94.36,9043100
2014/9/22,94.12,94.47,93.82,93.93,4875700
2014/9/23,93.70,94.15,93.44,93.51,4702700
2014/9/24,93.70,95.32,93.66,95.00,7817900
2014/9/25,94.94,95.31,94.06,94.16,4569100
2014/9/26,94.05,94.88,94.02,94.70,3454400
2014/9/29,94.26,97.30,93.98,96.22,16489100
2014/9/30,96.23,96.36,94.34,94.81,10036400
2014/10/1,94.37,95.08,94.01,94.19,5334600
2014/10/2,94.03,94.60,94.00,94.12,4116000
2014/10/3,95.29,95.29,94.51,94.86,3948600
2014/10/6,94.36,94.43,93.69,93.84,4278600
2014/10/7,93.51,93.54,92.80,92.81,6093800
2014/10/8,93.08,93.95,92.81,93.83,5586600
2014/10/9,93.77,94.00,92.71,92.72,5068600
2014/10/10,92.76,93.45,92.30,92.30,5844900
2014/10/13,92.13,92.42,90.66,90.73,6173800
2014/10/14,90.81,91.74,90.63,91.10,5539500
2014/10/15,90.49,90.98,89.57,90.44,10468500
2014/10/16,89.39,90.29,89.34,89.91,7526400
2014/10/17,90.41,91.14,89.64,91.04,7074500
2014/10/20,90.96,91.59,90.71,91.59,5403200
2014/10/21,89.95,91.45,89.70,91.01,11422200
2014/10/22,90.70,91.51,90.60,90.94,6455600
2014/10/23,91.84,92.10,90.88,91.02,5966700
2014/10/24,90.70,91.79,90.55,91.67,5256600
2014/10/27,91.52,92.09,91.50,92.01,4071100
2014/10/28,92.48,92.60,91.69,92.60,5083000
2014/10/29,92.65,93.12,92.00,92.73,5295900
2014/10/30,92.57,93.39,92.49,93.38,3965500
2014/10/31,93.90,94.01,92.83,93.73,6795900
2014/11/3,93.78,93.78,93.02,93.61,4064900
2014/11/4,93.93,94.63,93.77,94.47,5802200
2014/11/5,95.00,95.07,94.39,94.64,4123800
2014/11/6,94.74,94.93,94.42,94.66,3597300
2014/11/7,94.40,95.10,94.06,95.10,4674600
2014/11/10,95.56,95.69,94.98,95.11,5123900
2014/11/11,95.22,95.42,94.93,95.14,3429000
2014/11/12,94.93,95.38,94.83,95.33,2725700
2014/11/13,95.50,96.22,95.18,95.48,4099800
2014/11/14,95.38,97.18,95.27,96.21,7793400
2014/11/17,96.06,96.08,95.60,95.97,3596500
2014/11/18,96.04,96.95,95.37,96.41,6258600
2014/11/19,96.74,97.30,96.43,96.56,6631300
2014/11/20,96.54,97.30,96.50,96.64,4551900
2014/11/21,97.47,97.50,96.42,96.68,5483700
2014/11/24,96.83,97.42,96.53,97.17,5222900
2014/11/25,97.20,97.34,96.85,97.00,5369000
2014/11/26,96.36,96.39,95.92,96.22,3667800
2014/11/27,96.36,96.39,95.92,96.22,3667800
2014/11/28,95.98,97.40,95.97,96.81,3442900
2014/12/1,96.15,96.94,95.64,95.78,5273700
2014/12/2,95.21,97.00,94.76,95.11,10389700
2014/12/3,94.80,95.57,94.78,95.50,5316700
2014/12/4,95.39,95.99,95.14,95.66,5149300
2014/12/5,95.78,96.61,95.65,96.31,6209300
2014/12/8,93.41,97.50,92.23,92.61,11792700
2014/12/9,91.30,92.00,91.01,91.36,10066800
2014/12/10,91.04,91.29,89.51,90.00,12020800
2014/12/11,90.09,91.15,90.02,90.97,8972700
2014/12/12,90.66,91.39,90.43,90.62,8691000
2014/12/15,90.96,91.10,88.25,88.46,10121600
2014/12/16,88.07,90.75,87.62,88.72,15106700
2014/12/17,88.93,92.05,88.50,91.65,14010000
2014/12/18,92.28,93.74,91.65,93.67,11277100
2014/12/19,93.51,94.32,92.95,93.22,10284300
2014/12/22,93.28,94.02,93.03,93.89,5342200
2014/12/23,94.36,94.82,94.01,94.22,3590000
2014/12/24,94.22,94.54,93.74,93.83,1729700
2014/12/25,94.22,94.54,93.74,93.83,1729700
2014/12/26,94.10,94.93,93.95,94.78,3884300
2014/12/29,94.32,95.46,94.27,95.04,4183200
2014/12/30,94.85,95.00,94.07,94.25,3257700
2014/12/31,93.75,94.80,93.57,93.70,4589300
2015/1/1,93.75,94.80,93.57,93.70,4589300
2015/1/2,94.13,95.00,93.05,93.26,6019700
2015/1/5,93.30,93.68,92.22,92.23,6211900
2015/1/6,92.67,93.81,91.88,92.40,6484100
2015/1/7,93.26,94.05,92.86,94.01,6400300
2015/1/8,94.23,94.98,94.05,94.36,5476700
2015/1/9,93.97,93.97,92.78,93.21,4283300
2015/1/12,93.53,93.81,92.60,93.01,3989600
2015/1/13,93.95,94.44,92.42,92.83,5971200
2015/1/14,91.45,92.05,91.12,91.54,7745500
2015/1/15,91.97,92.35,90.97,91.38,5737500
2015/1/16,91.05,91.69,90.74,91.49,6927000
2015/1/19,91.05,91.69,90.74,91.49,6927000
2015/1/20,91.64,91.88,90.23,90.80,6967300
2015/1/21,90.16,90.46,89.54,90.34,8682200
2015/1/22,90.62,90.97,89.84,90.89,7536400
2015/1/23,90.92,91.64,89.43,89.56,11496000
2015/1/26,89.39,90.70,89.29,90.67,7753300
2015/1/27,89.96,90.31,89.56,89.57,6640800
2015/1/28,89.74,89.82,88.77,88.78,6921300
2015/1/29,91.50,93.50,91.26,93.27,19146900
2015/1/30,92.65,93.30,92.31,92.44,12385400
2015/2/2,92.05,92.66,91.43,92.51,6751400
2015/2/3,92.64,93.98,92.45,93.92,7373000
2015/2/4,93.50,94.43,93.50,94.05,6464800
2015/2/5,94.10,94.83,94.00,94.34,5564100
2015/2/6,94.15,94.48,93.65,93.99,4662700
2015/2/9,93.30,93.45,92.54,92.72,8203000
2015/2/10,93.33,94.23,92.97,94.02,4697600
2015/2/11,94.16,94.33,93.30,94.21,5153900
2015/2/12,94.05,95.60,93.77,95.09,7910100
2015/2/13,95.40,95.85,94.93,95.65,6762200
2015/2/16,95.40,95.85,94.93,95.65,6762200
2015/2/17,95.12,95.39,94.09,94.35,5972000
2015/2/18,94.23,94.79,94.00,94.58,5617500
2015/2/19,94.50,94.55,93.74,94.19,6312200
2015/2/20,94.16,94.49,93.56,94.19,8155000
2015/2/23,94.12,94.41,93.95,94.31,5682000
2015/2/24,94.08,95.33,93.69,94.98,5643600
2015/2/25,94.91,99.31,94.86,98.66,16751600
2015/2/26,97.43,99.88,97.00,99.51,16098800
2015/2/27,99.17,99.30,98.49,98.90,7552500
2015/3/2,98.90,101.09,98.31,100.00,12363300
2015/3/3,99.97,100.44,99.55,99.74,8149700
2015/3/4,99.81,100.48,99.18,100.25,9179400
2015/3/5,99.01,99.92,98.46,99.11,9438800
2015/3/6,98.27,98.99,96.96,97.13,9677900
2015/3/9,96.81,98.25,96.81,97.71,8460300
2015/3/10,96.91,97.12,96.10,96.29,7838900
2015/3/11,96.30,96.77,94.94,94.96,9391100
2015/3/12,95.42,96.44,95.28,96.25,8765100
2015/3/13,96.24,97.05,95.75,96.35,5152800
2015/3/16,96.93,97.47,96.74,97.15,4772200
2015/3/17,96.90,97.15,95.99,96.17,4530700
2015/3/18,96.01,97.24,95.33,97.00,5831000
2015/3/19,96.86,97.01,95.98,95.98,3615400
2015/3/20,96.32,97.72,96.12,97.05,10014000
2015/3/23,96.80,99.12,96.80,98.62,9232000
2015/3/24,98.46,99.84,98.07,99.36,7549900
2015/3/25,99.03,99.61,98.11,98.14,6030500
2015/3/26,97.60,97.97,96.20,97.64,10445800
2015/3/27,97.36,97.85,96.77,96.96,4642400
2015/3/30,97.43,98.32,97.37,97.88,4074500
2015/3/31,97.82,98.43,97.44,97.44,5617000
2015/4/1,96.81,97.02,96.00,96.29,7484800
2015/4/2,95.96,96.24,94.71,95.83,6614300
2015/4/3,95.96,96.24,94.71,95.83,6614300
2015/4/6,95.75,96.82,95.45,96.28,4501300
2015/4/7,96.24,96.79,96.10,96.35,4443700
2015/4/8,96.73,97.50,95.98,96.85,4445200
2015/4/9,96.85,97.43,96.21,96.55,4790000
2015/4/10,96.90,97.95,96.56,97.80,5937800
2015/4/13,97.41,97.75,97.07,97.44,5197900
2015/4/14,97.16,97.74,96.97,97.58,4961100
2015/4/15,97.00,97.55,96.28,96.44,6604400
2015/4/16,96.37,97.44,95.51,95.63,5071700
2015/4/17,95.13,95.35,94.46,94.88,6933600
2015/4/20,95.00,96.26,95.00,96.18,4382400
2015/4/21,96.19,96.55,94.54,94.87,5981700
2015/4/22,97.00,99.35,96.24,97.84,19254300
2015/4/23,97.44,97.52,96.56,97.00,6336500
2015/4/24,96.99,99.08,96.84,98.74,7741300
2015/4/27,98.74,98.94,96.26,96.44,7282700
2015/4/28,96.27,96.89,95.78,96.83,4357400
2015/4/29,96.58,97.67,96.07,97.02,5697200
2015/4/30,96.65,97.37,96.41,96.55,8300300
2015/5/1,96.73,97.97,96.73,97.80,6280300
2015/5/4,96.57,98.63,96.05,96.13,8426300
2015/5/5,96.39,96.47,95.57,96.13,7637000
2015/5/6,96.10,96.66,95.88,96.39,6614500
2015/5/7,96.27,97.33,96.12,96.78,5018900
2015/5/8,98.19,99.15,97.79,98.23,7543100
2015/5/11,98.07,98.39,97.15,97.51,4123700
2015/5/12,97.39,98.35,96.92,97.95,4848100
2015/5/13,98.07,98.49,97.28,97.35,6526900
2015/5/14,97.66,97.87,97.28,97.71,4744000
2015/5/15,97.74,99.04,97.54,98.04,7607200
2015/5/18,97.97,98.25,97.62,98.02,4100800
2015/5/19,98.09,101.08,97.65,100.68,10809200
2015/5/20,100.88,100.98,99.42,100.11,6185100
2015/5/21,99.89,99.96,99.06,99.28,4729500
2015/5/22,99.15,99.48,98.84,98.99,4559500
2015/5/25,99.15,99.48,98.84,98.99,4559500
2015/5/26,98.85,99.20,98.04,98.46,7123100
2015/5/27,98.97,99.22,98.20,98.66,8129500
2015/5/28,98.00,98.21,96.20,96.48,10204000
2015/5/29,97.59,97.77,95.84,95.93,6439100
2015/6/1,95.84,96.91,95.84,96.22,4919200
2015/6/2,96.30,96.97,95.81,96.29,4430300
2015/6/3,96.38,97.07,95.97,96.52,4165700
2015/6/4,96.30,96.97,96.01,96.31,4702800
2015/6/5,95.93,96.09,95.47,95.54,3959300
2015/6/8,96.00,96.04,95.25,95.32,4594600
2015/6/9,95.52,95.56,94.49,94.73,7770900
2015/6/10,95.02,95.63,94.81,95.30,4828600
2015/6/11,95.50,96.33,95.50,95.59,4203900
2015/6/12,95.42,95.55,95.00,95.06,3702400
2015/6/15,94.74,95.00,94.02,94.30,5861800
2015/6/16,94.25,94.67,94.10,94.63,3094800
2015/6/17,94.54,95.52,94.54,95.22,3941000
2015/6/18,95.69,96.63,95.28,96.17,5101000
2015/6/19,96.39,97.14,95.98,96.08,8279300
2015/6/22,96.31,97.03,96.14,96.87,3893300
2015/6/23,97.59,97.96,97.12,97.18,4541700
2015/6/24,96.75,97.45,96.64,96.64,3927100
2015/6/25,96.70,96.91,95.78,95.79,4322300
2015/6/26,96.13,97.35,95.93,97.29,6039500
2015/6/29,96.62,97.23,95.42,95.44,8412800
2015/6/30,95.93,96.30,94.54,95.07,6656000
2015/7/1,95.10,95.82,94.73,95.76,4446200
2015/7/2,96.13,96.60,95.58,96.17,3250900
2015/7/3,96.13,96.60,95.58,96.17,3250900
2015/7/6,95.89,96.28,95.25,95.65,3852500
2015/7/7,95.93,96.78,95.24,96.68,4794400
2015/7/8,95.65,96.59,95.65,95.84,4914300
2015/7/9,96.64,97.27,96.44,96.49,5482500
2015/7/10,97.25,97.78,96.95,97.65,5179200
2015/7/13,98.00,98.51,97.70,98.43,4578700
2015/7/14,98.12,99.05,97.96,98.78,5746100
2015/7/15,98.15,99.63,97.85,99.07,7572500
2015/7/16,99.11,99.11,97.21,97.86,7696200
2015/7/17,97.70,98.22,97.00,97.50,6429800
2015/7/20,97.78,98.21,97.40,97.49,4947000
2015/7/21,97.60,97.72,96.96,97.32,4206700
2015/7/22,97.71,98.25,97.43,97.58,5392600
2015/7/23,98.90,99.00,96.15,97.09,10380700
2015/7/24,97.41,97.41,96.09,96.10,5554600
2015/7/27,96.00,96.75,95.70,96.04,5818600
2015/7/28,96.48,97.42,96.32,97.33,4863000
2015/7/29,97.48,98.39,97.00,98.21,6006500
2015/7/30,97.59,99.34,97.59,99.17,5372500
2015/7/31,99.65,101.10,99.30,99.86,7647000
2015/8/3,100.00,100.18,99.02,99.42,4427300
2015/8/4,99.47,99.52,98.77,99.14,2842100
2015/8/5,99.83,100.14,99.26,99.80,3560600
2015/8/6,99.72,100.18,99.21,99.35,6740200
2015/8/7,99.29,99.42,98.45,98.92,3463700
2015/8/10,99.49,99.95,98.87,99.39,3994500
2015/8/11,98.69,99.16,98.40,98.81,3585000
2015/8/12,98.27,98.43,97.23,98.28,4167100
2015/8/13,98.07,99.82,97.99,99.37,4636400
2015/8/14,99.05,99.56,98.72,99.27,3185600
2015/8/17,99.00,100.91,98.92,100.66,5204100
2015/8/18,100.00,101.44,100.00,100.76,4257300
2015/8/19,100.45,101.88,100.19,101.10,5989000
2015/8/20,100.73,101.00,99.74,99.76,6668000
2015/8/21,99.38,99.39,97.13,97.13,10980000
2015/8/24,91.58,95.88,87.50,92.87,15074800
2015/8/25,95.47,95.48,91.03,91.21,11468800
2015/8/26,92.93,95.20,91.47,95.15,16439800
2015/8/27,95.88,97.37,95.57,97.33,10187100
2015/8/28,96.05,96.66,95.79,96.25,5606000
2015/8/31,95.77,95.88,94.85,95.02,5086600
2015/9/1,92.77,94.28,92.60,93.47,7308400
2015/9/2,95.63,96.12,94.55,96.04,6908100
2015/9/3,96.80,97.43,95.58,96.01,6313900
2015/9/4,95.05,95.58,94.31,94.85,4429100
2015/9/7,95.05,95.58,94.31,94.85,4429100
2015/9/8,96.31,96.88,95.49,96.78,5771100
2015/9/9,97.29,97.39,95.22,95.43,5129400
2015/9/10,94.96,95.85,94.75,95.25,6210800
2015/9/11,95.47,97.42,95.26,97.41,6656300
2015/9/14,97.36,97.66,96.63,96.97,4557200
2015/9/15,97.29,98.59,96.74,98.19,5142600
2015/9/16,98.65,98.74,97.53,98.69,5198700
2015/9/17,98.57,98.97,97.39,97.84,7955000
2015/9/18,96.82,97.70,96.25,97.05,10492700
2015/9/21,97.48,98.17,97.01,97.90,4543500
2015/9/22,97.12,98.08,96.71,97.20,6254500
2015/9/23,97.24,97.85,97.01,97.38,3035300
2015/9/24,96.83,97.43,96.30,97.29,4138800
2015/9/25,97.89,98.70,97.46,97.59,4825800
2015/9/28,97.00,97.74,95.78,95.96,6609800
2015/9/29,97.46,97.79,96.81,97.48,6944800
2015/9/30,98.21,98.70,97.76,98.53,5517600
2015/10/1,98.50,99.00,97.67,98.78,4456600
2015/10/2,97.33,99.81,97.13,99.79,4400800
2015/10/5,100.27,101.64,100.20,101.17,6501600
2015/10/6,101.26,102.30,101.16,101.90,7252400
2015/10/7,100.75,101.90,100.34,101.77,6497100
2015/10/8,101.85,103.47,101.77,102.95,8218900
2015/10/9,103.00,103.44,102.27,102.76,5756600
2015/10/12,102.68,103.31,102.51,103.24,3448200
2015/10/13,102.85,103.51,102.63,103.38,4697300
2015/10/14,104.15,104.93,102.43,102.82,9093000
2015/10/15,102.57,105.20,101.60,103.66,10168300
2015/10/16,104.72,105.01,103.41,104.82,7168300
2015/10/19,104.24,105.15,104.15,104.49,7064300
2015/10/20,104.05,104.35,103.42,103.84,4872200
2015/10/21,103.98,104.25,102.08,102.54,7979600
2015/10/22,110.40,111.00,108.38,110.87,25286600
2015/10/23,111.18,112.87,111.10,112.59,11677300
2015/10/26,112.23,113.96,111.82,112.18,11478600
2015/10/27,112.27,112.35,110.59,111.64,10013300
2015/10/28,111.69,112.95,111.40,112.94,4390300
2015/10/29,112.66,112.95,111.89,112.62,3752600
2015/10/30,112.88,113.29,112.25,112.25,6409500
2015/11/2,112.46,112.84,111.23,112.11,5663000
2015/11/3,111.92,112.31,111.27,112.08,4584900
2015/11/4,112.19,112.53,111.31,112.40,6797100
2015/11/5,112.60,113.45,112.15,112.85,5059100
2015/11/6,112.40,113.44,112.16,113.31,4615600
2015/11/9,113.45,113.48,112.40,112.93,8423800
2015/11/10,112.77,114.99,110.75,113.22,12716500
2015/11/11,113.67,114.43,113.54,113.85,8387800
2015/11/12,113.50,113.74,112.06,112.11,5893800
2015/11/13,111.85,112.36,109.91,109.97,8602400
2015/11/16,109.85,111.06,109.60,111.06,6731800
2015/11/17,111.04,111.82,110.46,110.94,6027600
2015/11/18,111.30,112.59,110.84,112.53,5194500
2015/11/19,112.53,113.71,112.30,113.30,5323500
2015/11/20,113.36,114.17,113.19,113.91,6659400
2015/11/23,114.01,114.90,113.91,114.47,4968400
2015/11/24,113.90,114.56,113.36,114.28,6047700
2015/11/25,114.27,114.92,113.95,114.40,7477200
2015/11/26,114.27,114.92,113.95,114.40,7477200
2015/11/27,113.71,114.39,113.53,114.23,2763700
2015/11/30,114.38,114.49,113.56,114.16,7872000
2015/12/1,114.52,114.93,113.79,114.45,5321900
2015/12/2,114.10,114.27,113.45,113.72,5692200
2015/12/3,113.61,114.44,112.91,113.39,6558600
2015/12/4,113.75,116.39,113.42,116.20,7778200
2015/12/7,115.81,116.51,115.75,116.42,4810700
2015/12/8,115.95,116.86,115.26,116.53,4814200
2015/12/9,116.21,117.30,115.90,116.58,7604700
2015/12/10,116.61,117.51,116.20,117.20,5299900
2015/12/11,115.86,116.61,115.62,116.08,5736400
2015/12/14,116.17,117.07,114.65,116.26,7660700
2015/12/15,117.50,118.24,116.84,116.93,6118300
2015/12/16,117.49,118.75,116.49,117.84,6306300
2015/12/17,118.34,118.90,117.49,117.50,5275900
2015/12/18,116.74,117.28,115.89,116.66,11238900
2015/12/21,116.96,117.74,116.61,117.69,3344600
2015/12/22,117.96,118.04,116.64,117.72,4092000
2015/12/23,118.02,118.85,117.75,118.80,3641900
2015/12/24,118.75,118.99,118.50,118.57,1659300
2015/12/25,118.75,118.99,118.50,118.57,1659300
2015/12/28,118.10,118.90,118.05,118.75,2777200
2015/12/29,119.00,120.23,118.82,120.07,3213900
2015/12/30,119.64,119.99,119.23,119.43,2400800
2015/12/31,118.82,119.18,117.94,118.14,3723200
2016/1/1,118.82,119.18,117.94,118.14,3723200
2016/1/4,117.25,117.73,115.87,117.58,9995000
2016/1/5,117.41,119.23,117.29,119.20,6314000
2016/1/6,118.00,119.27,117.81,118.40,6543800
2016/1/7,117.44,117.97,115.59,115.66,7477900
2016/1/8,115.75,117.47,115.26,115.48,6103400
2016/1/11,115.65,117.06,115.58,116.69,6392400
2016/1/12,117.03,117.74,116.17,117.44,5639700
2016/1/13,117.69,117.87,115.08,115.12,6986000
2016/1/14,115.59,117.13,113.00,116.62,9204500
2016/1/15,114.26,116.45,114.21,115.18,10201900
2016/1/18,114.26,116.45,114.21,115.18,10201900
2016/1/19,116.63,117.71,115.96,117.50,9195300
2016/1/20,116.97,118.00,114.38,115.78,11905200
2016/1/21,116.51,118.44,115.79,117.84,9839100
2016/1/22,118.44,118.75,117.37,118.40,9016600
2016/1/25,121.85,121.90,118.20,119.20,15141500
2016/1/26,119.60,121.30,119.00,120.43,8326100
2016/1/27,120.88,121.62,119.83,120.87,7409000
2016/1/28,121.10,122.60,120.20,122.38,7460500
2016/1/29,122.77,124.35,122.75,123.78,10549900
2016/2/1,123.08,124.83,123.02,124.61,6189900
2016/2/2,124.05,124.34,123.10,123.95,7653000
2016/2/3,124.36,124.58,120.84,121.47,9327000
2016/2/4,121.04,121.24,118.72,120.66,7595000
2016/2/5,120.65,120.65,114.96,115.40,13261700
2016/2/8,114.05,116.36,112.71,116.05,11311500
2016/2/9,115.54,117.80,115.35,117.01,7525700
2016/2/10,118.02,118.53,117.26,117.54,5726300
2016/2/11,115.74,117.50,115.69,116.73,7568600
2016/2/12,116.72,118.33,116.10,117.93,8552800
2016/2/15,116.72,118.33,116.10,117.93,8552800
2016/2/16,118.42,119.18,117.60,119.18,10835800
2016/2/17,119.18,119.40,116.72,118.64,12729000
2016/2/18,118.81,119.46,116.93,117.17,9707100
2016/2/19,117.00,117.35,115.81,116.53,10793700
2016/2/22,116.53,118.16,116.53,117.67,6223300
2016/2/23,117.35,118.15,116.85,116.90,5276700
2016/2/24,116.32,117.33,115.80,117.06,5349800
2016/2/25,117.43,118.50,117.16,118.37,6034000
2016/2/26,117.98,118.27,116.17,117.06,5193700
2016/2/29,116.80,118.37,116.71,117.19,6467700
2016/3/1,117.91,119.19,117.77,118.85,4731500
2016/3/2,118.56,118.73,117.66,118.48,4267700
2016/3/3,117.48,117.48,115.32,116.69,9132000
2016/3/4,116.72,117.45,115.90,117.18,5857400
2016/3/7,117.03,117.57,116.12,117.15,5640700
2016/3/8,116.21,119.08,116.21,118.42,6236200
2016/3/9,119.24,120.20,118.46,119.64,6428200
2016/3/10,119.91,120.86,118.66,119.98,6171200
2016/3/11,120.49,122.01,120.36,121.55,7042300
2016/3/14,121.81,123.49,121.45,122.90,7912100
2016/3/15,122.30,123.76,122.21,123.43,5061400
2016/3/16,123.33,124.06,122.67,123.52,6716700
2016/3/17,123.27,123.85,123.11,123.16,6108700
2016/3/18,123.43,124.12,122.75,124.08,14783800
2016/3/21,123.66,124.50,123.05,123.81,4050100
2016/3/22,123.79,124.39,123.56,123.82,3494500
2016/3/23,124.10,125.00,123.86,124.19,4143600
2016/3/24,123.69,124.00,122.66,123.29,5796700
2016/3/25,123.69,124.00,122.66,123.29,5796700
2016/3/28,124.00,124.20,123.12,123.17,4784400
2016/3/29,123.43,124.57,123.34,123.97,7188200
2016/3/30,124.90,126.10,124.60,125.83,4853700
2016/3/31,126.15,126.96,125.61,125.68,7685900
2016/4/1,125.19,127.39,124.87,127.02,5212400
2016/4/4,127.05,127.87,126.88,127.57,4239300
2016/4/5,126.84,127.78,126.39,127.38,6282200
2016/4/6,127.47,127.69,126.84,127.52,5619900
2016/4/7,127.37,128.52,127.02,128.14,4720800
2016/4/8,128.28,128.74,127.28,127.96,3625600
2016/4/11,128.35,128.69,127.45,127.56,6973700
2016/4/12,128.08,128.28,126.89,127.61,5211400
2016/4/13,127.71,127.92,126.08,126.89,4985200
2016/4/14,127.14,128.09,127.04,127.51,4834800
2016/4/15,127.08,128.04,126.96,127.78,3103800
2016/4/18,127.78,128.91,127.68,128.85,4525600
2016/4/19,128.91,129.35,128.12,128.86,4606300
2016/4/20,129.31,129.80,128.51,128.55,5006700
2016/4/21,128.55,128.75,125.60,125.79,7947600
2016/4/22,128.17,128.40,125.36,125.50,9311300
2016/4/25,125.07,127.53,125.01,127.46,6979900
2016/4/26,127.42,128.34,127.03,127.71,4082300
2016/4/27,127.94,128.56,127.78,128.30,4436200
2016/4/28,127.86,128.85,127.44,127.92,3385800
2016/4/29,127.93,127.93,126.10,126.49,6276900
2016/5/2,126.65,128.22,126.50,128.20,4830800
2016/5/3,127.40,128.99,127.38,128.40,4048400
2016/5/4,127.57,130.43,127.57,129.33,6613700
2016/5/5,129.31,129.98,129.00,129.28,4519700
2016/5/6,129.38,130.58,128.59,130.58,4418400
2016/5/9,130.65,131.50,130.35,130.83,5006800
2016/5/10,130.85,131.96,130.85,131.60,4082600
2016/5/11,131.24,131.62,129.14,129.14,6890200
2016/5/12,129.74,130.54,129.16,130.12,4286800
2016/5/13,129.74,130.16,128.71,128.83,6568700
2016/5/16,128.51,129.73,128.05,129.64,4343600
2016/5/17,129.60,129.97,127.30,127.69,5826200
2016/5/18,127.05,127.47,125.73,126.21,7303200
2016/5/19,125.48,125.60,124.68,125.29,6255100
2016/5/20,124.74,125.00,122.14,122.56,9735900
2016/5/23,122.76,123.73,122.47,122.81,7081600
2016/5/24,123.39,124.77,123.01,123.95,4494100
2016/5/25,123.75,123.99,123.03,123.26,5307400
2016/5/26,123.38,123.98,123.23,123.79,3716300
2016/5/27,124.27,124.68,123.12,123.25,3222800
2016/5/30,124.27,124.68,123.12,123.25,3222800
2016/5/31,123.30,123.41,121.62,122.06,7995200
2016/6/1,122.06,122.74,121.50,121.97,5057200
2016/6/2,120.70,121.51,120.55,121.17,4740200
2016/6/3,121.09,121.67,120.34,121.35,4643000
2016/6/6,121.79,122.17,121.21,122.00,4901700
2016/6/7,122.34,123.38,121.90,121.90,4562100
2016/6/8,121.98,122.49,120.89,122.11,3925900
2016/6/9,122.07,123.09,122.07,122.79,4583400
2016/6/10,121.80,122.66,121.61,122.36,4347400
2016/6/13,121.95,123.97,121.85,122.99,5436700
2016/6/14,122.54,123.19,121.93,122.51,6351400
2016/6/15,123.15,123.32,122.13,122.25,4168100
2016/6/16,121.84,122.63,120.95,122.47,3931800
2016/6/17,122.23,122.71,121.42,122.27,8331400
2016/6/20,123.32,124.08,123.27,123.42,5951000
2016/6/21,123.92,124.00,122.31,122.63,4749000
2016/6/22,121.31,121.45,120.05,120.62,6578900
2016/6/23,121.48,121.75,120.64,121.21,3832800
2016/6/24,118.76,121.11,118.29,119.44,6985900
2016/6/27,118.16,118.16,116.08,116.30,14150500
2016/6/28,117.20,118.64,116.83,118.50,6173000
2016/6/29,119.16,119.96,119.00,119.49,5020400
2016/6/30,119.68,120.45,119.30,120.34,4808100
2016/7/1,119.72,120.86,119.66,120.40,3798100
2016/7/4,119.72,120.86,119.66,120.40,3798100
2016/7/5,120.12,120.80,120.10,120.76,5191100
2016/7/6,119.29,120.96,119.00,120.63,5102800
2016/7/7,120.89,121.24,120.41,120.92,3621300
2016/7/8,121.22,121.69,121.08,121.31,3809600
2016/7/11,121.69,122.12,121.46,122.00,4266300
2016/7/12,122.00,122.59,121.96,122.25,3742000
2016/7/13,122.36,123.02,122.16,122.82,3464200
2016/7/14,123.70,124.21,123.01,123.93,6011900
2016/7/15,124.42,124.44,123.39,123.61,3688400
2016/7/18,124.00,124.00,123.39,123.80,5254700
2016/7/19,124.08,126.60,123.75,126.50,6277700
2016/7/20,126.84,126.87,125.56,126.06,3353300
2016/7/21,126.42,127.23,125.93,127.18,3572100
2016/7/22,127.29,128.60,127.29,128.26,4304200
2016/7/25,127.95,127.95,126.86,127.40,6210100
2016/7/26,123.50,124.35,120.97,121.71,14563700
2016/7/27,121.69,121.79,119.24,119.48,9939200
2016/7/28,119.59,120.18,118.36,119.42,6239400
2016/7/29,119.14,119.66,117.43,117.65,7460900
2016/8/1,117.88,118.39,117.74,118.01,4208800
2016/8/2,118.18,118.71,117.11,117.70,4504200
2016/8/3,117.77,118.02,117.14,117.52,4120000
2016/8/4,117.85,118.55,117.58,118.30,4313200
2016/8/5,118.78,119.45,118.60,119.21,3883800
2016/8/8,119.17,119.37,118.20,118.29,3589300
2016/8/9,117.98,119.13,117.60,118.31,3491700
2016/8/10,118.00,118.94,117.65,118.80,2941700
2016/8/11,118.87,119.75,118.85,119.38,3490200
2016/8/12,119.57,120.02,119.28,119.52,3015700
2016/8/15,119.02,119.25,118.52,118.52,3391600
2016/8/16,118.31,118.53,117.92,117.94,3333900
2016/8/17,117.98,117.98,116.52,117.10,5184900
2016/8/18,117.24,117.37,116.80,117.13,3710500
2016/8/19,116.80,116.80,115.00,115.01,7065700
2016/8/22,115.00,115.73,114.65,115.42,4484700
2016/8/23,115.91,116.12,115.05,115.19,4305400
2016/8/24,115.15,115.40,114.73,114.87,4135400
2016/8/25,115.10,115.78,114.88,115.43,6694100
2016/8/26,115.63,115.72,113.96,114.44,5294500
2016/8/29,114.60,115.65,114.50,115.41,4983000
2016/8/30,115.41,115.87,114.60,115.36,5085300
2016/8/31,115.51,116.00,115.20,115.66,5394700
2016/9/1,115.51,115.81,114.86,115.40,3966600
2016/9/2,115.93,116.11,115.70,115.83,3410100
2016/9/5,115.93,116.11,115.70,115.83,3410100
2016/9/6,117.09,119.24,116.91,117.25,6337900
2016/9/7,117.27,117.49,116.44,116.92,2647700
2016/9/8,116.82,117.11,116.04,116.17,3085600
2016/9/9,115.60,115.76,114.58,114.58,4961100
2016/9/12,114.47,116.18,114.13,115.95,5014000
2016/9/13,115.61,115.61,114.48,114.73,4162200
2016/9/14,115.00,115.66,114.82,115.18,4530700
2016/9/15,114.88,116.24,114.77,116.14,3671200
2016/9/16,115.68,116.26,114.83,115.28,9500500
2016/9/19,115.83,116.41,114.96,115.21,3741500
2016/9/20,115.72,116.63,115.50,116.45,3841800
2016/9/21,116.49,117.05,115.96,116.93,4528900
2016/9/22,117.46,117.95,117.28,117.36,3808800
2016/9/23,116.49,117.52,116.35,117.17,2776000
2016/9/26,116.80,116.94,116.28,116.53,3022400
2016/9/27,116.95,117.20,116.37,116.88,3745400
2016/9/28,116.38,116.53,114.46,115.18,5638900
2016/9/29,115.20,115.97,114.73,114.79,4924400
2016/9/30,114.69,115.71,114.69,115.36,4188700
2016/10/3,115.01,115.15,114.41,114.64,3085800
2016/10/4,114.99,115.51,113.42,113.50,4742900
2016/10/5,113.91,114.83,113.38,113.41,3720300
2016/10/6,113.25,114.22,112.40,113.92,3900000
2016/10/7,113.97,114.34,113.22,113.45,4153100
2016/10/10,114.21,114.99,114.16,114.71,3290300
2016/10/11,114.65,115.23,113.56,113.68,3943300
2016/10/12,113.60,115.23,113.54,114.71,3340200
2016/10/13,114.14,115.74,114.07,115.41,4464700
2016/10/14,114.90,115.11,114.07,114.09,5312500
2016/10/17,113.91,114.40,112.10,112.41,5655700
2016/10/18,112.89,113.09,111.23,111.25,6198400
2016/10/19,111.71,111.77,111.12,111.26,6433400
2016/10/20,111.30,111.30,110.33,110.57,7250700
2016/10/21,113.27,114.50,112.75,113.93,10108000
2016/10/24,114.25,114.50,112.64,113.57,6173500
2016/10/25,113.50,113.54,112.67,112.72,4879000
2016/10/26,112.27,112.70,111.40,112.11,3763100
2016/10/27,112.17,112.49,111.78,112.08,2960700
2016/10/28,112.26,112.35,111.53,112.10,3304700
2016/10/31,112.46,112.73,111.79,112.57,4181600
2016/11/1,112.65,112.77,111.95,112.25,3935600
2016/11/2,112.10,112.77,111.82,112.39,3512500
2016/11/3,112.74,112.85,111.52,111.72,3890700
2016/11/4,111.99,112.00,110.83,111.04,3457400
2016/11/7,112.00,113.28,111.88,112.82,3842400
2016/11/8,113.01,114.25,113.00,114.11,3300200
2016/11/9,112.09,115.42,111.80,114.98,5099500
2016/11/10,115.03,115.04,113.78,114.51,4437700
2016/11/11,114.67,114.96,114.17,114.22,4331200
2016/11/14,114.99,118.75,114.72,117.86,7093200
2016/11/15,117.58,118.48,117.02,118.32,4447900
2016/11/16,118.86,119.60,118.47,119.21,5371100
2016/11/17,118.89,119.50,118.28,119.45,2836600
2016/11/18,119.26,120.24,118.91,120.00,3655400
2016/11/21,119.80,120.50,118.96,119.50,3603300
2016/11/22,119.50,120.29,118.88,119.69,3699100
2016/11/23,119.73,120.76,119.73,120.14,2860200
2016/11/24,119.73,120.76,119.73,120.14,2860200
2016/11/25,120.08,120.99,119.92,120.66,1709100
2016/11/28,120.38,121.87,120.23,121.82,5931700
2016/11/29,120.38,120.79,119.02,120.68,6370900
2016/11/30,120.22,120.49,119.27,119.27,5696100
2016/12/1,118.96,118.96,117.87,118.47,4445000
2016/12/2,118.00,118.50,117.71,118.24,3348700
2016/12/5,119.45,120.34,119.03,119.29,5191900
2016/12/6,119.29,119.65,118.60,119.25,3368000
2016/12/7,119.41,120.13,118.47,119.92,4059900
2016/12/8,120.05,121.15,119.50,120.45,3255100
2016/12/9,120.57,121.27,120.21,121.26,2623700
2016/12/12,121.57,122.25,121.26,121.74,4172000
2016/12/13,121.78,122.92,121.76,122.68,4308000
2016/12/14,122.87,123.40,122.39,122.84,4967400
2016/12/15,122.97,123.36,121.77,122.36,4402800
2016/12/16,122.89,123.84,122.54,123.24,10793800
2016/12/19,123.23,123.66,122.77,122.99,3545500
2016/12/20,123.18,123.90,122.71,123.33,2768800
2016/12/21,123.15,123.76,123.10,123.18,2762800
2016/12/22,123.12,124.00,123.09,123.72,3037100
2016/12/23,123.37,123.83,123.07,123.14,2164100
2016/12/26,123.37,123.83,123.07,123.14,2164100
2016/12/27,123.30,123.65,122.97,123.07,1919300
2016/12/28,122.93,123.35,122.61,122.68,1980200
2016/12/29,122.76,123.36,122.76,122.79,1943300
2016/12/30,122.79,123.16,121.44,121.72,3574600
2017/1/2,122.79,123.16,121.44,121.72,3574600
2017/1/3,121.86,122.00,118.96,119.62,5123800
2017/1/4,119.00,119.74,118.18,119.48,3780800
2017/1/5,119.34,120.20,119.10,119.70,4261100
2017/1/6,118.93,121.50,118.52,120.76,4089200
2017/1/9,120.76,121.06,120.33,120.43,3021800
2017/1/10,120.46,120.85,119.73,120.25,3108400
2017/1/11,120.93,121.50,120.62,120.88,3565200
2017/1/12,120.30,122.31,120.20,122.10,3480700
2017/1/13,122.24,122.24,121.10,121.50,2877400
2017/1/16,122.24,122.24,121.10,121.50,2877400
2017/1/17,120.75,122.80,120.70,122.75,4077600
2017/1/18,122.81,123.00,121.80,122.71,3395000
2017/1/19,122.24,123.00,122.04,122.18,3155200
2017/1/20,122.26,122.95,122.02,122.26,4887100
2017/1/23,121.69,122.08,119.82,121.38,7022600
2017/1/24,121.97,122.06,120.52,121.05,3495200
2017/1/25,121.49,121.92,120.95,121.79,3968300
2017/1/26,121.86,122.38,121.76,121.88,2497300
2017/1/27,122.27,122.99,121.48,122.86,3592700
2017/1/30,122.81,123.21,122.30,123.02,3778000
2017/1/31,123.02,123.34,122.10,122.57,3733300
2017/2/1,121.90,122.50,121.70,122.42,3233400
2017/2/2,122.54,123.98,122.26,123.22,3236600
2017/2/3,123.31,124.51,123.28,124.24,3183000
2017/2/6,124.09,124.90,123.95,124.45,2760300
2017/2/7,124.95,125.42,124.59,124.59,2847200
2017/2/8,124.58,125.36,124.49,124.67,2835200
2017/2/9,124.67,125.00,124.36,124.48,2493600
2017/2/10,124.68,126.11,124.52,125.82,3681400
2017/2/13,126.02,126.68,125.49,125.54,2993800
2017/2/14,125.50,126.07,125.27,125.81,2663100
2017/2/15,125.66,126.79,125.45,126.48,2974900
2017/2/16,126.75,127.82,126.31,126.70,3006000
2017/2/17,126.78,127.88,126.68,127.80,3677400
2017/2/20,126.78,127.88,126.68,127.80,3677400
2017/2/21,127.16,128.32,127.16,128.04,4495200
2017/2/22,127.52,128.11,126.40,127.85,3670700
2017/2/23,127.93,128.90,127.44,128.27,3178000
2017/2/24,128.36,128.74,127.75,128.65,3537200
2017/2/27,127.68,127.75,126.78,126.99,5184000
2017/2/28,127.08,127.93,126.58,127.65,4619300
2017/3/1,128.02,130.00,127.62,129.05,5471600
2017/3/2,129.05,129.81,128.15,128.23,6738100
2017/3/3,128.23,128.66,127.44,127.90,4067700
2017/3/6,127.90,128.34,127.40,128.03,3271500
2017/3/7,128.06,128.31,127.34,128.07,3332400
2017/3/8,128.07,128.36,127.47,128.09,3571700
2017/3/9,127.95,128.72,127.69,128.14,3265700
2017/3/10,128.56,128.59,127.72,127.98,3178900
2017/3/13,128.01,128.27,127.35,127.61,3130800
2017/3/14,127.65,128.23,127.50,127.80,2492700
2017/3/15,128.21,128.30,127.47,127.88,3529300
2017/3/16,128.30,128.90,127.93,127.98,3945700
2017/3/17,128.57,129.98,128.42,128.64,12532700
2017/3/20,128.99,129.48,128.47,128.78,3415500
2017/3/21,129.22,129.75,128.18,128.52,4062400
2017/3/22,128.58,129.15,128.41,129.10,3174200
2017/3/23,129.14,129.59,128.81,129.00,2774500
2017/3/24,129.38,129.68,129.16,129.34,3568200
2017/3/27,129.08,129.82,129.02,129.49,2540400
2017/3/28,129.46,129.77,128.94,129.45,3487400
2017/3/29,129.00,129.67,128.63,128.84,3197800
2017/3/30,128.75,129.53,128.60,129.32,2018000
2017/3/31,129.39,130.19,129.30,129.61,3041700
2017/4/3,129.50,129.71,128.86,129.61,3287100
2017/4/4,129.14,129.53,128.65,129.29,3414000
2017/4/5,129.89,131.58,129.65,130.41,4052200
2017/4/6,130.31,130.66,129.96,130.15,3856900
2017/4/7,130.02,130.40,129.62,129.96,2176600
2017/4/10,129.95,130.65,129.52,129.98,2709300
2017/4/11,130.62,131.24,129.80,131.20,3677600
2017/4/12,131.31,131.56,130.87,131.26,3195500
2017/4/13,131.00,131.14,130.57,130.76,2429200
2017/4/14,131.00,131.14,130.57,130.76,2429200
2017/4/17,131.25,131.87,130.91,131.35,3236400
2017/4/18,132.01,132.80,131.80,132.30,3617400
2017/4/19,132.64,133.00,132.34,132.64,3132800
2017/4/20,132.65,133.44,132.64,133.27,2697300
2017/4/21,133.55,133.88,133.15,133.41,3466100
2017/4/24,134.24,134.76,133.26,134.23,5041000
2017/4/25,138.14,141.99,137.18,141.70,10893800
2017/4/26,141.70,142.00,140.34,140.84,7132200
2017/4/27,141.88,142.79,140.85,140.87,5183700
2017/4/28,140.39,140.76,139.78,139.93,4779900
2017/5/1,139.86,141.45,139.84,141.15,3747200
2017/5/2,140.98,141.81,140.72,141.23,3774100
2017/5/3,142.20,142.70,141.40,142.62,4278400
2017/5/4,142.62,143.67,142.26,143.45,4178800
2017/5/5,143.42,143.98,142.58,143.96,2452700
2017/5/8,143.93,144.50,143.66,144.24,2813000
2017/5/9,144.09,144.98,144.00,144.36,3053800
2017/5/10,143.86,144.64,143.73,144.52,2273300
2017/5/11,144.08,144.41,143.40,144.21,1941900
2017/5/12,144.50,145.50,144.46,145.36,2747900
2017/5/15,145.43,146.40,145.43,146.28,3332800
2017/5/16,146.55,147.67,146.28,147.29,3540900
2017/5/17,147.29,147.46,146.24,146.41,3875600
2017/5/18,146.41,147.24,145.81,147.01,2730900
2017/5/19,147.25,148.83,146.84,148.15,4071200
2017/5/22,148.30,148.88,147.93,148.19,3294500
2017/5/23,148.22,148.53,147.65,147.82,3262300
2017/5/24,147.94,149.99,147.00,149.50,3348900
2017/5/25,149.81,149.95,149.27,149.78,3408100
2017/5/26,149.87,150.24,149.25,149.86,3258200
2017/5/29,149.87,150.24,149.25,149.86,3258200
2017/5/30,149.95,150.33,149.52,149.93,3113900
2017/5/31,150.12,151.15,149.60,150.89,6415700
2017/6/1,150.79,152.39,150.35,152.39,4349800
2017/6/2,152.52,153.90,152.15,153.74,4316700
2017/6/5,153.63,153.66,152.76,152.79,2633700
2017/6/6,152.37,152.59,151.21,151.23,3661900
2017/6/7,151.23,152.01,150.73,151.94,2922900
2017/6/8,151.94,152.15,151.01,151.43,3709900
2017/6/9,151.88,152.00,150.90,151.48,4143100
2017/6/12,151.48,151.48,148.04,148.47,5902600
2017/6/13,148.86,150.25,148.62,149.82,4267700
2017/6/14,150.32,151.08,149.91,150.68,2675500
2017/6/15,149.90,151.52,149.65,151.17,2517500
2017/6/16,150.98,152.89,150.92,151.99,5443900
2017/6/19,152.39,153.18,151.84,153.14,3263800
2017/6/20,154.27,155.28,153.84,154.07,3614400
2017/6/21,154.18,154.42,153.61,153.73,2448500
2017/6/22,153.78,154.91,153.68,154.80,2003800
2017/6/23,155.00,155.45,154.43,154.64,2214700
2017/6/26,155.18,155.46,153.52,153.96,2360900
2017/6/27,154.00,154.82,153.46,153.72,2139000
2017/6/28,154.04,154.68,153.74,154.30,1302800
2017/6/29,154.58,154.58,152.15,153.13,1975900
2017/6/30,153.30,153.77,152.72,153.16,2508200
2017/7/3,153.44,153.87,152.48,152.50,1100700
2017/7/4,153.44,153.87,152.48,152.50,1100700
2017/7/5,152.82,153.57,151.99,153.07,2497300
2017/7/6,152.70,153.46,152.33,153.09,2019800
2017/7/7,153.37,156.56,153.15,156.27,4117800
2017/7/10,156.28,156.53,155.16,155.52,2402200
2017/7/11,155.09,155.88,154.01,154.91,2008800
2017/7/12,155.41,156.75,155.27,156.58,2094900
2017/7/13,156.49,156.54,154.34,155.04,3169700
2017/7/14,154.99,155.50,154.73,155.28,2440200
2017/7/17,155.43,155.44,154.70,155.26,2408700
2017/7/18,155.00,155.27,153.37,153.96,3890300
2017/7/19,154.13,154.46,153.48,153.89,3072200
2017/7/20,154.03,155.22,153.55,154.21,2240200
2017/7/21,154.06,154.70,153.29,153.92,3522400
2017/7/24,154.00,154.22,151.77,151.85,5307400
2017/7/25,157.75,159.98,156.54,159.07,9511400
2017/7/26,158.76,159.00,155.68,156.51,4679000
2017/7/27,156.42,157.43,155.54,156.95,4624100
2017/7/28,156.36,156.66,155.07,155.85,3964500
2017/7/31,155.92,156.42,154.85,155.14,4272400
2017/8/1,154.98,155.90,153.71,154.04,4185100
2017/8/2,153.76,156.65,153.71,156.59,3326000
2017/8/3,156.56,156.77,154.41,154.72,3666100
2017/8/4,154.61,154.82,153.23,153.82,4435400
2017/8/7,154.14,155.39,154.00,154.97,3252100
2017/8/8,154.67,155.25,154.10,154.92,4234300
2017/8/9,155.30,155.68,154.35,154.92,3006500
2017/8/10,154.33,157.20,154.25,156.62,3874500
2017/8/11,156.88,158.40,156.63,157.30,2925000
2017/8/14,157.45,157.90,156.46,157.26,2809100
2017/8/15,157.84,158.58,157.34,157.62,2160100
2017/8/16,157.89,159.38,157.60,158.90,2921800
2017/8/17,158.75,159.53,157.81,157.89,3071600
2017/8/18,157.99,158.28,157.02,157.76,2595700
2017/8/21,158.17,158.64,157.54,158.36,2195100
2017/8/22,158.50,159.94,158.39,159.64,2122600
2017/8/23,159.30,159.37,158.38,158.81,2190700
2017/8/24,159.11,159.68,158.33,158.41,1634800
2017/8/25,158.89,159.34,158.53,158.82,2019600
2017/8/28,159.04,159.96,158.66,159.67,2027300
2017/8/29,159.20,159.76,158.73,159.38,3283400
2017/8/30,158.40,159.64,158.32,159.53,2236500
2017/8/31,159.77,160.00,159.35,159.97,2717000
2017/9/1,159.87,160.20,159.50,159.81,1878300
2017/9/4,159.87,160.20,159.50,159.81,1878300
2017/9/5,159.00,159.78,158.07,159.10,4000500
2017/9/6,159.23,159.37,158.22,158.22,4143300
2017/9/7,158.47,160.07,158.33,159.90,2965400
2017/9/8,159.53,160.38,159.18,159.71,2984200
2017/9/11,160.00,161.72,159.92,161.53,2333600
2017/9/12,160.21,160.72,155.77,156.33,10324100
2017/9/13,156.74,157.78,156.00,157.00,4705600
2017/9/14,157.00,157.35,156.05,157.00,3109700
2017/9/15,157.79,158.00,156.88,156.92,7425100
2017/9/18,157.72,157.79,156.35,156.68,3831900
2017/9/19,157.27,157.90,156.33,157.43,3554600
2017/9/20,157.90,159.89,157.76,159.88,3641100
2017/9/21,159.87,160.09,158.51,159.03,2503400
2017/9/22,158.88,159.74,158.56,158.91,2442700
2017/9/25,158.47,158.69,156.10,156.26,3661500
2017/9/26,156.25,156.84,153.27,153.35,6420000
2017/9/27,153.51,154.69,153.44,154.05,3915900
2017/9/28,156.16,158.31,155.48,157.49,4210200
2017/9/29,157.51,158.04,156.12,156.68,3670100
2017/10/2,156.00,157.18,155.80,156.96,2407000
2017/10/3,156.75,157.46,156.36,156.86,2188400
2017/10/4,156.83,157.42,156.65,157.21,1823100
2017/10/5,157.30,158.92,157.30,158.80,2796000
2017/10/6,158.58,160.13,158.58,159.60,3548500
2017/10/9,159.61,160.49,159.50,160.12,2120000
2017/10/10,159.69,161.58,159.59,160.58,2909600
2017/10/11,160.90,163.24,160.58,163.15,3572500
2017/10/12,162.99,164.40,162.77,163.91,3023600
2017/10/13,164.45,165.51,164.08,165.37,2957400
2017/10/16,165.44,165.74,164.44,165.01,2132300
2017/10/17,164.92,166.02,164.75,165.40,2379700
2017/10/18,165.29,166.25,163.89,165.77,2798300
2017/10/19,165.82,166.95,164.92,166.50,2478100
2017/10/20,167.23,167.90,165.50,166.30,5577700
2017/10/23,166.10,166.10,163.09,163.34,6214800
2017/10/24,165.26,166.49,163.59,163.88,7855200
2017/10/25,163.41,165.12,163.00,163.58,3716200
2017/10/26,164.14,164.65,163.75,164.01,2934400
2017/10/27,164.09,165.85,163.77,165.39,2298100
2017/10/30,165.00,166.56,164.67,166.23,2051000
2017/10/31,166.25,167.41,166.13,166.91,2873000
2017/11/1,165.72,167.99,165.57,166.37,2186100
2017/11/2,166.99,168.47,166.50,168.10,2291000
2017/11/3,168.00,169.45,167.60,168.65,1959500
2017/11/6,168.90,170.42,168.60,170.07,3087700
2017/11/7,170.10,170.82,169.52,170.77,2506000
2017/11/8,170.17,170.92,169.45,170.10,2605000
2017/11/9,168.72,169.20,166.10,167.00,4219000
2017/11/10,166.40,166.80,163.52,165.59,4226800
2017/11/13,165.47,167.95,165.08,167.37,2605600
2017/11/14,166.84,168.42,166.57,168.11,2180900
2017/11/15,167.69,168.69,167.15,167.32,2019300
2017/11/16,167.68,168.89,167.53,168.09,2293400
2017/11/17,167.54,167.70,166.16,166.72,2221400
2017/11/20,167.33,167.85,166.76,166.93,2442300
2017/11/21,167.55,169.26,167.51,168.30,2653100
2017/11/22,169.27,170.35,168.67,169.05,2719200
2017/11/23,169.27,170.35,168.67,169.05,2719200
2017/11/24,168.88,169.56,168.82,169.11,963200
2017/11/27,168.90,169.18,168.09,168.96,2082400
2017/11/28,169.23,171.38,169.04,171.34,2909900
2017/11/29,171.70,172.02,169.05,170.43,4590300
2017/11/30,170.24,173.17,169.34,171.97,6023700
2017/12/1,172.77,173.15,170.39,172.87,4279200
2017/12/4,173.27,173.48,170.43,170.65,3943100
2017/12/5,173.64,174.25,172.46,172.99,3228700
2017/12/6,173.48,174.44,173.00,173.48,2618700
2017/12/7,172.55,173.29,171.92,172.91,2284800
2017/12/8,173.04,173.54,172.51,173.15,2241100
2017/12/11,172.94,173.25,172.22,173.25,2340800
2017/12/12,173.00,173.20,171.85,172.23,2805900
2017/12/13,172.44,173.96,172.40,173.55,2554000
2017/12/14,173.66,174.08,172.83,173.14,2666900
2017/12/15,174.30,175.09,173.68,174.06,7435200
2017/12/18,174.87,175.78,174.11,174.20,2426300
2017/12/19,174.39,174.90,173.08,173.39,3122500
2017/12/20,173.83,173.88,171.71,172.17,2749400
2017/12/21,172.60,172.75,171.67,171.85,2343300
2017/12/22,171.82,172.04,170.55,171.42,3234100
2017/12/25,171.82,172.04,170.55,171.42,3234100
2017/12/26,171.09,171.64,170.82,171.29,1280200
2017/12/27,171.33,172.74,170.85,172.67,1596800
2017/12/28,173.26,173.55,172.62,173.10,1800100
2017/12/29,172.98,172.98,171.92,172.12,2201800
2018/1/1,172.98,172.98,171.92,172.12,2201800
2018/1/2,173.73,174.48,172.66,173.22,3696900
2018/1/3,173.23,173.64,172.00,172.49,3789600
2018/1/4,173.24,174.13,172.73,173.70,2756400
2018/1/5,174.00,175.00,173.40,174.05,3737700
2018/1/8,173.74,174.21,172.93,173.93,2060800
2018/1/9,174.23,174.23,173.01,173.54,2674300
2018/1/10,173.50,174.00,172.47,173.51,2172500
2018/1/11,173.56,174.55,172.10,173.39,3078000
2018/1/12,173.36,173.79,172.88,173.57,2901600
2018/1/15,173.36,173.79,172.88,173.57,2901600
2018/1/16,173.62,174.41,172.88,173.68,3662600
2018/1/17,174.35,175.69,173.88,174.98,4129600
2018/1/18,175.19,175.45,173.90,174.57,2154800
2018/1/19,174.99,176.64,174.38,176.12,3746300
2018/1/22,175.97,176.83,175.61,176.21,3217900
2018/1/23,175.57,177.75,174.85,176.81,3197600
2018/1/24,177.30,177.30,175.25,176.12,2810800
2018/1/25,176.40,176.62,174.66,175.66,2815800
2018/1/26,175.67,178.40,175.01,178.36,3957700
2018/1/29,178.30,178.70,177.24,177.77,6091900
2018/1/30,177.10,177.67,170.85,172.48,9613000
2018/1/31,173.60,174.30,170.27,171.14,7004200
2018/2/1,170.27,173.54,168.89,171.90,4751300
2018/2/2,170.80,172.73,168.99,169.38,4604500
2018/2/5,168.61,169.46,153.86,163.85,7309300
2018/2/6,158.35,166.05,158.25,165.18,7020000
2018/2/7,164.86,168.26,164.52,165.71,4974000
2018/2/8,165.69,165.73,158.76,158.97,5656000
2018/2/9,159.98,161.98,155.23,160.80,7187100
2018/2/12,162.37,165.89,161.50,163.90,5255900
2018/2/13,163.00,163.83,161.72,162.40,5406000
2018/2/14,161.44,162.02,159.68,159.99,5865600
2018/2/15,161.14,161.52,158.81,160.78,5012100
2018/2/16,159.47,159.90,157.76,157.79,7165800
2018/2/19,159.47,159.90,157.76,157.79,7165800
2018/2/20,157.00,159.16,156.28,157.16,5211100
2018/2/21,157.76,161.32,157.60,158.64,7833400
2018/2/22,158.95,161.40,158.90,160.66,4398200
2018/2/23,161.44,163.31,161.44,163.06,4272400
2018/2/26,164.00,164.75,162.30,163.58,4525200
2018/2/27,164.19,164.50,160.64,160.66,4907500
2018/2/28,160.43,161.21,157.72,157.74,6116800
2018/3/1,157.80,160.43,155.21,155.70,5609000
2018/3/2,148.91,150.45,146.84,148.27,11754300
2018/3/5,148.28,151.48,147.92,151.03,6397800
2018/3/6,151.25,151.71,150.13,151.20,5015400
2018/3/7,149.86,152.74,149.68,152.38,4492000
2018/3/8,152.73,154.61,152.65,154.44,4291400
2018/3/9,155.62,157.73,154.84,157.24,5076500
2018/3/12,157.74,159.45,157.51,157.74,4461500
2018/3/13,158.56,159.89,158.21,158.22,4333100
2018/3/14,159.00,159.51,157.24,158.24,3879000
2018/3/15,158.71,162.15,158.59,161.61,5925700
2018/3/16,161.88,163.23,161.58,162.36,14293800
2018/3/19,162.00,162.36,158.21,159.01,4307600
2018/3/20,159.75,160.67,159.25,159.38,3105100
2018/3/21,160.00,160.41,158.29,158.66,3871900
2018/3/22,157.85,159.12,156.85,157.04,3669400
2018/3/23,157.59,157.78,154.92,154.98,3447400
2018/3/26,156.21,158.20,156.21,158.01,3477000
2018/3/27,158.50,159.77,156.47,157.48,3519100
2018/3/28,157.84,159.76,157.82,158.41,3913200
2018/3/29,159.00,159.83,156.38,156.38,5289500
2018/3/30,159.00,159.83,156.38,156.38,5289500
2018/4/2,158.27,160.16,155.25,157.72,6960100
2018/4/3,157.98,160.53,157.30,160.40,4719400
2018/4/4,158.50,162.15,157.88,161.73,4888000
2018/4/5,162.40,164.56,161.75,163.95,4503900
2018/4/6,162.42,163.78,160.91,161.25,4321900
2018/4/9,162.22,163.57,161.06,161.23,3581500
2018/4/10,162.83,163.96,162.05,162.77,3902600
2018/4/11,162.50,164.06,162.28,163.34,2711100
2018/4/12,163.59,165.40,161.54,161.62,5178900
2018/4/13,162.16,163.16,161.26,161.73,2452800
2018/4/16,161.30,162.44,160.86,161.63,3115200
2018/4/17,162.39,163.48,162.06,162.55,2861900
2018/4/18,162.59,163.31,161.74,161.81,2503100
2018/4/19,161.61,162.10,158.78,159.53,3276600
2018/4/20,159.33,160.73,158.51,158.77,3961200
2018/4/23,158.97,159.69,158.15,158.99,3051900
2018/4/24,159.75,159.83,156.76,157.32,2904400
2018/4/25,157.09,157.34,155.01,155.94,3710200
2018/4/26,156.46,159.46,155.65,158.90,3680600
2018/4/27,159.48,159.85,158.21,158.30,4141500
2018/4/30,164.69,167.95,163.75,167.44,12954700
2018/5/1,166.38,166.50,162.10,163.44,6560100
2018/5/2,162.15,163.20,160.44,160.68,4318400
2018/5/3,160.60,160.84,159.08,160.08,3450100
2018/5/4,159.95,165.45,159.90,165.03,4283600
2018/5/7,166.77,167.30,164.65,165.00,3379000
2018/5/8,164.44,165.59,163.75,164.77,2808100
2018/5/9,165.00,165.21,163.05,164.24,2762500
2018/5/10,164.45,165.64,164.31,165.07,1675100
2018/5/11,165.00,165.98,164.85,165.39,2258500
2018/5/14,165.65,165.98,164.32,164.72,2537300
2018/5/15,164.27,164.65,162.33,163.06,3471300
2018/5/16,163.24,163.94,161.74,162.87,2522000
2018/5/17,162.63,163.23,160.73,161.31,2975500
2018/5/18,161.68,162.84,160.55,160.98,2318000
2018/5/21,161.78,161.97,160.61,161.48,2424000
2018/5/22,162.06,162.09,159.16,159.45,3224000
2018/5/23,159.70,161.65,159.16,161.62,3835100
2018/5/24,161.11,162.60,160.44,162.39,3378000
2018/5/25,162.44,163.95,162.10,163.21,2582100
2018/5/28,162.44,163.95,162.10,163.21,2582100
2018/5/29,162.43,162.72,160.21,160.62,3197100
2018/5/30,161.41,162.10,160.82,161.82,2396500
2018/5/31,161.18,161.63,159.94,160.01,4881100
2018/6/1,159.90,160.05,159.02,159.16,3203800
2018/6/4,160.08,160.49,159.54,160.22,3174600
2018/6/5,159.97,160.99,158.98,159.48,2952300
2018/6/6,159.79,162.39,159.33,162.38,3586200
2018/6/7,163.75,170.00,163.69,169.48,8342500
2018/6/8,169.02,171.56,168.46,168.91,5056600
2018/6/11,169.04,169.04,166.26,166.49,3246500
2018/6/12,166.82,167.24,166.23,166.73,2985300
2018/6/13,166.99,167.61,166.55,166.58,3140500
2018/6/14,167.04,167.94,166.68,167.05,2390000
2018/6/15,166.10,166.60,164.59,166.46,7384400
2018/6/18,165.53,166.58,163.81,166.28,4297700
2018/6/19,164.62,165.51,164.24,164.97,3350400
2018/6/20,164.91,165.53,162.37,162.56,3649500
2018/6/21,163.29,163.60,159.54,160.53,4655800
2018/6/22,161.27,165.14,161.26,164.55,8703600
2018/6/25,163.00,163.00,158.95,159.81,6126800
2018/6/26,160.01,161.85,159.80,160.91,3375100
2018/6/27,159.05,160.49,157.38,157.42,4962100
2018/6/28,157.25,157.33,155.10,156.32,4136500
2018/6/29,156.76,157.95,156.07,156.69,4024500
2018/7/2,155.99,156.87,155.45,156.87,3024000
2018/7/3,157.36,157.82,156.31,156.48,1437700
2018/7/4,157.36,157.82,156.31,156.48,1437700
2018/7/5,156.90,157.67,156.50,157.32,2248300
2018/7/6,157.77,160.57,157.45,159.42,3298800
2018/7/9,160.47,160.80,159.37,159.94,2477300
2018/7/10,159.83,160.98,159.46,160.62,2187500
2018/7/11,158.89,159.71,157.70,158.62,3203800
2018/7/12,159.15,159.78,158.82,159.12,2360800
2018/7/13,157.40,158.76,155.28,158.51,5186500
2018/7/16,158.62,159.28,157.96,158.78,2818200
2018/7/17,158.56,160.00,158.56,159.75,1877500
2018/7/18,159.85,159.87,157.81,157.93,3824000
2018/7/19,157.59,158.64,157.11,157.41,4869700
2018/7/20,157.20,158.35,156.28,157.97,2695500
2018/7/23,157.80,158.83,157.04,158.75,2754300
2018/7/24,159.24,159.58,157.52,157.94,3388400
2018/7/25,157.69,158.99,157.41,158.89,4193400
2018/7/26,158.23,158.89,154.71,156.14,7409800
2018/7/27,156.58,158.01,156.40,157.48,4234100
2018/7/30,157.39,160.02,157.09,158.64,3274800
2018/7/31,158.70,159.00,157.23,157.54,3530000
2018/8/1,156.57,157.22,155.66,156.92,4252800
2018/8/2,156.65,156.93,153.13,155.41,6245900
2018/8/3,155.70,156.97,154.29,156.21,3673100
2018/8/6,156.03,157.41,155.46,156.72,2375200
2018/8/7,156.91,157.20,155.84,156.04,1929300
2018/8/8,156.49,158.93,156.17,158.92,2988000
2018/8/9,158.84,159.62,157.96,159.30,2764500
2018/8/10,158.34,159.51,157.87,158.68,3343200
2018/8/13,158.48,158.99,157.25,158.14,2879600
2018/8/14,158.35,161.43,158.19,160.60,3111600
2018/8/15,159.81,160.46,158.37,159.88,3355500
2018/8/16,160.15,162.28,160.15,161.73,2822100
2018/8/17,161.90,161.90,160.24,161.15,2527400
2018/8/20,161.29,162.16,161.10,161.68,2659500
2018/8/21,161.46,161.95,161.02,161.04,1920900
2018/8/22,161.41,161.51,160.08,160.55,2361500
2018/8/23,160.56,160.79,158.37,159.05,2755500
2018/8/24,158.74,159.86,158.30,159.38,2199400
2018/8/27,160.23,160.52,159.20,160.48,2627100
2018/8/28,160.55,161.67,160.16,161.64,2138000
2018/8/29,161.92,163.34,161.69,163.11,3168200
2018/8/30,163.03,163.29,162.37,162.80,3038400
2018/8/31,161.53,162.91,161.53,162.23,3649700
2018/9/3,161.53,162.91,161.53,162.23,3649700
2018/9/4,161.81,161.98,160.07,161.72,3296300
2018/9/5,161.60,163.40,161.19,163.24,2749200
2018/9/6,163.04,164.30,162.70,163.74,3133800
2018/9/7,163.58,164.20,163.14,163.90,2868300
2018/9/10,164.48,166.02,164.24,165.07,3080100
2018/9/11,164.88,165.93,164.20,164.62,2946400
2018/9/12,164.32,165.42,163.74,164.74,2613300
2018/9/13,165.45,165.46,161.70,162.40,3663600
2018/9/14,163.00,163.11,160.25,160.84,3939800
2018/9/17,159.55,159.82,156.56,158.14,5360000
2018/9/18,158.17,159.08,157.58,157.77,3722800
2018/9/19,158.71,159.49,157.72,159.18,2822000
2018/9/20,160.21,161.05,159.37,160.79,3218700
2018/9/21,162.71,165.30,162.51,165.30,8805500
2018/9/24,163.90,164.08,161.12,163.31,4375300
2018/9/25,164.59,167.18,164.07,166.41,5282900
2018/9/26,166.40,167.51,165.55,165.76,3092600
2018/9/27,165.62,167.27,165.30,166.53,2390700
2018/9/28,166.74,167.83,166.51,167.29,3390200
2018/10/1,168.37,168.95,166.66,166.67,3118200
2018/10/2,166.35,167.04,165.18,165.18,3071200
2018/10/3,166.10,167.60,164.37,164.66,3830300
2018/10/4,164.89,166.07,164.50,165.80,3230400
2018/10/5,166.24,167.49,165.79,166.57,2822500
2018/10/8,166.25,168.17,166.12,167.77,2560500
2018/10/9,168.16,170.56,167.81,169.83,4157900
2018/10/10,171.99,172.00,168.22,168.37,4190500
2018/10/11,166.41,167.67,161.82,162.97,5430700
2018/10/12,163.93,164.96,161.86,163.82,3446100
2018/10/15,164.69,165.47,163.64,163.67,4265900
2018/10/16,163.44,164.46,162.90,164.07,4094700
2018/10/17,164.47,167.73,164.11,166.77,3608400
2018/10/18,166.64,167.99,165.77,166.81,3378600
2018/10/19,166.39,168.15,166.30,167.49,3510000
2018/10/22,167.98,169.81,166.19,166.63,5703500
2018/10/23,171.20,177.87,170.50,177.15,12918300
2018/10/24,176.13,178.00,174.43,177.35,7866400
2018/10/25,177.56,178.27,174.60,175.31,4646400
2018/10/26,174.60,174.93,172.60,173.34,4741600
2018/10/29,175.00,176.16,172.22,173.23,3485200
2018/10/30,173.51,178.59,173.44,178.49,5582900
2018/10/31,178.81,178.96,176.37,176.90,5424700
2018/11/1,176.67,177.35,174.70,174.88,3701200
2018/11/2,176.45,176.99,174.00,176.75,4190900
2018/11/5,177.41,181.10,177.00,180.39,4747300
2018/11/6,180.03,182.86,179.49,182.71,4864700
2018/11/7,183.00,184.48,181.88,184.25,4363900
2018/11/8,184.29,186.04,184.08,185.48,3318600
2018/11/9,186.00,186.58,185.07,185.94,3237000
2018/11/12,185.95,187.42,183.78,184.37,3080800
2018/11/13,183.94,184.92,183.32,184.01,2358100
2018/11/14,184.22,185.09,183.36,183.85,3407500
2018/11/15,182.97,183.98,181.52,183.56,3351100
2018/11/16,183.50,187.77,183.42,187.59,3759500
2018/11/19,187.74,188.90,185.79,186.72,3745900
2018/11/20,185.67,186.63,183.03,183.71,3708300
2018/11/21,183.21,185.57,182.70,182.72,3410600
2018/11/22,183.21,185.57,182.70,182.72,3410600
2018/11/23,182.52,183.00,181.07,181.93,1747700
2018/11/26,182.40,184.09,182.07,183.89,3843300
2018/11/27,183.33,184.64,183.19,184.63,2194200
2018/11/28,185.97,188.05,184.72,187.85,3279500
2018/11/29,190.72,190.88,188.61,189.26,4617100
2018/11/30,188.34,189.23,186.76,188.51,6635700
2018/12/3,188.10,188.42,184.67,185.37,4401700
2018/12/4,185.79,188.08,184.90,185.04,4436200
2018/12/5,185.79,188.08,184.90,185.04,4436200
2018/12/6,182.74,185.75,182.10,185.45,4878000
2018/12/7,185.33,187.20,182.67,182.96,3088000
2018/12/10,182.96,185.09,180.55,184.65,3084900
2018/12/11,186.57,186.83,182.87,183.59,2889100
2018/12/12,183.93,184.84,182.35,183.48,3024600
2018/12/13,184.00,186.76,183.81,186.43,2737500
2018/12/14,185.26,185.26,182.20,183.29,4450000
2018/12/17,182.80,183.62,180.20,180.79,4566700
2018/12/18,182.24,182.61,179.06,179.71,4269000
2018/12/19,180.95,182.98,178.58,179.16,3883800
2018/12/20,178.21,178.81,172.54,173.68,5775300
2018/12/21,173.53,177.65,173.53,174.15,8536900
2018/12/24,174.24,175.27,170.17,170.28,2400900
2018/12/25,174.24,175.27,170.17,170.28,2400900
2018/12/26,170.09,174.04,169.04,174.03,4065500
2018/12/27,173.29,175.71,170.73,175.71,3934500
2018/12/28,176.30,177.50,174.85,175.56,2896800
2018/12/31,175.96,177.80,175.60,177.57,2482600
2019/1/1,175.96,177.80,175.60,177.57,2482600
2019/1/2,175.41,176.30,174.17,176.06,2571500
2019/1/3,175.45,176.45,174.41,174.90,3728200
2019/1/4,176.03,179.20,175.69,178.28,3194300
2019/1/7,178.14,181.88,178.14,180.22,3283000
2019/1/8,181.96,182.29,179.91,180.60,2941400
2019/1/9,180.56,180.90,179.19,180.29,2680700
2019/1/10,179.84,181.88,179.32,181.55,2498500
2019/1/11,180.59,182.40,180.46,182.37,2348900
2019/1/14,181.42,181.75,180.69,181.22,1886200
2019/1/15,181.47,183.21,180.74,181.02,3860200
2019/1/16,180.94,181.53,179.14,179.35,3375600
2019/1/17,179.25,181.11,179.03,181.11,3061000
2019/1/18,183.04,183.26,180.94,182.57,3498000
2019/1/21,183.04,183.26,180.94,182.57,3498000
2019/1/22,182.25,185.48,182.25,184.57,3190300
2019/1/23,184.78,186.17,184.11,186.09,2530700
2019/1/24,186.86,187.88,185.94,187.37,3214200
2019/1/25,188.77,189.42,183.93,184.00,4405600
2019/1/28,183.06,183.72,181.83,183.60,4138700
2019/1/29,183.28,183.72,180.97,182.17,3666700
2019/1/30,182.92,187.79,178.67,181.77,9489900
2019/1/31,180.25,181.85,176.87,178.78,10440100
2019/2/1,179.55,180.49,176.48,176.72,6529200
2019/2/4,177.29,177.78,175.66,177.55,4533800
2019/2/5,177.71,179.42,177.22,177.57,4495900
2019/2/6,177.55,177.55,175.99,176.18,3965200
2019/2/7,176.00,176.26,174.31,175.28,4176300
2019/2/8,174.77,175.47,174.40,174.75,4051600
2019/2/11,175.24,175.90,174.17,174.26,3216400
2019/2/12,174.79,175.28,173.80,173.97,4692800
2019/2/13,174.00,174.66,173.75,174.15,5283000
2019/2/14,173.93,176.44,173.41,175.87,4428800
2019/2/15,177.28,179.98,177.01,179.97,4648600
2019/2/18,177.28,179.98,177.01,179.97,4648600
2019/2/19,181.11,181.90,179.16,179.25,4765400
2019/2/20,179.47,180.92,179.34,180.49,3707400
2019/2/21,180.45,183.34,180.40,182.81,4391000
2019/2/22,182.98,183.41,182.00,183.17,3073500
2019/2/25,183.93,184.71,182.41,182.61,3090800
2019/2/26,183.44,183.81,182.47,183.21,2219100
2019/2/27,183.07,184.06,182.84,183.36,2261700
2019/2/28,182.13,183.98,182.01,183.84,3297900
2019/3/1,184.59,185.65,184.07,185.05,2691000
2019/3/4,184.55,184.73,179.70,180.59,4899800
2019/3/5,180.60,181.75,180.35,181.35,3362500
2019/3/6,182.00,183.46,181.90,182.03,2083900
2019/3/7,182.12,182.39,179.95,180.52,3268100
2019/3/8,179.75,180.00,178.27,179.50,2757200
2019/3/11,180.00,181.12,179.80,181.08,2071500
2019/3/12,181.67,182.10,180.66,181.83,2191800
2019/3/13,182.52,183.18,181.70,182.06,2612100
2019/3/14,181.99,182.78,180.67,182.74,2375300
2019/3/15,183.27,185.46,182.11,185.33,6010500
2019/3/18,185.98,186.26,183.41,183.95,3669200
2019/3/19,184.06,184.37,182.53,183.11,4102800
2019/3/20,183.38,185.36,182.32,184.97,3522400
2019/3/21,184.44,186.63,184.43,186.37,2830200
2019/3/22,185.96,188.65,185.94,186.81,3319600
2019/3/25,186.25,186.46,184.01,185.72,2651600
2019/3/26,186.65,188.88,186.35,187.48,2609600
2019/3/27,187.64,188.66,187.03,187.51,1684800
2019/3/28,187.97,189.45,187.93,189.39,1977100
2019/3/29,190.25,190.52,188.91,189.90,2952000
2019/4/1,190.50,190.85,187.74,188.39,3195100
2019/4/2,188.91,188.95,186.70,188.35,1797700
2019/4/3,188.88,189.24,187.62,188.35,2512300
2019/4/4,189.05,190.73,188.90,189.87,2324900
2019/4/5,190.35,191.24,190.07,190.71,2438400
2019/4/8,190.71,191.50,189.60,189.85,2290100
2019/4/9,189.40,190.28,188.44,190.08,2279500
2019/4/10,190.56,191.30,188.76,189.22,2406800
2019/4/11,189.28,189.48,188.05,188.88,1740400
2019/4/12,189.59,192.28,189.57,191.60,3238800
2019/4/15,191.77,192.35,190.85,191.85,1973500
2019/4/16,192.50,193.07,191.39,191.70,1559200
2019/4/17,192.00,192.35,191.37,191.61,1875000
2019/4/18,191.77,195.00,191.66,194.91,2918400
2019/4/19,191.77,195.00,191.66,194.91,2918400
2019/4/22,194.00,194.73,193.38,193.92,1738400
2019/4/23,194.31,195.95,194.12,195.26,2192900
2019/4/24,195.57,198.26,195.34,197.63,3070100
2019/4/25,196.49,198.02,195.62,197.93,2040800
2019/4/26,198.47,198.60,196.54,197.42,2302100
2019/4/29,197.98,198.36,195.40,197.12,3456100
2019/4/30,198.85,200.00,195.50,197.57,6162300
2019/5/1,195.87,197.19,193.95,194.17,4059600
2019/5/2,194.19,195.15,193.32,194.61,2418000
2019/5/3,195.34,197.97,194.75,197.52,2915200
2019/5/6,196.53,199.18,195.94,198.90,2371300
2019/5/7,197.96,199.62,196.73,198.04,3072500
2019/5/8,197.71,199.09,196.75,198.03,2040900
2019/5/9,197.12,198.31,196.41,197.73,1923600
2019/5/10,197.06,200.36,197.02,199.99,2668800
2019/5/13,198.00,199.91,197.28,199.03,2809400
2019/5/14,198.83,199.61,197.64,198.01,2787700
2019/5/15,197.66,199.73,197.50,199.07,1899000
2019/5/16,199.36,200.63,198.89,199.99,2520500
2019/5/17,198.86,200.37,198.80,199.22,2239600
2019/5/20,199.22,200.68,198.28,198.99,2217400
2019/5/21,200.89,201.15,199.07,199.84,2264600
2019/5/22,199.52,200.17,198.50,199.96,1760300
2019/5/23,198.81,199.43,198.10,198.97,3560400
2019/5/24,199.87,199.90,197.33,197.77,2105800
2019/5/27,199.87,199.90,197.33,197.77,2105800
2019/5/28,198.28,199.38,196.38,196.67,3675100
2019/5/29,195.85,196.70,194.85,196.02,2925100
2019/5/30,196.01,199.42,195.78,199.24,2685000
2019/5/31,197.41,200.03,197.25,198.27,3669100
2019/6/3,198.36,199.10,197.32,198.78,3211800
2019/6/4,199.00,200.30,198.79,199.63,3829900
2019/6/5,200.08,200.56,199.25,200.13,4294600
2019/6/6,200.12,203.38,200.03,203.05,4657600
2019/6/7,203.50,206.39,203.50,205.48,4345000
2019/6/10,206.10,206.10,199.74,201.30,4647500
2019/6/11,202.30,203.65,201.39,203.26,2991400
2019/6/12,204.49,205.49,203.70,204.93,2874000
2019/6/13,205.20,205.40,203.66,204.49,2277800
2019/6/14,204.00,205.81,203.78,205.29,2715800
2019/6/17,205.75,205.75,203.09,203.81,2694400
2019/6/18,205.00,205.40,203.92,204.51,2470900
2019/6/19,204.62,205.00,202.61,204.55,2328400
2019/6/20,205.00,205.39,204.10,205.12,2162200
2019/6/21,205.58,205.94,203.98,204.26,4267400
2019/6/24,204.75,205.25,203.63,203.92,2486800
2019/6/25,204.80,206.39,204.72,205.71,3020900
2019/6/26,205.49,205.67,204.01,204.55,2576000
2019/6/27,204.67,206.35,204.20,206.27,2253500
2019/6/28,206.90,207.99,206.32,207.66,3658200
2019/7/1,208.86,209.43,206.19,206.30,2689500
2019/7/2,206.75,209.58,206.32,209.58,3120000
2019/7/3,209.82,212.87,209.70,212.81,2306000
2019/7/4,209.82,212.87,209.70,212.81,2306000
2019/7/5,212.30,213.01,210.25,211.24,1876200
2019/7/8,211.24,212.53,211.23,212.16,1818000
2019/7/9,211.99,212.69,211.47,212.09,1618800
2019/7/10,212.25,213.46,211.95,213.00,1842300
2019/7/11,214.47,214.80,211.61,212.69,1922800
2019/7/12,212.69,213.40,211.27,212.99,1960100
2019/7/15,213.63,214.70,212.69,214.21,2408500
2019/7/16,213.53,214.90,212.15,213.72,2380400
2019/7/17,213.98,214.90,213.36,213.71,1698400
2019/7/18,214.08,215.95,213.33,215.91,2259800
2019/7/19,215.58,216.26,213.80,213.87,2860500
2019/7/22,213.79,215.33,212.52,215.00,2580000
2019/7/23,215.74,216.25,212.64,214.31,2503600
2019/7/24,213.84,214.95,212.27,212.78,2971600
2019/7/25,212.36,214.60,212.31,214.44,3789000
2019/7/26,217.95,218.96,214.49,215.58,5029300
2019/7/29,216.00,217.42,214.30,214.98,4278600
2019/7/30,214.29,215.21,211.58,212.34,2808500
2019/7/31,212.08,212.71,209.37,210.72,4048800
2019/8/1,211.18,213.13,210.11,211.25,3231800
2019/8/2,211.30,215.09,210.89,214.48,3517800
2019/8/5,213.64,214.61,209.43,210.45,3685600
2019/8/6,210.50,214.55,209.88,214.08,2970300
2019/8/7,213.26,217.56,211.34,216.83,3767200
2019/8/8,217.31,219.74,216.17,218.01,3724300
2019/8/9,218.08,221.93,218.08,221.15,3784000
2019/8/12,220.44,220.65,216.37,217.16,2338200
2019/8/13,220.00,220.22,218.04,219.73,2913300
2019/8/14,218.95,219.74,216.38,216.48,3233700
2019/8/15,216.00,218.48,215.67,218.27,2774100
2019/8/16,219.18,219.82,217.30,218.47,2475900
2019/8/19,219.99,220.21,217.11,218.78,2721100
2019/8/20,218.86,219.92,218.35,218.47,2333800
2019/8/21,219.90,220.79,218.73,220.71,2053200
2019/8/22,220.54,220.89,217.88,219.49,2550600
2019/8/23,219.17,219.47,213.89,214.66,3662300
2019/8/26,216.08,217.18,214.21,216.91,2553100
2019/8/27,217.58,217.90,216.05,216.05,2070000
2019/8/28,216.62,218.21,215.40,218.07,2146100
2019/8/29,219.83,221.02,218.37,220.54,2729800
2019/8/30,219.80,220.00,216.94,217.97,2733700
2019/9/2,219.80,220.00,216.94,217.97,2733700
2019/9/3,217.93,218.67,216.28,217.13,3183100
2019/9/4,217.50,219.26,216.50,218.50,2252200
2019/9/5,220.21,220.33,218.40,219.49,2752100
2019/9/6,219.81,220.84,219.45,220.03,1976500
2019/9/9,220.50,220.50,217.16,217.26,2569600
2019/9/10,215.43,215.43,208.28,209.68,6407600
2019/9/11,209.69,211.55,208.54,210.20,3393300
2019/9/12,211.90,214.03,211.30,212.15,3439100
2019/9/13,212.50,212.78,208.95,209.81,3791800
2019/9/16,209.30,209.86,207.33,207.40,3437700
2019/9/17,208.00,210.84,207.49,209.85,3667900
2019/9/18,210.65,210.88,208.29,210.43,2534800
2019/9/19,210.38,211.83,209.87,210.52,2552000
2019/9/20,210.34,211.78,209.37,209.39,5979300
2019/9/23,209.06,212.47,209.06,211.54,2812100
2019/9/24,212.50,213.52,211.55,212.02,3049800
2019/9/25,212.02,213.15,211.00,212.63,2414500
2019/9/26,214.22,215.67,212.48,212.60,3053100
2019/9/27,213.06,213.63,212.29,213.16,2333200
2019/9/30,213.16,215.36,212.81,214.71,2488000
2019/10/1,211.13,211.70,208.46,209.02,4811900
2019/10/2,207.93,208.48,205.59,206.27,4171400
2019/10/3,206.82,210.03,206.33,210.03,3499900
2019/10/4,210.83,211.71,210.04,211.69,2220300
2019/10/7,211.10,212.87,211.10,211.92,3057000
2019/10/8,210.98,213.14,209.97,211.11,2555900
2019/10/9,211.70,213.47,211.62,212.83,1745900
2019/10/10,211.76,213.13,211.50,211.76,1853100
2019/10/11,213.03,213.27,208.67,209.02,3945700
2019/10/14,208.00,210.02,207.79,208.38,3088000
2019/10/15,209.56,209.72,206.52,207.22,3766800
2019/10/16,207.00,208.93,206.81,208.30,2891400
2019/10/17,208.50,209.49,206.84,206.85,3340500
2019/10/18,206.80,209.05,206.73,208.50,3518800
2019/10/21,209.70,210.76,208.44,209.85,3684200
2019/10/22,205.09,205.25,199.15,199.27,10265400
2019/10/23,200.11,201.14,198.02,199.21,7943700
2019/10/24,199.54,199.55,195.79,196.02,4955600
2019/10/25,196.10,196.65,194.40,194.61,4773700
2019/10/28,194.98,195.32,191.50,191.78,7711400
2019/10/29,192.00,193.20,191.64,192.62,4454600
2019/10/30,193.29,197.00,191.68,196.89,6332600
2019/10/31,197.40,198.00,195.63,196.70,4961000
2019/11/1,197.78,197.97,193.70,193.94,4192400
2019/11/4,190.16,190.75,187.55,188.66,17662100
2019/11/5,189.65,193.00,189.45,192.18,10496000
2019/11/6,193.30,195.27,193.05,194.18,6473500
2019/11/7,195.72,196.00,192.32,193.08,4820200
2019/11/8,194.60,194.78,193.22,193.61,3499400
2019/11/11,193.63,194.25,192.50,192.64,2746700
2019/11/12,193.00,193.86,192.77,193.28,2930600
2019/11/13,193.77,195.09,193.51,195.00,3405000
2019/11/14,195.23,195.50,193.16,194.00,3173900
2019/11/15,194.57,194.79,193.31,193.97,2991300
2019/11/18,194.20,195.72,193.86,194.28,3420300
2019/11/19,194.20,194.40,193.01,193.44,2910500
2019/11/20,193.59,194.97,193.54,194.13,3131300
2019/11/21,194.28,194.66,192.26,192.35,3509500
2019/11/22,193.19,193.42,192.15,193.14,2417700
2019/11/25,193.94,194.32,191.60,191.89,3999600
2019/11/26,192.00,194.03,191.95,194.01,3877200
2019/11/27,194.26,196.67,193.92,196.30,4133000
2019/11/28,194.26,196.67,193.92,196.30,4133000
2019/11/29,196.51,196.54,194.27,194.48,2815500
2019/12/2,195.38,195.59,193.78,195.18,3197500
2019/12/3,194.30,195.04,192.35,193.12,3745300
2019/12/4,193.59,194.47,192.89,194.31,2217200
2019/12/5,194.50,194.50,193.14,194.21,2819600
2019/12/6,194.55,195.74,194.11,195.35,3095100
2019/12/9,195.66,196.35,194.29,194.68,2227500
2019/12/10,194.62,195.39,194.28,194.95,2470100
2019/12/11,195.67,195.75,194.26,194.72,2490300
2019/12/12,195.25,197.17,194.91,196.31,3024700
2019/12/13,196.04,197.33,195.34,197.12,2077900
2019/12/16,197.59,198.16,196.48,197.88,3650100
2019/12/17,197.60,198.72,196.45,196.52,3338200
2019/12/18,196.60,196.79,194.71,195.63,4287700
2019/12/19,195.46,197.18,195.25,197.06,3345700
2019/12/20,198.55,199.00,196.65,197.14,6415500
2019/12/23,197.54,197.54,196.03,196.20,2388900
2019/12/24,195.93,197.14,195.67,196.67,1152500
2019/12/25,195.93,197.14,195.67,196.67,1152500
2019/12/26,196.61,197.16,196.16,197.06,1809600
2019/12/27,197.33,198.47,197.18,198.17,2263900
2019/12/30,197.58,197.80,195.94,196.91,2242400
2019/12/31,196.80,197.95,196.56,197.61,2278700
2020/1/1,196.80,197.95,196.56,197.61,2278700
2020/1/2,198.00,200.80,197.81,200.79,3554200
2020/1/3,199.39,200.55,198.85,200.08,2767600
2020/1/6,199.60,202.77,199.35,202.33,4660400
2020/1/7,201.87,202.68,200.51,202.63,4047400
2020/1/8,202.62,206.69,202.20,205.91,5284200
2020/1/9,206.86,209.37,206.10,208.35,5971600
2020/1/10,208.44,208.95,207.27,207.27,2336400
2020/1/13,207.38,207.78,205.76,206.51,2784200
2020/1/14,205.46,207.65,205.46,207.32,2622700
2020/1/15,207.32,210.35,207.32,209.77,3369400
2020/1/16,210.11,211.11,209.22,210.85,2726700
2020/1/17,211.42,212.77,211.35,211.98,3540400
2020/1/20,211.42,212.77,211.35,211.98,3540400
2020/1/21,211.37,212.26,210.22,211.16,4100500
2020/1/22,213.16,213.66,211.41,211.44,2757400
2020/1/23,210.54,213.50,208.62,213.42,3378200
2020/1/24,214.18,214.18,210.90,211.24,3106300
2020/1/27,207.84,210.61,207.30,209.34,3389300
2020/1/28,209.89,212.21,209.86,210.39,3855200
2020/1/29,211.69,216.42,210.80,214.44,5734800
2020/1/30,214.00,216.74,212.83,216.18,3560700
2020/1/31,215.52,217.10,213.14,213.97,3920800
2020/2/3,214.99,216.88,214.23,215.18,3539200
2020/2/4,216.11,216.69,214.25,214.62,3367900
2020/2/5,215.64,215.78,213.01,214.37,2911400
2020/2/6,214.72,214.82,212.64,212.87,2903300
2020/2/7,212.56,212.84,211.09,211.61,2421600
2020/2/10,211.34,213.28,211.25,213.21,2318800
2020/2/11,214.00,215.86,213.65,215.73,2694500
2020/2/12,216.00,217.47,215.11,217.46,2844900
2020/2/13,216.71,218.39,216.19,217.42,2853400
2020/2/14,217.50,217.84,216.38,217.09,1720400
2020/2/17,217.50,217.84,216.38,217.09,1720400
2020/2/18,215.92,217.04,215.67,216.15,2712600
2020/2/19,216.81,216.92,215.61,215.63,2229500
2020/2/20,216.15,216.65,212.78,215.08,2869400
2020/2/21,215.24,216.37,214.30,215.87,2791200
2020/2/24,210.58,215.18,210.11,213.52,4218800
2020/2/25,214.58,216.83,211.15,212.10,5053700
2020/2/26,212.89,214.56,209.75,210.10,4190800
2020/2/27,207.70,210.00,200.93,201.00,6406200
2020/2/28,196.00,198.44,188.81,194.17,11324000
2020/3/2,193.81,202.55,193.18,202.55,6154200
2020/3/3,202.00,205.67,197.16,199.51,5115200
2020/3/4,201.93,207.16,200.90,207.02,4260400
2020/3/5,202.64,203.91,196.33,198.32,4107200
2020/3/6,192.90,199.58,191.21,198.86,6360100
2020/3/9,187.67,194.47,184.10,186.86,7788500
2020/3/10,190.95,200.00,187.89,199.86,5835200
2020/3/11,192.94,195.74,185.83,188.25,5625100
2020/3/12,174.78,179.84,169.38,170.13,9079300
2020/3/13,178.26,179.47,168.20,177.13,8042600
2020/3/16,157.10,161.92,147.63,149.01,9341300
2020/3/17,148.02,149.48,135.00,147.62,13708200
2020/3/18,137.50,141.71,124.23,137.30,12627600
2020/3/19,135.20,154.84,128.21,149.50,12773400
2020/3/20,153.59,161.54,147.77,148.49,12000000
2020/3/23,142.95,153.21,136.50,137.10,10660400
2020/3/24,149.00,162.98,146.10,161.95,11678400
2020/3/25,165.00,171.36,159.22,162.98,9708700
2020/3/26,163.99,170.93,161.00,167.35,8259900
2020/3/27,162.78,169.74,159.22,164.01,6441400
2020/3/30,164.92,170.31,163.57,168.13,5621700
2020/3/31,166.84,169.51,165.00,165.35,4519900
2020/4/1,160.22,161.44,156.35,158.17,4668900
2020/4/2,155.00,161.95,155.00,161.50,4803200
2020/4/3,160.31,162.23,156.15,160.33,5050400
2020/4/6,169.20,177.87,168.24,177.04,8330900
2020/4/7,184.53,185.19,175.16,175.59,7848300
2020/4/8,175.01,179.42,174.10,177.49,5665700
2020/4/9,180.73,185.46,179.62,183.70,4901300
2020/4/10,180.73,185.46,179.62,183.70,4901300
2020/4/13,182.68,182.85,176.91,180.12,3182500
2020/4/14,183.75,184.49,181.84,183.99,3863800
2020/4/15,178.74,180.97,177.27,177.84,4961500
2020/4/16,177.00,179.91,172.27,179.50,7120800
2020/4/17,182.32,186.81,180.23,186.10,6467600
2020/4/20,184.45,185.78,181.55,181.65,3856500
2020/4/21,177.37,179.39,176.10,177.58,4758300
2020/4/22,180.75,187.73,180.75,186.48,4243600
2020/4/23,186.16,187.33,181.32,182.04,5050100
2020/4/24,183.26,184.35,180.86,184.02,3319600
2020/4/27,185.15,188.37,184.77,185.89,4048200
2020/4/28,190.00,190.00,185.57,185.93,3805000
2020/4/29,188.53,190.41,186.88,187.82,3465200
2020/4/30,182.00,188.31,180.76,187.56,7127200
2020/5/1,184.00,185.54,182.15,182.66,3764800
2020/5/4,181.31,182.46,178.87,181.87,4027100
2020/5/5,183.53,183.86,179.11,179.24,3828400
2020/5/6,180.60,181.12,176.86,176.97,3916900
2020/5/7,179.50,181.56,178.30,181.12,3039600
2020/5/8,183.20,183.43,179.91,181.23,3411600
2020/5/11,179.37,182.88,178.52,180.88,2631300
2020/5/12,181.97,182.59,176.44,176.54,3610600
2020/5/13,176.18,176.57,171.01,172.82,4729100
2020/5/14,170.20,175.66,167.85,175.41,4868400
2020/5/15,173.05,174.71,171.68,173.81,6879600
2020/5/18,180.06,181.15,178.11,179.83,4653000
2020/5/19,180.12,181.46,178.07,179.57,3365000
2020/5/20,182.00,184.60,180.57,184.10,4920800
2020/5/21,184.18,185.48,182.11,185.08,2913600
2020/5/22,184.48,185.35,183.18,184.41,2475200
2020/5/25,184.48,185.35,183.18,184.41,2475200
2020/5/26,189.59,190.66,184.24,184.84,3990900
2020/5/27,188.74,188.75,185.27,187.72,3993400
2020/5/28,189.42,190.48,186.72,188.73,3567600
2020/5/29,187.43,188.70,185.71,186.32,5717200
2020/6/1,186.71,187.84,185.60,187.41,2168200
2020/6/2,188.40,188.56,186.09,187.59,3125500
2020/6/3,188.47,193.81,188.09,193.29,3881500
2020/6/4,192.32,194.26,191.62,193.24,3469100
2020/6/5,198.00,200.15,196.27,197.16,4728300
2020/6/8,195.68,202.73,195.64,202.65,4443900
2020/6/9,200.37,201.57,199.01,199.52,3728600
2020/6/10,199.13,199.56,195.67,195.80,3459900
2020/6/11,190.90,192.91,186.33,187.51,5796000
2020/6/12,191.67,191.67,185.45,189.17,4108600
2020/6/15,184.60,190.12,184.14,189.49,4499000
2020/6/16,192.00,193.50,187.51,190.32,5434800
2020/6/17,191.92,192.88,190.42,190.79,3154100
2020/6/18,190.01,190.74,187.89,189.49,3153300
2020/6/19,192.29,192.36,186.53,186.56,6267700
2020/6/22,186.00,187.77,184.89,187.46,3223200
2020/6/23,189.55,189.73,186.32,186.62,2951900
2020/6/24,184.96,185.71,181.34,184.29,4146600
2020/6/25,183.51,184.08,180.33,182.76,3145200
2020/6/26,182.37,182.81,178.88,179.74,5107400
2020/6/29,180.57,182.83,179.17,182.80,2622200
2020/6/30,182.92,185.20,181.89,184.47,3163100
2020/7/1,184.95,186.44,183.72,184.66,2193800
2020/7/2,187.00,187.00,182.86,183.52,2690200
2020/7/3,187.00,187.00,182.86,183.52,2690200
2020/7/6,186.00,188.72,184.14,188.50,3171500
2020/7/7,187.37,187.85,185.25,185.82,2399600
2020/7/8,185.50,187.23,184.75,185.85,2776400
2020/7/9,186.22,186.59,182.62,184.33,2333500
2020/7/10,183.78,185.44,183.01,184.88,2714100
2020/7/13,185.60,188.95,184.71,184.92,3221600
2020/7/14,185.09,190.84,184.73,190.72,4138600
2020/7/15,193.90,194.00,189.88,191.77,3735400
2020/7/16,191.12,192.76,190.15,190.92,2111100
2020/7/17,191.34,191.90,190.13,191.48,1972600
2020/7/20,190.90,192.77,190.37,191.61,2157100
2020/7/21,192.33,194.90,192.00,192.98,3505400
2020/7/22,193.21,199.65,193.05,198.62,3484400
2020/7/23,198.46,199.27,196.01,197.55,2702200
2020/7/24,196.89,198.91,195.73,198.72,2199900
2020/7/27,199.04,202.52,198.71,201.25,4541700
2020/7/28,198.60,199.89,195.50,196.24,6051000
2020/7/29,196.30,198.46,195.71,196.21,3342900
2020/7/30,195.00,196.40,192.92,195.41,2705700
2020/7/31,194.15,194.68,191.64,194.28,3194700
2020/8/3,194.33,195.60,193.59,194.40,3143500
2020/8/4,194.95,199.70,194.34,199.36,3699900
2020/8/5,200.00,200.50,197.91,199.26,2259600
2020/8/6,198.78,203.60,198.37,203.18,3158900
2020/8/7,203.36,205.16,203.29,204.60,2980000
2020/8/10,204.35,205.16,202.54,204.12,2783600
2020/8/11,205.00,207.42,204.25,205.00,2478400
2020/8/12,206.86,207.40,205.38,206.02,2167100
2020/8/13,205.96,207.25,205.35,206.49,1795000
2020/8/14,205.95,207.33,205.20,207.03,2060200
2020/8/17,206.94,209.50,206.85,208.67,2619000
2020/8/18,209.26,210.43,207.23,210.32,2921500
2020/8/19,210.22,211.17,208.64,209.51,2711100
2020/8/20,208.12,210.99,208.10,209.88,2084900
2020/8/21,209.96,212.19,209.26,211.57,3484800
2020/8/24,212.26,213.50,210.93,212.62,2463900
2020/8/25,213.96,214.19,212.22,212.65,2302400
2020/8/26,212.09,214.42,211.60,213.76,2316700
2020/8/27,214.34,216.10,212.10,212.19,3226800
2020/8/28,212.82,216.71,211.77,214.91,3212500
2020/8/31,213.52,214.99,212.81,213.52,2900900
2020/9/1,210.84,213.61,210.58,212.69,2926700
2020/9/2,213.25,217.13,212.69,216.23,4092000
2020/9/3,218.11,218.11,211.90,213.80,3126700
2020/9/4,215.29,217.78,210.76,211.73,3828600
2020/9/7,215.29,217.78,210.76,211.73,3828600
2020/9/8,211.18,216.30,211.06,213.58,4107600
2020/9/9,215.00,218.17,214.44,215.71,3213200
2020/9/10,215.72,219.48,215.72,217.24,3325600
2020/9/11,217.69,219.18,216.28,218.00,3616500
2020/9/14,219.72,222.59,219.34,220.56,2543800
2020/9/15,221.76,223.64,221.40,222.37,2640700
2020/9/16,222.17,226.72,221.30,224.81,3463700
2020/9/17,223.70,223.73,220.50,222.58,3376600
2020/9/18,221.62,223.57,220.13,220.27,3861400
2020/9/21,217.14,218.05,213.40,216.41,2831800
2020/9/22,216.43,216.96,214.55,216.41,2475600
2020/9/23,217.67,219.69,214.24,214.97,2777700
2020/9/24,214.75,218.41,213.59,216.12,1727000
2020/9/25,215.30,219.25,213.65,218.18,2196800
2020/9/28,220.00,221.98,219.02,220.26,2111700
2020/9/29,220.42,220.96,218.48,218.68,1731700
2020/9/30,218.87,222.20,218.41,219.49,3034100
2020/10/1,221.59,223.00,217.79,219.59,2443000
2020/10/2,217.51,223.35,217.10,222.67,3833100
2020/10/5,224.86,226.50,224.01,226.07,2913800
2020/10/6,226.83,228.66,223.60,224.09,2453600
2020/10/7,225.58,228.41,225.13,226.48,1972500
2020/10/8,226.09,227.08,224.29,225.80,3195800
2020/10/9,226.94,227.22,223.12,224.83,3237700
2020/10/12,224.81,226.51,223.12,226.11,2412400
2020/10/13,225.70,228.58,224.93,227.35,2098900
2020/10/14,228.41,229.48,227.35,227.62,1862600
2020/10/15,226.15,230.00,225.59,229.64,2177300
2020/10/16,229.77,231.91,229.15,229.37,2162800
2020/10/19,229.55,231.02,225.17,226.00,2009500
2020/10/20,226.74,230.00,226.43,227.45,1883200
2020/10/21,227.23,229.49,227.21,228.19,1518200
2020/10/22,227.76,229.40,226.88,229.15,1961300
2020/10/23,230.41,230.41,227.80,228.71,2278100
2020/10/26,226.78,227.25,220.97,224.27,2537800
2020/10/27,224.47,225.23,222.72,222.97,1801900
2020/10/28,218.39,220.59,214.46,214.69,3272900
2020/10/29,214.69,217.65,213.07,214.95,2477600
2020/10/30,213.60,215.22,209.91,213.00,3450900
2020/11/2,215.88,216.32,210.79,212.56,2983200
2020/11/3,215.59,218.10,213.95,216.80,2615000
2020/11/4,215.00,219.47,213.30,214.87,3360800
2020/11/5,216.07,218.20,214.68,216.31,3622000
2020/11/6,216.00,217.89,214.25,216.56,3916100
2020/11/9,226.79,227.85,207.17,213.22,7981200
2020/11/10,215.75,215.99,211.34,213.32,4255600
2020/11/11,214.81,219.25,214.30,218.02,4126900
2020/11/12,217.56,217.82,210.88,213.07,4253200
2020/11/13,213.76,214.39,212.34,213.28,3072100
2020/11/16,215.50,216.75,213.63,216.73,3702100
2020/11/17,215.60,217.39,214.02,216.01,2443100
2020/11/18,216.10,217.84,215.41,215.52,3095200
2020/11/19,214.84,215.48,213.33,215.11,2840500
2020/11/20,214.39,215.22,213.63,214.09,3932600
2020/11/23,215.14,217.60,214.65,217.00,3010300
2020/11/24,219.01,221.25,218.25,219.71,3870900
2020/11/25,219.98,220.59,217.92,219.34,1889200
2020/11/26,219.98,220.59,217.92,219.34,1889200
2020/11/27,219.02,220.40,217.66,218.33,1394400
2020/11/30,216.46,217.57,214.43,217.44,3413600
2020/12/1,218.88,218.93,215.53,216.14,4224800
2020/12/2,214.00,214.40,209.13,210.86,6223700
2020/12/3,210.94,213.23,210.56,211.51,3732500
2020/12/4,211.60,213.38,210.10,210.74,3151100
2020/12/7,208.53,209.11,206.19,208.89,3826000
2020/12/8,206.55,209.10,206.41,208.39,2709400
2020/12/9,209.49,209.53,207.33,208.69,3010900
2020/12/10,208.50,208.76,207.07,208.04,2956400
2020/12/11,207.47,208.94,206.73,207.76,2770800
2020/12/14,210.73,214.74,210.21,211.92,4745000
2020/12/15,213.22,216.21,212.74,214.86,3798200
2020/12/16,214.88,217.51,213.66,213.80,2682000
2020/12/17,215.39,215.79,213.53,214.25,2558800
2020/12/18,215.15,216.85,213.82,215.08,7929100
2020/12/21,210.62,212.55,208.01,211.67,4342500
2020/12/22,211.20,212.91,210.37,211.92,2772800
2020/12/23,212.30,213.43,211.79,212.02,1658800
2020/12/24,212.12,212.74,211.14,211.39,1047700
2020/12/25,212.12,212.74,211.14,211.39,1047700
2020/12/28,212.99,214.88,212.19,214.02,2550100
2020/12/29,214.64,215.78,212.45,212.71,1665700
2020/12/30,212.96,213.36,211.28,211.56,1855000
2020/12/31,211.25,214.93,210.78,214.58,2610900
2021/1/1,211.25,214.93,210.78,214.58,2610900
2021/1/4,214.49,214.72,208.22,210.22,4055400
2021/1/5,210.18,211.95,209.62,211.48,2576100
2021/1/6,211.30,211.71,209.03,211.00,3083400
2021/1/7,213.22,213.22,210.56,211.98,3142000
2021/1/8,212.90,216.12,212.23,215.87,2639100
2021/1/11,215.09,216.12,213.12,214.23,2545400
2021/1/12,213.69,214.33,210.94,211.60,2952000
2021/1/13,210.91,213.13,210.90,212.09,2069800
2021/1/14,212.10,212.67,208.00,208.50,3666700
2021/1/15,207.97,210.70,207.42,209.91,3593700
2021/1/18,207.97,210.70,207.42,209.91,3593700
2021/1/19,210.68,211.00,207.88,209.09,3331600
2021/1/20,210.15,214.41,209.63,213.63,4077700
2021/1/21,214.06,215.96,213.32,213.53,2674900
2021/1/22,212.51,214.14,211.17,213.38,2196400
2021/1/25,212.22,214.05,210.56,213.34,2615300
2021/1/26,212.51,215.51,212.17,215.38,2907800
2021/1/27,212.39,213.15,207.00,207.00,5464000
2021/1/28,208.63,210.36,205.13,206.82,5401600
2021/1/29,205.11,209.40,203.11,207.84,5203300
2021/2/1,208.48,209.69,206.60,207.93,2812500
2021/2/2,208.09,212.63,207.65,209.76,2786000
2021/2/3,208.35,209.99,207.93,208.71,3020700
2021/2/4,210.00,212.11,208.67,211.03,2777500
2021/2/5,212.59,214.18,212.01,212.58,2600200
2021/2/8,212.53,212.99,209.96,211.58,2696200
2021/2/9,212.07,216.18,211.77,215.98,3047300
2021/2/10,216.88,217.31,213.81,214.40,3161600
2021/2/11,214.54,214.80,212.40,214.27,2583600
2021/2/12,214.00,214.70,212.99,213.90,2781200
2021/2/15,214.00,214.70,212.99,213.90,2781200
2021/2/16,214.37,216.94,213.83,215.03,2892900
2021/2/17,213.96,214.89,212.63,213.45,3280000
2021/2/18,213.29,215.86,212.65,215.43,2191000
2021/2/19,215.29,215.73,211.97,212.24,3181600
2021/2/22,211.50,213.00,209.69,212.06,2910800
2021/2/23,214.50,215.70,210.43,211.32,3243000
2021/2/24,210.84,214.10,210.42,213.27,2887100
2021/2/25,212.70,212.92,209.74,210.95,3131400
2021/2/26,210.75,211.64,206.14,206.14,5334000
2021/3/1,207.35,210.38,207.35,208.25,2827500
2021/3/2,208.00,209.90,206.19,208.67,3016600
2021/3/3,207.52,208.99,205.61,205.82,3488600
2021/3/4,206.16,207.49,202.73,204.84,3926200
2021/3/5,205.75,208.23,202.96,207.37,3608100
2021/3/8,207.70,210.59,207.14,209.11,3157100
2021/3/9,210.63,211.20,208.28,208.55,3646700
2021/3/10,208.72,213.63,208.24,213.31,3447200
2021/3/11,214.70,215.23,211.49,211.57,3618000
2021/3/12,212.04,214.24,211.42,212.34,2818200
2021/3/15,213.65,220.55,213.50,220.46,5479700
2021/3/16,219.58,221.30,217.16,219.86,3583400
2021/3/17,224.56,224.90,220.01,224.11,5240600
2021/3/18,223.68,225.35,221.41,222.90,3254600
2021/3/19,222.76,225.18,221.00,222.44,7719400
2021/3/22,223.39,226.91,222.65,225.07,4220700
2021/3/23,223.96,226.40,223.75,224.37,2794000
2021/3/24,225.32,227.02,224.04,224.05,2442500
2021/3/25,225.15,225.32,222.44,224.20,3249600
2021/3/26,224.20,225.28,222.42,225.21,3263100
2021/3/29,224.83,227.88,224.30,227.35,3621300
2021/3/30,226.13,227.02,224.22,224.98,2419000
2021/3/31,224.01,226.49,224.00,224.14,3564100
2021/4/1,224.67,226.22,223.28,225.21,2441200
2021/4/2,224.67,226.22,223.28,225.21,2441200
2021/4/5,226.60,229.50,226.19,228.85,2866300
2021/4/6,229.71,232.27,228.72,231.91,3230900
2021/4/7,231.68,232.81,231.24,232.61,2551300
2021/4/8,232.61,232.80,229.20,230.25,2772200
2021/4/9,230.19,231.61,228.87,231.48,2728900
2021/4/12,231.48,232.38,230.49,230.96,2292700
2021/4/13,230.44,231.66,229.69,231.32,2570900
2021/4/14,231.22,231.29,229.59,230.31,2129200
2021/4/15,229.81,231.36,229.20,231.28,2063000
2021/4/16,233.65,234.26,232.31,233.08,2694300
2021/4/19,233.12,233.30,230.83,231.81,2254800
2021/4/20,231.24,233.21,231.08,233.01,1885700
2021/4/21,233.30,233.86,231.85,232.26,2065500
2021/4/22,232.83,234.04,231.94,232.96,1839500
2021/4/23,233.79,235.24,233.10,234.58,2137500
2021/4/26,234.78,235.35,231.91,232.31,2490100
2021/4/27,232.57,235.63,232.41,234.98,2623800
2021/4/28,235.20,235.45,232.26,232.41,2777000
2021/4/29,233.99,235.80,232.62,235.21,3146700
2021/4/30,234.00,236.29,233.87,236.08,2640400
2021/5/3,237.99,238.18,235.38,235.56,2458000
2021/5/4,234.63,236.13,233.24,233.86,2529700
2021/5/5,234.12,235.35,231.56,235.04,2070000
2021/5/6,235.54,235.65,233.17,234.86,1832600
2021/5/7,235.00,235.72,233.99,234.84,1406800
2021/5/10,235.10,237.92,235.10,237.11,2031500
2021/5/11,237.74,237.80,232.20,233.86,3028500
2021/5/12,232.11,233.57,227.57,227.94,3198200
2021/5/13,228.00,231.08,227.88,229.77,2819200
2021/5/14,230.71,232.64,230.47,231.72,1943100
2021/5/17,230.81,232.30,230.25,231.68,1630900
2021/5/18,231.89,233.25,231.65,231.93,2913000
2021/5/19,230.23,230.62,228.18,230.15,2967000
2021/5/20,230.72,234.02,230.56,232.18,1890200
2021/5/21,232.42,233.40,230.31,231.24,2601100
2021/5/24,231.52,232.65,231.02,231.91,1823300
2021/5/25,232.17,232.77,230.71,232.14,2681900
2021/5/26,233.79,233.79,232.16,232.35,1564200
2021/5/27,233.01,235.08,232.40,234.86,5242900
2021/5/28,234.13,234.41,232.45,233.89,2853600
2021/5/31,234.13,234.41,232.45,233.89,2853600
2021/6/1,235.98,235.99,232.74,233.24,2574300
2021/6/2,233.97,234.33,232.81,233.78,3172000
2021/6/3,232.57,232.76,230.15,232.45,3249400
2021/6/4,233.44,233.80,232.07,233.38,1615200
2021/6/7,234.00,234.07,231.16,231.69,1877000
2021/6/8,231.50,233.98,231.34,232.64,2106200
2021/6/9,232.98,234.32,231.45,231.47,1982200
2021/6/10,232.05,234.90,231.93,234.59,2534000
2021/6/11,235.00,237.50,234.71,236.93,2654300
2021/6/14,237.18,237.77,234.81,236.98,1836800
2021/6/15,237.53,237.81,235.66,236.35,1948300
2021/6/16,237.21,237.28,233.78,235.58,2951700
2021/6/17,235.08,236.27,233.28,233.88,1895600
2021/6/18,231.47,232.89,228.82,229.62,4408200
2021/6/21,230.63,233.23,229.47,232.90,2193000
2021/6/22,233.49,234.86,232.43,233.88,1758300
2021/6/23,233.30,234.45,232.70,233.24,1701500
2021/6/24,234.10,235.16,232.74,233.33,1839800
2021/6/25,232.74,233.41,232.34,232.42,3000100
2021/6/28,232.67,232.75,230.01,231.09,2901700
2021/6/29,231.53,231.71,230.05,230.37,1932100
2021/6/30,230.92,232.25,230.60,230.99,2450700
2021/7/1,231.41,232.40,230.75,232.27,2210500
2021/7/2,233.08,234.11,232.44,233.63,1851500
2021/7/5,233.08,234.11,232.44,233.63,1851500
2021/7/6,233.66,233.90,231.00,232.75,1762700
2021/7/7,231.92,234.99,231.72,234.63,2069400
2021/7/8,232.95,233.83,231.94,232.84,1932600
2021/7/9,234.07,236.23,233.06,235.68,2560500
2021/7/12,234.59,236.24,234.50,235.61,2158600
2021/7/13,235.66,237.47,235.20,236.17,1884600
2021/7/14,237.03,239.05,236.64,237.13,1993200
2021/7/15,236.59,237.39,234.92,236.88,2165800
2021/7/16,237.79,237.88,234.38,234.75,1680900
2021/7/19,232.51,233.32,226.42,229.26,3774900
2021/7/20,230.65,235.52,230.21,234.27,3275600
2021/7/21,235.98,238.11,235.22,235.93,2146600
2021/7/22,235.65,239.69,235.16,238.67,2538300
2021/7/23,240.13,245.05,239.60,242.96,3996400
2021/7/26,242.00,244.57,241.60,243.98,2638400
2021/7/27,244.17,247.05,244.06,246.35,3135200
2021/7/28,242.50,243.80,239.35,241.78,4948500
2021/7/29,243.32,245.20,242.98,244.02,2572300
2021/7/30,243.85,245.41,242.21,242.71,2336800
2021/8/2,244.24,244.68,239.69,240.10,2693900
2021/8/3,239.56,239.95,235.25,236.95,3300000
2021/8/4,236.45,236.60,233.05,234.83,2240600
2021/8/5,235.74,236.81,234.34,236.42,2230500
2021/8/6,236.68,237.14,235.67,236.26,1558600
2021/8/9,235.79,236.07,234.03,234.68,2093100
2021/8/10,235.10,235.10,233.24,233.45,2027500
2021/8/11,234.19,235.94,233.75,235.55,1969100
2021/8/12,236.00,236.76,235.05,236.67,1490800
2021/8/13,236.79,239.00,236.27,238.82,1699700
2021/8/16,239.00,241.05,238.56,240.97,2175300
2021/8/17,240.35,240.84,238.21,240.28,1652000
2021/8/18,239.44,239.76,237.78,238.08,2215500
2021/8/19,236.68,238.12,236.07,237.23,1455400
2021/8/20,236.96,239.39,236.32,238.49,1989700
2021/8/23,239.46,240.07,237.99,239.66,2086900
2021/8/24,240.39,240.39,238.32,238.43,1687700
2021/8/25,237.93,239.60,237.84,238.83,1668000
2021/8/26,238.79,238.92,235.92,236.95,2008000
2021/8/27,237.43,238.37,236.37,237.48,1784000
2021/8/30,237.34,237.76,235.86,236.59,2245600
2021/8/31,235.75,237.73,234.67,237.46,2938100
2021/9/1,237.88,239.04,237.21,238.15,2197100
2021/9/2,239.20,239.95,238.38,239.87,2140200
2021/9/3,238.39,239.65,237.51,238.82,1339300
2021/9/6,238.39,239.65,237.51,238.82,1339300
2021/9/7,238.61,238.61,235.95,236.19,1820000
2021/9/8,236.80,239.46,236.00,238.62,2718400
2021/9/9,238.42,241.43,237.77,238.61,2992200
2021/9/10,240.32,241.32,239.04,239.18,2035200
2021/9/13,240.83,241.80,239.84,241.21,2294800
2021/9/14,241.73,242.25,239.50,241.13,2013800
2021/9/15,240.47,241.27,238.18,240.98,2507200
2021/9/16,240.29,243.59,239.95,243.21,3410700
2021/9/17,243.84,244.63,241.88,242.49,4756600
2021/9/20,239.88,241.96,236.64,239.09,4549900
2021/9/21,240.00,242.35,239.40,240.50,2008300
2021/9/22,241.80,245.86,241.47,243.13,3361900
2021/9/23,243.74,245.95,243.53,244.78,2941700
2021/9/24,246.64,247.38,245.24,246.42,2508800
2021/9/27,246.00,248.90,245.28,248.11,2463300
2021/9/28,247.29,247.71,242.91,243.77,3007500
2021/9/29,244.38,245.71,243.15,244.28,1719000
2021/9/30,244.77,245.42,240.82,241.11,3136800
2021/10/1,243.07,244.69,240.25,242.93,2076000
2021/10/4,242.06,244.81,241.86,243.08,2236500
2021/10/5,243.97,246.88,243.01,245.22,2463100
2021/10/6,244.56,247.16,243.02,247.10,2107900
2021/10/7,248.00,249.95,247.68,248.32,2423900
2021/10/8,249.25,249.63,247.11,247.70,1687500
2021/10/11,248.10,249.14,246.45,246.58,1504000
2021/10/12,247.73,248.60,244.18,244.52,2346700
2021/10/13,243.27,243.87,239.90,242.65,3214300
2021/10/14,242.88,245.42,242.04,244.55,2512000
2021/10/15,245.24,246.38,241.99,242.25,2564700
2021/10/18,242.42,243.45,241.13,242.26,2484900
2021/10/19,243.22,243.93,241.53,242.77,2071600
2021/10/20,240.40,242.65,239.29,239.72,3040200
2021/10/21,240.17,241.91,239.31,241.40,2702400
2021/10/22,240.71,242.24,238.00,238.44,3283700
2021/10/25,239.23,239.25,236.50,237.34,3178400
2021/10/26,237.47,238.40,236.14,236.42,3066400
2021/10/27,241.05,244.62,238.85,242.73,5249400
2021/10/28,243.40,246.08,242.53,245.50,3448500
2021/10/29,243.00,246.09,242.47,245.55,4329400
2021/11/1,245.80,251.69,245.34,250.58,4456200
2021/11/2,251.76,252.22,248.16,249.24,2624300
2021/11/3,247.99,251.13,247.91,250.40,2399000
2021/11/4,251.12,254.18,250.20,253.46,2711000
2021/11/5,254.69,257.53,254.62,254.71,3224300
2021/11/8,254.78,255.65,251.93,253.10,2471300
2021/11/9,252.91,253.69,250.45,252.65,2258900
2021/11/10,250.81,253.72,250.81,253.13,1794300
2021/11/11,253.33,253.33,249.26,250.16,1640500
2021/11/12,250.15,251.01,248.89,250.67,1625200
2021/11/15,250.67,253.76,250.67,252.94,1709200
2021/11/16,253.50,254.19,252.38,252.46,2195500
2021/11/17,252.41,253.34,250.52,252.69,1412000
2021/11/18,253.16,253.49,251.08,253.48,1751200
2021/11/19,253.29,253.32,250.23,251.95,2743100
2021/11/22,252.67,255.45,252.21,253.48,2438700
2021/11/23,254.81,255.79,253.05,255.65,2770000
2021/11/24,254.50,257.79,254.05,257.11,2642800
2021/11/25,254.50,257.79,254.05,257.11,2642800
2021/11/26,252.51,253.16,248.27,250.01,2573300
2021/11/29,251.85,252.32,249.83,250.30,2084600
2021/11/30,247.38,247.90,243.95,244.60,3836100
2021/12/1,245.76,250.90,244.11,244.18,3275300
2021/12/2,245.66,250.34,245.00,248.80,3290500
2021/12/3,250.32,250.68,247.57,249.33,3229900
2021/12/6,252.40,256.93,252.37,255.79,3616800
2021/12/7,256.95,260.38,256.45,259.91,2596200
2021/12/8,260.00,262.81,259.09,259.58,3453100
2021/12/9,259.50,263.10,258.36,262.34,2955100
2021/12/10,263.88,265.27,262.43,264.97,2529600
2021/12/13,264.22,265.86,262.40,263.09,2878800
2021/12/14,263.00,263.59,261.75,262.52,3695500
2021/12/15,262.16,265.67,261.41,264.52,2641800
2021/12/16,265.56,266.89,264.09,265.55,2347700
2021/12/17,264.00,264.85,260.88,261.70,5943200
2021/12/20,259.63,261.96,258.43,261.73,2824500
2021/12/21,264.29,266.48,263.42,264.39,2851800
2021/12/22,264.32,265.44,264.07,264.94,1795100
2021/12/23,265.92,267.37,265.45,265.95,1509800
2021/12/24,265.92,267.37,265.45,265.95,1509800
2021/12/27,266.47,268.26,266.00,268.24,1485500
2021/12/28,267.58,269.22,267.25,267.88,1304000
2021/12/29,268.45,269.72,267.95,268.49,1318500
2021/12/30,269.00,269.26,266.70,267.21,1714600
2021/12/31,268.00,269.12,267.21,268.07,1519200
2022/1/3,269.49,270.73,265.56,268.58,2750600
2022/1/4,269.50,271.15,268.27,268.51,2506000
2022/1/5,269.30,270.28,266.90,267.19,2473000
2022/1/6,268.12,270.76,267.80,269.69,2908400
2022/1/7,268.56,270.17,267.00,267.06,2209100
2022/1/10,266.71,266.72,262.01,264.41,3122400
2022/1/11,263.49,263.95,260.32,262.12,3206200
2022/1/12,263.37,263.95,260.28,260.92,3044000
2022/1/13,261.41,263.85,260.59,261.41,2371300
2022/1/14,261.14,261.24,257.16,257.71,3460100
2022/1/17,261.14,261.24,257.16,257.71,3460100
2022/1/18,256.96,257.10,254.31,256.48,3076500
2022/1/19,257.55,257.95,255.08,255.22,2304700
2022/1/20,256.62,258.11,252.90,253.13,2602200
2022/1/21,254.04,258.46,253.69,254.59,3738100
2022/1/24,252.38,253.92,247.78,253.61,5153100
2022/1/25,250.83,252.53,247.07,250.68,3908600
2022/1/26,253.00,254.21,247.86,249.85,3839000
2022/1/27,249.60,252.46,245.25,248.74,5199000
2022/1/28,250.00,256.35,247.16,256.09,3833200
2022/1/31,255.02,259.50,254.44,259.45,3174200
2022/2/1,259.75,259.90,255.58,258.99,2496500
2022/2/2,258.83,262.61,258.49,262.28,2371500
2022/2/3,262.00,262.80,260.07,260.64,2242200
2022/2/4,259.87,261.73,257.79,260.06,1989700
2022/2/7,261.00,261.58,259.17,259.85,1959300
2022/2/8,260.50,262.38,259.10,260.08,2920000
2022/2/9,261.99,262.88,259.41,259.86,2379300
2022/2/10,258.60,260.44,255.97,256.87,3246600
2022/2/11,256.87,258.76,254.73,255.16,3592700
2022/2/14,255.91,256.25,251.68,253.39,2825800
2022/2/15,254.82,256.92,253.56,253.81,2171500
2022/2/16,253.77,254.60,251.20,253.09,2941800
2022/2/17,251.48,252.88,250.00,250.93,2831900
2022/2/18,250.34,252.29,250.01,250.60,2813500
2022/2/21,250.34,252.29,250.01,250.60,2813500
2022/2/22,250.01,254.70,249.60,252.70,3980500
2022/2/23,253.53,253.85,247.08,247.79,3497200
2022/2/24,242.93,245.58,239.61,245.03,4856000
2022/2/25,246.00,249.53,243.63,249.45,4549700
2022/2/28,244.44,245.72,242.36,244.77,4410400
2022/3/1,242.30,243.60,238.30,239.63,3910700
2022/3/2,240.85,242.74,239.61,240.94,4482000
2022/3/3,241.01,242.34,235.68,236.65,4707400
2022/3/4,234.62,236.39,231.64,235.81,4184100
2022/3/7,234.31,234.31,224.19,224.33,5425000
2022/3/8,224.33,229.74,222.20,222.79,5258800
2022/3/9,226.79,227.25,222.01,222.47,5630500
2022/3/10,220.20,222.05,217.68,222.00,5444900
2022/3/11,224.74,229.11,224.20,226.87,6126300
2022/3/14,226.78,228.44,223.16,226.18,4436100
2022/3/15,227.98,234.57,227.98,232.57,5087400
2022/3/16,234.87,238.21,234.36,238.14,4173200
2022/3/17,236.44,237.47,234.54,237.47,3752800
2022/3/18,237.23,239.19,235.99,238.92,5336500
2022/3/21,239.58,240.09,234.07,235.32,3704000
2022/3/22,237.04,238.44,236.47,238.12,2938100
2022/3/23,237.13,238.01,235.95,236.12,2200500
2022/3/24,237.56,241.04,236.47,240.26,2337500
2022/3/25,240.54,241.85,239.43,241.58,2134800
2022/3/28,241.91,242.95,239.86,242.94,2041800
2022/3/29,246.35,248.65,244.77,248.17,2657400
2022/3/30,247.51,250.50,247.51,249.03,2227300
2022/3/31,249.72,251.35,247.28,247.28,3803400
2022/4/1,248.12,249.43,246.18,249.25,2023000
2022/4/4,246.79,247.27,242.38,246.83,2500700
2022/4/5,246.10,249.74,245.43,248.51,2532500
2022/4/6,247.64,252.38,245.98,251.46,2886000
2022/4/7,250.79,255.48,249.54,254.36,4041800
2022/4/8,253.04,255.07,250.92,251.46,2551000
2022/4/11,251.25,252.94,249.93,250.45,2326700
2022/4/12,250.73,252.29,248.80,249.17,2724900
2022/4/13,249.36,251.66,249.02,251.33,2133800
2022/4/14,251.33,253.73,250.43,250.51,2105900
2022/4/15,251.33,253.73,250.43,250.51,2105900
2022/4/18,249.63,252.49,249.13,251.06,1426600
2022/4/19,250.04,255.96,250.04,255.40,2324500
2022/4/20,256.00,257.79,254.82,255.85,2278700
2022/4/21,257.65,259.61,254.88,255.25,2476900
2022/4/22,255.00,255.00,249.94,250.17,2643600
2022/4/25,249.45,253.13,247.93,252.88,2523000
2022/4/26,250.13,252.41,248.33,248.58,2948500
2022/4/27,247.98,250.97,247.05,247.14,2706500
2022/4/28,249.94,256.38,248.08,254.19,3547400
2022/4/29,254.28,254.85,248.80,249.16,3388000
2022/5/2,250.86,251.55,242.26,246.64,3418700
2022/5/3,247.39,247.84,242.28,245.87,2562000
2022/5/4,246.16,254.78,246.16,254.32,3289300
2022/5/5,252.89,254.49,246.78,248.92,2925900
2022/5/6,248.19,252.45,247.70,250.78,2964500
2022/5/9,247.00,249.90,246.79,247.49,2918900
2022/5/10,248.99,250.88,244.93,245.68,3070800
2022/5/11,245.27,246.79,243.21,244.43,2833200
2022/5/12,245.32,246.38,241.12,244.19,2861000
2022/5/13,247.15,247.18,242.28,245.04,3255200
2022/5/16,244.46,245.48,240.73,244.04,2147100
2022/5/17,246.00,247.00,239.46,241.63,3204900
2022/5/18,239.46,240.08,230.37,231.05,3946100
2022/5/19,229.50,232.15,228.34,229.00,3518300
2022/5/20,231.38,234.06,228.59,233.91,3208200
2022/5/23,235.76,238.89,233.50,238.00,3053500
2022/5/24,237.50,245.80,237.45,244.52,5258200
2022/5/25,242.58,245.70,241.59,244.01,2641700
2022/5/26,246.00,249.33,245.60,248.09,1972300
2022/5/27,249.50,251.87,248.78,251.87,2063800
2022/5/30,249.50,251.87,248.78,251.87,2063800
2022/5/31,250.00,254.28,248.63,252.21,3924700
2022/6/1,253.19,253.42,248.19,249.28,2264100
2022/6/2,249.60,250.44,246.22,250.38,2089700
2022/6/3,248.43,250.27,248.17,248.36,1838900
2022/6/6,249.08,249.53,247.33,248.07,1569300
2022/6/7,246.00,249.79,245.53,248.94,2782000
2022/6/8,247.90,248.48,244.89,245.61,2101300
2022/6/9,243.62,246.00,242.03,242.16,2682600
2022/6/10,239.18,239.51,237.16,237.38,1992300
2022/6/13,232.79,240.10,232.68,238.47,4697000
2022/6/14,239.96,242.90,238.62,238.76,3564800
2022/6/15,239.86,241.58,236.12,238.90,3152100
2022/6/16,236.08,237.32,233.82,235.19,3272000
2022/6/17,234.22,235.49,232.17,234.38,7236300
2022/6/20,234.22,235.49,232.17,234.38,7236300
2022/6/21,236.22,240.10,234.14,239.59,3263500
2022/6/22,238.79,244.55,238.36,243.06,3054300
2022/6/23,243.70,245.09,240.46,243.58,1937000
2022/6/24,245.26,248.00,244.49,247.90,3104800
2022/6/27,247.90,248.77,246.57,247.03,2059200
2022/6/28,247.06,249.96,242.52,242.83,2381700
2022/6/29,246.14,248.87,245.11,247.74,2997200
2022/6/30,248.25,248.59,245.45,246.88,2786200
2022/7/1,246.35,253.14,246.00,252.96,2531400
2022/7/4,246.35,253.14,246.00,252.96,2531400
2022/7/5,251.15,253.00,249.66,252.29,2390700
2022/7/6,252.47,252.86,249.37,251.46,1948600
2022/7/7,253.26,254.92,251.18,252.94,2396700
2022/7/8,252.60,254.62,252.32,253.24,1450300
2022/7/11,252.08,255.40,252.08,253.28,1478100
2022/7/12,252.97,255.62,250.76,251.48,2112800
2022/7/13,248.96,254.80,248.26,252.67,2205300
2022/7/14,249.89,253.10,249.62,252.60,2371000
2022/7/15,254.02,256.39,253.45,255.01,2627200
2022/7/18,255.24,255.59,252.07,252.42,2164400
2022/7/19,253.88,256.62,252.97,256.50,2181300
2022/7/20,256.78,256.91,253.47,254.58,2183700
2022/7/21,253.99,254.80,252.32,253.47,2056500
2022/7/22,253.75,254.53,252.45,253.99,2226600
2022/7/25,254.57,254.80,248.66,250.38,2860400
2022/7/26,249.56,259.22,248.70,257.09,5272300
2022/7/27,255.80,259.91,254.69,258.89,2718300
2022/7/28,258.80,264.00,257.56,263.46,2849100
2022/7/29,263.65,264.35,262.10,263.37,2653800
2022/8/1,262.54,265.46,262.41,264.23,2384000
2022/8/2,264.62,265.45,260.89,261.05,2375200
2022/8/3,261.05,262.92,259.76,262.09,2305300
2022/8/4,261.70,262.18,258.69,260.64,2089600
2022/8/5,259.64,260.03,257.07,259.23,1818500
2022/8/8,260.00,260.91,255.34,256.80,2253500
2022/8/9,256.90,260.21,256.36,260.06,2315800
2022/8/10,262.00,263.71,260.50,261.36,2967900
2022/8/11,263.20,263.27,258.63,259.28,2007000
2022/8/12,259.55,262.51,259.55,262.18,1530800
2022/8/15,262.21,265.62,261.25,265.44,2342700
2022/8/16,265.04,267.13,264.26,266.29,1828000
2022/8/17,265.96,267.97,265.58,266.82,1699100
2022/8/18,266.00,267.36,265.42,266.58,1591900
2022/8/19,265.94,267.75,265.54,266.54,1833800
2022/8/22,264.50,265.79,262.37,262.95,1986700
2022/8/23,262.62,263.35,260.53,260.54,2211100
2022/8/24,260.71,262.00,259.86,260.86,1777200
2022/8/25,261.99,262.68,260.20,262.56,1330400
2022/8/26,262.80,263.20,256.39,256.95,2357800
2022/8/29,255.50,256.71,254.59,255.66,2017500
2022/8/30,256.00,256.72,252.57,253.49,2051300
2022/8/31,254.17,255.68,252.20,252.28,3119200
2022/9/1,251.82,256.53,251.76,256.47,2577800
2022/9/2,257.41,258.58,253.36,254.51,1791300
2022/9/5,257.41,258.58,253.36,254.51,1791300
2022/9/6,254.47,256.73,253.38,254.39,2645700
2022/9/7,255.14,259.82,254.96,258.42,4185200
2022/9/8,257.85,261.08,257.33,260.08,2448900
2022/9/9,260.26,260.74,258.21,259.52,2007000
2022/9/12,260.00,261.40,259.42,260.37,2204300
2022/9/13,257.74,258.95,253.67,254.33,2604900
2022/9/14,255.00,258.27,254.37,255.72,2745200
2022/9/15,255.02,255.23,252.49,253.47,2289500
2022/9/16,251.85,255.82,251.75,254.91,4304100
2022/9/19,254.00,257.55,253.35,257.01,2195800
2022/9/20,256.10,256.49,252.78,255.40,2140200
2022/9/21,255.13,256.91,251.08,251.08,2438800
2022/9/22,250.39,250.43,247.65,247.94,2300500
2022/9/23,247.21,249.10,244.19,245.95,2672100
2022/9/26,245.94,246.25,242.44,243.76,3179100
2022/9/27,244.58,244.93,236.56,236.70,4193800
2022/9/28,236.13,238.53,233.76,236.94,4202400
2022/9/29,236.32,237.66,232.46,234.40,3053200
2022/9/30,233.32,234.83,230.58,230.74,3629300
2022/10/3,233.52,236.85,231.71,235.34,3286700
2022/10/4,236.71,241.05,236.21,238.50,3685700
2022/10/5,236.91,240.41,236.14,239.09,3033000
2022/10/6,239.34,239.88,234.46,234.75,2999200
2022/10/7,233.96,234.60,232.08,233.19,2294300
2022/10/10,233.41,236.26,233.41,234.95,2668700
2022/10/11,234.16,239.12,233.93,237.05,3169200
2022/10/12,237.27,240.04,237.06,237.06,2709300
2022/10/13,234.46,249.30,234.46,246.75,5026900
2022/10/14,249.08,249.43,242.41,243.16,2918300
2022/10/17,245.80,247.22,243.53,246.48,2758200
2022/10/18,249.37,250.42,247.25,249.19,3123600
2022/10/19,250.00,252.52,249.12,250.75,3021300
2022/10/20,249.55,251.75,249.05,249.77,2410700
2022/10/21,250.21,255.36,249.50,254.55,3254900
2022/10/24,255.28,256.87,253.07,255.32,4125100
2022/10/25,254.57,257.28,254.40,255.73,2689000
2022/10/26,257.84,260.69,256.12,256.61,3582600
2022/10/27,263.00,266.99,262.26,265.11,4145700
2022/10/28,267.51,274.81,265.99,274.52,4647600
2022/10/31,273.06,273.63,270.81,272.66,3336100
2022/11/1,273.69,273.79,269.66,272.95,2740900
2022/11/2,273.00,276.67,270.31,270.37,3069900
2022/11/3,269.33,274.68,268.38,272.95,3225400
2022/11/4,275.60,275.71,272.13,274.62,3256500
2022/11/7,275.07,278.08,275.07,276.41,3029500
2022/11/8,276.86,279.52,276.50,278.40,2628800
2022/11/9,278.51,280.25,277.68,277.79,2610800
2022/11/10,281.49,281.67,272.58,275.88,4510900
2022/11/11,276.33,277.00,269.18,271.39,4742800
2022/11/14,270.93,274.71,270.58,272.27,3357400
2022/11/15,270.25,271.03,266.34,267.84,5429100
2022/11/16,268.92,274.43,268.92,272.51,4132700
2022/11/17,272.07,274.35,270.56,273.36,2467400
2022/11/18,273.92,275.10,272.12,273.37,2699200
2022/11/21,274.65,274.98,273.10,274.52,2974200
2022/11/22,275.00,275.30,274.30,274.76,2770400
2022/11/23,275.55,275.65,272.88,273.27,2514800
2022/11/24,275.55,275.65,272.88,273.27,2514800
2022/11/25,274.51,275.32,272.86,275.00,1596600
2022/11/28,274.88,275.94,272.38,272.88,3160500
2022/11/29,271.00,271.92,269.47,271.41,2873500
2022/11/30,269.62,273.31,268.83,272.79,5196500
2022/12/1,273.16,274.24,271.39,273.40,2599600
2022/12/2,269.81,273.45,269.62,273.40,2807500
2022/12/5,271.02,272.57,270.00,271.59,2586900
2022/12/6,271.80,273.37,270.03,271.77,3573000
2022/12/7,272.50,273.98,269.67,270.34,2766400
2022/12/8,271.00,273.57,270.62,273.39,3022700
2022/12/9,273.61,274.16,271.72,272.04,1677400
2022/12/12,272.19,276.71,271.22,276.62,3230500
2022/12/13,278.68,279.90,273.64,274.28,3390100
2022/12/14,275.22,277.08,272.30,274.53,2660900
2022/12/15,273.79,274.38,269.21,271.73,2735300
2022/12/16,270.41,271.02,265.76,266.12,5932500
2022/12/19,266.25,268.42,264.67,265.83,2160800
2022/12/20,266.92,267.94,264.54,267.25,1785600
2022/12/21,267.48,269.94,267.31,268.16,2366800
2022/12/22,267.27,268.12,263.65,265.77,2366700
2022/12/23,265.90,268.35,264.79,267.57,1269000
2022/12/26,265.90,268.35,264.79,267.57,1269000
2022/12/27,268.66,268.87,266.60,266.84,1674700
2022/12/28,268.00,268.14,265.07,265.11,1427800
2022/12/29,265.94,267.81,264.88,265.93,1393900
2022/12/30,265.20,265.38,261.40,263.53,1720100
2023/1/2,265.20,265.38,261.40,263.53,1720100
2023/1/3,263.53,264.35,259.51,264.33,2743800
2023/1/4,266.25,266.55,262.89,264.39,2584100
2023/1/5,264.76,264.76,261.38,262.16,1945600
2023/1/6,263.76,269.89,263.39,269.47,2855400
2023/1/9,269.93,269.95,266.77,267.25,2654600
2023/1/10,266.98,269.10,266.96,268.91,1718400
2023/1/11,269.52,269.74,266.96,268.81,2391400
2023/1/12,269.50,269.92,266.19,266.69,1933000
2023/1/13,266.39,268.95,265.88,268.89,2168900
2023/1/16,266.39,268.95,265.88,268.89,2168900
2023/1/17,270.02,275.39,270.02,274.11,3640200
2023/1/18,273.51,274.37,265.72,266.04,3276500
2023/1/19,266.72,269.14,263.53,263.58,2845400
2023/1/20,264.43,268.65,262.83,268.58,2588600
2023/1/23,268.84,271.17,267.76,269.29,2434000
2023/1/24,261.22,270.16,261.22,269.56,2517100
2023/1/25,270.33,273.07,268.82,273.00,3097400
2023/1/26,273.00,274.75,271.70,274.72,2222500
2023/1/27,275.00,275.31,271.97,272.46,2203200
2023/1/30,271.67,272.57,270.06,270.89,2862400
2023/1/31,265.09,267.51,263.25,267.40,5477900
2023/2/1,267.02,268.46,263.50,266.27,3557700
2023/2/2,264.89,265.98,262.02,263.21,3735600
2023/2/3,262.63,265.22,261.35,264.23,3008500
2023/2/6,264.99,268.20,264.36,267.92,2863900
2023/2/7,265.02,267.77,263.63,267.34,2514000
2023/2/8,265.09,265.89,262.45,262.82,2801800
2023/2/9,263.69,263.95,260.19,260.66,3534600
2023/2/10,260.87,262.69,260.29,262.42,3049900
2023/2/13,263.70,266.79,263.00,266.20,2418300
2023/2/14,266.65,267.52,264.59,266.61,2202100
2023/2/15,266.27,267.68,265.15,266.56,1862000
2023/2/16,265.07,267.71,263.28,265.83,2785400
2023/2/17,266.30,270.00,265.33,269.99,3055600
2023/2/20,266.30,270.00,265.33,269.99,3055600
2023/2/21,269.29,270.24,267.61,268.55,2824300
2023/2/22,268.20,270.48,267.66,268.64,2192000
2023/2/23,267.70,267.87,263.96,266.78,4217000
2023/2/24,265.91,266.28,262.25,263.68,2645300
2023/2/27,265.03,266.30,263.54,264.78,2024800
2023/2/28,263.14,264.58,262.81,263.91,2853400
2023/3/1,262.54,263.53,261.68,262.72,2058900
2023/3/2,262.45,268.46,262.31,267.57,2385900
2023/3/3,268.42,269.38,266.20,269.07,2725800
2023/3/6,269.15,270.78,268.90,270.64,2217600
2023/3/7,271.52,273.15,266.82,267.13,2766600
2023/3/8,265.86,266.16,263.14,265.33,2314000
2023/3/9,267.09,267.61,260.87,261.63,2339300
2023/3/10,263.73,266.58,261.26,262.03,3093100
2023/3/13,260.37,267.40,260.37,263.08,3552400
2023/3/14,263.12,266.94,262.60,265.90,3194400
2023/3/15,264.58,266.41,262.57,266.34,3419400
2023/3/16,265.78,270.68,265.51,270.57,3097900
2023/3/17,269.57,269.97,265.71,267.20,5075300
2023/3/20,267.84,271.38,267.84,270.74,2108900
2023/3/21,270.00,270.87,267.62,270.21,3120100
2023/3/22,270.04,271.98,267.71,267.87,2240800
2023/3/23,267.99,271.48,267.99,269.62,2263800
2023/3/24,270.37,271.83,268.84,271.33,2229200
2023/3/27,272.00,274.95,270.57,273.84,2799100
2023/3/28,273.99,276.22,273.51,275.85,2036000
2023/3/29,277.00,278.15,276.45,277.44,2053400
2023/3/30,277.26,278.40,276.50,277.79,1788800
2023/3/31,278.92,280.64,278.50,279.61,2902500
2023/4/3,280.99,282.87,279.68,282.14,2352700
2023/4/4,281.41,283.42,280.39,282.28,2282300
2023/4/5,283.49,284.98,281.78,282.02,2600800
2023/4/6,282.43,283.49,281.57,282.89,1731000
2023/4/7,282.43,283.49,281.57,282.89,1731000
2023/4/10,283.18,284.17,281.99,283.78,1941800
2023/4/11,283.17,285.54,282.75,284.48,2732900
2023/4/12,283.85,286.79,283.50,285.30,2557400
2023/4/13,286.57,289.54,286.11,289.07,3229300
2023/4/14,289.29,289.94,287.62,288.98,2054700
2023/4/17,289.84,290.51,288.18,289.31,2371000
2023/4/18,289.40,291.19,289.00,290.91,2086700
2023/4/19,290.91,291.60,290.19,291.27,2254000
2023/4/20,290.96,291.67,289.88,291.00,2274200
2023/4/21,292.32,292.53,290.51,292.06,2171200
2023/4/24,292.83,293.43,291.71,293.20,2995200
2023/4/25,295.00,295.00,289.43,291.51,5845200
2023/4/26,289.98,291.50,289.76,289.76,3290000
2023/4/27,290.72,295.05,290.00,294.72,3142300
2023/4/28,294.83,296.18,293.91,295.75,2838200
2023/5/1,295.72,298.80,295.65,297.58,2124400
2023/5/2,297.37,298.46,295.58,298.07,2083800
2023/5/3,296.76,297.26,294.65,295.22,2425500
2023/5/4,296.06,296.31,293.47,295.16,2005300
2023/5/5,295.77,297.02,294.46,296.60,1815800
2023/5/8,297.10,297.37,295.57,296.69,2969600
2023/5/9,298.63,298.86,296.30,296.66,1637500
2023/5/10,296.38,298.00,293.84,296.57,1849300
2023/5/11,296.50,296.94,293.36,294.79,1955100
2023/5/12,295.19,296.43,294.31,296.14,1801700
2023/5/15,295.77,296.64,294.66,295.90,1700500
2023/5/16,295.94,296.19,293.98,294.15,2859500
2023/5/17,295.52,295.52,292.65,293.46,2802100
2023/5/18,293.25,294.43,291.13,294.05,2410700
2023/5/19,293.84,296.00,292.47,295.55,2371200
2023/5/22,295.55,296.64,289.14,289.35,2514700
2023/5/23,288.15,288.50,285.44,286.37,2943900
2023/5/24,286.45,287.12,284.58,285.92,2262100
2023/5/25,286.79,286.91,284.71,285.52,2748100
2023/5/26,285.68,288.75,285.68,286.04,2148200
2023/5/29,285.68,288.75,285.68,286.04,2148200
2023/5/30,283.93,286.35,283.68,284.92,3385200
2023/5/31,284.88,285.70,283.35,285.11,3104900
2023/6/1,284.92,288.04,283.60,287.87,2605300
2023/6/2,286.70,290.20,286.14,289.91,2869400
2023/6/5,290.00,290.50,288.03,288.43,1974500
2023/6/6,289.86,290.23,281.98,284.54,2771500
2023/6/7,284.45,284.74,281.31,281.90,3614800
2023/6/8,280.97,286.06,280.00,285.78,3043700
2023/6/9,285.52,287.28,284.74,286.79,1975900
2023/6/12,288.16,288.75,286.50,288.57,1885000
2023/6/13,288.50,289.69,287.55,288.55,2027800
2023/6/14,288.10,289.56,287.31,288.44,1964500
2023/6/15,289.65,293.48,288.26,292.61,2619200
2023/6/16,294.51,296.57,293.14,293.70,4891200
2023/6/19,294.51,296.57,293.14,293.70,4891200
2023/6/20,293.65,297.18,292.68,293.04,2729800
2023/6/21,293.32,295.16,292.81,294.52,2837100
2023/6/22,294.62,295.08,291.52,293.30,1799400
2023/6/23,291.35,292.45,289.64,289.91,3720600
2023/6/26,289.64,289.75,287.07,289.09,1851800
2023/6/27,290.31,292.49,289.65,291.30,1815000
2023/6/28,291.45,291.82,289.05,291.74,1666500
2023/6/29,291.55,294.66,290.21,294.47,1744000
2023/6/30,295.14,299.10,294.89,298.41,2644700
2023/7/3,297.79,298.40,294.80,294.84,1601300
2023/7/4,297.79,298.40,294.80,294.84,1601300
2023/7/5,295.11,297.31,294.59,296.90,2356000
2023/7/6,295.32,296.58,293.44,294.92,2569600
2023/7/7,293.72,294.36,291.55,292.10,2586500
2023/7/10,292.40,295.62,292.33,294.49,1703700
2023/7/11,295.29,295.50,291.77,294.74,1529600
2023/7/12,296.83,297.10,295.20,295.61,2156000
2023/7/13,295.39,296.66,295.01,295.22,1656900
2023/7/14,295.25,296.05,294.01,294.94,1550000
2023/7/17,295.08,296.86,294.55,294.68,1669900
2023/7/18,294.47,295.75,292.46,293.82,1991600
2023/7/19,295.00,295.40,293.22,294.13,1969200
2023/7/20,294.31,297.56,294.11,297.13,2104300
2023/7/21,297.66,299.35,295.32,295.61,2835500
2023/7/24,296.00,296.95,294.86,295.31,2034400
2023/7/25,294.20,294.93,291.65,292.36,2780600
2023/7/26,292.25,292.58,289.50,291.75,2896900
2023/7/27,292.00,298.90,291.51,295.19,4698300
2023/7/28,295.80,297.70,292.95,294.03,2843000
2023/7/31,293.61,294.24,290.05,293.20,3296000
2023/8/1,293.00,293.91,290.25,291.07,1916200
2023/8/2,290.26,293.45,289.38,289.62,2388300
2023/8/3,288.80,291.27,288.65,291.02,1910700
2023/8/4,292.41,292.82,286.76,287.02,2520500
2023/8/7,287.88,291.40,287.86,291.40,2176800
2023/8/8,291.05,291.60,288.54,289.58,1948400
2023/8/9,289.00,289.72,287.88,288.23,1895800
2023/8/10,288.81,290.37,286.78,287.60,2436300
2023/8/11,287.25,288.96,286.76,288.62,1761800
2023/8/14,288.79,289.85,287.62,288.81,1712400
2023/8/15,287.95,289.08,287.12,288.30,1883800
2023/8/16,287.57,288.88,285.03,285.40,1829400
2023/8/17,286.15,286.54,281.78,281.86,2148400
2023/8/18,281.72,283.74,280.30,281.74,2624500
2023/8/21,281.70,282.29,278.68,280.04,2682600
2023/8/22,280.76,280.82,279.09,280.31,2052300
2023/8/23,282.02,283.15,280.65,281.87,2308800
2023/8/24,281.74,284.75,281.74,282.35,2006400
2023/8/25,284.76,286.14,283.51,284.58,3725200
2023/8/28,284.58,286.20,283.51,283.68,2317600
2023/8/29,283.95,284.57,280.43,283.59,2348500
2023/8/30,283.80,285.98,283.29,284.24,2410700
2023/8/31,283.21,283.80,280.88,281.15,2979800
2023/9/1,282.54,283.14,279.13,280.94,2136400
2023/9/4,282.54,283.14,279.13,280.94,2136400
2023/9/5,281.00,281.64,279.06,279.16,2410300
2023/9/6,278.00,278.65,275.00,275.44,2705800
2023/9/7,277.25,278.99,276.10,278.33,3732800
2023/9/8,278.08,280.35,277.85,279.22,2351300
2023/9/11,279.69,280.13,278.56,279.76,2433200
2023/9/12,279.49,281.50,277.69,280.71,1450200
2023/9/13,281.67,282.89,280.61,281.77,1724300
2023/9/14,283.33,285.60,282.57,284.76,2219700
2023/9/15,283.86,283.86,277.73,278.23,5730700
2023/9/18,278.72,280.27,276.93,277.72,2884800
2023/9/19,276.44,278.26,276.44,278.13,2128100
2023/9/20,278.74,280.27,277.14,277.20,1979300
2023/9/21,276.94,277.19,271.02,271.22,2370100
2023/9/22,271.40,273.64,270.83,272.22,1958300
2023/9/25,270.45,271.76,268.91,269.78,1895500
2023/9/26,268.82,269.30,266.58,267.72,2251600
2023/9/27,267.72,267.94,262.29,263.64,2735000
2023/9/28,264.23,266.31,263.13,265.59,2182400
2023/9/29,267.15,267.37,261.75,263.44,3367100
2023/10/2,262.00,262.07,257.46,257.75,4425000
2023/10/3,257.21,258.30,253.87,254.49,3408100
2023/10/4,255.33,256.25,254.01,255.81,2820000
2023/10/5,256.00,257.85,251.58,252.23,3799600
2023/10/6,250.00,250.82,245.73,248.22,5130700
2023/10/9,247.72,249.99,247.26,249.92,2782300
2023/10/10,251.72,253.43,250.50,251.52,3129600
2023/10/11,252.59,252.69,249.39,250.92,2919400
2023/10/12,251.69,252.15,245.88,246.19,3528300
2023/10/13,246.82,248.81,246.00,248.31,2646500
2023/10/16,249.22,250.49,248.07,249.94,2774700
2023/10/17,250.09,251.40,249.38,251.14,2627500
2023/10/18,252.85,257.09,252.34,256.03,4559200
2023/10/19,256.26,262.56,256.26,258.38,5646200
2023/10/20,258.96,260.34,257.56,258.11,3779200
2023/10/23,256.61,257.24,254.54,254.75,3409800
2023/10/24,254.68,257.76,254.68,257.27,2468000
2023/10/25,258.12,259.43,256.94,258.03,2759100
2023/10/26,258.36,259.54,255.68,255.83,2702600
2023/10/27,256.55,259.38,254.87,255.76,3209000
2023/10/30,260.10,262.06,254.60,260.15,6305100
2023/10/31,263.46,263.69,259.75,262.17,3990600
2023/11/1,263.00,263.39,259.83,261.97,3543000
2023/11/2,263.59,267.42,263.51,266.85,4109700
2023/11/3,267.56,268.61,265.49,267.87,3126500
2023/11/6,268.01,269.11,267.30,268.91,3090600
2023/11/7,268.80,269.79,268.11,268.67,2360800
2023/11/8,268.83,270.06,267.28,267.49,2223300
2023/11/9,268.24,268.34,265.94,266.91,2501700
2023/11/10,267.33,268.13,265.21,267.79,2664900
2023/11/13,267.40,269.72,267.26,269.20,2591900
2023/11/14,270.00,271.66,269.35,271.49,2647800
2023/11/15,272.43,273.10,269.02,270.39,2575900
2023/11/16,271.07,276.16,271.03,276.12,3593700
2023/11/17,276.55,277.12,275.15,275.75,2604800
2023/11/20,275.35,279.80,275.02,279.03,3499400
2023/11/21,279.87,280.67,278.43,280.47,2940800
2023/11/22,281.25,282.41,281.20,281.93,2285000
2023/11/23,281.25,282.41,281.20,281.93,2285000
2023/11/24,282.00,282.59,281.03,282.54,1218000
2023/11/27,282.66,283.90,281.09,281.84,3703900
2023/11/28,281.50,283.54,281.35,282.09,2199600
2023/11/29,282.21,282.47,279.50,280.38,2433400
2023/11/30,280.42,282.28,278.06,281.84,5030400
2023/12/1,283.25,286.86,283.00,285.96,4967400
2023/12/4,284.99,287.40,284.99,286.13,3522900
2023/12/5,286.55,288.76,285.21,286.54,3005300
2023/12/6,286.73,287.37,283.40,286.86,2765100
2023/12/7,287.49,288.15,285.64,286.79,3131900
2023/12/8,287.33,287.90,285.05,285.53,3623600
2023/12/11,285.56,289.31,285.56,289.15,3353000
2023/12/12,289.12,291.70,288.51,291.42,2252200
2023/12/13,291.69,295.97,291.55,295.93,3312300
2023/12/14,294.60,295.27,288.01,290.02,4626800
2023/12/15,290.41,291.75,285.72,287.27,6328500
2023/12/18,288.65,290.59,287.56,290.23,2490100
2023/12/19,290.67,291.72,289.59,290.73,2054200
2023/12/20,290.73,291.67,288.72,288.99,2398500
2023/12/21,290.57,291.53,289.29,291.39,2313100
2023/12/22,290.70,292.47,290.50,291.70,1700300
2023/12/25,290.70,292.47,290.50,291.70,1700300
2023/12/26,291.22,293.05,290.89,292.86,1381500
2023/12/27,292.50,294.63,292.46,294.55,1892100
2023/12/28,294.47,296.47,294.00,295.84,1907100
2023/12/29,295.83,296.85,295.31,296.51,2227800
2024/1/1,295.83,296.85,295.31,296.51,2227800
2024/1/2,295.05,297.28,295.05,297.04,4458400
2024/1/3,297.00,297.99,294.25,294.39,3114800
2024/1/4,295.32,297.27,290.92,291.74,4615400
2024/1/5,289.21,290.33,287.20,288.99,3407300
2024/1/8,288.51,292.00,287.52,291.90,3097000
2024/1/9,289.63,290.87,287.52,290.87,2176400
2024/1/10,291.00,294.39,290.87,294.09,2199700
2024/1/11,294.45,294.95,290.65,294.15,2047400
2024/1/12,295.46,295.75,292.84,293.47,1714800
2024/1/15,295.46,295.75,292.84,293.47,1714800
2024/1/16,293.47,294.25,289.98,291.09,2859000
2024/1/17,290.14,292.34,290.13,291.16,2008200
2024/1/18,292.09,294.48,291.31,294.36,2221200
2024/1/19,298.00,301.08,296.52,300.53,4250900
2024/1/22,300.95,302.39,297.74,298.41,3250200
2024/1/23,297.44,300.21,297.13,300.05,1874000
2024/1/24,300.00,302.04,299.31,300.44,3209700
2024/1/25,300.74,301.31,296.09,297.21,3219600
2024/1/26,295.33,295.98,291.70,292.26,4210500
2024/1/29,291.64,292.76,288.31,292.31,3899700
2024/1/30,292.14,294.92,290.20,294.65,2524200
2024/1/31,295.90,297.44,291.65,292.72,3476200
2024/2/1,291.70,298.13,290.28,298.08,3380600
2024/2/2,296.07,298.17,293.35,297.05,3971600
2024/2/5,287.01,291.44,283.33,285.97,7581900
2024/2/6,282.97,284.68,281.54,284.65,5927200
2024/2/7,285.05,290.53,284.11,287.33,3954700
2024/2/8,286.20,293.15,284.20,291.93,4605000
2024/2/9,292.15,292.51,288.92,289.47,3323000
2024/2/12,289.00,291.19,288.76,289.44,2392300
2024/2/13,288.63,289.90,285.67,287.11,2756100
2024/2/14,287.32,288.32,286.59,288.17,2139300
2024/2/15,287.90,292.10,287.28,291.86,2401400
2024/2/16,290.79,293.70,289.26,292.02,2837500
2024/2/19,290.79,293.70,289.26,292.02,2837500
2024/2/20,292.00,295.50,291.84,292.65,2264000
2024/2/21,293.09,295.20,292.25,293.91,2076400
2024/2/22,294.00,296.67,293.25,295.92,3146600
2024/2/23,296.00,298.74,295.07,297.75,2199000
2024/2/26,298.21,298.68,296.40,297.12,2595300
2024/2/27,296.80,296.80,293.32,293.76,2811200
2024/2/28,294.03,296.10,292.72,295.19,2507300
2024/2/29,294.20,294.75,291.71,292.28,3601700
2024/3/1,291.39,292.67,289.53,290.73,3028900
2024/3/4,289.37,291.24,288.50,290.94,2832000
2024/3/5,291.56,293.51,288.92,292.54,2969600
2024/3/6,293.33,295.14,292.15,292.93,2348000
2024/3/7,294.20,294.92,291.03,291.11,2237700
2024/3/8,290.04,293.48,288.83,292.55,2482300
2024/3/11,292.15,295.45,291.87,294.82,2893300
2024/3/12,295.68,296.36,293.54,294.31,2233100
2024/3/13,292.26,293.47,282.60,282.86,5441300
2024/3/14,282.42,282.52,277.83,281.73,4659300
2024/3/15,281.89,284.23,278.38,279.14,5071700
2024/3/18,279.47,280.30,278.07,278.58,3319400
2024/3/19,279.20,284.40,278.58,282.87,4055400
2024/3/20,283.50,284.60,281.37,284.45,2867300
2024/3/21,284.50,285.58,282.64,283.53,3653300
2024/3/22,283.88,284.39,282.12,282.63,2556100
2024/3/25,280.00,280.58,277.64,278.62,2985500
2024/3/26,279.22,279.45,277.17,278.62,2572100
2024/3/27,278.10,282.30,278.10,282.02,2605000
2024/3/28,282.25,283.38,281.25,281.95,3453900
2024/3/29,282.25,283.38,281.25,281.95,3453900
2024/4/1,281.50,281.55,278.64,280.22,2408800
2024/4/2,280.00,280.48,277.45,277.74,2907700
2024/4/3,276.57,277.96,275.15,275.54,2748000
2024/4/4,276.24,276.24,269.92,270.09,4095100
2024/4/5,269.42,270.62,266.36,266.69,6816000
2024/4/8,267.24,268.69,265.87,267.56,3753200
2024/4/9,266.22,269.67,265.50,269.44,3934900
2024/4/10,266.97,268.99,265.11,268.67,3817500
2024/4/11,269.50,269.88,267.15,268.62,2519200
2024/4/12,267.91,268.23,266.58,267.39,2708400
2024/4/15,267.86,268.52,266.05,266.23,3686700
2024/4/16,266.13,266.99,265.15,265.43,2912900
2024/4/17,266.50,270.12,265.52,269.95,3383100
2024/4/18,270.98,271.29,268.85,270.98,3402700
2024/4/19,272.01,272.22,270.48,271.99,3017100
2024/4/22,273.75,276.50,272.32,275.58,3129300
2024/4/23,276.82,277.40,274.24,276.88,3275700
2024/4/24,275.54,277.03,272.89,276.75,4071600
2024/4/25,277.02,279.82,274.72,275.60,4179800
2024/4/26,271.23,276.11,270.37,273.09,3636500
2024/4/29,273.83,274.43,272.60,273.55,3148900
2024/4/30,264.33,276.87,262.63,273.04,6894400
2024/5/1,271.38,276.43,270.05,274.43,4843200
2024/5/2,274.51,276.31,272.71,273.28,3084000
2024/5/3,274.14,274.62,268.89,270.32,2642100
2024/5/6,271.06,271.88,269.04,269.30,2481300
2024/5/7,270.04,270.67,266.99,267.50,3160000
2024/5/8,267.50,268.93,266.06,268.49,3259800
2024/5/9,268.46,268.48,267.02,267.95,3140000
2024/5/10,268.17,275.38,267.84,275.00,4983500
2024/5/13,275.38,276.74,271.14,271.32,3840700
2024/5/14,272.12,272.77,268.71,270.66,3143200
2024/5/15,271.11,274.37,270.23,273.87,2982500
2024/5/16,274.51,275.56,272.92,273.51,2339900
2024/5/17,274.06,274.06,270.92,272.38,2454500
2024/5/20,271.74,272.13,267.28,267.87,2651100
2024/5/21,268.51,269.08,265.44,265.87,2362600
2024/5/22,265.87,266.82,264.55,265.77,1906100
2024/5/23,265.13,265.62,257.60,257.93,5636200
2024/5/24,258.74,260.46,257.52,258.11,3382900
2024/5/27,258.74,260.46,257.52,258.11,3382900
2024/5/28,257.39,258.81,252.65,253.54,4324700
2024/5/29,253.36,253.80,249.16,249.37,4029300
2024/5/30,250.61,252.96,250.10,252.07,3597800
2024/5/31,254.19,259.25,253.51,258.89,6125400
2024/6/3,257.93,259.95,255.60,259.75,4342800
2024/6/4,259.34,263.09,259.25,262.72,4592700
2024/6/5,261.50,261.74,258.66,259.99,4136800
2024/6/6,260.91,261.79,258.93,260.72,3354300
2024/6/7,260.07,261.40,255.34,256.21,2290100
2024/6/10,256.00,256.00,253.15,253.81,2866200
2024/6/11,253.01,254.69,252.10,254.28,2729400
2024/6/12,254.88,256.31,253.41,254.48,3169600
2024/6/13,253.59,254.74,251.18,253.70,3153000
2024/6/14,252.86,253.62,250.61,253.58,2806600
2024/6/17,252.30,254.52,251.88,253.51,2532900
2024/6/18,253.95,254.35,249.35,250.79,2956300
2024/6/19,253.95,254.35,249.35,250.79,2956300
2024/6/20,250.27,255.69,249.51,253.80,4046500
2024/6/21,258.28,261.46,255.61,259.39,8425800
2024/6/24,259.00,261.37,257.80,260.38,3901200
2024/6/25,260.13,260.13,255.59,257.38,3903800
2024/6/26,256.65,258.17,254.68,257.83,2796100
2024/6/27,258.00,258.83,256.97,258.17,2651000
2024/6/28,257.54,259.49,252.86,254.84,8958700
2024/7/1,254.83,255.34,249.72,249.99,3817600
2024/7/2,249.68,251.03,247.41,247.79,3944900
2024/7/3,248.50,250.98,248.18,250.00,2026100
2024/7/4,248.50,250.98,248.18,250.00,2026100
2024/7/5,251.00,251.42,248.81,251.09,2814300
2024/7/8,251.76,252.58,247.06,247.85,3163900
2024/7/9,247.23,247.40,243.53,245.82,4927300
2024/7/10,247.00,250.56,245.90,250.49,4092700
2024/7/11,251.22,255.65,249.87,254.80,5546400
2024/7/12,254.25,256.92,251.81,253.90,4543000
2024/7/15,253.64,255.73,251.19,251.53,3393600
2024/7/16,251.00,257.31,250.10,257.27,4173000
2024/7/17,258.97,262.05,257.86,261.00,3711500
2024/7/18,258.03,262.33,257.60,259.52,3421800
2024/7/19,260.39,260.44,255.03,257.28,3470600
2024/7/22,258.30,259.79,256.40,259.54,2759500
2024/7/23,259.68,260.14,253.51,254.05,2653100
2024/7/24,246.32,254.33,246.12,253.37,5983300
2024/7/25,254.19,256.09,251.10,251.46,3323100
2024/7/26,252.90,254.05,250.75,252.00,4002900
2024/7/29,253.55,263.93,250.23,261.42,9381000
2024/7/30,261.00,267.37,260.31,266.44,4936600
2024/7/31,265.42,267.67,263.20,265.40,4652100
2024/8/1,266.82,268.77,262.40,268.75,4936000
2024/8/2,269.40,276.81,268.80,276.69,9585900
2024/8/5,274.04,277.87,267.68,268.45,6794900
2024/8/6,269.86,273.20,268.08,270.06,3369300
2024/8/7,269.56,273.14,268.58,269.37,3540000
2024/8/8,268.93,273.65,268.08,271.19,3227200
2024/8/9,271.70,271.70,266.96,267.91,2664900
2024/8/12,267.46,269.53,265.33,269.46,3008100
2024/8/13,270.31,272.00,267.54,270.31,2603600
2024/8/14,269.86,271.51,268.50,271.15,2242100
2024/8/15,272.00,275.76,271.85,274.87,2445200
2024/8/16,274.75,279.50,274.70,278.49,3286000
2024/8/19,282.33,288.32,281.72,287.55,5268800
2024/8/20,286.50,290.27,285.21,285.63,3697600
2024/8/21,287.15,289.97,286.27,289.71,2686300
2024/8/22,289.55,290.50,287.55,289.21,1746400
2024/8/23,290.38,290.78,287.13,289.52,2145900
2024/8/26,289.25,292.21,287.87,288.68,2018500
2024/8/27,289.08,290.30,288.06,289.64,2897600
2024/8/28,289.95,290.96,285.26,287.05,2603800
2024/8/29,287.78,289.11,284.78,287.86,1797100
2024/8/30,287.56,288.88,286.29,288.66,2528500
2024/9/2,287.56,288.88,286.29,288.66,2528500
2024/9/3,286.36,288.21,283.71,285.52,2902800
2024/9/4,286.55,288.97,285.99,288.03,2558300
2024/9/5,289.00,289.55,286.24,287.97,2412500
2024/9/6,287.82,292.19,287.57,289.51,3863600
2024/9/9,290.03,291.74,287.80,291.29,3208600
2024/9/10,292.81,296.23,291.04,291.27,2497100
2024/9/11,290.83,291.44,285.83,290.23,2747500
2024/9/12,290.17,292.69,288.26,292.35,2274200
2024/9/13,294.49,296.74,292.62,296.53,2205500
2024/9/16,297.42,300.11,295.04,296.69,2916200
2024/9/17,297.00,297.39,292.17,293.75,2997400
2024/9/18,293.88,295.10,290.37,292.03,1788200
2024/9/19,294.25,295.08,290.90,293.85,2271400
2024/9/20,292.94,298.05,292.83,296.83,5817300
2024/9/23,299.00,300.22,296.89,299.06,2312400
2024/9/24,299.06,301.45,297.70,300.27,2408100
2024/9/25,300.33,301.80,298.40,300.47,1986200
2024/9/26,301.15,304.29,300.74,303.65,1971100
2024/9/27,303.52,306.96,303.52,303.69,3402800
2024/9/30,303.75,305.03,302.10,304.51,2286500
2024/10/1,304.51,305.23,302.25,302.98,3036200
2024/10/2,300.58,304.08,299.58,303.76,2352400
2024/10/3,303.50,304.02,301.26,303.45,1802500
2024/10/4,303.05,305.89,301.38,303.76,2432400
2024/10/7,303.76,305.12,300.00,300.85,2091800
2024/10/8,302.64,303.35,300.36,301.90,2038300
2024/10/9,302.94,305.01,301.96,303.83,1854100
2024/10/10,304.03,305.75,302.93,304.04,1739500
2024/10/11,304.42,305.50,302.97,305.04,1775600
2024/10/14,305.15,310.42,304.50,309.84,2376300
2024/10/15,312.00,315.36,311.01,313.34,3067100
2024/10/16,313.32,313.73,310.11,312.92,1821300
2024/10/17,313.98,315.05,312.48,314.70,3095200
2024/10/18,315.57,317.18,314.23,316.56,2531200
2024/10/21,317.13,317.90,314.41,314.89,2404100
2024/10/22,314.09,315.74,313.30,314.69,5889100
2024/10/23,292.77,301.60,290.83,298.57,18792000
2024/10/24,299.12,302.39,298.28,301.58,5522600
2024/10/25,301.00,301.60,292.20,292.61,8863200
2024/10/28,299.20,299.92,296.54,296.79,6656000
2024/10/29,297.60,302.70,295.00,295.00,9048900
2024/10/30,294.50,295.37,289.84,291.52,4924000
2024/10/31,292.25,294.38,291.17,292.11,4277400
2024/11/1,294.51,296.88,293.28,295.21,4131800
2024/11/4,294.74,294.96,291.80,292.85,2583100
2024/11/5,293.75,297.38,292.56,297.32,3032100
2024/11/6,300.28,300.33,292.72,294.00,4646400
2024/11/7,294.84,296.54,293.81,294.66,3357400
2024/11/8,295.60,301.83,295.25,298.97,3279100
2024/11/11,300.49,303.81,300.02,301.53,2872400
2024/11/12,300.14,301.40,297.52,298.65,2452900
2024/11/13,298.90,299.13,295.22,297.35,2327100
2024/11/14,298.00,300.11,296.59,298.56,1932600
2024/11/15,297.72,299.50,289.72,292.63,4039400
2024/11/18,293.01,295.44,290.79,291.10,2865000
2024/11/19,290.00,292.07,287.60,290.73,2353300
2024/11/20,290.62,291.32,288.26,290.91,2524600
2024/11/21,285.00,288.60,283.46,288.47,4475700
2024/11/22,288.47,290.60,288.14,290.28,2879100
2024/11/25,291.77,296.61,291.77,296.19,5021800
2024/11/26,297.00,297.28,294.83,296.33,2254200
2024/11/27,297.00,299.50,294.98,295.08,2240300
2024/11/28,297.00,299.50,294.98,295.08,2240300
2024/11/29,294.16,297.05,294.02,296.01,1655900
2024/12/2,293.50,294.23,290.94,292.44,3149900
2024/12/3,292.32,294.85,290.29,294.50,3031000
2024/12/4,292.28,296.04,291.82,295.09,3742500
2024/12/5,295.54,299.74,294.93,299.47,2594800
2024/12/6,300.56,303.80,298.61,298.98,4158700
2024/12/9,297.58,302.62,297.09,301.37,2391600
2024/12/10,300.13,302.82,295.84,300.71,3523000
2024/12/11,301.34,301.90,295.97,296.10,3037600
2024/12/12,296.20,298.55,295.09,296.63,2040700
2024/12/13,296.29,299.20,295.43,296.60,2547600
2024/12/16,297.18,302.12,297.17,297.71,3179900
2024/12/17,297.62,300.00,294.82,296.08,3295800
2024/12/18,295.02,298.98,290.67,290.88,3800900
2024/12/19,290.88,292.86,288.85,290.23,3438500
2024/12/20,289.52,296.10,289.30,292.68,7678000
2024/12/23,292.26,293.10,289.73,291.29,2492200
2024/12/24,291.28,294.27,290.79,293.99,1461000
2024/12/25,291.28,294.27,290.79,293.99,1461000
2024/12/26,293.00,295.44,292.60,294.80,1433900
2024/12/27,293.34,296.48,292.74,293.62,1617200
2024/12/30,291.47,291.47,289.00,289.60,1936700
2024/12/31,290.08,291.24,288.58,289.89,1915600
2025/1/1,290.08,291.24,288.58,289.89,1915600
2025/1/2,290.95,295.76,290.25,292.51,3117000
2025/1/3,292.83,294.96,290.70,294.78,2240100
2025/1/6,293.28,295.60,291.74,292.18,2838900
2025/1/7,293.78,294.93,288.28,289.34,3419500
2025/1/8,288.97,289.14,286.55,286.90,2724200
2025/1/9,288.97,289.14,286.55,286.90,2724200
2025/1/10,287.50,287.77,281.78,282.31,3946000
2025/1/13,282.94,284.50,280.35,283.63,3394300
2025/1/14,285.02,285.35,279.38,281.58,2238900
2025/1/15,284.33,284.65,280.61,282.30,2867800
2025/1/16,280.24,280.95,276.53,279.74,3403700
2025/1/17,280.98,284.08,280.00,280.95,3312800
2025/1/20,280.98,284.08,280.00,280.95,3312800
2025/1/21,280.76,282.90,278.73,282.61,3858600
2025/1/22,283.30,283.53,280.40,281.35,3660600
2025/1/23,280.75,285.00,280.65,284.43,2279400
2025/1/24,284.51,286.85,283.28,285.46,2523000
2025/1/27,286.61,293.43,285.81,293.09,4343000
2025/1/28,292.40,294.49,290.00,291.15,3180100
2025/1/29,291.38,293.14,290.00,290.11,2358300
2025/1/30,290.91,292.08,289.36,290.32,2125200
2025/1/31,289.83,291.25,287.35,288.70,2556500
2025/2/3,287.02,290.90,284.19,290.05,3048800
2025/2/4,289.76,290.64,288.37,289.77,2976900
2025/2/5,290.00,290.27,286.34,288.83,2362900
2025/2/6,291.59,297.15,290.32,294.36,3590000
2025/2/7,294.36,296.85,293.82,294.30,2858000
2025/2/10,302.27,310.28,301.51,308.42,8052000
2025/2/11,307.37,311.59,306.17,310.21,4180400
2025/2/12,309.58,310.09,305.77,307.60,3110200
2025/2/13,307.50,311.53,305.63,310.02,3096800
2025/2/14,310.20,311.00,307.78,308.55,2674400
2025/2/17,310.20,311.00,307.78,308.55,2674400
2025/2/18,307.35,307.35,303.54,304.83,3367800
2025/2/19,303.32,303.79,299.51,301.94,2990700
2025/2/20,300.83,303.13,298.15,303.05,3020000
2025/2/21,303.92,305.96,301.59,304.81,3036700
2025/2/24,305.00,310.44,304.12,307.57,3397600
2025/2/25,309.18,311.71,307.99,310.72,3891600
2025/2/26,311.70,314.55,303.68,304.27,4140900
2025/2/27,305.19,311.78,304.22,309.95,3350400
2025/2/28,307.61,308.52,303.88,308.33,4972900
2025/3/3,308.11,309.49,302.43,304.29,4371300
2025/3/4,304.59,312.93,304.59,305.77,3954500
2025/3/5,304.00,308.46,303.37,307.45,2327500
2025/3/6,307.80,311.35,304.38,310.37,2954900
2025/3/7,310.82,323.17,310.35,321.29,7607600
2025/3/10,320.09,326.32,315.74,317.25,4707600
2025/3/11,317.62,317.70,306.31,306.76,4513100
2025/3/12,303.69,306.43,296.35,299.40,4546200
2025/3/13,300.43,303.46,297.27,297.50,4178600
2025/3/14,296.97,300.67,295.71,299.83,2696800
2025/3/17,301.30,305.23,300.03,303.97,2758400
2025/3/18,304.97,304.97,302.27,303.60,2435400
2025/3/19,303.99,308.08,303.63,306.92,2812200
2025/3/20,308.03,309.66,305.51,307.00,2723500
2025/3/21,306.39,307.00,301.64,305.44,6016100
2025/3/24,306.30,307.95,304.53,305.67,3443400
2025/3/25,306.93,308.66,304.03,306.92,2657100
2025/3/26,307.90,314.06,307.79,313.58,2624400
2025/3/27,315.16,316.64,310.68,312.69,3119500
2025/3/28,309.00,310.00,305.99,307.09,3211600
2025/3/31,305.00,313.20,304.44,312.37,4418800
2025/4/1,313.08,314.78,310.95,313.63,2411200
2025/4/2,312.71,313.93,309.83,311.58,2776800
2025/4/3,311.38,319.72,311.30,318.27,7023900
2025/4/4,314.57,314.96,299.30,300.11,8831100
2025/4/7,292.60,304.88,290.50,299.89,7725900
2025/4/8,303.78,308.25,294.92,299.83,5562500
2025/4/9,297.41,311.65,296.71,303.96,8265700
2025/4/10,301.34,307.63,296.92,306.78,6049500
2025/4/11,306.47,310.89,303.96,309.90,4439900
2025/4/14,312.43,318.20,311.13,316.07,4068300
2025/4/15,316.13,317.20,311.84,312.48,2901200
2025/4/16,313.57,314.29,307.37,309.10,3098900
2025/4/17,309.22,312.99,307.13,311.30,2728500
2025/4/18,309.22,312.99,307.13,311.30,2728500
2025/4/21,311.00,311.28,305.12,308.72,2669900
2025/4/22,311.76,320.00,311.19,319.08,4200700
2025/4/23,318.50,319.90,314.79,318.48,3210100
2025/4/24,318.43,318.89,313.53,316.22,2479500
2025/4/25,316.50,321.78,315.03,316.74,2282900
2025/4/28,317.70,318.02,314.25,316.81,2578300
2025/4/29,316.06,316.73,313.00,314.50,3164500
2025/4/30,316.79,321.00,313.10,319.65,5564600
2025/5/1,313.15,319.25,311.60,313.64,5186900
2025/5/2,313.55,315.97,310.68,311.96,3994600
2025/5/5,313.00,317.40,310.70,315.72,3534100
2025/5/6,315.11,317.24,312.87,316.79,2691700
2025/5/7,316.48,319.24,316.12,318.13,2725900
2025/5/8,318.08,319.66,313.18,313.49,2131500
2025/5/9,312.90,314.25,311.17,313.68,1917800
2025/5/12,312.01,312.18,305.01,311.92,4137900
2025/5/13,311.65,312.17,308.45,308.69,3018600
2025/5/14,308.24,308.91,305.69,307.50,2656600
2025/5/15,307.80,315.13,307.80,314.48,2928500
2025/5/16,314.37,318.66,313.37,318.61,2636900
2025/5/19,318.11,321.61,318.03,321.23,2748600
2025/5/20,321.22,321.72,318.85,319.80,2035000
2025/5/21,317.52,318.67,315.17,316.44,2386700
2025/5/22,316.12,316.62,312.63,314.31,2642000
2025/5/23,315.07,315.65,313.03,314.57,2701500
2025/5/26,315.07,315.65,313.03,314.57,2701500
2025/5/27,314.51,315.62,312.16,314.95,2526700
2025/5/28,314.95,315.65,312.19,312.84,1935600
2025/5/29,312.37,313.50,310.04,311.86,2248800
2025/5/30,312.00,315.29,310.58,313.85,4062900
2025/6/2,310.73,313.25,309.39,312.68,2577000
2025/6/3,311.84,314.39,309.15,312.39,3028100
2025/6/4,313.00,314.25,309.48,311.57,2069500
2025/6/5,312.00,312.00,307.77,308.98,3813500
2025/6/6,307.15,309.86,306.81,307.36,2622800
2025/6/9,303.73,305.23,299.85,304.78,4059800
2025/6/10,300.01,302.41,299.45,300.43,4698700
2025/6/11,300.20,303.20,297.19,301.72,3312100
2025/6/12,301.67,303.18,300.07,303.16,2584700
2025/6/13,301.81,305.11,301.15,301.91,2435500
2025/6/16,303.14,304.00,295.75,296.29,4045700
2025/6/17,296.00,296.01,291.79,292.31,3379000
2025/6/18,293.00,293.11,288.60,289.63,4008700
2025/6/19,293.00,293.11,288.60,289.63,4008700
2025/6/20,289.77,290.61,285.57,287.46,7085000
2025/6/23,288.52,289.52,285.87,289.52,5172500
2025/6/24,289.62,292.10,288.58,291.47,4461200
2025/6/25,290.86,291.08,284.31,285.55,4259800
2025/6/26,285.95,286.79,283.47,285.63,5354900
2025/6/27,286.01,292.19,285.24,291.55,7422200
2025/6/30,290.88,293.58,290.88,292.17,5054800
2025/7/1,292.50,299.65,292.35,297.49,5121900
2025/7/2,298.08,298.08,292.60,294.63,4021500
2025/7/3,294.67,294.83,292.61,294.08,1678600
2025/7/4,294.67,294.83,292.61,294.08,1678600
2025/7/7,294.12,295.68,292.49,293.53,3404300
2025/7/8,293.01,293.02,290.26,291.67,3123600
2025/7/9,292.25,293.82,291.34,293.02,3265800
2025/7/10,296.30,300.78,295.02,298.39,5366800
2025/7/11,298.14,302.74,297.29,299.91,4524100
2025/7/14,299.18,302.07,294.83,301.88,5707500
2025/7/15,301.30,302.79,299.24,299.62,2937600
2025/7/16,299.78,300.48,296.21,298.90,2804700
2025/7/17,299.77,302.45,298.42,300.37,3134300
2025/7/18,299.74,300.40,296.43,297.07,3481300
2025/7/21,298.11,298.80,295.28,295.74,3037500
2025/7/22,295.86,300.10,295.05,299.17,2672000
2025/7/23,299.49,299.88,296.92,298.12,2467600
2025/7/24,296.91,297.46,294.41,294.48,4426000
2025/7/25,296.81,298.64,294.90,298.47,3401000
2025/7/28,297.06,299.91,294.99,299.22,3070500
2025/7/29,298.95,302.83,298.30,302.67,3147700
2025/7/30,302.57,305.43,301.08,303.61,2805900
2025/7/31,301.02,303.47,300.00,300.07,3639600
2025/8/1,303.50,303.70,301.38,302.89,3344800
2025/8/4,300.53,306.35,300.53,304.23,4734500
2025/8/5,303.00,304.60,298.37,298.77,4222900
2025/8/6,307.00,310.40,301.74,307.66,6474300
2025/8/7,309.16,310.17,304.35,307.91,3603300
2025/8/8,307.00,308.55,303.89,305.45,2622000
2025/8/11,305.50,307.30,303.78,304.36,2649000
2025/8/12,305.17,305.50,299.89,301.64,3438300
2025/8/13,301.70,305.31,301.40,305.07,2999100
2025/8/14,305.50,309.29,302.70,308.95,4699400
2025/8/15,310.16,310.16,306.50,308.93,3416600
2025/8/18,308.37,309.98,306.56,308.70,3272600
2025/8/19,308.70,314.22,308.45,310.93,2893600
2025/8/20,313.67,316.15,312.39,313.08,3879900
2025/8/21,311.87,313.60,311.17,313.22,2282200
2025/8/22,314.63,316.80,313.15,314.07,2796700
2025/8/25,313.73,315.55,311.95,313.44,2944300
2025/8/26,313.43,315.12,312.30,312.94,2807600
2025/8/27,313.36,315.72,311.34,311.43,3234400
2025/8/28,311.12,312.52,309.35,312.22,3471700
2025/8/29,312.23,313.90,311.43,313.54,2492500
2025/9/1,312.23,313.90,311.43,313.54,2492500
2025/9/2,313.05,316.13,312.33,315.76,3228700
2025/9/3,315.02,316.87,312.98,316.39,3219500
2025/9/4,317.82,319.43,316.48,316.99,2881300
2025/9/5,317.37,318.04,313.27,314.38,2533100
2025/9/8,312.82,313.08,309.76,312.80,2873600
2025/9/9,311.21,313.70,310.73,312.52,2310800
2025/9/10,312.09,312.09,304.61,305.94,3479500
2025/9/11,306.23,308.94,305.25,308.43,2761500
2025/9/12,307.62,308.51,305.25,305.40,2072600
2025/9/15,305.14,305.71,300.51,302.07,3584500
2025/9/16,303.50,306.00,302.70,303.29,3578500
2025/9/17,304.90,306.58,303.91,304.97,2681600
2025/9/18,301.47,302.69,297.88,301.14,4654100
2025/9/19,301.70,304.80,300.75,302.38,5696900
2025/9/22,302.32,304.25,300.42,302.99,3657900
2025/9/23,303.74,304.45,300.32,303.19,2976900
2025/9/24,302.49,305.98,302.01,304.33,2427300
2025/9/25,305.88,306.33,301.95,302.30,2558400
2025/9/26,303.37,305.78,302.01,305.24,2284700
2025/9/29,305.88,306.11,301.85,302.99,3073800
2025/9/30,302.75,304.48,302.00,303.89,2640100
2025/10/1,303.26,304.77,298.30,300.52,3055300
2025/10/2,299.60,302.38,298.95,299.88,2690400
2025/10/3,298.90,301.39,298.66,300.98,2599100
2025/10/6,299.04,299.65,294.91,296.04,3814200
2025/10/7,295.00,298.07,294.13,296.32,2515700
2025/10/8,296.38,296.66,293.43,294.40,2464600
2025/10/9,293.65,295.12,292.04,293.81,2802700
2025/10/10,294.70,297.95,292.89,297.01,4016200
2025/10/13,294.60,300.42,294.00,300.11,3369300
2025/10/14,300.16,305.52,300.11,304.56,2992800
2025/10/15,303.63,309.10,303.63,305.25,2522100
2025/10/16,305.79,307.28,304.71,305.33,2021600
2025/10/17,306.80,308.33,306.31,308.09,2194200
2025/10/20,307.95,308.70,305.84,307.77,2329600
2025/10/21,308.55,308.55,306.39,307.48,2461100
2025/10/22,308.22,312.79,307.15,310.11,2735700
2025/10/23,311.97,311.97,306.22,306.97,2081500
2025/10/24,307.63,307.70,305.02,305.79,1994500
2025/10/27,305.90,310.09,305.34,310.00,2139700
2025/10/28,308.54,310.58,306.33,306.40,2336500
2025/10/29,304.70,304.78,301.22,302.35,2502300
2025/10/30,300.50,304.39,300.10,302.43,3128400
2025/10/31,300.00,300.71,297.00,298.43,3582700
2025/11/3,297.67,297.92,294.44,296.37,3899300
2025/11/4,298.21,299.75,296.42,299.21,4151300
2025/11/5,299.56,310.17,299.21,305.67,6070300
2025/11/6,304.26,306.41,297.51,298.41,3544900
2025/11/7,300.34,302.55,298.33,299.66,3250100
2025/11/10,299.00,300.02,296.04,299.10,3824300
2025/11/11,300.86,307.29,300.85,306.83,2755800
2025/11/12,306.78,309.09,305.78,306.94,2818600
2025/11/13,307.30,310.10,306.50,307.58,2294300
2025/11/14,308.45,310.75,303.33,307.03,3112500
2025/11/17,307.17,307.70,304.10,304.90,2435700
2025/11/18,305.68,308.44,304.16,304.59,2773800
2025/11/19,304.59,304.84,302.04,302.74,2008300
2025/11/20,302.45,305.64,301.87,304.16,4205100
2025/11/21,306.27,310.54,306.16,309.35,3348900
2025/11/24,308.99,310.34,304.03,304.90,3687300
2025/11/25,306.75,311.46,306.75,310.45,4189600
2025/11/26,311.57,312.87,309.72,312.40,2786600
2025/11/27,311.57,312.87,309.72,312.40,2786600
2025/11/28,312.37,313.30,310.69,311.82,1850700
2025/12/1,309.48,309.50,303.37,303.57,3354100
2025/12/2,303.80,303.82,299.59,300.72,3947800
2025/12/3,302.40,308.75,302.06,307.71,4986900
2025/12/4,308.53,313.80,307.32,308.54,4632200
2025/12/5,308.66,312.05,308.20,311.23,3147200
2025/12/8,312.00,313.75,309.05,309.79,3575000
2025/12/9,310.69,312.70,308.42,310.79,2355100
2025/12/10,309.50,311.32,306.01,310.53,4103900
2025/12/11,311.50,312.98,309.06,309.71,4844000
2025/12/12,310.53,317.79,310.37,316.72,3771900
2025/12/15,316.70,319.66,315.80,318.73,3814900
2025/12/16,319.11,320.58,314.31,314.50,2972300
2025/12/17,315.55,319.20,315.00,318.69,3328600
2025/12/18,319.38,321.79,318.35,319.65,3335200
2025/12/19,318.70,319.33,315.75,315.84,7128600
2025/12/22,315.00,318.27,314.47,316.22,2514600
2025/12/23,312.10,314.12,310.63,310.84,2922800
2025/12/24,310.68,313.40,310.28,313.33,1011500
2025/12/25,310.68,313.40,310.28,313.33,1011500
2025/12/26,312.98,313.26,309.87,310.68,1308900
2025/12/29,310.46,311.10,308.22,308.53,2148300
2025/12/30,307.08,308.64,306.77,308.03,1678300
2025/12/31,307.78,308.21,305.35,305.63,1903600
2026/1/1,307.78,308.21,305.35,305.63,1903600
2026/1/2,305.29,305.55,300.29,303.26,3124300
2026/1/5,301.25,302.33,299.62,299.86,4573300
2026/1/6,299.07,304.22,298.33,302.77,3769100
2026/1/7,305.33,307.00,303.31,304.16,4100200
2026/1/8,303.44,309.00,302.63,308.88,3268300
2026/1/9,309.04,309.52,304.60,307.32,2972000
2026/1/12,307.44,307.48,304.17,306.75,3206600
2026/1/13,305.23,309.66,305.20,309.44,2967900
2026/1/14,309.44,311.18,305.93,308.13,2949000
2026/1/15,308.93,308.93,303.80,308.62,3189200
2026/1/16,306.89,308.53,305.84,307.43,2590600
2026/1/19,306.89,308.53,305.84,307.43,2590600
2026/1/20,306.44,306.55,302.45,302.84,3018000
2026/1/21,303.34,305.71,303.14,305.69,3630900
2026/1/22,306.15,307.63,304.95,306.03,2809400
2026/1/23,306.10,309.51,305.36,309.25,2350200
2026/1/26,310.00,314.36,309.97,312.95,3385000
2026/1/27,312.32,314.56,311.04,314.13,2506600
2026/1/28,315.00,316.28,311.61,312.80,2184500
2026/1/29,312.91,317.40,312.26,315.51,3211300
2026/1/30,315.66,316.05,311.57,315.00,2983200
2026/2/2,319.00,319.52,315.21,318.53,3309800
2026/2/3,315.51,322.89,315.51,319.48,4043400
2026/2/4,321.11,326.95,319.70,323.69,4805900
2026/2/5,325.08,328.06,322.95,323.48,3936800
2026/2/6,322.90,327.54,321.24,327.16,2831900
2026/2/9,325.94,327.32,323.18,325.60,2673900
2026/2/10,325.43,328.00,323.51,325.97,3502900
2026/2/11,323.58,325.20,320.81,323.21,4553200
2026/2/12,329.83,333.38,320.15,332.08,6499700
2026/2/13,332.50,335.67,326.53,327.58,3587900
2026/2/16,332.50,335.67,326.53,327.58,3587900
2026/2/17,330.00,332.08,325.00,327.62,3367200
2026/2/18,327.27,328.80,323.83,327.89,3661800
2026/2/19,328.46,333.00,326.95,327.11,4032300
2026/2/20,328.03,330.28,325.96,329.23,3862700
2026/2/23,330.43,335.58,330.25,334.56,3806200
2026/2/24,335.31,336.00,332.33,333.05,2756900
2026/2/25,332.00,334.15,330.00,333.01,2812500
2026/2/26,334.87,336.94,333.11,334.53,2425900
2026/2/27,335.57,341.35,335.57,341.06,4269100
2026/3/2,341.06,341.75,334.41,334.82,4555400
2026/3/3,330.09,332.17,327.70,332.17,2901100
2026/3/4,331.74,332.83,329.61,331.74,2455900
2026/3/5,329.80,330.81,324.12,327.45,4321400
2026/3/6,326.29,328.33,321.32,328.06,3341200
2026/3/9,326.29,328.33,321.32,328.06,3341200
