date,open,high,low,close,volume
2013/1/1,139.66,142.56,139.54,142.41,243935200
2013/1/2,145.11,146.15,144.73,146.06,192059000
2013/1/3,145.99,146.37,145.34,145.73,144761800
2013/1/4,145.97,146.61,145.67,146.37,116817700
2013/1/7,145.85,146.11,145.43,145.97,110002500
2013/1/8,145.71,145.91,144.98,145.55,121265100
2013/1/9,145.87,146.32,145.64,145.92,90745600
2013/1/10,146.73,147.09,145.97,147.08,130735400
2013/1/11,147.04,147.15,146.61,147.07,113917300
2013/1/14,146.89,147.07,146.43,146.97,89567200
2013/1/15,146.29,147.21,146.20,147.07,93172600
2013/1/16,146.77,147.28,146.61,147.05,104849500
2013/1/17,147.70,148.42,147.15,148.00,133833500
2013/1/18,147.97,148.49,147.43,148.33,169906000
2013/1/21,147.97,148.49,147.43,148.33,169906000
2013/1/22,148.33,149.13,147.98,149.13,111797300
2013/1/23,149.13,149.50,148.86,149.37,104596100
2013/1/24,149.15,150.14,149.01,149.41,146426400
2013/1/25,149.88,150.25,149.37,150.25,147211600
2013/1/28,150.29,150.33,149.51,150.07,113357700
2013/1/29,149.77,150.85,149.67,150.66,105694400
2013/1/30,150.64,150.94,149.93,150.07,137447700
2013/1/31,149.89,150.38,149.60,149.70,108975800
2013/2/1,150.65,151.42,150.39,151.24,131173000
2013/2/4,150.32,151.27,149.43,149.54,159073600
2013/2/5,150.35,151.48,150.29,151.05,113912400
2013/2/6,150.52,151.26,150.41,151.16,138762800
2013/2/7,151.21,151.35,149.86,150.96,162490000
2013/2/8,151.22,151.89,151.22,151.80,103133700
2013/2/11,151.74,151.90,151.39,151.77,73775000
2013/2/12,151.78,152.30,151.61,152.02,65392700
2013/2/13,152.33,152.61,151.72,152.15,82322600
2013/2/14,151.69,152.47,151.52,152.29,80834300
2013/2/15,152.43,152.59,151.55,152.11,215226500
2013/2/18,152.43,152.59,151.55,152.11,215226500
2013/2/19,152.37,153.28,152.16,153.25,95105400
2013/2/20,153.14,153.19,151.26,151.34,160574800
2013/2/21,150.96,151.42,149.94,150.42,183257000
2013/2/22,151.15,151.89,150.49,151.89,106356600
2013/2/25,152.63,152.86,149.00,149.00,245824800
2013/2/26,149.72,150.20,148.73,150.02,186596200
2013/2/27,149.89,152.33,149.76,151.91,150781900
2013/2/28,151.90,152.87,151.41,151.61,126866000
2013/3/1,151.09,152.34,150.41,152.11,170634800
2013/3/4,151.76,152.92,151.52,152.92,99010200
2013/3/5,153.66,154.70,153.64,154.29,121431900
2013/3/6,154.84,154.92,154.16,154.50,94469900
2013/3/7,154.70,154.98,154.52,154.78,86101400
2013/3/8,155.46,155.65,154.66,155.44,123477800
2013/3/11,155.32,156.04,155.13,156.03,83746800
2013/3/12,155.92,156.10,155.21,155.68,105755800
2013/3/13,155.76,156.12,155.23,155.90,92550900
2013/3/14,156.31,156.80,155.91,156.73,126329900
2013/3/15,155.85,156.04,155.31,155.83,138601100
2013/3/18,154.34,155.64,154.20,154.97,126704300
2013/3/19,155.30,155.51,153.59,154.61,167567300
2013/3/20,155.52,155.95,155.26,155.69,113759300
2013/3/21,154.76,155.64,154.10,154.36,128605000
2013/3/22,154.85,155.60,154.73,155.60,111163600
2013/3/25,156.01,156.27,154.35,154.95,151322300
2013/3/26,155.59,156.23,155.42,156.19,86856600
2013/3/27,155.26,156.24,155.00,156.19,99950600
2013/3/28,156.09,156.85,155.75,156.67,102932800
2013/3/29,156.09,156.85,155.75,156.67,102932800
2013/4/1,156.59,156.91,155.67,156.05,99194100
2013/4/2,156.61,157.21,156.37,156.82,101504300
2013/4/3,156.91,157.03,154.82,155.23,154167400
2013/4/4,155.43,156.17,155.09,155.86,131885000
2013/4/5,153.95,155.35,153.77,155.16,159666000
2013/4/8,155.27,156.22,154.75,156.21,86571200
2013/4/9,156.50,157.32,155.98,156.75,101922200
2013/4/10,157.17,158.87,157.13,158.67,135711100
2013/4/11,158.70,159.71,158.54,159.19,110142500
2013/4/12,158.68,159.04,157.92,158.80,116359900
2013/4/15,158.00,158.13,155.10,155.12,217259000
2013/4/16,156.29,157.49,155.91,157.41,147507800
2013/4/17,156.29,156.32,154.28,155.11,226834800
2013/4/18,155.37,155.41,153.55,154.14,167583200
2013/4/19,154.50,155.55,154.12,155.48,149687600
2013/4/22,155.78,156.54,154.75,156.17,106553500
2013/4/23,156.95,157.93,156.17,157.78,166141300
2013/4/24,157.83,158.30,157.54,157.88,96781200
2013/4/25,158.34,159.27,158.10,158.52,131060600
2013/4/26,158.33,158.60,157.73,158.24,95918800
2013/4/29,158.67,159.65,158.42,159.30,88572800
2013/4/30,159.27,159.72,158.61,159.68,116010700
2013/5/1,159.33,159.41,158.10,158.28,138874200
2013/5/2,158.68,159.89,158.53,159.75,96407600
2013/5/3,161.14,161.88,159.78,161.37,144202300
2013/5/6,161.49,162.01,161.42,161.78,66882100
2013/5/7,162.13,162.65,161.67,162.60,90359200
2013/5/8,162.42,163.39,162.33,163.34,97419200
2013/5/9,163.27,163.70,162.47,162.88,106738600
2013/5/10,162.99,163.55,162.51,163.41,103203000
2013/5/13,163.20,163.81,162.82,163.54,81843200
2013/5/14,163.67,165.35,163.67,165.23,119000900
2013/5/15,164.96,166.45,164.91,166.12,120718500
2013/5/16,165.78,166.36,165.09,165.34,109913600
2013/5/17,165.95,167.04,165.73,166.94,129801000
2013/5/20,166.78,167.58,166.61,166.93,85071200
2013/5/21,167.08,167.80,166.50,167.17,95804200
2013/5/22,167.34,169.07,165.17,165.93,244031800
2013/5/23,164.16,165.91,163.94,165.45,211064400
2013/5/24,164.47,165.38,163.98,165.31,151573900
2013/5/27,164.47,165.38,163.98,165.31,151573900
2013/5/28,167.04,167.78,165.81,166.30,143679800
2013/5/29,165.42,165.80,164.34,165.22,160363400
2013/5/30,165.35,166.59,165.22,165.83,107793800
2013/5/31,165.37,166.31,163.13,163.45,176850100
2013/6/3,163.83,164.46,162.66,164.35,168390700
2013/6/4,164.44,165.10,162.73,163.56,157631500
2013/6/5,163.09,163.42,161.13,161.27,211737800
2013/6/6,161.20,162.74,160.25,162.73,200225500
2013/6/7,163.85,164.95,163.14,164.80,188337800
2013/6/10,165.31,165.40,164.37,164.80,105667100
2013/6/11,163.30,164.54,162.74,163.10,159505400
2013/6/12,164.22,164.39,161.60,161.75,177361500
2013/6/13,161.66,164.50,161.30,164.21,163587800
2013/6/14,164.03,164.67,162.91,163.18,141197500
2013/6/17,164.29,165.22,163.22,164.44,136295600
2013/6/18,164.53,165.99,164.52,165.74,114695600
2013/6/19,165.60,165.89,163.38,163.45,206149500
2013/6/20,161.86,163.47,158.98,159.40,321255900
2013/6/21,159.64,159.76,157.47,159.07,271956800
2013/6/24,157.41,158.43,155.73,157.06,222329000
2013/6/25,158.48,160.10,157.42,158.57,162262200
2013/6/26,159.87,160.50,159.25,160.14,134848000
2013/6/27,161.10,161.82,160.95,161.08,129483700
2013/6/28,160.63,161.40,159.86,160.42,160402900
2013/7/1,161.26,162.48,161.08,161.36,131954800
2013/7/2,161.12,162.30,160.50,161.21,154863700
2013/7/3,160.48,161.77,160.22,161.28,75216400
2013/7/4,160.48,161.77,160.22,161.28,75216400
2013/7/5,162.47,163.08,161.30,163.02,122416900
2013/7/8,163.86,164.39,163.08,163.95,108092500
2013/7/9,164.98,165.33,164.27,165.13,119298000
2013/7/10,164.97,165.75,164.63,165.19,121410100
2013/7/11,167.11,167.61,165.18,167.44,135592200
2013/7/12,167.39,167.93,167.13,167.51,104212700
2013/7/15,167.97,168.39,167.68,168.15,69450600
2013/7/16,168.26,168.36,167.07,167.52,88702100
2013/7/17,168.16,168.48,167.73,167.95,92873900
2013/7/18,168.31,169.27,168.20,168.87,103620100
2013/7/19,168.52,169.23,168.31,169.17,103831700
2013/7/22,169.41,169.74,169.01,169.50,79428600
2013/7/23,169.80,169.83,169.05,169.14,80829700
2013/7/24,169.79,169.86,168.18,168.52,112914000
2013/7/25,168.22,169.08,167.94,168.93,111088600
2013/7/26,168.22,169.16,167.52,169.11,107814600
2013/7/29,168.68,169.06,168.11,168.59,79695000
2013/7/30,169.10,169.28,168.19,168.59,85209600
2013/7/31,168.94,169.85,168.49,168.71,142388700
2013/8/1,169.99,170.81,169.90,170.66,110438400
2013/8/2,170.28,170.97,170.05,170.95,91116700
2013/8/5,170.57,170.96,170.35,170.70,54072700
2013/8/6,170.37,170.74,169.35,169.73,87495000
2013/8/7,169.19,169.43,168.55,169.18,84854700
2013/8/8,169.98,170.18,168.93,169.80,102181300
2013/8/9,169.58,170.10,168.72,169.31,91757700
2013/8/12,168.46,169.31,168.38,169.11,68593300
2013/8/13,169.41,169.90,168.41,169.61,80806000
2013/8/14,169.53,169.80,168.70,168.74,79829200
2013/8/15,167.41,167.43,166.09,166.38,152931800
2013/8/16,166.06,166.63,165.50,165.83,130868200
2013/8/19,165.64,166.21,164.76,164.77,96437600
2013/8/20,165.04,166.20,164.86,165.58,89294400
2013/8/21,165.12,166.03,164.19,164.56,159530500
2013/8/22,164.90,166.30,164.89,166.06,101471400
2013/8/23,166.55,166.83,165.77,166.62,90888900
2013/8/26,166.79,167.30,165.89,166.00,89702100
2013/8/27,164.36,166.00,163.21,163.33,158619400
2013/8/28,163.26,164.49,163.05,163.91,108113000
2013/8/29,163.55,165.04,163.40,164.17,119200500
2013/8/30,164.51,164.53,163.17,163.65,134928900
2013/9/2,164.51,164.53,163.17,163.65,134928900
2013/9/3,165.23,165.58,163.70,164.39,142375100
2013/9/4,164.43,166.03,164.13,165.75,97389400
2013/9/5,165.85,166.40,165.73,165.96,63090500
2013/9/6,166.51,166.98,164.48,166.04,159756500
2013/9/9,166.45,167.73,166.45,167.63,87559300
2013/9/10,168.64,168.90,168.26,168.87,105847200
2013/9/11,168.64,169.40,168.35,169.40,94545900
2013/9/12,169.34,169.56,168.72,168.95,83209000
2013/9/13,169.13,169.46,168.74,169.33,72727800
2013/9/16,171.16,171.24,170.04,170.31,106299200
2013/9/17,170.46,171.11,170.46,171.07,82523300
2013/9/18,171.01,173.52,170.58,173.05,203460600
2013/9/19,173.52,173.60,172.59,172.76,146616900
2013/9/20,172.33,172.33,170.58,170.72,132867100
2013/9/23,170.49,170.65,169.39,169.93,104616500
2013/9/24,169.90,170.53,169.21,169.53,106333100
2013/9/25,169.64,169.98,168.89,169.04,117306500
2013/9/26,169.32,170.17,169.05,169.69,77146900
2013/9/27,168.84,169.14,168.47,168.91,99141800
2013/9/30,167.48,168.54,167.15,168.01,143937000
2013/10/1,168.14,169.50,167.97,169.34,127160000
2013/10/2,168.35,169.34,167.83,169.18,113350000
2013/10/3,168.79,168.94,166.84,167.62,176698000
2013/10/4,167.75,169.06,167.53,168.89,96878000
2013/10/7,167.42,168.45,167.25,167.43,96295000
2013/10/8,167.40,167.62,165.36,165.48,178015000
2013/10/9,165.80,166.20,164.53,165.60,168973000
2013/10/10,167.29,169.26,167.23,169.17,195955000
2013/10/11,168.91,170.32,168.77,170.26,105040000
2013/10/14,169.21,171.08,169.08,170.94,112106000
2013/10/15,170.51,171.15,169.47,169.70,155485000
2013/10/16,170.72,172.16,170.64,172.07,161676000
2013/10/17,171.37,173.32,171.34,173.22,129389000
2013/10/18,173.86,174.51,173.51,174.39,138316000
2013/10/21,174.45,174.75,174.01,174.40,104104000
2013/10/22,174.91,175.93,174.43,175.41,126663000
2013/10/23,174.81,174.89,173.96,174.57,105484000
2013/10/24,174.92,175.37,174.51,175.15,70350000
2013/10/25,175.51,176.00,175.17,175.95,93625000
2013/10/28,175.89,176.47,175.70,176.23,84979000
2013/10/29,176.63,177.24,176.38,177.17,87401000
2013/10/30,177.38,177.51,175.66,176.29,140002000
2013/10/31,176.15,176.89,175.53,175.79,133795000
2013/11/1,176.02,176.61,175.22,176.21,142805000
2013/11/4,176.69,176.90,175.98,176.83,85677000
2013/11/5,176.14,176.75,175.57,176.27,85825000
2013/11/6,177.03,177.50,176.54,177.17,87348000
2013/11/7,177.50,177.64,174.76,174.93,157000000
2013/11/8,174.87,177.31,174.85,177.29,136713000
2013/11/11,177.12,177.53,176.91,177.32,62614000
2013/11/12,176.94,177.36,176.37,176.96,83990000
2013/11/13,176.09,178.43,176.09,178.38,103844000
2013/11/14,178.54,179.42,178.25,179.27,103435000
2013/11/15,179.56,180.12,179.33,180.05,102818000
2013/11/18,180.35,180.50,179.02,179.42,104796000
2013/11/19,179.33,179.87,178.72,179.03,93891000
2013/11/20,179.39,179.93,177.98,178.47,124909000
2013/11/21,178.97,180.05,178.86,179.91,92841000
2013/11/22,179.98,180.83,179.77,180.81,81296000
2013/11/25,181.13,181.17,180.37,180.63,79486000
2013/11/26,180.72,181.22,180.41,180.68,86994000
2013/11/27,180.87,181.24,180.65,181.12,58800000
2013/11/28,180.87,181.24,180.65,181.12,58800000
2013/11/29,181.32,181.75,180.80,181.00,55870900
2013/12/2,181.09,181.43,180.25,180.53,99726000
2013/12/3,179.94,180.39,179.17,179.75,116563000
2013/12/4,179.10,180.48,178.35,179.73,123033000
2013/12/5,179.41,179.74,178.77,178.94,106934000
2013/12/6,180.67,181.11,180.15,180.94,127728000
2013/12/9,181.47,181.67,181.16,181.40,70124000
2013/12/10,180.98,181.36,180.64,180.75,80976000
2013/12/11,180.82,180.85,178.50,178.72,130591000
2013/12/12,178.64,178.86,177.76,178.13,115565000
2013/12/13,178.50,178.66,177.77,178.11,107808000
2013/12/16,178.95,179.81,178.90,179.22,96195000
2013/12/17,179.38,179.41,178.25,178.65,89886000
2013/12/18,178.92,181.73,177.32,181.70,234906000
2013/12/19,181.18,181.70,180.71,181.49,136531200
2013/12/20,180.69,181.99,180.57,181.56,197087000
2013/12/23,182.45,182.64,182.07,182.53,85598000
2013/12/24,182.54,183.01,182.53,182.93,45368800
2013/12/25,182.54,183.01,182.53,182.93,45368800
2013/12/26,183.34,183.96,183.32,183.86,63365000
2013/12/27,184.10,184.18,183.66,183.85,61814000
2013/12/30,183.87,184.02,183.58,183.82,56857000
2013/12/31,184.07,184.69,183.93,184.69,86119900
2014/1/1,184.07,184.69,183.93,184.69,86119900
2014/1/2,183.98,184.07,182.48,182.92,119636900
2014/1/3,183.23,183.60,182.63,182.89,81390600
2014/1/6,183.49,183.56,182.08,182.36,108028200
2014/1/7,183.09,183.79,182.95,183.48,86144200
2014/1/8,183.45,183.83,182.89,183.52,96582300
2014/1/9,184.11,184.13,182.80,183.64,90683400
2014/1/10,183.95,184.22,183.01,184.14,102026400
2014/1/13,183.67,184.18,181.34,181.69,149892000
2014/1/14,182.29,183.77,181.95,183.67,105016100
2014/1/15,184.10,184.94,183.71,184.66,98525800
2014/1/16,184.28,184.66,183.83,184.42,72290600
2014/1/17,184.10,184.45,183.32,183.64,107848700
2014/1/20,184.10,184.45,183.32,183.64,107848700
2014/1/21,184.70,184.77,183.05,184.18,88621200
2014/1/22,184.49,184.57,183.91,184.30,61270900
2014/1/23,183.37,183.40,181.82,182.79,132496900
2014/1/24,181.60,181.66,178.83,178.89,208677100
2014/1/27,179.06,179.52,177.12,178.01,180843100
2014/1/28,178.14,179.30,178.12,179.07,110463200
2014/1/29,177.58,178.55,176.88,177.35,216597300
2014/1/30,178.83,179.81,178.26,179.23,118938100
2014/1/31,177.01,179.29,176.92,178.18,194677900
2014/2/3,177.97,178.37,173.83,174.17,254837100
2014/2/4,174.95,175.84,174.11,175.39,165012400
2014/2/5,174.78,175.56,173.71,175.17,164230500
2014/2/6,175.58,177.48,175.22,177.48,132877600
2014/2/7,178.31,179.87,177.73,179.68,170787200
2014/2/10,179.70,180.07,179.21,180.01,92218800
2014/2/11,180.16,182.44,180.04,181.98,117814100
2014/2/12,182.25,182.83,181.71,182.07,94717700
2014/2/13,180.84,183.20,180.83,183.01,100542200
2014/2/14,182.84,184.36,182.67,184.02,96498400
2014/2/17,182.84,184.36,182.67,184.02,96498400
2014/2/18,184.18,184.49,183.65,184.24,80460900
2014/2/19,183.76,184.95,182.87,183.02,126524300
2014/2/20,183.27,184.52,182.60,184.10,104998100
2014/2/21,184.45,184.89,183.80,183.89,118116400
2014/2/24,184.28,186.15,184.20,184.91,114063900
2014/2/25,185.06,185.59,184.23,184.84,117085000
2014/2/26,185.11,185.60,184.33,184.85,98677200
2014/2/27,184.58,185.87,184.37,185.82,93880800
2014/2/28,185.79,187.15,185.05,186.29,150842000
2014/3/3,184.65,185.45,183.75,184.98,167748500
2014/3/4,186.79,187.98,186.75,187.58,167545900
2014/3/5,187.74,188.07,187.45,187.75,88376900
2014/3/6,188.21,188.61,187.78,188.18,82516500
2014/3/7,188.96,188.96,187.43,188.26,114513500
2014/3/10,187.97,188.23,187.08,188.16,74939200
2014/3/11,188.44,188.71,186.80,187.23,99009100
2014/3/12,186.32,187.35,185.90,187.28,104824400
2014/3/13,187.84,187.99,184.66,185.18,155014300
2014/3/14,184.85,185.80,184.44,184.66,153919600
2014/3/17,185.59,186.77,185.51,186.33,98359500
2014/3/18,186.71,187.91,186.51,187.66,101804600
2014/3/19,187.68,187.94,185.47,186.66,176267300
2014/3/20,186.25,187.89,185.92,187.75,117241000
2014/3/21,187.71,189.02,186.03,186.20,163128000
2014/3/24,186.84,187.07,184.62,185.43,121411000
2014/3/25,186.37,186.94,185.27,186.31,103852000
2014/3/26,187.04,187.34,184.92,184.97,119843000
2014/3/27,184.75,185.34,183.90,184.58,142383000
2014/3/28,185.11,186.42,185.00,185.49,101642000
2014/3/31,186.67,187.30,185.52,187.01,99745000
2014/4/1,187.62,188.36,187.00,188.25,89193000
2014/4/2,188.49,189.13,188.14,188.88,78774000
2014/4/3,189.17,189.22,188.05,188.63,77435000
2014/4/4,189.66,189.70,186.10,186.40,169381000
2014/4/7,185.95,186.26,183.96,184.34,140803000
2014/4/8,184.26,185.40,183.59,185.10,112660000
2014/4/9,185.60,187.15,185.06,187.09,100254000
2014/4/10,187.08,187.17,182.93,183.16,172959000
2014/4/11,182.14,183.42,181.31,181.51,167251000
2014/4/14,182.93,183.37,181.44,182.94,132382000
2014/4/15,183.32,184.33,181.51,184.20,157093000
2014/4/16,185.47,186.14,184.65,186.13,105197000
2014/4/17,185.88,186.91,185.56,186.39,105255000
2014/4/18,185.88,186.91,185.56,186.39,105255000
2014/4/21,186.44,187.10,186.21,187.04,68329000
2014/4/22,187.23,188.40,187.13,187.89,85790000
2014/4/23,187.82,187.92,187.30,187.45,73869000
2014/4/24,188.37,188.39,186.93,187.83,88170000
2014/4/25,187.22,187.33,185.87,186.29,100380000
2014/4/28,187.05,187.69,184.96,186.88,135121000
2014/4/29,187.48,188.04,187.08,187.75,84098000
2014/4/30,187.44,188.50,187.18,188.31,101508000
2014/5/1,188.22,188.84,187.73,188.33,93019000
2014/5/2,188.31,189.14,187.78,188.06,98122000
2014/5/5,187.14,188.55,186.62,188.42,75883000
2014/5/6,188.00,188.13,186.74,186.78,85454000
2014/5/7,187.41,187.97,186.01,187.88,106500000
2014/5/8,187.71,189.05,187.08,187.68,93618000
2014/5/9,187.71,188.04,186.83,187.96,83679000
2014/5/12,188.80,189.88,188.00,189.79,86940000
2014/5/13,190.04,190.42,189.77,189.96,66454000
2014/5/14,189.79,189.88,188.79,189.06,72367000
2014/5/15,188.68,188.72,186.48,187.40,154956000
2014/5/16,187.51,188.13,186.72,188.05,97458000
2014/5/19,187.69,188.89,187.52,188.74,63839000
2014/5/20,188.65,188.67,187.07,187.55,111644000
2014/5/21,188.09,189.22,188.06,189.13,89093000
2014/5/22,189.18,189.98,188.86,189.59,61549000
2014/5/23,189.76,190.48,189.59,190.35,61092800
2014/5/26,189.76,190.48,189.59,190.35,61092800
2014/5/27,191.06,191.58,190.95,191.52,72010000
2014/5/28,191.52,191.82,191.06,191.38,66723000
2014/5/29,191.82,192.40,191.33,192.37,64377000
2014/5/30,192.19,192.80,192.03,192.68,76316000
2014/6/2,192.95,192.99,191.97,192.90,64656000
2014/6/3,192.43,192.90,192.25,192.80,65047000
2014/6/4,192.47,193.30,192.27,193.19,55529000
2014/6/5,193.41,194.65,192.70,194.45,92103000
2014/6/6,194.87,195.43,194.78,195.38,78696000
2014/6/9,195.35,196.05,195.17,195.58,65119000
2014/6/10,195.34,195.64,194.92,195.60,57129000
2014/6/11,194.90,195.12,194.48,194.92,68772000
2014/6/12,194.69,194.80,193.11,193.54,106350000
2014/6/13,193.92,194.32,193.30,194.13,82017000
2014/6/16,193.89,194.70,193.66,194.29,87424000
2014/6/17,194.02,194.97,193.81,194.83,84834000
2014/6/18,194.83,196.37,194.40,196.26,105267000
2014/6/19,196.43,196.60,195.80,196.48,85929000
2014/6/20,196.03,196.10,195.70,195.94,100587000
2014/6/23,195.99,196.05,195.52,195.88,70611000
2014/6/24,195.53,196.50,194.48,194.70,96237000
2014/6/25,194.29,195.78,194.25,195.58,82782000
2014/6/26,195.61,195.63,194.13,195.44,84312000
2014/6/27,194.98,195.88,194.89,195.82,71445100
2014/6/30,195.70,196.17,195.53,195.72,70201200
2014/7/1,196.20,197.63,196.13,197.03,90470000
2014/7/2,197.05,197.48,196.96,197.23,52475000
2014/7/3,197.79,198.29,197.64,198.20,52938800
2014/7/4,197.79,198.29,197.64,198.20,52938800
2014/7/7,197.82,197.98,197.22,197.51,61696000
2014/7/8,197.15,197.22,195.76,196.24,108143000
2014/7/9,196.73,197.30,196.31,197.12,72992000
2014/7/10,195.22,196.86,195.06,196.34,99040000
2014/7/11,196.22,196.75,195.78,196.61,64243000
2014/7/14,197.61,197.86,197.44,197.60,58658000
2014/7/15,197.72,198.10,196.36,197.23,111307000
2014/7/16,198.11,198.26,197.42,197.96,79986400
2014/7/17,197.35,198.10,195.43,195.71,145398000
2014/7/18,196.35,197.91,196.24,197.71,124330000
2014/7/21,197.09,197.50,196.43,197.34,67592000
2014/7/22,198.01,198.56,197.87,198.20,67678000
2014/7/23,198.50,198.85,198.10,198.64,65612000
2014/7/24,198.83,199.06,198.45,198.65,56888000
2014/7/25,198.09,198.26,197.33,197.72,76837000
2014/7/28,197.76,198.09,196.62,197.80,69259000
2014/7/29,198.17,198.45,196.92,196.95,80466000
2014/7/30,197.65,197.91,196.16,196.98,104222000
2014/7/31,195.61,195.78,192.97,193.09,183479000
2014/8/1,192.56,193.76,191.57,192.50,189261000
2014/8/4,192.87,194.30,192.05,193.89,91340000
2014/8/5,193.10,193.60,191.31,192.01,152690000
2014/8/6,191.11,192.89,191.08,192.07,94818000
2014/8/7,192.94,193.13,190.55,191.03,135733000
2014/8/8,191.46,193.37,190.95,193.24,117014000
2014/8/11,193.97,194.66,193.71,193.80,74544000
2014/8/12,193.61,194.15,192.94,193.53,73632000
2014/8/13,194.29,195.06,193.96,194.84,69047000
2014/8/14,195.16,195.76,194.98,195.76,57371000
2014/8/15,196.47,196.65,194.31,195.72,139951000
2014/8/18,196.80,197.45,196.69,197.36,75424000
2014/8/19,197.84,198.54,197.44,198.39,59135000
2014/8/20,198.12,199.16,198.08,198.92,72763000
2014/8/21,199.09,199.76,198.93,199.50,67791000
2014/8/22,199.34,199.69,198.74,199.19,76107000
2014/8/25,200.14,200.59,199.15,200.20,63855000
2014/8/26,200.33,200.82,200.28,200.33,47298000
2014/8/27,200.43,200.57,199.94,200.25,47874000
2014/8/28,199.59,200.27,199.39,200.14,58330000
2014/8/29,200.45,200.73,199.82,200.71,65907000
2014/9/1,200.45,200.73,199.82,200.71,65907000
2014/9/2,200.97,201.00,199.86,200.61,72426000
2014/9/3,201.38,201.41,200.22,200.50,57462000
2014/9/4,200.84,201.58,199.66,200.21,85236000
2014/9/5,200.17,201.19,199.41,201.11,102177000
2014/9/8,200.92,201.21,200.00,200.59,64146000
2014/9/9,200.41,200.55,198.91,199.32,88591000
2014/9/10,199.43,200.20,198.77,200.07,67251000
2014/9/11,199.27,200.33,199.12,200.30,66774400
2014/9/12,200.10,200.12,198.56,199.13,117409300
2014/9/15,199.16,199.32,198.38,198.98,76401000
2014/9/16,198.61,200.84,198.50,200.48,116201000
2014/9/17,200.77,201.68,199.75,200.75,151266000
2014/9/18,201.36,201.85,201.10,201.82,94990000
2014/9/19,201.52,201.90,200.29,200.70,121649000
2014/9/22,200.35,200.38,198.73,199.15,125553000
2014/9/23,198.43,199.26,197.95,198.01,111393000
2014/9/24,198.04,199.69,197.52,199.56,107276000
2014/9/25,199.04,199.05,196.27,196.34,150300000
2014/9/26,196.70,198.39,196.42,197.90,103547000
2014/9/29,196.20,197.89,196.05,197.54,95112000
2014/9/30,197.69,198.30,196.61,197.02,131302000
2014/10/1,196.70,196.77,193.91,194.35,177798000
2014/10/2,194.18,195.06,192.35,194.38,157285000
2014/10/3,195.68,196.94,195.08,196.52,121569000
2014/10/6,197.34,197.60,195.58,196.29,104778000
2014/10/7,195.28,195.72,193.22,193.26,147913000
2014/10/8,193.37,196.92,192.36,196.64,186461000
2014/10/9,196.33,196.60,192.58,192.74,210705000
2014/10/10,192.69,193.65,190.49,190.54,221909000
2014/10/13,190.46,191.15,187.30,187.41,230939000
2014/10/14,188.42,189.82,187.04,187.70,215847000
2014/10/15,185.16,187.69,181.92,186.43,380715000
2014/10/16,183.06,187.58,182.89,186.27,270391000
2014/10/17,188.42,189.75,187.62,188.47,214625000
2014/10/20,188.13,190.45,188.07,190.30,130011000
2014/10/21,191.68,194.20,191.48,194.07,154949000
2014/10/22,194.41,194.91,192.61,192.69,151822000
2014/10/23,194.62,196.20,194.26,194.93,154944000
2014/10/24,195.25,196.49,194.49,196.43,117927000
2014/10/27,195.73,196.45,195.03,196.16,82954000
2014/10/28,196.82,198.42,196.73,198.41,106736000
2014/10/29,198.55,199.12,196.80,198.11,142557000
2014/10/30,197.58,199.95,197.40,199.38,113330000
2014/10/31,201.78,201.82,200.77,201.66,146903000
2014/11/3,201.92,202.45,201.31,201.77,93600000
2014/11/4,201.23,201.60,200.06,201.07,93343000
2014/11/5,202.54,202.59,201.45,202.34,91709000
2014/11/6,202.39,203.26,201.64,203.15,107089000
2014/11/7,203.17,203.60,202.61,203.34,89540000
2014/11/10,203.38,204.04,203.13,203.98,66319000
2014/11/11,204.06,204.31,203.65,204.18,54499400
2014/11/12,203.35,204.24,203.31,203.96,90120300
2014/11/13,204.16,204.83,203.21,204.19,85357900
2014/11/14,204.10,204.49,203.72,204.24,80417500
2014/11/17,203.85,204.58,203.65,204.37,80441000
2014/11/18,204.44,205.92,204.44,205.55,76068100
2014/11/19,205.31,205.55,204.30,205.22,82373000
2014/11/20,204.26,205.71,204.18,205.58,72840300
2014/11/21,207.64,207.84,205.98,206.68,142327300
2014/11/24,207.17,207.39,206.91,207.26,65880800
2014/11/25,207.54,207.79,206.80,207.11,79108300
2014/11/26,207.29,207.76,207.03,207.64,62167800
2014/11/27,207.29,207.76,207.03,207.64,62167800
2014/11/28,207.49,207.87,206.91,207.20,57890100
2014/12/1,206.40,206.54,205.38,205.76,103968400
2014/12/2,205.81,207.34,205.78,207.09,74507200
2014/12/3,207.30,208.15,207.10,207.89,68952000
2014/12/4,207.54,208.27,206.70,207.66,91316600
2014/12/5,207.87,208.47,207.55,208.00,91025500
2014/12/8,207.52,208.12,205.93,206.61,108588200
2014/12/9,204.37,206.60,203.91,206.47,125180100
2014/12/10,205.91,205.98,202.93,203.16,159856400
2014/12/11,203.88,206.19,203.71,204.19,159012800
2014/12/12,202.64,203.82,200.85,200.89,202330200
2014/12/15,201.98,202.53,198.78,199.51,189965800
2014/12/16,198.58,202.40,197.86,197.91,259543800
2014/12/17,198.44,202.34,198.29,201.79,253910100
2014/12/18,204.74,212.97,203.92,206.78,257633900
2014/12/19,206.43,207.33,205.61,206.52,245084600
2014/12/22,206.75,207.47,206.46,207.47,148318900
2014/12/23,208.17,208.23,207.40,207.75,122167900
2014/12/24,208.02,208.34,207.72,207.77,42963400
2014/12/25,208.02,208.34,207.72,207.77,42963400
2014/12/26,208.31,208.85,208.25,208.44,57326700
2014/12/29,208.22,208.97,208.14,208.72,79643900
2014/12/30,208.21,208.37,207.51,207.60,73540800
2014/12/31,207.99,208.19,205.39,205.54,130333800
2015/1/1,207.99,208.19,205.39,205.54,130333800
2015/1/2,206.38,206.88,204.18,205.43,121465900
2015/1/5,204.17,204.37,201.35,201.72,169632600
2015/1/6,202.09,202.72,198.86,199.82,209151400
2015/1/7,201.42,202.72,200.88,202.31,125346700
2015/1/8,204.01,206.16,203.99,205.90,147217800
2015/1/9,206.40,206.42,203.51,204.25,158567300
2015/1/12,204.41,204.60,201.92,202.65,144396100
2015/1/13,204.12,205.48,200.51,202.08,214553300
2015/1/14,199.65,201.10,198.57,200.86,192991100
2015/1/15,201.63,202.01,198.88,199.02,176613900
2015/1/16,198.77,201.82,198.55,201.63,211879600
2015/1/19,198.77,201.82,198.55,201.63,211879600
2015/1/20,202.40,202.72,200.17,202.06,130991100
2015/1/21,201.50,203.66,200.94,203.08,122942700
2015/1/22,203.99,206.26,202.33,206.10,174356000
2015/1/23,205.79,206.10,204.81,204.97,117516800
2015/1/26,204.71,205.56,203.85,205.45,92009700
2015/1/27,202.97,204.12,201.74,202.74,134044600
2015/1/28,204.17,204.29,199.91,200.14,168514300
2015/1/29,200.38,202.30,198.68,201.99,173585400
2015/1/30,200.57,202.17,199.13,199.45,197729700
2015/2/2,200.05,202.03,197.86,201.92,163107000
2015/2/3,203.00,204.85,202.55,204.84,124212900
2015/2/4,203.92,205.38,203.51,204.06,134306700
2015/2/5,204.86,206.30,204.77,206.12,97953200
2015/2/6,206.56,207.24,204.92,205.55,125672000
2015/2/9,204.77,205.64,204.14,204.63,87219000
2015/2/10,205.88,207.12,204.68,206.81,96164200
2015/2/11,206.61,207.45,205.83,206.93,91087800
2015/2/12,207.89,208.99,206.97,208.92,97545900
2015/2/13,209.07,209.84,208.76,209.78,93670400
2015/2/16,209.07,209.84,208.76,209.78,93670400
2015/2/17,209.40,210.32,209.10,210.11,76968200
2015/2/18,209.66,210.22,209.34,210.13,80652900
2015/2/19,209.41,210.42,209.24,209.98,91462500
2015/2/20,209.48,211.33,208.73,211.24,140896400
2015/2/23,210.94,211.21,210.48,211.21,74411100
2015/2/24,211.12,212.05,210.76,211.81,72472300
2015/2/25,211.66,212.24,211.22,211.63,73061700
2015/2/26,211.52,211.71,210.65,211.38,72697900
2015/2/27,211.26,211.58,210.60,210.66,108076000
2015/3/2,210.78,212.06,210.72,211.99,87491400
2015/3/3,211.47,212.05,210.08,211.12,110325800
2015/3/4,210.40,210.49,209.06,210.23,114497200
2015/3/5,210.62,210.80,209.85,210.46,76873000
2015/3/6,209.42,209.94,207.10,207.50,188128000
2015/3/9,207.74,208.79,207.55,208.36,89818900
2015/3/10,206.71,206.81,204.93,204.98,157121300
2015/3/11,205.29,205.50,204.40,204.50,110145700
2015/3/12,205.26,207.18,205.20,207.10,93993500
2015/3/13,206.77,207.93,204.58,205.83,162410900
2015/3/16,206.71,208.69,205.86,208.58,136099200
2015/3/17,207.69,208.42,206.98,207.96,94510400
2015/3/18,207.39,211.27,206.62,210.46,228808500
2015/3/19,209.96,210.47,209.03,209.50,117917300
2015/3/20,209.71,211.02,209.49,210.41,177715100
2015/3/23,210.42,211.11,210.00,210.00,71784500
2015/3/24,209.85,210.40,208.74,208.82,77805300
2015/3/25,209.07,209.35,205.71,205.76,159521700
2015/3/26,204.96,206.37,204.12,205.27,153067200
2015/3/27,205.13,205.95,204.90,205.74,118939000
2015/3/30,206.98,208.61,206.96,208.25,96180400
2015/3/31,207.26,208.10,206.36,206.43,126768700
2015/4/1,206.39,206.42,204.51,205.70,137303600
2015/4/2,205.62,206.98,205.40,206.44,86900900
2015/4/3,205.62,206.98,205.40,206.44,86900900
2015/4/6,205.37,208.45,205.21,207.83,114368200
2015/4/7,207.86,208.76,207.24,207.28,81236300
2015/4/8,207.55,208.51,207.08,207.98,89351900
2015/4/9,207.78,209.18,207.19,208.90,85548900
2015/4/10,209.20,210.09,208.96,210.04,72722900
2015/4/13,209.87,210.63,209.03,209.09,74436600
2015/4/14,208.85,209.71,208.10,209.49,75099900
2015/4/15,210.05,211.04,209.95,210.43,99529300
2015/4/16,210.03,210.98,209.79,210.37,68934900
2015/4/17,208.94,209.23,207.01,207.95,191113200
2015/4/20,209.06,210.25,208.96,209.85,92189500
2015/4/21,210.67,210.86,209.24,209.60,72559800
2015/4/22,210.01,210.85,208.90,210.63,78264600
2015/4/23,210.15,211.94,210.01,211.16,102585900
2015/4/24,211.66,211.97,211.11,211.65,61327400
2015/4/27,212.33,212.48,210.54,210.77,79358100
2015/4/28,210.74,211.50,209.33,211.44,86863500
2015/4/29,210.37,211.29,209.60,210.57,125684900
2015/4/30,209.88,210.35,207.62,208.46,161304900
2015/5/1,209.40,210.77,209.28,210.72,103399700
2015/5/4,211.23,212.02,211.10,211.32,70927200
2015/5/5,211.03,211.46,208.73,208.90,113326200
2015/5/6,209.56,209.93,206.76,208.04,135060200
2015/5/7,207.92,209.38,207.52,208.87,88244900
2015/5/8,210.88,211.86,210.78,211.62,155877300
2015/5/11,211.57,211.89,210.52,210.61,75708100
2015/5/12,209.61,210.63,208.62,209.98,119727600
2015/5/13,210.47,211.22,209.74,210.02,94667900
2015/5/14,211.24,212.32,210.91,212.21,95934000
2015/5/15,212.44,212.61,211.86,212.44,76510100
2015/5/18,212.24,213.40,212.16,213.10,74549700
2015/5/19,213.24,213.57,212.69,213.03,72114600
2015/5/20,213.15,213.78,212.50,212.88,76857500
2015/5/21,212.71,213.75,212.51,213.50,64764600
2015/5/22,213.04,213.54,212.91,212.99,57433500
2015/5/25,213.04,213.54,212.91,212.99,57433500
2015/5/26,212.40,212.91,210.20,210.70,124308600
2015/5/27,211.25,212.98,210.76,212.70,93214000
2015/5/28,212.33,212.59,211.63,212.46,74974600
2015/5/29,212.38,212.43,210.82,211.14,124919600
2015/6/1,211.94,212.34,210.62,211.57,93338800
2015/6/2,211.02,212.19,210.27,211.36,91531000
2015/6/3,212.00,212.67,211.33,211.92,87820900
2015/6/4,211.07,211.86,209.75,210.13,151882800
2015/6/5,209.95,210.58,208.98,209.77,121704700
2015/6/8,209.64,209.82,208.39,208.48,89063300
2015/6/9,208.45,209.10,207.69,208.45,105034700
2015/6/10,209.37,211.41,209.30,210.95,134551300
2015/6/11,211.48,212.09,211.20,211.63,73876400
2015/6/12,210.64,211.48,209.68,210.01,135382400
2015/6/15,208.64,209.45,207.79,209.11,124384200
2015/6/16,208.93,210.35,208.72,210.25,85308200
2015/6/17,210.59,211.32,209.36,210.59,126708600
2015/6/18,211.31,213.34,210.63,212.78,165867900
2015/6/19,211.46,211.55,210.36,210.81,130478700
2015/6/22,211.91,212.59,211.64,211.89,70696000
2015/6/23,212.14,212.44,211.57,212.04,68476800
2015/6/24,211.72,212.17,210.47,210.50,92307300
2015/6/25,211.10,211.25,209.77,209.86,97107400
2015/6/26,210.29,210.58,209.16,209.82,104174800
2015/6/29,208.05,209.83,205.33,205.42,202621300
2015/6/30,207.26,207.32,205.28,205.85,182925100
2015/7/1,207.73,208.03,206.56,207.50,135979900
2015/7/2,208.07,208.27,206.81,207.31,104373700
2015/7/3,208.07,208.27,206.81,207.31,104373700
2015/7/6,205.77,207.65,205.53,206.72,117975400
2015/7/7,206.96,208.17,204.11,208.02,173820200
2015/7/8,206.42,206.76,204.25,204.53,164020100
2015/7/9,207.04,207.35,204.77,204.90,144113100
2015/7/10,207.29,207.98,204.95,207.48,129456900
2015/7/13,208.99,209.90,208.94,209.77,106069400
2015/7/14,209.72,211.05,209.65,210.68,81709600
2015/7/15,210.73,211.28,210.04,210.61,97914100
2015/7/16,211.87,212.30,211.58,212.30,106683300
2015/7/17,212.29,212.55,211.80,212.48,89030000
2015/7/20,212.75,213.18,212.21,212.59,70446800
2015/7/21,212.43,212.74,211.39,211.75,77965000
2015/7/22,210.93,211.77,210.89,211.37,88667900
2015/7/23,211.53,211.65,209.75,210.18,90509100
2015/7/24,210.30,210.37,207.60,208.00,117755000
2015/7/27,206.94,207.55,206.26,206.79,132361100
2015/7/28,207.79,209.50,206.80,209.33,123544800
2015/7/29,209.48,211.04,209.31,210.77,105791300
2015/7/30,210.16,211.02,209.42,210.82,91304400
2015/7/31,211.42,211.45,210.16,210.50,103266900
2015/8/3,210.46,210.53,208.65,209.79,113965700
2015/8/4,209.70,210.25,208.80,209.38,81820800
2015/8/5,210.45,211.31,209.73,210.07,85786800
2015/8/6,210.29,210.42,207.65,208.35,116030800
2015/8/7,208.16,208.34,206.87,207.95,117858000
2015/8/10,209.28,210.67,209.28,210.57,80270700
2015/8/11,208.97,209.47,207.76,208.67,126081400
2015/8/12,207.11,209.14,205.36,208.92,172123700
2015/8/13,208.73,209.55,208.01,208.66,89383300
2015/8/14,208.43,209.51,208.26,209.42,72786500
2015/8/17,208.71,210.59,208.16,210.59,79072600
2015/8/18,210.26,210.68,209.70,209.98,71692700
2015/8/19,209.09,210.01,207.35,208.32,172946000
2015/8/20,206.51,208.29,203.90,203.97,194327900
2015/8/21,201.73,203.94,197.52,197.83,346588500
2015/8/24,187.49,197.48,182.40,189.50,507244300
2015/8/25,195.43,195.45,186.92,187.27,369833100
2015/8/26,192.08,194.79,188.37,194.46,339257000
2015/8/27,197.02,199.42,195.21,199.27,274143900
2015/8/28,198.50,199.84,197.92,199.28,160414400
2015/8/31,198.11,199.13,197.01,197.67,163298800
2015/9/1,193.12,194.77,190.73,191.77,256000400
2015/9/2,194.62,195.46,192.42,195.41,160269300
2015/9/3,196.26,198.05,194.96,195.55,152087800
2015/9/4,192.85,193.86,191.61,192.59,207081000
2015/9/7,192.85,193.86,191.61,192.59,207081000
2015/9/8,195.94,197.61,195.17,197.43,116025700
2015/9/9,199.32,199.47,194.35,194.79,149347700
2015/9/10,194.56,197.22,194.25,195.85,158611100
2015/9/11,195.38,196.82,194.53,196.74,119691200
2015/9/14,196.95,197.01,195.43,196.01,79452000
2015/9/15,196.61,198.99,195.96,198.46,113806200
2015/9/16,198.82,200.41,198.41,200.18,99581600
2015/9/17,200.02,202.89,199.28,199.73,276046600
2015/9/18,195.71,198.68,194.96,195.45,223657500
2015/9/21,196.44,197.68,195.21,196.46,105726200
2015/9/22,193.88,194.46,192.56,193.91,153890900
2015/9/23,194.11,194.67,192.91,193.60,92790600
2015/9/24,192.15,193.45,190.56,192.90,159378800
2015/9/25,194.64,195.00,191.81,192.85,155054800
2015/9/28,191.78,191.91,187.64,188.01,178515900
2015/9/29,188.27,189.74,186.93,188.12,159045600
2015/9/30,190.37,191.83,189.44,191.63,163452000
2015/10/1,192.08,192.49,189.82,192.13,131079000
2015/10/2,189.77,195.03,189.12,195.00,211003300
2015/10/5,196.46,198.74,196.33,198.47,126320800
2015/10/6,198.31,198.98,197.00,197.79,110274500
2015/10/7,198.90,199.83,197.48,199.41,124307300
2015/10/8,198.95,201.55,198.59,201.21,153055200
2015/10/9,201.38,201.90,200.58,201.33,107069200
2015/10/12,201.42,201.76,200.91,201.52,56395600
2015/10/13,200.65,202.16,200.05,200.25,88038700
2015/10/14,200.18,200.87,198.94,199.29,99106200
2015/10/15,200.08,202.36,199.64,202.35,134142200
2015/10/16,202.83,203.29,201.92,203.27,114580100
2015/10/19,202.50,203.37,202.13,203.37,76523900
2015/10/20,202.85,203.84,202.55,203.11,78448500
2015/10/21,203.61,203.79,201.65,201.85,102038000
2015/10/22,202.98,205.51,201.85,205.26,174911700
2015/10/23,207.25,207.95,206.30,207.51,144442300
2015/10/26,207.30,207.37,206.56,207.00,69033000
2015/10/27,206.20,207.00,205.79,206.60,77905800
2015/10/28,207.00,208.98,206.21,208.95,135906700
2015/10/29,208.35,209.27,208.21,208.83,90525500
2015/10/30,209.06,209.44,207.74,207.93,131076900
2015/11/2,208.32,210.62,208.17,210.39,86270800
2015/11/3,209.97,211.66,209.70,211.00,95246100
2015/11/4,211.35,211.50,209.72,210.36,96224500
2015/11/5,210.43,210.98,209.09,210.15,78408700
2015/11/6,209.74,210.32,208.46,210.04,110471500
2015/11/9,209.31,209.49,206.95,208.08,131008700
2015/11/10,207.51,208.60,207.19,208.56,75874600
2015/11/11,208.88,208.94,207.66,207.74,67846000
2015/11/12,206.50,207.06,204.82,204.84,121315200
2015/11/13,204.35,204.67,202.44,202.54,153577100
2015/11/16,202.32,205.69,202.18,205.62,117645200
2015/11/17,205.99,207.04,204.88,205.47,121123700
2015/11/18,206.04,208.90,205.99,208.73,121342500
2015/11/19,208.59,209.05,208.20,208.55,88220500
2015/11/20,209.45,210.12,208.86,209.31,94011500
2015/11/23,209.38,209.98,208.52,209.07,64931200
2015/11/24,207.87,209.83,207.41,209.35,98874400
2015/11/25,209.50,209.74,209.01,209.32,51980100
2015/11/26,209.50,209.74,209.01,209.32,51980100
2015/11/27,209.43,209.80,208.86,209.56,37317800
2015/11/30,209.75,209.89,208.56,208.69,112822700
2015/12/1,209.44,210.82,209.11,210.68,97858400
2015/12/2,210.62,211.00,208.23,208.53,108441300
2015/12/3,208.83,209.15,204.75,205.61,166224200
2015/12/4,205.61,209.97,205.61,209.62,192913900
2015/12/7,209.23,209.73,207.20,208.35,102027100
2015/12/8,206.49,208.29,205.78,206.95,103372400
2015/12/9,206.19,208.68,204.18,205.34,162401500
2015/12/10,205.42,207.43,205.14,205.87,116128900
2015/12/11,203.35,204.14,201.51,201.88,211173300
2015/12/14,202.07,203.05,199.95,202.90,182385200
2015/12/15,204.70,206.11,202.87,205.03,154069600
2015/12/16,206.37,208.39,204.80,208.03,197017000
2015/12/17,208.40,208.48,204.84,204.86,173092500
2015/12/18,202.77,202.93,199.83,200.02,251393500
2015/12/21,201.41,201.88,200.09,201.67,99094300
2015/12/22,202.72,203.85,201.55,203.50,111026200
2015/12/23,204.69,206.07,204.58,206.02,110987200
2015/12/24,205.72,206.33,205.42,205.68,48539600
2015/12/25,205.72,206.33,205.42,205.68,48539600
2015/12/28,204.86,205.26,203.94,205.21,65899900
2015/12/29,206.51,207.79,206.47,207.40,92640700
2015/12/30,207.11,207.21,205.76,205.93,63317700
2015/12/31,205.13,205.89,203.87,203.87,114877900
2016/1/1,205.13,205.89,203.87,203.87,114877900
2016/1/4,200.49,201.03,198.59,201.02,222353500
2016/1/5,201.40,201.90,200.05,201.36,110845800
2016/1/6,198.34,200.06,197.60,198.82,152112600
2016/1/7,195.33,197.44,193.59,194.05,213436100
2016/1/8,195.19,195.85,191.58,191.92,209817200
2016/1/11,193.01,193.41,189.82,192.11,187941300
2016/1/12,193.82,194.55,191.14,193.66,172330500
2016/1/13,194.45,194.86,188.38,188.83,221168900
2016/1/14,189.55,193.26,187.66,191.93,240795600
2016/1/15,186.77,188.76,185.52,187.81,324846400
2016/1/18,186.77,188.76,185.52,187.81,324846400
2016/1/19,189.96,190.11,186.20,188.06,195244400
2016/1/20,185.03,187.50,181.02,185.65,286547800
2016/1/21,186.21,188.87,184.64,186.69,195772900
2016/1/22,189.78,190.76,188.88,190.52,168319600
2016/1/25,189.92,190.15,187.41,187.64,130371700
2016/1/26,188.42,190.53,188.02,190.20,141036800
2016/1/27,189.58,191.56,187.06,188.13,185681700
2016/1/28,189.96,190.20,187.16,189.11,143798800
2016/1/29,190.02,193.88,189.88,193.72,210529300
2016/2/1,192.53,194.58,191.84,193.65,136061600
2016/2/2,191.96,191.97,189.54,190.16,182564900
2016/2/3,191.41,191.78,187.10,191.30,205054900
2016/2/4,190.71,192.75,189.96,191.60,139531800
2016/2/5,190.99,191.67,187.20,187.95,180788300
2016/2/8,185.77,186.12,182.80,185.42,191526700
2016/2/9,183.36,186.94,183.20,185.43,184513100
2016/2/10,186.41,188.34,185.12,185.27,148214100
2016/2/11,182.34,184.10,181.09,182.86,219058900
2016/2/12,184.96,186.65,183.96,186.63,127632400
2016/2/15,184.96,186.65,183.96,186.63,127632400
2016/2/16,188.77,189.81,187.63,189.78,120250700
2016/2/17,191.16,193.32,191.01,192.88,136009500
2016/2/18,193.20,193.27,191.72,192.09,102343000
2016/2/19,191.17,192.18,190.45,192.00,114793000
2016/2/22,193.87,194.95,193.79,194.78,103640300
2016/2/23,194.00,194.32,192.18,192.32,111455300
2016/2/24,190.63,193.53,189.32,193.20,150812200
2016/2/25,193.73,195.55,192.83,195.54,110728300
2016/2/26,196.57,196.68,194.90,195.09,129833700
2016/2/29,195.11,196.23,193.33,193.56,125918100
2016/3/1,195.01,198.21,194.45,198.11,141799700
2016/3/2,197.74,199.06,197.25,199.00,102415000
2016/3/3,198.79,199.80,198.11,199.78,95172200
2016/3/4,200.01,201.35,199.03,200.43,129293600
2016/3/7,199.34,201.07,199.25,200.59,100219000
2016/3/8,199.32,199.92,198.21,198.40,123974900
2016/3/9,199.36,199.79,198.43,199.38,94801200
2016/3/10,199.96,201.07,197.38,199.54,156838700
2016/3/11,201.26,202.81,199.52,202.76,137964500
2016/3/14,202.16,203.04,201.77,202.50,73612000
2016/3/15,201.36,202.53,201.05,202.17,93169100
2016/3/16,201.60,203.82,201.55,203.34,129303200
2016/3/17,203.24,205.23,202.77,204.63,134278500
2016/3/18,204.17,204.78,203.80,204.38,138372400
2016/3/21,204.07,204.94,203.80,204.67,72926700
2016/3/22,203.76,205.23,203.57,204.56,97471900
2016/3/23,204.11,204.33,203.01,203.21,81052500
2016/3/24,202.00,203.16,201.74,203.12,84360900
2016/3/25,202.00,203.16,201.74,203.12,84360900
2016/3/28,203.61,203.86,202.71,203.24,62408200
2016/3/29,202.76,205.25,202.40,205.12,92922900
2016/3/30,206.30,206.87,205.59,206.02,86365300
2016/3/31,205.91,206.41,205.33,205.52,94584100
2016/4/1,204.35,207.14,203.98,206.92,114423500
2016/4/4,206.83,207.07,205.89,206.25,63497000
2016/4/5,204.67,206.26,203.89,204.19,99662200
2016/4/6,204.19,206.49,203.98,206.42,91839800
2016/4/7,205.14,205.56,203.09,203.95,113859000
2016/4/8,205.34,205.85,203.87,204.50,95040600
2016/4/11,205.25,206.07,203.91,204.02,83757500
2016/4/12,204.22,206.25,203.70,205.92,115350600
2016/4/13,207.00,208.10,206.84,208.00,96336400
2016/4/14,208.07,208.60,207.60,208.01,65212900
2016/4/15,208.01,208.17,207.40,207.78,75761600
2016/4/18,207.78,209.28,207.00,209.24,82531000
2016/4/19,209.74,210.20,208.94,209.90,88316100
2016/4/20,209.95,210.92,209.39,210.10,81100300
2016/4/21,210.12,210.25,208.65,208.97,85695000
2016/4/22,208.55,209.29,207.91,208.97,99251700
2016/4/25,208.26,208.66,207.54,208.61,66166500
2016/4/26,209.04,209.52,208.36,208.92,75864200
2016/4/27,208.47,209.81,208.05,209.35,77329400
2016/4/28,208.46,209.76,206.96,207.45,97216200
2016/4/29,206.72,207.13,205.03,206.33,142424100
2016/5/2,206.92,208.18,206.41,207.97,62188000
2016/5/3,206.52,206.80,205.28,206.16,106422100
2016/5/4,204.99,205.85,204.42,205.01,92243800
2016/5/5,205.56,205.98,204.47,204.97,67619200
2016/5/6,204.06,205.77,203.88,205.72,89315000
2016/5/9,205.57,206.40,205.36,205.89,74374900
2016/5/10,206.72,208.47,206.64,208.45,77472200
2016/5/11,207.91,208.54,206.50,206.50,81727000
2016/5/12,207.29,207.49,205.37,206.56,89586300
2016/5/13,206.21,206.86,204.38,204.76,96474600
2016/5/16,204.96,207.34,204.89,206.78,77486800
2016/5/17,206.46,206.80,204.23,204.85,114924900
2016/5/18,204.44,206.30,203.63,204.91,120062100
2016/5/19,204.06,204.54,202.78,204.20,115430500
2016/5/20,204.92,206.10,204.86,205.49,104990400
2016/5/23,205.51,205.84,204.99,205.21,58682600
2016/5/24,206.17,208.24,206.14,207.87,93537800
2016/5/25,208.67,209.77,207.87,209.28,76621400
2016/5/26,209.44,209.71,208.97,209.34,55280700
2016/5/27,209.53,210.25,209.47,210.24,64211200
2016/5/30,209.53,210.25,209.47,210.24,64211200
2016/5/31,210.56,210.69,209.18,209.84,109879400
2016/6/1,209.12,210.48,208.89,210.27,69936200
2016/6/2,209.80,210.93,209.24,210.91,63044700
2016/6/3,210.25,210.69,208.86,210.28,101757100
2016/6/6,210.70,211.77,210.51,211.35,64887000
2016/6/7,211.53,212.34,211.50,211.68,60974800
2016/6/8,211.84,212.52,211.69,212.37,66170900
2016/6/9,211.51,212.22,211.19,212.08,73786900
2016/6/10,210.46,210.86,209.43,210.07,113829200
2016/6/13,209.36,210.37,208.35,208.45,117751200
2016/6/14,208.00,208.74,206.92,208.04,125059300
2016/6/15,208.04,209.36,207.53,207.75,109124500
2016/6/16,207.75,208.57,205.59,208.37,149533100
2016/6/17,207.17,207.20,205.75,206.52,117055700
2016/6/20,208.82,209.61,207.75,207.85,82789600
2016/6/21,208.30,208.92,207.78,208.44,72461700
2016/6/22,208.65,209.50,207.93,208.10,95560500
2016/6/23,209.81,210.87,209.27,210.81,102731400
2016/6/24,203.63,210.85,202.72,203.24,333444400
2016/6/27,201.59,201.60,198.65,199.60,230775800
2016/6/28,201.48,203.23,201.12,203.20,159382400
2016/6/29,204.84,206.93,204.72,206.66,137328600
2016/6/30,207.21,209.54,206.56,209.48,165021900
2016/7/1,209.48,210.49,209.29,209.92,106055300
2016/7/4,209.48,210.49,209.29,209.92,106055300
2016/7/5,208.95,209.08,207.71,208.41,109803700
2016/7/6,207.83,209.80,207.06,209.66,96021500
2016/7/7,209.87,210.65,208.63,209.53,85593800
2016/7/8,211.05,212.94,210.78,212.65,133971000
2016/7/11,213.19,214.07,212.95,213.40,73633900
2016/7/12,214.53,215.30,213.43,214.95,101275600
2016/7/13,215.44,215.45,214.35,214.92,87324100
2016/7/14,216.40,216.67,215.66,216.12,91230900
2016/7/15,216.78,217.01,215.31,215.83,107155400
2016/7/18,215.97,216.60,215.67,216.41,58725900
2016/7/19,215.92,216.23,215.63,216.19,54345700
2016/7/20,216.19,217.37,216.19,217.09,58159500
2016/7/21,216.96,217.22,215.75,216.27,67777300
2016/7/22,216.41,217.30,216.10,217.24,62787500
2016/7/25,217.00,217.06,215.97,216.65,55873100
2016/7/26,216.53,217.17,215.76,216.75,70080500
2016/7/27,217.19,217.27,215.62,216.52,84083900
2016/7/28,216.29,217.11,215.75,216.77,65035700
2016/7/29,216.46,217.54,216.13,217.12,79519400
2016/8/1,217.19,217.65,216.41,216.94,73311400
2016/8/2,216.65,216.83,214.57,215.55,92295500
2016/8/3,215.48,216.25,215.13,216.18,53993600
2016/8/4,216.31,216.78,214.25,216.41,46585500
2016/8/5,216.41,218.23,216.41,218.18,71892200
2016/8/8,218.40,218.52,217.74,218.05,39906500
2016/8/9,218.13,218.76,217.80,218.18,51251700
2016/8/10,218.31,218.40,217.23,217.64,57941100
2016/8/11,218.26,218.94,217.95,218.65,72504300
2016/8/12,218.29,218.71,217.99,218.46,61313500
2016/8/15,218.89,219.50,218.88,219.09,49813500
2016/8/16,218.60,218.68,217.96,217.96,53213600
2016/8/17,218.00,218.53,217.02,218.37,75134300
2016/8/18,218.34,218.90,218.21,218.86,52989300
2016/8/19,218.31,218.75,217.74,218.54,75443000
2016/8/22,218.26,218.80,217.83,218.53,61368800
2016/8/23,219.25,219.60,218.90,218.97,53399200
2016/8/24,218.80,218.91,217.36,217.85,71728900
2016/8/25,217.40,218.19,217.22,217.70,69224800
2016/8/26,217.92,219.12,216.25,217.29,122506300
2016/8/29,217.44,218.67,217.40,218.36,70502200
2016/8/30,218.26,218.59,217.35,218.00,58114500
2016/8/31,217.61,217.75,216.47,217.38,85269500
2016/9/1,217.37,217.73,216.03,217.39,97844200
2016/9/2,218.39,218.87,217.70,218.37,79293900
2016/9/5,218.39,218.87,217.70,218.37,79293900
2016/9/6,218.70,219.12,217.86,219.03,56702100
2016/9/7,218.84,219.22,218.30,219.01,76554900
2016/9/8,218.62,218.94,218.15,218.51,74102900
2016/9/9,216.97,217.03,213.25,213.28,221589100
2016/9/12,212.39,216.81,212.31,216.34,168110900
2016/9/13,214.84,215.15,212.50,213.23,182828800
2016/9/14,213.29,214.70,212.50,213.15,134185500
2016/9/15,212.96,215.73,212.75,215.28,134427900
2016/9/16,213.48,213.69,212.57,213.37,155236400
2016/9/19,214.13,214.88,213.03,213.41,80250500
2016/9/20,214.41,214.59,213.38,213.42,69665300
2016/9/21,214.24,216.03,213.44,215.82,110284400
2016/9/22,217.00,217.53,216.71,217.18,76678700
2016/9/23,216.72,216.88,215.88,215.99,73630900
2016/9/26,215.02,215.23,214.01,214.24,89827300
2016/9/27,214.05,215.68,213.62,215.57,78494800
2016/9/28,215.83,216.82,214.71,216.64,87411000
2016/9/29,216.40,216.87,214.04,214.68,128070600
2016/9/30,215.65,217.12,215.36,216.30,117202900
2016/10/3,215.82,216.04,215.04,215.78,83512100
2016/10/4,215.91,216.17,213.99,214.68,119948100
2016/10/5,215.41,216.13,215.33,215.63,72816000
2016/10/6,215.37,216.04,214.74,215.78,62927400
2016/10/7,216.10,216.30,214.19,215.04,89788300
2016/10/10,216.16,216.70,215.99,216.16,51855000
2016/10/11,215.66,215.74,212.58,213.43,130367400
2016/10/12,213.59,214.32,213.01,213.71,73866100
2016/10/13,212.16,213.59,211.21,213.01,101357000
2016/10/14,214.15,214.69,213.03,213.12,93346200
2016/10/17,213.09,213.39,212.17,212.38,58275700
2016/10/18,214.24,214.31,213.27,213.71,76869700
2016/10/19,214.02,214.64,213.60,214.28,66519200
2016/10/20,213.87,214.53,213.11,213.88,73639800
2016/10/21,213.88,214.08,212.76,213.98,89089100
2016/10/24,215.00,215.32,214.48,214.89,60146600
2016/10/25,214.68,214.98,213.98,214.17,66542300
2016/10/26,213.21,214.42,212.93,213.74,75705500
2016/10/27,214.58,214.62,213.08,213.17,77220200
2016/10/28,213.14,213.93,211.71,212.54,140623200
2016/10/31,212.93,213.19,212.36,212.55,61272500
2016/11/1,212.93,212.99,209.60,211.01,122781800
2016/11/2,210.65,211.10,209.23,209.74,103330800
2016/11/3,209.99,210.24,208.46,208.78,88939300
2016/11/4,208.91,209.89,208.38,208.55,109122100
2016/11/7,208.55,213.19,208.55,213.15,109794900
2016/11/8,212.69,214.77,212.38,214.11,106772100
2016/11/9,212.37,217.10,212.34,216.38,258429000
2016/11/10,217.30,218.31,215.22,216.92,172113300
2016/11/11,216.08,216.70,215.32,216.42,100552700
2016/11/14,217.03,217.27,215.72,216.59,94580000
2016/11/15,217.04,218.28,216.80,218.28,91652600
2016/11/16,217.56,218.14,217.42,217.87,65617700
2016/11/17,218.05,219.06,217.92,218.99,69797200
2016/11/18,219.07,219.27,218.29,218.50,86265800
2016/11/21,219.17,220.18,219.00,220.15,72402600
2016/11/22,220.51,220.79,219.73,220.58,67429000
2016/11/23,219.98,220.76,219.75,220.70,56620200
2016/11/24,219.98,220.76,219.75,220.70,56620200
2016/11/25,221.10,221.56,221.01,221.52,37872300
2016/11/28,221.16,221.48,220.36,220.48,76572500
2016/11/29,220.52,221.44,220.17,220.91,69886700
2016/11/30,221.63,221.82,220.31,220.38,113291800
2016/12/1,220.73,220.73,219.15,219.57,79040500
2016/12/2,219.67,220.25,219.26,219.68,74840300
2016/12/5,220.65,221.40,220.42,221.00,67837800
2016/12/6,221.22,221.74,220.66,221.70,59877400
2016/12/7,221.52,224.67,221.38,224.60,110738100
2016/12/8,224.57,225.70,224.26,225.15,99714400
2016/12/9,225.41,226.53,225.37,226.51,88005800
2016/12/12,226.40,226.96,225.76,226.25,102016100
2016/12/13,227.02,228.34,227.00,227.76,110477500
2016/12/14,227.41,228.23,225.37,225.88,142501800
2016/12/15,226.16,227.81,225.89,226.81,124972600
2016/12/16,226.01,226.08,224.67,225.04,156420200
2016/12/19,225.25,226.02,225.08,225.53,90341100
2016/12/20,226.15,226.57,225.88,226.40,89838800
2016/12/21,226.25,226.45,225.77,225.77,67909000
2016/12/22,225.60,225.74,224.92,225.38,56219100
2016/12/23,225.43,225.72,225.21,225.71,36697800
2016/12/26,225.43,225.72,225.21,225.71,36697800
2016/12/27,226.02,226.73,226.00,226.27,42672500
2016/12/28,226.57,226.59,224.27,224.40,64095000
2016/12/29,224.48,224.89,223.84,224.35,48696100
2016/12/30,224.73,224.83,222.73,223.53,108998300
2017/1/2,224.73,224.83,222.73,223.53,108998300
2017/1/3,225.04,225.83,223.88,225.24,91366500
2017/1/4,225.62,226.75,225.61,226.58,78744400
2017/1/5,226.27,226.58,225.48,226.40,78379000
2017/1/6,226.53,227.75,225.90,227.21,71559900
2017/1/9,226.91,227.07,226.42,226.46,46939700
2017/1/10,226.48,227.45,226.01,226.46,63771900
2017/1/11,226.36,227.10,225.59,227.10,74650000
2017/1/12,226.50,226.75,224.96,226.53,72113200
2017/1/13,226.73,227.40,226.69,227.05,62717900
2017/1/16,226.73,227.40,226.69,227.05,62717900
2017/1/17,226.31,226.78,225.80,226.25,61240800
2017/1/18,226.54,226.80,225.90,226.75,54793300
2017/1/19,226.84,227.00,225.41,225.91,66608800
2017/1/20,226.70,227.31,225.97,226.74,129168600
2017/1/23,226.74,226.81,225.27,226.15,75061600
2017/1/24,226.40,228.08,226.27,227.60,95555300
2017/1/25,228.70,229.57,228.51,229.57,84437700
2017/1/26,229.40,229.71,229.01,229.33,59970700
2017/1/27,229.42,229.59,228.76,228.97,59711100
2017/1/30,228.17,228.20,226.41,227.55,79737300
2017/1/31,226.98,227.60,226.32,227.53,75880800
2017/2/1,227.53,228.59,226.94,227.62,79117700
2017/2/2,227.62,228.10,226.82,227.77,69657600
2017/2/3,228.82,229.55,228.46,229.34,80563200
2017/2/6,228.87,229.33,228.54,228.93,57790100
2017/2/7,229.38,229.66,228.72,228.94,57931200
2017/2/8,228.94,229.39,228.31,229.24,51566200
2017/2/9,229.24,230.95,229.24,230.60,65955200
2017/2/10,231.00,231.77,230.62,231.51,66015900
2017/2/13,232.08,233.07,232.05,232.77,55182100
2017/2/14,232.56,233.71,232.16,233.70,71109000
2017/2/15,233.45,235.14,233.39,234.92,86785800
2017/2/16,234.95,235.16,233.85,234.72,84722400
2017/2/17,233.95,235.09,233.93,235.09,77204100
2017/2/20,233.95,235.09,233.93,235.09,77204100
2017/2/21,235.52,236.69,235.51,236.49,88946100
2017/2/22,236.02,236.54,235.83,236.28,62115200
2017/2/23,236.88,236.90,235.56,236.44,74615900
2017/2/24,235.46,236.79,235.41,236.74,82381600
2017/2/27,236.64,237.31,236.35,237.11,56515400
2017/2/28,236.67,236.95,236.02,236.47,96961900
2017/3/1,238.39,240.32,238.37,239.78,149158200
2017/3/2,239.56,239.57,238.21,238.27,70246000
2017/3/3,238.17,238.61,237.73,238.42,81974300
2017/3/6,237.50,238.12,237.01,237.71,55391500
2017/3/7,237.36,237.77,236.76,237.00,65103700
2017/3/8,237.34,237.64,236.40,236.56,78168800
2017/3/9,236.70,237.24,235.74,236.86,90683900
2017/3/10,237.97,238.02,236.59,237.69,81991700
2017/3/13,237.62,237.86,237.24,237.81,57256800
2017/3/14,237.18,237.24,236.19,236.90,59880800
2017/3/15,237.56,239.44,237.29,238.95,96081800
2017/3/16,239.11,239.20,238.10,238.48,78344000
2017/3/17,237.75,237.97,237.03,237.03,89002100
2017/3/20,237.03,237.36,236.32,236.77,52537000
2017/3/21,237.47,237.61,233.58,233.73,131809300
2017/3/22,233.77,234.61,233.05,234.28,97569200
2017/3/23,234.28,235.34,233.60,234.03,100410300
2017/3/24,234.38,235.04,232.96,233.86,112504900
2017/3/27,231.93,233.92,231.61,233.62,87454500
2017/3/28,233.27,235.81,233.14,235.32,93483900
2017/3/29,234.99,235.81,234.73,235.54,61950400
2017/3/30,235.47,236.52,235.27,236.29,56737900
2017/3/31,235.90,236.51,235.68,235.74,73733100
2017/4/3,235.80,236.03,233.91,235.33,85546500
2017/4/4,235.00,235.58,234.56,235.48,56466200
2017/4/5,236.26,237.39,234.54,234.78,108800600
2017/4/6,234.94,236.04,234.43,235.44,69135800
2017/4/7,235.15,236.00,234.64,235.20,74412300
2017/4/10,235.36,236.26,234.73,235.34,67615300
2017/4/11,234.90,235.18,233.34,235.06,88045300
2017/4/12,234.74,234.96,233.77,234.03,81864400
2017/4/13,233.64,234.49,232.51,232.51,92880400
2017/4/14,233.64,234.49,232.51,232.51,92880400
2017/4/17,233.11,234.57,232.88,234.57,68405400
2017/4/18,233.72,234.49,233.08,233.87,83225800
2017/4/19,234.52,234.95,233.18,233.44,68699900
2017/4/20,234.15,235.85,233.78,235.34,92572200
2017/4/21,235.25,235.31,234.13,234.59,110389800
2017/4/24,237.18,237.41,234.56,237.17,119209900
2017/4/25,237.91,238.95,237.81,238.55,76698300
2017/4/26,238.51,239.53,238.35,238.40,84702500
2017/4/27,238.77,238.95,237.98,238.60,57410300
2017/4/28,238.90,238.93,237.93,238.08,63532800
2017/5/1,238.68,239.17,238.20,238.68,66882500
2017/5/2,238.84,238.98,238.30,238.77,57375700
2017/5/3,238.77,238.88,237.70,238.48,73137700
2017/5/4,238.83,238.92,237.78,238.76,61462700
2017/5/5,239.19,239.72,238.68,239.70,62001300
2017/5/8,239.75,239.92,239.17,239.66,48385700
2017/5/9,239.96,240.19,239.04,239.44,51363200
2017/5/10,239.39,239.87,239.15,239.87,54293800
2017/5/11,239.35,239.57,238.13,239.38,62358300
2017/5/12,239.09,239.43,238.67,238.98,53912700
2017/5/15,239.47,240.44,239.45,240.30,61918900
2017/5/16,240.64,240.67,239.63,240.08,51241800
2017/5/17,240.08,240.08,235.75,235.82,172174100
2017/5/18,235.73,237.75,235.43,236.77,107047700
2017/5/19,237.33,239.08,237.27,238.31,115011400
2017/5/22,238.90,239.71,238.82,239.52,61010600
2017/5/23,239.95,240.24,239.51,240.05,48341700
2017/5/24,240.32,240.73,239.93,240.61,46927700
2017/5/25,241.20,242.08,240.96,241.76,64071700
2017/5/26,241.54,241.90,241.45,241.71,46629900
2017/5/29,241.54,241.90,241.45,241.71,46629900
2017/5/30,241.34,241.79,241.16,241.50,35201900
2017/5/31,241.84,241.88,240.64,241.44,91796000
2017/6/1,241.97,243.38,241.64,243.36,68962000
2017/6/2,243.42,244.35,243.08,244.17,88666100
2017/6/5,243.97,244.30,243.76,243.99,44698800
2017/6/6,243.34,243.98,243.12,243.21,50375400
2017/6/7,243.60,243.92,242.83,243.66,54144300
2017/6/8,243.77,244.33,243.17,243.78,65950700
2017/6/9,244.09,245.01,241.95,243.41,132256400
2017/6/12,243.13,243.42,242.38,243.36,86108100
2017/6/13,243.98,244.61,243.58,244.55,60067000
2017/6/14,244.86,244.87,243.29,244.24,78602300
2017/6/15,242.68,243.91,242.36,243.77,66464900
2017/6/16,242.77,242.83,241.63,242.64,84553100
2017/6/19,243.59,244.73,243.48,244.66,65123800
2017/6/20,244.25,244.26,242.99,243.01,56906400
2017/6/21,243.46,243.59,242.41,242.95,55977600
2017/6/22,242.96,243.53,242.64,242.84,44148100
2017/6/23,242.91,243.51,242.47,243.13,66986800
2017/6/26,243.90,244.38,243.05,243.29,56700500
2017/6/27,243.04,243.38,241.31,241.33,82247700
2017/6/28,242.50,243.72,242.23,243.49,70042600
2017/6/29,243.66,243.72,239.96,241.35,106949700
2017/6/30,242.28,242.71,241.58,241.80,86820700
2017/7/3,242.88,243.38,242.21,242.21,39153800
2017/7/4,242.88,243.38,242.21,242.21,39153800
2017/7/5,242.63,243.01,241.70,242.77,54427600
2017/7/6,241.89,242.03,240.34,240.55,65400800
2017/7/7,241.21,242.28,240.56,242.11,57972300
2017/7/10,242.11,242.80,241.76,242.37,36663300
2017/7/11,242.37,242.55,240.85,242.19,50354600
2017/7/12,243.30,244.20,243.30,244.01,59610400
2017/7/13,244.02,244.55,243.76,244.42,39471600
2017/7/14,244.42,245.97,244.31,245.56,60262700
2017/7/17,245.47,245.91,245.33,245.53,33531900
2017/7/18,245.06,245.72,244.67,245.66,42742500
2017/7/19,246.02,247.00,246.01,246.99,51034300
2017/7/20,247.28,247.42,246.47,247.10,47135200
2017/7/21,246.44,246.91,246.18,246.88,82340800
2017/7/24,246.79,246.98,246.28,246.82,46622300
2017/7/25,247.68,247.80,247.16,247.42,54915600
2017/7/26,247.75,247.79,247.13,247.43,47575400
2017/7/27,247.96,248.00,245.68,247.20,70766600
2017/7/28,246.65,247.06,246.13,246.91,50088400
2017/7/31,247.37,247.48,246.53,246.77,65838700
2017/8/1,247.46,247.50,246.72,247.32,55050400
2017/8/2,247.47,247.60,246.37,247.44,47211200
2017/8/3,247.31,247.34,246.64,246.96,40856000
2017/8/4,247.52,247.79,246.97,247.41,60191800
2017/8/7,247.49,247.87,247.37,247.87,31995000
2017/8/8,247.51,248.91,246.83,247.26,61719400
2017/8/9,246.47,247.31,246.06,247.25,62632600
2017/8/10,246.29,246.44,243.70,243.76,120479500
2017/8/11,244.02,244.80,243.75,244.12,74869900
2017/8/14,245.59,246.79,245.55,246.54,73291900
2017/8/15,246.98,247.00,246.16,246.51,55242700
2017/8/16,247.11,247.57,246.45,246.94,56715500
2017/8/17,246.24,246.60,243.09,243.09,128490400
2017/8/18,242.90,244.19,242.20,242.71,136748000
2017/8/21,242.64,243.20,241.83,242.90,65469700
2017/8/22,243.57,245.62,243.55,245.44,63140100
2017/8/23,244.33,245.05,244.16,244.56,50203800
2017/8/24,245.00,245.18,243.75,243.99,50741700
2017/8/25,244.90,245.61,244.39,244.56,64445900
2017/8/28,245.17,245.20,244.09,244.57,40565600
2017/8/29,243.06,245.15,242.93,244.85,51135700
2017/8/30,244.83,246.32,244.62,246.01,62030800
2017/8/31,246.72,247.77,246.05,247.49,103803900
2017/9/1,247.92,248.33,247.67,247.84,62007000
2017/9/4,247.92,248.33,247.67,247.84,62007000
2017/9/5,247.26,247.52,244.95,246.06,91398800
2017/9/6,246.84,247.28,246.23,246.90,57916900
2017/9/7,247.25,247.27,246.40,246.87,58034700
2017/9/8,246.54,247.11,246.30,246.58,63832800
2017/9/11,248.04,249.30,248.02,249.21,71364800
2017/9/12,249.63,250.09,249.42,250.05,56896000
2017/9/13,249.72,250.21,249.59,250.17,59228000
2017/9/14,249.80,250.32,249.60,250.09,95446300
2017/9/15,248.69,249.29,248.57,249.19,95432400
2017/9/18,249.61,250.12,249.28,249.72,46235200
2017/9/19,250.00,250.07,249.60,249.97,47108100
2017/9/20,250.07,250.19,248.92,250.06,59574100
2017/9/21,249.88,249.98,249.19,249.39,48211400
2017/9/22,249.05,249.63,249.02,249.44,51214000
2017/9/25,249.15,249.55,248.08,248.93,57064400
2017/9/26,249.42,249.70,248.81,249.08,54082000
2017/9/27,249.88,250.49,248.87,250.05,81001400
2017/9/28,249.73,250.44,249.63,250.35,44778800
2017/9/29,250.34,251.32,250.13,251.23,85578000
2017/10/2,251.49,252.32,251.29,252.32,59023000
2017/10/3,252.32,252.89,252.23,252.86,66810200
2017/10/4,252.69,253.44,252.56,253.16,55953600
2017/10/5,253.54,254.68,253.20,254.66,63522800
2017/10/6,254.15,254.70,253.85,254.37,80646000
2017/10/9,254.63,254.70,253.65,253.95,35803100
2017/10/10,254.60,255.05,253.98,254.62,43057400
2017/10/11,254.51,255.02,254.32,255.02,47674300
2017/10/12,254.66,255.06,254.37,254.64,47065100
2017/10/13,255.14,255.27,254.64,254.95,54800400
2017/10/16,255.21,255.51,254.82,255.29,38221700
2017/10/17,255.23,255.52,254.98,255.47,31561000
2017/10/18,255.90,255.95,255.50,255.72,40888300
2017/10/19,254.83,255.83,254.35,255.79,61903800
2017/10/20,256.70,257.14,255.77,257.11,89176400
2017/10/23,257.48,257.51,256.02,256.11,63915300
2017/10/24,256.60,256.83,256.15,256.56,66935900
2017/10/25,256.18,256.31,254.00,255.29,103715300
2017/10/26,255.99,256.30,255.48,255.62,69798000
2017/10/27,256.47,257.89,255.63,257.71,85562500
2017/10/30,256.47,257.60,256.41,256.75,54285700
2017/10/31,257.18,257.44,256.81,257.15,60304800
2017/11/1,258.04,258.43,257.07,257.49,54202700
2017/11/2,257.41,257.75,256.19,257.59,56449500
2017/11/3,257.77,258.50,257.30,258.45,59589700
2017/11/6,258.30,259.00,258.22,258.85,49652600
2017/11/7,258.97,259.35,258.09,258.67,57502200
2017/11/8,258.47,259.22,258.15,259.11,50469600
2017/11/9,257.73,258.39,256.36,258.17,95085500
2017/11/10,257.73,258.29,257.37,258.09,59984700
2017/11/13,257.31,258.59,257.27,258.33,50228600
2017/11/14,257.41,257.85,256.52,257.73,61315200
2017/11/15,256.62,257.22,255.63,256.44,80811500
2017/11/16,257.52,259.04,257.47,258.62,67777000
2017/11/17,258.22,258.59,257.77,257.86,75756800
2017/11/20,258.14,258.52,257.86,258.30,48075500
2017/11/21,259.18,260.20,258.26,259.99,69176800
2017/11/22,260.00,260.15,259.57,259.76,45033400
2017/11/23,260.00,260.15,259.57,259.76,45033400
2017/11/24,260.32,260.48,260.16,260.36,27856500
2017/11/27,260.41,260.75,260.00,260.23,52274900
2017/11/28,260.76,262.90,260.65,262.87,98971700
2017/11/29,263.02,263.63,262.20,262.71,77512100
2017/11/30,263.76,266.05,263.67,265.01,127894400
2017/12/1,264.76,265.31,260.76,264.46,164390900
2017/12/4,266.31,266.80,264.08,264.14,94040600
2017/12/5,263.19,265.15,263.04,263.19,77994500
2017/12/6,263.30,263.73,262.71,263.24,75898600
2017/12/7,264.07,264.43,262.94,264.07,77218600
2017/12/8,265.16,265.52,264.03,265.51,76563900
2017/12/11,266.31,266.38,265.48,266.31,83077500
2017/12/12,267.21,267.32,266.35,266.78,85195800
2017/12/13,267.06,267.56,266.65,266.75,102905400
2017/12/14,267.09,267.22,265.60,265.66,100666700
2017/12/15,265.45,267.04,265.39,266.51,144610300
2017/12/18,268.10,268.60,267.98,268.20,83653600
2017/12/19,268.48,268.53,267.09,267.17,82382900
2017/12/20,268.27,268.33,266.69,267.03,76751500
2017/12/21,267.74,268.39,267.30,267.58,67032300
2017/12/22,267.60,267.64,266.90,267.51,78720900
2017/12/25,267.60,267.64,266.90,267.51,78720900
2017/12/26,267.05,267.44,266.89,267.19,45244400
2017/12/27,267.38,267.73,267.01,267.32,57751000
2017/12/28,267.89,267.92,267.45,267.87,45116100
2017/12/29,268.53,268.55,266.64,266.86,96007400
2018/1/1,268.53,268.55,266.64,266.86,96007400
2018/1/2,267.84,268.81,267.40,268.77,86655700
2018/1/3,268.96,270.64,268.96,270.47,90070400
2018/1/4,271.20,272.16,270.54,271.61,80636400
2018/1/5,272.51,273.56,271.95,273.42,83524000
2018/1/8,273.31,274.10,272.98,273.92,57319200
2018/1/9,274.40,275.25,274.08,274.54,57254000
2018/1/10,273.68,274.42,272.92,274.12,69574300
2018/1/11,274.75,276.12,274.56,276.12,62361500
2018/1/12,276.42,278.11,276.08,277.92,90816100
2018/1/15,276.42,278.11,276.08,277.92,90816100
2018/1/16,279.35,280.09,276.18,276.97,106555100
2018/1/17,278.03,280.05,276.97,279.61,113258800
2018/1/18,279.48,279.96,278.58,279.14,100728000
2018/1/19,279.80,280.41,279.14,280.41,140920100
2018/1/22,280.17,282.69,280.11,282.69,91322400
2018/1/23,282.74,283.62,282.37,283.29,97084700
2018/1/24,284.02,284.70,281.84,283.18,134816100
2018/1/25,284.16,284.27,282.40,283.30,84587300
2018/1/26,284.25,286.63,283.96,286.58,107743100
2018/1/29,285.93,286.43,284.50,284.68,90118300
2018/1/30,282.60,284.74,281.22,281.76,131796400
2018/1/31,282.73,283.30,280.68,281.90,108364800
2018/2/1,281.07,283.06,280.68,281.58,90102500
2018/2/2,280.08,280.23,275.41,275.45,173174800
2018/2/5,273.45,275.85,263.31,263.93,294681800
2018/2/6,259.94,269.70,258.70,269.13,355026800
2018/2/7,268.50,272.36,267.58,267.67,167376100
2018/2/8,268.01,268.17,257.59,257.63,246449500
2018/2/9,260.80,263.61,252.92,261.50,283565300
2018/2/12,263.83,267.01,261.66,265.34,143736000
2018/2/13,263.97,266.62,263.31,266.00,81223600
2018/2/14,264.31,270.00,264.30,269.59,120735700
2018/2/15,271.57,273.04,268.77,273.03,111200300
2018/2/16,272.32,275.32,272.27,273.11,160420100
2018/2/19,272.32,275.32,272.27,273.11,160420100
2018/2/20,272.03,273.67,270.50,271.40,86369700
2018/2/21,271.90,274.72,269.94,270.05,98883700
2018/2/22,271.10,273.05,269.64,270.40,110511300
2018/2/23,271.79,274.71,271.25,274.71,92766400
2018/2/26,275.93,278.01,275.26,277.90,86491400
2018/2/27,278.11,278.92,274.36,274.43,99099200
2018/2/28,275.68,276.19,271.29,271.65,121907800
2018/3/1,271.41,273.17,266.00,267.70,176855100
2018/3/2,265.80,269.72,264.82,269.08,139083200
2018/3/5,267.73,272.89,267.61,272.19,97307400
2018/3/6,273.30,273.39,271.18,272.88,79213200
2018/3/7,270.42,273.18,270.20,272.78,87063500
2018/3/8,273.55,274.24,272.42,274.10,66901200
2018/3/9,275.70,278.87,275.34,278.87,113625300
2018/3/12,279.20,279.91,278.08,278.52,71924800
2018/3/13,279.84,280.41,276.03,276.72,91968900
2018/3/14,277.81,278.02,274.67,275.30,105895100
2018/3/15,275.88,276.61,274.43,275.00,83433000
2018/3/16,274.50,275.39,274.14,274.20,100343700
2018/3/19,273.35,274.40,268.62,270.49,109208400
2018/3/20,270.94,271.67,270.18,270.95,59757300
2018/3/21,270.90,273.27,270.19,270.43,78709600
2018/3/22,267.91,268.87,263.36,263.67,148785900
2018/3/23,264.17,264.54,257.83,258.05,183534800
2018/3/26,262.13,265.43,259.41,265.11,141956100
2018/3/27,266.17,266.77,258.84,260.60,129941400
2018/3/28,260.75,262.64,258.58,259.83,146452300
2018/3/29,261.12,265.26,259.84,263.15,111601600
2018/3/30,261.12,265.26,259.84,263.15,111601600
2018/4/2,262.55,263.13,254.67,257.47,186286300
2018/4/3,258.87,261.31,256.84,260.77,119956900
2018/4/4,256.75,264.36,256.60,263.56,123715300
2018/4/5,265.55,266.64,264.32,265.64,82652600
2018/4/6,263.42,265.11,258.00,259.72,179521200
2018/4/9,261.37,264.84,259.94,261.00,105442900
2018/4/10,264.27,266.04,262.98,265.15,103529000
2018/4/11,263.47,265.64,263.39,263.76,91140200
2018/4/12,265.26,267.00,265.06,265.93,68890500
2018/4/13,267.41,267.54,264.01,265.15,85079200
2018/4/16,267.00,268.20,266.07,267.33,63405300
2018/4/17,269.33,270.87,268.75,270.19,64682000
2018/4/18,270.69,271.30,269.87,270.39,57303900
2018/4/19,269.65,269.88,267.72,268.89,77655900
2018/4/20,268.81,269.06,265.61,266.61,99953100
2018/4/23,267.26,267.89,265.35,266.57,65558000
2018/4/24,267.73,267.98,261.28,262.98,112885500
2018/4/25,262.91,264.13,260.85,263.63,103840900
2018/4/26,264.79,267.25,264.29,266.31,67731900
2018/4/27,267.00,267.34,265.50,266.56,57053600
2018/4/30,267.26,267.89,264.43,264.51,82182300
2018/5/1,263.87,265.10,262.11,264.98,74203400
2018/5/2,264.76,265.68,262.76,263.20,86368900
2018/5/3,262.26,263.36,259.05,262.62,136311500
2018/5/4,261.52,266.79,261.15,266.02,91222100
2018/5/7,266.89,268.02,266.11,266.92,55304900
2018/5/8,266.50,267.33,265.15,266.92,67499200
2018/5/9,267.68,269.87,267.09,269.50,59666100
2018/5/10,270.34,272.39,270.22,272.02,72063900
2018/5/11,272.16,273.15,271.58,272.85,59871500
2018/5/14,273.34,274.08,272.36,272.98,54790600
2018/5/15,271.59,271.61,270.03,271.10,87036100
2018/5/16,271.14,272.76,271.11,272.24,53942600
2018/5/17,271.94,273.23,271.13,272.01,56536400
2018/5/18,271.62,272.03,270.93,271.33,64368000
2018/5/21,273.01,273.98,272.57,273.37,58025900
2018/5/22,273.96,274.25,272.24,272.61,52966400
2018/5/23,271.17,273.39,270.99,273.36,64694200
2018/5/24,272.91,273.22,270.78,272.80,76043800
2018/5/25,272.15,272.86,271.58,272.15,56374800
2018/5/28,272.15,272.86,271.58,272.15,56374800
2018/5/29,270.31,271.17,267.76,269.02,115908600
2018/5/30,270.50,273.11,270.42,272.61,69678400
2018/5/31,272.15,272.49,270.26,270.94,93519900
2018/6/1,272.41,273.94,272.33,273.60,71258400
2018/6/4,274.53,275.19,274.26,274.90,45385200
2018/6/5,275.05,275.53,274.18,275.10,51135000
2018/6/6,275.79,277.52,275.09,277.40,62732200
2018/6/7,277.95,278.28,276.34,277.37,72969400
2018/6/8,276.85,278.25,276.66,278.19,72139700
2018/6/11,278.44,279.37,278.31,278.56,58892500
2018/6/12,279.03,279.33,278.19,278.92,72329000
2018/6/13,279.19,279.48,277.80,278.03,79070600
2018/6/14,279.01,279.33,278.06,278.73,77097600
2018/6/15,276.60,277.51,275.35,277.13,120041600
2018/6/18,275.49,276.70,274.95,276.56,52917600
2018/6/19,274.00,275.75,273.53,275.50,97531500
2018/6/20,276.27,276.72,275.59,275.97,53785500
2018/6/21,275.96,275.98,273.68,274.24,71061400
2018/6/22,275.66,275.79,274.49,274.74,54898500
2018/6/25,273.44,273.62,269.10,271.00,137854200
2018/6/26,271.64,272.56,270.79,271.60,68547400
2018/6/27,272.26,273.87,269.18,269.35,105110700
2018/6/28,269.29,271.75,268.49,270.89,76650500
2018/6/29,272.12,273.66,271.15,271.28,97592500
2018/7/2,269.51,272.04,269.24,271.86,63554800
2018/7/3,272.87,272.98,270.42,270.90,42187100
2018/7/4,272.87,272.98,270.42,270.90,42187100
2018/7/5,272.17,273.18,270.96,273.11,56925900
2018/7/6,273.14,275.84,272.71,275.42,66493700
2018/7/9,276.55,277.96,276.50,277.90,50550400
2018/7/10,278.41,279.01,278.08,278.90,51966800
2018/7/11,277.15,278.04,276.52,276.86,77054700
2018/7/12,278.28,279.43,277.60,279.37,60124700
2018/7/13,279.17,279.93,278.66,279.59,48216000
2018/7/16,279.64,279.80,278.84,279.34,48201000
2018/7/17,278.47,280.91,278.41,280.47,52315500
2018/7/18,280.56,281.18,280.06,281.06,44593500
2018/7/19,280.31,280.74,279.46,280.00,61412100
2018/7/20,279.77,280.48,279.50,279.68,82337700
2018/7/23,279.45,280.43,279.06,280.20,47047600
2018/7/24,281.79,282.56,280.63,281.61,68026900
2018/7/25,281.33,284.37,281.28,284.01,78882900
2018/7/26,283.20,284.11,283.09,283.34,57919500
2018/7/27,283.71,283.82,280.38,281.42,76768700
2018/7/30,281.51,281.69,279.36,279.95,63742500
2018/7/31,280.81,282.02,280.38,281.33,68570500
2018/8/1,281.56,282.13,280.13,280.86,53853300
2018/8/2,279.39,282.58,279.16,282.39,63426400
2018/8/3,282.53,283.66,282.33,283.60,53935400
2018/8/6,283.64,284.99,283.20,284.64,39400900
2018/8/7,285.39,286.01,285.24,285.58,43196600
2018/8/8,285.39,285.91,284.94,285.46,42114600
2018/8/9,285.53,285.97,284.92,285.07,35717000
2018/8/10,283.45,284.06,282.36,283.16,77076000
2018/8/13,283.47,284.16,281.77,282.10,65732900
2018/8/14,282.92,284.17,282.48,283.90,43842000
2018/8/15,282.38,282.54,280.16,281.78,102925400
2018/8/16,283.40,285.04,283.36,284.06,69967900
2018/8/17,283.83,285.56,283.37,285.06,65618500
2018/8/20,285.57,285.97,285.06,285.67,39807500
2018/8/21,286.25,287.31,285.71,286.34,67272000
2018/8/22,285.88,286.76,285.58,286.17,44993300
2018/8/23,285.97,286.94,285.43,285.79,49204900
2018/8/24,286.44,287.67,286.38,287.51,57487400
2018/8/27,288.86,289.90,288.68,289.78,57072400
2018/8/28,290.30,290.42,289.40,289.92,46943500
2018/8/29,290.16,291.74,289.89,291.48,61485500
2018/8/30,290.94,291.36,289.63,290.30,61229500
2018/8/31,289.84,290.81,289.29,290.31,66140800
2018/9/3,289.84,290.81,289.29,290.31,66140800
2018/9/4,289.84,290.21,288.68,289.81,57594400
2018/9/5,289.41,289.64,287.89,289.03,72452400
2018/9/6,289.15,289.49,287.00,288.16,65909900
2018/9/7,286.98,288.70,286.71,287.60,73524800
2018/9/10,288.74,289.04,287.88,288.10,50210900
2018/9/11,287.37,289.55,286.98,289.05,50530500
2018/9/12,289.06,289.80,288.23,289.12,59810800
2018/9/13,290.32,291.04,290.00,290.83,51034200
2018/9/14,291.06,291.27,290.00,290.88,55079900
2018/9/17,290.82,290.86,289.03,289.34,68244000
2018/9/18,289.58,291.58,289.55,290.91,61930400
2018/9/19,290.97,291.69,290.83,291.22,49080600
2018/9/20,292.64,293.94,291.24,293.58,100360600
2018/9/21,293.09,293.22,291.81,291.99,105479700
2018/9/24,291.34,291.50,290.37,291.02,53409600
2018/9/25,291.53,291.65,290.48,290.75,44370000
2018/9/26,290.91,292.24,289.41,289.88,79739700
2018/9/27,290.41,291.91,290.10,290.69,59249500
2018/9/28,289.99,291.28,289.95,290.72,70091400
2018/10/1,292.11,292.93,290.98,291.73,62078900
2018/10/2,291.56,292.36,291.14,291.56,47258200
2018/10/3,292.74,293.21,291.32,291.72,64694600
2018/10/4,291.18,291.24,287.66,289.44,111545900
2018/10/5,289.69,290.27,286.22,287.82,105951700
2018/10/8,287.05,288.22,285.50,287.82,87742200
2018/10/9,287.39,288.86,286.77,287.40,74339000
2018/10/10,286.83,286.91,277.88,278.30,214731000
2018/10/11,277.08,278.90,270.36,272.17,274840500
2018/10/12,276.77,277.09,272.37,275.95,183186500
2018/10/15,275.55,277.04,274.30,274.40,102263700
2018/10/16,276.60,280.82,276.07,280.40,118255800
2018/10/17,280.44,281.15,277.56,280.45,110626000
2018/10/18,279.40,280.07,274.97,276.40,134557500
2018/10/19,277.13,279.30,275.47,276.25,139901600
2018/10/22,277.00,277.36,274.41,275.01,82415800
2018/10/23,270.95,274.87,268.61,273.61,146352700
2018/10/24,273.33,273.76,264.70,265.32,177806700
2018/10/25,267.38,271.81,266.23,270.08,138061500
2018/10/26,265.92,271.00,262.29,265.33,201574600
2018/10/29,268.80,270.25,259.85,263.86,160749100
2018/10/30,263.67,268.12,263.12,267.77,157116000
2018/10/31,270.65,273.23,270.12,270.63,128296300
2018/11/1,271.60,273.73,270.38,273.51,99495000
2018/11/2,274.75,275.23,269.59,271.89,122634100
2018/11/5,272.44,274.01,271.35,273.39,65622500
2018/11/6,273.32,275.30,273.25,275.12,60085900
2018/11/7,277.56,281.10,277.08,281.01,102752100
2018/11/8,280.11,281.22,279.22,280.50,65584900
2018/11/9,279.03,279.24,276.18,277.76,98812600
2018/11/12,277.19,277.46,271.99,272.57,99673600
2018/11/13,273.09,275.33,271.25,272.06,98176600
2018/11/14,274.16,274.61,268.45,270.20,125335900
2018/11/15,268.78,273.54,267.01,273.02,135101400
2018/11/16,271.79,274.75,271.21,273.73,126668000
2018/11/19,273.05,273.38,268.07,269.10,103061700
2018/11/20,265.36,267.00,263.15,264.12,136021300
2018/11/21,265.86,267.15,265.01,265.02,75563700
2018/11/22,265.86,267.15,265.01,265.02,75563700
2018/11/23,263.18,264.82,263.07,263.25,42807900
2018/11/26,265.78,267.75,265.34,267.50,79981400
2018/11/27,266.34,268.40,265.66,268.40,75502400
2018/11/28,269.60,274.58,268.33,274.58,127629600
2018/11/29,273.71,275.55,272.43,273.98,82346400
2018/11/30,273.81,276.28,273.45,275.65,98204200
2018/12/3,280.28,280.40,277.51,279.30,103176300
2018/12/4,278.37,278.85,269.90,270.25,177986000
2018/12/5,278.37,278.85,269.90,270.25,177986000
2018/12/6,265.92,269.97,262.44,269.84,204185400
2018/12/7,269.46,271.22,262.63,263.57,161018900
2018/12/10,263.37,265.16,258.62,264.07,151445900
2018/12/11,267.66,267.87,262.48,264.13,121504400
2018/12/12,267.47,269.00,265.37,265.46,97976700
2018/12/13,266.52,267.49,264.12,265.37,96662700
2018/12/14,262.96,264.03,259.85,260.47,116961100
2018/12/17,259.40,260.65,253.53,255.36,165492300
2018/12/18,257.20,257.95,253.28,255.08,134515100
2018/12/19,255.17,259.40,249.35,251.26,214992800
2018/12/20,249.86,251.62,244.65,247.17,252053400
2018/12/21,246.74,249.71,239.98,240.70,255345600
2018/12/24,239.04,240.84,234.27,234.34,147311600
2018/12/25,239.04,240.84,234.27,234.34,147311600
2018/12/26,235.97,246.18,233.76,246.18,218485400
2018/12/27,242.57,248.29,238.96,248.07,186267300
2018/12/28,249.58,251.40,246.45,247.75,153100200
2018/12/31,249.56,250.19,247.47,249.92,144299400
2019/1/1,249.56,250.19,247.47,249.92,144299400
2019/1/2,245.98,251.21,245.95,250.18,126925200
2019/1/3,248.23,248.57,243.67,244.21,144140700
2019/1/4,247.59,253.11,247.17,252.39,142628800
2019/1/7,252.69,255.95,251.69,254.38,103139100
2019/1/8,256.82,257.31,254.00,256.77,102512600
2019/1/9,257.56,258.91,256.19,257.97,95006600
2019/1/10,256.26,259.16,255.50,258.88,96823900
2019/1/11,257.68,259.01,257.03,258.98,73858100
2019/1/14,256.86,258.30,256.41,257.40,70908200
2019/1/15,257.82,260.70,257.81,260.35,85208300
2019/1/16,260.83,261.97,260.60,260.98,77636700
2019/1/17,260.01,263.92,259.96,262.96,96118400
2019/1/18,264.98,266.98,263.00,266.46,127900300
2019/1/21,264.98,266.98,263.00,266.46,127900300
2019/1/22,264.82,265.06,261.06,262.86,115531200
2019/1/23,264.01,264.79,260.66,263.41,86030300
2019/1/24,263.21,264.20,262.08,263.55,59204100
2019/1/25,265.61,266.70,263.66,265.78,96883400
2019/1/28,263.39,263.83,261.79,263.76,85613700
2019/1/29,263.92,264.55,262.48,263.41,66136300
2019/1/30,265.10,268.52,264.25,267.58,92473700
2019/1/31,267.51,270.47,267.27,269.93,104012100
2019/2/1,270.15,271.20,269.18,270.06,85782500
2019/2/4,270.11,272.03,269.36,271.96,60744800
2019/2/5,272.44,273.44,271.88,273.10,79552800
2019/2/6,272.79,273.34,271.92,272.74,58347800
2019/2/7,270.94,271.55,268.29,270.14,95482000
2019/2/8,268.75,270.58,267.83,270.47,75788900
2019/2/11,271.20,271.49,270.03,270.62,68021400
2019/2/12,272.42,274.52,272.34,274.10,72270200
2019/2/13,275.03,275.93,274.56,274.99,65277200
2019/2/14,273.78,275.64,272.87,274.38,83234400
2019/2/15,276.36,277.41,276.13,277.37,97088700
2019/2/18,276.36,277.41,276.13,277.37,97088700
2019/2/19,276.48,278.58,276.47,277.85,59120800
2019/2/20,277.81,278.92,277.25,278.41,76610800
2019/2/21,277.70,278.10,276.35,277.42,64214700
2019/2/22,278.11,279.36,277.40,279.14,78114600
2019/2/25,280.73,281.31,279.43,279.52,69030700
2019/2/26,279.13,280.30,278.90,279.32,56844100
2019/2/27,278.52,279.59,277.48,279.20,56921600
2019/2/28,278.96,279.45,278.32,278.68,69268300
2019/3/1,280.44,280.88,278.82,280.42,78880500
2019/3/4,281.60,281.87,276.84,279.40,106494600
2019/3/5,279.54,279.76,278.41,279.02,59114600
2019/3/6,279.15,279.16,276.97,277.33,75039800
2019/3/7,276.83,276.99,274.07,275.01,94885100
2019/3/8,272.94,274.65,272.42,274.46,85795800
2019/3/11,275.26,278.62,275.23,278.44,65098900
2019/3/12,279.06,280.07,278.85,279.49,79667500
2019/3/13,280.48,282.38,280.30,281.34,80639200
2019/3/14,281.37,281.84,280.67,281.16,67518400
2019/3/15,280.54,282.21,280.33,281.31,81309000
2019/3/18,281.55,282.66,281.30,282.33,62199800
2019/3/19,283.51,284.36,281.41,282.40,90268100
2019/3/20,282.16,283.50,280.32,281.55,84609200
2019/3/21,280.64,285.18,280.59,284.73,79550400
2019/3/22,283.22,283.80,279.18,279.25,122659300
2019/3/25,278.87,280.19,277.64,279.04,85575200
2019/3/26,280.99,282.18,279.56,281.12,68125900
2019/3/27,281.11,281.76,277.93,279.65,72224700
2019/3/28,280.35,281.21,279.07,280.71,56238500
2019/3/29,282.39,282.84,281.14,282.48,82186800
2019/4/1,284.70,286.16,284.40,285.83,77617900
2019/4/2,286.04,286.23,285.09,285.97,40070400
2019/4/3,287.32,287.76,285.75,286.42,68243200
2019/4/4,286.78,287.46,286.01,287.18,48997500
2019/4/5,287.92,288.63,287.60,288.57,58621700
2019/4/8,288.10,288.91,287.37,288.79,53566300
2019/4/9,287.72,288.08,286.70,287.31,66142300
2019/4/10,287.77,288.39,287.31,288.29,52601500
2019/4/11,288.83,288.84,287.58,288.21,55093100
2019/4/12,290.00,290.47,288.26,290.16,69727800
2019/4/15,290.24,290.35,289.08,289.97,49596700
2019/4/16,290.95,291.01,289.50,290.16,52153200
2019/4/17,291.40,291.43,288.99,289.45,58268300
2019/4/18,290.10,290.32,288.66,290.02,68708500
2019/4/19,290.10,290.32,288.66,290.02,68708500
2019/4/22,289.17,290.44,289.07,290.27,40160100
2019/4/23,290.68,293.14,290.42,292.88,52246600
2019/4/24,292.79,293.16,292.07,292.23,50392900
2019/4/25,292.12,292.78,290.73,292.05,57770900
2019/4/26,292.10,293.49,291.24,293.41,50916400
2019/4/29,293.51,294.45,293.41,293.87,57197700
2019/4/30,293.49,294.34,291.92,294.02,81111700
2019/5/1,294.72,294.95,291.80,291.81,71671900
2019/5/2,291.68,292.70,289.52,291.18,65030200
2019/5/3,292.82,294.34,291.30,294.03,56543700
2019/5/6,289.25,293.31,288.90,292.82,107198100
2019/5/7,290.15,290.81,285.81,287.93,144729900
2019/5/8,287.53,289.43,286.87,287.53,91568300
2019/5/9,285.23,287.33,283.30,286.66,103471100
2019/5/10,285.62,288.94,282.30,288.10,112429300
2019/5/13,282.42,283.49,279.93,280.86,127290500
2019/5/14,281.99,285.10,281.85,283.40,77003200
2019/5/15,281.59,285.77,281.36,285.06,73956400
2019/5/16,285.84,289.21,285.76,287.70,76749600
2019/5/17,285.14,288.60,285.12,285.84,100353000
2019/5/20,284.06,285.96,283.12,283.95,62877600
2019/5/21,285.83,286.93,285.55,286.51,46847100
2019/5/22,285.45,286.69,285.10,285.63,49482500
2019/5/23,283.16,283.21,280.57,282.14,98733800
2019/5/24,283.74,284.20,282.09,282.78,55268100
2019/5/27,283.74,284.20,282.09,282.78,55268100
2019/5/28,283.09,284.15,280.13,280.15,70029400
2019/5/29,278.91,279.36,276.71,278.27,104972900
2019/5/30,279.11,280.04,277.81,279.03,62523800
2019/5/31,276.20,277.12,275.24,275.27,86862800
2019/6/3,275.31,276.55,273.09,274.57,96428000
2019/6/4,277.12,280.68,276.62,280.53,77231900
2019/6/5,282.33,282.99,280.32,282.96,71169700
2019/6/6,283.29,285.55,282.57,284.80,69430400
2019/6/7,285.93,288.85,285.74,287.65,74272200
2019/6/10,289.37,290.82,288.87,288.97,60799100
2019/6/11,290.99,291.40,288.18,288.90,58641300
2019/6/12,288.64,289.26,287.82,288.39,47096300
2019/6/13,289.40,289.98,288.62,289.58,48945200
2019/6/14,289.26,289.93,288.41,289.26,52324700
2019/6/17,289.52,290.22,289.18,289.37,39205700
2019/6/18,291.39,293.57,290.99,292.40,85434800
2019/6/19,292.55,293.65,291.47,293.06,78674400
2019/6/20,296.04,296.31,293.13,295.86,116570000
2019/6/21,294.13,295.52,293.76,294.00,83309500
2019/6/24,294.23,294.58,293.47,293.64,47582700
2019/6/25,293.70,293.73,290.64,290.76,82028700
2019/6/26,291.75,292.31,290.35,290.47,51584900
2019/6/27,291.31,292.06,290.89,291.50,40355200
2019/6/28,292.58,293.55,292.01,293.00,59350900
2019/7/1,296.68,296.92,294.33,295.66,78705600
2019/7/2,295.61,296.49,294.68,296.43,61504500
2019/7/3,297.18,298.82,297.02,298.80,40898900
2019/7/4,297.18,298.82,297.02,298.80,40898900
2019/7/5,297.44,298.64,296.01,298.46,51677300
2019/7/8,297.01,298.26,296.22,296.82,45841800
2019/7/9,295.54,297.52,295.48,297.19,41101300
2019/7/10,298.37,299.66,297.78,298.61,58448500
2019/7/11,299.32,299.58,298.20,299.31,50826100
2019/7/12,299.85,300.73,299.51,300.65,40326000
2019/7/15,301.13,301.13,300.19,300.75,33900000
2019/7/16,300.65,300.88,299.44,299.78,36650100
2019/7/17,299.75,299.93,297.74,297.74,36036300
2019/7/18,297.19,299.25,296.70,298.83,51392600
2019/7/19,300.04,300.07,296.98,297.17,58678600
2019/7/22,297.61,298.50,297.04,297.90,43638100
2019/7/23,299.14,300.03,298.22,300.03,44564500
2019/7/24,299.19,301.44,299.09,301.44,47213200
2019/7/25,300.94,301.00,299.11,300.00,55394100
2019/7/26,300.76,302.23,300.62,302.01,45084100
2019/7/29,301.88,302.01,300.85,301.46,38126500
2019/7/30,299.91,301.17,299.49,300.72,45849000
2019/7/31,300.99,301.20,295.20,297.43,104245200
2019/8/1,297.60,300.87,293.96,294.84,142646600
2019/8/2,293.85,294.12,290.90,292.62,116749700
2019/8/5,288.09,288.21,281.72,283.82,178745400
2019/8/6,285.91,288.04,284.28,287.80,120711700
2019/8/7,284.40,288.82,282.04,287.97,140572300
2019/8/8,289.62,293.62,289.01,293.62,87713900
2019/8/9,292.58,293.24,289.65,291.62,93730000
2019/8/12,289.96,291.61,287.02,288.07,65527600
2019/8/13,287.74,294.15,287.36,292.55,94299800
2019/8/14,288.07,288.74,283.76,283.90,135622100
2019/8/15,284.88,285.64,282.39,284.65,99556600
2019/8/16,286.48,289.33,284.71,288.85,83018300
2019/8/19,292.19,293.08,291.44,292.33,53571800
2019/8/20,291.77,292.36,289.95,290.09,51596400
2019/8/21,292.48,292.86,291.72,292.45,49524700
2019/8/22,293.23,293.93,290.40,292.36,51666400
2019/8/23,290.92,292.76,283.47,284.85,149161500
2019/8/26,287.27,288.00,285.58,288.00,72423800
2019/8/27,289.54,289.95,286.03,286.87,66668900
2019/8/28,286.14,289.07,285.25,288.89,59696700
2019/8/29,291.72,293.16,290.61,292.58,57899400
2019/8/30,294.22,294.24,291.42,292.45,62901200
2019/9/2,294.22,294.24,291.42,292.45,62901200
2019/9/3,290.57,291.58,289.27,290.74,69101400
2019/9/4,293.14,294.06,292.31,294.04,46887300
2019/9/5,296.79,298.83,294.00,297.82,83258100
2019/9/6,298.17,298.76,297.42,298.05,49584300
2019/9/9,299.14,299.24,297.16,298.20,51260300
2019/9/10,297.36,298.20,295.97,298.13,57947100
2019/9/11,298.47,300.34,297.75,300.25,68821100
2019/9/12,301.25,302.46,300.41,301.29,72908700
2019/9/13,301.78,302.17,300.68,301.09,62104800
2019/9/16,299.84,301.14,299.45,300.16,58191200
2019/9/17,299.94,301.02,299.75,300.92,41475500
2019/9/18,300.49,301.22,298.24,301.10,73375800
2019/9/19,301.53,302.63,300.71,301.08,76560500
2019/9/20,300.36,300.67,297.41,298.28,89565000
2019/9/23,297.55,299.00,297.27,298.21,43476800
2019/9/24,299.41,299.84,294.81,295.87,94869400
2019/9/25,295.96,298.11,294.33,297.62,71854000
2019/9/26,297.63,297.86,295.45,297.00,56179700
2019/9/27,297.83,297.95,293.69,295.40,84746600
2019/9/30,295.97,297.55,295.92,296.77,51662400
2019/10/1,297.74,298.46,293.00,293.24,88242400
2019/10/2,291.50,291.51,286.64,288.06,122539500
2019/10/3,287.81,290.45,284.82,290.42,85278800
2019/10/4,291.14,294.63,291.08,294.35,65091200
2019/10/7,293.47,295.26,292.77,293.08,59610500
2019/10/8,291.04,291.85,288.49,288.53,95708100
2019/10/9,290.75,292.30,290.06,291.27,62359400
2019/10/10,291.18,294.21,291.00,293.24,55296300
2019/10/11,296.27,298.74,296.14,296.28,98720400
2019/10/14,295.93,296.67,295.57,295.95,40394800
2019/10/15,297.10,299.70,296.97,298.88,46754500
2019/10/16,298.37,299.16,297.92,298.40,48928200
2019/10/17,299.68,300.24,298.52,299.28,45736600
2019/10/18,298.69,299.40,297.03,297.97,64304000
2019/10/21,299.42,300.21,298.94,299.99,39048600
2019/10/22,300.58,300.90,298.91,299.01,48594700
2019/10/23,298.73,299.94,298.50,299.88,34352200
2019/10/24,300.91,301.07,299.46,300.37,35453100
2019/10/25,299.74,302.20,299.68,301.60,45205400
2019/10/28,302.94,303.85,302.91,303.30,42147000
2019/10/29,303.00,304.23,302.86,303.21,44284900
2019/10/30,303.43,304.55,301.99,304.14,49643900
2019/10/31,304.13,304.13,301.73,303.33,69053800
2019/11/1,304.92,306.19,304.74,306.14,71141500
2019/11/4,307.85,308.00,306.96,307.37,60606900
2019/11/5,307.59,307.92,306.71,307.03,42933200
2019/11/6,307.03,307.40,306.06,307.10,46487100
2019/11/7,308.57,309.65,307.66,308.18,54272300
2019/11/8,307.80,309.00,307.03,308.94,49032100
2019/11/11,307.42,308.54,307.27,308.35,35797300
2019/11/12,308.75,309.99,308.15,309.00,46484600
2019/11/13,307.91,309.54,307.66,309.10,53917700
2019/11/14,308.79,309.64,308.09,309.55,51219900
2019/11/15,311.02,311.84,310.26,311.79,62023600
2019/11/18,311.53,312.28,311.03,312.02,49228000
2019/11/19,312.68,312.69,311.22,311.93,67804700
2019/11/20,311.28,311.85,309.06,310.77,79406200
2019/11/21,310.89,311.01,309.39,310.27,54664700
2019/11/22,311.09,311.24,309.85,310.96,44850200
2019/11/25,311.98,313.37,311.98,313.37,48647200
2019/11/26,313.41,314.28,313.06,314.08,37569000
2019/11/27,314.61,315.48,314.37,315.48,44444600
2019/11/28,314.61,315.48,314.37,315.48,44444600
2019/11/29,314.86,315.13,314.06,314.31,36592700
2019/12/2,314.59,314.66,311.17,311.64,75767800
2019/12/3,308.65,309.64,307.13,309.55,73941700
2019/12/4,310.70,312.12,310.32,311.46,49080000
2019/12/5,312.23,312.25,310.58,312.02,40709000
2019/12/6,314.12,315.31,314.11,314.87,48927000
2019/12/9,314.44,315.18,313.80,313.88,34838500
2019/12/10,313.82,314.55,312.81,313.53,52649800
2019/12/11,314.03,314.70,313.44,314.42,53429100
2019/12/12,314.43,317.99,314.17,317.13,96389600
2019/12/13,316.87,318.67,316.02,317.32,81503900
2019/12/16,319.22,320.15,317.25,319.50,82749700
2019/12/17,319.92,320.25,319.48,319.57,61097700
2019/12/18,320.00,320.25,319.53,319.59,48133000
2019/12/19,319.80,320.98,319.52,320.90,85310500
2019/12/20,320.46,321.97,319.39,320.73,147142100
2019/12/23,321.59,321.65,321.06,321.22,52990000
2019/12/24,321.47,321.52,320.90,321.23,20270000
2019/12/25,321.47,321.52,320.90,321.23,20270000
2019/12/26,321.65,322.95,321.64,322.94,30911200
2019/12/27,323.74,323.80,322.28,322.86,42528800
2019/12/30,322.95,323.10,320.55,321.08,49729100
2019/12/31,320.53,322.13,320.15,321.86,57077300
2020/1/1,320.53,322.13,320.15,321.86,57077300
2020/1/2,323.54,324.89,322.53,324.87,59151200
2020/1/3,321.16,323.64,321.10,322.41,77709700
2020/1/6,320.49,323.73,320.36,323.64,55653900
2020/1/7,323.02,323.54,322.24,322.73,40496400
2020/1/8,322.94,325.78,322.67,324.45,68296000
2020/1/9,326.16,326.73,325.52,326.65,48473300
2020/1/10,327.29,327.46,325.20,325.71,53029300
2020/1/13,326.39,327.96,325.92,327.95,47086800
2020/1/14,327.47,328.62,326.84,327.45,62832800
2020/1/15,327.35,329.02,327.26,328.19,72056600
2020/1/16,329.70,330.92,329.45,330.92,54050300
2020/1/17,331.70,332.18,330.85,331.95,95846000
2020/1/20,331.70,332.18,330.85,331.95,95846000
2020/1/21,330.90,332.18,330.82,331.30,77742400
2020/1/22,332.24,332.95,331.17,331.34,48914900
2020/1/23,330.63,332.17,329.41,331.72,51963000
2020/1/24,332.44,332.53,327.36,328.77,87578400
2020/1/27,323.03,325.12,322.66,323.50,84062500
2020/1/28,325.06,327.85,323.60,326.89,63834000
2020/1/29,328.38,328.63,326.40,326.62,53888900
2020/1/30,324.36,327.91,323.54,327.68,75491800
2020/1/31,327.00,327.17,320.73,321.73,113845600
2020/2/3,323.35,326.16,323.22,324.12,69083000
2020/2/4,328.07,330.01,327.72,329.06,62573200
2020/2/5,332.27,333.09,330.67,332.86,65951100
2020/2/6,333.91,334.19,332.80,333.98,50359700
2020/2/7,332.82,333.99,331.60,332.20,64139400
2020/2/10,331.23,334.75,331.19,334.68,42070000
2020/2/11,336.16,337.02,334.68,335.26,54864500
2020/2/12,336.83,337.65,336.43,337.42,43992700
2020/2/13,335.86,338.12,335.56,337.06,54501900
2020/2/14,337.51,337.73,336.20,337.60,64582200
2020/2/17,337.51,337.73,336.20,337.60,64582200
2020/2/18,336.51,337.67,335.21,336.73,57226200
2020/2/19,337.79,339.08,337.48,338.34,48814700
2020/2/20,337.74,338.64,333.68,336.95,74163400
2020/2/21,335.47,335.81,332.58,333.48,113788200
2020/2/24,323.14,333.56,321.24,322.42,161088400
2020/2/25,323.94,324.61,311.69,312.65,218913200
2020/2/26,314.18,318.11,310.70,311.50,194773800
2020/2/27,305.46,311.56,297.51,297.51,284353500
2020/2/28,288.70,297.89,285.54,296.26,384975800
2020/3/2,298.21,309.16,294.46,309.09,238703600
2020/3/3,309.50,313.84,297.57,300.24,300139100
2020/3/4,306.12,313.10,303.33,312.86,176613400
2020/3/5,304.98,308.47,300.01,302.46,186366800
2020/3/6,293.15,298.78,290.23,297.46,228667200
2020/3/9,275.30,284.19,273.45,274.23,309417300
2020/3/10,284.64,288.52,273.50,288.42,276444100
2020/3/11,280.70,281.94,270.88,274.36,255316300
2020/3/12,256.00,266.66,247.68,248.11,392220700
2020/3/13,263.09,271.48,248.52,269.32,329566100
2020/3/16,241.18,256.90,237.36,239.85,297240000
2020/3/17,245.04,256.17,237.07,252.80,262070500
2020/3/18,236.25,248.37,228.02,240.00,327597100
2020/3/19,239.25,247.38,232.22,240.51,289322000
2020/3/20,242.53,244.47,228.50,228.80,347158800
2020/3/23,228.19,229.68,218.26,222.95,326025200
2020/3/24,234.42,244.10,233.80,243.15,235494500
2020/3/25,244.87,256.35,239.75,246.79,299430300
2020/3/26,249.52,262.80,249.05,261.20,257632800
2020/3/27,253.27,260.81,251.05,253.42,224341200
2020/3/30,255.70,262.43,253.53,261.65,171369500
2020/3/31,260.56,263.33,256.22,257.75,194881100
2020/4/1,247.98,257.66,243.90,246.15,189554600
2020/4/2,245.19,252.68,244.59,251.83,177660400
2020/4/3,250.76,253.32,245.22,248.19,135561200
2020/4/6,257.84,267.00,248.17,264.86,188061200
2020/4/7,274.21,275.03,264.89,265.13,201427200
2020/4/8,267.96,276.00,265.25,274.03,153774500
2020/4/9,277.58,281.20,275.47,278.20,189999200
2020/4/10,277.58,281.20,275.47,278.20,189999200
2020/4/13,277.14,277.51,271.41,275.66,114839100
2020/4/14,280.98,284.90,275.51,283.79,134143400
2020/4/15,277.57,283.94,275.46,277.76,121775000
2020/4/16,279.15,280.03,275.76,279.10,131798300
2020/4/17,285.38,287.30,282.40,286.64,146684800
2020/4/20,282.61,286.79,281.35,281.59,100109300
2020/4/21,276.73,278.04,272.02,273.04,126385700
2020/4/22,278.35,281.00,276.91,279.10,92951600
2020/4/23,280.49,283.94,278.75,279.08,104709700
2020/4/24,280.73,283.70,278.50,282.97,85063200
2020/4/27,285.12,288.27,284.62,287.05,77896600
2020/4/28,291.02,291.40,285.40,285.73,105270000
2020/4/29,291.53,294.88,290.41,293.21,118745600
2020/4/30,291.71,293.32,288.59,290.48,122901700
2020/5/1,285.31,290.66,281.52,282.79,125180000
2020/5/4,280.74,283.90,279.13,283.57,80873200
2020/5/5,286.64,289.25,283.71,286.19,79569900
2020/5/6,288.04,288.46,283.78,284.25,73632600
2020/5/7,287.75,289.78,287.13,287.68,75250400
2020/5/8,291.09,292.95,289.86,292.44,76452400
2020/5/11,290.34,294.00,289.88,292.50,79514200
2020/5/12,293.79,294.24,286.52,286.67,95870800
2020/5/13,286.06,287.19,278.96,281.60,144721100
2020/5/14,278.95,285.11,272.99,284.97,121977900
2020/5/15,282.37,286.33,281.34,286.28,111146300
2020/5/18,293.05,296.75,292.70,295.00,119703800
2020/5/19,294.35,296.21,291.95,291.97,95189300
2020/5/20,295.82,297.87,295.57,296.93,85861700
2020/5/21,296.79,297.67,293.69,294.88,78293900
2020/5/22,294.57,295.63,293.22,295.44,63958200
2020/5/25,294.57,295.63,293.22,295.44,63958200
2020/5/26,301.93,302.19,295.46,299.08,88951400
2020/5/27,302.12,303.57,296.87,303.53,104817400
2020/5/28,304.65,306.84,302.24,302.97,90405200
2020/5/29,302.46,304.96,299.47,304.32,119090800
2020/6/1,303.62,306.21,303.06,305.55,55758300
2020/6/2,306.55,308.13,305.10,308.08,74267200
2020/6/3,310.24,313.22,309.94,312.18,92567600
2020/6/4,311.11,313.00,309.08,311.36,75794400
2020/6/5,317.23,321.27,317.16,319.34,150524700
2020/6/8,320.22,323.41,319.63,323.20,73641200
2020/6/9,320.30,323.28,319.36,320.79,77479200
2020/6/10,321.42,322.39,318.22,319.00,95000800
2020/6/11,311.46,312.15,300.01,300.61,209243600
2020/6/12,308.24,309.08,298.60,304.21,194678900
2020/6/15,298.02,308.28,296.74,307.05,135782700
2020/6/16,315.48,315.64,307.67,312.96,137627500
2020/6/17,314.07,314.39,310.86,311.66,83398900
2020/6/18,310.01,312.30,309.51,311.78,80828700
2020/6/19,314.17,314.38,306.53,308.64,135549600
2020/6/22,307.99,311.05,306.75,310.62,74649400
2020/6/23,313.49,314.50,311.61,312.05,68471200
2020/6/24,309.84,310.51,302.10,304.09,132813500
2020/6/25,303.47,307.64,301.28,307.35,89468000
2020/6/26,306.16,306.39,299.42,300.05,127961000
2020/6/29,301.41,304.61,298.93,304.46,79773300
2020/6/30,303.99,310.20,303.82,308.36,113394800
2020/7/1,309.57,311.89,309.07,310.52,72396500
2020/7/2,314.24,315.70,311.51,312.23,69344200
2020/7/3,314.24,315.70,311.51,312.23,69344200
2020/7/6,316.37,317.68,315.56,317.05,61713800
2020/7/7,315.38,317.52,313.37,313.78,82910000
2020/7/8,314.61,316.30,312.70,316.18,54638600
2020/7/9,316.84,317.10,310.68,314.38,83354200
2020/7/10,314.31,317.88,312.76,317.59,57550400
2020/7/13,320.13,322.71,314.13,314.84,102997500
2020/7/14,313.30,319.76,312.00,318.92,93657000
2020/7/15,322.41,323.04,319.27,321.85,87196500
2020/7/16,319.79,321.28,319.09,320.79,54622500
2020/7/17,321.88,322.57,319.74,321.72,62774900
2020/7/20,321.43,325.13,320.62,324.32,56308800
2020/7/21,326.45,326.93,323.94,325.01,57292200
2020/7/22,324.62,327.20,324.50,326.86,57792900
2020/7/23,326.47,327.23,321.48,322.96,75738000
2020/7/24,320.95,321.99,319.25,320.88,73766600
2020/7/27,321.63,323.41,320.77,323.22,48293000
2020/7/28,322.43,323.64,320.85,321.17,57495000
2020/7/29,322.12,325.73,322.08,325.12,48454200
2020/7/30,321.90,324.41,319.64,323.96,61861700
2020/7/31,325.90,326.63,321.33,326.52,84986800
2020/8/3,328.32,329.62,327.73,328.79,53077900
2020/8/4,327.86,330.06,327.86,330.06,41917900
2020/8/5,331.47,332.39,331.18,332.11,42697700
2020/8/6,331.48,334.46,331.13,334.33,43679400
2020/8/7,333.28,334.88,332.30,334.57,57308300
2020/8/10,335.06,335.77,332.96,335.57,44282100
2020/8/11,336.85,337.54,332.01,332.80,69601100
2020/8/12,335.44,338.28,335.41,337.44,53774400
2020/8/13,336.61,338.25,335.83,336.83,41816100
2020/8/14,336.41,337.42,335.62,336.84,47260400
2020/8/17,337.94,338.34,336.85,337.91,35481000
2020/8/18,338.34,339.10,336.61,338.64,38733900
2020/8/19,339.05,339.61,336.62,337.23,68054200
2020/8/20,335.36,338.80,335.22,338.28,42207800
2020/8/21,337.92,339.72,337.55,339.48,55106600
2020/8/24,342.12,343.00,339.45,342.92,48588700
2020/8/25,343.53,344.21,342.27,344.12,38463400
2020/8/26,344.76,347.86,344.17,347.57,50790200
2020/8/27,348.51,349.90,346.53,348.33,58034100
2020/8/28,349.44,350.72,348.15,350.58,48588900
2020/8/31,350.35,351.30,349.06,349.31,66099200
2020/9/1,350.21,352.71,349.24,352.60,54908700
2020/9/2,354.67,358.75,353.43,357.70,69540000
2020/9/3,355.87,356.38,342.59,345.39,148011100
2020/9/4,346.13,347.83,334.87,342.57,139156300
2020/9/7,346.13,347.83,334.87,342.57,139156300
2020/9/8,336.71,342.64,332.88,333.21,114465300
2020/9/9,337.55,342.46,336.61,339.79,91462300
2020/9/10,341.82,342.53,332.85,333.89,90569500
2020/9/11,335.82,336.97,331.00,334.06,84680200
2020/9/14,337.49,340.38,334.22,338.46,65605700
2020/9/15,341.12,342.02,338.47,340.17,52920900
2020/9/16,341.51,343.06,338.52,338.82,82096000
2020/9/17,333.56,337.70,332.99,335.84,91523300
2020/9/18,335.37,335.49,327.97,330.65,105877900
2020/9/21,325.70,327.13,321.73,326.97,99450800
2020/9/22,328.57,330.90,325.86,330.30,63612100
2020/9/23,330.90,331.20,322.10,322.64,93112200
2020/9/24,321.22,326.80,319.80,323.50,76681300
2020/9/25,322.58,329.58,321.64,328.73,71069400
2020/9/28,333.22,334.96,332.15,334.19,64584600
2020/9/29,333.97,334.77,331.62,332.37,51304000
2020/9/30,333.09,338.29,332.88,334.89,104081100
2020/10/1,337.69,338.74,335.01,337.04,88698700
2020/10/2,331.70,337.01,331.19,333.84,89431100
2020/10/5,336.06,339.96,336.01,339.76,45713100
2020/10/6,339.91,342.17,334.38,334.93,90128900
2020/10/7,338.12,341.63,338.09,340.76,56999600
2020/10/8,342.85,343.85,341.86,343.78,45242500
2020/10/9,345.56,347.35,344.89,346.85,59528600
2020/10/12,349.59,354.02,349.06,352.43,80388500
2020/10/13,352.28,352.47,349.09,350.13,73255500
2020/10/14,350.75,351.93,347.14,347.93,57727900
2020/10/15,343.71,348.02,343.13,347.50,60357700
2020/10/16,348.96,350.75,347.10,347.29,89501900
2020/10/19,348.65,349.33,341.04,342.01,68425600
2020/10/20,343.46,346.88,342.64,343.38,60051900
2020/10/21,343.33,345.67,342.40,342.73,63575000
2020/10/22,342.96,345.24,340.65,344.61,55399300
2020/10/23,345.93,345.99,343.13,345.78,49143900
2020/10/26,342.13,342.98,335.62,339.39,91473000
2020/10/27,339.76,340.12,337.99,338.22,65994100
2020/10/28,332.10,338.25,326.13,326.66,127094300
2020/10/29,326.91,333.40,325.09,329.98,90597700
2020/10/30,328.28,329.69,322.60,326.54,120287300
2020/11/2,330.20,332.36,327.24,330.20,86068300
2020/11/3,333.69,338.25,330.29,336.03,93294200
2020/11/4,340.86,347.94,339.59,343.54,126959700
2020/11/5,349.24,352.19,348.86,350.24,82039700
2020/11/6,349.93,351.51,347.65,350.16,74973000
2020/11/9,363.97,364.38,354.06,354.56,172304200
2020/11/10,353.49,355.18,350.51,354.04,85552000
2020/11/11,356.40,357.56,355.06,356.67,58649000
2020/11/12,355.58,356.72,351.26,353.21,67546200
2020/11/13,355.27,358.90,354.71,358.10,62892200
2020/11/16,360.98,362.78,359.59,362.57,74541100
2020/11/17,359.97,361.92,358.34,360.62,66111000
2020/11/18,360.91,361.50,356.24,356.28,70591300
2020/11/19,355.60,358.18,354.15,357.78,59940900
2020/11/20,357.50,357.72,355.25,355.33,70417300
2020/11/23,357.28,358.82,354.87,357.46,63230600
2020/11/24,360.21,363.81,359.29,363.22,62415900
2020/11/25,363.13,363.16,361.48,362.66,45330900
2020/11/26,363.13,363.16,361.48,362.66,45330900
2020/11/27,363.84,364.18,362.58,363.67,28514100
2020/11/30,362.83,363.12,359.17,362.06,83872700
2020/12/1,365.57,367.68,364.93,366.02,74231400
2020/12/2,364.82,366.96,364.20,366.79,45927000
2020/12/3,366.68,368.19,365.50,366.69,62882000
2020/12/4,367.32,369.85,367.22,369.85,50749900
2020/12/7,369.02,369.62,367.72,369.09,48944300
2020/12/8,367.72,370.78,367.67,370.17,42458900
2020/12/9,370.88,371.05,365.95,366.85,74098300
2020/12/10,365.37,367.86,364.43,366.73,57735400
2020/12/11,364.90,366.74,363.26,366.30,57698600
2020/12/14,368.64,369.80,364.47,364.66,69216200
2020/12/15,367.40,369.59,365.92,369.59,63865300
2020/12/16,369.82,371.16,368.87,370.17,58420500
2020/12/17,371.94,372.46,371.05,372.24,64119500
2020/12/18,370.97,371.15,367.02,369.18,136542300
2020/12/21,364.97,378.46,362.03,367.86,96386700
2020/12/22,368.21,368.33,366.03,367.24,47949000
2020/12/23,368.28,369.62,367.22,367.57,46201400
2020/12/24,368.08,369.03,367.45,369.00,26457900
2020/12/25,368.08,369.03,367.45,369.00,26457900
2020/12/28,371.74,372.59,371.07,372.17,39000400
2020/12/29,373.81,374.00,370.83,371.46,53680500
2020/12/30,372.34,373.10,371.57,371.99,49455300
2020/12/31,371.78,374.66,371.23,373.88,78520700
2021/1/1,371.78,374.66,371.23,373.88,78520700
2021/1/4,375.31,375.45,364.82,368.79,110210800
2021/1/5,368.10,372.50,368.05,371.33,66426200
2021/1/6,369.71,376.98,369.12,373.55,107997700
2021/1/7,376.10,379.90,375.91,379.10,68766800
2021/1/8,380.59,381.49,377.10,381.26,71677200
2021/1/11,377.85,380.58,377.72,378.69,51034700
2021/1/12,378.89,379.86,376.36,378.77,52547700
2021/1/13,378.69,380.86,377.85,379.79,45303600
2021/1/14,380.59,381.13,378.10,378.46,49989100
2021/1/15,376.72,377.58,373.70,375.70,107160000
2021/1/18,376.72,377.58,373.70,375.70,107160000
2021/1/19,378.34,379.23,376.75,378.65,51233300
2021/1/20,381.11,384.79,380.69,383.89,61836100
2021/1/21,384.49,384.95,383.25,384.24,47840100
2021/1/22,382.25,384.13,381.84,382.88,52860500
2021/1/25,383.67,384.77,378.46,384.39,70402000
2021/1/26,385.41,385.85,383.54,383.79,42665300
2021/1/27,380.22,380.32,372.01,374.41,123351100
2021/1/28,376.36,381.93,375.89,377.63,94198100
2021/1/29,375.63,376.67,368.27,370.07,126765100
2021/2/1,373.72,377.34,370.38,376.23,75817600
2021/2/2,379.65,383.22,376.32,381.55,64450700
2021/2/3,382.44,383.70,380.48,381.85,52427100
2021/2/4,382.96,386.24,381.97,386.19,47142600
2021/2/5,388.20,388.47,386.14,387.71,48669800
2021/2/8,389.27,390.56,388.35,390.51,38365200
2021/2/9,389.61,390.89,389.17,390.25,35551100
2021/2/10,392.12,392.28,387.50,390.08,59154400
2021/2/11,391.24,391.69,388.10,390.71,42913300
2021/2/12,389.85,392.90,389.77,392.64,50593300
2021/2/15,389.85,392.90,389.77,392.64,50593300
2021/2/16,393.96,394.17,391.53,392.30,50972400
2021/2/17,390.42,392.66,389.33,392.39,52290600
2021/2/18,389.59,391.52,387.74,390.72,59712800
2021/2/19,392.07,392.38,389.55,390.03,83241000
2021/2/22,387.06,389.62,386.74,387.03,67414200
2021/2/23,384.66,388.95,380.20,387.50,107284100
2021/2/24,386.33,392.23,385.27,391.77,72433900
2021/2/25,390.41,391.88,380.78,382.33,146670500
2021/2/26,384.35,385.58,378.23,380.36,152701600
2021/3/1,385.59,390.92,380.57,389.58,105348800
2021/3/2,389.82,390.07,386.00,386.54,79595300
2021/3/3,385.79,386.83,381.31,381.42,119940200
2021/3/4,381.22,384.00,371.88,376.70,183433000
2021/3/5,380.46,384.76,372.64,383.63,152039600
2021/3/8,384.66,387.68,381.42,381.72,123149200
2021/3/9,385.85,389.91,385.31,387.17,113633600
2021/3/10,389.69,391.40,388.17,389.58,109899400
2021/3/11,392.23,395.65,391.74,393.53,86245000
2021/3/12,392.07,394.21,391.20,394.06,64653600
2021/3/15,394.33,396.69,392.03,396.41,73427200
2021/3/16,397.07,397.83,395.08,395.91,73722500
2021/3/17,394.53,398.12,393.30,397.26,97959300
2021/3/18,394.48,396.72,390.75,391.48,115349100
2021/3/19,389.88,391.57,387.15,389.48,113624500
2021/3/22,390.03,394.07,389.97,392.59,73778600
2021/3/23,391.91,393.46,388.66,389.50,90686600
2021/3/24,391.00,392.75,387.47,387.52,97588600
2021/3/25,385.98,390.55,383.90,389.70,116128600
2021/3/26,390.93,396.41,390.29,395.98,114409100
2021/3/29,394.40,396.75,392.81,395.78,108107600
2021/3/30,394.42,395.45,393.02,394.73,76262200
2021/3/31,395.34,398.00,395.31,396.33,112734200
2021/4/1,398.40,400.67,398.18,400.61,99682900
2021/4/2,398.40,400.67,398.18,400.61,99682900
2021/4/5,403.46,406.94,403.38,406.36,91684800
2021/4/6,405.76,407.24,405.40,406.12,62021000
2021/4/7,405.94,406.96,405.45,406.59,55836300
2021/4/8,407.93,408.58,406.93,408.52,57863100
2021/4/9,408.39,411.67,408.26,411.49,61104600
2021/4/12,410.85,411.93,410.20,411.64,56704900
2021/4/13,411.53,413.53,411.12,412.86,56551000
2021/4/14,412.83,413.96,410.87,411.45,61659900
2021/4/15,413.74,416.16,413.69,415.87,60229800
2021/4/16,417.25,417.91,415.73,417.26,82037300
2021/4/19,416.26,416.74,413.79,415.21,78498500
2021/4/20,413.91,415.09,410.59,412.17,81851800
2021/4/21,411.51,416.29,411.36,416.07,66793000
2021/4/22,415.89,416.78,411.13,412.27,97582800
2021/4/23,412.87,418.25,412.79,416.74,73209200
2021/4/26,417.44,418.22,416.81,417.61,52182400
2021/4/27,417.93,418.14,416.30,417.52,51303100
2021/4/28,417.81,419.01,416.90,417.40,51238900
2021/4/29,420.32,420.72,416.44,420.06,78544300
2021/4/30,417.63,418.54,416.34,417.30,85527000
2021/5/3,419.43,419.84,417.67,418.20,68128300
2021/5/4,416.07,416.60,411.67,415.62,101591200
2021/5/5,417.38,417.63,415.15,415.75,60162200
2021/5/6,415.83,419.21,413.68,419.07,74321400
2021/5/7,419.89,422.82,419.16,422.12,67733800
2021/5/10,422.50,422.74,417.81,417.94,81852400
2021/5/11,413.10,415.27,410.06,414.21,116888000
2021/5/12,411.23,412.59,404.00,405.41,134811000
2021/5/13,407.07,412.35,407.02,410.28,106394000
2021/5/14,413.21,417.49,413.18,416.58,82201600
2021/5/17,415.39,416.39,413.36,415.52,65129200
2021/5/18,415.80,416.06,411.77,411.94,59810200
2021/5/19,406.92,411.05,405.33,410.86,106467100
2021/5/20,411.80,416.63,411.67,415.28,78022200
2021/5/21,416.87,418.20,414.45,414.94,76578700
2021/5/24,417.34,420.32,417.08,419.17,51376700
2021/5/25,420.33,420.71,417.62,418.24,57451400
2021/5/26,418.87,419.61,417.76,419.07,43088600
2021/5/27,420.17,420.72,418.99,419.29,56707700
2021/5/28,420.97,421.25,419.79,420.04,58520200
2021/5/31,420.97,421.25,419.79,420.04,58520200
2021/6/1,422.57,422.72,419.20,419.67,54216600
2021/6/2,420.37,421.23,419.29,420.33,49097100
2021/6/3,417.85,419.99,416.28,418.77,58138800
2021/6/4,420.75,422.92,418.84,422.60,55938800
2021/6/7,422.59,422.78,421.19,422.19,51555000
2021/6/8,423.11,423.21,420.32,422.28,47134300
2021/6/9,423.18,423.26,421.41,421.65,48436300
2021/6/10,422.96,424.63,421.55,423.61,51020100
2021/6/11,424.20,424.43,422.82,424.31,45570800
2021/6/14,424.43,425.37,423.10,425.26,42358500
2021/6/15,425.42,425.46,423.54,424.48,51508500
2021/6/16,424.63,424.87,419.92,422.11,80386100
2021/6/17,421.67,423.02,419.32,421.97,90949700
2021/6/18,417.09,417.83,414.70,414.92,118676300
2021/6/21,416.80,421.06,415.93,420.86,72822000
2021/6/22,420.85,424.00,420.08,423.11,57700300
2021/6/23,423.19,424.05,422.51,422.60,49445400
2021/6/24,424.89,425.55,424.62,425.10,45110300
2021/6/25,425.90,427.09,425.55,426.61,58129500
2021/6/28,427.17,427.65,425.89,427.47,53159600
2021/6/29,427.88,428.56,427.13,427.70,35970500
2021/6/30,427.21,428.78,427.18,428.06,64827900
2021/7/1,428.87,430.60,428.80,430.43,53441000
2021/7/2,431.67,434.10,430.52,433.72,57697700
2021/7/5,431.67,434.10,430.52,433.72,57697700
2021/7/6,433.78,434.01,430.01,432.93,68710400
2021/7/7,433.66,434.76,431.51,434.46,63549500
2021/7/8,428.78,431.73,427.52,430.92,97595200
2021/7/9,432.53,435.84,430.71,435.52,76238600
2021/7/12,435.43,437.35,434.97,437.08,52889600
2021/7/13,436.24,437.84,435.31,435.59,52911300
2021/7/14,437.40,437.92,434.91,436.24,64130400
2021/7/15,434.81,435.53,432.72,434.75,55126400
2021/7/16,436.01,436.06,430.92,431.34,75874700
2021/7/19,426.19,431.41,421.97,424.97,147987000
2021/7/20,425.68,432.42,424.83,431.06,99608200
2021/7/21,432.34,434.70,431.01,434.55,64724400
2021/7/22,434.74,435.72,433.69,435.46,47878500
2021/7/23,437.52,440.30,436.79,439.94,63766600
2021/7/26,439.31,441.03,439.26,441.02,43719200
2021/7/27,439.91,439.94,435.99,439.01,67397100
2021/7/28,439.68,440.30,437.31,438.83,52472400
2021/7/29,439.82,441.80,439.81,440.65,47435300
2021/7/30,437.91,440.06,437.77,438.51,68951200
2021/8/2,440.34,440.93,437.21,437.59,58783300
2021/8/3,438.44,441.28,436.10,441.15,58053900
2021/8/4,439.78,441.12,438.73,438.98,46732200
2021/8/5,440.22,441.85,439.88,441.76,38969700
2021/8/6,442.10,442.94,441.80,442.49,46930000
2021/8/9,442.46,442.80,441.31,442.13,41222600
2021/8/10,442.61,443.44,441.88,442.68,43339300
2021/8/11,443.82,443.88,442.62,443.78,44034300
2021/8/12,443.62,445.26,442.66,445.11,38909400
2021/8/13,445.59,445.94,445.07,445.92,39470300
2021/8/16,444.53,447.11,442.87,446.97,73740000
2021/8/17,444.24,444.96,440.85,444.04,92673900
2021/8/18,442.96,444.63,438.92,439.18,89351900
2021/8/19,436.27,441.14,436.12,439.86,92812200
2021/8/20,440.23,443.71,439.71,443.36,72008700
2021/8/23,445.16,448.23,443.44,447.26,54973000
2021/8/24,447.97,448.54,447.42,447.97,38744700
2021/8/25,448.17,449.46,447.77,448.91,40529700
2021/8/26,448.61,448.86,446.16,446.26,57829600
2021/8/27,447.12,450.65,447.06,450.25,77235100
2021/8/30,450.97,453.07,450.71,452.23,48357400
2021/8/31,452.13,452.49,450.92,451.56,59300200
2021/9/1,452.56,453.11,451.55,451.80,48721400
2021/9/2,453.32,454.05,451.91,453.19,42501000
2021/9/3,451.98,453.63,451.55,453.08,47170500
2021/9/6,451.98,453.63,451.55,453.08,47170500
2021/9/7,452.71,452.81,450.74,451.46,51671500
2021/9/8,450.89,451.67,448.86,450.91,56181900
2021/9/9,450.70,452.57,448.72,448.98,57970400
2021/9/10,451.04,451.49,445.31,445.44,89948200
2021/9/13,448.64,448.92,444.11,446.58,83738600
2021/9/14,448.12,448.34,443.22,444.17,78197100
2021/9/15,444.62,448.41,443.44,447.88,78792200
2021/9/16,447.32,448.36,444.02,447.17,77786700
2021/9/17,444.92,445.37,441.02,441.40,118425000
2021/9/20,434.88,436.56,428.86,434.04,166445500
2021/9/21,436.53,437.91,433.07,433.63,92526100
2021/9/22,436.05,440.03,433.75,437.86,102350100
2021/9/23,439.85,444.89,439.60,443.18,76396000
2021/9/24,441.44,444.67,441.21,443.91,62094800
2021/9/27,442.81,444.05,441.90,442.64,61371100
2021/9/28,439.69,440.04,432.94,433.72,130436300
2021/9/29,435.19,437.04,433.85,434.45,82329200
2021/9/30,436.02,436.77,428.78,429.14,140506000
2021/10/1,430.98,436.03,427.23,434.24,129240100
2021/10/4,433.00,433.96,426.36,428.64,128570000
2021/10/5,430.24,435.49,429.39,433.10,90682500
2021/10/6,429.27,435.12,427.54,434.90,113032200
2021/10/7,438.39,441.68,438.20,438.66,72437500
2021/10/8,439.48,439.89,437.19,437.86,74557400
2021/10/11,437.16,440.26,434.62,434.69,65233300
2021/10/12,435.67,436.10,432.78,433.62,71181200
2021/10/13,434.71,436.05,431.54,435.18,72974000
2021/10/14,439.08,442.66,438.58,442.50,70236800
2021/10/15,444.75,446.26,444.09,445.87,66260200
2021/10/18,443.97,447.55,443.27,447.19,62213200
2021/10/19,448.92,450.71,448.27,450.64,46996800
2021/10/20,451.13,452.73,451.01,452.41,49571600
2021/10/21,451.77,453.83,451.31,453.59,41305400
2021/10/22,453.13,454.67,451.05,453.12,58845100
2021/10/25,454.28,455.90,452.39,455.55,45214500
2021/10/26,457.20,458.49,455.56,455.96,56075100
2021/10/27,456.45,457.16,453.86,453.94,72438000
2021/10/28,455.46,458.40,455.45,458.32,51437900
2021/10/29,455.87,459.56,455.56,459.25,70162400
2021/11/1,460.30,460.70,458.20,460.04,48433600
2021/11/2,460.22,462.23,460.08,461.90,48908400
2021/11/3,461.30,465.15,460.83,464.72,52509800
2021/11/4,465.36,467.00,464.99,466.91,52847100
2021/11/5,469.28,470.65,466.92,468.53,66390600
2021/11/8,469.70,470.23,468.20,468.93,50405200
2021/11/9,469.32,469.57,465.88,467.38,51149100
2021/11/10,465.58,467.38,462.04,463.62,69429700
2021/11/11,465.21,465.29,463.75,463.77,34848500
2021/11/12,465.12,467.86,464.11,467.27,53466700
2021/11/15,468.64,468.81,466.23,467.43,46980500
2021/11/16,467.15,470.49,467.07,469.28,48857500
2021/11/17,469.00,469.19,467.48,468.14,47858300
2021/11/18,469.24,470.01,466.34,469.73,50625600
2021/11/19,469.61,470.94,468.50,468.89,57315600
2021/11/22,470.89,473.54,467.35,467.57,72762000
2021/11/23,467.22,469.10,464.45,468.19,73206500
2021/11/24,466.06,469.57,465.19,469.44,61858800
2021/11/25,466.06,469.57,465.19,469.44,61858800
2021/11/26,462.34,463.90,457.77,458.97,112669600
2021/11/29,464.07,466.56,461.73,464.60,86268800
2021/11/30,462.00,464.03,455.30,455.56,148559600
2021/12/1,461.64,464.67,450.29,450.50,131939200
2021/12/2,450.73,459.07,450.31,457.40,127637800
2021/12/3,459.17,460.30,448.92,453.42,137331600
2021/12/6,456.13,460.79,453.56,458.79,98977500
2021/12/7,464.41,468.88,458.65,468.28,95484700
2021/12/8,468.70,470.00,466.83,469.52,72238800
2021/12/9,468.15,469.63,466.14,466.35,61272600
2021/12/10,469.23,470.90,466.51,470.74,77159800
2021/12/13,470.19,470.56,466.27,466.57,87724700
2021/12/14,463.09,465.74,460.25,463.36,97264100
2021/12/15,463.42,470.86,460.74,470.60,116899300
2021/12/16,472.57,472.87,464.80,466.45,116568600
2021/12/17,461.55,464.74,458.06,459.87,135511600
2021/12/20,454.48,455.40,451.14,454.98,107134800
2021/12/21,458.61,463.21,456.31,463.06,69806300
2021/12/22,462.79,467.81,462.58,467.69,58890200
2021/12/23,468.75,472.19,468.64,470.60,56439700
2021/12/24,468.75,472.19,468.64,470.60,56439700
2021/12/27,472.06,477.31,472.01,477.26,56808600
2021/12/28,477.72,478.81,476.06,476.87,47274600
2021/12/29,476.98,478.56,475.92,477.48,54503000
2021/12/30,477.93,479.00,475.67,476.16,55329000
2021/12/31,475.64,476.86,474.67,474.96,65237400
2022/1/3,476.30,477.85,473.85,477.71,72668200
2022/1/4,479.22,479.98,475.58,477.55,71178700
2022/1/5,477.16,477.98,468.28,468.38,104538900
2022/1/6,467.89,470.82,465.43,467.94,86858900
2022/1/7,467.95,469.20,464.65,466.09,85111600
2022/1/10,462.70,465.74,456.60,465.51,119362000
2022/1/11,465.23,469.85,462.05,469.75,74303100
2022/1/12,471.59,473.20,468.94,471.02,67605400
2022/1/13,472.19,472.88,463.44,464.53,91173100
2022/1/14,461.19,465.09,459.90,464.72,95890900
2022/1/17,461.19,465.09,459.90,464.72,95890900
2022/1/18,459.74,459.96,455.31,456.49,109709100
2022/1/19,458.13,459.61,451.46,451.75,109357600
2022/1/20,453.75,458.74,444.50,446.75,122379700
2022/1/21,445.56,448.06,437.95,437.98,202271200
2022/1/24,432.03,440.38,420.76,439.84,251783900
2022/1/25,433.06,439.72,427.15,434.47,167997300
2022/1/26,440.72,444.04,428.86,433.38,186391100
2022/1/27,438.26,441.59,429.45,431.24,149878300
2022/1/28,432.68,442.00,427.82,441.95,164457400
2022/1/31,441.24,450.28,439.81,449.91,152251400
2022/2/1,450.68,453.63,446.94,452.95,123155400
2022/2/2,455.50,458.12,453.05,457.35,117361000
2022/2/3,450.95,452.97,445.71,446.60,118024400
2022/2/4,446.35,452.78,443.83,448.70,118454400
2022/2/7,449.51,450.99,445.85,447.26,84472900
2022/2/8,446.73,451.92,445.22,450.94,81012000
2022/2/9,455.22,457.88,455.01,457.54,92589900
2022/2/10,451.34,457.71,447.20,449.32,140103700
2022/2/11,449.41,451.61,438.94,440.46,153214600
2022/2/14,439.92,441.60,435.34,439.02,123006300
2022/2/15,443.73,446.28,443.18,446.10,88482700
2022/2/16,443.93,448.06,441.94,446.60,84863600
2022/2/17,443.22,446.57,436.42,437.06,102259100
2022/2/18,437.33,438.66,431.82,434.23,132642900
2022/2/21,437.33,438.66,431.82,434.23,132642900
2022/2/22,431.89,435.50,425.86,429.57,124391800
2022/2/23,432.66,433.26,421.35,421.95,132578000
2022/2/24,411.02,428.76,410.64,428.30,213942900
2022/2/25,429.61,437.84,427.86,437.75,121804500
2022/2/28,432.03,438.20,430.70,436.63,145615000
2022/3/1,435.04,437.17,427.11,429.98,137785900
2022/3/2,432.37,439.72,431.57,437.89,117726500
2022/3/3,440.47,441.11,433.80,435.71,105501700
2022/3/4,431.75,433.37,427.88,432.17,113978200
2022/3/7,431.55,432.30,419.36,419.43,137896600
2022/3/8,419.62,427.21,415.12,416.25,164772700
2022/3/9,425.14,429.51,422.82,427.41,116990800
2022/3/10,422.52,426.43,420.44,425.48,93972700
2022/3/11,428.12,428.77,419.53,420.07,95636300
2022/3/14,420.89,424.55,415.79,417.00,95729200
2022/3/15,419.77,426.84,418.42,426.17,106219100
2022/3/16,429.89,435.68,424.80,435.62,144954800
2022/3/17,433.59,441.07,433.19,441.07,102676900
2022/3/18,438.00,444.86,437.22,444.52,106345500
2022/3/21,444.34,446.46,440.68,444.39,88349800
2022/3/22,445.86,450.58,445.86,449.59,74650400
2022/3/23,446.91,448.49,443.71,443.80,79426100
2022/3/24,445.94,450.50,444.76,450.49,64736900
2022/3/25,451.16,452.98,448.43,452.69,77101300
2022/3/28,452.06,455.91,450.06,455.91,68529800
2022/3/29,460.02,462.07,457.18,461.55,86581500
2022/3/30,460.34,461.20,456.47,458.70,79666900
2022/3/31,457.89,458.76,451.16,451.64,121699900
2022/4/1,453.31,453.46,449.14,452.92,89048800
2022/4/4,453.13,456.91,452.26,456.80,59601000
2022/4/5,455.22,457.83,449.82,451.03,74214500
2022/4/6,446.89,448.93,443.47,446.52,106898000
2022/4/7,445.59,450.69,443.53,448.77,78097200
2022/4/8,447.97,450.63,445.94,447.57,79272700
2022/4/11,444.11,445.00,439.39,439.92,89770500
2022/4/12,443.08,445.75,436.65,438.29,84363600
2022/4/13,438.03,444.11,437.84,443.31,74070400
2022/4/14,443.55,444.73,437.68,437.79,97869500
2022/4/15,443.55,444.73,437.68,437.79,97869500
2022/4/18,436.81,439.75,435.61,437.97,66002500
2022/4/19,437.86,445.80,437.68,445.04,77821000
2022/4/20,446.92,447.57,443.48,444.71,65224400
2022/4/21,448.54,450.01,437.10,438.06,85417300
2022/4/22,436.91,438.08,425.44,426.04,132471800
2022/4/25,423.67,428.69,418.84,428.51,119647700
2022/4/26,425.83,426.04,416.07,416.10,103996300
2022/4/27,417.24,422.92,415.01,417.27,122030000
2022/4/28,422.29,429.64,417.60,427.81,105449100
2022/4/29,423.59,425.87,411.21,412.00,145491100
2022/5/2,412.07,415.92,405.02,414.48,158312500
2022/5/3,415.01,418.93,413.36,416.38,100028200
2022/5/4,417.08,429.66,413.71,429.06,144247900
2022/5/5,424.55,425.00,409.44,413.81,172929100
2022/5/6,411.10,414.80,405.73,411.34,151770800
2022/5/9,405.10,406.41,396.50,398.17,155586100
2022/5/10,404.49,406.08,394.82,399.09,132497200
2022/5/11,398.07,404.04,391.96,392.75,142361000
2022/5/12,389.37,395.80,385.15,392.34,125090800
2022/5/13,396.71,403.18,395.61,401.72,104174400
2022/5/16,399.98,403.97,397.60,400.09,78622400
2022/5/17,406.53,408.57,402.58,408.32,83029700
2022/5/18,403.50,403.80,390.55,391.86,117674500
2022/5/19,388.62,394.14,387.11,389.46,98510700
2022/5/20,393.25,397.03,380.54,389.63,131432200
2022/5/23,392.83,397.73,390.38,396.92,76414900
2022/5/24,392.56,395.15,386.96,393.89,91448800
2022/5/25,392.31,399.45,391.89,397.37,91472900
2022/5/26,398.67,407.04,398.45,405.31,82168300
2022/5/27,407.91,415.38,407.70,415.26,84768700
2022/5/30,407.91,415.38,407.70,415.26,84768700
2022/5/31,413.55,416.46,410.03,412.93,95937000
2022/6/1,415.17,416.24,406.93,409.59,86585800
2022/6/2,409.42,417.44,407.04,417.39,79609600
2022/6/3,412.40,414.04,409.51,410.54,71874300
2022/6/6,414.78,416.61,410.55,411.79,57508900
2022/6/7,408.10,416.22,407.61,415.74,59272400
2022/6/8,413.93,415.82,410.38,411.22,64350000
2022/6/9,409.34,411.74,401.44,401.44,86289800
2022/6/10,394.88,395.78,389.75,389.80,132893900
2022/6/13,379.85,381.81,373.30,375.00,170004900
2022/6/14,376.85,377.94,370.59,373.87,104011800
2022/6/15,377.36,383.90,372.12,379.20,125666800
2022/6/16,370.51,370.94,364.08,366.65,134473300
2022/6/17,365.51,369.38,362.17,365.86,111113900
2022/6/20,365.51,369.38,362.17,365.86,111113900
2022/6/21,371.89,376.53,371.81,375.07,76811900
2022/6/22,370.62,378.72,370.18,374.39,90059400
2022/6/23,376.64,378.83,372.89,378.06,79292100
2022/6/24,381.40,390.09,381.37,390.08,98050300
2022/6/27,391.05,391.36,387.44,388.59,66009600
2022/6/28,390.23,393.16,380.53,380.65,86548900
2022/6/29,381.23,382.27,378.42,380.34,65676000
2022/6/30,376.24,380.66,372.56,377.25,112508300
2022/7/1,376.56,381.70,373.80,381.24,74839700
2022/7/4,376.56,381.70,373.80,381.24,74839700
2022/7/5,375.88,381.98,372.90,381.96,81438000
2022/7/6,382.11,385.87,379.60,383.25,70426200
2022/7/7,385.12,389.83,383.27,388.99,64525900
2022/7/8,387.27,390.64,385.66,388.67,72397800
2022/7/11,385.85,386.87,383.50,384.23,58366900
2022/7/12,383.65,386.16,378.99,380.83,62219200
2022/7/13,375.10,381.92,374.66,378.83,84224600
2022/7/14,373.61,379.05,371.04,377.91,89704800
2022/7/15,382.55,385.25,380.54,385.13,79060400
2022/7/18,388.38,389.09,380.66,381.95,63203600
2022/7/19,386.08,392.87,385.39,392.27,78506000
2022/7/20,392.47,396.26,391.03,394.77,71843800
2022/7/21,394.16,398.84,391.63,398.79,64903900
2022/7/22,398.92,400.18,392.75,395.09,72197300
2022/7/25,395.75,396.47,393.21,395.57,53631500
2022/7/26,393.84,394.06,389.95,390.89,52946400
2022/7/27,394.36,402.88,394.05,401.04,82342100
2022/7/28,401.89,406.80,398.15,406.07,73966600
2022/7/29,407.58,413.03,406.77,411.99,87003700
2022/8/1,409.15,413.41,408.40,410.77,69997500
2022/8/2,409.12,413.00,406.82,408.06,63435400
2022/8/3,410.30,415.68,410.00,414.45,67820600
2022/8/4,414.37,415.09,412.44,414.17,45656600
2022/8/5,409.66,414.15,409.60,413.47,56814900
2022/8/8,415.25,417.62,411.83,412.99,53886100
2022/8/9,412.22,412.75,410.22,411.35,44931800
2022/8/10,418.78,420.14,416.72,419.99,68665700
2022/8/11,422.99,424.95,419.21,419.99,59489700
2022/8/12,422.03,427.21,421.03,427.10,61694500
2022/8/15,424.77,429.41,424.71,428.86,54048300
2022/8/16,427.73,431.73,426.88,429.70,59289000
2022/8/17,425.91,429.50,424.54,426.65,63563400
2022/8/18,426.86,428.61,425.50,427.89,49023200
2022/8/19,424.98,425.26,421.22,422.14,68016900
2022/8/22,417.05,417.23,412.40,413.35,77695600
2022/8/23,412.90,415.42,411.77,412.35,49105200
2022/8/24,412.11,415.11,411.39,413.67,49177800
2022/8/25,415.24,419.56,414.09,419.51,50942300
2022/8/26,419.39,419.96,405.25,405.31,103087000
2022/8/29,402.20,405.84,401.20,402.63,65370800
2022/8/30,403.85,404.10,396.00,398.21,85652400
2022/8/31,399.93,401.24,395.04,395.18,76029700
2022/9/1,392.89,396.78,390.04,396.42,78740100
2022/9/2,400.28,401.56,390.33,392.24,99632100
2022/9/5,400.28,401.56,390.33,392.24,99632100
2022/9/6,393.13,394.12,388.42,390.76,76637400
2022/9/7,390.43,398.59,390.20,397.78,70964200
2022/9/8,395.39,400.86,394.12,400.38,80821700
2022/9/9,402.74,407.51,402.46,406.60,76706900
2022/9/12,408.78,411.73,408.46,410.97,69256300
2022/9/13,401.83,403.10,391.92,393.10,122947100
2022/9/14,394.47,396.20,391.12,394.60,85023700
2022/9/15,392.96,395.96,388.78,390.12,87633800
2022/9/16,384.14,386.25,382.11,385.56,103084800
2022/9/19,382.26,388.55,382.18,388.55,73278500
2022/9/20,385.06,386.12,381.20,384.09,77274900
2022/9/21,386.11,389.31,377.38,377.39,106746600
2022/9/22,376.58,378.30,373.44,374.22,89472600
2022/9/23,370.58,370.62,363.29,367.95,122346900
2022/9/26,366.41,370.21,363.03,364.31,92581200
2022/9/27,368.02,370.40,360.87,363.38,108294100
2022/9/28,364.38,372.30,362.60,370.53,110802200
2022/9/29,366.81,367.11,359.70,362.79,112952300
2022/9/30,361.80,365.91,357.04,357.18,153711200
2022/10/3,361.08,368.55,359.21,366.61,89756500
2022/10/4,372.40,378.00,366.57,377.97,103602800
2022/10/5,373.39,379.46,370.95,377.09,88065700
2022/10/6,375.62,378.72,372.68,373.20,82333500
2022/10/7,368.97,373.29,360.94,362.79,107789500
2022/10/10,363.96,364.21,357.67,360.02,76042800
2022/10/11,358.24,363.03,355.71,357.74,92482800
2022/10/12,358.17,359.82,356.30,356.56,76991800
2022/10/13,349.21,367.51,348.11,365.97,147254500
2022/10/14,368.55,370.26,356.96,357.63,123737000
2022/10/17,364.01,367.98,357.28,366.82,93168200
2022/10/18,375.13,375.45,367.52,371.13,97162900
2022/10/19,368.99,371.85,365.55,368.50,79746900
2022/10/20,368.03,372.67,364.61,365.41,88283100
2022/10/21,365.12,374.80,363.54,374.29,131038400
2022/10/24,375.89,380.06,373.11,378.87,85436900
2022/10/25,378.79,385.25,378.67,384.92,78846300
2022/10/26,381.62,387.58,381.35,382.02,104087300
2022/10/27,383.07,385.00,379.33,379.98,81971800
2022/10/28,379.87,389.52,379.68,389.02,100302000
2022/10/31,386.44,388.40,385.26,386.21,96631300
2022/11/1,390.14,390.39,383.29,384.52,85407600
2022/11/2,383.90,388.63,374.76,374.87,126990400
2022/11/3,371.47,374.20,368.79,371.01,87100100
2022/11/4,377.00,378.87,370.00,376.35,103505200
2022/11/7,377.71,380.57,375.53,379.95,68286900
2022/11/8,381.11,385.12,377.72,382.00,84641100
2022/11/9,379.93,381.14,373.61,374.13,78495500
2022/11/10,388.05,395.04,385.64,394.69,141455800
2022/11/11,395.59,399.35,393.61,398.51,93839900
2022/11/14,396.66,400.18,394.83,395.12,71903500
2022/11/15,401.15,402.31,394.49,398.49,93194500
2022/11/16,396.78,397.78,394.79,395.45,68508500
2022/11/17,390.46,394.95,390.14,394.24,74496300
2022/11/18,397.74,397.81,393.04,396.03,92922500
2022/11/21,394.64,395.82,392.66,394.59,51243200
2022/11/22,396.63,400.07,395.15,399.90,60429000
2022/11/23,399.55,402.93,399.31,402.42,68261600
2022/11/24,399.55,402.93,399.31,402.42,68261600
2022/11/25,401.83,402.91,401.54,402.33,30545400
2022/11/28,399.09,400.81,395.11,395.91,67881600
2022/11/29,396.05,397.30,393.30,395.23,52310000
2022/11/30,395.49,407.68,393.48,407.68,144566700
2022/12/1,408.77,410.00,404.75,407.38,76398200
2022/12/2,402.25,407.86,402.14,406.91,85342700
2022/12/5,403.95,404.93,398.17,399.59,77289800
2022/12/6,399.42,399.99,391.64,393.83,77972200
2022/12/7,392.94,395.64,391.97,393.16,65927900
2022/12/8,395.14,397.36,393.27,396.24,60737900
2022/12/9,394.94,397.62,393.15,393.28,81447700
2022/12/12,394.11,398.95,393.41,398.95,75405800
2022/12/13,410.22,410.49,399.07,401.97,123782500
2022/12/14,401.61,405.50,396.31,399.40,108111300
2022/12/15,394.30,395.25,387.89,389.63,117705900
2022/12/16,385.18,386.58,381.04,383.27,119858000
2022/12/19,383.47,383.82,378.28,380.02,79878100
2022/12/20,379.23,382.23,377.85,380.54,74427200
2022/12/21,383.25,387.41,382.69,386.23,78167400
2022/12/22,383.05,386.21,374.77,380.72,100120900
2022/12/23,379.65,383.06,378.03,382.91,59857300
2022/12/26,379.65,383.06,378.03,382.91,59857300
2022/12/27,382.79,383.15,379.65,381.40,51638200
2022/12/28,381.33,383.39,376.42,376.66,70911500
2022/12/29,379.63,384.35,379.08,383.44,66970900
2022/12/30,380.64,382.58,378.43,382.43,84022200
2023/1/2,380.64,382.58,378.43,382.43,84022200
2023/1/3,384.37,386.43,377.83,380.82,74850700
2023/1/4,383.18,385.88,380.00,383.76,85934100
2023/1/5,381.72,381.84,378.76,379.38,76970500
2023/1/6,382.61,389.25,379.41,388.08,104189600
2023/1/9,390.37,393.70,387.67,387.86,73978100
2023/1/10,387.25,390.65,386.27,390.58,65358100
2023/1/11,392.23,395.60,391.38,395.52,68881100
2023/1/12,396.67,398.49,392.42,396.96,90157700
2023/1/13,393.62,399.10,393.34,398.50,63903900
2023/1/16,393.62,399.10,393.34,398.50,63903900
2023/1/17,398.48,400.23,397.06,397.77,62677300
2023/1/18,399.01,400.12,391.28,391.49,99632300
2023/1/19,389.36,391.08,387.26,388.64,86958900
2023/1/20,390.10,396.04,388.38,395.88,91806400
2023/1/23,396.72,402.65,395.72,400.63,84178800
2023/1/24,398.88,401.15,397.64,400.20,59524900
2023/1/25,395.95,400.70,393.56,400.35,84800300
2023/1/26,403.13,404.92,400.03,404.75,72287400
2023/1/27,403.66,408.16,403.44,405.68,68346200
2023/1/30,402.80,405.13,400.28,400.59,74202000
2023/1/31,401.13,406.53,400.77,406.48,86811800
2023/2/1,405.21,413.67,402.35,410.80,101459200
2023/2/2,414.86,418.31,412.88,416.78,101654500
2023/2/3,411.59,416.97,411.09,412.35,94736800
2023/2/6,409.79,411.29,408.10,409.83,60295300
2023/2/7,408.87,416.49,407.57,415.19,90990700
2023/2/8,413.13,414.53,409.93,410.65,76227500
2023/2/9,414.41,414.57,405.81,407.09,78694900
2023/2/10,405.86,408.44,405.01,408.04,70769700
2023/2/13,408.72,412.97,408.24,412.83,64913500
2023/2/14,411.24,415.05,408.51,412.64,88389300
2023/2/15,410.35,414.06,409.47,413.98,61555700
2023/2/16,408.79,412.91,408.14,408.28,76431500
2023/2/17,406.06,407.51,404.05,407.26,89257800
2023/2/20,406.06,407.51,404.05,407.26,89257800
2023/2/21,403.06,404.16,398.82,399.09,82655900
2023/2/22,399.52,401.13,397.02,398.54,83742300
2023/2/23,401.56,402.20,396.25,400.66,96242400
2023/2/24,395.42,397.25,393.64,396.38,108194400
2023/2/27,399.87,401.29,396.75,397.73,80444700
2023/2/28,397.23,399.28,396.15,396.26,96438600
2023/3/1,395.41,396.69,393.38,394.74,99706800
2023/3/2,392.68,398.69,392.33,397.81,85127800
2023/3/3,399.71,404.45,399.03,404.19,90120000
2023/3/6,405.05,407.45,404.01,404.47,72795900
2023/3/7,404.42,404.67,397.63,398.27,108310600
2023/3/8,398.39,399.71,396.59,398.92,74746600
2023/3/9,399.74,401.48,390.53,391.56,111945300
2023/3/10,390.99,393.16,384.32,385.91,189253000
2023/3/13,381.81,390.39,380.65,385.36,157790000
2023/3/14,390.50,393.45,387.05,391.73,149752400
2023/3/15,385.89,389.49,383.71,389.28,172996900
2023/3/16,386.82,396.47,386.29,396.11,143254200
2023/3/17,393.22,394.40,388.55,389.99,140553400
2023/3/20,390.80,394.17,390.07,393.74,93055800
2023/3/21,397.24,399.41,395.58,398.91,91524200
2023/3/22,398.73,402.49,392.07,392.11,111746600
2023/3/23,395.09,399.29,390.35,393.17,119351300
2023/3/24,391.84,395.84,389.40,395.75,107682400
2023/3/27,398.12,398.92,395.56,396.49,74010400
2023/3/28,395.77,396.49,393.69,395.60,62871700
2023/3/29,399.93,401.60,398.68,401.35,77497900
2023/3/30,404.09,404.35,401.76,403.70,69840000
2023/3/31,404.66,409.70,404.55,409.39,112062600
2023/4/3,408.85,411.37,408.44,410.95,67391100
2023/4/4,411.62,411.92,407.24,408.67,66601500
2023/4/5,407.91,408.70,405.88,407.60,65200200
2023/4/6,406.77,409.48,405.68,409.19,63743300
2023/4/7,406.77,409.48,405.68,409.19,63743300
2023/4/10,406.61,409.69,405.97,409.61,63681000
2023/4/11,410.26,411.18,408.92,409.72,59297900
2023/4/12,411.87,412.17,407.44,408.05,86420400
2023/4/13,409.18,413.84,407.99,413.47,85814800
2023/4/14,412.81,415.09,410.06,412.46,78161500
2023/4/17,412.37,413.96,411.09,413.94,66436400
2023/4/18,415.58,415.72,412.78,414.21,63560000
2023/4/19,412.22,415.08,412.16,414.14,55227300
2023/4/20,411.21,413.70,410.27,411.88,75840400
2023/4/21,412.19,412.68,410.17,412.20,73457400
2023/4/24,411.99,413.07,410.60,412.63,64332100
2023/4/25,410.58,411.16,406.02,406.08,97766700
2023/4/26,406.72,407.84,403.78,404.36,80447000
2023/4/27,407.00,412.69,406.74,412.41,92968400
2023/4/28,411.49,415.94,411.43,415.93,89433100
2023/5/1,415.47,417.62,415.27,415.51,62122300
2023/5/2,414.77,414.82,407.82,410.84,103998500
2023/5/3,411.36,413.87,407.77,408.02,91531800
2023/5/4,406.93,407.27,403.74,405.13,94901900
2023/5/5,408.91,413.72,408.64,412.63,87891800
2023/5/8,412.97,413.24,411.28,412.74,50046800
2023/5/9,411.13,412.09,410.69,410.93,49220100
2023/5/10,413.88,414.54,408.87,412.85,96142900
2023/5/11,411.95,412.43,409.97,412.13,70157100
2023/5/12,413.42,413.64,409.07,411.59,70481500
2023/5/15,412.22,413.43,410.23,413.01,54289400
2023/5/16,411.86,412.82,410.24,410.25,57705500
2023/5/17,412.35,415.86,410.64,415.23,87287000
2023/5/18,414.90,419.67,414.67,419.23,97177200
2023/5/19,420.17,420.72,417.35,418.62,103793300
2023/5/22,418.64,420.39,417.35,418.79,60745400
2023/5/23,417.08,418.72,413.68,414.09,86383500
2023/5/24,412.42,412.82,409.88,411.09,89213700
2023/5/25,414.74,416.16,412.41,414.65,90961600
2023/5/26,415.33,420.77,415.25,420.02,93830000
2023/5/29,415.33,420.77,415.25,420.02,93830000
2023/5/30,422.03,422.58,418.74,420.18,72216000
2023/5/31,418.28,419.22,416.22,417.85,110811800
2023/6/1,418.09,422.92,416.79,421.82,88865000
2023/6/2,424.50,428.74,423.95,427.92,91426200
2023/6/5,428.28,429.62,426.37,427.10,65460200
2023/6/6,426.67,428.58,425.99,428.03,64022200
2023/6/7,428.44,429.62,426.11,426.55,85373300
2023/6/8,426.62,429.60,425.82,429.13,61952800
2023/6/9,429.96,431.99,428.87,429.90,85742800
2023/6/12,430.92,433.88,430.17,433.80,76104300
2023/6/13,435.32,437.33,434.63,436.66,95899700
2023/6/14,437.01,439.06,433.59,437.18,100612100
2023/6/15,436.33,443.90,436.23,442.60,110303100
2023/6/16,443.02,443.61,438.97,439.46,114165800
2023/6/19,443.02,443.61,438.97,439.46,114165800
2023/6/20,437.45,438.37,435.03,437.18,76160400
2023/6/21,436.16,436.99,434.33,434.94,76982300
2023/6/22,433.95,436.62,433.60,436.51,70637200
2023/6/23,432.93,435.06,432.47,433.21,92074500
2023/6/26,432.62,434.61,431.19,431.44,72823600
2023/6/27,432.35,436.81,431.88,436.17,72813700
2023/6/28,435.05,437.44,434.41,436.39,75636000
2023/6/29,435.96,438.28,435.54,438.11,67882300
2023/6/30,441.44,444.30,441.11,443.28,104964000
2023/7/3,442.92,444.08,442.63,443.79,32793400
2023/7/4,442.92,444.08,442.63,443.79,32793400
2023/7/5,441.91,443.89,441.90,443.13,58418400
2023/7/6,439.42,440.10,437.06,439.66,80658300
2023/7/7,438.63,442.64,438.30,438.55,86134200
2023/7/10,438.18,439.84,437.59,439.66,62443500
2023/7/11,440.45,442.97,439.44,442.46,64463800
2023/7/12,446.39,447.48,444.91,446.02,91924500
2023/7/13,447.90,450.38,447.45,449.56,72425200
2023/7/14,450.48,451.36,448.49,449.28,69815800
2023/7/17,449.13,451.93,449.08,450.84,52680200
2023/7/18,450.50,454.86,450.05,454.19,80668200
2023/7/19,455.01,456.43,454.11,455.20,65891700
2023/7/20,454.17,455.10,451.44,452.18,70591600
2023/7/21,453.96,454.17,452.17,452.18,71275600
2023/7/24,453.37,455.04,452.30,454.20,54023400
2023/7/25,453.92,456.74,453.87,455.44,55191200
2023/7/26,454.47,456.99,453.38,455.51,71052900
2023/7/27,459.02,459.44,451.55,452.49,92194400
2023/7/28,455.88,457.78,452.49,456.92,80011800
2023/7/31,457.41,458.16,456.05,457.79,62040400
2023/8/1,456.27,457.25,455.49,456.48,55291500
2023/8/2,453.25,453.52,449.35,450.13,93933400
2023/8/3,448.04,450.79,447.37,448.84,64276100
2023/8/4,450.72,452.90,446.27,446.81,100128900
2023/8/7,448.71,450.87,447.99,450.71,58357500
2023/8/8,448.08,450.70,445.27,448.75,71361300
2023/8/9,449.03,449.20,444.96,445.75,78789600
2023/8/10,448.19,451.70,444.70,445.91,93005500
2023/8/11,443.97,446.70,443.35,445.65,68690900
2023/8/14,444.70,448.11,444.38,448.11,47867400
2023/8/15,446.27,446.64,442.30,442.89,75707500
2023/8/16,442.46,444.18,439.53,439.64,80107200
2023/8/17,441.16,441.43,435.75,436.29,95711300
2023/8/18,433.37,437.57,433.01,436.50,98852000
2023/8/21,437.55,440.11,435.32,439.34,68719000
2023/8/22,441.18,441.18,437.57,438.15,64994200
2023/8/23,439.25,443.67,439.10,443.03,68441000
2023/8/24,444.69,445.22,436.86,436.89,88517300
2023/8/25,438.68,441.30,435.00,439.97,102325100
2023/8/28,442.24,443.40,439.97,442.76,61595400
2023/8/29,442.65,449.45,442.46,449.16,83081900
2023/8/30,449.51,451.67,448.78,451.01,69053900
2023/8/31,451.65,452.83,450.16,450.35,66084600
2023/9/1,453.17,453.67,449.68,451.19,58944100
2023/9/4,453.17,453.67,449.68,451.19,58944100
2023/9/5,450.73,451.06,449.17,449.24,55166200
2023/9/6,448.40,448.51,443.81,446.22,70758500
2023/9/7,443.11,445.55,442.75,444.85,70355400
2023/9/8,444.90,447.11,444.53,445.52,61659700
2023/9/11,448.24,448.77,446.47,448.45,60180100
2023/9/12,446.95,448.53,445.39,445.99,67565400
2023/9/13,446.22,447.71,445.08,446.51,60199300
2023/9/14,449.07,451.08,447.72,450.36,83430800
2023/9/15,447.14,447.48,442.92,443.37,111848900
2023/9/18,443.05,444.97,442.56,443.63,55752200
2023/9/19,442.68,443.29,439.94,442.71,66514600
2023/9/20,444.01,444.44,438.43,438.64,82562600
2023/9/21,435.70,435.97,431.23,431.39,104095800
2023/9/22,432.45,434.10,429.99,430.42,100829700
2023/9/25,429.17,432.27,428.72,432.23,70874500
2023/9/26,429.09,429.82,425.02,425.88,96168400
2023/9/27,427.09,427.67,422.29,426.05,104705800
2023/9/28,425.48,430.25,424.87,428.52,92258300
2023/9/29,431.67,431.85,425.91,427.48,115111300
2023/10/2,426.62,428.60,424.46,427.31,83798600
2023/10/3,425.06,427.37,420.18,421.59,103760600
2023/10/4,422.07,425.43,420.56,424.66,87453000
2023/10/5,424.36,425.37,421.17,424.50,70142700
2023/10/6,421.97,431.13,420.60,429.54,113273300
2023/10/9,427.58,432.88,427.01,432.29,80374400
2023/10/10,432.94,437.22,432.53,434.54,78607300
2023/10/11,435.64,436.58,433.18,436.32,62451700
2023/10/12,436.95,437.34,431.23,433.66,81154200
2023/10/13,435.21,436.45,429.88,431.50,95143100
2023/10/16,433.82,437.14,433.57,436.04,75433200
2023/10/17,432.81,438.14,432.45,436.02,75324700
2023/10/18,434.19,435.18,429.09,430.21,93559800
2023/10/19,430.95,432.82,425.73,426.43,121323000
2023/10/20,425.98,426.54,421.08,421.19,123919900
2023/10/23,419.61,424.45,417.80,420.46,92035100
2023/10/24,422.65,424.82,420.74,423.63,78564200
2023/10/25,421.89,421.92,417.02,417.55,94223200
2023/10/26,416.45,417.33,411.60,412.55,115156800
2023/10/27,414.19,414.60,409.21,410.68,107367700
2023/10/30,413.56,416.68,412.22,415.59,86562700
2023/10/31,416.18,418.53,414.21,418.20,79665200
2023/11/1,419.20,423.50,418.65,422.66,98068100
2023/11/2,426.58,430.92,426.56,430.76,94938900
2023/11/3,433.14,436.29,433.01,434.69,100167800
2023/11/6,435.47,436.15,433.68,435.69,67831700
2023/11/7,435.69,437.59,434.51,436.93,64256100
2023/11/8,437.55,438.09,434.87,437.25,61746000
2023/11/9,438.43,438.47,433.40,433.84,83174400
2023/11/10,435.98,440.93,433.83,440.61,89462200
2023/11/13,439.23,441.33,438.42,440.19,52236100
2023/11/14,446.32,450.06,446.09,448.73,97176900
2023/11/15,450.11,451.38,448.80,449.68,77327600
2023/11/16,449.22,450.56,448.12,450.23,66665800
2023/11/17,450.24,451.42,449.29,450.79,83133200
2023/11/20,450.53,455.13,450.52,454.26,69936200
2023/11/21,453.18,454.13,451.96,453.27,49244600
2023/11/22,454.98,456.38,453.89,455.02,59394900
2023/11/23,454.98,456.38,453.89,455.02,59394900
2023/11/24,455.07,455.50,454.73,455.30,29737400
2023/11/27,454.65,455.49,454.08,454.48,50506000
2023/11/28,454.08,456.27,453.50,454.93,62115000
2023/11/29,457.15,458.32,454.20,454.61,63146000
2023/11/30,455.48,456.76,453.34,456.40,79752700
2023/12/1,455.77,459.65,455.16,459.10,89183400
2023/12/4,455.60,459.12,454.34,456.69,72430900
2023/12/5,455.26,457.59,454.87,456.60,69793500
2023/12/6,458.81,458.84,454.31,454.76,69124700
2023/12/7,456.91,458.90,456.29,458.23,66995400
2023/12/8,457.46,460.75,457.21,460.20,83194400
2023/12/11,459.69,462.17,459.47,461.99,65002200
2023/12/12,461.63,464.20,460.60,464.10,68327600
2023/12/13,464.49,470.76,464.12,470.50,93278000
2023/12/14,472.50,473.73,469.25,472.01,119026000
2023/12/15,469.49,470.70,467.43,469.33,141553700
2023/12/18,470.98,472.98,469.89,471.97,70375300
2023/12/19,472.53,474.92,472.45,474.84,55761800
2023/12/20,473.96,475.90,467.82,468.26,102921000
2023/12/21,471.33,472.98,468.84,472.70,86667500
2023/12/22,473.86,475.38,471.70,473.65,67160400
2023/12/25,473.86,475.38,471.70,473.65,67160400
2023/12/26,474.07,476.58,473.99,475.65,55387000
2023/12/27,475.44,476.66,474.89,476.51,68000300
2023/12/28,476.88,477.55,476.26,476.69,77158100
2023/12/29,476.49,477.03,473.30,475.31,122283100
2024/1/1,476.49,477.03,473.30,475.31,122283100
2024/1/2,472.16,473.67,470.49,472.65,123623700
2024/1/3,470.43,471.19,468.17,468.79,103585900
2024/1/4,468.30,470.96,467.05,467.28,84232200
2024/1/5,467.49,470.44,466.43,467.92,86118900
2024/1/8,468.43,474.75,468.30,474.60,74879100
2024/1/9,471.87,474.93,471.35,473.88,65931400
2024/1/10,474.16,477.45,473.87,476.56,67310600
2024/1/11,477.59,478.12,472.26,476.35,77940700
2024/1/12,477.84,478.60,475.23,476.68,58026400
2024/1/15,477.84,478.60,475.23,476.68,58026400
2024/1/16,475.26,476.61,473.06,474.93,85014900
2024/1/17,471.82,472.79,469.87,472.29,68843900
2024/1/18,474.01,477.06,472.42,476.49,91856200
2024/1/19,477.65,482.72,476.54,482.43,110834500
2024/1/22,484.01,485.22,482.78,483.45,75844900
2024/1/23,484.01,485.11,482.89,484.86,49945300
2024/1/24,487.81,488.77,484.88,485.39,81765000
2024/1/25,487.58,488.31,485.39,488.03,72525000
2024/1/26,487.59,489.12,486.54,487.41,76641600
2024/1/29,487.73,491.42,487.17,491.27,61322800
2024/1/30,490.56,491.62,490.11,490.89,58618400
2024/1/31,488.62,489.08,482.86,482.88,126011100
2024/2/1,484.63,489.23,483.80,489.20,91891600
2024/2/2,489.65,496.05,489.30,494.35,99228200
2024/2/5,493.70,494.38,490.23,492.55,75757100
2024/2/6,493.52,494.32,492.05,493.98,55918600
2024/2/7,496.29,498.53,495.36,498.10,70556500
2024/2/8,498.10,498.71,497.26,498.32,52343600
2024/2/9,498.84,501.65,498.49,501.20,63979400
2024/2/12,501.17,503.50,500.24,500.98,56502300
2024/2/13,494.53,497.09,490.72,494.08,113099200
2024/2/14,496.79,499.07,494.40,498.57,68387800
2024/2/15,499.29,502.20,498.80,502.01,61683000
2024/2/16,501.70,502.87,498.75,499.51,75532900
2024/2/19,501.70,502.87,498.75,499.51,75532900
2024/2/20,497.72,498.41,494.45,496.76,71736700
2024/2/21,495.42,497.37,493.56,497.21,59293400
2024/2/22,504.01,508.49,503.02,507.50,76402500
2024/2/23,509.27,510.13,507.10,507.85,61321800
2024/2/26,508.30,508.75,505.86,505.99,50386700
2024/2/27,506.70,507.16,504.75,506.93,48854500
2024/2/28,505.33,506.86,504.96,506.26,56506600
2024/2/29,508.07,509.74,505.35,508.08,83924800
2024/3/1,508.98,513.29,508.56,512.85,76844800
2024/3/4,512.03,514.20,512.00,512.30,49799300
2024/3/5,510.24,510.70,504.91,507.18,72855600
2024/3/6,510.55,512.07,508.42,509.75,68382400
2024/3/7,513.14,515.89,509.81,514.81,58652100
2024/3/8,515.46,518.22,511.13,511.72,86532500
2024/3/11,510.48,511.88,508.50,511.28,62557200
2024/3/12,513.45,517.38,510.86,516.78,73114400
2024/3/13,517.11,517.29,514.49,515.97,55104100
2024/3/14,516.97,517.13,511.82,514.95,110171800
2024/3/15,510.21,511.70,508.12,509.83,107646300
2024/3/18,514.00,515.48,512.44,512.86,88893300
2024/3/19,512.15,516.00,511.12,515.71,60755300
2024/3/20,515.77,520.62,515.08,520.48,69594600
2024/3/21,523.39,524.11,521.91,522.20,60256100
2024/3/22,522.11,522.61,520.97,521.21,79070800
2024/3/25,519.80,520.95,519.61,519.77,48512100
2024/3/26,521.23,521.58,518.40,518.81,65463700
2024/3/27,521.71,523.21,519.49,523.17,82999800
2024/3/28,523.21,524.61,522.78,523.07,96294900
2024/3/29,523.21,524.61,522.78,523.07,96294900
2024/4/1,523.83,524.38,520.97,522.16,62477500
2024/4/2,518.24,518.98,516.48,518.84,74230300
2024/4/3,517.72,520.95,517.67,519.41,59155800
2024/4/4,523.52,523.87,512.76,513.07,96858100
2024/4/5,514.46,520.44,514.01,518.43,74546500
2024/4/8,519.15,520.18,517.89,518.72,48401800
2024/4/9,520.50,520.75,514.35,519.32,68049200
2024/4/10,513.48,516.16,512.09,514.12,82652800
2024/4/11,515.68,519.48,512.08,518.00,70099000
2024/4/12,514.37,515.82,509.08,510.85,92561100
2024/4/15,515.13,515.30,503.58,504.45,92101400
2024/4/16,504.94,506.50,502.21,503.53,73484000
2024/4/17,506.05,506.22,499.12,500.55,75910300
2024/4/18,501.98,504.13,498.56,499.52,74548100
2024/4/19,499.44,500.46,493.86,495.16,102212600
2024/4/22,497.83,502.38,495.43,499.72,67961000
2024/4/23,501.78,506.09,499.53,505.65,64633600
2024/4/24,506.56,507.37,503.13,505.41,55928100
2024/4/25,499.18,504.27,497.49,503.49,69122400
2024/4/26,506.35,509.88,505.70,508.26,64306100
2024/4/29,510.09,510.75,507.25,510.06,46415400
2024/4/30,508.56,509.56,501.98,501.98,77483600
2024/5/1,501.38,508.19,499.87,500.35,80242800
2024/5/2,504.15,505.89,499.55,505.03,62550200
2024/5/3,511.16,512.55,508.56,511.29,72756700
2024/5/6,513.75,516.61,513.30,516.57,47264700
2024/5/7,517.56,518.57,516.45,517.14,52561300
2024/5/8,515.26,517.74,515.14,517.19,42047200
2024/5/9,517.38,520.21,516.71,520.17,43643700
2024/5/10,521.81,522.64,519.59,520.84,52233200
2024/5/13,522.56,522.67,519.74,520.91,36716400
2024/5/14,521.11,523.83,520.56,523.30,57535900
2024/5/15,525.83,530.08,525.18,529.78,59504900
2024/5/16,529.88,531.52,528.54,528.69,50244800
2024/5/17,528.81,529.52,527.32,529.45,59187600
2024/5/20,529.57,531.56,529.17,530.06,37764200
2024/5/21,529.28,531.52,529.07,531.36,33437000
2024/5/22,530.65,531.38,527.60,529.83,48390000
2024/5/23,532.96,533.07,524.72,525.96,57211200
2024/5/24,527.85,530.27,526.88,529.44,41291100
2024/5/27,527.85,530.27,526.88,529.44,41291100
2024/5/28,530.27,530.51,527.11,529.81,36269600
2024/5/29,525.68,527.31,525.37,526.10,45190300
2024/5/30,524.52,525.20,521.33,522.61,46377600
2024/5/31,523.59,527.50,518.36,527.37,90785800
2024/6/3,529.02,529.31,522.60,527.80,46835700
2024/6/4,526.46,529.15,524.96,528.39,34632700
2024/6/5,530.77,534.69,528.73,534.67,47610400
2024/6/6,534.98,535.42,532.68,534.66,30808500
2024/6/7,533.66,536.89,532.54,534.01,43224500
2024/6/10,533.18,535.99,532.57,535.66,35686100
2024/6/11,534.07,537.01,532.05,536.95,36383400
2024/6/12,541.63,544.12,540.30,541.36,63251300
2024/6/13,543.15,543.33,539.59,542.45,44760900
2024/6/14,540.88,542.81,539.85,542.78,40089900
2024/6/17,542.08,548.53,541.61,547.10,55839500
2024/6/18,547.16,548.62,546.73,548.49,41376400
2024/6/19,547.16,548.62,546.73,548.49,41376400
2024/6/20,549.44,550.12,545.18,547.00,70328200
2024/6/21,544.40,545.65,543.02,544.51,64338600
2024/6/24,544.33,546.95,542.62,542.74,45528700
2024/6/25,543.99,545.20,542.44,544.83,37936200
2024/6/26,543.69,546.24,543.03,545.51,38550600
2024/6/27,545.37,546.96,544.61,546.37,35041500
2024/6/28,547.16,550.28,542.95,544.22,76144500
2024/7/1,545.63,545.88,542.52,545.34,40297800
2024/7/2,543.70,549.01,543.65,549.01,40434800
2024/7/3,548.69,551.83,548.65,551.46,32789900
2024/7/4,548.69,551.83,548.65,551.46,32789900
2024/7/5,551.77,555.05,551.12,554.64,41488400
2024/7/8,555.44,556.25,554.19,555.28,36110500
2024/7/9,556.26,557.18,555.52,555.82,27289700
2024/7/10,557.07,561.67,556.77,561.32,38701200
2024/7/11,561.44,562.33,555.83,556.48,53054200
2024/7/12,557.63,563.67,557.15,559.99,53084400
2024/7/15,562.03,564.84,559.63,561.53,40584300
2024/7/16,562.87,565.16,562.10,564.86,36475300
2024/7/17,558.80,560.51,556.61,556.94,57119000
2024/7/18,558.51,559.52,550.43,552.66,56270400
2024/7/19,552.42,554.08,547.91,548.99,65509100
2024/7/22,553.00,555.27,551.02,554.65,43346700
2024/7/23,554.54,556.74,553.28,553.78,34439600
2024/7/24,548.86,549.17,540.29,541.23,74515300
2024/7/25,541.35,547.46,537.45,538.41,61158300
2024/7/26,542.28,547.19,541.49,544.44,53763800
2024/7/29,546.02,547.05,542.72,544.76,39515800
2024/7/30,546.26,547.34,538.52,542.00,46853600
2024/7/31,548.98,553.50,547.58,550.81,65663400
2024/8/1,552.57,554.87,539.43,543.01,76428700
2024/8/2,535.75,536.99,528.60,532.90,82789100
2024/8/5,511.64,523.58,510.27,517.38,146267400
2024/8/6,519.22,529.75,517.87,522.15,84826300
2024/8/7,528.47,531.59,518.05,518.66,70698300
2024/8/8,523.91,531.29,521.84,530.65,63276600
2024/8/9,529.81,534.51,528.56,532.99,45619600
2024/8/12,534.21,535.73,530.95,533.27,42542100
2024/8/13,536.53,542.28,536.28,542.04,52333100
2024/8/14,542.85,544.96,540.12,543.75,42446900
2024/8/15,549.50,553.36,548.88,553.07,60846800
2024/8/16,551.42,555.02,551.26,554.31,44430700
2024/8/19,554.73,559.61,553.86,559.61,39121800
2024/8/20,559.15,560.84,557.33,558.70,33732300
2024/8/21,559.77,562.11,554.73,560.62,41514600
2024/8/22,562.56,563.18,554.98,556.22,56121500
2024/8/23,559.53,563.09,557.29,562.13,50639400
2024/8/26,563.18,563.91,559.05,560.79,35788600
2024/8/27,559.49,562.06,558.32,561.56,32693900
2024/8/28,561.21,561.65,555.04,558.30,41066000
2024/8/29,560.31,563.68,557.18,558.35,38715200
2024/8/30,560.77,564.20,557.14,563.68,62700100
2024/9/2,560.77,564.20,557.14,563.68,62700100
2024/9/3,560.47,560.81,549.51,552.08,60600100
2024/9/4,550.20,554.43,549.46,550.95,47224900
2024/9/5,550.89,553.80,547.10,549.61,44264300
2024/9/6,549.94,551.60,539.44,540.36,68493800
2024/9/9,544.65,547.71,542.68,546.41,40445800
2024/9/10,548.36,549.15,543.38,548.79,36394600
2024/9/11,548.70,555.36,539.96,554.42,75248600
2024/9/12,555.01,559.40,552.74,559.09,51819600
2024/9/13,559.71,563.03,559.45,562.01,39310500
2024/9/16,561.74,563.11,559.90,562.84,36656100
2024/9/17,565.10,566.58,560.79,563.07,49321000
2024/9/18,563.74,568.69,560.83,561.40,59044900
2024/9/19,571.01,572.88,568.08,570.98,75315500
2024/9/20,567.84,569.31,565.17,568.25,77503100
2024/9/23,569.34,570.33,568.10,569.67,44116900
2024/9/24,570.48,571.36,567.60,571.30,46805700
2024/9/25,571.14,571.89,568.91,570.04,38428600
2024/9/26,574.38,574.71,569.90,572.30,48336000
2024/9/27,573.39,574.22,570.42,571.47,42100900
2024/9/30,570.42,574.38,568.08,573.76,63557400
2024/10/1,573.40,574.06,566.00,568.62,72668800
2024/10/2,567.71,569.90,565.27,568.86,38097800
2024/10/3,567.36,569.80,565.49,567.82,40846500
2024/10/4,572.35,573.36,568.10,572.98,42939100
2024/10/7,571.30,571.96,566.63,567.80,49964700
2024/10/8,570.42,573.78,569.53,573.17,37398700
2024/10/9,573.16,577.71,572.55,577.14,37912200
2024/10/10,575.77,577.58,574.49,576.13,44138100
2024/10/11,576.05,580.33,575.91,579.58,42268000
2024/10/14,581.22,585.27,580.73,584.32,36217200
2024/10/15,584.59,584.90,578.54,579.78,54203600
2024/10/16,579.78,582.83,578.96,582.30,30725400
2024/10/17,585.91,586.12,582.16,582.35,34393700
2024/10/18,584.07,585.39,582.58,584.59,37416800
2024/10/21,583.85,584.85,580.60,583.63,36439000
2024/10/22,581.05,584.50,580.38,583.32,34183800
2024/10/23,581.26,581.71,574.42,577.99,49314600
2024/10/24,579.98,580.06,576.57,579.24,34979900
2024/10/25,581.51,584.46,578.08,579.04,47268200
2024/10/28,582.58,582.71,580.52,580.83,30174700
2024/10/29,579.85,582.91,578.43,581.77,42899700
2024/10/30,581.29,583.32,579.29,580.01,41435800
2024/10/31,575.56,575.63,568.44,568.64,60182500
2024/11/1,571.32,575.55,570.62,571.04,45667500
2024/11/4,571.18,572.50,567.89,569.81,38217000
2024/11/5,570.74,576.74,570.52,576.70,39478300
2024/11/6,589.20,591.93,585.39,591.04,68182000
2024/11/7,593.08,596.65,593.00,595.61,47233200
2024/11/8,596.17,599.64,596.17,598.19,46444900
2024/11/11,599.81,600.17,597.00,598.76,37586800
2024/11/12,598.68,599.29,594.37,596.90,43006100
2024/11/13,597.37,599.23,594.96,597.19,47388600
2024/11/14,597.32,597.81,592.65,593.35,38904100
2024/11/15,589.72,590.20,583.86,585.75,75988800
2024/11/18,586.22,589.49,585.34,588.15,37001700
2024/11/19,584.71,591.04,584.03,590.30,49412000
2024/11/20,590.38,590.79,584.63,590.50,50032600
2024/11/21,593.40,595.12,587.45,593.67,46750300
2024/11/22,593.66,596.15,593.15,595.51,38226400
2024/11/25,599.52,600.86,595.20,597.53,42441400
2024/11/26,598.80,601.33,598.07,600.65,45621300
2024/11/27,600.46,600.85,597.28,598.83,34000200
2024/11/28,600.46,600.85,597.28,598.83,34000200
2024/11/29,599.66,603.35,599.38,602.55,30177400
2024/12/2,602.97,604.32,602.47,603.63,31746000
2024/12/3,603.39,604.16,602.34,603.91,26906600
2024/12/4,605.63,607.91,604.95,607.66,42787600
2024/12/5,607.66,608.48,606.30,606.66,28762200
2024/12/6,607.44,609.07,607.02,607.81,31241500
2024/12/9,607.69,607.86,604.08,604.68,34742700
2024/12/10,605.37,605.80,602.13,602.80,37234500
2024/12/11,605.78,608.43,605.50,607.46,28677700
2024/12/12,606.58,607.16,604.33,604.33,31543800
2024/12/13,606.40,607.13,602.81,604.21,35904700
2024/12/16,606.00,607.78,605.21,606.79,43695200
2024/12/17,604.19,605.17,602.89,604.29,55773500
2024/12/18,603.98,606.41,585.89,586.28,108248700
2024/12/19,591.36,593.00,585.85,586.10,85919500
2024/12/20,581.77,595.75,580.91,591.15,125716700
2024/12/23,590.89,595.30,587.66,594.69,57635800
2024/12/24,596.06,601.34,595.47,601.30,33160100
2024/12/25,596.06,601.34,595.47,601.30,33160100
2024/12/26,599.50,602.48,598.08,601.34,41219100
2024/12/27,597.54,597.78,590.76,595.01,64969300
2024/12/30,587.89,591.74,584.41,588.22,56578800
2024/12/31,589.91,590.64,584.42,586.08,57052700
2025/1/1,589.91,590.64,584.42,586.08,57052700
2025/1/2,589.39,591.13,580.50,584.64,50204000
2025/1/3,587.53,592.60,586.43,591.95,37888500
2025/1/6,596.27,599.70,593.60,595.36,47679400
2025/1/7,597.42,597.75,586.78,588.63,60393100
2025/1/8,588.70,590.58,585.20,589.49,47304700
2025/1/9,588.70,590.58,585.20,589.49,47304700
2025/1/10,585.88,585.95,578.55,580.49,73105000
2025/1/13,575.77,581.75,575.35,581.39,47910100
2025/1/14,584.36,585.00,578.35,582.19,48420600
2025/1/15,590.33,593.94,589.20,592.78,56900200
2025/1/16,594.17,594.35,590.93,591.64,43319700
2025/1/17,596.96,599.36,595.61,597.58,58070600
2025/1/20,596.96,599.36,595.61,597.58,58070600
2025/1/21,600.67,603.06,598.67,603.05,42532900
2025/1/22,605.92,607.82,605.36,606.44,48196000
2025/1/23,605.80,609.75,605.52,609.75,41152100
2025/1/24,609.81,610.78,606.80,607.97,34604700
2025/1/27,594.81,599.69,594.64,599.37,70361100
2025/1/28,600.62,605.37,597.25,604.52,44433300
2025/1/29,603.72,604.13,599.22,601.81,37177400
2025/1/30,603.96,606.60,600.72,605.04,39281300
2025/1/31,607.50,609.96,601.05,601.82,66566900
2025/2/3,592.67,600.29,590.49,597.77,65857200
2025/2/4,597.83,602.30,597.28,601.78,33457800
2025/2/5,600.64,604.37,598.58,604.22,30653100
2025/2/6,605.99,606.45,602.63,606.32,35771500
2025/2/7,606.89,608.13,600.05,600.77,50788500
2025/2/10,604.03,605.50,602.74,604.85,26048700
2025/2/11,602.55,605.86,602.43,605.31,30056700
2025/2/12,599.20,604.55,598.51,603.36,45076100
2025/2/13,604.48,609.94,603.20,609.73,40921300
2025/2/14,609.94,610.99,609.07,609.70,26910400
2025/2/17,609.94,610.99,609.07,609.70,26910400
2025/2/18,610.88,611.49,608.38,611.49,26749000
2025/2/19,610.08,613.23,609.56,612.93,31011100
2025/2/20,611.54,611.68,607.02,610.38,36554000
2025/2/21,610.16,610.30,599.47,599.94,76519800
2025/2/24,602.02,603.03,596.49,597.21,50737200
2025/2/25,597.15,597.89,589.56,594.24,58266500
2025/2/26,595.93,599.58,591.86,594.54,43321600
2025/2/27,596.85,598.02,584.65,585.05,74196700
2025/2/28,585.56,594.72,582.44,594.18,88744100
2025/3/3,596.18,597.34,579.90,583.77,74249200
2025/3/4,579.71,585.39,572.25,576.86,109648200
2025/3/5,576.69,584.88,573.08,583.06,71230500
2025/3/6,575.48,580.17,570.12,572.71,80094900
2025/3/7,570.90,577.39,565.63,575.92,81158800
2025/3/10,567.59,569.54,555.59,560.58,99326600
2025/3/11,559.40,564.02,552.02,555.92,88102100
2025/3/12,562.17,563.11,553.69,558.87,69588200
2025/3/13,558.49,559.11,549.68,551.42,74079400
2025/3/14,556.11,563.83,551.49,562.81,62660300
2025/3/17,562.79,569.71,562.35,567.15,49008700
2025/3/18,564.80,565.02,559.06,561.02,66041400
2025/3/19,562.83,570.95,561.63,567.13,66556000
2025/3/20,563.33,570.57,562.60,565.49,62958200
2025/3/21,559.28,564.89,558.03,563.98,83763000
2025/3/24,570.80,575.15,570.20,574.08,58766800
2025/3/25,575.30,576.41,573.69,575.46,38355700
2025/3/26,575.19,576.33,567.19,568.59,51848300
2025/3/27,567.18,570.90,564.94,567.08,42164200
2025/3/28,565.53,566.27,555.07,555.66,71662700
2025/3/31,549.83,560.71,546.87,559.39,95328200
2025/4/1,557.45,562.94,553.68,560.97,54609600
2025/4/2,555.05,567.42,554.81,564.52,76014500
2025/4/3,545.11,547.97,536.70,536.70,125986000
2025/4/4,523.67,525.87,505.06,505.28,217965100
2025/4/7,489.19,523.17,481.80,504.38,256611400
2025/4/8,521.86,524.98,489.16,496.48,165816600
2025/4/9,493.44,548.62,493.05,548.62,241867300
2025/4/10,532.17,533.50,509.32,524.58,162331200
2025/4/11,523.01,536.43,520.07,533.94,97866300
2025/4/14,544.05,544.28,533.86,539.12,68034000
2025/4/15,539.67,543.23,536.81,537.61,56892900
2025/4/16,531.68,537.89,520.29,525.66,83484800
2025/4/17,527.64,531.17,523.91,526.41,79868100
2025/4/18,527.64,531.17,523.91,526.41,79868100
2025/4/21,521.16,521.70,508.46,513.88,69368100
2025/4/22,520.14,529.30,519.19,527.25,75948100
2025/4/23,540.43,545.43,533.88,535.42,90590700
2025/4/24,536.72,547.43,535.45,546.69,64150400
2025/4/25,546.65,551.05,543.69,550.64,61119600
2025/4/28,551.39,553.55,545.02,550.85,47613800
2025/4/29,548.91,555.45,548.55,554.32,47775100
2025/4/30,547.57,556.52,541.52,554.54,93101500
2025/5/1,560.37,564.07,557.86,558.47,63186100
2025/5/2,564.73,568.38,562.38,566.76,60717300
2025/5/5,562.57,566.65,561.70,563.51,38659200
2025/5/6,557.93,563.35,556.96,558.80,48264700
2025/5/7,560.15,563.82,556.04,561.15,55588000
2025/5/8,565.24,570.31,561.70,565.06,65130800
2025/5/9,566.48,567.50,562.76,564.34,37603400
2025/5/12,581.47,583.00,577.04,582.99,78993600
2025/5/13,583.41,589.08,582.84,586.84,67947200
2025/5/14,587.81,588.98,585.54,587.59,66283500
2025/5/15,585.56,590.97,585.10,590.46,71268100
2025/5/16,591.25,594.50,589.28,594.20,76052100
2025/5/19,588.10,595.54,588.10,594.85,68168500
2025/5/20,593.09,594.05,589.60,592.85,60614500
2025/5/21,588.44,592.58,581.82,582.86,95197700
2025/5/22,582.66,586.62,581.41,583.09,70860400
2025/5/23,575.98,581.81,575.60,579.11,76029000
2025/5/26,575.98,581.81,575.60,579.11,76029000
2025/5/27,586.07,591.31,578.43,591.15,72588500
2025/5/28,591.56,592.77,586.99,587.73,68445500
2025/5/29,593.06,593.20,586.07,590.05,69973300
2025/5/30,588.93,591.13,583.24,589.39,90601200
2025/6/2,587.76,592.79,585.06,592.71,61630500
2025/6/3,592.34,597.08,591.85,596.09,63606200
2025/6/4,596.96,597.95,595.49,595.93,57314200
2025/6/5,597.63,599.00,591.05,593.05,92278700
2025/6/6,598.66,600.83,596.86,599.14,66588700
2025/6/9,599.72,601.25,598.49,599.68,53016400
2025/6/10,600.22,603.47,599.09,603.08,66247000
2025/6/11,604.19,605.06,599.27,601.36,73658200
2025/6/12,600.01,603.75,599.52,603.75,64129000
2025/6/13,598.50,601.85,595.48,597.00,89506000
2025/6/16,600.40,604.45,600.22,602.68,79984100
2025/6/17,600.21,601.75,596.76,597.53,82209400
2025/6/18,598.44,601.22,596.47,597.44,76605000
2025/6/19,598.44,601.22,596.47,597.44,76605000
2025/6/20,598.38,599.46,592.86,594.28,94051400
2025/6/23,595.04,600.54,591.89,600.15,87426000
2025/6/24,604.33,607.85,603.41,606.78,67735300
2025/6/25,607.91,608.61,605.54,607.12,62114800
2025/6/26,608.99,612.31,608.37,611.87,78548400
2025/6/27,612.88,616.39,610.83,614.91,86258400
2025/6/30,617.38,619.22,615.04,617.85,92502500
2025/7/1,616.36,618.83,615.52,617.65,70030100
2025/7/2,617.24,620.49,616.61,620.45,66510400
2025/7/3,622.45,626.28,622.43,625.34,51065800
2025/7/4,622.45,626.28,622.43,625.34,51065800
2025/7/7,623.36,624.03,617.87,620.68,74814500
2025/7/8,621.35,622.11,619.52,620.34,59024600
2025/7/9,622.77,624.72,620.91,624.06,66113300
2025/7/10,624.20,626.87,623.01,625.82,57529000
2025/7/11,622.74,624.86,621.53,623.62,63670200
2025/7/14,623.16,625.16,621.80,624.81,51898500
2025/7/15,627.52,627.86,622.06,622.14,74317300
2025/7/16,623.74,624.73,618.05,624.22,88987500
2025/7/17,624.40,628.40,624.18,628.04,68885700
2025/7/18,629.30,629.47,626.46,627.58,65621600
2025/7/21,628.77,631.54,628.34,628.77,63375000
2025/7/22,629.10,629.73,626.19,628.86,60046300
2025/7/23,631.55,634.21,629.73,634.21,70511000
2025/7/24,634.60,636.15,633.99,634.42,71307100
2025/7/25,635.09,637.58,634.84,637.10,56865400
2025/7/28,637.48,638.04,635.54,636.94,54917100
2025/7/29,638.35,638.67,634.34,635.26,60556300
2025/7/30,635.92,637.68,631.54,634.46,80418900
2025/7/31,639.46,639.85,630.77,632.08,103385200
2025/8/1,626.30,626.34,619.29,621.72,140103600
2025/8/4,625.67,631.22,625.58,631.17,73218000
2025/8/5,631.79,632.61,627.04,627.97,68051400
2025/8/6,629.05,633.44,628.13,632.78,64357500
2025/8/7,636.24,636.98,629.11,632.25,74205800
2025/8/8,634.06,637.65,633.74,637.18,64051600
2025/8/11,637.46,638.95,634.66,635.92,58742300
2025/8/12,638.29,642.85,636.79,642.69,64730800
2025/8/13,644.91,646.19,642.68,644.89,60092800
2025/8/14,642.79,645.62,642.34,644.95,59327500
2025/8/15,645.99,646.09,642.52,643.44,68592500
2025/8/18,642.86,644.00,642.18,643.30,43804900
2025/8/19,643.12,644.11,638.48,639.81,69750700
2025/8/20,639.40,639.66,632.95,638.11,88890300
2025/8/21,636.28,637.97,633.81,635.55,54805800
2025/8/22,637.76,646.50,637.25,645.31,84083200
2025/8/25,644.04,645.29,642.35,642.47,51274300
2025/8/26,642.20,645.51,641.57,645.16,51581600
2025/8/27,644.57,647.37,644.42,646.63,48341100
2025/8/28,647.24,649.48,645.34,648.92,61519500
2025/8/29,647.47,647.84,643.14,645.05,74522200
2025/9/1,647.47,647.84,643.14,645.05,74522200
2025/9/2,637.50,640.49,634.92,640.27,81983500
2025/9/3,642.67,644.21,640.46,643.74,70820900
2025/9/4,644.42,649.15,643.51,649.12,65219200
2025/9/5,651.48,652.21,643.33,647.24,85178900
2025/9/8,648.62,649.84,647.23,648.83,63133100
2025/9/9,648.97,650.86,647.22,650.33,66133900
2025/9/10,653.62,654.55,650.63,652.21,78034500
2025/9/11,654.18,658.33,653.59,657.63,69934400
2025/9/12,657.60,659.11,656.90,657.41,72780100
2025/9/15,659.64,661.04,659.34,660.91,63772400
2025/9/16,661.47,661.78,659.21,660.00,61169000
2025/9/17,660.01,661.72,654.30,659.18,101952200
2025/9/18,661.89,664.89,660.27,662.26,90459200
2025/9/19,662.33,664.55,660.37,663.70,97945600
2025/9/22,662.20,667.29,662.17,666.84,69452200
2025/9/23,666.72,667.34,661.98,663.21,81708900
2025/9/24,664.51,664.61,659.67,661.10,68082200
2025/9/25,657.94,659.41,654.41,658.05,89622100
2025/9/26,659.51,662.37,657.88,661.82,69179200
2025/9/29,664.36,665.28,661.86,663.68,73499000
2025/9/30,662.93,666.65,661.61,666.18,86288000
2025/10/1,663.17,669.37,663.06,668.45,72545400
2025/10/2,670.45,670.57,666.78,669.22,56896000
2025/10/3,669.99,672.68,668.16,669.21,70494400
2025/10/6,671.62,672.51,669.46,671.61,54623300
2025/10/7,672.54,672.99,667.67,669.12,72020100
2025/10/8,670.25,673.21,669.42,673.11,60702200
2025/10/9,673.53,673.94,669.21,671.16,66501900
2025/10/10,672.13,673.95,652.84,653.02,159422600
2025/10/13,660.65,665.13,659.77,663.04,79560500
2025/10/14,657.17,665.83,653.17,662.23,88779600
2025/10/15,666.82,670.23,658.93,665.17,81702600
2025/10/16,666.82,668.71,657.11,660.64,110563300
2025/10/17,659.50,665.76,658.14,664.39,96500900
2025/10/20,667.32,672.21,667.27,671.30,60493400
2025/10/21,671.44,672.99,669.98,671.29,56249000
2025/10/22,672.00,672.00,663.30,667.80,80564000
2025/10/23,668.12,672.71,667.80,671.76,65604500
2025/10/24,676.46,678.47,675.65,677.25,74356500
2025/10/27,682.73,685.54,682.12,685.24,63339800
2025/10/28,687.05,688.91,684.83,687.06,61738100
2025/10/29,688.72,689.70,682.87,687.39,85657100
2025/10/30,683.90,685.94,679.83,679.83,76335800
2025/10/31,685.04,685.08,679.24,682.06,87164100
2025/11/3,685.67,685.80,679.94,683.34,57315000
2025/11/4,676.11,679.96,674.58,675.24,78427000
2025/11/5,674.98,680.86,674.17,677.58,74402400
2025/11/6,676.47,677.38,668.72,670.31,85035300
2025/11/7,667.91,671.08,661.21,670.97,100592400
2025/11/10,677.24,682.18,675.03,681.44,75842900
2025/11/11,679.95,683.57,678.73,683.00,58953400
2025/11/12,684.79,684.96,680.95,683.38,62312500
2025/11/13,680.50,680.86,670.52,672.04,103457800
2025/11/14,665.38,675.66,663.27,671.93,96846700
2025/11/17,669.70,673.71,662.17,665.67,90456100
2025/11/18,662.10,665.12,655.86,660.08,114467500
2025/11/19,660.78,667.34,658.75,662.63,94703000
2025/11/20,672.91,675.56,651.89,652.53,165293500
2025/11/21,655.05,664.55,650.85,659.03,123956200
2025/11/24,662.69,670.06,661.59,668.73,80437900
2025/11/25,668.63,676.21,664.48,675.02,81077100
2025/11/26,677.63,681.70,676.72,679.68,71879600
2025/11/27,677.63,681.70,676.72,679.68,71879600
2025/11/28,680.86,683.67,680.50,683.39,49212000
2025/12/1,678.81,682.99,678.74,680.27,61201200
2025/12/2,681.92,683.82,679.33,681.53,62953800
2025/12/3,680.57,684.91,679.69,683.89,57238500
2025/12/4,685.30,685.37,681.34,684.39,61970300
2025/12/5,685.47,688.39,684.58,685.69,79241000
2025/12/8,686.59,686.64,681.57,683.63,55231500
2025/12/9,683.15,685.39,682.59,683.04,58310100
2025/12/10,682.56,688.97,681.31,687.57,85671300
2025/12/11,685.14,689.25,682.17,689.17,86173700
2025/12/12,688.17,688.88,679.17,681.76,113160300
2025/12/15,685.74,685.76,679.25,680.73,90811000
2025/12/16,679.23,681.08,674.98,678.87,122030600
2025/12/17,679.89,680.44,671.20,671.40,110625200
2025/12/18,677.60,680.74,674.90,676.47,108650100
2025/12/19,676.59,681.09,676.47,680.59,103599500
2025/12/22,683.94,685.36,680.59,684.83,69556700
2025/12/23,683.92,688.20,683.87,687.96,64840000
2025/12/24,687.95,690.83,687.80,690.38,39445600
2025/12/25,687.95,690.83,687.80,690.38,39445600
2025/12/26,690.64,691.66,689.27,690.31,41613300
2025/12/29,687.54,689.20,686.07,687.85,62559500
2025/12/30,687.45,688.56,686.58,687.01,47160700
2025/12/31,687.14,687.36,681.71,681.92,74144800
2026/1/1,687.14,687.36,681.71,681.92,74144800
2026/1/2,685.71,686.87,679.82,683.17,89377200
2026/1/5,686.54,689.43,686.38,687.72,71927200
2026/1/6,687.93,692.32,687.78,691.81,69273800
2026/1/7,692.19,693.96,689.32,689.58,75588300
2026/1/8,688.82,690.62,687.49,689.51,64019200
2026/1/9,690.63,695.31,689.18,694.07,80125500
2026/1/12,690.68,696.09,690.63,695.16,63976000
2026/1/13,695.49,696.09,691.35,693.77,78309700
2026/1/14,691.00,691.72,686.04,690.36,94676700
2026/1/15,694.57,695.45,691.25,692.24,77862000
2026/1/16,693.66,694.25,690.10,691.66,79289200
2026/1/19,693.66,694.25,690.10,691.66,79289200
2026/1/20,681.49,684.77,676.57,677.58,111623300
2026/1/21,679.65,688.74,678.13,685.40,127844500
2026/1/22,689.85,691.13,686.92,688.98,77112200
2026/1/23,688.15,690.96,687.16,689.23,63059600
2026/1/26,690.49,694.13,689.92,692.73,60473800
2026/1/27,694.18,696.53,693.57,695.49,55506100
2026/1/28,697.05,697.84,693.94,695.42,61172200
2026/1/29,696.39,697.06,684.83,694.04,97486200
2026/1/30,691.79,694.21,687.12,691.97,101835100
2026/2/2,689.58,696.93,689.42,695.41,79286500
2026/2/3,696.21,696.96,684.03,689.53,107904600
2026/2/4,690.35,691.45,681.76,686.19,105204600
2026/2/5,680.94,683.69,675.79,677.62,113610800
2026/2/6,681.46,692.31,680.85,690.62,89127600
2026/2/9,689.42,695.87,688.34,693.95,73885200
2026/2/10,694.95,696.54,691.66,692.12,65185700
2026/2/11,696.39,697.14,689.18,691.96,76353900
2026/2/12,694.24,695.35,680.37,681.27,118829000
2026/2/13,681.69,686.28,677.52,681.75,96267500
2026/2/16,681.69,686.28,677.52,681.75,96267500
2026/2/17,680.14,684.94,675.78,682.85,81354700
2026/2/18,684.02,689.15,682.83,686.29,73570300
2026/2/19,683.84,686.18,681.55,684.48,58649400
2026/2/20,682.32,690.06,681.73,689.43,100034000
2026/2/23,687.83,690.00,680.37,682.39,90558100
2026/2/24,681.90,688.35,680.00,687.35,73798700
2026/2/25,690.18,693.68,690.10,693.15,56369500
2026/2/26,693.28,693.30,684.35,689.30,71671000
2026/2/27,683.09,686.86,681.64,685.99,83308900
2026/3/2,678.70,688.62,678.02,686.38,87477200
2026/3/3,675.06,682.61,669.66,680.33,105003100
2026/3/4,681.63,687.09,679.62,685.13,79182200
2026/3/5,682.08,685.53,675.61,681.31,106606500
2026/3/6,673.41,676.11,669.76,672.38,100509800
2026/3/9,673.41,676.11,669.76,672.38,100509800
