date,open,high,low,close,volume
2013/1/1,53.63,54.26,53.49,54.24,4948700
2013/1/2,54.88,55.00,54.01,54.54,5358100
2013/1/3,53.44,53.52,51.85,51.99,14413200
2013/1/4,52.20,52.73,52.06,52.09,10458000
2013/1/7,51.88,52.33,51.55,52.09,7804500
2013/1/8,52.00,52.24,51.36,51.40,8196200
2013/1/9,51.59,52.50,51.50,52.37,5154300
2013/1/10,52.52,53.19,52.33,53.11,6506500
2013/1/11,53.40,53.40,52.33,52.82,10182500
2013/1/14,52.87,54.42,52.60,53.36,7119900
2013/1/15,53.22,53.85,53.21,53.62,5802900
2013/1/16,53.64,53.80,53.34,53.66,6474500
2013/1/17,53.76,54.53,53.17,54.40,14438900
2013/1/18,54.40,54.63,54.22,54.56,7023900
2013/1/21,54.40,54.63,54.22,54.56,7023900
2013/1/22,54.65,56.09,54.56,56.02,9330000
2013/1/23,56.11,56.25,55.45,55.91,6665700
2013/1/24,56.03,56.44,55.90,56.22,4221700
2013/1/25,56.36,56.38,55.72,56.04,5604700
2013/1/28,56.42,56.53,55.80,55.81,5736900
2013/1/29,55.75,56.69,55.68,56.28,7317600
2013/1/30,56.25,56.44,55.92,56.08,6269200
2013/1/31,55.84,56.04,55.21,55.21,6957500
2013/2/1,55.74,55.84,55.37,55.77,6369500
2013/2/4,55.32,56.37,55.32,55.75,4795700
2013/2/5,57.07,57.83,56.83,57.77,8645500
2013/2/6,57.44,57.54,57.10,57.38,5266100
2013/2/7,57.36,57.50,56.65,57.05,6050700
2013/2/8,57.16,58.26,57.12,57.74,4554600
2013/2/11,57.56,57.71,57.05,57.12,4166800
2013/2/12,57.20,57.38,56.93,57.01,4448600
2013/2/13,57.01,57.37,56.75,57.23,4261200
2013/2/14,57.01,57.22,56.75,57.05,5173800
2013/2/15,57.06,57.49,57.04,57.32,5750400
2013/2/18,57.06,57.49,57.04,57.32,5750400
2013/2/19,54.20,56.88,54.04,56.66,14566200
2013/2/20,56.51,56.58,55.19,55.21,7542900
2013/2/21,55.57,55.94,54.88,55.24,6357300
2013/2/22,55.40,55.41,54.25,54.47,8400700
2013/2/25,54.69,54.75,53.29,53.30,6807800
2013/2/26,53.51,53.60,52.51,53.05,6325100
2013/2/27,52.96,54.01,52.93,53.87,5133800
2013/2/28,53.82,53.96,53.39,53.45,5879800
2013/3/1,53.34,53.79,52.88,53.52,6972100
2013/3/4,53.31,53.50,53.13,53.32,4783000
2013/3/5,53.43,53.84,53.18,53.50,4911700
2013/3/6,53.56,53.94,53.35,53.61,5562600
2013/3/7,53.76,54.18,53.69,53.80,4455700
2013/3/8,53.97,54.25,53.52,53.81,4584400
2013/3/11,53.83,54.64,53.75,54.21,4008700
2013/3/12,54.17,55.00,54.08,54.83,5466300
2013/3/13,54.68,54.88,54.35,54.48,4343000
2013/3/14,54.58,54.81,54.06,54.73,5066800
2013/3/15,54.63,54.90,54.42,54.73,7888300
2013/3/18,54.30,55.47,54.28,55.00,5974200
2013/3/19,55.00,55.40,54.92,55.17,5486600
2013/3/20,55.47,55.53,54.81,54.88,4528800
2013/3/21,54.69,55.35,54.63,55.06,4953700
2013/3/22,55.14,55.30,54.23,54.46,5415900
2013/3/25,54.65,55.12,54.44,54.86,5142500
2013/3/26,55.14,55.78,55.09,55.65,6059700
2013/3/27,55.55,57.03,55.44,56.62,8525800
2013/3/28,56.66,57.31,56.49,57.21,5685400
2013/3/29,56.66,57.31,56.49,57.21,5685400
2013/4/1,57.16,59.36,57.01,58.97,9006100
2013/4/2,61.63,63.95,61.50,61.74,22664600
2013/4/3,62.41,62.75,61.62,61.67,10140400
2013/4/4,61.75,62.50,61.49,62.03,7648400
2013/4/5,61.92,62.56,61.65,62.10,6841300
2013/4/8,62.07,62.37,61.29,61.89,4545600
2013/4/9,62.09,62.57,61.95,62.18,4405900
2013/4/10,62.32,62.60,62.09,62.41,4400600
2013/4/11,62.39,63.00,62.33,62.98,4738900
2013/4/12,62.83,63.28,62.62,63.03,4162000
2013/4/15,62.72,63.00,61.58,61.59,4625600
2013/4/16,62.18,63.00,61.77,62.81,4976400
2013/4/17,62.39,63.15,61.96,62.03,8429000
2013/4/18,59.39,60.75,58.03,59.69,14015000
2013/4/19,59.94,60.75,59.47,60.04,6524600
2013/4/22,59.99,60.10,58.64,59.22,6020900
2013/4/23,59.47,59.66,58.12,58.54,6277700
2013/4/24,58.90,59.25,58.72,58.79,5883000
2013/4/25,59.13,59.41,58.61,59.34,5669100
2013/4/26,59.26,60.15,59.13,59.48,5798100
2013/4/29,59.95,60.49,59.81,60.01,4861600
2013/4/30,60.14,60.38,59.21,59.93,5701800
2013/5/1,59.96,60.44,59.30,59.72,4897800
2013/5/2,59.71,60.38,59.39,59.48,6072500
2013/5/3,59.79,60.03,58.87,58.92,5149500
2013/5/6,59.38,60.73,59.32,60.20,5609600
2013/5/7,60.08,61.13,59.93,60.50,4830700
2013/5/8,60.32,62.77,60.31,62.51,10032800
2013/5/9,62.25,62.56,61.46,62.01,6416700
2013/5/10,62.04,62.99,61.81,62.91,5015700
2013/5/13,62.67,62.80,62.26,62.39,3490400
2013/5/14,62.30,62.48,61.55,61.73,5390300
2013/5/15,61.52,62.28,61.17,61.61,6808200
2013/5/16,61.30,62.35,61.20,62.14,6904800
2013/5/17,62.25,63.31,62.22,62.84,5840800
2013/5/20,62.73,62.92,62.42,62.56,2688200
2013/5/21,62.57,63.03,62.45,62.87,3248400
2013/5/22,62.00,63.27,61.53,62.28,6317500
2013/5/23,62.09,62.82,61.82,62.36,4479100
2013/5/24,62.02,62.52,61.49,62.06,4697900
2013/5/27,62.02,62.52,61.49,62.06,4697900
2013/5/28,62.49,63.58,62.40,63.34,5341000
2013/5/29,63.32,63.55,62.81,63.35,5009100
2013/5/30,63.43,64.90,63.02,64.66,5671300
2013/5/31,64.45,64.85,62.60,62.63,5888300
2013/6/3,62.89,63.00,62.09,62.80,3756200
2013/6/4,62.60,62.99,61.92,62.36,5151100
2013/6/5,63.01,63.11,61.65,61.75,5380100
2013/6/6,61.75,61.92,60.95,61.92,4711400
2013/6/7,62.27,62.93,61.70,62.57,5214700
2013/6/10,62.58,63.90,62.57,63.68,5256600
2013/6/11,63.15,64.56,62.70,63.93,6063400
2013/6/12,64.24,64.51,63.62,63.83,3891100
2013/6/13,63.70,64.21,63.15,64.15,4379500
2013/6/14,64.13,64.45,63.59,63.80,3122600
2013/6/17,64.29,65.24,64.10,64.37,4975000
2013/6/18,64.90,65.71,64.46,65.68,5183300
2013/6/19,65.70,66.16,65.23,65.26,6370200
2013/6/20,64.80,64.82,63.65,63.80,5748300
2013/6/21,64.19,64.83,63.43,63.90,7806500
2013/6/24,63.49,65.04,63.46,64.65,5717100
2013/6/25,65.03,65.54,63.66,63.73,4959100
2013/6/26,64.03,65.06,64.02,64.78,4851700
2013/6/27,65.06,66.19,64.96,66.09,4483600
2013/6/28,65.62,66.13,65.04,65.48,6867800
2013/7/1,65.89,66.36,65.52,65.63,3736500
2013/7/2,65.43,65.66,65.05,65.27,4484800
2013/7/3,64.96,65.84,64.65,65.54,2271100
2013/7/4,64.96,65.84,64.65,65.54,2271100
2013/7/5,65.96,66.19,65.27,66.17,2356500
2013/7/8,66.95,67.58,66.36,67.56,6192500
2013/7/9,68.02,68.45,67.29,67.97,4275700
2013/7/10,68.00,68.75,67.61,67.69,4383900
2013/7/11,68.27,68.55,67.65,68.36,6588900
2013/7/12,68.57,68.74,67.69,68.00,4645600
2013/7/15,68.13,68.19,67.46,67.62,3813600
2013/7/16,67.24,67.35,66.56,66.91,5459600
2013/7/17,67.01,67.44,65.92,66.23,8904300
2013/7/18,69.35,70.85,68.91,70.55,14082900
2013/7/19,70.61,72.09,70.16,71.45,7504900
2013/7/22,71.56,72.54,71.40,72.18,5038000
2013/7/23,72.21,72.74,71.82,72.69,3934300
2013/7/24,72.81,73.15,72.18,72.53,6023300
2013/7/25,72.08,72.62,71.70,72.62,3840600
2013/7/26,72.13,72.59,71.57,72.21,3826000
2013/7/29,72.11,72.86,71.96,72.79,3835300
2013/7/30,72.88,73.22,71.98,72.27,5375400
2013/7/31,72.47,73.66,72.47,72.85,5964700
2013/8/1,73.23,73.52,72.90,73.16,3254000
2013/8/2,73.03,73.03,71.93,72.26,3622500
2013/8/5,72.36,73.58,72.30,73.34,2871000
2013/8/6,73.18,73.37,72.53,73.24,3089500
2013/8/7,73.18,73.40,72.62,72.92,2807300
2013/8/8,73.15,73.67,72.86,73.18,2171600
2013/8/9,73.20,73.59,72.27,72.93,2556900
2013/8/12,72.41,72.59,72.01,72.39,3043300
2013/8/13,72.43,73.39,72.31,73.35,2627400
2013/8/14,73.19,73.30,72.31,72.49,3079000
2013/8/15,71.99,72.62,71.37,71.40,3402000
2013/8/16,71.15,71.98,71.00,71.43,3323600
2013/8/19,71.53,72.20,71.46,71.71,2794800
2013/8/20,71.85,72.84,71.61,72.46,3110000
2013/8/21,72.18,72.34,71.47,71.85,3314200
2013/8/22,72.04,72.74,71.83,71.97,2959400
2013/8/23,72.01,72.72,71.91,72.54,3215600
2013/8/26,72.64,72.92,72.28,72.38,2797700
2013/8/27,71.95,72.14,71.32,71.52,3626200
2013/8/28,71.40,72.16,71.35,71.54,3297700
2013/8/29,71.34,72.83,71.15,72.44,5243500
2013/8/30,72.46,72.81,71.49,71.74,4186200
2013/9/2,72.46,72.81,71.49,71.74,4186200
2013/9/3,71.81,72.77,71.79,72.56,3801500
2013/9/4,72.46,73.35,72.20,73.35,3333600
2013/9/5,73.34,74.23,73.14,74.04,2861600
2013/9/6,74.24,74.79,72.55,74.06,3584100
2013/9/9,74.11,74.55,73.78,74.25,2629600
2013/9/10,74.60,74.64,73.84,74.63,3925400
2013/9/11,74.58,75.19,74.33,75.18,3819200
2013/9/12,75.32,75.50,74.70,74.74,2823800
2013/9/13,74.92,75.25,74.12,74.48,3421000
2013/9/16,75.09,75.88,74.97,75.12,4224800
2013/9/17,75.11,75.35,73.93,74.31,5138100
2013/9/18,74.15,74.19,72.44,73.04,7725600
2013/9/19,73.09,73.12,70.62,70.84,8322900
2013/9/20,70.55,71.75,70.40,70.57,9088700
2013/9/23,70.80,71.94,70.62,71.82,4482500
2013/9/24,72.18,72.94,71.63,72.32,4855200
2013/9/25,72.30,72.66,71.86,71.98,4812900
2013/9/26,72.00,72.81,71.92,72.16,2413200
2013/9/27,71.70,72.11,71.50,71.99,3548000
2013/9/30,71.29,71.67,71.01,71.61,4183600
2013/10/1,71.74,72.94,71.65,72.58,4322300
2013/10/2,72.24,72.63,72.07,72.57,2705700
2013/10/3,72.50,72.98,72.26,72.52,5038300
2013/10/4,72.50,73.14,72.23,72.99,4297600
2013/10/7,72.59,72.70,72.16,72.17,4787000
2013/10/8,72.00,72.42,71.43,71.48,6049100
2013/10/9,71.71,71.88,71.18,71.38,4464100
2013/10/10,72.13,73.98,71.84,73.98,4894300
2013/10/11,73.93,74.27,73.50,74.27,2935800
2013/10/14,73.86,74.81,73.52,74.72,2562200
2013/10/15,74.51,74.93,73.76,73.87,2922900
2013/10/16,74.50,75.49,74.38,75.19,4368600
2013/10/17,71.77,72.88,71.05,71.37,21810200
2013/10/18,71.26,71.35,67.54,68.76,21080600
2013/10/21,68.65,68.77,67.09,68.20,11496900
2013/10/22,68.22,69.63,68.22,68.86,7647300
2013/10/23,68.51,68.61,67.65,68.01,8227700
2013/10/24,68.01,68.39,67.18,67.61,6352500
2013/10/25,67.51,68.18,67.28,67.62,6892500
2013/10/28,67.55,67.80,66.72,66.94,6989300
2013/10/29,66.88,68.15,66.85,68.08,5860000
2013/10/30,68.12,68.67,67.77,68.01,4360500
2013/10/31,68.40,68.71,67.86,68.26,4216700
2013/11/1,68.27,68.70,67.95,68.63,4459000
2013/11/4,68.78,69.26,68.36,68.95,3698700
2013/11/5,68.50,68.94,68.27,68.72,3328700
2013/11/6,68.87,71.02,68.80,70.29,5479400
2013/11/7,70.90,70.98,69.66,69.76,4497300
2013/11/8,69.70,70.53,69.64,70.50,3741900
2013/11/11,70.73,70.95,70.29,70.50,3082600
2013/11/12,70.47,70.90,69.87,69.95,3604800
2013/11/13,69.95,71.13,69.81,71.01,3879500
2013/11/14,71.34,71.60,70.94,71.44,3581200
2013/11/15,71.13,71.96,71.09,71.87,3872600
2013/11/18,71.97,72.10,71.50,71.68,3263700
2013/11/19,71.76,71.91,71.26,71.61,4260900
2013/11/20,71.88,72.86,71.66,71.98,5031300
2013/11/21,72.39,73.68,72.37,72.91,4368000
2013/11/22,72.91,73.75,72.80,73.74,3178400
2013/11/25,74.00,74.66,73.79,74.07,3773900
2013/11/26,74.21,74.99,74.05,74.52,4635400
2013/11/27,74.67,74.93,74.08,74.36,3640600
2013/11/28,74.67,74.93,74.08,74.36,3640600
2013/11/29,74.59,74.93,74.23,74.48,2025600
2013/12/2,73.64,74.45,73.64,74.16,4276000
2013/12/3,74.14,74.14,72.92,73.73,5162400
2013/12/4,73.02,74.41,72.54,73.65,5548700
2013/12/5,73.32,73.68,72.54,72.75,4104700
2013/12/6,73.23,73.72,72.84,73.50,3886000
2013/12/9,73.50,74.31,73.43,73.72,3988600
2013/12/10,73.70,74.41,73.68,74.05,3741100
2013/12/11,74.08,74.10,71.90,72.14,7304300
2013/12/12,72.19,72.57,70.91,71.01,5815300
2013/12/13,71.20,71.86,70.46,70.48,4737000
2013/12/16,70.73,71.38,70.53,71.06,4369500
2013/12/17,71.22,71.22,70.20,70.73,4280100
2013/12/18,71.03,72.47,70.70,72.38,4975700
2013/12/19,72.17,72.53,71.67,72.39,4359200
2013/12/20,72.63,73.73,72.62,73.35,7511500
2013/12/23,73.84,74.59,73.71,74.35,3263100
2013/12/24,74.20,74.42,73.92,74.13,1253500
2013/12/25,74.20,74.42,73.92,74.13,1253500
2013/12/26,74.44,74.97,74.28,74.85,2121000
2013/12/27,75.00,75.32,74.58,74.69,2859900
2013/12/30,74.85,75.04,74.31,74.78,1983800
2013/12/31,75.00,75.54,74.63,75.30,2280000
2014/1/1,75.00,75.54,74.63,75.30,2280000
2014/1/2,74.91,75.29,74.51,74.57,3067000
2014/1/3,74.80,75.76,74.60,75.10,3206400
2014/1/6,75.42,75.42,74.12,74.24,3424500
2014/1/7,74.94,77.33,74.94,76.51,6542500
2014/1/8,76.33,76.46,75.48,75.62,6172200
2014/1/9,75.65,76.24,75.65,76.08,6291500
2014/1/10,76.20,76.30,74.55,74.70,6632200
2014/1/13,74.67,75.00,73.68,73.94,5248700
2014/1/14,74.05,74.34,73.69,74.02,5783900
2014/1/15,73.99,74.86,73.99,74.84,7043300
2014/1/16,74.13,74.84,72.15,72.76,8892800
2014/1/17,73.12,73.12,72.30,72.52,5551300
2014/1/20,73.12,73.12,72.30,72.52,5551300
2014/1/21,72.72,73.62,72.41,73.16,6379300
2014/1/22,73.83,73.93,73.24,73.40,4864700
2014/1/23,72.70,73.69,72.49,73.20,5050300
2014/1/24,72.83,72.92,71.38,71.60,5523600
2014/1/27,71.31,72.20,71.14,71.65,4233600
2014/1/28,71.65,72.36,71.47,71.71,2932700
2014/1/29,71.39,72.96,70.84,71.26,6005100
2014/1/30,71.70,73.04,71.53,72.80,4254000
2014/1/31,71.87,72.35,71.45,72.28,4291500
2014/2/3,72.14,72.21,70.64,70.74,4526100
2014/2/4,70.80,71.00,69.80,70.51,4646100
2014/2/5,69.94,71.20,69.83,70.82,4394300
2014/2/6,70.77,71.06,70.09,70.87,4765600
2014/2/7,70.50,71.65,70.11,71.36,6902900
2014/2/10,70.91,71.07,69.57,69.74,7774000
2014/2/11,69.76,70.87,69.58,70.62,5543000
2014/2/12,70.91,71.30,69.98,70.24,4120600
2014/2/13,70.13,71.48,69.93,71.21,3788000
2014/2/14,71.16,73.84,71.00,73.52,6848800
2014/2/17,71.16,73.84,71.00,73.52,6848800
2014/2/18,73.52,74.62,73.45,73.83,5538400
2014/2/19,73.55,74.31,73.42,73.55,3926500
2014/2/20,73.60,74.11,73.23,73.48,4134000
2014/2/21,73.43,74.10,73.34,73.81,4552300
2014/2/24,74.14,76.77,74.00,76.01,9559000
2014/2/25,75.98,76.14,75.13,75.32,3761800
2014/2/26,75.33,76.13,74.78,76.06,5433200
2014/2/27,75.78,76.41,75.60,76.02,4227300
2014/2/28,76.04,77.71,75.80,77.27,6176600
2014/3/3,76.70,77.46,76.53,77.10,3673400
2014/3/4,77.74,78.57,77.54,78.13,5164500
2014/3/5,78.26,78.50,77.58,77.99,3917600
2014/3/6,78.15,78.34,77.55,77.64,4200500
2014/3/7,78.01,78.07,77.04,77.40,3434700
2014/3/10,77.28,77.90,77.11,77.88,2986400
2014/3/11,77.91,78.45,77.52,77.78,3471200
2014/3/12,77.28,77.70,77.23,77.60,2875400
2014/3/13,77.76,78.10,76.96,77.01,3178600
2014/3/14,77.02,77.02,75.65,75.70,5128700
2014/3/17,76.14,77.02,76.09,76.76,3517900
2014/3/18,76.97,78.05,76.77,78.00,3670800
2014/3/19,78.07,80.30,77.94,79.96,9060100
2014/3/20,79.58,81.59,79.43,81.53,7786500
2014/3/21,82.19,83.32,81.30,81.34,11828100
2014/3/24,81.65,81.72,80.86,81.28,5306200
2014/3/25,81.59,82.15,80.98,81.10,4588800
2014/3/26,81.48,82.30,81.07,81.54,6910000
2014/3/27,81.58,81.90,80.78,81.02,5453900
2014/3/28,81.40,82.35,81.26,81.62,4787400
2014/3/31,82.08,82.27,81.41,81.99,3513700
2014/4/1,82.35,83.05,81.58,81.84,4339800
2014/4/2,81.54,81.74,81.27,81.61,3832100
2014/4/3,81.65,82.35,81.60,82.25,4214700
2014/4/4,82.69,82.93,81.37,81.53,4788100
2014/4/7,81.50,81.98,80.75,81.08,5286700
2014/4/8,81.07,81.55,80.11,80.66,4044900
2014/4/9,80.80,81.56,80.50,81.39,3308900
2014/4/10,81.42,81.99,79.78,79.99,4850000
2014/4/11,79.77,79.97,78.82,78.95,3418700
2014/4/14,79.44,79.68,78.38,79.18,4013700
2014/4/15,79.36,79.72,78.06,79.51,4719100
2014/4/16,79.49,79.54,77.47,78.19,8098100
2014/4/17,75.44,76.65,73.61,75.78,13422900
2014/4/18,75.44,76.65,73.61,75.78,13422900
2014/4/21,75.70,76.48,74.79,74.95,6912500
2014/4/22,75.19,76.19,74.95,75.76,6199400
2014/4/23,75.81,76.07,75.11,75.33,4645700
2014/4/24,76.15,77.08,75.91,76.59,4604900
2014/4/25,76.57,77.29,75.23,75.66,5416200
2014/4/28,76.35,76.58,75.42,75.74,5346800
2014/4/29,75.95,76.21,74.89,75.20,4813200
2014/4/30,75.25,76.19,74.92,75.04,6435900
2014/5/1,75.05,75.40,74.26,74.95,4598000
2014/5/2,74.68,75.33,74.51,75.03,3794700
2014/5/5,74.83,75.31,74.30,75.23,4476100
2014/5/6,75.13,75.60,74.89,75.26,4728200
2014/5/7,75.59,77.95,75.08,77.91,6383500
2014/5/8,77.82,78.06,76.74,76.89,4943100
2014/5/9,76.82,77.30,76.62,76.95,3465600
2014/5/12,77.20,78.02,77.10,77.74,3110900
2014/5/13,77.86,78.22,77.53,78.04,3059000
2014/5/14,78.05,78.05,76.94,77.17,2635300
2014/5/15,77.16,77.32,76.23,76.48,3075200
2014/5/16,76.35,76.67,76.01,76.65,2974600
2014/5/19,76.42,77.23,76.36,77.20,2149100
2014/5/20,77.19,77.40,76.36,76.66,2806500
2014/5/21,76.71,77.88,76.63,77.72,2401200
2014/5/22,77.71,78.63,77.63,78.34,3146900
2014/5/23,78.65,79.00,78.36,78.77,2251500
2014/5/26,78.65,79.00,78.36,78.77,2251500
2014/5/27,79.23,79.33,78.66,79.11,2645500
2014/5/28,78.97,79.21,78.30,78.58,2250900
2014/5/29,78.60,79.43,78.08,79.37,3526800
2014/5/30,79.24,79.74,78.88,79.63,5139900
2014/6/2,79.77,79.93,79.32,79.47,1986400
2014/6/3,79.31,80.18,79.28,79.88,2841100
2014/6/4,79.73,80.57,79.48,80.51,3552900
2014/6/5,80.48,80.75,79.68,79.80,3453700
2014/6/6,79.99,80.32,79.57,79.93,3286600
2014/6/9,80.05,80.25,79.26,79.76,2801700
2014/6/10,79.60,80.00,79.47,79.81,2459200
2014/6/11,79.76,80.34,79.42,80.17,2733500
2014/6/12,79.78,80.00,79.10,79.44,2560000
2014/6/13,79.34,79.37,78.60,79.18,2265200
2014/6/16,79.18,79.21,77.81,78.00,4542900
2014/6/17,77.90,78.25,77.53,78.17,3430900
2014/6/18,78.17,79.37,77.78,79.21,4823000
2014/6/19,79.35,80.79,79.26,80.51,4538600
2014/6/20,80.83,81.49,80.46,81.41,7366500
2014/6/23,81.39,81.65,80.98,81.49,3066900
2014/6/24,81.43,82.39,81.42,81.74,4685500
2014/6/25,81.35,82.38,80.81,82.34,3629200
2014/6/26,82.48,82.48,81.66,82.29,2915900
2014/6/27,81.69,82.11,81.31,82.00,4755600
2014/6/30,82.28,82.54,81.60,81.75,3916100
2014/7/1,81.74,82.35,81.65,81.89,5482400
2014/7/2,81.80,82.52,81.07,82.49,3693500
2014/7/3,82.59,83.44,82.32,83.35,2183400
2014/7/4,82.59,83.44,82.32,83.35,2183400
2014/7/7,82.99,83.10,81.79,82.22,2558500
2014/7/8,82.02,82.07,81.38,81.93,2967300
2014/7/9,81.98,82.75,81.89,82.74,3079500
2014/7/10,81.28,82.51,81.05,82.08,3829400
2014/7/11,81.92,83.13,81.73,82.87,2758400
2014/7/14,83.33,84.69,83.21,84.27,3794500
2014/7/15,84.04,84.74,83.73,83.90,4356300
2014/7/16,84.07,84.13,83.22,83.76,3955200
2014/7/17,84.25,87.24,83.43,85.11,7117900
2014/7/18,85.47,85.78,84.43,85.52,3892100
2014/7/21,85.22,85.29,84.03,85.06,4025100
2014/7/22,85.52,86.76,85.47,86.05,4366900
2014/7/23,86.31,86.55,85.77,85.94,2596300
2014/7/24,85.45,86.33,85.29,85.68,4022400
2014/7/25,84.12,85.01,84.00,84.68,3362600
2014/7/28,85.03,85.90,84.60,85.75,2206900
2014/7/29,84.96,85.56,83.99,84.27,4897800
2014/7/30,84.76,84.87,81.72,82.95,7171800
2014/7/31,81.77,82.18,80.55,81.05,5345400
2014/8/1,81.14,82.07,80.56,81.49,4625100
2014/8/4,81.59,82.53,81.16,82.27,3197700
2014/8/5,81.83,82.53,80.57,80.99,4599500
2014/8/6,80.95,82.12,80.74,81.50,3311300
2014/8/7,81.00,81.09,79.16,79.26,5465400
2014/8/8,79.41,80.19,78.74,80.12,3713400
2014/8/11,80.39,80.65,79.76,79.87,3460000
2014/8/12,79.61,80.39,79.53,80.22,3206200
2014/8/13,80.62,81.67,80.39,81.51,3049900
2014/8/14,81.71,82.07,80.16,81.82,2241100
2014/8/15,82.21,82.28,80.81,81.47,2442700
2014/8/18,81.77,82.48,81.35,82.34,2795800
2014/8/19,82.49,83.76,82.05,83.47,3549300
2014/8/20,82.94,83.75,82.36,83.43,2579600
2014/8/21,83.61,84.10,83.59,83.77,2648500
2014/8/22,83.60,84.00,83.46,83.78,2089300
2014/8/25,84.39,84.75,83.95,84.24,1988100
2014/8/26,84.45,85.34,84.15,85.12,2267800
2014/8/27,85.18,86.97,84.96,86.38,5800700
2014/8/28,86.00,87.00,85.52,86.34,2749700
2014/8/29,86.75,87.23,86.35,86.68,3297500
2014/9/1,86.75,87.23,86.35,86.68,3297500
2014/9/2,87.12,87.22,85.76,86.39,3726100
2014/9/3,86.78,87.35,86.42,86.79,2824400
2014/9/4,86.76,88.45,86.71,87.06,3650100
2014/9/5,86.95,87.80,86.74,87.75,3873500
2014/9/8,87.70,88.00,87.42,87.91,2298000
2014/9/9,88.00,88.85,87.49,88.56,4409400
2014/9/10,88.44,88.50,86.69,87.25,3355800
2014/9/11,86.76,87.12,86.20,87.08,3034500
2014/9/12,87.24,87.24,85.86,86.18,2582400
2014/9/15,86.30,86.82,85.83,86.03,2441800
2014/9/16,86.00,87.37,85.85,87.16,2973700
2014/9/17,86.95,87.56,86.47,86.99,3302700
2014/9/18,87.42,87.97,87.19,87.63,2584000
2014/9/19,88.51,88.72,87.64,87.80,6486300
2014/9/22,87.80,88.44,87.48,87.77,2335400
2014/9/23,87.32,87.69,86.38,86.59,2640200
2014/9/24,86.62,88.46,86.60,88.21,2661500
2014/9/25,87.79,88.00,86.03,86.18,3657100
2014/9/26,86.25,86.97,85.91,86.60,2260500
2014/9/29,85.58,86.95,85.58,86.51,3114800
2014/9/30,86.68,87.08,86.12,86.25,2843200
2014/10/1,86.00,86.26,84.61,84.88,4140200
2014/10/2,84.85,85.27,83.73,84.90,3047000
2014/10/3,85.37,86.28,85.07,86.02,3108100
2014/10/6,86.65,86.95,84.95,85.09,2596100
2014/10/7,84.90,85.13,83.93,84.19,3412900
2014/10/8,84.29,86.84,83.99,86.62,4787400
2014/10/9,86.35,86.55,84.63,84.94,4432800
2014/10/10,85.09,86.82,85.05,85.39,4036800
2014/10/13,85.22,85.95,83.76,83.95,3672600
2014/10/14,84.34,84.57,82.55,82.82,5929500
2014/10/15,82.17,82.98,80.72,82.16,8308900
2014/10/16,84.76,86.70,84.10,85.39,10233000
2014/10/17,86.85,88.81,86.75,88.18,8532800
2014/10/20,88.24,88.84,88.00,88.54,4890900
2014/10/21,89.16,91.08,88.85,90.95,5882100
2014/10/22,91.44,91.44,89.71,89.77,4290300
2014/10/23,90.94,91.28,90.42,90.66,3159200
2014/10/24,90.66,91.70,90.59,91.64,2977300
2014/10/27,91.43,92.28,91.38,92.13,3948900
2014/10/28,91.05,92.78,90.36,92.64,4741300
2014/10/29,92.90,93.68,92.69,92.96,4330400
2014/10/30,92.56,94.15,92.50,93.88,2836400
2014/10/31,95.00,95.67,94.31,95.01,5031500
2014/11/3,95.45,95.67,94.50,94.86,4001200
2014/11/4,94.99,95.60,94.24,94.98,4437300
2014/11/5,95.57,96.01,95.02,95.80,3454700
2014/11/6,96.04,96.64,95.90,96.21,3743200
2014/11/7,95.50,95.72,93.01,93.61,6155400
2014/11/10,93.68,95.00,93.50,94.75,4087700
2014/11/11,95.05,95.75,94.72,95.69,2291400
2014/11/12,95.23,95.97,94.52,95.68,2897700
2014/11/13,95.64,96.74,95.40,95.90,2767700
2014/11/14,96.02,96.12,94.87,95.11,2709600
2014/11/17,95.20,96.69,94.84,96.47,3297600
2014/11/18,96.99,98.61,96.85,98.19,4320800
2014/11/19,97.73,98.41,96.79,96.86,3433800
2014/11/20,96.46,96.85,96.17,96.85,3316700
2014/11/21,97.40,98.04,96.59,96.71,4408600
2014/11/24,97.27,97.29,96.51,96.90,3998800
2014/11/25,97.00,98.14,96.91,97.90,4066300
2014/11/26,97.99,98.74,97.82,98.11,2765900
2014/11/27,97.99,98.74,97.82,98.11,2765900
2014/11/28,98.70,99.42,98.43,98.63,2177500
2014/12/1,98.75,99.83,98.01,99.06,4892800
2014/12/2,99.00,100.00,98.20,99.83,5297200
2014/12/3,99.88,101.33,99.70,100.80,6689000
2014/12/4,100.84,100.93,99.42,99.67,4065200
2014/12/5,99.81,100.71,99.68,100.33,3104900
2014/12/8,100.32,100.90,99.64,99.92,3085800
2014/12/9,99.04,101.09,98.75,101.02,3792200
2014/12/10,100.77,101.02,99.01,99.09,3908700
2014/12/11,99.39,100.67,99.24,99.73,2940600
2014/12/12,99.58,100.41,98.69,98.76,3086500
2014/12/15,98.80,99.75,97.41,98.27,3649300
2014/12/16,97.65,98.78,95.75,95.85,4843800
2014/12/17,96.55,99.75,96.17,99.14,6235000
2014/12/18,100.28,102.26,99.91,102.24,4681000
2014/12/19,102.00,104.00,102.00,102.49,7986500
2014/12/22,102.58,103.24,102.47,103.04,2398100
2014/12/23,103.72,103.93,102.44,102.85,3028600
2014/12/24,103.00,103.32,102.54,102.68,950700
2014/12/25,103.00,103.32,102.54,102.68,950700
2014/12/26,102.59,103.00,102.16,102.55,2019900
2014/12/29,102.38,103.01,101.83,102.33,1708100
2014/12/30,102.25,103.06,102.25,102.85,1767600
2014/12/31,103.12,103.68,101.03,101.09,2313900
2015/1/1,103.12,103.68,101.03,101.09,2313900
2015/1/2,101.50,102.62,100.01,100.78,3060900
2015/1/5,100.30,100.45,98.75,99.12,4679000
2015/1/6,99.83,100.14,98.46,98.92,3468300
2015/1/7,98.96,100.30,98.92,99.93,3225800
2015/1/8,101.57,104.98,100.72,104.70,5346100
2015/1/9,104.42,104.63,102.90,103.72,3397600
2015/1/12,103.83,104.00,101.91,102.55,3051500
2015/1/13,103.94,105.60,101.84,103.07,3856500
2015/1/14,101.61,103.48,101.18,103.33,4725600
2015/1/15,103.56,104.59,103.13,104.46,5888900
2015/1/16,104.50,106.00,103.65,105.77,6045500
2015/1/19,104.50,106.00,103.65,105.77,6045500
2015/1/20,106.20,106.38,104.50,105.62,6526800
2015/1/21,106.52,109.45,105.62,109.32,8293700
2015/1/22,109.75,114.12,109.33,113.85,8055200
2015/1/23,113.64,114.32,112.00,112.00,5256000
2015/1/26,112.00,112.00,110.76,111.61,4203400
2015/1/27,110.95,111.25,109.92,110.01,4718300
2015/1/28,110.57,110.88,108.45,108.46,6633500
2015/1/29,108.15,109.58,106.74,109.39,4912300
2015/1/30,108.62,109.39,106.14,106.25,5397500
2015/2/2,106.73,107.34,105.07,107.29,4657100
2015/2/3,107.35,108.00,106.52,107.81,4192600
2015/2/4,106.83,108.74,106.75,107.92,4768900
2015/2/5,108.32,109.81,108.32,108.82,3297700
2015/2/6,108.59,109.40,107.19,107.60,3661400
2015/2/9,106.93,107.24,106.28,106.49,3909700
2015/2/10,107.26,109.46,107.13,108.97,5437400
2015/2/11,108.73,110.06,108.38,109.85,3798500
2015/2/12,110.70,110.78,108.83,109.84,3378000
2015/2/13,109.69,109.84,108.68,109.44,3727600
2015/2/16,109.69,109.84,108.68,109.44,3727600
2015/2/17,109.34,109.76,108.52,109.76,3430600
2015/2/18,109.76,110.22,108.95,109.77,2958700
2015/2/19,109.54,110.36,109.44,110.03,2674800
2015/2/20,109.96,112.82,109.44,112.62,4647100
2015/2/23,112.99,116.49,112.85,116.40,7060000
2015/2/24,116.26,116.58,115.32,115.43,3582800
2015/2/25,115.82,115.82,113.72,114.05,3845900
2015/2/26,114.41,114.62,113.37,113.66,3126800
2015/2/27,113.77,114.25,113.41,113.63,4016400
2015/3/2,113.63,114.85,113.63,114.40,2952200
2015/3/3,113.95,114.49,112.36,112.86,3163700
2015/3/4,112.25,113.97,111.65,113.82,3180900
2015/3/5,114.07,115.72,114.07,114.79,2941400
2015/3/6,115.16,115.16,112.61,112.88,3196900
2015/3/9,112.97,114.96,112.87,114.90,3942000
2015/3/10,114.26,114.41,112.46,112.46,3957900
2015/3/11,112.90,113.59,112.64,112.72,2593700
2015/3/12,113.32,115.05,113.15,114.88,3258600
2015/3/13,114.44,115.39,113.53,115.25,3066800
2015/3/16,116.00,118.69,115.82,118.52,4692200
2015/3/17,118.08,118.13,116.92,117.60,3303500
2015/3/18,117.43,120.52,116.73,119.96,5533500
2015/3/19,120.00,121.10,119.82,120.76,4032500
2015/3/20,121.35,121.53,119.00,119.14,7195700
2015/3/23,119.48,120.48,118.59,119.04,4576500
2015/3/24,118.90,119.64,118.08,118.12,3054700
2015/3/25,118.85,119.75,116.51,116.54,3385500
2015/3/26,116.07,117.21,114.60,116.25,2856400
2015/3/27,116.06,118.22,116.02,118.01,2608500
2015/3/30,122.32,123.76,120.53,121.00,5178500
2015/3/31,120.80,120.93,118.22,118.29,4573100
2015/4/1,119.52,119.52,116.54,117.45,4826200
2015/4/2,117.60,118.38,116.87,117.36,2497100
2015/4/3,117.60,118.38,116.87,117.36,2497100
2015/4/6,116.02,118.52,115.95,117.70,2544700
2015/4/7,119.45,119.83,117.27,117.35,2528500
2015/4/8,117.78,118.83,117.47,118.19,2627000
2015/4/9,117.83,118.76,117.60,118.55,2247200
2015/4/10,118.55,119.10,117.97,119.00,2232600
2015/4/13,121.00,121.31,119.13,119.37,3961000
2015/4/14,119.34,120.18,118.52,119.92,3208800
2015/4/15,120.38,120.74,116.55,117.32,7344000
2015/4/16,121.93,122.32,120.52,121.60,7068000
2015/4/17,121.00,121.05,117.74,118.71,4390000
2015/4/20,119.85,120.33,118.07,118.58,4650700
2015/4/21,119.00,119.63,118.76,119.28,3379800
2015/4/22,119.54,119.94,117.17,117.81,3846700
2015/4/23,117.48,118.58,116.96,118.26,3244300
2015/4/24,118.28,119.09,118.02,118.69,3139200
2015/4/27,119.18,119.41,116.07,116.24,5174300
2015/4/28,116.89,117.74,114.28,117.59,4144800
2015/4/29,116.22,117.32,112.04,113.61,7122600
2015/4/30,113.53,114.33,111.12,111.40,6705600
2015/5/1,112.29,113.66,111.74,113.20,5805100
2015/5/4,113.70,114.93,113.45,114.56,3531500
2015/5/5,113.94,114.28,113.01,113.37,3960400
2015/5/6,114.00,114.49,112.66,113.49,3369800
2015/5/7,113.15,115.14,113.11,114.76,3300200
2015/5/8,115.93,116.59,115.05,115.68,3066000
2015/5/11,115.61,115.79,114.72,114.77,3376400
2015/5/12,114.23,115.08,113.83,114.64,3844600
2015/5/13,114.62,116.30,114.62,115.86,3667700
2015/5/14,117.18,118.62,116.21,118.53,4771400
2015/5/15,118.78,119.35,118.31,119.33,3083800
2015/5/18,119.22,119.98,118.84,119.80,2824700
2015/5/19,119.82,121.13,119.69,120.55,3554900
2015/5/20,120.73,121.85,120.03,121.24,3379200
2015/5/21,120.76,120.84,120.05,120.46,2983500
2015/5/22,120.30,120.78,119.14,119.59,2945900
2015/5/25,120.30,120.78,119.14,119.59,2945900
2015/5/26,119.22,119.59,117.70,118.24,3014500
2015/5/27,118.88,119.85,118.27,119.45,2887700
2015/5/28,119.31,119.82,118.29,119.62,2873600
2015/5/29,120.06,121.62,117.74,120.21,6019900
2015/6/1,120.54,120.56,118.75,119.86,3876400
2015/6/2,119.49,119.68,117.41,117.75,4219500
2015/6/3,118.00,118.99,117.45,118.35,3438100
2015/6/4,117.92,117.97,116.03,116.65,3300300
2015/6/5,116.33,116.75,115.36,116.53,2724500
2015/6/8,116.38,117.67,116.32,116.91,3271300
2015/6/9,116.93,117.38,115.79,116.99,3047300
2015/6/10,117.03,118.88,116.73,118.55,4006400
2015/6/11,118.41,119.94,118.22,119.32,3815600
2015/6/12,118.84,119.00,117.50,117.65,3076600
2015/6/15,116.83,120.88,116.00,118.98,6809500
2015/6/16,119.14,122.18,119.00,121.55,7229400
2015/6/17,121.90,122.20,119.17,119.74,4805900
2015/6/18,120.39,121.38,119.92,120.89,3478300
2015/6/19,120.65,120.88,119.90,120.33,4178700
2015/6/22,121.63,122.23,119.94,120.25,4435600
2015/6/23,121.37,122.77,121.01,122.74,4991000
2015/6/24,122.80,123.00,119.10,119.17,4650500
2015/6/25,119.57,123.41,119.50,122.33,6149500
2015/6/26,123.79,124.11,122.73,123.25,16358200
2015/6/29,122.04,123.03,121.11,121.19,3604000
2015/6/30,122.42,122.94,121.00,122.00,4982600
2015/7/1,122.95,123.65,122.22,123.38,3269300
2015/7/2,123.82,123.88,121.02,121.81,3682300
2015/7/3,123.82,123.88,121.02,121.81,3682300
2015/7/6,119.60,123.10,119.26,122.16,6522800
2015/7/7,122.36,122.80,117.81,120.70,6476200
2015/7/8,119.05,119.99,118.40,118.78,4009800
2015/7/9,120.04,120.56,119.31,119.34,3315600
2015/7/10,120.99,122.75,120.70,122.15,4033500
2015/7/13,123.10,123.75,121.81,122.45,3766900
2015/7/14,122.18,125.20,122.00,125.00,4192400
2015/7/15,124.95,126.05,123.81,125.86,5067300
2015/7/16,125.42,125.50,122.10,124.93,7216600
2015/7/17,124.70,124.98,123.70,123.85,3702700
2015/7/20,124.05,124.23,122.33,122.65,3199700
2015/7/21,122.57,122.72,120.34,120.86,4239100
2015/7/22,120.97,121.24,120.08,120.61,3384700
2015/7/23,121.63,121.68,118.76,119.33,4896100
2015/7/24,119.12,119.72,117.58,117.94,3840600
2015/7/27,117.88,118.09,116.66,117.88,3752300
2015/7/28,118.74,121.57,118.50,121.52,5216900
2015/7/29,121.82,122.11,120.62,121.52,3924400
2015/7/30,121.14,121.92,119.55,120.56,3732400
2015/7/31,120.47,122.72,120.47,121.40,3593000
2015/8/3,121.61,122.17,120.14,120.89,2541300
2015/8/4,121.58,121.63,120.23,120.84,2058200
2015/8/5,121.76,124.24,121.76,123.92,3831900
2015/8/6,124.37,124.64,121.80,122.04,3014900
2015/8/7,121.71,121.86,120.26,121.82,2276300
2015/8/10,122.50,123.34,121.94,122.48,2480000
2015/8/11,121.27,123.02,121.27,122.26,2756000
2015/8/12,121.26,121.78,119.05,121.20,3005300
2015/8/13,121.33,121.99,120.29,120.52,3253400
2015/8/14,120.57,121.18,120.26,121.02,2040500
2015/8/17,120.40,123.95,120.30,123.82,2951800
2015/8/18,123.88,126.21,123.82,125.50,4140200
2015/8/19,124.71,124.99,122.85,123.22,3411500
2015/8/20,122.24,122.42,119.79,119.79,3201600
2015/8/21,118.25,118.80,116.01,116.28,5627800
2015/8/24,110.86,112.43,95.00,110.43,8824900
2015/8/25,113.00,114.59,109.80,109.98,8109900
2015/8/26,112.56,113.83,110.28,113.46,7503200
2015/8/27,115.25,117.83,114.96,117.77,5783700
2015/8/28,117.39,117.84,116.00,117.28,3333100
2015/8/31,117.21,118.78,115.16,115.70,4087000
2015/9/1,113.36,114.22,112.07,112.63,4658100
2015/9/2,113.83,114.60,112.53,114.23,4522100
2015/9/3,114.74,115.92,113.46,113.99,3137100
2015/9/4,112.50,113.07,111.26,112.36,3394900
2015/9/7,112.50,113.07,111.26,112.36,3394900
2015/9/8,114.13,116.21,113.67,116.09,3990600
2015/9/9,117.29,117.72,114.83,115.08,3753500
2015/9/10,114.85,117.94,114.73,116.77,5525700
2015/9/11,116.17,118.87,115.86,118.70,3752500
2015/9/14,119.03,119.50,117.15,117.80,2686500
2015/9/15,118.61,120.61,117.43,120.03,3072100
2015/9/16,120.27,121.36,119.55,121.15,3475700
2015/9/17,121.50,125.12,120.90,123.26,5466500
2015/9/18,122.21,123.77,121.82,122.47,7458400
2015/9/21,123.49,124.27,121.39,123.94,3476700
2015/9/22,121.44,123.79,121.44,122.93,4566800
2015/9/23,123.00,124.21,122.04,123.28,3131300
2015/9/24,122.35,122.63,119.27,121.09,4735800
2015/9/25,122.18,122.41,115.23,116.37,8060200
2015/9/28,115.55,115.82,111.01,112.70,5727000
2015/9/29,112.89,114.86,111.61,114.22,5142700
2015/9/30,115.39,116.92,114.88,116.01,4638600
2015/10/1,115.94,116.71,114.91,116.61,3768300
2015/10/2,115.14,118.85,114.82,118.83,3521600
2015/10/5,119.67,120.34,118.13,119.65,3491200
2015/10/6,119.46,119.60,114.67,116.05,4652000
2015/10/7,116.46,116.81,114.60,116.43,4282000
2015/10/8,116.43,116.94,114.90,116.08,3646500
2015/10/9,115.99,119.47,115.96,119.27,4485100
2015/10/12,119.01,123.07,118.56,122.51,5840000
2015/10/13,123.16,125.99,121.59,123.99,6655700
2015/10/14,123.85,125.00,120.84,122.07,5592200
2015/10/15,119.00,120.50,115.96,120.17,8012400
2015/10/16,120.85,120.85,118.58,119.98,4416500
2015/10/19,119.78,120.91,119.20,120.73,3707500
2015/10/20,120.64,121.57,119.69,120.42,3278400
2015/10/21,120.69,120.80,115.27,118.11,5305600
2015/10/22,118.21,119.03,110.07,113.81,10475000
2015/10/23,114.45,116.62,114.04,115.92,5497500
2015/10/26,115.92,117.00,115.00,116.53,3377100
2015/10/27,116.39,119.52,115.90,119.37,4008400
2015/10/28,119.76,120.14,115.91,119.78,4405500
2015/10/29,119.79,121.67,119.50,119.71,3257500
2015/10/30,119.93,120.37,117.78,117.78,4237800
2015/11/2,118.64,119.95,117.84,118.69,3874200
2015/11/3,118.17,118.46,116.25,117.66,2758200
2015/11/4,117.60,117.75,114.06,114.64,5396100
2015/11/5,114.98,116.77,113.63,116.23,4009100
2015/11/6,115.23,115.80,114.01,114.81,4106900
2015/11/9,114.13,114.64,113.01,114.26,2755100
2015/11/10,114.27,116.20,114.03,115.89,2842600
2015/11/11,116.35,116.86,114.35,114.54,2374200
2015/11/12,113.76,114.74,112.53,112.82,3341300
2015/11/13,112.49,113.02,111.18,111.41,3767300
2015/11/16,110.90,114.14,110.79,113.82,2450000
2015/11/17,113.73,115.44,113.17,114.39,1981400
2015/11/18,114.25,117.53,113.75,117.25,3319900
2015/11/19,109.79,113.71,109.61,110.63,15731900
2015/11/20,110.89,114.44,110.60,112.97,7059400
2015/11/23,112.97,114.49,112.10,112.16,3780400
2015/11/24,111.38,113.45,111.06,113.19,3244800
2015/11/25,113.47,115.05,113.00,114.41,2959200
2015/11/26,113.47,115.05,113.00,114.41,2959200
2015/11/27,114.49,115.90,114.08,114.34,1740400
2015/11/30,114.56,114.82,112.62,112.71,4605200
2015/12/1,113.53,116.37,113.05,116.26,5467000
2015/12/2,116.24,119.38,116.11,117.64,6071100
2015/12/3,117.80,118.28,114.43,115.00,4286600
2015/12/4,115.59,118.25,115.24,117.74,3588200
2015/12/7,117.89,117.89,115.20,115.91,3164300
2015/12/8,114.95,116.35,113.95,115.88,3551900
2015/12/9,115.40,116.82,114.66,115.05,3839100
2015/12/10,115.05,117.05,114.34,116.21,3202600
2015/12/11,116.21,117.34,114.62,115.98,3830800
2015/12/14,115.88,116.74,114.43,115.85,3867200
2015/12/15,116.87,118.50,116.66,117.61,3124100
2015/12/16,118.30,119.76,116.90,118.83,3516900
2015/12/17,118.83,121.09,118.64,119.22,3945800
2015/12/18,118.61,118.86,115.82,115.82,7574800
2015/12/21,116.57,117.77,116.00,117.41,3185200
2015/12/22,118.19,118.34,116.21,117.44,2821600
2015/12/23,117.90,118.83,117.55,118.69,2479600
2015/12/24,118.53,119.18,118.29,118.34,900100
2015/12/25,118.53,119.18,118.29,118.34,900100
2015/12/28,118.26,118.61,117.38,118.33,1582600
2015/12/29,118.87,120.41,118.70,119.82,2027600
2015/12/30,120.03,120.11,118.66,118.92,1747700
2015/12/31,118.64,119.37,117.36,117.64,2372500
2016/1/1,118.64,119.37,117.36,117.64,2372500
2016/1/4,116.91,116.91,114.53,116.46,4991000
2016/1/5,116.72,117.89,116.21,116.68,2816800
2016/1/6,115.78,116.65,114.50,115.49,2677300
2016/1/7,113.63,114.09,111.42,112.09,5277200
2016/1/8,112.35,113.00,109.76,110.16,4422400
2016/1/11,110.51,110.62,108.19,109.58,4525800
2016/1/12,110.36,113.13,110.05,112.26,4037800
2016/1/13,112.41,113.04,108.93,109.23,3434300
2016/1/14,108.74,111.80,107.51,110.76,4238200
2016/1/15,109.08,110.65,107.79,109.27,6357000
2016/1/18,109.08,110.65,107.79,109.27,6357000
2016/1/19,111.49,114.16,109.60,112.58,7122800
2016/1/20,112.09,115.74,110.15,114.79,8380700
2016/1/21,114.67,115.48,112.26,113.50,5413900
2016/1/22,114.67,115.15,113.89,114.33,3622200
2016/1/25,114.52,115.31,112.85,113.38,2908500
2016/1/26,112.91,114.18,111.76,113.96,4592500
2016/1/27,114.43,114.81,111.84,112.33,4720300
2016/1/28,112.29,113.25,110.61,111.38,3525600
2016/1/29,111.93,115.16,110.62,115.16,5280800
2016/2/1,114.83,116.15,114.11,115.89,4333500
2016/2/2,114.95,115.39,113.27,113.88,2997700
2016/2/3,114.37,114.37,110.30,112.75,3462300
2016/2/4,112.67,114.55,112.04,114.20,3608300
2016/2/5,114.07,114.21,110.90,111.72,3330800
2016/2/8,110.50,111.12,108.83,110.02,5050200
2016/2/9,109.37,112.28,109.14,111.16,3680200
2016/2/10,111.33,114.48,111.33,112.74,3023200
2016/2/11,111.32,111.69,110.09,110.62,3955000
2016/2/12,111.20,111.91,110.21,111.82,2552100
2016/2/15,111.20,111.91,110.21,111.82,2552100
2016/2/16,112.63,115.27,112.53,115.15,3445700
2016/2/17,115.50,118.39,115.20,118.30,4466000
2016/2/18,118.50,120.00,117.06,117.45,3847100
2016/2/19,117.50,118.55,116.02,117.68,4481400
2016/2/22,119.10,122.14,118.96,121.27,5054800
2016/2/23,120.64,121.80,120.27,121.15,2804400
2016/2/24,119.93,120.32,117.83,120.20,2559700
2016/2/25,120.20,121.23,119.82,121.20,2281700
2016/2/26,121.48,122.26,120.89,121.33,2877500
2016/2/29,121.10,121.82,118.97,119.10,4526300
2016/3/1,119.49,122.22,119.37,121.67,3295600
2016/3/2,121.23,121.84,120.37,121.27,2670900
2016/3/3,120.86,121.86,120.09,121.82,3064100
2016/3/4,121.32,122.19,120.74,121.80,2873900
2016/3/7,121.08,122.74,120.90,121.76,2315400
2016/3/8,121.28,122.32,120.73,121.66,2522000
2016/3/9,121.88,122.12,120.45,121.10,2094000
2016/3/10,121.20,122.76,120.41,122.09,2638200
2016/3/11,122.47,125.32,122.25,125.10,3766200
2016/3/14,124.80,126.02,124.36,125.22,2856400
2016/3/15,124.54,125.47,124.08,124.85,2610300
2016/3/16,124.39,125.55,124.10,124.90,2140900
2016/3/17,124.61,124.96,122.22,124.53,3911400
2016/3/18,124.86,127.08,124.53,126.72,6948400
2016/3/21,126.24,127.00,125.68,126.74,2667000
2016/3/22,126.65,128.82,126.02,128.02,3984000
2016/3/23,128.15,130.35,128.02,129.79,6166400
2016/3/24,128.97,130.32,127.17,128.59,4153900
2016/3/25,128.97,130.32,127.17,128.59,4153900
2016/3/28,128.82,129.50,128.01,128.92,1955100
2016/3/29,129.27,130.09,128.54,129.83,2463100
2016/3/30,130.09,131.10,129.39,129.68,2578500
2016/3/31,129.64,129.97,128.29,128.90,3181800
2016/4/1,128.69,130.44,128.36,129.92,3901700
2016/4/4,130.50,130.70,128.88,129.49,2812400
2016/4/5,128.95,129.46,126.90,127.04,4440000
2016/4/6,127.23,128.42,126.88,128.03,3021400
2016/4/7,127.51,128.44,126.23,126.87,3186600
2016/4/8,127.19,128.15,125.26,125.68,3642300
2016/4/11,125.83,126.94,125.83,126.33,3119200
2016/4/12,126.30,127.36,125.40,126.80,2887200
2016/4/13,127.65,128.66,127.27,127.76,2592400
2016/4/14,127.72,128.57,127.56,127.98,1674600
2016/4/15,127.89,128.06,126.22,127.33,2835200
2016/4/18,126.88,128.03,126.60,127.81,2717400
2016/4/19,130.09,131.30,129.12,130.50,4340100
2016/4/20,131.29,135.11,130.90,133.93,7321000
2016/4/21,133.56,134.00,132.43,132.96,3786000
2016/4/22,133.72,134.33,133.05,134.13,2782800
2016/4/25,133.71,134.07,132.59,133.78,2702100
2016/4/26,133.97,134.61,133.00,134.24,2638000
2016/4/27,134.34,134.58,131.90,132.80,3358800
2016/4/28,132.79,134.39,131.69,132.07,3332800
2016/4/29,131.06,131.88,128.93,131.68,4161100
2016/5/2,132.61,132.93,130.92,132.10,2887700
2016/5/3,131.37,133.23,131.13,132.46,3632300
2016/5/4,131.02,132.41,130.59,132.03,2909300
2016/5/5,132.05,133.28,131.85,132.31,2054700
2016/5/6,132.09,132.28,130.60,132.04,2618600
2016/5/9,131.75,133.59,131.57,132.67,2191800
2016/5/10,132.92,133.60,132.58,133.57,2223500
2016/5/11,133.74,134.00,130.58,130.69,3450800
2016/5/12,131.00,131.29,128.75,129.74,3210400
2016/5/13,129.10,130.03,128.55,129.00,3137300
2016/5/16,128.75,130.86,128.53,130.64,2466000
2016/5/17,130.57,131.22,128.99,129.56,2294500
2016/5/18,129.11,131.27,128.93,130.51,2246400
2016/5/19,129.69,131.12,128.76,130.00,2756000
2016/5/20,130.63,131.79,130.20,130.94,2538100
2016/5/23,130.13,131.20,130.01,130.42,3036500
2016/5/24,130.76,132.99,130.31,132.59,2702400
2016/5/25,133.21,134.30,132.78,133.42,2211300
2016/5/26,133.50,133.96,132.66,132.98,1499300
2016/5/27,132.98,134.53,132.96,134.00,1833400
2016/5/30,132.98,134.53,132.96,134.00,1833400
2016/5/31,134.60,134.75,133.48,133.67,3634100
2016/6/1,133.58,134.85,133.02,134.53,2618000
2016/6/2,134.26,136.15,134.01,136.04,4015000
2016/6/3,135.61,137.12,135.15,136.84,3625600
2016/6/6,136.92,138.39,136.51,138.15,2959900
2016/6/7,138.16,138.50,136.88,136.94,2943200
2016/6/8,137.27,140.89,137.00,140.40,6180800
2016/6/9,140.49,140.87,139.54,140.68,3682400
2016/6/10,140.25,140.39,138.64,139.24,2805800
2016/6/13,139.00,140.13,138.08,138.09,2804300
2016/6/14,137.88,138.26,137.34,137.87,2970700
2016/6/15,137.74,138.17,137.05,137.26,2369400
2016/6/16,137.21,138.89,136.38,138.66,3176100
2016/6/17,138.76,138.85,136.55,137.69,4430900
2016/6/20,139.22,139.84,138.14,138.52,3731700
2016/6/21,139.20,139.23,138.07,138.19,2021400
2016/6/22,138.45,139.54,137.63,137.90,2375200
2016/6/23,139.35,139.98,138.01,139.19,2646800
2016/6/24,135.66,138.62,135.15,137.29,4475100
2016/6/27,136.15,137.39,135.48,137.11,3996200
2016/6/28,138.21,139.09,137.65,138.71,4160200
2016/6/29,139.80,140.68,139.60,140.52,3704500
2016/6/30,140.68,141.31,140.24,141.20,4730800
2016/7/1,141.16,141.79,140.62,140.86,2882500
2016/7/4,141.16,141.79,140.62,140.86,2882500
2016/7/5,140.15,141.91,140.03,141.56,3749300
2016/7/6,140.98,142.96,140.97,142.38,4083300
2016/7/7,142.37,142.66,139.95,140.80,3515500
2016/7/8,141.70,141.78,139.55,141.27,3605500
2016/7/11,141.27,141.60,140.01,140.32,4084000
2016/7/12,140.89,140.95,139.37,139.86,4310100
2016/7/13,140.96,141.59,139.92,141.48,3164700
2016/7/14,142.39,142.85,140.47,140.84,3000700
2016/7/15,141.65,142.78,141.06,141.33,3748700
2016/7/18,141.76,141.90,139.62,140.75,4166300
2016/7/19,140.75,142.63,139.32,142.59,5326200
2016/7/20,143.47,144.48,142.81,143.02,5489800
2016/7/21,142.71,143.73,142.13,142.87,3475100
2016/7/22,143.69,144.05,142.92,143.69,2697500
2016/7/25,143.55,143.89,141.41,141.73,2725600
2016/7/26,141.94,142.19,141.02,141.70,2668100
2016/7/27,141.17,142.34,139.91,141.68,2684100
2016/7/28,141.36,143.03,141.19,142.76,2517000
2016/7/29,141.85,143.90,141.60,143.20,3269700
2016/8/1,143.42,144.16,143.04,143.51,2494900
2016/8/2,143.81,143.97,142.34,143.17,2679100
2016/8/3,143.33,143.62,142.43,142.88,1963600
2016/8/4,143.10,143.48,142.26,142.71,1890900
2016/8/5,143.33,143.54,142.40,142.99,2000100
2016/8/8,142.61,143.07,141.86,142.13,1846400
2016/8/9,142.55,143.13,141.68,141.82,2140700
2016/8/10,141.87,142.34,140.93,142.19,1866300
2016/8/11,142.24,143.06,141.44,142.63,1857500
2016/8/12,142.16,143.14,141.50,142.88,1787900
2016/8/15,142.96,143.11,141.49,141.62,2369600
2016/8/16,141.15,141.62,140.33,141.08,1688500
2016/8/17,141.29,141.91,140.66,141.71,1849100
2016/8/18,141.67,142.84,141.27,142.17,1572700
2016/8/19,141.65,142.25,141.22,142.04,1950200
2016/8/22,142.11,143.00,141.71,142.09,1587900
2016/8/23,142.73,142.87,141.75,142.01,2295500
2016/8/24,142.00,142.08,139.51,139.87,2529800
2016/8/25,139.75,139.75,137.03,137.30,3891000
2016/8/26,137.67,138.30,135.99,136.62,3082400
2016/8/29,137.20,138.04,136.48,137.27,2315900
2016/8/30,137.27,137.69,136.24,136.87,2026600
2016/8/31,136.55,136.82,135.55,136.05,2837300
2016/9/1,136.82,136.98,135.35,135.74,2765400
2016/9/2,136.50,136.78,135.76,136.61,2390500
2016/9/5,136.50,136.78,135.76,136.61,2390500
2016/9/6,136.62,136.85,135.63,135.97,2242400
2016/9/7,135.00,135.96,134.20,134.99,2816300
2016/9/8,134.47,135.62,134.41,135.44,2826700
2016/9/9,134.71,135.15,133.62,133.62,3322300
2016/9/12,132.71,135.72,132.39,135.53,3457400
2016/9/13,134.24,135.15,133.37,133.95,3331500
2016/9/14,133.87,134.69,132.98,133.69,4592400
2016/9/15,133.03,136.09,132.88,135.61,3302900
2016/9/16,135.61,138.55,135.53,138.47,7421900
2016/9/19,138.68,139.39,137.52,137.68,3239500
2016/9/20,138.13,138.53,137.06,137.47,2425700
2016/9/21,138.20,139.96,137.99,139.91,3506600
2016/9/22,140.49,141.41,140.33,141.04,3018300
2016/9/23,141.02,141.78,140.36,140.51,2802000
2016/9/26,139.95,140.17,138.90,139.72,2636500
2016/9/27,139.99,140.84,138.69,140.79,3048600
2016/9/28,141.13,141.71,139.66,140.41,1990400
2016/9/29,140.18,140.28,137.84,138.32,2201000
2016/9/30,139.18,140.48,138.42,140.00,4164100
2016/10/3,139.35,139.72,138.03,138.49,2724400
2016/10/4,138.69,139.36,137.16,138.16,2452600
2016/10/5,138.21,138.93,136.60,137.60,4625600
2016/10/6,137.31,137.49,135.66,136.47,4025300
2016/10/7,137.21,137.55,135.98,136.66,2568700
2016/10/10,136.97,138.35,136.97,138.08,2586000
2016/10/11,137.32,137.69,134.37,134.75,3353600
2016/10/12,134.98,135.72,133.64,135.10,4287900
2016/10/13,134.65,134.65,133.61,134.19,3425700
2016/10/14,134.78,135.51,133.89,133.92,3452900
2016/10/17,134.06,134.43,133.03,134.13,3602500
2016/10/18,139.20,143.95,137.87,143.39,10141900
2016/10/19,143.82,146.36,142.82,144.37,5796000
2016/10/20,144.49,145.88,143.98,145.07,5203700
2016/10/21,144.26,145.44,143.76,145.37,3331800
2016/10/24,146.00,146.22,144.02,144.69,2930200
2016/10/25,144.88,145.38,143.60,143.78,3095400
2016/10/26,143.75,143.78,141.89,142.23,3267600
2016/10/27,142.72,143.25,141.58,141.94,3358000
2016/10/28,141.66,142.35,139.44,140.35,4033600
2016/10/31,140.80,141.54,139.97,141.33,3761100
2016/11/1,141.51,141.51,138.82,139.43,3391400
2016/11/2,139.02,141.23,138.93,138.98,3149700
2016/11/3,139.18,140.34,137.65,137.83,2989700
2016/11/4,138.45,138.89,137.69,137.71,3520700
2016/11/7,139.60,142.44,139.55,141.93,3896600
2016/11/8,141.35,143.61,141.00,142.90,4389300
2016/11/9,139.54,144.19,136.22,141.90,8042400
2016/11/10,142.34,146.57,142.00,146.13,6075500
2016/11/11,146.71,147.50,146.01,146.42,4475400
2016/11/14,147.32,152.92,147.04,152.28,5740400
2016/11/15,153.51,153.96,151.51,152.23,4910700
2016/11/16,151.99,153.00,151.23,151.50,3899000
2016/11/17,151.82,151.92,150.19,150.77,4683000
2016/11/18,151.05,151.66,149.40,149.45,5664800
2016/11/21,149.72,150.66,148.56,150.41,3867800
2016/11/22,151.08,152.93,150.56,152.26,4992100
2016/11/23,152.01,153.74,150.96,153.54,2697200
2016/11/24,152.01,153.74,150.96,153.54,2697200
2016/11/25,153.93,154.50,152.61,152.81,1664500
2016/11/28,152.74,152.85,150.00,152.11,5029600
2016/11/29,156.94,158.12,155.18,157.59,5827400
2016/11/30,157.47,159.76,157.07,158.32,7142400
2016/12/1,159.12,161.72,159.12,160.94,5250200
2016/12/2,161.00,162.52,160.56,160.73,3480000
2016/12/5,160.19,160.67,156.23,157.63,5854200
2016/12/6,158.17,158.23,156.26,157.32,3216700
2016/12/7,157.89,159.98,156.35,159.40,4552300
2016/12/8,159.41,160.24,158.00,159.32,3407500
2016/12/9,159.52,160.16,157.71,160.12,4007200
2016/12/12,158.83,159.66,157.75,159.49,3471200
2016/12/13,160.40,161.71,160.07,160.54,3868900
2016/12/14,161.14,161.80,158.72,159.86,3885700
2016/12/15,159.87,161.29,159.43,160.62,4422700
2016/12/16,161.38,164.00,161.19,163.94,7605300
2016/12/19,163.09,163.94,161.22,161.54,4732600
2016/12/20,161.71,163.11,161.41,161.59,3131200
2016/12/21,161.42,162.29,159.62,161.33,2767700
2016/12/22,161.39,161.88,160.27,161.58,2741700
2016/12/23,161.56,163.04,160.55,163.03,2044400
2016/12/26,161.56,163.04,160.55,163.03,2044400
2016/12/27,163.26,163.96,162.45,162.64,1344000
2016/12/28,162.16,163.25,161.32,161.44,1669100
2016/12/29,161.92,162.36,160.39,161.04,2476300
2016/12/30,161.37,161.48,159.85,160.04,2855600
2017/1/2,161.37,161.48,159.85,160.04,2855600
2017/1/3,161.13,162.27,159.15,161.45,3539700
2017/1/4,162.35,162.58,159.74,161.91,2695200
2017/1/5,161.75,162.63,161.51,162.18,2961100
2017/1/6,161.75,162.94,161.11,162.41,3081300
2017/1/9,162.00,162.43,160.78,161.95,3040800
2017/1/10,161.27,162.98,160.50,161.58,3500700
2017/1/11,161.30,162.94,160.61,161.89,3330600
2017/1/12,161.69,162.94,160.89,162.36,2555900
2017/1/13,162.16,162.74,161.41,161.80,3183300
2017/1/16,162.16,162.74,161.41,161.80,3183300
2017/1/17,162.61,162.97,157.51,160.66,5475800
2017/1/18,161.06,161.20,156.09,157.74,6591600
2017/1/19,157.74,160.55,157.24,158.70,4976900
2017/1/20,159.02,159.80,157.81,158.66,3579100
2017/1/23,158.62,159.52,156.56,159.07,4062600
2017/1/24,159.36,161.31,159.10,160.43,3514100
2017/1/25,160.82,161.98,160.35,161.24,3605800
2017/1/26,161.86,163.58,161.25,162.75,4202400
2017/1/27,163.50,163.80,162.62,162.99,3110400
2017/1/30,162.94,163.46,161.31,162.09,2784600
2017/1/31,161.62,162.19,160.01,162.10,3037000
2017/2/1,162.75,163.90,162.03,162.71,3718500
2017/2/2,162.52,163.25,160.26,160.76,4714000
2017/2/3,161.13,162.00,160.21,161.87,2762300
2017/2/6,161.51,162.53,160.22,160.51,3479400
2017/2/7,161.05,161.68,159.54,160.53,2942700
2017/2/8,160.00,160.63,159.41,160.31,2339700
2017/2/9,160.31,161.30,159.56,160.44,3056800
2017/2/10,160.12,161.59,160.10,160.75,1905900
2017/2/13,160.69,162.02,160.69,161.99,3275800
2017/2/14,161.45,163.50,161.25,163.13,2969400
2017/2/15,162.58,164.89,162.58,164.29,4537900
2017/2/16,164.78,164.97,162.33,163.65,3191600
2017/2/17,159.00,160.16,156.49,157.62,12033600
2017/2/20,159.00,160.16,156.49,157.62,12033600
2017/2/21,157.62,160.82,157.52,160.57,5419000
2017/2/22,160.91,161.78,159.64,160.57,2725300
2017/2/23,161.33,162.60,160.69,162.60,2459600
2017/2/24,162.67,163.09,161.74,163.06,2715700
2017/2/27,163.16,165.46,162.81,165.38,4071800
2017/2/28,165.47,166.76,164.90,165.38,4382100
2017/3/1,166.72,168.60,166.35,167.94,3514200
2017/3/2,168.32,168.43,166.96,167.31,1889800
2017/3/3,167.31,168.45,166.62,168.20,2254400
2017/3/6,167.43,169.35,167.13,168.70,2576500
2017/3/7,168.45,169.36,167.93,168.30,2702300
2017/3/8,167.51,168.46,166.80,167.91,2048200
2017/3/9,168.15,169.07,167.74,168.01,3631400
2017/3/10,168.42,170.00,168.06,169.98,3716600
2017/3/13,169.99,170.93,169.55,170.21,3130200
2017/3/14,169.66,170.18,168.50,169.06,2522600
2017/3/15,169.36,171.97,169.29,171.78,2807600
2017/3/16,172.07,172.14,170.22,171.30,3138600
2017/3/17,171.09,171.54,169.59,169.70,5622900
2017/3/20,169.93,170.24,167.92,168.00,3928600
2017/3/21,168.67,168.82,167.06,167.70,4953100
2017/3/22,168.13,168.38,165.63,167.03,2999800
2017/3/23,166.23,166.93,164.77,165.29,3947400
2017/3/24,166.13,167.40,164.35,165.00,5243900
2017/3/27,163.99,165.11,163.31,164.60,4383000
2017/3/28,164.58,166.07,163.84,165.35,7327100
2017/3/29,164.66,164.97,162.74,163.44,5900400
2017/3/30,163.65,165.93,163.46,164.99,2993800
2017/3/31,164.64,165.10,163.75,164.01,3496100
2017/4/3,164.62,166.14,164.25,165.59,3473700
2017/4/4,165.87,166.45,164.79,164.97,2886000
2017/4/5,165.76,167.26,165.22,165.37,3541600
2017/4/6,165.45,166.02,164.84,165.34,2923600
2017/4/7,164.96,166.50,164.62,166.02,2927800
2017/4/10,166.19,167.00,165.28,165.48,3234900
2017/4/11,164.89,165.84,164.60,165.83,3172900
2017/4/12,166.32,166.42,164.60,165.56,2978700
2017/4/13,164.95,165.65,164.67,164.96,1979800
2017/4/14,164.95,165.65,164.67,164.96,1979800
2017/4/17,164.99,167.42,164.96,167.18,4396700
2017/4/18,170.06,170.23,167.70,168.59,5526200
2017/4/19,169.59,171.19,168.69,169.25,4703400
2017/4/20,169.52,172.19,168.37,171.54,3652100
2017/4/21,172.13,172.62,170.47,171.16,2982300
2017/4/24,172.66,173.16,171.70,172.33,2830300
2017/4/25,173.50,174.74,173.19,174.04,3394700
2017/4/26,174.09,175.65,173.98,174.38,2817500
2017/4/27,174.07,176.07,174.02,174.63,2438600
2017/4/28,174.61,175.00,173.91,174.88,2010800
2017/5/1,175.00,176.14,174.09,174.59,2709700
2017/5/2,174.91,175.37,170.27,174.14,4951000
2017/5/3,173.75,174.30,171.86,172.54,3622200
2017/5/4,173.05,174.21,172.38,174.02,2585200
2017/5/5,174.54,174.88,173.31,174.12,2189000
2017/5/8,173.93,174.56,173.57,174.44,2505900
2017/5/9,174.10,174.77,172.73,173.24,1653700
2017/5/10,173.04,173.64,172.46,173.39,1568700
2017/5/11,172.76,173.86,171.67,173.32,1901300
2017/5/12,172.64,173.39,171.52,171.81,2335400
2017/5/15,171.79,172.00,170.23,171.53,2831400
2017/5/16,170.67,171.00,167.25,168.12,4343700
2017/5/17,168.12,170.39,166.65,168.86,4442300
2017/5/18,168.25,173.98,167.87,171.45,3908000
2017/5/19,172.30,172.95,170.25,172.59,3877300
2017/5/22,172.73,174.90,172.60,174.70,3480300
2017/5/23,174.44,175.52,173.71,175.22,2471500
2017/5/24,175.45,176.10,174.52,175.59,1612300
2017/5/25,176.32,178.73,175.94,178.05,3212200
2017/5/26,177.68,178.89,177.00,177.50,1583600
2017/5/29,177.68,178.89,177.00,177.50,1583600
2017/5/30,177.54,178.08,176.24,176.59,2285700
2017/5/31,176.89,176.90,174.92,175.18,3320400
2017/6/1,175.78,179.58,175.19,179.58,2890600
2017/6/2,179.92,179.92,178.34,179.39,2610100
2017/6/5,179.53,180.32,179.16,179.37,2640600
2017/6/6,179.19,181.06,178.48,180.82,3443900
2017/6/7,182.00,183.47,179.65,183.21,3783600
2017/6/8,183.21,183.76,180.98,181.69,3079900
2017/6/9,181.84,182.40,180.86,181.46,2392200
2017/6/12,181.46,181.82,176.42,179.25,3705600
2017/6/13,179.21,181.39,179.15,181.05,2458500
2017/6/14,180.94,182.84,180.94,182.36,2039300
2017/6/15,181.75,183.50,180.09,180.38,3078700
2017/6/16,180.83,182.46,180.38,181.63,4473300
2017/6/19,182.30,183.02,180.76,183.02,3887100
2017/6/20,182.75,183.42,182.22,183.27,2742600
2017/6/21,183.49,185.11,182.71,184.92,2866300
2017/6/22,184.90,188.66,184.78,186.50,3841300
2017/6/23,186.27,186.27,184.14,185.25,3438500
2017/6/26,185.13,185.89,183.39,185.12,2327400
2017/6/27,185.72,186.80,184.22,184.60,2682800
2017/6/28,185.68,186.31,185.09,185.70,2451200
2017/6/29,185.82,186.09,184.33,185.27,2193600
2017/6/30,185.15,186.19,184.93,185.42,2392000
2017/7/3,186.29,187.53,185.74,186.65,2087000
2017/7/4,186.29,187.53,185.74,186.65,2087000
2017/7/5,186.14,188.36,185.72,188.25,2587400
2017/7/6,188.12,188.19,186.15,186.94,1844700
2017/7/7,187.35,188.43,187.01,187.96,2252500
2017/7/10,187.33,188.00,186.15,186.95,2612000
2017/7/11,187.00,187.66,185.09,185.95,2664500
2017/7/12,186.79,187.30,186.41,186.69,3342800
2017/7/13,187.00,187.28,185.32,185.48,2379300
2017/7/14,185.81,187.13,184.77,186.90,2716700
2017/7/17,187.07,187.25,185.76,186.35,2444600
2017/7/18,186.95,187.20,183.86,186.85,4235800
2017/7/19,187.51,189.41,187.51,189.19,3401600
2017/7/20,189.41,191.92,188.92,191.50,3099600
2017/7/21,191.38,193.00,190.60,191.78,4911500
2017/7/24,191.79,192.17,190.64,190.89,2356500
2017/7/25,192.13,192.48,190.30,190.40,1960100
2017/7/26,190.02,191.53,189.38,190.75,2683500
2017/7/27,190.24,190.49,188.46,188.93,2631400
2017/7/28,189.11,191.24,187.60,191.15,1925000
2017/7/31,191.59,192.61,191.14,191.81,3767100
2017/8/1,193.40,193.40,191.62,192.23,3336800
2017/8/2,192.14,193.45,192.14,193.00,2463800
2017/8/3,193.26,194.96,193.01,194.77,2886100
2017/8/4,194.95,196.04,194.60,194.88,2892300
2017/8/7,194.81,195.41,193.90,194.78,2074800
2017/8/8,194.68,194.99,194.08,194.90,1741000
2017/8/9,194.90,195.36,194.17,194.83,2125900
2017/8/10,194.26,194.39,192.40,192.57,2698600
2017/8/11,193.91,194.54,192.66,193.02,2210700
2017/8/14,194.60,194.75,192.90,193.71,2322000
2017/8/15,194.47,195.01,193.81,194.50,1595200
2017/8/16,194.81,195.27,192.83,193.77,1881600
2017/8/17,193.75,194.24,192.66,192.70,2440900
2017/8/18,192.84,193.20,190.63,190.82,2858500
2017/8/21,190.88,192.31,190.88,192.03,1930500
2017/8/22,192.15,194.96,191.56,194.79,2021900
2017/8/23,194.50,194.59,193.72,194.24,1547000
2017/8/24,194.55,195.07,194.21,194.75,1923700
2017/8/25,195.33,195.54,194.14,194.36,1375000
2017/8/28,194.59,195.81,194.36,195.09,2009900
2017/8/29,194.83,197.04,194.33,196.73,2072200
2017/8/30,196.38,196.88,195.20,195.88,1506700
2017/8/31,196.93,199.49,196.39,198.90,2990200
2017/9/1,199.79,199.99,198.36,199.75,2241800
2017/9/4,199.79,199.99,198.36,199.75,2241800
2017/9/5,199.20,200.44,198.71,199.31,2700800
2017/9/6,199.54,199.99,197.63,198.38,3040200
2017/9/7,197.77,199.48,197.07,198.17,2684600
2017/9/8,198.43,198.86,197.00,197.75,2206000
2017/9/11,199.25,200.42,198.78,199.58,3307900
2017/9/12,199.44,199.47,196.91,197.47,2554700
2017/9/13,197.80,200.76,197.78,198.33,2394400
2017/9/14,197.95,198.38,197.09,197.73,2378600
2017/9/15,198.52,199.71,197.20,198.18,4198700
2017/9/18,198.17,198.82,197.51,198.19,1915200
2017/9/19,198.44,198.60,192.39,194.65,3819000
2017/9/20,195.02,195.84,194.06,195.75,2788500
2017/9/21,195.63,196.13,194.90,195.21,1895000
2017/9/22,195.11,195.87,188.25,193.03,5660200
2017/9/25,193.27,196.31,190.92,191.75,3105900
2017/9/26,192.31,194.36,192.04,192.70,2775400
2017/9/27,193.20,195.62,191.74,194.49,3267200
2017/9/28,194.25,196.55,193.51,196.10,2088400
2017/9/29,195.82,196.09,194.48,195.85,2646300
2017/10/2,196.59,197.91,196.33,197.44,2893600
2017/10/3,197.50,199.44,197.26,198.63,2533800
2017/10/4,199.03,200.73,198.43,200.48,2286400
2017/10/5,199.93,199.93,196.56,197.90,4069000
2017/10/6,197.90,199.99,197.51,198.06,3361900
2017/10/9,198.01,198.32,195.78,196.30,3365400
2017/10/10,196.26,196.43,193.67,194.68,2499100
2017/10/11,194.63,196.07,193.59,195.26,2935600
2017/10/12,195.01,195.36,192.73,192.92,2954700
2017/10/13,189.59,192.71,186.00,192.52,5435000
2017/10/16,192.48,193.32,191.36,193.20,2927400
2017/10/17,196.80,206.62,196.37,203.89,8949700
2017/10/18,203.80,207.80,203.68,205.23,4796300
2017/10/19,205.47,205.75,202.70,203.25,3471800
2017/10/20,204.26,208.21,203.69,207.49,5138800
2017/10/23,207.58,208.45,205.80,207.01,2261400
2017/10/24,206.38,208.23,205.88,208.15,3459900
2017/10/25,208.32,209.14,207.07,207.56,2908300
2017/10/26,207.92,211.70,207.58,209.15,4346000
2017/10/27,209.15,212.77,208.55,212.60,4385300
2017/10/30,212.21,212.77,209.38,209.39,2477400
2017/10/31,209.39,210.52,207.80,210.22,3749600
2017/11/1,211.62,212.63,208.92,209.53,1902900
2017/11/2,210.11,211.49,209.01,211.10,2825900
2017/11/3,210.72,213.83,210.10,212.87,2196900
2017/11/6,211.91,213.93,211.80,212.12,2293700
2017/11/7,212.74,213.54,210.89,212.70,1845800
2017/11/8,212.08,212.93,210.70,210.77,2261100
2017/11/9,210.59,211.76,209.13,211.56,1839700
2017/11/10,211.46,211.81,210.20,211.07,1384700
2017/11/13,210.31,213.54,209.94,212.66,2662200
2017/11/14,212.21,212.70,210.92,211.71,1993900
2017/11/15,210.88,211.98,209.62,209.86,1816300
2017/11/16,210.38,212.01,209.90,211.13,1919600
2017/11/17,210.46,211.46,209.15,209.90,1887500
2017/11/20,210.00,210.68,209.58,210.25,2040400
2017/11/21,211.13,212.85,210.75,212.60,2327200
2017/11/22,212.26,212.81,210.76,211.22,2257800
2017/11/23,212.26,212.81,210.76,211.22,2257800
2017/11/24,212.00,212.93,211.00,212.51,744000
2017/11/27,212.25,214.25,211.81,212.40,2856300
2017/11/28,213.88,216.31,212.51,216.14,2905700
2017/11/29,217.70,224.27,217.36,222.88,4247200
2017/11/30,223.83,228.75,222.29,228.17,6846400
2017/12/1,228.89,229.22,221.08,226.78,3325800
2017/12/4,229.26,231.77,221.40,221.42,5591500
2017/12/5,221.00,223.72,219.16,220.09,3246300
2017/12/6,221.02,221.96,219.03,219.94,2397500
2017/12/7,220.59,220.61,218.19,220.15,2661600
2017/12/8,220.55,224.33,220.22,223.91,2233300
2017/12/11,222.51,224.82,222.04,222.77,1599500
2017/12/12,221.40,223.42,221.26,222.49,2294100
2017/12/13,221.74,224.95,221.23,224.35,3059400
2017/12/14,225.00,226.97,221.01,221.25,2811700
2017/12/15,223.75,223.75,220.63,221.82,6293400
2017/12/18,222.60,224.81,222.19,222.67,3194100
2017/12/19,222.99,223.79,220.85,222.04,2340200
2017/12/20,223.11,224.89,221.73,222.38,2633200
2017/12/21,223.12,223.94,221.37,221.69,2955300
2017/12/22,222.00,222.35,218.45,220.00,1959700
2017/12/25,222.00,222.35,218.45,220.00,1959700
2017/12/26,219.09,220.42,219.09,219.60,1482400
2017/12/27,219.98,221.44,219.25,220.42,1861900
2017/12/28,221.46,222.79,220.15,222.77,1452600
2017/12/29,223.95,223.95,220.46,220.46,2350200
2018/1/1,223.95,223.95,220.46,220.46,2350200
2018/1/2,221.02,222.45,220.00,221.16,3485000
2018/1/3,221.62,223.81,220.52,223.48,2417600
2018/1/4,224.34,226.10,224.17,224.45,2749100
2018/1/5,225.19,229.05,224.72,228.73,2432800
2018/1/8,228.13,228.71,224.61,224.76,2850800
2018/1/9,224.76,226.63,223.30,225.88,2672200
2018/1/10,224.83,225.01,223.03,224.20,2311600
2018/1/11,224.18,225.92,223.70,225.39,2543600
2018/1/12,227.45,229.90,226.52,228.64,3943800
2018/1/15,227.45,229.90,226.52,228.64,3943800
2018/1/16,233.37,235.00,231.25,232.90,6852600
2018/1/17,234.67,238.96,233.85,238.43,5124800
2018/1/18,239.26,243.90,238.55,243.16,6234200
2018/1/19,244.18,244.35,241.07,243.35,4293600
2018/1/22,243.59,243.80,241.36,243.56,4012200
2018/1/23,242.99,246.98,242.41,245.21,3300000
2018/1/24,246.01,247.31,243.71,244.85,2733300
2018/1/25,244.75,246.19,243.90,245.18,2420500
2018/1/26,245.00,248.74,244.46,248.47,2615300
2018/1/29,249.28,250.79,247.40,247.41,2564700
2018/1/30,232.88,242.74,232.10,236.65,11565500
2018/1/31,242.84,247.00,235.76,236.78,5187400
2018/2/1,235.26,237.82,233.83,235.22,4268300
2018/2/2,233.00,236.30,231.19,231.88,3959900
2018/2/5,230.79,233.11,208.48,220.02,6290000
2018/2/6,212.20,226.51,210.21,225.18,7064800
2018/2/7,222.33,229.29,221.51,225.82,5589200
2018/2/8,225.33,226.63,216.26,216.46,4902400
2018/2/9,218.00,223.28,212.01,220.96,6225300
2018/2/12,222.44,228.00,222.15,225.69,4912000
2018/2/13,223.15,227.12,222.39,226.64,3536800
2018/2/14,224.95,229.34,223.92,228.78,2878400
2018/2/15,229.27,230.00,221.74,226.02,4662700
2018/2/16,225.99,230.55,225.70,229.37,3621700
2018/2/19,225.99,230.55,225.70,229.37,3621700
2018/2/20,227.91,228.75,225.61,226.66,3172300
2018/2/21,226.15,229.35,225.11,225.13,3371900
2018/2/22,226.30,229.84,225.08,227.09,2767900
2018/2/23,227.90,230.32,225.91,230.16,2393900
2018/2/26,231.64,234.51,229.70,234.06,3307000
2018/2/27,234.40,235.89,232.44,232.52,2899500
2018/2/28,234.42,234.75,226.09,226.16,4368600
2018/3/1,225.70,229.29,222.74,224.45,3514600
2018/3/2,223.21,225.82,222.59,225.19,2613600
2018/3/5,223.37,229.43,222.79,228.38,2627300
2018/3/6,228.92,229.15,223.89,226.18,2652800
2018/3/7,224.35,227.82,223.75,227.27,3242200
2018/3/8,227.93,227.99,223.92,224.73,3500900
2018/3/9,226.11,226.52,222.50,225.43,4834600
2018/3/12,226.21,227.00,222.77,222.77,3117300
2018/3/13,223.53,228.06,223.16,226.94,3343800
2018/3/14,227.13,229.39,225.02,225.38,3048200
2018/3/15,225.83,230.76,225.66,229.48,3330200
2018/3/16,229.66,231.27,227.75,227.86,5690300
2018/3/19,227.31,227.97,223.68,225.05,3407300
2018/3/20,225.16,227.60,223.88,226.78,3429100
2018/3/21,226.45,227.44,222.82,222.82,3419800
2018/3/22,221.65,221.66,215.10,215.21,5894800
2018/3/23,215.75,217.73,212.50,212.55,5741200
2018/3/26,215.19,219.41,214.70,219.07,3561300
2018/3/27,220.32,221.95,216.41,217.96,3722100
2018/3/28,218.89,219.91,217.04,218.50,3179500
2018/3/29,219.38,223.35,214.00,214.00,5529400
2018/3/30,219.38,223.35,214.00,214.00,5529400
2018/4/2,218.46,222.99,214.63,217.20,6220700
2018/4/3,220.34,225.10,219.69,224.58,4652000
2018/4/4,220.69,229.48,220.42,228.79,4674000
2018/4/5,229.46,231.58,226.80,229.07,3348100
2018/4/6,226.65,228.19,221.82,223.96,3231700
2018/4/9,225.58,226.13,222.36,222.73,3031500
2018/4/10,225.40,228.16,223.49,226.79,2737500
2018/4/11,224.27,225.39,221.69,221.90,3482100
2018/4/12,224.04,225.75,223.41,224.24,2664500
2018/4/13,225.10,226.13,223.08,224.28,2496600
2018/4/16,227.11,231.85,226.35,230.32,4510600
2018/4/17,239.31,241.67,236.08,238.55,6180300
2018/4/18,239.00,239.74,236.30,236.40,2940100
2018/4/19,236.20,238.27,234.80,235.76,2734900
2018/4/20,236.05,237.10,233.50,235.06,2842000
2018/4/23,235.29,236.21,233.08,234.34,3051700
2018/4/24,235.95,237.32,232.56,234.22,2771200
2018/4/25,233.45,235.10,230.44,234.90,3118800
2018/4/26,235.73,237.84,234.33,237.03,2252800
2018/4/27,237.63,240.54,237.15,240.18,2301800
2018/4/30,241.00,241.00,236.40,236.40,3446900
2018/5/1,237.00,237.49,234.36,236.85,2633500
2018/5/2,235.38,236.21,232.86,233.46,3542700
2018/5/3,231.97,234.80,229.31,234.15,2731600
2018/5/4,233.10,236.65,232.16,235.90,1999900
2018/5/7,235.88,236.99,232.63,233.78,3237800
2018/5/8,233.72,233.72,230.65,232.03,2698300
2018/5/9,233.05,233.42,228.23,229.21,3504200
2018/5/10,230.15,234.29,229.36,233.71,2169000
2018/5/11,233.58,238.80,232.95,238.28,3044900
2018/5/14,238.90,243.67,238.82,242.90,3893600
2018/5/15,241.86,242.22,238.67,239.50,2396600
2018/5/16,239.65,241.81,238.57,241.72,1906100
2018/5/17,241.49,243.56,240.54,242.96,2418700
2018/5/18,243.37,244.76,242.39,244.64,2283600
2018/5/21,245.00,249.17,244.84,247.90,3040700
2018/5/22,248.00,248.05,243.84,245.18,2644100
2018/5/23,244.03,245.50,241.64,244.26,3047800
2018/5/24,244.57,245.44,242.20,242.73,2610400
2018/5/25,242.95,245.58,242.44,244.95,1554900
2018/5/28,242.95,245.58,242.44,244.95,1554900
2018/5/29,243.86,243.86,240.24,242.17,2837800
2018/5/30,243.74,245.75,242.63,244.94,2071900
2018/5/31,244.21,244.75,240.68,241.51,2966100
2018/6/1,243.74,243.74,241.29,243.35,2371400
2018/6/4,244.00,245.24,242.74,244.63,2188900
2018/6/5,245.09,245.11,241.91,244.43,1531900
2018/6/6,246.32,248.72,245.13,248.65,2650300
2018/6/7,249.76,250.00,248.25,248.98,2117200
2018/6/8,249.46,251.50,248.07,250.68,3034600
2018/6/11,250.84,254.99,250.40,253.78,2775200
2018/6/12,253.20,253.94,250.17,253.58,2567200
2018/6/13,254.14,256.73,252.48,252.87,3138300
2018/6/14,254.47,255.99,253.66,255.33,2456600
2018/6/15,254.27,255.98,252.56,255.98,4772200
2018/6/18,254.00,255.01,252.14,254.87,1961900
2018/6/19,252.97,253.30,251.16,253.02,2370200
2018/6/20,253.32,253.73,251.88,252.81,2580400
2018/6/21,252.95,253.65,250.92,251.89,2150300
2018/6/22,252.24,255.11,251.19,254.37,2604000
2018/6/25,254.36,255.13,248.61,250.71,3060800
2018/6/26,250.56,252.47,249.54,249.77,2158000
2018/6/27,250.29,251.76,248.13,248.17,2481000
2018/6/28,247.13,248.00,242.23,244.90,3556900
2018/6/29,244.90,247.50,244.60,245.34,2772600
2018/7/2,245.00,247.73,244.12,247.48,1793300
2018/7/3,248.30,248.75,246.74,246.98,1248000
2018/7/4,248.30,248.75,246.74,246.98,1248000
2018/7/5,249.11,250.93,247.58,250.50,2182900
2018/7/6,251.01,251.73,249.42,250.76,1572300
2018/7/9,252.13,254.01,251.05,253.67,2039600
2018/7/10,254.18,256.90,253.75,255.54,2012200
2018/7/11,255.14,256.00,253.74,254.59,1486000
2018/7/12,256.18,256.82,254.92,256.05,1592700
2018/7/13,256.39,259.01,256.02,258.70,2356200
2018/7/16,258.29,258.45,256.44,256.98,3625400
2018/7/17,251.55,252.52,246.27,250.29,6932300
2018/7/18,251.11,256.61,250.44,255.42,3359800
2018/7/19,255.32,256.50,251.85,252.93,2307600
2018/7/20,251.17,253.55,251.17,252.70,1959600
2018/7/23,252.91,255.23,252.43,252.74,1479600
2018/7/24,254.86,254.96,252.01,253.76,2476500
2018/7/25,254.81,255.27,252.77,254.86,3016900
2018/7/26,256.25,257.87,255.80,257.00,2021300
2018/7/27,257.79,257.79,255.39,255.95,1656800
2018/7/30,255.91,256.89,253.11,253.84,1681500
2018/7/31,254.14,255.20,252.85,253.22,2355900
2018/8/1,256.10,256.10,252.81,253.37,3006700
2018/8/2,253.50,256.30,252.23,256.08,1854400
2018/8/3,256.45,257.56,254.30,257.22,1422300
2018/8/6,256.50,257.54,255.47,256.76,1398100
2018/8/7,257.64,258.84,257.13,257.65,1462800
2018/8/8,258.11,259.50,257.92,258.81,1494300
2018/8/9,259.91,263.02,259.31,261.59,2315000
2018/8/10,260.49,261.50,259.11,260.36,1625000
2018/8/13,261.00,262.55,260.30,260.91,1635100
2018/8/14,260.89,264.30,260.85,263.48,1941600
2018/8/15,261.98,262.69,259.19,260.61,2017700
2018/8/16,261.57,263.75,261.45,263.10,2115900
2018/8/17,263.55,264.13,261.72,262.33,1969700
2018/8/20,263.00,263.49,261.57,262.40,1786200
2018/8/21,261.85,262.52,260.73,261.69,1559300
2018/8/22,261.95,261.95,260.25,260.74,2148500
2018/8/23,261.02,262.56,259.56,261.42,1603500
2018/8/24,261.75,264.78,261.75,264.28,2238600
2018/8/27,265.00,267.45,264.42,267.08,2614000
2018/8/28,268.54,269.14,267.33,268.51,2603900
2018/8/29,268.39,269.32,267.25,269.00,2880600
2018/8/30,269.46,270.17,268.11,268.39,2976300
2018/8/31,268.28,269.21,267.20,268.46,2961500
2018/9/3,268.28,269.21,267.20,268.46,2961500
2018/9/4,268.00,269.41,266.57,268.51,2097300
2018/9/5,268.56,268.80,266.93,267.64,2230600
2018/9/6,267.60,270.02,266.94,269.65,2556100
2018/9/7,269.64,271.16,267.51,268.28,2958000
2018/9/10,266.78,266.80,258.75,259.73,4146200
2018/9/11,257.92,261.42,257.48,261.04,2283300
2018/9/12,261.12,264.49,260.85,262.67,2236300
2018/9/13,264.16,265.69,263.42,265.49,2734500
2018/9/14,265.40,266.65,263.28,265.31,2084600
2018/9/17,266.50,266.66,263.41,263.87,1940400
2018/9/18,262.93,264.09,262.00,263.29,3557000
2018/9/19,264.47,265.61,263.16,265.33,2274300
2018/9/20,266.08,267.94,266.06,266.39,2095000
2018/9/21,266.10,267.84,265.85,266.67,5671600
2018/9/24,267.01,269.53,266.67,267.36,2699800
2018/9/25,267.30,267.33,263.03,263.51,3789700
2018/9/26,264.50,265.49,262.45,262.91,2238000
2018/9/27,263.00,265.41,262.93,264.65,2761400
2018/9/28,264.38,266.19,263.85,266.04,2875100
2018/10/1,267.25,270.02,267.02,269.10,3314500
2018/10/2,269.00,271.44,267.50,270.63,2777300
2018/10/3,272.00,272.07,269.77,270.90,3002200
2018/10/4,271.00,271.62,267.31,268.32,2186600
2018/10/5,268.65,271.00,267.95,269.20,2045700
2018/10/8,268.84,269.65,265.65,269.01,1865000
2018/10/9,269.19,271.96,268.47,270.11,2510100
2018/10/10,270.60,271.42,262.52,263.08,4267300
2018/10/11,262.00,264.40,255.78,257.12,4558500
2018/10/12,259.70,261.39,256.86,259.61,4006300
2018/10/15,260.13,262.44,259.31,260.25,3583400
2018/10/16,269.69,272.81,265.00,272.57,6453600
2018/10/17,270.19,271.00,265.63,267.30,3985100
2018/10/18,267.35,267.88,263.71,266.81,3132100
2018/10/19,266.62,267.98,263.89,265.30,3336600
2018/10/22,266.75,266.83,260.06,262.19,2618100
2018/10/23,259.72,265.52,259.20,264.86,4081800
2018/10/24,264.01,265.33,255.93,256.32,5265600
2018/10/25,258.16,265.18,253.37,264.24,4675600
2018/10/26,261.50,262.40,257.02,258.18,4830600
2018/10/29,259.72,262.04,253.32,256.52,3697700
2018/10/30,256.69,259.69,253.98,258.28,4169200
2018/10/31,260.87,264.07,260.22,261.35,4230200
2018/11/1,262.92,264.68,259.76,260.93,2771300
2018/11/2,264.61,266.38,259.56,261.01,2593600
2018/11/5,262.15,263.00,260.07,261.01,3287000
2018/11/6,260.70,264.01,260.70,263.54,2582400
2018/11/7,266.90,276.75,266.90,274.63,5796800
2018/11/8,276.00,278.00,274.70,276.65,3809100
2018/11/9,276.86,278.00,274.19,276.55,2904300
2018/11/12,276.00,277.79,272.00,272.38,3140600
2018/11/13,272.58,273.60,268.14,269.22,2516900
2018/11/14,269.29,270.52,263.35,264.96,3511900
2018/11/15,264.00,265.92,260.85,264.94,3657600
2018/11/16,264.99,271.80,264.92,271.11,3857800
2018/11/19,271.48,272.27,264.18,266.05,3670800
2018/11/20,265.62,266.78,260.40,261.50,3617700
2018/11/21,262.59,264.63,260.45,260.55,3234300
2018/11/22,262.59,264.63,260.45,260.55,3234300
2018/11/23,260.00,262.94,258.28,261.62,1159300
2018/11/26,264.62,268.30,263.50,266.16,3879800
2018/11/27,265.57,271.30,265.03,271.15,3497300
2018/11/28,272.82,282.40,272.82,280.95,5044300
2018/11/29,280.43,285.45,280.31,282.55,4177800
2018/11/30,282.99,283.64,279.07,281.36,6143200
2018/12/3,283.00,286.53,282.71,286.33,4178800
2018/12/4,286.15,287.94,276.91,278.55,4635500
2018/12/5,286.15,287.94,276.91,278.55,4635500
2018/12/6,273.02,276.94,265.25,276.85,6694600
2018/12/7,273.76,276.42,267.28,269.18,3506900
2018/12/10,268.59,269.00,260.23,266.53,4061300
2018/12/11,269.58,271.53,265.67,267.22,3102800
2018/12/12,271.95,274.56,270.49,270.64,3167900
2018/12/13,270.86,273.32,269.62,272.15,2350400
2018/12/14,270.36,270.57,263.71,265.02,3360500
2018/12/17,261.04,262.75,256.73,258.07,5806800
2018/12/18,259.70,259.99,248.20,252.97,5065500
2018/12/19,252.37,256.56,247.59,250.31,5468500
2018/12/20,248.50,249.01,240.05,242.44,7311700
2018/12/21,240.73,247.50,237.45,238.34,12209700
2018/12/24,236.24,237.90,232.56,232.94,3091000
2018/12/25,236.24,237.90,232.56,232.94,3091000
2018/12/26,232.70,243.37,231.81,243.35,4159300
2018/12/27,239.10,245.97,235.24,245.97,4295800
2018/12/28,246.71,249.79,244.81,246.24,3312700
2018/12/31,248.06,250.28,246.94,249.12,3123200
2019/1/1,248.06,250.28,246.94,249.12,3123200
2019/1/2,245.00,246.35,241.47,243.49,4063600
2019/1/3,243.48,243.48,236.13,236.85,4623200
2019/1/4,239.80,243.46,238.80,239.62,5367600
2019/1/7,240.40,241.98,238.23,240.08,4133000
2019/1/8,242.33,244.79,239.71,243.29,3618600
2019/1/9,244.76,246.63,242.06,243.64,3425400
2019/1/10,242.08,245.14,241.41,244.87,3374100
2019/1/11,243.45,247.76,243.27,247.67,3967100
2019/1/14,246.59,249.92,246.11,248.06,4955500
2019/1/15,250.00,256.92,247.00,256.87,5325600
2019/1/16,258.73,262.19,258.17,261.46,6069400
2019/1/17,260.99,261.74,257.89,259.77,3583600
2019/1/18,262.60,266.26,260.42,265.50,4844800
2019/1/21,262.60,266.26,260.42,265.50,4844800
2019/1/22,264.06,267.50,263.74,265.69,4052700
2019/1/23,267.75,269.47,263.67,267.02,2971100
2019/1/24,266.80,268.16,264.26,266.13,2927300
2019/1/25,268.80,270.41,265.70,268.05,2809100
2019/1/28,266.90,266.93,264.61,266.77,2837300
2019/1/29,266.00,268.45,265.44,267.34,2173000
2019/1/30,269.69,272.44,267.19,270.37,3659000
2019/1/31,270.48,271.74,268.99,270.20,4055100
2019/2/1,268.47,269.39,266.03,268.72,3946800
2019/2/4,268.31,268.69,264.27,268.21,3398900
2019/2/5,270.12,272.09,265.84,266.31,3597000
2019/2/6,265.14,269.93,264.98,269.50,2570000
2019/2/7,268.64,270.58,267.26,269.00,2458200
2019/2/8,267.50,268.70,260.32,261.90,4547000
2019/2/11,261.17,261.18,256.34,257.14,4856200
2019/2/12,259.22,264.00,256.92,263.50,4327900
2019/2/13,263.52,266.29,263.15,263.80,3066400
2019/2/14,263.24,267.07,262.71,265.33,3015300
2019/2/15,267.79,271.13,266.62,271.13,3673700
2019/2/18,267.79,271.13,266.62,271.13,3673700
2019/2/19,271.17,272.49,269.28,270.41,2486700
2019/2/20,269.21,270.59,268.18,269.51,2802800
2019/2/21,269.47,269.94,265.10,266.40,2554300
2019/2/22,266.50,268.39,265.95,267.11,3191100
2019/2/25,267.58,268.17,264.38,264.60,3679100
2019/2/26,264.66,265.43,262.80,262.98,3212900
2019/2/27,261.61,261.61,248.94,250.08,8952900
2019/2/28,249.70,251.95,239.15,242.22,11034300
2019/3/1,243.56,248.00,243.56,246.15,6921300
2019/3/4,248.12,248.45,234.51,236.02,8646300
2019/3/5,236.53,243.20,234.94,241.43,6924500
2019/3/6,241.74,241.74,237.03,239.07,4878700
2019/3/7,240.30,241.18,235.55,236.70,5033500
2019/3/8,235.15,239.41,234.64,237.29,4921700
2019/3/11,239.21,244.02,236.42,243.15,4539600
2019/3/12,244.95,247.48,243.74,245.88,4235800
2019/3/13,247.96,252.76,247.08,252.25,4881600
2019/3/14,253.00,255.06,252.34,253.27,3865200
2019/3/15,254.34,254.74,249.94,251.40,6466200
2019/3/18,252.66,255.31,250.42,255.00,3927400
2019/3/19,255.95,259.25,255.14,257.13,4164800
2019/3/20,257.43,257.69,249.97,250.50,4193500
2019/3/21,249.19,252.96,248.66,252.02,2699700
2019/3/22,250.57,251.20,246.99,247.09,3777900
2019/3/25,247.42,247.42,240.78,246.86,4110900
2019/3/26,247.26,247.89,241.72,243.39,4416200
2019/3/27,242.94,245.68,238.16,241.71,4819200
2019/3/28,242.59,242.85,238.89,242.23,3601500
2019/3/29,244.29,247.76,241.87,247.26,4294200
2019/4/1,249.71,250.20,243.06,245.54,4809500
2019/4/2,245.51,246.40,242.80,244.41,4057100
2019/4/3,246.31,247.54,244.59,245.84,2851400
2019/4/4,245.48,249.11,244.64,247.39,2255500
2019/4/5,248.95,249.31,245.17,248.78,3343000
2019/4/8,249.68,249.68,246.31,248.75,2195400
2019/4/9,247.57,249.94,245.95,248.79,2903800
2019/4/10,248.78,249.87,245.52,246.03,2753700
2019/4/11,246.05,246.92,232.68,235.42,8223400
2019/4/12,236.50,236.78,220.77,223.22,13979400
2019/4/15,225.77,230.97,224.41,230.20,10021800
2019/4/16,238.01,238.01,215.82,220.96,27361400
2019/4/17,223.79,224.24,208.07,216.84,22101400
2019/4/18,217.14,223.00,214.21,221.75,13927200
2019/4/19,217.14,223.00,214.21,221.75,13927200
2019/4/22,224.00,227.56,221.50,227.11,11191800
2019/4/23,228.25,231.94,226.10,230.58,10261400
2019/4/24,230.09,231.63,227.75,230.35,6104100
2019/4/25,228.53,232.12,228.13,230.79,5954500
2019/4/26,232.14,237.11,231.19,237.00,6186200
2019/4/29,237.40,238.06,234.16,237.45,5345300
2019/4/30,238.08,238.08,230.19,233.07,7632300
2019/5/1,233.07,234.62,230.35,231.95,4823200
2019/5/2,230.90,233.34,228.08,232.45,5499200
2019/5/3,232.84,233.90,227.18,231.95,4323100
2019/5/6,228.17,240.57,227.50,240.50,7180200
2019/5/7,239.19,243.15,236.40,238.05,5104700
2019/5/8,238.00,240.81,235.53,239.15,3768400
2019/5/9,236.60,240.54,235.67,237.97,4299500
2019/5/10,239.97,242.62,236.37,240.59,4374400
2019/5/13,236.45,240.10,236.20,239.55,4684400
2019/5/14,240.64,240.99,236.28,236.43,5329700
2019/5/15,235.00,237.53,232.62,236.08,5099700
2019/5/16,235.89,240.45,235.72,236.79,4456400
2019/5/17,236.17,242.44,235.65,241.38,4486400
2019/5/20,240.00,246.74,239.77,245.99,5390800
2019/5/21,247.01,251.18,246.80,249.94,5345300
2019/5/22,249.10,251.03,248.71,249.34,4038000
2019/5/23,247.98,248.15,244.39,246.50,3934600
2019/5/24,247.25,249.36,245.51,247.63,2973900
2019/5/27,247.25,249.36,245.51,247.63,2973900
2019/5/28,248.50,249.30,241.98,242.06,6172700
2019/5/29,239.85,243.03,237.90,242.40,3958400
2019/5/30,241.92,245.35,241.34,243.50,2646600
2019/5/31,241.95,243.62,239.48,241.80,3285700
2019/6/3,241.49,243.80,236.02,236.56,4999400
2019/6/4,238.13,241.05,234.83,240.76,4992000
2019/6/5,243.17,245.79,241.23,242.77,3194400
2019/6/6,243.13,243.94,241.73,241.82,2630100
2019/6/7,242.90,247.07,242.19,246.77,2837400
2019/6/10,247.08,249.67,245.99,248.14,2331000
2019/6/11,248.52,250.69,245.73,245.87,3043000
2019/6/12,246.20,246.50,242.30,244.50,3251800
2019/6/13,244.82,245.34,243.12,244.96,3107800
2019/6/14,244.72,246.10,242.79,245.37,2165500
2019/6/17,246.00,247.10,245.22,245.97,2270300
2019/6/18,247.50,249.34,245.15,245.70,3482500
2019/6/19,246.00,251.37,245.51,250.19,4204600
2019/6/20,251.60,252.82,247.40,247.76,3800800
2019/6/21,248.78,253.49,246.90,252.28,6323500
2019/6/24,251.33,252.63,247.86,249.64,3163800
2019/6/25,249.30,251.04,247.42,247.66,3182700
2019/6/26,248.00,248.08,243.13,243.47,3852900
2019/6/27,244.26,248.15,243.16,246.34,3366200
2019/6/28,246.50,246.75,238.65,244.01,6727600
2019/7/1,245.95,246.17,240.72,242.64,4102700
2019/7/2,242.59,243.99,239.54,243.97,3863500
2019/7/3,244.32,247.52,244.04,245.21,2559400
2019/7/4,244.32,247.52,244.04,245.21,2559400
2019/7/5,244.39,248.76,244.06,246.99,2965000
2019/7/8,246.41,247.98,244.88,247.84,1902500
2019/7/9,244.63,246.08,243.69,246.00,2774800
2019/7/10,246.82,249.11,245.48,247.48,2753000
2019/7/11,255.80,261.69,249.05,261.16,10268800
2019/7/12,261.63,266.52,261.63,265.90,5336100
2019/7/15,265.06,267.65,264.25,265.96,2611400
2019/7/16,265.33,267.14,263.19,264.66,3121600
2019/7/17,264.00,268.69,263.50,266.65,3995200
2019/7/18,265.64,266.51,257.26,260.60,5825800
2019/7/19,261.10,262.72,256.40,256.65,4413200
2019/7/22,258.14,258.95,254.53,255.32,4104300
2019/7/23,254.47,256.10,252.02,255.01,2889300
2019/7/24,252.79,252.83,245.13,251.13,4864000
2019/7/25,251.13,252.75,248.29,248.70,3362800
2019/7/26,249.02,253.88,246.51,252.94,3362600
2019/7/29,252.84,255.30,252.34,253.82,2005500
2019/7/30,252.66,255.06,250.47,254.93,1908800
2019/7/31,256.32,257.16,248.48,249.01,3532400
2019/8/1,249.19,251.58,247.28,249.25,3613600
2019/8/2,249.69,251.57,246.10,250.05,2677600
2019/8/5,248.13,249.94,242.59,245.06,5812400
2019/8/6,245.93,248.28,243.57,248.28,3533000
2019/8/7,246.27,247.04,241.26,246.45,3205800
2019/8/8,246.19,247.67,243.37,247.62,2830700
2019/8/9,247.72,250.42,246.14,248.63,2535000
2019/8/12,246.79,247.96,243.03,243.20,2667400
2019/8/13,241.68,250.46,241.51,249.22,2763400
2019/8/14,246.73,248.41,243.01,243.20,3464300
2019/8/15,244.35,245.26,241.45,244.25,2513500
2019/8/16,245.38,247.11,244.18,245.69,2810000
2019/8/19,247.49,248.49,244.09,244.71,2672300
2019/8/20,244.21,244.60,239.92,240.16,3201300
2019/8/21,240.19,241.89,239.30,240.35,2761900
2019/8/22,240.35,240.35,232.67,232.94,4498200
2019/8/23,232.90,235.10,229.38,230.66,4826600
2019/8/26,232.52,234.56,230.46,231.08,2918300
2019/8/27,231.72,232.40,222.60,222.93,4988100
2019/8/28,222.42,229.77,220.78,227.35,4847600
2019/8/29,228.42,232.30,228.01,230.62,4052500
2019/8/30,233.67,235.05,232.29,234.00,3384100
2019/9/2,233.67,235.05,232.29,234.00,3384100
2019/9/3,231.74,232.17,228.47,230.62,3382300
2019/9/4,231.95,232.95,226.50,226.73,4526100
2019/9/5,230.00,231.51,227.58,229.59,4256900
2019/9/6,230.17,231.96,228.59,229.00,4183200
2019/9/9,229.00,232.00,228.56,230.68,3895600
2019/9/10,231.45,234.29,230.83,232.46,4257600
2019/9/11,232.49,234.25,228.58,234.21,3168100
2019/9/12,235.00,236.40,229.70,230.10,4713700
2019/9/13,232.99,236.56,231.54,233.61,4523200
2019/9/16,232.82,236.05,232.15,234.43,2973600
2019/9/17,233.07,233.99,231.17,232.52,2392900
2019/9/18,230.80,233.13,229.23,230.61,2960500
2019/9/19,232.00,233.95,231.23,232.85,2666700
2019/9/20,234.77,235.00,231.92,232.89,6220100
2019/9/23,229.77,230.78,228.32,228.77,3281200
2019/9/24,229.38,229.84,222.92,225.00,5006800
2019/9/25,224.28,226.50,222.13,222.17,4658000
2019/9/26,223.04,223.63,213.43,215.48,10444400
2019/9/27,218.18,218.88,215.02,215.26,4834900
2019/9/30,213.64,218.53,213.12,217.32,5286300
2019/10/1,219.19,219.19,212.08,217.21,5523600
2019/10/2,216.15,219.36,215.28,216.75,4921200
2019/10/3,215.63,216.36,213.05,215.36,3375800
2019/10/4,216.84,219.86,215.14,219.80,3700500
2019/10/7,219.05,222.53,218.99,221.24,3843200
2019/10/8,219.49,221.98,218.40,220.11,4817000
2019/10/9,221.71,223.47,220.17,222.08,4483100
2019/10/10,218.19,224.13,217.52,223.73,5252200
2019/10/11,225.54,228.85,221.59,222.07,5891600
2019/10/14,221.63,223.34,219.90,220.59,4075300
2019/10/15,232.69,239.84,231.09,238.59,13397700
2019/10/16,236.29,237.48,234.08,236.99,5368600
2019/10/17,238.69,244.61,237.27,243.67,6301200
2019/10/18,244.45,246.41,241.76,245.34,4922100
2019/10/21,245.02,245.60,242.15,243.92,3029200
2019/10/22,243.64,251.50,243.15,249.48,5660800
2019/10/23,248.39,251.75,246.73,247.80,3706600
2019/10/24,248.03,248.49,243.91,244.51,2546900
2019/10/25,243.91,246.08,242.15,244.91,2815100
2019/10/28,245.26,248.39,244.92,247.05,2957100
2019/10/29,247.04,253.20,246.31,252.29,3528900
2019/10/30,252.17,255.28,251.98,254.80,3299600
2019/10/31,254.38,255.72,249.91,252.70,3960400
2019/11/1,253.99,256.33,252.16,252.21,2919600
2019/11/4,253.63,253.83,249.91,251.25,3186400
2019/11/5,253.74,254.27,250.09,250.30,5393400
2019/11/6,249.71,251.99,249.09,250.52,3668600
2019/11/7,251.95,256.75,251.26,256.46,3646300
2019/11/8,256.77,258.34,255.00,256.97,2200300
2019/11/11,255.05,256.46,253.33,254.09,1765600
2019/11/12,253.59,255.76,253.41,255.25,1892500
2019/11/13,254.87,256.88,253.19,253.57,3289800
2019/11/14,253.80,256.08,253.47,255.83,2101900
2019/11/15,256.11,275.57,255.36,269.40,10136000
2019/11/18,269.00,278.45,269.00,272.93,6985200
2019/11/19,275.24,275.36,271.55,274.23,4002000
2019/11/20,272.25,276.03,271.24,275.56,4141600
2019/11/21,275.22,277.68,273.91,276.55,3309900
2019/11/22,276.53,277.77,275.00,276.84,2802700
2019/11/25,277.78,283.00,277.01,282.67,4082900
2019/11/26,280.71,282.25,280.16,281.40,2998600
2019/11/27,281.01,281.93,278.69,280.67,2323900
2019/11/28,281.01,281.93,278.69,280.67,2323900
2019/11/29,278.10,280.92,277.33,279.87,1520900
2019/12/2,281.78,282.00,278.57,279.66,2517100
2019/12/3,276.97,278.42,273.85,276.90,3239200
2019/12/4,281.62,281.84,278.64,279.32,2694200
2019/12/5,279.24,282.82,277.48,282.00,3357300
2019/12/6,282.84,283.04,279.11,280.19,2828900
2019/12/9,280.77,280.87,277.42,277.54,2697100
2019/12/10,277.60,279.60,274.01,279.52,2515300
2019/12/11,278.30,280.66,278.03,280.50,2751300
2019/12/12,281.03,283.99,280.04,283.61,2996200
2019/12/13,284.97,287.81,284.12,285.48,3599300
2019/12/16,287.97,295.44,287.06,292.03,4663600
2019/12/17,291.24,292.78,289.17,290.47,4409100
2019/12/18,291.00,294.86,290.99,292.90,3621600
2019/12/19,295.00,297.20,293.62,294.62,2905900
2019/12/20,298.90,300.00,292.51,292.59,6608300
2019/12/23,293.43,295.85,292.81,295.09,2098900
2019/12/24,295.26,295.83,293.56,294.54,714000
2019/12/25,295.26,295.83,293.56,294.54,714000
2019/12/26,295.30,296.26,294.54,295.65,1050600
2019/12/27,296.01,296.54,295.01,295.97,1547100
2019/12/30,296.05,296.54,293.45,293.85,1511700
2019/12/31,293.66,294.09,291.15,293.98,2224200
2020/1/1,293.66,294.09,291.15,293.98,2224200
2020/1/2,293.98,295.70,289.79,292.50,2543400
2020/1/3,287.27,291.88,284.36,289.54,2711400
2020/1/6,288.00,291.66,287.22,291.55,3079100
2020/1/7,290.70,291.49,287.58,289.79,2492900
2020/1/8,291.50,297.38,290.04,295.90,3379200
2020/1/9,294.29,297.20,293.72,294.22,2838200
2020/1/10,296.07,296.07,292.21,295.13,2477900
2020/1/13,294.37,294.45,285.02,285.85,6994900
2020/1/14,285.60,288.24,284.25,288.24,6056300
2020/1/15,289.02,299.64,289.00,296.41,6081300
2020/1/16,298.00,300.99,295.93,300.74,3710300
2020/1/17,300.01,300.70,295.88,298.47,4632200
2020/1/20,300.01,300.70,295.88,298.47,4632200
2020/1/21,296.89,302.54,296.01,300.53,4962800
2020/1/22,301.99,302.13,297.35,300.59,3117600
2020/1/23,300.01,300.58,296.65,299.46,3169600
2020/1/24,298.34,299.93,291.56,292.81,3678500
2020/1/27,288.00,288.08,280.07,284.09,4399400
2020/1/28,283.91,288.37,283.30,285.87,4341000
2020/1/29,284.00,286.19,280.89,282.90,3963800
2020/1/30,281.84,281.84,275.92,280.98,4211800
2020/1/31,278.17,278.78,271.18,272.45,5532600
2020/2/3,275.13,276.85,270.82,274.02,5646800
2020/2/4,277.28,283.50,276.88,280.84,4290200
2020/2/5,285.60,297.00,285.44,295.73,5761000
2020/2/6,297.00,297.27,290.00,292.46,3044000
2020/2/7,292.87,293.39,288.91,289.22,3425900
2020/2/10,286.23,289.29,285.45,287.03,3147400
2020/2/11,286.85,291.57,285.90,290.79,2992200
2020/2/12,295.00,305.00,294.01,303.48,6701900
2020/2/13,300.14,305.90,300.14,302.20,3565500
2020/2/14,302.21,303.97,297.31,298.78,2485600
2020/2/17,302.21,303.97,297.31,298.78,2485600
2020/2/18,299.67,303.35,299.00,302.14,3241700
2020/2/19,303.37,306.71,302.73,305.31,3021100
2020/2/20,303.20,304.16,297.89,302.13,2885500
2020/2/21,300.47,302.51,298.61,301.43,2987100
2020/2/24,286.89,288.99,277.64,277.79,8790600
2020/2/25,280.15,281.98,262.01,263.39,8171200
2020/2/26,264.72,269.83,258.71,263.00,6806600
2020/2/27,258.42,262.15,252.07,253.92,7604300
2020/2/28,246.20,257.10,245.30,254.96,9961000
2020/3/2,257.34,273.24,250.32,273.11,8866300
2020/3/3,275.35,280.35,259.23,261.40,9188100
2020/3/4,290.00,295.84,282.21,289.42,14533000
2020/3/5,281.60,289.42,279.94,282.96,5908400
2020/3/6,275.42,284.97,271.90,283.87,5361900
2020/3/9,264.46,281.44,259.24,273.44,8070700
2020/3/10,279.72,283.90,272.50,280.00,7366000
2020/3/11,274.76,285.24,273.26,277.78,7744600
2020/3/12,260.00,272.23,250.00,250.41,10496600
2020/3/13,260.99,273.22,242.27,272.04,9308400
2020/3/16,243.92,245.68,223.95,225.04,10303500
2020/3/17,230.82,248.76,228.29,244.22,9642200
2020/3/18,225.75,231.45,200.19,217.06,12917500
2020/3/19,216.98,226.12,208.94,219.80,8065200
2020/3/20,223.18,232.64,203.46,206.59,9364100
2020/3/23,202.04,205.75,187.72,194.86,10654500
2020/3/24,202.14,220.27,199.00,219.80,8894400
2020/3/25,219.09,247.51,216.00,234.49,10014000
2020/3/26,234.03,257.96,232.30,255.39,7517600
2020/3/27,242.94,251.60,238.24,242.45,4879500
2020/3/30,242.64,254.09,242.64,251.28,5329000
2020/3/31,243.48,254.53,243.00,249.38,5450000
2020/4/1,238.69,246.61,235.44,237.32,4548800
2020/4/2,235.30,242.00,226.03,240.44,4636800
2020/4/3,238.32,239.34,227.27,229.49,4650300
2020/4/6,240.00,249.29,235.12,248.34,6365900
2020/4/7,259.81,266.71,246.54,248.04,4984100
2020/4/8,247.69,269.16,246.26,267.83,6390200
2020/4/9,265.00,270.40,261.60,264.13,4923300
2020/4/10,265.00,270.40,261.60,264.13,4923300
2020/4/13,262.06,264.96,258.18,263.51,2964900
2020/4/14,269.00,273.07,267.00,270.50,4778900
2020/4/15,276.33,282.99,270.68,281.68,7841800
2020/4/16,283.44,300.00,280.01,298.43,7738900
2020/4/17,300.99,304.00,287.10,290.56,5857500
2020/4/20,285.30,289.01,281.27,282.14,4072600
2020/4/21,274.95,280.00,273.25,274.19,3977500
2020/4/22,279.58,283.82,276.71,277.02,3663300
2020/4/23,279.06,288.46,278.54,285.33,4420500
2020/4/24,287.29,291.90,284.00,291.29,3265000
2020/4/27,293.21,296.86,290.63,293.98,3706200
2020/4/28,298.00,298.25,285.62,288.36,3862900
2020/4/29,292.00,292.75,286.10,287.65,4258400
2020/4/30,286.65,295.00,285.52,292.47,7631700
2020/5/1,288.39,289.00,279.60,284.51,3526100
2020/5/4,284.49,287.94,282.11,287.54,2894200
2020/5/5,289.96,296.00,287.29,293.04,2501300
2020/5/6,295.10,297.68,288.44,288.77,2579200
2020/5/7,291.06,292.29,284.52,285.00,3162300
2020/5/8,289.49,290.00,285.66,287.00,3200000
2020/5/11,285.56,290.10,285.26,288.69,3490700
2020/5/12,291.77,293.15,287.70,287.70,4214300
2020/5/13,284.49,286.40,275.56,278.00,5474100
2020/5/14,275.93,292.45,275.64,290.61,5704600
2020/5/15,292.41,300.00,290.72,290.96,12182800
2020/5/18,298.48,299.72,292.02,293.36,4015100
2020/5/19,290.74,294.63,288.88,289.05,3059400
2020/5/20,292.90,292.90,286.70,287.99,3200600
2020/5/21,286.04,290.13,284.93,286.91,3604900
2020/5/22,287.30,290.24,284.79,289.94,2922800
2020/5/25,287.30,290.24,284.79,289.94,2922800
2020/5/26,296.50,297.03,292.50,294.89,4567800
2020/5/27,297.42,303.80,290.80,303.77,5618900
2020/5/28,305.95,309.66,303.29,303.97,4387700
2020/5/29,304.72,308.37,300.85,304.85,6251500
2020/6/1,304.02,305.98,300.56,305.93,2894000
2020/6/2,305.58,308.10,301.73,306.31,2756800
2020/6/3,307.85,310.12,302.74,305.35,4360000
2020/6/4,303.18,304.47,294.29,298.08,4374300
2020/6/5,304.00,314.28,300.50,311.85,5554300
2020/6/8,308.64,315.84,307.93,309.48,4635500
2020/6/9,309.90,312.65,307.33,309.21,3061500
2020/6/10,308.94,310.31,302.86,305.75,3296100
2020/6/11,303.36,303.36,280.80,283.73,6638900
2020/6/12,290.65,294.10,278.70,285.15,5416800
2020/6/15,278.02,287.00,273.71,286.28,4494600
2020/6/16,295.44,297.57,287.44,293.00,4245400
2020/6/17,295.10,295.10,291.23,292.60,2538000
2020/6/18,290.43,291.78,286.60,291.48,2926600
2020/6/19,294.43,296.52,290.91,291.24,5172800
2020/6/22,289.79,293.00,286.26,292.67,2174100
2020/6/23,294.01,299.28,291.07,297.60,4023400
2020/6/24,293.99,297.10,285.57,289.18,3399900
2020/6/25,288.28,296.78,286.06,296.22,3112500
2020/6/26,295.14,296.58,285.82,286.88,5043200
2020/6/29,288.45,292.28,286.62,289.76,2356700
2020/6/30,288.57,296.45,287.66,294.95,2932900
2020/7/1,295.83,300.40,295.24,297.73,2303800
2020/7/2,300.50,303.08,297.18,298.26,1971700
2020/7/3,300.50,303.08,297.18,298.26,1971700
2020/7/6,303.00,303.49,299.33,302.81,2395000
2020/7/7,300.66,303.56,295.95,296.65,2075700
2020/7/8,297.35,300.87,295.68,298.36,1987400
2020/7/9,295.10,298.55,287.50,291.16,3061700
2020/7/10,294.24,294.24,287.10,291.23,2391600
2020/7/13,292.09,304.52,291.77,299.71,4263300
2020/7/14,297.81,309.74,296.71,308.52,4234900
2020/7/15,301.12,310.69,298.66,304.07,5116900
2020/7/16,305.01,310.85,303.16,307.15,3844500
2020/7/17,309.09,310.97,306.25,306.53,3016500
2020/7/20,306.79,308.60,302.38,303.46,2375500
2020/7/21,305.03,307.00,303.11,305.11,2340200
2020/7/22,304.86,306.91,301.81,306.71,1935800
2020/7/23,308.20,308.50,301.27,302.97,2367700
2020/7/24,303.33,304.28,299.23,300.79,2415700
2020/7/27,298.43,302.13,297.37,298.60,2060500
2020/7/28,297.89,301.40,297.21,299.93,2257400
2020/7/29,301.46,309.75,300.00,306.68,2672700
2020/7/30,301.68,306.46,298.89,305.23,2205300
2020/7/31,303.44,303.74,298.05,302.78,3913500
2020/8/3,303.59,304.91,299.20,303.61,2628500
2020/8/4,301.91,308.86,300.07,304.50,3594900
2020/8/5,306.83,312.96,305.02,312.47,2982200
2020/8/6,312.00,316.24,310.40,314.06,3305300
2020/8/7,313.34,319.00,313.34,317.03,2600800
2020/8/10,317.00,320.47,315.58,319.10,2563600
2020/8/11,322.92,324.57,314.66,315.55,3018200
2020/8/12,318.00,323.29,317.64,322.27,2915800
2020/8/13,320.68,321.87,317.84,321.52,2159500
2020/8/14,320.54,323.93,318.73,323.70,1787200
2020/8/17,321.45,323.80,319.35,320.51,2772500
2020/8/18,321.98,322.67,315.71,316.81,2520000
2020/8/19,316.77,319.49,315.18,315.40,2066700
2020/8/20,314.83,315.28,312.01,313.33,2245600
2020/8/21,311.28,315.28,310.09,314.14,2488500
2020/8/24,316.81,316.90,306.49,308.84,2922200
2020/8/25,312.20,312.36,307.80,312.22,1879300
2020/8/26,310.98,311.36,303.61,308.82,3178900
2020/8/27,310.41,314.77,305.49,311.67,2321000
2020/8/28,312.34,315.82,308.97,314.37,2883500
2020/8/31,314.89,319.56,312.54,312.55,4341600
2020/9/1,310.16,314.72,310.00,312.83,2487100
2020/9/2,312.56,321.28,312.56,320.24,2846500
2020/9/3,322.00,323.82,313.73,316.23,3872500
2020/9/4,316.48,317.83,306.63,312.00,2901000
2020/9/7,316.48,317.83,306.63,312.00,2901000
2020/9/8,311.03,311.46,303.83,307.25,2594500
2020/9/9,309.68,315.32,308.42,312.02,2195600
2020/9/10,312.73,314.44,303.72,304.60,2421200
2020/9/11,305.07,306.46,297.29,301.48,3085900
2020/9/14,303.01,311.12,303.01,308.57,1795500
2020/9/15,310.05,311.46,306.05,307.23,1468300
2020/9/16,309.07,312.25,306.20,306.52,3438200
2020/9/17,304.50,307.38,302.11,304.98,2394100
2020/9/18,305.01,310.39,303.77,308.02,3795400
2020/9/21,300.47,300.53,291.66,299.19,4124700
2020/9/22,298.44,300.62,292.92,294.26,3163600
2020/9/23,295.00,296.10,291.83,292.14,3709900
2020/9/24,292.19,294.93,289.64,292.66,2869100
2020/9/25,291.25,303.27,291.22,302.50,2455800
2020/9/28,306.39,310.01,302.83,303.23,2575700
2020/9/29,303.67,305.50,300.68,304.15,1797800
2020/9/30,304.02,314.52,303.99,311.77,3497300
2020/10/1,312.91,315.17,309.15,313.07,2731200
2020/10/2,312.10,317.39,308.36,311.98,2338000
2020/10/5,315.07,318.42,313.12,318.15,1638600
2020/10/6,318.95,320.30,313.49,314.45,2434400
2020/10/7,315.82,324.74,315.82,323.17,2596600
2020/10/8,323.43,325.35,320.99,322.41,2056700
2020/10/9,324.66,328.17,323.92,327.84,2028900
2020/10/12,329.12,333.56,329.01,329.97,2424200
2020/10/13,328.50,333.70,327.71,331.42,2713500
2020/10/14,322.07,330.57,320.20,321.85,4455400
2020/10/15,318.85,326.97,316.33,324.57,3172200
2020/10/16,325.46,332.35,324.73,329.90,3293300
2020/10/19,328.54,330.78,322.06,324.22,2482100
2020/10/20,326.62,328.62,323.28,323.41,1988600
2020/10/21,323.41,326.49,322.18,322.79,2139000
2020/10/22,322.32,328.06,322.25,325.73,2100600
2020/10/23,329.16,335.65,328.13,330.60,2349500
2020/10/26,326.32,327.75,318.54,323.06,2408500
2020/10/27,323.06,323.50,319.43,320.51,2427700
2020/10/28,313.33,317.81,307.44,308.00,3301400
2020/10/29,306.59,309.48,301.46,303.68,3279200
2020/10/30,303.23,307.17,299.60,305.14,3556800
2020/11/2,312.64,312.64,307.36,312.10,4519000
2020/11/3,317.47,326.44,315.02,321.35,4043900
2020/11/4,345.23,360.44,341.14,354.56,10344900
2020/11/5,358.07,360.98,349.68,354.40,4786500
2020/11/6,350.36,352.00,344.57,347.46,2994900
2020/11/9,366.31,367.95,348.98,350.00,4635300
2020/11/10,349.49,355.90,348.17,353.69,3733200
2020/11/11,356.16,356.81,349.41,351.70,2048200
2020/11/12,351.40,360.52,349.75,354.41,2907300
2020/11/13,356.86,357.94,352.79,355.67,2442100
2020/11/16,358.95,359.58,351.01,356.82,2790100
2020/11/17,352.39,353.36,347.50,352.10,2557600
2020/11/18,353.43,354.05,343.09,344.51,2722500
2020/11/19,342.29,343.07,334.33,337.00,3935600
2020/11/20,335.00,337.66,331.71,334.70,3702000
2020/11/23,335.55,336.26,331.59,335.06,2535700
2020/11/24,336.18,340.00,334.43,336.01,3759700
2020/11/25,338.82,338.82,329.14,333.19,3145100
2020/11/26,338.82,338.82,329.14,333.19,3145100
2020/11/27,333.53,338.90,331.84,337.94,1558600
2020/11/30,335.11,337.94,330.29,336.34,5265700
2020/12/1,344.77,354.10,339.93,341.19,3817700
2020/12/2,341.77,351.83,341.50,347.56,2864300
2020/12/3,347.90,352.77,346.49,348.68,4169200
2020/12/4,346.00,351.47,345.75,349.89,3255100
2020/12/7,348.72,349.89,345.22,347.86,2999400
2020/12/8,344.75,349.90,344.08,347.86,2471200
2020/12/9,348.89,349.41,341.61,344.41,2600400
2020/12/10,345.16,345.46,339.26,339.65,2896900
2020/12/11,338.13,338.88,334.33,337.07,3071700
2020/12/14,340.03,343.23,335.86,336.13,2479000
2020/12/15,339.14,341.01,337.04,339.67,2616500
2020/12/16,336.83,341.66,334.26,339.34,2365600
2020/12/17,339.81,342.60,337.31,341.67,2525700
2020/12/18,342.52,342.61,334.00,338.38,8742700
2020/12/21,332.07,336.95,329.40,336.08,2892700
2020/12/22,335.16,336.98,333.47,335.01,2069700
2020/12/23,336.49,341.65,336.03,337.59,2348100
2020/12/24,336.44,341.41,336.44,340.79,1360600
2020/12/25,336.44,341.41,336.44,340.79,1360600
2020/12/28,343.21,347.79,343.06,345.95,2308200
2020/12/29,347.99,351.29,345.00,347.35,2275700
2020/12/30,347.08,349.01,344.47,344.99,1866000
2020/12/31,345.04,351.09,344.05,350.68,1969000
2021/1/1,345.04,351.09,344.05,350.68,1969000
2021/1/4,351.45,352.08,340.38,349.50,4203800
2021/1/5,348.69,351.36,344.48,344.80,3160500
2021/1/6,337.11,359.49,335.11,359.27,6561400
2021/1/7,358.54,366.45,357.92,365.03,3366700
2021/1/8,367.00,367.49,358.76,363.39,2947800
2021/1/11,362.62,364.29,359.19,360.75,2695100
2021/1/12,357.94,360.08,355.23,357.37,2372500
2021/1/13,356.04,356.81,351.23,355.04,1974500
2021/1/14,356.85,358.81,350.42,350.53,2919900
2021/1/15,349.12,353.05,345.74,351.30,3777000
2021/1/18,349.12,353.05,345.74,351.30,3777000
2021/1/19,356.21,356.96,351.56,352.19,3361300
2021/1/20,351.88,352.08,345.83,350.84,3036800
2021/1/21,350.81,360.89,350.74,355.00,3749800
2021/1/22,353.31,354.62,347.54,347.55,2585100
2021/1/25,347.15,350.39,344.60,347.81,2506300
2021/1/26,350.51,351.51,342.57,343.11,2467500
2021/1/27,337.04,338.00,329.01,332.99,4770900
2021/1/28,336.64,346.58,334.51,338.15,2769900
2021/1/29,336.53,339.02,330.63,333.58,3899200
2021/2/1,335.03,338.15,332.74,334.00,3020200
2021/2/2,337.10,344.64,337.10,338.72,2663700
2021/2/3,338.00,340.16,334.60,337.89,2537100
2021/2/4,332.32,335.29,328.39,329.32,5962200
2021/2/5,332.11,333.48,323.48,324.51,7227900
2021/2/8,327.01,327.02,323.81,324.34,4758200
2021/2/9,323.90,331.04,321.71,329.63,4096900
2021/2/10,332.66,335.76,329.77,333.40,4122700
2021/2/11,335.00,336.65,331.50,333.07,2776700
2021/2/12,331.68,332.40,327.88,328.24,2760800
2021/2/15,331.68,332.40,327.88,328.24,2760800
2021/2/16,327.36,329.84,322.48,324.62,4339000
2021/2/17,323.46,328.60,322.24,326.86,2620000
2021/2/18,325.90,329.58,325.20,328.41,2383500
2021/2/19,328.75,328.85,324.11,324.58,2313800
2021/2/22,321.50,329.05,320.35,327.64,2688300
2021/2/23,329.99,333.94,326.64,329.51,3225700
2021/2/24,328.49,333.60,326.04,332.21,3360500
2021/2/25,331.00,333.60,327.36,328.87,2780100
2021/2/26,330.55,337.91,329.85,332.22,5430000
2021/3/1,334.36,338.91,333.68,334.65,4198900
2021/3/2,335.00,337.67,333.89,334.64,2568900
2021/3/3,333.32,338.16,332.78,332.87,3039700
2021/3/4,334.17,340.84,332.67,333.81,4991600
2021/3/5,335.03,348.29,335.02,347.10,4563100
2021/3/8,347.01,354.00,345.60,350.17,3419900
2021/3/9,352.92,361.25,351.34,351.98,4277600
2021/3/10,353.91,354.48,348.50,349.60,3012300
2021/3/11,350.76,355.97,349.87,353.10,2520500
2021/3/12,353.17,356.82,351.99,356.02,2088700
2021/3/15,356.92,357.94,351.55,353.88,2343400
2021/3/16,353.53,355.36,351.91,354.60,2904200
2021/3/17,355.17,358.07,351.83,352.18,2633100
2021/3/18,352.87,364.32,352.34,362.05,3311600
2021/3/19,361.92,370.46,359.01,365.58,8572900
2021/3/22,365.00,368.58,360.11,366.86,3505200
2021/3/23,368.85,371.54,367.22,368.50,3100100
2021/3/24,366.05,373.80,365.51,370.60,3407800
2021/3/25,370.60,372.11,363.39,371.09,3021500
2021/3/26,371.68,377.06,370.29,376.48,2959800
2021/3/29,376.36,380.50,374.99,379.06,2740400
2021/3/30,377.55,379.88,371.80,373.56,3066000
2021/3/31,372.80,377.00,371.80,372.07,3356500
2021/4/1,372.20,372.69,365.76,367.07,2977700
2021/4/2,372.20,372.69,365.76,367.07,2977700
2021/4/5,369.62,372.63,367.64,370.18,2709400
2021/4/6,368.78,369.79,362.72,364.37,2698600
2021/4/7,364.19,365.88,360.55,365.64,2158900
2021/4/8,363.11,366.91,363.11,364.89,2426700
2021/4/9,368.35,376.61,367.00,376.30,2483200
2021/4/12,374.48,379.83,374.03,376.28,3057300
2021/4/13,376.25,379.31,374.33,374.50,2652300
2021/4/14,375.34,378.01,374.58,375.63,2805600
2021/4/15,380.00,392.36,380.00,390.01,4488300
2021/4/16,393.92,393.92,385.46,391.01,4532400
2021/4/19,390.00,393.39,388.47,389.84,2965400
2021/4/20,389.86,397.88,389.42,396.53,3348100
2021/4/21,398.86,401.48,395.44,398.81,2473300
2021/4/22,398.44,398.76,393.19,396.54,2718600
2021/4/23,395.62,401.99,394.50,400.31,2263200
2021/4/26,399.81,400.00,395.21,395.86,1642300
2021/4/27,394.66,396.33,392.30,394.50,1758500
2021/4/28,395.18,396.99,393.30,394.59,1886500
2021/4/29,396.75,402.16,396.30,401.55,1996500
2021/4/30,401.00,401.86,398.35,398.80,2328100
2021/5/3,401.00,406.77,400.53,405.90,2568500
2021/5/4,405.48,412.47,403.50,411.34,3237200
2021/5/5,410.50,412.75,406.80,412.50,2767600
2021/5/6,413.00,416.85,412.56,414.97,3058700
2021/5/7,415.00,419.02,414.07,417.65,1851000
2021/5/10,419.27,425.98,418.22,420.89,2489300
2021/5/11,421.00,422.29,410.61,411.70,3024000
2021/5/12,409.29,410.85,404.68,405.37,2888100
2021/5/13,406.28,413.18,404.32,408.56,2637500
2021/5/14,410.99,412.59,408.50,409.80,2072900
2021/5/17,409.31,412.51,408.57,408.63,1583900
2021/5/18,409.69,412.96,406.27,410.38,2694800
2021/5/19,409.49,410.72,404.25,409.50,2783100
2021/5/20,409.53,413.83,408.32,408.64,2105800
2021/5/21,410.76,418.63,409.46,411.63,4295400
2021/5/24,412.37,413.90,409.92,410.95,1883600
2021/5/25,411.85,413.86,408.89,413.05,2285600
2021/5/26,412.10,415.30,411.01,413.21,1903900
2021/5/27,414.92,415.11,410.38,412.70,2041800
2021/5/28,412.70,415.47,410.02,411.92,2367900
2021/5/31,412.70,415.47,410.02,411.92,2367900
2021/6/1,413.73,413.73,406.16,406.72,2199600
2021/6/2,409.14,409.14,404.55,405.85,2232900
2021/6/3,403.50,409.76,402.84,407.96,2281200
2021/6/4,410.96,411.00,404.65,405.64,2990900
2021/6/7,406.96,407.21,398.69,400.25,3353800
2021/6/8,400.72,402.75,398.75,401.74,3051300
2021/6/9,403.33,405.78,400.53,401.10,1925700
2021/6/10,401.91,402.85,398.47,401.49,4033600
2021/6/11,403.35,403.36,394.78,397.89,3094300
2021/6/14,397.30,399.47,395.13,399.16,2674900
2021/6/15,399.96,401.50,396.47,400.28,2845800
2021/6/16,401.10,403.15,396.67,397.25,3330800
2021/6/17,396.00,398.07,394.61,397.35,3532000
2021/6/18,387.28,392.66,387.25,389.37,5521400
2021/6/21,389.37,399.20,389.22,398.07,3839300
2021/6/22,400.61,400.65,397.82,398.69,3964600
2021/6/23,397.82,399.00,395.27,395.56,2942100
2021/6/24,398.32,402.16,396.84,398.87,3309100
2021/6/25,400.10,409.98,399.02,404.95,16928900
2021/6/28,404.95,404.99,397.93,401.46,3193300
2021/6/29,401.97,403.20,397.48,398.10,2458800
2021/6/30,397.54,401.40,396.80,400.44,2875600
2021/7/1,402.03,405.21,401.81,404.89,2678100
2021/7/2,405.09,409.87,403.88,409.36,1982400
2021/7/5,405.09,409.87,403.88,409.36,1982400
2021/7/6,408.67,411.16,405.71,410.26,2615300
2021/7/7,410.35,412.18,407.20,411.66,2270400
2021/7/8,408.61,410.83,405.08,409.95,2032300
2021/7/9,412.53,413.25,410.64,412.11,2078900
2021/7/12,411.02,416.40,410.31,416.04,2802600
2021/7/13,416.38,419.69,415.71,418.54,2948900
2021/7/14,420.77,422.53,413.35,414.74,3538700
2021/7/15,411.91,421.73,407.20,420.05,3546500
2021/7/16,421.36,422.29,417.64,419.70,2625400
2021/7/19,417.24,419.53,406.81,409.06,3611300
2021/7/20,411.00,417.73,410.61,412.97,3186700
2021/7/21,417.06,417.23,410.83,414.64,1863700
2021/7/22,416.02,416.83,413.73,415.77,1421900
2021/7/23,417.90,419.34,415.99,417.70,1611700
2021/7/26,416.83,417.67,410.90,413.54,2232600
2021/7/27,412.00,415.26,409.46,415.10,2630600
2021/7/28,414.49,414.49,406.80,409.17,2446600
2021/7/29,411.28,412.58,408.42,412.08,1597300
2021/7/30,410.76,413.77,410.25,412.22,1864200
2021/8/2,413.57,416.44,412.81,415.57,1806500
2021/8/3,415.82,422.14,415.08,421.90,2496500
2021/8/4,422.05,423.66,419.71,421.54,1995400
2021/8/5,422.06,422.25,407.89,411.19,3598600
2021/8/6,412.01,416.77,412.01,415.12,1944000
2021/8/9,414.95,416.23,410.35,410.87,1509800
2021/8/10,410.51,413.65,408.57,411.78,1441800
2021/8/11,413.03,413.93,407.51,407.74,1542600
2021/8/12,407.00,408.73,404.30,405.96,1939900
2021/8/13,407.08,410.05,405.92,409.67,1537800
2021/8/16,409.84,417.42,407.33,417.21,2377500
2021/8/17,417.10,422.50,416.63,421.78,2258000
2021/8/18,421.35,421.59,417.09,417.32,3037000
2021/8/19,415.38,428.35,412.40,427.89,3204500
2021/8/20,428.35,431.36,426.91,429.71,2401900
2021/8/23,430.56,430.56,424.90,425.36,2375900
2021/8/24,425.52,425.94,421.72,423.41,1619300
2021/8/25,421.85,423.62,419.45,419.74,1939000
2021/8/26,419.77,421.39,416.63,416.85,1385400
2021/8/27,418.01,420.35,416.12,418.76,1621600
2021/8/30,418.76,420.57,417.89,418.30,1284200
2021/8/31,417.00,420.74,414.22,416.27,4249100
2021/9/1,416.54,419.87,411.24,417.35,2034400
2021/9/2,419.16,424.40,418.24,423.71,3137400
2021/9/3,421.93,424.00,420.61,422.86,1604800
2021/9/6,421.93,424.00,420.61,422.86,1604800
2021/9/7,420.30,422.26,417.58,421.24,1920300
2021/9/8,421.19,422.87,414.20,415.39,2262500
2021/9/9,415.34,420.22,413.93,414.55,3508500
2021/9/10,415.56,416.00,402.59,403.91,4215800
2021/9/13,407.98,416.81,406.45,414.52,3068200
2021/9/14,417.59,417.59,411.37,412.54,2879800
2021/9/15,412.52,421.42,409.50,417.52,3180600
2021/9/16,419.67,423.40,414.96,416.84,2262700
2021/9/17,414.97,421.09,414.97,420.16,4534200
2021/9/20,416.92,419.30,408.72,412.70,2799800
2021/9/21,415.01,418.78,412.21,412.34,2382200
2021/9/22,404.94,412.00,404.94,408.70,3629400
2021/9/23,409.80,414.85,407.51,408.03,2681600
2021/9/24,406.94,407.89,405.23,407.08,1950400
2021/9/27,407.83,412.15,404.96,405.27,2608600
2021/9/28,402.60,404.00,397.02,398.62,3115400
2021/9/29,397.00,401.85,395.80,400.41,2056300
2021/9/30,401.49,403.49,390.46,390.74,3779900
2021/10/1,391.60,393.69,383.12,392.43,3146600
2021/10/4,391.62,395.15,384.76,387.01,3074800
2021/10/5,389.34,396.01,389.24,393.43,3269400
2021/10/6,390.75,394.78,385.84,394.25,2809200
2021/10/7,396.76,408.17,396.71,404.70,2813700
2021/10/8,406.41,409.12,402.64,408.46,2012200
2021/10/11,408.00,411.22,404.21,404.99,2164200
2021/10/12,405.11,408.38,402.31,403.24,2415700
2021/10/13,403.34,405.31,398.11,403.55,3021800
2021/10/14,425.66,433.50,417.80,420.36,6038800
2021/10/15,422.05,430.49,421.50,428.07,3312000
2021/10/18,428.00,428.00,423.84,424.62,2232800
2021/10/19,426.83,427.82,423.40,424.38,1616800
2021/10/20,427.00,435.53,426.84,435.09,2764000
2021/10/21,435.50,442.50,435.08,442.28,2465100
2021/10/22,440.84,449.29,440.46,449.16,2736200
2021/10/25,450.00,452.64,446.44,449.49,3553500
2021/10/26,450.49,457.71,447.59,454.64,3103900
2021/10/27,454.64,460.44,453.48,453.48,3520400
2021/10/28,453.00,457.90,452.52,455.44,1672600
2021/10/29,454.41,461.39,453.06,460.47,2497800
2021/11/1,461.82,465.76,451.18,454.11,2203100
2021/11/2,456.26,456.44,450.38,452.04,2600000
2021/11/3,450.42,457.52,447.04,457.33,2438200
2021/11/4,457.60,458.51,452.16,456.76,2517300
2021/11/5,457.83,461.52,454.58,455.81,2905000
2021/11/8,456.85,464.19,454.31,462.62,2279900
2021/11/9,462.62,464.47,460.29,464.35,2657800
2021/11/10,465.39,466.00,456.63,459.90,2818200
2021/11/11,460.00,460.85,455.44,457.39,2246800
2021/11/12,460.67,461.00,457.08,458.99,2609500
2021/11/15,458.00,458.21,450.50,450.80,2849600
2021/11/16,452.99,458.35,449.37,449.62,3383800
2021/11/17,450.39,453.96,448.73,448.95,2281500
2021/11/18,448.73,452.81,447.11,449.47,2073800
2021/11/19,448.13,449.45,439.50,440.00,3536100
2021/11/22,442.82,443.75,437.39,437.54,2598700
2021/11/23,436.01,447.52,436.00,447.13,2857000
2021/11/24,446.64,450.98,445.64,450.16,2248800
2021/11/25,446.64,450.98,445.64,450.16,2248800
2021/11/26,444.92,448.18,438.21,439.91,2480600
2021/11/29,443.56,453.08,440.55,452.00,4079700
2021/11/30,447.06,451.35,441.25,444.22,7435400
2021/12/1,452.89,455.92,444.14,444.34,4325500
2021/12/2,443.15,447.89,439.22,446.02,4738700
2021/12/3,447.77,454.44,445.17,449.32,3038300
2021/12/6,452.15,461.78,451.52,460.11,4721500
2021/12/7,462.75,465.75,460.23,464.73,3105200
2021/12/8,466.09,470.17,462.49,468.86,3228300
2021/12/9,468.53,474.48,467.36,473.32,2977400
2021/12/10,472.00,478.48,471.01,478.23,2572300
2021/12/13,477.02,480.26,474.01,478.14,2724800
2021/12/14,479.75,483.04,477.18,479.46,3018000
2021/12/15,480.60,495.40,480.14,494.38,4188600
2021/12/16,494.01,496.96,490.11,492.86,4080800
2021/12/17,491.42,493.13,486.38,487.12,5707200
2021/12/20,482.00,485.01,475.26,483.73,3145600
2021/12/21,487.02,489.00,482.20,487.21,2536000
2021/12/22,487.15,495.45,485.90,494.13,1687500
2021/12/23,495.00,498.15,492.81,495.38,1706500
2021/12/24,495.00,498.15,492.81,495.38,1706500
2021/12/27,498.68,500.30,496.64,499.50,1349400
2021/12/28,502.00,505.32,500.40,502.94,1495500
2021/12/29,504.78,507.22,502.00,505.58,1573900
2021/12/30,507.93,509.23,503.65,504.43,1309800
2021/12/31,504.14,506.87,502.04,502.14,1695400
2022/1/3,500.00,502.90,493.05,502.28,3033600
2022/1/4,503.20,503.75,490.88,490.90,3908100
2022/1/5,494.77,497.00,489.69,489.69,3921100
2022/1/6,480.00,484.14,463.12,469.65,6555200
2022/1/7,467.69,467.97,455.55,458.60,5494200
2022/1/10,456.00,465.86,454.44,465.00,5831800
2022/1/11,467.20,470.45,460.67,469.00,3332800
2022/1/12,468.97,475.32,466.34,473.72,3502300
2022/1/13,475.89,476.55,465.98,467.43,3005300
2022/1/14,469.89,473.17,465.08,468.69,3665400
2022/1/17,469.89,473.17,465.08,468.69,3665400
2022/1/18,465.17,465.71,458.35,460.99,3938800
2022/1/19,468.00,475.49,461.51,462.52,4030900
2022/1/20,464.38,471.63,462.00,463.00,3228600
2022/1/21,463.50,470.79,461.07,461.17,4273200
2022/1/24,458.07,464.14,448.13,462.27,4780700
2022/1/25,454.07,459.49,447.27,456.84,3428900
2022/1/26,458.45,463.88,453.45,458.43,4435900
2022/1/27,458.08,468.68,457.01,461.60,3508100
2022/1/28,461.40,466.28,455.08,466.06,3364400
2022/1/31,465.00,473.18,464.40,472.57,3500500
2022/2/1,475.00,475.00,462.75,468.41,3148600
2022/2/2,469.06,481.98,469.06,479.78,3026800
2022/2/3,498.65,500.18,483.57,488.77,4370900
2022/2/4,481.75,489.63,480.19,483.17,3066400
2022/2/7,484.91,487.26,481.30,483.70,2937200
2022/2/8,481.35,495.67,481.35,493.41,3534700
2022/2/9,497.00,500.93,496.29,498.10,2818100
2022/2/10,492.24,494.22,485.07,486.72,2626100
2022/2/11,484.68,490.43,476.44,478.13,2493800
2022/2/14,475.11,477.74,469.33,474.40,2549500
2022/2/15,475.94,481.17,475.20,478.23,3001000
2022/2/16,475.50,481.73,471.40,480.05,2651800
2022/2/17,478.17,479.29,468.89,470.34,2403100
2022/2/18,470.25,474.92,466.83,467.81,2992300
2022/2/21,470.25,474.92,466.83,467.81,2992300
2022/2/22,463.83,467.19,457.82,462.51,3029800
2022/2/23,467.19,467.72,458.84,459.62,2840300
2022/2/24,449.52,456.59,445.74,455.89,3933000
2022/2/25,456.65,475.78,456.23,475.75,3314400
2022/2/28,465.85,477.31,465.61,475.87,3918300
2022/3/1,470.89,476.96,467.73,476.25,2917600
2022/3/2,478.19,487.17,477.89,485.38,3675900
2022/3/3,486.00,491.38,482.22,486.59,3139400
2022/3/4,480.69,499.66,477.49,498.65,4170100
2022/3/7,500.00,500.00,483.02,486.87,4123300
2022/3/8,478.80,484.49,471.52,473.46,3849500
2022/3/9,482.58,487.72,473.59,485.57,3115500
2022/3/10,479.33,493.71,477.83,491.44,2834800
2022/3/11,487.83,493.80,482.51,482.87,2615000
2022/3/14,490.40,495.59,485.28,487.92,2704100
2022/3/15,490.00,499.94,487.31,497.91,3043000
2022/3/16,499.83,505.50,490.01,498.26,3497100
2022/3/17,496.00,507.12,495.18,507.02,2357200
2022/3/18,508.74,510.68,501.56,506.12,5065600
2022/3/21,505.01,513.00,504.36,507.66,2617700
2022/3/22,509.27,511.85,504.84,505.32,2752500
2022/3/23,502.27,507.06,501.33,503.23,2753200
2022/3/24,505.00,515.78,503.86,513.46,2789200
2022/3/25,514.19,516.53,509.24,513.03,2551100
2022/3/28,514.32,517.14,508.81,513.20,2643000
2022/3/29,517.10,519.59,507.30,510.73,3478400
2022/3/30,515.11,521.20,512.48,520.82,3041200
2022/3/31,517.10,521.89,509.67,509.97,3979700
2022/4/1,510.68,514.78,506.60,512.59,2344100
2022/4/4,512.21,512.48,504.53,510.02,2657500
2022/4/5,510.00,524.73,508.00,517.76,3268600
2022/4/6,518.22,533.52,518.00,531.75,3955600
2022/4/7,530.00,538.28,528.39,536.95,2867000
2022/4/8,539.00,548.97,538.10,545.96,3986700
2022/4/11,543.60,547.61,536.64,537.44,3574000
2022/4/12,535.41,540.73,530.78,533.71,3575700
2022/4/13,533.32,538.28,528.62,537.00,3012000
2022/4/14,538.50,553.29,534.07,534.82,4211300
2022/4/15,538.50,553.29,534.07,534.82,4211300
2022/4/18,537.90,541.00,530.38,534.08,2087100
2022/4/19,535.89,542.48,535.24,537.70,2207600
2022/4/20,542.14,548.36,539.00,546.01,2986300
2022/4/21,545.50,548.00,536.03,537.44,2539900
2022/4/22,532.06,533.35,520.18,520.94,3453300
2022/4/25,520.40,526.26,511.73,524.27,3030400
2022/4/26,524.24,526.26,513.51,513.78,2895300
2022/4/27,514.91,520.90,509.82,513.81,3353700
2022/4/28,516.76,526.28,513.17,524.42,2582700
2022/4/29,518.85,519.90,506.96,508.55,2873200
2022/5/2,510.81,513.51,493.34,501.15,3184300
2022/5/3,501.13,505.52,497.48,499.62,2763400
2022/5/4,499.50,509.77,493.09,507.62,4002600
2022/5/5,507.21,510.67,489.23,494.72,3359700
2022/5/6,485.01,501.57,485.00,499.62,3260300
2022/5/9,490.40,494.63,484.43,486.42,3862700
2022/5/10,493.81,496.35,481.12,488.01,4275500
2022/5/11,484.39,500.52,484.39,486.15,3936300
2022/5/12,486.10,486.89,471.42,478.80,3997600
2022/5/13,480.98,487.00,475.81,485.40,2453400
2022/5/16,485.41,495.56,484.15,489.22,2338800
2022/5/17,494.00,494.72,488.46,492.53,2289000
2022/5/18,488.26,489.21,468.36,471.38,3240500
2022/5/19,464.32,481.58,463.33,478.55,3813800
2022/5/20,481.38,487.47,472.31,485.73,3068200
2022/5/23,486.29,495.74,486.29,492.08,2279800
2022/5/24,490.79,498.08,488.66,497.56,2658100
2022/5/25,498.52,502.31,491.26,498.09,3161600
2022/5/26,501.74,507.26,499.41,502.23,2705800
2022/5/27,491.00,507.11,489.39,507.11,3349100
2022/5/30,491.00,507.11,489.39,507.11,3349100
2022/5/31,503.62,504.11,495.66,496.78,4003100
2022/6/1,498.32,501.38,487.78,492.55,1765900
2022/6/2,494.00,496.15,482.97,492.26,2093500
2022/6/3,488.33,491.67,484.90,485.61,1756900
2022/6/6,489.43,493.63,486.29,490.18,1781500
2022/6/7,489.50,497.61,487.12,497.10,2341900
2022/6/8,494.00,497.90,488.55,493.53,3268100
2022/6/9,492.88,496.46,487.61,489.43,3148800
2022/6/10,484.80,490.16,480.93,484.63,2599900
2022/6/13,475.13,481.34,467.26,469.70,3764600
2022/6/14,467.50,469.18,457.42,461.75,3814200
2022/6/15,464.20,469.02,456.50,464.33,2550700
2022/6/16,453.40,457.81,450.68,456.09,3135600
2022/6/17,450.75,461.46,449.70,452.06,5277400
2022/6/20,450.75,461.46,449.70,452.06,5277400
2022/6/21,457.81,485.12,457.10,480.32,5726800
2022/6/22,475.72,495.92,474.54,489.68,5061000
2022/6/23,494.95,503.58,491.96,499.81,4687700
2022/6/24,499.44,499.76,486.56,495.64,15861100
2022/6/27,492.83,511.89,492.58,505.66,3907100
2022/6/28,512.08,518.61,505.08,508.44,4978200
2022/6/29,508.85,518.70,506.01,515.71,3823400
2022/6/30,513.55,516.32,509.72,513.63,3568900
2022/7/1,512.32,517.53,502.31,517.40,2426600
2022/7/4,512.32,517.53,502.31,517.40,2426600
2022/7/5,507.64,511.00,492.25,505.24,3029600
2022/7/6,505.64,517.41,504.30,515.29,2506700
2022/7/7,515.25,517.30,512.23,514.38,2385400
2022/7/8,512.31,528.37,511.01,518.63,3092100
2022/7/11,514.86,521.47,511.81,516.95,1743600
2022/7/12,513.25,519.14,510.62,514.42,2706500
2022/7/13,508.07,511.86,501.19,501.24,3467700
2022/7/14,495.00,505.89,492.28,502.43,3765500
2022/7/15,526.06,531.99,515.45,529.75,5742500
2022/7/18,531.00,532.16,518.75,519.37,3212000
2022/7/19,521.09,533.84,520.59,533.45,2953500
2022/7/20,533.45,534.05,515.73,519.47,4327500
2022/7/21,519.39,522.47,511.14,522.46,2667600
2022/7/22,526.00,527.60,518.40,521.41,1850300
2022/7/25,526.09,532.89,524.22,529.47,2337200
2022/7/26,533.80,537.64,531.03,531.59,2637800
2022/7/27,533.54,537.86,528.04,534.61,2268100
2022/7/28,537.49,544.34,531.74,541.49,2344500
2022/7/29,540.01,543.85,536.69,542.34,2945700
2022/8/1,542.27,543.65,531.00,535.38,2335000
2022/8/2,537.55,540.53,531.72,535.46,2114200
2022/8/3,537.26,543.62,535.69,540.65,1802900
2022/8/4,539.29,540.43,532.76,533.75,2368000
2022/8/5,530.00,535.50,527.56,535.06,2373400
2022/8/8,539.91,541.30,533.42,536.60,1656400
2022/8/9,540.00,545.74,536.38,537.26,2147200
2022/8/10,540.26,541.98,533.81,537.72,2291400
2022/8/11,538.24,538.63,529.67,532.86,3006200
2022/8/12,535.61,544.40,534.45,543.70,1981000
2022/8/15,541.67,547.21,538.56,544.64,1447300
2022/8/16,545.21,547.44,542.39,546.12,1773000
2022/8/17,545.24,547.79,541.57,545.00,1471700
2022/8/18,545.01,548.13,541.82,545.22,1486400
2022/8/19,545.50,553.13,544.82,548.32,2258000
2022/8/22,541.39,549.52,541.35,544.57,1672900
2022/8/23,543.29,543.29,533.21,535.80,2039600
2022/8/24,536.68,539.86,535.02,536.46,1761200
2022/8/25,535.01,542.02,531.25,541.57,1965800
2022/8/26,542.26,543.19,528.22,529.25,1906700
2022/8/29,526.00,532.90,522.87,529.77,1594000
2022/8/30,530.41,531.09,521.79,522.84,2013400
2022/8/31,520.82,527.10,519.16,519.33,2891300
2022/9/1,519.33,524.26,515.09,524.00,2085300
2022/9/2,529.62,529.79,513.81,516.35,1944200
2022/9/5,529.62,529.79,513.81,516.35,1944200
2022/9/6,519.93,527.45,516.92,517.68,2711900
2022/9/7,517.00,523.50,514.68,521.68,2504400
2022/9/8,520.95,528.49,518.81,527.51,1557500
2022/9/9,527.83,527.83,522.58,524.34,2495500
2022/9/12,525.00,535.02,522.50,531.25,2792000
2022/9/13,524.00,525.26,511.97,513.96,3172500
2022/9/14,514.00,515.38,506.10,509.77,2648100
2022/9/15,516.30,527.98,514.14,522.91,3058100
2022/9/16,518.52,522.82,517.08,521.02,3981700
2022/9/19,518.59,524.00,512.97,523.55,2130800
2022/9/20,524.24,524.67,514.81,522.80,2421700
2022/9/21,525.03,528.01,512.02,512.08,2427700
2022/9/22,511.03,520.97,506.11,517.46,2285600
2022/9/23,513.56,514.66,506.38,513.61,2536900
2022/9/26,507.39,512.57,499.00,508.36,2867400
2022/9/27,510.37,516.79,503.58,508.37,2583400
2022/9/28,506.48,516.27,500.80,513.94,3027300
2022/9/29,514.77,514.77,502.47,508.83,2392000
2022/9/30,511.10,516.55,504.84,505.04,3116000
2022/10/3,507.08,517.81,505.40,515.51,2562400
2022/10/4,518.35,524.59,516.83,523.17,3189800
2022/10/5,521.00,529.35,520.13,527.07,2281800
2022/10/6,528.33,528.58,516.74,519.13,2187300
2022/10/7,514.17,514.17,501.06,504.85,3273700
2022/10/10,505.60,506.31,495.02,498.86,2459100
2022/10/11,496.97,506.83,495.18,499.81,2844500
2022/10/12,502.13,508.25,498.21,499.96,2254300
2022/10/13,493.45,513.47,487.74,509.91,3999700
2022/10/14,520.00,529.91,511.93,513.13,5628900
2022/10/17,517.74,524.31,515.28,521.88,3282300
2022/10/18,532.00,532.00,518.33,522.21,2345500
2022/10/19,521.74,523.82,514.60,520.32,2500500
2022/10/20,523.05,529.42,519.78,520.88,2390800
2022/10/21,518.06,536.53,518.01,533.73,2896000
2022/10/24,538.07,546.48,537.80,541.60,2627100
2022/10/25,537.79,543.92,533.90,540.22,2411900
2022/10/26,541.38,547.64,540.21,543.17,2863500
2022/10/27,546.52,546.52,539.76,541.80,2212100
2022/10/28,544.97,553.00,543.69,551.24,2761900
2022/10/31,555.00,558.10,550.13,555.15,2770400
2022/11/1,555.00,555.69,544.22,547.31,3338900
2022/11/2,544.41,554.58,543.07,543.43,2696200
2022/11/3,541.74,547.87,538.13,543.61,2245300
2022/11/4,547.05,547.76,527.14,538.17,3513100
2022/11/7,538.17,546.95,535.47,545.02,2540300
2022/11/8,547.05,554.80,542.00,553.05,2797000
2022/11/9,553.78,554.61,539.44,540.66,2672600
2022/11/10,548.93,551.70,533.95,544.17,3426400
2022/11/11,546.28,546.28,509.65,522.08,7034300
2022/11/14,522.00,528.98,513.41,513.75,5238400
2022/11/15,512.81,516.64,500.77,503.01,5103800
2022/11/16,505.89,514.13,505.47,511.52,3430800
2022/11/17,512.16,526.98,512.16,515.31,4246300
2022/11/18,522.12,533.00,519.46,530.00,3566000
2022/11/21,529.01,531.95,515.38,517.19,3349600
2022/11/22,519.94,524.66,519.91,523.09,2567400
2022/11/23,525.00,530.44,523.00,529.71,2238300
2022/11/24,525.00,530.44,523.00,529.71,2238300
2022/11/25,534.00,540.85,532.52,537.62,1419200
2022/11/28,535.83,539.58,531.69,532.27,2699900
2022/11/29,531.67,532.97,523.65,528.00,3751000
2022/11/30,529.72,548.08,527.48,547.76,9688900
2022/12/1,552.36,553.00,535.80,536.91,2997800
2022/12/2,532.83,538.61,532.44,536.16,2346200
2022/12/5,531.49,540.38,530.88,535.04,2424800
2022/12/6,534.42,540.59,534.24,539.32,3097700
2022/12/7,540.84,545.91,539.63,542.91,2849100
2022/12/8,544.86,551.29,543.78,547.92,2272300
2022/12/9,547.93,548.49,538.87,539.20,2852400
2022/12/12,541.85,546.08,539.28,545.86,2714100
2022/12/13,550.56,550.99,535.10,538.22,3369700
2022/12/14,541.93,543.48,531.57,538.36,2654600
2022/12/15,533.99,534.07,525.47,527.68,2963800
2022/12/16,525.15,525.81,515.72,523.70,7109100
2022/12/19,524.60,527.21,520.93,523.60,1808100
2022/12/20,526.99,526.99,519.70,520.21,2086100
2022/12/21,523.63,527.88,518.10,527.54,2182000
2022/12/22,526.48,529.01,521.63,527.09,1851600
2022/12/23,524.10,531.31,522.90,531.31,1292300
2022/12/26,524.10,531.31,522.90,531.31,1292300
2022/12/27,533.93,535.84,529.85,531.99,1596700
2022/12/28,535.07,538.15,527.73,528.45,1694200
2022/12/29,532.54,533.68,528.86,529.88,1379700
2022/12/30,530.00,530.50,524.84,530.18,1849600
2023/1/2,530.00,530.50,524.84,530.18,1849600
2023/1/3,525.13,525.63,512.16,518.64,3525600
2023/1/4,518.64,518.64,500.60,504.50,5070400
2023/1/5,501.01,502.09,488.50,489.96,5497100
2023/1/6,491.59,492.87,487.54,490.00,4841300
2023/1/9,492.41,499.99,488.54,490.06,3702800
2023/1/10,488.85,490.47,482.68,486.00,3164000
2023/1/11,485.29,495.60,485.00,493.40,4274200
2023/1/12,490.00,498.73,485.22,495.67,3726800
2023/1/13,486.11,509.50,486.00,489.57,5390100
2023/1/16,486.11,509.50,486.00,489.57,5390100
2023/1/17,491.20,492.94,483.78,485.08,4495600
2023/1/18,488.05,489.50,474.75,476.24,4398200
2023/1/19,477.87,486.39,477.39,484.36,4549600
2023/1/20,485.53,486.99,479.00,486.72,3525900
2023/1/23,486.68,490.10,481.39,485.81,3418700
2023/1/24,500.26,500.26,480.00,491.60,3036300
2023/1/25,489.28,495.36,485.73,492.50,3037300
2023/1/26,492.50,496.45,490.58,492.48,3005000
2023/1/27,493.37,493.37,484.47,486.05,3177100
2023/1/30,487.81,495.25,484.80,485.79,3606900
2023/1/31,498.00,505.50,493.13,499.19,5567000
2023/2/1,499.95,504.38,495.67,497.00,3451200
2023/2/2,494.26,495.00,463.89,470.83,11169900
2023/2/3,475.23,478.78,469.75,472.02,5440100
2023/2/6,472.00,478.97,471.01,475.24,4174200
2023/2/7,471.04,478.08,469.03,476.88,3394600
2023/2/8,475.47,485.04,475.11,483.22,3466400
2023/2/9,485.63,489.70,482.40,485.73,3664600
2023/2/10,489.13,495.66,488.75,494.25,3418100
2023/2/13,494.00,499.87,491.76,495.35,2589000
2023/2/14,494.29,497.95,489.09,492.83,2072600
2023/2/15,489.65,491.83,488.39,491.25,2242500
2023/2/16,491.15,494.00,487.27,487.35,2611500
2023/2/17,487.38,499.46,487.35,499.08,3891500
2023/2/20,487.38,499.46,487.35,499.08,3891500
2023/2/21,496.70,501.40,490.50,491.31,2877300
2023/2/22,492.81,493.89,488.67,488.89,2982800
2023/2/23,486.66,493.33,485.87,491.69,2511800
2023/2/24,489.58,492.51,483.01,484.33,2940400
2023/2/27,488.77,490.94,481.96,483.32,3006200
2023/2/28,482.67,483.36,473.92,475.94,3902100
2023/3/1,473.61,478.41,472.00,475.22,2996900
2023/3/2,475.21,480.43,473.25,477.70,2188800
2023/3/3,477.94,479.10,474.22,478.56,2863300
2023/3/6,481.37,484.35,479.00,480.78,3812700
2023/3/7,482.98,483.82,472.56,473.88,2589200
2023/3/8,471.75,475.39,466.76,470.60,3036600
2023/3/9,473.95,473.95,463.75,464.91,2780400
2023/3/10,462.77,468.86,457.59,460.33,3787500
2023/3/13,458.65,470.37,458.65,463.68,2971600
2023/3/14,464.65,469.84,459.05,464.58,3258200
2023/3/15,460.99,468.88,459.24,465.43,3770200
2023/3/16,464.71,473.39,463.10,472.02,2940500
2023/3/17,471.39,472.01,466.30,469.50,5290000
2023/3/20,470.00,479.82,470.00,476.96,3119400
2023/3/21,478.39,481.45,475.72,480.10,3163300
2023/3/22,481.95,485.74,474.82,475.52,2632200
2023/3/23,477.41,480.67,466.67,469.91,3284900
2023/3/24,468.98,476.88,467.59,475.99,2533200
2023/3/27,485.55,486.29,478.59,481.90,2271800
2023/3/28,482.00,483.79,470.69,472.58,2369500
2023/3/29,475.11,475.88,464.95,466.59,3733200
2023/3/30,466.57,470.41,461.08,470.06,3324600
2023/3/31,471.52,476.00,470.10,472.59,3996700
2023/4/3,485.20,496.13,483.49,494.19,4729100
2023/4/4,493.03,496.10,491.84,493.25,2624700
2023/4/5,497.39,511.74,496.10,509.23,4964800
2023/4/6,511.00,514.24,507.15,512.81,3472600
2023/4/7,511.00,514.24,507.15,512.81,3472600
2023/4/10,510.81,515.39,508.09,515.18,2714500
2023/4/11,516.14,522.22,515.22,520.97,3065300
2023/4/12,524.98,526.70,520.04,521.19,3422400
2023/4/13,523.91,530.45,520.50,526.23,4224400
2023/4/14,522.00,527.24,508.50,511.79,4872000
2023/4/17,508.72,509.59,502.75,505.35,3660900
2023/4/18,503.67,506.99,498.14,504.48,3232000
2023/4/19,500.65,501.97,483.63,486.20,5809100
2023/4/20,485.47,489.65,483.26,487.46,3283000
2023/4/21,490.04,490.73,482.14,483.82,3165300
2023/4/24,483.41,490.22,482.65,488.94,2322400
2023/4/25,492.68,498.50,490.58,491.92,2937300
2023/4/26,485.87,487.70,478.36,482.95,2930000
2023/4/27,482.20,490.98,482.20,490.47,2473200
2023/4/28,488.69,493.96,488.12,492.09,2398900
2023/5/1,494.59,499.39,491.81,495.70,2105600
2023/5/2,495.25,496.71,489.27,493.39,2152300
2023/5/3,494.40,495.45,488.03,489.44,1749700
2023/5/4,487.05,489.69,481.95,487.28,2555700
2023/5/5,494.06,500.85,492.03,494.28,2329400
2023/5/8,492.04,494.35,488.32,492.62,1738500
2023/5/9,492.84,499.40,490.30,490.38,2038600
2023/5/10,489.40,493.47,487.64,490.07,2018700
2023/5/11,488.00,490.12,485.66,488.76,2384200
2023/5/12,488.76,492.90,487.75,491.23,1536500
2023/5/15,491.40,491.79,483.70,486.86,2169700
2023/5/16,487.62,489.21,479.01,479.72,2178900
2023/5/17,480.00,485.40,477.54,484.81,2682000
2023/5/18,482.05,482.55,473.89,479.23,3040100
2023/5/19,479.58,484.80,477.81,478.82,2317900
2023/5/22,480.44,482.20,477.91,480.62,2242800
2023/5/23,476.18,483.39,472.54,479.44,2874200
2023/5/24,480.61,483.28,478.89,480.83,1904700
2023/5/25,477.63,481.77,474.30,477.70,2684100
2023/5/26,478.06,488.39,478.00,481.52,3135200
2023/5/29,478.06,488.39,478.00,481.52,3135200
2023/5/30,476.68,485.87,476.03,479.85,3180800
2023/5/31,478.12,487.40,477.11,487.24,4944100
2023/6/1,487.79,498.78,486.11,493.63,3376600
2023/6/2,492.00,501.02,490.36,499.58,3064500
2023/6/5,500.70,502.90,497.42,498.19,2688800
2023/6/6,499.90,499.90,483.67,487.57,3816600
2023/6/7,489.95,490.44,481.60,482.13,4381700
2023/6/8,484.39,491.82,482.43,490.23,2725900
2023/6/9,489.99,498.22,487.23,493.62,3174100
2023/6/12,492.30,494.45,488.72,492.59,2207700
2023/6/13,490.87,494.66,488.66,491.31,3016600
2023/6/14,454.64,460.63,445.68,459.86,14672400
2023/6/15,461.99,472.00,460.91,465.89,6798100
2023/6/16,466.14,468.52,457.93,458.49,7699100
2023/6/19,466.14,468.52,457.93,458.49,7699100
2023/6/20,456.75,470.49,456.75,469.39,4597700
2023/6/21,468.95,479.37,467.19,476.75,4886500
2023/6/22,478.18,483.18,478.00,479.05,3179000
2023/6/23,478.33,482.28,476.55,477.00,4862600
2023/6/26,478.14,481.31,473.00,479.06,2968300
2023/6/27,478.13,483.18,477.77,482.56,3693200
2023/6/28,481.96,482.12,473.98,474.45,3670100
2023/6/29,475.08,479.71,473.08,476.44,2979300
2023/6/30,478.00,482.10,475.12,480.64,3970400
2023/7/3,478.10,480.21,476.30,477.88,1915700
2023/7/4,478.10,480.21,476.30,477.88,1915700
2023/7/5,476.03,477.29,470.59,471.22,5053100
2023/7/6,469.35,472.40,466.65,469.36,3913600
2023/7/7,465.00,468.61,460.82,461.58,4131600
2023/7/10,460.00,463.10,459.16,463.05,4339200
2023/7/11,462.37,466.49,461.14,462.89,3086800
2023/7/12,463.00,464.82,451.25,451.70,7287600
2023/7/13,452.00,454.90,447.18,447.75,7276800
2023/7/14,462.55,485.00,460.11,480.17,11379300
2023/7/17,481.11,484.60,478.30,484.08,4582000
2023/7/18,489.33,504.42,487.50,500.00,8816400
2023/7/19,507.54,514.66,502.48,503.70,4956500
2023/7/20,506.66,508.68,500.53,504.24,2963100
2023/7/21,505.05,510.41,504.52,506.53,2887300
2023/7/24,505.33,509.78,504.57,508.68,2279000
2023/7/25,510.00,512.50,507.28,510.93,2730600
2023/7/26,511.54,515.86,506.63,508.00,3697200
2023/7/27,508.57,510.50,503.13,505.23,3028300
2023/7/28,505.21,507.48,497.28,502.91,2930000
2023/7/31,503.00,507.88,499.06,506.37,2441600
2023/8/1,507.50,510.04,502.49,504.74,2161200
2023/8/2,509.69,510.47,502.99,504.80,3220500
2023/8/3,502.89,506.00,501.04,504.86,2442900
2023/8/4,510.00,510.90,501.75,502.73,2411200
2023/8/7,505.74,513.60,504.65,510.74,2430900
2023/8/8,503.00,508.17,500.02,505.86,2422600
2023/8/9,504.00,505.73,500.88,502.11,1916900
2023/8/10,504.47,512.04,502.78,503.48,2179700
2023/8/11,505.63,510.67,504.25,508.01,2029600
2023/8/14,509.15,513.50,508.25,510.93,2127200
2023/8/15,511.58,513.65,506.27,506.69,1817500
2023/8/16,508.00,510.50,502.83,503.56,1454100
2023/8/17,495.48,501.23,491.82,493.96,3009500
2023/8/18,494.78,500.94,493.50,498.44,2364400
2023/8/21,497.51,500.25,496.22,497.68,1533500
2023/8/22,495.42,496.79,491.33,492.34,2079400
2023/8/23,493.00,494.00,487.93,489.44,2011400
2023/8/24,491.43,495.42,487.21,488.10,2311100
2023/8/25,489.92,491.15,484.65,489.12,1923500
2023/8/28,490.49,493.06,489.13,491.28,1344500
2023/8/29,491.47,492.94,487.97,492.83,2113700
2023/8/30,493.99,496.71,490.29,491.53,2283400
2023/8/31,492.36,493.82,476.29,476.58,4927700
2023/9/1,479.00,480.65,473.36,476.24,3165900
2023/9/4,479.00,480.65,473.36,476.24,3165900
2023/9/5,478.00,484.60,477.54,480.81,3443300
2023/9/6,482.09,483.16,476.38,476.94,2596100
2023/9/7,479.90,487.11,478.60,484.81,2928000
2023/9/8,480.19,482.97,478.75,480.77,1858400
2023/9/11,481.98,483.84,478.00,479.38,2059200
2023/9/12,477.38,483.64,472.12,479.90,2195200
2023/9/13,481.43,484.04,479.46,479.84,2197800
2023/9/14,482.63,485.27,478.78,483.60,2334300
2023/9/15,485.74,489.82,484.14,486.70,5334300
2023/9/18,488.41,488.74,483.60,486.06,1997500
2023/9/19,483.76,485.73,476.54,480.66,3230700
2023/9/20,482.75,495.11,479.14,492.13,3724800
2023/9/21,494.19,505.14,493.08,501.14,4703900
2023/9/22,499.00,509.43,498.03,506.10,4558500
2023/9/25,508.26,510.94,506.63,510.28,2758500
2023/9/26,508.94,509.42,504.38,505.45,2420200
2023/9/27,506.23,506.36,501.05,503.73,2593700
2023/9/28,505.97,514.15,505.01,510.10,2922000
2023/9/29,509.85,509.88,503.80,504.19,3006200
2023/10/2,505.53,514.84,503.14,514.57,3550400
2023/10/3,513.30,513.98,508.36,509.47,3143200
2023/10/4,509.49,511.82,506.61,510.62,2801700
2023/10/5,511.62,518.21,511.23,516.23,2790700
2023/10/6,516.45,525.95,515.98,524.81,3647200
2023/10/9,521.15,526.87,520.25,526.51,2341600
2023/10/10,526.50,528.14,523.08,524.24,2455700
2023/10/11,520.92,525.59,520.23,524.13,2819300
2023/10/12,524.47,528.58,522.25,525.54,2377300
2023/10/13,533.25,544.46,532.00,539.40,5245400
2023/10/16,543.18,546.78,536.12,538.03,3827600
2023/10/17,539.94,542.43,534.57,536.65,2586000
2023/10/18,543.04,543.98,535.40,536.06,2551400
2023/10/19,536.82,538.34,529.25,531.63,2351200
2023/10/20,531.00,534.43,526.77,527.03,2811100
2023/10/23,527.03,527.78,520.29,521.57,2357700
2023/10/24,522.86,530.67,522.07,525.00,1978200
2023/10/25,527.27,532.36,520.08,530.21,2380100
2023/10/26,525.70,530.47,522.52,528.36,2675800
2023/10/27,525.99,527.74,521.26,524.66,2585600
2023/10/30,525.00,531.82,522.94,529.99,2555400
2023/10/31,535.00,536.68,531.62,535.56,2464200
2023/11/1,529.98,535.83,526.80,531.60,2747400
2023/11/2,532.00,536.84,526.95,536.13,2350900
2023/11/3,534.57,535.98,528.80,530.90,2739500
2023/11/6,531.63,536.02,530.05,533.46,2684900
2023/11/7,535.36,539.65,531.52,537.83,2604800
2023/11/8,540.00,541.40,534.14,536.73,1769200
2023/11/9,537.60,540.91,534.48,539.00,1819600
2023/11/10,542.68,542.68,536.02,541.21,2480800
2023/11/13,541.15,544.15,537.91,542.57,1507900
2023/11/14,539.03,542.67,536.51,540.46,2454000
2023/11/15,540.05,540.46,531.70,538.41,2473700
2023/11/16,538.41,544.86,537.47,539.82,2360300
2023/11/17,540.27,540.52,528.34,536.29,2676900
2023/11/20,533.61,536.34,531.80,535.10,2518400
2023/11/21,537.77,541.67,534.19,539.59,2115700
2023/11/22,542.97,544.40,540.26,543.76,2234500
2023/11/23,542.97,544.40,540.26,543.76,2234500
2023/11/24,544.93,547.59,542.81,547.10,1135000
2023/11/27,547.10,550.89,541.53,543.59,2675800
2023/11/28,545.63,545.82,540.07,540.53,2859300
2023/11/29,530.00,541.86,528.65,534.98,4550000
2023/11/30,535.79,553.94,534.01,552.97,7121200
2023/12/1,550.42,554.70,545.16,547.16,3462200
2023/12/4,548.26,551.87,543.04,548.28,2709200
2023/12/5,549.10,552.53,545.35,550.26,2645600
2023/12/6,547.56,551.88,547.10,549.53,2239700
2023/12/7,551.35,551.51,544.52,548.27,2511700
2023/12/8,550.22,551.73,544.54,549.77,2039900
2023/12/11,549.76,550.00,539.06,543.68,3655300
2023/12/12,545.80,547.49,542.65,545.72,2706100
2023/12/13,544.00,549.42,538.59,549.01,2876600
2023/12/14,544.30,544.92,529.40,534.24,5386800
2023/12/15,530.00,533.50,522.96,531.12,9030100
2023/12/18,529.11,531.47,525.23,526.55,3260300
2023/12/19,524.59,527.62,521.78,524.04,3645600
2023/12/20,523.85,524.83,515.87,515.93,3847800
2023/12/21,518.88,520.82,516.50,519.88,2491600
2023/12/22,519.88,523.01,518.02,520.31,1759500
2023/12/25,519.88,523.01,518.02,520.31,1759500
2023/12/26,519.88,521.48,517.97,520.03,1390800
2023/12/27,519.75,523.16,519.36,522.79,1851800
2023/12/28,523.47,527.87,522.94,524.90,2001000
2023/12/29,525.98,528.24,523.92,526.47,2080100
2024/1/1,525.98,528.24,523.92,526.47,2080100
2024/1/2,526.84,539.66,526.67,539.34,3415700
2024/1/3,543.04,546.79,539.48,542.03,2891400
2024/1/4,545.00,549.00,543.00,545.42,2994400
2024/1/5,547.00,547.00,533.73,537.38,2815400
2024/1/8,539.40,540.25,528.00,536.52,2648900
2024/1/9,538.00,539.61,532.33,538.37,2677000
2024/1/10,538.10,541.20,536.15,537.64,2180000
2024/1/11,536.13,540.16,534.53,539.68,2814100
2024/1/12,518.86,528.48,513.13,521.51,6327300
2024/1/15,518.86,528.48,513.13,521.51,6327300
2024/1/16,523.71,524.50,516.55,519.15,3736700
2024/1/17,521.28,530.66,520.00,524.94,3791300
2024/1/18,505.23,516.84,497.46,516.34,7367000
2024/1/19,515.00,517.55,501.82,503.56,6143400
2024/1/22,503.94,513.57,496.50,512.99,5922900
2024/1/23,512.50,518.08,512.08,515.52,2672900
2024/1/24,517.90,521.73,512.95,513.23,2918800
2024/1/25,487.59,495.51,479.00,493.40,14671000
2024/1/26,493.28,503.69,489.90,503.20,6212200
2024/1/29,503.11,506.51,501.15,504.54,4554100
2024/1/30,504.54,506.05,499.22,503.61,4931200
2024/1/31,504.51,515.00,504.51,511.74,5358100
2024/2/1,508.83,510.22,503.00,507.14,4242600
2024/2/2,508.25,512.91,505.39,510.23,3804500
2024/2/5,509.96,514.20,500.05,502.96,3646300
2024/2/6,503.94,510.94,502.45,510.67,2745400
2024/2/7,514.01,521.00,512.69,519.39,4109100
2024/2/8,520.63,522.16,517.28,520.09,3343000
2024/2/9,518.99,520.39,516.29,518.22,2715400
2024/2/12,518.22,518.99,512.81,517.64,3194000
2024/2/13,522.00,526.93,514.21,516.85,3436000
2024/2/14,515.26,518.53,514.29,516.94,1918500
2024/2/15,517.34,521.75,515.80,520.88,2292100
2024/2/16,522.30,523.79,518.89,521.55,2135500
2024/2/19,522.30,523.79,518.89,521.55,2135500
2024/2/20,524.21,525.37,519.41,521.06,2600200
2024/2/21,523.67,523.69,517.54,521.97,2095900
2024/2/22,524.20,526.74,518.59,526.50,3186800
2024/2/23,526.75,530.50,524.16,527.24,2502000
2024/2/26,528.32,532.81,524.31,525.32,2308900
2024/2/27,524.76,525.59,512.05,513.42,3780600
2024/2/28,495.44,498.55,484.39,498.28,9558600
2024/2/29,498.50,501.75,491.60,493.60,6833200
2024/3/1,489.42,490.02,477.25,489.53,7315000
2024/3/4,483.24,487.04,480.10,481.87,5239800
2024/3/5,482.39,482.90,470.62,473.15,5296200
2024/3/6,474.44,479.80,468.19,472.60,5577500
2024/3/7,474.00,481.19,473.60,478.78,5102000
2024/3/8,478.33,484.25,474.77,476.57,4673600
2024/3/11,477.00,490.31,476.00,489.15,4410100
2024/3/12,488.13,492.28,487.35,489.35,4153800
2024/3/13,493.52,496.00,485.33,488.00,3669000
2024/3/14,488.72,489.68,485.19,489.00,3378500
2024/3/15,487.45,491.22,487.45,490.82,5713500
2024/3/18,492.10,492.10,486.38,487.05,2970500
2024/3/19,489.67,493.44,487.79,493.32,2511700
2024/3/20,492.47,494.60,489.44,494.23,3548200
2024/3/21,492.28,496.20,491.28,491.69,3693400
2024/3/22,495.20,495.83,489.77,490.07,2847300
2024/3/25,490.60,491.48,484.07,485.88,2786100
2024/3/26,488.13,493.34,485.23,492.31,3113300
2024/3/27,493.70,495.73,491.31,493.10,2653100
2024/3/28,495.00,495.87,489.30,494.70,3820000
2024/3/29,495.00,495.87,489.30,494.70,3820000
2024/4/1,494.47,495.78,488.70,489.70,2928700
2024/4/2,459.60,463.68,449.60,458.14,11867000
2024/4/3,462.00,462.85,455.55,459.74,4460400
2024/4/4,460.82,461.72,451.92,455.38,5182000
2024/4/5,450.69,457.75,450.01,455.74,5747400
2024/4/8,455.97,457.20,453.59,456.00,4532300
2024/4/9,454.28,459.76,452.46,459.72,3521200
2024/4/10,455.49,458.74,449.78,450.05,4493500
2024/4/11,450.39,450.77,441.48,441.72,5844100
2024/4/12,440.34,442.24,436.38,439.20,6045700
2024/4/15,442.00,448.35,441.99,445.63,5376800
2024/4/16,476.77,479.75,465.60,468.89,11816500
2024/4/17,478.60,488.00,474.59,478.99,8759800
2024/4/18,486.13,502.00,485.97,493.18,8880400
2024/4/19,497.00,507.30,495.56,501.13,6618600
2024/4/22,497.78,499.42,490.64,491.23,4697700
2024/4/23,491.00,494.31,484.97,486.18,3646700
2024/4/24,483.78,488.86,480.71,487.30,3724400
2024/4/25,488.96,497.13,487.53,493.86,4329700
2024/4/26,492.00,497.23,491.40,495.35,2727000
2024/4/29,495.71,497.35,487.77,489.03,2192100
2024/4/30,488.96,489.71,482.59,483.70,3367500
2024/5/1,479.26,489.19,477.07,484.11,2729200
2024/5/2,484.28,493.69,483.94,492.97,3561400
2024/5/3,490.86,492.79,485.78,492.45,2487600
2024/5/6,492.48,494.87,492.00,494.38,2029500
2024/5/7,496.00,501.65,495.04,500.96,3752100
2024/5/8,504.17,507.00,500.08,503.21,3078900
2024/5/9,502.14,507.97,502.14,507.03,2342900
2024/5/10,509.00,513.58,507.00,512.81,2784600
2024/5/13,512.05,514.67,507.31,511.74,2454500
2024/5/14,514.58,516.17,507.30,513.88,2949700
2024/5/15,514.83,522.59,514.83,517.55,2981200
2024/5/16,520.00,528.16,519.51,521.27,3655800
2024/5/17,522.94,525.85,520.01,524.63,2657200
2024/5/20,524.63,524.63,516.54,517.23,2476200
2024/5/21,518.32,524.72,515.92,523.55,2521900
2024/5/22,522.82,526.28,520.65,521.35,2299100
2024/5/23,518.32,520.23,515.23,516.83,3055400
2024/5/24,516.11,517.14,507.52,508.17,2527800
2024/5/27,516.11,517.14,507.52,508.17,2527800
2024/5/28,506.65,506.65,501.90,503.68,2912800
2024/5/29,492.34,493.90,473.27,484.72,7521600
2024/5/30,482.32,486.03,478.00,481.65,5169700
2024/5/31,482.41,498.41,482.41,495.37,6694800
2024/6/3,494.13,498.68,493.07,497.44,2795100
2024/6/4,498.56,508.27,494.59,505.49,3178400
2024/6/5,508.70,509.10,498.80,503.12,2464400
2024/6/6,503.65,504.70,497.28,501.92,2419600
2024/6/7,502.04,502.86,490.42,490.69,3416300
2024/6/10,491.00,495.39,486.19,495.00,3332800
2024/6/11,490.86,497.78,490.29,496.22,4599700
2024/6/12,500.00,500.00,487.42,493.07,4048200
2024/6/13,490.28,502.00,484.38,497.30,4951700
2024/6/14,496.83,497.85,491.73,497.12,3188400
2024/6/17,491.33,493.12,488.70,489.23,2407200
2024/6/18,490.71,491.66,479.04,481.05,3692700
2024/6/19,490.71,491.66,479.04,481.05,3692700
2024/6/20,480.04,485.92,478.11,484.52,5258100
2024/6/21,484.44,488.30,480.59,482.59,6368600
2024/6/24,488.86,490.89,484.50,489.98,5139800
2024/6/25,490.64,490.64,480.60,484.50,2916100
2024/6/26,484.50,487.44,481.47,484.04,3153100
2024/6/27,485.05,488.98,482.05,486.44,2991900
2024/6/28,496.37,509.40,489.41,509.26,22734200
2024/7/1,506.75,508.91,492.89,494.65,4523100
2024/7/2,494.26,498.47,493.39,498.24,3312000
2024/7/3,497.12,498.08,486.52,489.89,2239200
2024/7/4,497.12,498.08,486.52,489.89,2239200
2024/7/5,489.00,489.67,484.50,488.01,3499000
2024/7/8,489.19,493.88,486.17,489.34,3450600
2024/7/9,488.33,495.40,486.09,492.11,3056800
2024/7/10,490.94,501.50,490.12,500.93,3189800
2024/7/11,497.70,508.73,497.70,504.36,3535100
2024/7/12,506.92,514.57,503.43,511.53,3570600
2024/7/15,524.24,530.83,513.80,515.37,5128000
2024/7/16,533.90,549.92,527.13,548.87,11062000
2024/7/17,554.00,573.61,551.30,573.28,10330800
2024/7/18,564.50,581.50,561.42,564.34,6834800
2024/7/19,567.12,569.90,561.54,565.33,4290400
2024/7/22,563.05,564.25,557.08,558.53,3377300
2024/7/23,558.79,558.84,552.81,554.70,2785600
2024/7/24,560.00,561.13,553.02,559.75,3156200
2024/7/25,562.00,569.89,558.58,559.68,3102900
2024/7/26,560.00,579.13,560.00,569.72,3201900
2024/7/29,565.71,571.35,561.76,566.75,2965000
2024/7/30,566.90,579.43,565.99,576.33,4139100
2024/7/31,565.44,580.90,562.32,576.16,4713200
2024/8/1,577.20,587.50,567.10,572.77,3680800
2024/8/2,582.33,591.54,575.25,589.83,5094000
2024/8/5,582.12,586.82,566.76,569.96,4587400
2024/8/6,568.21,577.52,562.53,568.35,3216500
2024/8/7,566.61,571.65,557.03,566.08,4320700
2024/8/8,564.37,572.45,564.37,566.24,2860800
2024/8/9,564.54,565.93,557.63,558.76,2976700
2024/8/12,562.32,569.00,561.05,565.29,2532400
2024/8/13,569.99,575.73,569.00,574.24,2369400
2024/8/14,575.24,581.12,573.27,579.67,2344400
2024/8/15,579.67,583.34,573.51,579.61,2751800
2024/8/16,580.92,581.65,574.10,577.68,2728900
2024/8/19,578.08,583.30,577.07,578.78,1847900
2024/8/20,579.85,583.81,575.50,580.65,1677500
2024/8/21,581.51,583.39,577.43,578.07,2844300
2024/8/22,579.25,582.95,570.62,578.72,2282000
2024/8/23,581.00,585.21,578.45,584.51,2376400
2024/8/26,588.05,592.09,585.74,587.13,1800000
2024/8/27,589.47,592.34,583.78,587.35,1581900
2024/8/28,589.01,592.84,583.87,588.54,1657000
2024/8/29,590.68,592.61,584.37,591.57,1953200
2024/8/30,590.00,593.26,586.59,590.20,2944700
2024/9/2,590.00,593.26,586.59,590.20,2944700
2024/9/3,592.52,600.66,591.82,598.68,3175500
2024/9/4,600.00,607.94,597.88,604.18,2935000
2024/9/5,604.19,606.00,589.67,595.49,2144800
2024/9/6,595.87,600.61,592.26,596.88,2926400
2024/9/9,598.32,599.48,575.27,594.10,3411400
2024/9/10,595.21,604.80,591.15,599.03,2863500
2024/9/11,589.14,591.40,578.97,589.75,3563600
2024/9/12,588.53,590.51,583.21,588.42,3395800
2024/9/13,591.08,597.68,587.23,594.32,2241900
2024/9/16,595.00,598.79,587.76,589.14,2548600
2024/9/17,586.01,586.72,576.39,577.96,3416000
2024/9/18,576.86,584.52,572.31,580.65,2988300
2024/9/19,583.72,584.83,574.58,577.07,2945700
2024/9/20,571.70,578.84,569.65,575.00,5398700
2024/9/23,576.49,579.43,572.00,573.41,2386100
2024/9/24,570.82,577.31,566.00,575.19,3188500
2024/9/25,577.87,581.11,573.08,576.31,2658800
2024/9/26,575.00,576.60,570.91,574.81,2751900
2024/9/27,577.68,586.71,576.59,581.85,2986200
2024/9/30,583.50,586.42,578.74,584.68,3009700
2024/10/1,585.00,588.70,580.77,583.30,2648400
2024/10/2,604.26,604.52,584.25,592.31,3667000
2024/10/3,590.61,593.23,584.37,592.75,2645800
2024/10/4,592.13,596.13,588.44,591.20,2462600
2024/10/7,588.79,592.44,583.33,583.56,2591100
2024/10/8,588.06,589.21,579.56,581.58,2231400
2024/10/9,582.16,592.80,580.61,591.22,2207700
2024/10/10,595.18,598.95,592.76,597.70,2143200
2024/10/11,596.49,601.52,596.20,598.05,1909700
2024/10/14,599.11,608.63,597.38,605.40,2447100
2024/10/15,552.02,569.70,543.00,556.29,11939400
2024/10/16,557.01,576.18,555.12,571.34,5103900
2024/10/17,560.58,569.47,558.72,566.03,5588700
2024/10/18,566.85,570.95,563.04,569.61,3687000
2024/10/21,569.64,579.28,568.70,571.47,3018000
2024/10/22,567.85,573.04,565.49,569.86,2593800
2024/10/23,572.13,574.14,560.00,564.64,2911900
2024/10/24,564.99,571.70,560.31,560.81,2590200
2024/10/25,566.16,571.50,563.61,564.56,2513700
2024/10/28,566.25,568.33,562.81,565.24,1826500
2024/10/29,562.82,567.68,560.66,562.13,2600300
2024/10/30,561.25,570.31,560.95,562.96,2323600
2024/10/31,560.88,568.45,560.88,564.50,2490000
2024/11/1,565.12,570.33,563.90,567.56,2548300
2024/11/4,566.74,568.59,555.42,557.77,2656600
2024/11/5,558.28,568.74,554.40,567.03,2608100
2024/11/6,603.90,605.50,590.85,596.69,6591300
2024/11/7,598.69,607.64,596.15,605.45,5254300
2024/11/8,609.00,619.80,605.20,615.81,3875800
2024/11/11,616.90,630.73,613.92,625.25,3003200
2024/11/12,619.58,624.48,613.78,614.67,2809400
2024/11/13,613.00,613.01,603.06,605.87,3409400
2024/11/14,603.48,606.00,588.99,593.15,3079200
2024/11/15,591.92,598.93,589.95,592.23,3423900
2024/11/18,589.44,594.14,585.32,589.65,2577100
2024/11/19,582.72,586.84,576.77,577.00,3198300
2024/11/20,582.71,602.64,581.55,600.50,3928600
2024/11/21,600.00,604.00,596.73,597.49,2722900
2024/11/22,598.56,601.26,588.67,590.87,3197900
2024/11/25,597.58,609.84,595.01,605.83,5146200
2024/11/26,608.24,608.47,598.88,606.79,2693600
2024/11/27,611.03,617.45,606.70,608.38,2269800
2024/11/28,611.03,617.45,606.70,608.38,2269800
2024/11/29,608.80,615.78,606.62,610.20,2010800
2024/12/2,614.00,614.00,600.77,608.52,3364900
2024/12/3,610.85,615.75,604.82,605.23,2329900
2024/12/4,611.02,622.83,606.97,610.79,4147600
2024/12/5,605.64,608.99,573.89,578.97,5943700
2024/12/6,582.11,582.11,544.14,549.62,13003600
2024/12/9,552.00,562.98,544.64,560.62,7684700
2024/12/10,562.00,567.75,557.03,565.19,5360600
2024/12/11,555.66,558.10,532.67,533.53,10363000
2024/12/12,531.53,534.00,514.19,515.76,9403800
2024/12/13,515.64,527.53,510.72,520.48,8202900
2024/12/16,518.00,521.70,496.08,498.50,8880000
2024/12/17,487.00,495.60,475.82,485.52,14132700
2024/12/18,488.43,506.54,486.00,499.72,10147600
2024/12/19,500.14,503.65,486.24,489.25,7418100
2024/12/20,489.29,502.64,488.73,500.13,10956900
2024/12/23,500.76,508.78,499.05,506.34,4286000
2024/12/24,504.40,506.10,500.59,506.10,1824400
2024/12/25,504.40,506.10,500.59,506.10,1824400
2024/12/26,505.65,512.22,504.73,511.15,3387000
2024/12/27,509.42,513.18,507.80,509.99,3471800
2024/12/30,506.86,509.73,500.66,507.80,5408600
2024/12/31,509.35,511.00,503.34,505.86,4214000
2025/1/1,509.35,511.00,503.34,505.86,4214000
2025/1/2,508.00,512.11,503.29,504.51,4234900
2025/1/3,506.35,516.29,505.38,513.00,3019500
2025/1/6,513.00,520.30,509.82,513.67,4444800
2025/1/7,518.85,519.50,511.22,514.25,3914500
2025/1/8,514.50,524.67,509.51,524.52,4141700
2025/1/9,514.50,524.67,509.51,524.52,4141700
2025/1/10,526.64,535.45,518.47,520.69,5467500
2025/1/13,535.04,547.40,533.14,541.14,6472500
2025/1/14,539.65,544.55,536.55,543.74,3978300
2025/1/15,537.10,546.29,534.33,543.42,4103900
2025/1/16,530.35,539.84,510.00,510.59,9059900
2025/1/17,505.62,521.82,502.80,509.76,7495700
2025/1/20,505.62,521.82,502.80,509.76,7495700
2025/1/21,514.05,525.00,512.82,524.99,5682100
2025/1/22,521.66,524.44,516.00,519.72,3756100
2025/1/23,527.87,531.48,519.32,529.77,4580800
2025/1/24,528.11,534.63,524.51,532.51,3671200
2025/1/27,539.98,551.91,539.98,543.52,4263000
2025/1/28,543.01,546.50,537.84,542.48,3162700
2025/1/29,541.73,543.48,534.01,538.10,2737600
2025/1/30,539.47,547.11,535.00,545.57,2924700
2025/1/31,543.24,549.16,541.41,542.49,4120500
2025/2/3,542.00,553.91,541.07,548.18,4083600
2025/2/4,545.20,548.81,541.51,545.45,2869900
2025/2/5,530.73,540.70,521.91,539.81,4621600
2025/2/6,537.89,539.10,525.27,530.04,3926800
2025/2/7,529.20,532.39,525.39,527.03,3349100
2025/2/10,527.67,534.16,523.38,533.37,3143100
2025/2/11,535.00,547.54,528.27,533.92,2631900
2025/2/12,539.85,542.35,525.51,527.40,3859200
2025/2/13,530.90,534.33,527.10,531.18,2835100
2025/2/14,529.00,533.20,522.91,523.51,3705300
2025/2/17,529.00,533.20,522.91,523.51,3705300
2025/2/18,510.94,516.00,497.00,500.73,8759300
2025/2/19,501.33,511.86,498.15,511.04,4380300
2025/2/20,505.19,508.43,500.24,502.42,4144300
2025/2/21,439.55,469.70,438.50,466.42,19864900
2025/2/24,466.68,468.00,457.00,461.52,6919300
2025/2/25,460.77,470.76,450.07,470.38,9101000
2025/2/26,464.65,473.05,458.20,463.59,5108400
2025/2/27,466.17,475.40,465.02,468.56,4216800
2025/2/28,467.00,476.36,464.48,474.96,6146300
2025/3/3,474.37,477.27,465.21,467.05,5700200
2025/3/4,469.75,479.21,466.46,474.61,5864100
2025/3/5,471.07,479.08,471.01,475.98,3637100
2025/3/6,476.00,488.12,472.00,487.72,4964000
2025/3/7,483.83,499.92,483.37,493.48,5434100
2025/3/10,492.28,497.85,477.71,480.22,5108900
2025/3/11,482.50,486.77,477.14,486.04,4101000
2025/3/12,483.14,487.60,478.82,481.11,3680800
2025/3/13,479.45,484.06,475.00,481.52,2876600
2025/3/14,481.00,489.45,478.24,488.65,3915900
2025/3/17,487.51,500.61,485.95,499.02,5152300
2025/3/18,502.24,505.97,497.82,503.80,3617600
2025/3/19,505.04,506.35,500.06,503.20,3317600
2025/3/20,505.25,514.39,503.51,511.30,4965400
2025/3/21,511.68,519.00,505.09,516.85,10244900
2025/3/24,515.08,518.25,511.12,516.50,3840900
2025/3/25,518.28,519.00,511.53,513.43,3015100
2025/3/26,515.20,522.95,512.85,518.20,3253800
2025/3/27,516.29,521.08,512.95,515.72,2822200
2025/3/28,516.87,520.98,515.05,516.04,2379100
2025/3/31,519.18,528.12,518.59,523.75,5238700
2025/4/1,525.74,528.17,520.95,523.12,2962500
2025/4/2,522.95,525.00,516.80,523.20,2378900
2025/4/3,529.99,548.50,529.29,540.44,6457900
2025/4/4,540.64,551.74,524.84,525.05,9919000
2025/4/7,513.40,529.20,503.59,524.70,7356700
2025/4/8,582.17,585.01,547.46,553.08,11762300
2025/4/9,560.14,589.40,554.46,578.50,12691900
2025/4/10,580.24,601.88,580.00,594.40,8646000
2025/4/11,588.92,606.36,586.53,599.47,6121500
2025/4/14,595.00,595.63,579.29,587.06,4839300
2025/4/15,592.24,592.86,582.01,583.59,3871300
2025/4/16,585.32,594.81,582.96,585.04,4192100
2025/4/17,481.95,489.79,447.10,454.11,29120200
2025/4/18,481.95,489.79,447.10,454.11,29120200
2025/4/21,449.76,453.50,424.81,425.33,13029900
2025/4/22,424.64,431.50,417.12,427.18,10156900
2025/4/23,427.07,438.85,423.75,427.96,8345700
2025/4/24,427.57,429.90,423.65,424.25,7629100
2025/4/25,423.56,423.56,412.02,418.64,9263800
2025/4/28,419.75,424.12,415.55,420.00,6614300
2025/4/29,421.19,421.75,409.10,409.23,9909100
2025/4/30,409.03,413.26,401.00,411.44,9192800
2025/5/1,411.32,411.99,399.86,400.68,9316800
2025/5/2,399.96,402.00,393.11,399.92,11392900
2025/5/5,399.12,409.70,397.59,404.81,8157200
2025/5/6,402.80,404.72,393.42,394.51,7858600
2025/5/7,395.35,395.52,385.70,391.06,8517200
2025/5/8,390.00,390.92,385.37,385.55,7218300
2025/5/9,385.67,386.55,378.54,380.64,8381100
2025/5/12,381.00,387.21,376.84,378.75,11004800
2025/5/13,335.74,342.00,309.10,311.38,59478300
2025/5/14,321.45,322.94,307.11,308.01,40029600
2025/5/15,274.90,276.65,248.88,274.35,121849200
2025/5/16,279.29,294.49,269.14,291.91,71094300
2025/5/19,304.77,316.29,297.25,315.89,62524700
2025/5/20,320.92,324.64,312.58,321.58,41487000
2025/5/21,301.00,309.96,300.07,302.98,45506900
2025/5/22,293.89,305.67,292.50,296.67,27159600
2025/5/23,296.10,299.70,291.64,295.57,16873600
2025/5/26,296.10,299.70,291.64,295.57,16873600
2025/5/27,299.50,299.95,289.13,295.00,20144600
2025/5/28,294.00,303.78,293.28,298.11,16114200
2025/5/29,296.80,303.38,295.00,298.17,16221100
2025/5/30,297.97,305.64,295.84,301.91,16309300
2025/6/2,303.12,313.55,300.97,304.72,19074400
2025/6/3,303.10,305.72,300.01,301.22,12805700
2025/6/4,303.54,307.64,300.20,300.38,11255600
2025/6/5,300.38,302.42,294.11,295.84,13529000
2025/6/6,297.23,304.39,297.15,303.22,12589000
2025/6/9,305.04,307.40,301.14,303.19,12170300
2025/6/10,303.80,305.12,300.59,303.79,11384100
2025/6/11,302.68,311.58,302.23,310.56,14711400
2025/6/12,311.40,318.80,308.51,318.50,15957200
2025/6/13,315.90,317.42,311.91,313.53,13762400
2025/6/16,313.00,313.27,304.79,307.66,14240100
2025/6/17,307.45,309.95,305.52,308.87,11593900
2025/6/18,307.55,311.79,306.23,307.20,12205600
2025/6/19,307.55,311.79,306.23,307.20,12205600
2025/6/20,309.50,309.59,301.59,302.01,16177900
2025/6/23,301.90,302.47,295.52,300.68,12274700
2025/6/24,301.45,305.82,299.33,305.62,8781400
2025/6/25,304.38,304.38,299.80,302.02,8722100
2025/6/26,302.57,306.71,301.29,302.62,6532700
2025/6/27,302.95,310.45,302.20,309.11,15304400
2025/6/30,309.00,312.38,306.34,311.97,10074100
2025/7/1,311.97,326.55,311.08,326.14,17865500
2025/7/2,320.74,322.42,306.43,307.56,18177200
2025/7/3,309.84,312.25,308.23,308.55,6161100
2025/7/4,309.84,312.25,308.23,308.55,6161100
2025/7/7,308.00,308.61,301.20,303.71,9031200
2025/7/8,304.23,308.30,303.80,307.70,9613800
2025/7/9,303.19,303.60,298.75,302.91,12816700
2025/7/10,303.06,304.93,296.60,299.51,11355600
2025/7/11,300.02,304.12,298.00,304.10,9808200
2025/7/14,301.64,304.04,299.00,300.58,10681400
2025/7/15,299.71,300.68,291.03,291.71,16019000
2025/7/16,292.55,295.99,290.75,292.49,9714000
2025/7/17,292.33,293.00,283.83,288.07,14792700
2025/7/18,287.89,288.07,280.81,282.65,14979700
2025/7/21,284.64,286.50,281.20,282.14,10319200
2025/7/22,282.63,287.11,282.00,285.13,14600300
2025/7/23,287.50,292.64,284.95,292.51,13111100
2025/7/24,283.10,289.21,278.22,278.58,22585200
2025/7/25,281.00,286.14,279.94,281.06,16486600
2025/7/28,283.50,285.00,279.69,282.12,15779400
2025/7/29,265.70,272.91,260.55,261.07,41706000
2025/7/30,264.80,266.63,258.12,266.04,22371800
2025/7/31,261.40,261.40,247.75,249.56,29606900
2025/8/1,250.61,251.49,234.60,237.77,39989200
2025/8/4,238.24,242.25,236.95,240.98,17427900
2025/8/5,241.16,252.07,240.05,251.00,23795900
2025/8/6,250.64,253.16,245.31,245.78,12946400
2025/8/7,246.42,248.75,239.50,244.67,11369900
2025/8/8,244.79,251.08,244.37,250.89,10185700
2025/8/11,253.87,258.40,252.14,252.37,11779500
2025/8/12,254.02,262.88,253.67,261.57,12171800
2025/8/13,264.39,272.19,262.89,271.81,19480300
2025/8/14,272.10,273.85,267.00,271.49,25011100
2025/8/15,301.71,310.30,294.71,304.01,68198500
2025/8/18,313.18,316.40,307.42,308.49,39600500
2025/8/19,308.90,310.50,299.21,304.24,22348600
2025/8/20,306.40,307.20,295.70,299.84,16679000
2025/8/21,302.29,306.57,297.80,303.35,13359000
2025/8/22,306.10,310.68,304.58,307.42,14930000
2025/8/25,308.49,308.87,302.73,304.86,8917100
2025/8/26,304.31,308.96,294.20,300.43,16303200
2025/8/27,300.54,305.97,300.50,303.88,9982800
2025/8/28,304.25,304.47,299.40,302.29,11235000
2025/8/29,302.30,310.00,300.91,309.87,12065400
2025/9/1,302.30,310.00,300.91,309.87,12065400
2025/9/2,308.31,312.89,307.30,308.80,10957100
2025/9/3,308.11,309.59,303.70,307.88,9654600
2025/9/4,306.10,311.91,304.10,310.38,7725700
2025/9/5,310.44,317.94,308.20,315.39,14126700
2025/9/8,319.71,321.65,313.80,320.25,18438600
2025/9/9,332.50,351.71,327.16,347.92,46408900
2025/9/10,345.56,348.57,341.40,346.78,17804300
2025/9/11,349.00,360.98,345.84,353.61,18943500
2025/9/12,355.90,362.31,352.46,352.51,14016200
2025/9/15,351.26,351.71,342.53,347.89,11035900
2025/9/16,347.50,349.04,338.32,339.78,12695800
2025/9/17,337.69,343.00,337.69,341.61,8467700
2025/9/18,343.53,344.93,334.12,334.82,11255600
2025/9/19,336.50,340.96,333.84,336.69,13656800
2025/9/22,334.46,342.48,332.60,341.30,8903700
2025/9/23,341.00,352.70,339.96,347.69,12504100
2025/9/24,350.20,354.50,347.84,351.81,9016300
2025/9/25,348.90,350.19,343.60,345.56,8104900
2025/9/26,347.93,349.97,341.30,344.08,6774700
2025/9/29,343.98,345.55,341.45,345.18,6878900
2025/9/30,343.75,349.32,342.33,345.30,7429700
2025/10/1,343.90,348.70,341.63,348.30,8825500
2025/10/2,347.29,355.08,344.65,353.72,8564200
2025/10/3,357.25,368.00,356.61,360.20,13494800
2025/10/6,361.03,362.52,357.11,358.77,7181700
2025/10/7,359.41,364.72,358.06,363.66,7236200
2025/10/8,366.93,374.63,365.80,369.92,9438300
2025/10/9,372.52,376.22,366.08,367.69,8759800
2025/10/10,369.40,369.40,352.51,354.50,13141900
2025/10/13,354.74,359.16,353.32,358.66,5659400
2025/10/14,354.95,362.33,353.40,359.93,5974800
2025/10/15,359.39,364.22,355.85,361.15,6579600
2025/10/16,361.84,362.00,354.40,356.67,5872100
2025/10/17,351.00,358.39,350.83,356.60,8608400
2025/10/20,358.54,365.57,357.51,364.48,5996500
2025/10/21,365.14,371.05,361.50,365.37,6885300
2025/10/22,363.96,364.00,358.00,361.49,7833000
2025/10/23,355.58,362.28,353.64,360.45,5756700
2025/10/24,361.37,365.42,360.03,362.50,5462100
2025/10/27,363.50,366.22,361.40,365.98,7766400
2025/10/28,380.68,381.00,358.63,367.84,18858700
2025/10/29,364.28,366.15,353.88,355.26,11874900
2025/10/30,347.52,354.54,343.60,344.75,11441900
2025/10/31,344.39,346.28,337.12,341.56,8390800
2025/11/3,339.13,340.70,326.60,333.79,11181400
2025/11/4,327.63,336.50,327.20,330.83,9646600
2025/11/5,326.30,330.21,324.22,327.74,9697100
2025/11/6,328.92,332.37,321.45,321.56,7922100
2025/11/7,319.66,324.55,314.16,324.21,9402900
2025/11/10,319.99,324.25,317.17,321.58,9283800
2025/11/11,323.30,327.86,319.88,327.45,7157800
2025/11/12,328.45,343.17,327.08,339.06,10403300
2025/11/13,338.35,339.03,331.29,332.52,7788700
2025/11/14,326.95,328.21,320.49,321.86,8676500
2025/11/17,320.60,327.88,319.43,320.52,6485400
2025/11/18,317.01,317.50,308.77,313.58,9182100
2025/11/19,313.93,315.00,304.53,309.09,8181100
2025/11/20,310.81,314.75,310.00,311.54,7337600
2025/11/21,311.91,323.84,311.44,319.97,8406300
2025/11/24,324.53,325.85,317.62,319.05,10773800
2025/11/25,321.12,328.00,320.90,326.28,6149100
2025/11/26,326.59,335.19,325.89,329.71,5504200
2025/11/27,326.59,335.19,325.89,329.71,5504200
2025/11/28,331.67,332.06,328.89,329.77,2464500
2025/12/1,327.16,330.06,323.03,323.21,6154600
2025/12/2,323.37,328.70,322.80,324.54,7978100
2025/12/3,326.00,341.41,325.01,339.71,9770000
2025/12/4,339.40,341.26,328.72,333.49,8061600
2025/12/5,335.00,335.71,328.51,330.91,5906000
2025/12/8,328.70,329.10,322.83,323.62,4782800
2025/12/9,323.16,326.36,322.48,323.60,4628400
2025/12/10,322.75,328.73,319.60,328.37,5910500
2025/12/11,330.37,339.25,328.76,336.73,7513200
2025/12/12,337.50,344.98,337.37,341.84,7979000
2025/12/15,340.99,344.96,337.00,341.10,6447200
2025/12/16,340.42,340.99,331.03,334.20,6334000
2025/12/17,333.61,335.52,330.48,331.63,4685600
2025/12/18,328.93,330.18,324.57,328.14,6354900
2025/12/19,328.06,334.60,326.07,327.42,10553000
2025/12/22,322.90,329.80,321.65,325.16,7872400
2025/12/23,324.00,327.80,323.76,324.80,4463300
2025/12/24,325.20,328.99,324.13,327.58,2842700
2025/12/25,325.20,328.99,324.13,327.58,2842700
2025/12/26,327.20,331.89,326.26,331.83,4359300
2025/12/29,330.89,334.25,328.28,328.94,4346800
2025/12/30,329.73,336.15,329.51,332.16,4432500
2025/12/31,332.32,333.33,329.88,330.11,4285200
2026/1/1,332.32,333.33,329.88,330.11,4285200
2026/1/2,330.90,340.26,327.50,336.40,6863600
2026/1/5,335.45,346.94,333.85,342.02,7956600
2026/1/6,348.35,352.61,345.12,348.97,9441900
2026/1/7,348.98,350.11,338.04,341.70,7461400
2026/1/8,341.01,347.90,340.80,346.85,5059300
2026/1/9,347.25,349.06,342.48,343.98,4129100
2026/1/12,341.42,342.65,333.94,340.51,7146400
2026/1/13,341.50,341.84,332.85,333.93,5605900
2026/1/14,335.37,340.11,334.10,334.96,5740900
2026/1/15,335.20,339.45,328.06,338.96,6943500
2026/1/16,334.86,336.20,330.43,331.02,8039100
2026/1/19,334.86,336.20,330.43,331.02,8039100
2026/1/20,327.40,339.89,326.50,338.43,7596500
2026/1/21,339.43,348.08,338.69,347.75,8933300
2026/1/22,347.18,354.95,346.77,354.47,7491400
2026/1/23,354.28,357.87,352.99,356.26,9082200
2026/1/26,353.95,354.79,347.27,351.64,10399500
2026/1/27,293.97,299.50,280.40,282.70,65836900
2026/1/28,283.72,294.94,283.72,294.02,23396900
2026/1/29,294.33,295.60,289.22,292.29,13456400
2026/1/30,292.10,292.95,284.70,286.93,12022200
2026/2/2,286.02,290.40,282.28,285.59,8664200
2026/2/3,284.70,288.09,278.60,284.18,10809100
2026/2/4,282.01,284.50,274.05,275.92,12944100
2026/2/5,274.29,276.89,266.29,268.55,13035300
2026/2/6,267.06,277.81,266.41,276.65,9572800
2026/2/9,274.15,280.18,273.32,275.70,10371600
2026/2/10,277.52,279.49,272.65,273.22,7284700
2026/2/11,272.44,279.69,269.80,278.91,6333100
2026/2/12,278.16,286.31,275.81,284.37,12336900
2026/2/13,285.63,293.46,284.51,293.19,10281900
2026/2/16,285.63,293.46,284.51,293.19,10281900
2026/2/17,294.00,294.23,288.34,289.09,6091700
2026/2/18,290.00,290.13,286.29,288.20,6632000
2026/2/19,290.89,290.89,286.89,289.93,4931800
2026/2/20,288.90,290.80,285.55,290.00,6974100
2026/2/23,288.55,291.77,281.67,282.34,7247500
2026/2/24,282.20,282.40,271.80,273.95,9684500
2026/2/25,277.29,284.74,276.87,284.20,11380600
2026/2/26,286.98,295.26,285.23,286.66,10210000
2026/2/27,284.70,294.13,283.85,293.27,9723300
2026/3/2,288.16,295.31,287.50,294.93,8141400
2026/3/3,288.99,293.74,284.36,289.21,7051100
2026/3/4,289.01,294.34,287.68,291.96,7796000
2026/3/5,290.05,291.39,286.74,288.77,5397900
2026/3/6,287.34,291.33,283.05,286.48,6810100
2026/3/9,287.34,291.33,283.05,286.48,6810100
