date,open,high,low,close,volume
2013/1/1,37.09,37.90,37.09,37.90,12868000
2013/1/2,38.54,38.99,38.48,38.85,15826400
2013/1/3,39.28,39.52,38.71,38.88,14937200
2013/1/4,38.90,39.30,38.69,39.19,10376000
2013/1/7,39.24,39.69,39.20,39.47,10242400
2013/1/8,39.41,39.84,39.25,39.84,11800400
2013/1/9,40.35,40.64,39.93,40.45,17552800
2013/1/10,40.51,40.69,39.82,40.13,16313600
2013/1/11,39.94,40.31,39.88,40.29,9578000
2013/1/14,40.32,40.45,39.89,40.16,8877600
2013/1/15,39.96,40.16,39.77,40.11,6696000
2013/1/16,40.03,40.19,39.83,40.05,5464400
2013/1/17,40.25,40.27,39.90,39.97,7833600
2013/1/18,39.63,39.63,39.12,39.57,13812400
2013/1/21,39.63,39.63,39.12,39.57,13812400
2013/1/22,39.67,39.92,39.44,39.76,6918000
2013/1/23,39.57,39.99,39.52,39.76,7108800
2013/1/24,39.83,40.04,39.72,39.89,6794000
2013/1/25,39.98,40.03,39.76,39.96,6701600
2013/1/28,40.07,40.15,39.08,39.09,13532000
2013/1/29,38.94,39.27,38.78,39.17,11664000
2013/1/30,39.25,39.77,38.69,38.75,18708000
2013/1/31,39.75,39.88,39.09,39.48,16685600
2013/2/1,39.75,39.87,39.34,39.64,12738400
2013/2/4,39.44,39.60,39.14,39.16,10532000
2013/2/5,39.40,39.90,39.20,39.88,11105200
2013/2/6,39.81,40.22,39.65,40.21,15056800
2013/2/7,39.74,39.95,39.24,39.26,20182800
2013/2/8,39.35,39.74,39.28,39.45,12914000
2013/2/11,39.40,39.54,38.99,39.08,11032400
2013/2/12,39.21,39.42,39.10,39.20,9805600
2013/2/13,39.11,39.35,38.53,38.69,13917600
2013/2/14,38.65,39.16,38.58,38.99,12760000
2013/2/15,39.09,39.52,38.94,39.50,17884400
2013/2/18,39.09,39.52,38.94,39.50,17884400
2013/2/19,39.50,39.70,39.17,39.40,13210000
2013/2/20,39.28,39.40,38.80,38.85,15688800
2013/2/21,38.78,39.57,38.70,39.36,14220800
2013/2/22,39.58,39.90,39.17,39.86,11738000
2013/2/25,39.80,40.09,38.97,38.97,11183200
2013/2/26,39.00,39.65,39.00,39.46,11354000
2013/2/27,39.36,40.03,39.33,39.97,8318000
2013/2/28,40.08,40.08,39.58,39.66,11228000
2013/3/1,39.48,39.72,39.16,39.52,13212000
2013/3/4,39.44,39.88,39.39,39.88,6570000
2013/3/5,40.02,40.44,39.97,40.07,10267600
2013/3/6,40.22,40.42,40.05,40.26,7516000
2013/3/7,40.22,40.44,39.91,40.13,8687200
2013/3/8,40.33,40.35,39.97,40.17,9571600
2013/3/11,40.34,40.40,40.10,40.29,6742000
2013/3/12,40.17,40.24,39.76,39.95,8340800
2013/3/13,39.88,40.10,39.71,39.84,11021600
2013/3/14,39.85,40.27,39.83,40.17,14853600
2013/3/15,40.01,40.16,39.63,39.64,17599600
2013/3/18,39.32,39.79,39.10,39.52,15162800
2013/3/19,39.50,39.84,38.92,39.00,17652400
2013/3/20,39.25,39.99,39.18,39.83,16070400
2013/3/21,39.61,39.93,39.45,39.45,14883200
2013/3/22,39.55,40.04,39.43,40.02,18790400
2013/3/25,40.19,41.07,40.12,41.00,19336800
2013/3/26,41.22,41.94,41.13,41.87,17264800
2013/3/27,41.65,42.31,41.38,42.17,13371200
2013/3/28,42.19,42.74,42.03,42.46,12456400
2013/3/29,42.19,42.74,42.03,42.46,12456400
2013/4/1,42.44,42.75,41.72,41.84,13235200
2013/4/2,42.10,42.22,41.83,41.99,9582000
2013/4/3,42.10,42.13,41.07,41.19,16624800
2013/4/4,41.35,41.63,41.25,41.62,8903600
2013/4/5,41.05,41.35,40.90,41.29,7962400
2013/4/8,41.41,41.59,41.12,41.57,6125600
2013/4/9,41.71,41.72,41.00,41.19,6004400
2013/4/10,41.24,41.83,41.24,41.75,8996400
2013/4/11,41.75,41.97,41.56,41.90,6590000
2013/4/12,41.48,41.71,41.28,41.44,7076800
2013/4/15,41.15,41.22,40.32,40.32,10774000
2013/4/16,40.66,41.20,40.62,41.18,10092000
2013/4/17,40.94,41.01,40.49,40.56,9543600
2013/4/18,40.65,40.85,40.32,40.35,21010800
2013/4/19,40.52,41.03,40.44,40.99,7620400
2013/4/22,40.89,41.09,40.62,40.88,5403600
2013/4/23,41.07,41.42,40.88,41.42,6324000
2013/4/24,41.42,41.89,41.40,41.76,7447200
2013/4/25,41.98,42.62,41.86,42.19,9322800
2013/4/26,42.19,42.40,41.78,41.81,6127200
2013/4/29,41.93,42.12,41.79,41.97,10694400
2013/4/30,42.15,42.47,42.01,42.12,12161600
2013/5/1,41.75,42.06,40.90,41.51,12252400
2013/5/2,42.50,44.92,42.50,43.85,30677200
2013/5/3,44.24,45.21,44.11,44.88,15026400
2013/5/6,44.83,45.19,44.53,44.72,13084000
2013/5/7,44.87,44.97,44.31,44.95,11876400
2013/5/8,44.87,44.88,44.42,44.81,14449200
2013/5/9,44.81,44.97,44.56,44.65,11501200
2013/5/10,44.67,44.76,44.39,44.69,13837600
2013/5/13,44.65,45.11,44.53,44.73,12480000
2013/5/14,44.74,45.37,44.66,45.08,16074800
2013/5/15,45.00,45.45,44.92,45.44,13624400
2013/5/16,45.44,45.44,44.94,44.95,9913600
2013/5/17,45.22,46.15,45.13,46.14,13248800
2013/5/20,45.98,46.22,45.20,45.40,21192000
2013/5/21,45.38,45.67,45.10,45.39,13422800
2013/5/22,45.52,46.10,45.03,45.03,19563200
2013/5/23,44.60,44.88,44.28,44.53,16906000
2013/5/24,44.47,45.28,44.22,45.11,12306400
2013/5/27,44.47,45.28,44.22,45.11,12306400
2013/5/28,45.61,45.63,44.92,45.01,9937200
2013/5/29,44.81,45.05,44.52,44.53,7490400
2013/5/30,44.58,45.50,44.58,45.26,9628000
2013/5/31,45.14,45.35,44.53,44.53,12514400
2013/6/3,44.69,45.17,44.38,45.05,15232400
2013/6/4,44.85,45.44,44.67,45.05,13528400
2013/6/5,44.97,45.05,44.22,44.31,12176800
2013/6/6,44.17,44.85,44.10,44.84,14664800
2013/6/7,45.16,45.25,44.89,44.99,13899200
2013/6/10,45.13,45.78,44.91,45.58,13779200
2013/6/11,45.14,45.49,44.89,44.92,7856400
2013/6/12,45.16,45.16,44.68,44.79,9994800
2013/6/13,44.79,45.69,44.68,45.56,9760400
2013/6/14,45.51,45.62,45.03,45.23,7427200
2013/6/17,45.58,45.93,45.38,45.59,14779200
2013/6/18,45.43,46.31,45.43,46.00,7579200
2013/6/19,46.06,46.28,45.63,45.66,12220800
2013/6/20,45.38,45.62,44.62,44.62,15534000
2013/6/21,45.00,45.38,44.70,44.88,17923200
2013/6/24,44.53,44.87,43.92,44.57,15527600
2013/6/25,44.95,45.35,44.62,45.12,12721600
2013/6/26,45.47,45.78,45.12,45.66,10392800
2013/6/27,45.86,46.25,45.62,46.06,11102400
2013/6/28,46.06,46.18,45.56,45.69,12656400
2013/7/1,45.97,46.87,45.91,46.31,11616000
2013/7/2,46.27,46.76,46.06,46.31,8749200
2013/7/3,46.04,46.86,45.98,46.76,4533200
2013/7/4,46.04,46.86,45.98,46.76,4533200
2013/7/5,47.22,47.72,46.88,47.70,8495600
2013/7/8,47.90,48.19,47.01,47.03,19588000
2013/7/9,47.24,47.38,46.65,46.80,23330400
2013/7/10,46.84,46.95,46.45,46.67,15523200
2013/7/11,47.33,47.51,46.88,47.49,14235200
2013/7/12,47.47,47.68,47.29,47.68,7782800
2013/7/15,47.88,47.96,47.45,47.56,14529200
2013/7/16,47.55,47.68,47.17,47.35,7515200
2013/7/17,47.11,47.49,47.03,47.41,11118000
2013/7/18,47.55,47.85,47.49,47.75,5938400
2013/7/19,47.77,48.00,47.35,47.48,9048400
2013/7/22,47.55,47.83,47.31,47.81,7930400
2013/7/23,47.68,47.87,47.13,47.15,11710800
2013/7/24,47.45,47.46,46.42,46.69,13993600
2013/7/25,47.75,49.00,47.75,48.65,21923200
2013/7/26,48.50,48.65,47.96,48.30,8709200
2013/7/29,48.22,48.37,47.81,47.99,5776400
2013/7/30,48.17,48.30,47.79,47.86,13911200
2013/7/31,48.44,48.72,42.75,44.25,90073600
2013/8/1,45.44,45.44,43.32,44.79,74287200
2013/8/2,45.40,46.02,45.21,46.00,21698400
2013/8/5,46.00,46.28,45.70,46.13,11479600
2013/8/6,46.05,46.08,45.21,45.72,19986800
2013/8/7,45.35,45.50,44.97,45.35,15556400
2013/8/8,45.60,45.64,44.98,45.19,9626800
2013/8/9,45.20,45.34,44.89,44.95,10028400
2013/8/12,44.85,44.99,44.60,44.94,13622400
2013/8/13,45.12,45.16,44.67,44.81,11407200
2013/8/14,44.88,45.37,44.59,44.59,15338800
2013/8/15,44.36,44.37,43.36,43.48,17288400
2013/8/16,43.43,43.68,43.09,43.28,12612400
2013/8/19,43.08,44.22,43.05,43.74,11982000
2013/8/20,43.65,43.82,43.22,43.31,14135200
2013/8/21,43.31,45.38,43.13,44.60,30930800
2013/8/22,44.91,45.36,44.26,44.73,10586400
2013/8/23,45.10,45.15,44.40,44.78,9807200
2013/8/26,44.87,44.87,43.74,43.75,13789200
2013/8/27,43.24,43.77,43.14,43.54,12762400
2013/8/28,43.34,43.95,43.34,43.80,15672000
2013/8/29,43.78,44.32,43.70,43.84,9404800
2013/8/30,43.85,43.88,43.45,43.60,9886400
2013/9/2,43.85,43.88,43.45,43.60,9886400
2013/9/3,44.01,44.60,43.81,44.26,12550400
2013/9/4,44.22,44.47,43.81,44.05,9753200
2013/9/5,44.03,44.17,43.81,44.05,7406800
2013/9/6,44.08,44.47,43.76,44.17,6697200
2013/9/9,44.32,44.66,44.32,44.64,10801600
2013/9/10,45.60,46.16,45.33,46.15,19507200
2013/9/11,46.25,46.63,45.73,46.58,11006000
2013/9/12,46.61,46.95,46.26,46.26,14212000
2013/9/13,46.37,47.33,46.30,47.25,16403600
2013/9/16,47.74,47.77,47.22,47.35,11380800
2013/9/17,47.33,47.97,47.14,47.90,10400800
2013/9/18,47.60,48.50,47.54,48.41,10474800
2013/9/19,48.63,49.50,48.50,48.68,14966400
2013/9/20,48.83,49.71,48.47,49.71,57707200
2013/9/23,49.49,50.22,49.00,49.06,19551600
2013/9/24,49.06,49.20,48.15,48.33,15296400
2013/9/25,48.32,48.50,47.67,47.89,10594800
2013/9/26,48.11,48.62,47.92,48.39,9326400
2013/9/27,48.00,48.43,47.95,48.26,7258400
2013/9/30,47.70,47.99,47.56,47.78,9561600
2013/10/1,47.82,48.40,47.52,48.31,9384800
2013/10/2,47.97,48.25,47.75,47.96,8712400
2013/10/3,48.00,48.03,46.94,47.16,19646000
2013/10/4,47.16,47.79,47.00,47.62,9365600
2013/10/7,46.99,46.99,46.58,46.58,11785200
2013/10/8,46.56,47.10,45.63,45.63,16039600
2013/10/9,45.85,46.17,45.03,45.96,13448000
2013/10/10,46.49,47.28,46.39,47.26,10865600
2013/10/11,47.20,48.05,46.88,48.05,11915200
2013/10/14,47.59,48.45,47.51,48.36,8922400
2013/10/15,48.26,48.60,47.84,47.84,10567600
2013/10/16,48.10,48.95,47.96,48.91,10382800
2013/10/17,48.92,49.69,48.87,49.57,12605200
2013/10/18,49.68,50.25,49.24,50.11,14387200
2013/10/21,50.26,50.42,49.81,50.01,11526000
2013/10/22,50.01,50.67,49.88,49.99,12202800
2013/10/23,49.67,49.78,49.29,49.72,7476400
2013/10/24,49.97,50.85,49.90,50.73,8885600
2013/10/25,50.94,50.97,50.38,50.76,11014400
2013/10/28,50.89,51.12,50.61,50.77,6854400
2013/10/29,50.87,51.31,50.87,51.06,8599600
2013/10/30,51.22,51.22,50.41,50.96,11946400
2013/10/31,49.26,49.72,48.56,49.17,24035200
2013/11/1,49.74,50.24,49.63,49.79,13233600
2013/11/4,49.92,50.00,49.05,49.10,11089200
2013/11/5,48.85,49.49,48.75,49.34,11058000
2013/11/6,49.69,50.05,49.35,49.76,8878800
2013/11/7,49.99,50.09,49.03,49.03,10832400
2013/11/8,48.94,49.62,48.94,49.57,11462400
2013/11/11,49.66,49.92,49.56,49.82,8385200
2013/11/12,49.70,49.79,49.21,49.57,9016400
2013/11/13,49.16,49.94,49.12,49.94,8181600
2013/11/14,49.98,50.06,49.69,50.04,10909600
2013/11/15,49.94,50.63,49.94,50.50,12391600
2013/11/18,50.50,50.68,49.82,49.97,16380800
2013/11/19,50.09,50.10,49.21,49.35,14462800
2013/11/20,49.44,50.05,49.42,49.53,10197200
2013/11/21,49.82,50.50,49.36,50.40,12776400
2013/11/22,50.42,50.58,49.96,50.53,8150800
2013/11/25,50.63,50.66,50.33,50.48,6742000
2013/11/26,50.67,50.90,50.40,50.88,11246000
2013/11/27,50.88,51.21,50.76,51.00,5939600
2013/11/28,50.88,51.21,50.76,51.00,5939600
2013/11/29,51.13,51.27,50.87,50.87,4139200
2013/12/2,51.03,51.62,51.03,51.28,8762000
2013/12/3,49.98,50.65,49.98,50.44,17032800
2013/12/4,50.44,50.83,50.27,50.69,11739200
2013/12/5,50.55,50.74,50.38,50.43,13260000
2013/12/6,50.92,50.96,50.25,50.47,9106800
2013/12/9,50.44,50.67,50.34,50.40,12667200
2013/12/10,50.23,50.42,49.86,49.86,15647200
2013/12/11,50.25,51.98,50.25,51.42,40328000
2013/12/12,51.24,51.41,50.62,50.86,11469200
2013/12/13,51.13,52.00,50.98,51.84,17674400
2013/12/16,52.01,52.64,51.82,51.94,14779600
2013/12/17,52.15,53.45,51.96,53.31,20647200
2013/12/18,53.28,53.87,52.50,53.84,16142000
2013/12/19,53.73,54.47,53.63,54.02,13394800
2013/12/20,54.18,54.55,53.97,53.99,23263600
2013/12/23,54.25,54.71,54.14,54.51,7994800
2013/12/24,54.62,54.90,54.26,54.68,5207600
2013/12/25,54.62,54.90,54.26,54.68,5207600
2013/12/26,54.75,55.06,54.75,55.05,4898800
2013/12/27,55.25,55.35,54.79,54.92,5242000
2013/12/30,55.15,55.40,54.92,55.23,5940000
2013/12/31,55.38,55.68,55.26,55.67,6448400
2014/1/1,55.38,55.68,55.26,55.67,6448400
2014/1/2,55.38,55.51,54.88,55.25,10654000
2014/1/3,55.44,55.62,55.06,55.29,7809600
2014/1/6,55.29,55.58,54.90,54.96,8577600
2014/1/7,55.19,55.53,55.12,55.38,8178000
2014/1/8,55.35,55.75,55.16,55.56,8487200
2014/1/9,55.89,56.13,55.42,55.48,8386400
2014/1/10,55.46,55.69,55.00,55.28,6429600
2014/1/13,55.51,56.05,54.65,54.72,13554400
2014/1/14,54.69,55.66,54.58,55.66,10851600
2014/1/15,55.71,56.22,55.46,55.94,11288000
2014/1/16,55.80,55.94,55.32,55.44,13514000
2014/1/17,55.51,58.06,55.51,58.04,38344400
2014/1/20,55.51,58.06,55.51,58.04,38344400
2014/1/21,58.60,58.88,57.71,57.98,19752400
2014/1/22,58.10,58.46,57.92,58.25,7254400
2014/1/23,57.92,58.08,56.92,57.06,13662400
2014/1/24,56.60,56.74,55.31,55.31,16043200
2014/1/27,55.52,55.52,53.78,54.06,19470800
2014/1/28,54.40,55.59,54.35,55.24,17852400
2014/1/29,54.78,55.19,54.12,54.28,16800000
2014/1/30,56.44,56.50,54.08,55.22,20040400
2014/1/31,54.03,54.72,53.78,53.86,24457200
2014/2/3,54.13,54.46,53.02,53.37,21662400
2014/2/4,53.54,53.97,52.85,53.63,14913600
2014/2/5,53.31,54.19,53.28,53.90,13520800
2014/2/6,54.02,54.75,53.94,54.75,12721600
2014/2/7,55.05,55.50,54.62,55.44,12537200
2014/2/10,55.47,55.53,55.00,55.14,10316800
2014/2/11,55.28,55.72,55.01,55.58,9809600
2014/2/12,55.86,56.22,55.72,56.04,14650800
2014/2/13,55.71,56.19,55.62,56.01,13158800
2014/2/14,56.07,56.56,55.88,56.50,12682000
2014/2/17,56.07,56.56,55.88,56.50,12682000
2014/2/18,56.62,57.12,56.40,56.51,13427200
2014/2/19,56.47,56.95,55.92,55.97,9322000
2014/2/20,56.04,56.24,55.65,55.87,8810000
2014/2/21,55.93,56.17,55.74,55.84,9136000
2014/2/24,55.93,56.86,55.87,56.55,10817200
2014/2/25,56.55,57.11,56.37,56.78,11339600
2014/2/26,56.81,56.97,56.31,56.53,10413600
2014/2/27,56.55,56.95,56.40,56.57,8097600
2014/2/28,56.62,57.00,55.17,56.49,14004000
2014/3/3,55.81,56.01,54.90,55.36,16422800
2014/3/4,56.29,56.49,55.65,56.38,14884800
2014/3/5,56.40,56.45,55.58,55.70,11328400
2014/3/6,55.94,56.52,55.83,55.97,9120400
2014/3/7,56.24,56.43,55.88,56.39,8971200
2014/3/10,56.38,56.59,56.18,56.38,7350400
2014/3/11,56.49,57.10,56.16,56.79,11062800
2014/3/12,56.53,56.92,56.32,56.53,9394800
2014/3/13,56.67,56.87,55.11,55.19,11996400
2014/3/14,55.15,55.48,54.64,55.19,13692000
2014/3/17,55.50,55.97,55.35,55.94,8800000
2014/3/18,56.15,56.69,55.81,56.60,8304800
2014/3/19,56.65,56.77,55.50,55.96,7888800
2014/3/20,56.03,56.03,55.23,55.46,11890000
2014/3/21,55.74,58.17,54.92,55.84,38092400
2014/3/24,56.35,56.56,54.78,55.19,18228400
2014/3/25,55.55,55.76,54.60,54.60,11675200
2014/3/26,54.99,55.05,53.92,53.92,10657200
2014/3/27,53.72,54.04,53.26,53.94,10489600
2014/3/28,53.62,54.08,52.63,53.02,14950000
2014/3/31,53.20,53.97,52.92,53.97,11639200
2014/4/1,54.27,54.54,53.64,53.67,9090400
2014/4/2,53.69,54.12,53.34,53.67,9344800
2014/4/3,53.95,54.07,53.35,53.75,14210400
2014/4/4,53.89,53.93,51.44,51.92,24449200
2014/4/7,51.69,51.86,50.26,50.85,40124000
2014/4/8,50.71,51.48,50.50,50.65,21745600
2014/4/9,51.15,51.94,50.65,51.88,19142800
2014/4/10,52.06,52.27,50.04,50.39,20403600
2014/4/11,49.81,50.00,48.71,49.16,29939600
2014/4/14,49.95,50.49,49.50,50.25,20925600
2014/4/15,50.96,51.24,49.79,51.01,19214000
2014/4/16,51.75,52.39,51.37,52.34,15832800
2014/4/17,52.58,52.88,51.99,51.99,13364000
2014/4/18,52.58,52.88,51.99,51.99,13364000
2014/4/21,52.24,52.38,52.10,52.28,10012400
2014/4/22,52.33,52.65,52.13,52.49,9840000
2014/4/23,52.58,52.58,52.00,52.21,8819600
2014/4/24,52.45,52.62,51.90,52.35,13547200
2014/4/25,50.00,50.95,49.64,49.73,38239200
2014/4/28,49.88,50.48,49.75,50.35,24263200
2014/4/29,50.47,51.01,50.45,50.67,12760000
2014/4/30,50.56,50.91,50.47,50.65,12145600
2014/5/1,51.03,51.83,50.84,51.52,14273200
2014/5/2,51.44,51.78,51.00,51.10,10908800
2014/5/5,50.94,51.97,50.75,51.78,13792800
2014/5/6,51.67,51.76,51.30,51.34,10873200
2014/5/7,51.75,52.25,51.11,52.17,14732000
2014/5/8,52.23,53.03,52.15,52.72,14613600
2014/5/9,52.54,52.72,52.04,52.70,11795600
2014/5/12,52.77,53.12,52.76,52.92,8732800
2014/5/13,53.00,53.17,52.85,53.01,7137600
2014/5/14,52.80,52.97,52.47,52.47,6838000
2014/5/15,52.25,52.42,51.60,51.86,12685200
2014/5/16,51.90,52.52,51.90,52.45,12279600
2014/5/19,52.35,52.74,52.21,52.59,7039600
2014/5/20,52.58,52.58,51.85,51.98,8740000
2014/5/21,52.21,52.67,52.15,52.53,9096400
2014/5/22,52.53,52.57,52.17,52.34,16870000
2014/5/23,52.50,53.07,52.43,53.02,11117600
2014/5/26,52.50,53.07,52.43,53.02,11117600
2014/5/27,53.25,53.63,53.21,53.62,9676800
2014/5/28,53.62,53.62,53.25,53.45,7223200
2014/5/29,53.50,53.67,53.38,53.67,5260400
2014/5/30,53.97,53.99,53.33,53.71,6136400
2014/6/2,53.84,53.92,53.21,53.38,6364000
2014/6/3,53.26,53.31,52.70,52.83,9011600
2014/6/4,52.79,52.86,52.36,52.86,12589600
2014/6/5,53.03,53.12,52.65,53.06,6597600
2014/6/6,53.13,53.35,52.90,53.25,10002400
2014/6/9,53.37,53.50,52.91,53.15,5516400
2014/6/10,53.25,53.69,53.19,53.56,6835600
2014/6/11,53.25,53.48,53.03,53.17,6758000
2014/6/12,53.10,53.29,52.81,52.94,6218000
2014/6/13,52.97,53.02,52.71,52.82,7085200
2014/6/16,52.72,52.75,52.49,52.56,7899200
2014/6/17,52.53,52.98,52.47,52.70,5722400
2014/6/18,52.61,52.81,52.26,52.81,10326000
2014/6/19,52.87,53.04,52.01,52.58,15331200
2014/6/20,52.88,53.03,52.28,52.37,18358800
2014/6/23,52.25,52.45,52.04,52.37,14765200
2014/6/24,52.32,52.65,51.85,51.95,13089600
2014/6/25,51.83,52.62,51.83,52.26,8244800
2014/6/26,52.46,52.47,51.89,52.24,8580400
2014/6/27,52.03,52.47,51.97,52.32,12961200
2014/6/30,52.17,52.94,52.12,52.68,9961600
2014/7/1,52.99,53.84,52.96,53.56,10993600
2014/7/2,53.72,53.87,53.56,53.71,5768800
2014/7/3,53.83,54.25,53.78,54.13,5571600
2014/7/4,53.83,54.25,53.78,54.13,5571600
2014/7/7,54.11,54.39,53.91,54.19,6612400
2014/7/8,54.19,54.22,53.29,53.81,12149200
2014/7/9,53.88,54.07,53.63,54.04,5177200
2014/7/10,53.45,54.22,53.17,53.88,8536800
2014/7/11,53.99,54.26,53.59,54.25,5696800
2014/7/14,54.69,55.59,54.41,55.26,13716400
2014/7/15,55.42,56.19,55.22,55.44,10900800
2014/7/16,55.74,55.79,55.27,55.67,8853200
2014/7/17,55.49,55.50,54.46,54.47,9806000
2014/7/18,54.79,55.47,54.73,55.05,11068000
2014/7/21,54.88,55.03,54.63,54.81,6168400
2014/7/22,55.23,55.65,55.15,55.31,7699200
2014/7/23,55.37,55.63,55.17,55.30,8189200
2014/7/24,55.85,55.96,55.46,55.69,11947600
2014/7/25,53.53,54.17,52.83,53.69,27530400
2014/7/28,53.60,53.74,53.28,53.56,10401600
2014/7/29,53.60,53.93,53.33,53.38,10577200
2014/7/30,53.37,53.70,53.36,53.51,10422800
2014/7/31,53.32,53.34,52.75,52.75,13874000
2014/8/1,52.47,53.26,52.44,52.95,14100000
2014/8/4,53.21,53.29,52.88,53.04,8079600
2014/8/5,52.88,53.10,52.29,52.63,11151200
2014/8/6,52.49,52.85,52.45,52.67,7528400
2014/8/7,52.79,52.86,52.15,52.26,9568000
2014/8/8,52.22,52.64,52.05,52.62,9256800
2014/8/11,52.76,52.81,52.51,52.65,9018400
2014/8/12,52.52,52.80,52.36,52.58,6442000
2014/8/13,52.74,53.03,52.62,52.86,6451200
2014/8/14,53.02,53.15,52.83,53.13,7136800
2014/8/15,53.22,53.33,52.48,52.55,8999600
2014/8/18,52.87,53.61,52.82,53.58,8352400
2014/8/19,53.69,53.92,53.53,53.75,8212400
2014/8/20,53.65,54.11,53.61,54.05,7296800
2014/8/21,54.12,54.24,53.93,53.94,5544000
2014/8/22,54.05,54.24,53.83,54.02,7145600
2014/8/25,54.30,54.33,53.96,54.01,4962400
2014/8/26,54.12,54.50,54.04,54.18,6944000
2014/8/27,54.28,54.38,53.82,54.28,8035600
2014/8/28,53.75,53.94,53.44,53.65,11083600
2014/8/29,53.64,53.75,53.03,53.13,14646000
2014/9/1,53.64,53.75,53.03,53.13,14646000
2014/9/2,53.35,53.74,53.18,53.68,8066400
2014/9/3,53.77,54.04,53.58,53.72,7788400
2014/9/4,53.86,54.03,53.50,53.56,9492400
2014/9/5,53.59,53.59,53.28,53.55,8202800
2014/9/8,53.50,54.06,53.38,53.94,10266400
2014/9/9,53.82,53.87,53.50,53.57,7328800
2014/9/10,53.52,54.66,53.51,54.22,12646800
2014/9/11,54.17,54.19,53.61,53.74,8861200
2014/9/12,53.72,53.94,53.19,53.51,8710800
2014/9/15,53.46,53.90,53.46,53.66,7036800
2014/9/16,53.73,54.44,53.41,54.33,9211600
2014/9/17,54.25,54.37,53.42,53.88,12321200
2014/9/18,53.98,54.17,53.79,54.11,9215200
2014/9/19,54.42,54.54,53.87,54.06,20475200
2014/9/22,54.24,54.24,53.44,53.47,9074000
2014/9/23,53.47,53.47,53.12,53.12,7959600
2014/9/24,53.19,53.75,53.06,53.60,8336000
2014/9/25,53.51,53.57,52.60,52.68,11729600
2014/9/26,52.86,53.06,52.64,52.99,7178800
2014/9/29,52.55,52.87,52.28,52.73,8788800
2014/9/30,52.79,53.51,52.76,53.34,11456000
2014/10/1,53.21,53.45,52.44,52.50,11686000
2014/10/2,52.25,52.50,51.95,52.43,11411600
2014/10/3,52.76,53.08,52.54,53.00,9960800
2014/10/6,53.15,53.29,52.92,52.95,8937200
2014/10/7,52.70,52.77,51.96,52.01,8949600
2014/10/8,52.01,53.13,51.92,53.09,14038800
2014/10/9,53.05,53.05,51.90,51.93,10996800
2014/10/10,51.97,52.39,51.24,51.24,11744400
2014/10/13,51.12,51.94,50.93,51.07,12188800
2014/10/14,51.10,51.47,50.61,50.68,14018000
2014/10/15,50.22,50.49,49.24,50.06,19668000
2014/10/16,49.27,50.80,48.80,50.75,15625600
2014/10/17,51.21,51.64,50.89,51.50,12731600
2014/10/20,51.38,52.05,51.28,51.96,7628000
2014/10/21,52.44,53.35,51.97,53.33,12986000
2014/10/22,53.32,53.49,52.69,52.73,11042000
2014/10/23,53.47,53.97,53.17,53.57,9729600
2014/10/24,53.41,53.54,52.97,53.37,10896000
2014/10/27,53.26,53.68,53.05,53.35,6658800
2014/10/28,53.65,54.22,53.51,54.18,10497600
2014/10/29,54.08,54.60,53.44,53.67,16095200
2014/10/30,57.13,59.82,57.01,59.16,50857600
2014/10/31,59.32,60.62,59.32,60.36,24956000
2014/11/3,60.24,60.80,59.75,60.38,12716000
2014/11/4,59.91,60.75,59.78,60.74,16644400
2014/11/5,61.04,63.08,61.00,62.38,21939600
2014/11/6,62.38,62.72,61.88,62.52,13212000
2014/11/7,62.53,63.11,62.26,63.11,9507600
2014/11/10,62.99,63.10,62.13,62.55,13145200
2014/11/11,62.29,62.47,62.04,62.43,8467600
2014/11/12,62.21,63.04,62.08,62.99,10897200
2014/11/13,63.10,63.10,62.40,62.73,12473200
2014/11/14,62.78,62.79,62.18,62.21,8532800
2014/11/17,62.15,62.86,62.04,62.45,9876800
2014/11/18,62.45,62.93,62.27,62.43,7647200
2014/11/19,62.56,62.71,61.80,62.47,6642800
2014/11/20,61.88,62.97,61.88,62.92,6704000
2014/11/21,63.78,64.14,63.21,63.56,11886800
2014/11/24,63.75,63.81,63.40,63.65,10724800
2014/11/25,63.84,64.50,63.71,64.32,12966400
2014/11/26,64.37,64.74,63.90,64.32,7977200
2014/11/27,64.37,64.74,63.90,64.32,7977200
2014/11/28,64.64,64.88,64.47,64.55,5186800
2014/12/1,64.07,65.16,64.07,64.54,10925600
2014/12/2,64.79,65.06,64.56,65.00,8535200
2014/12/3,64.91,65.47,64.67,65.40,9382000
2014/12/4,65.52,65.56,65.01,65.29,7362400
2014/12/5,65.41,65.87,65.25,65.84,7838000
2014/12/8,65.88,66.41,65.63,65.78,12342000
2014/12/9,64.88,66.18,64.88,66.04,10454000
2014/12/10,65.94,66.21,65.25,65.43,8528000
2014/12/11,65.74,66.39,65.63,65.78,13383600
2014/12/12,65.13,66.11,64.19,64.19,15325600
2014/12/15,64.54,64.71,63.27,64.18,12825200
2014/12/16,63.23,64.61,63.09,63.35,12050400
2014/12/17,63.53,64.89,63.42,64.77,9714400
2014/12/18,65.46,66.11,65.29,66.04,10318000
2014/12/19,65.84,66.14,65.35,65.42,15563600
2014/12/22,65.61,66.08,65.51,66.05,5680000
2014/12/23,66.25,66.61,66.01,66.32,5537600
2014/12/24,66.37,67.21,66.35,66.91,5236800
2014/12/25,66.37,67.21,66.35,66.91,5236800
2014/12/26,66.91,67.33,66.65,66.65,4768800
2014/12/29,66.62,66.93,66.26,66.36,5262400
2014/12/30,66.28,66.35,65.77,66.14,4781600
2014/12/31,66.37,66.81,65.54,65.55,5904800
2015/1/1,66.37,66.81,65.54,65.55,5904800
2015/1/2,65.85,66.69,65.62,66.25,8389600
2015/1/5,65.87,65.88,64.72,64.79,12751200
2015/1/6,64.95,65.19,63.72,64.38,11070000
2015/1/7,64.61,65.29,64.36,65.24,9346800
2015/1/8,65.80,66.28,65.66,66.11,10443200
2015/1/9,65.90,66.12,64.94,65.13,10523600
2015/1/12,65.26,65.50,64.79,65.00,6425600
2015/1/13,65.50,66.45,64.78,65.19,10284000
2015/1/14,64.16,64.65,63.53,63.89,12225200
2015/1/15,64.18,64.37,63.09,63.28,10569200
2015/1/16,62.97,63.78,62.88,63.74,11137200
2015/1/19,62.97,63.78,62.88,63.74,11137200
2015/1/20,64.06,64.92,63.56,64.21,14933200
2015/1/21,64.04,64.91,63.62,64.32,9784000
2015/1/22,63.86,64.75,63.34,64.40,11566000
2015/1/23,64.63,65.16,64.54,64.57,6166800
2015/1/26,64.24,64.32,63.45,64.13,8552400
2015/1/27,63.45,63.45,62.15,62.75,11027600
2015/1/28,63.13,63.25,61.58,61.59,11430800
2015/1/29,61.88,62.20,61.29,62.00,15668400
2015/1/30,65.10,65.90,63.73,63.73,22151600
2015/2/2,64.08,64.08,62.42,63.83,13665200
2015/2/3,64.18,65.11,63.69,64.95,15075600
2015/2/4,64.90,66.68,64.78,66.22,22170800
2015/2/5,66.81,67.95,66.47,67.95,16565600
2015/2/6,67.94,68.11,66.51,66.86,11242000
2015/2/9,66.85,67.08,66.32,66.36,7834400
2015/2/10,66.69,66.97,65.91,66.14,9396800
2015/2/11,66.25,66.57,66.06,66.50,8795600
2015/2/12,66.90,67.73,66.76,67.73,11641600
2015/2/13,68.19,68.19,67.19,67.41,8476000
2015/2/16,68.19,68.19,67.19,67.41,8476000
2015/2/17,67.87,68.00,67.47,67.72,6810400
2015/2/18,67.72,67.75,67.04,67.28,6429200
2015/2/19,67.52,67.52,67.00,67.28,5654800
2015/2/20,67.26,68.25,66.76,68.25,9034800
2015/2/23,68.24,68.33,67.56,68.25,6654800
2015/2/24,68.45,68.45,67.79,68.12,9045200
2015/2/25,67.82,68.56,67.82,68.25,6842800
2015/2/26,68.30,68.62,68.00,68.44,13459600
2015/2/27,68.37,68.55,67.83,67.83,7965200
2015/3/2,69.18,69.57,68.61,69.57,11653600
2015/3/3,69.66,69.66,68.38,68.82,8807200
2015/3/4,68.79,68.79,68.06,68.44,8021200
2015/3/5,68.75,68.79,68.44,68.53,6756000
2015/3/6,68.35,68.62,67.31,67.33,11590800
2015/3/9,67.63,68.05,67.27,67.86,8902000
2015/3/10,67.41,67.46,66.30,66.30,11125600
2015/3/11,66.41,66.85,65.76,66.19,12105200
2015/3/12,66.60,67.50,66.57,67.39,9530800
2015/3/13,67.21,67.21,66.12,66.26,12578800
2015/3/16,66.72,67.51,66.66,67.25,9849600
2015/3/17,67.01,67.09,66.04,66.12,14290800
2015/3/18,66.02,67.00,64.75,66.92,50658000
2015/3/19,66.83,67.19,65.75,66.81,15407500
2015/3/20,67.25,67.70,66.78,67.41,15372000
2015/3/23,68.03,68.21,67.07,67.08,8128000
2015/3/24,67.10,67.69,66.84,67.10,6534800
2015/3/25,67.10,67.43,65.73,65.73,13054300
2015/3/26,65.25,66.30,65.02,65.59,9487200
2015/3/27,65.52,65.81,65.15,65.54,6521100
2015/3/30,66.02,66.32,65.50,65.66,11237100
2015/3/31,65.47,66.21,65.39,65.41,7400500
2015/4/1,65.45,65.52,64.45,65.18,7633000
2015/4/2,64.99,65.62,64.81,65.29,5083000
2015/4/3,64.99,65.62,64.81,65.29,5083000
2015/4/6,64.73,65.64,64.41,65.20,8351200
2015/4/7,65.38,66.19,65.31,65.80,6660800
2015/4/8,65.89,66.84,65.80,66.50,6604200
2015/4/9,66.57,66.82,65.76,66.44,5408500
2015/4/10,66.69,66.69,65.93,66.34,4628500
2015/4/13,66.22,66.80,65.51,65.61,5059800
2015/4/14,65.52,65.94,64.88,65.53,5621800
2015/4/15,65.60,65.91,65.30,65.68,5347100
2015/4/16,65.53,66.01,65.35,65.65,4121300
2015/4/17,65.10,65.50,64.35,64.52,11212900
2015/4/20,65.00,65.21,64.58,64.72,5948900
2015/4/21,65.03,65.83,64.99,65.35,9619700
2015/4/22,65.82,69.98,65.79,68.01,20912400
2015/4/23,68.20,68.22,67.52,67.72,7193400
2015/4/24,68.13,68.18,67.31,67.48,6219900
2015/4/27,68.39,68.61,66.93,67.10,7122400
2015/4/28,67.31,67.50,66.41,66.77,6297500
2015/4/29,66.86,68.46,66.78,67.34,9812400
2015/4/30,67.18,67.50,65.42,66.05,11780600
2015/5/1,65.22,66.66,65.15,65.77,10142800
2015/5/4,66.05,66.14,65.47,65.58,7426400
2015/5/5,65.77,66.39,65.60,65.96,8099800
2015/5/6,66.15,66.65,65.23,65.67,7084600
2015/5/7,65.58,66.78,65.54,66.58,6660300
2015/5/8,67.14,70.16,67.01,69.47,18359000
2015/5/11,69.30,69.70,68.79,69.02,10998500
2015/5/12,68.55,69.00,67.97,68.69,7438200
2015/5/13,68.75,68.88,68.19,68.65,5129800
2015/5/14,68.96,70.03,68.85,70.00,6491100
2015/5/15,70.10,70.69,69.31,69.57,7121000
2015/5/18,69.74,70.24,69.13,70.00,5553800
2015/5/19,70.14,70.56,70.00,70.16,4351000
2015/5/20,70.25,70.32,69.48,69.78,4870100
2015/5/21,69.55,69.87,69.28,69.37,6483800
2015/5/22,69.30,69.85,69.30,69.62,4511700
2015/5/25,69.30,69.85,69.30,69.62,4511700
2015/5/26,69.31,69.50,68.31,68.54,6228100
2015/5/27,68.85,69.74,68.50,69.49,7064800
2015/5/28,69.48,69.78,68.80,69.56,3893900
2015/5/29,69.33,69.60,68.52,68.68,6678100
2015/6/1,69.13,69.45,68.43,69.11,6309400
2015/6/2,68.73,69.46,68.01,69.04,4457400
2015/6/3,69.26,69.50,68.89,68.95,4906400
2015/6/4,68.63,69.15,68.03,68.21,6460000
2015/6/5,68.29,68.70,68.00,68.37,4413100
2015/6/8,68.19,68.29,67.62,67.68,4864300
2015/6/9,67.67,68.09,67.53,67.95,4439700
2015/6/10,68.22,69.67,68.11,69.63,6807800
2015/6/11,69.70,70.02,69.42,69.64,5238700
2015/6/12,69.43,69.74,69.02,69.33,4900700
2015/6/15,68.72,68.99,68.17,68.57,5995100
2015/6/16,68.45,69.17,68.29,69.01,5937400
2015/6/17,69.11,69.41,68.51,68.75,7818300
2015/6/18,68.90,69.84,68.88,69.50,7596800
2015/6/19,69.27,69.33,68.48,68.69,8728800
2015/6/22,69.32,69.44,68.90,69.09,5511700
2015/6/23,69.10,69.59,69.09,69.42,3888700
2015/6/24,69.11,69.40,68.76,68.86,4670600
2015/6/25,69.38,69.38,68.51,68.62,4705100
2015/6/26,68.70,69.21,68.41,68.75,7025600
2015/6/29,67.99,68.49,66.69,66.72,9706700
2015/6/30,67.34,67.48,66.76,67.15,6811000
2015/7/1,67.94,68.30,67.53,67.85,6260800
2015/7/2,68.15,68.32,67.62,68.24,5053000
2015/7/3,68.15,68.32,67.62,68.24,5053000
2015/7/6,67.55,68.12,67.36,68.12,5270600
2015/7/7,68.11,68.20,66.53,67.77,6500700
2015/7/8,67.01,67.32,66.65,66.73,5973500
2015/7/9,67.65,67.94,67.02,67.05,4837800
2015/7/10,67.98,68.54,67.91,68.42,5110200
2015/7/13,69.05,69.60,68.83,69.52,6832300
2015/7/14,69.97,70.30,69.47,70.10,5635400
2015/7/15,70.13,70.28,69.69,70.02,4506200
2015/7/16,70.43,70.59,69.97,70.57,6512500
2015/7/17,70.40,70.96,70.28,70.88,6287600
2015/7/20,71.29,73.00,71.23,72.70,10198500
2015/7/21,72.84,72.88,71.76,72.02,10919600
2015/7/22,71.94,72.15,71.62,71.97,6303200
2015/7/23,72.20,72.25,71.20,71.75,10755700
2015/7/24,76.78,76.92,74.40,74.80,21196100
2015/7/27,74.28,74.71,73.58,73.86,10293800
2015/7/28,74.30,75.18,73.85,74.74,10054300
2015/7/29,74.95,76.43,74.67,76.01,13746900
2015/7/30,75.89,76.76,75.24,76.38,6507000
2015/7/31,76.45,76.51,75.32,75.34,8526300
2015/8/3,75.59,76.04,75.01,75.77,5810800
2015/8/4,75.53,76.08,75.03,75.27,6957900
2015/8/5,76.05,76.17,74.92,74.98,6976400
2015/8/6,75.30,75.42,73.55,73.58,7767800
2015/8/7,73.68,74.31,73.32,74.21,6484600
2015/8/10,74.89,75.18,73.85,74.38,6183500
2015/8/11,73.81,74.27,73.22,73.36,6476000
2015/8/12,72.87,73.83,72.39,73.54,7625100
2015/8/13,73.43,74.43,73.38,73.93,5992000
2015/8/14,73.85,74.40,73.45,74.22,3861500
2015/8/17,74.00,74.44,73.50,74.41,3473500
2015/8/18,74.26,74.73,74.01,74.47,6325500
2015/8/19,74.20,74.96,73.67,74.40,5886900
2015/8/20,73.56,74.53,72.81,73.95,12082300
2015/8/21,72.50,73.62,70.96,71.19,15752200
2015/8/24,64.16,69.36,60.00,68.36,20950600
2015/8/25,71.69,71.80,66.60,66.97,14485000
2015/8/26,69.37,70.99,67.90,70.69,12220000
2015/8/27,71.94,72.49,70.80,72.40,9122200
2015/8/28,72.10,72.67,71.60,72.46,6411400
2015/8/31,71.91,72.08,70.82,71.30,8313300
2015/9/1,69.41,70.39,68.50,68.96,11491500
2015/9/2,69.94,69.95,68.70,69.62,9218000
2015/9/3,70.45,71.08,69.99,70.40,9035200
2015/9/4,69.29,69.91,68.64,69.16,9469400
2015/9/7,69.29,69.91,68.64,69.16,9469400
2015/9/8,70.75,71.01,69.55,70.53,7984900
2015/9/9,70.75,71.38,69.43,69.60,9022200
2015/9/10,69.50,70.65,69.46,70.23,7244200
2015/9/11,69.86,70.81,69.46,70.76,6452100
2015/9/14,70.72,70.80,69.61,70.01,7059300
2015/9/15,70.48,70.75,69.51,70.51,6962600
2015/9/16,70.45,71.11,70.05,70.99,8207600
2015/9/17,71.30,72.32,70.50,70.96,7663300
2015/9/18,69.82,70.81,69.71,69.79,14508100
2015/9/21,70.62,71.32,70.22,70.78,12756500
2015/9/22,70.00,70.39,69.31,70.25,11394000
2015/9/23,70.16,71.15,69.90,70.95,10655800
2015/9/24,70.35,70.63,69.64,70.24,8406700
2015/9/25,71.19,71.46,70.21,70.69,7756600
2015/9/28,70.19,70.28,67.03,67.20,15261200
2015/9/29,67.52,68.70,67.20,68.53,11326700
2015/9/30,69.32,69.66,68.26,69.66,9309200
2015/10/1,70.09,70.77,68.98,69.99,8679900
2015/10/2,68.80,70.73,68.36,70.67,7460400
2015/10/5,71.06,72.34,70.92,72.23,7286800
2015/10/6,72.22,72.54,71.83,72.08,5782500
2015/10/7,72.68,73.23,72.45,73.22,6208900
2015/10/8,73.00,73.93,72.83,73.90,5713100
2015/10/9,74.04,74.09,73.40,73.98,5947800
2015/10/12,73.74,75.43,73.67,74.99,5586300
2015/10/13,74.46,75.25,74.15,75.00,7439400
2015/10/14,74.84,75.26,73.72,74.20,7568300
2015/10/15,74.96,75.41,74.58,75.34,6856200
2015/10/16,75.33,76.54,74.79,76.00,9117400
2015/10/19,75.93,77.33,75.93,76.99,9952600
2015/10/20,76.64,76.89,75.93,76.28,8148800
2015/10/21,76.94,76.94,75.31,75.46,7277900
2015/10/22,75.89,76.85,75.64,76.42,9093400
2015/10/23,77.46,77.63,74.95,77.07,11971300
2015/10/26,78.08,78.31,77.09,78.18,8019400
2015/10/27,78.03,78.18,77.06,77.52,9527400
2015/10/28,77.82,78.89,77.44,78.87,10850200
2015/10/29,78.59,78.71,77.93,78.51,7648600
2015/10/30,78.72,78.81,77.56,77.58,11186500
2015/11/2,75.19,76.21,74.53,75.22,29966000
2015/11/3,75.13,78.58,74.81,77.90,18899900
2015/11/4,78.37,78.83,77.90,78.35,8640800
2015/11/5,78.42,79.71,78.42,79.26,9392600
2015/11/6,79.57,79.57,78.32,78.75,8221600
2015/11/9,78.40,78.40,77.29,78.04,10157300
2015/11/10,77.65,79.53,77.61,79.48,8440300
2015/11/11,79.85,80.25,79.17,79.18,8024400
2015/11/12,78.86,79.15,78.14,78.31,8939800
2015/11/13,78.02,78.97,77.77,78.11,9913200
2015/11/16,77.79,78.91,77.58,78.90,7805000
2015/11/17,78.94,79.28,78.47,78.83,6942600
2015/11/18,78.96,80.50,78.74,80.46,7212400
2015/11/19,80.60,81.01,79.85,80.15,6082200
2015/11/20,80.59,81.00,79.98,80.19,6764300
2015/11/23,80.59,80.78,79.56,80.11,5910600
2015/11/24,79.23,80.20,79.21,79.79,6040800
2015/11/25,79.78,80.09,79.56,79.56,4268700
2015/11/26,79.78,80.09,79.56,79.56,4268700
2015/11/27,79.64,80.15,79.61,79.84,3139500
2015/11/30,80.06,80.13,78.96,79.01,8874600
2015/12/1,79.53,79.93,78.77,79.91,6702100
2015/12/2,79.83,80.15,78.97,79.04,7310000
2015/12/3,79.36,79.77,78.08,78.29,8689600
2015/12/4,78.58,80.40,78.45,80.40,9944600
2015/12/7,80.13,80.49,79.07,79.55,15262400
2015/12/8,78.98,79.67,78.36,79.07,11344000
2015/12/9,78.83,79.75,77.40,77.88,15361500
2015/12/10,77.91,79.11,77.63,78.12,8717100
2015/12/11,77.14,77.14,75.52,76.11,15625800
2015/12/14,76.20,77.33,75.58,76.87,10361000
2015/12/15,78.37,79.45,78.21,78.62,11355300
2015/12/16,79.45,79.98,78.15,79.86,10497500
2015/12/17,79.98,80.28,78.63,78.69,7555300
2015/12/18,78.04,78.19,76.28,76.32,16271200
2015/12/21,76.90,77.36,76.40,77.17,8442100
2015/12/22,77.43,77.49,76.66,77.38,5699100
2015/12/23,78.08,78.66,77.56,78.56,6335900
2015/12/24,78.35,78.71,78.18,78.26,2188800
2015/12/25,78.35,78.71,78.18,78.26,2188800
2015/12/28,78.04,78.65,77.82,78.53,3680900
2015/12/29,79.00,79.39,78.90,79.21,4627100
2015/12/30,79.07,79.19,78.26,78.35,4230400
2015/12/31,78.24,78.80,77.55,77.55,6538300
2016/1/1,78.24,78.80,77.55,77.55,6538300
2016/1/4,76.06,76.38,75.01,75.70,13476800
2016/1/5,76.25,76.51,75.54,76.27,8972700
2016/1/6,75.00,75.85,74.85,75.27,16092000
2016/1/7,73.76,75.09,73.35,73.79,12470800
2016/1/8,74.06,74.51,72.75,72.88,9977600
2016/1/11,73.11,74.08,72.66,73.92,13069500
2016/1/12,74.52,75.00,74.02,74.76,10236900
2016/1/13,75.27,75.39,72.99,73.10,12659600
2016/1/14,73.15,74.52,72.66,73.80,10426200
2016/1/15,71.94,72.95,70.66,71.83,18470500
2016/1/18,71.94,72.95,70.66,71.83,18470500
2016/1/19,72.94,73.02,70.66,71.39,16009600
2016/1/20,69.96,71.41,69.04,70.68,16586000
2016/1/21,70.72,72.33,70.10,71.56,11931200
2016/1/22,72.67,73.18,72.13,72.70,8652600
2016/1/25,72.76,72.91,71.58,71.74,9126200
2016/1/26,72.18,72.27,71.55,71.88,7500200
2016/1/27,71.98,72.48,70.58,70.91,9020500
2016/1/28,71.42,71.85,69.33,69.33,15295600
2016/1/29,70.43,74.50,68.76,74.49,40427800
2016/2/1,74.08,74.78,73.25,74.38,12623500
2016/2/2,73.50,74.21,73.13,73.40,9572700
2016/2/3,73.76,74.63,72.43,74.38,9941900
2016/2/4,74.10,74.63,72.76,73.68,14735700
2016/2/5,73.56,73.61,70.55,71.54,12939400
2016/2/8,69.95,70.04,66.30,67.77,30542600
2016/2/9,66.39,69.48,66.12,68.33,14882800
2016/2/10,69.14,71.03,69.07,70.15,11369500
2016/2/11,67.79,69.07,67.43,68.47,13962100
2016/2/12,69.44,70.47,69.12,70.42,8710200
2016/2/15,69.44,70.47,69.12,70.42,8710200
2016/2/16,71.41,71.75,70.40,71.10,8780700
2016/2/17,71.73,72.12,71.30,72.03,8494100
2016/2/18,71.89,72.25,71.02,71.24,6938100
2016/2/19,71.03,71.72,70.30,71.53,7750900
2016/2/22,72.28,73.19,72.10,73.06,7481500
2016/2/23,72.95,73.12,71.99,72.15,6177000
2016/2/24,71.25,72.19,70.38,71.85,7728600
2016/2/25,71.96,73.34,71.94,73.27,6840900
2016/2/26,73.74,73.91,72.69,72.73,6714100
2016/2/29,72.86,73.90,72.39,72.39,7786100
2016/3/1,72.99,74.64,72.90,74.64,8705300
2016/3/2,74.50,74.60,73.66,74.30,5739100
2016/3/3,74.48,74.50,73.36,73.91,6588300
2016/3/4,74.22,74.25,73.61,73.90,9475300
2016/3/7,73.39,73.45,71.35,71.94,16671900
2016/3/8,71.50,71.52,70.51,70.62,12394400
2016/3/9,71.00,71.08,69.90,70.68,9291600
2016/3/10,71.14,71.40,69.58,70.22,10135100
2016/3/11,71.15,72.01,70.68,71.63,9466400
2016/3/14,71.60,71.72,70.95,71.49,7916500
2016/3/15,71.18,71.91,70.66,71.91,6442800
2016/3/16,71.68,72.83,71.51,72.37,7561800
2016/3/17,72.28,73.67,72.17,73.14,7411700
2016/3/18,73.50,74.10,73.13,73.78,15026200
2016/3/21,73.58,73.94,73.15,73.77,7397400
2016/3/22,73.24,73.65,72.93,72.96,6796800
2016/3/23,72.95,74.17,72.77,73.91,7287100
2016/3/24,73.65,74.16,73.41,74.14,6303900
2016/3/25,73.65,74.16,73.41,74.14,6303900
2016/3/28,74.14,74.27,73.72,74.08,7283300
2016/3/29,74.02,75.59,73.92,75.38,10541500
2016/3/30,75.90,77.00,75.84,76.78,9691900
2016/3/31,76.62,76.92,75.95,76.48,7490800
2016/4/1,76.25,78.25,75.80,77.59,10183400
2016/4/4,77.97,78.31,77.53,77.83,6905800
2016/4/5,77.14,77.47,76.58,76.97,6012000
2016/4/6,77.08,78.28,77.00,78.21,6220400
2016/4/7,77.71,77.98,77.19,77.58,7542100
2016/4/8,78.08,78.62,77.81,78.03,5327500
2016/4/11,78.36,78.78,77.77,77.82,5957200
2016/4/12,77.72,78.55,77.65,78.52,5962900
2016/4/13,79.03,79.93,78.91,79.71,9187300
2016/4/14,79.76,80.67,79.31,80.33,11470300
2016/4/15,80.25,80.69,79.90,80.08,7186700
2016/4/18,80.20,81.55,79.83,81.45,7761200
2016/4/19,81.50,81.73,80.37,80.75,8324700
2016/4/20,80.88,81.64,80.55,81.15,8521300
2016/4/21,81.50,81.67,80.68,80.79,9536900
2016/4/22,78.00,79.36,77.28,79.11,18216000
2016/4/25,78.69,78.84,77.82,78.14,11184600
2016/4/26,78.45,78.70,78.11,78.53,6071800
2016/4/27,78.41,79.00,78.17,78.76,6319400
2016/4/28,78.35,79.27,77.60,77.68,8322600
2016/4/29,77.52,78.01,76.86,77.24,8092700
2016/5/2,77.81,78.47,77.16,78.46,7636800
2016/5/3,77.43,78.36,76.93,77.19,7666300
2016/5/4,76.56,77.38,76.35,77.07,8854000
2016/5/5,77.14,77.70,77.01,77.36,6002300
2016/5/6,77.23,77.80,76.78,77.72,6172600
2016/5/9,77.69,78.36,77.58,78.22,9242300
2016/5/10,78.42,79.33,78.41,79.20,6802600
2016/5/11,79.14,79.33,77.29,77.30,8432500
2016/5/12,77.80,78.19,77.07,77.89,7512800
2016/5/13,77.71,78.28,76.83,76.83,7562700
2016/5/16,77.02,78.06,76.96,77.80,8597900
2016/5/17,77.57,77.92,76.52,76.79,7169900
2016/5/18,76.71,77.88,76.40,77.43,6288500
2016/5/19,76.87,77.25,76.22,76.88,5552200
2016/5/20,77.34,78.04,77.18,77.67,6302100
2016/5/23,77.76,77.99,77.14,77.21,5934300
2016/5/24,77.66,79.50,77.66,79.38,7582300
2016/5/25,79.50,79.67,78.95,79.06,5846700
2016/5/26,79.40,79.40,78.87,79.00,4284000
2016/5/27,78.84,79.66,78.84,79.66,4374600
2016/5/30,78.84,79.66,78.84,79.66,4374600
2016/5/31,79.86,79.87,78.76,78.94,8639600
2016/6/1,78.69,79.32,78.57,79.22,4507000
2016/6/2,79.27,79.95,78.93,79.95,5627500
2016/6/3,79.55,80.20,79.16,79.94,7628000
2016/6/6,80.29,80.90,80.17,80.54,7620100
2016/6/7,80.70,81.00,80.54,80.60,5515700
2016/6/8,80.60,81.71,80.47,81.65,8860900
2016/6/9,81.23,81.54,80.98,81.26,6670900
2016/6/10,80.75,80.75,79.84,80.18,7859900
2016/6/13,79.00,80.18,78.38,78.40,10424600
2016/6/14,78.12,78.75,77.96,78.57,7891700
2016/6/15,78.57,78.84,78.05,78.17,7424000
2016/6/16,77.89,78.52,77.14,78.35,9650800
2016/6/17,78.32,78.33,76.83,76.99,14602200
2016/6/20,78.30,78.38,77.32,77.34,9957500
2016/6/21,77.81,78.01,77.15,77.33,9201000
2016/6/22,77.58,77.76,76.53,76.53,9626700
2016/6/23,77.76,78.24,76.87,78.23,13566200
2016/6/24,74.80,76.04,74.45,75.05,18375000
2016/6/27,74.18,74.58,73.25,73.34,16318400
2016/6/28,75.04,75.50,74.49,75.16,14815200
2016/6/29,75.98,76.76,75.71,76.74,12178100
2016/6/30,76.99,77.14,73.80,74.17,24877300
2016/7/1,74.50,75.94,74.10,74.48,13821400
2016/7/4,74.50,75.94,74.10,74.48,13821400
2016/7/5,74.25,74.97,73.83,74.67,11081000
2016/7/6,74.12,74.75,73.83,74.06,11263800
2016/7/7,74.32,75.29,74.27,74.51,8806700
2016/7/8,75.30,76.55,74.79,76.42,10975000
2016/7/11,76.81,77.19,76.39,76.52,8185900
2016/7/12,76.68,77.57,76.55,77.48,10245500
2016/7/13,77.68,77.78,77.20,77.46,6559200
2016/7/14,78.06,78.54,77.69,78.14,6607400
2016/7/15,78.65,78.75,78.05,78.30,8153400
2016/7/18,78.35,78.70,78.23,78.31,4864200
2016/7/19,77.75,78.89,77.63,78.72,9395500
2016/7/20,78.75,79.75,78.75,79.36,7922100
2016/7/21,79.44,79.73,78.40,78.79,9018000
2016/7/22,79.98,80.08,78.33,79.91,12532400
2016/7/25,80.17,80.17,78.73,78.94,7979900
2016/7/26,78.98,79.06,77.94,78.49,9673200
2016/7/27,78.46,78.79,77.53,78.53,10194400
2016/7/28,78.69,80.00,78.55,79.19,8709700
2016/7/29,79.24,79.35,78.00,78.05,7777700
2016/8/1,78.31,78.53,77.73,78.26,8908800
2016/8/2,78.07,78.47,77.75,78.28,7910000
2016/8/3,78.28,78.71,78.21,78.71,7272700
2016/8/4,78.83,79.65,78.75,79.48,5954400
2016/8/5,79.73,80.24,79.66,80.14,6662500
2016/8/8,80.23,80.34,79.80,79.95,5119700
2016/8/9,79.96,80.48,79.95,80.06,4455700
2016/8/10,79.97,80.22,79.51,79.68,5945500
2016/8/11,80.00,80.28,79.84,80.12,6577700
2016/8/12,79.80,80.08,79.65,80.02,4420400
2016/8/15,80.13,81.15,80.02,80.91,6290300
2016/8/16,80.42,80.91,80.22,80.81,6182600
2016/8/17,80.71,80.86,80.40,80.84,4655400
2016/8/18,80.01,80.59,79.91,80.27,7453900
2016/8/19,80.01,80.47,79.74,80.47,8480900
2016/8/22,80.34,81.08,79.96,81.06,7954500
2016/8/23,81.37,81.76,80.80,80.80,10007800
2016/8/24,80.80,80.98,80.19,80.29,5028000
2016/8/25,80.29,80.52,80.00,80.32,5773700
2016/8/26,80.62,81.14,80.17,80.57,7932200
2016/8/29,80.54,80.99,80.54,80.87,4766700
2016/8/30,81.00,81.19,80.72,81.17,4128700
2016/8/31,80.95,81.20,80.71,80.90,7386100
2016/9/1,81.14,81.55,80.97,81.30,6240600
2016/9/2,81.57,82.15,81.50,82.00,6408900
2016/9/5,81.57,82.15,81.50,82.00,6408900
2016/9/6,82.00,82.53,81.81,82.53,8140400
2016/9/7,82.48,83.26,82.36,83.24,9304700
2016/9/8,83.02,83.63,82.59,82.97,7961100
2016/9/9,82.40,82.81,81.33,81.33,11563000
2016/9/12,81.34,83.13,81.18,82.97,9882700
2016/9/13,82.41,82.44,81.62,81.89,8834300
2016/9/14,81.46,82.22,81.45,81.49,10999500
2016/9/15,81.42,82.13,81.19,82.01,10580300
2016/9/16,81.74,82.26,81.42,82.07,11702000
2016/9/19,82.43,83.04,82.23,82.51,8361700
2016/9/20,82.97,83.23,82.32,82.48,6473300
2016/9/21,82.92,83.25,82.27,83.22,7536200
2016/9/22,83.42,83.79,83.20,83.36,6599400
2016/9/23,83.33,83.45,82.52,82.54,8283700
2016/9/26,82.15,82.26,81.69,81.81,8486800
2016/9/27,81.79,82.38,81.50,82.16,7969500
2016/9/28,82.38,83.01,81.94,82.97,7974300
2016/9/29,82.72,83.06,81.79,81.92,5885400
2016/9/30,82.16,83.04,81.68,82.70,9776800
2016/10/3,82.42,83.11,82.30,82.86,8155400
2016/10/4,83.28,83.53,82.58,82.73,5772000
2016/10/5,82.96,83.45,82.90,83.35,6163400
2016/10/6,83.12,83.48,82.88,83.36,7687100
2016/10/7,83.49,83.70,82.64,82.88,8238100
2016/10/10,83.13,83.54,82.94,83.12,7371500
2016/10/11,82.68,82.79,81.57,82.04,6227400
2016/10/12,81.84,82.54,81.82,82.25,3923600
2016/10/13,81.65,82.13,81.11,81.87,6810900
2016/10/14,82.04,83.19,82.04,82.45,6698100
2016/10/17,82.58,82.69,82.04,82.15,8473700
2016/10/18,81.50,82.37,81.35,81.58,11680400
2016/10/19,81.65,82.87,81.65,82.81,8440900
2016/10/20,83.05,83.10,82.17,82.50,6945200
2016/10/21,82.02,82.54,81.58,82.35,8043200
2016/10/24,83.27,83.59,82.71,83.17,16267000
2016/10/25,83.17,83.17,81.70,82.03,15085900
2016/10/26,81.62,82.26,81.41,81.75,8748400
2016/10/27,81.96,82.27,81.61,81.92,7039200
2016/10/28,82.52,83.36,82.11,82.22,10919600
2016/10/31,82.44,82.90,82.36,82.51,10024000
2016/11/1,82.64,82.69,81.33,81.62,10881500
2016/11/2,80.89,81.38,80.52,80.58,9170900
2016/11/3,80.75,81.13,80.54,80.65,7563100
2016/11/4,80.65,81.24,80.33,80.36,7588100
2016/11/7,81.64,82.53,81.45,82.51,7277900
2016/11/8,82.39,83.16,82.15,82.88,7152000
2016/11/9,81.81,83.30,81.22,83.24,12158500
2016/11/10,83.30,83.96,81.42,81.87,17171600
2016/11/11,81.59,82.63,81.52,81.88,7368000
2016/11/14,82.02,82.22,77.30,78.38,21773500
2016/11/15,78.23,79.54,77.80,78.57,18523400
2016/11/16,78.79,80.19,78.76,80.08,9997700
2016/11/17,80.32,81.20,80.18,81.07,8081800
2016/11/18,81.15,81.50,80.53,80.82,7920800
2016/11/21,81.23,81.78,80.90,81.69,8942100
2016/11/22,81.69,81.69,79.26,79.93,18133900
2016/11/23,79.98,79.99,78.95,79.57,12802600
2016/11/24,79.98,79.99,78.95,79.57,12802600
2016/11/25,79.99,80.37,79.74,80.13,6495700
2016/11/28,79.66,80.01,79.05,79.08,11793100
2016/11/29,79.12,79.58,78.95,79.15,8575200
2016/11/30,79.45,79.45,77.28,77.32,15353900
2016/12/1,77.57,77.62,75.25,75.43,21053000
2016/12/2,75.40,76.25,75.17,75.72,13629600
2016/12/5,76.63,77.60,76.55,77.31,12119200
2016/12/6,77.94,77.97,76.71,77.11,13896600
2016/12/7,77.27,79.49,77.25,79.31,13919800
2016/12/8,79.68,79.87,78.97,79.28,13320100
2016/12/9,79.15,79.93,78.83,79.14,10728300
2016/12/12,78.99,79.03,77.92,78.50,11942300
2016/12/13,78.81,79.50,78.25,79.20,12995100
2016/12/14,79.28,79.98,79.12,79.13,20146200
2016/12/15,79.37,80.39,79.13,79.50,14070900
2016/12/16,79.22,79.46,78.17,78.35,19141700
2016/12/19,78.04,78.60,78.02,78.10,8699100
2016/12/20,78.41,78.58,77.69,78.36,6917400
2016/12/21,78.48,78.55,77.98,78.14,9343600
2016/12/22,78.02,78.06,77.19,77.90,12074000
2016/12/23,78.08,78.48,77.90,78.15,6192900
2016/12/26,78.08,78.48,77.90,78.15,6192900
2016/12/27,78.27,78.85,78.23,78.35,3776000
2016/12/28,78.40,78.65,77.97,78.30,7587100
2016/12/29,78.49,78.84,78.30,78.33,6241100
2016/12/30,78.43,78.54,77.94,78.02,7127300
2017/1/2,78.43,78.54,77.94,78.02,7127300
2017/1/3,78.76,79.91,78.49,79.50,13785200
2017/1/4,79.44,80.26,79.36,80.15,8033100
2017/1/5,80.34,81.53,80.22,81.09,7805100
2017/1/6,81.30,82.49,80.94,82.21,8898300
2017/1/9,82.28,82.45,81.65,81.75,7305300
2017/1/10,81.70,81.90,81.13,81.31,6017500
2017/1/11,81.25,81.80,80.91,81.80,7499200
2017/1/12,81.05,81.47,80.51,81.37,6884000
2017/1/13,81.02,81.85,80.79,81.17,7291200
2017/1/16,81.02,81.85,80.79,81.17,7291200
2017/1/17,80.76,81.49,80.76,81.26,6326500
2017/1/18,81.27,81.83,80.98,81.59,8512300
2017/1/19,81.79,81.85,81.41,81.73,6479400
2017/1/20,82.09,82.28,81.61,81.84,9048500
2017/1/23,81.70,82.30,81.50,82.15,7414200
2017/1/24,82.40,83.49,81.85,83.23,8397500
2017/1/25,83.79,84.27,83.45,83.90,9360900
2017/1/26,83.92,83.92,83.08,83.24,8428200
2017/1/27,83.32,83.80,82.92,83.77,5445900
2017/1/30,83.47,83.74,82.66,83.70,8792800
2017/1/31,82.13,83.28,82.10,82.71,7479400
2017/2/1,82.90,83.09,82.05,82.44,7534400
2017/2/2,82.14,82.70,81.57,82.30,11142300
2017/2/3,85.74,86.82,85.11,86.08,28079600
2017/2/6,86.07,86.10,85.51,85.83,9665300
2017/2/7,85.96,86.35,85.67,85.78,8600300
2017/2/8,85.80,85.84,85.08,85.09,7587700
2017/2/9,85.37,85.77,84.88,85.58,6554700
2017/2/10,85.80,86.14,85.23,85.90,10432000
2017/2/13,86.20,86.70,86.00,86.44,6046300
2017/2/14,86.52,86.97,86.26,86.85,5952000
2017/2/15,87.02,87.54,86.70,87.54,8049700
2017/2/16,87.55,87.68,86.79,87.41,8680600
2017/2/17,87.27,87.68,86.98,87.46,5887200
2017/2/20,87.27,87.68,86.98,87.46,5887200
2017/2/21,87.51,88.04,87.17,87.92,9301300
2017/2/22,87.61,88.15,87.51,87.80,8389900
2017/2/23,88.23,88.49,87.87,88.18,6040500
2017/2/24,87.36,88.43,87.30,88.43,5151300
2017/2/27,88.32,88.38,87.91,88.00,6131600
2017/2/28,88.16,88.38,87.76,87.94,8521900
2017/3/1,88.74,89.14,88.42,88.99,11131400
2017/3/2,89.00,89.13,88.10,88.53,10544200
2017/3/3,88.31,88.91,88.18,88.79,5700600
2017/3/6,88.53,89.27,88.27,88.94,7347600
2017/3/7,88.99,89.30,88.85,89.06,5688400
2017/3/8,89.17,89.30,88.87,88.96,5866800
2017/3/9,89.02,89.50,88.71,89.11,5953900
2017/3/10,89.50,89.86,89.10,89.73,12246700
2017/3/13,89.80,90.31,89.61,90.11,8944100
2017/3/14,89.93,90.03,89.24,89.55,6009400
2017/3/15,89.75,90.10,89.41,89.92,6350700
2017/3/16,90.31,90.33,89.47,90.04,9174400
2017/3/17,90.25,90.63,90.17,90.24,8613400
2017/3/20,90.29,92.05,88.97,89.18,9438000
2017/3/21,89.49,89.71,88.00,88.06,11092100
2017/3/22,87.85,89.04,87.85,88.52,7828600
2017/3/23,88.47,89.39,88.42,88.86,7710700
2017/3/24,89.06,89.61,88.97,89.19,7597600
2017/3/27,88.31,88.99,88.07,88.95,5230000
2017/3/28,89.12,89.42,88.49,89.12,7045500
2017/3/29,88.99,89.39,88.56,89.18,4738000
2017/3/30,89.08,89.10,88.60,89.01,6227100
2017/3/31,88.98,89.35,88.87,88.87,6429800
2017/4/3,89.14,89.46,88.40,89.36,9125800
2017/4/4,89.01,89.33,88.66,88.78,4859900
2017/4/5,89.13,90.20,88.95,89.03,7251600
2017/4/6,89.00,89.26,88.78,89.09,8473900
2017/4/7,88.97,89.24,88.52,88.74,5439500
2017/4/10,88.62,89.25,88.52,88.86,5999400
2017/4/11,88.60,88.85,88.13,88.85,7058500
2017/4/12,88.70,89.21,88.56,88.68,5912500
2017/4/13,88.47,89.78,88.43,88.87,7242700
2017/4/14,88.47,89.78,88.43,88.87,7242700
2017/4/17,89.09,89.90,88.75,89.81,6122800
2017/4/18,89.64,89.92,89.24,89.73,6823500
2017/4/19,90.09,90.62,89.60,89.75,7301300
2017/4/20,90.14,91.50,89.90,91.15,12178300
2017/4/21,92.77,92.80,91.02,91.15,19442600
2017/4/24,92.15,92.50,91.01,91.85,11705400
2017/4/25,91.99,92.35,91.58,92.11,7769200
2017/4/26,92.02,92.48,91.75,91.82,11295200
2017/4/27,91.95,92.00,91.28,91.60,5856800
2017/4/28,91.39,91.55,90.98,91.22,6888500
2017/5/1,91.29,91.67,91.14,91.26,9042100
2017/5/2,91.62,92.75,91.53,92.54,11627700
2017/5/3,92.40,92.55,91.98,92.44,4909000
2017/5/4,92.70,92.85,92.25,92.62,5257000
2017/5/5,92.90,92.98,91.76,92.09,8844500
2017/5/8,92.05,92.16,91.52,91.92,5223600
2017/5/9,91.90,92.14,91.83,92.00,3969500
2017/5/10,91.70,92.41,91.68,92.25,6747600
2017/5/11,92.12,92.31,91.62,92.10,7052200
2017/5/12,92.19,92.78,91.98,92.73,5898800
2017/5/15,92.73,93.42,92.72,93.23,7040100
2017/5/16,93.35,93.72,92.97,93.15,5497400
2017/5/17,92.48,92.76,91.71,91.76,8240200
2017/5/18,91.36,92.48,91.36,91.71,8239800
2017/5/19,91.98,92.81,91.71,92.48,9361300
2017/5/22,92.53,93.60,92.43,93.31,9186200
2017/5/23,93.56,94.07,93.47,93.86,7616100
2017/5/24,94.02,94.99,94.02,94.81,6825300
2017/5/25,95.09,95.38,94.89,95.04,7262400
2017/5/26,95.00,95.12,94.39,94.67,4133900
2017/5/29,95.00,95.12,94.39,94.67,4133900
2017/5/30,94.66,94.88,94.34,94.72,6292700
2017/5/31,95.08,95.53,94.46,95.23,9866000
2017/6/1,95.40,95.45,94.61,95.40,8911900
2017/6/2,95.41,96.19,95.41,96.15,8570200
2017/6/5,96.32,96.59,96.11,96.55,14510500
2017/6/6,96.27,96.60,95.56,95.79,7030300
2017/6/7,96.03,96.22,95.76,96.09,6720300
2017/6/8,95.87,96.12,95.29,96.09,7720300
2017/6/9,96.09,96.25,93.71,94.56,16887100
2017/6/12,93.69,94.04,92.80,93.50,15610000
2017/6/13,94.00,95.34,93.97,95.08,8700100
2017/6/14,95.32,96.00,94.95,95.32,6347000
2017/6/15,94.44,94.53,93.53,94.17,12793900
2017/6/16,94.31,94.44,93.74,94.17,14705100
2017/6/19,94.75,94.85,94.25,94.79,5984300
2017/6/20,94.79,94.96,94.33,94.38,5626700
2017/6/21,94.61,94.77,94.07,94.54,5611400
2017/6/22,94.49,94.51,93.87,93.95,5846500
2017/6/23,94.16,95.65,93.89,95.58,11637300
2017/6/26,95.80,96.27,95.10,95.22,6970800
2017/6/27,95.15,95.34,94.63,94.90,6283600
2017/6/28,95.15,96.40,94.66,96.23,5571300
2017/6/29,95.79,95.79,94.01,94.42,8872500
2017/6/30,94.38,94.62,93.78,93.78,9036600
2017/7/3,94.38,94.41,93.35,93.35,6197700
2017/7/4,94.38,94.41,93.35,93.35,6197700
2017/7/5,93.75,94.40,93.72,94.01,9339600
2017/7/6,93.45,93.97,93.19,93.25,8215700
2017/7/7,93.50,94.41,93.50,93.92,6175800
2017/7/10,94.15,95.37,94.15,95.09,8851800
2017/7/11,95.08,95.63,94.93,95.41,5554100
2017/7/12,95.98,96.45,95.63,96.18,5974800
2017/7/13,96.42,96.65,95.77,95.94,6721700
2017/7/14,96.14,97.37,96.12,96.93,6195800
2017/7/17,97.11,97.29,96.59,96.83,5914900
2017/7/18,96.85,97.75,96.61,97.58,7435000
2017/7/19,97.64,98.33,97.55,98.25,6390400
2017/7/20,99.11,99.14,97.93,98.11,8572900
2017/7/21,99.60,100.49,99.09,99.60,17400200
2017/7/24,99.55,100.42,99.14,100.37,9186000
2017/7/25,100.65,100.85,99.80,99.99,6774900
2017/7/26,100.01,100.99,99.86,100.85,7205400
2017/7/27,100.97,101.18,98.55,99.57,10543900
2017/7/28,99.12,99.59,98.51,99.15,6558800
2017/7/31,99.50,100.00,99.14,99.56,7576600
2017/8/1,100.36,101.07,99.96,100.87,6018100
2017/8/2,101.03,101.28,100.24,101.28,5955600
2017/8/3,100.94,101.10,100.33,100.59,5697500
2017/8/4,100.96,101.34,100.61,100.89,4618000
2017/8/7,100.92,101.54,100.59,101.49,7047100
2017/8/8,101.50,101.72,100.93,101.28,6283700
2017/8/9,100.76,101.30,100.60,100.97,6902100
2017/8/10,100.54,100.88,99.43,99.49,8560800
2017/8/11,99.55,100.30,99.53,100.09,5268200
2017/8/14,100.98,102.11,100.75,101.87,5657600
2017/8/15,102.36,102.78,101.97,102.63,5386000
2017/8/16,102.76,103.93,102.64,103.32,13408300
2017/8/17,103.33,103.53,102.16,102.16,7381600
2017/8/18,102.08,103.09,101.94,102.51,5670900
2017/8/21,102.62,103.35,102.33,103.22,5395000
2017/8/22,103.44,104.20,103.14,104.07,5481000
2017/8/23,103.77,103.97,102.99,103.18,5057200
2017/8/24,103.32,103.50,102.64,103.22,4082300
2017/8/25,103.65,103.88,103.16,103.35,4467400
2017/8/28,103.65,103.83,103.26,103.78,3919900
2017/8/29,102.92,104.07,102.64,103.77,7135300
2017/8/30,103.70,104.00,103.52,103.73,8712700
2017/8/31,104.06,104.19,103.03,103.52,13766000
2017/9/1,104.04,104.08,103.44,103.90,4466800
2017/9/4,104.04,104.08,103.44,103.90,4466800
2017/9/5,103.40,103.46,102.26,103.01,6337500
2017/9/6,103.34,103.75,103.10,103.18,6372200
2017/9/7,103.71,105.44,103.61,104.56,6508600
2017/9/8,104.33,104.77,104.06,104.43,5787200
2017/9/11,105.48,106.15,105.15,106.15,6956000
2017/9/12,106.64,106.64,105.76,106.21,5212400
2017/9/13,106.26,106.26,105.24,105.83,6215700
2017/9/14,105.50,106.84,105.50,106.08,8154000
2017/9/15,105.74,106.14,104.95,105.30,12622900
2017/9/18,105.35,105.52,104.62,104.83,7330300
2017/9/19,105.13,105.93,104.83,105.41,9754400
2017/9/20,105.50,105.77,104.46,104.97,8198600
2017/9/21,105.00,105.61,104.65,105.31,4777600
2017/9/22,105.21,105.68,105.06,105.56,4959400
2017/9/25,105.50,105.65,102.75,103.02,9395300
2017/9/26,103.11,104.02,102.88,102.94,6263600
2017/9/27,103.07,104.12,102.90,103.89,8337400
2017/9/28,103.75,104.98,103.74,104.58,5947800
2017/9/29,104.75,105.43,104.69,105.24,7676300
2017/10/2,105.54,105.99,105.10,105.44,4885600
2017/10/3,105.65,105.90,105.29,105.59,4411100
2017/10/4,105.71,105.74,104.90,105.31,4146800
2017/10/5,105.60,106.25,105.15,106.24,4396100
2017/10/6,106.29,106.96,105.87,106.73,4587000
2017/10/9,106.60,107.65,106.54,107.01,4787000
2017/10/10,107.58,107.60,106.82,107.31,4015600
2017/10/11,107.70,108.59,107.60,108.44,6473100
2017/10/12,108.50,108.71,107.90,108.11,6496100
2017/10/13,108.50,109.26,108.40,108.66,5154600
2017/10/16,108.79,109.05,107.16,108.30,5552200
2017/10/17,108.25,108.42,107.30,107.54,5979400
2017/10/18,107.62,108.00,107.46,107.80,4817300
2017/10/19,107.27,107.78,106.90,107.02,10840200
2017/10/20,107.70,107.70,106.97,107.55,7848900
2017/10/23,108.05,108.23,107.10,107.53,6316700
2017/10/24,107.56,108.64,107.18,108.41,10511200
2017/10/25,109.41,110.61,108.00,109.49,13261300
2017/10/26,110.38,110.74,109.67,109.80,7380100
2017/10/27,110.07,110.13,108.69,109.71,7862700
2017/10/30,109.67,110.24,108.92,110.04,5148600
2017/10/31,110.58,110.69,108.66,109.98,8002500
2017/11/1,110.50,111.40,110.42,111.07,6167300
2017/11/2,111.02,111.37,110.20,110.98,5506600
2017/11/3,110.94,111.42,110.51,111.36,3757600
2017/11/6,111.36,112.15,111.20,111.92,4094700
2017/11/7,112.25,112.47,111.56,112.09,3697900
2017/11/8,112.01,112.91,111.82,112.47,4417800
2017/11/9,111.80,112.22,110.93,112.14,4334700
2017/11/10,111.71,111.98,111.28,111.88,4198900
2017/11/13,111.55,111.86,111.34,111.40,7185600
2017/11/14,111.08,112.04,110.81,111.98,5679600
2017/11/15,111.34,111.87,110.14,110.25,6895100
2017/11/16,110.75,111.44,110.57,111.02,5655100
2017/11/17,110.69,110.91,109.70,109.82,8812400
2017/11/20,109.95,110.68,109.69,109.95,6873200
2017/11/21,110.45,111.49,110.30,111.45,6456500
2017/11/22,111.50,111.66,110.70,110.82,4067600
2017/11/23,111.50,111.66,110.70,110.82,4067600
2017/11/24,111.31,112.16,111.14,111.97,3045600
2017/11/27,112.00,112.54,111.91,112.38,6620500
2017/11/28,112.60,113.62,112.56,113.36,6671300
2017/11/29,113.62,113.62,106.90,109.86,14505400
2017/11/30,110.50,112.59,110.03,112.59,18533300
2017/12/1,112.38,112.44,109.76,110.73,13101800
2017/12/4,111.33,111.45,106.97,107.43,18909100
2017/12/5,108.89,109.24,106.60,108.58,12081500
2017/12/6,108.49,110.17,108.26,109.74,7532100
2017/12/7,109.77,111.41,109.45,111.40,7384900
2017/12/8,112.13,112.61,111.82,112.60,7594900
2017/12/11,112.50,113.35,112.16,112.37,7538600
2017/12/12,112.37,113.73,112.00,113.46,8754400
2017/12/13,113.75,114.37,113.19,113.31,8088900
2017/12/14,113.55,114.09,112.92,112.92,9815600
2017/12/15,113.97,114.20,112.39,113.82,16388000
2017/12/18,114.69,114.75,113.25,113.55,8961800
2017/12/19,113.28,113.28,112.08,112.14,7899400
2017/12/20,112.72,113.10,111.99,112.12,6201900
2017/12/21,112.60,113.10,112.32,112.41,8866400
2017/12/22,112.39,113.11,112.25,112.69,6190100
2017/12/25,112.39,113.11,112.25,112.69,6190100
2017/12/26,112.07,113.44,112.07,112.99,3948900
2017/12/27,112.69,114.07,112.65,114.02,7073100
2017/12/28,114.30,114.92,113.99,114.35,6937100
2017/12/29,114.75,114.89,114.02,114.02,5249000
2018/1/1,114.75,114.89,114.02,114.02,5249000
2018/1/2,114.57,115.08,113.95,114.51,6080900
2018/1/3,114.95,115.79,114.66,115.65,6946100
2018/1/4,116.25,117.36,116.03,116.08,7805300
2018/1/5,116.99,119.00,116.42,118.86,8590500
2018/1/8,118.61,120.48,118.07,119.34,6660700
2018/1/9,119.97,119.97,118.66,119.11,6562400
2018/1/10,118.69,119.05,117.46,118.98,7490300
2018/1/11,118.80,119.98,118.68,119.84,5982100
2018/1/12,120.12,120.35,119.71,120.09,5585800
2018/1/15,120.12,120.35,119.71,120.09,5585800
2018/1/16,121.18,121.94,119.91,120.39,8803800
2018/1/17,121.20,122.16,120.73,121.98,7991500
2018/1/18,122.52,123.20,122.03,123.11,8661000
2018/1/19,123.05,123.65,121.92,122.70,8250700
2018/1/22,122.87,124.33,122.40,124.33,9355000
2018/1/23,124.60,125.51,124.21,124.65,5683300
2018/1/24,125.05,125.45,123.71,124.55,6425200
2018/1/25,125.00,125.47,124.63,125.22,7166400
2018/1/26,125.77,126.38,124.76,126.32,5604900
2018/1/29,126.74,126.88,124.69,124.84,6257900
2018/1/30,123.82,124.29,122.84,123.55,8154400
2018/1/31,123.78,124.48,123.04,124.23,7338200
2018/2/1,124.74,126.26,124.10,125.72,11169700
2018/2/2,123.72,123.72,120.70,120.91,13937700
2018/2/5,118.70,121.13,115.01,116.27,16623900
2018/2/6,115.20,120.30,113.25,119.97,19053300
2018/2/7,120.09,122.46,119.21,119.65,9294000
2018/2/8,119.53,119.82,113.54,113.86,12673400
2018/2/9,114.55,117.21,111.02,116.32,17695500
2018/2/12,117.79,118.84,116.88,118.47,11526300
2018/2/13,117.85,118.80,117.13,118.35,7803900
2018/2/14,117.62,120.95,117.50,120.83,9206400
2018/2/15,121.70,122.31,119.97,122.28,6921300
2018/2/16,121.63,122.99,121.57,121.85,6371400
2018/2/19,121.63,122.99,121.57,121.85,6371400
2018/2/20,121.35,123.05,121.02,122.01,6182800
2018/2/21,122.05,122.83,120.41,120.43,7676100
2018/2/22,120.67,121.38,119.62,120.38,4994000
2018/2/23,121.57,122.96,121.22,122.93,5036900
2018/2/26,123.58,124.60,123.32,124.59,6270500
2018/2/27,124.70,125.30,123.35,123.37,7287200
2018/2/28,123.65,124.98,122.88,122.94,6780900
2018/3/1,123.26,124.00,119.62,120.40,8819600
2018/3/2,119.09,120.98,117.86,120.77,7581900
2018/3/5,120.45,122.31,119.44,121.88,5810200
2018/3/6,122.83,123.24,120.67,121.06,7464400
2018/3/7,120.03,122.24,119.70,121.85,7254100
2018/3/8,121.96,122.82,121.17,122.22,6948900
2018/3/9,123.25,124.79,122.87,124.51,6397700
2018/3/12,124.75,124.98,123.48,124.24,8636000
2018/3/13,124.25,125.00,122.90,123.20,9479500
2018/3/14,124.04,124.04,121.90,122.58,7855000
2018/3/15,123.13,124.42,122.70,123.41,5861900
2018/3/16,123.85,125.05,123.33,124.53,9447100
2018/3/19,123.94,124.31,122.28,123.21,17387800
2018/3/20,123.38,125.17,123.30,124.91,7779700
2018/3/21,124.90,125.44,123.07,123.22,7359500
2018/3/22,122.20,122.68,119.70,119.99,10501500
2018/3/23,119.89,120.33,116.76,117.00,10024300
2018/3/26,119.09,120.74,117.80,120.64,8735400
2018/3/27,121.52,121.60,116.74,117.40,9008600
2018/3/28,116.93,118.07,116.03,116.99,9420400
2018/3/29,117.68,120.59,117.04,119.62,12918100
2018/3/30,117.68,120.59,117.04,119.62,12918100
2018/4/2,119.27,119.83,116.76,118.39,9877100
2018/4/3,118.89,119.99,117.49,119.20,7084800
2018/4/4,116.90,120.12,116.71,119.81,8425700
2018/4/5,121.00,122.01,120.37,121.19,6816000
2018/4/6,120.18,120.56,117.12,117.70,8383800
2018/4/9,118.63,120.67,118.63,118.79,7024800
2018/4/10,120.56,121.16,119.64,120.72,8947200
2018/4/11,119.99,121.66,119.62,119.78,5874900
2018/4/12,120.40,121.98,120.39,121.07,5666000
2018/4/13,121.73,122.47,120.65,120.75,9174300
2018/4/16,122.11,122.87,121.51,121.88,6903200
2018/4/17,122.91,124.26,122.52,123.80,5979600
2018/4/18,124.06,124.87,123.38,124.48,5171000
2018/4/19,124.31,124.72,123.15,123.96,7294100
2018/4/20,124.06,124.82,123.31,124.20,7479400
2018/4/23,124.30,124.97,123.90,124.46,8004300
2018/4/24,124.87,125.04,120.55,121.27,9434400
2018/4/25,121.14,121.35,119.37,121.21,8001200
2018/4/26,125.14,127.59,123.78,127.08,14345800
2018/4/27,126.44,127.06,125.39,126.01,6842700
2018/4/30,126.74,127.90,126.66,126.88,8449200
2018/5/1,126.86,127.57,125.51,127.51,6407300
2018/5/2,127.88,128.10,126.00,126.38,8515300
2018/5/3,125.81,127.46,125.32,127.18,6778600
2018/5/4,126.33,128.36,126.07,128.16,5798400
2018/5/7,128.40,129.52,128.25,129.26,5737300
2018/5/8,129.14,129.97,128.31,129.90,5044700
2018/5/9,130.01,131.00,129.59,130.84,6119400
2018/5/10,131.29,131.75,130.72,131.00,6585800
2018/5/11,131.00,132.09,130.23,131.82,5437100
2018/5/14,132.43,132.50,130.67,131.21,5017000
2018/5/15,130.56,131.40,129.90,131.10,5532300
2018/5/16,131.09,131.40,130.54,130.89,5124200
2018/5/17,130.58,130.80,129.61,129.93,4911700
2018/5/18,129.62,130.34,129.07,129.93,6082700
2018/5/21,130.95,131.51,129.99,130.66,5591800
2018/5/22,131.00,131.78,130.50,130.71,6645500
2018/5/23,130.06,131.91,129.80,131.88,6569100
2018/5/24,131.82,132.21,130.50,131.89,6035200
2018/5/25,131.88,132.10,130.93,131.28,7509600
2018/5/28,131.88,132.10,130.93,131.28,7509600
2018/5/29,130.39,131.05,129.06,129.69,10401900
2018/5/30,130.20,131.10,129.87,130.64,10631300
2018/5/31,130.65,131.58,129.98,130.72,11086000
2018/6/1,131.84,132.51,130.36,130.85,8323400
2018/6/4,131.94,133.57,131.43,133.07,7178000
2018/6/5,133.38,133.62,132.70,133.56,6198200
2018/6/6,134.00,136.31,133.61,136.28,8065800
2018/6/7,136.36,136.58,133.05,133.84,8309200
2018/6/8,133.44,134.92,133.23,134.74,5261000
2018/6/11,134.90,135.19,133.81,133.91,7988700
2018/6/12,134.04,135.13,133.54,134.86,5743300
2018/6/13,135.18,135.77,134.31,134.40,4881600
2018/6/14,134.96,135.70,134.75,135.00,6464100
2018/6/15,135.10,135.73,134.00,135.10,10044500
2018/6/18,134.37,136.31,134.12,136.20,8713300
2018/6/19,134.56,135.24,133.57,135.11,6557600
2018/6/20,135.52,136.69,135.50,135.50,7192000
2018/6/21,135.27,136.12,134.26,134.53,8689800
2018/6/22,135.60,135.85,134.26,135.33,6031900
2018/6/25,134.91,134.91,129.53,130.93,10086200
2018/6/26,132.11,133.79,131.61,132.55,7733900
2018/6/27,133.01,133.66,131.01,131.02,7282100
2018/6/28,131.00,133.12,130.65,132.74,6576500
2018/6/29,133.28,134.19,132.45,132.45,7259000
2018/7/2,131.96,133.05,131.15,132.50,7554400
2018/7/3,133.01,133.41,131.42,131.45,3621600
2018/7/4,133.01,133.41,131.42,131.45,3621600
2018/7/5,132.13,133.33,131.83,133.29,4729300
2018/7/6,133.58,134.28,132.50,134.09,4839800
2018/7/9,134.94,135.97,134.79,135.52,8960700
2018/7/10,135.57,137.33,135.34,136.69,6561900
2018/7/11,136.63,138.81,136.60,138.15,10648700
2018/7/12,139.01,139.95,138.66,139.90,11816100
2018/7/13,139.79,140.03,137.54,139.42,7865700
2018/7/16,139.42,139.55,138.16,138.46,4969900
2018/7/17,138.18,139.91,137.42,139.64,5412600
2018/7/18,139.91,141.17,139.37,140.90,7008600
2018/7/19,140.95,140.99,139.93,140.13,7937000
2018/7/20,140.00,141.47,139.92,140.99,7153600
2018/7/23,140.66,140.97,139.64,140.03,7723600
2018/7/24,140.99,141.47,139.51,140.03,8336700
2018/7/25,140.34,142.77,139.90,142.64,8376000
2018/7/26,141.61,142.79,139.53,142.50,10520800
2018/7/27,143.08,143.14,139.21,140.71,7014900
2018/7/30,140.13,140.42,135.31,136.48,12812400
2018/7/31,137.13,138.02,135.63,136.74,7683300
2018/8/1,137.74,138.74,137.41,138.25,7087700
2018/8/2,137.45,139.19,137.00,138.92,12300000
2018/8/3,139.29,139.86,137.94,139.82,4617500
2018/8/6,139.65,140.26,139.05,139.71,5143000
2018/8/7,139.98,140.69,139.87,140.28,10034500
2018/8/8,139.98,140.99,139.83,140.68,5389500
2018/8/9,140.73,141.24,139.90,140.01,5679300
2018/8/10,139.88,140.74,139.25,139.73,6523500
2018/8/13,140.53,141.24,139.83,140.21,4817500
2018/8/14,140.30,140.99,139.88,140.76,5888700
2018/8/15,140.35,140.69,138.84,139.92,5288400
2018/8/16,141.07,141.49,140.42,140.65,5931700
2018/8/17,140.78,141.71,140.57,141.33,7699600
2018/8/20,141.54,141.60,140.70,140.94,4662200
2018/8/21,141.00,141.46,139.80,140.04,6854300
2018/8/22,139.85,141.53,139.85,141.14,4191700
2018/8/23,141.01,142.45,140.77,142.10,4426800
2018/8/24,142.32,144.38,142.32,144.20,5714000
2018/8/27,144.99,145.60,144.71,145.40,7194900
2018/8/28,145.63,146.17,144.87,145.20,4925700
2018/8/29,145.46,147.30,145.42,147.03,5192900
2018/8/30,146.82,147.71,146.36,146.74,7804600
2018/8/31,146.74,147.64,146.50,146.89,5786600
2018/9/3,146.74,147.64,146.50,146.89,5786600
2018/9/4,146.93,147.86,146.67,147.80,7638100
2018/9/5,147.00,147.82,142.55,142.67,11363400
2018/9/6,143.29,144.70,142.54,144.50,9589200
2018/9/7,143.99,144.44,142.75,143.20,13626200
2018/9/10,144.13,144.44,143.21,144.08,5362700
2018/9/11,143.46,145.52,143.25,145.49,9895900
2018/9/12,145.85,146.80,145.07,146.57,6964100
2018/9/13,147.15,148.07,147.09,147.63,5803400
2018/9/14,147.91,148.37,147.35,147.84,4928300
2018/9/17,147.83,147.90,145.83,146.18,7708600
2018/9/18,146.20,148.09,145.95,147.63,5692100
2018/9/19,148.28,148.82,147.25,147.42,7432300
2018/9/20,147.99,149.49,147.20,149.24,7172700
2018/9/21,149.95,150.26,149.35,150.05,15628100
2018/9/24,149.16,149.65,147.27,149.11,6706700
2018/9/25,149.71,149.96,149.10,149.58,4230700
2018/9/26,150.00,150.42,149.04,149.27,5852400
2018/9/27,149.90,150.64,149.56,150.02,5868500
2018/9/28,149.81,150.37,149.55,150.09,6035900
2018/10/1,150.89,151.56,150.61,150.79,9802100
2018/10/2,150.84,150.84,149.17,149.67,8047500
2018/10/3,150.71,150.71,149.19,149.37,7521100
2018/10/4,149.18,149.28,146.10,146.76,9208900
2018/10/5,146.64,147.41,144.40,145.36,7085700
2018/10/8,145.01,145.01,140.18,141.89,11637300
2018/10/9,141.46,143.29,141.12,142.31,10798000
2018/10/10,142.57,142.69,135.21,135.52,15450100
2018/10/11,134.09,137.24,132.26,133.73,15657200
2018/10/12,138.48,140.98,137.43,140.06,12993300
2018/10/15,139.90,140.06,137.22,137.23,7953000
2018/10/16,138.71,142.14,138.68,141.74,11059500
2018/10/17,142.34,142.86,140.73,142.45,9170600
2018/10/18,142.46,142.46,137.95,139.29,10222600
2018/10/19,139.90,142.19,139.38,140.08,8696900
2018/10/22,140.97,141.54,139.51,140.64,6099500
2018/10/23,136.89,140.04,135.59,139.12,10736100
2018/10/24,139.70,140.18,134.00,134.26,13849600
2018/10/25,135.45,140.90,132.50,140.52,14985900
2018/10/26,137.98,139.87,136.06,137.74,12034900
2018/10/29,139.61,141.51,132.27,134.33,12768200
2018/10/30,133.08,134.86,129.79,132.76,15107600
2018/10/31,134.99,139.12,134.99,137.85,13205300
2018/11/1,139.00,140.87,137.49,140.83,16024000
2018/11/2,141.11,141.45,137.85,139.78,17063100
2018/11/5,139.80,140.21,138.07,139.80,6280000
2018/11/6,139.80,140.91,139.72,140.79,4732700
2018/11/7,142.34,144.90,142.32,144.78,20502100
2018/11/8,144.60,145.46,143.65,145.23,5927400
2018/11/9,144.20,144.57,142.36,143.93,8339800
2018/11/12,143.42,143.64,139.17,139.72,11335100
2018/11/13,140.35,141.90,139.01,139.72,6287000
2018/11/14,142.02,142.60,138.41,139.49,6613900
2018/11/15,138.85,141.91,137.93,141.84,8565000
2018/11/16,140.42,141.84,139.92,140.18,8628000
2018/11/19,140.47,140.57,134.25,134.76,16253000
2018/11/20,130.31,134.53,129.54,133.37,12720200
2018/11/21,134.36,135.78,133.63,134.42,7416300
2018/11/22,134.36,135.78,133.63,134.42,7416300
2018/11/23,132.59,134.25,132.49,132.87,3676000
2018/11/26,134.60,136.52,134.25,135.94,9144600
2018/11/27,135.28,136.31,134.12,135.91,7877900
2018/11/28,137.07,141.54,136.87,141.38,11265100
2018/11/29,140.69,140.70,138.71,139.10,8751500
2018/11/30,139.01,142.26,138.63,141.71,11362800
2018/12/3,145.00,145.72,143.85,145.00,11285600
2018/12/4,143.13,144.35,138.50,138.64,13988900
2018/12/5,143.13,144.35,138.50,138.64,13988900
2018/12/6,135.04,141.11,133.48,141.05,16391900
2018/12/7,140.82,142.13,135.99,137.11,14007700
2018/12/10,136.25,138.27,134.86,137.88,15744300
2018/12/11,139.94,140.05,135.92,136.81,12466300
2018/12/12,139.30,140.88,137.75,137.80,10387200
2018/12/13,138.30,139.13,136.15,137.54,8780900
2018/12/14,135.69,136.72,134.55,135.09,9351200
2018/12/17,134.21,134.43,130.69,131.40,11796200
2018/12/18,132.29,134.17,131.80,132.66,12761900
2018/12/19,132.93,135.87,129.52,131.26,13819000
2018/12/20,130.16,132.01,127.15,128.76,18091700
2018/12/21,127.18,130.33,122.95,124.26,25448600
2018/12/24,122.08,125.21,121.60,121.73,8617700
2018/12/25,122.08,125.21,121.60,121.73,8617700
2018/12/26,123.02,130.24,123.00,130.23,13499500
2018/12/27,127.99,132.01,126.52,132.01,10883000
2018/12/28,133.08,133.62,129.66,130.94,7381300
2018/12/31,131.68,132.44,130.23,131.94,7976000
2019/1/1,131.68,132.44,130.23,131.94,7976000
2019/1/2,130.00,133.74,129.60,132.92,8788000
2019/1/3,131.21,131.28,127.88,128.13,9428300
2019/1/4,130.44,134.59,130.13,133.65,11065800
2019/1/7,134.45,137.17,134.04,136.06,12928000
2019/1/8,137.97,138.19,135.96,136.80,9243000
2019/1/9,138.30,139.48,137.62,138.41,9987600
2019/1/10,136.81,138.82,136.36,138.67,12514900
2019/1/11,137.75,138.60,137.41,138.06,5860100
2019/1/14,136.99,138.13,136.65,137.10,8666700
2019/1/15,136.96,137.72,135.25,137.34,7594900
2019/1/16,138.40,138.87,137.07,137.34,7258000
2019/1/17,136.97,137.91,136.59,137.28,5864900
2019/1/18,138.31,138.60,136.64,138.50,10263500
2019/1/21,138.31,138.60,136.64,138.50,10263500
2019/1/22,137.90,139.52,136.98,138.05,8102300
2019/1/23,138.77,138.98,136.15,137.01,5465800
2019/1/24,137.11,138.32,136.52,137.70,4924800
2019/1/25,139.00,139.90,137.70,138.67,9756300
2019/1/28,137.51,137.51,134.81,135.99,9857200
2019/1/29,136.59,136.69,134.11,135.00,7457700
2019/1/30,136.10,137.90,135.51,137.60,8078100
2019/1/31,134.39,135.73,133.30,135.01,20095700
2019/2/1,135.39,140.35,135.26,140.15,13248300
2019/2/4,139.79,141.52,139.18,141.50,11882700
2019/2/5,142.00,142.95,141.83,142.53,8455700
2019/2/6,141.96,142.42,141.05,141.49,6146900
2019/2/7,139.92,141.06,139.21,140.17,10675300
2019/2/8,138.69,140.40,138.52,140.38,5950700
2019/2/11,141.26,142.29,140.45,140.80,7600100
2019/2/12,141.79,142.80,141.25,141.99,6090000
2019/2/13,142.89,144.70,142.87,143.49,6885600
2019/2/14,142.98,143.48,142.40,143.16,6314000
2019/2/15,144.55,144.91,143.82,144.91,6536000
2019/2/18,144.55,144.91,143.82,144.91,6536000
2019/2/19,144.42,144.88,144.02,144.44,8406700
2019/2/20,144.35,144.84,143.52,144.73,5283100
2019/2/21,144.35,145.03,143.18,144.00,8573400
2019/2/22,144.42,146.28,144.42,145.87,9680800
2019/2/25,146.91,147.20,145.81,146.06,9731200
2019/2/26,145.20,147.40,145.02,147.04,7332500
2019/2/27,146.50,147.49,145.92,147.22,9731200
2019/2/28,147.26,148.82,147.23,148.12,6250200
2019/3/1,149.46,149.93,148.38,149.47,7016800
2019/3/4,150.07,150.19,146.95,147.96,6979700
2019/3/5,148.00,149.29,147.83,147.95,9678600
2019/3/6,148.00,148.52,147.42,147.81,8186400
2019/3/7,147.26,147.81,146.04,146.83,8761700
2019/3/8,145.44,147.48,144.50,147.35,5168100
2019/3/11,148.11,150.97,148.02,150.67,9361500
2019/3/12,151.00,153.14,150.87,151.73,9465100
2019/3/13,152.30,154.04,152.04,152.47,8308900
2019/3/14,152.56,154.69,152.30,154.20,9364900
2019/3/15,153.72,156.82,153.36,155.46,20162000
2019/3/18,155.92,156.41,154.42,154.96,9689400
2019/3/19,155.95,155.95,154.14,154.59,9236100
2019/3/20,154.34,154.87,152.71,153.75,6391400
2019/3/21,153.32,156.68,153.31,155.80,7027100
2019/3/22,154.99,155.68,152.85,153.07,8119800
2019/3/25,152.36,154.06,151.54,153.03,7568000
2019/3/26,153.77,155.60,153.77,155.30,15594400
2019/3/27,155.47,155.86,153.36,154.22,12253800
2019/3/28,154.93,155.08,153.61,154.67,16902200
2019/3/29,155.73,156.29,154.93,156.19,12164400
2019/4/1,157.53,157.73,156.55,157.26,6420100
2019/4/2,157.66,158.15,156.75,157.78,6215100
2019/4/3,158.55,159.11,157.85,158.46,8209300
2019/4/4,158.53,158.69,156.53,157.64,5100200
2019/4/5,158.00,158.63,157.23,157.65,4178300
2019/4/8,157.55,157.85,156.32,157.75,5604700
2019/4/9,156.56,157.99,156.47,157.49,6364100
2019/4/10,157.99,158.78,157.52,158.56,3918600
2019/4/11,159.11,159.30,157.44,157.86,5771400
2019/4/12,158.71,159.64,157.86,159.64,6745100
2019/4/15,159.83,160.48,159.19,160.44,8142800
2019/4/16,161.04,161.10,159.55,160.23,6021400
2019/4/17,160.87,161.07,160.31,160.44,4609100
2019/4/18,160.93,161.10,159.00,160.16,7859400
2019/4/19,160.93,161.10,159.00,160.16,7859400
2019/4/22,159.20,160.48,159.07,160.40,4602600
2019/4/23,161.00,161.88,159.87,161.66,6522900
2019/4/24,161.75,162.03,160.65,161.49,7376500
2019/4/25,160.52,161.60,158.55,161.02,8862500
2019/4/26,161.26,163.03,160.40,162.93,7525400
2019/4/29,163.21,164.50,163.10,164.15,10003600
2019/4/30,164.98,165.70,163.92,164.43,6432700
2019/5/1,165.54,165.74,162.75,162.79,5248100
2019/5/2,162.10,163.08,160.43,161.12,6054900
2019/5/3,162.30,162.74,161.18,162.04,4317500
2019/5/6,158.21,162.65,158.20,162.28,10442400
2019/5/7,160.95,161.78,158.68,160.21,6413600
2019/5/8,159.77,161.70,159.52,160.76,5445900
2019/5/9,158.86,159.85,157.17,159.81,6813700
2019/5/10,158.86,161.40,157.27,160.71,5192500
2019/5/13,157.19,158.72,156.42,157.33,9730000
2019/5/14,158.10,161.52,157.94,160.21,9756700
2019/5/15,159.32,163.16,159.10,162.79,7547000
2019/5/16,163.45,165.60,162.86,164.87,9745500
2019/5/17,163.29,165.20,163.20,164.09,4582500
2019/5/20,163.35,164.74,162.33,163.47,4747400
2019/5/21,164.58,164.86,163.19,163.86,9095700
2019/5/22,163.60,165.63,163.45,164.24,5416400
2019/5/23,163.50,164.25,160.82,161.51,6138000
2019/5/24,162.75,163.41,161.72,162.64,4105600
2019/5/27,162.75,163.41,161.72,162.64,4105600
2019/5/28,163.40,165.77,163.33,163.71,10202300
2019/5/29,163.30,163.50,161.48,162.73,6456000
2019/5/30,162.80,163.50,161.94,162.76,4750600
2019/5/31,160.91,162.13,160.56,161.33,5079000
2019/6/3,161.54,162.83,156.75,158.60,8034600
2019/6/4,160.29,162.37,158.65,162.33,6684800
2019/6/5,163.50,165.40,162.69,165.39,7769300
2019/6/6,165.88,167.40,164.94,166.92,13738500
2019/6/7,168.00,171.61,167.80,170.05,10528800
2019/6/10,171.84,172.02,170.51,170.82,7565900
2019/6/11,171.95,172.18,168.42,170.31,6082900
2019/6/12,170.38,171.62,169.70,171.59,6772000
2019/6/13,172.14,172.20,168.72,169.35,6901400
2019/6/14,169.77,170.64,168.84,169.66,4999900
2019/6/17,169.73,170.42,169.03,169.56,6410200
2019/6/18,170.65,170.67,167.55,169.28,6969300
2019/6/19,169.39,171.20,169.21,170.69,6323900
2019/6/20,172.51,173.94,171.75,173.74,11474100
2019/6/21,173.27,174.81,173.16,173.44,11728200
2019/6/24,174.60,174.73,172.72,173.85,5554900
2019/6/25,174.81,174.94,170.59,171.28,9899900
2019/6/26,171.39,172.39,170.82,171.06,7129900
2019/6/27,172.12,172.40,170.32,171.23,5873400
2019/6/28,171.96,173.55,170.52,173.55,8442700
2019/7/1,175.33,175.54,172.74,173.94,6103200
2019/7/2,174.10,175.32,173.30,175.28,5238100
2019/7/3,176.00,176.99,175.72,176.87,4066600
2019/7/4,176.00,176.99,175.72,176.87,4066600
2019/7/5,175.86,177.03,174.51,176.66,5840400
2019/7/8,176.30,176.61,175.40,176.19,6720300
2019/7/9,175.43,177.89,175.30,177.73,4894300
2019/7/10,178.58,180.26,178.58,179.31,5110600
2019/7/11,180.12,180.94,179.46,180.74,6986600
2019/7/12,181.35,181.35,178.92,180.33,7196700
2019/7/15,180.56,181.07,179.94,180.57,4490400
2019/7/16,180.37,180.88,178.73,179.31,6800200
2019/7/17,179.56,180.21,179.01,179.15,3994200
2019/7/18,178.63,180.62,178.58,180.53,4736300
2019/7/19,181.84,181.84,179.14,179.24,5327100
2019/7/22,179.64,180.98,179.14,180.57,4862100
2019/7/23,180.89,181.27,179.06,180.90,7193000
2019/7/24,180.79,183.43,179.25,183.33,8169300
2019/7/25,183.87,183.99,181.30,181.59,6085800
2019/7/26,182.41,183.82,182.21,183.69,5056300
2019/7/29,183.89,184.07,182.73,183.21,4621800
2019/7/30,182.54,183.38,181.27,181.53,5236600
2019/7/31,181.79,182.05,176.06,178.00,7981200
2019/8/1,179.19,182.40,178.17,179.17,8417300
2019/8/2,178.00,178.27,174.69,177.42,8264600
2019/8/5,172.01,173.50,166.98,168.86,16858300
2019/8/6,171.79,172.95,170.13,172.48,10281300
2019/8/7,171.50,175.73,170.34,175.32,8292800
2019/8/8,177.46,179.95,176.57,179.90,7602800
2019/8/9,179.67,180.10,177.85,179.05,5373700
2019/8/12,177.44,178.65,175.60,176.34,7394400
2019/8/13,174.39,178.92,174.21,178.61,6667700
2019/8/14,176.24,177.25,173.16,173.51,7293500
2019/8/15,174.26,177.02,173.52,176.27,6698000
2019/8/16,178.00,178.75,177.20,178.23,8312200
2019/8/19,180.42,180.42,178.12,179.74,5285000
2019/8/20,179.43,180.63,178.49,179.24,3793600
2019/8/21,180.69,181.69,180.24,180.94,3695900
2019/8/22,181.95,182.33,178.61,180.09,6659900
2019/8/23,179.55,180.50,174.24,175.23,7051900
2019/8/26,176.41,177.67,175.35,177.59,7754400
2019/8/27,178.32,179.19,176.94,178.38,4022100
2019/8/28,176.99,178.99,176.03,178.67,4401900
2019/8/29,180.40,181.39,179.31,181.17,4679200
2019/8/30,181.99,182.18,179.67,180.82,4061200
2019/9/2,181.99,182.18,179.67,180.82,4061200
2019/9/3,180.52,181.25,179.10,179.20,4644000
2019/9/4,180.90,182.20,180.05,181.77,4154800
2019/9/5,183.73,185.68,183.38,184.73,6386800
2019/9/6,184.74,186.71,184.55,185.74,7990900
2019/9/9,186.92,187.05,179.51,181.55,7290500
2019/9/10,179.41,179.70,173.81,176.35,15255200
2019/9/11,177.40,177.93,174.45,174.98,9113600
2019/9/12,176.85,179.41,176.68,177.98,7748800
2019/9/13,178.65,178.77,176.02,177.27,6103200
2019/9/16,176.17,177.20,175.51,176.11,4253600
2019/9/17,176.83,178.26,175.04,176.45,5924700
2019/9/18,177.09,177.18,172.83,175.29,9542500
2019/9/19,176.20,177.41,175.61,175.96,6964500
2019/9/20,177.40,177.63,173.95,174.06,12820400
2019/9/23,172.90,175.25,172.79,174.91,8803500
2019/9/24,176.11,177.20,173.40,174.48,10039900
2019/9/25,173.80,175.67,172.39,175.28,7797300
2019/9/26,175.65,176.45,174.61,175.65,10419000
2019/9/27,176.70,176.83,172.36,174.00,9212600
2019/9/30,174.17,175.45,172.01,172.01,16464000
2019/10/1,173.02,174.82,172.82,174.29,8146200
2019/10/2,172.64,172.94,168.59,169.83,10596200
2019/10/3,169.91,173.14,168.63,172.87,7242800
2019/10/4,174.68,176.52,174.44,175.98,6027600
2019/10/7,174.66,175.69,173.80,174.90,5248300
2019/10/8,173.57,174.64,171.88,172.42,5336500
2019/10/9,174.11,175.99,173.64,174.88,6277300
2019/10/10,173.89,175.90,173.59,174.88,4762400
2019/10/11,176.87,179.20,176.85,177.06,8754400
2019/10/14,177.38,178.41,177.11,177.36,7240900
2019/10/15,178.13,179.43,177.55,178.75,4400200
2019/10/16,177.92,178.26,176.27,177.87,6509000
2019/10/17,178.89,179.19,177.50,177.94,4887900
2019/10/18,177.90,178.20,174.55,175.71,6311900
2019/10/21,176.00,176.73,174.61,176.43,4898200
2019/10/22,177.00,177.79,170.78,170.86,10094700
2019/10/23,170.99,172.17,170.18,171.32,7122300
2019/10/24,173.42,176.87,173.40,176.16,7872600
2019/10/25,174.93,179.15,173.50,177.85,10130100
2019/10/28,178.93,180.18,178.35,179.84,10086500
2019/10/29,179.80,180.00,177.37,177.63,7572800
2019/10/30,177.79,179.42,176.39,179.25,5374800
2019/10/31,179.25,179.70,178.01,178.86,6830800
2019/11/1,180.13,181.32,179.56,180.93,7000200
2019/11/4,182.08,182.40,178.81,178.95,7154800
2019/11/5,179.07,179.56,175.18,176.37,7447500
2019/11/6,176.37,178.19,176.14,176.77,6992500
2019/11/7,177.35,180.65,176.85,178.43,7227200
2019/11/8,178.38,179.45,177.80,178.97,3894100
2019/11/11,178.50,180.36,178.20,179.54,3617300
2019/11/12,179.94,181.06,178.88,179.74,6118700
2019/11/13,179.40,180.88,177.90,179.41,6138300
2019/11/14,179.00,179.77,178.06,179.75,9811000
2019/11/15,180.03,180.68,179.08,179.77,7808800
2019/11/18,179.57,180.32,178.98,179.66,7173700
2019/11/19,180.39,182.98,180.20,182.77,8549900
2019/11/20,182.31,183.22,180.35,181.66,6040500
2019/11/21,181.17,181.81,179.32,179.89,5112200
2019/11/22,180.13,180.47,178.35,179.47,6865600
2019/11/25,180.40,181.35,180.11,180.97,5457800
2019/11/26,181.46,182.92,181.21,182.55,7079000
2019/11/27,183.00,184.54,182.26,184.37,11452700
2019/11/28,183.00,184.54,182.26,184.37,11452700
2019/11/29,183.93,184.85,183.36,184.51,3139100
2019/12/2,184.24,184.37,179.87,181.79,6883200
2019/12/3,179.90,182.14,179.66,181.90,4543300
2019/12/4,182.66,182.66,180.47,180.60,10650400
2019/12/5,181.25,182.03,180.07,181.89,4638600
2019/12/6,182.74,183.28,181.34,182.17,14526700
2019/12/9,181.90,183.26,181.30,182.92,10233100
2019/12/10,182.55,183.15,181.90,182.26,8625700
2019/12/11,183.07,183.08,181.19,182.01,7138800
2019/12/12,181.66,183.33,180.83,182.64,11192100
2019/12/13,182.50,185.52,182.04,185.14,8558100
2019/12/16,186.33,186.82,185.77,186.24,8249900
2019/12/17,186.50,186.78,184.10,185.52,10208700
2019/12/18,185.52,186.44,184.90,184.90,8968500
2019/12/19,184.50,186.58,184.50,186.54,5854200
2019/12/20,187.60,188.17,186.30,188.00,11259500
2019/12/23,188.15,188.41,187.00,187.08,5831700
2019/12/24,187.10,188.02,186.91,187.57,2420900
2019/12/25,187.10,188.02,186.91,187.57,2420900
2019/12/26,187.89,189.18,187.70,189.16,5237000
2019/12/27,189.74,189.89,188.47,189.39,5448600
2019/12/30,189.31,189.48,187.12,187.83,4833600
2019/12/31,187.06,188.00,186.54,187.90,5273000
2020/1/1,187.06,188.00,186.54,187.90,5273000
2020/1/2,189.00,191.14,188.72,191.12,8733000
2020/1/3,188.41,190.96,187.92,189.60,4899700
2020/1/6,188.00,189.21,187.16,189.19,10109500
2020/1/7,189.59,190.10,188.60,188.69,4392300
2020/1/8,189.49,192.50,188.80,191.92,5712000
2020/1/9,193.00,193.92,192.52,193.25,6748000
2020/1/10,193.50,194.57,193.11,193.77,6586400
2020/1/13,194.44,195.60,194.28,195.33,11290500
2020/1/14,196.74,196.95,195.14,196.05,6236500
2020/1/15,197.00,200.15,196.32,199.80,10831100
2020/1/16,201.00,201.50,199.78,200.95,9983700
2020/1/17,201.76,204.75,199.98,204.70,12518900
2020/1/20,201.76,204.75,199.98,204.70,12518900
2020/1/21,204.13,208.39,203.80,207.29,14861700
2020/1/22,207.51,210.13,207.29,207.90,8065000
2020/1/23,207.90,208.40,205.30,206.52,8520800
2020/1/24,207.42,207.99,204.21,205.00,7812900
2020/1/27,200.00,203.33,199.10,201.69,7198900
2020/1/28,202.39,203.84,201.78,202.85,7215700
2020/1/29,204.30,205.92,202.51,204.86,7041700
2020/1/30,204.00,208.50,203.32,208.21,8571900
2020/1/31,201.49,203.98,198.26,198.97,16699600
2020/2/3,199.94,202.26,199.85,200.81,10885900
2020/2/4,203.50,204.92,202.23,203.56,10205900
2020/2/5,205.50,205.60,199.95,202.81,8672400
2020/2/6,203.05,204.63,202.48,203.04,7001200
2020/2/7,201.98,203.83,201.09,202.74,5691100
2020/2/10,201.97,206.13,201.86,205.99,6239500
2020/2/11,207.50,207.67,203.64,203.94,10231900
2020/2/12,205.00,208.15,205.00,207.44,7355800
2020/2/13,206.62,208.47,206.05,207.40,9495300
2020/2/14,208.29,210.78,208.01,210.29,6548800
2020/2/17,208.29,210.78,208.01,210.29,6548800
2020/2/18,210.00,211.50,209.36,211.20,7651500
2020/2/19,212.52,214.17,211.72,213.31,5927500
2020/2/20,212.13,213.69,208.28,211.45,8531900
2020/2/21,209.90,210.22,207.42,208.81,9231500
2020/2/24,197.89,203.77,194.01,198.79,13316800
2020/2/25,198.79,199.89,187.72,188.40,18539000
2020/2/26,190.00,193.51,187.03,187.21,14214700
2020/2/27,182.12,186.34,180.00,180.01,17536600
2020/2/28,173.79,182.33,172.98,181.76,22659000
2020/3/2,186.32,192.44,183.10,192.33,17434500
2020/3/3,193.20,194.04,184.50,185.73,15226400
2020/3/4,190.36,194.49,186.17,194.29,10789100
2020/3/5,191.24,191.92,185.64,186.96,10106900
2020/3/6,183.54,185.99,179.98,184.36,15183200
2020/3/9,171.21,179.57,168.31,171.13,20486400
2020/3/10,179.47,182.61,171.88,182.60,16119400
2020/3/11,177.65,178.73,170.20,172.95,14598200
2020/3/12,158.50,172.00,156.99,160.08,27467700
2020/3/13,168.72,176.32,162.21,175.83,19948900
2020/3/16,151.14,165.31,147.98,152.01,23692000
2020/3/17,155.75,163.70,149.25,157.89,22298000
2020/3/18,148.46,150.68,139.80,148.48,22787500
2020/3/19,146.92,157.25,141.47,152.25,19362800
2020/3/20,154.82,158.26,145.67,146.83,18692100
2020/3/23,141.33,143.35,133.93,135.74,30344100
2020/3/24,144.84,155.25,143.58,154.53,24488300
2020/3/25,159.32,168.18,153.58,161.78,20619600
2020/3/26,162.08,169.53,161.79,168.88,17062900
2020/3/27,161.08,167.10,158.15,161.56,14950700
2020/3/30,161.04,165.87,160.69,165.57,15714500
2020/3/31,166.43,168.19,160.54,161.12,20613100
2020/4/1,156.32,158.07,151.42,153.11,12595200
2020/4/2,152.53,158.35,151.29,157.39,14051100
2020/4/3,155.56,157.72,150.60,151.85,11994700
2020/4/6,160.02,170.73,158.25,169.44,16479100
2020/4/7,177.76,178.80,168.10,168.59,15379000
2020/4/8,171.01,176.00,167.93,174.94,11146500
2020/4/9,176.27,177.19,172.85,173.69,12231800
2020/4/10,176.27,177.19,172.85,173.69,12231800
2020/4/13,172.26,172.32,166.15,168.99,14043700
2020/4/14,173.09,175.43,170.83,174.62,9980500
2020/4/15,168.70,169.36,164.95,165.96,12118700
2020/4/16,167.11,168.00,159.80,162.42,20308200
2020/4/17,169.65,170.99,164.95,169.54,15375800
2020/4/20,167.33,167.43,163.20,164.22,10505200
2020/4/21,162.00,162.57,159.15,160.53,10562100
2020/4/22,164.66,167.70,162.92,166.59,14502500
2020/4/23,167.88,170.41,166.21,166.38,11411300
2020/4/24,168.44,168.75,164.01,167.32,8391400
2020/4/27,168.65,172.35,168.55,171.76,9903300
2020/4/28,175.00,175.01,170.38,171.25,8614400
2020/4/29,176.85,182.25,176.10,181.79,12862800
2020/4/30,181.78,181.83,177.66,178.72,11331600
2020/5/1,174.45,179.64,174.27,175.57,10109600
2020/5/4,172.95,176.94,171.72,176.15,9386200
2020/5/5,179.09,181.10,178.26,178.44,13513000
2020/5/6,179.72,180.51,177.88,178.78,8540500
2020/5/7,181.75,184.98,181.71,182.72,9262200
2020/5/8,185.03,185.75,183.62,185.09,6470100
2020/5/11,183.87,184.62,181.43,183.56,8683100
2020/5/12,183.56,183.99,179.37,179.47,8219700
2020/5/13,178.50,181.09,175.04,177.09,13377100
2020/5/14,175.94,181.05,173.82,180.90,9695100
2020/5/15,179.98,184.14,178.87,183.49,10785900
2020/5/18,188.00,192.83,187.47,191.38,11802200
2020/5/19,191.14,194.50,189.23,189.36,7446800
2020/5/20,193.00,194.99,192.41,193.86,9545600
2020/5/21,193.50,193.62,190.02,190.62,11338100
2020/5/22,191.00,191.37,189.23,190.86,5807600
2020/5/25,191.00,191.37,189.23,190.86,5807600
2020/5/26,195.80,196.27,192.76,193.22,9662200
2020/5/27,194.31,194.31,188.52,192.82,7650300
2020/5/28,193.54,198.29,192.71,194.26,8352200
2020/5/29,194.50,196.74,193.28,195.24,10211900
2020/6/1,194.71,195.88,193.52,194.35,6011300
2020/6/2,195.94,197.52,194.92,196.36,8462100
2020/6/3,198.00,198.14,195.57,196.87,8879400
2020/6/4,195.98,196.46,193.12,193.64,7829800
2020/6/5,196.20,199.77,195.48,199.61,8561200
2020/6/8,199.58,199.96,197.13,199.60,7628100
2020/6/9,198.36,201.67,198.24,199.08,6892300
2020/6/10,199.90,202.18,198.95,200.48,8405300
2020/6/11,195.14,196.36,188.75,188.88,11974600
2020/6/12,194.21,195.00,187.85,192.26,11706300
2020/6/15,187.00,192.48,186.21,191.76,6752700
2020/6/16,196.86,198.38,191.80,192.88,11057200
2020/6/17,193.66,195.37,193.06,193.56,5968900
2020/6/18,192.60,194.25,192.11,193.91,5803200
2020/6/19,196.89,197.10,191.37,192.20,11483300
2020/6/22,191.99,196.36,191.29,194.96,6674500
2020/6/23,196.25,200.15,195.82,197.97,9866800
2020/6/24,197.02,197.48,190.69,191.41,9453100
2020/6/25,191.10,194.24,189.90,193.98,9936600
2020/6/26,193.10,194.13,189.08,189.27,11836000
2020/6/29,189.91,191.45,187.30,191.38,8020400
2020/6/30,191.49,193.75,190.16,193.17,9040100
2020/7/1,193.85,195.35,192.66,193.78,6394100
2020/7/2,196.00,197.92,195.00,195.67,6299300
2020/7/3,196.00,197.92,195.00,195.67,6299300
2020/7/6,198.73,199.18,195.68,197.76,7292200
2020/7/7,196.81,198.90,193.81,194.20,7660100
2020/7/8,195.08,195.52,193.12,195.07,8368000
2020/7/9,195.00,195.49,189.95,192.21,8548200
2020/7/10,191.65,192.82,189.44,192.55,7674200
2020/7/13,193.61,195.19,188.70,189.02,8564100
2020/7/14,189.50,193.47,187.18,193.33,8003900
2020/7/15,195.23,197.77,194.50,196.55,7681100
2020/7/16,195.33,195.71,192.52,193.50,5064000
2020/7/17,194.83,195.57,193.12,195.09,6395000
2020/7/20,194.74,199.48,193.67,198.47,6985300
2020/7/21,200.00,200.17,195.68,196.48,7218700
2020/7/22,196.48,199.00,196.25,198.86,6823400
2020/7/23,198.44,200.95,196.43,197.43,6106700
2020/7/24,195.67,197.48,194.03,195.15,7160300
2020/7/27,195.16,197.81,194.20,196.91,5604700
2020/7/28,197.69,199.37,196.71,196.74,6897300
2020/7/29,193.09,198.89,193.05,198.58,9471300
2020/7/30,195.20,196.56,192.12,194.06,10499400
2020/7/31,194.42,194.69,189.44,190.40,14180800
2020/8/3,191.80,193.34,190.21,190.69,11405200
2020/8/4,191.13,192.94,190.08,192.29,8204000
2020/8/5,193.56,198.18,193.10,196.10,8876800
2020/8/6,195.98,198.92,194.79,198.77,7480300
2020/8/7,197.59,197.98,195.30,196.36,5654000
2020/8/10,196.36,198.31,195.33,196.79,5525400
2020/8/11,197.82,202.89,196.34,197.77,11549600
2020/8/12,199.00,200.23,198.24,198.74,5432500
2020/8/13,197.13,199.94,197.03,197.58,7014800
2020/8/14,197.01,198.07,195.77,196.64,5014400
2020/8/17,197.30,200.46,196.71,199.43,6256200
2020/8/18,199.98,200.10,196.82,199.01,6519900
2020/8/19,198.92,202.84,198.90,200.99,9467600
2020/8/20,199.90,204.44,199.60,204.15,8849200
2020/8/21,204.50,205.14,203.34,204.13,9998300
2020/8/24,205.01,206.45,204.67,206.41,6159600
2020/8/25,207.19,208.20,205.54,208.10,5828300
2020/8/26,208.10,210.80,207.30,210.26,7035200
2020/8/27,211.21,212.18,209.05,211.03,8619600
2020/8/28,212.00,216.16,211.22,215.71,7349800
2020/8/31,215.54,215.96,211.56,211.99,9326900
2020/9/1,212.21,213.89,211.12,213.35,5642900
2020/9/2,214.13,217.35,213.77,216.48,9863800
2020/9/3,214.93,214.93,207.09,208.96,11310200
2020/9/4,208.49,210.50,200.15,204.66,13243600
2020/9/7,208.49,210.50,200.15,204.66,13243600
2020/9/8,200.78,202.25,199.21,200.12,14186900
2020/9/9,204.35,206.29,201.95,204.06,7532600
2020/9/10,204.86,207.00,200.45,201.54,7243000
2020/9/11,201.58,202.41,198.91,200.68,7439000
2020/9/14,203.35,206.41,203.14,204.98,11730500
2020/9/15,206.75,208.21,204.77,205.39,6328600
2020/9/16,206.74,207.75,204.95,205.13,6135000
2020/9/17,202.85,205.58,202.00,205.27,7474900
2020/9/18,205.47,205.72,201.72,202.61,9084100
2020/9/21,199.91,201.25,194.70,197.45,9656000
2020/9/22,198.09,200.71,196.80,200.56,7543100
2020/9/23,200.80,201.09,194.57,195.37,6310600
2020/9/24,195.15,197.67,193.13,195.52,9865300
2020/9/25,195.02,198.14,193.51,197.25,5496100
2020/9/28,200.63,201.72,199.83,200.32,5565300
2020/9/29,200.58,202.38,199.37,199.44,5513500
2020/9/30,200.85,202.54,198.89,199.97,9157600
2020/10/1,202.21,205.20,201.64,203.35,7234600
2020/10/2,200.00,202.83,199.40,201.46,6019700
2020/10/5,202.71,203.65,201.05,203.54,6090500
2020/10/6,204.11,205.10,199.71,200.45,5841100
2020/10/7,202.00,202.79,199.99,202.47,6713400
2020/10/8,204.00,204.30,202.23,202.98,3955600
2020/10/9,204.00,207.08,203.68,206.64,5562900
2020/10/12,206.94,207.97,205.73,206.40,6622700
2020/10/13,203.38,205.21,203.03,204.32,5621700
2020/10/14,204.71,204.97,201.13,202.20,5320000
2020/10/15,201.01,204.70,197.60,199.55,8885500
2020/10/16,199.99,202.65,199.41,200.26,6385900
2020/10/19,200.85,201.07,196.50,196.97,7449600
2020/10/20,197.55,199.66,196.71,197.70,7427000
2020/10/21,197.83,200.42,197.83,198.43,6067200
2020/10/22,199.34,199.77,195.76,197.99,4908200
2020/10/23,199.75,199.88,196.02,198.01,5877200
2020/10/26,196.00,196.42,190.72,193.07,12608700
2020/10/27,193.00,193.70,189.22,190.06,8690400
2020/10/28,183.98,184.70,179.34,180.87,17809500
2020/10/29,183.00,187.00,179.34,184.87,16820900
2020/10/30,182.66,184.22,179.23,181.71,10252900
2020/11/2,184.51,186.92,183.89,184.74,8057100
2020/11/3,186.83,189.53,185.16,188.34,6467900
2020/11/4,192.89,196.88,191.53,193.97,8102700
2020/11/5,198.36,200.99,197.29,197.64,7132100
2020/11/6,197.35,199.68,195.43,198.47,6180500
2020/11/9,214.69,217.65,212.28,212.68,17916900
2020/11/10,211.94,214.06,210.55,213.31,7943600
2020/11/11,212.17,214.28,211.67,212.70,5337200
2020/11/12,211.43,212.54,207.14,208.26,7302500
2020/11/13,209.91,211.28,207.30,210.48,6377500
2020/11/16,214.57,215.09,211.83,212.70,12083200
2020/11/17,210.56,212.09,209.50,210.71,7268800
2020/11/18,209.72,211.15,207.67,207.83,6977900
2020/11/19,207.24,208.73,205.53,207.57,5657200
2020/11/20,207.13,208.11,203.81,203.88,9653500
2020/11/23,204.70,209.00,204.70,208.16,6101900
2020/11/24,210.85,213.82,209.40,209.68,10110800
2020/11/25,209.67,211.95,208.87,210.89,6772900
2020/11/26,209.67,211.95,208.87,210.89,6772900
2020/11/27,212.00,212.03,208.81,211.00,3512900
2020/11/30,209.54,210.54,206.60,210.35,7725500
2020/12/1,212.13,213.67,211.04,211.20,8047900
2020/12/2,211.00,211.40,208.48,210.18,9728900
2020/12/3,209.78,211.11,207.61,208.05,9203300
2020/12/4,209.74,212.72,208.51,212.68,5720100
2020/12/7,211.97,214.50,211.80,212.65,10624500
2020/12/8,209.95,213.13,209.89,212.77,8646200
2020/12/9,213.23,213.50,208.95,209.58,6251100
2020/12/10,208.51,209.30,207.25,207.61,10492000
2020/12/11,205.36,206.89,204.50,206.24,9227600
2020/12/14,207.85,211.30,206.97,207.25,11967700
2020/12/15,208.54,209.44,206.16,208.36,9796100
2020/12/16,208.48,209.13,207.14,208.27,7504400
2020/12/17,209.00,211.78,208.85,211.18,6517200
2020/12/18,211.02,211.98,209.87,211.31,13298200
2020/12/21,208.27,209.80,204.79,209.01,7576700
2020/12/22,208.39,208.40,205.60,205.84,7396200
2020/12/23,207.33,207.33,205.11,205.30,6523100
2020/12/24,206.64,208.82,206.60,208.70,3367900
2020/12/25,206.64,208.82,206.60,208.70,3367900
2020/12/28,209.85,213.46,208.95,212.63,5816200
2020/12/29,214.61,215.24,213.54,214.37,6093400
2020/12/30,216.00,220.39,215.65,218.36,8875100
2020/12/31,218.40,219.82,216.20,218.73,5922200
2021/1/1,218.40,219.82,216.20,218.73,5922200
2021/1/4,220.25,220.25,214.24,217.76,10318300
2021/1/5,216.31,218.46,213.64,214.51,6869700
2021/1/6,213.80,216.17,212.07,212.62,7206200
2021/1/7,212.20,215.22,212.20,213.81,10967900
2021/1/8,214.17,216.12,212.75,215.45,6513000
2021/1/11,213.96,214.86,212.48,212.89,7353100
2021/1/12,212.34,212.79,207.47,208.86,9331600
2021/1/13,209.41,211.00,208.63,209.35,6688500
2021/1/14,210.57,211.21,201.73,201.86,12887500
2021/1/15,201.54,203.26,200.43,201.59,8755000
2021/1/18,201.54,203.26,200.43,201.59,8755000
2021/1/19,203.05,204.17,200.07,201.66,9772000
2021/1/20,203.03,207.19,202.23,206.01,12675700
2021/1/21,206.05,207.17,204.75,205.14,6513500
2021/1/22,203.99,205.33,201.80,202.02,7316200
2021/1/25,200.34,201.64,195.75,200.98,19282400
2021/1/26,201.76,203.49,200.97,202.01,9605300
2021/1/27,197.64,199.70,193.96,194.97,13772400
2021/1/28,200.00,202.00,198.17,198.22,11041300
2021/1/29,197.82,203.05,192.81,193.25,21503000
2021/2/1,195.14,199.21,195.02,198.36,12970700
2021/2/2,200.85,204.35,200.00,202.61,11305100
2021/2/3,203.07,203.51,200.98,201.36,13458600
2021/2/4,203.24,209.68,203.10,209.25,14534800
2021/2/5,209.98,210.13,208.66,208.77,10284000
2021/2/8,210.00,210.65,205.91,206.89,8637100
2021/2/9,205.76,207.63,203.70,206.52,7619400
2021/2/10,207.97,207.97,205.94,206.44,8467600
2021/2/11,207.33,211.59,207.19,210.66,8411100
2021/2/12,209.36,211.13,207.68,209.96,6911000
2021/2/15,209.36,211.13,207.68,209.96,6911000
2021/2/16,210.66,211.05,207.35,207.90,9652700
2021/2/17,205.26,208.28,205.06,207.51,8373200
2021/2/18,205.88,209.70,204.96,209.35,7328600
2021/2/19,209.34,209.53,203.76,204.73,15011500
2021/2/22,203.55,210.65,203.11,208.32,8337700
2021/2/23,207.40,213.91,206.55,212.11,10571700
2021/2/24,212.36,220.53,211.29,219.43,12039000
2021/2/25,219.29,220.45,212.58,213.75,11404300
2021/2/26,214.05,215.21,210.74,212.39,11730000
2021/3/1,214.97,217.80,214.79,216.63,6982000
2021/3/2,216.96,217.93,214.82,215.77,6155200
2021/3/3,215.15,217.19,212.86,214.85,6484600
2021/3/4,215.97,217.02,208.67,211.50,10658900
2021/3/5,213.73,216.10,209.63,215.41,7582000
2021/3/8,216.98,226.13,215.81,220.27,14750400
2021/3/9,222.06,225.00,220.19,220.36,9228600
2021/3/10,220.72,224.19,219.40,223.17,7822900
2021/3/11,224.53,228.23,223.81,226.15,10053400
2021/3/12,225.28,226.54,223.42,224.36,8172400
2021/3/15,224.23,227.09,221.74,223.27,9306100
2021/3/16,223.71,225.58,222.30,224.70,8949300
2021/3/17,225.05,226.24,221.76,223.02,8675600
2021/3/18,221.43,222.52,219.58,220.66,9321800
2021/3/19,219.12,220.17,206.88,206.90,32209700
2021/3/22,206.55,212.29,206.23,208.00,11371600
2021/3/23,209.05,209.96,207.50,208.15,8820700
2021/3/24,208.75,211.14,207.93,208.07,10101600
2021/3/25,207.67,208.82,205.78,207.97,8390800
2021/3/26,208.25,213.70,207.70,213.53,7399900
2021/3/29,212.45,215.29,211.12,214.51,7792300
2021/3/30,213.01,214.15,211.41,211.90,5498000
2021/3/31,212.55,214.11,211.55,211.73,13180000
2021/4/1,213.78,217.74,212.30,216.86,6138400
2021/4/2,213.78,217.74,212.30,216.86,6138400
2021/4/5,218.60,220.51,217.31,219.04,10440500
2021/4/6,217.62,219.40,215.34,218.65,7828100
2021/4/7,219.12,221.04,218.64,219.27,5614300
2021/4/8,219.97,222.82,218.11,220.70,11042000
2021/4/9,221.00,222.60,219.51,222.52,5724900
2021/4/12,220.24,221.91,219.22,221.47,6315200
2021/4/13,221.00,221.62,220.22,221.02,4764000
2021/4/14,221.00,223.10,220.07,221.98,4972600
2021/4/15,223.89,227.63,223.86,226.28,8698100
2021/4/16,227.17,227.80,225.76,226.41,6829400
2021/4/19,225.75,227.58,225.08,225.79,6541600
2021/4/20,224.78,225.38,221.82,223.28,5799100
2021/4/21,223.31,227.87,222.87,227.45,9490600
2021/4/22,227.30,230.93,226.89,227.57,7303000
2021/4/23,228.61,231.82,227.71,230.00,5345200
2021/4/26,230.77,232.95,229.52,230.34,5650000
2021/4/27,231.03,231.16,228.99,229.91,6642100
2021/4/28,230.95,236.27,230.67,233.45,10111400
2021/4/29,235.23,237.50,233.15,236.86,7411400
2021/4/30,235.32,235.93,232.29,233.56,10260200
2021/5/3,234.05,235.74,231.39,232.61,8174400
2021/5/4,231.60,232.39,230.23,232.03,5884500
2021/5/5,233.85,233.85,228.66,229.21,6523200
2021/5/6,229.63,231.58,228.66,231.32,6124100
2021/5/7,232.34,233.22,230.71,232.12,4528700
2021/5/10,231.60,232.00,225.16,225.97,9627400
2021/5/11,223.74,226.42,222.04,225.48,7633300
2021/5/12,223.63,225.00,220.31,220.63,7721300
2021/5/13,221.51,224.90,220.89,223.74,6650100
2021/5/14,225.82,227.51,224.92,226.94,4777200
2021/5/17,226.18,227.16,225.32,226.44,5534200
2021/5/18,228.39,229.18,225.43,225.57,6900000
2021/5/19,222.76,224.85,221.79,224.59,9311900
2021/5/20,225.44,227.60,225.24,226.44,7478600
2021/5/21,226.88,229.31,226.55,226.77,5603900
2021/5/24,227.95,230.11,227.63,229.32,4040100
2021/5/25,229.90,230.19,228.42,229.02,4689100
2021/5/26,228.05,229.35,226.38,227.07,4295600
2021/5/27,227.76,228.42,226.37,226.86,5969600
2021/5/28,227.59,229.43,227.15,227.30,5779700
2021/5/31,227.59,229.43,227.15,227.30,5779700
2021/6/1,229.44,230.08,226.28,226.63,5091500
2021/6/2,229.22,233.11,228.78,229.66,9081100
2021/6/3,229.00,230.39,227.77,228.11,6382400
2021/6/4,229.35,230.70,228.73,230.14,5085700
2021/6/7,232.85,234.68,230.08,231.32,5421300
2021/6/8,232.15,232.85,230.16,232.05,4170600
2021/6/9,232.50,234.85,232.12,232.31,4659000
2021/6/10,233.10,234.26,232.13,233.95,4452500
2021/6/11,234.39,235.44,233.71,234.96,5378300
2021/6/14,234.70,235.22,231.57,234.08,5805800
2021/6/15,234.44,234.80,232.62,232.98,7093800
2021/6/16,233.62,234.18,228.00,229.60,8905400
2021/6/17,229.21,233.34,229.21,232.15,6876700
2021/6/18,230.45,232.18,229.22,230.41,8840000
2021/6/21,231.45,235.01,230.40,234.32,7298400
2021/6/22,234.30,236.09,233.24,235.93,8858400
2021/6/23,235.45,235.92,233.94,234.68,6814700
2021/6/24,237.00,238.25,235.41,236.24,4611500
2021/6/25,236.40,238.48,236.32,237.32,7825200
2021/6/28,238.00,238.37,231.86,234.09,9301700
2021/6/29,234.57,236.52,234.15,235.95,11897700
2021/6/30,235.11,236.40,233.82,233.82,7797100
2021/7/1,234.20,236.25,234.05,235.15,5329600
2021/7/2,235.83,238.78,235.82,238.63,4383700
2021/7/5,235.83,238.78,235.82,238.63,4383700
2021/7/6,239.50,240.61,237.21,239.60,8048700
2021/7/7,240.26,241.04,238.30,240.00,4366100
2021/7/8,236.97,237.07,234.55,236.61,6388000
2021/7/9,238.76,239.45,237.42,238.47,5615900
2021/7/12,237.58,238.51,237.27,237.87,7010700
2021/7/13,238.25,242.48,238.25,242.35,8079200
2021/7/14,243.22,246.81,242.82,245.99,8693400
2021/7/15,245.31,248.80,245.31,248.55,10135100
2021/7/16,249.99,250.46,247.52,248.12,8674500
2021/7/19,243.99,244.45,238.90,240.41,11474600
2021/7/20,240.64,244.21,239.51,242.70,7072300
2021/7/21,243.29,246.90,242.30,243.66,11241400
2021/7/22,243.78,245.35,243.15,244.14,10293600
2021/7/23,246.76,250.01,246.76,249.02,6766000
2021/7/26,249.21,250.36,247.70,250.25,4879000
2021/7/27,249.19,252.67,248.22,250.93,7038300
2021/7/28,250.05,251.50,245.91,246.94,9036500
2021/7/29,248.11,250.38,247.10,247.92,7495300
2021/7/30,247.21,248.46,246.00,246.39,5804700
2021/8/2,246.24,247.83,238.37,239.78,9989500
2021/8/3,240.63,241.39,234.03,237.09,9839000
2021/8/4,237.00,237.55,235.05,236.67,8171800
2021/8/5,236.61,240.25,236.43,240.21,5337500
2021/8/6,240.00,242.60,239.86,241.40,4509700
2021/8/9,241.75,242.18,238.05,240.00,5226900
2021/8/10,240.51,241.34,235.56,238.07,7185700
2021/8/11,238.08,238.36,234.58,235.06,7375700
2021/8/12,233.89,234.11,231.02,231.79,9867000
2021/8/13,232.00,233.27,231.40,232.65,5445400
2021/8/16,232.21,235.48,230.20,235.36,7575900
2021/8/17,235.00,235.67,233.22,234.53,6850500
2021/8/18,233.92,234.35,231.47,231.63,4996500
2021/8/19,229.04,232.43,228.90,231.57,5761300
2021/8/20,231.87,232.16,230.30,231.36,5522200
2021/8/23,232.70,234.65,232.00,234.14,6342000
2021/8/24,235.04,236.19,233.95,234.24,5081800
2021/8/25,235.00,235.00,232.08,232.59,5277100
2021/8/26,232.13,232.63,230.15,230.52,5889100
2021/8/27,231.02,233.05,230.23,232.69,6369000
2021/8/30,232.69,233.67,229.92,231.23,6448000
2021/8/31,230.91,231.84,228.66,229.10,9405100
2021/9/1,229.10,230.78,228.77,230.12,8177600
2021/9/2,230.43,230.55,221.96,224.18,19708800
2021/9/3,224.00,227.30,223.35,225.11,11532000
2021/9/6,224.00,227.30,223.35,225.11,11532000
2021/9/7,226.74,228.00,225.86,226.27,9662600
2021/9/8,227.38,230.22,227.04,229.09,10652600
2021/9/9,229.31,230.00,227.10,227.49,5853000
2021/9/10,229.85,230.04,224.82,224.91,6715400
2021/9/13,225.53,227.20,223.41,224.63,6808100
2021/9/14,225.00,225.81,222.28,223.03,6575700
2021/9/15,222.52,224.84,221.36,223.81,6535800
2021/9/16,223.86,225.20,222.75,224.33,5928500
2021/9/17,222.45,223.70,219.30,221.75,13787400
2021/9/20,216.96,220.50,216.31,220.05,8822600
2021/9/21,220.75,222.17,218.98,220.17,7033600
2021/9/22,221.40,224.10,221.10,222.75,6005900
2021/9/23,225.00,228.70,224.36,228.31,7952700
2021/9/24,228.93,231.95,228.62,231.59,6461200
2021/9/27,231.72,233.33,228.77,229.60,6881100
2021/9/28,228.87,228.87,224.00,225.56,6951400
2021/9/29,226.80,229.02,226.09,226.68,6432700
2021/9/30,227.58,228.79,222.63,222.75,7128500
2021/10/1,224.17,231.56,223.47,230.46,7925400
2021/10/4,230.00,230.33,220.81,224.73,10283400
2021/10/5,225.48,227.38,223.92,224.28,5814000
2021/10/6,222.04,226.62,221.25,226.51,5420900
2021/10/7,228.91,231.16,228.49,230.55,6561900
2021/10/8,231.00,232.73,230.18,230.27,3735200
2021/10/11,230.01,230.32,224.87,225.11,5620200
2021/10/12,225.56,226.22,222.92,224.05,5448200
2021/10/13,223.13,225.86,218.63,222.46,9076000
2021/10/14,224.12,225.65,223.06,225.18,5590500
2021/10/15,227.22,231.09,226.73,230.99,6355100
2021/10/18,230.18,232.76,228.14,230.65,5580200
2021/10/19,231.95,233.64,230.68,233.52,4409700
2021/10/20,233.46,233.80,231.31,231.42,5401800
2021/10/21,230.70,230.83,226.30,230.24,5982200
2021/10/22,230.29,232.82,228.71,231.23,3788000
2021/10/25,233.45,234.86,232.29,233.88,4938700
2021/10/26,235.53,236.96,231.33,231.82,7814500
2021/10/27,224.75,224.75,215.66,215.78,22958100
2021/10/28,219.25,219.99,209.01,209.84,23199400
2021/10/29,209.21,213.67,208.54,211.77,14329800
2021/11/1,213.49,215.25,211.45,212.46,13210300
2021/11/2,213.16,213.35,207.82,209.14,14688700
2021/11/3,209.69,210.15,206.73,208.10,11486700
2021/11/4,209.16,212.36,207.87,208.78,11368200
2021/11/5,211.95,217.63,211.36,216.67,14273600
2021/11/8,218.37,221.61,218.15,220.49,13500100
2021/11/9,219.69,220.41,212.92,213.39,11535000
2021/11/10,213.55,216.95,213.33,215.56,10063600
2021/11/11,216.47,216.78,210.16,210.42,13546900
2021/11/12,211.50,213.58,211.43,212.09,7660500
2021/11/15,213.62,216.40,211.81,212.30,9596900
2021/11/16,212.16,215.65,211.66,215.18,8719600
2021/11/17,205.95,207.31,199.46,205.06,38379600
2021/11/18,206.50,207.87,201.27,203.33,18292200
2021/11/19,202.04,203.50,199.85,200.86,18032600
2021/11/22,200.00,201.70,194.60,195.58,21185800
2021/11/23,196.97,198.92,194.38,198.49,14742700
2021/11/24,198.17,203.95,197.64,203.25,12026800
2021/11/25,198.17,203.95,197.64,203.25,12026800
2021/11/26,193.32,199.19,192.55,197.65,10987600
2021/11/29,201.00,201.25,195.36,196.29,14633500
2021/11/30,195.27,197.66,192.56,193.77,16023000
2021/12/1,196.03,196.81,190.10,190.16,13204900
2021/12/2,192.00,199.44,191.85,198.29,13976300
2021/12/3,198.27,198.47,194.04,196.32,10660500
2021/12/6,198.77,204.22,197.74,202.68,10722100
2021/12/7,206.00,207.94,205.89,207.37,11897200
2021/12/8,207.66,209.48,205.71,208.99,11749200
2021/12/9,208.52,212.20,207.17,211.39,10176800
2021/12/10,211.90,214.25,210.86,213.40,8882700
2021/12/13,212.45,213.32,209.98,211.02,8844300
2021/12/14,210.73,213.37,208.45,209.98,9832300
2021/12/15,209.40,212.49,207.86,212.31,10892500
2021/12/16,215.29,216.27,211.61,214.37,8548400
2021/12/17,212.80,213.21,207.79,211.88,11578400
2021/12/20,209.09,209.77,206.86,208.74,9434400
2021/12/21,210.61,216.16,210.36,215.38,6993700
2021/12/22,213.85,218.94,213.85,217.96,6003400
2021/12/23,218.44,218.52,216.62,216.62,4798200
2021/12/24,218.44,218.52,216.62,216.62,4798200
2021/12/27,217.68,218.12,214.88,217.63,4818400
2021/12/28,216.01,219.73,215.58,218.05,4279800
2021/12/29,217.76,218.94,217.33,218.17,3223100
2021/12/30,217.97,219.15,217.15,217.87,3812800
2021/12/31,216.81,217.98,215.49,216.71,4723300
2022/1/3,217.52,222.06,217.01,221.43,7694500
2022/1/4,222.00,226.79,221.81,222.46,10629300
2022/1/5,222.64,225.27,219.92,220.00,9594600
2022/1/6,217.80,221.91,217.55,219.75,7877500
2022/1/7,217.31,220.20,215.64,216.96,10702100
2022/1/10,213.98,214.20,206.50,211.97,11978600
2022/1/11,211.42,214.95,208.74,214.38,8803100
2022/1/12,214.48,217.58,213.81,215.71,6923300
2022/1/13,216.85,220.48,214.66,215.00,8867700
2022/1/14,214.17,218.25,213.71,214.67,8838100
2022/1/17,214.17,218.25,213.71,214.67,8838100
2022/1/18,215.88,216.91,214.33,215.71,9099300
2022/1/19,213.00,218.23,212.11,214.68,9399800
2022/1/20,214.72,219.60,213.94,214.35,8532700
2022/1/21,215.46,215.60,205.82,205.93,16200200
2022/1/24,202.18,202.72,195.65,201.85,16054000
2022/1/25,199.62,205.38,196.99,202.00,12125500
2022/1/26,204.28,210.86,203.67,205.87,10817600
2022/1/27,209.50,210.96,205.85,206.15,12009800
2022/1/28,220.64,228.12,216.10,228.00,26425300
2022/1/31,225.55,226.38,222.05,226.17,12380600
2022/2/1,226.90,234.61,226.42,232.36,12247200
2022/2/2,231.30,235.85,230.01,235.42,10590500
2022/2/3,233.04,233.49,230.55,231.54,9968000
2022/2/4,228.50,230.22,224.95,228.39,10848100
2022/2/7,228.00,229.92,226.01,227.16,5984500
2022/2/8,226.26,228.50,224.75,227.94,7542000
2022/2/9,230.13,233.15,230.12,230.87,7772800
2022/2/10,228.03,229.95,224.87,225.59,6794600
2022/2/11,227.25,229.10,223.54,224.69,7535200
2022/2/14,223.29,227.26,222.81,225.34,8280800
2022/2/15,227.27,229.29,224.91,227.82,9461700
2022/2/16,227.50,229.88,225.60,228.82,9561300
2022/2/17,228.40,228.81,224.17,224.61,8131200
2022/2/18,224.60,225.74,221.84,222.69,8121200
2022/2/21,224.60,225.74,221.84,222.69,8121200
2022/2/22,221.02,224.34,219.92,221.32,9928800
2022/2/23,222.84,224.28,215.42,215.95,8669900
2022/2/24,203.37,217.86,201.45,217.30,13463400
2022/2/25,217.29,220.68,214.25,219.27,8463600
2022/2/28,216.00,218.65,213.24,216.12,8409400
2022/3/1,214.48,215.15,207.28,208.97,9317800
2022/3/2,206.90,210.54,206.19,208.48,8865700
2022/3/3,210.55,211.50,206.56,207.23,8610000
2022/3/4,205.00,206.37,196.86,200.29,10912300
2022/3/7,199.84,200.18,190.05,190.70,13412400
2022/3/8,190.01,196.42,186.67,191.71,11070900
2022/3/9,196.50,200.50,195.24,199.76,8457600
2022/3/10,196.90,199.94,196.30,197.97,7061600
2022/3/11,200.75,200.84,196.46,196.71,5432100
2022/3/14,198.42,204.43,198.16,200.33,7994700
2022/3/15,202.09,206.41,201.40,206.14,8277700
2022/3/16,210.00,213.67,207.00,211.87,9232300
2022/3/17,209.93,213.54,208.72,213.45,6668500
2022/3/18,211.70,219.26,210.29,219.11,14620800
2022/3/21,216.34,218.06,214.55,217.04,6101500
2022/3/22,217.84,219.57,217.18,218.47,6259900
2022/3/23,215.30,217.29,214.20,214.68,6008000
2022/3/24,214.99,217.66,214.00,217.31,5487000
2022/3/25,218.42,218.93,215.69,218.43,5051400
2022/3/28,218.50,220.98,217.51,220.77,4316800
2022/3/29,224.84,228.81,223.78,228.12,8032500
2022/3/30,225.84,226.16,222.73,223.95,7084000
2022/3/31,223.91,225.92,220.44,221.77,10759500
2022/4/1,223.08,226.63,222.23,226.36,6559600
2022/4/4,225.76,229.24,224.96,227.74,8521200
2022/4/5,226.83,228.99,225.31,226.09,4658000
2022/4/6,222.78,222.87,218.62,219.01,7430000
2022/4/7,218.31,218.68,213.68,216.15,6995100
2022/4/8,214.81,219.41,213.08,216.98,5438600
2022/4/11,215.25,217.30,213.41,214.75,6942700
2022/4/12,216.50,216.99,210.70,211.40,7446600
2022/4/13,210.43,213.85,207.17,213.27,8052900
2022/4/14,214.27,215.95,212.53,212.79,8191600
2022/4/15,214.27,215.95,212.53,212.79,8191600
2022/4/18,211.67,215.83,211.52,213.17,4744400
2022/4/19,213.10,216.51,212.44,215.70,5028800
2022/4/20,218.66,220.82,217.39,217.79,7178300
2022/4/21,219.51,223.92,215.35,216.45,8850300
2022/4/22,216.24,216.56,207.95,208.17,6201100
2022/4/25,206.35,210.53,205.33,209.95,6839400
2022/4/26,206.98,208.56,201.10,201.10,8155300
2022/4/27,217.37,221.80,213.05,214.11,15955800
2022/4/28,220.40,224.93,219.27,220.66,10799100
2022/4/29,218.62,221.20,212.35,213.13,7965000
2022/5/2,211.77,212.14,206.96,211.53,8803700
2022/5/3,213.61,213.61,206.27,208.56,6616900
2022/5/4,209.35,214.80,205.33,214.52,7191100
2022/5/5,212.27,214.58,203.07,205.24,7749600
2022/5/6,203.75,205.72,200.22,202.82,8825300
2022/5/9,200.05,200.75,192.08,193.00,10314100
2022/5/10,196.71,197.75,190.97,193.58,11016500
2022/5/11,193.49,198.32,191.40,196.72,9427300
2022/5/12,194.53,196.06,189.95,193.97,9308600
2022/5/13,197.00,200.54,196.50,199.23,6684500
2022/5/16,197.32,199.94,195.88,197.81,5161300
2022/5/17,202.85,204.80,200.15,204.00,7265600
2022/5/18,202.82,205.46,199.13,199.99,8748200
2022/5/19,196.35,200.42,193.31,197.37,9012400
2022/5/20,199.67,201.66,194.02,199.03,6966600
2022/5/23,200.88,207.96,200.77,207.56,12187400
2022/5/24,203.91,204.67,199.03,202.63,7458500
2022/5/25,200.59,204.95,200.47,203.84,5457200
2022/5/26,205.11,209.74,204.67,208.55,9212300
2022/5/27,210.00,213.23,209.64,212.88,4897200
2022/5/30,210.00,213.23,209.64,212.88,4897200
2022/5/31,210.38,214.35,209.11,212.17,9586400
2022/6/1,212.05,214.11,208.82,209.93,5246100
2022/6/2,211.89,215.25,211.08,215.05,5337200
2022/6/3,212.95,214.21,211.27,212.65,4352500
2022/6/6,215.45,217.58,212.09,212.94,3965100
2022/6/7,211.12,214.97,210.72,214.50,4493300
2022/6/8,213.76,215.57,212.83,213.50,3646300
2022/6/9,212.59,213.71,206.02,206.11,5138600
2022/6/10,201.65,203.42,199.18,199.51,5162500
2022/6/13,192.99,195.89,191.08,192.26,7119200
2022/6/14,192.72,194.34,191.75,193.52,6441200
2022/6/15,195.98,198.83,192.23,196.16,6490000
2022/6/16,191.41,191.87,187.53,189.05,9887200
2022/6/17,186.93,191.31,185.91,190.01,15089300
2022/6/20,186.93,191.31,185.91,190.01,15089300
2022/6/21,195.71,196.73,193.73,194.39,6241600
2022/6/22,191.25,196.39,191.03,193.82,5138500
2022/6/23,196.14,197.46,193.45,196.64,4752800
2022/6/24,197.73,205.64,197.51,205.51,7754800
2022/6/27,205.75,207.09,202.61,203.56,6121200
2022/6/28,204.00,206.79,197.50,198.12,4354200
2022/6/29,197.32,200.64,197.32,199.50,4324600
2022/6/30,195.37,198.85,192.85,196.89,7045200
2022/7/1,196.79,199.80,194.71,199.18,4131800
2022/7/4,196.79,199.80,194.71,199.18,4131800
2022/7/5,196.23,200.57,194.14,200.54,4110200
2022/7/6,200.00,202.51,198.67,201.12,4111200
2022/7/7,202.54,203.43,200.04,202.80,4650700
2022/7/8,202.32,204.10,200.46,203.57,3621800
2022/7/11,202.00,206.74,202.00,205.06,5353600
2022/7/12,203.25,208.12,202.76,204.82,6779500
2022/7/13,200.43,205.57,199.50,204.15,7597300
2022/7/14,200.00,206.08,197.98,205.91,5605500
2022/7/15,209.37,211.71,207.18,210.04,7245700
2022/7/18,211.50,212.91,206.64,207.21,4648900
2022/7/19,208.22,214.11,207.90,213.66,4927100
2022/7/20,212.00,214.13,211.21,213.37,4460300
2022/7/21,213.15,216.90,212.73,216.19,4801300
2022/7/22,217.93,218.07,212.12,213.70,5071500
2022/7/25,214.58,214.80,211.62,214.27,4357200
2022/7/26,213.85,215.15,211.75,212.49,6141000
2022/7/27,210.77,216.85,201.20,210.47,17432200
2022/7/28,210.64,212.72,207.92,211.35,7477100
2022/7/29,212.00,214.16,209.83,212.11,6059700
2022/8/1,208.45,213.99,207.56,211.36,8028400
2022/8/2,207.80,208.84,203.93,206.26,9939400
2022/8/3,207.99,210.33,206.88,208.48,9520100
2022/8/4,210.53,214.88,208.55,213.47,6789700
2022/8/5,210.71,215.95,210.50,215.87,5553700
2022/8/8,215.23,216.63,212.05,213.32,4063400
2022/8/9,212.00,213.45,209.75,210.26,4596800
2022/8/10,214.83,214.84,211.31,212.10,5746400
2022/8/11,213.29,213.50,210.59,211.08,6639600
2022/8/12,213.00,213.22,210.10,211.33,6443700
2022/8/15,210.37,216.74,210.37,216.42,5290600
2022/8/16,214.55,217.61,212.13,217.14,6564400
2022/8/17,215.00,216.18,212.75,214.52,4902500
2022/8/18,213.87,216.00,212.43,215.25,4516400
2022/8/19,214.11,215.23,212.39,212.82,4178800
2022/8/22,209.94,211.25,208.20,208.61,5139500
2022/8/23,208.00,209.30,206.53,206.80,3525500
2022/8/24,206.63,208.35,205.68,206.67,4230800
2022/8/25,207.39,209.91,206.50,209.82,4495000
2022/8/26,209.77,210.26,202.70,202.89,5060200
2022/8/29,201.25,203.96,200.62,202.33,4476200
2022/8/30,203.92,204.41,200.21,201.38,3918200
2022/8/31,201.00,203.17,198.64,198.71,6559000
2022/9/1,198.72,200.43,196.66,200.13,5608300
2022/9/2,202.44,202.48,196.85,197.76,4508100
2022/9/5,202.44,202.48,196.85,197.76,4508100
2022/9/6,197.90,200.04,196.40,198.64,4547800
2022/9/7,198.71,201.14,197.22,200.42,4098300
2022/9/8,197.40,201.11,196.96,200.71,4377600
2022/9/9,202.07,206.40,201.35,205.20,4885600
2022/9/12,206.50,207.19,204.95,206.63,3812300
2022/9/13,202.05,203.47,198.87,199.67,5217900
2022/9/14,200.00,200.88,198.06,199.41,4632800
2022/9/15,198.09,200.31,194.53,195.37,6099300
2022/9/16,190.22,193.82,188.22,193.30,9398200
2022/9/19,191.59,193.99,190.71,193.13,8133600
2022/9/20,191.10,193.03,190.29,192.07,5292500
2022/9/21,192.53,193.09,187.00,187.02,6705900
2022/9/22,186.35,187.21,184.66,185.79,6604700
2022/9/23,183.47,184.58,182.23,183.96,10755800
2022/9/26,183.04,184.50,179.90,180.59,9914600
2022/9/27,182.51,184.85,177.02,177.87,9799600
2022/9/28,177.26,180.10,174.83,179.18,9751000
2022/9/29,178.83,182.24,178.73,180.06,9105200
2022/9/30,180.06,182.92,177.60,177.65,9472300
2022/10/3,179.34,183.36,178.15,181.65,8842300
2022/10/4,185.05,186.21,183.07,185.65,7081400
2022/10/5,183.34,188.82,182.36,187.67,6119900
2022/10/6,186.65,188.05,185.25,185.59,5163000
2022/10/7,183.45,184.61,181.93,183.83,5610300
2022/10/10,184.13,184.78,180.90,182.18,4743800
2022/10/11,180.37,181.64,178.19,179.14,6294500
2022/10/12,179.09,180.59,178.22,178.24,4884300
2022/10/13,175.00,185.37,174.60,184.66,8426400
2022/10/14,186.79,187.13,182.07,182.62,6449400
2022/10/17,186.00,188.57,182.85,185.25,13952100
2022/10/18,189.49,190.19,185.74,187.17,5209200
2022/10/19,185.49,187.64,184.76,186.41,4927000
2022/10/20,186.46,190.98,186.43,187.22,5706700
2022/10/21,185.80,190.95,185.05,190.37,7582500
2022/10/24,191.41,193.13,189.10,190.71,7299200
2022/10/25,190.87,195.23,190.72,194.38,11907200
2022/10/26,196.58,206.37,196.50,203.33,15450000
2022/10/27,203.32,206.32,201.59,204.29,7946700
2022/10/28,205.00,211.52,203.31,209.34,8455600
2022/10/31,208.92,209.62,206.20,207.16,8674100
2022/11/1,208.91,209.97,205.33,206.93,5919500
2022/11/2,205.76,207.00,200.58,200.95,6985600
2022/11/3,198.28,198.85,194.18,194.75,8236200
2022/11/4,197.00,201.45,195.34,196.98,9680100
2022/11/7,198.32,200.44,197.17,200.10,7821300
2022/11/8,201.66,204.12,199.74,201.78,6943700
2022/11/9,200.70,201.33,193.33,193.93,7320200
2022/11/10,203.09,205.76,200.02,205.57,8048900
2022/11/11,206.00,206.43,202.15,205.00,9601000
2022/11/14,203.50,209.17,203.21,206.86,5796100
2022/11/15,209.99,213.73,207.51,209.99,7316100
2022/11/16,208.58,210.89,208.22,210.14,6125300
2022/11/17,207.96,211.28,207.32,210.99,5385600
2022/11/18,213.17,214.17,209.74,210.80,8028500
2022/11/21,210.30,210.55,205.89,206.32,10450900
2022/11/22,207.54,210.48,205.35,210.33,5273100
2022/11/23,210.00,212.83,209.92,211.73,3807300
2022/11/24,210.00,212.83,209.92,211.73,3807300
2022/11/25,211.71,214.00,211.39,213.79,1993500
2022/11/28,212.26,214.47,210.65,211.26,10229400
2022/11/29,209.35,210.15,207.35,209.06,8986900
2022/11/30,208.22,217.00,208.01,217.00,13918100
2022/12/1,217.00,218.65,215.30,217.00,11261500
2022/12/2,215.73,218.48,214.24,217.66,5132800
2022/12/5,215.65,216.91,213.05,213.68,9006300
2022/12/6,212.00,212.13,207.64,209.08,5986000
2022/12/7,208.80,209.02,205.13,207.81,7923800
2022/12/8,209.51,210.30,207.75,209.10,4896500
2022/12/9,207.91,210.52,207.52,208.70,4928400
2022/12/12,210.00,214.82,209.47,214.59,5941700
2022/12/13,219.54,219.98,212.62,213.04,14585000
2022/12/14,212.85,216.28,211.63,213.32,7001700
2022/12/15,209.60,211.82,206.82,207.91,10831800
2022/12/16,207.49,208.40,205.30,206.89,12472900
2022/12/19,206.63,207.47,203.95,204.82,4893600
2022/12/20,203.88,206.53,203.55,205.36,5024900
2022/12/21,206.57,207.96,205.58,206.81,4086900
2022/12/22,205.75,206.65,202.13,205.06,5690300
2022/12/23,204.13,206.24,203.52,205.83,3246000
2022/12/26,204.13,206.24,203.52,205.83,3246000
2022/12/27,205.92,206.88,204.60,206.29,2904900
2022/12/28,206.68,208.53,204.80,204.99,3139200
2022/12/29,205.95,208.53,205.50,208.06,3675500
2022/12/30,206.31,208.04,205.70,207.76,4159400
2023/1/2,206.31,208.04,205.70,207.76,4159400
2023/1/3,209.28,212.33,206.16,207.39,4202800
2023/1/4,209.62,213.20,209.62,212.61,6606200
2023/1/5,213.80,214.16,210.46,211.11,5246000
2023/1/6,214.00,218.14,213.09,217.75,6829700
2023/1/9,219.07,222.21,218.35,218.60,6294500
2023/1/10,218.99,222.39,218.18,221.09,10857000
2023/1/11,221.29,222.18,219.70,222.10,5408200
2023/1/12,222.10,223.81,220.61,223.62,4264400
2023/1/13,221.91,223.76,220.14,223.06,4283200
2023/1/16,221.91,223.76,220.14,223.06,4283200
2023/1/17,222.38,224.40,222.37,223.00,6101100
2023/1/18,224.08,224.99,219.44,219.46,6558000
2023/1/19,218.10,221.52,217.50,220.41,4853100
2023/1/20,221.14,224.43,220.41,224.31,5211000
2023/1/23,224.60,226.20,223.15,224.18,5501500
2023/1/24,222.02,230.00,216.63,223.89,5274900
2023/1/25,221.62,224.97,221.17,224.90,4729600
2023/1/26,226.00,227.08,223.67,224.71,7043400
2023/1/27,228.00,232.84,227.25,231.44,11382600
2023/1/30,230.20,230.42,227.93,229.10,5677400
2023/1/31,228.81,230.80,228.45,230.21,11294200
2023/2/1,229.37,232.66,227.80,230.90,5792700
2023/2/2,233.96,234.30,228.37,229.56,7190000
2023/2/3,228.69,230.86,227.64,230.13,5243600
2023/2/6,228.70,230.26,228.04,229.44,3402400
2023/2/7,228.02,232.13,227.95,231.32,4042600
2023/2/8,230.34,231.86,229.99,230.20,4978600
2023/2/9,232.41,232.48,229.13,229.35,5238400
2023/2/10,228.96,229.91,226.16,227.20,4509700
2023/2/13,226.88,229.83,226.27,228.88,4946700
2023/2/14,228.67,231.42,227.17,229.39,4829400
2023/2/15,227.59,229.07,226.80,228.92,4407300
2023/2/16,226.07,228.36,225.67,225.83,3865900
2023/2/17,224.18,224.77,221.74,223.56,4520200
2023/2/20,224.18,224.77,221.74,223.56,4520200
2023/2/21,220.16,222.44,219.99,220.62,7276100
2023/2/22,220.41,221.75,219.45,220.02,4621800
2023/2/23,221.56,222.09,218.93,221.13,5533800
2023/2/24,218.48,220.24,217.46,219.55,4414400
2023/2/27,220.73,221.44,219.34,220.35,4255300
2023/2/28,220.00,221.77,219.50,219.94,5385400
2023/3/1,219.46,220.27,216.43,218.36,4792700
2023/3/2,217.89,219.60,217.09,219.06,5539300
2023/3/3,220.20,224.02,219.90,223.77,6055400
2023/3/6,223.93,227.42,223.69,226.75,5737600
2023/3/7,226.75,227.38,223.08,223.17,4386800
2023/3/8,221.96,222.93,221.18,222.19,4194900
2023/3/9,221.40,224.37,219.66,220.01,5066700
2023/3/10,219.03,219.12,215.48,216.14,6638900
2023/3/13,214.63,217.85,212.50,214.47,6810800
2023/3/14,218.00,219.87,216.04,218.66,7985600
2023/3/15,214.41,216.91,213.67,216.37,8372200
2023/3/16,215.17,217.58,208.76,217.45,13674600
2023/3/17,214.87,218.66,214.87,217.39,18801200
2023/3/20,217.00,220.55,216.84,218.15,9817400
2023/3/21,221.34,222.51,218.68,221.95,8971400
2023/3/22,222.50,224.90,219.92,220.04,6700600
2023/3/23,220.44,225.25,220.26,222.59,6427700
2023/3/24,220.67,221.33,218.25,221.04,4791500
2023/3/27,222.59,224.08,221.39,221.81,7210900
2023/3/28,222.82,223.33,218.65,220.33,6418400
2023/3/29,222.29,223.55,220.92,223.30,4483000
2023/3/30,223.92,224.24,221.21,222.36,5383900
2023/3/31,223.60,225.84,223.29,225.46,9509000
2023/4/3,225.23,229.16,224.12,229.00,6421500
2023/4/4,229.00,230.05,226.83,227.66,5254700
2023/4/5,226.78,228.47,226.55,228.17,4813600
2023/4/6,226.16,226.73,224.68,225.99,4285200
2023/4/7,226.16,226.73,224.68,225.99,4285200
2023/4/10,225.56,226.48,224.32,226.43,4952200
2023/4/11,227.00,229.14,226.20,228.45,4513300
2023/4/12,229.93,231.59,227.33,227.81,4373000
2023/4/13,229.46,232.84,228.80,232.69,7615500
2023/4/14,232.99,234.99,232.24,234.02,9781300
2023/4/17,234.02,234.05,230.94,233.48,4865000
2023/4/18,233.75,234.33,231.69,233.60,4796200
2023/4/19,234.00,234.06,231.85,232.57,3833900
2023/4/20,232.46,234.67,231.50,234.60,4925700
2023/4/21,235.00,235.57,233.38,234.05,6771500
2023/4/24,234.23,235.15,231.51,232.76,9124100
2023/4/25,233.02,235.02,229.43,229.59,6076500
2023/4/26,231.22,232.77,226.72,228.15,8400400
2023/4/27,228.67,229.63,226.61,229.01,7128200
2023/4/28,228.65,233.57,228.06,232.73,11627900
2023/5/1,232.87,234.59,231.51,232.51,4571100
2023/5/2,231.95,232.37,226.21,226.98,5244000
2023/5/3,226.98,228.67,225.92,225.98,4093300
2023/5/4,224.84,226.06,223.48,225.60,5648700
2023/5/5,228.34,232.34,227.29,231.78,6237500
2023/5/8,231.25,233.45,231.25,232.23,2938400
2023/5/9,231.08,234.09,230.82,233.26,4352100
2023/5/10,234.30,234.81,228.90,231.27,5245000
2023/5/11,230.75,231.52,228.27,231.01,3818000
2023/5/12,232.00,232.73,229.82,231.38,3432700
2023/5/15,231.19,232.83,230.55,232.81,2843200
2023/5/16,232.56,233.10,229.63,230.47,4289700
2023/5/17,232.73,233.89,230.55,232.65,4990100
2023/5/18,232.40,234.15,231.13,233.60,6621900
2023/5/19,234.00,234.34,231.94,233.31,5399400
2023/5/22,233.31,233.87,231.18,231.28,3987800
2023/5/23,229.27,229.49,223.66,224.58,8537200
2023/5/24,222.55,223.10,220.03,222.25,6730800
2023/5/25,222.45,224.69,220.49,223.38,6827600
2023/5/26,223.82,226.21,223.34,225.01,5067300
2023/5/29,223.82,226.21,223.34,225.01,5067300
2023/5/30,225.01,225.47,219.75,221.64,6916000
2023/5/31,219.96,221.53,216.14,221.03,20460600
2023/6/1,222.73,226.71,222.43,226.50,7003600
2023/6/2,228.81,230.27,227.42,228.79,5897100
2023/6/5,227.91,228.33,225.31,226.77,4858900
2023/6/6,226.69,229.25,226.16,228.22,6020100
2023/6/7,227.00,227.55,221.02,225.27,8517200
2023/6/8,225.09,225.14,222.41,223.05,6248200
2023/6/9,223.64,225.18,222.76,223.56,6385000
2023/6/12,224.41,226.45,223.63,226.17,8621100
2023/6/13,225.62,227.15,222.63,223.40,6868700
2023/6/14,223.74,225.47,222.58,223.44,9160700
2023/6/15,222.02,227.11,221.37,226.17,12534000
2023/6/16,226.45,229.80,226.08,228.91,13628900
2023/6/19,226.45,229.80,226.08,228.91,13628900
2023/6/20,227.00,229.57,226.18,226.47,12312300
2023/6/21,226.12,228.63,224.98,227.25,7032100
2023/6/22,226.36,228.93,225.50,228.39,6275500
2023/6/23,227.22,229.98,226.39,229.55,5424400
2023/6/26,229.44,230.10,226.20,226.30,5165400
2023/6/27,227.48,228.61,226.52,227.34,4628500
2023/6/28,227.50,228.06,226.02,227.96,5324500
2023/6/29,228.79,234.70,228.60,234.32,7118900
2023/6/30,236.27,238.28,235.95,237.48,6879400
2023/7/3,237.00,238.40,235.41,237.97,3087400
2023/7/4,237.00,238.40,235.41,237.97,3087400
2023/7/5,234.41,240.00,233.99,239.45,7601200
2023/7/6,238.27,239.60,236.69,238.88,6441800
2023/7/7,236.73,238.44,236.13,236.45,5729500
2023/7/10,237.01,239.10,236.50,238.16,4858900
2023/7/11,238.81,240.70,238.12,240.55,3856500
2023/7/12,241.55,243.95,241.23,242.21,6116000
2023/7/13,243.79,244.27,243.15,243.31,5819600
2023/7/14,244.73,244.74,241.96,243.16,4941200
2023/7/17,243.11,245.37,243.00,243.99,4328100
2023/7/18,243.10,243.18,237.68,240.77,7674000
2023/7/19,241.25,242.59,240.12,241.42,4835500
2023/7/20,241.16,241.61,239.07,239.62,4695000
2023/7/21,239.74,240.35,238.73,239.25,5427400
2023/7/24,239.68,241.28,238.19,240.74,6010000
2023/7/25,240.02,240.80,238.56,238.69,4997500
2023/7/26,231.42,238.85,227.68,237.10,7551400
2023/7/27,237.42,238.66,232.96,234.44,8160100
2023/7/28,234.58,235.88,233.71,235.75,6794800
2023/7/31,236.00,238.42,236.00,237.73,4799600
2023/8/1,237.14,240.73,237.00,239.78,4627300
2023/8/2,238.63,238.79,236.79,237.56,4868200
2023/8/3,236.00,239.05,235.25,238.76,5033800
2023/8/4,238.00,241.91,237.84,238.99,5169700
2023/8/7,239.22,242.18,239.21,241.51,5649800
2023/8/8,240.42,241.36,237.39,239.29,5080600
2023/8/9,240.50,241.97,239.49,239.76,4055000
2023/8/10,240.62,243.95,240.09,240.16,4778000
2023/8/11,240.00,240.72,238.42,240.04,3607100
2023/8/14,240.72,243.33,240.26,242.90,4351100
2023/8/15,242.01,242.67,239.35,239.83,3770100
2023/8/16,236.53,241.07,236.02,239.29,3218600
2023/8/17,240.00,240.38,236.49,237.37,4177600
2023/8/18,235.58,239.05,235.30,238.17,4344800
2023/8/21,239.38,240.53,237.76,239.46,3573600
2023/8/22,240.00,241.43,238.67,240.57,3848400
2023/8/23,241.32,242.54,240.72,242.30,4947700
2023/8/24,242.25,243.56,239.36,239.47,4570700
2023/8/25,241.38,243.41,240.21,242.57,3541500
2023/8/28,243.01,245.23,242.60,243.83,3741500
2023/8/29,243.50,245.83,243.40,245.34,3975600
2023/8/30,246.42,248.23,246.05,246.23,4573300
2023/8/31,245.59,248.02,245.45,245.68,5532600
2023/9/1,247.47,248.87,246.77,248.11,4112900
2023/9/4,247.47,248.87,246.77,248.11,4112900
2023/9/5,248.35,248.69,245.20,245.34,4459600
2023/9/6,245.42,246.66,244.21,246.16,4520300
2023/9/7,245.50,247.40,245.11,247.14,4007900
2023/9/8,247.79,248.14,246.44,247.29,3309100
2023/9/11,247.33,248.36,246.27,247.22,2995800
2023/9/12,246.94,247.76,246.01,247.30,3499600
2023/9/13,247.15,250.06,246.61,247.83,5657000
2023/9/14,245.00,245.54,238.75,241.50,12000000
2023/9/15,241.90,244.10,240.03,241.07,13077900
2023/9/18,240.94,245.23,240.77,244.66,4771600
2023/9/19,245.00,245.12,241.46,243.56,4709000
2023/9/20,243.63,244.53,241.67,241.86,5756600
2023/9/21,240.77,240.78,236.27,236.61,6881500
2023/9/22,236.75,237.79,234.88,235.08,5935500
2023/9/25,235.38,235.47,232.21,233.36,5921600
2023/9/26,231.93,232.67,229.60,229.65,6193200
2023/9/27,230.26,230.68,227.92,229.50,6006700
2023/9/28,230.67,232.54,229.67,231.66,4203900
2023/9/29,232.84,233.03,229.65,230.01,6045200
2023/10/2,229.24,231.37,228.77,231.27,5175200
2023/10/3,230.47,231.75,227.78,228.81,5585700
2023/10/4,229.48,231.70,228.88,231.22,5430900
2023/10/5,230.41,234.19,230.22,233.48,6126200
2023/10/6,233.17,236.59,232.75,235.04,6401300
2023/10/9,232.80,235.17,231.70,234.44,5372200
2023/10/10,234.90,238.22,234.28,236.60,4644000
2023/10/11,237.55,238.51,234.89,235.68,4760900
2023/10/12,236.71,237.73,234.89,236.78,4472800
2023/10/13,236.39,238.65,236.23,237.67,4966800
2023/10/16,239.00,240.71,238.33,240.07,6227300
2023/10/17,239.63,241.48,238.29,241.20,4527600
2023/10/18,239.96,240.83,236.99,237.47,9528300
2023/10/19,237.47,237.92,233.41,233.81,5927400
2023/10/20,234.13,235.77,232.64,233.38,5748300
2023/10/23,231.36,234.46,231.28,231.53,5071700
2023/10/24,232.89,236.53,232.89,234.65,6844100
2023/10/25,232.25,238.48,231.29,236.85,10365300
2023/10/26,234.57,235.61,230.36,231.28,6414500
2023/10/27,231.17,231.39,228.03,229.27,5540900
2023/10/30,232.19,233.38,230.03,233.08,5170300
2023/10/31,233.57,235.72,232.99,235.10,4828400
2023/11/1,236.14,239.04,235.68,238.58,4996200
2023/11/2,239.91,243.25,239.20,243.25,6286700
2023/11/3,245.12,245.32,242.26,243.60,5029800
2023/11/6,244.00,244.78,242.61,243.49,5254100
2023/11/7,243.41,245.07,243.38,244.77,4219700
2023/11/8,243.49,244.75,242.80,243.91,5117500
2023/11/9,244.33,244.48,240.97,241.64,4866600
2023/11/10,243.98,245.27,241.97,245.25,4094400
2023/11/13,245.00,245.68,244.11,244.67,4088500
2023/11/14,246.17,247.93,245.58,246.94,14092000
2023/11/15,246.81,248.24,245.34,248.11,13258900
2023/11/16,248.59,249.45,247.27,248.57,7051600
2023/11/17,249.45,250.24,248.66,249.56,7238200
2023/11/20,249.61,250.93,245.60,249.97,8604200
2023/11/21,250.03,253.34,250.03,252.23,7213700
2023/11/22,253.00,254.54,252.66,253.72,5701400
2023/11/23,253.00,254.54,252.66,253.72,5701400
2023/11/24,254.19,254.70,253.50,254.30,1640900
2023/11/27,254.30,254.98,252.52,254.14,5478900
2023/11/28,253.85,254.15,251.61,252.94,5234900
2023/11/29,253.92,256.07,253.52,254.23,4955100
2023/11/30,254.25,256.77,253.17,256.68,6874700
2023/12/1,255.79,256.91,253.90,256.45,3939400
2023/12/4,255.91,257.39,254.35,254.44,5247500
2023/12/5,254.19,254.82,252.14,254.61,4199100
2023/12/6,255.80,256.83,253.53,254.29,3874000
2023/12/7,254.89,256.14,253.50,255.82,3589300
2023/12/8,255.00,256.04,253.87,255.74,3732300
2023/12/11,255.00,257.63,255.00,256.52,6479300
2023/12/12,257.30,259.72,256.40,259.56,5946600
2023/12/13,259.15,262.48,258.69,262.38,4859900
2023/12/14,263.19,263.25,256.40,258.73,8168700
2023/12/15,254.51,258.37,254.45,258.03,13374000
2023/12/18,258.70,259.59,257.95,258.37,6041100
2023/12/19,258.61,260.34,257.20,259.99,8731200
2023/12/20,260.50,260.82,257.08,257.11,7240900
2023/12/21,257.51,259.99,257.04,259.54,6246700
2023/12/22,260.00,261.21,258.22,258.43,5111500
2023/12/25,260.00,261.21,258.22,258.43,5111500
2023/12/26,258.53,259.74,258.53,259.16,2085100
2023/12/27,259.25,259.77,258.31,258.93,4034700
2023/12/28,258.54,260.97,258.54,260.40,3020500
2023/12/29,260.57,261.46,259.67,260.35,4074900
2024/1/1,260.57,261.46,259.67,260.35,4074900
2024/1/2,259.61,260.09,257.67,258.87,5471000
2024/1/3,258.55,258.86,256.86,257.98,4148300
2024/1/4,258.07,261.04,258.00,259.61,3843000
2024/1/5,260.78,261.46,258.75,259.69,3748400
2024/1/8,260.94,262.62,259.95,262.54,4659000
2024/1/9,262.00,263.62,261.14,263.33,7055800
2024/1/10,264.97,265.37,262.86,264.56,4355800
2024/1/11,265.46,266.19,262.40,264.03,5599000
2024/1/12,265.13,265.55,263.71,264.17,4656100
2024/1/15,265.13,265.55,263.71,264.17,4656100
2024/1/16,263.52,265.66,262.35,265.24,6196400
2024/1/17,264.42,267.10,264.39,266.63,5118700
2024/1/18,267.88,268.78,266.42,268.14,6694300
2024/1/19,268.18,271.15,267.05,270.90,7226500
2024/1/22,272.24,272.35,270.36,271.20,5984300
2024/1/23,271.55,271.87,269.91,271.26,5883000
2024/1/24,272.57,272.86,271.08,271.65,5021700
2024/1/25,271.95,272.78,270.80,272.61,6894900
2024/1/26,265.94,270.87,265.60,267.94,8586500
2024/1/29,266.97,275.07,266.71,273.66,6574500
2024/1/30,274.59,278.64,274.19,277.15,6549000
2024/1/31,277.12,279.99,273.18,273.26,6139300
2024/2/1,273.39,277.19,273.36,277.05,7065000
2024/2/2,277.61,278.50,275.68,277.18,4848700
2024/2/5,277.40,278.00,275.13,275.58,4899100
2024/2/6,274.80,276.88,274.03,276.76,4400000
2024/2/7,279.38,279.54,277.06,279.39,4785900
2024/2/8,279.54,279.66,275.28,275.78,5833400
2024/2/9,275.00,277.18,274.09,276.43,4618300
2024/2/12,276.43,276.67,274.24,275.07,3676200
2024/2/13,273.75,278.00,272.76,275.81,5493800
2024/2/14,276.47,277.64,274.71,277.56,4218400
2024/2/15,277.65,281.12,277.56,280.98,4834800
2024/2/16,280.96,281.12,277.87,278.56,6630700
2024/2/19,280.96,281.12,277.87,278.56,6630700
2024/2/20,274.57,276.84,273.34,275.15,6157200
2024/2/21,274.63,276.97,273.53,276.76,4770100
2024/2/22,279.18,284.06,278.98,283.75,5100200
2024/2/23,284.72,285.95,283.50,283.60,5107700
2024/2/26,283.04,285.35,282.66,284.15,3856900
2024/2/27,284.17,284.17,281.54,283.17,4145200
2024/2/28,282.10,286.13,282.08,285.63,4358800
2024/2/29,285.50,285.66,282.18,282.64,6633700
2024/3/1,283.20,284.91,282.11,283.16,3955700
2024/3/4,282.81,283.00,278.13,280.53,5920300
2024/3/5,280.27,280.99,277.68,279.38,6227900
2024/3/6,280.00,282.00,279.31,280.43,4535200
2024/3/7,280.88,281.17,276.16,278.26,5668500
2024/3/8,279.00,281.67,278.83,280.04,3928800
2024/3/11,279.45,280.77,277.99,280.56,4614000
2024/3/12,281.31,284.48,280.29,283.92,7988700
2024/3/13,284.66,286.10,283.82,285.14,5783800
2024/3/14,288.96,289.04,284.55,286.41,5484500
2024/3/15,283.55,285.63,282.64,283.04,9845000
2024/3/18,283.87,286.23,283.25,285.05,4095600
2024/3/19,286.66,288.06,285.25,287.35,6595200
2024/3/20,287.64,289.87,286.72,289.28,6105000
2024/3/21,289.97,290.96,287.90,290.37,5057600
2024/3/22,290.00,290.49,282.89,283.26,8744100
2024/3/25,283.01,283.50,280.04,281.21,8519200
2024/3/26,284.13,284.13,278.41,280.60,8752400
2024/3/27,280.25,281.25,276.98,279.02,5190700
2024/3/28,278.49,279.80,277.12,279.08,5844400
2024/3/29,278.49,279.80,277.12,279.08,5844400
2024/4/1,280.36,280.89,276.79,278.28,5084000
2024/4/2,278.00,279.33,276.98,278.44,6912300
2024/4/3,280.48,280.48,276.56,276.96,4536600
2024/4/4,278.36,279.08,273.56,274.00,4018600
2024/4/5,276.10,277.96,275.03,277.14,4392100
2024/4/8,276.25,277.98,275.15,277.76,5542400
2024/4/9,277.63,278.00,273.32,276.72,7313900
2024/4/10,275.42,276.82,274.12,274.48,5276000
2024/4/11,274.00,276.48,272.18,275.68,8102300
2024/4/12,275.55,277.00,274.06,275.96,9038400
2024/4/15,277.89,277.91,270.34,271.28,10267500
2024/4/16,270.54,274.13,270.17,271.35,8237100
2024/4/17,273.30,274.00,271.50,272.69,5940900
2024/4/18,272.57,273.15,269.86,271.37,8231800
2024/4/19,271.47,272.00,268.29,269.78,7905400
2024/4/22,270.95,273.76,269.36,272.33,6463700
2024/4/23,274.01,274.89,272.71,274.11,6438000
2024/4/24,282.57,283.00,274.49,275.02,8807200
2024/4/25,272.97,276.22,270.49,275.16,8064600
2024/4/26,275.01,276.77,273.83,274.52,6840600
2024/4/29,272.32,274.47,271.09,271.84,4128600
2024/4/30,270.53,272.08,268.58,268.61,6376400
2024/5/1,268.15,270.91,266.71,267.32,6119900
2024/5/2,269.35,269.47,266.65,267.61,5061700
2024/5/3,269.00,269.45,266.50,268.49,3862000
2024/5/6,269.65,272.78,269.57,272.67,3958700
2024/5/7,273.72,277.88,272.83,276.46,6377100
2024/5/8,277.80,278.55,274.92,277.19,9029700
2024/5/9,276.80,278.79,276.40,278.54,8948800
2024/5/10,279.55,281.03,279.24,280.74,8986400
2024/5/13,281.46,282.15,279.10,279.39,10528400
2024/5/14,279.44,279.99,274.27,277.74,18526100
2024/5/15,277.15,281.73,277.07,281.50,21288400
2024/5/16,281.74,282.38,279.26,279.84,10341500
2024/5/17,280.05,280.91,278.10,280.10,6177800
2024/5/20,279.22,280.27,278.18,278.54,5460900
2024/5/21,278.00,278.43,274.88,275.95,6578200
2024/5/22,275.53,278.08,275.12,275.58,4202500
2024/5/23,275.24,277.44,273.03,274.23,6115900
2024/5/24,275.01,275.24,273.35,274.49,4339700
2024/5/27,275.01,275.24,273.35,274.49,4339700
2024/5/28,274.23,274.46,270.23,270.98,6212100
2024/5/29,269.00,271.14,268.26,268.86,5469700
2024/5/30,268.70,271.64,268.31,271.30,4901900
2024/5/31,271.44,272.76,269.01,272.46,8910000
2024/6/3,273.09,273.13,268.06,270.38,4838800
2024/6/4,269.63,272.99,269.31,272.42,4188500
2024/6/5,273.53,274.93,272.02,274.50,5368700
2024/6/6,274.80,277.15,274.08,277.04,4862400
2024/6/7,277.71,280.33,276.86,278.67,4515600
2024/6/10,278.14,278.56,273.38,275.04,5213800
2024/6/11,274.54,274.86,272.22,274.67,6244600
2024/6/12,276.77,277.60,269.90,270.32,7536600
2024/6/13,270.32,271.86,269.32,271.19,7361200
2024/6/14,270.10,271.55,269.27,270.66,8537300
2024/6/17,269.00,271.83,269.00,271.17,9258200
2024/6/18,271.30,273.90,271.30,273.62,6707500
2024/6/19,271.30,273.90,271.30,273.62,6707500
2024/6/20,273.19,278.04,273.10,276.82,10164400
2024/6/21,277.17,277.54,274.58,275.22,14594700
2024/6/24,275.32,280.39,275.27,276.30,24149600
2024/6/25,276.85,277.93,273.53,273.53,18325800
2024/6/26,272.91,274.46,271.75,273.60,12172000
2024/6/27,268.51,270.59,266.50,266.59,10529100
2024/6/28,267.20,268.60,261.25,262.47,13957300
2024/7/1,263.79,265.77,261.30,263.24,7955800
2024/7/2,263.24,268.23,262.40,268.23,8697800
2024/7/3,269.07,269.75,268.15,268.99,5017800
2024/7/4,269.07,269.75,268.15,268.99,5017800
2024/7/5,269.00,270.55,268.24,270.36,7986400
2024/7/8,270.25,271.44,265.97,266.40,8561100
2024/7/9,267.00,267.55,263.92,265.44,6431300
2024/7/10,259.12,263.48,258.51,263.00,9635500
2024/7/11,262.13,263.63,260.76,262.55,8803600
2024/7/12,264.34,267.40,263.66,265.74,6627800
2024/7/15,265.67,269.24,265.25,268.45,6845200
2024/7/16,268.52,270.21,267.37,269.25,7869900
2024/7/17,268.44,272.91,268.24,272.70,5324700
2024/7/18,272.29,273.62,268.56,269.15,5550800
2024/7/19,270.32,270.95,264.31,265.46,6839900
2024/7/22,267.23,268.40,265.02,267.71,5313600
2024/7/23,267.53,267.70,263.86,264.79,8109200
2024/7/24,256.07,257.20,253.13,254.17,13065900
2024/7/25,255.39,258.22,252.70,253.74,8573300
2024/7/26,255.59,261.20,255.59,259.46,7062200
2024/7/29,260.32,262.71,258.58,261.60,6068100
2024/7/30,263.23,264.30,261.01,263.10,5941800
2024/7/31,264.54,266.36,264.25,265.67,7642500
2024/8/1,266.33,267.00,264.18,265.93,7269700
2024/8/2,263.83,267.96,262.88,266.58,7017900
2024/8/5,261.45,262.92,254.51,256.44,9631300
2024/8/6,256.50,260.49,255.77,258.26,21586800
2024/8/7,259.66,262.03,256.31,256.52,12908600
2024/8/8,258.13,260.45,257.92,259.83,8223700
2024/8/9,259.17,261.52,259.01,259.76,7228100
2024/8/12,260.50,261.60,259.24,259.89,26769400
2024/8/13,260.13,261.68,259.27,260.13,12005700
2024/8/14,260.87,261.50,258.74,261.14,8552300
2024/8/15,262.84,267.39,262.84,266.80,7397800
2024/8/16,266.85,268.44,265.39,267.38,5111100
2024/8/19,267.42,268.31,265.23,266.47,6555900
2024/8/20,267.00,268.04,265.78,268.04,6803600
2024/8/21,268.56,269.27,267.39,268.20,6639700
2024/8/22,268.94,269.50,266.57,267.94,4425200
2024/8/23,268.70,269.21,265.31,267.44,3697400
2024/8/26,267.72,270.37,267.67,268.21,4612200
2024/8/27,268.52,270.95,267.89,270.72,6594100
2024/8/28,271.16,271.98,267.67,269.19,5455100
2024/8/29,270.98,275.99,270.45,274.32,5565100
2024/8/30,275.00,276.99,274.26,276.37,6296100
2024/9/2,275.00,276.99,274.26,276.37,6296100
2024/9/3,276.37,282.09,276.37,278.54,7278300
2024/9/4,278.71,281.65,278.70,280.49,6107500
2024/9/5,281.00,281.50,277.41,278.62,6447400
2024/9/6,277.77,280.28,277.43,279.37,7187700
2024/9/9,282.09,286.97,281.65,285.61,10933900
2024/9/10,285.93,286.40,283.57,285.34,5314400
2024/9/11,285.02,285.17,278.30,283.96,6281800
2024/9/12,284.00,286.00,281.47,285.37,4160800
2024/9/13,286.49,288.74,285.55,287.35,4987600
2024/9/16,288.05,290.90,287.74,290.48,4458900
2024/9/17,290.90,293.07,290.08,291.56,5135700
2024/9/18,291.84,292.02,288.13,288.48,5890000
2024/9/19,291.09,291.48,282.87,285.24,10382100
2024/9/20,285.50,287.00,283.25,284.77,27810900
2024/9/23,284.90,288.88,284.62,288.63,6505600
2024/9/24,280.18,281.00,272.71,272.78,13690200
2024/9/25,274.19,274.25,268.23,269.63,11671300
2024/9/26,270.50,273.24,270.00,271.69,9552500
2024/9/27,273.16,277.98,272.78,275.17,6509600
2024/9/30,275.00,275.69,273.20,274.95,5969900
2024/10/1,276.97,279.06,274.36,277.60,5781600
2024/10/2,276.57,277.64,275.37,277.00,4741600
2024/10/3,276.67,277.69,275.84,276.86,3036700
2024/10/4,277.35,278.44,275.10,277.93,4259300
2024/10/7,277.60,277.62,273.24,273.79,4339300
2024/10/8,274.71,276.10,274.01,274.96,4370900
2024/10/9,275.00,277.49,274.42,276.93,4115800
2024/10/10,276.78,277.67,275.35,277.47,4063900
2024/10/11,276.04,278.80,275.37,277.84,4746300
2024/10/14,279.08,281.37,277.99,280.68,3996600
2024/10/15,281.00,282.64,278.83,279.29,5807000
2024/10/16,278.62,287.60,278.35,287.52,9442700
2024/10/17,288.57,290.93,287.61,290.39,8815800
2024/10/18,289.92,291.04,288.08,290.62,5350900
2024/10/21,289.60,290.44,286.33,286.85,6313100
2024/10/22,285.05,286.53,283.53,284.79,5736500
2024/10/23,286.04,286.06,283.53,283.76,5249300
2024/10/24,282.39,283.62,281.73,283.22,4679900
2024/10/25,284.00,285.09,280.78,281.73,4464600
2024/10/28,282.04,284.64,281.53,284.19,4306200
2024/10/29,284.27,285.70,281.35,281.88,7534800
2024/10/30,292.34,295.78,288.33,290.16,9606800
2024/10/31,292.09,296.34,289.62,289.85,7950200
2024/11/1,288.49,292.67,287.19,290.74,5470700
2024/11/4,291.55,293.15,290.76,291.85,4281600
2024/11/5,291.71,294.78,291.58,293.29,3753700
2024/11/6,306.32,309.00,302.82,307.40,10320500
2024/11/7,307.50,307.63,304.42,305.80,6237300
2024/11/8,306.89,311.15,305.69,307.87,6240600
2024/11/11,310.09,312.44,309.30,310.92,4674100
2024/11/12,309.04,310.55,308.11,309.85,4616400
2024/11/13,309.49,310.95,307.84,309.48,4046400
2024/11/14,309.30,311.29,307.83,308.25,4415800
2024/11/15,307.56,310.72,306.66,309.64,5106300
2024/11/18,309.48,312.41,308.70,312.16,4585600
2024/11/19,310.00,312.23,308.51,311.85,4885500
2024/11/20,311.86,312.29,306.22,307.39,6349900
2024/11/21,307.30,310.92,306.65,309.90,5757100
2024/11/22,307.97,311.59,307.90,309.92,5919200
2024/11/25,311.86,313.66,309.86,313.19,14189300
2024/11/26,314.20,314.50,311.54,311.82,7071500
2024/11/27,310.77,316.37,309.49,314.70,5204300
2024/11/28,310.77,316.37,309.49,314.70,5204300
2024/11/29,314.29,316.25,313.70,315.08,3853300
2024/12/2,316.90,317.42,313.71,316.65,5597500
2024/12/3,317.10,317.32,312.77,313.01,5009900
2024/12/4,312.42,312.85,308.80,309.90,5981800
2024/12/5,309.98,311.09,308.83,309.08,5200100
2024/12/6,308.87,312.56,308.80,311.01,4302700
2024/12/9,311.83,313.01,307.64,308.30,5785300
2024/12/10,307.36,312.98,306.64,312.38,4539500
2024/12/11,313.04,315.55,311.21,313.79,4321800
2024/12/12,314.82,315.55,313.43,314.23,3218500
2024/12/13,315.83,316.95,314.34,314.74,4682200
2024/12/16,314.74,317.56,314.10,315.89,6562500
2024/12/17,315.82,318.84,315.14,318.30,8843900
2024/12/18,318.50,321.62,309.56,309.78,10479200
2024/12/19,311.83,316.87,311.23,314.88,8317100
2024/12/20,313.57,320.00,312.28,317.71,24387000
2024/12/23,315.65,317.97,313.35,317.22,7984600
2024/12/24,318.17,321.54,317.28,320.65,2684100
2024/12/25,318.17,321.54,317.28,320.65,2684100
2024/12/26,319.77,321.45,319.46,320.91,2856000
2024/12/27,319.27,321.50,317.56,318.66,3489200
2024/12/30,314.68,317.11,313.23,315.31,3478500
2024/12/31,316.12,317.66,315.19,316.04,3963800
2025/1/1,316.12,317.66,315.19,316.04,3963800
2025/1/2,317.78,319.68,312.41,314.40,5369500
2025/1/3,314.18,315.92,312.01,314.91,4271300
2025/1/6,315.01,315.39,312.07,313.04,6567300
2025/1/7,312.89,315.19,311.32,311.67,4958600
2025/1/8,311.00,314.04,310.21,312.60,5161600
2025/1/9,311.00,314.04,310.21,312.60,5161600
2025/1/10,311.20,311.85,305.99,307.71,6660100
2025/1/13,305.00,306.92,303.84,306.92,9568400
2025/1/14,308.75,310.16,307.52,309.09,5107600
2025/1/15,313.68,317.19,313.13,316.28,5222000
2025/1/16,315.75,319.18,315.75,317.25,4606700
2025/1/17,317.50,320.59,316.71,319.62,5805800
2025/1/20,317.50,320.59,316.71,319.62,5805800
2025/1/21,320.31,324.58,320.00,323.63,5653000
2025/1/22,324.77,325.74,322.38,323.56,5026500
2025/1/23,323.76,328.51,323.57,328.21,5297100
2025/1/24,328.02,331.09,327.81,330.20,4327500
2025/1/27,330.00,335.49,328.05,334.54,6636500
2025/1/28,334.67,337.83,332.89,334.48,5999600
2025/1/29,334.50,337.11,334.50,335.88,5087300
2025/1/30,339.51,344.44,339.00,343.05,8081300
2025/1/31,346.47,351.25,341.71,341.80,8624100
2025/2/3,340.00,346.00,339.24,345.82,8004500
2025/2/4,344.60,346.01,342.54,345.15,5532600
2025/2/5,346.00,349.48,345.25,349.44,4939100
2025/2/6,349.78,350.65,346.60,347.48,4294500
2025/2/7,348.00,350.75,347.21,348.02,4261200
2025/2/10,348.70,351.90,347.70,351.23,6067000
2025/2/11,348.30,352.12,346.25,350.72,5154800
2025/2/12,349.16,351.83,347.49,351.49,6760100
2025/2/13,353.12,356.08,350.73,355.63,4279200
2025/2/14,354.43,355.43,353.22,353.81,5720300
2025/2/17,354.43,355.43,353.22,353.81,5720300
2025/2/18,353.69,356.74,352.40,356.73,5822000
2025/2/19,356.02,357.15,354.18,355.23,4152300
2025/2/20,355.23,356.13,349.06,350.49,5697000
2025/2/21,350.49,353.32,347.48,348.53,6924100
2025/2/24,348.76,350.80,347.36,349.86,5055900
2025/2/25,351.37,352.59,346.00,352.09,6191900
2025/2/26,350.00,351.83,348.99,350.63,5960600
2025/2/27,351.90,360.31,351.68,355.74,7298100
2025/2/28,354.71,364.00,353.71,362.71,15857300
2025/3/3,363.00,366.54,359.54,361.82,9099600
2025/3/4,360.11,360.27,350.40,352.23,8955800
2025/3/5,350.83,354.11,348.94,352.68,8244200
2025/3/6,345.96,348.87,340.39,344.16,8611100
2025/3/7,340.87,346.39,339.14,345.32,6358700
2025/3/10,339.94,345.01,337.64,341.48,8204300
2025/3/11,338.41,339.61,329.58,332.14,9776100
2025/3/12,335.97,336.16,329.11,332.84,6295400
2025/3/13,330.99,336.20,327.70,328.55,7915300
2025/3/14,327.21,332.77,326.38,331.80,7810600
2025/3/17,330.03,336.11,329.76,334.55,6149400
2025/3/18,335.29,335.80,332.30,334.77,7778300
2025/3/19,336.80,341.03,334.50,339.87,5614900
2025/3/20,339.00,342.24,337.66,339.50,5432700
2025/3/21,337.37,339.43,335.52,335.66,17279700
2025/3/24,338.65,345.22,337.65,343.87,5675100
2025/3/25,344.56,345.53,340.67,344.62,3931200
2025/3/26,345.99,347.38,343.00,344.18,6187100
2025/3/27,344.00,350.84,343.32,349.86,7254800
2025/3/28,349.19,351.62,341.61,342.85,5687600
2025/3/31,339.35,351.86,334.49,350.46,9950800
2025/4/1,350.44,350.45,342.57,346.35,7473300
2025/4/2,343.44,348.20,343.05,346.33,5682500
2025/4/3,333.90,344.74,331.00,339.39,8792900
2025/4/4,330.00,334.65,312.12,313.13,13201700
2025/4/7,302.07,322.18,299.00,312.32,12163400
2025/4/8,322.24,326.28,303.93,308.27,9569300
2025/4/9,305.64,334.03,305.64,332.43,11361800
2025/4/10,328.02,330.16,313.27,324.61,8709800
2025/4/11,324.43,336.98,322.54,333.40,6804500
2025/4/14,336.41,339.61,333.14,335.18,5011800
2025/4/15,336.72,339.39,335.00,335.81,4386200
2025/4/16,335.00,337.22,328.86,331.33,5850600
2025/4/17,331.07,334.32,328.44,329.61,5655900
2025/4/18,331.07,334.32,328.44,329.61,5655900
2025/4/21,329.00,329.15,316.65,320.10,6362300
2025/4/22,323.86,332.56,322.39,331.40,5435500
2025/4/23,337.24,341.25,333.20,334.37,8906000
2025/4/24,333.28,336.77,331.25,335.71,8055200
2025/4/25,334.76,336.37,332.17,335.17,4452800
2025/4/28,336.78,339.34,335.02,337.51,5422900
2025/4/29,338.50,342.27,336.46,341.52,5519500
2025/4/30,334.44,346.52,333.24,345.50,9526700
2025/5/1,345.58,345.72,340.12,342.45,5849900
2025/5/2,347.22,350.09,346.12,347.60,6113700
2025/5/5,347.00,351.05,346.12,348.64,3865300
2025/5/6,346.40,349.65,345.76,347.70,3438500
2025/5/7,348.70,351.15,347.21,349.85,5454000
2025/5/8,352.00,355.33,350.95,351.27,4156400
2025/5/9,351.83,353.80,350.67,352.54,3086600
2025/5/12,359.14,361.89,351.13,355.85,7985400
2025/5/13,355.52,358.87,354.58,356.14,5406200
2025/5/14,356.67,358.41,355.21,356.46,6207600
2025/5/15,356.89,363.73,356.68,362.30,5826100
2025/5/16,362.95,366.19,360.89,365.12,5838100
2025/5/19,363.02,369.15,362.32,367.90,5081500
2025/5/20,367.78,368.25,364.69,366.84,5281400
2025/5/21,363.72,365.99,358.08,358.30,6125500
2025/5/22,357.76,360.00,356.56,357.97,4936600
2025/5/23,353.75,356.00,352.22,353.54,5345900
2025/5/26,353.75,356.00,352.22,353.54,5345900
2025/5/27,355.41,360.00,354.48,359.30,6316000
2025/5/28,359.34,360.91,358.04,359.73,3299000
2025/5/29,360.35,363.04,358.72,362.40,4590400
2025/5/30,361.35,367.04,361.35,365.19,8726900
2025/6/2,362.77,365.46,359.96,365.32,3845700
2025/6/3,364.58,366.88,361.50,365.86,5221300
2025/6/4,366.71,369.66,366.31,368.00,4202300
2025/6/5,370.00,371.00,365.93,366.77,6881900
2025/6/6,369.01,371.00,367.55,370.22,5008500
2025/6/9,369.79,369.79,362.05,366.66,4999900
2025/6/10,367.00,371.44,366.68,370.70,4109300
2025/6/11,370.00,375.51,369.38,373.31,5562700
2025/6/12,372.23,374.17,369.55,371.40,4874000
2025/6/13,361.51,363.01,345.00,352.85,14181700
2025/6/16,356.49,360.22,354.33,355.48,7234700
2025/6/17,353.49,359.60,353.32,357.84,5559600
2025/6/18,357.85,358.48,338.04,340.38,15008600
2025/6/19,357.85,358.48,338.04,340.38,15008600
2025/6/20,338.95,340.00,334.92,338.57,19332100
2025/6/23,337.50,344.30,335.63,343.75,7553300
2025/6/24,351.52,354.56,347.92,351.63,10172000
2025/6/25,350.45,351.29,345.26,345.26,6836300
2025/6/26,343.78,346.91,342.03,346.03,8829500
2025/6/27,346.59,352.01,345.66,348.61,6601900
2025/6/30,349.35,355.61,349.06,355.05,7080100
2025/7/1,353.82,357.00,351.42,355.47,6653400
2025/7/2,354.60,356.36,350.00,354.22,5131400
2025/7/3,354.59,359.00,353.61,358.86,3702800
2025/7/4,354.59,359.00,353.61,358.86,3702800
2025/7/7,358.92,359.66,354.49,356.64,5138000
2025/7/8,356.68,358.28,353.25,354.55,6966800
2025/7/9,355.07,357.76,353.75,357.76,7297100
2025/7/10,356.83,357.62,353.45,355.88,6121300
2025/7/11,352.51,353.81,344.39,347.93,7580200
2025/7/14,347.39,351.97,345.01,350.50,5598900
2025/7/15,348.12,350.21,346.76,347.02,4891700
2025/7/16,347.29,350.67,345.80,349.90,5544200
2025/7/17,350.00,351.37,348.48,349.81,4747100
2025/7/18,349.50,349.50,347.16,349.05,4927600
2025/7/21,349.06,353.65,348.40,350.94,5216300
2025/7/22,351.10,354.48,350.20,351.86,4614200
2025/7/23,353.00,355.78,351.21,355.29,4385600
2025/7/24,354.82,357.18,353.86,353.97,5887200
2025/7/25,354.00,357.65,353.01,357.04,3915400
2025/7/28,356.38,358.32,354.73,355.47,3921000
2025/7/29,356.29,358.32,350.81,351.29,7402300
2025/7/30,351.70,356.62,347.23,350.91,12129700
2025/7/31,348.93,352.82,345.09,345.47,8641700
2025/8/1,344.10,346.17,338.10,339.35,8658700
2025/8/4,341.70,344.38,340.00,342.15,7335300
2025/8/5,342.15,342.46,335.55,337.43,7295600
2025/8/6,338.30,341.43,335.43,339.74,5944100
2025/8/7,341.43,342.15,328.70,332.09,8797100
2025/8/8,333.68,337.38,332.73,336.78,6073900
2025/8/11,336.73,337.86,334.51,335.90,5715800
2025/8/12,335.20,338.65,334.81,336.74,5682800
2025/8/13,336.98,343.48,336.78,342.55,5693400
2025/8/14,342.94,346.08,341.67,345.49,6224000
2025/8/15,346.25,348.36,342.86,344.47,4946600
2025/8/18,343.84,345.73,340.95,342.74,3999600
2025/8/19,342.56,346.34,341.89,342.45,4457200
2025/8/20,343.40,347.44,342.85,343.93,5834400
2025/8/21,342.89,344.52,339.72,343.69,6073600
2025/8/22,345.22,351.20,345.22,350.04,4973200
2025/8/25,349.61,350.72,347.50,348.82,8019800
2025/8/26,348.69,353.40,347.45,351.18,5876200
2025/8/27,350.71,353.43,349.84,350.35,5531100
2025/8/28,350.60,351.04,348.60,349.86,4987100
2025/8/29,350.46,352.63,349.00,351.78,3671900
2025/9/1,350.46,352.63,349.00,351.78,3671900
2025/9/2,349.31,350.17,346.08,350.07,4940300
2025/9/3,349.34,350.89,347.26,350.87,4176400
2025/9/4,350.73,352.63,349.15,350.99,4324000
2025/9/5,351.38,352.62,340.20,343.22,5448300
2025/9/8,342.34,344.38,341.00,342.30,4711600
2025/9/9,341.69,346.32,341.29,343.99,4646200
2025/9/10,342.61,342.61,336.44,338.12,6557900
2025/9/11,338.73,343.53,337.87,343.49,5157600
2025/9/12,341.22,343.19,339.17,339.43,3518300
2025/9/15,340.61,342.71,338.39,339.05,4367500
2025/9/16,336.24,340.54,333.47,340.03,5527700
2025/9/17,339.94,346.20,339.52,346.20,5763500
2025/9/18,344.73,345.27,338.18,338.18,7526600
2025/9/19,340.45,342.69,338.25,341.61,13674300
2025/9/22,339.01,344.86,338.66,344.36,5621800
2025/9/23,344.59,345.26,337.63,338.70,10142700
2025/9/24,339.13,339.90,337.92,338.68,5207400
2025/9/25,338.35,340.20,334.51,334.93,5398700
2025/9/26,337.23,339.50,336.23,337.37,9619200
2025/9/29,337.38,340.64,335.55,340.16,7217800
2025/9/30,339.82,345.61,338.51,341.38,8164400
2025/10/1,340.31,349.36,340.31,347.83,8381000
2025/10/2,346.22,347.18,343.56,345.95,5198000
2025/10/3,346.11,353.16,346.00,349.84,5199700
2025/10/6,350.01,351.12,344.35,349.28,4735600
2025/10/7,350.06,354.44,350.06,352.42,5044600
2025/10/8,353.78,355.00,351.10,351.36,3927500
2025/10/9,351.47,352.87,345.58,347.04,4434800
2025/10/10,347.63,350.40,343.25,343.65,6296200
2025/10/13,343.72,347.66,340.73,343.30,4030700
2025/10/14,341.00,350.01,340.22,348.38,5731000
2025/10/15,348.38,350.08,344.00,345.69,3778200
2025/10/16,345.00,345.69,334.17,335.40,6241500
2025/10/17,337.77,343.45,337.00,341.89,6267100
2025/10/20,341.90,344.96,338.94,344.41,4665000
2025/10/21,343.12,349.65,343.00,347.21,4121800
2025/10/22,347.82,348.17,344.50,345.36,5074400
2025/10/23,346.20,347.15,344.46,345.96,7217200
2025/10/24,348.20,349.08,345.32,347.38,3576700
2025/10/27,349.00,349.52,345.01,347.82,5400300
2025/10/28,348.58,349.89,346.50,346.90,7445400
2025/10/29,346.00,350.98,339.00,341.28,8361700
2025/10/30,342.22,349.72,341.79,345.03,6411800
2025/10/31,342.08,343.00,338.17,340.74,7301600
2025/11/3,341.00,341.21,334.82,336.90,5538000
2025/11/4,336.48,340.32,334.25,340.30,5920200
2025/11/5,340.13,342.11,336.36,340.04,4984600
2025/11/6,338.59,338.65,333.71,336.96,8507900
2025/11/7,336.73,338.29,334.85,336.02,5318400
2025/11/10,336.65,338.68,334.32,334.85,5295800
2025/11/11,335.50,339.09,333.20,338.92,4453300
2025/11/12,338.25,344.26,337.40,338.88,6389600
2025/11/13,339.04,341.46,335.60,336.08,4961700
2025/11/14,335.89,336.08,329.03,330.02,6422300
2025/11/17,331.16,333.36,324.93,325.75,6494800
2025/11/18,324.50,325.00,318.00,321.18,9170400
2025/11/19,321.52,324.57,319.87,324.12,7066700
2025/11/20,324.12,328.40,323.14,323.77,6510300
2025/11/21,325.38,331.08,324.29,327.98,8930000
2025/11/24,329.24,330.73,326.00,329.30,9337100
2025/11/25,328.90,336.06,328.90,334.53,5854300
2025/11/26,334.53,335.71,333.06,333.79,4309900
2025/11/27,334.53,335.71,333.06,333.79,4309900
2025/11/28,333.43,335.02,332.00,334.44,4586200
2025/12/1,332.94,333.30,330.14,330.39,7082300
2025/12/2,331.45,332.80,327.21,329.62,8201900
2025/12/3,329.61,332.35,329.35,329.61,6296700
2025/12/4,331.28,332.38,324.28,327.10,6277500
2025/12/5,326.83,334.11,326.40,331.24,5266600
2025/12/8,329.88,331.34,324.71,326.84,6059400
2025/12/9,326.61,328.23,325.07,326.50,4325400
2025/12/10,326.64,328.76,325.30,325.73,5467500
2025/12/11,332.60,347.32,330.06,345.63,12953600
2025/12/12,348.00,349.84,345.97,347.83,6942300
2025/12/15,347.83,348.45,343.83,346.89,7004600
2025/12/16,346.00,347.62,343.72,345.11,7269300
2025/12/17,345.55,347.79,343.68,344.41,7263500
2025/12/18,345.17,347.53,344.27,346.01,6805000
2025/12/19,346.05,349.91,346.05,349.25,18623900
2025/12/22,350.00,353.44,349.59,352.09,5043500
2025/12/23,352.00,356.38,352.00,353.38,3703200
2025/12/24,353.38,355.99,353.01,355.14,2023600
2025/12/25,353.38,355.99,353.01,355.14,2023600
2025/12/26,355.10,356.73,353.71,355.00,2017000
2025/12/29,355.49,356.55,353.80,354.61,3989900
2025/12/30,354.00,354.87,352.66,353.62,3366500
2025/12/31,353.65,355.20,350.69,350.71,3503200
2026/1/1,353.65,355.20,350.69,350.71,3503200
2026/1/2,349.87,350.05,343.48,346.48,5403800
2026/1/5,344.50,357.54,344.05,353.80,7592200
2026/1/6,353.68,358.62,352.00,357.56,6775400
2026/1/7,357.15,358.28,354.51,355.88,6333900
2026/1/8,355.00,356.35,349.50,352.23,6357600
2026/1/9,352.16,354.70,349.16,349.77,4902900
2026/1/12,342.78,346.51,337.32,343.20,13281300
2026/1/13,337.00,337.52,323.83,327.88,20383500
2026/1/14,328.66,329.90,323.94,329.17,9388400
2026/1/15,329.33,331.69,326.37,327.75,8587700
2026/1/16,326.78,329.25,325.40,328.30,8341600
2026/1/19,326.78,329.25,325.40,328.30,8341600
2026/1/20,322.23,328.32,321.56,325.82,8279900
2026/1/21,326.43,328.67,323.00,325.28,8974600
2026/1/22,326.46,328.39,324.00,326.36,6938700
2026/1/23,325.86,327.80,324.62,326.18,5667900
2026/1/26,328.00,332.00,325.03,328.49,7540200
2026/1/27,328.48,328.93,324.91,325.26,6365800
2026/1/28,326.73,328.39,324.88,326.98,8106000
2026/1/29,330.00,333.36,323.51,331.80,10214200
2026/1/30,332.22,333.00,321.60,321.83,11199100
2026/2/2,324.83,334.69,324.11,333.84,8502400
2026/2/3,331.65,335.79,328.87,328.93,9081200
2026/2/4,327.11,331.31,324.42,329.95,8472300
2026/2/5,333.00,337.59,328.82,329.13,8339000
2026/2/6,331.78,335.13,327.10,331.58,7798800
2026/2/9,330.76,332.82,323.62,325.58,8513400
2026/2/10,324.71,329.88,324.55,328.17,5801800
2026/2/11,326.92,331.04,326.42,329.24,8264300
2026/2/12,328.89,332.24,324.00,324.18,9392600
2026/2/13,323.83,326.48,312.82,314.08,11653900
2026/2/16,323.83,326.48,312.82,314.08,11653900
2026/2/17,314.41,321.38,314.41,319.50,8591700
2026/2/18,319.50,322.28,316.72,320.30,7091900
2026/2/19,317.49,320.20,315.73,318.93,5967600
2026/2/20,318.11,322.35,317.82,320.95,6831100
2026/2/23,319.04,320.52,304.71,306.52,13048000
2026/2/24,305.50,309.27,303.08,307.22,9120200
2026/2/25,308.55,313.94,308.25,312.99,7624200
2026/2/26,314.48,319.42,313.94,316.70,8725500
2026/2/27,314.46,320.23,311.95,320.14,12412900
2026/3/2,315.50,322.60,314.60,320.51,6674900
2026/3/3,315.81,322.04,314.35,320.83,5474300
2026/3/4,321.44,325.77,319.80,320.47,5257900
2026/3/5,319.33,322.80,314.77,319.80,8267200
2026/3/6,316.05,317.69,312.30,317.36,6438700
2026/3/9,316.05,317.69,312.30,317.36,6438700
